Open Contracting ID,Entrega compilada:ID de Entrega,Entrega compilada:Contratos:ID del Contrato,Entrega compilada:Contratos:Artículos Contratados:ID,Entrega compilada:Contratos:Artículos Contratados:Clasificaciones adicionales:ID,Entrega compilada:Contratos:Artículos Contratados:Clasificaciones adicionales:Descripción,Entrega compilada:Contratos:Artículos Contratados:Clasificaciones adicionales:Esquema
ocds-dgv273-seacev3-1230569,ocds-dgv273-seacev3-1230569-2026-09-23T10:18:06.846554-05:00,2413783,21321012,30111601,Cemento,UNSPSC
ocds-dgv273-seacev3-1193137,ocds-dgv273-seacev3-1193137-2026-09-23T10:18:02.684060-05:00,2390212,21215567,72141003,Servicios de mantenimiento de pistas y carreteras,UNSPSC
ocds-dgv273-seacev3-1193335,ocds-dgv273-seacev3-1193335-2026-09-23T10:18:02.643851-05:00,2400584,21238139,72141003,Servicios de mantenimiento de pistas y carreteras,UNSPSC
ocds-dgv273-seacev3-2026-2528-2,ocds-dgv273-seacev3-2026-2528-2-2026-09-23T10:18:02.564399-05:00,2424010,21238545,81101701,Servicios de ingeniería eléctrica,UNSPSC
ocds-dgv273-seacev3-1199066,ocds-dgv273-seacev3-1199066-2026-09-23T10:18:02.540942-05:00,2389225,21230671,72121406,Servicios de construcción de escuelas,UNSPSC
ocds-dgv273-seacev3-1195480,ocds-dgv273-seacev3-1195480-2026-09-23T10:18:02.506844-05:00,2387711,21221915,72141003,Servicios de mantenimiento de pistas y carreteras,UNSPSC
ocds-dgv273-seacev3-1195551,ocds-dgv273-seacev3-1195551-2026-09-23T10:18:02.488823-05:00,2424136,21222034,72121102,Servicios de construcción de edificios comerciales y de oficinas prefabricadas,UNSPSC
ocds-dgv273-seacev3-1196554,ocds-dgv273-seacev3-1196554-2026-09-23T10:17:53.204983-05:00,2416210,21224191,72141003,Servicios de mantenimiento de pistas y carreteras,UNSPSC
ocds-dgv273-seacev3-2026-1922-68,ocds-dgv273-seacev3-2026-1922-68-2026-09-23T10:17:53.156900-05:00,2413339,21222196,92101501,Servicios de vigilancia,UNSPSC
ocds-dgv273-seacev3-1199595,ocds-dgv273-seacev3-1199595-2026-09-23T10:17:53.108789-05:00,2387846,21232405,92101501,Servicios de vigilancia,UNSPSC
ocds-dgv273-seacev3-1200616,ocds-dgv273-seacev3-1200616-2026-09-23T10:17:53.080810-05:00,2408219,21235371,72141003,Servicios de mantenimiento de pistas y carreteras,UNSPSC
ocds-dgv273-seacev3-1222764,ocds-dgv273-seacev3-1222764-2026-09-23T10:17:42.068824-05:00,2406707,21299606,91111603,Servicios de cocina o preparación de comidas,UNSPSC
ocds-dgv273-seacev3-1218863,ocds-dgv273-seacev3-1218863-2026-09-23T10:17:41.681628-05:00,2403863,21287707,72141001,Servicios de construcción de pistas y carreteras nuevas,UNSPSC
ocds-dgv273-seacev3-1193323,ocds-dgv273-seacev3-1193323-2026-09-23T10:17:41.658670-05:00,2389279,21216287,72152605,Servicios de montaje y reparación de techos,UNSPSC
ocds-dgv273-seacev3-1203286,ocds-dgv273-seacev3-1203286-2026-09-23T10:17:41.605825-05:00,2403127,21244371,72153102,Servicios de construcción de campos deportivos interiores,UNSPSC
ocds-dgv273-seacev3-1196444,ocds-dgv273-seacev3-1196444-2026-09-23T10:17:41.551747-05:00,2404410,21223642,72121406,Servicios de construcción de escuelas,UNSPSC
ocds-dgv273-seacev3-1193063,ocds-dgv273-seacev3-1193063-2026-09-23T10:17:41.508348-05:00,2387694,21215441,72141003,Servicios de mantenimiento de pistas y carreteras,UNSPSC
ocds-dgv273-seacev3-1238356,ocds-dgv273-seacev3-1238356-2026-09-23T10:17:41.474780-05:00,2423915,21341520,72121406,Servicios de construcción de escuelas,UNSPSC
ocds-dgv273-seacev3-1193611,ocds-dgv273-seacev3-1193611-2026-09-23T10:17:41.457022-05:00,2390583,21216888,72141003,Servicios de mantenimiento de pistas y carreteras,UNSPSC
ocds-dgv273-seacev3-2026-2525-82,ocds-dgv273-seacev3-2026-2525-82-2026-09-23T10:17:41.416589-05:00,2414913,21235879,72121105,Servicios de construcción de centros comerciales y galerías,UNSPSC
ocds-dgv273-seacev3-1196146,ocds-dgv273-seacev3-1196146-2026-09-23T10:17:41.401281-05:00,2387560,21223049,72121406,Servicios de construcción de escuelas,UNSPSC
ocds-dgv273-seacev3-1195070,ocds-dgv273-seacev3-1195070-2026-09-23T10:17:30.864072-05:00,2423844,21220878,72121102,Servicios de construcción de edificios comerciales y de oficinas prefabricadas,UNSPSC
ocds-dgv273-seacev3-1194694,ocds-dgv273-seacev3-1194694-2026-09-23T10:17:30.839899-05:00,2390684,21219720,72141701,Servicio de arrendamiento o alquiler de maquinaria de construcción,UNSPSC
ocds-dgv273-seacev3-1199474,ocds-dgv273-seacev3-1199474-2026-09-23T10:17:30.779175-05:00,2383862,21231689,86101704,Capacitación de cadenas de suministro o aprovisionamiento,UNSPSC
ocds-dgv273-seacev3-1201144,ocds-dgv273-seacev3-1201144-2026-09-23T10:17:29.799637-05:00,2392230,21236848,15111510,Gas de petróleo licuefactado,UNSPSC
ocds-dgv273-seacev3-1218916,ocds-dgv273-seacev3-1218916-2026-09-23T10:17:19.444341-05:00,2406666,21287808,72141121,Servicios de construcción de tuberías principales de agua,UNSPSC
ocds-dgv273-seacev3-1198789,ocds-dgv273-seacev3-1198789-2026-09-23T10:17:19.311985-05:00,2390648,21229841,72153102,Servicios de construcción de campos deportivos interiores,UNSPSC
ocds-dgv273-seacev3-2026-1604-5,ocds-dgv273-seacev3-2026-1604-5-2026-09-23T10:17:19.233273-05:00,2393859,21233729,72153102,Servicios de construcción de campos deportivos interiores,UNSPSC
ocds-dgv273-seacev3-1232027,ocds-dgv273-seacev3-1232027-2026-09-23T10:17:10.229671-05:00,2420466,21324883,72141121,Servicios de construcción de tuberías principales de agua,UNSPSC
ocds-dgv273-seacev3-1232959,ocds-dgv273-seacev3-1232959-2026-09-23T10:17:10.012985-05:00,2424267,21327407,72151502,Servicios de instalación de sistemas de energía eléctrica,UNSPSC
ocds-dgv273-seacev3-1196409,ocds-dgv273-seacev3-1196409-2026-09-23T10:17:09.360284-05:00,2397206,21223625,81141807,Servicio de inspección de instalaciones sanitarias o alcantarillado,UNSPSC
ocds-dgv273-seacev3-2026-1731-39,ocds-dgv273-seacev3-2026-1731-39-2026-09-23T10:17:09.342074-05:00,2394158,21226950,72141003,Servicios de mantenimiento de pistas y carreteras,UNSPSC
ocds-dgv273-seacev3-2026-49-154,ocds-dgv273-seacev3-2026-49-154-2026-09-23T10:17:09.288892-05:00,2404847,21252102,72121403,Servicios de construcción de hospitales,UNSPSC
ocds-dgv273-seacev3-1199530,ocds-dgv273-seacev3-1199530-2026-09-23T10:17:09.264840-05:00,2402237,21231764,72121406,Servicios de construcción de escuelas,UNSPSC
ocds-dgv273-seacev3-1193699,ocds-dgv273-seacev3-1193699-2026-09-23T10:17:09.250234-05:00,2392331,21217189,81101508,Ingeniería arquitectónica,UNSPSC
ocds-dgv273-seacev3-2026-10490-25,ocds-dgv273-seacev3-2026-10490-25-2026-09-23T10:17:09.214018-05:00,2396961,21225173,92101501,Servicios de vigilancia,UNSPSC
ocds-dgv273-seacev3-1197612,ocds-dgv273-seacev3-1197612-2026-09-23T10:17:09.127742-05:00,2400648,21226500,30111601,Cemento,UNSPSC
ocds-dgv273-seacev3-1199994,ocds-dgv273-seacev3-1199994-2026-09-23T10:17:09.110073-05:00,2392033,21233282,72141701,Servicio de arrendamiento o alquiler de maquinaria de construcción,UNSPSC
ocds-dgv273-seacev3-1213911,ocds-dgv273-seacev3-1213911-2026-09-23T10:16:57.170798-05:00,2403417,21272037,72121408,Servicios de construcción de estadios,UNSPSC
ocds-dgv273-seacev3-1198326,ocds-dgv273-seacev3-1198326-2026-09-23T10:16:57.095996-05:00,2389070,21228340,15111510,Gas de petróleo licuefactado,UNSPSC
ocds-dgv273-seacev3-1198701,ocds-dgv273-seacev3-1198701-2026-09-23T10:16:56.992231-05:00,2393546,21229565,72121406,Servicios de construcción de escuelas,UNSPSC
ocds-dgv273-seacev3-1201212,ocds-dgv273-seacev3-1201212-2026-09-23T10:16:56.978354-05:00,2388104,21236965,41115805,Analizadores de gases sanguíneos,UNSPSC
ocds-dgv273-seacev3-1185616,ocds-dgv273-seacev3-1185616-2026-09-21T09:59:26.486100-05:00,2394366,21224827,72141107,Servicios de construcción y reparación de puentes,UNSPSC
ocds-dgv273-seacev3-1207343,ocds-dgv273-seacev3-1207343-2026-09-21T09:59:26.471298-05:00,2394076,21254006,72121406,Servicios de construcción de escuelas,UNSPSC
ocds-dgv273-seacev3-1195116,ocds-dgv273-seacev3-1195116-2026-09-18T10:23:18.054930-05:00,2390920,21220928,72141701,Servicio de arrendamiento o alquiler de maquinaria de construcción,UNSPSC
ocds-dgv273-seacev3-2026-420-7,ocds-dgv273-seacev3-2026-420-7-2026-09-18T10:23:17.904612-05:00,2388085,21220155,72141003,Servicios de mantenimiento de pistas y carreteras,UNSPSC
ocds-dgv273-seacev3-1198871,ocds-dgv273-seacev3-1198871-2026-09-18T10:23:17.857829-05:00,2392165,21230093,72152605,Servicios de montaje y reparación de techos,UNSPSC
ocds-dgv273-seacev3-1235597,ocds-dgv273-seacev3-1235597-2026-09-18T10:23:10.803799-05:00,2418986,21334673,81101515,Ingeniería de infraestructura de plantas o instalaciones,UNSPSC
ocds-dgv273-seacev3-2026-200-18,ocds-dgv273-seacev3-2026-200-18-2026-09-18T10:23:06.984524-05:00,2388275,21214157,81101508,Ingeniería arquitectónica,UNSPSC
ocds-dgv273-seacev3-1194818,ocds-dgv273-seacev3-1194818-2026-09-18T10:23:06.862535-05:00,2390890,21220141,72141003,Servicios de mantenimiento de pistas y carreteras,UNSPSC
ocds-dgv273-seacev3-1229537,ocds-dgv273-seacev3-1229537-2026-09-18T10:22:56.379805-05:00,2411013,21318352,72121501,Servicios de construcción de plantas químicas,UNSPSC
ocds-dgv273-seacev3-1197617,ocds-dgv273-seacev3-1197617-2026-09-18T10:22:55.672758-05:00,2397757,21226526,72141121,Servicios de construcción de tuberías principales de agua,UNSPSC
ocds-dgv273-seacev3-1199746,ocds-dgv273-seacev3-1199746-2026-09-18T10:22:55.463653-05:00,2391516,21232685,72153102,Servicios de construcción de campos deportivos interiores,UNSPSC
ocds-dgv273-seacev3-1200046,ocds-dgv273-seacev3-1200046-2026-09-18T10:22:44.229846-05:00,2394570,21233323,72141701,Servicio de arrendamiento o alquiler de maquinaria de construcción,UNSPSC
ocds-dgv273-seacev3-1197561,ocds-dgv273-seacev3-1197561-2026-09-18T10:22:44.197249-05:00,2400035,21226280,72141121,Servicios de construcción de tuberías principales de agua,UNSPSC
ocds-dgv273-seacev3-1194495,ocds-dgv273-seacev3-1194495-2026-09-18T10:22:44.180657-05:00,2392554,21219289,72121406,Servicios de construcción de escuelas,UNSPSC
ocds-dgv273-seacev3-1196631,ocds-dgv273-seacev3-1196631-2026-09-18T10:22:44.163112-05:00,2394282,21224719,72141001,Servicios de construcción de pistas y carreteras nuevas,UNSPSC
ocds-dgv273-seacev3-1193088,ocds-dgv273-seacev3-1193088-2026-09-18T10:22:44.146288-05:00,2386012,21215463,72121407,Servicios de construcción de mausoleos,UNSPSC
ocds-dgv273-seacev3-1196478,ocds-dgv273-seacev3-1196478-2026-09-18T10:22:44.111509-05:00,2393173,21223646,72153102,Servicios de construcción de campos deportivos interiores,UNSPSC
ocds-dgv273-seacev3-1195691,ocds-dgv273-seacev3-1195691-2026-09-18T10:22:32.637007-05:00,2384045,21226456,72141001,Servicios de construcción de pistas y carreteras nuevas,UNSPSC
ocds-dgv273-seacev3-1231083,ocds-dgv273-seacev3-1231083-2026-09-18T10:22:28.409970-05:00,2421902,21322553,50131702,Leche o productos de mantequilla estables sin refrigerar,UNSPSC
ocds-dgv273-seacev3-1231083,ocds-dgv273-seacev3-1231083-2026-09-18T10:22:28.409970-05:00,2423350,21322554,50192109,"Papas fritas en hojuelas y al hilo, mix de bocaditos o galletas saladas",UNSPSC
ocds-dgv273-seacev3-1195018,ocds-dgv273-seacev3-1195018-2026-09-18T10:22:22.162905-05:00,2391563,21220387,78101805,Servicio de alquiler de camión pipa y tráiler,UNSPSC
ocds-dgv273-seacev3-2026-200407-8,ocds-dgv273-seacev3-2026-200407-8-2026-09-18T10:22:22.144854-05:00,2406389,21216021,91111603,Servicios de cocina o preparación de comidas,UNSPSC
ocds-dgv273-seacev3-1198537,ocds-dgv273-seacev3-1198537-2026-09-18T10:22:22.092696-05:00,2396764,21229024,72121407,Servicios de construcción de mausoleos,UNSPSC
ocds-dgv273-seacev3-2026-1003011158-4,ocds-dgv273-seacev3-2026-1003011158-4-2026-09-18T10:22:22.074580-05:00,2387770,21213557,72153103,Servicios de construcción de patios de recreo e instalación de equipos,UNSPSC
ocds-dgv273-seacev3-1198717,ocds-dgv273-seacev3-1198717-2026-09-18T10:22:21.948884-05:00,2399122,21229742,81101508,Ingeniería arquitectónica,UNSPSC
ocds-dgv273-seacev3-1197540,ocds-dgv273-seacev3-1197540-2026-09-18T10:22:21.886266-05:00,2392059,21226245,72141003,Servicios de mantenimiento de pistas y carreteras,UNSPSC
ocds-dgv273-seacev3-1198502,ocds-dgv273-seacev3-1198502-2026-09-18T10:22:21.871107-05:00,2389508,21228727,85101503,Servicio para administrar consultorios médicos,UNSPSC
ocds-dgv273-seacev3-1194399,ocds-dgv273-seacev3-1194399-2026-09-18T10:22:21.834325-05:00,2410371,21218922,72153102,Servicios de construcción de campos deportivos interiores,UNSPSC
ocds-dgv273-seacev3-1194323,ocds-dgv273-seacev3-1194323-2026-09-18T10:22:10.508254-05:00,2393308,21218818,24101601,Ascensores,UNSPSC
ocds-dgv273-seacev3-2026-1642-15,ocds-dgv273-seacev3-2026-1642-15-2026-09-18T10:22:10.491456-05:00,2397317,21238120,72121408,Servicios de construcción de estadios,UNSPSC
ocds-dgv273-seacev3-2026-1586-3,ocds-dgv273-seacev3-2026-1586-3-2026-09-18T10:22:10.452318-05:00,2391567,21238686,72154013,Servicios de construcción de cercos,UNSPSC
ocds-dgv273-seacev3-2026-1214-11,ocds-dgv273-seacev3-2026-1214-11-2026-09-18T10:22:10.403345-05:00,2386176,21216500,72121101,Servicios de construcción de nuevos edificios comerciales y de oficinas,UNSPSC
ocds-dgv273-seacev3-1217419,ocds-dgv273-seacev3-1217419-2026-09-17T10:20:16.969688-05:00,2422644,21283350,80131502,Alquiler de instalaciones comerciales o industriales,UNSPSC
ocds-dgv273-seacev3-1193104,ocds-dgv273-seacev3-1193104-2026-09-17T10:20:16.911704-05:00,2387268,21215464,72141001,Servicios de construcción de pistas y carreteras nuevas,UNSPSC
ocds-dgv273-seacev3-1202951,ocds-dgv273-seacev3-1202951-2026-09-17T10:20:16.749749-05:00,2392939,21241069,72141001,Servicios de construcción de pistas y carreteras nuevas,UNSPSC
ocds-dgv273-seacev3-1228411,ocds-dgv273-seacev3-1228411-2026-09-17T10:20:07.498012-05:00,2422598,21314987,72141003,Servicios de mantenimiento de pistas y carreteras,UNSPSC
ocds-dgv273-seacev3-1198232,ocds-dgv273-seacev3-1198232-2026-09-17T10:20:07.094851-05:00,2395292,21228088,30111505,Hormigón premezclado,UNSPSC
ocds-dgv273-seacev3-1192483,ocds-dgv273-seacev3-1192483-2026-09-17T10:20:07.002474-05:00,2390948,21214185,72141128,Servicio de remodelación  y/o construcción de plazas públicas,UNSPSC
ocds-dgv273-seacev3-1194071,ocds-dgv273-seacev3-1194071-2026-09-17T10:20:06.968036-05:00,2387563,21218039,81101510,Ingeniería de carreteras,UNSPSC
ocds-dgv273-seacev3-2026-2373-10,ocds-dgv273-seacev3-2026-2373-10-2026-09-17T10:20:06.920019-05:00,2401004,21221002,72141121,Servicios de construcción de tuberías principales de agua,UNSPSC
ocds-dgv273-seacev3-2026-23305-10,ocds-dgv273-seacev3-2026-23305-10-2026-09-17T10:19:55.563645-05:00,2387789,21221561,30111601,Cemento,UNSPSC
ocds-dgv273-seacev3-1193276,ocds-dgv273-seacev3-1193276-2026-09-17T10:19:55.501507-05:00,2406825,21216057,42312102,Aparatos de ostomía,UNSPSC
ocds-dgv273-seacev3-1217393,ocds-dgv273-seacev3-1217393-2026-09-17T10:19:44.082316-05:00,2422686,21283342,80131502,Alquiler de instalaciones comerciales o industriales,UNSPSC
ocds-dgv273-seacev3-1217449,ocds-dgv273-seacev3-1217449-2026-09-17T10:19:43.892140-05:00,2422692,21283538,80131502,Alquiler de instalaciones comerciales o industriales,UNSPSC
ocds-dgv273-seacev3-1217374,ocds-dgv273-seacev3-1217374-2026-09-17T10:19:33.583780-05:00,2422622,21283280,80131502,Alquiler de instalaciones comerciales o industriales,UNSPSC
ocds-dgv273-seacev3-2026-757-12,ocds-dgv273-seacev3-2026-757-12-2026-09-17T10:19:32.661061-05:00,2406642,21219026,72101507,Servicio de mantenimiento de edificios,UNSPSC
ocds-dgv273-seacev3-2026-2383-108,ocds-dgv273-seacev3-2026-2383-108-2026-09-17T10:19:32.491942-05:00,2422561,21238813,72121103,Servicios de renovación y reparación de edificios comerciales y de oficinas,UNSPSC
ocds-dgv273-seacev3-1217478,ocds-dgv273-seacev3-1217478-2026-09-17T10:19:23.023264-05:00,2422675,21283497,80131502,Alquiler de instalaciones comerciales o industriales,UNSPSC
ocds-dgv273-seacev3-1217076,ocds-dgv273-seacev3-1217076-2026-09-17T10:19:22.948338-05:00,2422530,21282258,50221108,Grano de arroz,UNSPSC
ocds-dgv273-seacev3-1196383,ocds-dgv273-seacev3-1196383-2026-09-17T10:19:22.161078-05:00,2389888,21223626,72141106,Servicios de construcción de caminos de grava o tierra,UNSPSC
ocds-dgv273-seacev3-1198421,ocds-dgv273-seacev3-1198421-2026-09-17T10:19:22.021278-05:00,2391136,21228650,72153102,Servicios de construcción de campos deportivos interiores,UNSPSC
ocds-dgv273-seacev3-1198087,ocds-dgv273-seacev3-1198087-2026-09-17T10:19:10.288651-05:00,2388348,21227693,70171709,Servicios de administración de sistemas de riego,UNSPSC
ocds-dgv273-seacev3-1196266,ocds-dgv273-seacev3-1196266-2026-09-17T10:19:10.256395-05:00,2395838,21223329,72153102,Servicios de construcción de campos deportivos interiores,UNSPSC
ocds-dgv273-seacev3-1217485,ocds-dgv273-seacev3-1217485-2026-09-16T10:19:10.601275-05:00,2422371,21283505,80131502,Alquiler de instalaciones comerciales o industriales,UNSPSC
ocds-dgv273-seacev3-1200968,ocds-dgv273-seacev3-1200968-2026-09-16T10:19:09.515446-05:00,2386822,21236399,92101501,Servicios de vigilancia,UNSPSC
ocds-dgv273-seacev3-1217356,ocds-dgv273-seacev3-1217356-2026-09-16T10:19:00.001093-05:00,2422389,21283294,80131502,Alquiler de instalaciones comerciales o industriales,UNSPSC
ocds-dgv273-seacev3-1194397,ocds-dgv273-seacev3-1194397-2026-09-16T10:18:59.800071-05:00,2404956,21219131,72153102,Servicios de construcción de campos deportivos interiores,UNSPSC
ocds-dgv273-seacev3-1196371,ocds-dgv273-seacev3-1196371-2026-09-16T10:18:47.716841-05:00,2394271,21223725,92101501,Servicios de vigilancia,UNSPSC
ocds-dgv273-seacev3-2026-436-3,ocds-dgv273-seacev3-2026-436-3-2026-09-16T10:18:47.681322-05:00,2389735,21227319,72141128,Servicio de remodelación  y/o construcción de plazas públicas,UNSPSC
ocds-dgv273-seacev3-1197214,ocds-dgv273-seacev3-1197214-2026-09-16T10:18:47.614623-05:00,2394312,21225539,72141003,Servicios de mantenimiento de pistas y carreteras,UNSPSC
ocds-dgv273-seacev3-1198649,ocds-dgv273-seacev3-1198649-2026-09-16T10:18:36.401773-05:00,2414072,21230665,51191604,Solución de lactato de ringer,UNSPSC
ocds-dgv273-seacev3-1198649,ocds-dgv273-seacev3-1198649-2026-09-16T10:18:36.401773-05:00,2415000,21230693,51141530,Valproato sódico,UNSPSC
ocds-dgv273-seacev3-1198649,ocds-dgv273-seacev3-1198649-2026-09-16T10:18:36.401773-05:00,2415018,21230504,51282931,Moxifloxacina,UNSPSC
ocds-dgv273-seacev3-1198649,ocds-dgv273-seacev3-1198649-2026-09-16T10:18:36.401773-05:00,2415682,21230643,51262907,Propranolol,UNSPSC
ocds-dgv273-seacev3-1198649,ocds-dgv273-seacev3-1198649-2026-09-16T10:18:36.401773-05:00,2415682,21230533,51142508,Pramipexol,UNSPSC
ocds-dgv273-seacev3-1198649,ocds-dgv273-seacev3-1198649-2026-09-16T10:18:36.401773-05:00,2415682,21230229,51452401,Mebendazol,UNSPSC
ocds-dgv273-seacev3-1198649,ocds-dgv273-seacev3-1198649-2026-09-16T10:18:36.401773-05:00,2415682,21230399,51121602,Isosorbide dinitrate,UNSPSC
ocds-dgv273-seacev3-1198649,ocds-dgv273-seacev3-1198649-2026-09-16T10:18:36.401773-05:00,2415682,21230396,51101554,Dicloxacilina sódica,UNSPSC
ocds-dgv273-seacev3-1198649,ocds-dgv273-seacev3-1198649-2026-09-16T10:18:36.401773-05:00,2415682,21230185,51101554,Dicloxacilina sódica,UNSPSC
ocds-dgv273-seacev3-1198649,ocds-dgv273-seacev3-1198649-2026-09-16T10:18:36.401773-05:00,2415682,21230180,51101554,Dicloxacilina sódica,UNSPSC
ocds-dgv273-seacev3-1198649,ocds-dgv273-seacev3-1198649-2026-09-16T10:18:36.401773-05:00,2416700,21230584,51121603,Nitroglicerina,UNSPSC
ocds-dgv273-seacev3-1198649,ocds-dgv273-seacev3-1198649-2026-09-16T10:18:36.401773-05:00,2416681,21230705,51262404,Labetalol,UNSPSC
ocds-dgv273-seacev3-1198649,ocds-dgv273-seacev3-1198649-2026-09-16T10:18:36.401773-05:00,2416681,21230692,51473016,Acetona o antiséptico basado en alcohol,UNSPSC
ocds-dgv273-seacev3-1198649,ocds-dgv273-seacev3-1198649-2026-09-16T10:18:36.401773-05:00,2416681,21230670,51999999,Medicamentos y productos farmacéuticos,UNSPSC
ocds-dgv273-seacev3-1198649,ocds-dgv273-seacev3-1198649-2026-09-16T10:18:36.401773-05:00,2416899,21230709,51141518,Levetiracetam,UNSPSC
ocds-dgv273-seacev3-1198649,ocds-dgv273-seacev3-1198649-2026-09-16T10:18:36.401773-05:00,2416902,21230520,51111904,Paclitaxel,UNSPSC
ocds-dgv273-seacev3-1198649,ocds-dgv273-seacev3-1198649-2026-09-16T10:18:36.401773-05:00,2416906,21230722,51142905,Bupivacaina,UNSPSC
ocds-dgv273-seacev3-1198649,ocds-dgv273-seacev3-1198649-2026-09-16T10:18:36.401773-05:00,2416906,21230168,51313401,Clorfenamina o clorfeniramina o dexclorfeniramina,UNSPSC
ocds-dgv273-seacev3-1198649,ocds-dgv273-seacev3-1198649-2026-09-16T10:18:36.401773-05:00,2416671,21230694,51471502,Povidona,UNSPSC
ocds-dgv273-seacev3-1198649,ocds-dgv273-seacev3-1198649-2026-09-16T10:18:36.401773-05:00,2416671,21230655,51471502,Povidona,UNSPSC
ocds-dgv273-seacev3-1198649,ocds-dgv273-seacev3-1198649-2026-09-16T10:18:36.401773-05:00,2417294,21230712,51111610,Metotrexato,UNSPSC
ocds-dgv273-seacev3-1198649,ocds-dgv273-seacev3-1198649-2026-09-16T10:18:36.401773-05:00,2417230,21230728,51112009,Sunitinib,UNSPSC
ocds-dgv273-seacev3-1198649,ocds-dgv273-seacev3-1198649-2026-09-16T10:18:36.401773-05:00,2417306,21230419,51101570,Eritromicina,UNSPSC
ocds-dgv273-seacev3-1198649,ocds-dgv273-seacev3-1198649-2026-09-16T10:18:36.401773-05:00,2417306,21230418,51101570,Eritromicina,UNSPSC
ocds-dgv273-seacev3-1198649,ocds-dgv273-seacev3-1198649-2026-09-16T10:18:36.401773-05:00,2417306,21230414,51101570,Eritromicina,UNSPSC
ocds-dgv273-seacev3-1198649,ocds-dgv273-seacev3-1198649-2026-09-16T10:18:36.401773-05:00,2417306,21230114,51101503,Cloranfenicol,UNSPSC
ocds-dgv273-seacev3-1198649,ocds-dgv273-seacev3-1198649-2026-09-16T10:18:36.401773-05:00,2417686,21230646,51191909,Tiamina,UNSPSC
ocds-dgv273-seacev3-1198649,ocds-dgv273-seacev3-1198649-2026-09-16T10:18:36.401773-05:00,2417686,21230503,51182214,Misoprostol,UNSPSC
ocds-dgv273-seacev3-1198649,ocds-dgv273-seacev3-1198649-2026-09-16T10:18:36.401773-05:00,2417686,21230009,51152017,Baclofeno,UNSPSC
ocds-dgv273-seacev3-1198649,ocds-dgv273-seacev3-1198649-2026-09-16T10:18:36.401773-05:00,2417619,21230760,51171614,Bisacodil,UNSPSC
ocds-dgv273-seacev3-1198649,ocds-dgv273-seacev3-1198649-2026-09-16T10:18:36.401773-05:00,2417619,21230740,51191705,Combinación de ácido cítrico y citrato de potasio,UNSPSC
ocds-dgv273-seacev3-1198649,ocds-dgv273-seacev3-1198649-2026-09-16T10:18:36.401773-05:00,2417619,21230648,51151805,Timolol maleato,UNSPSC
ocds-dgv273-seacev3-1198649,ocds-dgv273-seacev3-1198649-2026-09-16T10:18:36.401773-05:00,2417619,21230531,51453401,Antiparasitario tópico de permetrina,UNSPSC
ocds-dgv273-seacev3-1198649,ocds-dgv273-seacev3-1198649-2026-09-16T10:18:36.401773-05:00,2417619,21230511,51101815,Nistatina,UNSPSC
ocds-dgv273-seacev3-1198649,ocds-dgv273-seacev3-1198649-2026-09-16T10:18:36.401773-05:00,2417619,21230225,51212311,Iopamidol,UNSPSC
ocds-dgv273-seacev3-1198649,ocds-dgv273-seacev3-1198649-2026-09-16T10:18:36.401773-05:00,2417619,21230223,51212311,Iopamidol,UNSPSC
ocds-dgv273-seacev3-1198649,ocds-dgv273-seacev3-1198649-2026-09-16T10:18:36.401773-05:00,2417666,21230641,51181713,Prednisona,UNSPSC
ocds-dgv273-seacev3-1198649,ocds-dgv273-seacev3-1198649-2026-09-16T10:18:36.401773-05:00,2417666,21230513,51171804,Hidrocloruro de Ondansetron,UNSPSC
ocds-dgv273-seacev3-1198649,ocds-dgv273-seacev3-1198649-2026-09-16T10:18:36.401773-05:00,2417666,21230510,51121904,Nifedipina,UNSPSC
ocds-dgv273-seacev3-1198649,ocds-dgv273-seacev3-1198649-2026-09-16T10:18:36.401773-05:00,2417666,21230020,51101511,Amoxicilina,UNSPSC
ocds-dgv273-seacev3-1198649,ocds-dgv273-seacev3-1198649-2026-09-16T10:18:36.401773-05:00,2417666,21229993,51342309,Aciclovir o aciclovir,UNSPSC
ocds-dgv273-seacev3-1198649,ocds-dgv273-seacev3-1198649-2026-09-16T10:18:36.401773-05:00,2417895,21230725,51342308,Valganciclovir,UNSPSC
ocds-dgv273-seacev3-1198649,ocds-dgv273-seacev3-1198649-2026-09-16T10:18:36.401773-05:00,2417895,21230622,51181713,Prednisona,UNSPSC
ocds-dgv273-seacev3-1198649,ocds-dgv273-seacev3-1198649-2026-09-16T10:18:36.401773-05:00,2418245,21230006,51101511,Amoxicilina,UNSPSC
ocds-dgv273-seacev3-1198649,ocds-dgv273-seacev3-1198649-2026-09-16T10:18:36.401773-05:00,2418245,21230012,51101507,Penicilina,UNSPSC
ocds-dgv273-seacev3-1198649,ocds-dgv273-seacev3-1198649-2026-09-16T10:18:36.401773-05:00,2418245,21230231,51101603,Metronidazol,UNSPSC
ocds-dgv273-seacev3-1198649,ocds-dgv273-seacev3-1198649-2026-09-16T10:18:36.401773-05:00,2418245,21230506,51384514,Naproxeno,UNSPSC
ocds-dgv273-seacev3-1198649,ocds-dgv273-seacev3-1198649-2026-09-16T10:18:36.401773-05:00,2418245,21230759,51212502,Iodixanol,UNSPSC
ocds-dgv273-seacev3-1198649,ocds-dgv273-seacev3-1198649-2026-09-16T10:18:36.401773-05:00,2418410,21230022,51281703,Ampicilina,UNSPSC
ocds-dgv273-seacev3-1198649,ocds-dgv273-seacev3-1198649-2026-09-16T10:18:36.401773-05:00,2422312,21230443,51101574,Furazolidona,UNSPSC
ocds-dgv273-seacev3-1199916,ocds-dgv273-seacev3-1199916-2026-09-16T10:18:36.385276-05:00,2393038,21233102,45111720,Analizador de espectro de audio,UNSPSC
ocds-dgv273-seacev3-1238046,ocds-dgv273-seacev3-1238046-2026-09-16T10:18:30.387973-05:00,2422289,21340749,30131704,Azulejos o baldosas de cerámica,UNSPSC
ocds-dgv273-seacev3-1196153,ocds-dgv273-seacev3-1196153-2026-09-16T10:18:25.204840-05:00,2387393,21223057,72153102,Servicios de construcción de campos deportivos interiores,UNSPSC
ocds-dgv273-seacev3-1217109,ocds-dgv273-seacev3-1217109-2026-09-16T10:18:15.783703-05:00,2422365,21282392,80131502,Alquiler de instalaciones comerciales o industriales,UNSPSC
ocds-dgv273-seacev3-1216954,ocds-dgv273-seacev3-1216954-2026-09-16T10:18:15.231510-05:00,2422416,21281832,80131502,Alquiler de instalaciones comerciales o industriales,UNSPSC
ocds-dgv273-seacev3-1217095,ocds-dgv273-seacev3-1217095-2026-09-16T10:18:14.796579-05:00,2422414,21282136,80131502,Alquiler de instalaciones comerciales o industriales,UNSPSC
ocds-dgv273-seacev3-1193115,ocds-dgv273-seacev3-1193115-2026-09-16T10:18:14.379786-05:00,2387516,21215519,15101505,Diesel,UNSPSC
ocds-dgv273-seacev3-1199851,ocds-dgv273-seacev3-1199851-2026-09-16T10:18:14.365310-05:00,2422180,21232949,41116501,Indicadores y kits de indicación para medidores,UNSPSC
ocds-dgv273-seacev3-1198457,ocds-dgv273-seacev3-1198457-2026-09-16T10:18:14.301698-05:00,2422323,21228593,81101510,Ingeniería de carreteras,UNSPSC
ocds-dgv273-seacev3-1203379,ocds-dgv273-seacev3-1203379-2026-09-16T10:18:14.014929-05:00,2394842,21243720,72141128,Servicio de remodelación  y/o construcción de plazas públicas,UNSPSC
ocds-dgv273-seacev3-1194391,ocds-dgv273-seacev3-1194391-2026-09-16T10:18:13.986321-05:00,2383161,21219117,83121703,Servicios relacionados con Internet,UNSPSC
ocds-dgv273-seacev3-1193634,ocds-dgv273-seacev3-1193634-2026-09-16T10:18:02.549668-05:00,2386251,21217085,41121701,Tubos de ensayo multipropósito o generales,UNSPSC
ocds-dgv273-seacev3-1216789,ocds-dgv273-seacev3-1216789-2026-09-13T12:05:38.865847-05:00,2421497,21281292,92121504,Servicios de vigilantes,UNSPSC
ocds-dgv273-seacev3-1218480,ocds-dgv273-seacev3-1218480-2026-09-13T12:05:38.818134-05:00,2403551,21286173,51283104,Colistimetato,UNSPSC
ocds-dgv273-seacev3-1218480,ocds-dgv273-seacev3-1218480-2026-09-13T12:05:38.818134-05:00,2403572,21286175,51141542,Midazolam,UNSPSC
ocds-dgv273-seacev3-2026-289-1,ocds-dgv273-seacev3-2026-289-1-2026-09-13T12:05:37.550205-05:00,2387375,21228343,50151513,Aceites comestibles vegetales o de plantas,UNSPSC
ocds-dgv273-seacev3-2026-289-1,ocds-dgv273-seacev3-2026-289-1-2026-09-13T12:05:37.550205-05:00,2387370,21228345,50221001,Granos de legumbres,UNSPSC
ocds-dgv273-seacev3-2026-289-1,ocds-dgv273-seacev3-2026-289-1-2026-09-13T12:05:37.550205-05:00,2387380,21228346,50121538,Pescado estable sin refrigerar,UNSPSC
ocds-dgv273-seacev3-2026-289-1,ocds-dgv273-seacev3-2026-289-1-2026-09-13T12:05:37.550205-05:00,2387401,21228347,50121538,Pescado estable sin refrigerar,UNSPSC
ocds-dgv273-seacev3-2026-289-1,ocds-dgv273-seacev3-2026-289-1-2026-09-13T12:05:37.550205-05:00,2387364,21228342,50221108,Grano de arroz,UNSPSC
ocds-dgv273-seacev3-1200768,ocds-dgv273-seacev3-1200768-2026-09-13T12:05:37.530509-05:00,2391764,21236095,72141003,Servicios de mantenimiento de pistas y carreteras,UNSPSC
ocds-dgv273-seacev3-1199226,ocds-dgv273-seacev3-1199226-2026-09-13T12:05:37.497021-05:00,2397952,21230979,72121203,Servicios de construcción de silos y de edificaciones para servicio agrícola,UNSPSC
ocds-dgv273-seacev3-1196823,ocds-dgv273-seacev3-1196823-2026-09-13T12:05:37.434865-05:00,2388693,21224597,72141701,Servicio de arrendamiento o alquiler de maquinaria de construcción,UNSPSC
ocds-dgv273-seacev3-1200511,ocds-dgv273-seacev3-1200511-2026-09-13T12:05:37.400194-05:00,2389973,21235136,53102799,Uniformes,UNSPSC
ocds-dgv273-seacev3-1201066,ocds-dgv273-seacev3-1201066-2026-09-13T12:05:27.057436-05:00,2391859,21236643,53101602,Camisas para caballeros,UNSPSC
ocds-dgv273-seacev3-1216872,ocds-dgv273-seacev3-1216872-2026-09-13T12:05:16.056082-05:00,2421862,21281557,80131502,Alquiler de instalaciones comerciales o industriales,UNSPSC
ocds-dgv273-seacev3-1217370,ocds-dgv273-seacev3-1217370-2026-09-13T12:05:15.860553-05:00,2421905,21283048,80131502,Alquiler de instalaciones comerciales o industriales,UNSPSC
ocds-dgv273-seacev3-1192851,ocds-dgv273-seacev3-1192851-2026-09-13T12:05:15.120622-05:00,2387922,21214856,72141003,Servicios de mantenimiento de pistas y carreteras,UNSPSC
ocds-dgv273-seacev3-1201268,ocds-dgv273-seacev3-1201268-2026-09-13T12:05:15.102354-05:00,2394469,21237188,72141003,Servicios de mantenimiento de pistas y carreteras,UNSPSC
ocds-dgv273-seacev3-1200787,ocds-dgv273-seacev3-1200787-2026-09-13T12:05:15.044972-05:00,2398196,21236877,72153102,Servicios de construcción de campos deportivos interiores,UNSPSC
ocds-dgv273-seacev3-1200932,ocds-dgv273-seacev3-1200932-2026-09-13T12:05:14.969630-05:00,2402423,21236297,81101508,Ingeniería arquitectónica,UNSPSC
ocds-dgv273-seacev3-1216450,ocds-dgv273-seacev3-1216450-2026-09-13T12:05:04.525214-05:00,2421893,21280076,80131502,Alquiler de instalaciones comerciales o industriales,UNSPSC
ocds-dgv273-seacev3-1199256,ocds-dgv273-seacev3-1199256-2026-09-13T12:05:03.949764-05:00,2403927,21231053,31152002,Alambre de púas,UNSPSC
ocds-dgv273-seacev3-1199399,ocds-dgv273-seacev3-1199399-2026-09-13T12:05:03.776659-05:00,2394128,21231399,72141121,Servicios de construcción de tuberías principales de agua,UNSPSC
ocds-dgv273-seacev3-1201858,ocds-dgv273-seacev3-1201858-2026-09-13T12:05:03.752127-05:00,2393733,21239478,72141003,Servicios de mantenimiento de pistas y carreteras,UNSPSC
ocds-dgv273-seacev3-1217391,ocds-dgv273-seacev3-1217391-2026-09-13T12:04:53.051371-05:00,2421888,21283338,80131502,Alquiler de instalaciones comerciales o industriales,UNSPSC
ocds-dgv273-seacev3-1216441,ocds-dgv273-seacev3-1216441-2026-09-13T12:04:53.037633-05:00,2421917,21279951,80131502,Alquiler de instalaciones comerciales o industriales,UNSPSC
ocds-dgv273-seacev3-1200041,ocds-dgv273-seacev3-1200041-2026-09-13T12:04:52.560409-05:00,2421916,21233291,72121406,Servicios de construcción de escuelas,UNSPSC
ocds-dgv273-seacev3-1200930,ocds-dgv273-seacev3-1200930-2026-09-13T12:04:52.406514-05:00,2398424,21236290,72141003,Servicios de mantenimiento de pistas y carreteras,UNSPSC
ocds-dgv273-seacev3-1201976,ocds-dgv273-seacev3-1201976-2026-09-13T12:04:52.357200-05:00,2397202,21241342,72153103,Servicios de construcción de patios de recreo e instalación de equipos,UNSPSC
ocds-dgv273-seacev3-1193407,ocds-dgv273-seacev3-1193407-2026-09-13T12:04:52.325066-05:00,2387627,21216251,72141121,Servicios de construcción de tuberías principales de agua,UNSPSC
ocds-dgv273-seacev3-2026-49-96,ocds-dgv273-seacev3-2026-49-96-2026-09-13T12:04:52.246167-05:00,2394111,21222019,12162301,Agentes de curación que se da en el agua,UNSPSC
ocds-dgv273-seacev3-1198657,ocds-dgv273-seacev3-1198657-2026-09-13T12:04:41.922066-05:00,2401990,21229280,72153102,Servicios de construcción de campos deportivos interiores,UNSPSC
ocds-dgv273-seacev3-1195358,ocds-dgv273-seacev3-1195358-2026-09-13T12:04:41.906653-05:00,2396414,21221390,43222503,Equipo de seguridad de evaluación de vulnerabilidad,UNSPSC
ocds-dgv273-seacev3-1198985,ocds-dgv273-seacev3-1198985-2026-09-13T12:04:41.836679-05:00,2390123,21230241,72153102,Servicios de construcción de campos deportivos interiores,UNSPSC
ocds-dgv273-seacev3-1194420,ocds-dgv273-seacev3-1194420-2026-09-13T12:04:29.939950-05:00,2388286,21219005,83121703,Servicios relacionados con Internet,UNSPSC
ocds-dgv273-seacev3-1194422,ocds-dgv273-seacev3-1194422-2026-09-13T12:04:29.908059-05:00,2390765,21219004,72141121,Servicios de construcción de tuberías principales de agua,UNSPSC
ocds-dgv273-seacev3-1200142,ocds-dgv273-seacev3-1200142-2026-09-13T12:04:29.808146-05:00,2421999,21233780,72152502,Servicios de instalación de losetas de asfalto,UNSPSC
ocds-dgv273-seacev3-1209452,ocds-dgv273-seacev3-1209452-2026-09-11T10:24:15.284412-05:00,2389133,21259355,81161501,Servicio de administración de aplicaciones de software,UNSPSC
ocds-dgv273-seacev3-1200004,ocds-dgv273-seacev3-1200004-2026-09-11T10:24:15.180495-05:00,2392289,21233242,72141701,Servicio de arrendamiento o alquiler de maquinaria de construcción,UNSPSC
ocds-dgv273-seacev3-2026-10456-1,ocds-dgv273-seacev3-2026-10456-1-2026-09-11T10:24:15.164545-05:00,2391498,21239617,77121704,Servicios de tratamiento de aguas superficiales,UNSPSC
ocds-dgv273-seacev3-1209915,ocds-dgv273-seacev3-1209915-2026-09-11T10:23:52.315399-05:00,2388992,21260766,81161501,Servicio de administración de aplicaciones de software,UNSPSC
ocds-dgv273-seacev3-1197220,ocds-dgv273-seacev3-1197220-2026-09-11T10:23:41.007040-05:00,2393431,21225532,72141701,Servicio de arrendamiento o alquiler de maquinaria de construcción,UNSPSC
ocds-dgv273-seacev3-1191720,ocds-dgv273-seacev3-1191720-2026-09-11T10:23:29.278218-05:00,2389047,21211891,72141001,Servicios de construcción de pistas y carreteras nuevas,UNSPSC
ocds-dgv273-seacev3-1214961,ocds-dgv273-seacev3-1214961-2026-09-11T10:23:29.255090-05:00,2421071,21275112,81101510,Ingeniería de carreteras,UNSPSC
ocds-dgv273-seacev3-2026-399-60,ocds-dgv273-seacev3-2026-399-60-2026-09-11T10:23:18.479430-05:00,2419102,21207504,72121406,Servicios de construcción de escuelas,UNSPSC
ocds-dgv273-seacev3-1197620,ocds-dgv273-seacev3-1197620-2026-09-11T10:23:18.297036-05:00,2401621,21226518,72141121,Servicios de construcción de tuberías principales de agua,UNSPSC
ocds-dgv273-seacev3-1198588,ocds-dgv273-seacev3-1198588-2026-09-11T10:23:18.250125-05:00,2421245,21229143,24101601,Ascensores,UNSPSC
ocds-dgv273-seacev3-1193675,ocds-dgv273-seacev3-1193675-2026-09-11T10:23:18.236058-05:00,2382457,21217128,81101508,Ingeniería arquitectónica,UNSPSC
ocds-dgv273-seacev3-1192675,ocds-dgv273-seacev3-1192675-2026-09-11T10:23:18.193929-05:00,2397034,21214427,72121103,Servicios de renovación y reparación de edificios comerciales y de oficinas,UNSPSC
ocds-dgv273-seacev3-2026-679-8,ocds-dgv273-seacev3-2026-679-8-2026-09-11T10:23:18.177768-05:00,2398039,21232291,72153103,Servicios de construcción de patios de recreo e instalación de equipos,UNSPSC
ocds-dgv273-seacev3-2026-200168-20,ocds-dgv273-seacev3-2026-200168-20-2026-09-11T10:23:07.429074-05:00,2391297,21267953,81161501,Servicio de administración de aplicaciones de software,UNSPSC
ocds-dgv273-seacev3-2026-482-1,ocds-dgv273-seacev3-2026-482-1-2026-09-11T10:23:06.567329-05:00,2385591,21216543,72121408,Servicios de construcción de estadios,UNSPSC
ocds-dgv273-seacev3-1200314,ocds-dgv273-seacev3-1200314-2026-09-11T10:23:06.387792-05:00,2390145,21234623,30131507,Bloque de concreto ligero,UNSPSC
ocds-dgv273-seacev3-1247716,ocds-dgv273-seacev3-1247716-2026-09-10T10:20:31.222470-05:00,2420972,21364315,72151505,Servicios de instalación de energía de emergencia o de reserva,UNSPSC
ocds-dgv273-seacev3-1227665,ocds-dgv273-seacev3-1227665-2026-09-10T10:20:24.535438-05:00,2402880,21312932,70171710,Servicio de construcción de sistema de irrigación,UNSPSC
ocds-dgv273-seacev3-1200267,ocds-dgv273-seacev3-1200267-2026-09-10T10:20:23.603530-05:00,2400229,21234811,27112707,Buriladoras mecánicas,UNSPSC
ocds-dgv273-seacev3-2026-200200-1,ocds-dgv273-seacev3-2026-200200-1-2026-09-10T10:20:23.432660-05:00,2420760,21232621,72141003,Servicios de mantenimiento de pistas y carreteras,UNSPSC
ocds-dgv273-seacev3-2026-200200-2,ocds-dgv273-seacev3-2026-200200-2-2026-09-10T10:20:12.986540-05:00,2420767,21232793,72141003,Servicios de mantenimiento de pistas y carreteras,UNSPSC
ocds-dgv273-seacev3-1198788,ocds-dgv273-seacev3-1198788-2026-09-10T10:20:12.866859-05:00,2389705,21229839,72141106,Servicios de construcción de caminos de grava o tierra,UNSPSC
ocds-dgv273-seacev3-1228663,ocds-dgv273-seacev3-1228663-2026-09-10T10:20:06.463827-05:00,2403646,21316170,80101604,Administración o planificación de proyectos,UNSPSC
ocds-dgv273-seacev3-1241351,ocds-dgv273-seacev3-1241351-2026-09-10T10:20:04.879894-05:00,2421027,21347967,72101511,Servicio de reparación o mantenimiento o instalación de aire acondicionado,UNSPSC
ocds-dgv273-seacev3-1227513,ocds-dgv273-seacev3-1227513-2026-09-10T10:20:02.283961-05:00,2402746,21312565,70171710,Servicio de construcción de sistema de irrigación,UNSPSC
ocds-dgv273-seacev3-1225693,ocds-dgv273-seacev3-1225693-2026-09-10T10:20:02.251371-05:00,2402261,21308091,70171709,Servicios de administración de sistemas de riego,UNSPSC
ocds-dgv273-seacev3-2026-2373-15,ocds-dgv273-seacev3-2026-2373-15-2026-09-10T10:20:01.217305-05:00,2404564,21236374,72141121,Servicios de construcción de tuberías principales de agua,UNSPSC
ocds-dgv273-seacev3-1199370,ocds-dgv273-seacev3-1199370-2026-09-10T10:20:01.046419-05:00,2389882,21231594,72121101,Servicios de construcción de nuevos edificios comerciales y de oficinas,UNSPSC
ocds-dgv273-seacev3-1221878,ocds-dgv273-seacev3-1221878-2026-09-10T10:19:50.623807-05:00,2404133,21297200,72141128,Servicio de remodelación  y/o construcción de plazas públicas,UNSPSC
ocds-dgv273-seacev3-1197806,ocds-dgv273-seacev3-1197806-2026-09-10T10:19:50.487941-05:00,2391508,21226982,72152801,Servicios de perforación de pozos de agua domésticos,UNSPSC
ocds-dgv273-seacev3-1193534,ocds-dgv273-seacev3-1193534-2026-09-10T10:19:50.403182-05:00,2414358,21216650,81101508,Ingeniería arquitectónica,UNSPSC
ocds-dgv273-seacev3-1227476,ocds-dgv273-seacev3-1227476-2026-09-10T10:19:39.817075-05:00,2402729,21312499,70171710,Servicio de construcción de sistema de irrigación,UNSPSC
ocds-dgv273-seacev3-1194972,ocds-dgv273-seacev3-1194972-2026-09-10T10:19:38.999536-05:00,2387727,21220598,72141701,Servicio de arrendamiento o alquiler de maquinaria de construcción,UNSPSC
ocds-dgv273-seacev3-2026-10543-6,ocds-dgv273-seacev3-2026-10543-6-2026-09-10T10:19:38.732273-05:00,2397008,21231407,50192701,Comidas combinadas frescas,UNSPSC
ocds-dgv273-seacev3-1232467,ocds-dgv273-seacev3-1232467-2026-09-10T10:19:28.871730-05:00,2406728,21326013,80101604,Administración o planificación de proyectos,UNSPSC
ocds-dgv273-seacev3-1193608,ocds-dgv273-seacev3-1193608-2026-09-10T10:19:28.304207-05:00,2384933,21217063,15101505,Diesel,UNSPSC
ocds-dgv273-seacev3-1197268,ocds-dgv273-seacev3-1197268-2026-09-10T10:19:28.282775-05:00,2390556,21225647,72141003,Servicios de mantenimiento de pistas y carreteras,UNSPSC
ocds-dgv273-seacev3-1194342,ocds-dgv273-seacev3-1194342-2026-09-10T10:19:28.064528-05:00,2390082,21218824,72141003,Servicios de mantenimiento de pistas y carreteras,UNSPSC
ocds-dgv273-seacev3-2026-2365-9,ocds-dgv273-seacev3-2026-2365-9-2026-09-10T10:19:28.030764-05:00,2420787,21227724,76111501,Servicios de limpieza de edificios,UNSPSC
ocds-dgv273-seacev3-1212214,ocds-dgv273-seacev3-1212214-2026-09-10T10:19:15.807857-05:00,2392224,21273049,80101604,Administración o planificación de proyectos,UNSPSC
ocds-dgv273-seacev3-1194488,ocds-dgv273-seacev3-1194488-2026-09-10T10:19:15.644209-05:00,2393368,21219232,72153102,Servicios de construcción de campos deportivos interiores,UNSPSC
ocds-dgv273-seacev3-1197573,ocds-dgv273-seacev3-1197573-2026-09-10T10:19:15.500140-05:00,2388349,21226499,53112006,Máquina para tacos de zapatos,UNSPSC
ocds-dgv273-seacev3-1192809,ocds-dgv273-seacev3-1192809-2026-09-10T10:19:15.431050-05:00,2384440,21226214,72121008,Servicios de construcción y remodelación de almacenes,UNSPSC
ocds-dgv273-seacev3-1196132,ocds-dgv273-seacev3-1196132-2026-09-09T10:24:27.101964-05:00,2400028,21223000,72141003,Servicios de mantenimiento de pistas y carreteras,UNSPSC
ocds-dgv273-seacev3-1200730,ocds-dgv273-seacev3-1200730-2026-09-09T10:24:27.022232-05:00,2398437,21235896,72141128,Servicio de remodelación  y/o construcción de plazas públicas,UNSPSC
ocds-dgv273-seacev3-1227437,ocds-dgv273-seacev3-1227437-2026-09-09T10:24:17.238666-05:00,2402705,21312407,70171710,Servicio de construcción de sistema de irrigación,UNSPSC
ocds-dgv273-seacev3-1222750,ocds-dgv273-seacev3-1222750-2026-09-09T10:24:06.404890-05:00,2398956,21299622,80101604,Administración o planificación de proyectos,UNSPSC
ocds-dgv273-seacev3-1197979,ocds-dgv273-seacev3-1197979-2026-09-09T10:24:05.150262-05:00,2390729,21227343,72141003,Servicios de mantenimiento de pistas y carreteras,UNSPSC
ocds-dgv273-seacev3-1222625,ocds-dgv273-seacev3-1222625-2026-09-09T10:23:55.345406-05:00,2398851,21299321,80101604,Administración o planificación de proyectos,UNSPSC
ocds-dgv273-seacev3-1218792,ocds-dgv273-seacev3-1218792-2026-09-09T10:23:54.721914-05:00,2401559,21287195,72141003,Servicios de mantenimiento de pistas y carreteras,UNSPSC
ocds-dgv273-seacev3-1196108,ocds-dgv273-seacev3-1196108-2026-09-09T10:23:54.599675-05:00,2400019,21222959,72141003,Servicios de mantenimiento de pistas y carreteras,UNSPSC
ocds-dgv273-seacev3-1196355,ocds-dgv273-seacev3-1196355-2026-09-09T10:23:54.579451-05:00,2392624,21223726,72141003,Servicios de mantenimiento de pistas y carreteras,UNSPSC
ocds-dgv273-seacev3-1195848,ocds-dgv273-seacev3-1195848-2026-09-09T10:23:54.277115-05:00,2402923,21222535,93151507,Servicios o procedimientos administrativos,UNSPSC
ocds-dgv273-seacev3-1197141,ocds-dgv273-seacev3-1197141-2026-09-09T10:23:54.214463-05:00,2391728,21225388,30102403,Varillas de hierro,UNSPSC
ocds-dgv273-seacev3-1225404,ocds-dgv273-seacev3-1225404-2026-09-09T10:23:31.877844-05:00,2401895,21307275,80101604,Administración o planificación de proyectos,UNSPSC
ocds-dgv273-seacev3-1202762,ocds-dgv273-seacev3-1202762-2026-09-09T10:23:31.585195-05:00,2401962,21242819,72151501,Servicios de instalación de iluminación,UNSPSC
ocds-dgv273-seacev3-1199974,ocds-dgv273-seacev3-1199974-2026-09-09T10:23:31.401655-05:00,2401036,21233195,81101515,Ingeniería de infraestructura de plantas o instalaciones,UNSPSC
ocds-dgv273-seacev3-2026-775-4,ocds-dgv273-seacev3-2026-775-4-2026-09-09T10:23:19.606135-05:00,2389864,21215313,72141701,Servicio de arrendamiento o alquiler de maquinaria de construcción,UNSPSC
ocds-dgv273-seacev3-1198429,ocds-dgv273-seacev3-1198429-2026-09-09T10:23:19.456041-05:00,2390892,21228515,72141001,Servicios de construcción de pistas y carreteras nuevas,UNSPSC
ocds-dgv273-seacev3-1202019,ocds-dgv273-seacev3-1202019-2026-09-09T10:23:19.411738-05:00,2389592,21241466,30111601,Cemento,UNSPSC
ocds-dgv273-seacev3-1206853,ocds-dgv273-seacev3-1206853-2026-09-07T10:14:39.687951-05:00,2404255,21252654,72121501,Servicios de construcción de plantas químicas,UNSPSC
ocds-dgv273-seacev3-1233055,ocds-dgv273-seacev3-1233055-2026-09-07T10:14:28.760366-05:00,2415923,21327606,72141121,Servicios de construcción de tuberías principales de agua,UNSPSC
ocds-dgv273-seacev3-1229319,ocds-dgv273-seacev3-1229319-2026-09-07T10:14:28.737948-05:00,2420014,21317567,72141106,Servicios de construcción de caminos de grava o tierra,UNSPSC
ocds-dgv273-seacev3-1200458,ocds-dgv273-seacev3-1200458-2026-09-07T10:14:28.358198-05:00,2393509,21234890,72141701,Servicio de arrendamiento o alquiler de maquinaria de construcción,UNSPSC
ocds-dgv273-seacev3-1195545,ocds-dgv273-seacev3-1195545-2026-09-07T10:14:28.326424-05:00,2387706,21222007,85121803,Servicios de laboratorios biológicos,UNSPSC
ocds-dgv273-seacev3-1195942,ocds-dgv273-seacev3-1195942-2026-09-07T10:14:19.754751-05:00,2395883,21222715,72121101,Servicios de construcción de nuevos edificios comerciales y de oficinas,UNSPSC
ocds-dgv273-seacev3-1191877,ocds-dgv273-seacev3-1191877-2026-09-07T10:14:19.662729-05:00,2381768,21212414,72121403,Servicios de construcción de hospitales,UNSPSC
ocds-dgv273-seacev3-1192489,ocds-dgv273-seacev3-1192489-2026-09-07T10:14:19.642401-05:00,2392086,21214202,72121103,Servicios de renovación y reparación de edificios comerciales y de oficinas,UNSPSC
ocds-dgv273-seacev3-1199611,ocds-dgv273-seacev3-1199611-2026-09-07T10:14:19.624300-05:00,2405376,21234032,72141001,Servicios de construcción de pistas y carreteras nuevas,UNSPSC
ocds-dgv273-seacev3-1193993,ocds-dgv273-seacev3-1193993-2026-09-07T10:14:19.534458-05:00,2419988,21217886,39111544,Dispositivo de diodo emisor de luz LED,UNSPSC
ocds-dgv273-seacev3-2026-2525-66,ocds-dgv273-seacev3-2026-2525-66-2026-09-07T10:14:08.782208-05:00,2420338,21241231,81111811,Servicios de asistencia o soporte técnico,UNSPSC
ocds-dgv273-seacev3-1198587,ocds-dgv273-seacev3-1198587-2026-09-07T10:14:08.753761-05:00,2397553,21229115,72121406,Servicios de construcción de escuelas,UNSPSC
ocds-dgv273-seacev3-2026-1176-7,ocds-dgv273-seacev3-2026-1176-7-2026-09-07T10:14:08.545955-05:00,2391756,21224594,72141107,Servicios de construcción y reparación de puentes,UNSPSC
ocds-dgv273-seacev3-2026-200030-25,ocds-dgv273-seacev3-2026-200030-25-2026-09-07T10:14:08.516493-05:00,2401024,21225460,72141003,Servicios de mantenimiento de pistas y carreteras,UNSPSC
ocds-dgv273-seacev3-1206446,ocds-dgv273-seacev3-1206446-2026-09-05T13:36:50.723173-05:00,2396431,21251668,72141106,Servicios de construcción de caminos de grava o tierra,UNSPSC
ocds-dgv273-seacev3-1192278,ocds-dgv273-seacev3-1192278-2026-09-05T13:36:38.435507-05:00,2406903,21213386,84131603,Seguros de lesiones accidentales,UNSPSC
ocds-dgv273-seacev3-1192278,ocds-dgv273-seacev3-1192278-2026-09-05T13:36:38.435507-05:00,2418110,21213385,84131601,Seguro de vida,UNSPSC
ocds-dgv273-seacev3-2026-8-4,ocds-dgv273-seacev3-2026-8-4-2026-09-05T13:36:27.534149-05:00,2419826,21230644,92101501,Servicios de vigilancia,UNSPSC
ocds-dgv273-seacev3-1194222,ocds-dgv273-seacev3-1194222-2026-09-05T13:36:27.499518-05:00,2404904,21218416,72121403,Servicios de construcción de hospitales,UNSPSC
ocds-dgv273-seacev3-1197685,ocds-dgv273-seacev3-1197685-2026-09-05T13:36:27.333744-05:00,2394497,21226707,30111601,Cemento,UNSPSC
ocds-dgv273-seacev3-1192114,ocds-dgv273-seacev3-1192114-2026-09-05T13:36:17.008901-05:00,2387266,21213433,72152801,Servicios de perforación de pozos de agua domésticos,UNSPSC
ocds-dgv273-seacev3-1199347,ocds-dgv273-seacev3-1199347-2026-09-05T13:36:16.993137-05:00,2391065,21231250,72121101,Servicios de construcción de nuevos edificios comerciales y de oficinas,UNSPSC
ocds-dgv273-seacev3-1237488,ocds-dgv273-seacev3-1237488-2026-09-05T13:36:11.313645-05:00,2418795,21339495,72153102,Servicios de construcción de campos deportivos interiores,UNSPSC
ocds-dgv273-seacev3-1228430,ocds-dgv273-seacev3-1228430-2026-09-05T13:36:05.853530-05:00,2419840,21315269,30111903,Lámina de malla de alambre,UNSPSC
ocds-dgv273-seacev3-2026-1724-2,ocds-dgv273-seacev3-2026-1724-2-2026-09-05T13:36:05.515034-05:00,2396355,21213277,72141128,Servicio de remodelación  y/o construcción de plazas públicas,UNSPSC
ocds-dgv273-seacev3-1196120,ocds-dgv273-seacev3-1196120-2026-09-05T13:36:05.241117-05:00,2389282,21222947,72153102,Servicios de construcción de campos deportivos interiores,UNSPSC
ocds-dgv273-seacev3-1199345,ocds-dgv273-seacev3-1199345-2026-09-05T13:35:53.794525-05:00,2388037,21231260,72141003,Servicios de mantenimiento de pistas y carreteras,UNSPSC
ocds-dgv273-seacev3-2026-2430-17,ocds-dgv273-seacev3-2026-2430-17-2026-09-05T13:35:53.745514-05:00,2419908,21236175,77111602,Servicios de descontaminación ambiental,UNSPSC
ocds-dgv273-seacev3-1193743,ocds-dgv273-seacev3-1193743-2026-09-05T13:35:53.540733-05:00,2402913,21217258,81101508,Ingeniería arquitectónica,UNSPSC
ocds-dgv273-seacev3-1191479,ocds-dgv273-seacev3-1191479-2026-09-05T13:35:53.503623-05:00,2419608,21211434,72101507,Servicio de mantenimiento de edificios,UNSPSC
ocds-dgv273-seacev3-2026-1366-1,ocds-dgv273-seacev3-2026-1366-1-2026-09-05T13:35:53.486593-05:00,2388244,21225689,72153102,Servicios de construcción de campos deportivos interiores,UNSPSC
ocds-dgv273-seacev3-1191705,ocds-dgv273-seacev3-1191705-2026-09-04T13:58:05.605124-05:00,2388321,21213422,72141121,Servicios de construcción de tuberías principales de agua,UNSPSC
ocds-dgv273-seacev3-1235342,ocds-dgv273-seacev3-1235342-2026-09-04T13:57:50.817147-05:00,2419452,21333994,15101505,Diesel,UNSPSC
ocds-dgv273-seacev3-1194524,ocds-dgv273-seacev3-1194524-2026-09-04T13:57:31.711610-05:00,2389346,21219412,72121203,Servicios de construcción de silos y de edificaciones para servicio agrícola,UNSPSC
ocds-dgv273-seacev3-2026-10433-3,ocds-dgv273-seacev3-2026-10433-3-2026-09-04T13:57:21.046387-05:00,2392893,21222749,72141107,Servicios de construcción y reparación de puentes,UNSPSC
ocds-dgv273-seacev3-2026-1156-7,ocds-dgv273-seacev3-2026-1156-7-2026-09-04T13:57:20.964759-05:00,2419569,21216020,72141001,Servicios de construcción de pistas y carreteras nuevas,UNSPSC
ocds-dgv273-seacev3-2026-174340-2,ocds-dgv273-seacev3-2026-174340-2-2026-09-04T13:57:20.944674-05:00,2419591,21238365,92101501,Servicios de vigilancia,UNSPSC
ocds-dgv273-seacev3-1199957,ocds-dgv273-seacev3-1199957-2026-09-04T13:57:20.736773-05:00,2419225,21233170,72141106,Servicios de construcción de caminos de grava o tierra,UNSPSC
ocds-dgv273-seacev3-1240267,ocds-dgv273-seacev3-1240267-2026-09-04T13:57:11.210547-05:00,2419390,21345679,55101519,Publicaciones periodicas,UNSPSC
ocds-dgv273-seacev3-1197989,ocds-dgv273-seacev3-1197989-2026-09-04T13:56:57.394242-05:00,2387751,21227364,48101605,Molinos de alimentos de uso comercial,UNSPSC
ocds-dgv273-seacev3-2026-1593-25,ocds-dgv273-seacev3-2026-1593-25-2026-09-04T13:56:57.096167-05:00,2403678,21236201,72141121,Servicios de construcción de tuberías principales de agua,UNSPSC
ocds-dgv273-seacev3-1213865,ocds-dgv273-seacev3-1213865-2026-09-03T10:50:54.176212-05:00,2396680,21271914,42295524,Lentes intraoculares IOL,UNSPSC
ocds-dgv273-seacev3-1213865,ocds-dgv273-seacev3-1213865-2026-09-03T10:50:54.176212-05:00,2396680,21271913,42295524,Lentes intraoculares IOL,UNSPSC
ocds-dgv273-seacev3-1213865,ocds-dgv273-seacev3-1213865-2026-09-03T10:50:54.176212-05:00,2396680,21271912,42295524,Lentes intraoculares IOL,UNSPSC
ocds-dgv273-seacev3-1213865,ocds-dgv273-seacev3-1213865-2026-09-03T10:50:54.176212-05:00,2396680,21271911,42295524,Lentes intraoculares IOL,UNSPSC
ocds-dgv273-seacev3-1204506,ocds-dgv273-seacev3-1204506-2026-09-03T10:50:53.563111-05:00,2398472,21246964,83101501,Suministro de agua,UNSPSC
ocds-dgv273-seacev3-1196675,ocds-dgv273-seacev3-1196675-2026-09-03T10:50:53.492502-05:00,2401852,21224416,72141106,Servicios de construcción de caminos de grava o tierra,UNSPSC
ocds-dgv273-seacev3-1200498,ocds-dgv273-seacev3-1200498-2026-09-03T10:50:53.455317-05:00,2390809,21234949,72141701,Servicio de arrendamiento o alquiler de maquinaria de construcción,UNSPSC
ocds-dgv273-seacev3-1219815,ocds-dgv273-seacev3-1219815-2026-09-03T10:50:36.334275-05:00,2419020,21290968,80101604,Administración o planificación de proyectos,UNSPSC
ocds-dgv273-seacev3-1200959,ocds-dgv273-seacev3-1200959-2026-09-03T10:50:35.997455-05:00,2418170,21236373,41113309,Analizadores de enzimas,UNSPSC
ocds-dgv273-seacev3-2026-2386-6,ocds-dgv273-seacev3-2026-2386-6-2026-09-03T10:50:35.980757-05:00,2419000,21222506,50131702,Leche o productos de mantequilla estables sin refrigerar,UNSPSC
ocds-dgv273-seacev3-1194772,ocds-dgv273-seacev3-1194772-2026-09-03T10:50:35.963738-05:00,2392333,21219835,72152605,Servicios de montaje y reparación de techos,UNSPSC
ocds-dgv273-seacev3-1195864,ocds-dgv273-seacev3-1195864-2026-09-03T10:50:35.875097-05:00,2397538,21225724,72153102,Servicios de construcción de campos deportivos interiores,UNSPSC
ocds-dgv273-seacev3-2026-200030-19,ocds-dgv273-seacev3-2026-200030-19-2026-09-03T10:50:22.704407-05:00,2391133,21231102,72121406,Servicios de construcción de escuelas,UNSPSC
ocds-dgv273-seacev3-2026-1731-43,ocds-dgv273-seacev3-2026-1731-43-2026-09-03T10:50:22.674754-05:00,2396402,21226948,72121101,Servicios de construcción de nuevos edificios comerciales y de oficinas,UNSPSC
ocds-dgv273-seacev3-1196719,ocds-dgv273-seacev3-1196719-2026-09-03T10:50:22.637992-05:00,2396434,21224447,72153102,Servicios de construcción de campos deportivos interiores,UNSPSC
ocds-dgv273-seacev3-1201173,ocds-dgv273-seacev3-1201173-2026-09-03T10:50:22.416566-05:00,2394438,21236907,72141121,Servicios de construcción de tuberías principales de agua,UNSPSC
ocds-dgv273-seacev3-1197796,ocds-dgv273-seacev3-1197796-2026-09-03T10:50:22.398291-05:00,2392903,21227051,11111611,Grava,UNSPSC
ocds-dgv273-seacev3-1199923,ocds-dgv273-seacev3-1199923-2026-09-03T10:50:22.382227-05:00,2395439,21233114,72141121,Servicios de construcción de tuberías principales de agua,UNSPSC
ocds-dgv273-seacev3-1196903,ocds-dgv273-seacev3-1196903-2026-09-03T10:50:09.240147-05:00,2417695,21224892,81101510,Ingeniería de carreteras,UNSPSC
ocds-dgv273-seacev3-1198347,ocds-dgv273-seacev3-1198347-2026-09-03T10:50:08.928326-05:00,2387866,21228316,30121601,Asfalto,UNSPSC
ocds-dgv273-seacev3-1197616,ocds-dgv273-seacev3-1197616-2026-09-03T10:50:08.892966-05:00,2401235,21226939,91111603,Servicios de cocina o preparación de comidas,UNSPSC
ocds-dgv273-seacev3-1197180,ocds-dgv273-seacev3-1197180-2026-09-03T10:50:04.856763-05:00,2391890,21225433,50131702,Leche o productos de mantequilla estables sin refrigerar,UNSPSC
ocds-dgv273-seacev3-1197180,ocds-dgv273-seacev3-1197180-2026-09-03T10:50:04.856763-05:00,2391912,21225434,50221101,Granos de cereal,UNSPSC
ocds-dgv273-seacev3-1198755,ocds-dgv273-seacev3-1198755-2026-09-03T10:49:55.776617-05:00,2384727,21229753,76101503,Servicios de desinfección o deodorización,UNSPSC
ocds-dgv273-seacev3-2026-425-4,ocds-dgv273-seacev3-2026-425-4-2026-09-03T10:49:35.906185-05:00,2392987,21225022,72141003,Servicios de mantenimiento de pistas y carreteras,UNSPSC
ocds-dgv273-seacev3-1197076,ocds-dgv273-seacev3-1197076-2026-09-03T10:49:35.881442-05:00,2392814,21225191,81101508,Ingeniería arquitectónica,UNSPSC
ocds-dgv273-seacev3-2026-1541-2,ocds-dgv273-seacev3-2026-1541-2-2026-09-03T10:49:23.733641-05:00,2386633,21215922,30111601,Cemento,UNSPSC
ocds-dgv273-seacev3-1193752,ocds-dgv273-seacev3-1193752-2026-09-03T10:49:23.665180-05:00,2383303,21217011,92101501,Servicios de vigilancia,UNSPSC
ocds-dgv273-seacev3-1199906,ocds-dgv273-seacev3-1199906-2026-09-03T10:49:23.526435-05:00,2393614,21233044,72141001,Servicios de construcción de pistas y carreteras nuevas,UNSPSC
ocds-dgv273-seacev3-1196645,ocds-dgv273-seacev3-1196645-2026-09-03T10:49:23.482153-05:00,2385797,21224283,80131502,Alquiler de instalaciones comerciales o industriales,UNSPSC
ocds-dgv273-seacev3-1200688,ocds-dgv273-seacev3-1200688-2026-09-03T10:49:10.440412-05:00,2396383,21235618,48101536,Horno para repostería de uso comercial,UNSPSC
ocds-dgv273-seacev3-2026-907-3,ocds-dgv273-seacev3-2026-907-3-2026-09-03T10:49:10.360770-05:00,2384573,21214208,72121406,Servicios de construcción de escuelas,UNSPSC
ocds-dgv273-seacev3-1192541,ocds-dgv273-seacev3-1192541-2026-08-30T10:02:48.151386-05:00,2385682,21214223,72153102,Servicios de construcción de campos deportivos interiores,UNSPSC
ocds-dgv273-seacev3-1193706,ocds-dgv273-seacev3-1193706-2026-08-30T10:02:48.135454-05:00,2386945,21217240,30111801,Agregado natural,UNSPSC
ocds-dgv273-seacev3-1199026,ocds-dgv273-seacev3-1199026-2026-08-30T10:02:48.086356-05:00,2398967,21230591,72141701,Servicio de arrendamiento o alquiler de maquinaria de construcción,UNSPSC
ocds-dgv273-seacev3-1198493,ocds-dgv273-seacev3-1198493-2026-08-30T10:02:47.982574-05:00,2385171,21228684,91111603,Servicios de cocina o preparación de comidas,UNSPSC
ocds-dgv273-seacev3-1200178,ocds-dgv273-seacev3-1200178-2026-08-30T10:02:47.930857-05:00,2403206,21233846,78101802,Servicios de transporte regional o nacional en camión,UNSPSC
ocds-dgv273-seacev3-1200939,ocds-dgv273-seacev3-1200939-2026-08-30T10:02:47.901539-05:00,2397680,21236307,78111808,Alquiler de vehículos,UNSPSC
ocds-dgv273-seacev3-1233846,ocds-dgv273-seacev3-1233846-2026-08-30T10:02:43.399807-05:00,2418432,21329701,92101501,Servicios de vigilancia,UNSPSC
ocds-dgv273-seacev3-1197588,ocds-dgv273-seacev3-1197588-2026-08-30T10:02:36.876880-05:00,2388537,21227484,72141003,Servicios de mantenimiento de pistas y carreteras,UNSPSC
ocds-dgv273-seacev3-2026-1995-4,ocds-dgv273-seacev3-2026-1995-4-2026-08-30T10:02:15.770196-05:00,2418264,21215482,42312005,Adhesivo o pegamento médico para el cierre de la piel,UNSPSC
ocds-dgv273-seacev3-1195869,ocds-dgv273-seacev3-1195869-2026-08-29T10:11:39.750271-05:00,2417899,21222616,72141701,Servicio de arrendamiento o alquiler de maquinaria de construcción,UNSPSC
ocds-dgv273-seacev3-1201059,ocds-dgv273-seacev3-1201059-2026-08-29T10:11:39.647545-05:00,2391303,21236617,80101604,Administración o planificación de proyectos,UNSPSC
ocds-dgv273-seacev3-1198528,ocds-dgv273-seacev3-1198528-2026-08-29T10:11:29.757131-05:00,2385147,21228787,91111603,Servicios de cocina o preparación de comidas,UNSPSC
ocds-dgv273-seacev3-1199089,ocds-dgv273-seacev3-1199089-2026-08-29T10:11:18.114139-05:00,2418088,21230773,30111601,Cemento,UNSPSC
ocds-dgv273-seacev3-2026-2009-80,ocds-dgv273-seacev3-2026-2009-80-2026-08-29T10:11:17.911577-05:00,2388797,21215784,30111801,Agregado natural,UNSPSC
ocds-dgv273-seacev3-2026-37-113,ocds-dgv273-seacev3-2026-37-113-2026-08-29T10:11:06.997932-05:00,2417986,21230363,78111808,Alquiler de vehículos,UNSPSC
ocds-dgv273-seacev3-2026-10439-2,ocds-dgv273-seacev3-2026-10439-2-2026-08-29T10:11:06.736931-05:00,2390276,21229281,15101505,Diesel,UNSPSC
ocds-dgv273-seacev3-2026-49-69,ocds-dgv273-seacev3-2026-49-69-2026-08-29T10:11:06.666736-05:00,2417881,21221798,11151516,Fibra de poliuretano o spandex,UNSPSC
ocds-dgv273-seacev3-1200827,ocds-dgv273-seacev3-1200827-2026-08-29T10:11:06.636409-05:00,2391897,21235933,72121203,Servicios de construcción de silos y de edificaciones para servicio agrícola,UNSPSC
ocds-dgv273-seacev3-2026-1926-124,ocds-dgv273-seacev3-2026-1926-124-2026-08-29T10:10:55.324806-05:00,2409513,21239847,40101701,Aires acondicionados y accesorios,UNSPSC
ocds-dgv273-seacev3-1196416,ocds-dgv273-seacev3-1196416-2026-08-29T10:10:45.438447-05:00,2417804,21223807,50131702,Leche o productos de mantequilla estables sin refrigerar,UNSPSC
ocds-dgv273-seacev3-1194952,ocds-dgv273-seacev3-1194952-2026-08-29T10:10:45.399570-05:00,2385407,21220438,72141121,Servicios de construcción de tuberías principales de agua,UNSPSC
ocds-dgv273-seacev3-1195908,ocds-dgv273-seacev3-1195908-2026-08-29T10:10:45.385848-05:00,2417903,21222665,72141701,Servicio de arrendamiento o alquiler de maquinaria de construcción,UNSPSC
ocds-dgv273-seacev3-1201175,ocds-dgv273-seacev3-1201175-2026-08-29T10:10:45.348190-05:00,2417962,21236891,27131502,Pistola de aire comprimido,UNSPSC
ocds-dgv273-seacev3-1197973,ocds-dgv273-seacev3-1197973-2026-08-29T10:10:45.271482-05:00,2388563,21227470,30111601,Cemento,UNSPSC
ocds-dgv273-seacev3-1195726,ocds-dgv273-seacev3-1195726-2026-08-29T10:10:45.238248-05:00,2417815,21222343,72153303,Servicio de mantenimiento y reparación de equipo de estación de servicio,UNSPSC
ocds-dgv273-seacev3-2026-206330-5,ocds-dgv273-seacev3-2026-206330-5-2026-08-29T10:10:45.222193-05:00,2417859,21235265,83111603,Servicios de telefonía móvil,UNSPSC
ocds-dgv273-seacev3-2026-1257-5,ocds-dgv273-seacev3-2026-1257-5-2026-08-29T10:10:32.075344-05:00,2396867,21225147,72152605,Servicios de montaje y reparación de techos,UNSPSC
ocds-dgv273-seacev3-1196329,ocds-dgv273-seacev3-1196329-2026-08-28T10:30:21.779626-05:00,2393004,21223690,72121406,Servicios de construcción de escuelas,UNSPSC
ocds-dgv273-seacev3-1203816,ocds-dgv273-seacev3-1203816-2026-08-28T10:30:21.615079-05:00,2395636,21245197,72121403,Servicios de construcción de hospitales,UNSPSC
ocds-dgv273-seacev3-1195090,ocds-dgv273-seacev3-1195090-2026-08-28T10:30:21.600365-05:00,2389030,21221008,72141121,Servicios de construcción de tuberías principales de agua,UNSPSC
ocds-dgv273-seacev3-1194559,ocds-dgv273-seacev3-1194559-2026-08-28T10:30:21.585700-05:00,2417517,21219322,11131602,Semen,UNSPSC
ocds-dgv273-seacev3-1232399,ocds-dgv273-seacev3-1232399-2026-08-28T10:30:13.577298-05:00,2417704,21325813,24141517,Película de polietileno,UNSPSC
ocds-dgv273-seacev3-2026-1003055873-1,ocds-dgv273-seacev3-2026-1003055873-1-2026-08-28T10:30:10.588845-05:00,2391463,21213686,92101501,Servicios de vigilancia,UNSPSC
ocds-dgv273-seacev3-1198115,ocds-dgv273-seacev3-1198115-2026-08-28T10:30:10.417817-05:00,2389068,21227859,81101508,Ingeniería arquitectónica,UNSPSC
ocds-dgv273-seacev3-1195259,ocds-dgv273-seacev3-1195259-2026-08-28T10:29:47.899762-05:00,2387733,21221182,39111544,Dispositivo de diodo emisor de luz LED,UNSPSC
ocds-dgv273-seacev3-1200190,ocds-dgv273-seacev3-1200190-2026-08-28T10:29:47.859270-05:00,2386720,21236920,80121609,Servicios de investigación legal,UNSPSC
ocds-dgv273-seacev3-1200663,ocds-dgv273-seacev3-1200663-2026-08-28T10:29:47.425643-05:00,2411953,21235474,56122001,Bancas para laboratorio,UNSPSC
ocds-dgv273-seacev3-1196378,ocds-dgv273-seacev3-1196378-2026-08-28T10:29:36.691471-05:00,2383769,21223728,91111603,Servicios de cocina o preparación de comidas,UNSPSC
ocds-dgv273-seacev3-1199842,ocds-dgv273-seacev3-1199842-2026-08-28T10:29:36.380481-05:00,2417626,21232870,72153002,Servicios de instalación y reparación de vidrios,UNSPSC
ocds-dgv273-seacev3-1194278,ocds-dgv273-seacev3-1194278-2026-08-28T10:29:24.613876-05:00,2393375,21218619,25101502,Autobuses,UNSPSC
ocds-dgv273-seacev3-1219955,ocds-dgv273-seacev3-1219955-2026-08-27T10:33:14.317802-05:00,2396407,21291481,80101508,Servicios de consultoría de inteligencia empresarial,UNSPSC
ocds-dgv273-seacev3-2026-10249-74,ocds-dgv273-seacev3-2026-10249-74-2026-08-27T10:33:13.059887-05:00,2399349,21236178,78101501,Transporte de carga aérea nacional,UNSPSC
ocds-dgv273-seacev3-1201758,ocds-dgv273-seacev3-1201758-2026-08-27T10:33:12.791976-05:00,2392621,21238639,72141505,Servicios de movimientos de tierras,UNSPSC
ocds-dgv273-seacev3-1209282,ocds-dgv273-seacev3-1209282-2026-08-27T10:32:50.065315-05:00,2393526,21258956,30111601,Cemento,UNSPSC
ocds-dgv273-seacev3-1196251,ocds-dgv273-seacev3-1196251-2026-08-27T10:32:49.757843-05:00,2389190,21223302,78111808,Alquiler de vehículos,UNSPSC
ocds-dgv273-seacev3-1197126,ocds-dgv273-seacev3-1197126-2026-08-27T10:32:38.371440-05:00,2401388,21225342,24102004,Estanterías para almacenaje,UNSPSC
ocds-dgv273-seacev3-1219587,ocds-dgv273-seacev3-1219587-2026-08-27T10:32:27.491635-05:00,2396070,21290340,80101604,Administración o planificación de proyectos,UNSPSC
ocds-dgv273-seacev3-1200629,ocds-dgv273-seacev3-1200629-2026-08-27T10:32:27.255227-05:00,2417064,21235411,72141505,Servicios de movimientos de tierras,UNSPSC
ocds-dgv273-seacev3-1199721,ocds-dgv273-seacev3-1199721-2026-08-27T10:32:27.101170-05:00,2417196,21232573,72141207,Servicios de construcción de puertos,UNSPSC
ocds-dgv273-seacev3-1217491,ocds-dgv273-seacev3-1217491-2026-08-27T10:32:16.939038-05:00,2416960,21283535,81101515,Ingeniería de infraestructura de plantas o instalaciones,UNSPSC
ocds-dgv273-seacev3-2026-1903-23,ocds-dgv273-seacev3-2026-1903-23-2026-08-27T10:32:15.638966-05:00,2390077,21215931,72121103,Servicios de renovación y reparación de edificios comerciales y de oficinas,UNSPSC
ocds-dgv273-seacev3-1200464,ocds-dgv273-seacev3-1200464-2026-08-27T10:32:15.579809-05:00,2416970,21234903,81101510,Ingeniería de carreteras,UNSPSC
ocds-dgv273-seacev3-1211571,ocds-dgv273-seacev3-1211571-2026-08-27T10:32:15.442050-05:00,2417003,21266280,91111601,Servicios de limpieza y mantenimiento,UNSPSC
ocds-dgv273-seacev3-1219928,ocds-dgv273-seacev3-1219928-2026-08-27T10:32:04.916803-05:00,2396392,21291421,80101604,Administración o planificación de proyectos,UNSPSC
ocds-dgv273-seacev3-1214428,ocds-dgv273-seacev3-1214428-2026-08-27T10:32:04.429194-05:00,2392017,21273388,93141506,Servicios de asistencia social,UNSPSC
ocds-dgv273-seacev3-1217448,ocds-dgv273-seacev3-1217448-2026-08-27T10:32:04.058553-05:00,2417106,21283385,80131502,Alquiler de instalaciones comerciales o industriales,UNSPSC
ocds-dgv273-seacev3-2026-1960-27,ocds-dgv273-seacev3-2026-1960-27-2026-08-27T10:32:03.924543-05:00,2383802,21234452,81112001,Servicio de procesamiento de datos en línea,UNSPSC
ocds-dgv273-seacev3-1198733,ocds-dgv273-seacev3-1198733-2026-08-27T10:32:03.771636-05:00,2417184,21229685,81101510,Ingeniería de carreteras,UNSPSC
ocds-dgv273-seacev3-1193134,ocds-dgv273-seacev3-1193134-2026-08-26T10:29:12.452362-05:00,2388545,21215593,72141128,Servicio de remodelación  y/o construcción de plazas públicas,UNSPSC
ocds-dgv273-seacev3-1198019,ocds-dgv273-seacev3-1198019-2026-08-26T10:29:02.000019-05:00,2392046,21227525,81101515,Ingeniería de infraestructura de plantas o instalaciones,UNSPSC
ocds-dgv273-seacev3-2026-200030-1,ocds-dgv273-seacev3-2026-200030-1-2026-08-26T10:28:39.872084-05:00,2390848,21224084,15101505,Diesel,UNSPSC
ocds-dgv273-seacev3-2026-200030-1,ocds-dgv273-seacev3-2026-200030-1-2026-08-26T10:28:39.872084-05:00,2390852,21224083,15101506,Gasolina o Petróleo,UNSPSC
ocds-dgv273-seacev3-2026-200252-30,ocds-dgv273-seacev3-2026-200252-30-2026-08-26T10:28:39.802289-05:00,2401712,21226072,72141003,Servicios de mantenimiento de pistas y carreteras,UNSPSC
ocds-dgv273-seacev3-1220125,ocds-dgv273-seacev3-1220125-2026-08-26T10:28:18.816289-05:00,2416821,21292115,78111808,Alquiler de vehículos,UNSPSC
ocds-dgv273-seacev3-1197467,ocds-dgv273-seacev3-1197467-2026-08-26T10:28:18.284758-05:00,2416675,21226354,10171602,Fertilizante potásico,UNSPSC
ocds-dgv273-seacev3-1195719,ocds-dgv273-seacev3-1195719-2026-08-26T10:28:18.234489-05:00,2388109,21222357,30111601,Cemento,UNSPSC
ocds-dgv273-seacev3-1199876,ocds-dgv273-seacev3-1199876-2026-08-26T10:28:18.060464-05:00,2416729,21233002,41116106,Tiras o papeles para pruebas de productos químicos,UNSPSC
ocds-dgv273-seacev3-1196322,ocds-dgv273-seacev3-1196322-2026-08-23T10:35:24.780938-05:00,2394348,21223827,72141003,Servicios de mantenimiento de pistas y carreteras,UNSPSC
ocds-dgv273-seacev3-1196432,ocds-dgv273-seacev3-1196432-2026-08-23T10:35:24.746954-05:00,2398353,21223861,72141003,Servicios de mantenimiento de pistas y carreteras,UNSPSC
ocds-dgv273-seacev3-1196269,ocds-dgv273-seacev3-1196269-2026-08-23T10:35:24.682693-05:00,2391475,21223317,72141003,Servicios de mantenimiento de pistas y carreteras,UNSPSC
ocds-dgv273-seacev3-2026-10189-2,ocds-dgv273-seacev3-2026-10189-2-2026-08-23T10:35:12.553121-05:00,2414130,21236197,92101501,Servicios de vigilancia,UNSPSC
ocds-dgv273-seacev3-2026-10189-2,ocds-dgv273-seacev3-2026-10189-2-2026-08-23T10:35:12.553121-05:00,2413299,21236199,92101501,Servicios de vigilancia,UNSPSC
ocds-dgv273-seacev3-2026-10189-2,ocds-dgv273-seacev3-2026-10189-2-2026-08-23T10:35:12.553121-05:00,2415010,21236198,92101501,Servicios de vigilancia,UNSPSC
ocds-dgv273-seacev3-2026-10189-2,ocds-dgv273-seacev3-2026-10189-2-2026-08-23T10:35:12.553121-05:00,2416564,21236195,92101501,Servicios de vigilancia,UNSPSC
ocds-dgv273-seacev3-1231589,ocds-dgv273-seacev3-1231589-2026-08-23T10:34:54.344428-05:00,2416528,21323686,43223320,Herramienta para medir prueba de continuidad en fibra óptica,UNSPSC
ocds-dgv273-seacev3-2026-2543-204,ocds-dgv273-seacev3-2026-2543-204-2026-08-23T10:34:53.690470-05:00,2407542,21229277,51111722,Imatinib,UNSPSC
ocds-dgv273-seacev3-2026-2543-204,ocds-dgv273-seacev3-2026-2543-204-2026-08-23T10:34:53.690470-05:00,2407464,21229275,51111822,Oxaliplatino,UNSPSC
ocds-dgv273-seacev3-1202013,ocds-dgv273-seacev3-1202013-2026-08-23T10:34:42.741331-05:00,2413436,21239656,76111501,Servicios de limpieza de edificios,UNSPSC
ocds-dgv273-seacev3-2026-1105-1,ocds-dgv273-seacev3-2026-1105-1-2026-08-23T10:34:22.769633-05:00,2393321,21216120,72141128,Servicio de remodelación  y/o construcción de plazas públicas,UNSPSC
ocds-dgv273-seacev3-1192354,ocds-dgv273-seacev3-1192354-2026-08-23T10:34:22.735257-05:00,2388610,21213759,80101604,Administración o planificación de proyectos,UNSPSC
ocds-dgv273-seacev3-1199830,ocds-dgv273-seacev3-1199830-2026-08-23T10:34:22.686675-05:00,2416439,21232872,42222008,Kits o accesorios de bombas de infusión,UNSPSC
ocds-dgv273-seacev3-2026-1339-37,ocds-dgv273-seacev3-2026-1339-37-2026-08-23T10:34:11.109108-05:00,2396317,21233093,72141106,Servicios de construcción de caminos de grava o tierra,UNSPSC
ocds-dgv273-seacev3-1234487,ocds-dgv273-seacev3-1234487-2026-08-23T10:33:53.914522-05:00,2416476,21331376,72141003,Servicios de mantenimiento de pistas y carreteras,UNSPSC
ocds-dgv273-seacev3-1200206,ocds-dgv273-seacev3-1200206-2026-08-23T10:33:51.123860-05:00,2394195,21233891,78111808,Alquiler de vehículos,UNSPSC
ocds-dgv273-seacev3-1195113,ocds-dgv273-seacev3-1195113-2026-08-23T10:33:39.521681-05:00,2393512,21220923,40141731,"Boquillas, inyectores",UNSPSC
ocds-dgv273-seacev3-1234645,ocds-dgv273-seacev3-1234645-2026-08-22T10:45:04.350742-05:00,2416178,21331744,50221101,Granos de cereal,UNSPSC
ocds-dgv273-seacev3-1232156,ocds-dgv273-seacev3-1232156-2026-08-22T10:45:03.003812-05:00,2416404,21325495,72141003,Servicios de mantenimiento de pistas y carreteras,UNSPSC
ocds-dgv273-seacev3-1221853,ocds-dgv273-seacev3-1221853-2026-08-22T10:45:02.107977-05:00,2416355,21297192,72141001,Servicios de construcción de pistas y carreteras nuevas,UNSPSC
ocds-dgv273-seacev3-1197355,ocds-dgv273-seacev3-1197355-2026-08-22T10:45:01.806079-05:00,2389028,21225918,10171702,Fungicidas,UNSPSC
ocds-dgv273-seacev3-1192726,ocds-dgv273-seacev3-1192726-2026-08-22T10:44:43.515956-05:00,2416370,21214647,52141526,Cafeteras domésticas,UNSPSC
ocds-dgv273-seacev3-2026-397-27,ocds-dgv273-seacev3-2026-397-27-2026-08-22T10:44:02.891242-05:00,2388630,21219870,50131702,Leche o productos de mantequilla estables sin refrigerar,UNSPSC
ocds-dgv273-seacev3-1194318,ocds-dgv273-seacev3-1194318-2026-08-22T10:43:44.058090-05:00,2385586,21218765,30111601,Cemento,UNSPSC
ocds-dgv273-seacev3-1194324,ocds-dgv273-seacev3-1194324-2026-08-22T10:43:43.957199-05:00,2387348,21218864,72141121,Servicios de construcción de tuberías principales de agua,UNSPSC
ocds-dgv273-seacev3-2026-1194-1,ocds-dgv273-seacev3-2026-1194-1-2026-08-22T10:43:43.889238-05:00,2391279,21222289,72141003,Servicios de mantenimiento de pistas y carreteras,UNSPSC
ocds-dgv273-seacev3-2026-1810-3,ocds-dgv273-seacev3-2026-1810-3-2026-08-22T10:43:07.310256-05:00,2388712,21229775,72141128,Servicio de remodelación  y/o construcción de plazas públicas,UNSPSC
ocds-dgv273-seacev3-1192249,ocds-dgv273-seacev3-1192249-2026-08-22T10:42:45.497937-05:00,2389535,21213360,72121103,Servicios de renovación y reparación de edificios comerciales y de oficinas,UNSPSC
ocds-dgv273-seacev3-1195805,ocds-dgv273-seacev3-1195805-2026-08-22T10:42:45.458495-05:00,2394734,21222466,72141508,Servicios de voladura excepto demolición de edificios,UNSPSC
ocds-dgv273-seacev3-1216526,ocds-dgv273-seacev3-1216526-2026-08-21T10:31:05.124967-05:00,2404629,21280136,72141003,Servicios de mantenimiento de pistas y carreteras,UNSPSC
ocds-dgv273-seacev3-1196774,ocds-dgv273-seacev3-1196774-2026-08-21T10:31:04.823832-05:00,2387347,21224776,81101508,Ingeniería arquitectónica,UNSPSC
ocds-dgv273-seacev3-1198586,ocds-dgv273-seacev3-1198586-2026-08-21T10:31:04.771323-05:00,2390014,21229268,72152605,Servicios de montaje y reparación de techos,UNSPSC
ocds-dgv273-seacev3-1199674,ocds-dgv273-seacev3-1199674-2026-08-21T10:30:53.762220-05:00,2394460,21232537,72141003,Servicios de mantenimiento de pistas y carreteras,UNSPSC
ocds-dgv273-seacev3-1226400,ocds-dgv273-seacev3-1226400-2026-08-21T10:30:42.042234-05:00,2415871,21309808,31211906,Rodillos de pintar,UNSPSC
ocds-dgv273-seacev3-1201669,ocds-dgv273-seacev3-1201669-2026-08-21T10:30:41.481001-05:00,2416054,21238411,81101701,Servicios de ingeniería eléctrica,UNSPSC
ocds-dgv273-seacev3-2026-10195-1,ocds-dgv273-seacev3-2026-10195-1-2026-08-21T10:30:41.443343-05:00,2415883,21222821,92101501,Servicios de vigilancia,UNSPSC
ocds-dgv273-seacev3-2026-2528-4,ocds-dgv273-seacev3-2026-2528-4-2026-08-21T10:30:30.365980-05:00,2415827,21238776,81101701,Servicios de ingeniería eléctrica,UNSPSC
ocds-dgv273-seacev3-2026-424-6,ocds-dgv273-seacev3-2026-424-6-2026-08-21T10:30:07.296241-05:00,2415985,21227168,72141121,Servicios de construcción de tuberías principales de agua,UNSPSC
ocds-dgv273-seacev3-2026-1377-3,ocds-dgv273-seacev3-2026-1377-3-2026-08-21T10:29:55.243115-05:00,2387388,21221132,72141003,Servicios de mantenimiento de pistas y carreteras,UNSPSC
ocds-dgv273-seacev3-1225580,ocds-dgv273-seacev3-1225580-2026-08-20T10:31:17.728933-05:00,2415388,21307794,72141505,Servicios de movimientos de tierras,UNSPSC
ocds-dgv273-seacev3-1236073,ocds-dgv273-seacev3-1236073-2026-08-20T10:31:09.672367-05:00,2415398,21335866,72141701,Servicio de arrendamiento o alquiler de maquinaria de construcción,UNSPSC
ocds-dgv273-seacev3-1221697,ocds-dgv273-seacev3-1221697-2026-08-20T10:31:06.909080-05:00,2415710,21296607,22101526,Excavadoras sobre orugas,UNSPSC
ocds-dgv273-seacev3-1221697,ocds-dgv273-seacev3-1221697-2026-08-20T10:31:06.909080-05:00,2415716,21296608,22101528,Cargadores sobre ruedas,UNSPSC
ocds-dgv273-seacev3-1221697,ocds-dgv273-seacev3-1221697-2026-08-20T10:31:06.909080-05:00,2415716,21296609,22101509,Retroexcavadoras,UNSPSC
ocds-dgv273-seacev3-2026-2430-2,ocds-dgv273-seacev3-2026-2430-2-2026-08-20T10:31:06.055530-05:00,2415698,21235913,77111602,Servicios de descontaminación ambiental,UNSPSC
ocds-dgv273-seacev3-2026-26662-1,ocds-dgv273-seacev3-2026-26662-1-2026-08-20T10:30:54.273249-05:00,2415474,21235869,81101505,Ingeniería estructural,UNSPSC
ocds-dgv273-seacev3-1199310,ocds-dgv273-seacev3-1199310-2026-08-20T10:30:54.256475-05:00,2395891,21231221,72141121,Servicios de construcción de tuberías principales de agua,UNSPSC
ocds-dgv273-seacev3-2026-200014-12,ocds-dgv273-seacev3-2026-200014-12-2026-08-20T10:30:54.065824-05:00,2394335,21213609,72101511,Servicio de reparación o mantenimiento o instalación de aire acondicionado,UNSPSC
ocds-dgv273-seacev3-1233024,ocds-dgv273-seacev3-1233024-2026-08-20T10:30:13.768014-05:00,2415661,21327752,72141128,Servicio de remodelación  y/o construcción de plazas públicas,UNSPSC
ocds-dgv273-seacev3-1201387,ocds-dgv273-seacev3-1201387-2026-08-19T10:31:47.132503-05:00,2398343,21237744,41105002,Equipo de tamizado para laboratorio,UNSPSC
ocds-dgv273-seacev3-2026-1810-1,ocds-dgv273-seacev3-2026-1810-1-2026-08-19T10:31:47.090791-05:00,2391759,21226300,72141003,Servicios de mantenimiento de pistas y carreteras,UNSPSC
ocds-dgv273-seacev3-1199902,ocds-dgv273-seacev3-1199902-2026-08-19T10:31:47.050863-05:00,2415008,21233004,12162302,Aceleradores de cemento,UNSPSC
ocds-dgv273-seacev3-2026-200528-1,ocds-dgv273-seacev3-2026-200528-1-2026-08-19T10:31:46.952321-05:00,2388995,21236793,76111505,Servicios de limpieza de telas y muebles,UNSPSC
ocds-dgv273-seacev3-2026-200170-11,ocds-dgv273-seacev3-2026-200170-11-2026-08-19T10:31:35.969644-05:00,2402483,21224733,77121704,Servicios de tratamiento de aguas superficiales,UNSPSC
ocds-dgv273-seacev3-1200563,ocds-dgv273-seacev3-1200563-2026-08-19T10:31:35.803288-05:00,2395186,21235438,50221101,Granos de cereal,UNSPSC
ocds-dgv273-seacev3-1200563,ocds-dgv273-seacev3-1200563-2026-08-19T10:31:35.803288-05:00,2395656,21235435,50131702,Leche o productos de mantequilla estables sin refrigerar,UNSPSC
ocds-dgv273-seacev3-2026-200190-11,ocds-dgv273-seacev3-2026-200190-11-2026-08-19T10:31:35.758989-05:00,2415249,21225399,53101602,Camisas para caballeros,UNSPSC
ocds-dgv273-seacev3-2026-200528-2,ocds-dgv273-seacev3-2026-200528-2-2026-08-19T10:31:35.671151-05:00,2388620,21232488,91111603,Servicios de cocina o preparación de comidas,UNSPSC
ocds-dgv273-seacev3-1202105,ocds-dgv273-seacev3-1202105-2026-08-19T10:31:13.853646-05:00,2389632,21241528,50131702,Leche o productos de mantequilla estables sin refrigerar,UNSPSC
ocds-dgv273-seacev3-1202105,ocds-dgv273-seacev3-1202105-2026-08-19T10:31:13.853646-05:00,2389605,21241529,50192109,"Papas fritas en hojuelas y al hilo, mix de bocaditos o galletas saladas",UNSPSC
ocds-dgv273-seacev3-1196939,ocds-dgv273-seacev3-1196939-2026-08-19T10:31:13.734648-05:00,2415338,21224923,72141001,Servicios de construcción de pistas y carreteras nuevas,UNSPSC
ocds-dgv273-seacev3-2026-1003000655-1,ocds-dgv273-seacev3-2026-1003000655-1-2026-08-19T10:31:13.396784-05:00,2390050,21221300,83121703,Servicios relacionados con Internet,UNSPSC
ocds-dgv273-seacev3-2026-1003000655-1,ocds-dgv273-seacev3-2026-1003000655-1-2026-08-19T10:31:13.396784-05:00,2412518,21321154,72121406,Servicios de construcción de escuelas,UNSPSC
ocds-dgv273-seacev3-1195095,ocds-dgv273-seacev3-1195095-2026-08-19T10:31:13.359514-05:00,2402168,21220916,72153102,Servicios de construcción de campos deportivos interiores,UNSPSC
ocds-dgv273-seacev3-1200358,ocds-dgv273-seacev3-1200358-2026-08-19T10:31:02.011884-05:00,2415299,21234454,81101508,Ingeniería arquitectónica,UNSPSC
ocds-dgv273-seacev3-1197344,ocds-dgv273-seacev3-1197344-2026-08-19T10:31:01.950228-05:00,2392323,21225822,11131604,Huevos de peces,UNSPSC
ocds-dgv273-seacev3-2026-1926-38,ocds-dgv273-seacev3-2026-1926-38-2026-08-19T10:31:01.917528-05:00,2400015,21228978,24112501,Cartones acanalados ranurados,UNSPSC
ocds-dgv273-seacev3-1197898,ocds-dgv273-seacev3-1197898-2026-08-19T10:31:01.858081-05:00,2415067,21228337,72141120,Servicios de construcción de líneas de alcantarillado,UNSPSC
ocds-dgv273-seacev3-1230645,ocds-dgv273-seacev3-1230645-2026-08-19T10:30:45.348155-05:00,2415289,21321407,53131609,Productos para la protección contra el sol,UNSPSC
ocds-dgv273-seacev3-1199992,ocds-dgv273-seacev3-1199992-2026-08-19T10:30:38.781584-05:00,2387315,21233243,78111808,Alquiler de vehículos,UNSPSC
ocds-dgv273-seacev3-1196437,ocds-dgv273-seacev3-1196437-2026-08-19T10:30:38.764022-05:00,2391130,21223867,72141003,Servicios de mantenimiento de pistas y carreteras,UNSPSC
ocds-dgv273-seacev3-1198997,ocds-dgv273-seacev3-1198997-2026-08-19T10:30:38.731087-05:00,2385187,21230505,72141003,Servicios de mantenimiento de pistas y carreteras,UNSPSC
ocds-dgv273-seacev3-2026-1983-29,ocds-dgv273-seacev3-2026-1983-29-2026-08-19T10:30:38.654577-05:00,2399160,21241460,81141807,Servicio de inspección de instalaciones sanitarias o alcantarillado,UNSPSC
ocds-dgv273-seacev3-1206812,ocds-dgv273-seacev3-1206812-2026-08-17T10:04:04.064601-05:00,2396685,21252604,72141128,Servicio de remodelación  y/o construcción de plazas públicas,UNSPSC
ocds-dgv273-seacev3-2026-822-11,ocds-dgv273-seacev3-2026-822-11-2026-08-16T10:08:08.600594-05:00,2394279,21239879,30111601,Cemento,UNSPSC
ocds-dgv273-seacev3-1175634,ocds-dgv273-seacev3-1175634-2026-08-16T10:08:08.445844-05:00,2388478,21164931,72121403,Servicios de construcción de hospitales,UNSPSC
ocds-dgv273-seacev3-1195088,ocds-dgv273-seacev3-1195088-2026-08-16T10:08:08.399568-05:00,2414952,21221007,30161602,Paneles para techos,UNSPSC
ocds-dgv273-seacev3-2026-2000-60,ocds-dgv273-seacev3-2026-2000-60-2026-08-16T10:08:08.359848-05:00,2414772,21238455,78121601,Carga y descarga de mercancías,UNSPSC
ocds-dgv273-seacev3-2026-1648-1,ocds-dgv273-seacev3-2026-1648-1-2026-08-16T10:08:08.342851-05:00,2387936,21219498,50151513,Aceites comestibles vegetales o de plantas,UNSPSC
ocds-dgv273-seacev3-1197079,ocds-dgv273-seacev3-1197079-2026-08-16T10:07:58.797578-05:00,2398010,21225193,72141106,Servicios de construcción de caminos de grava o tierra,UNSPSC
ocds-dgv273-seacev3-2026-49-79,ocds-dgv273-seacev3-2026-49-79-2026-08-16T10:07:58.776852-05:00,2414782,21229747,31211518,Pintura antioxidante,UNSPSC
ocds-dgv273-seacev3-1195734,ocds-dgv273-seacev3-1195734-2026-08-16T10:07:58.667054-05:00,2386317,21222397,41116105,Reactivos o soluciones químicos,UNSPSC
ocds-dgv273-seacev3-1198809,ocds-dgv273-seacev3-1198809-2026-08-16T10:07:58.463616-05:00,2385439,21229809,80131502,Alquiler de instalaciones comerciales o industriales,UNSPSC
ocds-dgv273-seacev3-2026-200096-2,ocds-dgv273-seacev3-2026-200096-2-2026-08-16T10:07:48.735090-05:00,2392454,21217061,15101505,Diesel,UNSPSC
ocds-dgv273-seacev3-1193631,ocds-dgv273-seacev3-1193631-2026-08-16T10:07:48.573633-05:00,2388163,21217084,15101505,Diesel,UNSPSC
ocds-dgv273-seacev3-1193557,ocds-dgv273-seacev3-1193557-2026-08-16T10:07:48.543392-05:00,2388149,21216781,15101505,Diesel,UNSPSC
ocds-dgv273-seacev3-2026-1234-2,ocds-dgv273-seacev3-2026-1234-2-2026-08-16T10:07:48.528138-05:00,2389073,21214270,72153102,Servicios de construcción de campos deportivos interiores,UNSPSC
ocds-dgv273-seacev3-1224152,ocds-dgv273-seacev3-1224152-2026-08-16T10:07:38.827919-05:00,2414947,21303356,53131609,Productos para la protección contra el sol,UNSPSC
ocds-dgv273-seacev3-1201035,ocds-dgv273-seacev3-1201035-2026-08-16T10:07:38.130128-05:00,2391477,21236616,72141121,Servicios de construcción de tuberías principales de agua,UNSPSC
ocds-dgv273-seacev3-1196393,ocds-dgv273-seacev3-1196393-2026-08-16T10:07:38.073397-05:00,2391901,21223640,81101515,Ingeniería de infraestructura de plantas o instalaciones,UNSPSC
ocds-dgv273-seacev3-1198741,ocds-dgv273-seacev3-1198741-2026-08-16T10:07:38.026268-05:00,2414809,21229710,72121104,Servicios de construcción de restaurantes,UNSPSC
ocds-dgv273-seacev3-1194572,ocds-dgv273-seacev3-1194572-2026-08-16T10:07:37.950515-05:00,2387682,21219508,72153102,Servicios de construcción de campos deportivos interiores,UNSPSC
ocds-dgv273-seacev3-2026-1003003812-5,ocds-dgv273-seacev3-2026-1003003812-5-2026-08-16T10:07:37.928529-05:00,2414785,21241592,92101501,Servicios de vigilancia,UNSPSC
ocds-dgv273-seacev3-2026-200528-3,ocds-dgv273-seacev3-2026-200528-3-2026-08-15T10:17:47.805936-05:00,2397626,21241974,76111501,Servicios de limpieza de edificios,UNSPSC
ocds-dgv273-seacev3-2026-426-1,ocds-dgv273-seacev3-2026-426-1-2026-08-15T10:17:47.790482-05:00,2414600,21224315,81101508,Ingeniería arquitectónica,UNSPSC
ocds-dgv273-seacev3-2026-1942-8,ocds-dgv273-seacev3-2026-1942-8-2026-08-15T10:17:47.708850-05:00,2414458,21228200,81101508,Ingeniería arquitectónica,UNSPSC
ocds-dgv273-seacev3-1195160,ocds-dgv273-seacev3-1195160-2026-08-15T10:17:38.110767-05:00,2387177,21221068,72141003,Servicios de mantenimiento de pistas y carreteras,UNSPSC
ocds-dgv273-seacev3-2026-1983-39,ocds-dgv273-seacev3-2026-1983-39-2026-08-15T10:17:27.431198-05:00,2395165,21230645,41114612,Probadores de resistencia,UNSPSC
ocds-dgv273-seacev3-1200542,ocds-dgv273-seacev3-1200542-2026-08-15T10:17:27.398090-05:00,2396855,21235179,72121403,Servicios de construcción de hospitales,UNSPSC
ocds-dgv273-seacev3-1193849,ocds-dgv273-seacev3-1193849-2026-08-15T10:17:27.346461-05:00,2384514,21217484,72121408,Servicios de construcción de estadios,UNSPSC
ocds-dgv273-seacev3-2026-2383-170,ocds-dgv273-seacev3-2026-2383-170-2026-08-15T10:17:27.137175-05:00,2414420,21237540,53101602,Camisas para caballeros,UNSPSC
ocds-dgv273-seacev3-2026-2383-170,ocds-dgv273-seacev3-2026-2383-170-2026-08-15T10:17:27.137175-05:00,2414420,21237544,53103001,Polos para caballero,UNSPSC
ocds-dgv273-seacev3-2026-2383-170,ocds-dgv273-seacev3-2026-2383-170-2026-08-15T10:17:27.137175-05:00,2414420,21237539,46181531,Ropa reflectante o accesorios,UNSPSC
ocds-dgv273-seacev3-2026-2383-170,ocds-dgv273-seacev3-2026-2383-170-2026-08-15T10:17:27.137175-05:00,2414420,21237541,53101802,Abrigos o casacas para caballeros,UNSPSC
ocds-dgv273-seacev3-2026-2383-170,ocds-dgv273-seacev3-2026-2383-170-2026-08-15T10:17:27.137175-05:00,2414420,21237542,46181531,Ropa reflectante o accesorios,UNSPSC
ocds-dgv273-seacev3-2026-2383-170,ocds-dgv273-seacev3-2026-2383-170-2026-08-15T10:17:27.137175-05:00,2414420,21237545,53101602,Camisas para caballeros,UNSPSC
ocds-dgv273-seacev3-2026-2383-170,ocds-dgv273-seacev3-2026-2383-170-2026-08-15T10:17:27.137175-05:00,2414420,21237543,53101604,Camisas o blusas para damas,UNSPSC
ocds-dgv273-seacev3-2026-2383-170,ocds-dgv273-seacev3-2026-2383-170-2026-08-15T10:17:27.137175-05:00,2414450,21237538,53101802,Abrigos o casacas para caballeros,UNSPSC
ocds-dgv273-seacev3-1197056,ocds-dgv273-seacev3-1197056-2026-08-15T10:17:16.167250-05:00,2390555,21226352,72141003,Servicios de mantenimiento de pistas y carreteras,UNSPSC
ocds-dgv273-seacev3-1195631,ocds-dgv273-seacev3-1195631-2026-08-15T10:17:16.055339-05:00,2414612,21222175,72152507,Servicios de instalación de baldosas y láminas para pisos de vinilo,UNSPSC
ocds-dgv273-seacev3-1197698,ocds-dgv273-seacev3-1197698-2026-08-15T10:17:15.913679-05:00,2387504,21226662,81101508,Ingeniería arquitectónica,UNSPSC
ocds-dgv273-seacev3-2026-2383-150,ocds-dgv273-seacev3-2026-2383-150-2026-08-15T10:17:04.266009-05:00,2403965,21233068,70111713,Servicios de gestión o mantenimiento de parques,UNSPSC
ocds-dgv273-seacev3-2026-2383-150,ocds-dgv273-seacev3-2026-2383-150-2026-08-15T10:17:04.266009-05:00,2403965,21233067,70111713,Servicios de gestión o mantenimiento de parques,UNSPSC
ocds-dgv273-seacev3-2026-2383-150,ocds-dgv273-seacev3-2026-2383-150-2026-08-15T10:17:04.266009-05:00,2414408,21233069,70111713,Servicios de gestión o mantenimiento de parques,UNSPSC
ocds-dgv273-seacev3-1197550,ocds-dgv273-seacev3-1197550-2026-08-15T10:17:04.102589-05:00,2390947,21226273,72141003,Servicios de mantenimiento de pistas y carreteras,UNSPSC
ocds-dgv273-seacev3-1196928,ocds-dgv273-seacev3-1196928-2026-08-15T10:17:04.071179-05:00,2387813,21224671,50131702,Leche o productos de mantequilla estables sin refrigerar,UNSPSC
ocds-dgv273-seacev3-1197240,ocds-dgv273-seacev3-1197240-2026-08-15T10:16:53.575807-05:00,2391581,21225574,72141003,Servicios de mantenimiento de pistas y carreteras,UNSPSC
ocds-dgv273-seacev3-1197692,ocds-dgv273-seacev3-1197692-2026-08-15T10:16:53.446962-05:00,2414520,21226602,11111701,Arena silícea,UNSPSC
ocds-dgv273-seacev3-1193589,ocds-dgv273-seacev3-1193589-2026-08-15T10:16:53.297960-05:00,2392577,21216799,72153102,Servicios de construcción de campos deportivos interiores,UNSPSC
ocds-dgv273-seacev3-2026-240282-3,ocds-dgv273-seacev3-2026-240282-3-2026-08-14T10:33:12.386851-05:00,2389201,21226062,72152605,Servicios de montaje y reparación de techos,UNSPSC
ocds-dgv273-seacev3-2026-1003057621-4,ocds-dgv273-seacev3-2026-1003057621-4-2026-08-14T10:33:03.806606-05:00,2414192,21324564,80101604,Administración o planificación de proyectos,UNSPSC
ocds-dgv273-seacev3-1232140,ocds-dgv273-seacev3-1232140-2026-08-14T10:32:54.586816-05:00,2414151,21325281,81112001,Servicio de procesamiento de datos en línea,UNSPSC
ocds-dgv273-seacev3-1236540,ocds-dgv273-seacev3-1236540-2026-08-14T10:32:53.402041-05:00,2414342,21336920,78101802,Servicios de transporte regional o nacional en camión,UNSPSC
ocds-dgv273-seacev3-2026-1003057621-3,ocds-dgv273-seacev3-2026-1003057621-3-2026-08-14T10:32:51.687945-05:00,2414173,21324454,80101604,Administración o planificación de proyectos,UNSPSC
ocds-dgv273-seacev3-1196405,ocds-dgv273-seacev3-1196405-2026-08-14T10:32:39.263472-05:00,2403530,21235505,72121406,Servicios de construcción de escuelas,UNSPSC
ocds-dgv273-seacev3-1201971,ocds-dgv273-seacev3-1201971-2026-08-14T10:32:39.098170-05:00,2393693,21239615,30111601,Cemento,UNSPSC
ocds-dgv273-seacev3-1199221,ocds-dgv273-seacev3-1199221-2026-08-14T10:32:38.721653-05:00,2398983,21230971,78101805,Servicio de alquiler de camión pipa y tráiler,UNSPSC
ocds-dgv273-seacev3-1197636,ocds-dgv273-seacev3-1197636-2026-08-14T10:32:38.607769-05:00,2399131,21227215,72141701,Servicio de arrendamiento o alquiler de maquinaria de construcción,UNSPSC
ocds-dgv273-seacev3-1198458,ocds-dgv273-seacev3-1198458-2026-08-14T10:32:38.557426-05:00,2388603,21228576,72141701,Servicio de arrendamiento o alquiler de maquinaria de construcción,UNSPSC
ocds-dgv273-seacev3-2026-1003057621-1,ocds-dgv273-seacev3-2026-1003057621-1-2026-08-14T10:32:30.109976-05:00,2414166,21322494,92101501,Servicios de vigilancia,UNSPSC
ocds-dgv273-seacev3-1234582,ocds-dgv273-seacev3-1234582-2026-08-14T10:32:21.427857-05:00,2414196,21331689,80101601,Estudios de factibilidad o evaluación de ideas de proyectos,UNSPSC
ocds-dgv273-seacev3-1195729,ocds-dgv273-seacev3-1195729-2026-08-14T10:32:16.268183-05:00,2399049,21222377,72141701,Servicio de arrendamiento o alquiler de maquinaria de construcción,UNSPSC
ocds-dgv273-seacev3-2026-200014-9,ocds-dgv273-seacev3-2026-200014-9-2026-08-14T10:32:16.218426-05:00,2394332,21213647,72152101,Servicios de trabajos acústicos y de cielo raso,UNSPSC
ocds-dgv273-seacev3-1198383,ocds-dgv273-seacev3-1198383-2026-08-14T10:32:16.193576-05:00,2391681,21228441,72141001,Servicios de construcción de pistas y carreteras nuevas,UNSPSC
ocds-dgv273-seacev3-1200030,ocds-dgv273-seacev3-1200030-2026-08-13T10:28:31.760521-05:00,2393663,21233316,72141128,Servicio de remodelación  y/o construcción de plazas públicas,UNSPSC
ocds-dgv273-seacev3-1201524,ocds-dgv273-seacev3-1201524-2026-08-13T10:28:31.736619-05:00,2389574,21237946,72153102,Servicios de construcción de campos deportivos interiores,UNSPSC
ocds-dgv273-seacev3-1200680,ocds-dgv273-seacev3-1200680-2026-08-13T10:28:31.468441-05:00,2393424,21235578,72141128,Servicio de remodelación  y/o construcción de plazas públicas,UNSPSC
ocds-dgv273-seacev3-1193545,ocds-dgv273-seacev3-1193545-2026-08-13T10:28:20.829927-05:00,2413845,21216748,72141106,Servicios de construcción de caminos de grava o tierra,UNSPSC
ocds-dgv273-seacev3-1219759,ocds-dgv273-seacev3-1219759-2026-08-13T10:28:12.131930-05:00,2405843,21290629,72141003,Servicios de mantenimiento de pistas y carreteras,UNSPSC
ocds-dgv273-seacev3-1199029,ocds-dgv273-seacev3-1199029-2026-08-13T10:28:09.891533-05:00,2389432,21230894,72153102,Servicios de construcción de campos deportivos interiores,UNSPSC
ocds-dgv273-seacev3-2026-200168-29,ocds-dgv273-seacev3-2026-200168-29-2026-08-13T10:27:38.370029-05:00,2389139,21259315,81111811,Servicios de asistencia o soporte técnico,UNSPSC
ocds-dgv273-seacev3-1219527,ocds-dgv273-seacev3-1219527-2026-08-13T10:27:37.949196-05:00,2413868,21289905,41115805,Analizadores de gases sanguíneos,UNSPSC
ocds-dgv273-seacev3-1192560,ocds-dgv273-seacev3-1192560-2026-08-13T10:27:24.206416-05:00,2391493,21214243,30131507,Bloque de concreto ligero,UNSPSC
ocds-dgv273-seacev3-1196412,ocds-dgv273-seacev3-1196412-2026-08-12T10:30:39.211401-05:00,2388542,21223628,15101505,Diesel,UNSPSC
ocds-dgv273-seacev3-2026-212-6,ocds-dgv273-seacev3-2026-212-6-2026-08-12T10:30:27.770888-05:00,2390471,21218893,72121203,Servicios de construcción de silos y de edificaciones para servicio agrícola,UNSPSC
ocds-dgv273-seacev3-1199741,ocds-dgv273-seacev3-1199741-2026-08-12T10:30:27.705460-05:00,2388957,21232680,81161801,Servicio de arrendamiento o alquiler de plataforma o equipo de comunicación de datos,UNSPSC
ocds-dgv273-seacev3-1192912,ocds-dgv273-seacev3-1192912-2026-08-12T10:30:16.406145-05:00,2383558,21215123,72154022,Servicios de instalación y mantenimiento de equipos hidráulicos,UNSPSC
ocds-dgv273-seacev3-2026-200-19,ocds-dgv273-seacev3-2026-200-19-2026-08-12T10:30:16.349593-05:00,2384731,21214462,81101515,Ingeniería de infraestructura de plantas o instalaciones,UNSPSC
ocds-dgv273-seacev3-2026-1823-4,ocds-dgv273-seacev3-2026-1823-4-2026-08-12T10:30:16.310525-05:00,2383734,21217170,50111514,Cerdo mínimamente procesado sin aditivos,UNSPSC
ocds-dgv273-seacev3-2026-1823-4,ocds-dgv273-seacev3-2026-1823-4-2026-08-12T10:30:16.310525-05:00,2384421,21217171,10101601,Pollos vivos,UNSPSC
ocds-dgv273-seacev3-1228748,ocds-dgv273-seacev3-1228748-2026-08-12T10:30:06.429040-05:00,2413623,21316249,50192109,"Papas fritas en hojuelas y al hilo, mix de bocaditos o galletas saladas",UNSPSC
ocds-dgv273-seacev3-1222652,ocds-dgv273-seacev3-1222652-2026-08-12T10:30:05.896859-05:00,2405634,21299409,72141003,Servicios de mantenimiento de pistas y carreteras,UNSPSC
ocds-dgv273-seacev3-1195790,ocds-dgv273-seacev3-1195790-2026-08-12T10:29:31.551671-05:00,2384695,21224866,81101505,Ingeniería estructural,UNSPSC
ocds-dgv273-seacev3-1195790,ocds-dgv273-seacev3-1195790-2026-08-12T10:29:31.551671-05:00,2384690,21224865,81101505,Ingeniería estructural,UNSPSC
ocds-dgv273-seacev3-1195790,ocds-dgv273-seacev3-1195790-2026-08-12T10:29:31.551671-05:00,2384702,21224867,81101505,Ingeniería estructural,UNSPSC
ocds-dgv273-seacev3-1204009,ocds-dgv273-seacev3-1204009-2026-08-10T10:05:32.282408-05:00,2391084,21245942,72152602,Servicios de canaletas y bajadas de agua,UNSPSC
ocds-dgv273-seacev3-1188569,ocds-dgv273-seacev3-1188569-2026-08-10T10:05:32.264168-05:00,2393932,21204031,72141003,Servicios de mantenimiento de pistas y carreteras,UNSPSC
ocds-dgv273-seacev3-1228649,ocds-dgv273-seacev3-1228649-2026-08-07T10:22:37.550839-05:00,2412996,21315991,81101508,Ingeniería arquitectónica,UNSPSC
ocds-dgv273-seacev3-1231814,ocds-dgv273-seacev3-1231814-2026-08-07T10:22:30.545739-05:00,2413046,21324427,72141003,Servicios de mantenimiento de pistas y carreteras,UNSPSC
ocds-dgv273-seacev3-1200617,ocds-dgv273-seacev3-1200617-2026-08-07T10:22:24.406942-05:00,2413167,21235405,73152108,Servicio de reparación y mantenimiento de equipo eléctrico,UNSPSC
ocds-dgv273-seacev3-1196715,ocds-dgv273-seacev3-1196715-2026-08-07T10:22:24.352528-05:00,2402099,21224728,72101507,Servicio de mantenimiento de edificios,UNSPSC
ocds-dgv273-seacev3-1197811,ocds-dgv273-seacev3-1197811-2026-08-07T10:22:24.336294-05:00,2392980,21226963,72141128,Servicio de remodelación  y/o construcción de plazas públicas,UNSPSC
ocds-dgv273-seacev3-1195832,ocds-dgv273-seacev3-1195832-2026-08-07T10:22:24.026847-05:00,2412745,21222587,72141107,Servicios de construcción y reparación de puentes,UNSPSC
ocds-dgv273-seacev3-2026-2525-70,ocds-dgv273-seacev3-2026-2525-70-2026-08-07T10:22:23.895989-05:00,2408599,21231105,72121105,Servicios de construcción de centros comerciales y galerías,UNSPSC
ocds-dgv273-seacev3-1231406,ocds-dgv273-seacev3-1231406-2026-08-07T10:22:16.091671-05:00,2413233,21323417,72141003,Servicios de mantenimiento de pistas y carreteras,UNSPSC
ocds-dgv273-seacev3-1192399,ocds-dgv273-seacev3-1192399-2026-08-07T10:22:13.876108-05:00,2413105,21213814,30103603,Madera para uso estructural,UNSPSC
ocds-dgv273-seacev3-2026-2543-278,ocds-dgv273-seacev3-2026-2543-278-2026-08-07T10:22:13.805911-05:00,2412853,21234498,85121504,Servicios médicos de emergencia de médicos de atenciòn primaria,UNSPSC
ocds-dgv273-seacev3-2026-2543-278,ocds-dgv273-seacev3-2026-2543-278-2026-08-07T10:22:13.805911-05:00,2412776,21234479,85121504,Servicios médicos de emergencia de médicos de atenciòn primaria,UNSPSC
ocds-dgv273-seacev3-2026-2543-278,ocds-dgv273-seacev3-2026-2543-278-2026-08-07T10:22:13.805911-05:00,2413063,21234486,85121504,Servicios médicos de emergencia de médicos de atenciòn primaria,UNSPSC
ocds-dgv273-seacev3-2026-2543-278,ocds-dgv273-seacev3-2026-2543-278-2026-08-07T10:22:13.805911-05:00,2412989,21234478,85121504,Servicios médicos de emergencia de médicos de atenciòn primaria,UNSPSC
ocds-dgv273-seacev3-2026-2543-278,ocds-dgv273-seacev3-2026-2543-278-2026-08-07T10:22:13.805911-05:00,2413184,21234471,85121504,Servicios médicos de emergencia de médicos de atenciòn primaria,UNSPSC
ocds-dgv273-seacev3-2026-2543-278,ocds-dgv273-seacev3-2026-2543-278-2026-08-07T10:22:13.805911-05:00,2413164,21234487,85121504,Servicios médicos de emergencia de médicos de atenciòn primaria,UNSPSC
ocds-dgv273-seacev3-2026-2543-278,ocds-dgv273-seacev3-2026-2543-278-2026-08-07T10:22:13.805911-05:00,2413096,21234209,85121504,Servicios médicos de emergencia de médicos de atenciòn primaria,UNSPSC
ocds-dgv273-seacev3-2026-2543-278,ocds-dgv273-seacev3-2026-2543-278-2026-08-07T10:22:13.805911-05:00,2413070,21234466,85121504,Servicios médicos de emergencia de médicos de atenciòn primaria,UNSPSC
ocds-dgv273-seacev3-2026-2543-278,ocds-dgv273-seacev3-2026-2543-278-2026-08-07T10:22:13.805911-05:00,2413053,21234480,85121504,Servicios médicos de emergencia de médicos de atenciòn primaria,UNSPSC
ocds-dgv273-seacev3-2026-2543-278,ocds-dgv273-seacev3-2026-2543-278-2026-08-07T10:22:13.805911-05:00,2412972,21234463,85121504,Servicios médicos de emergencia de médicos de atenciòn primaria,UNSPSC
ocds-dgv273-seacev3-2026-2543-278,ocds-dgv273-seacev3-2026-2543-278-2026-08-07T10:22:13.805911-05:00,2413012,21234489,85121504,Servicios médicos de emergencia de médicos de atenciòn primaria,UNSPSC
ocds-dgv273-seacev3-2026-2543-278,ocds-dgv273-seacev3-2026-2543-278-2026-08-07T10:22:13.805911-05:00,2413084,21234462,85121504,Servicios médicos de emergencia de médicos de atenciòn primaria,UNSPSC
ocds-dgv273-seacev3-2026-2543-278,ocds-dgv273-seacev3-2026-2543-278-2026-08-07T10:22:13.805911-05:00,2413154,21234484,85121504,Servicios médicos de emergencia de médicos de atenciòn primaria,UNSPSC
ocds-dgv273-seacev3-2026-2543-278,ocds-dgv273-seacev3-2026-2543-278-2026-08-07T10:22:13.805911-05:00,2412963,21234491,85121504,Servicios médicos de emergencia de médicos de atenciòn primaria,UNSPSC
ocds-dgv273-seacev3-1211691,ocds-dgv273-seacev3-1211691-2026-08-07T10:22:04.649681-05:00,2391113,21266627,80101604,Administración o planificación de proyectos,UNSPSC
ocds-dgv273-seacev3-2026-203378-5,ocds-dgv273-seacev3-2026-203378-5-2026-08-07T10:22:04.530077-05:00,2413068,21233301,50131702,Leche o productos de mantequilla estables sin refrigerar,UNSPSC
ocds-dgv273-seacev3-1192372,ocds-dgv273-seacev3-1192372-2026-08-07T10:22:04.231819-05:00,2385555,21213742,72121406,Servicios de construcción de escuelas,UNSPSC
ocds-dgv273-seacev3-1194999,ocds-dgv273-seacev3-1194999-2026-08-07T10:21:53.328341-05:00,2395124,21220755,30111505,Hormigón premezclado,UNSPSC
ocds-dgv273-seacev3-1200216,ocds-dgv273-seacev3-1200216-2026-08-07T10:21:53.253432-05:00,2413126,21234033,81101515,Ingeniería de infraestructura de plantas o instalaciones,UNSPSC
ocds-dgv273-seacev3-2026-1922-8,ocds-dgv273-seacev3-2026-1922-8-2026-08-07T10:21:53.133878-05:00,2393196,21235817,80131502,Alquiler de instalaciones comerciales o industriales,UNSPSC
ocds-dgv273-seacev3-1210014,ocds-dgv273-seacev3-1210014-2026-08-06T10:27:39.950856-05:00,2412691,21261027,72151501,Servicios de instalación de iluminación,UNSPSC
ocds-dgv273-seacev3-2026-200266-3,ocds-dgv273-seacev3-2026-200266-3-2026-08-06T10:27:39.841619-05:00,2412844,21241590,92101501,Servicios de vigilancia,UNSPSC
ocds-dgv273-seacev3-1207896,ocds-dgv273-seacev3-1207896-2026-08-06T10:27:29.589480-05:00,2389303,21255348,80101706,Servicios profesionales de abastecimiento,UNSPSC
ocds-dgv273-seacev3-1233663,ocds-dgv273-seacev3-1233663-2026-08-06T10:27:24.258570-05:00,2412743,21329210,50131702,Leche o productos de mantequilla estables sin refrigerar,UNSPSC
ocds-dgv273-seacev3-1202135,ocds-dgv273-seacev3-1202135-2026-08-06T10:27:18.846818-05:00,2412839,21239867,72141003,Servicios de mantenimiento de pistas y carreteras,UNSPSC
ocds-dgv273-seacev3-1202125,ocds-dgv273-seacev3-1202125-2026-08-06T10:27:18.668663-05:00,2412737,21241569,72141003,Servicios de mantenimiento de pistas y carreteras,UNSPSC
ocds-dgv273-seacev3-2026-366-3,ocds-dgv273-seacev3-2026-366-3-2026-08-06T10:27:07.648472-05:00,2412883,21248397,50131702,Leche o productos de mantequilla estables sin refrigerar,UNSPSC
ocds-dgv273-seacev3-1197274,ocds-dgv273-seacev3-1197274-2026-08-06T10:27:07.495927-05:00,2390944,21225659,72141701,Servicio de arrendamiento o alquiler de maquinaria de construcción,UNSPSC
ocds-dgv273-seacev3-1192914,ocds-dgv273-seacev3-1192914-2026-08-06T10:27:07.416342-05:00,2387212,21215129,72141003,Servicios de mantenimiento de pistas y carreteras,UNSPSC
ocds-dgv273-seacev3-2026-1899-10,ocds-dgv273-seacev3-2026-1899-10-2026-08-06T10:26:56.240869-05:00,2389095,21219883,91111603,Servicios de cocina o preparación de comidas,UNSPSC
ocds-dgv273-seacev3-1196708,ocds-dgv273-seacev3-1196708-2026-08-06T10:26:56.086756-05:00,2396934,21224542,10151605,Semillas de avena,UNSPSC
ocds-dgv273-seacev3-1199988,ocds-dgv273-seacev3-1199988-2026-08-06T10:26:56.069747-05:00,2412654,21233196,72141701,Servicio de arrendamiento o alquiler de maquinaria de construcción,UNSPSC
ocds-dgv273-seacev3-1201534,ocds-dgv273-seacev3-1201534-2026-08-06T10:26:56.052725-05:00,2412664,21238144,72141003,Servicios de mantenimiento de pistas y carreteras,UNSPSC
ocds-dgv273-seacev3-1202186,ocds-dgv273-seacev3-1202186-2026-08-06T10:26:56.016377-05:00,2412885,21241929,72141003,Servicios de mantenimiento de pistas y carreteras,UNSPSC
ocds-dgv273-seacev3-1199975,ocds-dgv273-seacev3-1199975-2026-08-06T10:26:55.948123-05:00,2412657,21233202,78101805,Servicio de alquiler de camión pipa y tráiler,UNSPSC
ocds-dgv273-seacev3-1229073,ocds-dgv273-seacev3-1229073-2026-08-06T10:26:46.852334-05:00,2412897,21316960,84111502,Servicio de contabilidad financiera,UNSPSC
ocds-dgv273-seacev3-1197398,ocds-dgv273-seacev3-1197398-2026-08-06T10:26:45.274890-05:00,2399875,21226009,72154022,Servicios de instalación y mantenimiento de equipos hidráulicos,UNSPSC
ocds-dgv273-seacev3-1199966,ocds-dgv273-seacev3-1199966-2026-08-06T10:26:44.775197-05:00,2390002,21233241,72141106,Servicios de construcción de caminos de grava o tierra,UNSPSC
ocds-dgv273-seacev3-2026-1922-15,ocds-dgv273-seacev3-2026-1922-15-2026-08-06T10:26:33.583004-05:00,2383986,21229894,80101513,Servicio de consultoría para la gestión de procesos y procedimientos,UNSPSC
ocds-dgv273-seacev3-1190936,ocds-dgv273-seacev3-1190936-2026-08-06T10:26:33.541629-05:00,2386248,21210268,30171523,Puerta a prueba de fuego,UNSPSC
ocds-dgv273-seacev3-1200073,ocds-dgv273-seacev3-1200073-2026-08-06T10:26:33.377483-05:00,2388820,21233587,72154032,"Servicios de instalación y reparación de ventanas, puertas y paneles divisorios",UNSPSC
ocds-dgv273-seacev3-1192332,ocds-dgv273-seacev3-1192332-2026-08-06T10:26:33.319780-05:00,2385840,21213670,72121403,Servicios de construcción de hospitales,UNSPSC
ocds-dgv273-seacev3-2026-1003002825-10,ocds-dgv273-seacev3-2026-1003002825-10-2026-08-05T10:26:18.478519-05:00,2390956,21219735,72141003,Servicios de mantenimiento de pistas y carreteras,UNSPSC
ocds-dgv273-seacev3-1193440,ocds-dgv273-seacev3-1193440-2026-08-05T10:26:18.455521-05:00,2393380,21216423,72141121,Servicios de construcción de tuberías principales de agua,UNSPSC
ocds-dgv273-seacev3-1202386,ocds-dgv273-seacev3-1202386-2026-08-05T10:26:18.215080-05:00,2412433,21242263,30131704,Azulejos o baldosas de cerámica,UNSPSC
ocds-dgv273-seacev3-2026-200266-5,ocds-dgv273-seacev3-2026-200266-5-2026-08-05T10:26:08.380322-05:00,2412472,21239734,76111501,Servicios de limpieza de edificios,UNSPSC
ocds-dgv273-seacev3-2026-869-1,ocds-dgv273-seacev3-2026-869-1-2026-08-05T10:26:08.310112-05:00,2386370,21218863,72121103,Servicios de renovación y reparación de edificios comerciales y de oficinas,UNSPSC
ocds-dgv273-seacev3-2026-1926-73,ocds-dgv273-seacev3-2026-1926-73-2026-08-05T10:26:08.158311-05:00,2412300,21238700,81112208,Mantenimiento del software de protección y seguridad,UNSPSC
ocds-dgv273-seacev3-1192831,ocds-dgv273-seacev3-1192831-2026-08-05T10:25:57.062172-05:00,2381904,21214782,86121702,Programas de postgrado,UNSPSC
ocds-dgv273-seacev3-1192584,ocds-dgv273-seacev3-1192584-2026-08-05T10:25:57.029516-05:00,2388530,21215475,72153102,Servicios de construcción de campos deportivos interiores,UNSPSC
ocds-dgv273-seacev3-1224107,ocds-dgv273-seacev3-1224107-2026-08-05T10:25:47.621327-05:00,2412320,21303268,26111601,Generadores diesel,UNSPSC
ocds-dgv273-seacev3-1200307,ocds-dgv273-seacev3-1200307-2026-08-05T10:25:46.280958-05:00,2412607,21234419,81101510,Ingeniería de carreteras,UNSPSC
ocds-dgv273-seacev3-1200706,ocds-dgv273-seacev3-1200706-2026-08-05T10:25:35.299795-05:00,2403508,21235670,81101510,Ingeniería de carreteras,UNSPSC
ocds-dgv273-seacev3-1216574,ocds-dgv273-seacev3-1216574-2026-08-05T10:25:26.072835-05:00,2412293,21280392,80101505,Desarrollo de objetivos o políticas corporativas,UNSPSC
ocds-dgv273-seacev3-2026-1003002825-2,ocds-dgv273-seacev3-2026-1003002825-2-2026-08-05T10:25:25.217795-05:00,2390807,21219680,72141003,Servicios de mantenimiento de pistas y carreteras,UNSPSC
ocds-dgv273-seacev3-1236151,ocds-dgv273-seacev3-1236151-2026-08-03T10:03:38.942941-05:00,2412277,21335966,72101518,Servicio de alquiler de generador portátil,UNSPSC
ocds-dgv273-seacev3-1216918,ocds-dgv273-seacev3-1216918-2026-08-03T10:03:31.482723-05:00,2412269,21281698,91111603,Servicios de cocina o preparación de comidas,UNSPSC
ocds-dgv273-seacev3-1200051,ocds-dgv273-seacev3-1200051-2026-08-02T10:09:24.700267-05:00,2412195,21233329,72141121,Servicios de construcción de tuberías principales de agua,UNSPSC
ocds-dgv273-seacev3-1231104,ocds-dgv273-seacev3-1231104-2026-08-02T10:09:18.558153-05:00,2412123,21322533,41115201,Sistemas de vigilancia a base de radar,UNSPSC
ocds-dgv273-seacev3-1211206,ocds-dgv273-seacev3-1211206-2026-08-02T10:09:16.307614-05:00,2411863,21264871,72141003,Servicios de mantenimiento de pistas y carreteras,UNSPSC
ocds-dgv273-seacev3-2026-10568-13,ocds-dgv273-seacev3-2026-10568-13-2026-08-02T10:09:15.633736-05:00,2411837,21229279,72141003,Servicios de mantenimiento de pistas y carreteras,UNSPSC
ocds-dgv273-seacev3-1195867,ocds-dgv273-seacev3-1195867-2026-08-02T10:09:15.618889-05:00,2386237,21222617,72141107,Servicios de construcción y reparación de puentes,UNSPSC
ocds-dgv273-seacev3-1201906,ocds-dgv273-seacev3-1201906-2026-08-02T10:09:15.453774-05:00,2398602,21239494,72141128,Servicio de remodelación  y/o construcción de plazas públicas,UNSPSC
ocds-dgv273-seacev3-1233984,ocds-dgv273-seacev3-1233984-2026-08-02T10:09:07.071467-05:00,2412083,21329945,72141003,Servicios de mantenimiento de pistas y carreteras,UNSPSC
ocds-dgv273-seacev3-1228381,ocds-dgv273-seacev3-1228381-2026-08-02T10:09:03.433487-05:00,2411829,21315200,78111808,Alquiler de vehículos,UNSPSC
ocds-dgv273-seacev3-1193097,ocds-dgv273-seacev3-1193097-2026-08-02T10:09:03.331941-05:00,2397403,21215558,50131702,Leche o productos de mantequilla estables sin refrigerar,UNSPSC
ocds-dgv273-seacev3-2026-839-1,ocds-dgv273-seacev3-2026-839-1-2026-08-02T10:09:03.281406-05:00,2391874,21227909,72152605,Servicios de montaje y reparación de techos,UNSPSC
ocds-dgv273-seacev3-1192433,ocds-dgv273-seacev3-1192433-2026-08-02T10:09:03.265498-05:00,2390310,21213902,72141128,Servicio de remodelación  y/o construcción de plazas públicas,UNSPSC
ocds-dgv273-seacev3-1199806,ocds-dgv273-seacev3-1199806-2026-08-02T10:09:03.251794-05:00,2385110,21232794,72141106,Servicios de construcción de caminos de grava o tierra,UNSPSC
ocds-dgv273-seacev3-1198610,ocds-dgv273-seacev3-1198610-2026-08-02T10:09:03.186625-05:00,2411776,21229139,81101508,Ingeniería arquitectónica,UNSPSC
ocds-dgv273-seacev3-1191734,ocds-dgv273-seacev3-1191734-2026-08-02T10:08:54.604187-05:00,2412128,21211965,92101501,Servicios de vigilancia,UNSPSC
ocds-dgv273-seacev3-1191734,ocds-dgv273-seacev3-1191734-2026-08-02T10:08:54.604187-05:00,2411967,21211969,92101501,Servicios de vigilancia,UNSPSC
ocds-dgv273-seacev3-1191734,ocds-dgv273-seacev3-1191734-2026-08-02T10:08:54.604187-05:00,2412034,21211970,92101501,Servicios de vigilancia,UNSPSC
ocds-dgv273-seacev3-1191734,ocds-dgv273-seacev3-1191734-2026-08-02T10:08:54.604187-05:00,2412090,21211966,92101501,Servicios de vigilancia,UNSPSC
ocds-dgv273-seacev3-1191734,ocds-dgv273-seacev3-1191734-2026-08-02T10:08:54.604187-05:00,2411704,21211967,92101501,Servicios de vigilancia,UNSPSC
ocds-dgv273-seacev3-1191734,ocds-dgv273-seacev3-1191734-2026-08-02T10:08:54.604187-05:00,2411746,21211968,92101501,Servicios de vigilancia,UNSPSC
ocds-dgv273-seacev3-1195394,ocds-dgv273-seacev3-1195394-2026-08-02T10:08:54.568956-05:00,2405910,21221710,50131702,Leche o productos de mantequilla estables sin refrigerar,UNSPSC
ocds-dgv273-seacev3-2026-1556-3,ocds-dgv273-seacev3-2026-1556-3-2026-08-02T10:08:54.510332-05:00,2411675,21239880,15101505,Diesel,UNSPSC
ocds-dgv273-seacev3-1194634,ocds-dgv273-seacev3-1194634-2026-08-02T10:08:54.229161-05:00,2411769,21219617,92101501,Servicios de vigilancia,UNSPSC
ocds-dgv273-seacev3-1230490,ocds-dgv273-seacev3-1230490-2026-08-02T10:08:47.714857-05:00,2411845,21320796,42321709,Prótesis para hemiartroplastía de cadera de una pieza,UNSPSC
ocds-dgv273-seacev3-1222925,ocds-dgv273-seacev3-1222925-2026-08-02T10:08:46.369726-05:00,2412142,21300179,72101511,Servicio de reparación o mantenimiento o instalación de aire acondicionado,UNSPSC
ocds-dgv273-seacev3-1195914,ocds-dgv273-seacev3-1195914-2026-08-02T10:08:42.564992-05:00,2412091,21222675,81101515,Ingeniería de infraestructura de plantas o instalaciones,UNSPSC
ocds-dgv273-seacev3-1201049,ocds-dgv273-seacev3-1201049-2026-08-02T10:08:42.428320-05:00,2411767,21236583,81141807,Servicio de inspección de instalaciones sanitarias o alcantarillado,UNSPSC
ocds-dgv273-seacev3-1194275,ocds-dgv273-seacev3-1194275-2026-08-02T10:08:42.348701-05:00,2393847,21218738,72141128,Servicio de remodelación  y/o construcción de plazas públicas,UNSPSC
ocds-dgv273-seacev3-2026-1908-48,ocds-dgv273-seacev3-2026-1908-48-2026-08-02T10:08:42.229282-05:00,2411570,21223300,10151601,Semillas de trigo,UNSPSC
ocds-dgv273-seacev3-2026-1908-48,ocds-dgv273-seacev3-2026-1908-48-2026-08-02T10:08:42.229282-05:00,2411553,21223296,50387728,Purés de aceituna sevillano,UNSPSC
ocds-dgv273-seacev3-2026-1908-48,ocds-dgv273-seacev3-2026-1908-48-2026-08-02T10:08:42.229282-05:00,2411546,21223299,50131702,Leche o productos de mantequilla estables sin refrigerar,UNSPSC
ocds-dgv273-seacev3-2026-1908-48,ocds-dgv273-seacev3-2026-1908-48-2026-08-02T10:08:42.229282-05:00,2411562,21223297,50307044,Cocona,UNSPSC
ocds-dgv273-seacev3-2026-1908-48,ocds-dgv273-seacev3-2026-1908-48-2026-08-02T10:08:42.229282-05:00,2411526,21223298,50425538,Ají panca seco,UNSPSC
ocds-dgv273-seacev3-2026-1908-48,ocds-dgv273-seacev3-2026-1908-48-2026-08-02T10:08:42.229282-05:00,2411936,21223301,50192504,Rellenos para sándwich congelados,UNSPSC
ocds-dgv273-seacev3-1200213,ocds-dgv273-seacev3-1200213-2026-08-02T10:08:42.215230-05:00,2411691,21234035,42161507,Soluciones para diálisis peritoneal,UNSPSC
ocds-dgv273-seacev3-2026-10568-11,ocds-dgv273-seacev3-2026-10568-11-2026-08-01T10:19:16.219881-05:00,2411594,21229554,72141003,Servicios de mantenimiento de pistas y carreteras,UNSPSC
ocds-dgv273-seacev3-1194075,ocds-dgv273-seacev3-1194075-2026-08-01T10:19:16.107521-05:00,2410276,21218054,81101505,Ingeniería estructural,UNSPSC
ocds-dgv273-seacev3-2026-51-116,ocds-dgv273-seacev3-2026-51-116-2026-08-01T10:18:52.730615-05:00,2410145,21223896,83121703,Servicios relacionados con Internet,UNSPSC
ocds-dgv273-seacev3-2026-1203-11,ocds-dgv273-seacev3-2026-1203-11-2026-08-01T10:18:52.713220-05:00,2411233,21235756,72141001,Servicios de construcción de pistas y carreteras nuevas,UNSPSC
ocds-dgv273-seacev3-1193910,ocds-dgv273-seacev3-1193910-2026-08-01T10:18:40.625313-05:00,2397506,21217744,72141001,Servicios de construcción de pistas y carreteras nuevas,UNSPSC
ocds-dgv273-seacev3-2026-1230-10,ocds-dgv273-seacev3-2026-1230-10-2026-08-01T10:18:40.456455-05:00,2388408,21222670,72154013,Servicios de construcción de cercos,UNSPSC
ocds-dgv273-seacev3-1209473,ocds-dgv273-seacev3-1209473-2026-08-01T10:18:40.331565-05:00,2393557,21259387,83121703,Servicios relacionados con Internet,UNSPSC
ocds-dgv273-seacev3-1204471,ocds-dgv273-seacev3-1204471-2026-08-01T10:18:29.903454-05:00,2391253,21246872,12352302,Sales metálicas inorgánicas,UNSPSC
ocds-dgv273-seacev3-1200271,ocds-dgv273-seacev3-1200271-2026-08-01T10:18:16.439323-05:00,2411552,21234307,72141003,Servicios de mantenimiento de pistas y carreteras,UNSPSC
ocds-dgv273-seacev3-1193777,ocds-dgv273-seacev3-1193777-2026-08-01T10:18:16.379600-05:00,2411620,21217324,72121101,Servicios de construcción de nuevos edificios comerciales y de oficinas,UNSPSC
ocds-dgv273-seacev3-1194090,ocds-dgv273-seacev3-1194090-2026-08-01T10:18:16.363330-05:00,2411619,21218139,81101515,Ingeniería de infraestructura de plantas o instalaciones,UNSPSC
ocds-dgv273-seacev3-1210169,ocds-dgv273-seacev3-1210169-2026-07-30T10:06:40.682929-05:00,2411204,21261487,72141003,Servicios de mantenimiento de pistas y carreteras,UNSPSC
ocds-dgv273-seacev3-2026-1203-6,ocds-dgv273-seacev3-2026-1203-6-2026-07-30T10:06:39.830994-05:00,2411197,21238252,81101510,Ingeniería de carreteras,UNSPSC
ocds-dgv273-seacev3-2026-200183-28,ocds-dgv273-seacev3-2026-200183-28-2026-07-30T10:06:39.814080-05:00,2411196,21218234,72141003,Servicios de mantenimiento de pistas y carreteras,UNSPSC
ocds-dgv273-seacev3-2026-200183-27,ocds-dgv273-seacev3-2026-200183-27-2026-07-30T10:06:39.796541-05:00,2411201,21218257,72141003,Servicios de mantenimiento de pistas y carreteras,UNSPSC
ocds-dgv273-seacev3-2026-200183-25,ocds-dgv273-seacev3-2026-200183-25-2026-07-30T10:06:39.779124-05:00,2411202,21218233,72141003,Servicios de mantenimiento de pistas y carreteras,UNSPSC
ocds-dgv273-seacev3-2026-200183-2,ocds-dgv273-seacev3-2026-200183-2-2026-07-30T10:06:39.763058-05:00,2411191,21217992,72141003,Servicios de mantenimiento de pistas y carreteras,UNSPSC
ocds-dgv273-seacev3-2026-200183-5,ocds-dgv273-seacev3-2026-200183-5-2026-07-30T10:06:39.745916-05:00,2411187,21218032,72141003,Servicios de mantenimiento de pistas y carreteras,UNSPSC
ocds-dgv273-seacev3-1200029,ocds-dgv273-seacev3-1200029-2026-07-30T10:06:39.730947-05:00,2411194,21233350,80161504,Servicios de oficina,UNSPSC
ocds-dgv273-seacev3-2026-200183-24,ocds-dgv273-seacev3-2026-200183-24-2026-07-30T10:06:39.713017-05:00,2411200,21218232,72141003,Servicios de mantenimiento de pistas y carreteras,UNSPSC
ocds-dgv273-seacev3-2026-200183-8,ocds-dgv273-seacev3-2026-200183-8-2026-07-30T10:06:39.695964-05:00,2411186,21218226,72141003,Servicios de mantenimiento de pistas y carreteras,UNSPSC
ocds-dgv273-seacev3-2026-200183-18,ocds-dgv273-seacev3-2026-200183-18-2026-07-30T10:06:39.661562-05:00,2411189,21218230,72141003,Servicios de mantenimiento de pistas y carreteras,UNSPSC
ocds-dgv273-seacev3-2026-200183-17,ocds-dgv273-seacev3-2026-200183-17-2026-07-30T10:06:39.643644-05:00,2411192,21218251,72141003,Servicios de mantenimiento de pistas y carreteras,UNSPSC
ocds-dgv273-seacev3-2026-200183-13,ocds-dgv273-seacev3-2026-200183-13-2026-07-30T10:06:39.612543-05:00,2411188,21218248,72141003,Servicios de mantenimiento de pistas y carreteras,UNSPSC
ocds-dgv273-seacev3-2026-200183-29,ocds-dgv273-seacev3-2026-200183-29-2026-07-30T10:06:39.595987-05:00,2411199,21218258,72141003,Servicios de mantenimiento de pistas y carreteras,UNSPSC
ocds-dgv273-seacev3-2026-200183-19,ocds-dgv273-seacev3-2026-200183-19-2026-07-30T10:06:39.544275-05:00,2411209,21218252,72141003,Servicios de mantenimiento de pistas y carreteras,UNSPSC
ocds-dgv273-seacev3-2026-200183-15,ocds-dgv273-seacev3-2026-200183-15-2026-07-30T10:06:39.527167-05:00,2411205,21218250,72141003,Servicios de mantenimiento de pistas y carreteras,UNSPSC
ocds-dgv273-seacev3-2026-200183-1,ocds-dgv273-seacev3-2026-200183-1-2026-07-30T10:06:39.491423-05:00,2411190,21217941,72141003,Servicios de mantenimiento de pistas y carreteras,UNSPSC
ocds-dgv273-seacev3-2026-200183-9,ocds-dgv273-seacev3-2026-200183-9-2026-07-30T10:06:39.474554-05:00,2411207,21218246,72141003,Servicios de mantenimiento de pistas y carreteras,UNSPSC
ocds-dgv273-seacev3-2026-200183-6,ocds-dgv273-seacev3-2026-200183-6-2026-07-30T10:06:39.457196-05:00,2411185,21218185,72141003,Servicios de mantenimiento de pistas y carreteras,UNSPSC
ocds-dgv273-seacev3-2026-200183-4,ocds-dgv273-seacev3-2026-200183-4-2026-07-30T10:06:39.439155-05:00,2411206,21218005,72141003,Servicios de mantenimiento de pistas y carreteras,UNSPSC
ocds-dgv273-seacev3-2026-200183-23,ocds-dgv273-seacev3-2026-200183-23-2026-07-30T10:06:39.422320-05:00,2411195,21218231,72141003,Servicios de mantenimiento de pistas y carreteras,UNSPSC
ocds-dgv273-seacev3-2026-200183-7,ocds-dgv273-seacev3-2026-200183-7-2026-07-30T10:06:39.405249-05:00,2411193,21218225,72141003,Servicios de mantenimiento de pistas y carreteras,UNSPSC
ocds-dgv273-seacev3-1213389,ocds-dgv273-seacev3-1213389-2026-07-29T10:04:54.105744-05:00,2411097,21270608,81101508,Ingeniería arquitectónica,UNSPSC
ocds-dgv273-seacev3-1198547,ocds-dgv273-seacev3-1198547-2026-07-29T10:04:52.795676-05:00,2411103,21228856,72121406,Servicios de construcción de escuelas,UNSPSC
ocds-dgv273-seacev3-1195454,ocds-dgv273-seacev3-1195454-2026-07-29T10:04:52.342155-05:00,2411099,21221792,83121703,Servicios relacionados con Internet,UNSPSC
ocds-dgv273-seacev3-1195174,ocds-dgv273-seacev3-1195174-2026-07-28T10:09:28.286148-05:00,2411075,21221093,40171520,Tubería comercial de PAD,UNSPSC
ocds-dgv273-seacev3-1199859,ocds-dgv273-seacev3-1199859-2026-07-26T10:08:14.420483-05:00,2396902,21232914,81101508,Ingeniería arquitectónica,UNSPSC
ocds-dgv273-seacev3-2026-21-34,ocds-dgv273-seacev3-2026-21-34-2026-07-26T10:08:14.164518-05:00,2397325,21241503,15101506,Gasolina o Petróleo,UNSPSC
ocds-dgv273-seacev3-1194693,ocds-dgv273-seacev3-1194693-2026-07-26T10:08:14.058621-05:00,2385578,21219719,50131702,Leche o productos de mantequilla estables sin refrigerar,UNSPSC
ocds-dgv273-seacev3-2026-10568-7,ocds-dgv273-seacev3-2026-10568-7-2026-07-26T10:08:14.038313-05:00,2411012,21224823,72141003,Servicios de mantenimiento de pistas y carreteras,UNSPSC
ocds-dgv273-seacev3-2026-10366-16,ocds-dgv273-seacev3-2026-10366-16-2026-07-26T10:08:13.996091-05:00,2400716,21219943,21102006,Trituradoras de martillo,UNSPSC
ocds-dgv273-seacev3-1194857,ocds-dgv273-seacev3-1194857-2026-07-26T10:08:02.199496-05:00,2410840,21220172,72152401,Servicios de instalación o montaje de puertas de garaje,UNSPSC
ocds-dgv273-seacev3-1192328,ocds-dgv273-seacev3-1192328-2026-07-26T10:08:02.136985-05:00,2410729,21213668,72121103,Servicios de renovación y reparación de edificios comerciales y de oficinas,UNSPSC
ocds-dgv273-seacev3-2026-10568-9,ocds-dgv273-seacev3-2026-10568-9-2026-07-26T10:07:54.221023-05:00,2411021,21225477,72141003,Servicios de mantenimiento de pistas y carreteras,UNSPSC
ocds-dgv273-seacev3-1195069,ocds-dgv273-seacev3-1195069-2026-07-26T10:07:53.726088-05:00,2410996,21220510,15121501,Aceite de motor,UNSPSC
ocds-dgv273-seacev3-2026-10427-14,ocds-dgv273-seacev3-2026-10427-14-2026-07-26T10:07:42.472109-05:00,2411017,21235930,72141003,Servicios de mantenimiento de pistas y carreteras,UNSPSC
ocds-dgv273-seacev3-2026-10568-15,ocds-dgv273-seacev3-2026-10568-15-2026-07-26T10:07:42.241480-05:00,2411036,21224887,72141003,Servicios de mantenimiento de pistas y carreteras,UNSPSC
ocds-dgv273-seacev3-1195270,ocds-dgv273-seacev3-1195270-2026-07-26T10:07:42.085401-05:00,2411018,21221201,72141102,Servicios de nivelación del terreno,UNSPSC
ocds-dgv273-seacev3-1224018,ocds-dgv273-seacev3-1224018-2026-07-25T10:12:25.951252-05:00,2410611,21303064,72121103,Servicios de renovación y reparación de edificios comerciales y de oficinas,UNSPSC
ocds-dgv273-seacev3-1196028,ocds-dgv273-seacev3-1196028-2026-07-25T10:12:13.238405-05:00,2399250,21223838,77111602,Servicios de descontaminación ambiental,UNSPSC
ocds-dgv273-seacev3-1201923,ocds-dgv273-seacev3-1201923-2026-07-25T10:12:02.946443-05:00,2384824,21241250,72141121,Servicios de construcción de tuberías principales de agua,UNSPSC
ocds-dgv273-seacev3-1192882,ocds-dgv273-seacev3-1192882-2026-07-25T10:12:02.809641-05:00,2387814,21214918,72141701,Servicio de arrendamiento o alquiler de maquinaria de construcción,UNSPSC
ocds-dgv273-seacev3-1195448,ocds-dgv273-seacev3-1195448-2026-07-25T10:12:02.777398-05:00,2393277,21221895,72141128,Servicio de remodelación  y/o construcción de plazas públicas,UNSPSC
ocds-dgv273-seacev3-2026-975-1,ocds-dgv273-seacev3-2026-975-1-2026-07-24T10:24:36.590653-05:00,2410022,21221931,50192109,"Papas fritas en hojuelas y al hilo, mix de bocaditos o galletas saladas",UNSPSC
ocds-dgv273-seacev3-2026-975-1,ocds-dgv273-seacev3-2026-975-1-2026-07-24T10:24:36.590653-05:00,2410022,21221930,50131702,Leche o productos de mantequilla estables sin refrigerar,UNSPSC
ocds-dgv273-seacev3-2026-200125-2,ocds-dgv273-seacev3-2026-200125-2-2026-07-24T10:24:28.318280-05:00,2389981,21238650,15101506,Gasolina o Petróleo,UNSPSC
ocds-dgv273-seacev3-1199447,ocds-dgv273-seacev3-1199447-2026-07-24T10:24:27.778189-05:00,2410475,21231502,72141121,Servicios de construcción de tuberías principales de agua,UNSPSC
ocds-dgv273-seacev3-1200143,ocds-dgv273-seacev3-1200143-2026-07-24T10:24:27.761582-05:00,2410279,21233830,72121103,Servicios de renovación y reparación de edificios comerciales y de oficinas,UNSPSC
ocds-dgv273-seacev3-1221975,ocds-dgv273-seacev3-1221975-2026-07-24T10:24:18.188149-05:00,2410453,21297587,76111501,Servicios de limpieza de edificios,UNSPSC
ocds-dgv273-seacev3-1198288,ocds-dgv273-seacev3-1198288-2026-07-24T10:24:17.862362-05:00,2398940,21228150,72141003,Servicios de mantenimiento de pistas y carreteras,UNSPSC
ocds-dgv273-seacev3-1201186,ocds-dgv273-seacev3-1201186-2026-07-24T10:24:17.670871-05:00,2387925,21236949,95111503,Carreteras de acceso,UNSPSC
ocds-dgv273-seacev3-1201343,ocds-dgv273-seacev3-1201343-2026-07-24T10:24:17.569211-05:00,2389209,21237537,81101505,Ingeniería estructural,UNSPSC
ocds-dgv273-seacev3-1200330,ocds-dgv273-seacev3-1200330-2026-07-24T10:24:17.546675-05:00,2391112,21234423,10152001,Semillas o esquejes de árboles frutales,UNSPSC
ocds-dgv273-seacev3-1192374,ocds-dgv273-seacev3-1192374-2026-07-24T10:24:17.531152-05:00,2410307,21213743,81101508,Ingeniería arquitectónica,UNSPSC
ocds-dgv273-seacev3-1201468,ocds-dgv273-seacev3-1201468-2026-07-24T10:24:17.503839-05:00,2410308,21237912,72153102,Servicios de construcción de campos deportivos interiores,UNSPSC
ocds-dgv273-seacev3-1198240,ocds-dgv273-seacev3-1198240-2026-07-24T10:24:08.071600-05:00,2386882,21228091,50192109,"Papas fritas en hojuelas y al hilo, mix de bocaditos o galletas saladas",UNSPSC
ocds-dgv273-seacev3-1193888,ocds-dgv273-seacev3-1193888-2026-07-24T10:24:07.956476-05:00,2392983,21217542,78111808,Alquiler de vehículos,UNSPSC
ocds-dgv273-seacev3-1200548,ocds-dgv273-seacev3-1200548-2026-07-24T10:23:56.096159-05:00,2410419,21235198,72141003,Servicios de mantenimiento de pistas y carreteras,UNSPSC
ocds-dgv273-seacev3-1193928,ocds-dgv273-seacev3-1193928-2026-07-24T10:23:55.895074-05:00,2409962,21217584,80111607,Necesidad de personal legal temporal,UNSPSC
ocds-dgv273-seacev3-1202220,ocds-dgv273-seacev3-1202220-2026-07-24T10:23:55.854954-05:00,2409896,21242006,25101801,Motocicletas,UNSPSC
ocds-dgv273-seacev3-2026-2406-163,ocds-dgv273-seacev3-2026-2406-163-2026-07-24T10:23:46.467598-05:00,2410019,21236206,15101505,Diesel,UNSPSC
ocds-dgv273-seacev3-2026-200497-16,ocds-dgv273-seacev3-2026-200497-16-2026-07-24T10:23:46.359927-05:00,2409870,21217713,76111501,Servicios de limpieza de edificios,UNSPSC
ocds-dgv273-seacev3-1194233,ocds-dgv273-seacev3-1194233-2026-07-24T10:23:46.329338-05:00,2389803,21218436,30111801,Agregado natural,UNSPSC
ocds-dgv273-seacev3-1194991,ocds-dgv273-seacev3-1194991-2026-07-24T10:23:45.803568-05:00,2388000,21220383,10161605,Cactus,UNSPSC
ocds-dgv273-seacev3-1198146,ocds-dgv273-seacev3-1198146-2026-07-24T10:23:45.763984-05:00,2410293,21227900,72121203,Servicios de construcción de silos y de edificaciones para servicio agrícola,UNSPSC
ocds-dgv273-seacev3-1216122,ocds-dgv273-seacev3-1216122-2026-07-23T10:30:27.902400-05:00,2409837,21278671,72141128,Servicio de remodelación  y/o construcción de plazas públicas,UNSPSC
ocds-dgv273-seacev3-1198870,ocds-dgv273-seacev3-1198870-2026-07-23T10:30:26.950565-05:00,2400278,21230094,10111307,Mantas para animales domésticos,UNSPSC
ocds-dgv273-seacev3-1194486,ocds-dgv273-seacev3-1194486-2026-07-23T10:30:26.902762-05:00,2409772,21219241,81101510,Ingeniería de carreteras,UNSPSC
ocds-dgv273-seacev3-2026-1586-2,ocds-dgv273-seacev3-2026-1586-2-2026-07-23T10:30:26.732626-05:00,2390615,21235380,72152602,Servicios de canaletas y bajadas de agua,UNSPSC
ocds-dgv273-seacev3-1202559,ocds-dgv273-seacev3-1202559-2026-07-23T10:30:26.341362-05:00,2388831,21242527,81111602,Programación de Java,UNSPSC
ocds-dgv273-seacev3-1217517,ocds-dgv273-seacev3-1217517-2026-07-23T10:30:16.788612-05:00,2409674,21283614,41111927,Sensores de presión,UNSPSC
ocds-dgv273-seacev3-2026-1064-4,ocds-dgv273-seacev3-2026-1064-4-2026-07-23T10:29:52.547106-05:00,2397174,21217470,15101506,Gasolina o Petróleo,UNSPSC
ocds-dgv273-seacev3-2026-1064-4,ocds-dgv273-seacev3-2026-1064-4-2026-07-23T10:29:52.547106-05:00,2397174,21217471,15101505,Diesel,UNSPSC
ocds-dgv273-seacev3-2026-1921-18,ocds-dgv273-seacev3-2026-1921-18-2026-07-23T10:29:52.421332-05:00,2409798,21229180,84111501,Servicio de contabilidad de costos,UNSPSC
ocds-dgv273-seacev3-1193026,ocds-dgv273-seacev3-1193026-2026-07-23T10:29:52.304671-05:00,2393903,21215371,72152605,Servicios de montaje y reparación de techos,UNSPSC
ocds-dgv273-seacev3-1226074,ocds-dgv273-seacev3-1226074-2026-07-23T10:29:44.408286-05:00,2409888,21309081,72154032,"Servicios de instalación y reparación de ventanas, puertas y paneles divisorios",UNSPSC
ocds-dgv273-seacev3-1226470,ocds-dgv273-seacev3-1226470-2026-07-23T10:29:43.155930-05:00,2409949,21310045,56121505,Mesas para aulas,UNSPSC
ocds-dgv273-seacev3-1195749,ocds-dgv273-seacev3-1195749-2026-07-23T10:29:41.245441-05:00,2409654,21222372,70171502,Servicios de planificación de recursos hídricos,UNSPSC
ocds-dgv273-seacev3-1196325,ocds-dgv273-seacev3-1196325-2026-07-23T10:29:41.113265-05:00,2409660,21223458,30111601,Cemento,UNSPSC
ocds-dgv273-seacev3-1199096,ocds-dgv273-seacev3-1199096-2026-07-23T10:29:40.966883-05:00,2390311,21230762,11111701,Arena silícea,UNSPSC
ocds-dgv273-seacev3-1222570,ocds-dgv273-seacev3-1222570-2026-07-23T10:29:31.079435-05:00,2409647,21299144,11151516,Fibra de poliuretano o spandex,UNSPSC
ocds-dgv273-seacev3-1221620,ocds-dgv273-seacev3-1221620-2026-07-23T10:29:30.360117-05:00,2409859,21296401,72121406,Servicios de construcción de escuelas,UNSPSC
ocds-dgv273-seacev3-2026-1952-85,ocds-dgv273-seacev3-2026-1952-85-2026-07-23T10:29:29.602519-05:00,2389547,21240472,81112002,Servicios de preparación o procesamiento de datos,UNSPSC
ocds-dgv273-seacev3-2026-200125-4,ocds-dgv273-seacev3-2026-200125-4-2026-07-23T10:29:29.388621-05:00,2389151,21235955,15101506,Gasolina o Petróleo,UNSPSC
ocds-dgv273-seacev3-1223667,ocds-dgv273-seacev3-1223667-2026-07-23T10:29:22.035205-05:00,2409546,21302340,84121806,Servicios de custodia de valores,UNSPSC
ocds-dgv273-seacev3-1223667,ocds-dgv273-seacev3-1223667-2026-07-23T10:29:22.035205-05:00,2409538,21302339,84121806,Servicios de custodia de valores,UNSPSC
ocds-dgv273-seacev3-1223667,ocds-dgv273-seacev3-1223667-2026-07-23T10:29:22.035205-05:00,2409523,21302338,84121806,Servicios de custodia de valores,UNSPSC
ocds-dgv273-seacev3-2026-1921-8,ocds-dgv273-seacev3-2026-1921-8-2026-07-23T10:29:17.806996-05:00,2409669,21239490,78181847,Seguro especializado para aeronaves de ala fija,UNSPSC
ocds-dgv273-seacev3-2026-1921-8,ocds-dgv273-seacev3-2026-1921-8-2026-07-23T10:29:17.806996-05:00,2409675,21239491,84131502,Seguros de propietarios de viviendas o arrendatarios,UNSPSC
ocds-dgv273-seacev3-1212494,ocds-dgv273-seacev3-1212494-2026-07-22T10:32:00.803397-05:00,2409201,21268447,72141003,Servicios de mantenimiento de pistas y carreteras,UNSPSC
ocds-dgv273-seacev3-1218991,ocds-dgv273-seacev3-1218991-2026-07-22T10:31:56.989683-05:00,2409332,21288089,50131702,Leche o productos de mantequilla estables sin refrigerar,UNSPSC
ocds-dgv273-seacev3-1199115,ocds-dgv273-seacev3-1199115-2026-07-22T10:31:53.633942-05:00,2409138,21230777,21101802,Pulverizadores,UNSPSC
ocds-dgv273-seacev3-1209956,ocds-dgv273-seacev3-1209956-2026-07-22T10:31:53.589963-05:00,2389561,21261224,84111507,Servicio de contabilidad de inventarios,UNSPSC
ocds-dgv273-seacev3-1194247,ocds-dgv273-seacev3-1194247-2026-07-22T10:31:53.404057-05:00,2390977,21218446,72152605,Servicios de montaje y reparación de techos,UNSPSC
ocds-dgv273-seacev3-1212183,ocds-dgv273-seacev3-1212183-2026-07-22T10:31:30.659250-05:00,2392239,21267708,80101604,Administración o planificación de proyectos,UNSPSC
ocds-dgv273-seacev3-1199485,ocds-dgv273-seacev3-1199485-2026-07-22T10:31:30.597900-05:00,2409504,21231686,42272501,Aparatos de anestesia con gas,UNSPSC
ocds-dgv273-seacev3-1199485,ocds-dgv273-seacev3-1199485-2026-07-22T10:31:30.597900-05:00,2409474,21231684,42272501,Aparatos de anestesia con gas,UNSPSC
ocds-dgv273-seacev3-1199970,ocds-dgv273-seacev3-1199970-2026-07-22T10:31:30.520947-05:00,2395608,21233137,52161523,Receptores o transmisores de frecuencia radial,UNSPSC
ocds-dgv273-seacev3-1209656,ocds-dgv273-seacev3-1209656-2026-07-22T10:31:30.438990-05:00,2409427,21259967,78101703,Servicios de transporte nacional por barcaza,UNSPSC
ocds-dgv273-seacev3-1193084,ocds-dgv273-seacev3-1193084-2026-07-22T10:31:19.737600-05:00,2409489,21226325,72141003,Servicios de mantenimiento de pistas y carreteras,UNSPSC
ocds-dgv273-seacev3-1201935,ocds-dgv273-seacev3-1201935-2026-07-22T10:31:19.541366-05:00,2409102,21239579,81101701,Servicios de ingeniería eléctrica,UNSPSC
ocds-dgv273-seacev3-1194108,ocds-dgv273-seacev3-1194108-2026-07-22T10:31:19.509282-05:00,2409114,21218189,72121201,Servicios de construcción de granjas,UNSPSC
ocds-dgv273-seacev3-2026-49-55,ocds-dgv273-seacev3-2026-49-55-2026-07-22T10:31:19.487404-05:00,2388770,21214983,30111601,Cemento,UNSPSC
ocds-dgv273-seacev3-1193332,ocds-dgv273-seacev3-1193332-2026-07-22T10:31:19.443392-05:00,2388325,21216301,78101805,Servicio de alquiler de camión pipa y tráiler,UNSPSC
ocds-dgv273-seacev3-2026-631-1,ocds-dgv273-seacev3-2026-631-1-2026-07-22T10:31:18.881205-05:00,2385417,21214354,72141001,Servicios de construcción de pistas y carreteras nuevas,UNSPSC
ocds-dgv273-seacev3-1218595,ocds-dgv273-seacev3-1218595-2026-07-22T10:30:56.354516-05:00,2409392,21286503,21101909,Equipo para esquila y transquila de animales,UNSPSC
ocds-dgv273-seacev3-1192866,ocds-dgv273-seacev3-1192866-2026-07-22T10:30:55.554871-05:00,2409152,21214917,73121601,Servicios de corte de metales,UNSPSC
ocds-dgv273-seacev3-1211743,ocds-dgv273-seacev3-1211743-2026-07-22T10:30:44.861675-05:00,2391000,21266882,84101501,Asistencia financiera,UNSPSC
ocds-dgv273-seacev3-2026-30200-11,ocds-dgv273-seacev3-2026-30200-11-2026-07-22T10:30:43.262610-05:00,2393458,21224578,76111501,Servicios de limpieza de edificios,UNSPSC
ocds-dgv273-seacev3-1199315,ocds-dgv273-seacev3-1199315-2026-07-22T10:30:43.086095-05:00,2409258,21231190,81101505,Ingeniería estructural,UNSPSC
ocds-dgv273-seacev3-1197577,ocds-dgv273-seacev3-1197577-2026-07-20T10:03:14.319017-05:00,2394555,21226470,72121501,Servicios de construcción de plantas químicas,UNSPSC
ocds-dgv273-seacev3-1221309,ocds-dgv273-seacev3-1221309-2026-07-19T10:08:53.396315-05:00,2408964,21295671,72121406,Servicios de construcción de escuelas,UNSPSC
ocds-dgv273-seacev3-1200933,ocds-dgv273-seacev3-1200933-2026-07-19T10:08:53.155679-05:00,2408929,21236390,15101505,Diesel,UNSPSC
ocds-dgv273-seacev3-1193198,ocds-dgv273-seacev3-1193198-2026-07-19T10:08:53.114138-05:00,2391771,21215920,30111801,Agregado natural,UNSPSC
ocds-dgv273-seacev3-2026-49-159,ocds-dgv273-seacev3-2026-49-159-2026-07-19T10:08:42.914904-05:00,2409008,21225551,27112802,Hojas de sierra,UNSPSC
ocds-dgv273-seacev3-1199612,ocds-dgv273-seacev3-1199612-2026-07-19T10:08:42.423892-05:00,2407442,21232195,72121403,Servicios de construcción de hospitales,UNSPSC
ocds-dgv273-seacev3-1210171,ocds-dgv273-seacev3-1210171-2026-07-19T10:08:28.181130-05:00,2389085,21261453,80101507,Servicios de consultoría de informática,UNSPSC
ocds-dgv273-seacev3-1199755,ocds-dgv273-seacev3-1199755-2026-07-19T10:08:24.223189-05:00,2408712,21232763,72121411,Servicio de construcción de centros para convenciones,UNSPSC
ocds-dgv273-seacev3-1200620,ocds-dgv273-seacev3-1200620-2026-07-19T10:08:23.808526-05:00,2408854,21235377,72141003,Servicios de mantenimiento de pistas y carreteras,UNSPSC
ocds-dgv273-seacev3-1200176,ocds-dgv273-seacev3-1200176-2026-07-19T10:08:23.704662-05:00,2408726,21233902,81101505,Ingeniería estructural,UNSPSC
ocds-dgv273-seacev3-1199935,ocds-dgv273-seacev3-1199935-2026-07-19T10:08:13.210879-05:00,2384360,21233168,72151511,Servicios de mantenimiento o reparación de sistemas de iluminación,UNSPSC
ocds-dgv273-seacev3-1200606,ocds-dgv273-seacev3-1200606-2026-07-19T10:08:13.158603-05:00,2408802,21235383,91111603,Servicios de cocina o preparación de comidas,UNSPSC
ocds-dgv273-seacev3-1202189,ocds-dgv273-seacev3-1202189-2026-07-19T10:08:13.142260-05:00,2408946,21239930,72103301,"Servicios, reparación o mantenimiento de vías o de áreas de estacionamientos",UNSPSC
ocds-dgv273-seacev3-2026-10615-6,ocds-dgv273-seacev3-2026-10615-6-2026-07-18T10:18:24.948626-05:00,2398139,21239745,72141003,Servicios de mantenimiento de pistas y carreteras,UNSPSC
ocds-dgv273-seacev3-1192948,ocds-dgv273-seacev3-1192948-2026-07-18T10:18:03.387962-05:00,2386166,21215185,72141121,Servicios de construcción de tuberías principales de agua,UNSPSC
ocds-dgv273-seacev3-1200152,ocds-dgv273-seacev3-1200152-2026-07-18T10:18:02.982208-05:00,2408355,21233794,30121601,Asfalto,UNSPSC
ocds-dgv273-seacev3-1197272,ocds-dgv273-seacev3-1197272-2026-07-18T10:18:02.968283-05:00,2392655,21225657,55101524,Libros de consulta,UNSPSC
ocds-dgv273-seacev3-1223244,ocds-dgv273-seacev3-1223244-2026-07-18T10:17:52.141205-05:00,2408347,21301069,81151604,Levantamiento del terreno,UNSPSC
ocds-dgv273-seacev3-1201344,ocds-dgv273-seacev3-1201344-2026-07-18T10:17:51.677756-05:00,2401932,21237390,41112502,Reómetros,UNSPSC
ocds-dgv273-seacev3-1195098,ocds-dgv273-seacev3-1195098-2026-07-18T10:17:51.660206-05:00,2408309,21220908,25101507,Camiones ligeros o vehículos de utilidad deportiva,UNSPSC
ocds-dgv273-seacev3-1216755,ocds-dgv273-seacev3-1216755-2026-07-18T10:17:43.657972-05:00,2408584,21281110,41111921,Sensores de velocidad,UNSPSC
ocds-dgv273-seacev3-1219641,ocds-dgv273-seacev3-1219641-2026-07-18T10:17:41.974876-05:00,2408546,21290170,72121102,Servicios de construcción de edificios comerciales y de oficinas prefabricadas,UNSPSC
ocds-dgv273-seacev3-1200082,ocds-dgv273-seacev3-1200082-2026-07-18T10:17:40.379610-05:00,2408331,21233583,30111601,Cemento,UNSPSC
ocds-dgv273-seacev3-2026-1888-9,ocds-dgv273-seacev3-2026-1888-9-2026-07-18T10:17:40.186586-05:00,2408555,21236094,91111603,Servicios de cocina o preparación de comidas,UNSPSC
ocds-dgv273-seacev3-1201683,ocds-dgv273-seacev3-1201683-2026-07-18T10:17:40.110418-05:00,2408466,21238402,81101510,Ingeniería de carreteras,UNSPSC
ocds-dgv273-seacev3-1195688,ocds-dgv273-seacev3-1195688-2026-07-18T10:17:30.314140-05:00,2408503,21222283,15111510,Gas de petróleo licuefactado,UNSPSC
ocds-dgv273-seacev3-1218157,ocds-dgv273-seacev3-1218157-2026-07-18T10:17:21.985271-05:00,2408312,21285408,72154028,Servicios de instalación y mantenimiento de señales,UNSPSC
ocds-dgv273-seacev3-1197121,ocds-dgv273-seacev3-1197121-2026-07-17T10:27:10.934377-05:00,2389728,21225332,50192109,"Papas fritas en hojuelas y al hilo, mix de bocaditos o galletas saladas",UNSPSC
ocds-dgv273-seacev3-1197121,ocds-dgv273-seacev3-1197121-2026-07-17T10:27:10.934377-05:00,2408021,21225331,50131702,Leche o productos de mantequilla estables sin refrigerar,UNSPSC
ocds-dgv273-seacev3-1199786,ocds-dgv273-seacev3-1199786-2026-07-17T10:27:10.794582-05:00,2408233,21232769,24112902,Caja de plástico,UNSPSC
ocds-dgv273-seacev3-2026-2348-16,ocds-dgv273-seacev3-2026-2348-16-2026-07-17T10:27:10.254747-05:00,2408086,21213594,41112504,Medidor de agua,UNSPSC
ocds-dgv273-seacev3-1205168,ocds-dgv273-seacev3-1205168-2026-07-17T10:26:59.997383-05:00,2408162,21248349,72141003,Servicios de mantenimiento de pistas y carreteras,UNSPSC
ocds-dgv273-seacev3-1201047,ocds-dgv273-seacev3-1201047-2026-07-17T10:26:59.983079-05:00,2408155,21236582,15101506,Gasolina o Petróleo,UNSPSC
ocds-dgv273-seacev3-1200670,ocds-dgv273-seacev3-1200670-2026-07-17T10:26:59.932269-05:00,2408284,21235531,81101508,Ingeniería arquitectónica,UNSPSC
ocds-dgv273-seacev3-1196419,ocds-dgv273-seacev3-1196419-2026-07-17T10:26:59.601094-05:00,2387878,21223815,81101508,Ingeniería arquitectónica,UNSPSC
ocds-dgv273-seacev3-2026-461-10,ocds-dgv273-seacev3-2026-461-10-2026-07-17T10:26:59.580729-05:00,2407420,21220198,15101505,Diesel,UNSPSC
ocds-dgv273-seacev3-2026-852-2,ocds-dgv273-seacev3-2026-852-2-2026-07-17T10:26:59.495695-05:00,2408218,21231505,72141503,Servicios de remoción de rocas,UNSPSC
ocds-dgv273-seacev3-1225166,ocds-dgv273-seacev3-1225166-2026-07-17T10:26:49.240043-05:00,2408127,21306566,72141003,Servicios de mantenimiento de pistas y carreteras,UNSPSC
ocds-dgv273-seacev3-2026-1301-13,ocds-dgv273-seacev3-2026-1301-13-2026-07-17T10:26:48.569009-05:00,2408027,21239928,25101940,Vehículo utilitario para tareas UTV o vehículo recreacional para fuera de la carretera ROV,UNSPSC
ocds-dgv273-seacev3-1199196,ocds-dgv273-seacev3-1199196-2026-07-17T10:26:48.358668-05:00,2405572,21230946,77111602,Servicios de descontaminación ambiental,UNSPSC
ocds-dgv273-seacev3-1224704,ocds-dgv273-seacev3-1224704-2026-07-17T10:26:38.632396-05:00,2408175,21304935,72141003,Servicios de mantenimiento de pistas y carreteras,UNSPSC
ocds-dgv273-seacev3-1199386,ocds-dgv273-seacev3-1199386-2026-07-17T10:26:37.362825-05:00,2408281,21231291,72141003,Servicios de mantenimiento de pistas y carreteras,UNSPSC
ocds-dgv273-seacev3-1200909,ocds-dgv273-seacev3-1200909-2026-07-17T10:26:37.174508-05:00,2408148,21235994,15101505,Diesel,UNSPSC
ocds-dgv273-seacev3-1193269,ocds-dgv273-seacev3-1193269-2026-07-17T10:26:25.677206-05:00,2408063,21216045,72121505,Servicios de construcción de plantas para tratamiento de aguas residuales y aguas servidas,UNSPSC
ocds-dgv273-seacev3-2026-1952-2,ocds-dgv273-seacev3-2026-1952-2-2026-07-17T10:26:25.558960-05:00,2390806,21218868,71151106,Backup y almacenamiento de datos,UNSPSC
ocds-dgv273-seacev3-2026-1995-3,ocds-dgv273-seacev3-2026-1995-3-2026-07-17T10:26:25.514301-05:00,2392391,21214357,10191703,Trampas para control de insectos voladores,UNSPSC
ocds-dgv273-seacev3-1194289,ocds-dgv273-seacev3-1194289-2026-07-17T10:26:25.473872-05:00,2408069,21218655,71121705,Servicio de recuperación de la tubería en el yacimiento petrolero,UNSPSC
ocds-dgv273-seacev3-1197991,ocds-dgv273-seacev3-1197991-2026-07-17T10:26:25.459218-05:00,2408152,21227382,71161408,Servicios de base costera,UNSPSC
ocds-dgv273-seacev3-1197329,ocds-dgv273-seacev3-1197329-2026-07-17T10:26:15.852263-05:00,2393548,21225907,72141107,Servicios de construcción y reparación de puentes,UNSPSC
ocds-dgv273-seacev3-2026-200495-16,ocds-dgv273-seacev3-2026-200495-16-2026-07-17T10:26:15.824815-05:00,2399593,21230631,72121103,Servicios de renovación y reparación de edificios comerciales y de oficinas,UNSPSC
ocds-dgv273-seacev3-1197407,ocds-dgv273-seacev3-1197407-2026-07-17T10:26:15.445091-05:00,2408169,21226046,72152605,Servicios de montaje y reparación de techos,UNSPSC
ocds-dgv273-seacev3-1206637,ocds-dgv273-seacev3-1206637-2026-07-17T10:26:15.236383-05:00,2408217,21252256,81101508,Ingeniería arquitectónica,UNSPSC
ocds-dgv273-seacev3-1203942,ocds-dgv273-seacev3-1203942-2026-07-17T10:26:03.205868-05:00,2390769,21245625,72121101,Servicios de construcción de nuevos edificios comerciales y de oficinas,UNSPSC
ocds-dgv273-seacev3-1199154,ocds-dgv273-seacev3-1199154-2026-07-17T10:26:02.936865-05:00,2408088,21230873,72141003,Servicios de mantenimiento de pistas y carreteras,UNSPSC
ocds-dgv273-seacev3-1200892,ocds-dgv273-seacev3-1200892-2026-07-17T10:26:02.887262-05:00,2408191,21235964,72141003,Servicios de mantenimiento de pistas y carreteras,UNSPSC
ocds-dgv273-seacev3-1200865,ocds-dgv273-seacev3-1200865-2026-07-17T10:26:02.866722-05:00,2408237,21235952,72141003,Servicios de mantenimiento de pistas y carreteras,UNSPSC
ocds-dgv273-seacev3-2026-200168-17,ocds-dgv273-seacev3-2026-200168-17-2026-07-16T10:26:14.444574-05:00,2407631,21327412,81161501,Servicio de administración de aplicaciones de software,UNSPSC
ocds-dgv273-seacev3-2026-200168-23,ocds-dgv273-seacev3-2026-200168-23-2026-07-16T10:26:13.704582-05:00,2407621,21327086,81112002,Servicios de preparación o procesamiento de datos,UNSPSC
ocds-dgv273-seacev3-1219302,ocds-dgv273-seacev3-1219302-2026-07-16T10:26:09.049705-05:00,2407842,21289167,73152108,Servicio de reparación y mantenimiento de equipo eléctrico,UNSPSC
ocds-dgv273-seacev3-2026-1952-99,ocds-dgv273-seacev3-2026-1952-99-2026-07-16T10:26:07.092242-05:00,2387888,21242282,81111602,Programación de Java,UNSPSC
ocds-dgv273-seacev3-2026-1952-99,ocds-dgv273-seacev3-2026-1952-99-2026-07-16T10:26:07.092242-05:00,2388835,21242281,81111602,Programación de Java,UNSPSC
ocds-dgv273-seacev3-1205279,ocds-dgv273-seacev3-1205279-2026-07-16T10:26:06.854567-05:00,2386397,21249099,81101505,Ingeniería estructural,UNSPSC
ocds-dgv273-seacev3-2026-1952-68,ocds-dgv273-seacev3-2026-1952-68-2026-07-16T10:26:06.840223-05:00,2387953,21240358,80101507,Servicios de consultoría de informática,UNSPSC
ocds-dgv273-seacev3-2026-200168-84,ocds-dgv273-seacev3-2026-200168-84-2026-07-16T10:26:01.551525-05:00,2407854,21316348,81111502,Diseño de aplicaciones para computadoras personales,UNSPSC
ocds-dgv273-seacev3-1195012,ocds-dgv273-seacev3-1195012-2026-07-16T10:25:56.802535-05:00,2407380,21220783,30111505,Hormigón premezclado,UNSPSC
ocds-dgv273-seacev3-2026-172-1,ocds-dgv273-seacev3-2026-172-1-2026-07-16T10:25:56.624604-05:00,2407934,21220436,50192109,"Papas fritas en hojuelas y al hilo, mix de bocaditos o galletas saladas",UNSPSC
ocds-dgv273-seacev3-2026-172-1,ocds-dgv273-seacev3-2026-172-1-2026-07-16T10:25:56.624604-05:00,2407934,21220437,50131702,Leche o productos de mantequilla estables sin refrigerar,UNSPSC
ocds-dgv273-seacev3-1206138,ocds-dgv273-seacev3-1206138-2026-07-16T10:25:45.484244-05:00,2386696,21251104,80111601,Asistencia administrativa o de oficina temporal,UNSPSC
ocds-dgv273-seacev3-1198640,ocds-dgv273-seacev3-1198640-2026-07-16T10:25:45.329054-05:00,2407833,21229162,51111815,Triptorelina,UNSPSC
ocds-dgv273-seacev3-1200992,ocds-dgv273-seacev3-1200992-2026-07-16T10:25:45.096149-05:00,2390815,21236534,23101514,Máquinas Cepilladoras,UNSPSC
ocds-dgv273-seacev3-1227246,ocds-dgv273-seacev3-1227246-2026-07-16T10:25:38.543828-05:00,2407654,21311968,56112101,"Asientos de auditorio, estadio o de uso especial",UNSPSC
ocds-dgv273-seacev3-2026-200168-118,ocds-dgv273-seacev3-2026-200168-118-2026-07-16T10:25:35.464603-05:00,2407899,21312871,81112001,Servicio de procesamiento de datos en línea,UNSPSC
ocds-dgv273-seacev3-1196007,ocds-dgv273-seacev3-1196007-2026-07-16T10:25:33.853894-05:00,2407731,21222785,83111507,Servicios del centro de atención telefónica,UNSPSC
ocds-dgv273-seacev3-2026-1003002825-5,ocds-dgv273-seacev3-2026-1003002825-5-2026-07-16T10:25:33.834158-05:00,2395591,21219632,72141003,Servicios de mantenimiento de pistas y carreteras,UNSPSC
ocds-dgv273-seacev3-1205557,ocds-dgv273-seacev3-1205557-2026-07-16T10:25:33.819936-05:00,2386680,21249858,80121704,Servicios legales de contratos,UNSPSC
ocds-dgv273-seacev3-2026-695-3,ocds-dgv273-seacev3-2026-695-3-2026-07-16T10:25:33.657470-05:00,2407746,21224589,72121406,Servicios de construcción de escuelas,UNSPSC
ocds-dgv273-seacev3-1204021,ocds-dgv273-seacev3-1204021-2026-07-16T10:25:33.548392-05:00,2385423,21245941,70141707,Manejo de sistemas de cultivo agrícola,UNSPSC
ocds-dgv273-seacev3-1202429,ocds-dgv273-seacev3-1202429-2026-07-16T10:25:33.515505-05:00,2387278,21242313,81102702,Servicio de ingeniería y diseño de sistema de control de proceso,UNSPSC
ocds-dgv273-seacev3-2026-1952-108,ocds-dgv273-seacev3-2026-1952-108-2026-07-16T10:25:33.406003-05:00,2388897,21250244,81111819,Servicios de aseguramiento de calidad,UNSPSC
ocds-dgv273-seacev3-1194903,ocds-dgv273-seacev3-1194903-2026-07-16T10:25:33.340867-05:00,2407971,21226091,72121406,Servicios de construcción de escuelas,UNSPSC
ocds-dgv273-seacev3-1198768,ocds-dgv273-seacev3-1198768-2026-07-16T10:25:22.476359-05:00,2407829,21229767,51112022,Ibrutinib,UNSPSC
ocds-dgv273-seacev3-1205824,ocds-dgv273-seacev3-1205824-2026-07-16T10:25:22.050915-05:00,2387296,21250445,80101706,Servicios profesionales de abastecimiento,UNSPSC
ocds-dgv273-seacev3-1203603,ocds-dgv273-seacev3-1203603-2026-07-16T10:25:12.769411-05:00,2385217,21244810,80101513,Servicio de consultoría para la gestión de procesos y procedimientos,UNSPSC
ocds-dgv273-seacev3-1193075,ocds-dgv273-seacev3-1193075-2026-07-16T10:25:12.640381-05:00,2396759,21215563,40171520,Tubería comercial de PAD,UNSPSC
ocds-dgv273-seacev3-1207799,ocds-dgv273-seacev3-1207799-2026-07-16T10:25:12.323189-05:00,2387830,21254959,80161504,Servicios de oficina,UNSPSC
ocds-dgv273-seacev3-1207062,ocds-dgv273-seacev3-1207062-2026-07-16T10:25:12.131160-05:00,2407684,21252999,92101501,Servicios de vigilancia,UNSPSC
ocds-dgv273-seacev3-1198515,ocds-dgv273-seacev3-1198515-2026-07-16T10:25:12.116873-05:00,2407787,21228789,51162012,Budesonida/formoterol,UNSPSC
ocds-dgv273-seacev3-1198515,ocds-dgv273-seacev3-1198515-2026-07-16T10:25:12.116873-05:00,2407787,21228788,51162012,Budesonida/formoterol,UNSPSC
ocds-dgv273-seacev3-1195876,ocds-dgv273-seacev3-1195876-2026-07-16T10:25:11.977356-05:00,2388894,21222621,50131702,Leche o productos de mantequilla estables sin refrigerar,UNSPSC
ocds-dgv273-seacev3-1198805,ocds-dgv273-seacev3-1198805-2026-07-16T10:25:11.901950-05:00,2407795,21229794,51191603,Alimentación parenteral total o nutrición parenteral total TPN,UNSPSC
ocds-dgv273-seacev3-2026-200168-72,ocds-dgv273-seacev3-2026-200168-72-2026-07-16T10:25:06.155534-05:00,2407619,21316026,80101507,Servicios de consultoría de informática,UNSPSC
ocds-dgv273-seacev3-1227939,ocds-dgv273-seacev3-1227939-2026-07-16T10:25:04.588280-05:00,2407915,21313798,80101507,Servicios de consultoría de informática,UNSPSC
ocds-dgv273-seacev3-1224899,ocds-dgv273-seacev3-1224899-2026-07-16T10:25:03.608641-05:00,2407884,21305498,81101515,Ingeniería de infraestructura de plantas o instalaciones,UNSPSC
ocds-dgv273-seacev3-1199600,ocds-dgv273-seacev3-1199600-2026-07-16T10:24:59.697128-05:00,2407830,21232327,78111812,Arrendamiento vehicular de combis o minicombus para pasajeros,UNSPSC
ocds-dgv273-seacev3-1200668,ocds-dgv273-seacev3-1200668-2026-07-16T10:24:59.636791-05:00,2407955,21235542,81101508,Ingeniería arquitectónica,UNSPSC
ocds-dgv273-seacev3-1199836,ocds-dgv273-seacev3-1199836-2026-07-16T10:24:59.557221-05:00,2397997,21232890,72141505,Servicios de movimientos de tierras,UNSPSC
ocds-dgv273-seacev3-1199836,ocds-dgv273-seacev3-1199836-2026-07-16T10:24:59.557221-05:00,2398132,21232928,72141505,Servicios de movimientos de tierras,UNSPSC
ocds-dgv273-seacev3-1199836,ocds-dgv273-seacev3-1199836-2026-07-16T10:24:59.557221-05:00,2398171,21232927,72141505,Servicios de movimientos de tierras,UNSPSC
ocds-dgv273-seacev3-1199836,ocds-dgv273-seacev3-1199836-2026-07-16T10:24:59.557221-05:00,2397918,21232889,72141505,Servicios de movimientos de tierras,UNSPSC
ocds-dgv273-seacev3-1199836,ocds-dgv273-seacev3-1199836-2026-07-16T10:24:59.557221-05:00,2398192,21232926,72141505,Servicios de movimientos de tierras,UNSPSC
ocds-dgv273-seacev3-1199958,ocds-dgv273-seacev3-1199958-2026-07-16T10:24:59.532540-05:00,2407874,21233250,42131608,Uniformes para el personal médico,UNSPSC
ocds-dgv273-seacev3-2026-1003002825-11,ocds-dgv273-seacev3-2026-1003002825-11-2026-07-16T10:24:59.394162-05:00,2395593,21234976,72141003,Servicios de mantenimiento de pistas y carreteras,UNSPSC
ocds-dgv273-seacev3-1193427,ocds-dgv273-seacev3-1193427-2026-07-15T10:30:50.969292-05:00,2390876,21216274,72141001,Servicios de construcción de pistas y carreteras nuevas,UNSPSC
ocds-dgv273-seacev3-1201652,ocds-dgv273-seacev3-1201652-2026-07-15T10:30:50.953082-05:00,2407339,21238319,72121103,Servicios de renovación y reparación de edificios comerciales y de oficinas,UNSPSC
ocds-dgv273-seacev3-1200919,ocds-dgv273-seacev3-1200919-2026-07-15T10:30:50.333235-05:00,2407429,21235995,12352311,Alúmina y otros compuestos de aluminio,UNSPSC
ocds-dgv273-seacev3-2026-1731-35,ocds-dgv273-seacev3-2026-1731-35-2026-07-15T10:30:39.804920-05:00,2394112,21226949,72141003,Servicios de mantenimiento de pistas y carreteras,UNSPSC
ocds-dgv273-seacev3-1208715,ocds-dgv273-seacev3-1208715-2026-07-15T10:30:27.811381-05:00,2407341,21257523,12352311,Alúmina y otros compuestos de aluminio,UNSPSC
ocds-dgv273-seacev3-2026-200168-63,ocds-dgv273-seacev3-2026-200168-63-2026-07-15T10:30:23.070906-05:00,2407481,21314619,82141501,Servicios de edición de gráficos o diseños,UNSPSC
ocds-dgv273-seacev3-1212899,ocds-dgv273-seacev3-1212899-2026-07-15T10:30:17.015786-05:00,2398951,21269498,50192109,"Papas fritas en hojuelas y al hilo, mix de bocaditos o galletas saladas",UNSPSC
ocds-dgv273-seacev3-2026-2348-1,ocds-dgv273-seacev3-2026-2348-1-2026-07-15T10:30:16.774343-05:00,2407287,21218067,12352311,Alúmina y otros compuestos de aluminio,UNSPSC
ocds-dgv273-seacev3-2026-822-1,ocds-dgv273-seacev3-2026-822-1-2026-07-15T10:30:06.116459-05:00,2398965,21219371,50131702,Leche o productos de mantequilla estables sin refrigerar,UNSPSC
ocds-dgv273-seacev3-1195523,ocds-dgv273-seacev3-1195523-2026-07-15T10:30:06.045486-05:00,2407284,21221996,80111501,Desarrollo de gestión,UNSPSC
ocds-dgv273-seacev3-1207999,ocds-dgv273-seacev3-1207999-2026-07-15T10:30:06.031169-05:00,2389494,21255515,84111504,Servicios de contabilidad,UNSPSC
ocds-dgv273-seacev3-1196732,ocds-dgv273-seacev3-1196732-2026-07-15T10:30:05.964509-05:00,2407449,21224720,41116106,Tiras o papeles para pruebas de productos químicos,UNSPSC
ocds-dgv273-seacev3-2026-2373-14,ocds-dgv273-seacev3-2026-2373-14-2026-07-15T10:30:05.707221-05:00,2407488,21236549,81101515,Ingeniería de infraestructura de plantas o instalaciones,UNSPSC
ocds-dgv273-seacev3-1197185,ocds-dgv273-seacev3-1197185-2026-07-15T10:30:05.609826-05:00,2384151,21225528,84111502,Servicio de contabilidad financiera,UNSPSC
ocds-dgv273-seacev3-2026-2348-2,ocds-dgv273-seacev3-2026-2348-2-2026-07-15T10:30:05.572844-05:00,2407301,21218040,40151513,Bombas sumergibles,UNSPSC
ocds-dgv273-seacev3-1202338,ocds-dgv273-seacev3-1202338-2026-07-15T10:29:54.426686-05:00,2387921,21242198,81112002,Servicios de preparación o procesamiento de datos,UNSPSC
ocds-dgv273-seacev3-1193668,ocds-dgv273-seacev3-1193668-2026-07-15T10:29:54.210770-05:00,2407347,21217127,40151513,Bombas sumergibles,UNSPSC
ocds-dgv273-seacev3-1193810,ocds-dgv273-seacev3-1193810-2026-07-15T10:29:54.138921-05:00,2407265,21217428,83101804,Servicios de transmisión de energía eléctrica,UNSPSC
ocds-dgv273-seacev3-2026-200168-61,ocds-dgv273-seacev3-2026-200168-61-2026-07-15T10:29:46.721651-05:00,2407460,21314267,80101507,Servicios de consultoría de informática,UNSPSC
ocds-dgv273-seacev3-1213867,ocds-dgv273-seacev3-1213867-2026-07-15T10:29:43.483761-05:00,2407544,21271935,72141001,Servicios de construcción de pistas y carreteras nuevas,UNSPSC
ocds-dgv273-seacev3-2026-1320-4,ocds-dgv273-seacev3-2026-1320-4-2026-07-13T10:20:21.444690-05:00,2407210,21227932,77111602,Servicios de descontaminación ambiental,UNSPSC
ocds-dgv273-seacev3-1200221,ocds-dgv273-seacev3-1200221-2026-07-13T10:20:21.252412-05:00,2406968,21234218,93151507,Servicios o procedimientos administrativos,UNSPSC
ocds-dgv273-seacev3-1201759,ocds-dgv273-seacev3-1201759-2026-07-13T10:20:12.803760-05:00,2407008,21238629,81111805,Mantenimiento o soporte de sistemas propietarios o con licencia,UNSPSC
ocds-dgv273-seacev3-1192773,ocds-dgv273-seacev3-1192773-2026-07-13T10:20:12.738407-05:00,2386015,21214744,30111601,Cemento,UNSPSC
ocds-dgv273-seacev3-2026-24-12,ocds-dgv273-seacev3-2026-24-12-2026-07-13T10:20:12.586060-05:00,2407095,21237712,70141502,Acuicultura,UNSPSC
ocds-dgv273-seacev3-2026-2407-32,ocds-dgv273-seacev3-2026-2407-32-2026-07-13T10:20:12.558175-05:00,2407045,21241106,72151502,Servicios de instalación de sistemas de energía eléctrica,UNSPSC
ocds-dgv273-seacev3-1196349,ocds-dgv273-seacev3-1196349-2026-07-13T10:20:02.363447-05:00,2396686,21223720,81101508,Ingeniería arquitectónica,UNSPSC
ocds-dgv273-seacev3-1192115,ocds-dgv273-seacev3-1192115-2026-07-13T10:20:01.993226-05:00,2387726,21213430,15101505,Diesel,UNSPSC
ocds-dgv273-seacev3-2026-173241-1,ocds-dgv273-seacev3-2026-173241-1-2026-07-13T10:19:51.744789-05:00,2406977,21215710,91111603,Servicios de cocina o preparación de comidas,UNSPSC
ocds-dgv273-seacev3-2026-781-5,ocds-dgv273-seacev3-2026-781-5-2026-07-13T10:19:51.554223-05:00,2401591,21237965,72141003,Servicios de mantenimiento de pistas y carreteras,UNSPSC
ocds-dgv273-seacev3-2026-1995-6,ocds-dgv273-seacev3-2026-1995-6-2026-07-13T10:19:51.531781-05:00,2385688,21219974,10191703,Trampas para control de insectos voladores,UNSPSC
ocds-dgv273-seacev3-1198277,ocds-dgv273-seacev3-1198277-2026-07-13T10:19:51.481095-05:00,2395305,21228305,72141120,Servicios de construcción de líneas de alcantarillado,UNSPSC
ocds-dgv273-seacev3-2026-200344-4,ocds-dgv273-seacev3-2026-200344-4-2026-07-13T10:19:51.310138-05:00,2407067,21230197,78111808,Alquiler de vehículos,UNSPSC
ocds-dgv273-seacev3-1200285,ocds-dgv273-seacev3-1200285-2026-07-13T10:19:50.046477-05:00,2406995,21234289,81111511,Servicio de gestión de programación de aplicaciones o sistemas,UNSPSC
ocds-dgv273-seacev3-1200193,ocds-dgv273-seacev3-1200193-2026-07-11T10:22:31.492458-05:00,2387876,21233941,93151507,Servicios o procedimientos administrativos,UNSPSC
ocds-dgv273-seacev3-1200866,ocds-dgv273-seacev3-1200866-2026-07-11T10:22:31.362946-05:00,2396576,21236263,72141701,Servicio de arrendamiento o alquiler de maquinaria de construcción,UNSPSC
ocds-dgv273-seacev3-1195283,ocds-dgv273-seacev3-1195283-2026-07-11T10:22:31.256380-05:00,2406760,21221237,72141102,Servicios de nivelación del terreno,UNSPSC
ocds-dgv273-seacev3-1194064,ocds-dgv273-seacev3-1194064-2026-07-11T10:22:30.991150-05:00,2391369,21218018,72141701,Servicio de arrendamiento o alquiler de maquinaria de construcción,UNSPSC
ocds-dgv273-seacev3-2026-1780-1,ocds-dgv273-seacev3-2026-1780-1-2026-07-11T10:22:21.512970-05:00,2406739,21198295,72141121,Servicios de construcción de tuberías principales de agua,UNSPSC
ocds-dgv273-seacev3-1202256,ocds-dgv273-seacev3-1202256-2026-07-11T10:22:21.393809-05:00,2387159,21242153,81102702,Servicio de ingeniería y diseño de sistema de control de proceso,UNSPSC
ocds-dgv273-seacev3-1192691,ocds-dgv273-seacev3-1192691-2026-07-11T10:22:20.681458-05:00,2406741,21214566,46171622,Sistema de circuito cerrado de televisión CCTV,UNSPSC
ocds-dgv273-seacev3-1198271,ocds-dgv273-seacev3-1198271-2026-07-11T10:22:10.914239-05:00,2406698,21228392,91111603,Servicios de cocina o preparación de comidas,UNSPSC
ocds-dgv273-seacev3-1198271,ocds-dgv273-seacev3-1198271-2026-07-11T10:22:10.914239-05:00,2406702,21228393,91111603,Servicios de cocina o preparación de comidas,UNSPSC
ocds-dgv273-seacev3-1196483,ocds-dgv273-seacev3-1196483-2026-07-11T10:22:10.732390-05:00,2406638,21223923,41115815,Analizadores hematológicos,UNSPSC
ocds-dgv273-seacev3-1200886,ocds-dgv273-seacev3-1200886-2026-07-11T10:22:10.530289-05:00,2390110,21236245,15101505,Diesel,UNSPSC
ocds-dgv273-seacev3-1199920,ocds-dgv273-seacev3-1199920-2026-07-11T10:21:59.710846-05:00,2393746,21233076,72141701,Servicio de arrendamiento o alquiler de maquinaria de construcción,UNSPSC
ocds-dgv273-seacev3-1200007,ocds-dgv273-seacev3-1200007-2026-07-11T10:21:59.501929-05:00,2404546,21234206,72141003,Servicios de mantenimiento de pistas y carreteras,UNSPSC
ocds-dgv273-seacev3-1194730,ocds-dgv273-seacev3-1194730-2026-07-11T10:21:59.366472-05:00,2392109,21219796,50192703,Comidas combinadas estables sin refrigerar,UNSPSC
ocds-dgv273-seacev3-1194911,ocds-dgv273-seacev3-1194911-2026-07-11T10:21:59.295076-05:00,2406763,21220284,72154013,Servicios de construcción de cercos,UNSPSC
ocds-dgv273-seacev3-1194416,ocds-dgv273-seacev3-1194416-2026-07-11T10:21:59.231586-05:00,2406757,21219007,72121406,Servicios de construcción de escuelas,UNSPSC
ocds-dgv273-seacev3-1202478,ocds-dgv273-seacev3-1202478-2026-07-11T10:21:47.829975-05:00,2387195,21240407,80101604,Administración o planificación de proyectos,UNSPSC
ocds-dgv273-seacev3-1196243,ocds-dgv273-seacev3-1196243-2026-07-11T10:21:47.764061-05:00,2397802,21223241,72121406,Servicios de construcción de escuelas,UNSPSC
ocds-dgv273-seacev3-1220141,ocds-dgv273-seacev3-1220141-2026-07-11T10:21:38.783724-05:00,2406714,21292098,72153102,Servicios de construcción de campos deportivos interiores,UNSPSC
ocds-dgv273-seacev3-1191295,ocds-dgv273-seacev3-1191295-2026-07-11T10:21:37.699181-05:00,2386401,21211014,23152902,"Maquinaria de formar, rellenar o sellar",UNSPSC
ocds-dgv273-seacev3-1195615,ocds-dgv273-seacev3-1195615-2026-07-11T10:21:37.480172-05:00,2391910,21222191,43211501,Servidor de computadora,UNSPSC
ocds-dgv273-seacev3-1197847,ocds-dgv273-seacev3-1197847-2026-07-11T10:21:37.255583-05:00,2406911,21227092,72151502,Servicios de instalación de sistemas de energía eléctrica,UNSPSC
ocds-dgv273-seacev3-1193060,ocds-dgv273-seacev3-1193060-2026-07-11T10:21:37.222648-05:00,2391537,21215422,15101505,Diesel,UNSPSC
ocds-dgv273-seacev3-1199713,ocds-dgv273-seacev3-1199713-2026-07-10T10:42:04.218545-05:00,2406339,21232645,72141003,Servicios de mantenimiento de pistas y carreteras,UNSPSC
ocds-dgv273-seacev3-1193021,ocds-dgv273-seacev3-1193021-2026-07-10T10:42:04.201754-05:00,2406274,21215320,47101505,Equipo para manipulación de cloro,UNSPSC
ocds-dgv273-seacev3-2026-1952-69,ocds-dgv273-seacev3-2026-1952-69-2026-07-10T10:41:53.019583-05:00,2387865,21248536,81111602,Programación de Java,UNSPSC
ocds-dgv273-seacev3-2026-1952-69,ocds-dgv273-seacev3-2026-1952-69-2026-07-10T10:41:53.019583-05:00,2387914,21248537,81111602,Programación de Java,UNSPSC
ocds-dgv273-seacev3-1199502,ocds-dgv273-seacev3-1199502-2026-07-10T10:41:52.740138-05:00,2406316,21231725,30151501,Techado prearmado,UNSPSC
ocds-dgv273-seacev3-2026-10461-1,ocds-dgv273-seacev3-2026-10461-1-2026-07-10T10:41:42.205911-05:00,2406347,21224755,83121703,Servicios relacionados con Internet,UNSPSC
ocds-dgv273-seacev3-1198083,ocds-dgv273-seacev3-1198083-2026-07-10T10:41:42.158265-05:00,2406280,21227632,72121201,Servicios de construcción de granjas,UNSPSC
ocds-dgv273-seacev3-2026-2006-3,ocds-dgv273-seacev3-2026-2006-3-2026-07-10T10:41:42.122747-05:00,2406386,21217332,83111603,Servicios de telefonía móvil,UNSPSC
ocds-dgv273-seacev3-2026-10435-8,ocds-dgv273-seacev3-2026-10435-8-2026-07-10T10:41:30.684254-05:00,2406528,21221470,72141003,Servicios de mantenimiento de pistas y carreteras,UNSPSC
ocds-dgv273-seacev3-1196481,ocds-dgv273-seacev3-1196481-2026-07-10T10:41:19.465490-05:00,2406317,21223921,41111502,Balanzas de laboratorio,UNSPSC
ocds-dgv273-seacev3-2026-200020-14,ocds-dgv273-seacev3-2026-200020-14-2026-07-10T10:41:19.442571-05:00,2386148,21221491,72121104,Servicios de construcción de restaurantes,UNSPSC
ocds-dgv273-seacev3-2026-20006-5,ocds-dgv273-seacev3-2026-20006-5-2026-07-10T10:41:19.285172-05:00,2399190,21222672,80111501,Desarrollo de gestión,UNSPSC
ocds-dgv273-seacev3-1199870,ocds-dgv273-seacev3-1199870-2026-07-10T10:41:19.127455-05:00,2406345,21232933,72141003,Servicios de mantenimiento de pistas y carreteras,UNSPSC
ocds-dgv273-seacev3-1195436,ocds-dgv273-seacev3-1195436-2026-07-10T10:41:19.002950-05:00,2391608,21221763,72121408,Servicios de construcción de estadios,UNSPSC
ocds-dgv273-seacev3-1199216,ocds-dgv273-seacev3-1199216-2026-07-10T10:41:18.840273-05:00,2403548,21231023,56111707,Estantes no modulares o muebles organizadores,UNSPSC
ocds-dgv273-seacev3-1194407,ocds-dgv273-seacev3-1194407-2026-07-10T10:41:09.256528-05:00,2388809,21219008,72141121,Servicios de construcción de tuberías principales de agua,UNSPSC
ocds-dgv273-seacev3-1194208,ocds-dgv273-seacev3-1194208-2026-07-10T10:41:09.160368-05:00,2395738,21218403,81112501,Servicio de licencias para software de computadoras,UNSPSC
ocds-dgv273-seacev3-1194846,ocds-dgv273-seacev3-1194846-2026-07-10T10:40:57.339728-05:00,2406310,21219882,72141003,Servicios de mantenimiento de pistas y carreteras,UNSPSC
ocds-dgv273-seacev3-1199833,ocds-dgv273-seacev3-1199833-2026-07-10T10:40:57.275270-05:00,2406331,21232883,72141003,Servicios de mantenimiento de pistas y carreteras,UNSPSC
ocds-dgv273-seacev3-1196918,ocds-dgv273-seacev3-1196918-2026-07-10T10:40:57.074288-05:00,2394844,21224904,72152708,Servicios de construcción de estacionamientos,UNSPSC
ocds-dgv273-seacev3-1199579,ocds-dgv273-seacev3-1199579-2026-07-09T10:39:01.056782-05:00,2405955,21232300,72141701,Servicio de arrendamiento o alquiler de maquinaria de construcción,UNSPSC
ocds-dgv273-seacev3-2026-200039-1,ocds-dgv273-seacev3-2026-200039-1-2026-07-09T10:39:00.772762-05:00,2406022,21239444,81101510,Ingeniería de carreteras,UNSPSC
ocds-dgv273-seacev3-1201768,ocds-dgv273-seacev3-1201768-2026-07-09T10:38:49.788445-05:00,2398828,21238722,72141106,Servicios de construcción de caminos de grava o tierra,UNSPSC
ocds-dgv273-seacev3-1195883,ocds-dgv273-seacev3-1195883-2026-07-09T10:38:49.473356-05:00,2386534,21222635,72141505,Servicios de movimientos de tierras,UNSPSC
ocds-dgv273-seacev3-1195724,ocds-dgv273-seacev3-1195724-2026-07-09T10:38:49.350661-05:00,2389403,21222339,78111812,Arrendamiento vehicular de combis o minicombus para pasajeros,UNSPSC
ocds-dgv273-seacev3-1198338,ocds-dgv273-seacev3-1198338-2026-07-09T10:38:49.308549-05:00,2406217,21228289,56122003,Estaciones de trabajo de laboratorios,UNSPSC
ocds-dgv273-seacev3-1201230,ocds-dgv273-seacev3-1201230-2026-07-09T10:38:49.139237-05:00,2405930,21237131,72141128,Servicio de remodelación  y/o construcción de plazas públicas,UNSPSC
ocds-dgv273-seacev3-1194932,ocds-dgv273-seacev3-1194932-2026-07-09T10:38:38.235979-05:00,2403845,21220288,42131607,Chaquetas o batas para personal médico,UNSPSC
ocds-dgv273-seacev3-1201526,ocds-dgv273-seacev3-1201526-2026-07-09T10:38:38.094433-05:00,2406143,21237957,81101515,Ingeniería de infraestructura de plantas o instalaciones,UNSPSC
ocds-dgv273-seacev3-1198908,ocds-dgv273-seacev3-1198908-2026-07-09T10:38:37.956949-05:00,2406218,21230166,72141106,Servicios de construcción de caminos de grava o tierra,UNSPSC
ocds-dgv273-seacev3-2026-10366-9,ocds-dgv273-seacev3-2026-10366-9-2026-07-09T10:38:37.939833-05:00,2406151,21220225,24102203,Herramientas y equipos para el sellado de bolsas,UNSPSC
ocds-dgv273-seacev3-1201370,ocds-dgv273-seacev3-1201370-2026-07-09T10:38:37.888298-05:00,2391526,21237488,10101516,Ganado vacuno,UNSPSC
ocds-dgv273-seacev3-2026-1995-66,ocds-dgv273-seacev3-2026-1995-66-2026-07-09T10:38:27.014457-05:00,2381261,21222342,85161502,Mantenimiento o reparación de equipo médico menor,UNSPSC
ocds-dgv273-seacev3-1200474,ocds-dgv273-seacev3-1200474-2026-07-09T10:38:26.804824-05:00,2406018,21234934,81101701,Servicios de ingeniería eléctrica,UNSPSC
ocds-dgv273-seacev3-1192512,ocds-dgv273-seacev3-1192512-2026-07-09T10:38:26.460246-05:00,2406119,21215735,78101805,Servicio de alquiler de camión pipa y tráiler,UNSPSC
ocds-dgv273-seacev3-2026-49-29,ocds-dgv273-seacev3-2026-49-29-2026-07-09T10:38:26.383114-05:00,2406243,21218673,78101805,Servicio de alquiler de camión pipa y tráiler,UNSPSC
ocds-dgv273-seacev3-1195899,ocds-dgv273-seacev3-1195899-2026-07-09T10:38:26.346867-05:00,2386388,21222650,72141505,Servicios de movimientos de tierras,UNSPSC
ocds-dgv273-seacev3-1199003,ocds-dgv273-seacev3-1199003-2026-07-09T10:38:15.575436-05:00,2406056,21230585,42294909,Dilatadores endoscópicos o dispositivos de inflado,UNSPSC
ocds-dgv273-seacev3-1220080,ocds-dgv273-seacev3-1220080-2026-07-08T12:25:31.072485-05:00,2405703,21291775,39122103,Poste de servicios públicos,UNSPSC
ocds-dgv273-seacev3-1212525,ocds-dgv273-seacev3-1212525-2026-07-08T12:25:31.039997-05:00,2404476,21268462,72141003,Servicios de mantenimiento de pistas y carreteras,UNSPSC
ocds-dgv273-seacev3-2026-781-3,ocds-dgv273-seacev3-2026-781-3-2026-07-08T12:25:24.569672-05:00,2401178,21235263,72141003,Servicios de mantenimiento de pistas y carreteras,UNSPSC
ocds-dgv273-seacev3-2026-781-4,ocds-dgv273-seacev3-2026-781-4-2026-07-08T12:25:24.478178-05:00,2401593,21238222,72141003,Servicios de mantenimiento de pistas y carreteras,UNSPSC
ocds-dgv273-seacev3-1197924,ocds-dgv273-seacev3-1197924-2026-07-08T12:25:24.147242-05:00,2404972,21227289,81101515,Ingeniería de infraestructura de plantas o instalaciones,UNSPSC
ocds-dgv273-seacev3-2026-200344-12,ocds-dgv273-seacev3-2026-200344-12-2026-07-08T12:25:24.128890-05:00,2404958,21219476,78181507,Reparación y mantenimiento de camión ligero automotriz,UNSPSC
ocds-dgv273-seacev3-1194982,ocds-dgv273-seacev3-1194982-2026-07-08T12:25:23.812140-05:00,2405277,21220660,72141002,Servicios de construcción y reparación de señales o barandas de pistas y carreteras,UNSPSC
ocds-dgv273-seacev3-2026-757-3,ocds-dgv273-seacev3-2026-757-3-2026-07-08T12:25:23.706146-05:00,2399515,21237902,72141003,Servicios de mantenimiento de pistas y carreteras,UNSPSC
ocds-dgv273-seacev3-1189100,ocds-dgv273-seacev3-1189100-2026-07-08T12:25:23.552892-05:00,2405833,21233995,42271701,Cilindros de gas médicos o dispositivos relacionados,UNSPSC
ocds-dgv273-seacev3-1223386,ocds-dgv273-seacev3-1223386-2026-07-08T12:25:08.719089-05:00,2405584,21301239,72153002,Servicios de instalación y reparación de vidrios,UNSPSC
ocds-dgv273-seacev3-1212527,ocds-dgv273-seacev3-1212527-2026-07-08T12:25:04.838649-05:00,2404738,21268464,72141003,Servicios de mantenimiento de pistas y carreteras,UNSPSC
ocds-dgv273-seacev3-1212526,ocds-dgv273-seacev3-1212526-2026-07-08T12:25:04.821759-05:00,2404695,21268463,72141003,Servicios de mantenimiento de pistas y carreteras,UNSPSC
ocds-dgv273-seacev3-1199194,ocds-dgv273-seacev3-1199194-2026-07-08T12:25:02.240248-05:00,2405470,21230963,72141001,Servicios de construcción de pistas y carreteras nuevas,UNSPSC
ocds-dgv273-seacev3-2026-174340-1,ocds-dgv273-seacev3-2026-174340-1-2026-07-08T12:25:02.171186-05:00,2405449,21236918,76111501,Servicios de limpieza de edificios,UNSPSC
ocds-dgv273-seacev3-1196336,ocds-dgv273-seacev3-1196336-2026-07-08T12:25:02.151207-05:00,2405433,21223697,81101508,Ingeniería arquitectónica,UNSPSC
ocds-dgv273-seacev3-1201064,ocds-dgv273-seacev3-1201064-2026-07-08T12:25:02.022182-05:00,2405691,21236644,81101515,Ingeniería de infraestructura de plantas o instalaciones,UNSPSC
ocds-dgv273-seacev3-2026-781-13,ocds-dgv273-seacev3-2026-781-13-2026-07-08T12:25:01.979409-05:00,2401160,21232397,72141003,Servicios de mantenimiento de pistas y carreteras,UNSPSC
ocds-dgv273-seacev3-2026-200379-12,ocds-dgv273-seacev3-2026-200379-12-2026-07-08T12:25:01.890823-05:00,2404778,21222713,72141003,Servicios de mantenimiento de pistas y carreteras,UNSPSC
ocds-dgv273-seacev3-1216177,ocds-dgv273-seacev3-1216177-2026-07-08T12:25:01.872474-05:00,2403400,21279019,81112102,Proveedor de servicio de correo electrónico,UNSPSC
ocds-dgv273-seacev3-2026-781-10,ocds-dgv273-seacev3-2026-781-10-2026-07-08T12:25:01.763877-05:00,2401277,21236029,72141003,Servicios de mantenimiento de pistas y carreteras,UNSPSC
ocds-dgv273-seacev3-1197223,ocds-dgv273-seacev3-1197223-2026-07-08T12:25:01.502223-05:00,2405090,21225557,50221108,Grano de arroz,UNSPSC
ocds-dgv273-seacev3-2026-757-6,ocds-dgv273-seacev3-2026-757-6-2026-07-08T12:25:01.429180-05:00,2399477,21236889,72141003,Servicios de mantenimiento de pistas y carreteras,UNSPSC
ocds-dgv273-seacev3-2026-200379-2,ocds-dgv273-seacev3-2026-200379-2-2026-07-08T12:25:01.331057-05:00,2404783,21220474,72141003,Servicios de mantenimiento de pistas y carreteras,UNSPSC
ocds-dgv273-seacev3-1201780,ocds-dgv273-seacev3-1201780-2026-07-08T12:25:01.313106-05:00,2404790,21238720,72141003,Servicios de mantenimiento de pistas y carreteras,UNSPSC
ocds-dgv273-seacev3-1199742,ocds-dgv273-seacev3-1199742-2026-07-08T12:25:01.243603-05:00,2396005,21232712,30111601,Cemento,UNSPSC
ocds-dgv273-seacev3-1199840,ocds-dgv273-seacev3-1199840-2026-07-08T12:25:01.137562-05:00,2391025,21232847,72141106,Servicios de construcción de caminos de grava o tierra,UNSPSC
ocds-dgv273-seacev3-1205455,ocds-dgv273-seacev3-1205455-2026-07-08T12:25:01.096261-05:00,2392660,21249470,81112208,Mantenimiento del software de protección y seguridad,UNSPSC
ocds-dgv273-seacev3-1194151,ocds-dgv273-seacev3-1194151-2026-07-08T12:25:01.018982-05:00,2405113,21218321,41116205,Kits de ensayos rápidos,UNSPSC
ocds-dgv273-seacev3-2026-757-8,ocds-dgv273-seacev3-2026-757-8-2026-07-08T12:25:00.994861-05:00,2399576,21235981,72141003,Servicios de mantenimiento de pistas y carreteras,UNSPSC
ocds-dgv273-seacev3-2026-10141-56,ocds-dgv273-seacev3-2026-10141-56-2026-07-08T12:25:00.925383-05:00,2405642,21236236,12352302,Sales metálicas inorgánicas,UNSPSC
ocds-dgv273-seacev3-2026-757-11,ocds-dgv273-seacev3-2026-757-11-2026-07-08T12:25:00.835578-05:00,2402501,21238673,72141003,Servicios de mantenimiento de pistas y carreteras,UNSPSC
ocds-dgv273-seacev3-1195645,ocds-dgv273-seacev3-1195645-2026-07-08T12:25:00.796768-05:00,2405523,21222250,72141102,Servicios de nivelación del terreno,UNSPSC
ocds-dgv273-seacev3-2026-2392-148,ocds-dgv273-seacev3-2026-2392-148-2026-07-08T12:24:36.079200-05:00,2404787,21226603,72121504,Servicios de construcción de plantas para la eliminación de residuos,UNSPSC
ocds-dgv273-seacev3-1196507,ocds-dgv273-seacev3-1196507-2026-07-08T12:24:35.976344-05:00,2405720,21223937,80131502,Alquiler de instalaciones comerciales o industriales,UNSPSC
ocds-dgv273-seacev3-2026-1995-9,ocds-dgv273-seacev3-2026-1995-9-2026-07-08T12:24:35.929762-05:00,2385560,21217442,10191703,Trampas para control de insectos voladores,UNSPSC
ocds-dgv273-seacev3-2026-10561-18,ocds-dgv273-seacev3-2026-10561-18-2026-07-08T12:24:35.849526-05:00,2405711,21225642,91111601,Servicios de limpieza y mantenimiento,UNSPSC
ocds-dgv273-seacev3-1195877,ocds-dgv273-seacev3-1195877-2026-07-08T12:24:35.824871-05:00,2390894,21222625,30111505,Hormigón premezclado,UNSPSC
ocds-dgv273-seacev3-2026-10248-20,ocds-dgv273-seacev3-2026-10248-20-2026-07-08T12:24:35.737316-05:00,2405219,21236271,25201514,Rotores de aeronaves,UNSPSC
ocds-dgv273-seacev3-2026-10435-4,ocds-dgv273-seacev3-2026-10435-4-2026-07-08T12:24:35.699042-05:00,2404826,21221211,72141003,Servicios de mantenimiento de pistas y carreteras,UNSPSC
ocds-dgv273-seacev3-2026-10435-3,ocds-dgv273-seacev3-2026-10435-3-2026-07-08T12:24:35.674224-05:00,2404858,21221124,72141003,Servicios de mantenimiento de pistas y carreteras,UNSPSC
ocds-dgv273-seacev3-1203458,ocds-dgv273-seacev3-1203458-2026-07-08T12:24:35.468302-05:00,2399164,21243782,72141003,Servicios de mantenimiento de pistas y carreteras,UNSPSC
ocds-dgv273-seacev3-2026-781-12,ocds-dgv273-seacev3-2026-781-12-2026-07-08T12:24:35.447216-05:00,2400981,21232154,72141003,Servicios de mantenimiento de pistas y carreteras,UNSPSC
ocds-dgv273-seacev3-2026-200379-1,ocds-dgv273-seacev3-2026-200379-1-2026-07-08T12:24:35.427849-05:00,2404782,21220221,72141003,Servicios de mantenimiento de pistas y carreteras,UNSPSC
ocds-dgv273-seacev3-2026-200379-7,ocds-dgv273-seacev3-2026-200379-7-2026-07-08T12:24:35.382704-05:00,2404789,21221605,72141003,Servicios de mantenimiento de pistas y carreteras,UNSPSC
ocds-dgv273-seacev3-2026-200379-6,ocds-dgv273-seacev3-2026-200379-6-2026-07-08T12:24:35.363891-05:00,2404788,21221602,72141003,Servicios de mantenimiento de pistas y carreteras,UNSPSC
ocds-dgv273-seacev3-2026-200379-4,ocds-dgv273-seacev3-2026-200379-4-2026-07-08T12:24:35.299248-05:00,2404764,21221589,72141003,Servicios de mantenimiento de pistas y carreteras,UNSPSC
ocds-dgv273-seacev3-2026-757-10,ocds-dgv273-seacev3-2026-757-10-2026-07-08T12:24:35.252397-05:00,2399385,21233673,72141003,Servicios de mantenimiento de pistas y carreteras,UNSPSC
ocds-dgv273-seacev3-2026-781-8,ocds-dgv273-seacev3-2026-781-8-2026-07-08T12:24:35.229650-05:00,2401299,21236082,72141003,Servicios de mantenimiento de pistas y carreteras,UNSPSC
ocds-dgv273-seacev3-2026-757-7,ocds-dgv273-seacev3-2026-757-7-2026-07-08T12:24:35.158009-05:00,2399410,21234191,72141003,Servicios de mantenimiento de pistas y carreteras,UNSPSC
ocds-dgv273-seacev3-2026-2406-222,ocds-dgv273-seacev3-2026-2406-222-2026-07-08T12:24:35.140216-05:00,2405707,21230525,80161504,Servicios de oficina,UNSPSC
ocds-dgv273-seacev3-1212510,ocds-dgv273-seacev3-1212510-2026-07-08T12:24:23.031638-05:00,2404481,21268284,72141003,Servicios de mantenimiento de pistas y carreteras,UNSPSC
ocds-dgv273-seacev3-1202058,ocds-dgv273-seacev3-1202058-2026-07-08T12:24:18.848545-05:00,2397681,21239767,72141121,Servicios de construcción de tuberías principales de agua,UNSPSC
ocds-dgv273-seacev3-2026-200379-9,ocds-dgv273-seacev3-2026-200379-9-2026-07-08T12:24:18.658015-05:00,2404772,21221671,72141003,Servicios de mantenimiento de pistas y carreteras,UNSPSC
ocds-dgv273-seacev3-2026-200379-8,ocds-dgv273-seacev3-2026-200379-8-2026-07-08T12:24:18.521349-05:00,2404768,21221427,72141003,Servicios de mantenimiento de pistas y carreteras,UNSPSC
ocds-dgv273-seacev3-2026-781-14,ocds-dgv273-seacev3-2026-781-14-2026-07-08T12:24:18.272158-05:00,2401286,21235833,72141003,Servicios de mantenimiento de pistas y carreteras,UNSPSC
ocds-dgv273-seacev3-2026-1512-6,ocds-dgv273-seacev3-2026-1512-6-2026-07-08T12:24:18.204678-05:00,2404751,21231658,81101510,Ingeniería de carreteras,UNSPSC
ocds-dgv273-seacev3-1199594,ocds-dgv273-seacev3-1199594-2026-07-08T12:24:18.102265-05:00,2388307,21232417,81101508,Ingeniería arquitectónica,UNSPSC
ocds-dgv273-seacev3-2026-1922-28,ocds-dgv273-seacev3-2026-1922-28-2026-07-08T12:24:17.994138-05:00,2405661,21237120,81112208,Mantenimiento del software de protección y seguridad,UNSPSC
ocds-dgv273-seacev3-1215391,ocds-dgv273-seacev3-1215391-2026-07-08T12:24:17.921000-05:00,2401749,21276538,25101507,Camiones ligeros o vehículos de utilidad deportiva,UNSPSC
ocds-dgv273-seacev3-1197396,ocds-dgv273-seacev3-1197396-2026-07-08T12:24:17.710510-05:00,2405705,21226067,72141701,Servicio de arrendamiento o alquiler de maquinaria de construcción,UNSPSC
ocds-dgv273-seacev3-1194587,ocds-dgv273-seacev3-1194587-2026-07-08T12:24:17.659993-05:00,2405290,21219501,26101515,Motor fuera de borda a gasolina,UNSPSC
ocds-dgv273-seacev3-1194220,ocds-dgv273-seacev3-1194220-2026-07-08T12:24:16.975138-05:00,2389400,21218429,72141128,Servicio de remodelación  y/o construcción de plazas públicas,UNSPSC
ocds-dgv273-seacev3-1197921,ocds-dgv273-seacev3-1197921-2026-07-08T12:24:16.919478-05:00,2404968,21227288,81101515,Ingeniería de infraestructura de plantas o instalaciones,UNSPSC
ocds-dgv273-seacev3-1197770,ocds-dgv273-seacev3-1197770-2026-07-08T12:24:16.841898-05:00,2405270,21226940,50221108,Grano de arroz,UNSPSC
ocds-dgv273-seacev3-1198290,ocds-dgv273-seacev3-1198290-2026-07-08T12:24:16.798256-05:00,2405000,21228270,83101808,Monitoreo de la calidad de la energía,UNSPSC
ocds-dgv273-seacev3-2026-10561-16,ocds-dgv273-seacev3-2026-10561-16-2026-07-08T12:24:16.723464-05:00,2405621,21229014,91111603,Servicios de cocina o preparación de comidas,UNSPSC
ocds-dgv273-seacev3-2026-200190-3,ocds-dgv273-seacev3-2026-200190-3-2026-07-08T12:24:16.556506-05:00,2404687,21239496,78101802,Servicios de transporte regional o nacional en camión,UNSPSC
ocds-dgv273-seacev3-1194453,ocds-dgv273-seacev3-1194453-2026-07-08T12:24:16.423055-05:00,2392552,21219042,72121406,Servicios de construcción de escuelas,UNSPSC
ocds-dgv273-seacev3-1196799,ocds-dgv273-seacev3-1196799-2026-07-08T12:24:16.307821-05:00,2405674,21224770,91111601,Servicios de limpieza y mantenimiento,UNSPSC
ocds-dgv273-seacev3-2026-781-7,ocds-dgv273-seacev3-2026-781-7-2026-07-08T12:24:16.285469-05:00,2401309,21235872,72141003,Servicios de mantenimiento de pistas y carreteras,UNSPSC
ocds-dgv273-seacev3-1200545,ocds-dgv273-seacev3-1200545-2026-07-08T12:24:16.267957-05:00,2405651,21235182,85101707,Servicios de evaluación de sistemas de salud,UNSPSC
ocds-dgv273-seacev3-1212538,ocds-dgv273-seacev3-1212538-2026-07-08T12:23:58.294073-05:00,2404711,21268290,72141003,Servicios de mantenimiento de pistas y carreteras,UNSPSC
ocds-dgv273-seacev3-1214574,ocds-dgv273-seacev3-1214574-2026-07-08T12:23:57.765369-05:00,2405161,21273846,72141003,Servicios de mantenimiento de pistas y carreteras,UNSPSC
ocds-dgv273-seacev3-2026-200379-10,ocds-dgv273-seacev3-2026-200379-10-2026-07-08T12:23:55.180117-05:00,2404785,21221680,72141003,Servicios de mantenimiento de pistas y carreteras,UNSPSC
ocds-dgv273-seacev3-2026-237-11,ocds-dgv273-seacev3-2026-237-11-2026-07-08T12:23:55.162303-05:00,2405297,21219316,72141121,Servicios de construcción de tuberías principales de agua,UNSPSC
ocds-dgv273-seacev3-2026-10141-17,ocds-dgv273-seacev3-2026-10141-17-2026-07-08T12:23:54.896493-05:00,2404925,21227504,76111501,Servicios de limpieza de edificios,UNSPSC
ocds-dgv273-seacev3-1194608,ocds-dgv273-seacev3-1194608-2026-07-08T12:23:54.837682-05:00,2399709,21219361,25101901,Tractores agrícolas,UNSPSC
ocds-dgv273-seacev3-1206923,ocds-dgv273-seacev3-1206923-2026-07-08T12:23:54.694940-05:00,2405115,21252814,91111602,Servicios de mantenimiento de patios y piscinas,UNSPSC
ocds-dgv273-seacev3-1201002,ocds-dgv273-seacev3-1201002-2026-07-08T12:23:54.421512-05:00,2405338,21236528,42221606,Grapas de tubos arteriales o intravenosos,UNSPSC
ocds-dgv273-seacev3-1198984,ocds-dgv273-seacev3-1198984-2026-07-08T12:23:54.337048-05:00,2391699,21230497,10121505,Heno,UNSPSC
ocds-dgv273-seacev3-2026-757-9,ocds-dgv273-seacev3-2026-757-9-2026-07-08T12:23:54.254945-05:00,2399466,21236325,72141003,Servicios de mantenimiento de pistas y carreteras,UNSPSC
ocds-dgv273-seacev3-2026-6-12,ocds-dgv273-seacev3-2026-6-12-2026-07-08T12:23:53.927633-05:00,2405143,21238552,72151302,Servicios de pintado comercial,UNSPSC
ocds-dgv273-seacev3-1192942,ocds-dgv273-seacev3-1192942-2026-07-08T12:23:53.849195-05:00,2391038,21215154,72152103,Servicios de aislamiento de edificaciones,UNSPSC
ocds-dgv273-seacev3-1221525,ocds-dgv273-seacev3-1221525-2026-07-08T12:23:38.968306-05:00,2404628,21296146,81101701,Servicios de ingeniería eléctrica,UNSPSC
ocds-dgv273-seacev3-1230032,ocds-dgv273-seacev3-1230032-2026-07-08T12:23:33.062908-05:00,2404795,21319302,70171710,Servicio de construcción de sistema de irrigación,UNSPSC
ocds-dgv273-seacev3-1200926,ocds-dgv273-seacev3-1200926-2026-07-08T12:23:29.715785-05:00,2405549,21236291,81101510,Ingeniería de carreteras,UNSPSC
ocds-dgv273-seacev3-1200512,ocds-dgv273-seacev3-1200512-2026-07-08T12:23:29.698292-05:00,2405192,21235121,72121403,Servicios de construcción de hospitales,UNSPSC
ocds-dgv273-seacev3-2026-781-11,ocds-dgv273-seacev3-2026-781-11-2026-07-08T12:23:29.677290-05:00,2401267,21235402,72141003,Servicios de mantenimiento de pistas y carreteras,UNSPSC
ocds-dgv273-seacev3-1199169,ocds-dgv273-seacev3-1199169-2026-07-08T12:23:29.659658-05:00,2405730,21230933,81101508,Ingeniería arquitectónica,UNSPSC
ocds-dgv273-seacev3-1195177,ocds-dgv273-seacev3-1195177-2026-07-08T12:23:29.642655-05:00,2391397,21221095,11111502,Material de relleno,UNSPSC
ocds-dgv273-seacev3-1198451,ocds-dgv273-seacev3-1198451-2026-07-08T12:23:29.525810-05:00,2393807,21228563,72141106,Servicios de construcción de caminos de grava o tierra,UNSPSC
ocds-dgv273-seacev3-2026-20002-5,ocds-dgv273-seacev3-2026-20002-5-2026-07-08T12:23:29.493456-05:00,2390489,21236239,41104109,Bolsas colectoras para unidades de sangre,UNSPSC
ocds-dgv273-seacev3-1198025,ocds-dgv273-seacev3-1198025-2026-07-08T12:23:29.476132-05:00,2395717,21227513,72151502,Servicios de instalación de sistemas de energía eléctrica,UNSPSC
ocds-dgv273-seacev3-2026-757-5,ocds-dgv273-seacev3-2026-757-5-2026-07-08T12:23:29.327583-05:00,2401596,21236873,72141003,Servicios de mantenimiento de pistas y carreteras,UNSPSC
ocds-dgv273-seacev3-2026-781-9,ocds-dgv273-seacev3-2026-781-9-2026-07-08T12:23:29.199923-05:00,2401271,21235427,72141003,Servicios de mantenimiento de pistas y carreteras,UNSPSC
ocds-dgv273-seacev3-1198815,ocds-dgv273-seacev3-1198815-2026-07-08T12:23:29.165914-05:00,2405198,21230410,84131612,Seguro de compensación laboral,UNSPSC
ocds-dgv273-seacev3-2026-10366-1,ocds-dgv273-seacev3-2026-10366-1-2026-07-08T12:23:29.134101-05:00,2405702,21222073,24102203,Herramientas y equipos para el sellado de bolsas,UNSPSC
ocds-dgv273-seacev3-1202141,ocds-dgv273-seacev3-1202141-2026-07-08T12:23:29.029238-05:00,2404635,21241591,72141003,Servicios de mantenimiento de pistas y carreteras,UNSPSC
ocds-dgv273-seacev3-1199596,ocds-dgv273-seacev3-1199596-2026-07-08T12:23:28.827531-05:00,2405265,21232421,50192109,"Papas fritas en hojuelas y al hilo, mix de bocaditos o galletas saladas",UNSPSC
ocds-dgv273-seacev3-1199596,ocds-dgv273-seacev3-1199596-2026-07-08T12:23:28.827531-05:00,2403906,21232420,50131702,Leche o productos de mantequilla estables sin refrigerar,UNSPSC
ocds-dgv273-seacev3-2026-200379-14,ocds-dgv273-seacev3-2026-200379-14-2026-07-08T12:23:28.676388-05:00,2404774,21222693,72141003,Servicios de mantenimiento de pistas y carreteras,UNSPSC
ocds-dgv273-seacev3-2026-200252-13,ocds-dgv273-seacev3-2026-200252-13-2026-07-08T12:23:28.630600-05:00,2399520,21225988,72141003,Servicios de mantenimiento de pistas y carreteras,UNSPSC
ocds-dgv273-seacev3-2026-781-2,ocds-dgv273-seacev3-2026-781-2-2026-07-08T12:23:28.560246-05:00,2401165,21232210,72141003,Servicios de mantenimiento de pistas y carreteras,UNSPSC
ocds-dgv273-seacev3-1221484,ocds-dgv273-seacev3-1221484-2026-07-08T12:23:14.095135-05:00,2405097,21296064,72141121,Servicios de construcción de tuberías principales de agua,UNSPSC
ocds-dgv273-seacev3-1197917,ocds-dgv273-seacev3-1197917-2026-07-08T12:23:11.978860-05:00,2387734,21227285,15101506,Gasolina o Petróleo,UNSPSC
ocds-dgv273-seacev3-1193032,ocds-dgv273-seacev3-1193032-2026-07-08T12:23:11.924229-05:00,2393416,21215406,84131603,Seguros de lesiones accidentales,UNSPSC
ocds-dgv273-seacev3-1201089,ocds-dgv273-seacev3-1201089-2026-07-08T12:23:11.829916-05:00,2404973,21236803,72121203,Servicios de construcción de silos y de edificaciones para servicio agrícola,UNSPSC
ocds-dgv273-seacev3-1196305,ocds-dgv273-seacev3-1196305-2026-07-08T12:23:11.766476-05:00,2404945,21224427,72153102,Servicios de construcción de campos deportivos interiores,UNSPSC
ocds-dgv273-seacev3-1196442,ocds-dgv273-seacev3-1196442-2026-07-08T12:23:11.724672-05:00,2405776,21223641,30131507,Bloque de concreto ligero,UNSPSC
ocds-dgv273-seacev3-2026-10248-23,ocds-dgv273-seacev3-2026-10248-23-2026-07-08T12:23:11.668010-05:00,2405223,21236435,25191522,Conjunto de mantenimiento de motor de avión,UNSPSC
ocds-dgv273-seacev3-2026-200379-13,ocds-dgv273-seacev3-2026-200379-13-2026-07-08T12:23:11.554104-05:00,2404777,21222691,72141003,Servicios de mantenimiento de pistas y carreteras,UNSPSC
ocds-dgv273-seacev3-1197088,ocds-dgv273-seacev3-1197088-2026-07-08T12:23:11.419907-05:00,2390208,21225304,72121406,Servicios de construcción de escuelas,UNSPSC
ocds-dgv273-seacev3-1195209,ocds-dgv273-seacev3-1195209-2026-07-08T12:23:11.044420-05:00,2404668,21221146,78102203,"Servicios de envío, recojo o entrega de correspondencia",UNSPSC
ocds-dgv273-seacev3-2026-757-4,ocds-dgv273-seacev3-2026-757-4-2026-07-08T12:23:10.929097-05:00,2399424,21232612,72141003,Servicios de mantenimiento de pistas y carreteras,UNSPSC
ocds-dgv273-seacev3-1197914,ocds-dgv273-seacev3-1197914-2026-07-08T12:23:10.818739-05:00,2404975,21227239,81101515,Ingeniería de infraestructura de plantas o instalaciones,UNSPSC
ocds-dgv273-seacev3-2026-200190-9,ocds-dgv273-seacev3-2026-200190-9-2026-07-08T12:23:10.775629-05:00,2405536,21225275,72102103,Servicios de exterminación o fumigación,UNSPSC
ocds-dgv273-seacev3-1195339,ocds-dgv273-seacev3-1195339-2026-07-08T12:23:10.760123-05:00,2405620,21221393,83111904,Servicios de estudios o equipos de radio,UNSPSC
ocds-dgv273-seacev3-1197166,ocds-dgv273-seacev3-1197166-2026-07-08T12:23:10.686827-05:00,2404965,21225488,72141001,Servicios de construcción de pistas y carreteras nuevas,UNSPSC
ocds-dgv273-seacev3-2026-2396-9,ocds-dgv273-seacev3-2026-2396-9-2026-07-08T12:23:10.521336-05:00,2404700,21232741,91111603,Servicios de cocina o preparación de comidas,UNSPSC
ocds-dgv273-seacev3-2026-1908-76,ocds-dgv273-seacev3-2026-1908-76-2026-07-08T12:23:10.464486-05:00,2405077,21236011,42201712,Unidades de ecografía o ecografía de pulso o doppler o ultrasonido médico para uso diagnóstico general,UNSPSC
ocds-dgv273-seacev3-1219436,ocds-dgv273-seacev3-1219436-2026-07-08T12:22:51.660402-05:00,2404723,21289717,30111903,Lámina de malla de alambre,UNSPSC
ocds-dgv273-seacev3-1197969,ocds-dgv273-seacev3-1197969-2026-07-08T12:22:49.127915-05:00,2404953,21227393,81101508,Ingeniería arquitectónica,UNSPSC
ocds-dgv273-seacev3-1195836,ocds-dgv273-seacev3-1195836-2026-07-08T12:22:49.112104-05:00,2390366,21222597,72141505,Servicios de movimientos de tierras,UNSPSC
ocds-dgv273-seacev3-2026-781-6,ocds-dgv273-seacev3-2026-781-6-2026-07-08T12:22:48.233801-05:00,2401592,21238036,72141003,Servicios de mantenimiento de pistas y carreteras,UNSPSC
ocds-dgv273-seacev3-2026-10248-22,ocds-dgv273-seacev3-2026-10248-22-2026-07-08T12:22:48.218129-05:00,2404656,21235389,25191522,Conjunto de mantenimiento de motor de avión,UNSPSC
ocds-dgv273-seacev3-2026-819-15,ocds-dgv273-seacev3-2026-819-15-2026-07-08T12:22:48.133811-05:00,2405517,21214571,30111601,Cemento,UNSPSC
ocds-dgv273-seacev3-1201513,ocds-dgv273-seacev3-1201513-2026-07-08T12:22:46.924490-05:00,2393322,21238151,30111601,Cemento,UNSPSC
ocds-dgv273-seacev3-1196832,ocds-dgv273-seacev3-1196832-2026-07-08T12:22:46.731138-05:00,2405475,21224612,15101505,Diesel,UNSPSC
ocds-dgv273-seacev3-1227357,ocds-dgv273-seacev3-1227357-2026-06-25T10:28:47.177632-05:00,2403167,21312245,81151705,Servicios arqueológicos,UNSPSC
ocds-dgv273-seacev3-1201352,ocds-dgv273-seacev3-1201352-2026-06-25T10:28:45.816001-05:00,2403165,21237577,81151602,Elaboración de mapas,UNSPSC
ocds-dgv273-seacev3-2026-2407-25,ocds-dgv273-seacev3-2026-2407-25-2026-06-25T10:28:45.010794-05:00,2402998,21216501,83101804,Servicios de transmisión de energía eléctrica,UNSPSC
ocds-dgv273-seacev3-1194050,ocds-dgv273-seacev3-1194050-2026-06-25T10:28:44.973596-05:00,2403031,21218068,81141902,Servicio de desarrollo e investigación de tecnología o aplicación,UNSPSC
ocds-dgv273-seacev3-1215751,ocds-dgv273-seacev3-1215751-2026-06-25T10:28:37.753199-05:00,2403274,21277656,83101804,Servicios de transmisión de energía eléctrica,UNSPSC
ocds-dgv273-seacev3-1194876,ocds-dgv273-seacev3-1194876-2026-06-25T10:28:35.901517-05:00,2403099,21219946,85121803,Servicios de laboratorios biológicos,UNSPSC
ocds-dgv273-seacev3-1194980,ocds-dgv273-seacev3-1194980-2026-06-25T10:28:35.787629-05:00,2403011,21220632,81101508,Ingeniería arquitectónica,UNSPSC
ocds-dgv273-seacev3-1196878,ocds-dgv273-seacev3-1196878-2026-06-25T10:28:35.584168-05:00,2392798,21224884,78101805,Servicio de alquiler de camión pipa y tráiler,UNSPSC
ocds-dgv273-seacev3-1202101,ocds-dgv273-seacev3-1202101-2026-06-25T10:28:35.561118-05:00,2394103,21241519,72151502,Servicios de instalación de sistemas de energía eléctrica,UNSPSC
ocds-dgv273-seacev3-2026-1952-107,ocds-dgv273-seacev3-2026-1952-107-2026-06-25T10:28:35.440472-05:00,2382890,21222277,81111602,Programación de Java,UNSPSC
ocds-dgv273-seacev3-2026-1952-107,ocds-dgv273-seacev3-2026-1952-107-2026-06-25T10:28:35.440472-05:00,2386316,21222276,81111602,Programación de Java,UNSPSC
ocds-dgv273-seacev3-1197379,ocds-dgv273-seacev3-1197379-2026-06-25T10:28:35.276335-05:00,2402957,21225961,72141121,Servicios de construcción de tuberías principales de agua,UNSPSC
ocds-dgv273-seacev3-1193690,ocds-dgv273-seacev3-1193690-2026-06-25T10:28:35.123640-05:00,2390368,21217175,30171607,Ventanas con desplazamiento horizontal,UNSPSC
ocds-dgv273-seacev3-1198085,ocds-dgv273-seacev3-1198085-2026-06-25T10:28:34.927888-05:00,2403422,21227628,56122003,Estaciones de trabajo de laboratorios,UNSPSC
ocds-dgv273-seacev3-1195295,ocds-dgv273-seacev3-1195295-2026-06-25T10:28:34.876681-05:00,2403463,21221326,72141102,Servicios de nivelación del terreno,UNSPSC
ocds-dgv273-seacev3-1220308,ocds-dgv273-seacev3-1220308-2026-06-25T10:28:21.246499-05:00,2402949,21292549,72121406,Servicios de construcción de escuelas,UNSPSC
ocds-dgv273-seacev3-1198616,ocds-dgv273-seacev3-1198616-2026-06-25T10:28:14.565366-05:00,2400030,21229146,72151502,Servicios de instalación de sistemas de energía eléctrica,UNSPSC
ocds-dgv273-seacev3-1197697,ocds-dgv273-seacev3-1197697-2026-06-25T10:28:14.312499-05:00,2403475,21226714,21101909,Equipo para esquila y transquila de animales,UNSPSC
ocds-dgv273-seacev3-1214673,ocds-dgv273-seacev3-1214673-2026-06-25T10:28:05.017498-05:00,2403212,21274352,50221108,Grano de arroz,UNSPSC
ocds-dgv273-seacev3-1196805,ocds-dgv273-seacev3-1196805-2026-06-25T10:28:03.543629-05:00,2403198,21224777,70171503,Estudio de aguas subterráneas o superficiales,UNSPSC
ocds-dgv273-seacev3-2026-1926-80,ocds-dgv273-seacev3-2026-1926-80-2026-06-25T10:28:03.315029-05:00,2402967,21239583,72121103,Servicios de renovación y reparación de edificios comerciales y de oficinas,UNSPSC
ocds-dgv273-seacev3-2026-2005-31,ocds-dgv273-seacev3-2026-2005-31-2026-06-25T10:28:03.224158-05:00,2403191,21236004,78111802,Servicios programados de autobús,UNSPSC
ocds-dgv273-seacev3-2026-1203-12,ocds-dgv273-seacev3-2026-1203-12-2026-06-25T10:28:02.729600-05:00,2403089,21241579,81101510,Ingeniería de carreteras,UNSPSC
ocds-dgv273-seacev3-2026-48-14,ocds-dgv273-seacev3-2026-48-14-2026-06-25T10:27:53.312249-05:00,2403393,21221445,81101701,Servicios de ingeniería eléctrica,UNSPSC
ocds-dgv273-seacev3-1198987,ocds-dgv273-seacev3-1198987-2026-06-25T10:27:53.281791-05:00,2403347,21230245,72121103,Servicios de renovación y reparación de edificios comerciales y de oficinas,UNSPSC
ocds-dgv273-seacev3-2026-2378-21,ocds-dgv273-seacev3-2026-2378-21-2026-06-25T10:27:53.237536-05:00,2403093,21227486,72154013,Servicios de construcción de cercos,UNSPSC
ocds-dgv273-seacev3-2026-1952-78,ocds-dgv273-seacev3-2026-1952-78-2026-06-25T10:27:53.191998-05:00,2386399,21233186,81111819,Servicios de aseguramiento de calidad,UNSPSC
ocds-dgv273-seacev3-2026-1921-30,ocds-dgv273-seacev3-2026-1921-30-2026-06-25T10:27:53.127250-05:00,2403226,21230360,80161507,Servicios audiovisuales,UNSPSC
ocds-dgv273-seacev3-1201530,ocds-dgv273-seacev3-1201530-2026-06-25T10:27:52.969045-05:00,2403108,21237969,72141121,Servicios de construcción de tuberías principales de agua,UNSPSC
ocds-dgv273-seacev3-1196927,ocds-dgv273-seacev3-1196927-2026-06-25T10:27:52.540611-05:00,2403098,21224922,13102017,Polietileno de Alta Densidad (HDPE),UNSPSC
ocds-dgv273-seacev3-2026-48-5,ocds-dgv273-seacev3-2026-48-5-2026-06-25T10:27:52.478448-05:00,2403096,21241244,72141106,Servicios de construcción de caminos de grava o tierra,UNSPSC
ocds-dgv273-seacev3-2026-422-4,ocds-dgv273-seacev3-2026-422-4-2026-06-25T10:27:52.430885-05:00,2402981,21230964,72153103,Servicios de construcción de patios de recreo e instalación de equipos,UNSPSC
ocds-dgv273-seacev3-2026-1230-6,ocds-dgv273-seacev3-2026-1230-6-2026-06-25T10:27:52.342424-05:00,2391942,21233135,72141107,Servicios de construcción y reparación de puentes,UNSPSC
ocds-dgv273-seacev3-1197525,ocds-dgv273-seacev3-1197525-2026-06-25T10:27:52.302150-05:00,2403331,21226263,72121102,Servicios de construcción de edificios comerciales y de oficinas prefabricadas,UNSPSC
ocds-dgv273-seacev3-1200687,ocds-dgv273-seacev3-1200687-2026-06-25T10:27:52.246291-05:00,2393539,21236296,30111903,Lámina de malla de alambre,UNSPSC
ocds-dgv273-seacev3-1200946,ocds-dgv273-seacev3-1200946-2026-06-25T10:27:52.148198-05:00,2402523,21236371,51181601,Levotiroxina sódica,UNSPSC
ocds-dgv273-seacev3-1200946,ocds-dgv273-seacev3-1200946-2026-06-25T10:27:52.148198-05:00,2403416,21236332,51121818,Atorvastatina,UNSPSC
ocds-dgv273-seacev3-1196319,ocds-dgv273-seacev3-1196319-2026-06-25T10:27:52.106397-05:00,2403456,21223449,72121406,Servicios de construcción de escuelas,UNSPSC
ocds-dgv273-seacev3-1195057,ocds-dgv273-seacev3-1195057-2026-06-25T10:27:52.069821-05:00,2403362,21220511,72153102,Servicios de construcción de campos deportivos interiores,UNSPSC
ocds-dgv273-seacev3-1198690,ocds-dgv273-seacev3-1198690-2026-06-25T10:27:40.836376-05:00,2403484,21229463,72141001,Servicios de construcción de pistas y carreteras nuevas,UNSPSC
ocds-dgv273-seacev3-1193781,ocds-dgv273-seacev3-1193781-2026-06-25T10:27:40.768256-05:00,2403204,21217035,81101508,Ingeniería arquitectónica,UNSPSC
ocds-dgv273-seacev3-1196996,ocds-dgv273-seacev3-1196996-2026-06-25T10:27:40.752154-05:00,2402983,21225067,25101901,Tractores agrícolas,UNSPSC
ocds-dgv273-seacev3-1199214,ocds-dgv273-seacev3-1199214-2026-06-25T10:27:40.591371-05:00,2403290,21231011,41111712,Microscopios invertidos,UNSPSC
ocds-dgv273-seacev3-2026-1593-21,ocds-dgv273-seacev3-2026-1593-21-2026-06-25T10:27:40.186165-05:00,2403354,21226323,72141121,Servicios de construcción de tuberías principales de agua,UNSPSC
ocds-dgv273-seacev3-1203109,ocds-dgv273-seacev3-1203109-2026-06-24T10:31:10.139726-05:00,2402722,21244125,81101510,Ingeniería de carreteras,UNSPSC
ocds-dgv273-seacev3-1221268,ocds-dgv273-seacev3-1221268-2026-06-24T10:31:03.091994-05:00,2402787,21295561,72141128,Servicio de remodelación  y/o construcción de plazas públicas,UNSPSC
ocds-dgv273-seacev3-1199663,ocds-dgv273-seacev3-1199663-2026-06-24T10:31:00.465207-05:00,2402615,21232499,72152605,Servicios de montaje y reparación de techos,UNSPSC
ocds-dgv273-seacev3-2026-200195-97,ocds-dgv273-seacev3-2026-200195-97-2026-06-24T10:31:00.319155-05:00,2402586,21216926,73152108,Servicio de reparación y mantenimiento de equipo eléctrico,UNSPSC
ocds-dgv273-seacev3-1199453,ocds-dgv273-seacev3-1199453-2026-06-24T10:31:00.197589-05:00,2402378,21231666,51101573,Cefuroxima,UNSPSC
ocds-dgv273-seacev3-1199453,ocds-dgv273-seacev3-1199453-2026-06-24T10:31:00.197589-05:00,2402819,21231672,51121710,Losartán potásico,UNSPSC
ocds-dgv273-seacev3-1199453,ocds-dgv273-seacev3-1199453-2026-06-24T10:31:00.197589-05:00,2402837,21231671,51161606,Loratadina,UNSPSC
ocds-dgv273-seacev3-1199453,ocds-dgv273-seacev3-1199453-2026-06-24T10:31:00.197589-05:00,2402661,21231510,51171502,Magaldrato,UNSPSC
ocds-dgv273-seacev3-1199453,ocds-dgv273-seacev3-1199453-2026-06-24T10:31:00.197589-05:00,2402832,21231673,51161508,Sulfato de salbutamol,UNSPSC
ocds-dgv273-seacev3-1195313,ocds-dgv273-seacev3-1195313-2026-06-24T10:30:59.666051-05:00,2402868,21221349,82121599,Impresión,UNSPSC
ocds-dgv273-seacev3-1213864,ocds-dgv273-seacev3-1213864-2026-06-24T10:30:50.595604-05:00,2402812,21271910,80101604,Administración o planificación de proyectos,UNSPSC
ocds-dgv273-seacev3-1200247,ocds-dgv273-seacev3-1200247-2026-06-24T10:30:48.904301-05:00,2402870,21234163,85101707,Servicios de evaluación de sistemas de salud,UNSPSC
ocds-dgv273-seacev3-1198486,ocds-dgv273-seacev3-1198486-2026-06-24T10:30:48.789332-05:00,2402689,21228606,50305602,Piñas golden,UNSPSC
ocds-dgv273-seacev3-1198387,ocds-dgv273-seacev3-1198387-2026-06-24T10:30:48.548146-05:00,2402636,21228459,81101510,Ingeniería de carreteras,UNSPSC
ocds-dgv273-seacev3-2026-28-100,ocds-dgv273-seacev3-2026-28-100-2026-06-24T10:30:38.338529-05:00,2402585,21239485,78181507,Reparación y mantenimiento de camión ligero automotriz,UNSPSC
ocds-dgv273-seacev3-1192495,ocds-dgv273-seacev3-1192495-2026-06-24T10:30:27.321866-05:00,2402755,21214211,72101511,Servicio de reparación o mantenimiento o instalación de aire acondicionado,UNSPSC
ocds-dgv273-seacev3-1202094,ocds-dgv273-seacev3-1202094-2026-06-24T10:30:27.115837-05:00,2402864,21239831,81101515,Ingeniería de infraestructura de plantas o instalaciones,UNSPSC
ocds-dgv273-seacev3-2026-372-5,ocds-dgv273-seacev3-2026-372-5-2026-06-24T10:30:27.063942-05:00,2402784,21222115,72152605,Servicios de montaje y reparación de techos,UNSPSC
ocds-dgv273-seacev3-1200084,ocds-dgv273-seacev3-1200084-2026-06-24T10:30:17.303755-05:00,2392204,21233696,50406501,Tomates ailsa craig,UNSPSC
ocds-dgv273-seacev3-1200346,ocds-dgv273-seacev3-1200346-2026-06-24T10:30:17.250758-05:00,2384996,21235102,78111802,Servicios programados de autobús,UNSPSC
ocds-dgv273-seacev3-1199560,ocds-dgv273-seacev3-1199560-2026-06-24T10:30:17.109804-05:00,2402723,21231798,51182704,Gliburida/metformina,UNSPSC
ocds-dgv273-seacev3-2026-695-5,ocds-dgv273-seacev3-2026-695-5-2026-06-24T10:30:04.691419-05:00,2402713,21230558,72121203,Servicios de construcción de silos y de edificaciones para servicio agrícola,UNSPSC
ocds-dgv273-seacev3-1193106,ocds-dgv273-seacev3-1193106-2026-06-24T10:30:04.436115-05:00,2402692,21215527,92101501,Servicios de vigilancia,UNSPSC
ocds-dgv273-seacev3-1193231,ocds-dgv273-seacev3-1193231-2026-06-24T10:30:04.383288-05:00,2396980,21215782,72141107,Servicios de construcción y reparación de puentes,UNSPSC
ocds-dgv273-seacev3-1196274,ocds-dgv273-seacev3-1196274-2026-06-22T10:04:17.796170-05:00,2402570,21223433,81101515,Ingeniería de infraestructura de plantas o instalaciones,UNSPSC
ocds-dgv273-seacev3-2026-185233-24,ocds-dgv273-seacev3-2026-185233-24-2026-06-21T10:12:26.008679-05:00,2402345,21234195,81111511,Servicio de gestión de programación de aplicaciones o sistemas,UNSPSC
ocds-dgv273-seacev3-1190951,ocds-dgv273-seacev3-1190951-2026-06-21T10:12:25.878792-05:00,2402303,21210299,81101508,Ingeniería arquitectónica,UNSPSC
ocds-dgv273-seacev3-2026-185233-36,ocds-dgv273-seacev3-2026-185233-36-2026-06-21T10:12:25.637784-05:00,2402351,21236193,81111511,Servicio de gestión de programación de aplicaciones o sistemas,UNSPSC
ocds-dgv273-seacev3-1193691,ocds-dgv273-seacev3-1193691-2026-06-21T10:12:25.560107-05:00,2402477,21216925,72141106,Servicios de construcción de caminos de grava o tierra,UNSPSC
ocds-dgv273-seacev3-1200898,ocds-dgv273-seacev3-1200898-2026-06-21T10:12:15.966500-05:00,2402314,21235957,81111511,Servicio de gestión de programación de aplicaciones o sistemas,UNSPSC
ocds-dgv273-seacev3-2026-185233-22,ocds-dgv273-seacev3-2026-185233-22-2026-06-21T10:12:15.911489-05:00,2402310,21236150,81111511,Servicio de gestión de programación de aplicaciones o sistemas,UNSPSC
ocds-dgv273-seacev3-1200010,ocds-dgv273-seacev3-1200010-2026-06-21T10:12:15.784418-05:00,2402427,21233269,72152605,Servicios de montaje y reparación de techos,UNSPSC
ocds-dgv273-seacev3-2026-1209-8,ocds-dgv273-seacev3-2026-1209-8-2026-06-21T10:12:15.766456-05:00,2402437,21229989,81101508,Ingeniería arquitectónica,UNSPSC
ocds-dgv273-seacev3-2026-10461-2,ocds-dgv273-seacev3-2026-10461-2-2026-06-21T10:12:15.698213-05:00,2402390,21224781,92101501,Servicios de vigilancia,UNSPSC
ocds-dgv273-seacev3-2026-1995-77,ocds-dgv273-seacev3-2026-1995-77-2026-06-21T10:12:15.669025-05:00,2402188,21238502,92101501,Servicios de vigilancia,UNSPSC
ocds-dgv273-seacev3-2026-2543-430,ocds-dgv273-seacev3-2026-2543-430-2026-06-21T10:12:15.647584-05:00,2402413,21234221,78111802,Servicios programados de autobús,UNSPSC
ocds-dgv273-seacev3-2026-2543-430,ocds-dgv273-seacev3-2026-2543-430-2026-06-21T10:12:15.647584-05:00,2402413,21234222,78111802,Servicios programados de autobús,UNSPSC
ocds-dgv273-seacev3-1197809,ocds-dgv273-seacev3-1197809-2026-06-21T10:12:15.483422-05:00,2402291,21226962,81101508,Ingeniería arquitectónica,UNSPSC
ocds-dgv273-seacev3-1200894,ocds-dgv273-seacev3-1200894-2026-06-21T10:12:15.342661-05:00,2402278,21236262,83101804,Servicios de transmisión de energía eléctrica,UNSPSC
ocds-dgv273-seacev3-1199137,ocds-dgv273-seacev3-1199137-2026-06-21T10:12:06.229182-05:00,2402469,21230902,72141106,Servicios de construcción de caminos de grava o tierra,UNSPSC
ocds-dgv273-seacev3-2026-200302-36,ocds-dgv273-seacev3-2026-200302-36-2026-06-21T10:12:06.181293-05:00,2402512,21241472,91111603,Servicios de cocina o preparación de comidas,UNSPSC
ocds-dgv273-seacev3-2026-185233-21,ocds-dgv273-seacev3-2026-185233-21-2026-06-21T10:12:06.068343-05:00,2402309,21235868,81111511,Servicio de gestión de programación de aplicaciones o sistemas,UNSPSC
ocds-dgv273-seacev3-1199184,ocds-dgv273-seacev3-1199184-2026-06-21T10:12:06.015747-05:00,2402358,21230931,81101508,Ingeniería arquitectónica,UNSPSC
ocds-dgv273-seacev3-2026-200351-2,ocds-dgv273-seacev3-2026-200351-2-2026-06-21T10:12:05.749547-05:00,2402444,21221203,91111603,Servicios de cocina o preparación de comidas,UNSPSC
ocds-dgv273-seacev3-1194029,ocds-dgv273-seacev3-1194029-2026-06-21T10:12:05.711024-05:00,2402447,21217993,42311545,Vendas o vendajes secos no adhesivos,UNSPSC
ocds-dgv273-seacev3-1200325,ocds-dgv273-seacev3-1200325-2026-06-21T10:11:56.374463-05:00,2394586,21234417,72141701,Servicio de arrendamiento o alquiler de maquinaria de construcción,UNSPSC
ocds-dgv273-seacev3-2026-1962-7,ocds-dgv273-seacev3-2026-1962-7-2026-06-21T10:11:56.209958-05:00,2402407,21224414,81151804,Estudios hidrológicos,UNSPSC
ocds-dgv273-seacev3-2026-1647-1,ocds-dgv273-seacev3-2026-1647-1-2026-06-21T10:11:56.027275-05:00,2402490,21238360,72121203,Servicios de construcción de silos y de edificaciones para servicio agrícola,UNSPSC
ocds-dgv273-seacev3-1192268,ocds-dgv273-seacev3-1192268-2026-06-21T10:11:55.457984-05:00,2402492,21213378,83101804,Servicios de transmisión de energía eléctrica,UNSPSC
ocds-dgv273-seacev3-1197803,ocds-dgv273-seacev3-1197803-2026-06-20T10:19:12.762539-05:00,2402174,21226958,72121102,Servicios de construcción de edificios comerciales y de oficinas prefabricadas,UNSPSC
ocds-dgv273-seacev3-2026-200485-2,ocds-dgv273-seacev3-2026-200485-2-2026-06-20T10:19:03.254624-05:00,2399979,21238221,72141003,Servicios de mantenimiento de pistas y carreteras,UNSPSC
ocds-dgv273-seacev3-1187172,ocds-dgv273-seacev3-1187172-2026-06-20T10:19:02.919971-05:00,2402102,21223964,81101508,Ingeniería arquitectónica,UNSPSC
ocds-dgv273-seacev3-2026-200485-3,ocds-dgv273-seacev3-2026-200485-3-2026-06-20T10:18:52.440802-05:00,2400043,21238048,72141003,Servicios de mantenimiento de pistas y carreteras,UNSPSC
ocds-dgv273-seacev3-2026-1033-1,ocds-dgv273-seacev3-2026-1033-1-2026-06-20T10:18:52.423197-05:00,2401980,21236788,72121406,Servicios de construcción de escuelas,UNSPSC
ocds-dgv273-seacev3-2026-200485-4,ocds-dgv273-seacev3-2026-200485-4-2026-06-20T10:18:52.309698-05:00,2400049,21238232,72141003,Servicios de mantenimiento de pistas y carreteras,UNSPSC
ocds-dgv273-seacev3-2026-190-3,ocds-dgv273-seacev3-2026-190-3-2026-06-20T10:18:51.982288-05:00,2385489,21215288,72121203,Servicios de construcción de silos y de edificaciones para servicio agrícola,UNSPSC
ocds-dgv273-seacev3-2026-200485-5,ocds-dgv273-seacev3-2026-200485-5-2026-06-20T10:18:51.914058-05:00,2400517,21238243,72141003,Servicios de mantenimiento de pistas y carreteras,UNSPSC
ocds-dgv273-seacev3-1197999,ocds-dgv273-seacev3-1197999-2026-06-20T10:18:41.455149-05:00,2402169,21227395,81101508,Ingeniería arquitectónica,UNSPSC
ocds-dgv273-seacev3-1197750,ocds-dgv273-seacev3-1197750-2026-06-20T10:18:41.378596-05:00,2402253,21228118,72153102,Servicios de construcción de campos deportivos interiores,UNSPSC
ocds-dgv273-seacev3-2026-857-4,ocds-dgv273-seacev3-2026-857-4-2026-06-20T10:18:41.263627-05:00,2401167,21228868,50121538,Pescado estable sin refrigerar,UNSPSC
ocds-dgv273-seacev3-1219952,ocds-dgv273-seacev3-1219952-2026-06-20T10:18:31.417982-05:00,2402265,21291455,39111709,Unidad de iluminación para salida de emergencia,UNSPSC
ocds-dgv273-seacev3-1195676,ocds-dgv273-seacev3-1195676-2026-06-20T10:18:30.676751-05:00,2402191,21222266,72141102,Servicios de nivelación del terreno,UNSPSC
ocds-dgv273-seacev3-1192790,ocds-dgv273-seacev3-1192790-2026-06-20T10:18:20.718936-05:00,2386654,21214696,30111601,Cemento,UNSPSC
ocds-dgv273-seacev3-1192497,ocds-dgv273-seacev3-1192497-2026-06-20T10:18:20.221910-05:00,2402209,21214214,72121406,Servicios de construcción de escuelas,UNSPSC
ocds-dgv273-seacev3-2026-200485-6,ocds-dgv273-seacev3-2026-200485-6-2026-06-20T10:18:19.913134-05:00,2400054,21238259,72141003,Servicios de mantenimiento de pistas y carreteras,UNSPSC
ocds-dgv273-seacev3-2026-200485-7,ocds-dgv273-seacev3-2026-200485-7-2026-06-20T10:18:19.861331-05:00,2400062,21238254,72141003,Servicios de mantenimiento de pistas y carreteras,UNSPSC
ocds-dgv273-seacev3-1193417,ocds-dgv273-seacev3-1193417-2026-06-20T10:18:19.675631-05:00,2401965,21223942,72151702,Servicios de instalación de sistemas de televisión de circuito cerrado,UNSPSC
ocds-dgv273-seacev3-1196298,ocds-dgv273-seacev3-1196298-2026-06-20T10:18:19.620571-05:00,2400060,21223405,23121614,Máquinas de coser,UNSPSC
ocds-dgv273-seacev3-1201071,ocds-dgv273-seacev3-1201071-2026-06-20T10:18:09.589398-05:00,2397165,21236896,77101601,Plan de desarrollo urbano ambiental,UNSPSC
ocds-dgv273-seacev3-1198305,ocds-dgv273-seacev3-1198305-2026-06-20T10:18:09.110315-05:00,2402248,21228276,72121203,Servicios de construcción de silos y de edificaciones para servicio agrícola,UNSPSC
ocds-dgv273-seacev3-1199158,ocds-dgv273-seacev3-1199158-2026-06-20T10:18:09.039521-05:00,2401974,21230893,23121501,Maquinaria para bordados,UNSPSC
ocds-dgv273-seacev3-2026-481-1,ocds-dgv273-seacev3-2026-481-1-2026-06-19T10:30:18.132754-05:00,2390007,21213336,72141121,Servicios de construcción de tuberías principales de agua,UNSPSC
ocds-dgv273-seacev3-1202046,ocds-dgv273-seacev3-1202046-2026-06-19T10:30:17.973638-05:00,2399800,21239705,72101510,Reparación o mantenimiento del sistema de plomería,UNSPSC
ocds-dgv273-seacev3-1193403,ocds-dgv273-seacev3-1193403-2026-06-19T10:30:17.840897-05:00,2395380,21216240,81101706,Mantenimiento de equipo de laboratorio,UNSPSC
ocds-dgv273-seacev3-2026-32-5,ocds-dgv273-seacev3-2026-32-5-2026-06-19T10:30:17.312534-05:00,2401803,21225346,81101508,Ingeniería arquitectónica,UNSPSC
ocds-dgv273-seacev3-1195298,ocds-dgv273-seacev3-1195298-2026-06-19T10:30:17.250795-05:00,2400712,21221295,83121703,Servicios relacionados con Internet,UNSPSC
ocds-dgv273-seacev3-1201762,ocds-dgv273-seacev3-1201762-2026-06-19T10:30:17.233513-05:00,2401810,21238660,25101801,Motocicletas,UNSPSC
ocds-dgv273-seacev3-1201469,ocds-dgv273-seacev3-1201469-2026-06-19T10:30:07.974644-05:00,2401865,21237906,30111801,Agregado natural,UNSPSC
ocds-dgv273-seacev3-1201997,ocds-dgv273-seacev3-1201997-2026-06-19T10:30:07.906917-05:00,2399812,21241430,72141120,Servicios de construcción de líneas de alcantarillado,UNSPSC
ocds-dgv273-seacev3-2026-200252-27,ocds-dgv273-seacev3-2026-200252-27-2026-06-19T10:30:07.696869-05:00,2401230,21226050,72141003,Servicios de mantenimiento de pistas y carreteras,UNSPSC
ocds-dgv273-seacev3-1200705,ocds-dgv273-seacev3-1200705-2026-06-19T10:30:07.641594-05:00,2401915,21236257,70151504,Servicios de administración forestal,UNSPSC
ocds-dgv273-seacev3-1193372,ocds-dgv273-seacev3-1193372-2026-06-19T10:30:07.530144-05:00,2401689,21216379,26111601,Generadores diesel,UNSPSC
ocds-dgv273-seacev3-2026-200252-28,ocds-dgv273-seacev3-2026-200252-28-2026-06-19T10:30:07.484833-05:00,2401231,21226070,72141003,Servicios de mantenimiento de pistas y carreteras,UNSPSC
ocds-dgv273-seacev3-2026-10141-49,ocds-dgv273-seacev3-2026-10141-49-2026-06-19T10:30:07.273085-05:00,2401770,21236295,12352302,Sales metálicas inorgánicas,UNSPSC
ocds-dgv273-seacev3-1201243,ocds-dgv273-seacev3-1201243-2026-06-19T10:30:07.126533-05:00,2401609,21237153,72121201,Servicios de construcción de granjas,UNSPSC
ocds-dgv273-seacev3-1195978,ocds-dgv273-seacev3-1195978-2026-06-19T10:30:07.108389-05:00,2401626,21222746,72141003,Servicios de mantenimiento de pistas y carreteras,UNSPSC
ocds-dgv273-seacev3-1200594,ocds-dgv273-seacev3-1200594-2026-06-19T10:30:07.091199-05:00,2401746,21235348,72141003,Servicios de mantenimiento de pistas y carreteras,UNSPSC
ocds-dgv273-seacev3-1200231,ocds-dgv273-seacev3-1200231-2026-06-19T10:30:07.071961-05:00,2401629,21235155,72141003,Servicios de mantenimiento de pistas y carreteras,UNSPSC
ocds-dgv273-seacev3-1197712,ocds-dgv273-seacev3-1197712-2026-06-19T10:30:07.007567-05:00,2401848,21226764,72141003,Servicios de mantenimiento de pistas y carreteras,UNSPSC
ocds-dgv273-seacev3-2026-200252-26,ocds-dgv273-seacev3-2026-200252-26-2026-06-19T10:29:55.932685-05:00,2401228,21226069,72141003,Servicios de mantenimiento de pistas y carreteras,UNSPSC
ocds-dgv273-seacev3-1198072,ocds-dgv273-seacev3-1198072-2026-06-19T10:29:55.606803-05:00,2401768,21227638,72151502,Servicios de instalación de sistemas de energía eléctrica,UNSPSC
ocds-dgv273-seacev3-1198072,ocds-dgv273-seacev3-1198072-2026-06-19T10:29:55.606803-05:00,2401771,21227639,72151502,Servicios de instalación de sistemas de energía eléctrica,UNSPSC
ocds-dgv273-seacev3-1200601,ocds-dgv273-seacev3-1200601-2026-06-19T10:29:55.383321-05:00,2401666,21235295,72141003,Servicios de mantenimiento de pistas y carreteras,UNSPSC
ocds-dgv273-seacev3-1196406,ocds-dgv273-seacev3-1196406-2026-06-19T10:29:45.514780-05:00,2401668,21223772,80101604,Administración o planificación de proyectos,UNSPSC
ocds-dgv273-seacev3-1199987,ocds-dgv273-seacev3-1199987-2026-06-19T10:29:45.406744-05:00,2401679,21233267,81111805,Mantenimiento o soporte de sistemas propietarios o con licencia,UNSPSC
ocds-dgv273-seacev3-2026-10556-6,ocds-dgv273-seacev3-2026-10556-6-2026-06-19T10:29:45.053723-05:00,2386919,21221227,53102701,Uniformes militares,UNSPSC
ocds-dgv273-seacev3-2026-10556-6,ocds-dgv273-seacev3-2026-10556-6-2026-06-19T10:29:45.053723-05:00,2386919,21221226,53102701,Uniformes militares,UNSPSC
ocds-dgv273-seacev3-2026-10556-6,ocds-dgv273-seacev3-2026-10556-6-2026-06-19T10:29:45.053723-05:00,2386919,21221239,53121503,Piezas individuales de equipaje,UNSPSC
ocds-dgv273-seacev3-2026-10556-6,ocds-dgv273-seacev3-2026-10556-6-2026-06-19T10:29:45.053723-05:00,2386904,21221228,53102701,Uniformes militares,UNSPSC
ocds-dgv273-seacev3-1196116,ocds-dgv273-seacev3-1196116-2026-06-19T10:29:44.937567-05:00,2401600,21222994,81112102,Proveedor de servicio de correo electrónico,UNSPSC
ocds-dgv273-seacev3-1200597,ocds-dgv273-seacev3-1200597-2026-06-19T10:29:44.764168-05:00,2401752,21235367,72141003,Servicios de mantenimiento de pistas y carreteras,UNSPSC
ocds-dgv273-seacev3-2026-2600-13,ocds-dgv273-seacev3-2026-2600-13-2026-06-19T10:29:44.558176-05:00,2401754,21236561,42231801,Fórmulas suplementarias de adulto para uso general,UNSPSC
ocds-dgv273-seacev3-2026-2600-13,ocds-dgv273-seacev3-2026-2600-13-2026-06-19T10:29:44.558176-05:00,2401754,21236562,42231801,Fórmulas suplementarias de adulto para uso general,UNSPSC
ocds-dgv273-seacev3-1199496,ocds-dgv273-seacev3-1199496-2026-06-19T10:29:34.867864-05:00,2401830,21231701,83101804,Servicios de transmisión de energía eléctrica,UNSPSC
ocds-dgv273-seacev3-1196809,ocds-dgv273-seacev3-1196809-2026-06-19T10:29:34.665232-05:00,2401854,21224783,81101507,Ingeniería de presas,UNSPSC
ocds-dgv273-seacev3-1196345,ocds-dgv273-seacev3-1196345-2026-06-19T10:29:34.548761-05:00,2394235,21223570,72151302,Servicios de pintado comercial,UNSPSC
ocds-dgv273-seacev3-2026-1112-4,ocds-dgv273-seacev3-2026-1112-4-2026-06-19T10:29:34.359180-05:00,2401607,21235481,72141003,Servicios de mantenimiento de pistas y carreteras,UNSPSC
ocds-dgv273-seacev3-2026-200485-1,ocds-dgv273-seacev3-2026-200485-1-2026-06-19T10:29:34.170612-05:00,2400527,21238136,72141003,Servicios de mantenimiento de pistas y carreteras,UNSPSC
ocds-dgv273-seacev3-1200401,ocds-dgv273-seacev3-1200401-2026-06-19T10:29:33.799752-05:00,2401734,21235004,72141505,Servicios de movimientos de tierras,UNSPSC
ocds-dgv273-seacev3-2026-163587-1,ocds-dgv273-seacev3-2026-163587-1-2026-06-19T10:29:33.660821-05:00,2385173,21219611,85101503,Servicio para administrar consultorios médicos,UNSPSC
ocds-dgv273-seacev3-1199481,ocds-dgv273-seacev3-1199481-2026-06-19T10:29:23.646324-05:00,2390344,21231662,72121103,Servicios de renovación y reparación de edificios comerciales y de oficinas,UNSPSC
ocds-dgv273-seacev3-1196256,ocds-dgv273-seacev3-1196256-2026-06-19T10:29:23.307246-05:00,2400005,21223308,39121402,Enchufes eléctricos,UNSPSC
ocds-dgv273-seacev3-2026-200252-24,ocds-dgv273-seacev3-2026-200252-24-2026-06-19T10:29:23.156291-05:00,2401219,21226066,72141003,Servicios de mantenimiento de pistas y carreteras,UNSPSC
ocds-dgv273-seacev3-1194801,ocds-dgv273-seacev3-1194801-2026-06-19T10:29:22.844762-05:00,2401320,21219851,81101508,Ingeniería arquitectónica,UNSPSC
ocds-dgv273-seacev3-2026-200252-25,ocds-dgv273-seacev3-2026-200252-25-2026-06-19T10:29:12.034025-05:00,2401224,21226048,72141003,Servicios de mantenimiento de pistas y carreteras,UNSPSC
ocds-dgv273-seacev3-1199792,ocds-dgv273-seacev3-1199792-2026-06-19T10:29:11.990329-05:00,2383683,21232812,95101505,Terreno en ciudad,UNSPSC
ocds-dgv273-seacev3-2026-200252-29,ocds-dgv273-seacev3-2026-200252-29-2026-06-19T10:29:11.587504-05:00,2401233,21226071,72141003,Servicios de mantenimiento de pistas y carreteras,UNSPSC
ocds-dgv273-seacev3-1194913,ocds-dgv273-seacev3-1194913-2026-06-19T10:29:11.557452-05:00,2401862,21220307,72141701,Servicio de arrendamiento o alquiler de maquinaria de construcción,UNSPSC
ocds-dgv273-seacev3-2026-2392-87,ocds-dgv273-seacev3-2026-2392-87-2026-06-19T10:29:11.533653-05:00,2401645,21237381,72151502,Servicios de instalación de sistemas de energía eléctrica,UNSPSC
ocds-dgv273-seacev3-2026-200112-4,ocds-dgv273-seacev3-2026-200112-4-2026-06-19T10:29:11.391406-05:00,2401886,21230526,43211516,Minicomputadora,UNSPSC
ocds-dgv273-seacev3-1196201,ocds-dgv273-seacev3-1196201-2026-06-19T10:29:11.342900-05:00,2401643,21223141,21101710,Secador de cosecha,UNSPSC
ocds-dgv273-seacev3-2026-1926-35,ocds-dgv273-seacev3-2026-1926-35-2026-06-19T10:29:11.299033-05:00,2401788,21225007,81112501,Servicio de licencias para software de computadoras,UNSPSC
ocds-dgv273-seacev3-1211420,ocds-dgv273-seacev3-1211420-2026-06-18T10:26:27.831722-05:00,2401330,21265679,81101515,Ingeniería de infraestructura de plantas o instalaciones,UNSPSC
ocds-dgv273-seacev3-1196685,ocds-dgv273-seacev3-1196685-2026-06-18T10:26:23.926334-05:00,2401552,21224407,72141001,Servicios de construcción de pistas y carreteras nuevas,UNSPSC
ocds-dgv273-seacev3-2026-10427-12,ocds-dgv273-seacev3-2026-10427-12-2026-06-18T10:26:23.869039-05:00,2401455,21235945,72141003,Servicios de mantenimiento de pistas y carreteras,UNSPSC
ocds-dgv273-seacev3-1195495,ocds-dgv273-seacev3-1195495-2026-06-18T10:26:23.852164-05:00,2401307,21221947,72141003,Servicios de mantenimiento de pistas y carreteras,UNSPSC
ocds-dgv273-seacev3-1201861,ocds-dgv273-seacev3-1201861-2026-06-18T10:26:23.715880-05:00,2401444,21239451,82121504,Impresión tipográfica o serigrafía,UNSPSC
ocds-dgv273-seacev3-2026-10248-21,ocds-dgv273-seacev3-2026-10248-21-2026-06-18T10:26:23.668359-05:00,2401288,21235148,25191522,Conjunto de mantenimiento de motor de avión,UNSPSC
ocds-dgv273-seacev3-1194277,ocds-dgv273-seacev3-1194277-2026-06-18T10:26:22.523349-05:00,2401323,21218806,46171622,Sistema de circuito cerrado de televisión CCTV,UNSPSC
ocds-dgv273-seacev3-1193524,ocds-dgv273-seacev3-1193524-2026-06-18T10:26:13.804141-05:00,2386425,21216585,72141701,Servicio de arrendamiento o alquiler de maquinaria de construcción,UNSPSC
ocds-dgv273-seacev3-1195502,ocds-dgv273-seacev3-1195502-2026-06-18T10:26:13.365793-05:00,2401363,21221835,72141003,Servicios de mantenimiento de pistas y carreteras,UNSPSC
ocds-dgv273-seacev3-1202223,ocds-dgv273-seacev3-1202223-2026-06-18T10:26:12.921746-05:00,2401364,21242017,72141003,Servicios de mantenimiento de pistas y carreteras,UNSPSC
ocds-dgv273-seacev3-2026-1744-0,ocds-dgv273-seacev3-2026-1744-0-2026-06-18T10:26:03.415633-05:00,2401597,21224624,50131702,Leche o productos de mantequilla estables sin refrigerar,UNSPSC
ocds-dgv273-seacev3-1195501,ocds-dgv273-seacev3-1195501-2026-06-18T10:26:03.024424-05:00,2401345,21221828,72141003,Servicios de mantenimiento de pistas y carreteras,UNSPSC
ocds-dgv273-seacev3-1196566,ocds-dgv273-seacev3-1196566-2026-06-18T10:26:02.876988-05:00,2385355,21224074,81101508,Ingeniería arquitectónica,UNSPSC
ocds-dgv273-seacev3-1199885,ocds-dgv273-seacev3-1199885-2026-06-18T10:26:02.646545-05:00,2401291,21232970,15101506,Gasolina o Petróleo,UNSPSC
ocds-dgv273-seacev3-1199339,ocds-dgv273-seacev3-1199339-2026-06-18T10:26:01.969559-05:00,2399134,21231262,78111808,Alquiler de vehículos,UNSPSC
ocds-dgv273-seacev3-1199339,ocds-dgv273-seacev3-1199339-2026-06-18T10:26:01.969559-05:00,2399134,21231256,78111808,Alquiler de vehículos,UNSPSC
ocds-dgv273-seacev3-1199339,ocds-dgv273-seacev3-1199339-2026-06-18T10:26:01.969559-05:00,2399116,21231254,78111808,Alquiler de vehículos,UNSPSC
ocds-dgv273-seacev3-1199339,ocds-dgv273-seacev3-1199339-2026-06-18T10:26:01.969559-05:00,2399033,21231269,78111808,Alquiler de vehículos,UNSPSC
ocds-dgv273-seacev3-1199339,ocds-dgv273-seacev3-1199339-2026-06-18T10:26:01.969559-05:00,2399018,21231268,78111808,Alquiler de vehículos,UNSPSC
ocds-dgv273-seacev3-1199339,ocds-dgv273-seacev3-1199339-2026-06-18T10:26:01.969559-05:00,2401474,21231271,78111808,Alquiler de vehículos,UNSPSC
ocds-dgv273-seacev3-1199339,ocds-dgv273-seacev3-1199339-2026-06-18T10:26:01.969559-05:00,2401474,21231270,78111808,Alquiler de vehículos,UNSPSC
ocds-dgv273-seacev3-1199339,ocds-dgv273-seacev3-1199339-2026-06-18T10:26:01.969559-05:00,2401474,21231253,78111808,Alquiler de vehículos,UNSPSC
ocds-dgv273-seacev3-1199339,ocds-dgv273-seacev3-1199339-2026-06-18T10:26:01.969559-05:00,2401474,21231252,78111808,Alquiler de vehículos,UNSPSC
ocds-dgv273-seacev3-1194732,ocds-dgv273-seacev3-1194732-2026-06-18T10:26:01.930607-05:00,2391399,21219988,72141128,Servicio de remodelación  y/o construcción de plazas públicas,UNSPSC
ocds-dgv273-seacev3-1200115,ocds-dgv273-seacev3-1200115-2026-06-18T10:26:01.651954-05:00,2401331,21233764,81101508,Ingeniería arquitectónica,UNSPSC
ocds-dgv273-seacev3-1201647,ocds-dgv273-seacev3-1201647-2026-06-18T10:25:50.165054-05:00,2401547,21238275,30103603,Madera para uso estructural,UNSPSC
ocds-dgv273-seacev3-1218893,ocds-dgv273-seacev3-1218893-2026-06-18T10:25:44.876374-05:00,2401252,21287416,72141003,Servicios de mantenimiento de pistas y carreteras,UNSPSC
ocds-dgv273-seacev3-1218911,ocds-dgv273-seacev3-1218911-2026-06-18T10:25:42.346179-05:00,2401249,21287791,72141003,Servicios de mantenimiento de pistas y carreteras,UNSPSC
ocds-dgv273-seacev3-1195496,ocds-dgv273-seacev3-1195496-2026-06-18T10:25:39.608500-05:00,2401316,21221956,72141003,Servicios de mantenimiento de pistas y carreteras,UNSPSC
ocds-dgv273-seacev3-1199307,ocds-dgv273-seacev3-1199307-2026-06-18T10:25:39.132589-05:00,2401304,21231183,72141001,Servicios de construcción de pistas y carreteras nuevas,UNSPSC
ocds-dgv273-seacev3-2026-10379-3,ocds-dgv273-seacev3-2026-10379-3-2026-06-18T10:25:39.118016-05:00,2401295,21233003,15101506,Gasolina o Petróleo,UNSPSC
ocds-dgv273-seacev3-1200385,ocds-dgv273-seacev3-1200385-2026-06-18T10:25:38.957033-05:00,2401493,21234832,72153102,Servicios de construcción de campos deportivos interiores,UNSPSC
ocds-dgv273-seacev3-1197986,ocds-dgv273-seacev3-1197986-2026-06-18T10:25:38.905362-05:00,2401459,21227365,81112208,Mantenimiento del software de protección y seguridad,UNSPSC
ocds-dgv273-seacev3-1218905,ocds-dgv273-seacev3-1218905-2026-06-18T10:25:33.904991-05:00,2401243,21287774,72141003,Servicios de mantenimiento de pistas y carreteras,UNSPSC
ocds-dgv273-seacev3-1218891,ocds-dgv273-seacev3-1218891-2026-06-18T10:25:33.085088-05:00,2401247,21287414,72141003,Servicios de mantenimiento de pistas y carreteras,UNSPSC
ocds-dgv273-seacev3-1195476,ocds-dgv273-seacev3-1195476-2026-06-18T10:25:28.337252-05:00,2401466,21221811,60141203,Casitas,UNSPSC
ocds-dgv273-seacev3-1196579,ocds-dgv273-seacev3-1196579-2026-06-18T10:25:28.143814-05:00,2395003,21224173,15101505,Diesel,UNSPSC
ocds-dgv273-seacev3-1198578,ocds-dgv273-seacev3-1198578-2026-06-18T10:25:27.894094-05:00,2392674,21229082,42295524,Lentes intraoculares IOL,UNSPSC
ocds-dgv273-seacev3-2026-10379-1,ocds-dgv273-seacev3-2026-10379-1-2026-06-18T10:25:27.822166-05:00,2401492,21232871,15101506,Gasolina o Petróleo,UNSPSC
ocds-dgv273-seacev3-2026-1234-3,ocds-dgv273-seacev3-2026-1234-3-2026-06-18T10:25:27.481549-05:00,2401544,21214948,72121403,Servicios de construcción de hospitales,UNSPSC
ocds-dgv273-seacev3-1195133,ocds-dgv273-seacev3-1195133-2026-06-18T10:25:16.276225-05:00,2401500,21221085,72121504,Servicios de construcción de plantas para la eliminación de residuos,UNSPSC
ocds-dgv273-seacev3-1202219,ocds-dgv273-seacev3-1202219-2026-06-18T10:25:15.953993-05:00,2401347,21242005,72141003,Servicios de mantenimiento de pistas y carreteras,UNSPSC
ocds-dgv273-seacev3-1197289,ocds-dgv273-seacev3-1197289-2026-06-18T10:25:15.832357-05:00,2401405,21225717,50131701,Leche fresca y productos de mantequilla,UNSPSC
ocds-dgv273-seacev3-1214737,ocds-dgv273-seacev3-1214737-2026-06-17T10:34:06.782141-05:00,2401155,21274460,73152101,Servicios de mantenimiento de equipos de fabricación,UNSPSC
ocds-dgv273-seacev3-1194923,ocds-dgv273-seacev3-1194923-2026-06-17T10:34:03.939312-05:00,2400969,21219961,72141003,Servicios de mantenimiento de pistas y carreteras,UNSPSC
ocds-dgv273-seacev3-1194683,ocds-dgv273-seacev3-1194683-2026-06-17T10:34:03.716082-05:00,2400987,21219711,72141003,Servicios de mantenimiento de pistas y carreteras,UNSPSC
ocds-dgv273-seacev3-2026-163269-1,ocds-dgv273-seacev3-2026-163269-1-2026-06-17T10:34:03.471547-05:00,2400920,21222044,85101503,Servicio para administrar consultorios médicos,UNSPSC
ocds-dgv273-seacev3-1197556,ocds-dgv273-seacev3-1197556-2026-06-17T10:34:03.236470-05:00,2399096,21226529,72141001,Servicios de construcción de pistas y carreteras nuevas,UNSPSC
ocds-dgv273-seacev3-1200386,ocds-dgv273-seacev3-1200386-2026-06-17T10:34:02.368054-05:00,2401181,21234842,80161503,Servicio de digitación,UNSPSC
ocds-dgv273-seacev3-1218756,ocds-dgv273-seacev3-1218756-2026-06-17T10:33:55.333796-05:00,2401212,21287003,81101508,Ingeniería arquitectónica,UNSPSC
ocds-dgv273-seacev3-2026-10526-10,ocds-dgv273-seacev3-2026-10526-10-2026-06-17T10:33:52.911763-05:00,2401049,21221054,15101505,Diesel,UNSPSC
ocds-dgv273-seacev3-1197946,ocds-dgv273-seacev3-1197946-2026-06-17T10:33:52.874287-05:00,2401183,21227311,72121102,Servicios de construcción de edificios comerciales y de oficinas prefabricadas,UNSPSC
ocds-dgv273-seacev3-1194957,ocds-dgv273-seacev3-1194957-2026-06-17T10:33:52.856520-05:00,2400979,21220684,72141003,Servicios de mantenimiento de pistas y carreteras,UNSPSC
ocds-dgv273-seacev3-1198160,ocds-dgv273-seacev3-1198160-2026-06-17T10:33:52.766699-05:00,2401177,21227910,80131502,Alquiler de instalaciones comerciales o industriales,UNSPSC
ocds-dgv273-seacev3-1193999,ocds-dgv273-seacev3-1193999-2026-06-17T10:33:52.360529-05:00,2400961,21217921,81101510,Ingeniería de carreteras,UNSPSC
ocds-dgv273-seacev3-1199215,ocds-dgv273-seacev3-1199215-2026-06-17T10:33:52.240296-05:00,2400982,21231024,72141701,Servicio de arrendamiento o alquiler de maquinaria de construcción,UNSPSC
ocds-dgv273-seacev3-1200500,ocds-dgv273-seacev3-1200500-2026-06-17T10:33:52.137700-05:00,2401195,21235112,80111616,Personal temporal de servicio al cliente,UNSPSC
ocds-dgv273-seacev3-2026-2407-49,ocds-dgv273-seacev3-2026-2407-49-2026-06-17T10:33:40.684233-05:00,2401166,21220896,72151502,Servicios de instalación de sistemas de energía eléctrica,UNSPSC
ocds-dgv273-seacev3-1193968,ocds-dgv273-seacev3-1193968-2026-06-17T10:33:40.636469-05:00,2400952,21217890,81101510,Ingeniería de carreteras,UNSPSC
ocds-dgv273-seacev3-1208088,ocds-dgv273-seacev3-1208088-2026-06-17T10:33:40.381427-05:00,2401043,21255712,72121406,Servicios de construcción de escuelas,UNSPSC
ocds-dgv273-seacev3-1194959,ocds-dgv273-seacev3-1194959-2026-06-17T10:33:40.328119-05:00,2400977,21220356,72141003,Servicios de mantenimiento de pistas y carreteras,UNSPSC
ocds-dgv273-seacev3-2026-2383-125,ocds-dgv273-seacev3-2026-2383-125-2026-06-17T10:33:38.018543-05:00,2400936,21235730,73152101,Servicios de mantenimiento de equipos de fabricación,UNSPSC
ocds-dgv273-seacev3-2026-200252-23,ocds-dgv273-seacev3-2026-200252-23-2026-06-17T10:33:31.057670-05:00,2401214,21226044,72141003,Servicios de mantenimiento de pistas y carreteras,UNSPSC
ocds-dgv273-seacev3-2026-847-1,ocds-dgv273-seacev3-2026-847-1-2026-06-17T10:33:30.990404-05:00,2401261,21225358,72154002,Servicios de instalación de césped artificial,UNSPSC
ocds-dgv273-seacev3-1197342,ocds-dgv273-seacev3-1197342-2026-06-17T10:33:30.884125-05:00,2401188,21225810,50192109,"Papas fritas en hojuelas y al hilo, mix de bocaditos o galletas saladas",UNSPSC
ocds-dgv273-seacev3-2026-1926-79,ocds-dgv273-seacev3-2026-1926-79-2026-06-17T10:33:29.716552-05:00,2401142,21226595,84121806,Servicios de custodia de valores,UNSPSC
ocds-dgv273-seacev3-2026-1926-79,ocds-dgv273-seacev3-2026-1926-79-2026-06-17T10:33:29.716552-05:00,2401123,21226594,84121806,Servicios de custodia de valores,UNSPSC
ocds-dgv273-seacev3-2026-1926-79,ocds-dgv273-seacev3-2026-1926-79-2026-06-17T10:33:29.716552-05:00,2401132,21226592,84121806,Servicios de custodia de valores,UNSPSC
ocds-dgv273-seacev3-2026-10526-9,ocds-dgv273-seacev3-2026-10526-9-2026-06-17T10:33:20.389436-05:00,2401090,21221089,15101506,Gasolina o Petróleo,UNSPSC
ocds-dgv273-seacev3-1194662,ocds-dgv273-seacev3-1194662-2026-06-17T10:33:20.294024-05:00,2400985,21219630,72141003,Servicios de mantenimiento de pistas y carreteras,UNSPSC
ocds-dgv273-seacev3-1192861,ocds-dgv273-seacev3-1192861-2026-06-17T10:33:20.251408-05:00,2400767,21214902,72121406,Servicios de construcción de escuelas,UNSPSC
ocds-dgv273-seacev3-1199415,ocds-dgv273-seacev3-1199415-2026-06-17T10:33:20.085990-05:00,2401204,21231625,72121201,Servicios de construcción de granjas,UNSPSC
ocds-dgv273-seacev3-2026-200195-18,ocds-dgv273-seacev3-2026-200195-18-2026-06-17T10:33:19.956684-05:00,2400926,21235450,53101602,Camisas para caballeros,UNSPSC
ocds-dgv273-seacev3-2026-200195-18,ocds-dgv273-seacev3-2026-200195-18-2026-06-17T10:33:19.956684-05:00,2400932,21235449,46181604,Botas de seguridad,UNSPSC
ocds-dgv273-seacev3-2026-2373-11,ocds-dgv273-seacev3-2026-2373-11-2026-06-17T10:33:19.682446-05:00,2401009,21236590,81101515,Ingeniería de infraestructura de plantas o instalaciones,UNSPSC
ocds-dgv273-seacev3-1193461,ocds-dgv273-seacev3-1193461-2026-06-17T10:33:19.585352-05:00,2390982,21216499,72141003,Servicios de mantenimiento de pistas y carreteras,UNSPSC
ocds-dgv273-seacev3-2026-2383-113,ocds-dgv273-seacev3-2026-2383-113-2026-06-17T10:33:19.304983-05:00,2401054,21237466,70111713,Servicios de gestión o mantenimiento de parques,UNSPSC
ocds-dgv273-seacev3-1194934,ocds-dgv273-seacev3-1194934-2026-06-17T10:33:19.110523-05:00,2400971,21220308,72141003,Servicios de mantenimiento de pistas y carreteras,UNSPSC
ocds-dgv273-seacev3-2026-1003033627-1,ocds-dgv273-seacev3-2026-1003033627-1-2026-06-17T10:33:07.864626-05:00,2395502,21230716,15111510,Gas de petróleo licuefactado,UNSPSC
ocds-dgv273-seacev3-1199244,ocds-dgv273-seacev3-1199244-2026-06-17T10:33:07.548003-05:00,2401216,21231021,10101516,Ganado vacuno,UNSPSC
ocds-dgv273-seacev3-1200485,ocds-dgv273-seacev3-1200485-2026-06-17T10:32:56.223192-05:00,2401207,21235101,30141516,Aislamiento de lana mineral,UNSPSC
ocds-dgv273-seacev3-1193954,ocds-dgv273-seacev3-1193954-2026-06-17T10:32:56.031145-05:00,2400958,21217840,81101510,Ingeniería de carreteras,UNSPSC
ocds-dgv273-seacev3-2026-200266-6,ocds-dgv273-seacev3-2026-200266-6-2026-06-17T10:32:55.460349-05:00,2401050,21216695,15101505,Diesel,UNSPSC
ocds-dgv273-seacev3-1194019,ocds-dgv273-seacev3-1194019-2026-06-17T10:32:55.158505-05:00,2400964,21217925,81101510,Ingeniería de carreteras,UNSPSC
ocds-dgv273-seacev3-1199097,ocds-dgv273-seacev3-1199097-2026-06-15T10:04:52.989483-05:00,2400906,21230737,81101515,Ingeniería de infraestructura de plantas o instalaciones,UNSPSC
ocds-dgv273-seacev3-1194474,ocds-dgv273-seacev3-1194474-2026-06-15T10:04:52.955795-05:00,2400904,21219223,72141121,Servicios de construcción de tuberías principales de agua,UNSPSC
ocds-dgv273-seacev3-1203062,ocds-dgv273-seacev3-1203062-2026-06-14T10:13:31.677386-05:00,2400822,21244066,72141003,Servicios de mantenimiento de pistas y carreteras,UNSPSC
ocds-dgv273-seacev3-1201057,ocds-dgv273-seacev3-1201057-2026-06-14T10:13:31.642898-05:00,2400809,21236612,81101515,Ingeniería de infraestructura de plantas o instalaciones,UNSPSC
ocds-dgv273-seacev3-2026-200261-37,ocds-dgv273-seacev3-2026-200261-37-2026-06-14T10:13:31.623050-05:00,2399860,21231185,42121606,Productos dermatológicos o antiprotozoarios para uso veterinario,UNSPSC
ocds-dgv273-seacev3-2026-200261-37,ocds-dgv273-seacev3-2026-200261-37-2026-06-14T10:13:31.623050-05:00,2399860,21231148,42121602,Productos formadores de sangre o sangre para uso veterinario,UNSPSC
ocds-dgv273-seacev3-2026-200261-37,ocds-dgv273-seacev3-2026-200261-37-2026-06-14T10:13:31.623050-05:00,2399846,21231149,42121606,Productos dermatológicos o antiprotozoarios para uso veterinario,UNSPSC
ocds-dgv273-seacev3-1198700,ocds-dgv273-seacev3-1198700-2026-06-14T10:13:31.590796-05:00,2400695,21229510,80101505,Desarrollo de objetivos o políticas corporativas,UNSPSC
ocds-dgv273-seacev3-1197117,ocds-dgv273-seacev3-1197117-2026-06-14T10:13:31.565080-05:00,2400713,21225348,81101508,Ingeniería arquitectónica,UNSPSC
ocds-dgv273-seacev3-2026-10352-2,ocds-dgv273-seacev3-2026-10352-2-2026-06-14T10:13:31.541504-05:00,2400657,21223677,92101501,Servicios de vigilancia,UNSPSC
ocds-dgv273-seacev3-2026-80751-2,ocds-dgv273-seacev3-2026-80751-2-2026-06-14T10:13:31.510855-05:00,2400803,21219348,30111601,Cemento,UNSPSC
ocds-dgv273-seacev3-2026-2397-21,ocds-dgv273-seacev3-2026-2397-21-2026-06-14T10:13:31.474464-05:00,2400693,21217991,72154069,Servicio de cercado y colocación de barandas,UNSPSC
ocds-dgv273-seacev3-1193330,ocds-dgv273-seacev3-1193330-2026-06-14T10:13:31.425607-05:00,2400736,21216298,80101603,Evaluación económica o financiera de proyectos,UNSPSC
ocds-dgv273-seacev3-2026-2360-17,ocds-dgv273-seacev3-2026-2360-17-2026-06-14T10:13:23.335463-05:00,2400675,21241593,12352311,Alúmina y otros compuestos de aluminio,UNSPSC
ocds-dgv273-seacev3-1209280,ocds-dgv273-seacev3-1209280-2026-06-14T10:13:22.989799-05:00,2400773,21258912,72141121,Servicios de construcción de tuberías principales de agua,UNSPSC
ocds-dgv273-seacev3-1199262,ocds-dgv273-seacev3-1199262-2026-06-14T10:13:22.559068-05:00,2400900,21231051,72153102,Servicios de construcción de campos deportivos interiores,UNSPSC
ocds-dgv273-seacev3-2026-2360-13,ocds-dgv273-seacev3-2026-2360-13-2026-06-14T10:13:21.494448-05:00,2400652,21236620,12352307,Halogenuros ácidos o sus sustitutos,UNSPSC
ocds-dgv273-seacev3-1195762,ocds-dgv273-seacev3-1195762-2026-06-14T10:13:13.561678-05:00,2384211,21222403,84101703,Servicio de deudas,UNSPSC
ocds-dgv273-seacev3-2026-29-8,ocds-dgv273-seacev3-2026-29-8-2026-06-14T10:13:13.520510-05:00,2400843,21225554,83111603,Servicios de telefonía móvil,UNSPSC
ocds-dgv273-seacev3-1195202,ocds-dgv273-seacev3-1195202-2026-06-14T10:13:13.447432-05:00,2400191,21221560,80131502,Alquiler de instalaciones comerciales o industriales,UNSPSC
ocds-dgv273-seacev3-2026-167507-9,ocds-dgv273-seacev3-2026-167507-9-2026-06-14T10:13:13.297738-05:00,2400660,21234659,82121504,Impresión tipográfica o serigrafía,UNSPSC
ocds-dgv273-seacev3-1199484,ocds-dgv273-seacev3-1199484-2026-06-14T10:13:13.205975-05:00,2396228,21231544,92101501,Servicios de vigilancia,UNSPSC
ocds-dgv273-seacev3-2026-200030-21,ocds-dgv273-seacev3-2026-200030-21-2026-06-14T10:13:13.044366-05:00,2400813,21227304,72141121,Servicios de construcción de tuberías principales de agua,UNSPSC
ocds-dgv273-seacev3-1200979,ocds-dgv273-seacev3-1200979-2026-06-14T10:13:04.542389-05:00,2400729,21236398,92101501,Servicios de vigilancia,UNSPSC
ocds-dgv273-seacev3-1197739,ocds-dgv273-seacev3-1197739-2026-06-14T10:13:04.091511-05:00,2400735,21226812,81101508,Ingeniería arquitectónica,UNSPSC
ocds-dgv273-seacev3-1196488,ocds-dgv273-seacev3-1196488-2026-06-14T10:13:03.898526-05:00,2400885,21223935,72154013,Servicios de construcción de cercos,UNSPSC
ocds-dgv273-seacev3-1193248,ocds-dgv273-seacev3-1193248-2026-06-14T10:13:03.509750-05:00,2386094,21216016,80131502,Alquiler de instalaciones comerciales o industriales,UNSPSC
ocds-dgv273-seacev3-1192624,ocds-dgv273-seacev3-1192624-2026-06-14T10:13:03.393675-05:00,2400759,21214347,92101501,Servicios de vigilancia,UNSPSC
ocds-dgv273-seacev3-1213486,ocds-dgv273-seacev3-1213486-2026-06-14T10:12:57.222809-05:00,2400631,21270887,72154032,"Servicios de instalación y reparación de ventanas, puertas y paneles divisorios",UNSPSC
ocds-dgv273-seacev3-1200560,ocds-dgv273-seacev3-1200560-2026-06-14T10:12:52.604488-05:00,2400239,21235230,72121102,Servicios de construcción de edificios comerciales y de oficinas prefabricadas,UNSPSC
ocds-dgv273-seacev3-2026-1003084080-3,ocds-dgv273-seacev3-2026-1003084080-3-2026-06-14T10:12:52.577022-05:00,2390137,21222676,80101604,Administración o planificación de proyectos,UNSPSC
ocds-dgv273-seacev3-2026-29-9,ocds-dgv273-seacev3-2026-29-9-2026-06-14T10:12:52.530039-05:00,2400591,21211350,91111601,Servicios de limpieza y mantenimiento,UNSPSC
ocds-dgv273-seacev3-1212025,ocds-dgv273-seacev3-1212025-2026-06-13T10:20:43.274505-05:00,2400466,21267401,72141106,Servicios de construcción de caminos de grava o tierra,UNSPSC
ocds-dgv273-seacev3-1202063,ocds-dgv273-seacev3-1202063-2026-06-13T10:20:37.819871-05:00,2397006,21241495,50221101,Granos de cereal,UNSPSC
ocds-dgv273-seacev3-1202063,ocds-dgv273-seacev3-1202063-2026-06-13T10:20:37.819871-05:00,2400549,21241494,50131702,Leche o productos de mantequilla estables sin refrigerar,UNSPSC
ocds-dgv273-seacev3-2026-1304-3,ocds-dgv273-seacev3-2026-1304-3-2026-06-13T10:20:37.577554-05:00,2400479,21230909,81101515,Ingeniería de infraestructura de plantas o instalaciones,UNSPSC
ocds-dgv273-seacev3-1200064,ocds-dgv273-seacev3-1200064-2026-06-13T10:20:37.455750-05:00,2400481,21233595,50192109,"Papas fritas en hojuelas y al hilo, mix de bocaditos o galletas saladas",UNSPSC
ocds-dgv273-seacev3-1200064,ocds-dgv273-seacev3-1200064-2026-06-13T10:20:37.455750-05:00,2400481,21233594,50131702,Leche o productos de mantequilla estables sin refrigerar,UNSPSC
ocds-dgv273-seacev3-1201626,ocds-dgv273-seacev3-1201626-2026-06-13T10:20:37.417764-05:00,2400267,21238292,22101526,Excavadoras sobre orugas,UNSPSC
ocds-dgv273-seacev3-1193380,ocds-dgv273-seacev3-1193380-2026-06-13T10:20:37.035174-05:00,2400354,21216220,78101805,Servicio de alquiler de camión pipa y tráiler,UNSPSC
ocds-dgv273-seacev3-2026-1995-29,ocds-dgv273-seacev3-2026-1995-29-2026-06-13T10:20:36.243513-05:00,2391381,21236179,10191703,Trampas para control de insectos voladores,UNSPSC
ocds-dgv273-seacev3-1202022,ocds-dgv273-seacev3-1202022-2026-06-13T10:20:26.550348-05:00,2400283,21241461,72141121,Servicios de construcción de tuberías principales de agua,UNSPSC
ocds-dgv273-seacev3-2026-200485-8,ocds-dgv273-seacev3-2026-200485-8-2026-06-13T10:20:26.335848-05:00,2400473,21238262,72141003,Servicios de mantenimiento de pistas y carreteras,UNSPSC
ocds-dgv273-seacev3-1199021,ocds-dgv273-seacev3-1199021-2026-06-13T10:20:26.274786-05:00,2400436,21230517,30121803,Césped artificial,UNSPSC
ocds-dgv273-seacev3-1199554,ocds-dgv273-seacev3-1199554-2026-06-13T10:20:26.258760-05:00,2400558,21232292,23121501,Maquinaria para bordados,UNSPSC
ocds-dgv273-seacev3-1200699,ocds-dgv273-seacev3-1200699-2026-06-13T10:20:25.990325-05:00,2400344,21235619,50131702,Leche o productos de mantequilla estables sin refrigerar,UNSPSC
ocds-dgv273-seacev3-1192880,ocds-dgv273-seacev3-1192880-2026-06-13T10:20:25.754134-05:00,2395619,21214915,78111802,Servicios programados de autobús,UNSPSC
ocds-dgv273-seacev3-1213982,ocds-dgv273-seacev3-1213982-2026-06-13T10:20:21.410224-05:00,2400516,21272287,72141003,Servicios de mantenimiento de pistas y carreteras,UNSPSC
ocds-dgv273-seacev3-2026-200485-9,ocds-dgv273-seacev3-2026-200485-9-2026-06-13T10:20:15.322275-05:00,2400498,21238269,72141003,Servicios de mantenimiento de pistas y carreteras,UNSPSC
ocds-dgv273-seacev3-2026-1703-2,ocds-dgv273-seacev3-2026-1703-2-2026-06-13T10:20:14.686892-05:00,2399019,21234204,50121538,Pescado estable sin refrigerar,UNSPSC
ocds-dgv273-seacev3-2026-200252-11,ocds-dgv273-seacev3-2026-200252-11-2026-06-13T10:20:14.650103-05:00,2399508,21225985,72141003,Servicios de mantenimiento de pistas y carreteras,UNSPSC
ocds-dgv273-seacev3-2026-200252-20,ocds-dgv273-seacev3-2026-200252-20-2026-06-13T10:20:14.139641-05:00,2399509,21226038,72141003,Servicios de mantenimiento de pistas y carreteras,UNSPSC
ocds-dgv273-seacev3-1200323,ocds-dgv273-seacev3-1200323-2026-06-13T10:20:04.778074-05:00,2400443,21234387,73121614,Servicios de pruebas no destructivas,UNSPSC
ocds-dgv273-seacev3-1193064,ocds-dgv273-seacev3-1193064-2026-06-13T10:20:03.480514-05:00,2400317,21215415,72152707,Servicios de construcción de muros de retención,UNSPSC
ocds-dgv273-seacev3-2026-200252-6,ocds-dgv273-seacev3-2026-200252-6-2026-06-13T10:20:03.279354-05:00,2399507,21225946,72141003,Servicios de mantenimiento de pistas y carreteras,UNSPSC
ocds-dgv273-seacev3-2026-200252-5,ocds-dgv273-seacev3-2026-200252-5-2026-06-13T10:20:03.253487-05:00,2399474,21225942,72141003,Servicios de mantenimiento de pistas y carreteras,UNSPSC
ocds-dgv273-seacev3-1216738,ocds-dgv273-seacev3-1216738-2026-06-13T10:19:57.164113-05:00,2398033,21280832,95121907,Estación metereológica,UNSPSC
ocds-dgv273-seacev3-1216738,ocds-dgv273-seacev3-1216738-2026-06-13T10:19:57.164113-05:00,2400285,21280833,41112219,Sondas termopar,UNSPSC
ocds-dgv273-seacev3-1192152,ocds-dgv273-seacev3-1192152-2026-06-13T10:19:52.945022-05:00,2400393,21213471,30111505,Hormigón premezclado,UNSPSC
ocds-dgv273-seacev3-1198605,ocds-dgv273-seacev3-1198605-2026-06-13T10:19:52.799808-05:00,2400312,21229093,81101508,Ingeniería arquitectónica,UNSPSC
ocds-dgv273-seacev3-1199091,ocds-dgv273-seacev3-1199091-2026-06-13T10:19:52.701192-05:00,2388032,21230711,15121902,Grasa,UNSPSC
ocds-dgv273-seacev3-1199091,ocds-dgv273-seacev3-1199091-2026-06-13T10:19:52.701192-05:00,2388799,21230739,15121902,Grasa,UNSPSC
ocds-dgv273-seacev3-1199283,ocds-dgv273-seacev3-1199283-2026-06-13T10:19:52.384961-05:00,2400495,21231081,31152002,Alambre de púas,UNSPSC
ocds-dgv273-seacev3-1199705,ocds-dgv273-seacev3-1199705-2026-06-13T10:19:52.270644-05:00,2400264,21232564,46171610,Cámaras de seguridad,UNSPSC
ocds-dgv273-seacev3-2026-2543-486,ocds-dgv273-seacev3-2026-2543-486-2026-06-13T10:19:41.542538-05:00,2400447,21224871,85161501,Mantenimiento o reparación de bienes de equipo médico,UNSPSC
ocds-dgv273-seacev3-1198441,ocds-dgv273-seacev3-1198441-2026-06-13T10:19:41.249676-05:00,2400556,21228545,23121501,Maquinaria para bordados,UNSPSC
ocds-dgv273-seacev3-1198412,ocds-dgv273-seacev3-1198412-2026-06-13T10:19:41.155640-05:00,2400409,21228489,39121110,Tablero de llaves de corte,UNSPSC
ocds-dgv273-seacev3-1196177,ocds-dgv273-seacev3-1196177-2026-06-13T10:19:30.166362-05:00,2386455,21223134,24141504,Sellos de seguridad o a prueba de entremetido,UNSPSC
ocds-dgv273-seacev3-1201358,ocds-dgv273-seacev3-1201358-2026-06-13T10:19:30.053750-05:00,2400534,21237576,81101508,Ingeniería arquitectónica,UNSPSC
ocds-dgv273-seacev3-1193683,ocds-dgv273-seacev3-1193683-2026-06-13T10:19:29.761692-05:00,2400496,21217161,81101515,Ingeniería de infraestructura de plantas o instalaciones,UNSPSC
ocds-dgv273-seacev3-2026-200485-11,ocds-dgv273-seacev3-2026-200485-11-2026-06-13T10:19:29.678173-05:00,2400508,21238273,72141003,Servicios de mantenimiento de pistas y carreteras,UNSPSC
ocds-dgv273-seacev3-2026-200485-10,ocds-dgv273-seacev3-2026-200485-10-2026-06-13T10:19:29.662932-05:00,2400502,21238271,72141003,Servicios de mantenimiento de pistas y carreteras,UNSPSC
ocds-dgv273-seacev3-1198680,ocds-dgv273-seacev3-1198680-2026-06-13T10:19:29.410417-05:00,2400491,21229385,81101508,Ingeniería arquitectónica,UNSPSC
ocds-dgv273-seacev3-1199371,ocds-dgv273-seacev3-1199371-2026-06-12T10:33:08.040839-05:00,2400205,21231289,43222615,Conmutador de red de área de almacenamiento (SAN),UNSPSC
ocds-dgv273-seacev3-1195687,ocds-dgv273-seacev3-1195687-2026-06-12T10:33:07.210351-05:00,2400124,21222309,72121406,Servicios de construcción de escuelas,UNSPSC
ocds-dgv273-seacev3-1198913,ocds-dgv273-seacev3-1198913-2026-06-12T10:33:07.025391-05:00,2400046,21230404,81101510,Ingeniería de carreteras,UNSPSC
ocds-dgv273-seacev3-1198803,ocds-dgv273-seacev3-1198803-2026-06-12T10:33:06.908366-05:00,2400092,21229791,42312102,Aparatos de ostomía,UNSPSC
ocds-dgv273-seacev3-2026-200155-3,ocds-dgv273-seacev3-2026-200155-3-2026-06-12T10:32:55.746672-05:00,2399912,21236317,78111802,Servicios programados de autobús,UNSPSC
ocds-dgv273-seacev3-1192025,ocds-dgv273-seacev3-1192025-2026-06-12T10:32:55.645981-05:00,2399976,21212927,72153102,Servicios de construcción de campos deportivos interiores,UNSPSC
ocds-dgv273-seacev3-1199784,ocds-dgv273-seacev3-1199784-2026-06-12T10:32:55.331504-05:00,2400221,21232768,81101508,Ingeniería arquitectónica,UNSPSC
ocds-dgv273-seacev3-1198074,ocds-dgv273-seacev3-1198074-2026-06-12T10:32:55.087383-05:00,2400202,21227826,72141121,Servicios de construcción de tuberías principales de agua,UNSPSC
ocds-dgv273-seacev3-2026-882-1,ocds-dgv273-seacev3-2026-882-1-2026-06-12T10:32:55.032982-05:00,2399975,21229282,72141003,Servicios de mantenimiento de pistas y carreteras,UNSPSC
ocds-dgv273-seacev3-1199247,ocds-dgv273-seacev3-1199247-2026-06-12T10:32:45.600018-05:00,2400104,21231015,72121101,Servicios de construcción de nuevos edificios comerciales y de oficinas,UNSPSC
ocds-dgv273-seacev3-2026-1809-5,ocds-dgv273-seacev3-2026-1809-5-2026-06-12T10:32:45.161765-05:00,2400033,21238183,72141001,Servicios de construcción de pistas y carreteras nuevas,UNSPSC
ocds-dgv273-seacev3-1197215,ocds-dgv273-seacev3-1197215-2026-06-12T10:32:44.497795-05:00,2399938,21225553,72121203,Servicios de construcción de silos y de edificaciones para servicio agrícola,UNSPSC
ocds-dgv273-seacev3-1202184,ocds-dgv273-seacev3-1202184-2026-06-12T10:32:44.097761-05:00,2400129,21241923,72141701,Servicio de arrendamiento o alquiler de maquinaria de construcción,UNSPSC
ocds-dgv273-seacev3-1201169,ocds-dgv273-seacev3-1201169-2026-06-12T10:32:43.886656-05:00,2400218,21236881,81101515,Ingeniería de infraestructura de plantas o instalaciones,UNSPSC
ocds-dgv273-seacev3-1200014,ocds-dgv273-seacev3-1200014-2026-06-12T10:32:33.780419-05:00,2399959,21233284,72141121,Servicios de construcción de tuberías principales de agua,UNSPSC
ocds-dgv273-seacev3-1199293,ocds-dgv273-seacev3-1199293-2026-06-12T10:32:33.112074-05:00,2384631,21231130,80101604,Administración o planificación de proyectos,UNSPSC
ocds-dgv273-seacev3-2026-10249-109,ocds-dgv273-seacev3-2026-10249-109-2026-06-12T10:32:33.057559-05:00,2386030,21222380,53111601,Zapatos para caballero,UNSPSC
ocds-dgv273-seacev3-2026-1238-2,ocds-dgv273-seacev3-2026-1238-2-2026-06-12T10:32:32.958483-05:00,2400131,21241433,81101505,Ingeniería estructural,UNSPSC
ocds-dgv273-seacev3-1211292,ocds-dgv273-seacev3-1211292-2026-06-12T10:32:21.964539-05:00,2400027,21265238,76111505,Servicios de limpieza de telas y muebles,UNSPSC
ocds-dgv273-seacev3-1199009,ocds-dgv273-seacev3-1199009-2026-06-12T10:32:21.526191-05:00,2400091,21230597,11122005,Madera laminada pegada,UNSPSC
ocds-dgv273-seacev3-1198068,ocds-dgv273-seacev3-1198068-2026-06-12T10:32:10.535887-05:00,2400085,21227822,72141128,Servicio de remodelación  y/o construcción de plazas públicas,UNSPSC
ocds-dgv273-seacev3-1199017,ocds-dgv273-seacev3-1199017-2026-06-12T10:32:10.272308-05:00,2400120,21230688,72121406,Servicios de construcción de escuelas,UNSPSC
ocds-dgv273-seacev3-1197345,ocds-dgv273-seacev3-1197345-2026-06-12T10:32:10.233871-05:00,2400021,21225851,30171505,Puertas de metal,UNSPSC
ocds-dgv273-seacev3-1195795,ocds-dgv273-seacev3-1195795-2026-06-12T10:31:59.747112-05:00,2400176,21222456,11111503,Tierra vegetal,UNSPSC
ocds-dgv273-seacev3-2026-41-41,ocds-dgv273-seacev3-2026-41-41-2026-06-12T10:31:59.661458-05:00,2400127,21231008,72121406,Servicios de construcción de escuelas,UNSPSC
ocds-dgv273-seacev3-1204718,ocds-dgv273-seacev3-1204718-2026-06-12T10:31:59.557579-05:00,2400025,21247346,83121703,Servicios relacionados con Internet,UNSPSC
ocds-dgv273-seacev3-1201061,ocds-dgv273-seacev3-1201061-2026-06-12T10:31:58.970012-05:00,2390527,21236618,81101508,Ingeniería arquitectónica,UNSPSC
ocds-dgv273-seacev3-1197168,ocds-dgv273-seacev3-1197168-2026-06-12T10:31:58.850853-05:00,2399957,21225470,72121203,Servicios de construcción de silos y de edificaciones para servicio agrícola,UNSPSC
ocds-dgv273-seacev3-1198839,ocds-dgv273-seacev3-1198839-2026-06-12T10:31:58.652253-05:00,2390193,21229981,15101505,Diesel,UNSPSC
ocds-dgv273-seacev3-2026-10418-11,ocds-dgv273-seacev3-2026-10418-11-2026-06-12T10:31:58.572844-05:00,2400195,21230394,72121102,Servicios de construcción de edificios comerciales y de oficinas prefabricadas,UNSPSC
ocds-dgv273-seacev3-1201188,ocds-dgv273-seacev3-1201188-2026-06-11T10:26:26.616533-05:00,2384831,21236960,78111802,Servicios programados de autobús,UNSPSC
ocds-dgv273-seacev3-1199827,ocds-dgv273-seacev3-1199827-2026-06-11T10:26:26.507244-05:00,2399625,21232880,81111513,Servicio de almacenamiento en la nube de Internet,UNSPSC
ocds-dgv273-seacev3-1217581,ocds-dgv273-seacev3-1217581-2026-06-11T10:26:24.724345-05:00,2399666,21283676,12191602,Solventes activos,UNSPSC
ocds-dgv273-seacev3-2026-200252-22,ocds-dgv273-seacev3-2026-200252-22-2026-06-11T10:26:20.522343-05:00,2399645,21226041,72141003,Servicios de mantenimiento de pistas y carreteras,UNSPSC
ocds-dgv273-seacev3-1202024,ocds-dgv273-seacev3-1202024-2026-06-11T10:26:20.298457-05:00,2399639,21239679,30111601,Cemento,UNSPSC
ocds-dgv273-seacev3-2026-200252-21,ocds-dgv273-seacev3-2026-200252-21-2026-06-11T10:26:20.029961-05:00,2399641,21226039,72141003,Servicios de mantenimiento de pistas y carreteras,UNSPSC
ocds-dgv273-seacev3-2026-200252-19,ocds-dgv273-seacev3-2026-200252-19-2026-06-11T10:26:20.005124-05:00,2399637,21226021,72141003,Servicios de mantenimiento de pistas y carreteras,UNSPSC
ocds-dgv273-seacev3-1196230,ocds-dgv273-seacev3-1196230-2026-06-11T10:26:19.988301-05:00,2399708,21223234,78111812,Arrendamiento vehicular de combis o minicombus para pasajeros,UNSPSC
ocds-dgv273-seacev3-2026-200252-18,ocds-dgv273-seacev3-2026-200252-18-2026-06-11T10:26:19.325130-05:00,2399631,21226037,72141003,Servicios de mantenimiento de pistas y carreteras,UNSPSC
ocds-dgv273-seacev3-2026-482-2,ocds-dgv273-seacev3-2026-482-2-2026-06-11T10:26:08.646487-05:00,2399665,21220742,72121203,Servicios de construcción de silos y de edificaciones para servicio agrícola,UNSPSC
ocds-dgv273-seacev3-1201563,ocds-dgv273-seacev3-1201563-2026-06-11T10:26:08.076492-05:00,2387238,21238159,78111808,Alquiler de vehículos,UNSPSC
ocds-dgv273-seacev3-1201563,ocds-dgv273-seacev3-1201563-2026-06-11T10:26:08.076492-05:00,2387245,21238157,78111808,Alquiler de vehículos,UNSPSC
ocds-dgv273-seacev3-1201563,ocds-dgv273-seacev3-1201563-2026-06-11T10:26:08.076492-05:00,2387199,21238158,78111812,Arrendamiento vehicular de combis o minicombus para pasajeros,UNSPSC
ocds-dgv273-seacev3-2026-188-2,ocds-dgv273-seacev3-2026-188-2-2026-06-11T10:26:07.703419-05:00,2391001,21214487,72121406,Servicios de construcción de escuelas,UNSPSC
ocds-dgv273-seacev3-2026-705-10,ocds-dgv273-seacev3-2026-705-10-2026-06-11T10:25:56.865327-05:00,2399587,21220139,72141001,Servicios de construcción de pistas y carreteras nuevas,UNSPSC
ocds-dgv273-seacev3-1200571,ocds-dgv273-seacev3-1200571-2026-06-11T10:25:56.089700-05:00,2399880,21235281,72141701,Servicio de arrendamiento o alquiler de maquinaria de construcción,UNSPSC
ocds-dgv273-seacev3-2026-200252-10,ocds-dgv273-seacev3-2026-200252-10-2026-06-11T10:25:56.065339-05:00,2399516,21225950,72141003,Servicios de mantenimiento de pistas y carreteras,UNSPSC
ocds-dgv273-seacev3-2026-200252-12,ocds-dgv273-seacev3-2026-200252-12-2026-06-11T10:25:55.879667-05:00,2399519,21225986,72141003,Servicios de mantenimiento de pistas y carreteras,UNSPSC
ocds-dgv273-seacev3-2026-200252-8,ocds-dgv273-seacev3-2026-200252-8-2026-06-11T10:25:55.853686-05:00,2399511,21225981,72141003,Servicios de mantenimiento de pistas y carreteras,UNSPSC
ocds-dgv273-seacev3-1201567,ocds-dgv273-seacev3-1201567-2026-06-11T10:25:45.570599-05:00,2399888,21238196,42222301,Equipos de administración de la transfusión de sangre,UNSPSC
ocds-dgv273-seacev3-1198102,ocds-dgv273-seacev3-1198102-2026-06-11T10:25:45.113368-05:00,2399659,21227673,50192109,"Papas fritas en hojuelas y al hilo, mix de bocaditos o galletas saladas",UNSPSC
ocds-dgv273-seacev3-1198102,ocds-dgv273-seacev3-1198102-2026-06-11T10:25:45.113368-05:00,2399659,21227649,50131702,Leche o productos de mantequilla estables sin refrigerar,UNSPSC
ocds-dgv273-seacev3-2026-200252-7,ocds-dgv273-seacev3-2026-200252-7-2026-06-11T10:25:45.015336-05:00,2399510,21225947,72141003,Servicios de mantenimiento de pistas y carreteras,UNSPSC
ocds-dgv273-seacev3-2026-200252-15,ocds-dgv273-seacev3-2026-200252-15-2026-06-11T10:25:44.917161-05:00,2399570,21225994,72141003,Servicios de mantenimiento de pistas y carreteras,UNSPSC
ocds-dgv273-seacev3-2026-2528-25,ocds-dgv273-seacev3-2026-2528-25-2026-06-11T10:25:33.010265-05:00,2399674,21238640,81101703,Servicios de pruebas de ingeniería,UNSPSC
ocds-dgv273-seacev3-2026-200252-17,ocds-dgv273-seacev3-2026-200252-17-2026-06-11T10:25:32.902764-05:00,2399615,21225960,72141003,Servicios de mantenimiento de pistas y carreteras,UNSPSC
ocds-dgv273-seacev3-2026-200252-16,ocds-dgv273-seacev3-2026-200252-16-2026-06-11T10:25:32.877947-05:00,2399608,21225997,72141003,Servicios de mantenimiento de pistas y carreteras,UNSPSC
ocds-dgv273-seacev3-2026-200252-14,ocds-dgv273-seacev3-2026-200252-14-2026-06-11T10:25:32.706979-05:00,2399534,21225990,72141003,Servicios de mantenimiento de pistas y carreteras,UNSPSC
ocds-dgv273-seacev3-1200885,ocds-dgv273-seacev3-1200885-2026-06-11T10:25:32.631183-05:00,2399541,21236242,72141003,Servicios de mantenimiento de pistas y carreteras,UNSPSC
ocds-dgv273-seacev3-2026-200252-9,ocds-dgv273-seacev3-2026-200252-9-2026-06-11T10:25:22.475655-05:00,2399512,21225983,72141003,Servicios de mantenimiento de pistas y carreteras,UNSPSC
ocds-dgv273-seacev3-1201032,ocds-dgv273-seacev3-1201032-2026-06-11T10:25:21.636155-05:00,2399107,21236700,81111801,"Seguridad de computadoras, redes o Internet",UNSPSC
ocds-dgv273-seacev3-1201520,ocds-dgv273-seacev3-1201520-2026-06-11T10:25:21.620561-05:00,2399907,21238128,80101505,Desarrollo de objetivos o políticas corporativas,UNSPSC
ocds-dgv273-seacev3-2026-200098-6,ocds-dgv273-seacev3-2026-200098-6-2026-06-11T10:25:21.604544-05:00,2399877,21236801,76122001,Disposición final de desechos genéricos no peligrosos,UNSPSC
ocds-dgv273-seacev3-1193698,ocds-dgv273-seacev3-1193698-2026-06-11T10:25:21.567174-05:00,2399609,21216932,72153102,Servicios de construcción de campos deportivos interiores,UNSPSC
ocds-dgv273-seacev3-1197401,ocds-dgv273-seacev3-1197401-2026-06-11T10:25:10.559692-05:00,2399658,21226013,72141003,Servicios de mantenimiento de pistas y carreteras,UNSPSC
ocds-dgv273-seacev3-1193216,ocds-dgv273-seacev3-1193216-2026-06-11T10:25:10.521102-05:00,2399528,21215972,72153102,Servicios de construcción de campos deportivos interiores,UNSPSC
ocds-dgv273-seacev3-1195907,ocds-dgv273-seacev3-1195907-2026-06-11T10:25:10.398369-05:00,2391512,21222664,72141003,Servicios de mantenimiento de pistas y carreteras,UNSPSC
ocds-dgv273-seacev3-1196609,ocds-dgv273-seacev3-1196609-2026-06-11T10:25:10.132814-05:00,2399824,21224209,81101515,Ingeniería de infraestructura de plantas o instalaciones,UNSPSC
ocds-dgv273-seacev3-1201801,ocds-dgv273-seacev3-1201801-2026-06-11T10:25:10.003642-05:00,2399564,21238769,15101505,Diesel,UNSPSC
ocds-dgv273-seacev3-1200315,ocds-dgv273-seacev3-1200315-2026-06-10T10:33:14.941983-05:00,2399497,21234633,80111616,Personal temporal de servicio al cliente,UNSPSC
ocds-dgv273-seacev3-2026-200252-2,ocds-dgv273-seacev3-2026-200252-2-2026-06-10T10:33:03.872008-05:00,2399392,21225902,72141003,Servicios de mantenimiento de pistas y carreteras,UNSPSC
ocds-dgv273-seacev3-1193805,ocds-dgv273-seacev3-1193805-2026-06-10T10:33:03.729107-05:00,2399302,21217355,72121406,Servicios de construcción de escuelas,UNSPSC
ocds-dgv273-seacev3-1200013,ocds-dgv273-seacev3-1200013-2026-06-10T10:33:03.593200-05:00,2399485,21233299,84131601,Seguro de vida,UNSPSC
ocds-dgv273-seacev3-2026-20005-37,ocds-dgv273-seacev3-2026-20005-37-2026-06-10T10:33:03.181868-05:00,2399357,21220037,84131601,Seguro de vida,UNSPSC
ocds-dgv273-seacev3-2026-20005-37,ocds-dgv273-seacev3-2026-20005-37-2026-06-10T10:33:03.181868-05:00,2399357,21220035,84131612,Seguro de compensación laboral,UNSPSC
ocds-dgv273-seacev3-2026-20005-37,ocds-dgv273-seacev3-2026-20005-37-2026-06-10T10:33:03.181868-05:00,2399366,21220036,84131605,Seguros laborales,UNSPSC
ocds-dgv273-seacev3-2026-200252-4,ocds-dgv273-seacev3-2026-200252-4-2026-06-10T10:32:52.741635-05:00,2399422,21225923,72141003,Servicios de mantenimiento de pistas y carreteras,UNSPSC
ocds-dgv273-seacev3-1192494,ocds-dgv273-seacev3-1192494-2026-06-10T10:32:52.051666-05:00,2391726,21214000,72141003,Servicios de mantenimiento de pistas y carreteras,UNSPSC
ocds-dgv273-seacev3-1210092,ocds-dgv273-seacev3-1210092-2026-06-10T10:32:51.487879-05:00,2399419,21261346,30121803,Césped artificial,UNSPSC
ocds-dgv273-seacev3-1195898,ocds-dgv273-seacev3-1195898-2026-06-10T10:32:42.028786-05:00,2399304,21222648,81101505,Ingeniería estructural,UNSPSC
ocds-dgv273-seacev3-1197164,ocds-dgv273-seacev3-1197164-2026-06-10T10:32:41.434119-05:00,2399457,21225443,80131502,Alquiler de instalaciones comerciales o industriales,UNSPSC
ocds-dgv273-seacev3-1194919,ocds-dgv273-seacev3-1194919-2026-06-10T10:32:41.418622-05:00,2387008,21219953,21102401,Equipo para apicultura,UNSPSC
ocds-dgv273-seacev3-2026-200252-1,ocds-dgv273-seacev3-2026-200252-1-2026-06-10T10:32:41.009068-05:00,2399381,21225897,72141003,Servicios de mantenimiento de pistas y carreteras,UNSPSC
ocds-dgv273-seacev3-2026-1963-6,ocds-dgv273-seacev3-2026-1963-6-2026-06-10T10:32:40.397909-05:00,2399470,21241514,80131802,Servicio de tasación  y valuación de bienes inmuebles,UNSPSC
ocds-dgv273-seacev3-1201931,ocds-dgv273-seacev3-1201931-2026-06-10T10:32:40.347548-05:00,2399261,21241251,20122215,Tanque de compensación,UNSPSC
ocds-dgv273-seacev3-1199613,ocds-dgv273-seacev3-1199613-2026-06-10T10:32:39.983515-05:00,2399495,21232202,72141121,Servicios de construcción de tuberías principales de agua,UNSPSC
ocds-dgv273-seacev3-2026-1618-2,ocds-dgv273-seacev3-2026-1618-2-2026-06-10T10:32:39.874234-05:00,2399317,21222789,72121203,Servicios de construcción de silos y de edificaciones para servicio agrícola,UNSPSC
ocds-dgv273-seacev3-2026-10568-8,ocds-dgv273-seacev3-2026-10568-8-2026-06-10T10:32:30.248238-05:00,2399494,21225857,72141003,Servicios de mantenimiento de pistas y carreteras,UNSPSC
ocds-dgv273-seacev3-1198107,ocds-dgv273-seacev3-1198107-2026-06-10T10:32:30.014672-05:00,2399281,21227838,72141001,Servicios de construcción de pistas y carreteras nuevas,UNSPSC
ocds-dgv273-seacev3-1198705,ocds-dgv273-seacev3-1198705-2026-06-10T10:32:29.991482-05:00,2399252,21229545,72121501,Servicios de construcción de plantas químicas,UNSPSC
ocds-dgv273-seacev3-1193306,ocds-dgv273-seacev3-1193306-2026-06-10T10:32:29.661825-05:00,2399341,21216164,95101901,Granja,UNSPSC
ocds-dgv273-seacev3-1197382,ocds-dgv273-seacev3-1197382-2026-06-10T10:32:18.680637-05:00,2399395,21226028,72141003,Servicios de mantenimiento de pistas y carreteras,UNSPSC
ocds-dgv273-seacev3-2026-200191-66,ocds-dgv273-seacev3-2026-200191-66-2026-06-10T10:32:07.398843-05:00,2399489,21234604,81141504,Calibración o reparación de equipos de prueba,UNSPSC
ocds-dgv273-seacev3-1195399,ocds-dgv273-seacev3-1195399-2026-06-10T10:32:07.241118-05:00,2397527,21221436,81101515,Ingeniería de infraestructura de plantas o instalaciones,UNSPSC
ocds-dgv273-seacev3-1192183,ocds-dgv273-seacev3-1192183-2026-06-10T10:32:07.184291-05:00,2386978,21213280,30111505,Hormigón premezclado,UNSPSC
ocds-dgv273-seacev3-2026-10568-12,ocds-dgv273-seacev3-2026-10568-12-2026-06-10T10:32:06.709921-05:00,2399496,21229908,72141003,Servicios de mantenimiento de pistas y carreteras,UNSPSC
ocds-dgv273-seacev3-1195104,ocds-dgv273-seacev3-1195104-2026-06-10T10:32:06.332190-05:00,2399465,21235392,81101510,Ingeniería de carreteras,UNSPSC
ocds-dgv273-seacev3-1199482,ocds-dgv273-seacev3-1199482-2026-06-10T10:32:06.054379-05:00,2399246,21231680,49241706,Manta solar,UNSPSC
ocds-dgv273-seacev3-1195196,ocds-dgv273-seacev3-1195196-2026-06-08T10:03:54.744153-05:00,2382449,21221105,81102702,Servicio de ingeniería y diseño de sistema de control de proceso,UNSPSC
ocds-dgv273-seacev3-2026-10418-15,ocds-dgv273-seacev3-2026-10418-15-2026-06-07T10:10:52.308903-05:00,2398932,21227604,72121102,Servicios de construcción de edificios comerciales y de oficinas prefabricadas,UNSPSC
ocds-dgv273-seacev3-2026-1926-57,ocds-dgv273-seacev3-2026-1926-57-2026-06-07T10:10:52.287630-05:00,2398863,21230596,84121806,Servicios de custodia de valores,UNSPSC
ocds-dgv273-seacev3-2026-12-7,ocds-dgv273-seacev3-2026-12-7-2026-06-07T10:10:51.875108-05:00,2399144,21241380,91111603,Servicios de cocina o preparación de comidas,UNSPSC
ocds-dgv273-seacev3-1197714,ocds-dgv273-seacev3-1197714-2026-06-07T10:10:51.813439-05:00,2395074,21226785,53102306,Pañales para adultos,UNSPSC
ocds-dgv273-seacev3-1194713,ocds-dgv273-seacev3-1194713-2026-06-07T10:10:51.792793-05:00,2399156,21219982,50121538,Pescado estable sin refrigerar,UNSPSC
ocds-dgv273-seacev3-2026-200375-4,ocds-dgv273-seacev3-2026-200375-4-2026-06-07T10:10:51.765154-05:00,2399181,21237962,72141003,Servicios de mantenimiento de pistas y carreteras,UNSPSC
ocds-dgv273-seacev3-1196427,ocds-dgv273-seacev3-1196427-2026-06-07T10:10:44.668658-05:00,2399138,21223851,70171709,Servicios de administración de sistemas de riego,UNSPSC
ocds-dgv273-seacev3-1193197,ocds-dgv273-seacev3-1193197-2026-06-07T10:10:44.536285-05:00,2388319,21215965,78101805,Servicio de alquiler de camión pipa y tráiler,UNSPSC
ocds-dgv273-seacev3-1192168,ocds-dgv273-seacev3-1192168-2026-06-07T10:10:44.512841-05:00,2396530,21213444,72121406,Servicios de construcción de escuelas,UNSPSC
ocds-dgv273-seacev3-1199197,ocds-dgv273-seacev3-1199197-2026-06-07T10:10:44.393071-05:00,2399084,21230944,72141701,Servicio de arrendamiento o alquiler de maquinaria de construcción,UNSPSC
ocds-dgv273-seacev3-1201968,ocds-dgv273-seacev3-1201968-2026-06-07T10:10:44.376664-05:00,2393925,21241300,83121703,Servicios relacionados con Internet,UNSPSC
ocds-dgv273-seacev3-2026-2407-39,ocds-dgv273-seacev3-2026-2407-39-2026-06-07T10:10:44.229396-05:00,2399054,21213450,83101804,Servicios de transmisión de energía eléctrica,UNSPSC
ocds-dgv273-seacev3-1196613,ocds-dgv273-seacev3-1196613-2026-06-07T10:10:44.174178-05:00,2398860,21224215,15101505,Diesel,UNSPSC
ocds-dgv273-seacev3-2026-1735-19,ocds-dgv273-seacev3-2026-1735-19-2026-06-07T10:10:44.087228-05:00,2398922,21224619,72121101,Servicios de construcción de nuevos edificios comerciales y de oficinas,UNSPSC
ocds-dgv273-seacev3-1199389,ocds-dgv273-seacev3-1199389-2026-06-07T10:10:43.883544-05:00,2398878,21231324,15101506,Gasolina o Petróleo,UNSPSC
ocds-dgv273-seacev3-1201937,ocds-dgv273-seacev3-1201937-2026-06-07T10:10:43.686109-05:00,2398979,21241280,91111603,Servicios de cocina o preparación de comidas,UNSPSC
ocds-dgv273-seacev3-1197028,ocds-dgv273-seacev3-1197028-2026-06-07T10:10:32.784693-05:00,2396873,21225106,70151505,Inventario forestal,UNSPSC
ocds-dgv273-seacev3-1197028,ocds-dgv273-seacev3-1197028-2026-06-07T10:10:32.784693-05:00,2399139,21225095,70151505,Inventario forestal,UNSPSC
ocds-dgv273-seacev3-1197028,ocds-dgv273-seacev3-1197028-2026-06-07T10:10:32.784693-05:00,2398879,21225094,70151505,Inventario forestal,UNSPSC
ocds-dgv273-seacev3-1199614,ocds-dgv273-seacev3-1199614-2026-06-07T10:10:32.670071-05:00,2399169,21232216,81101510,Ingeniería de carreteras,UNSPSC
ocds-dgv273-seacev3-1199751,ocds-dgv273-seacev3-1199751-2026-06-07T10:10:32.549092-05:00,2399165,21232735,81101508,Ingeniería arquitectónica,UNSPSC
ocds-dgv273-seacev3-2026-200261-39,ocds-dgv273-seacev3-2026-200261-39-2026-06-07T10:10:32.329729-05:00,2399044,21229642,13102018,Polietileno de Baja Densidad (LDPE),UNSPSC
ocds-dgv273-seacev3-2026-200375-3,ocds-dgv273-seacev3-2026-200375-3-2026-06-07T10:10:24.973262-05:00,2399179,21237950,72141003,Servicios de mantenimiento de pistas y carreteras,UNSPSC
ocds-dgv273-seacev3-2026-1747-9,ocds-dgv273-seacev3-2026-1747-9-2026-06-07T10:10:24.807741-05:00,2399091,21233756,30121803,Césped artificial,UNSPSC
ocds-dgv273-seacev3-1207231,ocds-dgv273-seacev3-1207231-2026-06-07T10:10:24.769309-05:00,2398980,21253506,53102799,Uniformes,UNSPSC
ocds-dgv273-seacev3-2026-1323-10,ocds-dgv273-seacev3-2026-1323-10-2026-06-07T10:10:24.722726-05:00,2398887,21229766,15101506,Gasolina o Petróleo,UNSPSC
ocds-dgv273-seacev3-2026-10418-13,ocds-dgv273-seacev3-2026-10418-13-2026-06-07T10:10:24.540241-05:00,2398880,21230425,72121102,Servicios de construcción de edificios comerciales y de oficinas prefabricadas,UNSPSC
ocds-dgv273-seacev3-2026-1323-4,ocds-dgv273-seacev3-2026-1323-4-2026-06-07T10:10:24.206082-05:00,2398986,21228425,84131612,Seguro de compensación laboral,UNSPSC
ocds-dgv273-seacev3-2026-200030-24,ocds-dgv273-seacev3-2026-200030-24-2026-06-07T10:10:24.050928-05:00,2399089,21241201,81101510,Ingeniería de carreteras,UNSPSC
ocds-dgv273-seacev3-1195681,ocds-dgv273-seacev3-1195681-2026-06-07T10:10:23.904656-05:00,2398917,21222275,81101505,Ingeniería estructural,UNSPSC
ocds-dgv273-seacev3-1201824,ocds-dgv273-seacev3-1201824-2026-06-07T10:10:23.774790-05:00,2398907,21239484,72141003,Servicios de mantenimiento de pistas y carreteras,UNSPSC
ocds-dgv273-seacev3-2026-1003013319-11,ocds-dgv273-seacev3-2026-1003013319-11-2026-06-07T10:10:23.756389-05:00,2399149,21233188,82121504,Impresión tipográfica o serigrafía,UNSPSC
ocds-dgv273-seacev3-2026-1003013319-11,ocds-dgv273-seacev3-2026-1003013319-11-2026-06-07T10:10:23.756389-05:00,2399149,21233189,82121504,Impresión tipográfica o serigrafía,UNSPSC
ocds-dgv273-seacev3-2026-1003013319-11,ocds-dgv273-seacev3-2026-1003013319-11-2026-06-07T10:10:23.756389-05:00,2399149,21233190,82121504,Impresión tipográfica o serigrafía,UNSPSC
ocds-dgv273-seacev3-2026-1003013319-11,ocds-dgv273-seacev3-2026-1003013319-11-2026-06-07T10:10:23.756389-05:00,2399149,21233191,82121504,Impresión tipográfica o serigrafía,UNSPSC
ocds-dgv273-seacev3-2026-200030-29,ocds-dgv273-seacev3-2026-200030-29-2026-06-07T10:10:13.911183-05:00,2399097,21215231,72141003,Servicios de mantenimiento de pistas y carreteras,UNSPSC
ocds-dgv273-seacev3-2026-1323-9,ocds-dgv273-seacev3-2026-1323-9-2026-06-07T10:10:13.598782-05:00,2398908,21229768,15101505,Diesel,UNSPSC
ocds-dgv273-seacev3-1200040,ocds-dgv273-seacev3-1200040-2026-06-07T10:10:13.583967-05:00,2399157,21233297,80101604,Administración o planificación de proyectos,UNSPSC
ocds-dgv273-seacev3-1207518,ocds-dgv273-seacev3-1207518-2026-06-07T10:10:13.463748-05:00,2398896,21254227,72121203,Servicios de construcción de silos y de edificaciones para servicio agrícola,UNSPSC
ocds-dgv273-seacev3-2026-200375-5,ocds-dgv273-seacev3-2026-200375-5-2026-06-07T10:10:13.391448-05:00,2399182,21238130,72141003,Servicios de mantenimiento de pistas y carreteras,UNSPSC
ocds-dgv273-seacev3-1196454,ocds-dgv273-seacev3-1196454-2026-06-07T10:10:13.377449-05:00,2392387,21226089,72121203,Servicios de construcción de silos y de edificaciones para servicio agrícola,UNSPSC
ocds-dgv273-seacev3-1194963,ocds-dgv273-seacev3-1194963-2026-06-07T10:10:13.088516-05:00,2386151,21220557,72141701,Servicio de arrendamiento o alquiler de maquinaria de construcción,UNSPSC
ocds-dgv273-seacev3-1193375,ocds-dgv273-seacev3-1193375-2026-06-07T10:10:12.724629-05:00,2399051,21216385,42141501,Fibra o bolitas de algodón,UNSPSC
ocds-dgv273-seacev3-2026-200266-50,ocds-dgv273-seacev3-2026-200266-50-2026-06-07T10:10:12.656735-05:00,2399003,21239783,92101501,Servicios de vigilancia,UNSPSC
ocds-dgv273-seacev3-1198205,ocds-dgv273-seacev3-1198205-2026-06-07T10:10:12.642930-05:00,2399032,21228050,83111603,Servicios de telefonía móvil,UNSPSC
ocds-dgv273-seacev3-2026-2009-65,ocds-dgv273-seacev3-2026-2009-65-2026-06-07T10:10:12.485596-05:00,2398955,21229465,11111611,Grava,UNSPSC
ocds-dgv273-seacev3-1210480,ocds-dgv273-seacev3-1210480-2026-06-06T10:22:07.119157-05:00,2398803,21262340,82121507,Impresión de formularios comerciales o papelería,UNSPSC
ocds-dgv273-seacev3-1195954,ocds-dgv273-seacev3-1195954-2026-06-06T10:22:01.240412-05:00,2391215,21222731,72141003,Servicios de mantenimiento de pistas y carreteras,UNSPSC
ocds-dgv273-seacev3-1194918,ocds-dgv273-seacev3-1194918-2026-06-06T10:22:00.925948-05:00,2398782,21220216,72154013,Servicios de construcción de cercos,UNSPSC
ocds-dgv273-seacev3-1196506,ocds-dgv273-seacev3-1196506-2026-06-06T10:22:00.627539-05:00,2398643,21223951,72141003,Servicios de mantenimiento de pistas y carreteras,UNSPSC
ocds-dgv273-seacev3-1198077,ocds-dgv273-seacev3-1198077-2026-06-06T10:22:00.349935-05:00,2398542,21227833,72141001,Servicios de construcción de pistas y carreteras nuevas,UNSPSC
ocds-dgv273-seacev3-1200365,ocds-dgv273-seacev3-1200365-2026-06-06T10:22:00.212540-05:00,2398694,21234653,72121403,Servicios de construcción de hospitales,UNSPSC
ocds-dgv273-seacev3-1197189,ocds-dgv273-seacev3-1197189-2026-06-06T10:22:00.081460-05:00,2398500,21225486,72141121,Servicios de construcción de tuberías principales de agua,UNSPSC
ocds-dgv273-seacev3-1193686,ocds-dgv273-seacev3-1193686-2026-06-06T10:22:00.065679-05:00,2398799,21217164,81101515,Ingeniería de infraestructura de plantas o instalaciones,UNSPSC
ocds-dgv273-seacev3-1205775,ocds-dgv273-seacev3-1205775-2026-06-06T10:22:00.033197-05:00,2398667,21250184,72151203,Servicios de construcción de energía solar para CVAA,UNSPSC
ocds-dgv273-seacev3-1198120,ocds-dgv273-seacev3-1198120-2026-06-06T10:21:50.944751-05:00,2398519,21227686,72151511,Servicios de mantenimiento o reparación de sistemas de iluminación,UNSPSC
ocds-dgv273-seacev3-1191334,ocds-dgv273-seacev3-1191334-2026-06-06T10:21:50.453776-05:00,2398839,21211096,72141128,Servicio de remodelación  y/o construcción de plazas públicas,UNSPSC
ocds-dgv273-seacev3-1200302,ocds-dgv273-seacev3-1200302-2026-06-06T10:21:50.295480-05:00,2395408,21234571,72141003,Servicios de mantenimiento de pistas y carreteras,UNSPSC
ocds-dgv273-seacev3-1195897,ocds-dgv273-seacev3-1195897-2026-06-06T10:21:50.127387-05:00,2391193,21222722,72141003,Servicios de mantenimiento de pistas y carreteras,UNSPSC
ocds-dgv273-seacev3-1195149,ocds-dgv273-seacev3-1195149-2026-06-06T10:21:50.053838-05:00,2398540,21221050,80101604,Administración o planificación de proyectos,UNSPSC
ocds-dgv273-seacev3-2026-674-5,ocds-dgv273-seacev3-2026-674-5-2026-06-06T10:21:40.261461-05:00,2398838,21232753,72141121,Servicios de construcción de tuberías principales de agua,UNSPSC
ocds-dgv273-seacev3-2026-21-24,ocds-dgv273-seacev3-2026-21-24-2026-06-06T10:21:40.113445-05:00,2398778,21239638,50202301,Agua,UNSPSC
ocds-dgv273-seacev3-1202126,ocds-dgv273-seacev3-1202126-2026-06-06T10:21:39.517205-05:00,2398792,21239845,56111511,Conjuntos modulares para oficinas administrativas,UNSPSC
ocds-dgv273-seacev3-1192587,ocds-dgv273-seacev3-1192587-2026-06-06T10:21:39.491889-05:00,2398806,21214271,46171610,Cámaras de seguridad,UNSPSC
ocds-dgv273-seacev3-2026-1065-3,ocds-dgv273-seacev3-2026-1065-3-2026-06-06T10:21:39.378838-05:00,2398785,21226290,72141121,Servicios de construcción de tuberías principales de agua,UNSPSC
ocds-dgv273-seacev3-1197360,ocds-dgv273-seacev3-1197360-2026-06-06T10:21:38.778274-05:00,2398780,21225992,81101510,Ingeniería de carreteras,UNSPSC
ocds-dgv273-seacev3-1197421,ocds-dgv273-seacev3-1197421-2026-06-06T10:21:38.559171-05:00,2390728,21226054,72121103,Servicios de renovación y reparación de edificios comerciales y de oficinas,UNSPSC
ocds-dgv273-seacev3-1199766,ocds-dgv273-seacev3-1199766-2026-06-06T10:21:28.179404-05:00,2398358,21232846,72121008,Servicios de construcción y remodelación de almacenes,UNSPSC
ocds-dgv273-seacev3-2026-30-5,ocds-dgv273-seacev3-2026-30-5-2026-06-06T10:21:28.034930-05:00,2398529,21241517,82101504,Publicidad en periódicos,UNSPSC
ocds-dgv273-seacev3-1199388,ocds-dgv273-seacev3-1199388-2026-06-06T10:21:27.933091-05:00,2398547,21231292,31191506,Discos abrasivos,UNSPSC
ocds-dgv273-seacev3-1199435,ocds-dgv273-seacev3-1199435-2026-06-06T10:21:27.171371-05:00,2398794,21231483,70141804,Servicios de siembra de cultivos,UNSPSC
ocds-dgv273-seacev3-1201373,ocds-dgv273-seacev3-1201373-2026-06-06T10:21:17.082270-05:00,2398535,21237489,72154022,Servicios de instalación y mantenimiento de equipos hidráulicos,UNSPSC
ocds-dgv273-seacev3-2026-10001-28,ocds-dgv273-seacev3-2026-10001-28-2026-06-06T10:21:16.868924-05:00,2396129,21233298,83121605,Servicios de recuperación de información de bases de datos a distancia,UNSPSC
ocds-dgv273-seacev3-2026-1903-24,ocds-dgv273-seacev3-2026-1903-24-2026-06-06T10:21:16.597743-05:00,2391419,21229240,72102103,Servicios de exterminación o fumigación,UNSPSC
ocds-dgv273-seacev3-2026-200210-12,ocds-dgv273-seacev3-2026-200210-12-2026-06-06T10:21:16.549482-05:00,2398501,21228401,72141003,Servicios de mantenimiento de pistas y carreteras,UNSPSC
ocds-dgv273-seacev3-2026-49-94,ocds-dgv273-seacev3-2026-49-94-2026-06-06T10:21:16.521209-05:00,2398804,21214625,30131602,Ladrillos de cerámica,UNSPSC
ocds-dgv273-seacev3-2026-1206-4,ocds-dgv273-seacev3-2026-1206-4-2026-06-06T10:21:16.306456-05:00,2397922,21224451,72141121,Servicios de construcción de tuberías principales de agua,UNSPSC
ocds-dgv273-seacev3-1197014,ocds-dgv273-seacev3-1197014-2026-06-06T10:21:16.222560-05:00,2398628,21225103,24112110,Contenedores a granel intermedios,UNSPSC
ocds-dgv273-seacev3-1207953,ocds-dgv273-seacev3-1207953-2026-06-06T10:21:08.701029-05:00,2398572,21255432,72101517,Servicio de mantenimiento y o reparación de generador portátil,UNSPSC
ocds-dgv273-seacev3-1192420,ocds-dgv273-seacev3-1192420-2026-06-06T10:21:05.495124-05:00,2397144,21213843,72141106,Servicios de construcción de caminos de grava o tierra,UNSPSC
ocds-dgv273-seacev3-2026-10248-16,ocds-dgv273-seacev3-2026-10248-16-2026-06-06T10:21:05.364786-05:00,2398763,21228587,73161601,Servicios de construcción de barcos o botes de pesca,UNSPSC
ocds-dgv273-seacev3-1199616,ocds-dgv273-seacev3-1199616-2026-06-06T10:21:04.639046-05:00,2398660,21232201,80131502,Alquiler de instalaciones comerciales o industriales,UNSPSC
ocds-dgv273-seacev3-1201103,ocds-dgv273-seacev3-1201103-2026-06-06T10:21:04.471582-05:00,2398644,21236785,81101510,Ingeniería de carreteras,UNSPSC
ocds-dgv273-seacev3-1199042,ocds-dgv273-seacev3-1199042-2026-06-06T10:21:04.400127-05:00,2398511,21230657,81101508,Ingeniería arquitectónica,UNSPSC
ocds-dgv273-seacev3-2026-1868-4,ocds-dgv273-seacev3-2026-1868-4-2026-06-06T10:21:04.383007-05:00,2398738,21234395,72141001,Servicios de construcción de pistas y carreteras nuevas,UNSPSC
ocds-dgv273-seacev3-2026-200266-4,ocds-dgv273-seacev3-2026-200266-4-2026-06-06T10:20:53.891909-05:00,2398784,21239836,92101501,Servicios de vigilancia,UNSPSC
ocds-dgv273-seacev3-1199267,ocds-dgv273-seacev3-1199267-2026-06-06T10:20:53.677953-05:00,2398809,21231071,72121103,Servicios de renovación y reparación de edificios comerciales y de oficinas,UNSPSC
ocds-dgv273-seacev3-1201488,ocds-dgv273-seacev3-1201488-2026-06-06T10:20:53.244400-05:00,2398846,21237911,81101515,Ingeniería de infraestructura de plantas o instalaciones,UNSPSC
ocds-dgv273-seacev3-1193401,ocds-dgv273-seacev3-1193401-2026-06-06T10:20:52.865265-05:00,2398779,21216404,81101515,Ingeniería de infraestructura de plantas o instalaciones,UNSPSC
ocds-dgv273-seacev3-1197635,ocds-dgv273-seacev3-1197635-2026-06-06T10:20:52.840538-05:00,2398790,21226534,70141701,Servicios de invernaderos,UNSPSC
ocds-dgv273-seacev3-1198556,ocds-dgv273-seacev3-1198556-2026-06-05T10:30:57.511300-05:00,2398394,21228880,72141001,Servicios de construcción de pistas y carreteras nuevas,UNSPSC
ocds-dgv273-seacev3-2026-200375-6,ocds-dgv273-seacev3-2026-200375-6-2026-06-05T10:30:57.257625-05:00,2398460,21249488,72141003,Servicios de mantenimiento de pistas y carreteras,UNSPSC
ocds-dgv273-seacev3-1196817,ocds-dgv273-seacev3-1196817-2026-06-05T10:30:56.825185-05:00,2398100,21224794,50121538,Pescado estable sin refrigerar,UNSPSC
ocds-dgv273-seacev3-2026-10615-11,ocds-dgv273-seacev3-2026-10615-11-2026-06-05T10:30:56.749260-05:00,2395127,21239771,72141003,Servicios de mantenimiento de pistas y carreteras,UNSPSC
ocds-dgv273-seacev3-1198661,ocds-dgv273-seacev3-1198661-2026-06-05T10:30:56.715841-05:00,2395782,21229825,76111505,Servicios de limpieza de telas y muebles,UNSPSC
ocds-dgv273-seacev3-1198661,ocds-dgv273-seacev3-1198661-2026-06-05T10:30:56.715841-05:00,2398336,21229826,76111505,Servicios de limpieza de telas y muebles,UNSPSC
ocds-dgv273-seacev3-1201275,ocds-dgv273-seacev3-1201275-2026-06-05T10:30:49.651469-05:00,2392291,21237250,81101510,Ingeniería de carreteras,UNSPSC
ocds-dgv273-seacev3-1201475,ocds-dgv273-seacev3-1201475-2026-06-05T10:30:49.621385-05:00,2398367,21237918,80131502,Alquiler de instalaciones comerciales o industriales,UNSPSC
ocds-dgv273-seacev3-1192946,ocds-dgv273-seacev3-1192946-2026-06-05T10:30:38.717250-05:00,2396615,21215210,51102402,Hipromelosa,UNSPSC
ocds-dgv273-seacev3-1192946,ocds-dgv273-seacev3-1192946-2026-06-05T10:30:38.717250-05:00,2396594,21215216,51141530,Valproato sódico,UNSPSC
ocds-dgv273-seacev3-1192946,ocds-dgv273-seacev3-1192946-2026-06-05T10:30:38.717250-05:00,2396594,21215214,51292016,Sertralina,UNSPSC
ocds-dgv273-seacev3-1192946,ocds-dgv273-seacev3-1192946-2026-06-05T10:30:38.717250-05:00,2396594,21215209,51141618,Clorhidrato de Fluoxetina,UNSPSC
ocds-dgv273-seacev3-1192946,ocds-dgv273-seacev3-1192946-2026-06-05T10:30:38.717250-05:00,2397502,21215211,51142106,Ibuprofeno,UNSPSC
ocds-dgv273-seacev3-1192946,ocds-dgv273-seacev3-1192946-2026-06-05T10:30:38.717250-05:00,2397884,21215213,51102206,Nitrofurantoina,UNSPSC
ocds-dgv273-seacev3-1192946,ocds-dgv273-seacev3-1192946-2026-06-05T10:30:38.717250-05:00,2397884,21215207,51121818,Atorvastatina,UNSPSC
ocds-dgv273-seacev3-1192946,ocds-dgv273-seacev3-1192946-2026-06-05T10:30:38.717250-05:00,2397892,21215215,51171505,Simeticona,UNSPSC
ocds-dgv273-seacev3-1192946,ocds-dgv273-seacev3-1192946-2026-06-05T10:30:38.717250-05:00,2398351,21215212,51384514,Naproxeno,UNSPSC
ocds-dgv273-seacev3-1192946,ocds-dgv273-seacev3-1192946-2026-06-05T10:30:38.717250-05:00,2398351,21215208,51142121,Diclofenaco,UNSPSC
ocds-dgv273-seacev3-1198248,ocds-dgv273-seacev3-1198248-2026-06-05T10:30:38.010902-05:00,2398450,21228119,72121201,Servicios de construcción de granjas,UNSPSC
ocds-dgv273-seacev3-1201029,ocds-dgv273-seacev3-1201029-2026-06-05T10:30:37.700245-05:00,2398417,21236691,81101515,Ingeniería de infraestructura de plantas o instalaciones,UNSPSC
ocds-dgv273-seacev3-2026-1209-27,ocds-dgv273-seacev3-2026-1209-27-2026-06-05T10:30:37.526146-05:00,2383501,21216062,22101703,Cuchillas o bordes dentados o de corte,UNSPSC
ocds-dgv273-seacev3-2026-200375-2,ocds-dgv273-seacev3-2026-200375-2-2026-06-05T10:30:37.426091-05:00,2398465,21237948,72141003,Servicios de mantenimiento de pistas y carreteras,UNSPSC
ocds-dgv273-seacev3-1216767,ocds-dgv273-seacev3-1216767-2026-06-05T10:30:28.865858-05:00,2398238,21281032,93141701,Organizaciones de eventos culturales,UNSPSC
ocds-dgv273-seacev3-2026-200554-2,ocds-dgv273-seacev3-2026-200554-2-2026-06-05T10:30:27.971833-05:00,2398316,21219923,15101505,Diesel,UNSPSC
ocds-dgv273-seacev3-2026-200554-2,ocds-dgv273-seacev3-2026-200554-2-2026-06-05T10:30:27.971833-05:00,2398316,21213294,15101505,Diesel,UNSPSC
ocds-dgv273-seacev3-1199325,ocds-dgv273-seacev3-1199325-2026-06-05T10:30:27.689052-05:00,2398075,21231157,10171505,Nutriente foliar,UNSPSC
ocds-dgv273-seacev3-2026-1983-2,ocds-dgv273-seacev3-2026-1983-2-2026-06-05T10:30:27.223620-05:00,2398383,21230159,78111802,Servicios programados de autobús,UNSPSC
ocds-dgv273-seacev3-2026-200266-46,ocds-dgv273-seacev3-2026-200266-46-2026-06-05T10:30:27.149592-05:00,2398404,21241604,76111501,Servicios de limpieza de edificios,UNSPSC
ocds-dgv273-seacev3-1197895,ocds-dgv273-seacev3-1197895-2026-06-05T10:30:26.934782-05:00,2398428,21235745,78111808,Alquiler de vehículos,UNSPSC
ocds-dgv273-seacev3-1197539,ocds-dgv273-seacev3-1197539-2026-06-05T10:30:26.919208-05:00,2398172,21226266,70161704,Servicios de protección de ecosistemas,UNSPSC
ocds-dgv273-seacev3-1202168,ocds-dgv273-seacev3-1202168-2026-06-05T10:30:26.843415-05:00,2397910,21239910,81101515,Ingeniería de infraestructura de plantas o instalaciones,UNSPSC
ocds-dgv273-seacev3-1194093,ocds-dgv273-seacev3-1194093-2026-06-05T10:30:26.747448-05:00,2398468,21218145,30264204,Lámina de acero corrugado,UNSPSC
ocds-dgv273-seacev3-1194734,ocds-dgv273-seacev3-1194734-2026-06-05T10:30:26.609112-05:00,2398440,21219802,80131502,Alquiler de instalaciones comerciales o industriales,UNSPSC
ocds-dgv273-seacev3-2026-32-7,ocds-dgv273-seacev3-2026-32-7-2026-06-05T10:30:15.995989-05:00,2398090,21230402,81101508,Ingeniería arquitectónica,UNSPSC
ocds-dgv273-seacev3-2026-1891-1,ocds-dgv273-seacev3-2026-1891-1-2026-06-05T10:30:15.940611-05:00,2398077,21229165,15111510,Gas de petróleo licuefactado,UNSPSC
ocds-dgv273-seacev3-1199437,ocds-dgv273-seacev3-1199437-2026-06-05T10:30:15.894826-05:00,2398446,21231546,10131601,Jaulas o sus accesorios,UNSPSC
ocds-dgv273-seacev3-2026-1901-7,ocds-dgv273-seacev3-2026-1901-7-2026-06-05T10:30:15.760575-05:00,2398031,21236316,81101508,Ingeniería arquitectónica,UNSPSC
ocds-dgv273-seacev3-1195797,ocds-dgv273-seacev3-1195797-2026-06-05T10:30:14.537447-05:00,2398263,21222470,72121203,Servicios de construcción de silos y de edificaciones para servicio agrícola,UNSPSC
ocds-dgv273-seacev3-2026-1003003359-10,ocds-dgv273-seacev3-2026-1003003359-10-2026-06-05T10:30:14.487678-05:00,2397150,21221541,73152108,Servicio de reparación y mantenimiento de equipo eléctrico,UNSPSC
ocds-dgv273-seacev3-2026-1003003359-10,ocds-dgv273-seacev3-2026-1003003359-10-2026-06-05T10:30:14.487678-05:00,2397196,21221543,72121103,Servicios de renovación y reparación de edificios comerciales y de oficinas,UNSPSC
ocds-dgv273-seacev3-2026-1003003359-10,ocds-dgv273-seacev3-2026-1003003359-10-2026-06-05T10:30:14.487678-05:00,2397196,21221540,72121103,Servicios de renovación y reparación de edificios comerciales y de oficinas,UNSPSC
ocds-dgv273-seacev3-2026-1003003359-10,ocds-dgv273-seacev3-2026-1003003359-10-2026-06-05T10:30:14.487678-05:00,2398416,21221542,72121103,Servicios de renovación y reparación de edificios comerciales y de oficinas,UNSPSC
ocds-dgv273-seacev3-2026-200302-33,ocds-dgv273-seacev3-2026-200302-33-2026-06-05T10:30:04.568203-05:00,2398402,21232876,91111603,Servicios de cocina o preparación de comidas,UNSPSC
ocds-dgv273-seacev3-1198904,ocds-dgv273-seacev3-1198904-2026-06-05T10:30:04.438333-05:00,2398143,21230141,91111601,Servicios de limpieza y mantenimiento,UNSPSC
ocds-dgv273-seacev3-1198722,ocds-dgv273-seacev3-1198722-2026-06-05T10:30:04.213660-05:00,2395330,21229649,82121599,Impresión,UNSPSC
ocds-dgv273-seacev3-1193133,ocds-dgv273-seacev3-1193133-2026-06-05T10:30:04.165509-05:00,2398300,21215566,72101511,Servicio de reparación o mantenimiento o instalación de aire acondicionado,UNSPSC
ocds-dgv273-seacev3-1201621,ocds-dgv273-seacev3-1201621-2026-06-05T10:30:04.149675-05:00,2398236,21238288,22101509,Retroexcavadoras,UNSPSC
ocds-dgv273-seacev3-2026-200462-4,ocds-dgv273-seacev3-2026-200462-4-2026-06-05T10:30:04.105285-05:00,2398153,21216580,84131603,Seguros de lesiones accidentales,UNSPSC
ocds-dgv273-seacev3-2026-2383-35,ocds-dgv273-seacev3-2026-2383-35-2026-06-05T10:30:03.586996-05:00,2398105,21229939,93151507,Servicios o procedimientos administrativos,UNSPSC
ocds-dgv273-seacev3-1217864,ocds-dgv273-seacev3-1217864-2026-06-05T10:30:03.398623-05:00,2398145,21284542,46171610,Cámaras de seguridad,UNSPSC
ocds-dgv273-seacev3-2026-2543-386,ocds-dgv273-seacev3-2026-2543-386-2026-06-05T10:30:03.341760-05:00,2398167,21218024,91111603,Servicios de cocina o preparación de comidas,UNSPSC
ocds-dgv273-seacev3-2026-10141-25,ocds-dgv273-seacev3-2026-10141-25-2026-06-05T10:29:54.064572-05:00,2398131,21217738,92101501,Servicios de vigilancia,UNSPSC
ocds-dgv273-seacev3-2026-2600-10,ocds-dgv273-seacev3-2026-2600-10-2026-06-05T10:29:53.139536-05:00,2398403,21233203,83121703,Servicios relacionados con Internet,UNSPSC
ocds-dgv273-seacev3-2026-1963-5,ocds-dgv273-seacev3-2026-1963-5-2026-06-05T10:29:52.942357-05:00,2398087,21225225,81141804,Servicio de inspección de equipos,UNSPSC
ocds-dgv273-seacev3-2026-1891-3,ocds-dgv273-seacev3-2026-1891-3-2026-06-05T10:29:52.771636-05:00,2398414,21228767,50131612,Huevos de gallina con cáscara para consumo,UNSPSC
ocds-dgv273-seacev3-2026-10558-16,ocds-dgv273-seacev3-2026-10558-16-2026-06-05T10:29:42.075221-05:00,2398361,21239606,91111603,Servicios de cocina o preparación de comidas,UNSPSC
ocds-dgv273-seacev3-2026-200375-1,ocds-dgv273-seacev3-2026-200375-1-2026-06-05T10:29:42.020031-05:00,2398462,21237945,72141003,Servicios de mantenimiento de pistas y carreteras,UNSPSC
ocds-dgv273-seacev3-2026-226-2,ocds-dgv273-seacev3-2026-226-2-2026-06-05T10:29:41.997683-05:00,2398234,21235620,81101515,Ingeniería de infraestructura de plantas o instalaciones,UNSPSC
ocds-dgv273-seacev3-1196686,ocds-dgv273-seacev3-1196686-2026-06-05T10:29:41.857297-05:00,2398063,21224377,72153102,Servicios de construcción de campos deportivos interiores,UNSPSC
ocds-dgv273-seacev3-1192023,ocds-dgv273-seacev3-1192023-2026-06-05T10:29:41.380586-05:00,2383491,21212894,15121509,Aceite de frenos,UNSPSC
ocds-dgv273-seacev3-1199190,ocds-dgv273-seacev3-1199190-2026-06-05T10:29:40.808152-05:00,2398385,21230947,72152605,Servicios de montaje y reparación de techos,UNSPSC
ocds-dgv273-seacev3-1188516,ocds-dgv273-seacev3-1188516-2026-06-04T10:35:30.465984-05:00,2397879,21203759,85161501,Mantenimiento o reparación de bienes de equipo médico,UNSPSC
ocds-dgv273-seacev3-1197241,ocds-dgv273-seacev3-1197241-2026-06-04T10:35:30.442685-05:00,2397799,21225571,72121203,Servicios de construcción de silos y de edificaciones para servicio agrícola,UNSPSC
ocds-dgv273-seacev3-1201107,ocds-dgv273-seacev3-1201107-2026-06-04T10:35:29.591490-05:00,2397878,21237007,72141121,Servicios de construcción de tuberías principales de agua,UNSPSC
ocds-dgv273-seacev3-1201728,ocds-dgv273-seacev3-1201728-2026-06-04T10:35:29.166304-05:00,2397891,21238503,72141106,Servicios de construcción de caminos de grava o tierra,UNSPSC
ocds-dgv273-seacev3-1210085,ocds-dgv273-seacev3-1210085-2026-06-04T10:35:27.875580-05:00,2397945,21261177,72141121,Servicios de construcción de tuberías principales de agua,UNSPSC
ocds-dgv273-seacev3-2026-603-2,ocds-dgv273-seacev3-2026-603-2-2026-06-04T10:35:22.642648-05:00,2397827,21225749,50221101,Granos de cereal,UNSPSC
ocds-dgv273-seacev3-1197757,ocds-dgv273-seacev3-1197757-2026-06-04T10:35:22.382250-05:00,2397654,21226978,50192109,"Papas fritas en hojuelas y al hilo, mix de bocaditos o galletas saladas",UNSPSC
ocds-dgv273-seacev3-1198652,ocds-dgv273-seacev3-1198652-2026-06-04T10:35:21.753475-05:00,2397686,21229224,80131502,Alquiler de instalaciones comerciales o industriales,UNSPSC
ocds-dgv273-seacev3-2026-10484-1,ocds-dgv273-seacev3-2026-10484-1-2026-06-04T10:35:21.647235-05:00,2397898,21224878,83121703,Servicios relacionados con Internet,UNSPSC
ocds-dgv273-seacev3-1200405,ocds-dgv273-seacev3-1200405-2026-06-04T10:35:21.452668-05:00,2397645,21235005,80161504,Servicios de oficina,UNSPSC
ocds-dgv273-seacev3-2026-10484-3,ocds-dgv273-seacev3-2026-10484-3-2026-06-04T10:35:21.408154-05:00,2397919,21235306,92101501,Servicios de vigilancia,UNSPSC
ocds-dgv273-seacev3-1196236,ocds-dgv273-seacev3-1196236-2026-06-04T10:35:21.331288-05:00,2397722,21223256,81101508,Ingeniería arquitectónica,UNSPSC
ocds-dgv273-seacev3-1194777,ocds-dgv273-seacev3-1194777-2026-06-04T10:35:11.488124-05:00,2397772,21219856,78111804,Servicios de taxi,UNSPSC
ocds-dgv273-seacev3-2026-200248-6,ocds-dgv273-seacev3-2026-200248-6-2026-06-04T10:35:11.444401-05:00,2388071,21230936,72141003,Servicios de mantenimiento de pistas y carreteras,UNSPSC
ocds-dgv273-seacev3-2026-10405-1,ocds-dgv273-seacev3-2026-10405-1-2026-06-04T10:35:11.428279-05:00,2397705,21231209,25101901,Tractores agrícolas,UNSPSC
ocds-dgv273-seacev3-2026-200139-1,ocds-dgv273-seacev3-2026-200139-1-2026-06-04T10:35:11.178108-05:00,2397791,21233227,92101501,Servicios de vigilancia,UNSPSC
ocds-dgv273-seacev3-1200135,ocds-dgv273-seacev3-1200135-2026-06-04T10:35:11.064763-05:00,2385211,21233817,78111808,Alquiler de vehículos,UNSPSC
ocds-dgv273-seacev3-1194211,ocds-dgv273-seacev3-1194211-2026-06-04T10:35:10.761144-05:00,2397991,21218405,80131502,Alquiler de instalaciones comerciales o industriales,UNSPSC
ocds-dgv273-seacev3-1211209,ocds-dgv273-seacev3-1211209-2026-06-04T10:35:01.045651-05:00,2397684,21264878,49121603,Catres plegables para campamento,UNSPSC
ocds-dgv273-seacev3-2026-200248-8,ocds-dgv273-seacev3-2026-200248-8-2026-06-04T10:35:00.657257-05:00,2388074,21230984,72141003,Servicios de mantenimiento de pistas y carreteras,UNSPSC
ocds-dgv273-seacev3-2026-200248-7,ocds-dgv273-seacev3-2026-200248-7-2026-06-04T10:35:00.640820-05:00,2388082,21230957,72141003,Servicios de mantenimiento de pistas y carreteras,UNSPSC
ocds-dgv273-seacev3-1200970,ocds-dgv273-seacev3-1200970-2026-06-04T10:35:00.203475-05:00,2397689,21236376,78111808,Alquiler de vehículos,UNSPSC
ocds-dgv273-seacev3-2026-2543-588,ocds-dgv273-seacev3-2026-2543-588-2026-06-04T10:34:59.361884-05:00,2397660,21227853,78101802,Servicios de transporte regional o nacional en camión,UNSPSC
ocds-dgv273-seacev3-2026-200192-316,ocds-dgv273-seacev3-2026-200192-316-2026-06-04T10:34:59.306930-05:00,2395901,21220526,53102799,Uniformes,UNSPSC
ocds-dgv273-seacev3-2026-200192-316,ocds-dgv273-seacev3-2026-200192-316-2026-06-04T10:34:59.306930-05:00,2395958,21220348,53102799,Uniformes,UNSPSC
ocds-dgv273-seacev3-2026-200192-316,ocds-dgv273-seacev3-2026-200192-316-2026-06-04T10:34:59.306930-05:00,2398036,21220907,53101602,Camisas para caballeros,UNSPSC
ocds-dgv273-seacev3-1199136,ocds-dgv273-seacev3-1199136-2026-06-04T10:34:49.279829-05:00,2397855,21230901,30121601,Asfalto,UNSPSC
ocds-dgv273-seacev3-2026-10568-6,ocds-dgv273-seacev3-2026-10568-6-2026-06-04T10:34:49.105963-05:00,2398012,21225648,72141003,Servicios de mantenimiento de pistas y carreteras,UNSPSC
ocds-dgv273-seacev3-1197196,ocds-dgv273-seacev3-1197196-2026-06-04T10:34:48.356649-05:00,2397817,21225531,72121203,Servicios de construcción de silos y de edificaciones para servicio agrícola,UNSPSC
ocds-dgv273-seacev3-2026-1510-16,ocds-dgv273-seacev3-2026-1510-16-2026-06-04T10:34:48.339066-05:00,2397869,21219492,81101510,Ingeniería de carreteras,UNSPSC
ocds-dgv273-seacev3-1201102,ocds-dgv273-seacev3-1201102-2026-06-04T10:34:47.745739-05:00,2397696,21236784,72121406,Servicios de construcción de escuelas,UNSPSC
ocds-dgv273-seacev3-2026-200248-5,ocds-dgv273-seacev3-2026-200248-5-2026-06-04T10:34:47.616695-05:00,2388067,21230974,72141003,Servicios de mantenimiento de pistas y carreteras,UNSPSC
ocds-dgv273-seacev3-1200818,ocds-dgv273-seacev3-1200818-2026-06-04T10:34:38.021585-05:00,2397824,21235898,72141121,Servicios de construcción de tuberías principales de agua,UNSPSC
ocds-dgv273-seacev3-2026-200248-9,ocds-dgv273-seacev3-2026-200248-9-2026-06-04T10:34:37.708724-05:00,2388079,21230996,72141003,Servicios de mantenimiento de pistas y carreteras,UNSPSC
ocds-dgv273-seacev3-1197658,ocds-dgv273-seacev3-1197658-2026-06-04T10:34:37.619738-05:00,2397894,21226539,81101508,Ingeniería arquitectónica,UNSPSC
ocds-dgv273-seacev3-1198740,ocds-dgv273-seacev3-1198740-2026-06-04T10:34:36.746917-05:00,2397787,21229714,81101515,Ingeniería de infraestructura de plantas o instalaciones,UNSPSC
ocds-dgv273-seacev3-2026-200248-4,ocds-dgv273-seacev3-2026-200248-4-2026-06-04T10:34:35.836332-05:00,2388064,21230949,72141003,Servicios de mantenimiento de pistas y carreteras,UNSPSC
ocds-dgv273-seacev3-1197157,ocds-dgv273-seacev3-1197157-2026-06-04T10:34:26.608497-05:00,2397778,21225429,72121203,Servicios de construcción de silos y de edificaciones para servicio agrícola,UNSPSC
ocds-dgv273-seacev3-1192752,ocds-dgv273-seacev3-1192752-2026-06-04T10:34:26.204766-05:00,2390688,21214633,81101508,Ingeniería arquitectónica,UNSPSC
ocds-dgv273-seacev3-1199533,ocds-dgv273-seacev3-1199533-2026-06-04T10:34:26.160387-05:00,2397965,21231750,80131502,Alquiler de instalaciones comerciales o industriales,UNSPSC
ocds-dgv273-seacev3-1200981,ocds-dgv273-seacev3-1200981-2026-06-04T10:34:26.079783-05:00,2397856,21236400,41116106,Tiras o papeles para pruebas de productos químicos,UNSPSC
ocds-dgv273-seacev3-2026-2543-600,ocds-dgv273-seacev3-2026-2543-600-2026-06-04T10:34:25.522518-05:00,2397670,21227314,77111602,Servicios de descontaminación ambiental,UNSPSC
ocds-dgv273-seacev3-1200470,ocds-dgv273-seacev3-1200470-2026-06-04T10:34:25.094651-05:00,2397667,21234922,50131702,Leche o productos de mantequilla estables sin refrigerar,UNSPSC
ocds-dgv273-seacev3-2026-877-1,ocds-dgv273-seacev3-2026-877-1-2026-06-04T10:34:14.256541-05:00,2397759,21218055,81101515,Ingeniería de infraestructura de plantas o instalaciones,UNSPSC
ocds-dgv273-seacev3-1200153,ocds-dgv273-seacev3-1200153-2026-06-04T10:34:14.059567-05:00,2397712,21233820,81101515,Ingeniería de infraestructura de plantas o instalaciones,UNSPSC
ocds-dgv273-seacev3-1193827,ocds-dgv273-seacev3-1193827-2026-06-04T10:34:13.899193-05:00,2396343,21217588,50131702,Leche o productos de mantequilla estables sin refrigerar,UNSPSC
ocds-dgv273-seacev3-1197970,ocds-dgv273-seacev3-1197970-2026-06-03T10:34:56.964723-05:00,2397639,21227445,72121105,Servicios de construcción de centros comerciales y galerías,UNSPSC
ocds-dgv273-seacev3-1201372,ocds-dgv273-seacev3-1201372-2026-06-03T10:34:56.628301-05:00,2397428,21237713,81101508,Ingeniería arquitectónica,UNSPSC
ocds-dgv273-seacev3-1194312,ocds-dgv273-seacev3-1194312-2026-06-03T10:34:56.467656-05:00,2397476,21218786,72141001,Servicios de construcción de pistas y carreteras nuevas,UNSPSC
ocds-dgv273-seacev3-1201605,ocds-dgv273-seacev3-1201605-2026-06-03T10:34:55.884019-05:00,2397258,21238244,72153102,Servicios de construcción de campos deportivos interiores,UNSPSC
ocds-dgv273-seacev3-1194343,ocds-dgv273-seacev3-1194343-2026-06-03T10:34:55.545192-05:00,2391609,21218821,72121411,Servicio de construcción de centros para convenciones,UNSPSC
ocds-dgv273-seacev3-1200904,ocds-dgv273-seacev3-1200904-2026-06-03T10:34:55.473696-05:00,2397641,21236256,72141003,Servicios de mantenimiento de pistas y carreteras,UNSPSC
ocds-dgv273-seacev3-1201260,ocds-dgv273-seacev3-1201260-2026-06-03T10:34:48.306733-05:00,2397643,21237130,80131502,Alquiler de instalaciones comerciales o industriales,UNSPSC
ocds-dgv273-seacev3-1195870,ocds-dgv273-seacev3-1195870-2026-06-03T10:34:47.744792-05:00,2397558,21222620,76111501,Servicios de limpieza de edificios,UNSPSC
ocds-dgv273-seacev3-1194086,ocds-dgv273-seacev3-1194086-2026-06-03T10:34:47.506366-05:00,2390752,21218111,80131502,Alquiler de instalaciones comerciales o industriales,UNSPSC
ocds-dgv273-seacev3-2026-705-8,ocds-dgv273-seacev3-2026-705-8-2026-06-03T10:34:36.599562-05:00,2397306,21219881,72141001,Servicios de construcción de pistas y carreteras nuevas,UNSPSC
ocds-dgv273-seacev3-2026-310-1,ocds-dgv273-seacev3-2026-310-1-2026-06-03T10:34:36.549629-05:00,2396604,21225020,72121101,Servicios de construcción de nuevos edificios comerciales y de oficinas,UNSPSC
ocds-dgv273-seacev3-2026-200085-1,ocds-dgv273-seacev3-2026-200085-1-2026-06-03T10:34:35.996120-05:00,2397549,21227007,50131702,Leche o productos de mantequilla estables sin refrigerar,UNSPSC
ocds-dgv273-seacev3-1200482,ocds-dgv273-seacev3-1200482-2026-06-03T10:34:25.939468-05:00,2396384,21234933,81101508,Ingeniería arquitectónica,UNSPSC
ocds-dgv273-seacev3-1199030,ocds-dgv273-seacev3-1199030-2026-06-03T10:34:25.860405-05:00,2396939,21230652,72121408,Servicios de construcción de estadios,UNSPSC
ocds-dgv273-seacev3-1200639,ocds-dgv273-seacev3-1200639-2026-06-03T10:34:25.746073-05:00,2397346,21235394,81101515,Ingeniería de infraestructura de plantas o instalaciones,UNSPSC
ocds-dgv273-seacev3-2026-200190-134,ocds-dgv273-seacev3-2026-200190-134-2026-06-03T10:34:25.619724-05:00,2397467,21238299,78101803,Servicios de transporte de vehículos,UNSPSC
ocds-dgv273-seacev3-1201898,ocds-dgv273-seacev3-1201898-2026-06-03T10:34:25.477438-05:00,2397509,21241219,72151502,Servicios de instalación de sistemas de energía eléctrica,UNSPSC
ocds-dgv273-seacev3-2026-11-26,ocds-dgv273-seacev3-2026-11-26-2026-06-03T10:34:24.729448-05:00,2397409,21229056,78111808,Alquiler de vehículos,UNSPSC
ocds-dgv273-seacev3-2026-1983-6,ocds-dgv273-seacev3-2026-1983-6-2026-06-03T10:34:24.653426-05:00,2397282,21227672,92101501,Servicios de vigilancia,UNSPSC
ocds-dgv273-seacev3-2026-48-21,ocds-dgv273-seacev3-2026-48-21-2026-06-03T10:34:15.043245-05:00,2397358,21222570,72121406,Servicios de construcción de escuelas,UNSPSC
ocds-dgv273-seacev3-1195721,ocds-dgv273-seacev3-1195721-2026-06-03T10:34:03.699975-05:00,2397492,21222356,72121406,Servicios de construcción de escuelas,UNSPSC
ocds-dgv273-seacev3-1195511,ocds-dgv273-seacev3-1195511-2026-06-03T10:34:03.293703-05:00,2397568,21221846,72141106,Servicios de construcción de caminos de grava o tierra,UNSPSC
ocds-dgv273-seacev3-1198219,ocds-dgv273-seacev3-1198219-2026-06-03T10:34:02.693872-05:00,2397596,21228046,80131502,Alquiler de instalaciones comerciales o industriales,UNSPSC
ocds-dgv273-seacev3-1199011,ocds-dgv273-seacev3-1199011-2026-06-03T10:33:52.941415-05:00,2383582,21230642,78111808,Alquiler de vehículos,UNSPSC
ocds-dgv273-seacev3-1201412,ocds-dgv273-seacev3-1201412-2026-06-03T10:33:41.523318-05:00,2397477,21237714,81101508,Ingeniería arquitectónica,UNSPSC
ocds-dgv273-seacev3-1192441,ocds-dgv273-seacev3-1192441-2026-06-03T10:33:40.550820-05:00,2384619,21213904,81101515,Ingeniería de infraestructura de plantas o instalaciones,UNSPSC
ocds-dgv273-seacev3-2026-998-1,ocds-dgv273-seacev3-2026-998-1-2026-06-03T10:33:40.521963-05:00,2397563,21215329,15101505,Diesel,UNSPSC
ocds-dgv273-seacev3-1199895,ocds-dgv273-seacev3-1199895-2026-06-03T10:33:40.257472-05:00,2397576,21233123,30141701,Capa de sellado de plancha de asfalto,UNSPSC
ocds-dgv273-seacev3-1199679,ocds-dgv273-seacev3-1199679-2026-06-03T10:33:40.226096-05:00,2397303,21232503,50424501,Lentejas secas,UNSPSC
ocds-dgv273-seacev3-1197609,ocds-dgv273-seacev3-1197609-2026-06-03T10:33:40.211187-05:00,2397321,21226479,78181847,Seguro especializado para aeronaves de ala fija,UNSPSC
ocds-dgv273-seacev3-2026-6-49,ocds-dgv273-seacev3-2026-6-49-2026-06-03T10:33:40.110648-05:00,2397274,21241434,26131801,Paneles de control eléctrico para generadores,UNSPSC
ocds-dgv273-seacev3-1198835,ocds-dgv273-seacev3-1198835-2026-06-03T10:33:39.910601-05:00,2397337,21229999,81101508,Ingeniería arquitectónica,UNSPSC
ocds-dgv273-seacev3-1199240,ocds-dgv273-seacev3-1199240-2026-06-02T10:23:01.516167-05:00,2397239,21231006,15101505,Diesel,UNSPSC
ocds-dgv273-seacev3-1216255,ocds-dgv273-seacev3-1216255-2026-05-31T10:15:02.423019-05:00,2396933,21279598,24101601,Ascensores,UNSPSC
ocds-dgv273-seacev3-1201006,ocds-dgv273-seacev3-1201006-2026-05-31T10:14:58.528690-05:00,2397161,21236675,72121406,Servicios de construcción de escuelas,UNSPSC
ocds-dgv273-seacev3-1192732,ocds-dgv273-seacev3-1192732-2026-05-31T10:14:58.404159-05:00,2397088,21214581,76111501,Servicios de limpieza de edificios,UNSPSC
ocds-dgv273-seacev3-1201570,ocds-dgv273-seacev3-1201570-2026-05-31T10:14:58.282396-05:00,2397069,21238002,93131608,Servicios de suministro de alimentos,UNSPSC
ocds-dgv273-seacev3-2026-857-1,ocds-dgv273-seacev3-2026-857-1-2026-05-31T10:14:58.267308-05:00,2396977,21223151,50131701,Leche fresca y productos de mantequilla,UNSPSC
ocds-dgv273-seacev3-1192211,ocds-dgv273-seacev3-1192211-2026-05-31T10:14:57.634445-05:00,2396913,21213533,30111601,Cemento,UNSPSC
ocds-dgv273-seacev3-2026-200022-42,ocds-dgv273-seacev3-2026-200022-42-2026-05-31T10:14:50.791851-05:00,2396983,21239625,92101501,Servicios de vigilancia,UNSPSC
ocds-dgv273-seacev3-2026-20002-44,ocds-dgv273-seacev3-2026-20002-44-2026-05-31T10:14:50.422369-05:00,2396955,21226519,41116108,Kits o suministros para pruebas de coagulación,UNSPSC
ocds-dgv273-seacev3-1201730,ocds-dgv273-seacev3-1201730-2026-05-31T10:14:50.116115-05:00,2389084,21238505,91111603,Servicios de cocina o preparación de comidas,UNSPSC
ocds-dgv273-seacev3-1199937,ocds-dgv273-seacev3-1199937-2026-05-31T10:14:49.956020-05:00,2397082,21233187,83101804,Servicios de transmisión de energía eléctrica,UNSPSC
ocds-dgv273-seacev3-1197494,ocds-dgv273-seacev3-1197494-2026-05-31T10:14:49.766062-05:00,2397188,21226194,72141121,Servicios de construcción de tuberías principales de agua,UNSPSC
ocds-dgv273-seacev3-2026-200013-2,ocds-dgv273-seacev3-2026-200013-2-2026-05-31T10:14:49.552204-05:00,2394049,21215515,91111603,Servicios de cocina o preparación de comidas,UNSPSC
ocds-dgv273-seacev3-2026-209149-4,ocds-dgv273-seacev3-2026-209149-4-2026-05-31T10:14:40.394154-05:00,2384972,21232752,80101604,Administración o planificación de proyectos,UNSPSC
ocds-dgv273-seacev3-2026-1252-1,ocds-dgv273-seacev3-2026-1252-1-2026-05-31T10:14:39.812391-05:00,2397137,21232733,22101526,Excavadoras sobre orugas,UNSPSC
ocds-dgv273-seacev3-1201841,ocds-dgv273-seacev3-1201841-2026-05-31T10:14:39.646458-05:00,2397030,21241081,42201712,Unidades de ecografía o ecografía de pulso o doppler o ultrasonido médico para uso diagnóstico general,UNSPSC
ocds-dgv273-seacev3-1195119,ocds-dgv273-seacev3-1195119-2026-05-31T10:14:39.578439-05:00,2396995,21221029,78181847,Seguro especializado para aeronaves de ala fija,UNSPSC
ocds-dgv273-seacev3-1190940,ocds-dgv273-seacev3-1190940-2026-05-31T10:14:39.365679-05:00,2397180,21210223,72121008,Servicios de construcción y remodelación de almacenes,UNSPSC
ocds-dgv273-seacev3-1194904,ocds-dgv273-seacev3-1194904-2026-05-31T10:14:39.186079-05:00,2386244,21220250,72141107,Servicios de construcción y reparación de puentes,UNSPSC
ocds-dgv273-seacev3-1194786,ocds-dgv273-seacev3-1194786-2026-05-31T10:14:39.131064-05:00,2397041,21220127,72121403,Servicios de construcción de hospitales,UNSPSC
ocds-dgv273-seacev3-2026-200013-3,ocds-dgv273-seacev3-2026-200013-3-2026-05-31T10:14:39.093838-05:00,2391502,21213574,83121703,Servicios relacionados con Internet,UNSPSC
ocds-dgv273-seacev3-1199331,ocds-dgv273-seacev3-1199331-2026-05-31T10:14:38.966556-05:00,2396967,21231220,43233511,Software de servicios basados en la localización para móviles,UNSPSC
ocds-dgv273-seacev3-1200310,ocds-dgv273-seacev3-1200310-2026-05-31T10:14:38.952483-05:00,2396996,21234612,80101505,Desarrollo de objetivos o políticas corporativas,UNSPSC
ocds-dgv273-seacev3-1201620,ocds-dgv273-seacev3-1201620-2026-05-31T10:14:38.938327-05:00,2384593,21238282,78111802,Servicios programados de autobús,UNSPSC
ocds-dgv273-seacev3-1197793,ocds-dgv273-seacev3-1197793-2026-05-31T10:14:38.885604-05:00,2397005,21227076,72141003,Servicios de mantenimiento de pistas y carreteras,UNSPSC
ocds-dgv273-seacev3-2026-1898-10,ocds-dgv273-seacev3-2026-1898-10-2026-05-31T10:14:38.683563-05:00,2392277,21217957,72151506,Servicios de instalación de tableros de distribución y dispositivos relacionados,UNSPSC
ocds-dgv273-seacev3-2026-1898-10,ocds-dgv273-seacev3-2026-1898-10-2026-05-31T10:14:38.683563-05:00,2392332,21217956,73152108,Servicio de reparación y mantenimiento de equipo eléctrico,UNSPSC
ocds-dgv273-seacev3-1219116,ocds-dgv273-seacev3-1219116-2026-05-31T10:14:33.598856-05:00,2397024,21288401,80111503,Relaciones laborales o sindicales,UNSPSC
ocds-dgv273-seacev3-1216124,ocds-dgv273-seacev3-1216124-2026-05-31T10:14:31.242260-05:00,2396910,21278680,41115816,Accesorios o suministros de analizadores hematológicos,UNSPSC
ocds-dgv273-seacev3-1194457,ocds-dgv273-seacev3-1194457-2026-05-31T10:14:30.241490-05:00,2397170,21219398,24101715,Faja transportadora,UNSPSC
ocds-dgv273-seacev3-1199379,ocds-dgv273-seacev3-1199379-2026-05-31T10:14:30.101594-05:00,2396959,21231302,12141903,Nitrógeno (N),UNSPSC
ocds-dgv273-seacev3-1200077,ocds-dgv273-seacev3-1200077-2026-05-31T10:14:29.866156-05:00,2394593,21233672,30102403,Varillas de hierro,UNSPSC
ocds-dgv273-seacev3-1200077,ocds-dgv273-seacev3-1200077-2026-05-31T10:14:29.866156-05:00,2394593,21233671,30102403,Varillas de hierro,UNSPSC
ocds-dgv273-seacev3-1200077,ocds-dgv273-seacev3-1200077-2026-05-31T10:14:29.866156-05:00,2397023,21233670,30102403,Varillas de hierro,UNSPSC
ocds-dgv273-seacev3-2026-200190-111,ocds-dgv273-seacev3-2026-200190-111-2026-05-31T10:14:29.589699-05:00,2396917,21228632,41113711,Analizadores de sistemas,UNSPSC
ocds-dgv273-seacev3-2026-745-3,ocds-dgv273-seacev3-2026-745-3-2026-05-31T10:14:29.462242-05:00,2396992,21226852,93131608,Servicios de suministro de alimentos,UNSPSC
ocds-dgv273-seacev3-1194060,ocds-dgv273-seacev3-1194060-2026-05-31T10:14:29.395122-05:00,2397191,21217994,51131603,Heparina sódica,UNSPSC
ocds-dgv273-seacev3-1194308,ocds-dgv273-seacev3-1194308-2026-05-31T10:14:29.334344-05:00,2396878,21218740,72121203,Servicios de construcción de silos y de edificaciones para servicio agrícola,UNSPSC
ocds-dgv273-seacev3-2026-30-4,ocds-dgv273-seacev3-2026-30-4-2026-05-31T10:14:20.109249-05:00,2397210,21235837,82121801,Publicación de investigaciones o libros de texto,UNSPSC
ocds-dgv273-seacev3-2026-2541-35,ocds-dgv273-seacev3-2026-2541-35-2026-05-31T10:14:19.812262-05:00,2397213,21236962,83111603,Servicios de telefonía móvil,UNSPSC
ocds-dgv273-seacev3-1200907,ocds-dgv273-seacev3-1200907-2026-05-31T10:14:19.796691-05:00,2396918,21236264,50131702,Leche o productos de mantequilla estables sin refrigerar,UNSPSC
ocds-dgv273-seacev3-1200505,ocds-dgv273-seacev3-1200505-2026-05-31T10:14:19.589474-05:00,2396930,21234966,50192703,Comidas combinadas estables sin refrigerar,UNSPSC
ocds-dgv273-seacev3-1194641,ocds-dgv273-seacev3-1194641-2026-05-31T10:14:19.528553-05:00,2397103,21224985,72151502,Servicios de instalación de sistemas de energía eléctrica,UNSPSC
ocds-dgv273-seacev3-1198335,ocds-dgv273-seacev3-1198335-2026-05-30T10:23:09.314445-05:00,2396643,21228421,72141003,Servicios de mantenimiento de pistas y carreteras,UNSPSC
ocds-dgv273-seacev3-2026-1994-8,ocds-dgv273-seacev3-2026-1994-8-2026-05-30T10:23:01.806927-05:00,2396610,21220143,83111603,Servicios de telefonía móvil,UNSPSC
ocds-dgv273-seacev3-1193163,ocds-dgv273-seacev3-1193163-2026-05-30T10:23:01.518276-05:00,2396700,21215669,72154028,Servicios de instalación y mantenimiento de señales,UNSPSC
ocds-dgv273-seacev3-1199463,ocds-dgv273-seacev3-1199463-2026-05-30T10:23:01.144536-05:00,2396508,21231678,92101805,Procesos de apelación o revisiones judiciales,UNSPSC
ocds-dgv273-seacev3-1198330,ocds-dgv273-seacev3-1198330-2026-05-30T10:23:00.942962-05:00,2396640,21228352,72141003,Servicios de mantenimiento de pistas y carreteras,UNSPSC
ocds-dgv273-seacev3-2026-200260-17,ocds-dgv273-seacev3-2026-200260-17-2026-05-30T10:23:00.594337-05:00,2396463,21238706,92101501,Servicios de vigilancia,UNSPSC
ocds-dgv273-seacev3-1198370,ocds-dgv273-seacev3-1198370-2026-05-30T10:23:00.493113-05:00,2396626,21228410,72141003,Servicios de mantenimiento de pistas y carreteras,UNSPSC
ocds-dgv273-seacev3-1200857,ocds-dgv273-seacev3-1200857-2026-05-30T10:23:00.468394-05:00,2396439,21236218,77111602,Servicios de descontaminación ambiental,UNSPSC
ocds-dgv273-seacev3-1196423,ocds-dgv273-seacev3-1196423-2026-05-30T10:22:50.559347-05:00,2396311,21223638,42231801,Fórmulas suplementarias de adulto para uso general,UNSPSC
ocds-dgv273-seacev3-1196423,ocds-dgv273-seacev3-1196423-2026-05-30T10:22:50.559347-05:00,2396437,21223850,42231801,Fórmulas suplementarias de adulto para uso general,UNSPSC
ocds-dgv273-seacev3-1196423,ocds-dgv273-seacev3-1196423-2026-05-30T10:22:50.559347-05:00,2396437,21223637,42231801,Fórmulas suplementarias de adulto para uso general,UNSPSC
ocds-dgv273-seacev3-1196423,ocds-dgv273-seacev3-1196423-2026-05-30T10:22:50.559347-05:00,2396437,21223635,42231806,Alimento nutritivo médico o espesadores de líquido,UNSPSC
ocds-dgv273-seacev3-1192736,ocds-dgv273-seacev3-1192736-2026-05-30T10:22:50.338793-05:00,2396724,21214593,11111701,Arena silícea,UNSPSC
ocds-dgv273-seacev3-2026-1003033627-3,ocds-dgv273-seacev3-2026-1003033627-3-2026-05-30T10:22:49.759408-05:00,2396466,21230198,42131607,Chaquetas o batas para personal médico,UNSPSC
ocds-dgv273-seacev3-2026-1510-6,ocds-dgv273-seacev3-2026-1510-6-2026-05-30T10:22:49.603494-05:00,2396495,21237008,10101601,Pollos vivos,UNSPSC
ocds-dgv273-seacev3-1199898,ocds-dgv273-seacev3-1199898-2026-05-30T10:22:49.266351-05:00,2396545,21232976,84131503,Seguro de automóviles o camiones,UNSPSC
ocds-dgv273-seacev3-1201419,ocds-dgv273-seacev3-1201419-2026-05-30T10:22:49.131762-05:00,2395552,21237818,45111812,Pantalla de información visual,UNSPSC
ocds-dgv273-seacev3-2026-270-31,ocds-dgv273-seacev3-2026-270-31-2026-05-30T10:22:49.097048-05:00,2396816,21226025,72141003,Servicios de mantenimiento de pistas y carreteras,UNSPSC
ocds-dgv273-seacev3-1192670,ocds-dgv273-seacev3-1192670-2026-05-30T10:22:49.034065-05:00,2396797,21214506,50221108,Grano de arroz,UNSPSC
ocds-dgv273-seacev3-2026-1191-9,ocds-dgv273-seacev3-2026-1191-9-2026-05-30T10:22:48.944368-05:00,2396577,21234909,50131702,Leche o productos de mantequilla estables sin refrigerar,UNSPSC
ocds-dgv273-seacev3-1197785,ocds-dgv273-seacev3-1197785-2026-05-30T10:22:48.748792-05:00,2394378,21226979,81101508,Ingeniería arquitectónica,UNSPSC
ocds-dgv273-seacev3-1213468,ocds-dgv273-seacev3-1213468-2026-05-30T10:22:43.579149-05:00,2396835,21270816,82121507,Impresión de formularios comerciales o papelería,UNSPSC
ocds-dgv273-seacev3-2026-6-50,ocds-dgv273-seacev3-2026-6-50-2026-05-30T10:22:39.887111-05:00,2396606,21241534,26121613,Cable aislado o forrado,UNSPSC
ocds-dgv273-seacev3-2026-20002-40,ocds-dgv273-seacev3-2026-20002-40-2026-05-30T10:22:39.753530-05:00,2396573,21235965,41116205,Kits de ensayos rápidos,UNSPSC
ocds-dgv273-seacev3-2026-1983-40,ocds-dgv273-seacev3-2026-1983-40-2026-05-30T10:22:39.678862-05:00,2396595,21241531,23101599,"Maquinaria para trabajar madera, piedra, cerámica y similares",UNSPSC
ocds-dgv273-seacev3-1199205,ocds-dgv273-seacev3-1199205-2026-05-30T10:22:38.632613-05:00,2396812,21230948,41111931,Sensores de caudal,UNSPSC
ocds-dgv273-seacev3-1198413,ocds-dgv273-seacev3-1198413-2026-05-30T10:22:38.146233-05:00,2396692,21228488,72121101,Servicios de construcción de nuevos edificios comerciales y de oficinas,UNSPSC
ocds-dgv273-seacev3-2026-2379-42,ocds-dgv273-seacev3-2026-2379-42-2026-05-30T10:22:28.626021-05:00,2396858,21231342,80101505,Desarrollo de objetivos o políticas corporativas,UNSPSC
ocds-dgv273-seacev3-2026-200190-176,ocds-dgv273-seacev3-2026-200190-176-2026-05-30T10:22:28.609695-05:00,2396781,21234645,80111607,Necesidad de personal legal temporal,UNSPSC
ocds-dgv273-seacev3-2026-2379-43,ocds-dgv273-seacev3-2026-2379-43-2026-05-30T10:22:28.498517-05:00,2396860,21230200,77101505,Monitoreo ambiental,UNSPSC
ocds-dgv273-seacev3-1193847,ocds-dgv273-seacev3-1193847-2026-05-30T10:22:28.360328-05:00,2384437,21217676,30111601,Cemento,UNSPSC
ocds-dgv273-seacev3-1195278,ocds-dgv273-seacev3-1195278-2026-05-30T10:22:28.172658-05:00,2396772,21221219,10151704,Semillas o plántulas de césped,UNSPSC
ocds-dgv273-seacev3-1197859,ocds-dgv273-seacev3-1197859-2026-05-30T10:22:28.028586-05:00,2396856,21227134,72141106,Servicios de construcción de caminos de grava o tierra,UNSPSC
ocds-dgv273-seacev3-2026-10195-3,ocds-dgv273-seacev3-2026-10195-3-2026-05-30T10:22:27.602286-05:00,2396706,21230178,81112102,Proveedor de servicio de correo electrónico,UNSPSC
ocds-dgv273-seacev3-1198286,ocds-dgv273-seacev3-1198286-2026-05-30T10:22:27.382064-05:00,2396635,21228189,72141003,Servicios de mantenimiento de pistas y carreteras,UNSPSC
ocds-dgv273-seacev3-1198844,ocds-dgv273-seacev3-1198844-2026-05-30T10:22:27.194356-05:00,2396482,21229962,81112401,Alquiler de hardware de computación,UNSPSC
ocds-dgv273-seacev3-1191984,ocds-dgv273-seacev3-1191984-2026-05-30T10:22:16.660826-05:00,2396580,21212848,72141121,Servicios de construcción de tuberías principales de agua,UNSPSC
ocds-dgv273-seacev3-2026-2543-894,ocds-dgv273-seacev3-2026-2543-894-2026-05-30T10:22:05.826504-05:00,2396432,21232849,72103301,"Servicios, reparación o mantenimiento de vías o de áreas de estacionamientos",UNSPSC
ocds-dgv273-seacev3-1198364,ocds-dgv273-seacev3-1198364-2026-05-30T10:22:05.648384-05:00,2396558,21228404,72141003,Servicios de mantenimiento de pistas y carreteras,UNSPSC
ocds-dgv273-seacev3-2026-200029-55,ocds-dgv273-seacev3-2026-200029-55-2026-05-30T10:22:05.621209-05:00,2396662,21230686,85121504,Servicios médicos de emergencia de médicos de atenciòn primaria,UNSPSC
ocds-dgv273-seacev3-2026-200190-49,ocds-dgv273-seacev3-2026-200190-49-2026-05-30T10:22:05.322947-05:00,2396748,21219640,80111616,Personal temporal de servicio al cliente,UNSPSC
ocds-dgv273-seacev3-2026-200030-35,ocds-dgv273-seacev3-2026-200030-35-2026-05-30T10:21:55.727209-05:00,2396743,21234684,81101510,Ingeniería de carreteras,UNSPSC
ocds-dgv273-seacev3-1199505,ocds-dgv273-seacev3-1199505-2026-05-30T10:21:55.428560-05:00,2396793,21231710,46181604,Botas de seguridad,UNSPSC
ocds-dgv273-seacev3-1196913,ocds-dgv273-seacev3-1196913-2026-05-30T10:21:55.108390-05:00,2396859,21224915,50121538,Pescado estable sin refrigerar,UNSPSC
ocds-dgv273-seacev3-1208687,ocds-dgv273-seacev3-1208687-2026-05-30T10:21:54.954221-05:00,2396514,21257507,72141003,Servicios de mantenimiento de pistas y carreteras,UNSPSC
ocds-dgv273-seacev3-1197807,ocds-dgv273-seacev3-1197807-2026-05-30T10:21:54.724204-05:00,2396722,21226960,84131601,Seguro de vida,UNSPSC
ocds-dgv273-seacev3-1193217,ocds-dgv273-seacev3-1193217-2026-05-30T10:21:54.413488-05:00,2396828,21215963,78111808,Alquiler de vehículos,UNSPSC
ocds-dgv273-seacev3-1200520,ocds-dgv273-seacev3-1200520-2026-05-30T10:21:54.287418-05:00,2390665,21234986,10171505,Nutriente foliar,UNSPSC
ocds-dgv273-seacev3-1193125,ocds-dgv273-seacev3-1193125-2026-05-29T10:32:53.780474-05:00,2396105,21215545,73181004,Servicios de fresado químico,UNSPSC
ocds-dgv273-seacev3-1198360,ocds-dgv273-seacev3-1198360-2026-05-29T10:32:53.441613-05:00,2396302,21228395,72141003,Servicios de mantenimiento de pistas y carreteras,UNSPSC
ocds-dgv273-seacev3-1196341,ocds-dgv273-seacev3-1196341-2026-05-29T10:32:52.482089-05:00,2396405,21223556,80131502,Alquiler de instalaciones comerciales o industriales,UNSPSC
ocds-dgv273-seacev3-1211876,ocds-dgv273-seacev3-1211876-2026-05-29T10:32:46.784650-05:00,2396336,21267134,11111611,Grava,UNSPSC
ocds-dgv273-seacev3-1201255,ocds-dgv273-seacev3-1201255-2026-05-29T10:32:44.386827-05:00,2386088,21237189,78111802,Servicios programados de autobús,UNSPSC
ocds-dgv273-seacev3-1192117,ocds-dgv273-seacev3-1192117-2026-05-29T10:32:42.720498-05:00,2396144,21213434,72121403,Servicios de construcción de hospitales,UNSPSC
ocds-dgv273-seacev3-1192586,ocds-dgv273-seacev3-1192586-2026-05-29T10:32:42.629889-05:00,2396011,21214063,78102203,"Servicios de envío, recojo o entrega de correspondencia",UNSPSC
ocds-dgv273-seacev3-2026-270-6,ocds-dgv273-seacev3-2026-270-6-2026-05-29T10:32:42.612579-05:00,2396276,21229671,72152602,Servicios de canaletas y bajadas de agua,UNSPSC
ocds-dgv273-seacev3-1192918,ocds-dgv273-seacev3-1192918-2026-05-29T10:32:42.545377-05:00,2395876,21214960,81101507,Ingeniería de presas,UNSPSC
ocds-dgv273-seacev3-1201547,ocds-dgv273-seacev3-1201547-2026-05-29T10:32:33.530825-05:00,2396348,21237999,81101508,Ingeniería arquitectónica,UNSPSC
ocds-dgv273-seacev3-1194473,ocds-dgv273-seacev3-1194473-2026-05-29T10:32:33.515482-05:00,2396296,21219255,81101508,Ingeniería arquitectónica,UNSPSC
ocds-dgv273-seacev3-1205278,ocds-dgv273-seacev3-1205278-2026-05-29T10:32:33.096829-05:00,2396015,21248859,72141003,Servicios de mantenimiento de pistas y carreteras,UNSPSC
ocds-dgv273-seacev3-1198147,ocds-dgv273-seacev3-1198147-2026-05-29T10:32:33.062651-05:00,2396264,21227906,10101516,Ganado vacuno,UNSPSC
ocds-dgv273-seacev3-1192158,ocds-dgv273-seacev3-1192158-2026-05-29T10:32:32.600319-05:00,2396277,21213263,72141121,Servicios de construcción de tuberías principales de agua,UNSPSC
ocds-dgv273-seacev3-1199834,ocds-dgv273-seacev3-1199834-2026-05-29T10:32:32.452075-05:00,2396054,21232885,50421801,Fréjoles secos,UNSPSC
ocds-dgv273-seacev3-1198989,ocds-dgv273-seacev3-1198989-2026-05-29T10:32:32.013985-05:00,2396082,21230555,72141003,Servicios de mantenimiento de pistas y carreteras,UNSPSC
ocds-dgv273-seacev3-1192252,ocds-dgv273-seacev3-1192252-2026-05-29T10:32:31.584684-05:00,2395894,21213376,25101507,Camiones ligeros o vehículos de utilidad deportiva,UNSPSC
ocds-dgv273-seacev3-1192252,ocds-dgv273-seacev3-1192252-2026-05-29T10:32:31.584684-05:00,2395894,21213377,25101507,Camiones ligeros o vehículos de utilidad deportiva,UNSPSC
ocds-dgv273-seacev3-2026-200418-13,ocds-dgv273-seacev3-2026-200418-13-2026-05-29T10:32:31.356383-05:00,2396132,21238451,72101511,Servicio de reparación o mantenimiento o instalación de aire acondicionado,UNSPSC
ocds-dgv273-seacev3-2026-1556-1,ocds-dgv273-seacev3-2026-1556-1-2026-05-29T10:32:21.848394-05:00,2395529,21239909,50192109,"Papas fritas en hojuelas y al hilo, mix de bocaditos o galletas saladas",UNSPSC
ocds-dgv273-seacev3-2026-1556-1,ocds-dgv273-seacev3-2026-1556-1-2026-05-29T10:32:21.848394-05:00,2395523,21239908,50131702,Leche o productos de mantequilla estables sin refrigerar,UNSPSC
ocds-dgv273-seacev3-1194325,ocds-dgv273-seacev3-1194325-2026-05-29T10:32:21.704205-05:00,2396177,21218867,50131702,Leche o productos de mantequilla estables sin refrigerar,UNSPSC
ocds-dgv273-seacev3-2026-397-29,ocds-dgv273-seacev3-2026-397-29-2026-05-29T10:32:21.583931-05:00,2396306,21213653,50121538,Pescado estable sin refrigerar,UNSPSC
ocds-dgv273-seacev3-1192701,ocds-dgv273-seacev3-1192701-2026-05-29T10:32:21.513170-05:00,2396325,21214461,72154040,Servicios de instalación de revestimiento protector subterráneo,UNSPSC
ocds-dgv273-seacev3-1200863,ocds-dgv273-seacev3-1200863-2026-05-29T10:32:21.307937-05:00,2396332,21235951,81101515,Ingeniería de infraestructura de plantas o instalaciones,UNSPSC
ocds-dgv273-seacev3-2026-10404-9,ocds-dgv273-seacev3-2026-10404-9-2026-05-29T10:32:20.918518-05:00,2396183,21226287,40171505,Tubería comercial de acero de alto rendimiento,UNSPSC
ocds-dgv273-seacev3-1195900,ocds-dgv273-seacev3-1195900-2026-05-29T10:32:20.498983-05:00,2396204,21222652,83121703,Servicios relacionados con Internet,UNSPSC
ocds-dgv273-seacev3-2026-397-8,ocds-dgv273-seacev3-2026-397-8-2026-05-29T10:32:09.653563-05:00,2395976,21228786,46181531,Ropa reflectante o accesorios,UNSPSC
ocds-dgv273-seacev3-1199319,ocds-dgv273-seacev3-1199319-2026-05-29T10:32:09.358044-05:00,2395981,21231154,48101521,Cocinas económicas de uso comercial,UNSPSC
ocds-dgv273-seacev3-1197058,ocds-dgv273-seacev3-1197058-2026-05-29T10:32:09.216025-05:00,2396137,21225136,51191605,Agua esteril para inyección,UNSPSC
ocds-dgv273-seacev3-1200613,ocds-dgv273-seacev3-1200613-2026-05-29T10:32:09.096057-05:00,2396079,21235386,30171504,Puertas de madera,UNSPSC
ocds-dgv273-seacev3-2026-10588-4,ocds-dgv273-seacev3-2026-10588-4-2026-05-29T10:31:59.551028-05:00,2387848,21229092,72141121,Servicios de construcción de tuberías principales de agua,UNSPSC
ocds-dgv273-seacev3-2026-10185-1,ocds-dgv273-seacev3-2026-10185-1-2026-05-29T10:31:59.490675-05:00,2396058,21230872,83121703,Servicios relacionados con Internet,UNSPSC
ocds-dgv273-seacev3-1201329,ocds-dgv273-seacev3-1201329-2026-05-29T10:31:59.314196-05:00,2396386,21237520,72141106,Servicios de construcción de caminos de grava o tierra,UNSPSC
ocds-dgv273-seacev3-1199084,ocds-dgv273-seacev3-1199084-2026-05-29T10:31:58.255024-05:00,2395997,21230696,72141701,Servicio de arrendamiento o alquiler de maquinaria de construcción,UNSPSC
ocds-dgv273-seacev3-1202071,ocds-dgv273-seacev3-1202071-2026-05-29T10:31:49.261394-05:00,2396029,21239751,50131702,Leche o productos de mantequilla estables sin refrigerar,UNSPSC
ocds-dgv273-seacev3-2026-11-3,ocds-dgv273-seacev3-2026-11-3-2026-05-29T10:31:37.674719-05:00,2395872,21228755,15101506,Gasolina o Petróleo,UNSPSC
ocds-dgv273-seacev3-2026-11-3,ocds-dgv273-seacev3-2026-11-3-2026-05-29T10:31:37.674719-05:00,2396351,21228754,15101505,Diesel,UNSPSC
ocds-dgv273-seacev3-2026-813-30,ocds-dgv273-seacev3-2026-813-30-2026-05-29T10:31:37.646273-05:00,2396106,21215131,30111601,Cemento,UNSPSC
ocds-dgv273-seacev3-1198109,ocds-dgv273-seacev3-1198109-2026-05-29T10:31:37.507205-05:00,2392392,21227665,55121802,Tarjetas o carnets de identificación o productos similares,UNSPSC
ocds-dgv273-seacev3-1198589,ocds-dgv273-seacev3-1198589-2026-05-29T10:31:37.251245-05:00,2396174,21229144,72121406,Servicios de construcción de escuelas,UNSPSC
ocds-dgv273-seacev3-1204315,ocds-dgv273-seacev3-1204315-2026-05-29T10:31:37.109970-05:00,2396305,21246574,81101515,Ingeniería de infraestructura de plantas o instalaciones,UNSPSC
ocds-dgv273-seacev3-1197554,ocds-dgv273-seacev3-1197554-2026-05-29T10:31:36.638406-05:00,2393931,21226276,50121539,Pescado fresco,UNSPSC
ocds-dgv273-seacev3-1200830,ocds-dgv273-seacev3-1200830-2026-05-29T10:31:36.391817-05:00,2396323,21236194,81101515,Ingeniería de infraestructura de plantas o instalaciones,UNSPSC
ocds-dgv273-seacev3-1205275,ocds-dgv273-seacev3-1205275-2026-05-29T10:31:36.220743-05:00,2396022,21248817,72141003,Servicios de mantenimiento de pistas y carreteras,UNSPSC
ocds-dgv273-seacev3-1219434,ocds-dgv273-seacev3-1219434-2026-05-28T10:20:45.932679-05:00,2395910,21289734,70171710,Servicio de construcción de sistema de irrigación,UNSPSC
ocds-dgv273-seacev3-1212143,ocds-dgv273-seacev3-1212143-2026-05-28T10:20:45.097386-05:00,2395732,21267595,12352302,Sales metálicas inorgánicas,UNSPSC
ocds-dgv273-seacev3-1218074,ocds-dgv273-seacev3-1218074-2026-05-28T10:20:44.875529-05:00,2395350,21284914,82121506,Impresión de publicaciones,UNSPSC
ocds-dgv273-seacev3-1218074,ocds-dgv273-seacev3-1218074-2026-05-28T10:20:44.875529-05:00,2395536,21285263,82101603,Publicidad en Internet,UNSPSC
ocds-dgv273-seacev3-1218074,ocds-dgv273-seacev3-1218074-2026-05-28T10:20:44.875529-05:00,2395382,21285270,82121506,Impresión de publicaciones,UNSPSC
ocds-dgv273-seacev3-1218074,ocds-dgv273-seacev3-1218074-2026-05-28T10:20:44.875529-05:00,2395371,21285258,82121506,Impresión de publicaciones,UNSPSC
ocds-dgv273-seacev3-1218074,ocds-dgv273-seacev3-1218074-2026-05-28T10:20:44.875529-05:00,2395522,21285260,82121506,Impresión de publicaciones,UNSPSC
ocds-dgv273-seacev3-1218074,ocds-dgv273-seacev3-1218074-2026-05-28T10:20:44.875529-05:00,2395542,21285275,82101603,Publicidad en Internet,UNSPSC
ocds-dgv273-seacev3-1218074,ocds-dgv273-seacev3-1218074-2026-05-28T10:20:44.875529-05:00,2395528,21285261,82101601,Publicidad en radio,UNSPSC
ocds-dgv273-seacev3-1198036,ocds-dgv273-seacev3-1198036-2026-05-28T10:20:42.428343-05:00,2395570,21227812,81101510,Ingeniería de carreteras,UNSPSC
ocds-dgv273-seacev3-1191303,ocds-dgv273-seacev3-1191303-2026-05-28T10:20:42.298528-05:00,2395489,21229818,81101508,Ingeniería arquitectónica,UNSPSC
ocds-dgv273-seacev3-1192521,ocds-dgv273-seacev3-1192521-2026-05-28T10:20:41.729488-05:00,2395810,21214217,72151514,Servicio de mantenimiento de energía de emergencia o de espera,UNSPSC
ocds-dgv273-seacev3-2026-6-11,ocds-dgv273-seacev3-2026-6-11-2026-05-28T10:20:40.696886-05:00,2395831,21236579,72101510,Reparación o mantenimiento del sistema de plomería,UNSPSC
ocds-dgv273-seacev3-2026-10248-26,ocds-dgv273-seacev3-2026-10248-26-2026-05-28T10:20:40.349758-05:00,2395491,21220167,72121506,Servicios de construcción de centrales eléctricas,UNSPSC
ocds-dgv273-seacev3-2026-20002-22,ocds-dgv273-seacev3-2026-20002-22-2026-05-28T10:20:40.280991-05:00,2395840,21236265,42221503,Catéteres venosos centrales,UNSPSC
ocds-dgv273-seacev3-1198779,ocds-dgv273-seacev3-1198779-2026-05-28T10:20:40.088358-05:00,2395796,21229792,82121504,Impresión tipográfica o serigrafía,UNSPSC
ocds-dgv273-seacev3-2026-10248-3,ocds-dgv273-seacev3-2026-10248-3-2026-05-28T10:20:31.854241-05:00,2395777,21228932,49101709,Placa conmemorativa,UNSPSC
ocds-dgv273-seacev3-2026-200276-2,ocds-dgv273-seacev3-2026-200276-2-2026-05-28T10:20:31.505920-05:00,2395920,21224663,92101501,Servicios de vigilancia,UNSPSC
ocds-dgv273-seacev3-1192638,ocds-dgv273-seacev3-1192638-2026-05-28T10:20:31.258639-05:00,2395833,21214371,72154013,Servicios de construcción de cercos,UNSPSC
ocds-dgv273-seacev3-1198280,ocds-dgv273-seacev3-1198280-2026-05-28T10:20:31.081338-05:00,2395875,21228143,72121406,Servicios de construcción de escuelas,UNSPSC
ocds-dgv273-seacev3-2026-1003033627-8,ocds-dgv273-seacev3-2026-1003033627-8-2026-05-28T10:20:30.435242-05:00,2389106,21225016,82121504,Impresión tipográfica o serigrafía,UNSPSC
ocds-dgv273-seacev3-1194698,ocds-dgv273-seacev3-1194698-2026-05-28T10:20:21.225477-05:00,2390830,21219740,72141003,Servicios de mantenimiento de pistas y carreteras,UNSPSC
ocds-dgv273-seacev3-1195079,ocds-dgv273-seacev3-1195079-2026-05-28T10:20:20.932115-05:00,2395788,21220512,72121102,Servicios de construcción de edificios comerciales y de oficinas prefabricadas,UNSPSC
ocds-dgv273-seacev3-2026-1998-15,ocds-dgv273-seacev3-2026-1998-15-2026-05-28T10:20:13.720333-05:00,2395583,21231027,81112401,Alquiler de hardware de computación,UNSPSC
ocds-dgv273-seacev3-1199131,ocds-dgv273-seacev3-1199131-2026-05-28T10:20:11.464434-05:00,2395886,21230891,50131702,Leche o productos de mantequilla estables sin refrigerar,UNSPSC
ocds-dgv273-seacev3-1199525,ocds-dgv273-seacev3-1199525-2026-05-28T10:20:10.201803-05:00,2395889,21231761,92101501,Servicios de vigilancia,UNSPSC
ocds-dgv273-seacev3-1195291,ocds-dgv273-seacev3-1195291-2026-05-28T10:20:10.138366-05:00,2395564,21225105,72141121,Servicios de construcción de tuberías principales de agua,UNSPSC
ocds-dgv273-seacev3-1200174,ocds-dgv273-seacev3-1200174-2026-05-28T10:20:10.122174-05:00,2395849,21233878,81101505,Ingeniería estructural,UNSPSC
ocds-dgv273-seacev3-1219147,ocds-dgv273-seacev3-1219147-2026-05-28T10:20:00.662120-05:00,2395940,21288420,80101508,Servicios de consultoría de inteligencia empresarial,UNSPSC
ocds-dgv273-seacev3-1195322,ocds-dgv273-seacev3-1195322-2026-05-28T10:19:59.968465-05:00,2395696,21221548,72154013,Servicios de construcción de cercos,UNSPSC
ocds-dgv273-seacev3-1203027,ocds-dgv273-seacev3-1203027-2026-05-28T10:19:59.874094-05:00,2395575,21243459,95122301,Estadio,UNSPSC
ocds-dgv273-seacev3-1198795,ocds-dgv273-seacev3-1198795-2026-05-28T10:19:59.749883-05:00,2395544,21229842,50121538,Pescado estable sin refrigerar,UNSPSC
ocds-dgv273-seacev3-2026-200030-31,ocds-dgv273-seacev3-2026-200030-31-2026-05-28T10:19:59.719807-05:00,2395525,21232643,72141003,Servicios de mantenimiento de pistas y carreteras,UNSPSC
ocds-dgv273-seacev3-2026-200283-4,ocds-dgv273-seacev3-2026-200283-4-2026-05-28T10:19:59.385742-05:00,2395436,21241400,92101501,Servicios de vigilancia,UNSPSC
ocds-dgv273-seacev3-1203586,ocds-dgv273-seacev3-1203586-2026-05-28T10:19:58.520083-05:00,2395888,21244778,72141213,Servicios de construcción de vías fluviales,UNSPSC
ocds-dgv273-seacev3-1201042,ocds-dgv273-seacev3-1201042-2026-05-28T10:19:58.357858-05:00,2395601,21236555,72141121,Servicios de construcción de tuberías principales de agua,UNSPSC
ocds-dgv273-seacev3-2026-1003002825-3,ocds-dgv273-seacev3-2026-1003002825-3-2026-05-28T10:19:48.851597-05:00,2390834,21219684,72141003,Servicios de mantenimiento de pistas y carreteras,UNSPSC
ocds-dgv273-seacev3-2026-1003002825-12,ocds-dgv273-seacev3-2026-1003002825-12-2026-05-28T10:19:48.762069-05:00,2390840,21219722,72141003,Servicios de mantenimiento de pistas y carreteras,UNSPSC
ocds-dgv273-seacev3-2026-1003002825-7,ocds-dgv273-seacev3-2026-1003002825-7-2026-05-28T10:19:48.744496-05:00,2390953,21219703,72141003,Servicios de mantenimiento de pistas y carreteras,UNSPSC
ocds-dgv273-seacev3-1197341,ocds-dgv273-seacev3-1197341-2026-05-28T10:19:48.556436-05:00,2395912,21225807,30121601,Asfalto,UNSPSC
ocds-dgv273-seacev3-1197745,ocds-dgv273-seacev3-1197745-2026-05-28T10:19:48.484940-05:00,2395712,21226883,72141003,Servicios de mantenimiento de pistas y carreteras,UNSPSC
ocds-dgv273-seacev3-2026-170996-17,ocds-dgv273-seacev3-2026-170996-17-2026-05-28T10:19:48.470074-05:00,2395900,21219947,91111603,Servicios de cocina o preparación de comidas,UNSPSC
ocds-dgv273-seacev3-1204193,ocds-dgv273-seacev3-1204193-2026-05-28T10:19:48.338640-05:00,2395713,21246325,72121407,Servicios de construcción de mausoleos,UNSPSC
ocds-dgv273-seacev3-1200412,ocds-dgv273-seacev3-1200412-2026-05-28T10:19:48.281495-05:00,2395879,21235014,31201605,Masillas,UNSPSC
ocds-dgv273-seacev3-2026-1003002825-8,ocds-dgv273-seacev3-2026-1003002825-8-2026-05-28T10:19:48.100170-05:00,2390910,21219641,72141003,Servicios de mantenimiento de pistas y carreteras,UNSPSC
ocds-dgv273-seacev3-1205402,ocds-dgv273-seacev3-1205402-2026-05-28T10:19:47.088545-05:00,2395854,21249299,72121201,Servicios de construcción de granjas,UNSPSC
ocds-dgv273-seacev3-1219103,ocds-dgv273-seacev3-1219103-2026-05-28T10:19:41.742964-05:00,2395562,21288292,81101505,Ingeniería estructural,UNSPSC
ocds-dgv273-seacev3-1196846,ocds-dgv273-seacev3-1196846-2026-05-28T10:19:37.925764-05:00,2395590,21226860,30111601,Cemento,UNSPSC
ocds-dgv273-seacev3-1198447,ocds-dgv273-seacev3-1198447-2026-05-28T10:19:37.292563-05:00,2395866,21228559,81101510,Ingeniería de carreteras,UNSPSC
ocds-dgv273-seacev3-1213855,ocds-dgv273-seacev3-1213855-2026-05-28T10:19:29.975800-05:00,2395902,21271890,81111805,Mantenimiento o soporte de sistemas propietarios o con licencia,UNSPSC
ocds-dgv273-seacev3-2026-1003002825-4,ocds-dgv273-seacev3-2026-1003002825-4-2026-05-28T10:19:26.839689-05:00,2390827,21219629,72141003,Servicios de mantenimiento de pistas y carreteras,UNSPSC
ocds-dgv273-seacev3-1197741,ocds-dgv273-seacev3-1197741-2026-05-28T10:19:26.391357-05:00,2395758,21226813,72141003,Servicios de mantenimiento de pistas y carreteras,UNSPSC
ocds-dgv273-seacev3-2026-1003002825-1,ocds-dgv273-seacev3-2026-1003002825-1-2026-05-28T10:19:26.262218-05:00,2390798,21219614,72141003,Servicios de mantenimiento de pistas y carreteras,UNSPSC
ocds-dgv273-seacev3-1194648,ocds-dgv273-seacev3-1194648-2026-05-28T10:19:26.096034-05:00,2394411,21219619,15111599,Combustibles gaseosos,UNSPSC
ocds-dgv273-seacev3-1193620,ocds-dgv273-seacev3-1193620-2026-05-28T10:19:25.641318-05:00,2395560,21217069,80101604,Administración o planificación de proyectos,UNSPSC
ocds-dgv273-seacev3-1200837,ocds-dgv273-seacev3-1200837-2026-05-28T10:19:25.415615-05:00,2395919,21236225,30121601,Asfalto,UNSPSC
ocds-dgv273-seacev3-2026-1871-40,ocds-dgv273-seacev3-2026-1871-40-2026-05-28T10:19:25.076056-05:00,2395555,21234837,11111808,Arcilla común,UNSPSC
ocds-dgv273-seacev3-2026-1926-51,ocds-dgv273-seacev3-2026-1926-51-2026-05-27T10:40:34.209525-05:00,2395255,21233857,80141507,"Investigación, talleres o focus groups basados en el consumidor",UNSPSC
ocds-dgv273-seacev3-2026-1212-6,ocds-dgv273-seacev3-2026-1212-6-2026-05-27T10:40:34.193999-05:00,2395417,21233169,72152605,Servicios de montaje y reparación de techos,UNSPSC
ocds-dgv273-seacev3-1194973,ocds-dgv273-seacev3-1194973-2026-05-27T10:40:33.888065-05:00,2395234,21220637,80101505,Desarrollo de objetivos o políticas corporativas,UNSPSC
ocds-dgv273-seacev3-1193809,ocds-dgv273-seacev3-1193809-2026-05-27T10:40:29.001063-05:00,2395185,21217356,72151501,Servicios de instalación de iluminación,UNSPSC
ocds-dgv273-seacev3-2026-923-2,ocds-dgv273-seacev3-2026-923-2-2026-05-27T10:40:28.440418-05:00,2395085,21213848,81101510,Ingeniería de carreteras,UNSPSC
ocds-dgv273-seacev3-2026-2383-149,ocds-dgv273-seacev3-2026-2383-149-2026-05-27T10:40:27.238702-05:00,2395369,21218659,78111802,Servicios programados de autobús,UNSPSC
ocds-dgv273-seacev3-2026-2383-149,ocds-dgv273-seacev3-2026-2383-149-2026-05-27T10:40:27.238702-05:00,2395369,21218658,78111802,Servicios programados de autobús,UNSPSC
ocds-dgv273-seacev3-1194330,ocds-dgv273-seacev3-1194330-2026-05-27T10:40:17.816731-05:00,2395422,21219058,81101515,Ingeniería de infraestructura de plantas o instalaciones,UNSPSC
ocds-dgv273-seacev3-1197032,ocds-dgv273-seacev3-1197032-2026-05-27T10:40:17.695031-05:00,2395217,21225065,85101707,Servicios de evaluación de sistemas de salud,UNSPSC
ocds-dgv273-seacev3-2026-1941-2,ocds-dgv273-seacev3-2026-1941-2-2026-05-27T10:40:17.655836-05:00,2395121,21229168,91111601,Servicios de limpieza y mantenimiento,UNSPSC
ocds-dgv273-seacev3-2026-374-18,ocds-dgv273-seacev3-2026-374-18-2026-05-27T10:40:17.325656-05:00,2395325,21221186,10151605,Semillas de avena,UNSPSC
ocds-dgv273-seacev3-2026-695-1,ocds-dgv273-seacev3-2026-695-1-2026-05-27T10:40:17.199913-05:00,2395304,21219877,72141121,Servicios de construcción de tuberías principales de agua,UNSPSC
ocds-dgv273-seacev3-1194231,ocds-dgv273-seacev3-1194231-2026-05-27T10:40:17.111784-05:00,2395297,21218591,50221108,Grano de arroz,UNSPSC
ocds-dgv273-seacev3-1199620,ocds-dgv273-seacev3-1199620-2026-05-27T10:40:16.024686-05:00,2395132,21232211,78111808,Alquiler de vehículos,UNSPSC
ocds-dgv273-seacev3-1200477,ocds-dgv273-seacev3-1200477-2026-05-27T10:40:07.071387-05:00,2395260,21234962,85121803,Servicios de laboratorios biológicos,UNSPSC
ocds-dgv273-seacev3-1199743,ocds-dgv273-seacev3-1199743-2026-05-27T10:40:06.455175-05:00,2394968,21232713,83121703,Servicios relacionados con Internet,UNSPSC
ocds-dgv273-seacev3-1191915,ocds-dgv273-seacev3-1191915-2026-05-27T10:40:06.420602-05:00,2395180,21212642,42231801,Fórmulas suplementarias de adulto para uso general,UNSPSC
ocds-dgv273-seacev3-1193405,ocds-dgv273-seacev3-1193405-2026-05-27T10:40:05.402993-05:00,2395192,21216405,42242001,Dispositivos prostéticos de la extremidad inferior,UNSPSC
ocds-dgv273-seacev3-1201237,ocds-dgv273-seacev3-1201237-2026-05-27T10:40:05.256009-05:00,2395370,21237135,81101508,Ingeniería arquitectónica,UNSPSC
ocds-dgv273-seacev3-1198144,ocds-dgv273-seacev3-1198144-2026-05-27T10:40:05.190596-05:00,2390462,21227703,72141503,Servicios de remoción de rocas,UNSPSC
ocds-dgv273-seacev3-1219131,ocds-dgv273-seacev3-1219131-2026-05-27T10:39:58.701744-05:00,2395476,21288318,80111503,Relaciones laborales o sindicales,UNSPSC
ocds-dgv273-seacev3-1202047,ocds-dgv273-seacev3-1202047-2026-05-27T10:39:55.867095-05:00,2395448,21241470,15101505,Diesel,UNSPSC
ocds-dgv273-seacev3-1194504,ocds-dgv273-seacev3-1194504-2026-05-27T10:39:54.759552-05:00,2395056,21219388,85121808,Servicios de laboratorios de radiografías,UNSPSC
ocds-dgv273-seacev3-2026-2383-34,ocds-dgv273-seacev3-2026-2383-34-2026-05-27T10:39:54.524214-05:00,2395372,21238850,81161801,Servicio de arrendamiento o alquiler de plataforma o equipo de comunicación de datos,UNSPSC
ocds-dgv273-seacev3-1199299,ocds-dgv273-seacev3-1199299-2026-05-27T10:39:54.459698-05:00,2395474,21231143,72121505,Servicios de construcción de plantas para tratamiento de aguas residuales y aguas servidas,UNSPSC
ocds-dgv273-seacev3-1201022,ocds-dgv273-seacev3-1201022-2026-05-27T10:39:54.413939-05:00,2395423,21236541,72141702,Servicio de arrendamiento o alquiler de equipos de construcción,UNSPSC
ocds-dgv273-seacev3-1200708,ocds-dgv273-seacev3-1200708-2026-05-27T10:39:54.308527-05:00,2395101,21235757,72153612,Diseño o decoración de interiores,UNSPSC
ocds-dgv273-seacev3-2026-200030-16,ocds-dgv273-seacev3-2026-200030-16-2026-05-27T10:39:54.174953-05:00,2395156,21229422,81101510,Ingeniería de carreteras,UNSPSC
ocds-dgv273-seacev3-1200242,ocds-dgv273-seacev3-1200242-2026-05-27T10:39:49.092203-05:00,2395189,21234236,51203302,Fingolimod,UNSPSC
ocds-dgv273-seacev3-1198426,ocds-dgv273-seacev3-1198426-2026-05-27T10:39:45.354074-05:00,2395279,21228518,80131502,Alquiler de instalaciones comerciales o industriales,UNSPSC
ocds-dgv273-seacev3-1200869,ocds-dgv273-seacev3-1200869-2026-05-27T10:39:44.625208-05:00,2390645,21237915,51241840,Calamina/fenol/óxido de zinc,UNSPSC
ocds-dgv273-seacev3-2026-1238-1,ocds-dgv273-seacev3-2026-1238-1-2026-05-27T10:39:43.994878-05:00,2395438,21236645,81101505,Ingeniería estructural,UNSPSC
ocds-dgv273-seacev3-1201761,ocds-dgv273-seacev3-1201761-2026-05-27T10:39:43.557620-05:00,2395364,21238627,51131909,Albúmina humana,UNSPSC
ocds-dgv273-seacev3-1199956,ocds-dgv273-seacev3-1199956-2026-05-27T10:39:43.344750-05:00,2395202,21233136,72101511,Servicio de reparación o mantenimiento o instalación de aire acondicionado,UNSPSC
ocds-dgv273-seacev3-1200963,ocds-dgv273-seacev3-1200963-2026-05-27T10:39:34.587928-05:00,2395428,21236324,80131502,Alquiler de instalaciones comerciales o industriales,UNSPSC
ocds-dgv273-seacev3-1199187,ocds-dgv273-seacev3-1199187-2026-05-27T10:39:34.542902-05:00,2395312,21230910,15101505,Diesel,UNSPSC
ocds-dgv273-seacev3-2026-822-22,ocds-dgv273-seacev3-2026-822-22-2026-05-27T10:39:34.372243-05:00,2395453,21230681,72154012,Servicios de montaje y desmantelamiento de encofrados de concreto,UNSPSC
ocds-dgv273-seacev3-2026-80812-5,ocds-dgv273-seacev3-2026-80812-5-2026-05-27T10:39:33.219410-05:00,2395362,21231398,12141901,Cloro (Cl),UNSPSC
ocds-dgv273-seacev3-1218902,ocds-dgv273-seacev3-1218902-2026-05-27T10:39:28.357087-05:00,2395444,21287764,80111503,Relaciones laborales o sindicales,UNSPSC
ocds-dgv273-seacev3-2026-10507-9,ocds-dgv273-seacev3-2026-10507-9-2026-05-27T10:39:22.472340-05:00,2395443,21215090,85121803,Servicios de laboratorios biológicos,UNSPSC
ocds-dgv273-seacev3-2026-200430-5,ocds-dgv273-seacev3-2026-200430-5-2026-05-27T10:39:21.965498-05:00,2395205,21232257,93141808,Servicios de seguridad o salud ocupacional,UNSPSC
ocds-dgv273-seacev3-2026-1274-14,ocds-dgv273-seacev3-2026-1274-14-2026-05-27T10:39:21.656137-05:00,2395237,21235453,84121703,Análisis de inversiones,UNSPSC
ocds-dgv273-seacev3-2026-2392-118,ocds-dgv273-seacev3-2026-2392-118-2026-05-27T10:39:21.602074-05:00,2395306,21235066,93151507,Servicios o procedimientos administrativos,UNSPSC
ocds-dgv273-seacev3-2026-1364-1,ocds-dgv273-seacev3-2026-1364-1-2026-05-25T10:07:24.167003-05:00,2395073,21223897,81101515,Ingeniería de infraestructura de plantas o instalaciones,UNSPSC
ocds-dgv273-seacev3-1218551,ocds-dgv273-seacev3-1218551-2026-05-24T10:09:06.992017-05:00,2395026,21286460,81151705,Servicios arqueológicos,UNSPSC
ocds-dgv273-seacev3-1200822,ocds-dgv273-seacev3-1200822-2026-05-24T10:09:04.873167-05:00,2394758,21235914,72121406,Servicios de construcción de escuelas,UNSPSC
ocds-dgv273-seacev3-1207003,ocds-dgv273-seacev3-1207003-2026-05-24T10:09:04.556688-05:00,2394927,21253125,24102402,Compactador estacionario para basura,UNSPSC
ocds-dgv273-seacev3-2026-200404-7,ocds-dgv273-seacev3-2026-200404-7-2026-05-24T10:09:03.619440-05:00,2395062,21224726,77111602,Servicios de descontaminación ambiental,UNSPSC
ocds-dgv273-seacev3-1200918,ocds-dgv273-seacev3-1200918-2026-05-24T10:09:03.517892-05:00,2394781,21235996,72141106,Servicios de construcción de caminos de grava o tierra,UNSPSC
ocds-dgv273-seacev3-1194766,ocds-dgv273-seacev3-1194766-2026-05-24T10:08:57.336856-05:00,2395013,21220040,80131502,Alquiler de instalaciones comerciales o industriales,UNSPSC
ocds-dgv273-seacev3-1206156,ocds-dgv273-seacev3-1206156-2026-05-24T10:08:57.312868-05:00,2393996,21251172,78111808,Alquiler de vehículos,UNSPSC
ocds-dgv273-seacev3-1206156,ocds-dgv273-seacev3-1206156-2026-05-24T10:08:57.312868-05:00,2392896,21251170,78111808,Alquiler de vehículos,UNSPSC
ocds-dgv273-seacev3-1206156,ocds-dgv273-seacev3-1206156-2026-05-24T10:08:57.312868-05:00,2392917,21251169,78111808,Alquiler de vehículos,UNSPSC
ocds-dgv273-seacev3-1206156,ocds-dgv273-seacev3-1206156-2026-05-24T10:08:57.312868-05:00,2393677,21251171,78111808,Alquiler de vehículos,UNSPSC
ocds-dgv273-seacev3-1194926,ocds-dgv273-seacev3-1194926-2026-05-24T10:08:57.262982-05:00,2394999,21220222,39121570,Reconectador,UNSPSC
ocds-dgv273-seacev3-1200624,ocds-dgv273-seacev3-1200624-2026-05-24T10:08:57.174952-05:00,2394751,21235403,81101508,Ingeniería arquitectónica,UNSPSC
ocds-dgv273-seacev3-2026-51041-4,ocds-dgv273-seacev3-2026-51041-4-2026-05-24T10:08:57.081739-05:00,2394809,21221899,78111808,Alquiler de vehículos,UNSPSC
ocds-dgv273-seacev3-2026-747-16,ocds-dgv273-seacev3-2026-747-16-2026-05-24T10:08:57.046192-05:00,2394739,21238646,78141501,Servicios de expedición de carga,UNSPSC
ocds-dgv273-seacev3-1192741,ocds-dgv273-seacev3-1192741-2026-05-24T10:08:56.115350-05:00,2394905,21214608,72121406,Servicios de construcción de escuelas,UNSPSC
ocds-dgv273-seacev3-1193422,ocds-dgv273-seacev3-1193422-2026-05-24T10:08:56.098392-05:00,2394900,21216266,72141001,Servicios de construcción de pistas y carreteras nuevas,UNSPSC
ocds-dgv273-seacev3-1201705,ocds-dgv273-seacev3-1201705-2026-05-24T10:08:55.687151-05:00,2394979,21238551,41104806,Equipo de extracción para laboratorios,UNSPSC
ocds-dgv273-seacev3-1200237,ocds-dgv273-seacev3-1200237-2026-05-24T10:08:55.242997-05:00,2394898,21234185,81101505,Ingeniería estructural,UNSPSC
ocds-dgv273-seacev3-1217687,ocds-dgv273-seacev3-1217687-2026-05-24T10:08:47.961513-05:00,2395047,21284087,81111510,Servicios de desarrollo de aplicaciones de servidor para Internet o intranet,UNSPSC
ocds-dgv273-seacev3-1197733,ocds-dgv273-seacev3-1197733-2026-05-24T10:08:46.573635-05:00,2394824,21226859,77111602,Servicios de descontaminación ambiental,UNSPSC
ocds-dgv273-seacev3-1198644,ocds-dgv273-seacev3-1198644-2026-05-24T10:08:45.904593-05:00,2394889,21229199,80131502,Alquiler de instalaciones comerciales o industriales,UNSPSC
ocds-dgv273-seacev3-1196154,ocds-dgv273-seacev3-1196154-2026-05-24T10:08:45.505255-05:00,2394882,21223058,76111505,Servicios de limpieza de telas y muebles,UNSPSC
ocds-dgv273-seacev3-2026-10175-3,ocds-dgv273-seacev3-2026-10175-3-2026-05-24T10:08:45.272953-05:00,2394969,21233763,83121703,Servicios relacionados con Internet,UNSPSC
ocds-dgv273-seacev3-1197708,ocds-dgv273-seacev3-1197708-2026-05-24T10:08:45.131084-05:00,2383043,21226737,72141505,Servicios de movimientos de tierras,UNSPSC
ocds-dgv273-seacev3-2026-1952-3,ocds-dgv273-seacev3-2026-1952-3-2026-05-24T10:08:36.762609-05:00,2395061,21239707,81141804,Servicio de inspección de equipos,UNSPSC
ocds-dgv273-seacev3-1201554,ocds-dgv273-seacev3-1201554-2026-05-24T10:08:36.679893-05:00,2394800,21238033,80131502,Alquiler de instalaciones comerciales o industriales,UNSPSC
ocds-dgv273-seacev3-1197086,ocds-dgv273-seacev3-1197086-2026-05-24T10:08:36.336365-05:00,2395010,21225262,72154013,Servicios de construcción de cercos,UNSPSC
ocds-dgv273-seacev3-2026-200016-4,ocds-dgv273-seacev3-2026-200016-4-2026-05-24T10:08:36.284589-05:00,2393621,21237266,81112501,Servicio de licencias para software de computadoras,UNSPSC
ocds-dgv273-seacev3-1194514,ocds-dgv273-seacev3-1194514-2026-05-24T10:08:36.255460-05:00,2394768,21219276,78111808,Alquiler de vehículos,UNSPSC
ocds-dgv273-seacev3-1198224,ocds-dgv273-seacev3-1198224-2026-05-24T10:08:28.342108-05:00,2394925,21228049,72152605,Servicios de montaje y reparación de techos,UNSPSC
ocds-dgv273-seacev3-1201036,ocds-dgv273-seacev3-1201036-2026-05-24T10:08:28.159411-05:00,2394810,21236732,72141001,Servicios de construcción de pistas y carreteras nuevas,UNSPSC
ocds-dgv273-seacev3-1193017,ocds-dgv273-seacev3-1193017-2026-05-24T10:08:28.016802-05:00,2394936,21215373,25101801,Motocicletas,UNSPSC
ocds-dgv273-seacev3-1208908,ocds-dgv273-seacev3-1208908-2026-05-24T10:08:27.657295-05:00,2391373,21258103,81111504,Servicios de programación de aplicaciones,UNSPSC
ocds-dgv273-seacev3-1202086,ocds-dgv273-seacev3-1202086-2026-05-24T10:08:27.362564-05:00,2394948,21239781,72121406,Servicios de construcción de escuelas,UNSPSC
ocds-dgv273-seacev3-1197749,ocds-dgv273-seacev3-1197749-2026-05-23T10:25:13.057151-05:00,2394558,21226891,72141003,Servicios de mantenimiento de pistas y carreteras,UNSPSC
ocds-dgv273-seacev3-1195121,ocds-dgv273-seacev3-1195121-2026-05-23T10:25:12.246136-05:00,2394475,21221030,72121203,Servicios de construcción de silos y de edificaciones para servicio agrícola,UNSPSC
ocds-dgv273-seacev3-1202131,ocds-dgv273-seacev3-1202131-2026-05-23T10:25:11.359610-05:00,2394707,21239851,72141003,Servicios de mantenimiento de pistas y carreteras,UNSPSC
ocds-dgv273-seacev3-2026-1612-2,ocds-dgv273-seacev3-2026-1612-2-2026-05-23T10:25:10.625105-05:00,2394580,21215104,81101508,Ingeniería arquitectónica,UNSPSC
ocds-dgv273-seacev3-1193189,ocds-dgv273-seacev3-1193189-2026-05-23T10:25:10.563546-05:00,2394564,21215927,72152103,Servicios de aislamiento de edificaciones,UNSPSC
ocds-dgv273-seacev3-1211517,ocds-dgv273-seacev3-1211517-2026-05-23T10:25:08.974911-05:00,2394471,21266183,50305105,Papayas solo,UNSPSC
ocds-dgv273-seacev3-1209372,ocds-dgv273-seacev3-1209372-2026-05-23T10:25:04.446934-05:00,2393759,21259174,15111510,Gas de petróleo licuefactado,UNSPSC
ocds-dgv273-seacev3-1196544,ocds-dgv273-seacev3-1196544-2026-05-23T10:25:03.256797-05:00,2394659,21224037,81112501,Servicio de licencias para software de computadoras,UNSPSC
ocds-dgv273-seacev3-1193580,ocds-dgv273-seacev3-1193580-2026-05-23T10:25:02.876383-05:00,2394653,21216872,81101510,Ingeniería de carreteras,UNSPSC
ocds-dgv273-seacev3-1195793,ocds-dgv273-seacev3-1195793-2026-05-23T10:25:02.513133-05:00,2394518,21222467,80101505,Desarrollo de objetivos o políticas corporativas,UNSPSC
ocds-dgv273-seacev3-2026-200407-10,ocds-dgv273-seacev3-2026-200407-10-2026-05-23T10:25:02.498443-05:00,2394488,21216165,15101505,Diesel,UNSPSC
ocds-dgv273-seacev3-1195375,ocds-dgv273-seacev3-1195375-2026-05-23T10:25:02.438282-05:00,2394720,21221432,82121599,Impresión,UNSPSC
ocds-dgv273-seacev3-1200803,ocds-dgv273-seacev3-1200803-2026-05-23T10:24:53.600116-05:00,2394609,21236142,15101505,Diesel,UNSPSC
ocds-dgv273-seacev3-2026-200437-3,ocds-dgv273-seacev3-2026-200437-3-2026-05-23T10:24:53.395693-05:00,2394380,21227467,80161801,Servicio de arrendamiento o alquiler de fotocopia,UNSPSC
ocds-dgv273-seacev3-1197504,ocds-dgv273-seacev3-1197504-2026-05-23T10:24:53.339436-05:00,2394371,21226376,78101501,Transporte de carga aérea nacional,UNSPSC
ocds-dgv273-seacev3-1200567,ocds-dgv273-seacev3-1200567-2026-05-23T10:24:53.162843-05:00,2394622,21235260,72141106,Servicios de construcción de caminos de grava o tierra,UNSPSC
ocds-dgv273-seacev3-1200274,ocds-dgv273-seacev3-1200274-2026-05-23T10:24:52.779783-05:00,2394629,21234554,72154503,Servicio de alquiler de grúa,UNSPSC
ocds-dgv273-seacev3-1200493,ocds-dgv273-seacev3-1200493-2026-05-23T10:24:52.607916-05:00,2394654,21234984,72154013,Servicios de construcción de cercos,UNSPSC
ocds-dgv273-seacev3-1209797,ocds-dgv273-seacev3-1209797-2026-05-23T10:24:52.331989-05:00,2394393,21260339,53102701,Uniformes militares,UNSPSC
ocds-dgv273-seacev3-2026-2349-3,ocds-dgv273-seacev3-2026-2349-3-2026-05-23T10:24:52.103068-05:00,2394385,21238384,92101501,Servicios de vigilancia,UNSPSC
ocds-dgv273-seacev3-1202143,ocds-dgv273-seacev3-1202143-2026-05-23T10:24:51.303783-05:00,2394709,21239850,72141003,Servicios de mantenimiento de pistas y carreteras,UNSPSC
ocds-dgv273-seacev3-1198173,ocds-dgv273-seacev3-1198173-2026-05-23T10:24:51.104352-05:00,2394409,21227733,72151601,Servicios de instalación de televisión por cable,UNSPSC
ocds-dgv273-seacev3-1200140,ocds-dgv273-seacev3-1200140-2026-05-23T10:24:51.076739-05:00,2394523,21233792,81101515,Ingeniería de infraestructura de plantas o instalaciones,UNSPSC
ocds-dgv273-seacev3-1193439,ocds-dgv273-seacev3-1193439-2026-05-23T10:24:50.934503-05:00,2394436,21216431,72152103,Servicios de aislamiento de edificaciones,UNSPSC
ocds-dgv273-seacev3-1205887,ocds-dgv273-seacev3-1205887-2026-05-23T10:24:50.918570-05:00,2394476,21250519,72154501,Servicio de reparación y mantenimiento de maquinaria pesada,UNSPSC
ocds-dgv273-seacev3-1195005,ocds-dgv273-seacev3-1195005-2026-05-23T10:24:42.266059-05:00,2392684,21220430,30111601,Cemento,UNSPSC
ocds-dgv273-seacev3-1201630,ocds-dgv273-seacev3-1201630-2026-05-23T10:24:42.231212-05:00,2394169,21238298,78101801,Servicios de transporte local en camión,UNSPSC
ocds-dgv273-seacev3-1193990,ocds-dgv273-seacev3-1193990-2026-05-23T10:24:41.993051-05:00,2390569,21217863,81101515,Ingeniería de infraestructura de plantas o instalaciones,UNSPSC
ocds-dgv273-seacev3-1206945,ocds-dgv273-seacev3-1206945-2026-05-23T10:24:41.254984-05:00,2394512,21252791,92101501,Servicios de vigilancia,UNSPSC
ocds-dgv273-seacev3-1200721,ocds-dgv273-seacev3-1200721-2026-05-23T10:24:41.005065-05:00,2394447,21235739,72121102,Servicios de construcción de edificios comerciales y de oficinas prefabricadas,UNSPSC
ocds-dgv273-seacev3-1197052,ocds-dgv273-seacev3-1197052-2026-05-23T10:24:40.980974-05:00,2392926,21225164,72141001,Servicios de construcción de pistas y carreteras nuevas,UNSPSC
ocds-dgv273-seacev3-1199868,ocds-dgv273-seacev3-1199868-2026-05-23T10:24:40.806933-05:00,2394394,21232947,72141121,Servicios de construcción de tuberías principales de agua,UNSPSC
ocds-dgv273-seacev3-1197070,ocds-dgv273-seacev3-1197070-2026-05-23T10:24:40.664564-05:00,2394690,21225162,93131608,Servicios de suministro de alimentos,UNSPSC
ocds-dgv273-seacev3-1197324,ocds-dgv273-seacev3-1197324-2026-05-23T10:24:40.649607-05:00,2394536,21225804,30111801,Agregado natural,UNSPSC
ocds-dgv273-seacev3-1198510,ocds-dgv273-seacev3-1198510-2026-05-23T10:24:40.619146-05:00,2394384,21228782,81101508,Ingeniería arquitectónica,UNSPSC
ocds-dgv273-seacev3-1198738,ocds-dgv273-seacev3-1198738-2026-05-23T10:24:40.604440-05:00,2389230,21229709,92101501,Servicios de vigilancia,UNSPSC
ocds-dgv273-seacev3-1201460,ocds-dgv273-seacev3-1201460-2026-05-23T10:24:31.424477-05:00,2394491,21238078,81101515,Ingeniería de infraestructura de plantas o instalaciones,UNSPSC
ocds-dgv273-seacev3-2026-10370-21,ocds-dgv273-seacev3-2026-10370-21-2026-05-23T10:24:31.107403-05:00,2394526,21228601,80101604,Administración o planificación de proyectos,UNSPSC
ocds-dgv273-seacev3-1196984,ocds-dgv273-seacev3-1196984-2026-05-23T10:24:29.808831-05:00,2394417,21225001,81101505,Ingeniería estructural,UNSPSC
ocds-dgv273-seacev3-2026-1942-15,ocds-dgv273-seacev3-2026-1942-15-2026-05-23T10:24:29.599988-05:00,2394450,21236774,80101604,Administración o planificación de proyectos,UNSPSC
ocds-dgv273-seacev3-1196192,ocds-dgv273-seacev3-1196192-2026-05-23T10:24:29.476422-05:00,2394617,21223122,81101510,Ingeniería de carreteras,UNSPSC
ocds-dgv273-seacev3-2026-10159-10,ocds-dgv273-seacev3-2026-10159-10-2026-05-23T10:24:29.285740-05:00,2394520,21235813,25191522,Conjunto de mantenimiento de motor de avión,UNSPSC
ocds-dgv273-seacev3-1198764,ocds-dgv273-seacev3-1198764-2026-05-23T10:24:20.914622-05:00,2394423,21229674,72121101,Servicios de construcción de nuevos edificios comerciales y de oficinas,UNSPSC
ocds-dgv273-seacev3-2026-1301-10,ocds-dgv273-seacev3-2026-1301-10-2026-05-23T10:24:20.329255-05:00,2394425,21222231,72121101,Servicios de construcción de nuevos edificios comerciales y de oficinas,UNSPSC
ocds-dgv273-seacev3-1202093,ocds-dgv273-seacev3-1202093-2026-05-23T10:24:20.190535-05:00,2394489,21239818,72101511,Servicio de reparación o mantenimiento o instalación de aire acondicionado,UNSPSC
ocds-dgv273-seacev3-1193142,ocds-dgv273-seacev3-1193142-2026-05-23T10:24:19.453085-05:00,2394443,21215525,72152103,Servicios de aislamiento de edificaciones,UNSPSC
ocds-dgv273-seacev3-1201292,ocds-dgv273-seacev3-1201292-2026-05-23T10:24:18.834338-05:00,2394631,21237819,50192109,"Papas fritas en hojuelas y al hilo, mix de bocaditos o galletas saladas",UNSPSC
ocds-dgv273-seacev3-1200845,ocds-dgv273-seacev3-1200845-2026-05-23T10:24:18.795295-05:00,2394410,21236181,81101515,Ingeniería de infraestructura de plantas o instalaciones,UNSPSC
ocds-dgv273-seacev3-1197948,ocds-dgv273-seacev3-1197948-2026-05-23T10:24:18.680458-05:00,2394554,21227310,72141003,Servicios de mantenimiento de pistas y carreteras,UNSPSC
ocds-dgv273-seacev3-1200653,ocds-dgv273-seacev3-1200653-2026-05-23T10:24:18.491846-05:00,2394375,21235479,73121601,Servicios de corte de metales,UNSPSC
ocds-dgv273-seacev3-1200815,ocds-dgv273-seacev3-1200815-2026-05-23T10:24:09.690558-05:00,2394662,21235911,49101701,Medallas,UNSPSC
ocds-dgv273-seacev3-1200815,ocds-dgv273-seacev3-1200815-2026-05-23T10:24:09.690558-05:00,2394663,21235912,49101701,Medallas,UNSPSC
ocds-dgv273-seacev3-2026-1589-9,ocds-dgv273-seacev3-2026-1589-9-2026-05-23T10:24:09.645297-05:00,2394240,21225165,15101505,Diesel,UNSPSC
ocds-dgv273-seacev3-2026-1589-9,ocds-dgv273-seacev3-2026-1589-9-2026-05-23T10:24:09.645297-05:00,2394240,21225186,15101506,Gasolina o Petróleo,UNSPSC
ocds-dgv273-seacev3-2026-200121-2,ocds-dgv273-seacev3-2026-200121-2-2026-05-23T10:24:08.987200-05:00,2394461,21230195,92101501,Servicios de vigilancia,UNSPSC
ocds-dgv273-seacev3-1201523,ocds-dgv273-seacev3-1201523-2026-05-23T10:24:08.944377-05:00,2394704,21238127,72141003,Servicios de mantenimiento de pistas y carreteras,UNSPSC
ocds-dgv273-seacev3-1198626,ocds-dgv273-seacev3-1198626-2026-05-23T10:24:08.927646-05:00,2394729,21229211,81101701,Servicios de ingeniería eléctrica,UNSPSC
ocds-dgv273-seacev3-1197837,ocds-dgv273-seacev3-1197837-2026-05-23T10:24:08.176232-05:00,2392812,21227157,72141106,Servicios de construcción de caminos de grava o tierra,UNSPSC
ocds-dgv273-seacev3-1200416,ocds-dgv273-seacev3-1200416-2026-05-23T10:23:59.043750-05:00,2394463,21234849,78111808,Alquiler de vehículos,UNSPSC
ocds-dgv273-seacev3-2026-2408-94,ocds-dgv273-seacev3-2026-2408-94-2026-05-23T10:23:58.732271-05:00,2394717,21226262,80101513,Servicio de consultoría para la gestión de procesos y procedimientos,UNSPSC
ocds-dgv273-seacev3-2026-200192-303,ocds-dgv273-seacev3-2026-200192-303-2026-05-23T10:23:58.664900-05:00,2394575,21231087,93141808,Servicios de seguridad o salud ocupacional,UNSPSC
ocds-dgv273-seacev3-1199949,ocds-dgv273-seacev3-1199949-2026-05-23T10:23:58.405695-05:00,2394619,21233133,72141121,Servicios de construcción de tuberías principales de agua,UNSPSC
ocds-dgv273-seacev3-2026-200488-1,ocds-dgv273-seacev3-2026-200488-1-2026-05-23T10:23:58.388060-05:00,2394510,21232399,72121203,Servicios de construcción de silos y de edificaciones para servicio agrícola,UNSPSC
ocds-dgv273-seacev3-1200553,ocds-dgv273-seacev3-1200553-2026-05-23T10:23:57.657403-05:00,2394509,21235240,84121703,Análisis de inversiones,UNSPSC
ocds-dgv273-seacev3-1199081,ocds-dgv273-seacev3-1199081-2026-05-23T10:23:57.523485-05:00,2394457,21230690,81101508,Ingeniería arquitectónica,UNSPSC
ocds-dgv273-seacev3-1194404,ocds-dgv273-seacev3-1194404-2026-05-23T10:23:57.422060-05:00,2394428,21227463,92101501,Servicios de vigilancia,UNSPSC
ocds-dgv273-seacev3-1200694,ocds-dgv273-seacev3-1200694-2026-05-23T10:23:57.146965-05:00,2394421,21235615,23271409,Máquina de soldadura Stick o soldadura por arco con electrodo revestido,UNSPSC
ocds-dgv273-seacev3-1198014,ocds-dgv273-seacev3-1198014-2026-05-23T10:23:57.015762-05:00,2394684,21227487,72141003,Servicios de mantenimiento de pistas y carreteras,UNSPSC
ocds-dgv273-seacev3-1192364,ocds-dgv273-seacev3-1192364-2026-05-23T10:23:56.890803-05:00,2394563,21213758,72154022,Servicios de instalación y mantenimiento de equipos hidráulicos,UNSPSC
ocds-dgv273-seacev3-1201020,ocds-dgv273-seacev3-1201020-2026-05-23T10:23:56.608305-05:00,2394500,21236540,80101604,Administración o planificación de proyectos,UNSPSC
ocds-dgv273-seacev3-1196498,ocds-dgv273-seacev3-1196498-2026-05-22T10:33:29.891287-05:00,2394106,21223679,72141003,Servicios de mantenimiento de pistas y carreteras,UNSPSC
ocds-dgv273-seacev3-2026-10370-4,ocds-dgv273-seacev3-2026-10370-4-2026-05-22T10:33:29.558033-05:00,2394005,21224771,80101604,Administración o planificación de proyectos,UNSPSC
ocds-dgv273-seacev3-1194747,ocds-dgv273-seacev3-1194747-2026-05-22T10:33:29.362691-05:00,2394329,21220032,51141517,Gabapentin,UNSPSC
ocds-dgv273-seacev3-2026-49-139,ocds-dgv273-seacev3-2026-49-139-2026-05-22T10:33:29.251970-05:00,2394085,21222263,31151708,Cable retenedor,UNSPSC
ocds-dgv273-seacev3-1198165,ocds-dgv273-seacev3-1198165-2026-05-22T10:33:29.140412-05:00,2393965,21227952,72141701,Servicio de arrendamiento o alquiler de maquinaria de construcción,UNSPSC
ocds-dgv273-seacev3-1196521,ocds-dgv273-seacev3-1196521-2026-05-22T10:33:29.017593-05:00,2393992,21223962,72141003,Servicios de mantenimiento de pistas y carreteras,UNSPSC
ocds-dgv273-seacev3-2026-1209-9,ocds-dgv273-seacev3-2026-1209-9-2026-05-22T10:33:28.844650-05:00,2393977,21202267,72141121,Servicios de construcción de tuberías principales de agua,UNSPSC
ocds-dgv273-seacev3-1196958,ocds-dgv273-seacev3-1196958-2026-05-22T10:33:28.586392-05:00,2394035,21225120,20121921,Medidor de concentración radioactiva,UNSPSC
ocds-dgv273-seacev3-1196924,ocds-dgv273-seacev3-1196924-2026-05-22T10:33:28.524730-05:00,2394277,21224668,40142007,Mangueras especiales,UNSPSC
ocds-dgv273-seacev3-2026-838-5,ocds-dgv273-seacev3-2026-838-5-2026-05-22T10:33:28.182688-05:00,2394306,21236851,15101505,Diesel,UNSPSC
ocds-dgv273-seacev3-1195438,ocds-dgv273-seacev3-1195438-2026-05-22T10:33:28.020338-05:00,2390697,21221881,72141003,Servicios de mantenimiento de pistas y carreteras,UNSPSC
ocds-dgv273-seacev3-1201099,ocds-dgv273-seacev3-1201099-2026-05-22T10:33:27.973804-05:00,2394191,21236776,80101604,Administración o planificación de proyectos,UNSPSC
ocds-dgv273-seacev3-1196790,ocds-dgv273-seacev3-1196790-2026-05-22T10:33:27.880352-05:00,2394254,21224587,84111503,Servicio de contabilidad fiscal,UNSPSC
ocds-dgv273-seacev3-2026-1926-122,ocds-dgv273-seacev3-2026-1926-122-2026-05-22T10:33:27.851993-05:00,2394141,21239770,86141704,Servicios de biblioteca o documentación,UNSPSC
ocds-dgv273-seacev3-1197367,ocds-dgv273-seacev3-1197367-2026-05-22T10:33:27.677144-05:00,2394281,21225956,80131502,Alquiler de instalaciones comerciales o industriales,UNSPSC
ocds-dgv273-seacev3-1191844,ocds-dgv273-seacev3-1191844-2026-05-22T10:33:27.598176-05:00,2394300,21212222,81101508,Ingeniería arquitectónica,UNSPSC
ocds-dgv273-seacev3-1196485,ocds-dgv273-seacev3-1196485-2026-05-22T10:33:18.876890-05:00,2393974,21223927,72141003,Servicios de mantenimiento de pistas y carreteras,UNSPSC
ocds-dgv273-seacev3-1199960,ocds-dgv273-seacev3-1199960-2026-05-22T10:33:18.339309-05:00,2394030,21233129,50426818,Garbanzos secos,UNSPSC
ocds-dgv273-seacev3-1199989,ocds-dgv273-seacev3-1199989-2026-05-22T10:33:17.998773-05:00,2394268,21234551,81101508,Ingeniería arquitectónica,UNSPSC
ocds-dgv273-seacev3-1196775,ocds-dgv273-seacev3-1196775-2026-05-22T10:33:17.872143-05:00,2394259,21224790,81101510,Ingeniería de carreteras,UNSPSC
ocds-dgv273-seacev3-1195703,ocds-dgv273-seacev3-1195703-2026-05-22T10:33:17.535219-05:00,2394295,21222303,72154013,Servicios de construcción de cercos,UNSPSC
ocds-dgv273-seacev3-1196500,ocds-dgv273-seacev3-1196500-2026-05-22T10:33:17.263068-05:00,2394004,21223930,72141003,Servicios de mantenimiento de pistas y carreteras,UNSPSC
ocds-dgv273-seacev3-1196811,ocds-dgv273-seacev3-1196811-2026-05-22T10:33:17.139198-05:00,2394284,21225268,41102916,Microtomos,UNSPSC
ocds-dgv273-seacev3-2026-1515-5,ocds-dgv273-seacev3-2026-1515-5-2026-05-22T10:33:16.771732-05:00,2394183,21214548,81101515,Ingeniería de infraestructura de plantas o instalaciones,UNSPSC
ocds-dgv273-seacev3-1194210,ocds-dgv273-seacev3-1194210-2026-05-22T10:33:16.589059-05:00,2394042,21218406,72121504,Servicios de construcción de plantas para la eliminación de residuos,UNSPSC
ocds-dgv273-seacev3-2026-10370-15,ocds-dgv273-seacev3-2026-10370-15-2026-05-22T10:33:08.040994-05:00,2394023,21235579,80101604,Administración o planificación de proyectos,UNSPSC
ocds-dgv273-seacev3-2026-10370-19,ocds-dgv273-seacev3-2026-10370-19-2026-05-22T10:33:07.636269-05:00,2393994,21224730,80101604,Administración o planificación de proyectos,UNSPSC
ocds-dgv273-seacev3-2026-88-17,ocds-dgv273-seacev3-2026-88-17-2026-05-22T10:33:07.325990-05:00,2394176,21216988,50192109,"Papas fritas en hojuelas y al hilo, mix de bocaditos o galletas saladas",UNSPSC
ocds-dgv273-seacev3-2026-88-17,ocds-dgv273-seacev3-2026-88-17-2026-05-22T10:33:07.325990-05:00,2394124,21216989,50131702,Leche o productos de mantequilla estables sin refrigerar,UNSPSC
ocds-dgv273-seacev3-2026-23-10,ocds-dgv273-seacev3-2026-23-10-2026-05-22T10:33:06.784726-05:00,2393114,21235892,78102203,"Servicios de envío, recojo o entrega de correspondencia",UNSPSC
ocds-dgv273-seacev3-1196519,ocds-dgv273-seacev3-1196519-2026-05-22T10:33:06.696369-05:00,2394177,21223975,72141003,Servicios de mantenimiento de pistas y carreteras,UNSPSC
ocds-dgv273-seacev3-1193756,ocds-dgv273-seacev3-1193756-2026-05-22T10:33:06.635770-05:00,2394263,21217289,42131607,Chaquetas o batas para personal médico,UNSPSC
ocds-dgv273-seacev3-1196510,ocds-dgv273-seacev3-1196510-2026-05-22T10:33:06.277924-05:00,2394170,21223969,72141003,Servicios de mantenimiento de pistas y carreteras,UNSPSC
ocds-dgv273-seacev3-2026-2543-501,ocds-dgv273-seacev3-2026-2543-501-2026-05-22T10:33:06.114270-05:00,2394208,21228000,82121701,Servicios de fotocopiado en blanco y negro o compaginación,UNSPSC
ocds-dgv273-seacev3-1201145,ocds-dgv273-seacev3-1201145-2026-05-22T10:33:05.860948-05:00,2394129,21236850,72121103,Servicios de renovación y reparación de edificios comerciales y de oficinas,UNSPSC
ocds-dgv273-seacev3-1199796,ocds-dgv273-seacev3-1199796-2026-05-22T10:33:05.781519-05:00,2393939,21232841,76101503,Servicios de desinfección o deodorización,UNSPSC
ocds-dgv273-seacev3-1196802,ocds-dgv273-seacev3-1196802-2026-05-22T10:33:05.613581-05:00,2389927,21224782,30111601,Cemento,UNSPSC
ocds-dgv273-seacev3-2026-49-9,ocds-dgv273-seacev3-2026-49-9-2026-05-22T10:33:05.224284-05:00,2394109,21221789,12162305,Aditivo de concreto,UNSPSC
ocds-dgv273-seacev3-1194916,ocds-dgv273-seacev3-1194916-2026-05-22T10:32:55.881854-05:00,2394186,21220291,72121103,Servicios de renovación y reparación de edificios comerciales y de oficinas,UNSPSC
ocds-dgv273-seacev3-1194727,ocds-dgv273-seacev3-1194727-2026-05-22T10:32:55.615132-05:00,2393973,21219978,12352202,Proteínas,UNSPSC
ocds-dgv273-seacev3-2026-270-33,ocds-dgv273-seacev3-2026-270-33-2026-05-22T10:32:55.434570-05:00,2394327,21222433,72141003,Servicios de mantenimiento de pistas y carreteras,UNSPSC
ocds-dgv273-seacev3-1196494,ocds-dgv273-seacev3-1196494-2026-05-22T10:32:55.204560-05:00,2393970,21223956,72141003,Servicios de mantenimiento de pistas y carreteras,UNSPSC
ocds-dgv273-seacev3-2026-401-5,ocds-dgv273-seacev3-2026-401-5-2026-05-22T10:32:55.033245-05:00,2394153,21227091,72141121,Servicios de construcción de tuberías principales de agua,UNSPSC
ocds-dgv273-seacev3-1196496,ocds-dgv273-seacev3-1196496-2026-05-22T10:32:54.741660-05:00,2394052,21223959,72141003,Servicios de mantenimiento de pistas y carreteras,UNSPSC
ocds-dgv273-seacev3-1200294,ocds-dgv273-seacev3-1200294-2026-05-22T10:32:54.406282-05:00,2394119,21234205,80131502,Alquiler de instalaciones comerciales o industriales,UNSPSC
ocds-dgv273-seacev3-1200392,ocds-dgv273-seacev3-1200392-2026-05-22T10:32:54.012853-05:00,2394051,21234923,72153102,Servicios de construcción de campos deportivos interiores,UNSPSC
ocds-dgv273-seacev3-1196508,ocds-dgv273-seacev3-1196508-2026-05-22T10:32:53.757907-05:00,2394024,21223953,72141003,Servicios de mantenimiento de pistas y carreteras,UNSPSC
ocds-dgv273-seacev3-1196518,ocds-dgv273-seacev3-1196518-2026-05-22T10:32:53.624373-05:00,2394013,21223971,72141003,Servicios de mantenimiento de pistas y carreteras,UNSPSC
ocds-dgv273-seacev3-1196475,ocds-dgv273-seacev3-1196475-2026-05-22T10:32:45.616008-05:00,2393964,21223675,72141003,Servicios de mantenimiento de pistas y carreteras,UNSPSC
ocds-dgv273-seacev3-1201309,ocds-dgv273-seacev3-1201309-2026-05-22T10:32:45.464694-05:00,2394179,21237525,80101604,Administración o planificación de proyectos,UNSPSC
ocds-dgv273-seacev3-1200877,ocds-dgv273-seacev3-1200877-2026-05-22T10:32:45.324733-05:00,2394057,21236246,72154010,"Servicios de instalación, mantenimiento y reparación de ascensores",UNSPSC
ocds-dgv273-seacev3-2026-692-1,ocds-dgv273-seacev3-2026-692-1-2026-05-22T10:32:44.809452-05:00,2394133,21234220,72141121,Servicios de construcción de tuberías principales de agua,UNSPSC
ocds-dgv273-seacev3-1193031,ocds-dgv273-seacev3-1193031-2026-05-22T10:32:43.795663-05:00,2394213,21215404,50202301,Agua,UNSPSC
ocds-dgv273-seacev3-1196780,ocds-dgv273-seacev3-1196780-2026-05-22T10:32:43.368374-05:00,2383625,21224568,44103110,Cabezales de impresora,UNSPSC
ocds-dgv273-seacev3-1197343,ocds-dgv273-seacev3-1197343-2026-05-22T10:32:35.158757-05:00,2394036,21225832,81101515,Ingeniería de infraestructura de plantas o instalaciones,UNSPSC
ocds-dgv273-seacev3-1202014,ocds-dgv273-seacev3-1202014-2026-05-22T10:32:35.113222-05:00,2394115,21241432,81101510,Ingeniería de carreteras,UNSPSC
ocds-dgv273-seacev3-1200169,ocds-dgv273-seacev3-1200169-2026-05-22T10:32:34.890646-05:00,2394002,21233875,83121703,Servicios relacionados con Internet,UNSPSC
ocds-dgv273-seacev3-2026-299-1,ocds-dgv273-seacev3-2026-299-1-2026-05-22T10:32:34.842600-05:00,2393976,21214849,72141001,Servicios de construcción de pistas y carreteras nuevas,UNSPSC
ocds-dgv273-seacev3-1200783,ocds-dgv273-seacev3-1200783-2026-05-22T10:32:34.685491-05:00,2394135,21235880,72121103,Servicios de renovación y reparación de edificios comerciales y de oficinas,UNSPSC
ocds-dgv273-seacev3-2026-10370-7,ocds-dgv273-seacev3-2026-10370-7-2026-05-22T10:32:34.617205-05:00,2394289,21237785,80101604,Administración o planificación de proyectos,UNSPSC
ocds-dgv273-seacev3-1201262,ocds-dgv273-seacev3-1201262-2026-05-22T10:32:33.719234-05:00,2394238,21237190,30102403,Varillas de hierro,UNSPSC
ocds-dgv273-seacev3-2026-1735-16,ocds-dgv273-seacev3-2026-1735-16-2026-05-22T10:32:33.638168-05:00,2394331,21236415,72141003,Servicios de mantenimiento de pistas y carreteras,UNSPSC
ocds-dgv273-seacev3-1196503,ocds-dgv273-seacev3-1196503-2026-05-22T10:32:33.557497-05:00,2394037,21223947,72141003,Servicios de mantenimiento de pistas y carreteras,UNSPSC
ocds-dgv273-seacev3-1196501,ocds-dgv273-seacev3-1196501-2026-05-22T10:32:33.539943-05:00,2394121,21223931,72141003,Servicios de mantenimiento de pistas y carreteras,UNSPSC
ocds-dgv273-seacev3-2026-1735-15,ocds-dgv273-seacev3-2026-1735-15-2026-05-22T10:32:33.406214-05:00,2394337,21236519,72141003,Servicios de mantenimiento de pistas y carreteras,UNSPSC
ocds-dgv273-seacev3-1199444,ocds-dgv273-seacev3-1199444-2026-05-22T10:32:33.152735-05:00,2394230,21231650,30111601,Cemento,UNSPSC
ocds-dgv273-seacev3-1196366,ocds-dgv273-seacev3-1196366-2026-05-22T10:32:33.136744-05:00,2388211,21223573,81101508,Ingeniería arquitectónica,UNSPSC
ocds-dgv273-seacev3-1205763,ocds-dgv273-seacev3-1205763-2026-05-22T10:32:32.946569-05:00,2393975,21250150,72141106,Servicios de construcción de caminos de grava o tierra,UNSPSC
ocds-dgv273-seacev3-2026-10370-16,ocds-dgv273-seacev3-2026-10370-16-2026-05-22T10:32:32.640980-05:00,2394276,21227954,80101604,Administración o planificación de proyectos,UNSPSC
ocds-dgv273-seacev3-2026-2543-487,ocds-dgv273-seacev3-2026-2543-487-2026-05-22T10:32:23.239068-05:00,2394231,21224836,85161501,Mantenimiento o reparación de bienes de equipo médico,UNSPSC
ocds-dgv273-seacev3-2026-294-1,ocds-dgv273-seacev3-2026-294-1-2026-05-22T10:32:23.060801-05:00,2394299,21230590,72141121,Servicios de construcción de tuberías principales de agua,UNSPSC
ocds-dgv273-seacev3-1200175,ocds-dgv273-seacev3-1200175-2026-05-22T10:32:22.102640-05:00,2392772,21233879,72141701,Servicio de arrendamiento o alquiler de maquinaria de construcción,UNSPSC
ocds-dgv273-seacev3-1196492,ocds-dgv273-seacev3-1196492-2026-05-22T10:32:21.982667-05:00,2394020,21223944,72141003,Servicios de mantenimiento de pistas y carreteras,UNSPSC
ocds-dgv273-seacev3-2026-21-4,ocds-dgv273-seacev3-2026-21-4-2026-05-22T10:32:21.878816-05:00,2394197,21237917,91111603,Servicios de cocina o preparación de comidas,UNSPSC
ocds-dgv273-seacev3-1199043,ocds-dgv273-seacev3-1199043-2026-05-22T10:32:21.847551-05:00,2389697,21230668,72121103,Servicios de renovación y reparación de edificios comerciales y de oficinas,UNSPSC
ocds-dgv273-seacev3-1196505,ocds-dgv273-seacev3-1196505-2026-05-22T10:32:21.373600-05:00,2394041,21223936,72141003,Servicios de mantenimiento de pistas y carreteras,UNSPSC
ocds-dgv273-seacev3-2026-1913-4,ocds-dgv273-seacev3-2026-1913-4-2026-05-22T10:32:12.719380-05:00,2386962,21217666,50121539,Pescado fresco,UNSPSC
ocds-dgv273-seacev3-2026-1913-4,ocds-dgv273-seacev3-2026-1913-4-2026-05-22T10:32:12.719380-05:00,2386975,21217655,50181901,Pan fresco,UNSPSC
ocds-dgv273-seacev3-2026-1913-4,ocds-dgv273-seacev3-2026-1913-4-2026-05-22T10:32:12.719380-05:00,2386967,21217665,50111514,Cerdo mínimamente procesado sin aditivos,UNSPSC
ocds-dgv273-seacev3-2026-1913-4,ocds-dgv273-seacev3-2026-1913-4-2026-05-22T10:32:12.719380-05:00,2392275,21214121,50301526,Manzanas gala,UNSPSC
ocds-dgv273-seacev3-2026-1691-1,ocds-dgv273-seacev3-2026-1691-1-2026-05-22T10:32:12.400767-05:00,2394145,21222174,50131702,Leche o productos de mantequilla estables sin refrigerar,UNSPSC
ocds-dgv273-seacev3-2026-1735-14,ocds-dgv273-seacev3-2026-1735-14-2026-05-22T10:32:11.702265-05:00,2394342,21235946,72141003,Servicios de mantenimiento de pistas y carreteras,UNSPSC
ocds-dgv273-seacev3-1198596,ocds-dgv273-seacev3-1198596-2026-05-22T10:32:11.463367-05:00,2394058,21229222,80101604,Administración o planificación de proyectos,UNSPSC
ocds-dgv273-seacev3-1196520,ocds-dgv273-seacev3-1196520-2026-05-22T10:32:11.432175-05:00,2394181,21223961,72141003,Servicios de mantenimiento de pistas y carreteras,UNSPSC
ocds-dgv273-seacev3-1191973,ocds-dgv273-seacev3-1191973-2026-05-22T10:32:11.383502-05:00,2394219,21212844,81101515,Ingeniería de infraestructura de plantas o instalaciones,UNSPSC
ocds-dgv273-seacev3-2026-10507-5,ocds-dgv273-seacev3-2026-10507-5-2026-05-22T10:32:11.017606-05:00,2394182,21231335,82121504,Impresión tipográfica o serigrafía,UNSPSC
ocds-dgv273-seacev3-1201076,ocds-dgv273-seacev3-1201076-2026-05-22T10:32:10.964871-05:00,2394167,21236751,80101604,Administración o planificación de proyectos,UNSPSC
ocds-dgv273-seacev3-1196352,ocds-dgv273-seacev3-1196352-2026-05-22T10:32:10.250504-05:00,2394255,21223579,72151302,Servicios de pintado comercial,UNSPSC
ocds-dgv273-seacev3-1196490,ocds-dgv273-seacev3-1196490-2026-05-22T10:32:09.792072-05:00,2394118,21223939,72141003,Servicios de mantenimiento de pistas y carreteras,UNSPSC
ocds-dgv273-seacev3-1198525,ocds-dgv273-seacev3-1198525-2026-05-21T10:32:36.995451-05:00,2393606,21228834,51191602,Electrolitos de cloruro de sodio,UNSPSC
ocds-dgv273-seacev3-1202162,ocds-dgv273-seacev3-1202162-2026-05-21T10:32:36.806690-05:00,2393690,21241609,42142609,Jeringas médicas con aguja,UNSPSC
ocds-dgv273-seacev3-2026-200179-14,ocds-dgv273-seacev3-2026-200179-14-2026-05-21T10:32:36.592310-05:00,2393815,21237483,72141003,Servicios de mantenimiento de pistas y carreteras,UNSPSC
ocds-dgv273-seacev3-2026-200179-10,ocds-dgv273-seacev3-2026-200179-10-2026-05-21T10:32:36.424625-05:00,2393799,21237554,72141003,Servicios de mantenimiento de pistas y carreteras,UNSPSC
ocds-dgv273-seacev3-2026-10397-4,ocds-dgv273-seacev3-2026-10397-4-2026-05-21T10:32:35.375969-05:00,2393589,21232760,50111515,Pollo mínimamente procesado sin aditivos,UNSPSC
ocds-dgv273-seacev3-1196795,ocds-dgv273-seacev3-1196795-2026-05-21T10:32:34.637193-05:00,2393913,21224588,70141903,Servicios de cosecha de cultivos de campo,UNSPSC
ocds-dgv273-seacev3-1196814,ocds-dgv273-seacev3-1196814-2026-05-21T10:32:34.621338-05:00,2393902,21224576,70111601,Servicios de plantación,UNSPSC
ocds-dgv273-seacev3-1201500,ocds-dgv273-seacev3-1201500-2026-05-21T10:32:34.289128-05:00,2393749,21237939,82121599,Impresión,UNSPSC
ocds-dgv273-seacev3-2026-200179-13,ocds-dgv273-seacev3-2026-200179-13-2026-05-21T10:32:26.711692-05:00,2393848,21237471,72141003,Servicios de mantenimiento de pistas y carreteras,UNSPSC
ocds-dgv273-seacev3-1201440,ocds-dgv273-seacev3-1201440-2026-05-21T10:32:26.311237-05:00,2393916,21237786,30111505,Hormigón premezclado,UNSPSC
ocds-dgv273-seacev3-1201502,ocds-dgv273-seacev3-1201502-2026-05-21T10:32:26.154563-05:00,2393908,21237938,80101604,Administración o planificación de proyectos,UNSPSC
ocds-dgv273-seacev3-1197955,ocds-dgv273-seacev3-1197955-2026-05-21T10:32:25.733314-05:00,2393837,21228649,72154501,Servicio de reparación y mantenimiento de maquinaria pesada,UNSPSC
ocds-dgv273-seacev3-1197748,ocds-dgv273-seacev3-1197748-2026-05-21T10:32:25.525596-05:00,2393630,21226907,72141128,Servicio de remodelación  y/o construcción de plazas públicas,UNSPSC
ocds-dgv273-seacev3-2026-200179-15,ocds-dgv273-seacev3-2026-200179-15-2026-05-21T10:32:25.092049-05:00,2393823,21237930,72141003,Servicios de mantenimiento de pistas y carreteras,UNSPSC
ocds-dgv273-seacev3-2026-10435-6,ocds-dgv273-seacev3-2026-10435-6-2026-05-21T10:32:24.811335-05:00,2393626,21222858,72141003,Servicios de mantenimiento de pistas y carreteras,UNSPSC
ocds-dgv273-seacev3-1201026,ocds-dgv273-seacev3-1201026-2026-05-21T10:32:24.280535-05:00,2393583,21236689,72153102,Servicios de construcción de campos deportivos interiores,UNSPSC
ocds-dgv273-seacev3-1193013,ocds-dgv273-seacev3-1193013-2026-05-21T10:32:24.265220-05:00,2393842,21215324,15101506,Gasolina o Petróleo,UNSPSC
ocds-dgv273-seacev3-2026-10370-11,ocds-dgv273-seacev3-2026-10370-11-2026-05-21T10:32:15.643318-05:00,2393898,21237294,80101604,Administración o planificación de proyectos,UNSPSC
ocds-dgv273-seacev3-1201116,ocds-dgv273-seacev3-1201116-2026-05-21T10:32:15.331625-05:00,2393892,21236820,80101604,Administración o planificación de proyectos,UNSPSC
ocds-dgv273-seacev3-1201118,ocds-dgv273-seacev3-1201118-2026-05-21T10:32:14.713257-05:00,2393715,21236821,80101604,Administración o planificación de proyectos,UNSPSC
ocds-dgv273-seacev3-2026-200179-21,ocds-dgv273-seacev3-2026-200179-21-2026-05-21T10:32:14.673465-05:00,2393839,21238190,72141003,Servicios de mantenimiento de pistas y carreteras,UNSPSC
ocds-dgv273-seacev3-1199357,ocds-dgv273-seacev3-1199357-2026-05-21T10:32:14.418349-05:00,2393673,21231299,91111603,Servicios de cocina o preparación de comidas,UNSPSC
ocds-dgv273-seacev3-1200636,ocds-dgv273-seacev3-1200636-2026-05-21T10:32:14.215068-05:00,2385553,21235446,78111808,Alquiler de vehículos,UNSPSC
ocds-dgv273-seacev3-2026-10247-151,ocds-dgv273-seacev3-2026-10247-151-2026-05-21T10:32:13.379242-05:00,2393951,21229667,72121103,Servicios de renovación y reparación de edificios comerciales y de oficinas,UNSPSC
ocds-dgv273-seacev3-1196491,ocds-dgv273-seacev3-1196491-2026-05-21T10:32:04.190915-05:00,2393879,21223941,72141003,Servicios de mantenimiento de pistas y carreteras,UNSPSC
ocds-dgv273-seacev3-1201117,ocds-dgv273-seacev3-1201117-2026-05-21T10:32:03.665754-05:00,2393881,21236838,80101604,Administración o planificación de proyectos,UNSPSC
ocds-dgv273-seacev3-2026-200179-7,ocds-dgv273-seacev3-2026-200179-7-2026-05-21T10:32:03.523604-05:00,2393772,21237387,72141003,Servicios de mantenimiento de pistas y carreteras,UNSPSC
ocds-dgv273-seacev3-1201101,ocds-dgv273-seacev3-1201101-2026-05-21T10:32:03.123346-05:00,2393588,21236950,78111808,Alquiler de vehículos,UNSPSC
ocds-dgv273-seacev3-1196785,ocds-dgv273-seacev3-1196785-2026-05-21T10:32:02.096226-05:00,2393831,21224786,81101515,Ingeniería de infraestructura de plantas o instalaciones,UNSPSC
ocds-dgv273-seacev3-1200525,ocds-dgv273-seacev3-1200525-2026-05-21T10:32:01.665075-05:00,2393719,21235188,50131702,Leche o productos de mantequilla estables sin refrigerar,UNSPSC
ocds-dgv273-seacev3-2026-200283-3,ocds-dgv273-seacev3-2026-200283-3-2026-05-21T10:31:53.045527-05:00,2393619,21226849,76111501,Servicios de limpieza de edificios,UNSPSC
ocds-dgv273-seacev3-2026-200283-3,ocds-dgv273-seacev3-2026-200283-3-2026-05-21T10:31:53.045527-05:00,2393582,21226850,76111501,Servicios de limpieza de edificios,UNSPSC
ocds-dgv273-seacev3-1196504,ocds-dgv273-seacev3-1196504-2026-05-21T10:31:52.981306-05:00,2393900,21223934,72141003,Servicios de mantenimiento de pistas y carreteras,UNSPSC
ocds-dgv273-seacev3-2026-703-1,ocds-dgv273-seacev3-2026-703-1-2026-05-21T10:31:52.730039-05:00,2393830,21217888,72121406,Servicios de construcción de escuelas,UNSPSC
ocds-dgv273-seacev3-2026-10211-7,ocds-dgv273-seacev3-2026-10211-7-2026-05-21T10:31:52.355512-05:00,2393783,21214901,41116019,Reactivo analizador de hormona,UNSPSC
ocds-dgv273-seacev3-2026-10141-27,ocds-dgv273-seacev3-2026-10141-27-2026-05-21T10:31:52.306650-05:00,2393683,21228574,76111501,Servicios de limpieza de edificios,UNSPSC
ocds-dgv273-seacev3-2026-1585-4,ocds-dgv273-seacev3-2026-1585-4-2026-05-21T10:31:52.220996-05:00,2393796,21221618,81101515,Ingeniería de infraestructura de plantas o instalaciones,UNSPSC
ocds-dgv273-seacev3-1194018,ocds-dgv273-seacev3-1194018-2026-05-21T10:31:51.897032-05:00,2384410,21217899,72141508,Servicios de voladura excepto demolición de edificios,UNSPSC
ocds-dgv273-seacev3-2026-1920-5,ocds-dgv273-seacev3-2026-1920-5-2026-05-21T10:31:51.811568-05:00,2393629,21237822,53102799,Uniformes,UNSPSC
ocds-dgv273-seacev3-2026-1920-5,ocds-dgv273-seacev3-2026-1920-5-2026-05-21T10:31:51.811568-05:00,2393628,21237836,53102799,Uniformes,UNSPSC
ocds-dgv273-seacev3-1194025,ocds-dgv273-seacev3-1194025-2026-05-21T10:31:51.664691-05:00,2393699,21217949,30131502,Bloques de hormigón,UNSPSC
ocds-dgv273-seacev3-1193206,ocds-dgv273-seacev3-1193206-2026-05-21T10:31:51.331038-05:00,2393896,21215932,72141003,Servicios de mantenimiento de pistas y carreteras,UNSPSC
ocds-dgv273-seacev3-1211175,ocds-dgv273-seacev3-1211175-2026-05-21T10:31:44.049533-05:00,2393608,21264854,15101505,Diesel,UNSPSC
ocds-dgv273-seacev3-1194490,ocds-dgv273-seacev3-1194490-2026-05-21T10:31:42.566048-05:00,2393855,21219374,72121406,Servicios de construcción de escuelas,UNSPSC
ocds-dgv273-seacev3-1196499,ocds-dgv273-seacev3-1196499-2026-05-21T10:31:42.414185-05:00,2393674,21223681,72141003,Servicios de mantenimiento de pistas y carreteras,UNSPSC
ocds-dgv273-seacev3-2026-2005-26,ocds-dgv273-seacev3-2026-2005-26-2026-05-21T10:31:42.298334-05:00,2393921,21222304,84141602,Proveedores de servicios de tarjetas de crédito,UNSPSC
ocds-dgv273-seacev3-1193343,ocds-dgv273-seacev3-1193343-2026-05-21T10:31:42.254052-05:00,2393802,21216349,50221101,Granos de cereal,UNSPSC
ocds-dgv273-seacev3-1193343,ocds-dgv273-seacev3-1193343-2026-05-21T10:31:42.254052-05:00,2393802,21216348,50131702,Leche o productos de mantequilla estables sin refrigerar,UNSPSC
ocds-dgv273-seacev3-1200656,ocds-dgv273-seacev3-1200656-2026-05-21T10:31:42.170968-05:00,2393883,21235524,80101604,Administración o planificación de proyectos,UNSPSC
ocds-dgv273-seacev3-1194778,ocds-dgv273-seacev3-1194778-2026-05-21T10:31:41.949595-05:00,2393636,21220053,81101515,Ingeniería de infraestructura de plantas o instalaciones,UNSPSC
ocds-dgv273-seacev3-1195413,ocds-dgv273-seacev3-1195413-2026-05-21T10:31:41.778064-05:00,2393911,21221874,49121503,Carpas,UNSPSC
ocds-dgv273-seacev3-1200446,ocds-dgv273-seacev3-1200446-2026-05-21T10:31:41.708423-05:00,2393874,21235052,72151502,Servicios de instalación de sistemas de energía eléctrica,UNSPSC
ocds-dgv273-seacev3-1193126,ocds-dgv273-seacev3-1193126-2026-05-21T10:31:41.551024-05:00,2393688,21215546,81101510,Ingeniería de carreteras,UNSPSC
ocds-dgv273-seacev3-2026-200179-18,ocds-dgv273-seacev3-2026-200179-18-2026-05-21T10:31:41.243670-05:00,2393862,21238174,72141003,Servicios de mantenimiento de pistas y carreteras,UNSPSC
ocds-dgv273-seacev3-1198804,ocds-dgv273-seacev3-1198804-2026-05-21T10:31:41.168975-05:00,2393791,21229807,25131705,Aviones objetivo o de reconocimiento,UNSPSC
ocds-dgv273-seacev3-1198048,ocds-dgv273-seacev3-1198048-2026-05-21T10:31:40.214928-05:00,2393817,21227527,72101507,Servicio de mantenimiento de edificios,UNSPSC
ocds-dgv273-seacev3-2026-1923-2,ocds-dgv273-seacev3-2026-1923-2-2026-05-21T10:31:31.451536-05:00,2393891,21241246,78111804,Servicios de taxi,UNSPSC
ocds-dgv273-seacev3-1198983,ocds-dgv273-seacev3-1198983-2026-05-21T10:31:31.135647-05:00,2393776,21231574,51191603,Alimentación parenteral total o nutrición parenteral total TPN,UNSPSC
ocds-dgv273-seacev3-1198983,ocds-dgv273-seacev3-1198983-2026-05-21T10:31:31.135647-05:00,2393776,21231573,51191603,Alimentación parenteral total o nutrición parenteral total TPN,UNSPSC
ocds-dgv273-seacev3-2026-200179-6,ocds-dgv273-seacev3-2026-200179-6-2026-05-21T10:31:31.108138-05:00,2393708,21237529,72141003,Servicios de mantenimiento de pistas y carreteras,UNSPSC
ocds-dgv273-seacev3-2026-200179-16,ocds-dgv273-seacev3-2026-200179-16-2026-05-21T10:31:30.733833-05:00,2393832,21238126,72141003,Servicios de mantenimiento de pistas y carreteras,UNSPSC
ocds-dgv273-seacev3-1196493,ocds-dgv273-seacev3-1196493-2026-05-21T10:31:30.524482-05:00,2393887,21223966,72141003,Servicios de mantenimiento de pistas y carreteras,UNSPSC
ocds-dgv273-seacev3-2026-2002-6,ocds-dgv273-seacev3-2026-2002-6-2026-05-21T10:31:30.421537-05:00,2393860,21236934,81112102,Proveedor de servicio de correo electrónico,UNSPSC
ocds-dgv273-seacev3-1194040,ocds-dgv273-seacev3-1194040-2026-05-21T10:31:30.137900-05:00,2393591,21218009,72121406,Servicios de construcción de escuelas,UNSPSC
ocds-dgv273-seacev3-2026-258-2,ocds-dgv273-seacev3-2026-258-2-2026-05-21T10:31:30.017837-05:00,2393818,21224732,72141128,Servicio de remodelación  y/o construcción de plazas públicas,UNSPSC
ocds-dgv273-seacev3-1198723,ocds-dgv273-seacev3-1198723-2026-05-21T10:31:29.829272-05:00,2393623,21229632,50121538,Pescado estable sin refrigerar,UNSPSC
ocds-dgv273-seacev3-2026-1604-9,ocds-dgv273-seacev3-2026-1604-9-2026-05-21T10:31:29.815528-05:00,2393605,21222695,15101505,Diesel,UNSPSC
ocds-dgv273-seacev3-1200983,ocds-dgv273-seacev3-1200983-2026-05-21T10:31:29.798641-05:00,2393768,21236502,72121203,Servicios de construcción de silos y de edificaciones para servicio agrícola,UNSPSC
ocds-dgv273-seacev3-1190173,ocds-dgv273-seacev3-1190173-2026-05-21T10:31:29.508351-05:00,2393919,21208432,72121406,Servicios de construcción de escuelas,UNSPSC
ocds-dgv273-seacev3-2026-1952-119,ocds-dgv273-seacev3-2026-1952-119-2026-05-21T10:31:29.487422-05:00,2393787,21250783,81111602,Programación de Java,UNSPSC
ocds-dgv273-seacev3-1199049,ocds-dgv273-seacev3-1199049-2026-05-21T10:31:29.296701-05:00,2393700,21230680,42142106,Colchas o cubiertas terapéuticas de calentamiento o enfriamiento,UNSPSC
ocds-dgv273-seacev3-1200937,ocds-dgv273-seacev3-1200937-2026-05-21T10:31:29.111929-05:00,2393620,21236314,76122001,Disposición final de desechos genéricos no peligrosos,UNSPSC
ocds-dgv273-seacev3-1195166,ocds-dgv273-seacev3-1195166-2026-05-21T10:31:29.097512-05:00,2393678,21221001,72141001,Servicios de construcción de pistas y carreteras nuevas,UNSPSC
ocds-dgv273-seacev3-1200820,ocds-dgv273-seacev3-1200820-2026-05-21T10:31:28.942065-05:00,2387040,21236187,50221108,Grano de arroz,UNSPSC
ocds-dgv273-seacev3-1200820,ocds-dgv273-seacev3-1200820-2026-05-21T10:31:28.942065-05:00,2387040,21236188,10101601,Pollos vivos,UNSPSC
ocds-dgv273-seacev3-1196487,ocds-dgv273-seacev3-1196487-2026-05-21T10:31:28.887845-05:00,2393868,21223684,72141003,Servicios de mantenimiento de pistas y carreteras,UNSPSC
ocds-dgv273-seacev3-1196502,ocds-dgv273-seacev3-1196502-2026-05-21T10:31:20.083037-05:00,2393890,21223685,72141003,Servicios de mantenimiento de pistas y carreteras,UNSPSC
ocds-dgv273-seacev3-1196484,ocds-dgv273-seacev3-1196484-2026-05-21T10:31:20.066656-05:00,2393845,21223925,72141003,Servicios de mantenimiento de pistas y carreteras,UNSPSC
ocds-dgv273-seacev3-1200019,ocds-dgv273-seacev3-1200019-2026-05-21T10:31:19.786287-05:00,2393945,21233309,30151501,Techado prearmado,UNSPSC
ocds-dgv273-seacev3-1200945,ocds-dgv273-seacev3-1200945-2026-05-21T10:31:18.583476-05:00,2393752,21236322,30101505,Ángulos de acero inoxidable,UNSPSC
ocds-dgv273-seacev3-1196278,ocds-dgv273-seacev3-1196278-2026-05-20T10:31:37.276238-05:00,2393573,21223327,72141106,Servicios de construcción de caminos de grava o tierra,UNSPSC
ocds-dgv273-seacev3-1193230,ocds-dgv273-seacev3-1193230-2026-05-20T10:31:34.915472-05:00,2393411,21215780,81101515,Ingeniería de infraestructura de plantas o instalaciones,UNSPSC
ocds-dgv273-seacev3-2026-2525-67,ocds-dgv273-seacev3-2026-2525-67-2026-05-20T10:31:34.723211-05:00,2393365,21228793,43232901,Software de acceso,UNSPSC
ocds-dgv273-seacev3-1202181,ocds-dgv273-seacev3-1202181-2026-05-20T10:31:34.606238-05:00,2392808,21241904,72141121,Servicios de construcción de tuberías principales de agua,UNSPSC
ocds-dgv273-seacev3-1198529,ocds-dgv273-seacev3-1198529-2026-05-20T10:31:34.244845-05:00,2393551,21228838,72141701,Servicio de arrendamiento o alquiler de maquinaria de construcción,UNSPSC
ocds-dgv273-seacev3-1196239,ocds-dgv273-seacev3-1196239-2026-05-20T10:31:28.987299-05:00,2393384,21223248,81101508,Ingeniería arquitectónica,UNSPSC
ocds-dgv273-seacev3-1193885,ocds-dgv273-seacev3-1193885-2026-05-20T10:31:28.811365-05:00,2393399,21217704,30111903,Lámina de malla de alambre,UNSPSC
ocds-dgv273-seacev3-1194032,ocds-dgv273-seacev3-1194032-2026-05-20T10:31:28.611062-05:00,2387080,21217964,80121705,Servicios legales de beneficios de los empleados,UNSPSC
ocds-dgv273-seacev3-1196735,ocds-dgv273-seacev3-1196735-2026-05-20T10:31:28.232314-05:00,2393562,21224725,72151502,Servicios de instalación de sistemas de energía eléctrica,UNSPSC
ocds-dgv273-seacev3-1194441,ocds-dgv273-seacev3-1194441-2026-05-20T10:31:28.120662-05:00,2387011,21219139,72121406,Servicios de construcción de escuelas,UNSPSC
ocds-dgv273-seacev3-1195393,ocds-dgv273-seacev3-1195393-2026-05-20T10:31:16.686145-05:00,2393311,21221695,72153102,Servicios de construcción de campos deportivos interiores,UNSPSC
ocds-dgv273-seacev3-1192110,ocds-dgv273-seacev3-1192110-2026-05-20T10:31:16.553955-05:00,2393398,21213251,72141128,Servicio de remodelación  y/o construcción de plazas públicas,UNSPSC
ocds-dgv273-seacev3-1193487,ocds-dgv273-seacev3-1193487-2026-05-20T10:31:16.198875-05:00,2387584,21216533,80101604,Administración o planificación de proyectos,UNSPSC
ocds-dgv273-seacev3-1194449,ocds-dgv273-seacev3-1194449-2026-05-20T10:31:16.115571-05:00,2388617,21219204,80131502,Alquiler de instalaciones comerciales o industriales,UNSPSC
ocds-dgv273-seacev3-2026-490-1,ocds-dgv273-seacev3-2026-490-1-2026-05-20T10:31:14.943820-05:00,2393522,21227606,72121505,Servicios de construcción de plantas para tratamiento de aguas residuales y aguas servidas,UNSPSC
ocds-dgv273-seacev3-2026-10397-6,ocds-dgv273-seacev3-2026-10397-6-2026-05-20T10:31:14.867499-05:00,2393514,21232968,50221108,Grano de arroz,UNSPSC
ocds-dgv273-seacev3-1195798,ocds-dgv273-seacev3-1195798-2026-05-20T10:31:06.320549-05:00,2393310,21222449,47101505,Equipo para manipulación de cloro,UNSPSC
ocds-dgv273-seacev3-1199660,ocds-dgv273-seacev3-1199660-2026-05-20T10:31:06.168389-05:00,2393413,21233246,72121203,Servicios de construcción de silos y de edificaciones para servicio agrícola,UNSPSC
ocds-dgv273-seacev3-2026-200179-5,ocds-dgv273-seacev3-2026-200179-5-2026-05-20T10:31:05.375399-05:00,2393511,21237521,72141003,Servicios de mantenimiento de pistas y carreteras,UNSPSC
ocds-dgv273-seacev3-1200427,ocds-dgv273-seacev3-1200427-2026-05-20T10:31:04.432689-05:00,2393325,21235027,72102905,Mantenimiento de terrenos externos,UNSPSC
ocds-dgv273-seacev3-2026-1810-2,ocds-dgv273-seacev3-2026-1810-2-2026-05-20T10:31:04.169240-05:00,2393473,21231138,81101510,Ingeniería de carreteras,UNSPSC
ocds-dgv273-seacev3-1194945,ocds-dgv273-seacev3-1194945-2026-05-20T10:31:03.619903-05:00,2393449,21220349,72141106,Servicios de construcción de caminos de grava o tierra,UNSPSC
ocds-dgv273-seacev3-1199407,ocds-dgv273-seacev3-1199407-2026-05-20T10:30:54.648649-05:00,2393475,21231437,72151502,Servicios de instalación de sistemas de energía eléctrica,UNSPSC
ocds-dgv273-seacev3-1198261,ocds-dgv273-seacev3-1198261-2026-05-20T10:30:53.786990-05:00,2393574,21228142,72141128,Servicio de remodelación  y/o construcción de plazas públicas,UNSPSC
ocds-dgv273-seacev3-2026-1479-6,ocds-dgv273-seacev3-2026-1479-6-2026-05-20T10:30:53.665596-05:00,2393352,21227886,72141106,Servicios de construcción de caminos de grava o tierra,UNSPSC
ocds-dgv273-seacev3-1195804,ocds-dgv273-seacev3-1195804-2026-05-20T10:30:53.488505-05:00,2393381,21222452,72141121,Servicios de construcción de tuberías principales de agua,UNSPSC
ocds-dgv273-seacev3-1200965,ocds-dgv273-seacev3-1200965-2026-05-20T10:30:53.460681-05:00,2393414,21236326,15101506,Gasolina o Petróleo,UNSPSC
ocds-dgv273-seacev3-2026-1606-3,ocds-dgv273-seacev3-2026-1606-3-2026-05-20T10:30:52.814991-05:00,2393343,21234693,15101505,Diesel,UNSPSC
ocds-dgv273-seacev3-1200623,ocds-dgv273-seacev3-1200623-2026-05-20T10:30:44.338611-05:00,2393491,21237928,41112109,Transductor de corriente,UNSPSC
ocds-dgv273-seacev3-1196801,ocds-dgv273-seacev3-1196801-2026-05-20T10:30:43.369695-05:00,2393567,21224566,81101508,Ingeniería arquitectónica,UNSPSC
ocds-dgv273-seacev3-2026-200179-4,ocds-dgv273-seacev3-2026-200179-4-2026-05-20T10:30:43.030665-05:00,2393486,21237345,72141003,Servicios de mantenimiento de pistas y carreteras,UNSPSC
ocds-dgv273-seacev3-1196071,ocds-dgv273-seacev3-1196071-2026-05-20T10:30:42.944175-05:00,2393460,21222934,80131502,Alquiler de instalaciones comerciales o industriales,UNSPSC
ocds-dgv273-seacev3-1198365,ocds-dgv273-seacev3-1198365-2026-05-20T10:30:42.254361-05:00,2393388,21228405,82121599,Impresión,UNSPSC
ocds-dgv273-seacev3-1201477,ocds-dgv273-seacev3-1201477-2026-05-20T10:30:42.117251-05:00,2393309,21238106,83101899,Servicios públicos de energía eléctrica,UNSPSC
ocds-dgv273-seacev3-2026-1926-88,ocds-dgv273-seacev3-2026-1926-88-2026-05-20T10:30:42.102518-05:00,2393406,21222938,81161501,Servicio de administración de aplicaciones de software,UNSPSC
ocds-dgv273-seacev3-1194241,ocds-dgv273-seacev3-1194241-2026-05-20T10:30:34.128241-05:00,2393488,21218588,72153102,Servicios de construcción de campos deportivos interiores,UNSPSC
ocds-dgv273-seacev3-2026-1506-9,ocds-dgv273-seacev3-2026-1506-9-2026-05-20T10:30:33.848570-05:00,2393425,21217696,72121406,Servicios de construcción de escuelas,UNSPSC
ocds-dgv273-seacev3-2026-200179-2,ocds-dgv273-seacev3-2026-200179-2-2026-05-20T10:30:33.659350-05:00,2393480,21237156,72141003,Servicios de mantenimiento de pistas y carreteras,UNSPSC
ocds-dgv273-seacev3-2026-200018-4,ocds-dgv273-seacev3-2026-200018-4-2026-05-20T10:30:33.502383-05:00,2393312,21222499,15101506,Gasolina o Petróleo,UNSPSC
ocds-dgv273-seacev3-1196227,ocds-dgv273-seacev3-1196227-2026-05-20T10:30:33.456311-05:00,2391032,21223160,12181503,Parafinas,UNSPSC
ocds-dgv273-seacev3-1193511,ocds-dgv273-seacev3-1193511-2026-05-20T10:30:32.180879-05:00,2393313,21216717,30111601,Cemento,UNSPSC
ocds-dgv273-seacev3-2026-27-12,ocds-dgv273-seacev3-2026-27-12-2026-05-20T10:30:31.694093-05:00,2393444,21237746,81161801,Servicio de arrendamiento o alquiler de plataforma o equipo de comunicación de datos,UNSPSC
ocds-dgv273-seacev3-1201613,ocds-dgv273-seacev3-1201613-2026-05-20T10:30:22.287949-05:00,2393565,21238283,56101538,Servicios de comedor o buffet,UNSPSC
ocds-dgv273-seacev3-1202096,ocds-dgv273-seacev3-1202096-2026-05-20T10:30:21.894160-05:00,2393575,21239817,72153605,Servicios de remodelación de cocinas y servicios higiénicos,UNSPSC
ocds-dgv273-seacev3-1200526,ocds-dgv273-seacev3-1200526-2026-05-20T10:30:21.801903-05:00,2393450,21235242,30121601,Asfalto,UNSPSC
ocds-dgv273-seacev3-1200526,ocds-dgv273-seacev3-1200526-2026-05-20T10:30:21.801903-05:00,2393450,21235241,30121601,Asfalto,UNSPSC
ocds-dgv273-seacev3-1198549,ocds-dgv273-seacev3-1198549-2026-05-20T10:30:20.617857-05:00,2393498,21229059,30121803,Césped artificial,UNSPSC
ocds-dgv273-seacev3-1192699,ocds-dgv273-seacev3-1192699-2026-05-20T10:30:20.488271-05:00,2393426,21214538,72121507,Mantenimiento y construcción de tanques,UNSPSC
ocds-dgv273-seacev3-1198711,ocds-dgv273-seacev3-1198711-2026-05-20T10:30:20.062017-05:00,2393453,21229613,50221108,Grano de arroz,UNSPSC
ocds-dgv273-seacev3-1198711,ocds-dgv273-seacev3-1198711-2026-05-20T10:30:20.062017-05:00,2393453,21229614,50121538,Pescado estable sin refrigerar,UNSPSC
ocds-dgv273-seacev3-2026-1926-31,ocds-dgv273-seacev3-2026-1926-31-2026-05-20T10:30:19.939623-05:00,2393392,21231312,50202301,Agua,UNSPSC
ocds-dgv273-seacev3-2026-1638-3,ocds-dgv273-seacev3-2026-1638-3-2026-05-19T10:24:27.246914-05:00,2393304,21220413,15101505,Diesel,UNSPSC
ocds-dgv273-seacev3-1199229,ocds-dgv273-seacev3-1199229-2026-05-18T10:06:27.364994-05:00,2393301,21230953,50131702,Leche o productos de mantequilla estables sin refrigerar,UNSPSC
ocds-dgv273-seacev3-1215808,ocds-dgv273-seacev3-1215808-2026-05-17T10:13:13.658614-05:00,2393113,21277740,80101606,Evaluación y monitoreo de proyectos,UNSPSC
ocds-dgv273-seacev3-1201952,ocds-dgv273-seacev3-1201952-2026-05-17T10:13:09.983773-05:00,2393178,21239624,11111611,Grava,UNSPSC
ocds-dgv273-seacev3-2026-1216-7,ocds-dgv273-seacev3-2026-1216-7-2026-05-17T10:13:09.834055-05:00,2393034,21233873,72141128,Servicio de remodelación  y/o construcción de plazas públicas,UNSPSC
ocds-dgv273-seacev3-1197777,ocds-dgv273-seacev3-1197777-2026-05-17T10:13:09.732945-05:00,2393272,21226953,81101510,Ingeniería de carreteras,UNSPSC
ocds-dgv273-seacev3-2026-10049-23,ocds-dgv273-seacev3-2026-10049-23-2026-05-17T10:13:09.540634-05:00,2393059,21215460,27112014,Segadora de césped,UNSPSC
ocds-dgv273-seacev3-1192531,ocds-dgv273-seacev3-1192531-2026-05-17T10:13:09.507285-05:00,2393052,21214230,41112504,Medidor de agua,UNSPSC
ocds-dgv273-seacev3-1215774,ocds-dgv273-seacev3-1215774-2026-05-17T10:13:06.837695-05:00,2393110,21277354,80101606,Evaluación y monitoreo de proyectos,UNSPSC
ocds-dgv273-seacev3-2026-1921-28,ocds-dgv273-seacev3-2026-1921-28-2026-05-17T10:13:03.654382-05:00,2393128,21218870,80171602,Servicios de publicidad en línea y en los medios sociales,UNSPSC
ocds-dgv273-seacev3-1199451,ocds-dgv273-seacev3-1199451-2026-05-17T10:13:03.605947-05:00,2393086,21231677,23141704,Equipo para talleres de trabajo en cuero,UNSPSC
ocds-dgv273-seacev3-2026-1642-4,ocds-dgv273-seacev3-2026-1642-4-2026-05-17T10:13:03.108508-05:00,2393265,21230747,81101508,Ingeniería arquitectónica,UNSPSC
ocds-dgv273-seacev3-1192911,ocds-dgv273-seacev3-1192911-2026-05-17T10:13:02.711486-05:00,2393264,21215088,30131704,Azulejos o baldosas de cerámica,UNSPSC
ocds-dgv273-seacev3-2026-1049-1,ocds-dgv273-seacev3-2026-1049-1-2026-05-17T10:13:02.651125-05:00,2393255,21213997,72141128,Servicio de remodelación  y/o construcción de plazas públicas,UNSPSC
ocds-dgv273-seacev3-1198627,ocds-dgv273-seacev3-1198627-2026-05-17T10:13:02.592664-05:00,2393216,21229221,42161608,Soluciones de dializados para hemodiálisis,UNSPSC
ocds-dgv273-seacev3-1207682,ocds-dgv273-seacev3-1207682-2026-05-17T10:13:02.341986-05:00,2393214,21254674,72141003,Servicios de mantenimiento de pistas y carreteras,UNSPSC
ocds-dgv273-seacev3-2026-200038-5,ocds-dgv273-seacev3-2026-200038-5-2026-05-17T10:13:01.900272-05:00,2389128,21218180,51191602,Electrolitos de cloruro de sodio,UNSPSC
ocds-dgv273-seacev3-2026-200038-5,ocds-dgv273-seacev3-2026-200038-5-2026-05-17T10:13:01.900272-05:00,2389503,21218149,51183505,Metformina,UNSPSC
ocds-dgv273-seacev3-2026-200038-5,ocds-dgv273-seacev3-2026-200038-5-2026-05-17T10:13:01.900272-05:00,2391439,21218181,51381701,Acetaminofen,UNSPSC
ocds-dgv273-seacev3-2026-200038-5,ocds-dgv273-seacev3-2026-200038-5-2026-05-17T10:13:01.900272-05:00,2391439,21218179,51191602,Electrolitos de cloruro de sodio,UNSPSC
ocds-dgv273-seacev3-2026-200038-5,ocds-dgv273-seacev3-2026-200038-5-2026-05-17T10:13:01.900272-05:00,2391559,21218176,51263402,Tamsulosina,UNSPSC
ocds-dgv273-seacev3-2026-200038-5,ocds-dgv273-seacev3-2026-200038-5-2026-05-17T10:13:01.900272-05:00,2391559,21218182,51142508,Pramipexol,UNSPSC
ocds-dgv273-seacev3-2026-200038-5,ocds-dgv273-seacev3-2026-200038-5-2026-05-17T10:13:01.900272-05:00,2391625,21218178,51292016,Sertralina,UNSPSC
ocds-dgv273-seacev3-2026-200038-5,ocds-dgv273-seacev3-2026-200038-5-2026-05-17T10:13:01.900272-05:00,2391631,21218064,51171707,Subsalicilato de bismuto,UNSPSC
ocds-dgv273-seacev3-2026-200038-5,ocds-dgv273-seacev3-2026-200038-5-2026-05-17T10:13:01.900272-05:00,2391596,21218061,51141517,Gabapentin,UNSPSC
ocds-dgv273-seacev3-2026-200038-5,ocds-dgv273-seacev3-2026-200038-5-2026-05-17T10:13:01.900272-05:00,2391634,21218059,51102402,Hipromelosa,UNSPSC
ocds-dgv273-seacev3-2026-200038-5,ocds-dgv273-seacev3-2026-200038-5-2026-05-17T10:13:01.900272-05:00,2391597,21218062,51131607,Enoxaparina de sodio,UNSPSC
ocds-dgv273-seacev3-2026-200038-5,ocds-dgv273-seacev3-2026-200038-5-2026-05-17T10:13:01.900272-05:00,2391633,21218063,51171605,Lactulosa,UNSPSC
ocds-dgv273-seacev3-2026-200038-5,ocds-dgv273-seacev3-2026-200038-5-2026-05-17T10:13:01.900272-05:00,2391636,21218060,51121805,Gemfibrozil,UNSPSC
ocds-dgv273-seacev3-2026-200038-5,ocds-dgv273-seacev3-2026-200038-5-2026-05-17T10:13:01.900272-05:00,2391636,21218057,51121818,Atorvastatina,UNSPSC
ocds-dgv273-seacev3-2026-200038-5,ocds-dgv273-seacev3-2026-200038-5-2026-05-17T10:13:01.900272-05:00,2391564,21218152,51151908,Citrato de orfenadrina,UNSPSC
ocds-dgv273-seacev3-2026-200038-5,ocds-dgv273-seacev3-2026-200038-5-2026-05-17T10:13:01.900272-05:00,2391640,21218147,51121904,Nifedipina,UNSPSC
ocds-dgv273-seacev3-2026-200038-5,ocds-dgv273-seacev3-2026-200038-5-2026-05-17T10:13:01.900272-05:00,2391641,21218153,51121710,Losartán potásico,UNSPSC
ocds-dgv273-seacev3-2026-200038-5,ocds-dgv273-seacev3-2026-200038-5-2026-05-17T10:13:01.900272-05:00,2391645,21218148,51171909,Omeprazol,UNSPSC
ocds-dgv273-seacev3-2026-200038-5,ocds-dgv273-seacev3-2026-200038-5-2026-05-17T10:13:01.900272-05:00,2391873,21218146,51141711,Levomepromazina,UNSPSC
ocds-dgv273-seacev3-2026-200038-5,ocds-dgv273-seacev3-2026-200038-5-2026-05-17T10:13:01.900272-05:00,2393223,21218058,51131508,Epoetina alfa,UNSPSC
ocds-dgv273-seacev3-2026-200038-5,ocds-dgv273-seacev3-2026-200038-5-2026-05-17T10:13:01.900272-05:00,2393217,21218150,51384627,Metamizol sodio,UNSPSC
ocds-dgv273-seacev3-1198139,ocds-dgv273-seacev3-1198139-2026-05-17T10:13:01.564298-05:00,2393130,21227880,81101510,Ingeniería de carreteras,UNSPSC
ocds-dgv273-seacev3-1188370,ocds-dgv273-seacev3-1188370-2026-05-17T10:13:01.529926-05:00,2391062,21203617,72152605,Servicios de montaje y reparación de techos,UNSPSC
ocds-dgv273-seacev3-2026-200441-7,ocds-dgv273-seacev3-2026-200441-7-2026-05-17T10:13:01.490406-05:00,2393087,21219021,48101514,Ollas a presión de uso comercial,UNSPSC
ocds-dgv273-seacev3-2026-461-11,ocds-dgv273-seacev3-2026-461-11-2026-05-17T10:13:01.283919-05:00,2393250,21238637,30111601,Cemento,UNSPSC
ocds-dgv273-seacev3-2026-37-124,ocds-dgv273-seacev3-2026-37-124-2026-05-17T10:13:00.916645-05:00,2393100,21224527,39122221,Parte o accesorio del interruptor,UNSPSC
ocds-dgv273-seacev3-1196618,ocds-dgv273-seacev3-1196618-2026-05-17T10:13:00.874424-05:00,2393296,21224231,50221108,Grano de arroz,UNSPSC
ocds-dgv273-seacev3-1199297,ocds-dgv273-seacev3-1199297-2026-05-17T10:13:00.793309-05:00,2393076,21231131,92101805,Procesos de apelación o revisiones judiciales,UNSPSC
ocds-dgv273-seacev3-1215833,ocds-dgv273-seacev3-1215833-2026-05-17T10:12:55.670284-05:00,2393118,21277778,80101606,Evaluación y monitoreo de proyectos,UNSPSC
ocds-dgv273-seacev3-1215695,ocds-dgv273-seacev3-1215695-2026-05-17T10:12:54.398481-05:00,2393107,21277482,80101604,Administración o planificación de proyectos,UNSPSC
ocds-dgv273-seacev3-1193290,ocds-dgv273-seacev3-1193290-2026-05-17T10:12:53.217750-05:00,2393035,21216131,72141003,Servicios de mantenimiento de pistas y carreteras,UNSPSC
ocds-dgv273-seacev3-1201996,ocds-dgv273-seacev3-1201996-2026-05-17T10:12:53.065359-05:00,2393257,21239655,42322403,Accesorios para implantes reconstructivos,UNSPSC
ocds-dgv273-seacev3-1199398,ocds-dgv273-seacev3-1199398-2026-05-17T10:12:52.979729-05:00,2393253,21231400,72154007,Servicios de desagüe,UNSPSC
ocds-dgv273-seacev3-1197902,ocds-dgv273-seacev3-1197902-2026-05-17T10:12:52.657267-05:00,2393068,21227200,50221108,Grano de arroz,UNSPSC
ocds-dgv273-seacev3-1215481,ocds-dgv273-seacev3-1215481-2026-05-17T10:12:48.067471-05:00,2393119,21276665,80161504,Servicios de oficina,UNSPSC
ocds-dgv273-seacev3-1215688,ocds-dgv273-seacev3-1215688-2026-05-17T10:12:46.427439-05:00,2393105,21277480,80101604,Administración o planificación de proyectos,UNSPSC
ocds-dgv273-seacev3-1201155,ocds-dgv273-seacev3-1201155-2026-05-17T10:12:45.108605-05:00,2393247,21236882,72152605,Servicios de montaje y reparación de techos,UNSPSC
ocds-dgv273-seacev3-2026-119558-8,ocds-dgv273-seacev3-2026-119558-8-2026-05-17T10:12:45.093686-05:00,2393058,21222015,41115804,Accesorios o suministros de analizadores de banco de sangre,UNSPSC
ocds-dgv273-seacev3-1198310,ocds-dgv273-seacev3-1198310-2026-05-17T10:12:44.948904-05:00,2392907,21228307,72153102,Servicios de construcción de campos deportivos interiores,UNSPSC
ocds-dgv273-seacev3-1193270,ocds-dgv273-seacev3-1193270-2026-05-17T10:12:44.810691-05:00,2393033,21216130,72141003,Servicios de mantenimiento de pistas y carreteras,UNSPSC
ocds-dgv273-seacev3-1200844,ocds-dgv273-seacev3-1200844-2026-05-17T10:12:44.435776-05:00,2393172,21235923,12142105,Aire industrial,UNSPSC
ocds-dgv273-seacev3-1195532,ocds-dgv273-seacev3-1195532-2026-05-17T10:12:44.257440-05:00,2393146,21229391,81101510,Ingeniería de carreteras,UNSPSC
ocds-dgv273-seacev3-1198899,ocds-dgv273-seacev3-1198899-2026-05-17T10:12:44.090386-05:00,2393205,21230379,47121603,Pulidoras de piso,UNSPSC
ocds-dgv273-seacev3-1198609,ocds-dgv273-seacev3-1198609-2026-05-17T10:12:44.075316-05:00,2393047,21229140,78181801,Servicio de mantenimiento de ala fija de aeronave,UNSPSC
ocds-dgv273-seacev3-1193398,ocds-dgv273-seacev3-1193398-2026-05-17T10:12:44.019760-05:00,2393108,21216389,15101505,Diesel,UNSPSC
ocds-dgv273-seacev3-1192329,ocds-dgv273-seacev3-1192329-2026-05-17T10:12:43.517033-05:00,2393246,21213667,49241706,Manta solar,UNSPSC
ocds-dgv273-seacev3-2026-10248-53,ocds-dgv273-seacev3-2026-10248-53-2026-05-17T10:12:43.443922-05:00,2393159,21237223,83121703,Servicios relacionados con Internet,UNSPSC
ocds-dgv273-seacev3-1200320,ocds-dgv273-seacev3-1200320-2026-05-17T10:12:43.152704-05:00,2393081,21234336,84131602,Seguros de salud u hospitalización,UNSPSC
ocds-dgv273-seacev3-2026-1983-27,ocds-dgv273-seacev3-2026-1983-27-2026-05-17T10:12:43.007866-05:00,2393183,21237980,72153303,Servicio de mantenimiento y reparación de equipo de estación de servicio,UNSPSC
ocds-dgv273-seacev3-2026-341-2,ocds-dgv273-seacev3-2026-341-2-2026-05-17T10:12:42.993886-05:00,2393210,21213798,50131702,Leche o productos de mantequilla estables sin refrigerar,UNSPSC
ocds-dgv273-seacev3-1195127,ocds-dgv273-seacev3-1195127-2026-05-17T10:12:42.923128-05:00,2393148,21221035,72141128,Servicio de remodelación  y/o construcción de plazas públicas,UNSPSC
ocds-dgv273-seacev3-1202100,ocds-dgv273-seacev3-1202100-2026-05-17T10:12:34.794091-05:00,2393041,21241518,80131502,Alquiler de instalaciones comerciales o industriales,UNSPSC
ocds-dgv273-seacev3-1196998,ocds-dgv273-seacev3-1196998-2026-05-17T10:12:34.321506-05:00,2393078,21225040,81101524,Servicio de planificación  del desarrollo de la ciudad,UNSPSC
ocds-dgv273-seacev3-1193472,ocds-dgv273-seacev3-1193472-2026-05-17T10:12:34.107789-05:00,2393155,21226304,81101515,Ingeniería de infraestructura de plantas o instalaciones,UNSPSC
ocds-dgv273-seacev3-1203024,ocds-dgv273-seacev3-1203024-2026-05-17T10:12:33.753361-05:00,2393062,21244035,72153102,Servicios de construcción de campos deportivos interiores,UNSPSC
ocds-dgv273-seacev3-1196635,ocds-dgv273-seacev3-1196635-2026-05-17T10:12:33.508409-05:00,2393152,21224348,72141128,Servicio de remodelación  y/o construcción de plazas públicas,UNSPSC
ocds-dgv273-seacev3-2026-10516-2,ocds-dgv273-seacev3-2026-10516-2-2026-05-17T10:12:33.233454-05:00,2393276,21238043,81101515,Ingeniería de infraestructura de plantas o instalaciones,UNSPSC
ocds-dgv273-seacev3-1200226,ocds-dgv273-seacev3-1200226-2026-05-17T10:12:33.106334-05:00,2393201,21234046,90121701,Guías turísticos o del área,UNSPSC
ocds-dgv273-seacev3-1200585,ocds-dgv273-seacev3-1200585-2026-05-17T10:12:32.726962-05:00,2393258,21235286,72153102,Servicios de construcción de campos deportivos interiores,UNSPSC
ocds-dgv273-seacev3-1201552,ocds-dgv273-seacev3-1201552-2026-05-17T10:12:32.485129-05:00,2393088,21238204,21102401,Equipo para apicultura,UNSPSC
ocds-dgv273-seacev3-1199462,ocds-dgv273-seacev3-1199462-2026-05-16T10:22:31.188777-05:00,2389817,21231683,40171503,Tubería comercial de hierro dúctil,UNSPSC
ocds-dgv273-seacev3-2026-10433-4,ocds-dgv273-seacev3-2026-10433-4-2026-05-16T10:22:30.652251-05:00,2392910,21222751,81101505,Ingeniería estructural,UNSPSC
ocds-dgv273-seacev3-1198415,ocds-dgv273-seacev3-1198415-2026-05-16T10:22:30.150144-05:00,2393007,21228490,72141003,Servicios de mantenimiento de pistas y carreteras,UNSPSC
ocds-dgv273-seacev3-1198212,ocds-dgv273-seacev3-1198212-2026-05-16T10:22:29.453914-05:00,2392966,21227776,72141003,Servicios de mantenimiento de pistas y carreteras,UNSPSC
ocds-dgv273-seacev3-1198183,ocds-dgv273-seacev3-1198183-2026-05-16T10:22:29.070423-05:00,2392861,21227720,72141003,Servicios de mantenimiento de pistas y carreteras,UNSPSC
ocds-dgv273-seacev3-1195063,ocds-dgv273-seacev3-1195063-2026-05-16T10:22:28.756573-05:00,2392949,21220865,81101508,Ingeniería arquitectónica,UNSPSC
ocds-dgv273-seacev3-1197805,ocds-dgv273-seacev3-1197805-2026-05-16T10:22:28.489582-05:00,2392611,21226980,30111601,Cemento,UNSPSC
ocds-dgv273-seacev3-1193852,ocds-dgv273-seacev3-1193852-2026-05-16T10:22:27.865604-05:00,2392919,21217486,50121538,Pescado estable sin refrigerar,UNSPSC
ocds-dgv273-seacev3-1194020,ocds-dgv273-seacev3-1194020-2026-05-16T10:22:27.672167-05:00,2392579,21217950,91111601,Servicios de limpieza y mantenimiento,UNSPSC
ocds-dgv273-seacev3-1214761,ocds-dgv273-seacev3-1214761-2026-05-16T10:22:22.495178-05:00,2392892,21274148,81111602,Programación de Java,UNSPSC
ocds-dgv273-seacev3-1211357,ocds-dgv273-seacev3-1211357-2026-05-16T10:22:22.125370-05:00,2392854,21265439,50111521,Pavo mínimamente procesado sin aditivos,UNSPSC
ocds-dgv273-seacev3-1200060,ocds-dgv273-seacev3-1200060-2026-05-16T10:22:19.982262-05:00,2392867,21233361,72141701,Servicio de arrendamiento o alquiler de maquinaria de construcción,UNSPSC
ocds-dgv273-seacev3-1194385,ocds-dgv273-seacev3-1194385-2026-05-16T10:22:19.706150-05:00,2392923,21219105,72141701,Servicio de arrendamiento o alquiler de maquinaria de construcción,UNSPSC
ocds-dgv273-seacev3-1198094,ocds-dgv273-seacev3-1198094-2026-05-16T10:22:19.659416-05:00,2392829,21227837,72141003,Servicios de mantenimiento de pistas y carreteras,UNSPSC
ocds-dgv273-seacev3-1200053,ocds-dgv273-seacev3-1200053-2026-05-16T10:22:19.503402-05:00,2392968,21233366,53102902,Ropa deportiva para caballero,UNSPSC
ocds-dgv273-seacev3-1198283,ocds-dgv273-seacev3-1198283-2026-05-16T10:22:18.639185-05:00,2392680,21228144,46182306,Correas o arneses de seguridad,UNSPSC
ocds-dgv273-seacev3-1200583,ocds-dgv273-seacev3-1200583-2026-05-16T10:22:18.465928-05:00,2392570,21235276,72141003,Servicios de mantenimiento de pistas y carreteras,UNSPSC
ocds-dgv273-seacev3-1199932,ocds-dgv273-seacev3-1199932-2026-05-16T10:22:18.411458-05:00,2392953,21233111,72141128,Servicio de remodelación  y/o construcción de plazas públicas,UNSPSC
ocds-dgv273-seacev3-1198228,ocds-dgv273-seacev3-1198228-2026-05-16T10:22:18.200793-05:00,2392952,21227771,72141003,Servicios de mantenimiento de pistas y carreteras,UNSPSC
ocds-dgv273-seacev3-2026-959-2,ocds-dgv273-seacev3-2026-959-2-2026-05-16T10:22:17.939932-05:00,2392837,21218865,72153102,Servicios de construcción de campos deportivos interiores,UNSPSC
ocds-dgv273-seacev3-1201812,ocds-dgv273-seacev3-1201812-2026-05-16T10:22:17.619112-05:00,2392928,21238803,80131502,Alquiler de instalaciones comerciales o industriales,UNSPSC
ocds-dgv273-seacev3-1198266,ocds-dgv273-seacev3-1198266-2026-05-16T10:22:17.422355-05:00,2392972,21228269,72141003,Servicios de mantenimiento de pistas y carreteras,UNSPSC
ocds-dgv273-seacev3-1193318,ocds-dgv273-seacev3-1193318-2026-05-16T10:22:17.337376-05:00,2392622,21216286,72152103,Servicios de aislamiento de edificaciones,UNSPSC
ocds-dgv273-seacev3-1200914,ocds-dgv273-seacev3-1200914-2026-05-16T10:22:17.160459-05:00,2392721,21236275,30111601,Cemento,UNSPSC
ocds-dgv273-seacev3-2026-1336-12,ocds-dgv273-seacev3-2026-1336-12-2026-05-16T10:22:17.125751-05:00,2392897,21218885,15101506,Gasolina o Petróleo,UNSPSC
ocds-dgv273-seacev3-2026-51-20,ocds-dgv273-seacev3-2026-51-20-2026-05-16T10:22:17.074402-05:00,2392805,21219836,39122103,Poste de servicios públicos,UNSPSC
ocds-dgv273-seacev3-1200658,ocds-dgv273-seacev3-1200658-2026-05-16T10:22:17.027867-05:00,2391334,21235459,50131702,Leche o productos de mantequilla estables sin refrigerar,UNSPSC
ocds-dgv273-seacev3-1197957,ocds-dgv273-seacev3-1197957-2026-05-16T10:22:16.593122-05:00,2392820,21227326,91111603,Servicios de cocina o preparación de comidas,UNSPSC
ocds-dgv273-seacev3-2026-1003083449-1,ocds-dgv273-seacev3-2026-1003083449-1-2026-05-16T10:22:16.522382-05:00,2390588,21224548,78111808,Alquiler de vehículos,UNSPSC
ocds-dgv273-seacev3-2026-1510-5,ocds-dgv273-seacev3-2026-1510-5-2026-05-16T10:22:16.313621-05:00,2392657,21236888,50421801,Fréjoles secos,UNSPSC
ocds-dgv273-seacev3-1197198,ocds-dgv273-seacev3-1197198-2026-05-16T10:22:16.238936-05:00,2392933,21225499,78111804,Servicios de taxi,UNSPSC
ocds-dgv273-seacev3-2026-1003001706-2,ocds-dgv273-seacev3-2026-1003001706-2-2026-05-16T10:22:08.757077-05:00,2392824,21236906,72141003,Servicios de mantenimiento de pistas y carreteras,UNSPSC
ocds-dgv273-seacev3-1197960,ocds-dgv273-seacev3-1197960-2026-05-16T10:22:08.213302-05:00,2392857,21227330,72121406,Servicios de construcción de escuelas,UNSPSC
ocds-dgv273-seacev3-2026-2366-17,ocds-dgv273-seacev3-2026-2366-17-2026-05-16T10:22:08.058694-05:00,2392584,21241428,84141602,Proveedores de servicios de tarjetas de crédito,UNSPSC
ocds-dgv273-seacev3-1198186,ocds-dgv273-seacev3-1198186-2026-05-16T10:22:07.994889-05:00,2392886,21227740,72141003,Servicios de mantenimiento de pistas y carreteras,UNSPSC
ocds-dgv273-seacev3-1196264,ocds-dgv273-seacev3-1196264-2026-05-16T10:22:07.935399-05:00,2392700,21223324,76101503,Servicios de desinfección o deodorización,UNSPSC
ocds-dgv273-seacev3-1197313,ocds-dgv273-seacev3-1197313-2026-05-16T10:22:06.955461-05:00,2392719,21225751,72141701,Servicio de arrendamiento o alquiler de maquinaria de construcción,UNSPSC
ocds-dgv273-seacev3-1193224,ocds-dgv273-seacev3-1193224-2026-05-16T10:22:06.700296-05:00,2393002,21215770,30111505,Hormigón premezclado,UNSPSC
ocds-dgv273-seacev3-1197759,ocds-dgv273-seacev3-1197759-2026-05-16T10:22:06.608778-05:00,2392875,21226851,72152605,Servicios de montaje y reparación de techos,UNSPSC
ocds-dgv273-seacev3-2026-1003001706-4,ocds-dgv273-seacev3-2026-1003001706-4-2026-05-16T10:22:06.347073-05:00,2392915,21236978,72141003,Servicios de mantenimiento de pistas y carreteras,UNSPSC
ocds-dgv273-seacev3-2026-1770-1,ocds-dgv273-seacev3-2026-1770-1-2026-05-16T10:22:06.238605-05:00,2392945,21231771,30111801,Agregado natural,UNSPSC
ocds-dgv273-seacev3-1198295,ocds-dgv273-seacev3-1198295-2026-05-16T10:22:05.973579-05:00,2392979,21228192,72141003,Servicios de mantenimiento de pistas y carreteras,UNSPSC
ocds-dgv273-seacev3-1194627,ocds-dgv273-seacev3-1194627-2026-05-16T10:22:05.867581-05:00,2392801,21221090,72121101,Servicios de construcción de nuevos edificios comerciales y de oficinas,UNSPSC
ocds-dgv273-seacev3-1201795,ocds-dgv273-seacev3-1201795-2026-05-16T10:22:05.853889-05:00,2392935,21238812,15101505,Diesel,UNSPSC
ocds-dgv273-seacev3-2026-1510-7,ocds-dgv273-seacev3-2026-1510-7-2026-05-16T10:22:05.832020-05:00,2392676,21236941,50221108,Grano de arroz,UNSPSC
ocds-dgv273-seacev3-1200283,ocds-dgv273-seacev3-1200283-2026-05-16T10:21:57.845637-05:00,2392799,21234192,83121703,Servicios relacionados con Internet,UNSPSC
ocds-dgv273-seacev3-1193858,ocds-dgv273-seacev3-1193858-2026-05-16T10:21:57.633116-05:00,2392862,21217664,81101510,Ingeniería de carreteras,UNSPSC
ocds-dgv273-seacev3-2026-6-52,ocds-dgv273-seacev3-2026-6-52-2026-05-16T10:21:57.209685-05:00,2392920,21241079,53101502,Pantalones o pantalones informales o shorts para caballeros,UNSPSC
ocds-dgv273-seacev3-1196798,ocds-dgv273-seacev3-1196798-2026-05-16T10:21:57.083904-05:00,2393009,21224564,81101515,Ingeniería de infraestructura de plantas o instalaciones,UNSPSC
ocds-dgv273-seacev3-1196365,ocds-dgv273-seacev3-1196365-2026-05-16T10:21:56.865932-05:00,2392675,21223571,72151504,Servicios de acondicionamiento de energía para computadoras,UNSPSC
ocds-dgv273-seacev3-1197545,ocds-dgv273-seacev3-1197545-2026-05-16T10:21:56.777289-05:00,2392859,21226267,72141128,Servicio de remodelación  y/o construcción de plazas públicas,UNSPSC
ocds-dgv273-seacev3-2026-10247-48,ocds-dgv273-seacev3-2026-10247-48-2026-05-16T10:21:56.319396-05:00,2392922,21227761,80141607,Gestión de eventos,UNSPSC
ocds-dgv273-seacev3-1196021,ocds-dgv273-seacev3-1196021-2026-05-16T10:21:56.304304-05:00,2392947,21222796,26101720,Turbocargador,UNSPSC
ocds-dgv273-seacev3-1193755,ocds-dgv273-seacev3-1193755-2026-05-16T10:21:56.192787-05:00,2392769,21217313,72121102,Servicios de construcción de edificios comerciales y de oficinas prefabricadas,UNSPSC
ocds-dgv273-seacev3-1201448,ocds-dgv273-seacev3-1201448-2026-05-16T10:21:55.750086-05:00,2392732,21237914,10121801,Alimento seco para perros,UNSPSC
ocds-dgv273-seacev3-1201448,ocds-dgv273-seacev3-1201448-2026-05-16T10:21:55.750086-05:00,2392732,21237913,10121801,Alimento seco para perros,UNSPSC
ocds-dgv273-seacev3-1200016,ocds-dgv273-seacev3-1200016-2026-05-16T10:21:55.652120-05:00,2392841,21233302,30111505,Hormigón premezclado,UNSPSC
ocds-dgv273-seacev3-2026-425-19,ocds-dgv273-seacev3-2026-425-19-2026-05-16T10:21:55.636381-05:00,2392804,21215448,50192703,Comidas combinadas estables sin refrigerar,UNSPSC
ocds-dgv273-seacev3-1196435,ocds-dgv273-seacev3-1196435-2026-05-16T10:21:55.141002-05:00,2393018,21223892,72121406,Servicios de construcción de escuelas,UNSPSC
ocds-dgv273-seacev3-1198311,ocds-dgv273-seacev3-1198311-2026-05-16T10:21:55.106991-05:00,2393001,21228483,72141003,Servicios de mantenimiento de pistas y carreteras,UNSPSC
ocds-dgv273-seacev3-1201409,ocds-dgv273-seacev3-1201409-2026-05-16T10:21:46.593317-05:00,2392872,21237701,41115403,Espectrómetros,UNSPSC
ocds-dgv273-seacev3-2026-1003001706-3,ocds-dgv273-seacev3-2026-1003001706-3-2026-05-16T10:21:46.531295-05:00,2392902,21236895,72141003,Servicios de mantenimiento de pistas y carreteras,UNSPSC
ocds-dgv273-seacev3-2026-1003001706-1,ocds-dgv273-seacev3-2026-1003001706-1-2026-05-16T10:21:45.815830-05:00,2392927,21225269,72141003,Servicios de mantenimiento de pistas y carreteras,UNSPSC
ocds-dgv273-seacev3-1208940,ocds-dgv273-seacev3-1208940-2026-05-16T10:21:45.712118-05:00,2392818,21258138,78101805,Servicio de alquiler de camión pipa y tráiler,UNSPSC
ocds-dgv273-seacev3-2026-1995-78,ocds-dgv273-seacev3-2026-1995-78-2026-05-16T10:21:45.579551-05:00,2392811,21231085,15101505,Diesel,UNSPSC
ocds-dgv273-seacev3-1194808,ocds-dgv273-seacev3-1194808-2026-05-16T10:21:45.110034-05:00,2392670,21219864,72121103,Servicios de renovación y reparación de edificios comerciales y de oficinas,UNSPSC
ocds-dgv273-seacev3-1199609,ocds-dgv273-seacev3-1199609-2026-05-16T10:21:44.575529-05:00,2392943,21232157,72141701,Servicio de arrendamiento o alquiler de maquinaria de construcción,UNSPSC
ocds-dgv273-seacev3-1193203,ocds-dgv273-seacev3-1193203-2026-05-16T10:21:44.535529-05:00,2392610,21215721,72152103,Servicios de aislamiento de edificaciones,UNSPSC
ocds-dgv273-seacev3-1198300,ocds-dgv273-seacev3-1198300-2026-05-16T10:21:44.485131-05:00,2392988,21228206,72141003,Servicios de mantenimiento de pistas y carreteras,UNSPSC
ocds-dgv273-seacev3-1198195,ocds-dgv273-seacev3-1198195-2026-05-16T10:21:44.467984-05:00,2392905,21227999,72141003,Servicios de mantenimiento de pistas y carreteras,UNSPSC
ocds-dgv273-seacev3-1192131,ocds-dgv273-seacev3-1192131-2026-05-16T10:21:44.423253-05:00,2392770,21213256,93151502,Servicios de sistemas de control o información de entidades públicas,UNSPSC
ocds-dgv273-seacev3-2026-1770-2,ocds-dgv273-seacev3-2026-1770-2-2026-05-16T10:21:44.209786-05:00,2392950,21231773,30111801,Agregado natural,UNSPSC
ocds-dgv273-seacev3-1200825,ocds-dgv273-seacev3-1200825-2026-05-16T10:21:43.919207-05:00,2392978,21236185,10171501,Estiércol o guano,UNSPSC
ocds-dgv273-seacev3-1198098,ocds-dgv273-seacev3-1198098-2026-05-16T10:21:43.903788-05:00,2392951,21227843,72141207,Servicios de construcción de puertos,UNSPSC
ocds-dgv273-seacev3-2026-11-36,ocds-dgv273-seacev3-2026-11-36-2026-05-16T10:21:43.852552-05:00,2392619,21233925,82101802,Servicio de producción de publicidad,UNSPSC
ocds-dgv273-seacev3-1198431,ocds-dgv273-seacev3-1198431-2026-05-16T10:21:43.716601-05:00,2393017,21228529,72141003,Servicios de mantenimiento de pistas y carreteras,UNSPSC
ocds-dgv273-seacev3-1201044,ocds-dgv273-seacev3-1201044-2026-05-16T10:21:43.604251-05:00,2392604,21236690,15101505,Diesel,UNSPSC
ocds-dgv273-seacev3-1197760,ocds-dgv273-seacev3-1197760-2026-05-16T10:21:43.561832-05:00,2392702,21226819,72141003,Servicios de mantenimiento de pistas y carreteras,UNSPSC
ocds-dgv273-seacev3-1196854,ocds-dgv273-seacev3-1196854-2026-05-16T10:21:43.387748-05:00,2392946,21224617,72141701,Servicio de arrendamiento o alquiler de maquinaria de construcción,UNSPSC
ocds-dgv273-seacev3-1195699,ocds-dgv273-seacev3-1195699-2026-05-16T10:21:35.534029-05:00,2392628,21227350,72121203,Servicios de construcción de silos y de edificaciones para servicio agrícola,UNSPSC
ocds-dgv273-seacev3-1198986,ocds-dgv273-seacev3-1198986-2026-05-16T10:21:35.412314-05:00,2392633,21230480,72153102,Servicios de construcción de campos deportivos interiores,UNSPSC
ocds-dgv273-seacev3-1200568,ocds-dgv273-seacev3-1200568-2026-05-16T10:21:35.374590-05:00,2392986,21235247,72121203,Servicios de construcción de silos y de edificaciones para servicio agrícola,UNSPSC
ocds-dgv273-seacev3-1198956,ocds-dgv273-seacev3-1198956-2026-05-16T10:21:35.314247-05:00,2392635,21230478,81112401,Alquiler de hardware de computación,UNSPSC
ocds-dgv273-seacev3-1196740,ocds-dgv273-seacev3-1196740-2026-05-16T10:21:35.034254-05:00,2389463,21224552,84111502,Servicio de contabilidad financiera,UNSPSC
ocds-dgv273-seacev3-1193220,ocds-dgv273-seacev3-1193220-2026-05-16T10:21:34.739397-05:00,2392614,21215969,72152103,Servicios de aislamiento de edificaciones,UNSPSC
ocds-dgv273-seacev3-1198713,ocds-dgv273-seacev3-1198713-2026-05-16T10:21:34.648919-05:00,2392762,21229601,50192109,"Papas fritas en hojuelas y al hilo, mix de bocaditos o galletas saladas",UNSPSC
ocds-dgv273-seacev3-1198713,ocds-dgv273-seacev3-1198713-2026-05-16T10:21:34.648919-05:00,2392736,21229600,50131702,Leche o productos de mantequilla estables sin refrigerar,UNSPSC
ocds-dgv273-seacev3-2026-200022-36,ocds-dgv273-seacev3-2026-200022-36-2026-05-16T10:21:34.491686-05:00,2392819,21214771,15101505,Diesel,UNSPSC
ocds-dgv273-seacev3-1198203,ocds-dgv273-seacev3-1198203-2026-05-16T10:21:33.898024-05:00,2392925,21228047,72141003,Servicios de mantenimiento de pistas y carreteras,UNSPSC
ocds-dgv273-seacev3-1197942,ocds-dgv273-seacev3-1197942-2026-05-16T10:21:33.776886-05:00,2392623,21227292,72141003,Servicios de mantenimiento de pistas y carreteras,UNSPSC
ocds-dgv273-seacev3-1200471,ocds-dgv273-seacev3-1200471-2026-05-16T10:21:33.543766-05:00,2392636,21235084,70171709,Servicios de administración de sistemas de riego,UNSPSC
ocds-dgv273-seacev3-1198256,ocds-dgv273-seacev3-1198256-2026-05-16T10:21:33.441255-05:00,2393012,21228250,72141003,Servicios de mantenimiento de pistas y carreteras,UNSPSC
ocds-dgv273-seacev3-1194685,ocds-dgv273-seacev3-1194685-2026-05-16T10:21:33.319318-05:00,2392866,21219712,72153102,Servicios de construcción de campos deportivos interiores,UNSPSC
ocds-dgv273-seacev3-1199965,ocds-dgv273-seacev3-1199965-2026-05-16T10:21:33.265364-05:00,2392592,21233125,72121102,Servicios de construcción de edificios comerciales y de oficinas prefabricadas,UNSPSC
ocds-dgv273-seacev3-1194910,ocds-dgv273-seacev3-1194910-2026-05-16T10:21:25.697114-05:00,2392879,21220282,72121406,Servicios de construcción de escuelas,UNSPSC
ocds-dgv273-seacev3-1195517,ocds-dgv273-seacev3-1195517-2026-05-16T10:21:25.512002-05:00,2392782,21221849,81101515,Ingeniería de infraestructura de plantas o instalaciones,UNSPSC
ocds-dgv273-seacev3-2026-10247-128,ocds-dgv273-seacev3-2026-10247-128-2026-05-16T10:21:24.342513-05:00,2392585,21228339,86111702,Enseñanza de idiomas extranjeros por inmersión,UNSPSC
ocds-dgv273-seacev3-1195071,ocds-dgv273-seacev3-1195071-2026-05-16T10:21:24.274665-05:00,2392803,21224467,72121406,Servicios de construcción de escuelas,UNSPSC
ocds-dgv273-seacev3-1201315,ocds-dgv273-seacev3-1201315-2026-05-16T10:21:24.133659-05:00,2393029,21237547,56101538,Servicios de comedor o buffet,UNSPSC
ocds-dgv273-seacev3-1197483,ocds-dgv273-seacev3-1197483-2026-05-16T10:21:24.117765-05:00,2392734,21226351,72141003,Servicios de mantenimiento de pistas y carreteras,UNSPSC
ocds-dgv273-seacev3-1195704,ocds-dgv273-seacev3-1195704-2026-05-16T10:21:23.849993-05:00,2392788,21222282,81101508,Ingeniería arquitectónica,UNSPSC
ocds-dgv273-seacev3-1200332,ocds-dgv273-seacev3-1200332-2026-05-16T10:21:23.737726-05:00,2392726,21234635,78101501,Transporte de carga aérea nacional,UNSPSC
ocds-dgv273-seacev3-1197829,ocds-dgv273-seacev3-1197829-2026-05-16T10:21:23.592937-05:00,2392666,21227077,30111601,Cemento,UNSPSC
ocds-dgv273-seacev3-1198479,ocds-dgv273-seacev3-1198479-2026-05-16T10:21:23.347966-05:00,2393019,21228590,72141003,Servicios de mantenimiento de pistas y carreteras,UNSPSC
ocds-dgv273-seacev3-1198309,ocds-dgv273-seacev3-1198309-2026-05-16T10:21:23.195277-05:00,2392995,21228454,72141003,Servicios de mantenimiento de pistas y carreteras,UNSPSC
ocds-dgv273-seacev3-1198438,ocds-dgv273-seacev3-1198438-2026-05-16T10:21:22.916575-05:00,2393015,21228496,72141003,Servicios de mantenimiento de pistas y carreteras,UNSPSC
ocds-dgv273-seacev3-1199070,ocds-dgv273-seacev3-1199070-2026-05-16T10:21:22.357214-05:00,2392659,21230985,81101508,Ingeniería arquitectónica,UNSPSC
ocds-dgv273-seacev3-1195376,ocds-dgv273-seacev3-1195376-2026-05-16T10:21:22.331265-05:00,2392683,21221689,76121503,Servicios de limpieza de calles,UNSPSC
ocds-dgv273-seacev3-1196550,ocds-dgv273-seacev3-1196550-2026-05-16T10:21:21.924839-05:00,2392973,21224072,10131506,Establos para ganado,UNSPSC
ocds-dgv273-seacev3-2026-10352-5,ocds-dgv273-seacev3-2026-10352-5-2026-05-16T10:21:21.832108-05:00,2392834,21223676,84131512,Seguro de equipos electrónicos,UNSPSC
ocds-dgv273-seacev3-2026-10248-69,ocds-dgv273-seacev3-2026-10248-69-2026-05-15T10:34:18.404377-05:00,2392180,21221509,15111510,Gas de petróleo licuefactado,UNSPSC
ocds-dgv273-seacev3-2026-1239-2,ocds-dgv273-seacev3-2026-1239-2-2026-05-15T10:34:18.140543-05:00,2390040,21224599,72153103,Servicios de construcción de patios de recreo e instalación de equipos,UNSPSC
ocds-dgv273-seacev3-2026-1003003360-7,ocds-dgv273-seacev3-2026-1003003360-7-2026-05-15T10:34:18.032218-05:00,2392563,21235131,72141003,Servicios de mantenimiento de pistas y carreteras,UNSPSC
ocds-dgv273-seacev3-2026-1003003360-6,ocds-dgv273-seacev3-2026-1003003360-6-2026-05-15T10:34:18.017100-05:00,2392561,21234970,72141003,Servicios de mantenimiento de pistas y carreteras,UNSPSC
ocds-dgv273-seacev3-1201673,ocds-dgv273-seacev3-1201673-2026-05-15T10:34:17.734574-05:00,2392152,21238412,85161502,Mantenimiento o reparación de equipo médico menor,UNSPSC
ocds-dgv273-seacev3-1192949,ocds-dgv273-seacev3-1192949-2026-05-15T10:34:17.562641-05:00,2392225,21215161,72152103,Servicios de aislamiento de edificaciones,UNSPSC
ocds-dgv273-seacev3-2026-1003003360-5,ocds-dgv273-seacev3-2026-1003003360-5-2026-05-15T10:34:15.985698-05:00,2392557,21234965,72141003,Servicios de mantenimiento de pistas y carreteras,UNSPSC
ocds-dgv273-seacev3-1200650,ocds-dgv273-seacev3-1200650-2026-05-15T10:34:09.070167-05:00,2392549,21235434,72121403,Servicios de construcción de hospitales,UNSPSC
ocds-dgv273-seacev3-2026-10141-18,ocds-dgv273-seacev3-2026-10141-18-2026-05-15T10:34:08.999044-05:00,2392346,21230880,76111501,Servicios de limpieza de edificios,UNSPSC
ocds-dgv273-seacev3-1198053,ocds-dgv273-seacev3-1198053-2026-05-15T10:34:08.905027-05:00,2392350,21228443,15101505,Diesel,UNSPSC
ocds-dgv273-seacev3-1199926,ocds-dgv273-seacev3-1199926-2026-05-15T10:34:08.638265-05:00,2392167,21233119,15101505,Diesel,UNSPSC
ocds-dgv273-seacev3-1205456,ocds-dgv273-seacev3-1205456-2026-05-15T10:34:08.493577-05:00,2392199,21249472,77121704,Servicios de tratamiento de aguas superficiales,UNSPSC
ocds-dgv273-seacev3-1201272,ocds-dgv273-seacev3-1201272-2026-05-15T10:34:08.418004-05:00,2392477,21237225,72141003,Servicios de mantenimiento de pistas y carreteras,UNSPSC
ocds-dgv273-seacev3-1198425,ocds-dgv273-seacev3-1198425-2026-05-15T10:34:08.216591-05:00,2392439,21228523,81151703,Estudios geológicos,UNSPSC
ocds-dgv273-seacev3-1194165,ocds-dgv273-seacev3-1194165-2026-05-15T10:34:07.635689-05:00,2392171,21221688,81101508,Ingeniería arquitectónica,UNSPSC
ocds-dgv273-seacev3-2026-10008-11,ocds-dgv273-seacev3-2026-10008-11-2026-05-15T10:34:07.003647-05:00,2392367,21213313,77111602,Servicios de descontaminación ambiental,UNSPSC
ocds-dgv273-seacev3-2026-1003003360-8,ocds-dgv273-seacev3-2026-1003003360-8-2026-05-15T10:34:06.972580-05:00,2392564,21235143,72141003,Servicios de mantenimiento de pistas y carreteras,UNSPSC
ocds-dgv273-seacev3-1200022,ocds-dgv273-seacev3-1200022-2026-05-15T10:34:06.818303-05:00,2392461,21233277,24131602,Congeladores verticales,UNSPSC
ocds-dgv273-seacev3-2026-10595-18,ocds-dgv273-seacev3-2026-10595-18-2026-05-15T10:34:06.692077-05:00,2392402,21225712,85161502,Mantenimiento o reparación de equipo médico menor,UNSPSC
ocds-dgv273-seacev3-1195634,ocds-dgv273-seacev3-1195634-2026-05-15T10:33:57.977008-05:00,2392241,21222179,72141003,Servicios de mantenimiento de pistas y carreteras,UNSPSC
ocds-dgv273-seacev3-2026-1003003360-9,ocds-dgv273-seacev3-2026-1003003360-9-2026-05-15T10:33:57.208751-05:00,2392565,21235151,72141003,Servicios de mantenimiento de pistas y carreteras,UNSPSC
ocds-dgv273-seacev3-2026-1435-3,ocds-dgv273-seacev3-2026-1435-3-2026-05-15T10:33:56.976116-05:00,2392197,21213987,72141001,Servicios de construcción de pistas y carreteras nuevas,UNSPSC
ocds-dgv273-seacev3-1197899,ocds-dgv273-seacev3-1197899-2026-05-15T10:33:56.819694-05:00,2392145,21227187,50121538,Pescado estable sin refrigerar,UNSPSC
ocds-dgv273-seacev3-1195696,ocds-dgv273-seacev3-1195696-2026-05-15T10:33:56.804353-05:00,2392301,21222350,72141003,Servicios de mantenimiento de pistas y carreteras,UNSPSC
ocds-dgv273-seacev3-1195692,ocds-dgv273-seacev3-1195692-2026-05-15T10:33:56.772930-05:00,2392294,21222333,72141003,Servicios de mantenimiento de pistas y carreteras,UNSPSC
ocds-dgv273-seacev3-1197066,ocds-dgv273-seacev3-1197066-2026-05-15T10:33:56.475161-05:00,2392192,21225160,81101508,Ingeniería arquitectónica,UNSPSC
ocds-dgv273-seacev3-1199744,ocds-dgv273-seacev3-1199744-2026-05-15T10:33:56.400273-05:00,2392314,21232714,84111603,Auditorías internas,UNSPSC
ocds-dgv273-seacev3-1195686,ocds-dgv273-seacev3-1195686-2026-05-15T10:33:56.295536-05:00,2392267,21222281,72141003,Servicios de mantenimiento de pistas y carreteras,UNSPSC
ocds-dgv273-seacev3-1199452,ocds-dgv273-seacev3-1199452-2026-05-15T10:33:56.180356-05:00,2392490,21234293,84131607,Seguro de responsabilidad general,UNSPSC
ocds-dgv273-seacev3-2026-1995-8,ocds-dgv273-seacev3-2026-1995-8-2026-05-15T10:33:55.850808-05:00,2392305,21226345,83111603,Servicios de telefonía móvil,UNSPSC
ocds-dgv273-seacev3-1196945,ocds-dgv273-seacev3-1196945-2026-05-15T10:33:55.828784-05:00,2392207,21224705,30111601,Cemento,UNSPSC
ocds-dgv273-seacev3-1197890,ocds-dgv273-seacev3-1197890-2026-05-15T10:33:55.407899-05:00,2392398,21230226,81101515,Ingeniería de infraestructura de plantas o instalaciones,UNSPSC
ocds-dgv273-seacev3-1195713,ocds-dgv273-seacev3-1195713-2026-05-15T10:33:54.913627-05:00,2392290,21222329,72141003,Servicios de mantenimiento de pistas y carreteras,UNSPSC
ocds-dgv273-seacev3-1197135,ocds-dgv273-seacev3-1197135-2026-05-15T10:33:46.825623-05:00,2392190,21225370,81101508,Ingeniería arquitectónica,UNSPSC
ocds-dgv273-seacev3-2026-10248-60,ocds-dgv273-seacev3-2026-10248-60-2026-05-15T10:33:46.755905-05:00,2392154,21222230,81111811,Servicios de asistencia o soporte técnico,UNSPSC
ocds-dgv273-seacev3-1193725,ocds-dgv273-seacev3-1193725-2026-05-15T10:33:46.500636-05:00,2391992,21217206,72121203,Servicios de construcción de silos y de edificaciones para servicio agrícola,UNSPSC
ocds-dgv273-seacev3-2026-1994-20,ocds-dgv273-seacev3-2026-1994-20-2026-05-15T10:33:46.453827-05:00,2392530,21231219,43221705,Equipo de acceso de radio,UNSPSC
ocds-dgv273-seacev3-2026-200030-15,ocds-dgv273-seacev3-2026-200030-15-2026-05-15T10:33:46.141852-05:00,2392351,21224140,72141003,Servicios de mantenimiento de pistas y carreteras,UNSPSC
ocds-dgv273-seacev3-2026-1003003360-1,ocds-dgv273-seacev3-2026-1003003360-1-2026-05-15T10:33:45.937773-05:00,2392465,21233922,72141003,Servicios de mantenimiento de pistas y carreteras,UNSPSC
ocds-dgv273-seacev3-1195653,ocds-dgv273-seacev3-1195653-2026-05-15T10:33:45.617413-05:00,2392260,21222265,72141003,Servicios de mantenimiento de pistas y carreteras,UNSPSC
ocds-dgv273-seacev3-1201676,ocds-dgv273-seacev3-1201676-2026-05-15T10:33:45.507149-05:00,2392157,21238422,72154033,"Servicios de construcción, instalación y reparación de escenarios, sets u objetos de utilería para teatros",UNSPSC
ocds-dgv273-seacev3-1197713,ocds-dgv273-seacev3-1197713-2026-05-15T10:33:45.216134-05:00,2392183,21226799,72141001,Servicios de construcción de pistas y carreteras nuevas,UNSPSC
ocds-dgv273-seacev3-2026-1003003360-3,ocds-dgv273-seacev3-2026-1003003360-3-2026-05-15T10:33:45.185887-05:00,2392546,21234831,72141003,Servicios de mantenimiento de pistas y carreteras,UNSPSC
ocds-dgv273-seacev3-2026-1926-69,ocds-dgv273-seacev3-2026-1926-69-2026-05-15T10:33:44.084655-05:00,2392163,21236995,72153613,Servicio de mantenimiento y arrendamiento de mobiliario de oficina,UNSPSC
ocds-dgv273-seacev3-2026-200125-5,ocds-dgv273-seacev3-2026-200125-5-2026-05-15T10:33:43.664311-05:00,2386528,21219639,82121504,Impresión tipográfica o serigrafía,UNSPSC
ocds-dgv273-seacev3-1197301,ocds-dgv273-seacev3-1197301-2026-05-15T10:33:35.662247-05:00,2392503,21225706,10101601,Pollos vivos,UNSPSC
ocds-dgv273-seacev3-2026-142-1,ocds-dgv273-seacev3-2026-142-1-2026-05-15T10:33:34.824026-05:00,2392481,21214623,50192109,"Papas fritas en hojuelas y al hilo, mix de bocaditos o galletas saladas",UNSPSC
ocds-dgv273-seacev3-1195700,ocds-dgv273-seacev3-1195700-2026-05-15T10:33:34.586011-05:00,2392262,21222301,72141003,Servicios de mantenimiento de pistas y carreteras,UNSPSC
ocds-dgv273-seacev3-1195642,ocds-dgv273-seacev3-1195642-2026-05-15T10:33:34.196637-05:00,2392254,21222216,72141003,Servicios de mantenimiento de pistas y carreteras,UNSPSC
ocds-dgv273-seacev3-1197804,ocds-dgv273-seacev3-1197804-2026-05-15T10:33:34.050634-05:00,2392511,21226959,30131602,Ladrillos de cerámica,UNSPSC
ocds-dgv273-seacev3-1197705,ocds-dgv273-seacev3-1197705-2026-05-15T10:33:33.842064-05:00,2392234,21226731,83121703,Servicios relacionados con Internet,UNSPSC
ocds-dgv273-seacev3-1195708,ocds-dgv273-seacev3-1195708-2026-05-15T10:33:33.707792-05:00,2392283,21222318,72141003,Servicios de mantenimiento de pistas y carreteras,UNSPSC
ocds-dgv273-seacev3-2026-1003003360-4,ocds-dgv273-seacev3-2026-1003003360-4-2026-05-15T10:33:33.489520-05:00,2392553,21235059,72141003,Servicios de mantenimiento de pistas y carreteras,UNSPSC
ocds-dgv273-seacev3-1200098,ocds-dgv273-seacev3-1200098-2026-05-15T10:33:33.240332-05:00,2392316,21233600,10101601,Pollos vivos,UNSPSC
ocds-dgv273-seacev3-2026-1896-4,ocds-dgv273-seacev3-2026-1896-4-2026-05-15T10:33:33.153844-05:00,2392228,21231749,10121507,Alimentación compuesta,UNSPSC
ocds-dgv273-seacev3-2026-1983-1,ocds-dgv273-seacev3-2026-1983-1-2026-05-15T10:33:33.047178-05:00,2392417,21229160,78111802,Servicios programados de autobús,UNSPSC
ocds-dgv273-seacev3-1198393,ocds-dgv273-seacev3-1198393-2026-05-15T10:33:24.444290-05:00,2392311,21228492,55121802,Tarjetas o carnets de identificación o productos similares,UNSPSC
ocds-dgv273-seacev3-2026-200030-20,ocds-dgv273-seacev3-2026-200030-20-2026-05-15T10:33:24.038179-05:00,2392405,21231184,81101508,Ingeniería arquitectónica,UNSPSC
ocds-dgv273-seacev3-1195693,ocds-dgv273-seacev3-1195693-2026-05-15T10:33:23.807088-05:00,2392328,21222346,12352302,Sales metálicas inorgánicas,UNSPSC
ocds-dgv273-seacev3-2026-1003003360-11,ocds-dgv273-seacev3-2026-1003003360-11-2026-05-15T10:33:23.595650-05:00,2392567,21235229,72141003,Servicios de mantenimiento de pistas y carreteras,UNSPSC
ocds-dgv273-seacev3-1198594,ocds-dgv273-seacev3-1198594-2026-05-15T10:33:23.135653-05:00,2392179,21229209,81101508,Ingeniería arquitectónica,UNSPSC
ocds-dgv273-seacev3-1192242,ocds-dgv273-seacev3-1192242-2026-05-15T10:33:23.067990-05:00,2392383,21213355,93151502,Servicios de sistemas de control o información de entidades públicas,UNSPSC
ocds-dgv273-seacev3-1197248,ocds-dgv273-seacev3-1197248-2026-05-15T10:33:22.775244-05:00,2392541,21225603,81101701,Servicios de ingeniería eléctrica,UNSPSC
ocds-dgv273-seacev3-1192480,ocds-dgv273-seacev3-1192480-2026-05-15T10:33:22.530914-05:00,2392195,21214179,81101508,Ingeniería arquitectónica,UNSPSC
ocds-dgv273-seacev3-1198785,ocds-dgv273-seacev3-1198785-2026-05-15T10:33:22.105468-05:00,2392141,21229813,72141121,Servicios de construcción de tuberías principales de agua,UNSPSC
ocds-dgv273-seacev3-1195680,ocds-dgv273-seacev3-1195680-2026-05-15T10:33:21.878137-05:00,2392257,21222274,72141003,Servicios de mantenimiento de pistas y carreteras,UNSPSC
ocds-dgv273-seacev3-1198533,ocds-dgv273-seacev3-1198533-2026-05-15T10:33:21.795056-05:00,2392315,21228790,80101604,Administración o planificación de proyectos,UNSPSC
ocds-dgv273-seacev3-1196768,ocds-dgv273-seacev3-1196768-2026-05-15T10:33:21.623816-05:00,2392218,21224737,72121103,Servicios de renovación y reparación de edificios comerciales y de oficinas,UNSPSC
ocds-dgv273-seacev3-2026-1212-9,ocds-dgv273-seacev3-2026-1212-9-2026-05-15T10:33:13.789760-05:00,2392348,21231504,72154013,Servicios de construcción de cercos,UNSPSC
ocds-dgv273-seacev3-1201641,ocds-dgv273-seacev3-1201641-2026-05-15T10:33:12.985044-05:00,2392174,21238290,30121601,Asfalto,UNSPSC
ocds-dgv273-seacev3-1198411,ocds-dgv273-seacev3-1198411-2026-05-15T10:33:12.960962-05:00,2392432,21228486,77101504,Servicios de Evaluación de Impacto Ambiental EIA,UNSPSC
ocds-dgv273-seacev3-1197067,ocds-dgv273-seacev3-1197067-2026-05-15T10:33:12.944217-05:00,2392382,21225158,72141120,Servicios de construcción de líneas de alcantarillado,UNSPSC
ocds-dgv273-seacev3-1195658,ocds-dgv273-seacev3-1195658-2026-05-15T10:33:12.848652-05:00,2392248,21222198,72141003,Servicios de mantenimiento de pistas y carreteras,UNSPSC
ocds-dgv273-seacev3-1197271,ocds-dgv273-seacev3-1197271-2026-05-15T10:33:12.486237-05:00,2392445,21225654,20142903,Tanque colector de acero,UNSPSC
ocds-dgv273-seacev3-1194041,ocds-dgv273-seacev3-1194041-2026-05-15T10:33:12.401361-05:00,2386386,21217996,76111501,Servicios de limpieza de edificios,UNSPSC
ocds-dgv273-seacev3-1195835,ocds-dgv273-seacev3-1195835-2026-05-15T10:33:12.257059-05:00,2392495,21222542,72152707,Servicios de construcción de muros de retención,UNSPSC
ocds-dgv273-seacev3-2026-2409-65,ocds-dgv273-seacev3-2026-2409-65-2026-05-15T10:33:11.682392-05:00,2391804,21230610,78111804,Servicios de taxi,UNSPSC
ocds-dgv273-seacev3-2026-2409-65,ocds-dgv273-seacev3-2026-2409-65-2026-05-15T10:33:11.682392-05:00,2391804,21230608,78111804,Servicios de taxi,UNSPSC
ocds-dgv273-seacev3-2026-2409-65,ocds-dgv273-seacev3-2026-2409-65-2026-05-15T10:33:11.682392-05:00,2392539,21230609,78111804,Servicios de taxi,UNSPSC
ocds-dgv273-seacev3-2026-1003003360-10,ocds-dgv273-seacev3-2026-1003003360-10-2026-05-15T10:33:11.509076-05:00,2392566,21235223,72141003,Servicios de mantenimiento de pistas y carreteras,UNSPSC
ocds-dgv273-seacev3-1195772,ocds-dgv273-seacev3-1195772-2026-05-15T10:33:11.487009-05:00,2392231,21222419,72121102,Servicios de construcción de edificios comerciales y de oficinas prefabricadas,UNSPSC
ocds-dgv273-seacev3-1198329,ocds-dgv273-seacev3-1198329-2026-05-15T10:33:11.255993-05:00,2392507,21228388,30111601,Cemento,UNSPSC
ocds-dgv273-seacev3-2026-142-2,ocds-dgv273-seacev3-2026-142-2-2026-05-15T10:33:11.109351-05:00,2392433,21226389,50131702,Leche o productos de mantequilla estables sin refrigerar,UNSPSC
ocds-dgv273-seacev3-2026-622-1,ocds-dgv273-seacev3-2026-622-1-2026-05-15T10:33:11.094182-05:00,2392240,21226217,78111808,Alquiler de vehículos,UNSPSC
ocds-dgv273-seacev3-2026-200168-12,ocds-dgv273-seacev3-2026-200168-12-2026-05-15T10:33:05.050087-05:00,2392337,21274680,81112002,Servicios de preparación o procesamiento de datos,UNSPSC
ocds-dgv273-seacev3-2026-2397-52,ocds-dgv273-seacev3-2026-2397-52-2026-05-15T10:33:02.551471-05:00,2391711,21214451,41112109,Transductor de corriente,UNSPSC
ocds-dgv273-seacev3-1200900,ocds-dgv273-seacev3-1200900-2026-05-15T10:33:02.301705-05:00,2392440,21236247,46171604,Sistemas de alarma,UNSPSC
ocds-dgv273-seacev3-2026-2378-26,ocds-dgv273-seacev3-2026-2378-26-2026-05-15T10:33:01.136801-05:00,2392349,21231146,22101602,Equipo de apisonamiento,UNSPSC
ocds-dgv273-seacev3-1200423,ocds-dgv273-seacev3-1200423-2026-05-15T10:33:00.856213-05:00,2392494,21235026,41111921,Sensores de velocidad,UNSPSC
ocds-dgv273-seacev3-1197338,ocds-dgv273-seacev3-1197338-2026-05-15T10:33:00.345303-05:00,2392414,21225764,85161502,Mantenimiento o reparación de equipo médico menor,UNSPSC
ocds-dgv273-seacev3-1195275,ocds-dgv273-seacev3-1195275-2026-05-15T10:32:59.808783-05:00,2392139,21221299,72141003,Servicios de mantenimiento de pistas y carreteras,UNSPSC
ocds-dgv273-seacev3-1201750,ocds-dgv273-seacev3-1201750-2026-05-15T10:32:59.500783-05:00,2392357,21238654,12352302,Sales metálicas inorgánicas,UNSPSC
ocds-dgv273-seacev3-1193911,ocds-dgv273-seacev3-1193911-2026-05-15T10:32:59.111641-05:00,2392321,21217761,72121406,Servicios de construcción de escuelas,UNSPSC
ocds-dgv273-seacev3-2026-10490-27,ocds-dgv273-seacev3-2026-10490-27-2026-05-15T10:32:59.081941-05:00,2392373,21214044,15101505,Diesel,UNSPSC
ocds-dgv273-seacev3-2026-1003003360-2,ocds-dgv273-seacev3-2026-1003003360-2-2026-05-15T10:32:58.580279-05:00,2392515,21234045,72141003,Servicios de mantenimiento de pistas y carreteras,UNSPSC
ocds-dgv273-seacev3-2026-1379-6,ocds-dgv273-seacev3-2026-1379-6-2026-05-14T10:36:48.090689-05:00,2391813,21198351,50221108,Grano de arroz,UNSPSC
ocds-dgv273-seacev3-1200539,ocds-dgv273-seacev3-1200539-2026-05-14T10:36:47.864974-05:00,2392096,21236031,15101506,Gasolina o Petróleo,UNSPSC
ocds-dgv273-seacev3-1200539,ocds-dgv273-seacev3-1200539-2026-05-14T10:36:47.864974-05:00,2392087,21236030,15101505,Diesel,UNSPSC
ocds-dgv273-seacev3-1201444,ocds-dgv273-seacev3-1201444-2026-05-14T10:36:47.816094-05:00,2391952,21237797,30111601,Cemento,UNSPSC
ocds-dgv273-seacev3-1200159,ocds-dgv273-seacev3-1200159-2026-05-14T10:36:47.800374-05:00,2392066,21233814,72121105,Servicios de construcción de centros comerciales y galerías,UNSPSC
ocds-dgv273-seacev3-1200784,ocds-dgv273-seacev3-1200784-2026-05-14T10:36:47.785986-05:00,2391957,21235883,84131602,Seguros de salud u hospitalización,UNSPSC
ocds-dgv273-seacev3-1207529,ocds-dgv273-seacev3-1207529-2026-05-14T10:36:47.526701-05:00,2392014,21254465,72121408,Servicios de construcción de estadios,UNSPSC
ocds-dgv273-seacev3-1194156,ocds-dgv273-seacev3-1194156-2026-05-14T10:36:45.949488-05:00,2392068,21218293,41116205,Kits de ensayos rápidos,UNSPSC
ocds-dgv273-seacev3-2026-200284-7,ocds-dgv273-seacev3-2026-200284-7-2026-05-14T10:36:45.764170-05:00,2391879,21237578,72141003,Servicios de mantenimiento de pistas y carreteras,UNSPSC
ocds-dgv273-seacev3-1192493,ocds-dgv273-seacev3-1192493-2026-05-14T10:36:45.589494-05:00,2391996,21214210,50131702,Leche o productos de mantequilla estables sin refrigerar,UNSPSC
ocds-dgv273-seacev3-1214409,ocds-dgv273-seacev3-1214409-2026-05-14T10:36:40.013820-05:00,2392025,21273329,84111501,Servicio de contabilidad de costos,UNSPSC
ocds-dgv273-seacev3-1199344,ocds-dgv273-seacev3-1199344-2026-05-14T10:36:38.277544-05:00,2391854,21231258,15101505,Diesel,UNSPSC
ocds-dgv273-seacev3-1190194,ocds-dgv273-seacev3-1190194-2026-05-14T10:36:37.533499-05:00,2392021,21208247,72141121,Servicios de construcción de tuberías principales de agua,UNSPSC
ocds-dgv273-seacev3-1201660,ocds-dgv273-seacev3-1201660-2026-05-14T10:36:36.382486-05:00,2391828,21238361,72151502,Servicios de instalación de sistemas de energía eléctrica,UNSPSC
ocds-dgv273-seacev3-2026-653-5,ocds-dgv273-seacev3-2026-653-5-2026-05-14T10:36:27.548428-05:00,2392108,21236957,50131702,Leche o productos de mantequilla estables sin refrigerar,UNSPSC
ocds-dgv273-seacev3-1200610,ocds-dgv273-seacev3-1200610-2026-05-14T10:36:26.760055-05:00,2391829,21235388,72151502,Servicios de instalación de sistemas de energía eléctrica,UNSPSC
ocds-dgv273-seacev3-2026-10394-1,ocds-dgv273-seacev3-2026-10394-1-2026-05-14T10:36:26.738211-05:00,2391937,21229817,77111602,Servicios de descontaminación ambiental,UNSPSC
ocds-dgv273-seacev3-2026-200284-4,ocds-dgv273-seacev3-2026-200284-4-2026-05-14T10:36:26.641919-05:00,2391704,21237208,72141003,Servicios de mantenimiento de pistas y carreteras,UNSPSC
ocds-dgv273-seacev3-1193241,ocds-dgv273-seacev3-1193241-2026-05-14T10:36:26.038015-05:00,2392000,21215995,72152103,Servicios de aislamiento de edificaciones,UNSPSC
ocds-dgv273-seacev3-1201318,ocds-dgv273-seacev3-1201318-2026-05-14T10:36:25.681798-05:00,2391939,21237341,51442207,Gadolinio,UNSPSC
ocds-dgv273-seacev3-1192566,ocds-dgv273-seacev3-1192566-2026-05-14T10:36:25.393516-05:00,2391849,21214263,81101508,Ingeniería arquitectónica,UNSPSC
ocds-dgv273-seacev3-2026-302-9,ocds-dgv273-seacev3-2026-302-9-2026-05-14T10:36:16.618609-05:00,2391817,21238140,72141001,Servicios de construcción de pistas y carreteras nuevas,UNSPSC
ocds-dgv273-seacev3-2026-49-109,ocds-dgv273-seacev3-2026-49-109-2026-05-14T10:36:16.598605-05:00,2392075,21224791,30161601,Azulejos para techos acústicos,UNSPSC
ocds-dgv273-seacev3-2026-2341-8,ocds-dgv273-seacev3-2026-2341-8-2026-05-14T10:36:15.962600-05:00,2392011,21232801,81112501,Servicio de licencias para software de computadoras,UNSPSC
ocds-dgv273-seacev3-1195212,ocds-dgv273-seacev3-1195212-2026-05-14T10:36:15.907497-05:00,2392100,21221122,31162503,Puntales,UNSPSC
ocds-dgv273-seacev3-1197601,ocds-dgv273-seacev3-1197601-2026-05-14T10:36:15.807785-05:00,2388936,21226328,15101506,Gasolina o Petróleo,UNSPSC
ocds-dgv273-seacev3-1197601,ocds-dgv273-seacev3-1197601-2026-05-14T10:36:15.807785-05:00,2388936,21226327,15101505,Diesel,UNSPSC
ocds-dgv273-seacev3-1197601,ocds-dgv273-seacev3-1197601-2026-05-14T10:36:15.807785-05:00,2391374,21226329,15101506,Gasolina o Petróleo,UNSPSC
ocds-dgv273-seacev3-1198973,ocds-dgv273-seacev3-1198973-2026-05-14T10:36:15.643355-05:00,2391822,21230242,72152708,Servicios de construcción de estacionamientos,UNSPSC
ocds-dgv273-seacev3-2026-593-2,ocds-dgv273-seacev3-2026-593-2-2026-05-14T10:36:14.976662-05:00,2392001,21225049,50131702,Leche o productos de mantequilla estables sin refrigerar,UNSPSC
ocds-dgv273-seacev3-2026-200284-5,ocds-dgv273-seacev3-2026-200284-5-2026-05-14T10:36:14.766573-05:00,2391830,21237364,72141003,Servicios de mantenimiento de pistas y carreteras,UNSPSC
ocds-dgv273-seacev3-1199969,ocds-dgv273-seacev3-1199969-2026-05-14T10:36:14.750384-05:00,2391887,21234203,15101506,Gasolina o Petróleo,UNSPSC
ocds-dgv273-seacev3-1199969,ocds-dgv273-seacev3-1199969-2026-05-14T10:36:14.750384-05:00,2391853,21234202,15101505,Diesel,UNSPSC
ocds-dgv273-seacev3-1193679,ocds-dgv273-seacev3-1193679-2026-05-14T10:36:14.374591-05:00,2391944,21217152,81101508,Ingeniería arquitectónica,UNSPSC
ocds-dgv273-seacev3-1194178,ocds-dgv273-seacev3-1194178-2026-05-14T10:36:06.322685-05:00,2391856,21218290,42161608,Soluciones de dializados para hemodiálisis,UNSPSC
ocds-dgv273-seacev3-1202025,ocds-dgv273-seacev3-1202025-2026-05-14T10:36:05.989229-05:00,2391881,21241442,43223326,Cordón de conexión de fibra óptica,UNSPSC
ocds-dgv273-seacev3-2026-200269-5,ocds-dgv273-seacev3-2026-200269-5-2026-05-14T10:36:05.795428-05:00,2391464,21230632,83121703,Servicios relacionados con Internet,UNSPSC
ocds-dgv273-seacev3-1194196,ocds-dgv273-seacev3-1194196-2026-05-14T10:36:05.103756-05:00,2392035,21218568,72141003,Servicios de mantenimiento de pistas y carreteras,UNSPSC
ocds-dgv273-seacev3-1202130,ocds-dgv273-seacev3-1202130-2026-05-14T10:36:04.098581-05:00,2391934,21241596,42132203,Guantes para procedimiento no quirúrgico o para examen médico,UNSPSC
ocds-dgv273-seacev3-1195311,ocds-dgv273-seacev3-1195311-2026-05-14T10:36:03.954988-05:00,2391285,21221524,46181546,Gorro impermeable,UNSPSC
ocds-dgv273-seacev3-2026-10153-4,ocds-dgv273-seacev3-2026-10153-4-2026-05-14T10:36:03.539614-05:00,2392019,21229901,72121103,Servicios de renovación y reparación de edificios comerciales y de oficinas,UNSPSC
ocds-dgv273-seacev3-1198992,ocds-dgv273-seacev3-1198992-2026-05-14T10:36:03.377869-05:00,2391919,21230612,81101508,Ingeniería arquitectónica,UNSPSC
ocds-dgv273-seacev3-2026-217-6,ocds-dgv273-seacev3-2026-217-6-2026-05-14T10:35:54.150912-05:00,2391916,21231272,81101508,Ingeniería arquitectónica,UNSPSC
ocds-dgv273-seacev3-1192546,ocds-dgv273-seacev3-1192546-2026-05-14T10:35:53.897826-05:00,2392007,21214226,50192109,"Papas fritas en hojuelas y al hilo, mix de bocaditos o galletas saladas",UNSPSC
ocds-dgv273-seacev3-1193506,ocds-dgv273-seacev3-1193506-2026-05-14T10:35:53.299274-05:00,2391928,21216635,72151702,Servicios de instalación de sistemas de televisión de circuito cerrado,UNSPSC
ocds-dgv273-seacev3-1199332,ocds-dgv273-seacev3-1199332-2026-05-14T10:35:52.989352-05:00,2391895,21231339,84121806,Servicios de custodia de valores,UNSPSC
ocds-dgv273-seacev3-1193397,ocds-dgv273-seacev3-1193397-2026-05-14T10:35:52.506726-05:00,2392032,21216408,15101505,Diesel,UNSPSC
ocds-dgv273-seacev3-1198495,ocds-dgv273-seacev3-1198495-2026-05-14T10:35:52.126626-05:00,2391809,21228682,50131702,Leche o productos de mantequilla estables sin refrigerar,UNSPSC
ocds-dgv273-seacev3-1200233,ocds-dgv273-seacev3-1200233-2026-05-14T10:35:52.111036-05:00,2392077,21234274,51121710,Losartán potásico,UNSPSC
ocds-dgv273-seacev3-2026-1947-374,ocds-dgv273-seacev3-2026-1947-374-2026-05-14T10:35:51.665073-05:00,2391800,21234983,90121701,Guías turísticos o del área,UNSPSC
ocds-dgv273-seacev3-1193457,ocds-dgv273-seacev3-1193457-2026-05-14T10:35:43.074506-05:00,2392041,21216496,30111801,Agregado natural,UNSPSC
ocds-dgv273-seacev3-2026-761-6,ocds-dgv273-seacev3-2026-761-6-2026-05-14T10:35:42.914837-05:00,2391861,21226501,30264204,Lámina de acero corrugado,UNSPSC
ocds-dgv273-seacev3-1194431,ocds-dgv273-seacev3-1194431-2026-05-14T10:35:42.389850-05:00,2388533,21219032,72153102,Servicios de construcción de campos deportivos interiores,UNSPSC
ocds-dgv273-seacev3-1197508,ocds-dgv273-seacev3-1197508-2026-05-14T10:35:41.698988-05:00,2391799,21226211,51171501,Carbonato de calcio,UNSPSC
ocds-dgv273-seacev3-2026-200284-6,ocds-dgv273-seacev3-2026-200284-6-2026-05-14T10:35:41.316258-05:00,2391871,21237402,72141003,Servicios de mantenimiento de pistas y carreteras,UNSPSC
ocds-dgv273-seacev3-1197773,ocds-dgv273-seacev3-1197773-2026-05-14T10:35:41.298028-05:00,2391802,21226923,83121703,Servicios relacionados con Internet,UNSPSC
ocds-dgv273-seacev3-2026-217-5,ocds-dgv273-seacev3-2026-217-5-2026-05-14T10:35:41.192210-05:00,2391911,21230723,72121407,Servicios de construcción de mausoleos,UNSPSC
ocds-dgv273-seacev3-1197320,ocds-dgv273-seacev3-1197320-2026-05-14T10:35:40.723500-05:00,2388633,21225789,72121103,Servicios de renovación y reparación de edificios comerciales y de oficinas,UNSPSC
ocds-dgv273-seacev3-1193793,ocds-dgv273-seacev3-1193793-2026-05-14T10:35:32.524880-05:00,2391977,21217448,72154013,Servicios de construcción de cercos,UNSPSC
ocds-dgv273-seacev3-2026-49-33,ocds-dgv273-seacev3-2026-49-33-2026-05-14T10:35:31.172358-05:00,2392114,21218739,72141701,Servicio de arrendamiento o alquiler de maquinaria de construcción,UNSPSC
ocds-dgv273-seacev3-1199266,ocds-dgv273-seacev3-1199266-2026-05-14T10:35:31.124534-05:00,2391954,21231079,72121506,Servicios de construcción de centrales eléctricas,UNSPSC
ocds-dgv273-seacev3-2026-200284-8,ocds-dgv273-seacev3-2026-200284-8-2026-05-14T10:35:30.549809-05:00,2391888,21237496,72141003,Servicios de mantenimiento de pistas y carreteras,UNSPSC
ocds-dgv273-seacev3-2026-30-2,ocds-dgv273-seacev3-2026-30-2-2026-05-14T10:35:30.534954-05:00,2391865,21234974,90121502,Agencias de viajes,UNSPSC
ocds-dgv273-seacev3-1197711,ocds-dgv273-seacev3-1197711-2026-05-14T10:35:29.926229-05:00,2391872,21226767,72153102,Servicios de construcción de campos deportivos interiores,UNSPSC
ocds-dgv273-seacev3-1200995,ocds-dgv273-seacev3-1200995-2026-05-14T10:35:29.766760-05:00,2391932,21236416,51203203,Micofenolato o ácido micofenólico,UNSPSC
ocds-dgv273-seacev3-1196303,ocds-dgv273-seacev3-1196303-2026-05-14T10:35:29.675284-05:00,2391850,21223383,25101901,Tractores agrícolas,UNSPSC
ocds-dgv273-seacev3-1192984,ocds-dgv273-seacev3-1192984-2026-05-14T10:35:29.441974-05:00,2392006,21215255,81101508,Ingeniería arquitectónica,UNSPSC
ocds-dgv273-seacev3-2026-1387-4,ocds-dgv273-seacev3-2026-1387-4-2026-05-14T10:35:28.973966-05:00,2391936,21233000,50131702,Leche o productos de mantequilla estables sin refrigerar,UNSPSC
ocds-dgv273-seacev3-1194986,ocds-dgv273-seacev3-1194986-2026-05-13T10:35:42.033691-05:00,2391646,21220686,77101805,Servicios de control de calidad ambiental,UNSPSC
ocds-dgv273-seacev3-1200155,ocds-dgv273-seacev3-1200155-2026-05-13T10:35:41.620446-05:00,2391650,21233858,78111808,Alquiler de vehículos,UNSPSC
ocds-dgv273-seacev3-1194537,ocds-dgv273-seacev3-1194537-2026-05-13T10:35:40.572447-05:00,2391642,21219320,77101805,Servicios de control de calidad ambiental,UNSPSC
ocds-dgv273-seacev3-1196144,ocds-dgv273-seacev3-1196144-2026-05-13T10:35:40.298098-05:00,2391603,21223029,72121403,Servicios de construcción de hospitales,UNSPSC
ocds-dgv273-seacev3-1194045,ocds-dgv273-seacev3-1194045-2026-05-13T10:35:39.805547-05:00,2391718,21218037,30111601,Cemento,UNSPSC
ocds-dgv273-seacev3-1200566,ocds-dgv273-seacev3-1200566-2026-05-13T10:35:39.649338-05:00,2391790,21235231,80101706,Servicios profesionales de abastecimiento,UNSPSC
ocds-dgv273-seacev3-1200038,ocds-dgv273-seacev3-1200038-2026-05-13T10:35:39.256134-05:00,2391514,21233308,81101515,Ingeniería de infraestructura de plantas o instalaciones,UNSPSC
ocds-dgv273-seacev3-2026-1512-2,ocds-dgv273-seacev3-2026-1512-2-2026-05-13T10:35:38.896391-05:00,2391565,21219983,50221102,Harina de cereales,UNSPSC
ocds-dgv273-seacev3-2026-1512-2,ocds-dgv273-seacev3-2026-1512-2-2026-05-13T10:35:38.896391-05:00,2391565,21219984,50131702,Leche o productos de mantequilla estables sin refrigerar,UNSPSC
ocds-dgv273-seacev3-1194931,ocds-dgv273-seacev3-1194931-2026-05-13T10:35:38.804504-05:00,2391648,21220249,77101805,Servicios de control de calidad ambiental,UNSPSC
ocds-dgv273-seacev3-1202032,ocds-dgv273-seacev3-1202032-2026-05-13T10:35:31.660481-05:00,2391561,21241469,50221101,Granos de cereal,UNSPSC
ocds-dgv273-seacev3-1194314,ocds-dgv273-seacev3-1194314-2026-05-13T10:35:31.569738-05:00,2391591,21218789,81112401,Alquiler de hardware de computación,UNSPSC
ocds-dgv273-seacev3-2026-200525-1,ocds-dgv273-seacev3-2026-200525-1-2026-05-13T10:35:31.450979-05:00,2391693,21221447,83121703,Servicios relacionados con Internet,UNSPSC
ocds-dgv273-seacev3-1193019,ocds-dgv273-seacev3-1193019-2026-05-13T10:35:31.022512-05:00,2391587,21215328,50221101,Granos de cereal,UNSPSC
ocds-dgv273-seacev3-1193186,ocds-dgv273-seacev3-1193186-2026-05-13T10:35:30.621671-05:00,2391517,21215924,81101515,Ingeniería de infraestructura de plantas o instalaciones,UNSPSC
ocds-dgv273-seacev3-2026-827-2,ocds-dgv273-seacev3-2026-827-2-2026-05-13T10:35:30.564976-05:00,2391629,21236964,30111601,Cemento,UNSPSC
ocds-dgv273-seacev3-1200765,ocds-dgv273-seacev3-1200765-2026-05-13T10:35:30.264533-05:00,2391574,21237147,55121802,Tarjetas o carnets de identificación o productos similares,UNSPSC
ocds-dgv273-seacev3-2026-2381-62,ocds-dgv273-seacev3-2026-2381-62-2026-05-13T10:35:29.865120-05:00,2391683,21213662,41116501,Indicadores y kits de indicación para medidores,UNSPSC
ocds-dgv273-seacev3-2026-10175-5,ocds-dgv273-seacev3-2026-10175-5-2026-05-13T10:35:29.558791-05:00,2391775,21221130,55121802,Tarjetas o carnets de identificación o productos similares,UNSPSC
ocds-dgv273-seacev3-1198169,ocds-dgv273-seacev3-1198169-2026-05-13T10:35:29.361270-05:00,2391713,21227730,80131502,Alquiler de instalaciones comerciales o industriales,UNSPSC
ocds-dgv273-seacev3-1200586,ocds-dgv273-seacev3-1200586-2026-05-13T10:35:28.557845-05:00,2391528,21235301,23121501,Maquinaria para bordados,UNSPSC
ocds-dgv273-seacev3-1201115,ocds-dgv273-seacev3-1201115-2026-05-13T10:35:28.386872-05:00,2391686,21236819,60124307,Prensa de extrusión para modelar los materiales,UNSPSC
ocds-dgv273-seacev3-1199725,ocds-dgv273-seacev3-1199725-2026-05-13T10:35:27.726639-05:00,2391630,21232882,72153102,Servicios de construcción de campos deportivos interiores,UNSPSC
ocds-dgv273-seacev3-1200301,ocds-dgv273-seacev3-1200301-2026-05-13T10:35:20.685636-05:00,2391594,21234569,80161504,Servicios de oficina,UNSPSC
ocds-dgv273-seacev3-1194575,ocds-dgv273-seacev3-1194575-2026-05-13T10:35:20.538754-05:00,2391494,21219511,72141505,Servicios de movimientos de tierras,UNSPSC
ocds-dgv273-seacev3-1197332,ocds-dgv273-seacev3-1197332-2026-05-13T10:35:19.906245-05:00,2391570,21226000,72141701,Servicio de arrendamiento o alquiler de maquinaria de construcción,UNSPSC
ocds-dgv273-seacev3-1196777,ocds-dgv273-seacev3-1196777-2026-05-13T10:35:19.166772-05:00,2391689,21224772,80161801,Servicio de arrendamiento o alquiler de fotocopia,UNSPSC
ocds-dgv273-seacev3-2026-1768-8,ocds-dgv273-seacev3-2026-1768-8-2026-05-13T10:35:18.943558-05:00,2391684,21235472,15101505,Diesel,UNSPSC
ocds-dgv273-seacev3-1200086,ocds-dgv273-seacev3-1200086-2026-05-13T10:35:17.584905-05:00,2391589,21233585,81101510,Ingeniería de carreteras,UNSPSC
ocds-dgv273-seacev3-2026-531-1,ocds-dgv273-seacev3-2026-531-1-2026-05-13T10:35:17.533165-05:00,2391400,21214621,72121203,Servicios de construcción de silos y de edificaciones para servicio agrícola,UNSPSC
ocds-dgv273-seacev3-1205203,ocds-dgv273-seacev3-1205203-2026-05-13T10:35:08.714056-05:00,2391669,21248374,72141128,Servicio de remodelación  y/o construcción de plazas públicas,UNSPSC
ocds-dgv273-seacev3-1192294,ocds-dgv273-seacev3-1192294-2026-05-13T10:35:08.280188-05:00,2391678,21213628,80101604,Administración o planificación de proyectos,UNSPSC
ocds-dgv273-seacev3-2026-685-9,ocds-dgv273-seacev3-2026-685-9-2026-05-13T10:35:07.714216-05:00,2391729,21230581,81101515,Ingeniería de infraestructura de plantas o instalaciones,UNSPSC
ocds-dgv273-seacev3-2026-200284-1,ocds-dgv273-seacev3-2026-200284-1-2026-05-13T10:35:07.548691-05:00,2391615,21236002,72141003,Servicios de mantenimiento de pistas y carreteras,UNSPSC
ocds-dgv273-seacev3-1196950,ocds-dgv273-seacev3-1196950-2026-05-13T10:35:06.898981-05:00,2391532,21224947,72121406,Servicios de construcción de escuelas,UNSPSC
ocds-dgv273-seacev3-1196616,ocds-dgv273-seacev3-1196616-2026-05-13T10:35:06.810308-05:00,2391583,21224224,53103001,Polos para caballero,UNSPSC
ocds-dgv273-seacev3-1198123,ocds-dgv273-seacev3-1198123-2026-05-13T10:35:05.797792-05:00,2391579,21227675,30111601,Cemento,UNSPSC
ocds-dgv273-seacev3-1193459,ocds-dgv273-seacev3-1193459-2026-05-13T10:34:58.187657-05:00,2391733,21216438,72152605,Servicios de montaje y reparación de techos,UNSPSC
ocds-dgv273-seacev3-1194476,ocds-dgv273-seacev3-1194476-2026-05-13T10:34:58.112946-05:00,2391680,21219370,23151807,Secadores por congelación o liofilizadores,UNSPSC
ocds-dgv273-seacev3-1201377,ocds-dgv273-seacev3-1201377-2026-05-13T10:34:57.064640-05:00,2391506,21237666,84121806,Servicios de custodia de valores,UNSPSC
ocds-dgv273-seacev3-1194929,ocds-dgv273-seacev3-1194929-2026-05-13T10:34:56.744436-05:00,2391649,21220227,77101805,Servicios de control de calidad ambiental,UNSPSC
ocds-dgv273-seacev3-1197995,ocds-dgv273-seacev3-1197995-2026-05-13T10:34:56.041612-05:00,2391560,21227413,30111601,Cemento,UNSPSC
ocds-dgv273-seacev3-2026-1316-5,ocds-dgv273-seacev3-2026-1316-5-2026-05-13T10:34:55.381469-05:00,2391781,21238653,78111808,Alquiler de vehículos,UNSPSC
ocds-dgv273-seacev3-1200997,ocds-dgv273-seacev3-1200997-2026-05-13T10:34:55.243073-05:00,2391766,21236659,81101510,Ingeniería de carreteras,UNSPSC
ocds-dgv273-seacev3-1200108,ocds-dgv273-seacev3-1200108-2026-05-13T10:34:55.161433-05:00,2391763,21233744,50192109,"Papas fritas en hojuelas y al hilo, mix de bocaditos o galletas saladas",UNSPSC
ocds-dgv273-seacev3-1200848,ocds-dgv273-seacev3-1200848-2026-05-13T10:34:55.096765-05:00,2391505,21236192,15101505,Diesel,UNSPSC
ocds-dgv273-seacev3-2026-200284-3,ocds-dgv273-seacev3-2026-200284-3-2026-05-13T10:34:54.617903-05:00,2391696,21237175,72141003,Servicios de mantenimiento de pistas y carreteras,UNSPSC
ocds-dgv273-seacev3-1194894,ocds-dgv273-seacev3-1194894-2026-05-13T10:34:54.516589-05:00,2391751,21219942,81101515,Ingeniería de infraestructura de plantas o instalaciones,UNSPSC
ocds-dgv273-seacev3-2026-200038-1,ocds-dgv273-seacev3-2026-200038-1-2026-05-13T10:34:47.510741-05:00,2391652,21223759,51131603,Heparina sódica,UNSPSC
ocds-dgv273-seacev3-2026-200038-1,ocds-dgv273-seacev3-2026-200038-1-2026-05-13T10:34:47.510741-05:00,2391653,21223760,51171631,Macrogol o glicol de polietileno,UNSPSC
ocds-dgv273-seacev3-2026-200420-4,ocds-dgv273-seacev3-2026-200420-4-2026-05-13T10:34:47.286823-05:00,2391582,21215183,93141808,Servicios de seguridad o salud ocupacional,UNSPSC
ocds-dgv273-seacev3-1202221,ocds-dgv273-seacev3-1202221-2026-05-13T10:34:46.997599-05:00,2391552,21239933,80131502,Alquiler de instalaciones comerciales o industriales,UNSPSC
ocds-dgv273-seacev3-1193639,ocds-dgv273-seacev3-1193639-2026-05-13T10:34:45.274158-05:00,2391690,21216897,72121504,Servicios de construcción de plantas para la eliminación de residuos,UNSPSC
ocds-dgv273-seacev3-1192930,ocds-dgv273-seacev3-1192930-2026-05-13T10:34:45.255377-05:00,2391585,21215042,50221101,Granos de cereal,UNSPSC
ocds-dgv273-seacev3-1199495,ocds-dgv273-seacev3-1199495-2026-05-13T10:34:44.657604-05:00,2391576,21231726,81151705,Servicios arqueológicos,UNSPSC
ocds-dgv273-seacev3-1195958,ocds-dgv273-seacev3-1195958-2026-05-13T10:34:44.550871-05:00,2391490,21222701,72141003,Servicios de mantenimiento de pistas y carreteras,UNSPSC
ocds-dgv273-seacev3-2026-10153-23,ocds-dgv273-seacev3-2026-10153-23-2026-05-13T10:34:44.393206-05:00,2391676,21234262,83111507,Servicios del centro de atención telefónica,UNSPSC
ocds-dgv273-seacev3-1200031,ocds-dgv273-seacev3-1200031-2026-05-13T10:34:44.120428-05:00,2391654,21233351,72141121,Servicios de construcción de tuberías principales de agua,UNSPSC
ocds-dgv273-seacev3-2026-200284-2,ocds-dgv273-seacev3-2026-200284-2-2026-05-13T10:34:35.633185-05:00,2391687,21237036,72141003,Servicios de mantenimiento de pistas y carreteras,UNSPSC
ocds-dgv273-seacev3-1193953,ocds-dgv273-seacev3-1193953-2026-05-13T10:34:35.357535-05:00,2391599,21217808,81112401,Alquiler de hardware de computación,UNSPSC
ocds-dgv273-seacev3-1201416,ocds-dgv273-seacev3-1201416-2026-05-13T10:34:35.342167-05:00,2391750,21237760,30111601,Cemento,UNSPSC
ocds-dgv273-seacev3-1194501,ocds-dgv273-seacev3-1194501-2026-05-13T10:34:34.324744-05:00,2391522,21219243,72141003,Servicios de mantenimiento de pistas y carreteras,UNSPSC
ocds-dgv273-seacev3-1195457,ocds-dgv273-seacev3-1195457-2026-05-13T10:34:34.112694-05:00,2391499,21221913,72141003,Servicios de mantenimiento de pistas y carreteras,UNSPSC
ocds-dgv273-seacev3-1197911,ocds-dgv273-seacev3-1197911-2026-05-13T10:34:33.273669-05:00,2391688,21227216,81101515,Ingeniería de infraestructura de plantas o instalaciones,UNSPSC
ocds-dgv273-seacev3-1197509,ocds-dgv273-seacev3-1197509-2026-05-13T10:34:33.191435-05:00,2391553,21226388,30111601,Cemento,UNSPSC
ocds-dgv273-seacev3-1199952,ocds-dgv273-seacev3-1199952-2026-05-13T10:34:32.942246-05:00,2391590,21233159,30111601,Cemento,UNSPSC
ocds-dgv273-seacev3-1202924,ocds-dgv273-seacev3-1202924-2026-05-13T10:34:32.641552-05:00,2391737,21243317,72141003,Servicios de mantenimiento de pistas y carreteras,UNSPSC
ocds-dgv273-seacev3-1198213,ocds-dgv273-seacev3-1198213-2026-05-13T10:34:32.076048-05:00,2391698,21228158,51111522,Ceftriaxona sódica,UNSPSC
ocds-dgv273-seacev3-1198191,ocds-dgv273-seacev3-1198191-2026-05-13T10:34:31.914273-05:00,2391761,21227982,80131502,Alquiler de instalaciones comerciales o industriales,UNSPSC
ocds-dgv273-seacev3-2026-200245-5,ocds-dgv273-seacev3-2026-200245-5-2026-05-10T21:37:56.512321-05:00,2391119,21241481,72141003,Servicios de mantenimiento de pistas y carreteras,UNSPSC
ocds-dgv273-seacev3-1201628,ocds-dgv273-seacev3-1201628-2026-05-10T21:37:56.261390-05:00,2391287,21238296,14111507,Papel para fotocopiadora,UNSPSC
ocds-dgv273-seacev3-1193775,ocds-dgv273-seacev3-1193775-2026-05-10T21:37:55.995950-05:00,2391006,21217319,72121406,Servicios de construcción de escuelas,UNSPSC
ocds-dgv273-seacev3-2026-1689-6,ocds-dgv273-seacev3-2026-1689-6-2026-05-10T21:37:55.650474-05:00,2391260,21212465,81101510,Ingeniería de carreteras,UNSPSC
ocds-dgv273-seacev3-1195953,ocds-dgv273-seacev3-1195953-2026-05-10T21:37:55.609793-05:00,2391344,21222724,72141003,Servicios de mantenimiento de pistas y carreteras,UNSPSC
ocds-dgv273-seacev3-2026-1031-6,ocds-dgv273-seacev3-2026-1031-6-2026-05-10T21:37:55.469088-05:00,2390984,21214956,72121406,Servicios de construcción de escuelas,UNSPSC
ocds-dgv273-seacev3-2026-882-2,ocds-dgv273-seacev3-2026-882-2-2026-05-10T21:37:55.432071-05:00,2391441,21221730,15101505,Diesel,UNSPSC
ocds-dgv273-seacev3-1196522,ocds-dgv273-seacev3-1196522-2026-05-10T21:37:55.302533-05:00,2391295,21223963,77101805,Servicios de control de calidad ambiental,UNSPSC
ocds-dgv273-seacev3-1198433,ocds-dgv273-seacev3-1198433-2026-05-10T21:37:55.058595-05:00,2390995,21229362,80101505,Desarrollo de objetivos o políticas corporativas,UNSPSC
ocds-dgv273-seacev3-1193797,ocds-dgv273-seacev3-1193797-2026-05-10T21:37:54.712810-05:00,2391324,21217843,72141003,Servicios de mantenimiento de pistas y carreteras,UNSPSC
ocds-dgv273-seacev3-1197501,ocds-dgv273-seacev3-1197501-2026-05-10T21:37:54.344689-05:00,2391005,21226205,76122003,Disposición final para desechos peligrosos,UNSPSC
ocds-dgv273-seacev3-1196189,ocds-dgv273-seacev3-1196189-2026-05-10T21:37:54.089670-05:00,2391304,21223119,77101805,Servicios de control de calidad ambiental,UNSPSC
ocds-dgv273-seacev3-2026-1003003336-4,ocds-dgv273-seacev3-2026-1003003336-4-2026-05-10T21:37:53.972357-05:00,2390974,21227481,72141003,Servicios de mantenimiento de pistas y carreteras,UNSPSC
ocds-dgv273-seacev3-1195816,ocds-dgv273-seacev3-1195816-2026-05-10T21:37:53.858071-05:00,2391262,21222480,77101805,Servicios de control de calidad ambiental,UNSPSC
ocds-dgv273-seacev3-2026-1611-26,ocds-dgv273-seacev3-2026-1611-26-2026-05-10T21:37:53.795960-05:00,2391049,21232921,72141003,Servicios de mantenimiento de pistas y carreteras,UNSPSC
ocds-dgv273-seacev3-1200677,ocds-dgv273-seacev3-1200677-2026-05-10T21:37:53.765963-05:00,2391330,21235576,72141003,Servicios de mantenimiento de pistas y carreteras,UNSPSC
ocds-dgv273-seacev3-2026-1611-29,ocds-dgv273-seacev3-2026-1611-29-2026-05-10T21:37:53.737312-05:00,2391046,21232915,72141003,Servicios de mantenimiento de pistas y carreteras,UNSPSC
ocds-dgv273-seacev3-1195421,ocds-dgv273-seacev3-1195421-2026-05-10T21:37:53.440064-05:00,2390973,21221733,80131502,Alquiler de instalaciones comerciales o industriales,UNSPSC
ocds-dgv273-seacev3-1196232,ocds-dgv273-seacev3-1196232-2026-05-10T21:37:53.412001-05:00,2391299,21223246,77101805,Servicios de control de calidad ambiental,UNSPSC
ocds-dgv273-seacev3-1197191,ocds-dgv273-seacev3-1197191-2026-05-10T21:37:53.398213-05:00,2391271,21225473,77101805,Servicios de control de calidad ambiental,UNSPSC
ocds-dgv273-seacev3-1192422,ocds-dgv273-seacev3-1192422-2026-05-10T21:37:53.380992-05:00,2391416,21213871,72121102,Servicios de construcción de edificios comerciales y de oficinas prefabricadas,UNSPSC
ocds-dgv273-seacev3-1195236,ocds-dgv273-seacev3-1195236-2026-05-10T21:37:53.194452-05:00,2391268,21221173,77101805,Servicios de control de calidad ambiental,UNSPSC
ocds-dgv273-seacev3-1195062,ocds-dgv273-seacev3-1195062-2026-05-10T21:37:53.150259-05:00,2391395,21220864,48101525,Tostadores de uso comercial,UNSPSC
ocds-dgv273-seacev3-1200393,ocds-dgv273-seacev3-1200393-2026-05-10T21:37:46.129864-05:00,2391467,21235018,92101501,Servicios de vigilancia,UNSPSC
ocds-dgv273-seacev3-1195814,ocds-dgv273-seacev3-1195814-2026-05-10T21:37:46.109005-05:00,2391338,21222463,93151507,Servicios o procedimientos administrativos,UNSPSC
ocds-dgv273-seacev3-1201629,ocds-dgv273-seacev3-1201629-2026-05-10T21:37:45.961761-05:00,2391114,21238297,26101743,Válvulas de motor,UNSPSC
ocds-dgv273-seacev3-1201589,ocds-dgv273-seacev3-1201589-2026-05-10T21:37:45.946609-05:00,2390960,21238245,23121610,Máquinas de tinte,UNSPSC
ocds-dgv273-seacev3-1197264,ocds-dgv273-seacev3-1197264-2026-05-10T21:37:45.845615-05:00,2391318,21225641,77101805,Servicios de control de calidad ambiental,UNSPSC
ocds-dgv273-seacev3-2026-200245-4,ocds-dgv273-seacev3-2026-200245-4-2026-05-10T21:37:45.768138-05:00,2391115,21241468,72141003,Servicios de mantenimiento de pistas y carreteras,UNSPSC
ocds-dgv273-seacev3-1200961,ocds-dgv273-seacev3-1200961-2026-05-10T21:37:45.587673-05:00,2391346,21236346,72141003,Servicios de mantenimiento de pistas y carreteras,UNSPSC
ocds-dgv273-seacev3-2026-10423-1,ocds-dgv273-seacev3-2026-10423-1-2026-05-10T21:37:44.984976-05:00,2391455,21235530,15101505,Diesel,UNSPSC
ocds-dgv273-seacev3-2026-1611-28,ocds-dgv273-seacev3-2026-1611-28-2026-05-10T21:37:44.700888-05:00,2391041,21232800,72141003,Servicios de mantenimiento de pistas y carreteras,UNSPSC
ocds-dgv273-seacev3-1195926,ocds-dgv273-seacev3-1195926-2026-05-10T21:37:44.681082-05:00,2391191,21222706,72141003,Servicios de mantenimiento de pistas y carreteras,UNSPSC
ocds-dgv273-seacev3-2026-1880-2,ocds-dgv273-seacev3-2026-1880-2-2026-05-10T21:37:44.606669-05:00,2391014,21233850,15101505,Diesel,UNSPSC
ocds-dgv273-seacev3-1198751,ocds-dgv273-seacev3-1198751-2026-05-10T21:37:44.293095-05:00,2391208,21229746,72141003,Servicios de mantenimiento de pistas y carreteras,UNSPSC
ocds-dgv273-seacev3-1197062,ocds-dgv273-seacev3-1197062-2026-05-10T21:37:43.764364-05:00,2390929,21225149,80101505,Desarrollo de objetivos o políticas corporativas,UNSPSC
ocds-dgv273-seacev3-1196170,ocds-dgv273-seacev3-1196170-2026-05-10T21:37:43.612634-05:00,2391307,21223043,77101805,Servicios de control de calidad ambiental,UNSPSC
ocds-dgv273-seacev3-2026-1926-59,ocds-dgv273-seacev3-2026-1926-59-2026-05-10T21:37:43.427083-05:00,2390908,21237368,81112001,Servicio de procesamiento de datos en línea,UNSPSC
ocds-dgv273-seacev3-2026-374-24,ocds-dgv273-seacev3-2026-374-24-2026-05-10T21:37:43.343945-05:00,2391173,21233606,30111601,Cemento,UNSPSC
ocds-dgv273-seacev3-1195612,ocds-dgv273-seacev3-1195612-2026-05-10T21:37:43.247588-05:00,2391264,21222159,77101805,Servicios de control de calidad ambiental,UNSPSC
ocds-dgv273-seacev3-1197858,ocds-dgv273-seacev3-1197858-2026-05-10T21:37:42.982449-05:00,2391376,21229091,78111707,Transporte de pasajeros por aguas interiores por barco transbordador,UNSPSC
ocds-dgv273-seacev3-1196063,ocds-dgv273-seacev3-1196063-2026-05-10T21:37:42.954990-05:00,2391428,21222896,77101805,Servicios de control de calidad ambiental,UNSPSC
ocds-dgv273-seacev3-1201747,ocds-dgv273-seacev3-1201747-2026-05-10T21:37:42.913815-05:00,2391094,21238628,72141003,Servicios de mantenimiento de pistas y carreteras,UNSPSC
ocds-dgv273-seacev3-1196620,ocds-dgv273-seacev3-1196620-2026-05-10T21:37:42.576929-05:00,2391082,21224230,21101802,Pulverizadores,UNSPSC
ocds-dgv273-seacev3-1201051,ocds-dgv273-seacev3-1201051-2026-05-10T21:37:42.530689-05:00,2391280,21236595,49101701,Medallas,UNSPSC
ocds-dgv273-seacev3-1196316,ocds-dgv273-seacev3-1196316-2026-05-10T21:37:42.433838-05:00,2391444,21223689,72141003,Servicios de mantenimiento de pistas y carreteras,UNSPSC
ocds-dgv273-seacev3-2026-1166-8,ocds-dgv273-seacev3-2026-1166-8-2026-05-10T21:37:35.624543-05:00,2391004,21222374,72121406,Servicios de construcción de escuelas,UNSPSC
ocds-dgv273-seacev3-1200085,ocds-dgv273-seacev3-1200085-2026-05-10T21:37:35.040164-05:00,2391265,21233596,81101515,Ingeniería de infraestructura de plantas o instalaciones,UNSPSC
ocds-dgv273-seacev3-1201384,ocds-dgv273-seacev3-1201384-2026-05-10T21:37:34.954130-05:00,2390967,21237487,15101505,Diesel,UNSPSC
ocds-dgv273-seacev3-1200786,ocds-dgv273-seacev3-1200786-2026-05-10T21:37:34.588230-05:00,2391431,21235894,53131609,Productos para la protección contra el sol,UNSPSC
ocds-dgv273-seacev3-1196583,ocds-dgv273-seacev3-1196583-2026-05-10T21:37:34.371196-05:00,2391150,21224162,72141121,Servicios de construcción de tuberías principales de agua,UNSPSC
ocds-dgv273-seacev3-2026-200245-3,ocds-dgv273-seacev3-2026-200245-3-2026-05-10T21:37:33.579216-05:00,2391111,21241431,72141003,Servicios de mantenimiento de pistas y carreteras,UNSPSC
ocds-dgv273-seacev3-1196965,ocds-dgv273-seacev3-1196965-2026-05-10T21:37:33.564517-05:00,2391326,21224986,77101805,Servicios de control de calidad ambiental,UNSPSC
ocds-dgv273-seacev3-1196539,ocds-dgv273-seacev3-1196539-2026-05-10T21:37:33.088899-05:00,2391409,21224016,77101805,Servicios de control de calidad ambiental,UNSPSC
ocds-dgv273-seacev3-1201805,ocds-dgv273-seacev3-1201805-2026-05-10T21:37:32.960414-05:00,2390911,21238788,30111601,Cemento,UNSPSC
ocds-dgv273-seacev3-1198836,ocds-dgv273-seacev3-1198836-2026-05-10T21:37:32.367774-05:00,2391244,21230262,82141502,Diseño de arte o gráficos,UNSPSC
ocds-dgv273-seacev3-1196425,ocds-dgv273-seacev3-1196425-2026-05-10T21:37:32.354021-05:00,2391059,21223837,80131502,Alquiler de instalaciones comerciales o industriales,UNSPSC
ocds-dgv273-seacev3-1194000,ocds-dgv273-seacev3-1194000-2026-05-10T21:37:32.202352-05:00,2391415,21217896,41103504,Cabina o estación de flujo laminar,UNSPSC
ocds-dgv273-seacev3-1197894,ocds-dgv273-seacev3-1197894-2026-05-10T21:37:31.810421-05:00,2391305,21227222,30111601,Cemento,UNSPSC
ocds-dgv273-seacev3-1197142,ocds-dgv273-seacev3-1197142-2026-05-10T21:37:31.796523-05:00,2391275,21225357,77101805,Servicios de control de calidad ambiental,UNSPSC
ocds-dgv273-seacev3-2026-311-1,ocds-dgv273-seacev3-2026-311-1-2026-05-10T21:37:31.452788-05:00,2390923,21214854,72121101,Servicios de construcción de nuevos edificios comerciales y de oficinas,UNSPSC
ocds-dgv273-seacev3-1199129,ocds-dgv273-seacev3-1199129-2026-05-10T21:37:31.409744-05:00,2391224,21230852,72141003,Servicios de mantenimiento de pistas y carreteras,UNSPSC
ocds-dgv273-seacev3-2026-1668-2,ocds-dgv273-seacev3-2026-1668-2-2026-05-10T21:37:31.351729-05:00,2391197,21216046,50131702,Leche o productos de mantequilla estables sin refrigerar,UNSPSC
ocds-dgv273-seacev3-1201005,ocds-dgv273-seacev3-1201005-2026-05-10T21:37:31.296621-05:00,2391353,21236660,72141003,Servicios de mantenimiento de pistas y carreteras,UNSPSC
ocds-dgv273-seacev3-1195244,ocds-dgv273-seacev3-1195244-2026-05-10T21:37:31.130219-05:00,2390979,21221190,81101508,Ingeniería arquitectónica,UNSPSC
ocds-dgv273-seacev3-1206912,ocds-dgv273-seacev3-1206912-2026-05-10T21:37:30.944973-05:00,2391443,21252784,72152103,Servicios de aislamiento de edificaciones,UNSPSC
ocds-dgv273-seacev3-1196029,ocds-dgv273-seacev3-1196029-2026-05-10T21:37:26.058556-05:00,2391309,21222857,77101805,Servicios de control de calidad ambiental,UNSPSC
ocds-dgv273-seacev3-1195434,ocds-dgv273-seacev3-1195434-2026-05-10T21:37:25.787486-05:00,2390964,21221760,80131502,Alquiler de instalaciones comerciales o industriales,UNSPSC
ocds-dgv273-seacev3-1200762,ocds-dgv273-seacev3-1200762-2026-05-10T21:37:25.607623-05:00,2391276,21236060,70151507,Servicios de reforestación,UNSPSC
ocds-dgv273-seacev3-1195171,ocds-dgv273-seacev3-1195171-2026-05-10T21:37:25.593274-05:00,2391127,21221076,50221101,Granos de cereal,UNSPSC
ocds-dgv273-seacev3-1197912,ocds-dgv273-seacev3-1197912-2026-05-10T21:37:24.731046-05:00,2391233,21227238,10171506,Humus,UNSPSC
ocds-dgv273-seacev3-1201411,ocds-dgv273-seacev3-1201411-2026-05-10T21:37:24.670226-05:00,2390909,21237773,21102006,Trituradoras de martillo,UNSPSC
ocds-dgv273-seacev3-1196390,ocds-dgv273-seacev3-1196390-2026-05-10T21:37:24.642668-05:00,2391048,21223862,80131502,Alquiler de instalaciones comerciales o industriales,UNSPSC
ocds-dgv273-seacev3-1196059,ocds-dgv273-seacev3-1196059-2026-05-10T21:37:24.554018-05:00,2391254,21222870,77101805,Servicios de control de calidad ambiental,UNSPSC
ocds-dgv273-seacev3-2026-1168-3,ocds-dgv273-seacev3-2026-1168-3-2026-05-10T21:37:24.482526-05:00,2391418,21230826,72153103,Servicios de construcción de patios de recreo e instalación de equipos,UNSPSC
ocds-dgv273-seacev3-2026-10187-1,ocds-dgv273-seacev3-2026-10187-1-2026-05-10T21:37:24.127000-05:00,2391034,21213354,92101501,Servicios de vigilancia,UNSPSC
ocds-dgv273-seacev3-1200273,ocds-dgv273-seacev3-1200273-2026-05-10T21:37:23.725903-05:00,2390781,21234434,51384514,Naproxeno,UNSPSC
ocds-dgv273-seacev3-1200273,ocds-dgv273-seacev3-1200273-2026-05-10T21:37:23.725903-05:00,2390795,21234389,51121818,Atorvastatina,UNSPSC
ocds-dgv273-seacev3-1200273,ocds-dgv273-seacev3-1200273-2026-05-10T21:37:23.725903-05:00,2390922,21234435,51141530,Valproato sódico,UNSPSC
ocds-dgv273-seacev3-1200273,ocds-dgv273-seacev3-1200273-2026-05-10T21:37:23.725903-05:00,2391047,21234391,51131516,Hierro sucrosa,UNSPSC
ocds-dgv273-seacev3-1200273,ocds-dgv273-seacev3-1200273-2026-05-10T21:37:23.725903-05:00,2391050,21234388,51102899,Amoxicilina y sus combinaciones,UNSPSC
ocds-dgv273-seacev3-1200273,ocds-dgv273-seacev3-1200273-2026-05-10T21:37:23.725903-05:00,2391042,21234390,51141517,Gabapentin,UNSPSC
ocds-dgv273-seacev3-1200273,ocds-dgv273-seacev3-1200273-2026-05-10T21:37:23.725903-05:00,2390856,21234394,51171605,Lactulosa,UNSPSC
ocds-dgv273-seacev3-1200273,ocds-dgv273-seacev3-1200273-2026-05-10T21:37:23.725903-05:00,2391325,21234433,51121710,Losartán potásico,UNSPSC
ocds-dgv273-seacev3-1198101,ocds-dgv273-seacev3-1198101-2026-05-10T21:37:23.703701-05:00,2391009,21227831,41115804,Accesorios o suministros de analizadores de banco de sangre,UNSPSC
ocds-dgv273-seacev3-1196762,ocds-dgv273-seacev3-1196762-2026-05-10T21:37:23.529273-05:00,2391277,21224734,77101805,Servicios de control de calidad ambiental,UNSPSC
ocds-dgv273-seacev3-1191910,ocds-dgv273-seacev3-1191910-2026-05-10T21:37:23.446127-05:00,2391403,21212540,81101508,Ingeniería arquitectónica,UNSPSC
ocds-dgv273-seacev3-1199141,ocds-dgv273-seacev3-1199141-2026-05-10T21:37:23.273614-05:00,2390966,21230827,46171604,Sistemas de alarma,UNSPSC
ocds-dgv273-seacev3-1195262,ocds-dgv273-seacev3-1195262-2026-05-10T21:37:23.260134-05:00,2391057,21221165,80131502,Alquiler de instalaciones comerciales o industriales,UNSPSC
ocds-dgv273-seacev3-1192569,ocds-dgv273-seacev3-1192569-2026-05-10T21:37:23.043333-05:00,2391434,21214264,72152103,Servicios de aislamiento de edificaciones,UNSPSC
ocds-dgv273-seacev3-2026-200245-2,ocds-dgv273-seacev3-2026-200245-2-2026-05-10T21:37:23.006187-05:00,2391107,21241314,72141003,Servicios de mantenimiento de pistas y carreteras,UNSPSC
ocds-dgv273-seacev3-1194997,ocds-dgv273-seacev3-1194997-2026-05-10T21:37:22.825200-05:00,2391003,21220756,72141003,Servicios de mantenimiento de pistas y carreteras,UNSPSC
ocds-dgv273-seacev3-1196147,ocds-dgv273-seacev3-1196147-2026-05-10T21:37:22.617745-05:00,2390925,21223054,15101504,Combustible de aviación,UNSPSC
ocds-dgv273-seacev3-1195982,ocds-dgv273-seacev3-1195982-2026-05-10T21:37:22.604394-05:00,2391315,21222753,77101805,Servicios de control de calidad ambiental,UNSPSC
ocds-dgv273-seacev3-1201797,ocds-dgv273-seacev3-1201797-2026-05-10T21:37:22.298477-05:00,2391354,21241085,72154002,Servicios de instalación de césped artificial,UNSPSC
ocds-dgv273-seacev3-2026-200119-2,ocds-dgv273-seacev3-2026-200119-2-2026-05-10T21:37:22.284550-05:00,2391401,21231547,15101505,Diesel,UNSPSC
ocds-dgv273-seacev3-1198745,ocds-dgv273-seacev3-1198745-2026-05-10T21:37:22.257835-05:00,2391382,21229668,30111801,Agregado natural,UNSPSC
ocds-dgv273-seacev3-1194168,ocds-dgv273-seacev3-1194168-2026-05-10T21:37:22.131914-05:00,2391105,21218275,30111601,Cemento,UNSPSC
ocds-dgv273-seacev3-2026-1003003336-5,ocds-dgv273-seacev3-2026-1003003336-5-2026-05-10T21:37:21.941612-05:00,2390981,21227607,72141003,Servicios de mantenimiento de pistas y carreteras,UNSPSC
ocds-dgv273-seacev3-1195289,ocds-dgv273-seacev3-1195289-2026-05-10T21:37:21.603214-05:00,2391432,21221481,77101805,Servicios de control de calidad ambiental,UNSPSC
ocds-dgv273-seacev3-1196573,ocds-dgv273-seacev3-1196573-2026-05-10T21:37:21.546346-05:00,2391386,21224139,77101805,Servicios de control de calidad ambiental,UNSPSC
ocds-dgv273-seacev3-2026-1086-2,ocds-dgv273-seacev3-2026-1086-2-2026-05-10T21:37:21.418068-05:00,2391456,21239864,80101505,Desarrollo de objetivos o políticas corporativas,UNSPSC
ocds-dgv273-seacev3-1192386,ocds-dgv273-seacev3-1192386-2026-05-10T21:37:21.219487-05:00,2384665,21213795,31211604,Diluyentes para pinturas,UNSPSC
ocds-dgv273-seacev3-1198671,ocds-dgv273-seacev3-1198671-2026-05-10T21:37:20.684765-05:00,2390916,21229396,49211803,Equipos de orientación,UNSPSC
ocds-dgv273-seacev3-1199772,ocds-dgv273-seacev3-1199772-2026-05-10T21:37:20.458073-05:00,2390972,21232746,40161505,Filtros de aire,UNSPSC
ocds-dgv273-seacev3-1195865,ocds-dgv273-seacev3-1195865-2026-05-10T21:37:20.430502-05:00,2391259,21222626,77101805,Servicios de control de calidad ambiental,UNSPSC
ocds-dgv273-seacev3-1201028,ocds-dgv273-seacev3-1201028-2026-05-10T21:37:20.290494-05:00,2385028,21236581,81111811,Servicios de asistencia o soporte técnico,UNSPSC
ocds-dgv273-seacev3-1196370,ocds-dgv273-seacev3-1196370-2026-05-10T21:37:20.258031-05:00,2391476,21223723,81101515,Ingeniería de infraestructura de plantas o instalaciones,UNSPSC
ocds-dgv273-seacev3-1196040,ocds-dgv273-seacev3-1196040-2026-05-10T21:37:14.847547-05:00,2391313,21222833,77101805,Servicios de control de calidad ambiental,UNSPSC
ocds-dgv273-seacev3-1197395,ocds-dgv273-seacev3-1197395-2026-05-10T21:37:14.506260-05:00,2391273,21226045,72121203,Servicios de construcción de silos y de edificaciones para servicio agrícola,UNSPSC
ocds-dgv273-seacev3-1196947,ocds-dgv273-seacev3-1196947-2026-05-10T21:37:14.073027-05:00,2391328,21224966,77101805,Servicios de control de calidad ambiental,UNSPSC
ocds-dgv273-seacev3-1195407,ocds-dgv273-seacev3-1195407-2026-05-10T21:37:13.081764-05:00,2391090,21221448,72141003,Servicios de mantenimiento de pistas y carreteras,UNSPSC
ocds-dgv273-seacev3-1199258,ocds-dgv273-seacev3-1199258-2026-05-10T21:37:13.052500-05:00,2391237,21231014,72141003,Servicios de mantenimiento de pistas y carreteras,UNSPSC
ocds-dgv273-seacev3-1196495,ocds-dgv273-seacev3-1196495-2026-05-10T21:37:13.008650-05:00,2391298,21223957,77101805,Servicios de control de calidad ambiental,UNSPSC
ocds-dgv273-seacev3-2026-200407-12,ocds-dgv273-seacev3-2026-200407-12-2026-05-10T21:37:12.715384-05:00,2390996,21215737,76111501,Servicios de limpieza de edificios,UNSPSC
ocds-dgv273-seacev3-1196553,ocds-dgv273-seacev3-1196553-2026-05-10T21:37:11.941517-05:00,2391388,21224068,77101805,Servicios de control de calidad ambiental,UNSPSC
ocds-dgv273-seacev3-1197161,ocds-dgv273-seacev3-1197161-2026-05-10T21:37:11.858943-05:00,2391322,21225432,77101805,Servicios de control de calidad ambiental,UNSPSC
ocds-dgv273-seacev3-2026-1611-27,ocds-dgv273-seacev3-2026-1611-27-2026-05-10T21:37:11.607045-05:00,2391033,21232764,72141003,Servicios de mantenimiento de pistas y carreteras,UNSPSC
ocds-dgv273-seacev3-2026-1695-2,ocds-dgv273-seacev3-2026-1695-2-2026-05-10T21:37:11.572203-05:00,2391308,21211064,50221101,Granos de cereal,UNSPSC
ocds-dgv273-seacev3-1200872,ocds-dgv273-seacev3-1200872-2026-05-10T21:37:11.504681-05:00,2391137,21235956,81101508,Ingeniería arquitectónica,UNSPSC
ocds-dgv273-seacev3-1196297,ocds-dgv273-seacev3-1196297-2026-05-10T21:37:11.458820-05:00,2390913,21223384,72141003,Servicios de mantenimiento de pistas y carreteras,UNSPSC
ocds-dgv273-seacev3-1195880,ocds-dgv273-seacev3-1195880-2026-05-10T21:37:11.225979-05:00,2391255,21222624,77101805,Servicios de control de calidad ambiental,UNSPSC
ocds-dgv273-seacev3-2026-1003003336-3,ocds-dgv273-seacev3-2026-1003003336-3-2026-05-10T21:37:11.108792-05:00,2390946,21227299,72141003,Servicios de mantenimiento de pistas y carreteras,UNSPSC
ocds-dgv273-seacev3-1200675,ocds-dgv273-seacev3-1200675-2026-05-10T21:37:11.086660-05:00,2391321,21235570,72141003,Servicios de mantenimiento de pistas y carreteras,UNSPSC
ocds-dgv273-seacev3-1200673,ocds-dgv273-seacev3-1200673-2026-05-10T21:37:11.071679-05:00,2391306,21235592,72141003,Servicios de mantenimiento de pistas y carreteras,UNSPSC
ocds-dgv273-seacev3-1200529,ocds-dgv273-seacev3-1200529-2026-05-10T21:37:11.056246-05:00,2391080,21235169,27111522,Herramienta abocardadora,UNSPSC
ocds-dgv273-seacev3-2026-200082-18,ocds-dgv273-seacev3-2026-200082-18-2026-05-10T21:37:10.531679-05:00,2391110,21216867,92101501,Servicios de vigilancia,UNSPSC
ocds-dgv273-seacev3-2026-1668-1,ocds-dgv273-seacev3-2026-1668-1-2026-05-10T21:37:10.517370-05:00,2391199,21216047,50221101,Granos de cereal,UNSPSC
ocds-dgv273-seacev3-1196196,ocds-dgv273-seacev3-1196196-2026-05-10T21:37:10.357148-05:00,2391301,21223149,77101805,Servicios de control de calidad ambiental,UNSPSC
ocds-dgv273-seacev3-2026-988-3,ocds-dgv273-seacev3-2026-988-3-2026-05-10T21:37:10.286511-05:00,2390008,21231525,50421806,Fréjoles secos negros,UNSPSC
ocds-dgv273-seacev3-2026-988-3,ocds-dgv273-seacev3-2026-988-3-2026-05-10T21:37:10.286511-05:00,2390020,21231528,50221108,Grano de arroz,UNSPSC
ocds-dgv273-seacev3-2026-988-3,ocds-dgv273-seacev3-2026-988-3-2026-05-10T21:37:10.286511-05:00,2390022,21231528,50221108,Grano de arroz,UNSPSC
ocds-dgv273-seacev3-2026-988-3,ocds-dgv273-seacev3-2026-988-3-2026-05-10T21:37:10.286511-05:00,2390015,21231526,50421801,Fréjoles secos,UNSPSC
ocds-dgv273-seacev3-2026-988-3,ocds-dgv273-seacev3-2026-988-3-2026-05-10T21:37:10.286511-05:00,2391427,21231527,10101601,Pollos vivos,UNSPSC
ocds-dgv273-seacev3-1194007,ocds-dgv273-seacev3-1194007-2026-05-10T21:37:03.637950-05:00,2391103,21217902,41111710,Microscopios electrónicos y ópticos combinados,UNSPSC
ocds-dgv273-seacev3-1196008,ocds-dgv273-seacev3-1196008-2026-05-10T21:37:03.419547-05:00,2391442,21222786,15101505,Diesel,UNSPSC
ocds-dgv273-seacev3-1195606,ocds-dgv273-seacev3-1195606-2026-05-10T21:37:03.249496-05:00,2391375,21222147,72121101,Servicios de construcción de nuevos edificios comerciales y de oficinas,UNSPSC
ocds-dgv273-seacev3-1195976,ocds-dgv273-seacev3-1195976-2026-05-10T21:37:03.072457-05:00,2391317,21222752,77101805,Servicios de control de calidad ambiental,UNSPSC
ocds-dgv273-seacev3-1196126,ocds-dgv273-seacev3-1196126-2026-05-10T21:37:02.747777-05:00,2391426,21222942,77101805,Servicios de control de calidad ambiental,UNSPSC
ocds-dgv273-seacev3-1200093,ocds-dgv273-seacev3-1200093-2026-05-10T21:37:02.691337-05:00,2391362,21233593,81101510,Ingeniería de carreteras,UNSPSC
ocds-dgv273-seacev3-1197496,ocds-dgv273-seacev3-1197496-2026-05-10T21:37:02.503260-05:00,2391164,21226360,72152605,Servicios de montaje y reparación de techos,UNSPSC
ocds-dgv273-seacev3-1192802,ocds-dgv273-seacev3-1192802-2026-05-10T21:37:01.817821-05:00,2391174,21214769,46171610,Cámaras de seguridad,UNSPSC
ocds-dgv273-seacev3-1202156,ocds-dgv273-seacev3-1202156-2026-05-10T21:37:01.589597-05:00,2390986,21241606,72121203,Servicios de construcción de silos y de edificaciones para servicio agrícola,UNSPSC
ocds-dgv273-seacev3-1201677,ocds-dgv273-seacev3-1201677-2026-05-10T21:37:01.376031-05:00,2391028,21238448,12191602,Solventes activos,UNSPSC
ocds-dgv273-seacev3-1197493,ocds-dgv273-seacev3-1197493-2026-05-10T21:37:01.358007-05:00,2391101,21226199,20122215,Tanque de compensación,UNSPSC
ocds-dgv273-seacev3-1200811,ocds-dgv273-seacev3-1200811-2026-05-10T21:37:01.253984-05:00,2391302,21235910,43233205,Software de protección antivirus y de seguridad de transacciones,UNSPSC
ocds-dgv273-seacev3-2026-1995-46,ocds-dgv273-seacev3-2026-1995-46-2026-05-10T21:37:00.693589-05:00,2381809,21224285,86141704,Servicios de biblioteca o documentación,UNSPSC
ocds-dgv273-seacev3-2026-1194-6,ocds-dgv273-seacev3-2026-1194-6-2026-05-10T21:37:00.515032-05:00,2391269,21234292,12191602,Solventes activos,UNSPSC
ocds-dgv273-seacev3-2026-1611-24,ocds-dgv273-seacev3-2026-1611-24-2026-05-10T21:37:00.426215-05:00,2391027,21232567,72141003,Servicios de mantenimiento de pistas y carreteras,UNSPSC
ocds-dgv273-seacev3-1193239,ocds-dgv273-seacev3-1193239-2026-05-10T21:37:00.346455-05:00,2385289,21215967,15101506,Gasolina o Petróleo,UNSPSC
ocds-dgv273-seacev3-1193239,ocds-dgv273-seacev3-1193239-2026-05-10T21:37:00.346455-05:00,2385289,21215966,15101505,Diesel,UNSPSC
ocds-dgv273-seacev3-1196410,ocds-dgv273-seacev3-1196410-2026-05-10T21:37:00.293515-05:00,2391435,21223784,72141003,Servicios de mantenimiento de pistas y carreteras,UNSPSC
ocds-dgv273-seacev3-1196415,ocds-dgv273-seacev3-1196415-2026-05-10T21:37:00.275333-05:00,2391367,21223806,72121008,Servicios de construcción y remodelación de almacenes,UNSPSC
ocds-dgv273-seacev3-1194546,ocds-dgv273-seacev3-1194546-2026-05-10T21:37:00.198128-05:00,2391036,21219305,72141003,Servicios de mantenimiento de pistas y carreteras,UNSPSC
ocds-dgv273-seacev3-2026-10421-6,ocds-dgv273-seacev3-2026-10421-6-2026-05-10T21:36:59.923595-05:00,2389528,21214135,50111514,Cerdo mínimamente procesado sin aditivos,UNSPSC
ocds-dgv273-seacev3-2026-10421-6,ocds-dgv273-seacev3-2026-10421-6-2026-05-10T21:36:59.923595-05:00,2390992,21214134,50111515,Pollo mínimamente procesado sin aditivos,UNSPSC
ocds-dgv273-seacev3-1200703,ocds-dgv273-seacev3-1200703-2026-05-10T21:36:59.841045-05:00,2391274,21235660,80141504,Preparación estudios de mercado de commodities,UNSPSC
ocds-dgv273-seacev3-1196610,ocds-dgv273-seacev3-1196610-2026-05-10T21:36:59.728107-05:00,2391383,21224192,77101805,Servicios de control de calidad ambiental,UNSPSC
ocds-dgv273-seacev3-1195524,ocds-dgv273-seacev3-1195524-2026-05-10T21:36:59.621503-05:00,2391231,21222004,81101701,Servicios de ingeniería eléctrica,UNSPSC
ocds-dgv273-seacev3-1196537,ocds-dgv273-seacev3-1196537-2026-05-10T21:36:52.205647-05:00,2391411,21224014,77101805,Servicios de control de calidad ambiental,UNSPSC
ocds-dgv273-seacev3-1195199,ocds-dgv273-seacev3-1195199-2026-05-10T21:36:51.797147-05:00,2391445,21221109,77101805,Servicios de control de calidad ambiental,UNSPSC
ocds-dgv273-seacev3-1196532,ocds-dgv273-seacev3-1196532-2026-05-10T21:36:51.316969-05:00,2391292,21223987,77101805,Servicios de control de calidad ambiental,UNSPSC
ocds-dgv273-seacev3-1195594,ocds-dgv273-seacev3-1195594-2026-05-10T21:36:50.745551-05:00,2391267,21222102,77101805,Servicios de control de calidad ambiental,UNSPSC
ocds-dgv273-seacev3-1200515,ocds-dgv273-seacev3-1200515-2026-05-10T21:36:50.378595-05:00,2391294,21234973,51131503,Sulfato Ferroso,UNSPSC
ocds-dgv273-seacev3-1193308,ocds-dgv273-seacev3-1193308-2026-05-10T21:36:50.349279-05:00,2391385,21216378,53102799,Uniformes,UNSPSC
ocds-dgv273-seacev3-2026-200245-8,ocds-dgv273-seacev3-2026-200245-8-2026-05-10T21:36:49.902512-05:00,2391123,21239764,72141003,Servicios de mantenimiento de pistas y carreteras,UNSPSC
ocds-dgv273-seacev3-1196563,ocds-dgv273-seacev3-1196563-2026-05-10T21:36:49.888724-05:00,2391405,21224032,77101805,Servicios de control de calidad ambiental,UNSPSC
ocds-dgv273-seacev3-2026-1168-1,ocds-dgv273-seacev3-2026-1168-1-2026-05-10T21:36:49.770406-05:00,2391410,21221859,50192109,"Papas fritas en hojuelas y al hilo, mix de bocaditos o galletas saladas",UNSPSC
ocds-dgv273-seacev3-2026-1168-1,ocds-dgv273-seacev3-2026-1168-1-2026-05-10T21:36:49.770406-05:00,2391392,21221858,50131702,Leche o productos de mantequilla estables sin refrigerar,UNSPSC
ocds-dgv273-seacev3-1199027,ocds-dgv273-seacev3-1199027-2026-05-10T21:36:49.685085-05:00,2391251,21230522,85101707,Servicios de evaluación de sistemas de salud,UNSPSC
ocds-dgv273-seacev3-1197463,ocds-dgv273-seacev3-1197463-2026-05-10T21:36:49.669478-05:00,2391153,21228048,72121406,Servicios de construcción de escuelas,UNSPSC
ocds-dgv273-seacev3-2026-2384-39,ocds-dgv273-seacev3-2026-2384-39-2026-05-10T21:36:49.538178-05:00,2391024,21219663,81101515,Ingeniería de infraestructura de plantas o instalaciones,UNSPSC
ocds-dgv273-seacev3-1202106,ocds-dgv273-seacev3-1202106-2026-05-10T21:36:49.501018-05:00,2391099,21241530,92111801,Defensa civil,UNSPSC
ocds-dgv273-seacev3-1193718,ocds-dgv273-seacev3-1193718-2026-05-10T21:36:49.231342-05:00,2391408,21232585,72121408,Servicios de construcción de estadios,UNSPSC
ocds-dgv273-seacev3-1196542,ocds-dgv273-seacev3-1196542-2026-05-10T21:36:49.217434-05:00,2391406,21224003,77101805,Servicios de control de calidad ambiental,UNSPSC
ocds-dgv273-seacev3-2026-1928-3,ocds-dgv273-seacev3-2026-1928-3-2026-05-08T10:37:56.857551-05:00,2390624,21216337,93141808,Servicios de seguridad o salud ocupacional,UNSPSC
ocds-dgv273-seacev3-2026-200212-16,ocds-dgv273-seacev3-2026-200212-16-2026-05-08T10:37:55.993404-05:00,2390553,21220949,72141003,Servicios de mantenimiento de pistas y carreteras,UNSPSC
ocds-dgv273-seacev3-1199217,ocds-dgv273-seacev3-1199217-2026-05-08T10:37:55.971968-05:00,2389627,21231025,10101516,Ganado vacuno,UNSPSC
ocds-dgv273-seacev3-1196058,ocds-dgv273-seacev3-1196058-2026-05-08T10:37:55.603383-05:00,2390793,21222884,72154013,Servicios de construcción de cercos,UNSPSC
ocds-dgv273-seacev3-1197159,ocds-dgv273-seacev3-1197159-2026-05-08T10:37:55.088409-05:00,2390625,21228869,82121504,Impresión tipográfica o serigrafía,UNSPSC
ocds-dgv273-seacev3-2026-200394-7,ocds-dgv273-seacev3-2026-200394-7-2026-05-08T10:37:54.544863-05:00,2390658,21228700,72141003,Servicios de mantenimiento de pistas y carreteras,UNSPSC
ocds-dgv273-seacev3-1197020,ocds-dgv273-seacev3-1197020-2026-05-08T10:37:54.263536-05:00,2390760,21225075,30121601,Asfalto,UNSPSC
ocds-dgv273-seacev3-1197020,ocds-dgv273-seacev3-1197020-2026-05-08T10:37:54.263536-05:00,2390816,21225076,30121601,Asfalto,UNSPSC
ocds-dgv273-seacev3-2026-200085-2,ocds-dgv273-seacev3-2026-200085-2-2026-05-08T10:37:53.087472-05:00,2390842,21227167,50192109,"Papas fritas en hojuelas y al hilo, mix de bocaditos o galletas saladas",UNSPSC
ocds-dgv273-seacev3-1192795,ocds-dgv273-seacev3-1192795-2026-05-08T10:37:52.403278-05:00,2390571,21214748,81101508,Ingeniería arquitectónica,UNSPSC
ocds-dgv273-seacev3-1200808,ocds-dgv273-seacev3-1200808-2026-05-08T10:37:52.344663-05:00,2390818,21236155,10121507,Alimentación compuesta,UNSPSC
ocds-dgv273-seacev3-2026-200394-3,ocds-dgv273-seacev3-2026-200394-3-2026-05-08T10:37:52.266256-05:00,2390623,21228594,72141003,Servicios de mantenimiento de pistas y carreteras,UNSPSC
ocds-dgv273-seacev3-2026-200281-3,ocds-dgv273-seacev3-2026-200281-3-2026-05-08T10:37:45.163552-05:00,2390578,21230446,72141003,Servicios de mantenimiento de pistas y carreteras,UNSPSC
ocds-dgv273-seacev3-2026-1890-9,ocds-dgv273-seacev3-2026-1890-9-2026-05-08T10:37:44.801739-05:00,2390566,21232642,11161604,Tejidos de lana de ligamento de sarga,UNSPSC
ocds-dgv273-seacev3-1206892,ocds-dgv273-seacev3-1206892-2026-05-08T10:37:44.786523-05:00,2390756,21252691,81151604,Levantamiento del terreno,UNSPSC
ocds-dgv273-seacev3-1201920,ocds-dgv273-seacev3-1201920-2026-05-08T10:37:44.509454-05:00,2390713,21241285,30111601,Cemento,UNSPSC
ocds-dgv273-seacev3-2026-200212-8,ocds-dgv273-seacev3-2026-200212-8-2026-05-08T10:37:44.394036-05:00,2390647,21219331,72141003,Servicios de mantenimiento de pistas y carreteras,UNSPSC
ocds-dgv273-seacev3-2026-200212-6,ocds-dgv273-seacev3-2026-200212-6-2026-05-08T10:37:44.314902-05:00,2390549,21219314,72141003,Servicios de mantenimiento de pistas y carreteras,UNSPSC
ocds-dgv273-seacev3-1196771,ocds-dgv273-seacev3-1196771-2026-05-08T10:37:44.141953-05:00,2390870,21224762,15101505,Diesel,UNSPSC
ocds-dgv273-seacev3-1205968,ocds-dgv273-seacev3-1205968-2026-05-08T10:37:43.847992-05:00,2390744,21250792,93141810,Servicios de desarrollo profesional,UNSPSC
ocds-dgv273-seacev3-2026-200394-8,ocds-dgv273-seacev3-2026-200394-8-2026-05-08T10:37:43.160824-05:00,2390666,21228732,72141003,Servicios de mantenimiento de pistas y carreteras,UNSPSC
ocds-dgv273-seacev3-1199028,ocds-dgv273-seacev3-1199028-2026-05-08T10:37:42.756166-05:00,2390687,21230601,82101802,Servicio de producción de publicidad,UNSPSC
ocds-dgv273-seacev3-2026-200904-1,ocds-dgv273-seacev3-2026-200904-1-2026-05-08T10:37:42.089232-05:00,2390779,21228544,82121504,Impresión tipográfica o serigrafía,UNSPSC
ocds-dgv273-seacev3-1201487,ocds-dgv273-seacev3-1201487-2026-05-08T10:37:41.708046-05:00,2390803,21237903,15101505,Diesel,UNSPSC
ocds-dgv273-seacev3-2026-1003003336-2,ocds-dgv273-seacev3-2026-1003003336-2-2026-05-08T10:37:41.116271-05:00,2390835,21227363,72141003,Servicios de mantenimiento de pistas y carreteras,UNSPSC
ocds-dgv273-seacev3-1201674,ocds-dgv273-seacev3-1201674-2026-05-08T10:37:40.977060-05:00,2390801,21238490,72141128,Servicio de remodelación  y/o construcción de plazas públicas,UNSPSC
ocds-dgv273-seacev3-2026-119216-11,ocds-dgv273-seacev3-2026-119216-11-2026-05-08T10:37:40.820906-05:00,2390733,21230267,72141003,Servicios de mantenimiento de pistas y carreteras,UNSPSC
ocds-dgv273-seacev3-1196433,ocds-dgv273-seacev3-1196433-2026-05-08T10:37:34.417673-05:00,2390839,21224065,78101802,Servicios de transporte regional o nacional en camión,UNSPSC
ocds-dgv273-seacev3-2026-1409-1,ocds-dgv273-seacev3-2026-1409-1-2026-05-08T10:37:33.864765-05:00,2390766,21239772,50131702,Leche o productos de mantequilla estables sin refrigerar,UNSPSC
ocds-dgv273-seacev3-2026-200212-10,ocds-dgv273-seacev3-2026-200212-10-2026-05-08T10:37:33.149413-05:00,2390552,21219337,72141003,Servicios de mantenimiento de pistas y carreteras,UNSPSC
ocds-dgv273-seacev3-2026-200394-4,ocds-dgv273-seacev3-2026-200394-4-2026-05-08T10:37:32.625729-05:00,2390639,21228607,72141003,Servicios de mantenimiento de pistas y carreteras,UNSPSC
ocds-dgv273-seacev3-2026-200281-5,ocds-dgv273-seacev3-2026-200281-5-2026-05-08T10:37:32.360245-05:00,2390586,21230477,72141003,Servicios de mantenimiento de pistas y carreteras,UNSPSC
ocds-dgv273-seacev3-2026-200212-9,ocds-dgv273-seacev3-2026-200212-9-2026-05-08T10:37:31.858990-05:00,2390551,21219334,72141003,Servicios de mantenimiento de pistas y carreteras,UNSPSC
ocds-dgv273-seacev3-1201574,ocds-dgv273-seacev3-1201574-2026-05-08T10:37:31.483626-05:00,2390557,21238189,30111601,Cemento,UNSPSC
ocds-dgv273-seacev3-1200712,ocds-dgv273-seacev3-1200712-2026-05-08T10:37:31.320288-05:00,2390854,21235722,30111601,Cemento,UNSPSC
ocds-dgv273-seacev3-2026-200394-6,ocds-dgv273-seacev3-2026-200394-6-2026-05-08T10:37:31.138473-05:00,2390654,21228671,72141003,Servicios de mantenimiento de pistas y carreteras,UNSPSC
ocds-dgv273-seacev3-1199726,ocds-dgv273-seacev3-1199726-2026-05-08T10:37:30.414191-05:00,2390764,21233325,10121604,Alimento para aves,UNSPSC
ocds-dgv273-seacev3-2026-200394-1,ocds-dgv273-seacev3-2026-200394-1-2026-05-08T10:37:30.223196-05:00,2390611,21227702,72141003,Servicios de mantenimiento de pistas y carreteras,UNSPSC
ocds-dgv273-seacev3-2026-119216-3,ocds-dgv273-seacev3-2026-119216-3-2026-05-08T10:37:30.113785-05:00,2390685,21229990,72141003,Servicios de mantenimiento de pistas y carreteras,UNSPSC
ocds-dgv273-seacev3-2026-119216-6,ocds-dgv273-seacev3-2026-119216-6-2026-05-08T10:37:29.902928-05:00,2390700,21230008,72141003,Servicios de mantenimiento de pistas y carreteras,UNSPSC
ocds-dgv273-seacev3-2026-119216-5,ocds-dgv273-seacev3-2026-119216-5-2026-05-08T10:37:29.887957-05:00,2390696,21231753,72141003,Servicios de mantenimiento de pistas y carreteras,UNSPSC
ocds-dgv273-seacev3-1194606,ocds-dgv273-seacev3-1194606-2026-05-08T10:37:29.810312-05:00,2390653,21219516,80131502,Alquiler de instalaciones comerciales o industriales,UNSPSC
ocds-dgv273-seacev3-1198753,ocds-dgv273-seacev3-1198753-2026-05-08T10:37:29.397912-05:00,2390794,21229751,50121538,Pescado estable sin refrigerar,UNSPSC
ocds-dgv273-seacev3-2026-200394-11,ocds-dgv273-seacev3-2026-200394-11-2026-05-08T10:37:29.309013-05:00,2390754,21229080,72141003,Servicios de mantenimiento de pistas y carreteras,UNSPSC
ocds-dgv273-seacev3-2026-747-1,ocds-dgv273-seacev3-2026-747-1-2026-05-08T10:37:29.179892-05:00,2390869,21236646,15101505,Diesel,UNSPSC
ocds-dgv273-seacev3-2026-119216-7,ocds-dgv273-seacev3-2026-119216-7-2026-05-08T10:37:29.164467-05:00,2390704,21230088,72141003,Servicios de mantenimiento de pistas y carreteras,UNSPSC
ocds-dgv273-seacev3-2026-119216-2,ocds-dgv273-seacev3-2026-119216-2-2026-05-08T10:37:29.149623-05:00,2390673,21229947,72141003,Servicios de mantenimiento de pistas y carreteras,UNSPSC
ocds-dgv273-seacev3-2026-119216-1,ocds-dgv273-seacev3-2026-119216-1-2026-05-08T10:37:29.112530-05:00,2390663,21229975,72141003,Servicios de mantenimiento de pistas y carreteras,UNSPSC
ocds-dgv273-seacev3-2026-200212-2,ocds-dgv273-seacev3-2026-200212-2-2026-05-08T10:37:23.302201-05:00,2390671,21216727,72141003,Servicios de mantenimiento de pistas y carreteras,UNSPSC
ocds-dgv273-seacev3-1192729,ocds-dgv273-seacev3-1192729-2026-05-08T10:37:23.285035-05:00,2390640,21214582,81101508,Ingeniería arquitectónica,UNSPSC
ocds-dgv273-seacev3-1206065,ocds-dgv273-seacev3-1206065-2026-05-08T10:37:23.108584-05:00,2390753,21250882,81111510,Servicios de desarrollo de aplicaciones de servidor para Internet o intranet,UNSPSC
ocds-dgv273-seacev3-1196359,ocds-dgv273-seacev3-1196359-2026-05-08T10:37:22.058882-05:00,2390680,21223555,72141505,Servicios de movimientos de tierras,UNSPSC
ocds-dgv273-seacev3-1206042,ocds-dgv273-seacev3-1206042-2026-05-08T10:37:21.833158-05:00,2390747,21250862,80161504,Servicios de oficina,UNSPSC
ocds-dgv273-seacev3-1196543,ocds-dgv273-seacev3-1196543-2026-05-08T10:37:21.722650-05:00,2390587,21224017,85151508,Servicios de análisis de alimentos,UNSPSC
ocds-dgv273-seacev3-2026-200281-2,ocds-dgv273-seacev3-2026-200281-2-2026-05-08T10:37:21.314759-05:00,2390573,21230442,72141003,Servicios de mantenimiento de pistas y carreteras,UNSPSC
ocds-dgv273-seacev3-2026-119216-8,ocds-dgv273-seacev3-2026-119216-8-2026-05-08T10:37:19.954767-05:00,2390715,21230090,72141003,Servicios de mantenimiento de pistas y carreteras,UNSPSC
ocds-dgv273-seacev3-1201947,ocds-dgv273-seacev3-1201947-2026-05-08T10:37:19.878378-05:00,2390861,21241308,11131602,Semen,UNSPSC
ocds-dgv273-seacev3-2026-200212-5,ocds-dgv273-seacev3-2026-200212-5-2026-05-08T10:37:19.618377-05:00,2390547,21219023,72141003,Servicios de mantenimiento de pistas y carreteras,UNSPSC
ocds-dgv273-seacev3-1195115,ocds-dgv273-seacev3-1195115-2026-05-08T10:37:19.278676-05:00,2390784,21221028,30111601,Cemento,UNSPSC
ocds-dgv273-seacev3-2026-1516-1,ocds-dgv273-seacev3-2026-1516-1-2026-05-08T10:37:11.910155-05:00,2390721,21228866,50221102,Harina de cereales,UNSPSC
ocds-dgv273-seacev3-2026-1516-1,ocds-dgv273-seacev3-2026-1516-1-2026-05-08T10:37:11.910155-05:00,2390721,21228865,50131702,Leche o productos de mantequilla estables sin refrigerar,UNSPSC
ocds-dgv273-seacev3-1201271,ocds-dgv273-seacev3-1201271-2026-05-08T10:37:11.609457-05:00,2390138,21237215,82101603,Publicidad en Internet,UNSPSC
ocds-dgv273-seacev3-1201271,ocds-dgv273-seacev3-1201271-2026-05-08T10:37:11.609457-05:00,2390126,21237217,82101603,Publicidad en Internet,UNSPSC
ocds-dgv273-seacev3-1201271,ocds-dgv273-seacev3-1201271-2026-05-08T10:37:11.609457-05:00,2390057,21237216,82101603,Publicidad en Internet,UNSPSC
ocds-dgv273-seacev3-1201271,ocds-dgv273-seacev3-1201271-2026-05-08T10:37:11.609457-05:00,2390575,21237214,82101603,Publicidad en Internet,UNSPSC
ocds-dgv273-seacev3-1199250,ocds-dgv273-seacev3-1199250-2026-05-08T10:37:10.546805-05:00,2390646,21232822,15101506,Gasolina o Petróleo,UNSPSC
ocds-dgv273-seacev3-1199250,ocds-dgv273-seacev3-1199250-2026-05-08T10:37:10.546805-05:00,2390646,21232821,15101505,Diesel,UNSPSC
ocds-dgv273-seacev3-1192705,ocds-dgv273-seacev3-1192705-2026-05-08T10:37:10.243050-05:00,2390683,21214463,10121604,Alimento para aves,UNSPSC
ocds-dgv273-seacev3-2026-1670-1,ocds-dgv273-seacev3-2026-1670-1-2026-05-08T10:37:10.187268-05:00,2390828,21222450,50131702,Leche o productos de mantequilla estables sin refrigerar,UNSPSC
ocds-dgv273-seacev3-1194527,ocds-dgv273-seacev3-1194527-2026-05-08T10:37:10.050734-05:00,2390880,21219806,72151802,Servicio de reparación y reacondicionamiento de componente maquinario,UNSPSC
ocds-dgv273-seacev3-2026-1894-11,ocds-dgv273-seacev3-2026-1894-11-2026-05-08T10:37:09.827910-05:00,2390619,21236389,60101609,Certificados específicos de grado,UNSPSC
ocds-dgv273-seacev3-1198170,ocds-dgv273-seacev3-1198170-2026-05-08T10:37:09.738593-05:00,2390758,21227997,72154022,Servicios de instalación y mantenimiento de equipos hidráulicos,UNSPSC
ocds-dgv273-seacev3-1199508,ocds-dgv273-seacev3-1199508-2026-05-08T10:37:09.627216-05:00,2390770,21231759,81101515,Ingeniería de infraestructura de plantas o instalaciones,UNSPSC
ocds-dgv273-seacev3-2026-200212-7,ocds-dgv273-seacev3-2026-200212-7-2026-05-08T10:37:09.458021-05:00,2390550,21219328,72141003,Servicios de mantenimiento de pistas y carreteras,UNSPSC
ocds-dgv273-seacev3-2026-200281-1,ocds-dgv273-seacev3-2026-200281-1-2026-05-08T10:37:09.301855-05:00,2390559,21229869,72141003,Servicios de mantenimiento de pistas y carreteras,UNSPSC
ocds-dgv273-seacev3-1198320,ocds-dgv273-seacev3-1198320-2026-05-08T10:37:09.006328-05:00,2390831,21228306,72101507,Servicio de mantenimiento de edificios,UNSPSC
ocds-dgv273-seacev3-2026-119216-10,ocds-dgv273-seacev3-2026-119216-10-2026-05-08T10:37:08.262449-05:00,2390719,21230105,72141003,Servicios de mantenimiento de pistas y carreteras,UNSPSC
ocds-dgv273-seacev3-2026-20002-4,ocds-dgv273-seacev3-2026-20002-4-2026-05-08T10:37:01.221280-05:00,2390792,21219925,41116101,Kits de ensayo de banco de sangre o suministros,UNSPSC
ocds-dgv273-seacev3-1195304,ocds-dgv273-seacev3-1195304-2026-05-08T10:37:00.962294-05:00,2390706,21221306,80131502,Alquiler de instalaciones comerciales o industriales,UNSPSC
ocds-dgv273-seacev3-1194756,ocds-dgv273-seacev3-1194756-2026-05-08T10:37:00.402992-05:00,2390819,21220052,30111505,Hormigón premezclado,UNSPSC
ocds-dgv273-seacev3-2026-2348-13,ocds-dgv273-seacev3-2026-2348-13-2026-05-08T10:37:00.223318-05:00,2388864,21216874,41112504,Medidor de agua,UNSPSC
ocds-dgv273-seacev3-2026-200394-9,ocds-dgv273-seacev3-2026-200394-9-2026-05-08T10:37:00.159669-05:00,2390717,21228751,72141003,Servicios de mantenimiento de pistas y carreteras,UNSPSC
ocds-dgv273-seacev3-2026-1339-9,ocds-dgv273-seacev3-2026-1339-9-2026-05-08T10:36:59.132723-05:00,2390669,21228726,53102799,Uniformes,UNSPSC
ocds-dgv273-seacev3-1196541,ocds-dgv273-seacev3-1196541-2026-05-08T10:36:58.994055-05:00,2390817,21224028,72121403,Servicios de construcción de hospitales,UNSPSC
ocds-dgv273-seacev3-1197349,ocds-dgv273-seacev3-1197349-2026-05-08T10:36:58.699658-05:00,2390723,21225859,72154013,Servicios de construcción de cercos,UNSPSC
ocds-dgv273-seacev3-2026-1986-3,ocds-dgv273-seacev3-2026-1986-3-2026-05-08T10:36:58.604556-05:00,2390610,21238070,50131701,Leche fresca y productos de mantequilla,UNSPSC
ocds-dgv273-seacev3-2026-200281-4,ocds-dgv273-seacev3-2026-200281-4-2026-05-08T10:36:58.346253-05:00,2390582,21230224,72141003,Servicios de mantenimiento de pistas y carreteras,UNSPSC
ocds-dgv273-seacev3-1195445,ocds-dgv273-seacev3-1195445-2026-05-08T10:36:58.329618-05:00,2390576,21221893,72141003,Servicios de mantenimiento de pistas y carreteras,UNSPSC
ocds-dgv273-seacev3-2026-200190-125,ocds-dgv273-seacev3-2026-200190-125-2026-05-08T10:36:58.096876-05:00,2390491,21234034,39122103,Poste de servicios públicos,UNSPSC
ocds-dgv273-seacev3-2026-119216-12,ocds-dgv273-seacev3-2026-119216-12-2026-05-08T10:36:57.928891-05:00,2390741,21230113,72141003,Servicios de mantenimiento de pistas y carreteras,UNSPSC
ocds-dgv273-seacev3-1198112,ocds-dgv273-seacev3-1198112-2026-05-08T10:36:57.801187-05:00,2390750,21227674,81101510,Ingeniería de carreteras,UNSPSC
ocds-dgv273-seacev3-1192798,ocds-dgv273-seacev3-1192798-2026-05-08T10:36:50.228163-05:00,2390609,21214750,81101510,Ingeniería de carreteras,UNSPSC
ocds-dgv273-seacev3-1200185,ocds-dgv273-seacev3-1200185-2026-05-08T10:36:50.078230-05:00,2390712,21233907,81101508,Ingeniería arquitectónica,UNSPSC
ocds-dgv273-seacev3-1200238,ocds-dgv273-seacev3-1200238-2026-05-08T10:36:49.727464-05:00,2390572,21234225,78111808,Alquiler de vehículos,UNSPSC
ocds-dgv273-seacev3-1199083,ocds-dgv273-seacev3-1199083-2026-05-08T10:36:49.680421-05:00,2390789,21230718,82121504,Impresión tipográfica o serigrafía,UNSPSC
ocds-dgv273-seacev3-2026-200212-4,ocds-dgv273-seacev3-2026-200212-4-2026-05-08T10:36:49.665366-05:00,2390548,21219135,72141003,Servicios de mantenimiento de pistas y carreteras,UNSPSC
ocds-dgv273-seacev3-1195766,ocds-dgv273-seacev3-1195766-2026-05-08T10:36:49.468284-05:00,2390805,21222411,72154028,Servicios de instalación y mantenimiento de señales,UNSPSC
ocds-dgv273-seacev3-1194962,ocds-dgv273-seacev3-1194962-2026-05-08T10:36:49.396942-05:00,2390843,21220552,78189999,Servicios de mantenimiento o reparaciones de transportes,UNSPSC
ocds-dgv273-seacev3-1194962,ocds-dgv273-seacev3-1194962-2026-05-08T10:36:49.396942-05:00,2390843,21220551,78189999,Servicios de mantenimiento o reparaciones de transportes,UNSPSC
ocds-dgv273-seacev3-2026-119216-13,ocds-dgv273-seacev3-2026-119216-13-2026-05-08T10:36:49.164177-05:00,2390751,21230269,72141003,Servicios de mantenimiento de pistas y carreteras,UNSPSC
ocds-dgv273-seacev3-2026-200022-33,ocds-dgv273-seacev3-2026-200022-33-2026-05-08T10:36:48.089478-05:00,2390743,21225615,15101505,Diesel,UNSPSC
ocds-dgv273-seacev3-2026-168-4,ocds-dgv273-seacev3-2026-168-4-2026-05-08T10:36:48.023569-05:00,2390632,21214749,81101515,Ingeniería de infraestructura de plantas o instalaciones,UNSPSC
ocds-dgv273-seacev3-1201913,ocds-dgv273-seacev3-1201913-2026-05-08T10:36:47.804426-05:00,2390711,21241238,81111801,"Seguridad de computadoras, redes o Internet",UNSPSC
ocds-dgv273-seacev3-1198532,ocds-dgv273-seacev3-1198532-2026-05-08T10:36:47.788811-05:00,2390735,21228796,81101510,Ingeniería de carreteras,UNSPSC
ocds-dgv273-seacev3-1194455,ocds-dgv273-seacev3-1194455-2026-05-08T10:36:47.613376-05:00,2390593,21219211,72141003,Servicios de mantenimiento de pistas y carreteras,UNSPSC
ocds-dgv273-seacev3-2026-200394-5,ocds-dgv273-seacev3-2026-200394-5-2026-05-08T10:36:47.305173-05:00,2390649,21228660,72141003,Servicios de mantenimiento de pistas y carreteras,UNSPSC
ocds-dgv273-seacev3-2026-12-13,ocds-dgv273-seacev3-2026-12-13-2026-05-08T10:36:47.107251-05:00,2390734,21239766,78181507,Reparación y mantenimiento de camión ligero automotriz,UNSPSC
ocds-dgv273-seacev3-2026-119216-4,ocds-dgv273-seacev3-2026-119216-4-2026-05-08T10:36:46.923542-05:00,2390693,21229992,72141003,Servicios de mantenimiento de pistas y carreteras,UNSPSC
ocds-dgv273-seacev3-2026-1003003336-1,ocds-dgv273-seacev3-2026-1003003336-1-2026-05-08T10:36:46.300367-05:00,2390824,21226552,72141003,Servicios de mantenimiento de pistas y carreteras,UNSPSC
ocds-dgv273-seacev3-2026-200394-10,ocds-dgv273-seacev3-2026-200394-10-2026-05-08T10:36:45.829233-05:00,2390745,21228778,72141003,Servicios de mantenimiento de pistas y carreteras,UNSPSC
ocds-dgv273-seacev3-2026-119216-9,ocds-dgv273-seacev3-2026-119216-9-2026-05-08T10:36:45.753514-05:00,2390718,21230263,72141003,Servicios de mantenimiento de pistas y carreteras,UNSPSC
ocds-dgv273-seacev3-1196623,ocds-dgv273-seacev3-1196623-2026-05-08T10:36:45.661984-05:00,2390710,21224245,72151502,Servicios de instalación de sistemas de energía eléctrica,UNSPSC
ocds-dgv273-seacev3-1199139,ocds-dgv273-seacev3-1199139-2026-05-07T10:36:30.204313-05:00,2390339,21230755,30111601,Cemento,UNSPSC
ocds-dgv273-seacev3-1193801,ocds-dgv273-seacev3-1193801-2026-05-07T10:36:29.439747-05:00,2390508,21217348,83111510,Servicio de respuesta de voz interactiva,UNSPSC
ocds-dgv273-seacev3-1200349,ocds-dgv273-seacev3-1200349-2026-05-07T10:36:28.737948-05:00,2390439,21234656,72154032,"Servicios de instalación y reparación de ventanas, puertas y paneles divisorios",UNSPSC
ocds-dgv273-seacev3-2026-1621-36,ocds-dgv273-seacev3-2026-1621-36-2026-05-07T10:36:28.519517-05:00,2390474,21220466,72153102,Servicios de construcción de campos deportivos interiores,UNSPSC
ocds-dgv273-seacev3-1196589,ocds-dgv273-seacev3-1196589-2026-05-07T10:36:27.240026-05:00,2390324,21224160,60141302,Sets de construcción,UNSPSC
ocds-dgv273-seacev3-2026-10249-29,ocds-dgv273-seacev3-2026-10249-29-2026-05-07T10:36:26.953802-05:00,2390325,21234189,80141607,Gestión de eventos,UNSPSC
ocds-dgv273-seacev3-2026-2543-668,ocds-dgv273-seacev3-2026-2543-668-2026-05-07T10:36:26.760982-05:00,2390345,21228001,51111717,Trastuzumab,UNSPSC
ocds-dgv273-seacev3-1200928,ocds-dgv273-seacev3-1200928-2026-05-07T10:36:26.148381-05:00,2390292,21236270,23121610,Máquinas de tinte,UNSPSC
ocds-dgv273-seacev3-1200400,ocds-dgv273-seacev3-1200400-2026-05-07T10:36:25.474081-05:00,2390487,21234767,42121606,Productos dermatológicos o antiprotozoarios para uso veterinario,UNSPSC
ocds-dgv273-seacev3-2026-200431-7,ocds-dgv273-seacev3-2026-200431-7-2026-05-07T10:36:20.734489-05:00,2390365,21238037,72141003,Servicios de mantenimiento de pistas y carreteras,UNSPSC
ocds-dgv273-seacev3-1193932,ocds-dgv273-seacev3-1193932-2026-05-07T10:36:19.807283-05:00,2390449,21217792,82121504,Impresión tipográfica o serigrafía,UNSPSC
ocds-dgv273-seacev3-1198354,ocds-dgv273-seacev3-1198354-2026-05-07T10:36:19.664465-05:00,2390298,21228389,72121101,Servicios de construcción de nuevos edificios comerciales y de oficinas,UNSPSC
ocds-dgv273-seacev3-2026-2543-662,ocds-dgv273-seacev3-2026-2543-662-2026-05-07T10:36:18.087260-05:00,2390354,21229006,85121504,Servicios médicos de emergencia de médicos de atenciòn primaria,UNSPSC
ocds-dgv273-seacev3-1198559,ocds-dgv273-seacev3-1198559-2026-05-07T10:36:17.399408-05:00,2390513,21229027,30111601,Cemento,UNSPSC
ocds-dgv273-seacev3-2026-397-31,ocds-dgv273-seacev3-2026-397-31-2026-05-07T10:36:17.253762-05:00,2390416,21235150,50151513,Aceites comestibles vegetales o de plantas,UNSPSC
ocds-dgv273-seacev3-2026-10249-45,ocds-dgv273-seacev3-2026-10249-45-2026-05-07T10:36:17.218151-05:00,2390393,21228403,85161502,Mantenimiento o reparación de equipo médico menor,UNSPSC
ocds-dgv273-seacev3-1196018,ocds-dgv273-seacev3-1196018-2026-05-07T10:36:16.471661-05:00,2390263,21222793,72141003,Servicios de mantenimiento de pistas y carreteras,UNSPSC
ocds-dgv273-seacev3-1195247,ocds-dgv273-seacev3-1195247-2026-05-07T10:36:16.325318-05:00,2390387,21221202,26111601,Generadores diesel,UNSPSC
ocds-dgv273-seacev3-2026-200431-2,ocds-dgv273-seacev3-2026-200431-2-2026-05-07T10:36:15.410111-05:00,2390317,21237809,72141003,Servicios de mantenimiento de pistas y carreteras,UNSPSC
ocds-dgv273-seacev3-2026-21-20,ocds-dgv273-seacev3-2026-21-20-2026-05-07T10:36:08.788500-05:00,2390425,21217248,72151604,Servicios de instalación de teléfonos y equipos de telefonía,UNSPSC
ocds-dgv273-seacev3-2026-35879-1,ocds-dgv273-seacev3-2026-35879-1-2026-05-07T10:36:08.694144-05:00,2390305,21239523,50221002,Harina de legumbre,UNSPSC
ocds-dgv273-seacev3-2026-35879-1,ocds-dgv273-seacev3-2026-35879-1-2026-05-07T10:36:08.694144-05:00,2390305,21239449,50131702,Leche o productos de mantequilla estables sin refrigerar,UNSPSC
ocds-dgv273-seacev3-1205530,ocds-dgv273-seacev3-1205530-2026-05-07T10:36:08.568143-05:00,2390320,21249582,81151604,Levantamiento del terreno,UNSPSC
ocds-dgv273-seacev3-1200952,ocds-dgv273-seacev3-1200952-2026-05-07T10:36:07.725729-05:00,2390360,21236360,72121104,Servicios de construcción de restaurantes,UNSPSC
ocds-dgv273-seacev3-1205813,ocds-dgv273-seacev3-1205813-2026-05-07T10:36:07.518973-05:00,2390343,21250482,81111510,Servicios de desarrollo de aplicaciones de servidor para Internet o intranet,UNSPSC
ocds-dgv273-seacev3-1192632,ocds-dgv273-seacev3-1192632-2026-05-07T10:36:07.099771-05:00,2390423,21214126,50131702,Leche o productos de mantequilla estables sin refrigerar,UNSPSC
ocds-dgv273-seacev3-2026-200212-1,ocds-dgv273-seacev3-2026-200212-1-2026-05-07T10:36:06.987186-05:00,2390542,21216694,72141003,Servicios de mantenimiento de pistas y carreteras,UNSPSC
ocds-dgv273-seacev3-1199416,ocds-dgv273-seacev3-1199416-2026-05-07T10:36:06.548503-05:00,2390499,21231445,72141003,Servicios de mantenimiento de pistas y carreteras,UNSPSC
ocds-dgv273-seacev3-1194311,ocds-dgv273-seacev3-1194311-2026-05-07T10:36:06.332953-05:00,2388187,21218745,50221108,Grano de arroz,UNSPSC
ocds-dgv273-seacev3-1193834,ocds-dgv273-seacev3-1193834-2026-05-07T10:36:05.800198-05:00,2390303,21217467,78141804,Administración de instalación terminal de carga,UNSPSC
ocds-dgv273-seacev3-1209541,ocds-dgv273-seacev3-1209541-2026-05-07T10:36:04.325576-05:00,2390424,21259699,93151502,Servicios de sistemas de control o información de entidades públicas,UNSPSC
ocds-dgv273-seacev3-1205568,ocds-dgv273-seacev3-1205568-2026-05-07T10:36:03.931451-05:00,2390351,21249603,80101510,Servicio de consultoría de gestión de riesgos,UNSPSC
ocds-dgv273-seacev3-2026-200431-6,ocds-dgv273-seacev3-2026-200431-6-2026-05-07T10:35:57.289951-05:00,2390362,21238202,72141003,Servicios de mantenimiento de pistas y carreteras,UNSPSC
ocds-dgv273-seacev3-2026-1926-39,ocds-dgv273-seacev3-2026-1926-39-2026-05-07T10:35:56.800782-05:00,2390244,21223236,44102501,Máquinas contadoras de dinero,UNSPSC
ocds-dgv273-seacev3-1197060,ocds-dgv273-seacev3-1197060-2026-05-07T10:35:56.315848-05:00,2390480,21225188,10151704,Semillas o plántulas de césped,UNSPSC
ocds-dgv273-seacev3-2026-200431-3,ocds-dgv273-seacev3-2026-200431-3-2026-05-07T10:35:55.158984-05:00,2390322,21237904,72141003,Servicios de mantenimiento de pistas y carreteras,UNSPSC
ocds-dgv273-seacev3-1193170,ocds-dgv273-seacev3-1193170-2026-05-07T10:35:54.946184-05:00,2390331,21215716,51121710,Losartán potásico,UNSPSC
ocds-dgv273-seacev3-1208829,ocds-dgv273-seacev3-1208829-2026-05-07T10:35:54.336222-05:00,2390482,21258005,80101604,Administración o planificación de proyectos,UNSPSC
ocds-dgv273-seacev3-1193782,ocds-dgv273-seacev3-1193782-2026-05-07T10:35:54.275613-05:00,2390517,21217353,81101510,Ingeniería de carreteras,UNSPSC
ocds-dgv273-seacev3-1193275,ocds-dgv273-seacev3-1193275-2026-05-07T10:35:54.162910-05:00,2390274,21216055,80101604,Administración o planificación de proyectos,UNSPSC
ocds-dgv273-seacev3-1198420,ocds-dgv273-seacev3-1198420-2026-05-07T10:35:53.304036-05:00,2390378,21228505,50405707,Papas nuevas,UNSPSC
ocds-dgv273-seacev3-1196657,ocds-dgv273-seacev3-1196657-2026-05-07T10:35:53.282752-05:00,2390302,21224415,72152605,Servicios de montaje y reparación de techos,UNSPSC
ocds-dgv273-seacev3-1192301,ocds-dgv273-seacev3-1192301-2026-05-07T10:35:53.137781-05:00,2390371,21213608,72141121,Servicios de construcción de tuberías principales de agua,UNSPSC
ocds-dgv273-seacev3-1200404,ocds-dgv273-seacev3-1200404-2026-05-07T10:35:53.025502-05:00,2390529,21234828,43211502,Servidor de computadorade alta gama,UNSPSC
ocds-dgv273-seacev3-1199160,ocds-dgv273-seacev3-1199160-2026-05-07T10:35:52.871374-05:00,2390370,21230930,81101508,Ingeniería arquitectónica,UNSPSC
ocds-dgv273-seacev3-1201402,ocds-dgv273-seacev3-1201402-2026-05-07T10:35:52.708593-05:00,2390456,21237690,41115804,Accesorios o suministros de analizadores de banco de sangre,UNSPSC
ocds-dgv273-seacev3-2026-200431-1,ocds-dgv273-seacev3-2026-200431-1-2026-05-07T10:35:52.255156-05:00,2390297,21237528,72141003,Servicios de mantenimiento de pistas y carreteras,UNSPSC
ocds-dgv273-seacev3-1201585,ocds-dgv273-seacev3-1201585-2026-05-07T10:35:52.093373-05:00,2390357,21238228,72141003,Servicios de mantenimiento de pistas y carreteras,UNSPSC
ocds-dgv273-seacev3-1199858,ocds-dgv273-seacev3-1199858-2026-05-07T10:35:45.958048-05:00,2390240,21232875,80131503,Arrendamiento de terrenos,UNSPSC
ocds-dgv273-seacev3-1208771,ocds-dgv273-seacev3-1208771-2026-05-07T10:35:45.658600-05:00,2390409,21257704,80121704,Servicios legales de contratos,UNSPSC
ocds-dgv273-seacev3-1198418,ocds-dgv273-seacev3-1198418-2026-05-07T10:35:44.995534-05:00,2390441,21230640,78101802,Servicios de transporte regional o nacional en camión,UNSPSC
ocds-dgv273-seacev3-1201887,ocds-dgv273-seacev3-1201887-2026-05-07T10:35:44.948113-05:00,2390477,21241235,30131602,Ladrillos de cerámica,UNSPSC
ocds-dgv273-seacev3-1198075,ocds-dgv273-seacev3-1198075-2026-05-07T10:35:44.363031-05:00,2390532,21227830,30111601,Cemento,UNSPSC
ocds-dgv273-seacev3-1205806,ocds-dgv273-seacev3-1205806-2026-05-07T10:35:43.996960-05:00,2390341,21250437,81151604,Levantamiento del terreno,UNSPSC
ocds-dgv273-seacev3-1197244,ocds-dgv273-seacev3-1197244-2026-05-07T10:35:43.979583-05:00,2390460,21225581,43211501,Servidor de computadora,UNSPSC
ocds-dgv273-seacev3-1193673,ocds-dgv273-seacev3-1193673-2026-05-07T10:35:42.225428-05:00,2390472,21217126,81101508,Ingeniería arquitectónica,UNSPSC
ocds-dgv273-seacev3-1197659,ocds-dgv273-seacev3-1197659-2026-05-07T10:35:42.039749-05:00,2390185,21226708,85161502,Mantenimiento o reparación de equipo médico menor,UNSPSC
ocds-dgv273-seacev3-1203475,ocds-dgv273-seacev3-1203475-2026-05-07T10:35:41.637076-05:00,2390493,21243839,72121101,Servicios de construcción de nuevos edificios comerciales y de oficinas,UNSPSC
ocds-dgv273-seacev3-2026-150270-3,ocds-dgv273-seacev3-2026-150270-3-2026-05-07T10:35:41.309522-05:00,2389216,21217914,50221102,Harina de cereales,UNSPSC
ocds-dgv273-seacev3-2026-150270-3,ocds-dgv273-seacev3-2026-150270-3-2026-05-07T10:35:41.309522-05:00,2390301,21217915,50131702,Leche o productos de mantequilla estables sin refrigerar,UNSPSC
ocds-dgv273-seacev3-1197000,ocds-dgv273-seacev3-1197000-2026-05-07T10:35:41.048148-05:00,2390465,21225030,40141739,Cubiertas de drenaje,UNSPSC
ocds-dgv273-seacev3-2026-1918-14,ocds-dgv273-seacev3-2026-1918-14-2026-05-07T10:35:40.775342-05:00,2390289,21222022,81112001,Servicio de procesamiento de datos en línea,UNSPSC
ocds-dgv273-seacev3-2026-1833-33,ocds-dgv273-seacev3-2026-1833-33-2026-05-07T10:35:40.708989-05:00,2390466,21217158,15101505,Diesel,UNSPSC
ocds-dgv273-seacev3-2026-200431-4,ocds-dgv273-seacev3-2026-200431-4-2026-05-07T10:35:40.395554-05:00,2390328,21237929,72141003,Servicios de mantenimiento de pistas y carreteras,UNSPSC
ocds-dgv273-seacev3-2026-200212-3,ocds-dgv273-seacev3-2026-200212-3-2026-05-07T10:35:40.377793-05:00,2390546,21216759,72141003,Servicios de mantenimiento de pistas y carreteras,UNSPSC
ocds-dgv273-seacev3-1192685,ocds-dgv273-seacev3-1192685-2026-05-07T10:35:34.368021-05:00,2390523,21214537,72121406,Servicios de construcción de escuelas,UNSPSC
ocds-dgv273-seacev3-1201199,ocds-dgv273-seacev3-1201199-2026-05-07T10:35:34.255228-05:00,2390432,21236897,72141128,Servicio de remodelación  y/o construcción de plazas públicas,UNSPSC
ocds-dgv273-seacev3-2026-1497-3,ocds-dgv273-seacev3-2026-1497-3-2026-05-07T10:35:33.603388-05:00,2390415,21226158,15101506,Gasolina o Petróleo,UNSPSC
ocds-dgv273-seacev3-1200368,ocds-dgv273-seacev3-1200368-2026-05-07T10:35:33.131122-05:00,2390497,21234709,30111505,Hormigón premezclado,UNSPSC
ocds-dgv273-seacev3-2026-1250-7,ocds-dgv273-seacev3-2026-1250-7-2026-05-07T10:35:33.112158-05:00,2390253,21226525,81101515,Ingeniería de infraestructura de plantas o instalaciones,UNSPSC
ocds-dgv273-seacev3-1201335,ocds-dgv273-seacev3-1201335-2026-05-07T10:35:32.223093-05:00,2390408,21237527,30111601,Cemento,UNSPSC
ocds-dgv273-seacev3-1197704,ocds-dgv273-seacev3-1197704-2026-05-07T10:35:31.889925-05:00,2390384,21226730,72141128,Servicio de remodelación  y/o construcción de plazas públicas,UNSPSC
ocds-dgv273-seacev3-2026-1340-3,ocds-dgv273-seacev3-2026-1340-3-2026-05-07T10:35:31.235626-05:00,2385701,21218285,24111502,Bolsas de papel,UNSPSC
ocds-dgv273-seacev3-1205756,ocds-dgv273-seacev3-1205756-2026-05-07T10:35:30.743928-05:00,2390496,21250418,80122101,Servicio de consultoría sobre derecho administrativo,UNSPSC
ocds-dgv273-seacev3-1198796,ocds-dgv273-seacev3-1198796-2026-05-07T10:35:30.268517-05:00,2390512,21229846,30131507,Bloque de concreto ligero,UNSPSC
ocds-dgv273-seacev3-2026-1497-4,ocds-dgv273-seacev3-2026-1497-4-2026-05-07T10:35:29.847775-05:00,2390410,21226106,15101505,Diesel,UNSPSC
ocds-dgv273-seacev3-1201793,ocds-dgv273-seacev3-1201793-2026-05-07T10:35:29.058725-05:00,2390440,21238810,72141107,Servicios de construcción y reparación de puentes,UNSPSC
ocds-dgv273-seacev3-1199225,ocds-dgv273-seacev3-1199225-2026-05-07T10:35:28.856760-05:00,2390514,21230973,72141003,Servicios de mantenimiento de pistas y carreteras,UNSPSC
ocds-dgv273-seacev3-2026-10247-43,ocds-dgv273-seacev3-2026-10247-43-2026-05-07T10:35:21.878964-05:00,2390271,21225060,86111702,Enseñanza de idiomas extranjeros por inmersión,UNSPSC
ocds-dgv273-seacev3-1196803,ocds-dgv273-seacev3-1196803-2026-05-07T10:35:20.247018-05:00,2390403,21224774,72151502,Servicios de instalación de sistemas de energía eléctrica,UNSPSC
ocds-dgv273-seacev3-1201350,ocds-dgv273-seacev3-1201350-2026-05-07T10:35:18.992088-05:00,2390398,21237536,50202301,Agua,UNSPSC
ocds-dgv273-seacev3-1202153,ocds-dgv273-seacev3-1202153-2026-05-07T10:35:18.730311-05:00,2390448,21239870,51181901,Gonadotropina coriónica,UNSPSC
ocds-dgv273-seacev3-2026-10248-34,ocds-dgv273-seacev3-2026-10248-34-2026-05-07T10:35:18.713640-05:00,2390433,21232945,81112001,Servicio de procesamiento de datos en línea,UNSPSC
ocds-dgv273-seacev3-1200370,ocds-dgv273-seacev3-1200370-2026-05-07T10:35:18.610996-05:00,2390383,21234691,92101501,Servicios de vigilancia,UNSPSC
ocds-dgv273-seacev3-1198806,ocds-dgv273-seacev3-1198806-2026-05-07T10:35:18.256388-05:00,2390291,21229796,72153102,Servicios de construcción de campos deportivos interiores,UNSPSC
ocds-dgv273-seacev3-2026-10249-18,ocds-dgv273-seacev3-2026-10249-18-2026-05-07T10:35:18.175395-05:00,2390239,21234812,72121103,Servicios de renovación y reparación de edificios comerciales y de oficinas,UNSPSC
ocds-dgv273-seacev3-2026-1003001687-4,ocds-dgv273-seacev3-2026-1003001687-4-2026-05-07T10:35:17.719058-05:00,2390451,21241090,15111510,Gas de petróleo licuefactado,UNSPSC
ocds-dgv273-seacev3-2026-1003001687-4,ocds-dgv273-seacev3-2026-1003001687-4-2026-05-07T10:35:17.719058-05:00,2390470,21241091,15111510,Gas de petróleo licuefactado,UNSPSC
ocds-dgv273-seacev3-1197492,ocds-dgv273-seacev3-1197492-2026-05-07T10:35:17.250185-05:00,2390533,21226220,81101505,Ingeniería estructural,UNSPSC
ocds-dgv273-seacev3-1200672,ocds-dgv273-seacev3-1200672-2026-05-07T10:35:17.171570-05:00,2390430,21235582,10121604,Alimento para aves,UNSPSC
ocds-dgv273-seacev3-1198182,ocds-dgv273-seacev3-1198182-2026-05-07T10:35:16.874665-05:00,2390459,21227951,81101515,Ingeniería de infraestructura de plantas o instalaciones,UNSPSC
ocds-dgv273-seacev3-1212458,ocds-dgv273-seacev3-1212458-2026-05-07T10:35:10.977653-05:00,2390534,21268233,45111713,Amplificador de distribución de audio,UNSPSC
ocds-dgv273-seacev3-1205514,ocds-dgv273-seacev3-1205514-2026-05-07T10:35:10.365073-05:00,2390348,21249591,81151604,Levantamiento del terreno,UNSPSC
ocds-dgv273-seacev3-2026-1052-7,ocds-dgv273-seacev3-2026-1052-7-2026-05-07T10:35:09.463851-05:00,2390312,21215282,81101508,Ingeniería arquitectónica,UNSPSC
ocds-dgv273-seacev3-1195796,ocds-dgv273-seacev3-1195796-2026-05-07T10:35:09.447436-05:00,2390431,21222473,72141505,Servicios de movimientos de tierras,UNSPSC
ocds-dgv273-seacev3-1197233,ocds-dgv273-seacev3-1197233-2026-05-07T10:35:09.145343-05:00,2390252,21225635,72152707,Servicios de construcción de muros de retención,UNSPSC
ocds-dgv273-seacev3-1205892,ocds-dgv273-seacev3-1205892-2026-05-07T10:35:08.967019-05:00,2390355,21250595,80111607,Necesidad de personal legal temporal,UNSPSC
ocds-dgv273-seacev3-1198692,ocds-dgv273-seacev3-1198692-2026-05-07T10:35:08.906284-05:00,2390361,21229466,30131602,Ladrillos de cerámica,UNSPSC
ocds-dgv273-seacev3-1194602,ocds-dgv273-seacev3-1194602-2026-05-07T10:35:08.215283-05:00,2388360,21219681,72141128,Servicio de remodelación  y/o construcción de plazas públicas,UNSPSC
ocds-dgv273-seacev3-2026-10195-2,ocds-dgv273-seacev3-2026-10195-2-2026-05-07T10:35:08.057505-05:00,2387870,21216592,50131612,Huevos de gallina con cáscara para consumo,UNSPSC
ocds-dgv273-seacev3-2026-1926-154,ocds-dgv273-seacev3-2026-1926-154-2026-05-07T10:35:06.211638-05:00,2390262,21241548,80141509,Análisis competitivo o inteligencia de mercado,UNSPSC
ocds-dgv273-seacev3-1202856,ocds-dgv273-seacev3-1202856-2026-05-07T10:35:06.089982-05:00,2390373,21243237,86141704,Servicios de biblioteca o documentación,UNSPSC
ocds-dgv273-seacev3-1199891,ocds-dgv273-seacev3-1199891-2026-05-07T10:35:05.803399-05:00,2390283,21233090,51141530,Valproato sódico,UNSPSC
ocds-dgv273-seacev3-1200052,ocds-dgv273-seacev3-1200052-2026-05-07T10:35:05.504390-05:00,2390421,21233520,72141121,Servicios de construcción de tuberías principales de agua,UNSPSC
ocds-dgv273-seacev3-1200991,ocds-dgv273-seacev3-1200991-2026-05-07T10:35:04.703160-05:00,2390516,21236525,31162004,Clavos de mampostería,UNSPSC
ocds-dgv273-seacev3-2026-813-35,ocds-dgv273-seacev3-2026-813-35-2026-05-07T10:35:04.360506-05:00,2390484,21227560,30111601,Cemento,UNSPSC
ocds-dgv273-seacev3-1200072,ocds-dgv273-seacev3-1200072-2026-05-06T10:33:40.775546-05:00,2390053,21233392,10101513,Cuyes,UNSPSC
ocds-dgv273-seacev3-2026-1920-4,ocds-dgv273-seacev3-2026-1920-4-2026-05-06T10:33:40.675669-05:00,2390034,21231659,93151502,Servicios de sistemas de control o información de entidades públicas,UNSPSC
ocds-dgv273-seacev3-1198990,ocds-dgv273-seacev3-1198990-2026-05-06T10:33:40.607824-05:00,2390006,21230501,48101521,Cocinas económicas de uso comercial,UNSPSC
ocds-dgv273-seacev3-1198485,ocds-dgv273-seacev3-1198485-2026-05-06T10:33:40.538925-05:00,2390203,21228646,72121203,Servicios de construcción de silos y de edificaciones para servicio agrícola,UNSPSC
ocds-dgv273-seacev3-1195035,ocds-dgv273-seacev3-1195035-2026-05-06T10:33:38.724045-05:00,2389977,21220442,72141003,Servicios de mantenimiento de pistas y carreteras,UNSPSC
ocds-dgv273-seacev3-1198004,ocds-dgv273-seacev3-1198004-2026-05-06T10:33:38.671794-05:00,2385159,21227468,92101501,Servicios de vigilancia,UNSPSC
ocds-dgv273-seacev3-2026-830-2,ocds-dgv273-seacev3-2026-830-2-2026-05-06T10:33:38.013574-05:00,2390013,21214825,30111601,Cemento,UNSPSC
ocds-dgv273-seacev3-2026-10219-12,ocds-dgv273-seacev3-2026-10219-12-2026-05-06T10:33:37.756442-05:00,2390109,21225138,51431602,Atomoxetina,UNSPSC
ocds-dgv273-seacev3-1193890,ocds-dgv273-seacev3-1193890-2026-05-06T10:33:37.690221-05:00,2390048,21217534,82151504,Servicios de escultores,UNSPSC
ocds-dgv273-seacev3-2026-200195-95,ocds-dgv273-seacev3-2026-200195-95-2026-05-06T10:33:37.323098-05:00,2390036,21222673,46182306,Correas o arneses de seguridad,UNSPSC
ocds-dgv273-seacev3-2026-10249-26,ocds-dgv273-seacev3-2026-10249-26-2026-05-06T10:33:37.231732-05:00,2390087,21227324,72121008,Servicios de construcción y remodelación de almacenes,UNSPSC
ocds-dgv273-seacev3-2026-333-2,ocds-dgv273-seacev3-2026-333-2-2026-05-06T10:33:37.217044-05:00,2390200,21218900,50192109,"Papas fritas en hojuelas y al hilo, mix de bocaditos o galletas saladas",UNSPSC
ocds-dgv273-seacev3-1195903,ocds-dgv273-seacev3-1195903-2026-05-06T10:33:37.009468-05:00,2390132,21222655,72141508,Servicios de voladura excepto demolición de edificios,UNSPSC
ocds-dgv273-seacev3-1199962,ocds-dgv273-seacev3-1199962-2026-05-06T10:33:36.955601-05:00,2390156,21233160,51131909,Albúmina humana,UNSPSC
ocds-dgv273-seacev3-1195187,ocds-dgv273-seacev3-1195187-2026-05-06T10:33:36.606670-05:00,2390075,21238809,25101914,Vehiculo colector de desechos o camión de basura,UNSPSC
ocds-dgv273-seacev3-1194993,ocds-dgv273-seacev3-1194993-2026-05-06T10:33:36.150343-05:00,2390205,21220739,81101510,Ingeniería de carreteras,UNSPSC
ocds-dgv273-seacev3-1197413,ocds-dgv273-seacev3-1197413-2026-05-06T10:33:35.318795-05:00,2390217,21226052,81101508,Ingeniería arquitectónica,UNSPSC
ocds-dgv273-seacev3-1201814,ocds-dgv273-seacev3-1201814-2026-05-06T10:33:34.723453-05:00,2390157,21238796,41116109,Reactivos o soluciones para coagulación,UNSPSC
ocds-dgv273-seacev3-1201031,ocds-dgv273-seacev3-1201031-2026-05-06T10:33:34.471957-05:00,2390043,21236594,82121701,Servicios de fotocopiado en blanco y negro o compaginación,UNSPSC
ocds-dgv273-seacev3-1199973,ocds-dgv273-seacev3-1199973-2026-05-06T10:33:34.421484-05:00,2390111,21233192,72141128,Servicio de remodelación  y/o construcción de plazas públicas,UNSPSC
ocds-dgv273-seacev3-1200448,ocds-dgv273-seacev3-1200448-2026-05-06T10:33:34.062258-05:00,2390078,21234898,78181901,Reparación del sistema de frenos y rueda de ala giratoria de aeronaves,UNSPSC
ocds-dgv273-seacev3-1197281,ocds-dgv273-seacev3-1197281-2026-05-06T10:33:33.719775-05:00,2390213,21225688,72141003,Servicios de mantenimiento de pistas y carreteras,UNSPSC
ocds-dgv273-seacev3-1200475,ocds-dgv273-seacev3-1200475-2026-05-06T10:33:33.610059-05:00,2390003,21234935,15101505,Diesel,UNSPSC
ocds-dgv273-seacev3-2026-922-1,ocds-dgv273-seacev3-2026-922-1-2026-05-06T10:33:26.727034-05:00,2390114,21226515,72141121,Servicios de construcción de tuberías principales de agua,UNSPSC
ocds-dgv273-seacev3-2026-1003004403-5,ocds-dgv273-seacev3-2026-1003004403-5-2026-05-06T10:33:26.677611-05:00,2390166,21219889,82121504,Impresión tipográfica o serigrafía,UNSPSC
ocds-dgv273-seacev3-1193254,ocds-dgv273-seacev3-1193254-2026-05-06T10:33:26.647850-05:00,2390140,21217278,72151605,"Servicios de cableado para sistemas de voz, datos y video",UNSPSC
ocds-dgv273-seacev3-1198489,ocds-dgv273-seacev3-1198489-2026-05-06T10:33:24.020186-05:00,2390165,21228662,42161601,Kits o sets o accesorios para la administración de hemodiálisis,UNSPSC
ocds-dgv273-seacev3-1198463,ocds-dgv273-seacev3-1198463-2026-05-06T10:33:23.348957-05:00,2390081,21228630,50131702,Leche o productos de mantequilla estables sin refrigerar,UNSPSC
ocds-dgv273-seacev3-1198463,ocds-dgv273-seacev3-1198463-2026-05-06T10:33:23.348957-05:00,2390081,21228629,50192109,"Papas fritas en hojuelas y al hilo, mix de bocaditos o galletas saladas",UNSPSC
ocds-dgv273-seacev3-2026-211-1,ocds-dgv273-seacev3-2026-211-1-2026-05-06T10:33:23.233138-05:00,2390143,21235740,50221101,Granos de cereal,UNSPSC
ocds-dgv273-seacev3-1198088,ocds-dgv273-seacev3-1198088-2026-05-06T10:33:15.734892-05:00,2390018,21227829,30111601,Cemento,UNSPSC
ocds-dgv273-seacev3-1195855,ocds-dgv273-seacev3-1195855-2026-05-06T10:33:14.564631-05:00,2390063,21222565,81101507,Ingeniería de presas,UNSPSC
ocds-dgv273-seacev3-1193079,ocds-dgv273-seacev3-1193079-2026-05-06T10:33:13.935817-05:00,2389949,21215513,72121101,Servicios de construcción de nuevos edificios comerciales y de oficinas,UNSPSC
ocds-dgv273-seacev3-1195007,ocds-dgv273-seacev3-1195007-2026-05-06T10:33:06.210598-05:00,2389829,21220398,72141003,Servicios de mantenimiento de pistas y carreteras,UNSPSC
ocds-dgv273-seacev3-1194618,ocds-dgv273-seacev3-1194618-2026-05-06T10:33:05.991819-05:00,2390005,21219646,10151614,Semillas o plántulas de arroz,UNSPSC
ocds-dgv273-seacev3-1194122,ocds-dgv273-seacev3-1194122-2026-05-06T10:33:05.946161-05:00,2390080,21218174,30121803,Césped artificial,UNSPSC
ocds-dgv273-seacev3-2026-275-4,ocds-dgv273-seacev3-2026-275-4-2026-05-06T10:33:05.743758-05:00,2390051,21221067,72141128,Servicio de remodelación  y/o construcción de plazas públicas,UNSPSC
ocds-dgv273-seacev3-1192471,ocds-dgv273-seacev3-1192471-2026-05-06T10:33:05.487555-05:00,2390105,21214160,72141128,Servicio de remodelación  y/o construcción de plazas públicas,UNSPSC
ocds-dgv273-seacev3-1199470,ocds-dgv273-seacev3-1199470-2026-05-06T10:33:05.020359-05:00,2389995,21231679,72141003,Servicios de mantenimiento de pistas y carreteras,UNSPSC
ocds-dgv273-seacev3-2026-333-3,ocds-dgv273-seacev3-2026-333-3-2026-05-06T10:33:04.959130-05:00,2390207,21215557,50131702,Leche o productos de mantequilla estables sin refrigerar,UNSPSC
ocds-dgv273-seacev3-1199082,ocds-dgv273-seacev3-1199082-2026-05-06T10:33:04.791940-05:00,2389989,21230719,81111811,Servicios de asistencia o soporte técnico,UNSPSC
ocds-dgv273-seacev3-1195318,ocds-dgv273-seacev3-1195318-2026-05-06T10:33:04.776017-05:00,2390141,21221504,77101604,Servicios de planificación estratégica de conservación y manejo de recursos naturales,UNSPSC
ocds-dgv273-seacev3-2026-1995-11,ocds-dgv273-seacev3-2026-1995-11-2026-05-06T10:33:03.751980-05:00,2382041,21225122,80101513,Servicio de consultoría para la gestión de procesos y procedimientos,UNSPSC
ocds-dgv273-seacev3-2026-10249-2,ocds-dgv273-seacev3-2026-10249-2-2026-05-06T10:33:03.438328-05:00,2390211,21233118,83121703,Servicios relacionados con Internet,UNSPSC
ocds-dgv273-seacev3-1198177,ocds-dgv273-seacev3-1198177-2026-05-06T10:33:03.062872-05:00,2389976,21227778,51201806,Gamma IGG o immunoglobulina,UNSPSC
ocds-dgv273-seacev3-1208924,ocds-dgv273-seacev3-1208924-2026-05-06T10:33:02.478683-05:00,2390162,21258127,84121703,Análisis de inversiones,UNSPSC
ocds-dgv273-seacev3-2026-275-3,ocds-dgv273-seacev3-2026-275-3-2026-05-06T10:33:02.003394-05:00,2390031,21223003,72141128,Servicio de remodelación  y/o construcción de plazas públicas,UNSPSC
ocds-dgv273-seacev3-2026-200390-3,ocds-dgv273-seacev3-2026-200390-3-2026-05-06T10:33:01.590024-05:00,2390189,21231304,91111601,Servicios de limpieza y mantenimiento,UNSPSC
ocds-dgv273-seacev3-1195083,ocds-dgv273-seacev3-1195083-2026-05-06T10:32:54.955648-05:00,2390130,21220888,91111601,Servicios de limpieza y mantenimiento,UNSPSC
ocds-dgv273-seacev3-1201168,ocds-dgv273-seacev3-1201168-2026-05-06T10:32:54.866945-05:00,2389641,21236913,82101601,Publicidad en radio,UNSPSC
ocds-dgv273-seacev3-1201168,ocds-dgv273-seacev3-1201168-2026-05-06T10:32:54.866945-05:00,2389765,21236902,82101601,Publicidad en radio,UNSPSC
ocds-dgv273-seacev3-1201168,ocds-dgv273-seacev3-1201168-2026-05-06T10:32:54.866945-05:00,2389751,21236884,82101601,Publicidad en radio,UNSPSC
ocds-dgv273-seacev3-1201168,ocds-dgv273-seacev3-1201168-2026-05-06T10:32:54.866945-05:00,2389788,21236883,82101601,Publicidad en radio,UNSPSC
ocds-dgv273-seacev3-1201168,ocds-dgv273-seacev3-1201168-2026-05-06T10:32:54.866945-05:00,2390076,21236914,82101601,Publicidad en radio,UNSPSC
ocds-dgv273-seacev3-1201168,ocds-dgv273-seacev3-1201168-2026-05-06T10:32:54.866945-05:00,2390067,21236912,82101601,Publicidad en radio,UNSPSC
ocds-dgv273-seacev3-1201168,ocds-dgv273-seacev3-1201168-2026-05-06T10:32:54.866945-05:00,2390104,21236915,82101601,Publicidad en radio,UNSPSC
ocds-dgv273-seacev3-1201168,ocds-dgv273-seacev3-1201168-2026-05-06T10:32:54.866945-05:00,2390047,21236885,82101601,Publicidad en radio,UNSPSC
ocds-dgv273-seacev3-2026-1642-12,ocds-dgv273-seacev3-2026-1642-12-2026-05-06T10:32:54.550778-05:00,2389982,21226246,81101510,Ingeniería de carreteras,UNSPSC
ocds-dgv273-seacev3-2026-390-1,ocds-dgv273-seacev3-2026-390-1-2026-05-06T10:32:54.434157-05:00,2389993,21236904,50131701,Leche fresca y productos de mantequilla,UNSPSC
ocds-dgv273-seacev3-1198998,ocds-dgv273-seacev3-1198998-2026-05-06T10:32:54.303662-05:00,2390016,21230508,21102006,Trituradoras de martillo,UNSPSC
ocds-dgv273-seacev3-1196127,ocds-dgv273-seacev3-1196127-2026-05-06T10:32:54.202507-05:00,2390061,21222984,30111505,Hormigón premezclado,UNSPSC
ocds-dgv273-seacev3-1205519,ocds-dgv273-seacev3-1205519-2026-05-06T10:32:54.162929-05:00,2390206,21249670,80101505,Desarrollo de objetivos o políticas corporativas,UNSPSC
ocds-dgv273-seacev3-1193215,ocds-dgv273-seacev3-1193215-2026-05-06T10:32:53.044376-05:00,2390204,21215957,72152101,Servicios de trabajos acústicos y de cielo raso,UNSPSC
ocds-dgv273-seacev3-1200023,ocds-dgv273-seacev3-1200023-2026-05-06T10:32:52.929690-05:00,2390023,21233287,78101703,Servicios de transporte nacional por barcaza,UNSPSC
ocds-dgv273-seacev3-2026-1003003812-10,ocds-dgv273-seacev3-2026-1003003812-10-2026-05-06T10:32:52.816279-05:00,2390174,21223773,85101707,Servicios de evaluación de sistemas de salud,UNSPSC
ocds-dgv273-seacev3-1195031,ocds-dgv273-seacev3-1195031-2026-05-06T10:32:51.933471-05:00,2389861,21220440,72141003,Servicios de mantenimiento de pistas y carreteras,UNSPSC
ocds-dgv273-seacev3-1195112,ocds-dgv273-seacev3-1195112-2026-05-06T10:32:51.829116-05:00,2389985,21220922,72141003,Servicios de mantenimiento de pistas y carreteras,UNSPSC
ocds-dgv273-seacev3-1199520,ocds-dgv273-seacev3-1199520-2026-05-06T10:32:51.798931-05:00,2389998,21231711,72141003,Servicios de mantenimiento de pistas y carreteras,UNSPSC
ocds-dgv273-seacev3-1200573,ocds-dgv273-seacev3-1200573-2026-05-06T10:32:51.642622-05:00,2390084,21235316,30191801,Encofrado estructural,UNSPSC
ocds-dgv273-seacev3-1195231,ocds-dgv273-seacev3-1195231-2026-05-06T10:32:51.534522-05:00,2387511,21221154,15101506,Gasolina o Petróleo,UNSPSC
ocds-dgv273-seacev3-1195231,ocds-dgv273-seacev3-1195231-2026-05-06T10:32:51.534522-05:00,2387511,21221153,15101506,Gasolina o Petróleo,UNSPSC
ocds-dgv273-seacev3-1195231,ocds-dgv273-seacev3-1195231-2026-05-06T10:32:51.534522-05:00,2387511,21221152,15101505,Diesel,UNSPSC
ocds-dgv273-seacev3-1196344,ocds-dgv273-seacev3-1196344-2026-05-06T10:32:51.370550-05:00,2390000,21223575,81101515,Ingeniería de infraestructura de plantas o instalaciones,UNSPSC
ocds-dgv273-seacev3-1200666,ocds-dgv273-seacev3-1200666-2026-05-06T10:32:51.317767-05:00,2390001,21235508,30111601,Cemento,UNSPSC
ocds-dgv273-seacev3-1201591,ocds-dgv273-seacev3-1201591-2026-05-06T10:32:51.230473-05:00,2390113,21238055,72141003,Servicios de mantenimiento de pistas y carreteras,UNSPSC
ocds-dgv273-seacev3-2026-1926-87,ocds-dgv273-seacev3-2026-1926-87-2026-05-06T10:32:51.216199-05:00,2390093,21238138,81111805,Mantenimiento o soporte de sistemas propietarios o con licencia,UNSPSC
ocds-dgv273-seacev3-1199559,ocds-dgv273-seacev3-1199559-2026-05-06T10:32:50.197205-05:00,2390060,21231756,25131705,Aviones objetivo o de reconocimiento,UNSPSC
ocds-dgv273-seacev3-2026-10378-2,ocds-dgv273-seacev3-2026-10378-2-2026-05-06T10:32:50.176108-05:00,2390144,21215147,85121601,Servicios ginecológicos u obstétricos,UNSPSC
ocds-dgv273-seacev3-1211591,ocds-dgv273-seacev3-1211591-2026-05-06T10:32:45.366685-05:00,2390221,21266129,41112110,Transductor de presión,UNSPSC
ocds-dgv273-seacev3-1201833,ocds-dgv273-seacev3-1201833-2026-05-06T10:32:45.176383-05:00,2390068,21241124,15101505,Diesel,UNSPSC
ocds-dgv273-seacev3-1199341,ocds-dgv273-seacev3-1199341-2026-05-06T10:32:44.167324-05:00,2390027,21231263,11111611,Grava,UNSPSC
ocds-dgv273-seacev3-2026-10520-5,ocds-dgv273-seacev3-2026-10520-5-2026-05-06T10:32:44.151577-05:00,2390142,21223671,77121704,Servicios de tratamiento de aguas superficiales,UNSPSC
ocds-dgv273-seacev3-1194947,ocds-dgv273-seacev3-1194947-2026-05-06T10:32:43.602870-05:00,2389795,21220354,72141003,Servicios de mantenimiento de pistas y carreteras,UNSPSC
ocds-dgv273-seacev3-1195141,ocds-dgv273-seacev3-1195141-2026-05-06T10:32:41.089294-05:00,2389988,21221038,72141003,Servicios de mantenimiento de pistas y carreteras,UNSPSC
ocds-dgv273-seacev3-1193923,ocds-dgv273-seacev3-1193923-2026-05-06T10:32:40.694186-05:00,2390095,21217774,78111808,Alquiler de vehículos,UNSPSC
ocds-dgv273-seacev3-2026-941-2,ocds-dgv273-seacev3-2026-941-2-2026-05-06T10:32:40.664868-05:00,2389987,21225009,50131702,Leche o productos de mantequilla estables sin refrigerar,UNSPSC
ocds-dgv273-seacev3-2026-273-3,ocds-dgv273-seacev3-2026-273-3-2026-05-06T10:32:40.616864-05:00,2390177,21220506,81101505,Ingeniería estructural,UNSPSC
ocds-dgv273-seacev3-1197192,ocds-dgv273-seacev3-1197192-2026-05-06T10:32:40.463985-05:00,2390032,21225538,85101508,Servicio para administrar centros oServiciosanitarios móviles,UNSPSC
ocds-dgv273-seacev3-2026-1995-15,ocds-dgv273-seacev3-2026-1995-15-2026-05-06T10:32:33.772560-05:00,2383170,21231084,80101513,Servicio de consultoría para la gestión de procesos y procedimientos,UNSPSC
ocds-dgv273-seacev3-1203485,ocds-dgv273-seacev3-1203485-2026-05-06T10:32:33.706657-05:00,2390088,21244617,72153102,Servicios de construcción de campos deportivos interiores,UNSPSC
ocds-dgv273-seacev3-1201909,ocds-dgv273-seacev3-1201909-2026-05-06T10:32:33.593467-05:00,2390116,21241222,72141003,Servicios de mantenimiento de pistas y carreteras,UNSPSC
ocds-dgv273-seacev3-1194985,ocds-dgv273-seacev3-1194985-2026-05-06T10:32:33.271107-05:00,2389802,21220688,72141003,Servicios de mantenimiento de pistas y carreteras,UNSPSC
ocds-dgv273-seacev3-1196351,ocds-dgv273-seacev3-1196351-2026-05-06T10:32:32.824552-05:00,2390210,21223577,95101901,Granja,UNSPSC
ocds-dgv273-seacev3-1201929,ocds-dgv273-seacev3-1201929-2026-05-06T10:32:32.344873-05:00,2390120,21239556,72141003,Servicios de mantenimiento de pistas y carreteras,UNSPSC
ocds-dgv273-seacev3-1196678,ocds-dgv273-seacev3-1196678-2026-05-06T10:32:32.068748-05:00,2390134,21224322,81101510,Ingeniería de carreteras,UNSPSC
ocds-dgv273-seacev3-1197291,ocds-dgv273-seacev3-1197291-2026-05-06T10:32:31.894894-05:00,2390131,21225761,72141003,Servicios de mantenimiento de pistas y carreteras,UNSPSC
ocds-dgv273-seacev3-1197291,ocds-dgv273-seacev3-1197291-2026-05-06T10:32:31.894894-05:00,2390136,21225791,72141003,Servicios de mantenimiento de pistas y carreteras,UNSPSC
ocds-dgv273-seacev3-1197291,ocds-dgv273-seacev3-1197291-2026-05-06T10:32:31.894894-05:00,2390152,21225850,72141003,Servicios de mantenimiento de pistas y carreteras,UNSPSC
ocds-dgv273-seacev3-1197291,ocds-dgv273-seacev3-1197291-2026-05-06T10:32:31.894894-05:00,2390154,21225827,72141003,Servicios de mantenimiento de pistas y carreteras,UNSPSC
ocds-dgv273-seacev3-1197291,ocds-dgv273-seacev3-1197291-2026-05-06T10:32:31.894894-05:00,2390148,21225820,72141003,Servicios de mantenimiento de pistas y carreteras,UNSPSC
ocds-dgv273-seacev3-1200138,ocds-dgv273-seacev3-1200138-2026-05-06T10:32:31.676701-05:00,2390029,21233757,81101508,Ingeniería arquitectónica,UNSPSC
ocds-dgv273-seacev3-1193143,ocds-dgv273-seacev3-1193143-2026-05-06T10:32:30.137493-05:00,2390237,21215594,81101515,Ingeniería de infraestructura de plantas o instalaciones,UNSPSC
ocds-dgv273-seacev3-1200337,ocds-dgv273-seacev3-1200337-2026-05-04T10:04:10.416432-05:00,2389961,21234634,81111805,Mantenimiento o soporte de sistemas propietarios o con licencia,UNSPSC
ocds-dgv273-seacev3-1202031,ocds-dgv273-seacev3-1202031-2026-05-04T10:04:04.961125-05:00,2389963,21239692,81101515,Ingeniería de infraestructura de plantas o instalaciones,UNSPSC
ocds-dgv273-seacev3-1201955,ocds-dgv273-seacev3-1201955-2026-05-04T10:04:04.415634-05:00,2389616,21241324,80131502,Alquiler de instalaciones comerciales o industriales,UNSPSC
ocds-dgv273-seacev3-1199583,ocds-dgv273-seacev3-1199583-2026-05-04T10:04:04.245622-05:00,2389962,21232326,81101508,Ingeniería arquitectónica,UNSPSC
ocds-dgv273-seacev3-1195783,ocds-dgv273-seacev3-1195783-2026-05-02T10:08:49.786982-05:00,2389792,21222413,72121406,Servicios de construcción de escuelas,UNSPSC
ocds-dgv273-seacev3-1198762,ocds-dgv273-seacev3-1198762-2026-05-02T10:08:48.906684-05:00,2389753,21229672,72151502,Servicios de instalación de sistemas de energía eléctrica,UNSPSC
ocds-dgv273-seacev3-1196730,ocds-dgv273-seacev3-1196730-2026-05-02T10:08:48.486474-05:00,2389942,21224708,72141003,Servicios de mantenimiento de pistas y carreteras,UNSPSC
ocds-dgv273-seacev3-1196673,ocds-dgv273-seacev3-1196673-2026-05-02T10:08:48.470536-05:00,2389940,21224440,72141003,Servicios de mantenimiento de pistas y carreteras,UNSPSC
ocds-dgv273-seacev3-1199476,ocds-dgv273-seacev3-1199476-2026-05-02T10:08:47.906971-05:00,2389797,21231703,80131502,Alquiler de instalaciones comerciales o industriales,UNSPSC
ocds-dgv273-seacev3-1193751,ocds-dgv273-seacev3-1193751-2026-05-02T10:08:47.887432-05:00,2389870,21217016,47101606,Productos químicos para control de la corrosión,UNSPSC
ocds-dgv273-seacev3-2026-1289-6,ocds-dgv273-seacev3-2026-1289-6-2026-05-02T10:08:47.678978-05:00,2389811,21215788,72141003,Servicios de mantenimiento de pistas y carreteras,UNSPSC
ocds-dgv273-seacev3-1196761,ocds-dgv273-seacev3-1196761-2026-05-02T10:08:43.786021-05:00,2389947,21224559,72141003,Servicios de mantenimiento de pistas y carreteras,UNSPSC
ocds-dgv273-seacev3-2026-546-1,ocds-dgv273-seacev3-2026-546-1-2026-05-02T10:08:43.429359-05:00,2389763,21231047,70111601,Servicios de plantación,UNSPSC
ocds-dgv273-seacev3-1201731,ocds-dgv273-seacev3-1201731-2026-05-02T10:08:43.096256-05:00,2389908,21238553,42222008,Kits o accesorios de bombas de infusión,UNSPSC
ocds-dgv273-seacev3-1200063,ocds-dgv273-seacev3-1200063-2026-05-02T10:08:43.066697-05:00,2389793,21233337,11111611,Grava,UNSPSC
ocds-dgv273-seacev3-1194867,ocds-dgv273-seacev3-1194867-2026-05-02T10:08:41.993167-05:00,2389780,21220199,72141003,Servicios de mantenimiento de pistas y carreteras,UNSPSC
ocds-dgv273-seacev3-2026-2361-4,ocds-dgv273-seacev3-2026-2361-4-2026-05-02T10:08:41.798912-05:00,2389825,21228670,41112504,Medidor de agua,UNSPSC
ocds-dgv273-seacev3-2026-418-2,ocds-dgv273-seacev3-2026-418-2-2026-05-02T10:08:41.542876-05:00,2389526,21218301,15101505,Diesel,UNSPSC
ocds-dgv273-seacev3-1199718,ocds-dgv273-seacev3-1199718-2026-05-02T10:08:41.251338-05:00,2389760,21232572,72152605,Servicios de montaje y reparación de techos,UNSPSC
ocds-dgv273-seacev3-1193194,ocds-dgv273-seacev3-1193194-2026-05-02T10:08:41.087223-05:00,2389911,21215739,72152001,Servicios de instalación y reparación de paneles de yeso,UNSPSC
ocds-dgv273-seacev3-1197818,ocds-dgv273-seacev3-1197818-2026-05-02T10:08:40.914568-05:00,2389875,21227039,50111515,Pollo mínimamente procesado sin aditivos,UNSPSC
ocds-dgv273-seacev3-1198961,ocds-dgv273-seacev3-1198961-2026-05-02T10:08:40.645091-05:00,2389708,21230413,30111601,Cemento,UNSPSC
ocds-dgv273-seacev3-2026-200151-6,ocds-dgv273-seacev3-2026-200151-6-2026-05-02T10:08:40.060271-05:00,2389881,21238376,50111515,Pollo mínimamente procesado sin aditivos,UNSPSC
ocds-dgv273-seacev3-2026-374-4,ocds-dgv273-seacev3-2026-374-4-2026-05-02T10:08:39.839484-05:00,2389862,21222033,30131602,Ladrillos de cerámica,UNSPSC
ocds-dgv273-seacev3-1202801,ocds-dgv273-seacev3-1202801-2026-05-02T10:08:33.771777-05:00,2389778,21243071,42311527,Apósitos de película transparente,UNSPSC
ocds-dgv273-seacev3-2026-10421-8,ocds-dgv273-seacev3-2026-10421-8-2026-05-02T10:08:33.211143-05:00,2389807,21217058,50121539,Pescado fresco,UNSPSC
ocds-dgv273-seacev3-1199346,ocds-dgv273-seacev3-1199346-2026-05-02T10:08:33.039219-05:00,2389713,21231261,78111808,Alquiler de vehículos,UNSPSC
ocds-dgv273-seacev3-1201080,ocds-dgv273-seacev3-1201080-2026-05-02T10:08:32.960423-05:00,2389887,21236780,72154040,Servicios de instalación de revestimiento protector subterráneo,UNSPSC
ocds-dgv273-seacev3-1201080,ocds-dgv273-seacev3-1201080-2026-05-02T10:08:32.960423-05:00,2389887,21236779,72154040,Servicios de instalación de revestimiento protector subterráneo,UNSPSC
ocds-dgv273-seacev3-1201080,ocds-dgv273-seacev3-1201080-2026-05-02T10:08:32.960423-05:00,2389887,21236778,72154040,Servicios de instalación de revestimiento protector subterráneo,UNSPSC
ocds-dgv273-seacev3-2026-270-17,ocds-dgv273-seacev3-2026-270-17-2026-05-02T10:08:32.533280-05:00,2389724,21227509,81101515,Ingeniería de infraestructura de plantas o instalaciones,UNSPSC
ocds-dgv273-seacev3-1199327,ocds-dgv273-seacev3-1199327-2026-05-02T10:08:32.279586-05:00,2389785,21231187,72141003,Servicios de mantenimiento de pistas y carreteras,UNSPSC
ocds-dgv273-seacev3-2026-2344-46,ocds-dgv273-seacev3-2026-2344-46-2026-05-02T10:08:32.264988-05:00,2389831,21217168,80141507,"Investigación, talleres o focus groups basados en el consumidor",UNSPSC
ocds-dgv273-seacev3-1198417,ocds-dgv273-seacev3-1198417-2026-05-02T10:08:31.659253-05:00,2389700,21228503,85161501,Mantenimiento o reparación de bienes de equipo médico,UNSPSC
ocds-dgv273-seacev3-2026-20006-4,ocds-dgv273-seacev3-2026-20006-4-2026-05-02T10:08:31.560445-05:00,2389197,21219733,92101501,Servicios de vigilancia,UNSPSC
ocds-dgv273-seacev3-2026-20006-4,ocds-dgv273-seacev3-2026-20006-4-2026-05-02T10:08:31.560445-05:00,2389838,21219734,92101501,Servicios de vigilancia,UNSPSC
ocds-dgv273-seacev3-2026-200151-5,ocds-dgv273-seacev3-2026-200151-5-2026-05-02T10:08:31.472430-05:00,2389721,21239581,50111513,Carne de res mínimamente procesada sin aditivos,UNSPSC
ocds-dgv273-seacev3-1195924,ocds-dgv273-seacev3-1195924-2026-05-02T10:08:30.944958-05:00,2389810,21222689,72154028,Servicios de instalación y mantenimiento de señales,UNSPSC
ocds-dgv273-seacev3-1195072,ocds-dgv273-seacev3-1195072-2026-05-02T10:08:30.752076-05:00,2389732,21220518,72154069,Servicio de cercado y colocación de barandas,UNSPSC
ocds-dgv273-seacev3-1194351,ocds-dgv273-seacev3-1194351-2026-05-02T10:08:30.564307-05:00,2389924,21218874,81101515,Ingeniería de infraestructura de plantas o instalaciones,UNSPSC
ocds-dgv273-seacev3-1194790,ocds-dgv273-seacev3-1194790-2026-05-02T10:08:30.490957-05:00,2389774,21220140,72141003,Servicios de mantenimiento de pistas y carreteras,UNSPSC
ocds-dgv273-seacev3-1197469,ocds-dgv273-seacev3-1197469-2026-05-02T10:08:29.806334-05:00,2389818,21226184,42294610,Accesorios de depósito de autotransfusión,UNSPSC
ocds-dgv273-seacev3-1198585,ocds-dgv273-seacev3-1198585-2026-05-02T10:08:28.794559-05:00,2389800,21228998,81101510,Ingeniería de carreteras,UNSPSC
ocds-dgv273-seacev3-1193246,ocds-dgv273-seacev3-1193246-2026-05-02T10:08:28.720159-05:00,2389907,21226903,76122003,Disposición final para desechos peligrosos,UNSPSC
ocds-dgv273-seacev3-1190748,ocds-dgv273-seacev3-1190748-2026-05-02T10:08:28.375802-05:00,2389739,21222944,51144014,Metilfenidato,UNSPSC
ocds-dgv273-seacev3-1210737,ocds-dgv273-seacev3-1210737-2026-05-02T10:08:25.629839-05:00,2389953,21263251,42296213,Simuladores robotizados quirúrgicos o consolas de entrenamiento,UNSPSC
ocds-dgv273-seacev3-1199109,ocds-dgv273-seacev3-1199109-2026-05-02T10:08:22.855256-05:00,2389633,21230765,72141003,Servicios de mantenimiento de pistas y carreteras,UNSPSC
ocds-dgv273-seacev3-1201902,ocds-dgv273-seacev3-1201902-2026-05-02T10:08:22.019479-05:00,2389744,21241218,72152707,Servicios de construcción de muros de retención,UNSPSC
ocds-dgv273-seacev3-1194413,ocds-dgv273-seacev3-1194413-2026-05-02T10:08:21.497856-05:00,2389891,21218946,50111513,Carne de res mínimamente procesada sin aditivos,UNSPSC
ocds-dgv273-seacev3-1200657,ocds-dgv273-seacev3-1200657-2026-05-02T10:08:20.947783-05:00,2389740,21235527,10171608,Fertilizante de microelementos,UNSPSC
ocds-dgv273-seacev3-2026-20003-2,ocds-dgv273-seacev3-2026-20003-2-2026-05-02T10:08:20.748134-05:00,2389833,21239584,77111602,Servicios de descontaminación ambiental,UNSPSC
ocds-dgv273-seacev3-1195902,ocds-dgv273-seacev3-1195902-2026-05-02T10:08:20.089246-05:00,2389835,21224925,72141121,Servicios de construcción de tuberías principales de agua,UNSPSC
ocds-dgv273-seacev3-1201666,ocds-dgv273-seacev3-1201666-2026-05-02T10:08:19.983628-05:00,2389804,21238401,82101802,Servicio de producción de publicidad,UNSPSC
ocds-dgv273-seacev3-1199291,ocds-dgv273-seacev3-1199291-2026-05-02T10:08:19.892578-05:00,2389777,21231090,83111510,Servicio de respuesta de voz interactiva,UNSPSC
ocds-dgv273-seacev3-1200200,ocds-dgv273-seacev3-1200200-2026-05-02T10:08:19.700615-05:00,2389932,21233888,72151501,Servicios de instalación de iluminación,UNSPSC
ocds-dgv273-seacev3-1211579,ocds-dgv273-seacev3-1211579-2026-05-02T10:08:16.388207-05:00,2389956,21266076,41103704,Baños biológicos,UNSPSC
ocds-dgv273-seacev3-1194721,ocds-dgv273-seacev3-1194721-2026-05-02T10:08:14.316886-05:00,2389773,21219971,41116144,Kits o suministros para pruebas de virología,UNSPSC
ocds-dgv273-seacev3-1195078,ocds-dgv273-seacev3-1195078-2026-05-02T10:08:11.904438-05:00,2389764,21220513,78111808,Alquiler de vehículos,UNSPSC
ocds-dgv273-seacev3-1196714,ocds-dgv273-seacev3-1196714-2026-05-02T10:08:11.843814-05:00,2389944,21224549,72141003,Servicios de mantenimiento de pistas y carreteras,UNSPSC
ocds-dgv273-seacev3-1192034,ocds-dgv273-seacev3-1192034-2026-05-02T10:08:11.563461-05:00,2389938,21212924,81101508,Ingeniería arquitectónica,UNSPSC
ocds-dgv273-seacev3-1198514,ocds-dgv273-seacev3-1198514-2026-05-02T10:08:10.984949-05:00,2389914,21228836,84111507,Servicio de contabilidad de inventarios,UNSPSC
ocds-dgv273-seacev3-1200502,ocds-dgv273-seacev3-1200502-2026-05-02T10:08:10.971512-05:00,2389895,21235181,91111603,Servicios de cocina o preparación de comidas,UNSPSC
ocds-dgv273-seacev3-1195408,ocds-dgv273-seacev3-1195408-2026-05-02T10:08:10.948833-05:00,2389919,21221462,30111601,Cemento,UNSPSC
ocds-dgv273-seacev3-1200618,ocds-dgv273-seacev3-1200618-2026-05-02T10:08:10.784530-05:00,2389931,21235391,15101505,Diesel,UNSPSC
ocds-dgv273-seacev3-1194292,ocds-dgv273-seacev3-1194292-2026-05-02T10:08:10.770320-05:00,2389918,21218640,30111601,Cemento,UNSPSC
ocds-dgv273-seacev3-2026-1545-4,ocds-dgv273-seacev3-2026-1545-4-2026-05-02T10:08:10.500735-05:00,2389755,21208929,81101510,Ingeniería de carreteras,UNSPSC
ocds-dgv273-seacev3-1200390,ocds-dgv273-seacev3-1200390-2026-05-02T10:08:10.457371-05:00,2389757,21234879,72154012,Servicios de montaje y desmantelamiento de encofrados de concreto,UNSPSC
ocds-dgv273-seacev3-1200478,ocds-dgv273-seacev3-1200478-2026-05-01T10:34:15.114878-05:00,2389567,21234921,30111601,Cemento,UNSPSC
ocds-dgv273-seacev3-1200090,ocds-dgv273-seacev3-1200090-2026-05-01T10:34:14.970175-05:00,2389442,21233650,78111808,Alquiler de vehículos,UNSPSC
ocds-dgv273-seacev3-1200090,ocds-dgv273-seacev3-1200090-2026-05-01T10:34:14.970175-05:00,2389439,21233651,78111808,Alquiler de vehículos,UNSPSC
ocds-dgv273-seacev3-1199571,ocds-dgv273-seacev3-1199571-2026-05-01T10:34:14.860541-05:00,2389686,21232141,78101802,Servicios de transporte regional o nacional en camión,UNSPSC
ocds-dgv273-seacev3-1198697,ocds-dgv273-seacev3-1198697-2026-05-01T10:34:14.654671-05:00,2389444,21229570,42161601,Kits o sets o accesorios para la administración de hemodiálisis,UNSPSC
ocds-dgv273-seacev3-1198511,ocds-dgv273-seacev3-1198511-2026-05-01T10:34:14.606877-05:00,2389527,21228783,51182415,Ácido zoledrónico,UNSPSC
ocds-dgv273-seacev3-1198511,ocds-dgv273-seacev3-1198511-2026-05-01T10:34:14.606877-05:00,2389525,21228784,51111723,Leuprorelina,UNSPSC
ocds-dgv273-seacev3-2026-200022-37,ocds-dgv273-seacev3-2026-200022-37-2026-05-01T10:34:14.572651-05:00,2389601,21227852,15101505,Diesel,UNSPSC
ocds-dgv273-seacev3-1197812,ocds-dgv273-seacev3-1197812-2026-05-01T10:34:14.532117-05:00,2389479,21227005,85121603,Servicios de cardiología,UNSPSC
ocds-dgv273-seacev3-1194389,ocds-dgv273-seacev3-1194389-2026-05-01T10:34:12.514047-05:00,2389445,21218926,72141003,Servicios de mantenimiento de pistas y carreteras,UNSPSC
ocds-dgv273-seacev3-1194598,ocds-dgv273-seacev3-1194598-2026-05-01T10:34:12.242020-05:00,2389642,21226446,26111601,Generadores diesel,UNSPSC
ocds-dgv273-seacev3-1196540,ocds-dgv273-seacev3-1196540-2026-05-01T10:34:11.040448-05:00,2389600,21224046,86101801,Desarrollo de fuerza de trabajo del sector bancario o financiero,UNSPSC
ocds-dgv273-seacev3-1200125,ocds-dgv273-seacev3-1200125-2026-05-01T10:34:10.870535-05:00,2389648,21233697,91111603,Servicios de cocina o preparación de comidas,UNSPSC
ocds-dgv273-seacev3-1200308,ocds-dgv273-seacev3-1200308-2026-05-01T10:34:10.100092-05:00,2389480,21234613,30111601,Cemento,UNSPSC
ocds-dgv273-seacev3-1199584,ocds-dgv273-seacev3-1199584-2026-05-01T10:34:09.973153-05:00,2389397,21232149,72141003,Servicios de mantenimiento de pistas y carreteras,UNSPSC
ocds-dgv273-seacev3-1194481,ocds-dgv273-seacev3-1194481-2026-05-01T10:34:09.602858-05:00,2389498,21219045,72141003,Servicios de mantenimiento de pistas y carreteras,UNSPSC
ocds-dgv273-seacev3-1194496,ocds-dgv273-seacev3-1194496-2026-05-01T10:34:09.467399-05:00,2389545,21219403,72141003,Servicios de mantenimiento de pistas y carreteras,UNSPSC
ocds-dgv273-seacev3-1201836,ocds-dgv273-seacev3-1201836-2026-05-01T10:34:08.694449-05:00,2389430,21239480,41115804,Accesorios o suministros de analizadores de banco de sangre,UNSPSC
ocds-dgv273-seacev3-1201836,ocds-dgv273-seacev3-1201836-2026-05-01T10:34:08.694449-05:00,2389436,21239481,41115804,Accesorios o suministros de analizadores de banco de sangre,UNSPSC
ocds-dgv273-seacev3-2026-149-2,ocds-dgv273-seacev3-2026-149-2-2026-05-01T10:34:08.099817-05:00,2389667,21224126,15101505,Diesel,UNSPSC
ocds-dgv273-seacev3-1199130,ocds-dgv273-seacev3-1199130-2026-05-01T10:34:07.722063-05:00,2389533,21230861,72121406,Servicios de construcción de escuelas,UNSPSC
ocds-dgv273-seacev3-1194500,ocds-dgv273-seacev3-1194500-2026-05-01T10:34:07.699902-05:00,2389515,21219242,72141003,Servicios de mantenimiento de pistas y carreteras,UNSPSC
ocds-dgv273-seacev3-1199483,ocds-dgv273-seacev3-1199483-2026-05-01T10:34:00.954436-05:00,2389680,21231688,10171605,Mezclas Nitrógeno Fósforo Potasio,UNSPSC
ocds-dgv273-seacev3-1199628,ocds-dgv273-seacev3-1199628-2026-05-01T10:33:59.593574-05:00,2389523,21232252,15101505,Diesel,UNSPSC
ocds-dgv273-seacev3-2026-10248-15,ocds-dgv273-seacev3-2026-10248-15-2026-05-01T10:33:59.577908-05:00,2389573,21216516,12352303,Óxidos inorgánicos,UNSPSC
ocds-dgv273-seacev3-1199903,ocds-dgv273-seacev3-1199903-2026-05-01T10:33:58.646167-05:00,2389546,21233023,50421827,Pallares secos,UNSPSC
ocds-dgv273-seacev3-1194508,ocds-dgv273-seacev3-1194508-2026-05-01T10:33:58.324133-05:00,2389542,21219274,72141003,Servicios de mantenimiento de pistas y carreteras,UNSPSC
ocds-dgv273-seacev3-2026-870-8,ocds-dgv273-seacev3-2026-870-8-2026-05-01T10:33:58.245078-05:00,2389490,21221815,10121702,Alimento granulado para peces,UNSPSC
ocds-dgv273-seacev3-1199185,ocds-dgv273-seacev3-1199185-2026-05-01T10:33:57.770536-05:00,2389398,21230911,72141003,Servicios de mantenimiento de pistas y carreteras,UNSPSC
ocds-dgv273-seacev3-1196207,ocds-dgv273-seacev3-1196207-2026-05-01T10:33:57.067762-05:00,2389484,21223240,82121504,Impresión tipográfica o serigrafía,UNSPSC
ocds-dgv273-seacev3-1199823,ocds-dgv273-seacev3-1199823-2026-05-01T10:33:56.627069-05:00,2389562,21232844,30111601,Cemento,UNSPSC
ocds-dgv273-seacev3-1193513,ocds-dgv273-seacev3-1193513-2026-05-01T10:33:50.537104-05:00,2389693,21216697,11111701,Arena silícea,UNSPSC
ocds-dgv273-seacev3-2026-1585-9,ocds-dgv273-seacev3-2026-1585-9-2026-05-01T10:33:50.358114-05:00,2389612,21224840,81101510,Ingeniería de carreteras,UNSPSC
ocds-dgv273-seacev3-2026-1952-29,ocds-dgv273-seacev3-2026-1952-29-2026-05-01T10:33:50.273858-05:00,2389565,21240134,80122101,Servicio de consultoría sobre derecho administrativo,UNSPSC
ocds-dgv273-seacev3-2026-20003-7,ocds-dgv273-seacev3-2026-20003-7-2026-05-01T10:33:50.229692-05:00,2389575,21238121,41104921,Filtros de membrana para laboratorio,UNSPSC
ocds-dgv273-seacev3-1202049,ocds-dgv273-seacev3-1202049-2026-05-01T10:33:49.455767-05:00,2389449,21241496,30265803,Hoja de plástico corrugado,UNSPSC
ocds-dgv273-seacev3-1196318,ocds-dgv273-seacev3-1196318-2026-05-01T10:33:48.163925-05:00,2389405,21223379,81101505,Ingeniería estructural,UNSPSC
ocds-dgv273-seacev3-1201511,ocds-dgv273-seacev3-1201511-2026-05-01T10:33:48.113595-05:00,2389521,21237955,15101505,Diesel,UNSPSC
ocds-dgv273-seacev3-1198995,ocds-dgv273-seacev3-1198995-2026-05-01T10:33:47.965172-05:00,2389517,21230514,41116105,Reactivos o soluciones químicos,UNSPSC
ocds-dgv273-seacev3-1193539,ocds-dgv273-seacev3-1193539-2026-05-01T10:33:47.367339-05:00,2389452,21216658,30111601,Cemento,UNSPSC
ocds-dgv273-seacev3-1194195,ocds-dgv273-seacev3-1194195-2026-05-01T10:33:46.672175-05:00,2389552,21218566,15111510,Gas de petróleo licuefactado,UNSPSC
ocds-dgv273-seacev3-2026-1196-6,ocds-dgv273-seacev3-2026-1196-6-2026-05-01T10:33:46.291133-05:00,2389438,21231783,81101510,Ingeniería de carreteras,UNSPSC
ocds-dgv273-seacev3-1199910,ocds-dgv273-seacev3-1199910-2026-05-01T10:33:46.170215-05:00,2389581,21233033,81151804,Estudios hidrológicos,UNSPSC
ocds-dgv273-seacev3-1194523,ocds-dgv273-seacev3-1194523-2026-05-01T10:33:39.610544-05:00,2389678,21219310,72141003,Servicios de mantenimiento de pistas y carreteras,UNSPSC
ocds-dgv273-seacev3-1201499,ocds-dgv273-seacev3-1201499-2026-05-01T10:33:38.714460-05:00,2389563,21237932,30111601,Cemento,UNSPSC
ocds-dgv273-seacev3-1200531,ocds-dgv273-seacev3-1200531-2026-05-01T10:33:38.137018-05:00,2389532,21235221,42231803,Fórmulas suplementarias específicas para enfermedades de adulto,UNSPSC
ocds-dgv273-seacev3-1200788,ocds-dgv273-seacev3-1200788-2026-05-01T10:33:38.055519-05:00,2389625,21235885,72141003,Servicios de mantenimiento de pistas y carreteras,UNSPSC
ocds-dgv273-seacev3-1198225,ocds-dgv273-seacev3-1198225-2026-05-01T10:33:37.542560-05:00,2389465,21228052,30111601,Cemento,UNSPSC
ocds-dgv273-seacev3-1196047,ocds-dgv273-seacev3-1196047-2026-05-01T10:33:36.448920-05:00,2389631,21230743,80101606,Evaluación y monitoreo de proyectos,UNSPSC
ocds-dgv273-seacev3-1195307,ocds-dgv273-seacev3-1195307-2026-05-01T10:33:36.009525-05:00,2389433,21221314,81101508,Ingeniería arquitectónica,UNSPSC
ocds-dgv273-seacev3-2026-1209-10,ocds-dgv273-seacev3-2026-1209-10-2026-05-01T10:33:35.888334-05:00,2389482,21213689,81141807,Servicio de inspección de instalaciones sanitarias o alcantarillado,UNSPSC
ocds-dgv273-seacev3-1196380,ocds-dgv273-seacev3-1196380-2026-05-01T10:33:35.660654-05:00,2389577,21223586,25101610,Camiones cisternas,UNSPSC
ocds-dgv273-seacev3-1206285,ocds-dgv273-seacev3-1206285-2026-05-01T10:33:35.607836-05:00,2389588,21251440,80101507,Servicios de consultoría de informática,UNSPSC
ocds-dgv273-seacev3-1201067,ocds-dgv273-seacev3-1201067-2026-05-01T10:33:35.383882-05:00,2389506,21236731,53111601,Zapatos para caballero,UNSPSC
ocds-dgv273-seacev3-1195695,ocds-dgv273-seacev3-1195695-2026-05-01T10:33:35.005552-05:00,2389243,21222335,78101802,Servicios de transporte regional o nacional en camión,UNSPSC
ocds-dgv273-seacev3-1200336,ocds-dgv273-seacev3-1200336-2026-05-01T10:33:34.889966-05:00,2389491,21234444,50131702,Leche o productos de mantequilla estables sin refrigerar,UNSPSC
ocds-dgv273-seacev3-1201392,ocds-dgv273-seacev3-1201392-2026-05-01T10:33:28.597349-05:00,2389477,21237510,81101508,Ingeniería arquitectónica,UNSPSC
ocds-dgv273-seacev3-1201346,ocds-dgv273-seacev3-1201346-2026-05-01T10:33:27.639231-05:00,2389558,21237534,30111601,Cemento,UNSPSC
ocds-dgv273-seacev3-1200974,ocds-dgv273-seacev3-1200974-2026-05-01T10:33:27.372737-05:00,2389550,21236501,50131702,Leche o productos de mantequilla estables sin refrigerar,UNSPSC
ocds-dgv273-seacev3-2026-10404-14,ocds-dgv273-seacev3-2026-10404-14-2026-05-01T10:33:27.325749-05:00,2389555,21237342,52152002,Envases para almacenar alimentos de uso doméstico,UNSPSC
ocds-dgv273-seacev3-1199832,ocds-dgv273-seacev3-1199832-2026-05-01T10:33:26.959331-05:00,2389664,21232884,30111601,Cemento,UNSPSC
ocds-dgv273-seacev3-1200590,ocds-dgv273-seacev3-1200590-2026-05-01T10:33:26.866134-05:00,2389644,21235315,81101508,Ingeniería arquitectónica,UNSPSC
ocds-dgv273-seacev3-2026-1899-8,ocds-dgv273-seacev3-2026-1899-8-2026-05-01T10:33:26.754492-05:00,2389483,21221188,91111603,Servicios de cocina o preparación de comidas,UNSPSC
ocds-dgv273-seacev3-1199528,ocds-dgv273-seacev3-1199528-2026-05-01T10:33:25.545856-05:00,2389395,21231760,72141003,Servicios de mantenimiento de pistas y carreteras,UNSPSC
ocds-dgv273-seacev3-1201905,ocds-dgv273-seacev3-1201905-2026-05-01T10:33:25.097456-05:00,2389487,21241221,51412702,Alteplasa,UNSPSC
ocds-dgv273-seacev3-2026-1493-2,ocds-dgv273-seacev3-2026-1493-2-2026-05-01T10:33:24.664840-05:00,2389419,21225296,15101506,Gasolina o Petróleo,UNSPSC
ocds-dgv273-seacev3-1199953,ocds-dgv273-seacev3-1199953-2026-05-01T10:33:24.380141-05:00,2389396,21233128,72141003,Servicios de mantenimiento de pistas y carreteras,UNSPSC
ocds-dgv273-seacev3-2026-10547-1,ocds-dgv273-seacev3-2026-10547-1-2026-05-01T10:33:23.995239-05:00,2389564,21214476,83121703,Servicios relacionados con Internet,UNSPSC
ocds-dgv273-seacev3-1194433,ocds-dgv273-seacev3-1194433-2026-05-01T10:33:23.542665-05:00,2389468,21219025,72141003,Servicios de mantenimiento de pistas y carreteras,UNSPSC
ocds-dgv273-seacev3-1209026,ocds-dgv273-seacev3-1209026-2026-05-01T10:33:23.334909-05:00,2389471,21258303,41104213,Destilador o desionizador de agua,UNSPSC
ocds-dgv273-seacev3-1193040,ocds-dgv273-seacev3-1193040-2026-05-01T10:33:22.923886-05:00,2389691,21215376,72153102,Servicios de construcción de campos deportivos interiores,UNSPSC
ocds-dgv273-seacev3-1194550,ocds-dgv273-seacev3-1194550-2026-05-01T10:33:22.644958-05:00,2389513,21219313,77111602,Servicios de descontaminación ambiental,UNSPSC
ocds-dgv273-seacev3-1196712,ocds-dgv273-seacev3-1196712-2026-05-01T10:33:17.415395-05:00,2389407,21224724,81101510,Ingeniería de carreteras,UNSPSC
ocds-dgv273-seacev3-1209008,ocds-dgv273-seacev3-1209008-2026-05-01T10:33:14.663498-05:00,2389489,21258480,32121609,Resistencias fijas,UNSPSC
ocds-dgv273-seacev3-1200954,ocds-dgv273-seacev3-1200954-2026-05-01T10:33:12.627078-05:00,2385904,21236394,78111707,Transporte de pasajeros por aguas interiores por barco transbordador,UNSPSC
ocds-dgv273-seacev3-1192931,ocds-dgv273-seacev3-1192931-2026-05-01T10:33:06.700643-05:00,2389435,21214984,78111808,Alquiler de vehículos,UNSPSC
ocds-dgv273-seacev3-2026-200504-2,ocds-dgv273-seacev3-2026-200504-2-2026-05-01T10:33:06.642348-05:00,2389568,21218887,76101503,Servicios de desinfección o deodorización,UNSPSC
ocds-dgv273-seacev3-2026-1833-31,ocds-dgv273-seacev3-2026-1833-31-2026-05-01T10:33:05.974603-05:00,2389591,21220055,46181604,Botas de seguridad,UNSPSC
ocds-dgv273-seacev3-1200612,ocds-dgv273-seacev3-1200612-2026-05-01T10:33:05.831040-05:00,2389454,21235393,25101501,Minibuses,UNSPSC
ocds-dgv273-seacev3-1194541,ocds-dgv273-seacev3-1194541-2026-05-01T10:33:05.815232-05:00,2389556,21219409,72141003,Servicios de mantenimiento de pistas y carreteras,UNSPSC
ocds-dgv273-seacev3-2026-10404-16,ocds-dgv273-seacev3-2026-10404-16-2026-05-01T10:33:04.850206-05:00,2389560,21233733,30111903,Lámina de malla de alambre,UNSPSC
ocds-dgv273-seacev3-1200582,ocds-dgv273-seacev3-1200582-2026-05-01T10:33:04.782564-05:00,2389665,21235275,51201569,Atlizumab o tocilizumab,UNSPSC
ocds-dgv273-seacev3-2026-10421-7,ocds-dgv273-seacev3-2026-10421-7-2026-05-01T10:33:02.979127-05:00,2389181,21220762,50111513,Carne de res mínimamente procesada sin aditivos,UNSPSC
ocds-dgv273-seacev3-2026-1952-95,ocds-dgv273-seacev3-2026-1952-95-2026-05-01T10:33:02.875097-05:00,2387937,21250464,81111602,Programación de Java,UNSPSC
ocds-dgv273-seacev3-2026-1952-95,ocds-dgv273-seacev3-2026-1952-95-2026-05-01T10:33:02.875097-05:00,2387928,21250463,81111602,Programación de Java,UNSPSC
ocds-dgv273-seacev3-2026-1952-95,ocds-dgv273-seacev3-2026-1952-95-2026-05-01T10:33:02.875097-05:00,2389571,21250465,81111602,Programación de Java,UNSPSC
ocds-dgv273-seacev3-1194464,ocds-dgv273-seacev3-1194464-2026-05-01T10:33:02.277851-05:00,2389478,21219038,72141003,Servicios de mantenimiento de pistas y carreteras,UNSPSC
ocds-dgv273-seacev3-1201932,ocds-dgv273-seacev3-1201932-2026-05-01T10:33:01.792340-05:00,2389582,21239564,42311545,Vendas o vendajes secos no adhesivos,UNSPSC
ocds-dgv273-seacev3-1198313,ocds-dgv273-seacev3-1198313-2026-05-01T10:33:01.583884-05:00,2389645,21228312,72141701,Servicio de arrendamiento o alquiler de maquinaria de construcción,UNSPSC
ocds-dgv273-seacev3-1201490,ocds-dgv273-seacev3-1201490-2026-04-30T10:19:52.775627-05:00,2389267,21237910,50192703,Comidas combinadas estables sin refrigerar,UNSPSC
ocds-dgv273-seacev3-1199092,ocds-dgv273-seacev3-1199092-2026-04-30T10:19:52.117522-05:00,2389211,21230710,80101604,Administración o planificación de proyectos,UNSPSC
ocds-dgv273-seacev3-2026-397-33,ocds-dgv273-seacev3-2026-397-33-2026-04-30T10:19:52.017831-05:00,2389237,21228844,50221101,Granos de cereal,UNSPSC
ocds-dgv273-seacev3-1199124,ocds-dgv273-seacev3-1199124-2026-04-30T10:19:50.399666-05:00,2389380,21230834,30151507,Tablones de madera para techo,UNSPSC
ocds-dgv273-seacev3-1193980,ocds-dgv273-seacev3-1193980-2026-04-30T10:19:50.334595-05:00,2389355,21217851,81101508,Ingeniería arquitectónica,UNSPSC
ocds-dgv273-seacev3-2026-2543-723,ocds-dgv273-seacev3-2026-2543-723-2026-04-30T10:19:50.194037-05:00,2389331,21217903,50111514,Cerdo mínimamente procesado sin aditivos,UNSPSC
ocds-dgv273-seacev3-1192405,ocds-dgv273-seacev3-1192405-2026-04-30T10:19:49.199640-05:00,2388569,21213828,76122001,Disposición final de desechos genéricos no peligrosos,UNSPSC
ocds-dgv273-seacev3-1209968,ocds-dgv273-seacev3-1209968-2026-04-30T10:19:49.166611-05:00,2389336,21260872,80101606,Evaluación y monitoreo de proyectos,UNSPSC
ocds-dgv273-seacev3-1195132,ocds-dgv273-seacev3-1195132-2026-04-30T10:19:48.811663-05:00,2389188,21226523,50192703,Comidas combinadas estables sin refrigerar,UNSPSC
ocds-dgv273-seacev3-2026-1926-24,ocds-dgv273-seacev3-2026-1926-24-2026-04-30T10:19:48.373979-05:00,2389242,21218297,81112501,Servicio de licencias para software de computadoras,UNSPSC
ocds-dgv273-seacev3-1208413,ocds-dgv273-seacev3-1208413-2026-04-30T10:19:48.308723-05:00,2389326,21256763,80101606,Evaluación y monitoreo de proyectos,UNSPSC
ocds-dgv273-seacev3-1198377,ocds-dgv273-seacev3-1198377-2026-04-30T10:19:47.422701-05:00,2389150,21228415,30111601,Cemento,UNSPSC
ocds-dgv273-seacev3-2026-397-30,ocds-dgv273-seacev3-2026-397-30-2026-04-30T10:19:47.333538-05:00,2389238,21225592,50424501,Lentejas secas,UNSPSC
ocds-dgv273-seacev3-1201033,ocds-dgv273-seacev3-1201033-2026-04-30T10:19:47.305227-05:00,2389382,21236596,72121406,Servicios de construcción de escuelas,UNSPSC
ocds-dgv273-seacev3-1195601,ocds-dgv273-seacev3-1195601-2026-04-30T10:19:46.757360-05:00,2389105,21222144,30191502,Andamios,UNSPSC
ocds-dgv273-seacev3-2026-108794-6,ocds-dgv273-seacev3-2026-108794-6-2026-04-30T10:19:46.652000-05:00,2389176,21215130,15101505,Diesel,UNSPSC
ocds-dgv273-seacev3-1195135,ocds-dgv273-seacev3-1195135-2026-04-30T10:19:46.247933-05:00,2389272,21220954,21102401,Equipo para apicultura,UNSPSC
ocds-dgv273-seacev3-2026-1250-5,ocds-dgv273-seacev3-2026-1250-5-2026-04-30T10:19:45.797447-05:00,2389387,21216890,81101508,Ingeniería arquitectónica,UNSPSC
ocds-dgv273-seacev3-2026-251427-14,ocds-dgv273-seacev3-2026-251427-14-2026-04-30T10:19:45.600943-05:00,2389334,21226681,81141504,Calibración o reparación de equipos de prueba,UNSPSC
ocds-dgv273-seacev3-1199038,ocds-dgv273-seacev3-1199038-2026-04-30T10:19:45.455128-05:00,2389255,21230630,42132203,Guantes para procedimiento no quirúrgico o para examen médico,UNSPSC
ocds-dgv273-seacev3-1198915,ocds-dgv273-seacev3-1198915-2026-04-30T10:19:39.653570-05:00,2389270,21230412,42131607,Chaquetas o batas para personal médico,UNSPSC
ocds-dgv273-seacev3-1201132,ocds-dgv273-seacev3-1201132-2026-04-30T10:19:38.740583-05:00,2389122,21236835,50221101,Granos de cereal,UNSPSC
ocds-dgv273-seacev3-1201755,ocds-dgv273-seacev3-1201755-2026-04-30T10:19:37.889627-05:00,2389126,21238655,80131502,Alquiler de instalaciones comerciales o industriales,UNSPSC
ocds-dgv273-seacev3-1199443,ocds-dgv273-seacev3-1199443-2026-04-30T10:19:37.841220-05:00,2389372,21231652,39111544,Dispositivo de diodo emisor de luz LED,UNSPSC
ocds-dgv273-seacev3-1193996,ocds-dgv273-seacev3-1193996-2026-04-30T10:19:36.862897-05:00,2389379,21217893,81112501,Servicio de licencias para software de computadoras,UNSPSC
ocds-dgv273-seacev3-2026-1899-9,ocds-dgv273-seacev3-2026-1899-9-2026-04-30T10:19:36.465206-05:00,2389092,21219831,91111603,Servicios de cocina o preparación de comidas,UNSPSC
ocds-dgv273-seacev3-2026-1322-5,ocds-dgv273-seacev3-2026-1322-5-2026-04-30T10:19:36.132658-05:00,2389164,21231298,15101505,Diesel,UNSPSC
ocds-dgv273-seacev3-2026-1903-10,ocds-dgv273-seacev3-2026-1903-10-2026-04-30T10:19:36.024893-05:00,2389204,21221396,40161504,Filtros de aceite,UNSPSC
ocds-dgv273-seacev3-1200151,ocds-dgv273-seacev3-1200151-2026-04-30T10:19:35.969187-05:00,2389374,21233793,76122003,Disposición final para desechos peligrosos,UNSPSC
ocds-dgv273-seacev3-1201303,ocds-dgv273-seacev3-1201303-2026-04-30T10:19:35.946743-05:00,2389250,21237271,80141607,Gestión de eventos,UNSPSC
ocds-dgv273-seacev3-2026-1003004295-1,ocds-dgv273-seacev3-2026-1003004295-1-2026-04-30T10:19:34.843657-05:00,2389357,21228044,78102203,"Servicios de envío, recojo o entrega de correspondencia",UNSPSC
ocds-dgv273-seacev3-1199176,ocds-dgv273-seacev3-1199176-2026-04-30T10:19:34.688569-05:00,2389310,21230939,30111601,Cemento,UNSPSC
ocds-dgv273-seacev3-1201378,ocds-dgv273-seacev3-1201378-2026-04-30T10:19:28.447028-05:00,2389345,21237573,91111603,Servicios de cocina o preparación de comidas,UNSPSC
ocds-dgv273-seacev3-2026-397-34,ocds-dgv273-seacev3-2026-397-34-2026-04-30T10:19:28.022959-05:00,2389241,21225530,50161509,Azúcares naturales o productos edulcorantes,UNSPSC
ocds-dgv273-seacev3-2026-401-3,ocds-dgv273-seacev3-2026-401-3-2026-04-30T10:19:27.826642-05:00,2389135,21224828,72121203,Servicios de construcción de silos y de edificaciones para servicio agrícola,UNSPSC
ocds-dgv273-seacev3-2026-200223-7,ocds-dgv273-seacev3-2026-200223-7-2026-04-30T10:19:27.045807-05:00,2389295,21224361,72141701,Servicio de arrendamiento o alquiler de maquinaria de construcción,UNSPSC
ocds-dgv273-seacev3-2026-1676-2,ocds-dgv273-seacev3-2026-1676-2-2026-04-30T10:19:25.839162-05:00,2389363,21225104,72121406,Servicios de construcción de escuelas,UNSPSC
ocds-dgv273-seacev3-1195622,ocds-dgv273-seacev3-1195622-2026-04-30T10:19:25.801961-05:00,2389300,21222139,72141701,Servicio de arrendamiento o alquiler de maquinaria de construcción,UNSPSC
ocds-dgv273-seacev3-1195741,ocds-dgv273-seacev3-1195741-2026-04-30T10:19:24.583483-05:00,2389319,21222393,72153102,Servicios de construcción de campos deportivos interiores,UNSPSC
ocds-dgv273-seacev3-1198341,ocds-dgv273-seacev3-1198341-2026-04-30T10:19:24.332106-05:00,2389254,21228324,42142609,Jeringas médicas con aguja,UNSPSC
ocds-dgv273-seacev3-2026-397-32,ocds-dgv273-seacev3-2026-397-32-2026-04-30T10:19:24.228510-05:00,2389236,21223432,50151513,Aceites comestibles vegetales o de plantas,UNSPSC
ocds-dgv273-seacev3-1201936,ocds-dgv273-seacev3-1201936-2026-04-30T10:19:18.305784-05:00,2389314,21241279,72121103,Servicios de renovación y reparación de edificios comerciales y de oficinas,UNSPSC
ocds-dgv273-seacev3-1196114,ocds-dgv273-seacev3-1196114-2026-04-30T10:19:17.698684-05:00,2389180,21223006,73152101,Servicios de mantenimiento de equipos de fabricación,UNSPSC
ocds-dgv273-seacev3-1206504,ocds-dgv273-seacev3-1206504-2026-04-30T10:19:16.864737-05:00,2389200,21251714,41115406,Espectrofotómetros,UNSPSC
ocds-dgv273-seacev3-1200329,ocds-dgv273-seacev3-1200329-2026-04-30T10:19:16.451322-05:00,2389212,21236093,72141001,Servicios de construcción de pistas y carreteras nuevas,UNSPSC
ocds-dgv273-seacev3-1194265,ocds-dgv273-seacev3-1194265-2026-04-30T10:19:14.939636-05:00,2389375,21218661,81101515,Ingeniería de infraestructura de plantas o instalaciones,UNSPSC
ocds-dgv273-seacev3-1193227,ocds-dgv273-seacev3-1193227-2026-04-30T10:19:13.579101-05:00,2389269,21215777,81101508,Ingeniería arquitectónica,UNSPSC
ocds-dgv273-seacev3-2026-1484-4,ocds-dgv273-seacev3-2026-1484-4-2026-04-30T10:19:12.814374-05:00,2389240,21201749,12352311,Alúmina y otros compuestos de aluminio,UNSPSC
ocds-dgv273-seacev3-1197810,ocds-dgv273-seacev3-1197810-2026-04-30T10:19:12.747565-05:00,2386426,21227004,30111601,Cemento,UNSPSC
ocds-dgv273-seacev3-1200910,ocds-dgv273-seacev3-1200910-2026-04-30T10:19:12.709153-05:00,2389377,21236524,72121406,Servicios de construcción de escuelas,UNSPSC
ocds-dgv273-seacev3-1198698,ocds-dgv273-seacev3-1198698-2026-04-30T10:19:12.688790-05:00,2388374,21229489,15101505,Diesel,UNSPSC
ocds-dgv273-seacev3-1200862,ocds-dgv273-seacev3-1200862-2026-04-30T10:19:04.755784-05:00,2389183,21235949,30111601,Cemento,UNSPSC
ocds-dgv273-seacev3-1197495,ocds-dgv273-seacev3-1197495-2026-04-30T10:19:03.106522-05:00,2389102,21226193,84131602,Seguros de salud u hospitalización,UNSPSC
ocds-dgv273-seacev3-1193930,ocds-dgv273-seacev3-1193930-2026-04-30T10:19:03.049345-05:00,2389291,21217807,30111601,Cemento,UNSPSC
ocds-dgv273-seacev3-2026-10435-5,ocds-dgv273-seacev3-2026-10435-5-2026-04-30T10:19:03.002136-05:00,2389329,21222378,72141003,Servicios de mantenimiento de pistas y carreteras,UNSPSC
ocds-dgv273-seacev3-1198194,ocds-dgv273-seacev3-1198194-2026-04-30T10:19:02.284654-05:00,2389149,21228040,15111510,Gas de petróleo licuefactado,UNSPSC
ocds-dgv273-seacev3-1196420,ocds-dgv273-seacev3-1196420-2026-04-30T10:19:02.129999-05:00,2389253,21223816,30111601,Cemento,UNSPSC
ocds-dgv273-seacev3-1201068,ocds-dgv273-seacev3-1201068-2026-04-30T10:19:02.101475-05:00,2389385,21237937,72121406,Servicios de construcción de escuelas,UNSPSC
ocds-dgv273-seacev3-1209463,ocds-dgv273-seacev3-1209463-2026-04-30T10:19:01.493260-05:00,2388814,21259353,80101511,Servicio de consultoría de recursos humanos,UNSPSC
ocds-dgv273-seacev3-1210283,ocds-dgv273-seacev3-1210283-2026-04-30T10:18:57.647293-05:00,2389213,21261720,27112718,Grabadores,UNSPSC
ocds-dgv273-seacev3-1196647,ocds-dgv273-seacev3-1196647-2026-04-30T10:18:56.000776-05:00,2389248,21224282,42321507,Set de fijación interna,UNSPSC
ocds-dgv273-seacev3-2026-397-36,ocds-dgv273-seacev3-2026-397-36-2026-04-30T10:18:55.985651-05:00,2389239,21223314,50424501,Lentejas secas,UNSPSC
ocds-dgv273-seacev3-1200183,ocds-dgv273-seacev3-1200183-2026-04-30T10:18:55.484004-05:00,2389244,21234622,95101901,Granja,UNSPSC
ocds-dgv273-seacev3-1199573,ocds-dgv273-seacev3-1199573-2026-04-30T10:18:55.043873-05:00,2389080,21232142,81101510,Ingeniería de carreteras,UNSPSC
ocds-dgv273-seacev3-1193271,ocds-dgv273-seacev3-1193271-2026-04-30T10:18:54.908503-05:00,2389185,21216050,72141003,Servicios de mantenimiento de pistas y carreteras,UNSPSC
ocds-dgv273-seacev3-1198269,ocds-dgv273-seacev3-1198269-2026-04-30T10:18:52.653979-05:00,2389280,21228283,26101515,Motor fuera de borda a gasolina,UNSPSC
ocds-dgv273-seacev3-2026-1871-17,ocds-dgv273-seacev3-2026-1871-17-2026-04-30T10:18:51.907343-05:00,2389214,21225264,80131502,Alquiler de instalaciones comerciales o industriales,UNSPSC
ocds-dgv273-seacev3-2026-401-4,ocds-dgv273-seacev3-2026-401-4-2026-04-30T10:18:51.565012-05:00,2389159,21225564,72141121,Servicios de construcción de tuberías principales de agua,UNSPSC
ocds-dgv273-seacev3-1196083,ocds-dgv273-seacev3-1196083-2026-04-30T10:18:51.547844-05:00,2389343,21222895,,,UNSPSC
ocds-dgv273-seacev3-1192955,ocds-dgv273-seacev3-1192955-2026-04-30T10:18:44.810268-05:00,2389107,21215251,85161502,Mantenimiento o reparación de equipo médico menor,UNSPSC
ocds-dgv273-seacev3-1192955,ocds-dgv273-seacev3-1192955-2026-04-30T10:18:44.810268-05:00,2389113,21215348,73152108,Servicio de reparación y mantenimiento de equipo eléctrico,UNSPSC
ocds-dgv273-seacev3-1192955,ocds-dgv273-seacev3-1192955-2026-04-30T10:18:44.810268-05:00,2389113,21215347,72154201,Servicio de mantenimiento y reparación de instrumento o metro,UNSPSC
ocds-dgv273-seacev3-1192955,ocds-dgv273-seacev3-1192955-2026-04-30T10:18:44.810268-05:00,2389113,21215346,81141504,Calibración o reparación de equipos de prueba,UNSPSC
ocds-dgv273-seacev3-1192955,ocds-dgv273-seacev3-1192955-2026-04-30T10:18:44.810268-05:00,2389118,21215349,81101706,Mantenimiento de equipo de laboratorio,UNSPSC
ocds-dgv273-seacev3-1197230,ocds-dgv273-seacev3-1197230-2026-04-30T10:18:43.878097-05:00,2389249,21225611,30121803,Césped artificial,UNSPSC
ocds-dgv273-seacev3-2026-1898-15,ocds-dgv273-seacev3-2026-1898-15-2026-04-30T10:18:43.466176-05:00,2389335,21223060,73152101,Servicios de mantenimiento de equipos de fabricación,UNSPSC
ocds-dgv273-seacev3-1193304,ocds-dgv273-seacev3-1193304-2026-04-30T10:18:43.331270-05:00,2389208,21216292,85101707,Servicios de evaluación de sistemas de salud,UNSPSC
ocds-dgv273-seacev3-1193304,ocds-dgv273-seacev3-1193304-2026-04-30T10:18:43.331270-05:00,2389208,21216291,85101707,Servicios de evaluación de sistemas de salud,UNSPSC
ocds-dgv273-seacev3-1198712,ocds-dgv273-seacev3-1198712-2026-04-30T10:18:43.200301-05:00,2389289,21229598,78111802,Servicios programados de autobús,UNSPSC
ocds-dgv273-seacev3-2026-200262-3,ocds-dgv273-seacev3-2026-200262-3-2026-04-30T10:18:40.480090-05:00,2387329,21221831,51191602,Electrolitos de cloruro de sodio,UNSPSC
ocds-dgv273-seacev3-2026-200262-3,ocds-dgv273-seacev3-2026-200262-3-2026-04-30T10:18:40.480090-05:00,2387766,21221833,51102402,Hipromelosa,UNSPSC
ocds-dgv273-seacev3-2026-200262-3,ocds-dgv273-seacev3-2026-200262-3-2026-04-30T10:18:40.480090-05:00,2387792,21221834,51181707,Metilprednisolona,UNSPSC
ocds-dgv273-seacev3-2026-200262-3,ocds-dgv273-seacev3-2026-200262-3-2026-04-30T10:18:40.480090-05:00,2388023,21221962,,,UNSPSC
ocds-dgv273-seacev3-2026-200262-3,ocds-dgv273-seacev3-2026-200262-3-2026-04-30T10:18:40.480090-05:00,2388750,21221961,51241107,Clorhidrato de dorzolamida,UNSPSC
ocds-dgv273-seacev3-2026-200262-3,ocds-dgv273-seacev3-2026-200262-3-2026-04-30T10:18:40.480090-05:00,2388750,21221963,51241110,Latanoprost,UNSPSC
ocds-dgv273-seacev3-2026-200262-3,ocds-dgv273-seacev3-2026-200262-3-2026-04-30T10:18:40.480090-05:00,2388722,21221824,51101508,Antibióticos sulfonamidas,UNSPSC
ocds-dgv273-seacev3-2026-200262-3,ocds-dgv273-seacev3-2026-200262-3-2026-04-30T10:18:40.480090-05:00,2389318,21221829,51191602,Electrolitos de cloruro de sodio,UNSPSC
ocds-dgv273-seacev3-1197061,ocds-dgv273-seacev3-1197061-2026-04-29T10:19:10.546537-05:00,2388938,21225148,80131502,Alquiler de instalaciones comerciales o industriales,UNSPSC
ocds-dgv273-seacev3-1199728,ocds-dgv273-seacev3-1199728-2026-04-29T10:19:07.176776-05:00,2389065,21232646,30131507,Bloque de concreto ligero,UNSPSC
ocds-dgv273-seacev3-1196212,ocds-dgv273-seacev3-1196212-2026-04-29T10:19:06.910014-05:00,2388907,21223275,30131704,Azulejos o baldosas de cerámica,UNSPSC
ocds-dgv273-seacev3-2026-1952-71,ocds-dgv273-seacev3-2026-1952-71-2026-04-29T10:19:06.880089-05:00,2388246,21250665,81111602,Programación de Java,UNSPSC
ocds-dgv273-seacev3-2026-1952-71,ocds-dgv273-seacev3-2026-1952-71-2026-04-29T10:19:06.880089-05:00,2388895,21250666,81111602,Programación de Java,UNSPSC
ocds-dgv273-seacev3-1198201,ocds-dgv273-seacev3-1198201-2026-04-29T10:18:59.560705-05:00,2389021,21228041,80131502,Alquiler de instalaciones comerciales o industriales,UNSPSC
ocds-dgv273-seacev3-2026-58581-1,ocds-dgv273-seacev3-2026-58581-1-2026-04-29T10:18:58.296563-05:00,2389081,21235096,50131702,Leche o productos de mantequilla estables sin refrigerar,UNSPSC
ocds-dgv273-seacev3-1194255,ocds-dgv273-seacev3-1194255-2026-04-29T10:18:58.158327-05:00,2389036,21225555,39121633,Interruptor de circuito,UNSPSC
ocds-dgv273-seacev3-2026-10508-6,ocds-dgv273-seacev3-2026-10508-6-2026-04-29T10:18:56.540509-05:00,2388901,21233904,15101505,Diesel,UNSPSC
ocds-dgv273-seacev3-2026-249227-2,ocds-dgv273-seacev3-2026-249227-2-2026-04-29T10:18:55.880833-05:00,2388971,21225152,15101505,Diesel,UNSPSC
ocds-dgv273-seacev3-1195633,ocds-dgv273-seacev3-1195633-2026-04-29T10:18:55.655182-05:00,2388883,21222197,72101507,Servicio de mantenimiento de edificios,UNSPSC
ocds-dgv273-seacev3-1200095,ocds-dgv273-seacev3-1200095-2026-04-29T10:18:55.510895-05:00,2389018,21233660,50421819,Habas secas,UNSPSC
ocds-dgv273-seacev3-1201622,ocds-dgv273-seacev3-1201622-2026-04-29T10:18:55.370595-05:00,2389011,21238287,82121599,Impresión,UNSPSC
ocds-dgv273-seacev3-2026-1642-10,ocds-dgv273-seacev3-2026-1642-10-2026-04-29T10:18:49.781652-05:00,2389048,21230889,81101508,Ingeniería arquitectónica,UNSPSC
ocds-dgv273-seacev3-1200139,ocds-dgv273-seacev3-1200139-2026-04-29T10:18:49.524954-05:00,2388544,21233766,50192109,"Papas fritas en hojuelas y al hilo, mix de bocaditos o galletas saladas",UNSPSC
ocds-dgv273-seacev3-1200139,ocds-dgv273-seacev3-1200139-2026-04-29T10:18:49.524954-05:00,2388544,21233765,50131702,Leche o productos de mantequilla estables sin refrigerar,UNSPSC
ocds-dgv273-seacev3-1197238,ocds-dgv273-seacev3-1197238-2026-04-29T10:18:46.792804-05:00,2388942,21225542,80101505,Desarrollo de objetivos o políticas corporativas,UNSPSC
ocds-dgv273-seacev3-1197277,ocds-dgv273-seacev3-1197277-2026-04-29T10:18:46.424800-05:00,2389037,21225680,10121507,Alimentación compuesta,UNSPSC
ocds-dgv273-seacev3-1193158,ocds-dgv273-seacev3-1193158-2026-04-29T10:18:45.934428-05:00,2388866,21215564,72141128,Servicio de remodelación  y/o construcción de plazas públicas,UNSPSC
ocds-dgv273-seacev3-1199103,ocds-dgv273-seacev3-1199103-2026-04-29T10:18:44.980282-05:00,2388845,21230714,80131502,Alquiler de instalaciones comerciales o industriales,UNSPSC
ocds-dgv273-seacev3-2026-960-1,ocds-dgv273-seacev3-2026-960-1-2026-04-29T10:18:44.964607-05:00,2388988,21216943,50192109,"Papas fritas en hojuelas y al hilo, mix de bocaditos o galletas saladas",UNSPSC
ocds-dgv273-seacev3-2026-960-1,ocds-dgv273-seacev3-2026-960-1-2026-04-29T10:18:44.964607-05:00,2388988,21216944,50131702,Leche o productos de mantequilla estables sin refrigerar,UNSPSC
ocds-dgv273-seacev3-1194540,ocds-dgv273-seacev3-1194540-2026-04-29T10:18:44.411294-05:00,2385525,21225644,41116105,Reactivos o soluciones químicos,UNSPSC
ocds-dgv273-seacev3-2026-20002-50,ocds-dgv273-seacev3-2026-20002-50-2026-04-29T10:18:44.113326-05:00,2388879,21208587,42221504,Catéteres intravenosos periféricos para uso general,UNSPSC
ocds-dgv273-seacev3-1201245,ocds-dgv273-seacev3-1201245-2026-04-29T10:18:38.280985-05:00,2388972,21237165,42121606,Productos dermatológicos o antiprotozoarios para uso veterinario,UNSPSC
ocds-dgv273-seacev3-1192980,ocds-dgv273-seacev3-1192980-2026-04-29T10:18:38.245583-05:00,2388902,21215252,92101501,Servicios de vigilancia,UNSPSC
ocds-dgv273-seacev3-1192652,ocds-dgv273-seacev3-1192652-2026-04-29T10:18:38.090285-05:00,2388917,21214409,81101706,Mantenimiento de equipo de laboratorio,UNSPSC
ocds-dgv273-seacev3-1195360,ocds-dgv273-seacev3-1195360-2026-04-29T10:18:38.046091-05:00,2389034,21221593,81112208,Mantenimiento del software de protección y seguridad,UNSPSC
ocds-dgv273-seacev3-1194974,ocds-dgv273-seacev3-1194974-2026-04-29T10:18:37.483919-05:00,2388999,21220602,42221503,Catéteres venosos centrales,UNSPSC
ocds-dgv273-seacev3-1198334,ocds-dgv273-seacev3-1198334-2026-04-29T10:18:36.107070-05:00,2389026,21228420,30111601,Cemento,UNSPSC
ocds-dgv273-seacev3-1196738,ocds-dgv273-seacev3-1196738-2026-04-29T10:18:36.047763-05:00,2389044,21224544,30111601,Cemento,UNSPSC
ocds-dgv273-seacev3-1196038,ocds-dgv273-seacev3-1196038-2026-04-29T10:18:35.889936-05:00,2388886,21222810,83121703,Servicios relacionados con Internet,UNSPSC
ocds-dgv273-seacev3-1200239,ocds-dgv273-seacev3-1200239-2026-04-29T10:18:35.763186-05:00,2388990,21234036,42161654,Dializadores para hemodiálisis con flujo paralelo,UNSPSC
ocds-dgv273-seacev3-1197221,ocds-dgv273-seacev3-1197221-2026-04-29T10:18:35.578636-05:00,2389052,21225540,10101507,Ovejas,UNSPSC
ocds-dgv273-seacev3-2026-326-10,ocds-dgv273-seacev3-2026-326-10-2026-04-29T10:18:33.864277-05:00,2388904,21214037,50151513,Aceites comestibles vegetales o de plantas,UNSPSC
ocds-dgv273-seacev3-1201706,ocds-dgv273-seacev3-1201706-2026-04-29T10:18:28.416224-05:00,2389082,21238591,51201806,Gamma IGG o immunoglobulina,UNSPSC
ocds-dgv273-seacev3-1198105,ocds-dgv273-seacev3-1198105-2026-04-29T10:18:27.903675-05:00,2388989,21227651,72141505,Servicios de movimientos de tierras,UNSPSC
ocds-dgv273-seacev3-1196310,ocds-dgv273-seacev3-1196310-2026-04-29T10:18:27.251659-05:00,2388968,21223460,42131607,Chaquetas o batas para personal médico,UNSPSC
ocds-dgv273-seacev3-1196461,ocds-dgv273-seacev3-1196461-2026-04-29T10:18:27.089867-05:00,2388940,21226082,82121504,Impresión tipográfica o serigrafía,UNSPSC
ocds-dgv273-seacev3-2026-672-2,ocds-dgv273-seacev3-2026-672-2-2026-04-29T10:18:25.002564-05:00,2388868,21219418,72141121,Servicios de construcción de tuberías principales de agua,UNSPSC
ocds-dgv273-seacev3-1197628,ocds-dgv273-seacev3-1197628-2026-04-29T10:18:24.952490-05:00,2388908,21226530,15101505,Diesel,UNSPSC
ocds-dgv273-seacev3-1198382,ocds-dgv273-seacev3-1198382-2026-04-29T10:18:24.504185-05:00,2388946,21228477,50131702,Leche o productos de mantequilla estables sin refrigerar,UNSPSC
ocds-dgv273-seacev3-1201956,ocds-dgv273-seacev3-1201956-2026-04-29T10:18:24.079259-05:00,2388932,21241390,53131503,Cepillos de dientes,UNSPSC
ocds-dgv273-seacev3-1193877,ocds-dgv273-seacev3-1193877-2026-04-29T10:18:17.393900-05:00,2388863,21217536,15101505,Diesel,UNSPSC
ocds-dgv273-seacev3-2026-10591-4,ocds-dgv273-seacev3-2026-10591-4-2026-04-29T10:18:16.918806-05:00,2389061,21239873,83121703,Servicios relacionados con Internet,UNSPSC
ocds-dgv273-seacev3-2026-10146-7,ocds-dgv273-seacev3-2026-10146-7-2026-04-29T10:18:16.887832-05:00,2388991,21233022,15121501,Aceite de motor,UNSPSC
ocds-dgv273-seacev3-2026-10146-7,ocds-dgv273-seacev3-2026-10146-7-2026-04-29T10:18:16.887832-05:00,2389003,21233021,15121501,Aceite de motor,UNSPSC
ocds-dgv273-seacev3-1194940,ocds-dgv273-seacev3-1194940-2026-04-29T10:18:16.874499-05:00,2388953,21220567,83121703,Servicios relacionados con Internet,UNSPSC
ocds-dgv273-seacev3-1196364,ocds-dgv273-seacev3-1196364-2026-04-29T10:18:14.322022-05:00,2388986,21223569,72141505,Servicios de movimientos de tierras,UNSPSC
ocds-dgv273-seacev3-1199872,ocds-dgv273-seacev3-1199872-2026-04-29T10:18:14.245726-05:00,2388892,21233040,50131702,Leche o productos de mantequilla estables sin refrigerar,UNSPSC
ocds-dgv273-seacev3-1199872,ocds-dgv273-seacev3-1199872-2026-04-29T10:18:14.245726-05:00,2388892,21233041,50192109,"Papas fritas en hojuelas y al hilo, mix de bocaditos o galletas saladas",UNSPSC
ocds-dgv273-seacev3-1192973,ocds-dgv273-seacev3-1192973-2026-04-29T10:18:14.062943-05:00,2384652,21215218,72102103,Servicios de exterminación o fumigación,UNSPSC
ocds-dgv273-seacev3-1195895,ocds-dgv273-seacev3-1195895-2026-04-29T10:18:06.748111-05:00,2388966,21223074,72154028,Servicios de instalación y mantenimiento de señales,UNSPSC
ocds-dgv273-seacev3-2026-200466-3,ocds-dgv273-seacev3-2026-200466-3-2026-04-29T10:18:06.475780-05:00,2389039,21221164,81112105,Servicios de hosting de operación de sitios Web WWW a nivel mundial,UNSPSC
ocds-dgv273-seacev3-1200354,ocds-dgv273-seacev3-1200354-2026-04-29T10:18:06.127753-05:00,2388943,21234815,50131702,Leche o productos de mantequilla estables sin refrigerar,UNSPSC
ocds-dgv273-seacev3-1201474,ocds-dgv273-seacev3-1201474-2026-04-29T10:18:05.979781-05:00,2389074,21237922,30111601,Cemento,UNSPSC
ocds-dgv273-seacev3-1195882,ocds-dgv273-seacev3-1195882-2026-04-29T10:18:03.186729-05:00,2388964,21222631,72153102,Servicios de construcción de campos deportivos interiores,UNSPSC
ocds-dgv273-seacev3-1192886,ocds-dgv273-seacev3-1192886-2026-04-29T10:18:02.419402-05:00,2386748,21214946,50221102,Harina de cereales,UNSPSC
ocds-dgv273-seacev3-1192886,ocds-dgv273-seacev3-1192886-2026-04-29T10:18:02.419402-05:00,2389088,21214947,50131702,Leche o productos de mantequilla estables sin refrigerar,UNSPSC
ocds-dgv273-seacev3-1197608,ocds-dgv273-seacev3-1197608-2026-04-29T10:18:02.363406-05:00,2389050,21226486,23181501,Maquinaria de llenado,UNSPSC
ocds-dgv273-seacev3-2026-1065-7,ocds-dgv273-seacev3-2026-1065-7-2026-04-29T10:18:01.739493-05:00,2388715,21213704,72141121,Servicios de construcción de tuberías principales de agua,UNSPSC
ocds-dgv273-seacev3-2026-1730-1,ocds-dgv273-seacev3-2026-1730-1-2026-04-28T10:07:44.268332-05:00,2388861,21228390,25101801,Motocicletas,UNSPSC
ocds-dgv273-seacev3-1192418,ocds-dgv273-seacev3-1192418-2026-04-28T10:07:38.865522-05:00,2388862,21213842,72141001,Servicios de construcción de pistas y carreteras nuevas,UNSPSC
ocds-dgv273-seacev3-2026-20003-13,ocds-dgv273-seacev3-2026-20003-13-2026-04-27T10:00:35.792706-05:00,2388856,21237900,48111108,Dispensadoras de medicamentos,UNSPSC
ocds-dgv273-seacev3-1192879,ocds-dgv273-seacev3-1192879-2026-04-26T10:13:44.279322-05:00,2388734,21214885,83121703,Servicios relacionados con Internet,UNSPSC
ocds-dgv273-seacev3-1200729,ocds-dgv273-seacev3-1200729-2026-04-26T10:13:43.103602-05:00,2388761,21235732,82101601,Publicidad en radio,UNSPSC
ocds-dgv273-seacev3-1197780,ocds-dgv273-seacev3-1197780-2026-04-26T10:13:42.915379-05:00,2388777,21226933,81101510,Ingeniería de carreteras,UNSPSC
ocds-dgv273-seacev3-1192133,ocds-dgv273-seacev3-1192133-2026-04-26T10:13:42.451512-05:00,2388763,21213257,51201516,Antilifocito o inmunoglobulina linfocítica,UNSPSC
ocds-dgv273-seacev3-1198011,ocds-dgv273-seacev3-1198011-2026-04-26T10:13:41.586462-05:00,2388744,21227477,14111802,Recibos o libros de recibos,UNSPSC
ocds-dgv273-seacev3-1206431,ocds-dgv273-seacev3-1206431-2026-04-26T10:13:41.089859-05:00,2388730,21251675,81101514,Ingeniería geotécnica o geosísmica,UNSPSC
ocds-dgv273-seacev3-2026-2406-233,ocds-dgv273-seacev3-2026-2406-233-2026-04-26T10:13:40.835551-05:00,2388756,21219721,80161504,Servicios de oficina,UNSPSC
ocds-dgv273-seacev3-1197869,ocds-dgv273-seacev3-1197869-2026-04-26T10:13:39.975364-05:00,2388735,21227150,85121616,Servicio de  anestesiología y reanimación,UNSPSC
ocds-dgv273-seacev3-1196756,ocds-dgv273-seacev3-1196756-2026-04-26T10:13:39.034631-05:00,2388795,21224778,53103099,Camisetas,UNSPSC
ocds-dgv273-seacev3-2026-1810-4,ocds-dgv273-seacev3-2026-1810-4-2026-04-26T10:13:38.948515-05:00,2388718,21234237,81101508,Ingeniería arquitectónica,UNSPSC
ocds-dgv273-seacev3-1199020,ocds-dgv273-seacev3-1199020-2026-04-26T10:13:36.318122-05:00,2388765,21230515,81112001,Servicio de procesamiento de datos en línea,UNSPSC
ocds-dgv273-seacev3-1200796,ocds-dgv273-seacev3-1200796-2026-04-26T10:13:36.039895-05:00,2388812,21236151,81101508,Ingeniería arquitectónica,UNSPSC
ocds-dgv273-seacev3-1198651,ocds-dgv273-seacev3-1198651-2026-04-26T10:13:36.010595-05:00,2388834,21229227,72141102,Servicios de nivelación del terreno,UNSPSC
ocds-dgv273-seacev3-1196209,ocds-dgv273-seacev3-1196209-2026-04-26T10:13:35.459032-05:00,2388632,21223260,72141003,Servicios de mantenimiento de pistas y carreteras,UNSPSC
ocds-dgv273-seacev3-1195404,ocds-dgv273-seacev3-1195404-2026-04-26T10:13:35.225993-05:00,2388837,21221694,30111601,Cemento,UNSPSC
ocds-dgv273-seacev3-2026-1859-19,ocds-dgv273-seacev3-2026-1859-19-2026-04-26T10:13:34.202430-05:00,2388651,21223955,50131702,Leche o productos de mantequilla estables sin refrigerar,UNSPSC
ocds-dgv273-seacev3-2026-270-43,ocds-dgv273-seacev3-2026-270-43-2026-04-26T10:13:33.947617-05:00,2388851,21225480,83101804,Servicios de transmisión de energía eléctrica,UNSPSC
ocds-dgv273-seacev3-2026-10367-56,ocds-dgv273-seacev3-2026-10367-56-2026-04-26T10:13:33.843078-05:00,2388849,21223307,30111601,Cemento,UNSPSC
ocds-dgv273-seacev3-1200281,ocds-dgv273-seacev3-1200281-2026-04-26T10:13:32.880036-05:00,2388853,21234285,78111808,Alquiler de vehículos,UNSPSC
ocds-dgv273-seacev3-1199809,ocds-dgv273-seacev3-1199809-2026-04-26T10:13:31.449334-05:00,2388751,21232798,91111603,Servicios de cocina o preparación de comidas,UNSPSC
ocds-dgv273-seacev3-1199809,ocds-dgv273-seacev3-1199809-2026-04-26T10:13:31.449334-05:00,2388772,21232799,91111603,Servicios de cocina o preparación de comidas,UNSPSC
ocds-dgv273-seacev3-1194026,ocds-dgv273-seacev3-1194026-2026-04-26T10:13:30.768422-05:00,2388719,21217937,81101515,Ingeniería de infraestructura de plantas o instalaciones,UNSPSC
ocds-dgv273-seacev3-1193736,ocds-dgv273-seacev3-1193736-2026-04-26T10:13:30.750074-05:00,2388646,21216986,83121703,Servicios relacionados con Internet,UNSPSC
ocds-dgv273-seacev3-1200843,ocds-dgv273-seacev3-1200843-2026-04-26T10:13:26.380539-05:00,2388747,21236182,51131802,Globulina o factor antihemofílico,UNSPSC
ocds-dgv273-seacev3-1200843,ocds-dgv273-seacev3-1200843-2026-04-26T10:13:26.380539-05:00,2388747,21236183,51131802,Globulina o factor antihemofílico,UNSPSC
ocds-dgv273-seacev3-1198379,ocds-dgv273-seacev3-1198379-2026-04-26T10:13:26.112901-05:00,2388745,21228416,42222008,Kits o accesorios de bombas de infusión,UNSPSC
ocds-dgv273-seacev3-2026-10429-2,ocds-dgv273-seacev3-2026-10429-2-2026-04-26T10:13:25.141259-05:00,2388669,21232748,53102799,Uniformes,UNSPSC
ocds-dgv273-seacev3-1200342,ocds-dgv273-seacev3-1200342-2026-04-26T10:13:25.075682-05:00,2388819,21234690,50121538,Pescado estable sin refrigerar,UNSPSC
ocds-dgv273-seacev3-2026-1611-22,ocds-dgv273-seacev3-2026-1611-22-2026-04-26T10:13:24.218865-05:00,2388660,21233867,78181507,Reparación y mantenimiento de camión ligero automotriz,UNSPSC
ocds-dgv273-seacev3-1198503,ocds-dgv273-seacev3-1198503-2026-04-26T10:13:23.800919-05:00,2388758,21228744,72152705,Servicios de construcción de veredas o rampas,UNSPSC
ocds-dgv273-seacev3-1199362,ocds-dgv273-seacev3-1199362-2026-04-26T10:13:22.820261-05:00,2388749,21231251,72141003,Servicios de mantenimiento de pistas y carreteras,UNSPSC
ocds-dgv273-seacev3-1192956,ocds-dgv273-seacev3-1192956-2026-04-26T10:13:22.071444-05:00,2388787,21215250,81101508,Ingeniería arquitectónica,UNSPSC
ocds-dgv273-seacev3-1196992,ocds-dgv273-seacev3-1196992-2026-04-26T10:13:21.993510-05:00,2388657,21225047,50192902,Fideos o pastas simples estables sin refrigerar,UNSPSC
ocds-dgv273-seacev3-1193942,ocds-dgv273-seacev3-1193942-2026-04-26T10:13:21.671466-05:00,2387156,21217583,72141121,Servicios de construcción de tuberías principales de agua,UNSPSC
ocds-dgv273-seacev3-1198250,ocds-dgv273-seacev3-1198250-2026-04-26T10:13:21.496434-05:00,2388833,21227783,41113309,Analizadores de enzimas,UNSPSC
ocds-dgv273-seacev3-1199608,ocds-dgv273-seacev3-1199608-2026-04-26T10:13:21.068284-05:00,2388626,21232197,24111502,Bolsas de papel,UNSPSC
ocds-dgv273-seacev3-1193421,ocds-dgv273-seacev3-1193421-2026-04-26T10:13:20.534674-05:00,2388808,21216272,72152103,Servicios de aislamiento de edificaciones,UNSPSC
ocds-dgv273-seacev3-1198251,ocds-dgv273-seacev3-1198251-2026-04-26T10:13:20.308966-05:00,2388736,21228247,72154028,Servicios de instalación y mantenimiento de señales,UNSPSC
ocds-dgv273-seacev3-1194798,ocds-dgv273-seacev3-1194798-2026-04-26T10:13:19.931004-05:00,2388694,21219847,39122103,Poste de servicios públicos,UNSPSC
ocds-dgv273-seacev3-1196413,ocds-dgv273-seacev3-1196413-2026-04-26T10:13:19.530590-05:00,2388739,21223794,72152605,Servicios de montaje y reparación de techos,UNSPSC
ocds-dgv273-seacev3-1198456,ocds-dgv273-seacev3-1198456-2026-04-26T10:13:19.365672-05:00,2388748,21228575,72121408,Servicios de construcción de estadios,UNSPSC
ocds-dgv273-seacev3-1195026,ocds-dgv273-seacev3-1195026-2026-04-26T10:13:19.293917-05:00,2388738,21220780,15101505,Diesel,UNSPSC
ocds-dgv273-seacev3-1198080,ocds-dgv273-seacev3-1198080-2026-04-26T10:13:16.913481-05:00,2388752,21227633,72152705,Servicios de construcción de veredas o rampas,UNSPSC
ocds-dgv273-seacev3-1196122,ocds-dgv273-seacev3-1196122-2026-04-26T10:13:16.114260-05:00,2388818,21222951,78101803,Servicios de transporte de vehículos,UNSPSC
ocds-dgv273-seacev3-1202004,ocds-dgv273-seacev3-1202004-2026-04-26T10:13:15.363197-05:00,2388802,21241425,42143512,Bastoncillos para los oídos,UNSPSC
ocds-dgv273-seacev3-1198275,ocds-dgv273-seacev3-1198275-2026-04-26T10:13:15.302839-05:00,2388737,21228323,72121406,Servicios de construcción de escuelas,UNSPSC
ocds-dgv273-seacev3-1193195,ocds-dgv273-seacev3-1193195-2026-04-26T10:13:15.130652-05:00,2388794,21215959,24102004,Estanterías para almacenaje,UNSPSC
ocds-dgv273-seacev3-1193383,ocds-dgv273-seacev3-1193383-2026-04-26T10:13:14.713668-05:00,2388433,21216222,72152103,Servicios de aislamiento de edificaciones,UNSPSC
ocds-dgv273-seacev3-1198558,ocds-dgv273-seacev3-1198558-2026-04-26T10:13:14.077865-05:00,2388768,21229023,72152705,Servicios de construcción de veredas o rampas,UNSPSC
ocds-dgv273-seacev3-1192314,ocds-dgv273-seacev3-1192314-2026-04-26T10:13:12.743684-05:00,2388658,21213633,80131505,Servicio de alquiler de oficina modular o portátil,UNSPSC
ocds-dgv273-seacev3-1196841,ocds-dgv273-seacev3-1196841-2026-04-26T10:13:12.311741-05:00,2388697,21224596,50121538,Pescado estable sin refrigerar,UNSPSC
ocds-dgv273-seacev3-1201479,ocds-dgv273-seacev3-1201479-2026-04-26T10:13:11.878461-05:00,2388836,21238073,30111601,Cemento,UNSPSC
ocds-dgv273-seacev3-1194690,ocds-dgv273-seacev3-1194690-2026-04-26T10:13:11.740926-05:00,2388742,21219717,72152605,Servicios de montaje y reparación de techos,UNSPSC
ocds-dgv273-seacev3-1194516,ocds-dgv273-seacev3-1194516-2026-04-26T10:13:11.720027-05:00,2388728,21219452,41115804,Accesorios o suministros de analizadores de banco de sangre,UNSPSC
ocds-dgv273-seacev3-2026-1901-10,ocds-dgv273-seacev3-2026-1901-10-2026-04-26T10:13:11.547082-05:00,2388779,21223788,81112006,Servicio de almacenamiento de datos,UNSPSC
ocds-dgv273-seacev3-1196233,ocds-dgv273-seacev3-1196233-2026-04-26T10:13:07.553324-05:00,2388628,21223231,72141003,Servicios de mantenimiento de pistas y carreteras,UNSPSC
ocds-dgv273-seacev3-2026-2344-24,ocds-dgv273-seacev3-2026-2344-24-2026-04-26T10:13:07.392744-05:00,2388733,21232472,12352302,Sales metálicas inorgánicas,UNSPSC
ocds-dgv273-seacev3-2026-2344-24,ocds-dgv273-seacev3-2026-2344-24-2026-04-26T10:13:07.392744-05:00,2388733,21232471,12352311,Alúmina y otros compuestos de aluminio,UNSPSC
ocds-dgv273-seacev3-2026-1002997844-7,ocds-dgv273-seacev3-2026-1002997844-7-2026-04-26T10:13:07.006299-05:00,2388723,21227240,72141003,Servicios de mantenimiento de pistas y carreteras,UNSPSC
ocds-dgv273-seacev3-1200262,ocds-dgv273-seacev3-1200262-2026-04-26T10:13:06.470058-05:00,2388823,21234287,24111503,Bolsas de plástico,UNSPSC
ocds-dgv273-seacev3-2026-10249-9,ocds-dgv273-seacev3-2026-10249-9-2026-04-26T10:13:06.253768-05:00,2388791,21226090,81111811,Servicios de asistencia o soporte técnico,UNSPSC
ocds-dgv273-seacev3-1194253,ocds-dgv273-seacev3-1194253-2026-04-26T10:13:04.500507-05:00,2388773,21218494,80131502,Alquiler de instalaciones comerciales o industriales,UNSPSC
ocds-dgv273-seacev3-1197870,ocds-dgv273-seacev3-1197870-2026-04-26T10:13:04.314818-05:00,2388675,21227148,80131502,Alquiler de instalaciones comerciales o industriales,UNSPSC
ocds-dgv273-seacev3-1199301,ocds-dgv273-seacev3-1199301-2026-04-26T10:13:04.196105-05:00,2388631,21231144,30111601,Cemento,UNSPSC
ocds-dgv273-seacev3-1200962,ocds-dgv273-seacev3-1200962-2026-04-26T10:13:02.628961-05:00,2388769,21236323,72141003,Servicios de mantenimiento de pistas y carreteras,UNSPSC
ocds-dgv273-seacev3-1195463,ocds-dgv273-seacev3-1195463-2026-04-26T10:13:02.002842-05:00,2388759,21221911,15101506,Gasolina o Petróleo,UNSPSC
ocds-dgv273-seacev3-1195463,ocds-dgv273-seacev3-1195463-2026-04-26T10:13:02.002842-05:00,2388774,21221912,15101505,Diesel,UNSPSC
ocds-dgv273-seacev3-2026-912-1,ocds-dgv273-seacev3-2026-912-1-2026-04-26T10:13:01.988283-05:00,2388677,21213276,72141128,Servicio de remodelación  y/o construcción de plazas públicas,UNSPSC
ocds-dgv273-seacev3-2026-1922-7,ocds-dgv273-seacev3-2026-1922-7-2026-04-26T10:13:01.620486-05:00,2388700,21214019,91111603,Servicios de cocina o preparación de comidas,UNSPSC
ocds-dgv273-seacev3-2026-10487-4,ocds-dgv273-seacev3-2026-10487-4-2026-04-26T10:13:01.214747-05:00,2388727,21227142,85121701,Servicios de psicoterapeutas,UNSPSC
ocds-dgv273-seacev3-2026-67832-6,ocds-dgv273-seacev3-2026-67832-6-2026-04-26T10:13:01.086544-05:00,2388826,21226405,82111701,Servicios de redactores de artículos,UNSPSC
ocds-dgv273-seacev3-1201672,ocds-dgv273-seacev3-1201672-2026-04-25T10:20:43.898255-05:00,2388461,21238374,82101802,Servicio de producción de publicidad,UNSPSC
ocds-dgv273-seacev3-1201525,ocds-dgv273-seacev3-1201525-2026-04-25T10:20:43.864019-05:00,2388455,21238129,83111603,Servicios de telefonía móvil,UNSPSC
ocds-dgv273-seacev3-1201496,ocds-dgv273-seacev3-1201496-2026-04-25T10:20:43.831679-05:00,2388551,21238107,72121403,Servicios de construcción de hospitales,UNSPSC
ocds-dgv273-seacev3-1200491,ocds-dgv273-seacev3-1200491-2026-04-25T10:20:43.491213-05:00,2388523,21235115,15101506,Gasolina o Petróleo,UNSPSC
ocds-dgv273-seacev3-1200491,ocds-dgv273-seacev3-1200491-2026-04-25T10:20:43.491213-05:00,2388523,21235114,15101505,Diesel,UNSPSC
ocds-dgv273-seacev3-1199930,ocds-dgv273-seacev3-1199930-2026-04-25T10:20:43.303316-05:00,2388467,21233094,15101505,Diesel,UNSPSC
ocds-dgv273-seacev3-1199390,ocds-dgv273-seacev3-1199390-2026-04-25T10:20:43.199546-05:00,2388526,21231340,83121703,Servicios relacionados con Internet,UNSPSC
ocds-dgv273-seacev3-1198946,ocds-dgv273-seacev3-1198946-2026-04-25T10:20:43.109578-05:00,2388514,21230407,51381701,Acetaminofen,UNSPSC
ocds-dgv273-seacev3-1198893,ocds-dgv273-seacev3-1198893-2026-04-25T10:20:43.094880-05:00,2388546,21230104,15101505,Diesel,UNSPSC
ocds-dgv273-seacev3-1198763,ocds-dgv273-seacev3-1198763-2026-04-25T10:20:43.067222-05:00,2388453,21229673,82121504,Impresión tipográfica o serigrafía,UNSPSC
ocds-dgv273-seacev3-1198478,ocds-dgv273-seacev3-1198478-2026-04-25T10:20:42.997451-05:00,2388458,21228631,72121406,Servicios de construcción de escuelas,UNSPSC
ocds-dgv273-seacev3-1198474,ocds-dgv273-seacev3-1198474-2026-04-25T10:20:42.983442-05:00,2388426,21228685,15111510,Gas de petróleo licuefactado,UNSPSC
ocds-dgv273-seacev3-1198229,ocds-dgv273-seacev3-1198229-2026-04-25T10:20:42.926313-05:00,2388198,21228056,80131502,Alquiler de instalaciones comerciales o industriales,UNSPSC
ocds-dgv273-seacev3-1197247,ocds-dgv273-seacev3-1197247-2026-04-25T10:20:42.721382-05:00,2388566,21225586,30111601,Cemento,UNSPSC
ocds-dgv273-seacev3-1196186,ocds-dgv273-seacev3-1196186-2026-04-25T10:20:42.493853-05:00,2388354,21223116,72141003,Servicios de mantenimiento de pistas y carreteras,UNSPSC
ocds-dgv273-seacev3-2026-2373-1,ocds-dgv273-seacev3-2026-2373-1-2026-04-25T10:20:42.449775-05:00,2388510,21222865,15101506,Gasolina o Petróleo,UNSPSC
ocds-dgv273-seacev3-2026-2373-1,ocds-dgv273-seacev3-2026-2373-1-2026-04-25T10:20:42.449775-05:00,2388510,21222864,15101505,Diesel,UNSPSC
ocds-dgv273-seacev3-1195815,ocds-dgv273-seacev3-1195815-2026-04-25T10:20:42.408722-05:00,2388432,21222479,80131502,Alquiler de instalaciones comerciales o industriales,UNSPSC
ocds-dgv273-seacev3-1196174,ocds-dgv273-seacev3-1196174-2026-04-25T10:20:42.109428-05:00,2388353,21223101,72141003,Servicios de mantenimiento de pistas y carreteras,UNSPSC
ocds-dgv273-seacev3-2026-1657-1,ocds-dgv273-seacev3-2026-1657-1-2026-04-25T10:20:41.491782-05:00,2388243,21227624,50131702,Leche o productos de mantequilla estables sin refrigerar,UNSPSC
ocds-dgv273-seacev3-1200934,ocds-dgv273-seacev3-1200934-2026-04-25T10:20:40.877034-05:00,2388424,21236321,82121504,Impresión tipográfica o serigrafía,UNSPSC
ocds-dgv273-seacev3-1192426,ocds-dgv273-seacev3-1192426-2026-04-25T10:20:40.610545-05:00,2388452,21213889,51421802,Budesonida,UNSPSC
ocds-dgv273-seacev3-2026-200020-9,ocds-dgv273-seacev3-2026-200020-9-2026-04-25T10:20:40.301453-05:00,2388350,21218941,50405711,Papa yungay,UNSPSC
ocds-dgv273-seacev3-2026-1309-27,ocds-dgv273-seacev3-2026-1309-27-2026-04-25T10:20:39.297763-05:00,2388491,21218915,72154010,"Servicios de instalación, mantenimiento y reparación de ascensores",UNSPSC
ocds-dgv273-seacev3-2026-573-10,ocds-dgv273-seacev3-2026-573-10-2026-04-25T10:20:38.458767-05:00,2388501,21210202,50221101,Granos de cereal,UNSPSC
ocds-dgv273-seacev3-2026-1723-1,ocds-dgv273-seacev3-2026-1723-1-2026-04-25T10:20:37.995440-05:00,2388577,21228246,50131702,Leche o productos de mantequilla estables sin refrigerar,UNSPSC
ocds-dgv273-seacev3-1193201,ocds-dgv273-seacev3-1193201-2026-04-25T10:20:37.817939-05:00,2388369,21215925,30111601,Cemento,UNSPSC
ocds-dgv273-seacev3-1192979,ocds-dgv273-seacev3-1192979-2026-04-25T10:20:37.778415-05:00,2388435,21215227,83121703,Servicios relacionados con Internet,UNSPSC
ocds-dgv273-seacev3-1197165,ocds-dgv273-seacev3-1197165-2026-04-25T10:20:37.744105-05:00,2388493,21225441,30111601,Cemento,UNSPSC
ocds-dgv273-seacev3-2026-1626-3,ocds-dgv273-seacev3-2026-1626-3-2026-04-25T10:20:36.601700-05:00,2388490,21214150,72141001,Servicios de construcción de pistas y carreteras nuevas,UNSPSC
ocds-dgv273-seacev3-1199102,ocds-dgv273-seacev3-1199102-2026-04-25T10:20:36.113858-05:00,2388547,21230741,30102403,Varillas de hierro,UNSPSC
ocds-dgv273-seacev3-1194228,ocds-dgv273-seacev3-1194228-2026-04-25T10:20:30.942808-05:00,2388503,21218592,51191602,Electrolitos de cloruro de sodio,UNSPSC
ocds-dgv273-seacev3-1193498,ocds-dgv273-seacev3-1193498-2026-04-25T10:20:30.357862-05:00,2388391,21216557,15101506,Gasolina o Petróleo,UNSPSC
ocds-dgv273-seacev3-1198001,ocds-dgv273-seacev3-1198001-2026-04-25T10:20:29.964665-05:00,2388381,21227432,43233201,Software para servidor de autenticación,UNSPSC
ocds-dgv273-seacev3-1193419,ocds-dgv273-seacev3-1193419-2026-04-25T10:20:29.918825-05:00,2388524,21216411,81112102,Proveedor de servicio de correo electrónico,UNSPSC
ocds-dgv273-seacev3-1194922,ocds-dgv273-seacev3-1194922-2026-04-25T10:20:28.415388-05:00,2387746,21220214,50221102,Harina de cereales,UNSPSC
ocds-dgv273-seacev3-1194922,ocds-dgv273-seacev3-1194922-2026-04-25T10:20:28.415388-05:00,2388499,21220213,50131702,Leche o productos de mantequilla estables sin refrigerar,UNSPSC
ocds-dgv273-seacev3-1200207,ocds-dgv273-seacev3-1200207-2026-04-25T10:20:27.528329-05:00,2388558,21233945,30111601,Cemento,UNSPSC
ocds-dgv273-seacev3-1201307,ocds-dgv273-seacev3-1201307-2026-04-25T10:20:26.808120-05:00,2388484,21237362,90121502,Agencias de viajes,UNSPSC
ocds-dgv273-seacev3-1198100,ocds-dgv273-seacev3-1198100-2026-04-25T10:20:25.653721-05:00,2388583,21227832,72151501,Servicios de instalación de iluminación,UNSPSC
ocds-dgv273-seacev3-2026-20003-12,ocds-dgv273-seacev3-2026-20003-12-2026-04-25T10:20:25.530274-05:00,2388442,21237924,51342309,Aciclovir o aciclovir,UNSPSC
ocds-dgv273-seacev3-1193596,ocds-dgv273-seacev3-1193596-2026-04-25T10:20:19.849961-05:00,2388504,21216865,30111601,Cemento,UNSPSC
ocds-dgv273-seacev3-1197322,ocds-dgv273-seacev3-1197322-2026-04-25T10:20:19.618969-05:00,2388615,21225841,80111501,Desarrollo de gestión,UNSPSC
ocds-dgv273-seacev3-1198662,ocds-dgv273-seacev3-1198662-2026-04-25T10:20:19.527261-05:00,2388598,21229354,72153102,Servicios de construcción de campos deportivos interiores,UNSPSC
ocds-dgv273-seacev3-1201283,ocds-dgv273-seacev3-1201283-2026-04-25T10:20:19.226259-05:00,2388441,21237243,46181504,Guantes protectores,UNSPSC
ocds-dgv273-seacev3-2026-1835-1,ocds-dgv273-seacev3-2026-1835-1-2026-04-25T10:20:18.837363-05:00,2388335,21212589,12352305,Hidróxidos inorgánicos,UNSPSC
ocds-dgv273-seacev3-1199940,ocds-dgv273-seacev3-1199940-2026-04-25T10:20:17.601418-05:00,2388543,21233088,51111736,Cetuximab,UNSPSC
ocds-dgv273-seacev3-1198239,ocds-dgv273-seacev3-1198239-2026-04-25T10:20:17.585867-05:00,2388463,21228101,50192109,"Papas fritas en hojuelas y al hilo, mix de bocaditos o galletas saladas",UNSPSC
ocds-dgv273-seacev3-2026-739-1,ocds-dgv273-seacev3-2026-739-1-2026-04-25T10:20:16.777668-05:00,2388411,21226164,81101505,Ingeniería estructural,UNSPSC
ocds-dgv273-seacev3-1198131,ocds-dgv273-seacev3-1198131-2026-04-25T10:20:16.355065-05:00,2388601,21229203,72153102,Servicios de construcción de campos deportivos interiores,UNSPSC
ocds-dgv273-seacev3-1197808,ocds-dgv273-seacev3-1197808-2026-04-25T10:20:15.526331-05:00,2388618,21226961,80131502,Alquiler de instalaciones comerciales o industriales,UNSPSC
ocds-dgv273-seacev3-1193695,ocds-dgv273-seacev3-1193695-2026-04-25T10:20:15.010217-05:00,2388347,21216938,22101528,Cargadores sobre ruedas,UNSPSC
ocds-dgv273-seacev3-1193695,ocds-dgv273-seacev3-1193695-2026-04-25T10:20:15.010217-05:00,2388347,21216937,22101526,Excavadoras sobre orugas,UNSPSC
ocds-dgv273-seacev3-1193695,ocds-dgv273-seacev3-1193695-2026-04-25T10:20:15.010217-05:00,2388347,21216939,22101509,Retroexcavadoras,UNSPSC
ocds-dgv273-seacev3-1193579,ocds-dgv273-seacev3-1193579-2026-04-25T10:20:14.242880-05:00,2388475,21216760,25101507,Camiones ligeros o vehículos de utilidad deportiva,UNSPSC
ocds-dgv273-seacev3-1193623,ocds-dgv273-seacev3-1193623-2026-04-25T10:20:08.766223-05:00,2386854,21217071,30111601,Cemento,UNSPSC
ocds-dgv273-seacev3-1201775,ocds-dgv273-seacev3-1201775-2026-04-25T10:20:08.124842-05:00,2388536,21238689,47121701,Bolsas de basura,UNSPSC
ocds-dgv273-seacev3-1198394,ocds-dgv273-seacev3-1198394-2026-04-25T10:20:08.101779-05:00,2387242,21228546,10171702,Fungicidas,UNSPSC
ocds-dgv273-seacev3-1197404,ocds-dgv273-seacev3-1197404-2026-04-25T10:20:06.705346-05:00,2388366,21226036,78101805,Servicio de alquiler de camión pipa y tráiler,UNSPSC
ocds-dgv273-seacev3-2026-1162-5,ocds-dgv273-seacev3-2026-1162-5-2026-04-25T10:20:06.515417-05:00,2388421,21227524,83121703,Servicios relacionados con Internet,UNSPSC
ocds-dgv273-seacev3-1197667,ocds-dgv273-seacev3-1197667-2026-04-25T10:20:05.061980-05:00,2388531,21226943,50221108,Grano de arroz,UNSPSC
ocds-dgv273-seacev3-1193243,ocds-dgv273-seacev3-1193243-2026-04-25T10:19:57.770780-05:00,2388370,21215776,72141701,Servicio de arrendamiento o alquiler de maquinaria de construcción,UNSPSC
ocds-dgv273-seacev3-1200219,ocds-dgv273-seacev3-1200219-2026-04-25T10:19:57.595982-05:00,2388401,21233937,83121703,Servicios relacionados con Internet,UNSPSC
ocds-dgv273-seacev3-1192772,ocds-dgv273-seacev3-1192772-2026-04-25T10:19:57.306852-05:00,2388562,21214722,23121501,Maquinaria para bordados,UNSPSC
ocds-dgv273-seacev3-1198725,ocds-dgv273-seacev3-1198725-2026-04-25T10:19:54.663804-05:00,2388356,21229639,90111501,Hoteles,UNSPSC
ocds-dgv273-seacev3-1201584,ocds-dgv273-seacev3-1201584-2026-04-25T10:19:54.617570-05:00,2388621,21238227,53102902,Ropa deportiva para caballero,UNSPSC
ocds-dgv273-seacev3-1201894,ocds-dgv273-seacev3-1201894-2026-04-25T10:19:53.106553-05:00,2388492,21241281,78101501,Transporte de carga aérea nacional,UNSPSC
ocds-dgv273-seacev3-1200253,ocds-dgv273-seacev3-1200253-2026-04-25T10:19:53.075159-05:00,2388409,21234162,72141128,Servicio de remodelación  y/o construcción de plazas públicas,UNSPSC
ocds-dgv273-seacev3-1194636,ocds-dgv273-seacev3-1194636-2026-04-25T10:19:52.839259-05:00,2388380,21219620,41115822,Accesorios o suministros de analizadores microbiológicos,UNSPSC
ocds-dgv273-seacev3-1196941,ocds-dgv273-seacev3-1196941-2026-04-25T10:19:47.064463-05:00,2388494,21224928,72121103,Servicios de renovación y reparación de edificios comerciales y de oficinas,UNSPSC
ocds-dgv273-seacev3-1196200,ocds-dgv273-seacev3-1196200-2026-04-25T10:19:46.307427-05:00,2388357,21223139,72141003,Servicios de mantenimiento de pistas y carreteras,UNSPSC
ocds-dgv273-seacev3-1196806,ocds-dgv273-seacev3-1196806-2026-04-25T10:19:46.028820-05:00,2388604,21227650,72153102,Servicios de construcción de campos deportivos interiores,UNSPSC
ocds-dgv273-seacev3-1198827,ocds-dgv273-seacev3-1198827-2026-04-25T10:19:43.124048-05:00,2388511,21229941,51101511,Amoxicilina,UNSPSC
ocds-dgv273-seacev3-1196226,ocds-dgv273-seacev3-1196226-2026-04-25T10:19:42.894681-05:00,2388368,21223159,72141003,Servicios de mantenimiento de pistas y carreteras,UNSPSC
ocds-dgv273-seacev3-1194479,ocds-dgv273-seacev3-1194479-2026-04-25T10:19:42.473683-05:00,2388505,21219218,50131702,Leche o productos de mantequilla estables sin refrigerar,UNSPSC
ocds-dgv273-seacev3-1193360,ocds-dgv273-seacev3-1193360-2026-04-25T10:19:41.648624-05:00,2388445,21216357,50131702,Leche o productos de mantequilla estables sin refrigerar,UNSPSC
ocds-dgv273-seacev3-1199512,ocds-dgv273-seacev3-1199512-2026-04-25T10:19:35.952713-05:00,2388375,21231747,11111701,Arena silícea,UNSPSC
ocds-dgv273-seacev3-1198979,ocds-dgv273-seacev3-1198979-2026-04-25T10:19:34.853799-05:00,2388517,21230220,51384514,Naproxeno,UNSPSC
ocds-dgv273-seacev3-2026-672-1,ocds-dgv273-seacev3-2026-672-1-2026-04-25T10:19:31.044883-05:00,2387692,21218939,50131702,Leche o productos de mantequilla estables sin refrigerar,UNSPSC
ocds-dgv273-seacev3-2026-672-1,ocds-dgv273-seacev3-2026-672-1-2026-04-25T10:19:31.044883-05:00,2387698,21218940,50192109,"Papas fritas en hojuelas y al hilo, mix de bocaditos o galletas saladas",UNSPSC
ocds-dgv273-seacev3-1200856,ocds-dgv273-seacev3-1200856-2026-04-25T10:19:31.029979-05:00,2388585,21236814,72121406,Servicios de construcción de escuelas,UNSPSC
ocds-dgv273-seacev3-1198468,ocds-dgv273-seacev3-1198468-2026-04-24T10:19:47.117904-05:00,2388012,21228641,73152101,Servicios de mantenimiento de equipos de fabricación,UNSPSC
ocds-dgv273-seacev3-2026-1944-3,ocds-dgv273-seacev3-2026-1944-3-2026-04-24T10:19:46.828459-05:00,2388236,21213357,82101603,Publicidad en Internet,UNSPSC
ocds-dgv273-seacev3-1198128,ocds-dgv273-seacev3-1198128-2026-04-24T10:19:45.483096-05:00,2388173,21227885,50131702,Leche o productos de mantequilla estables sin refrigerar,UNSPSC
ocds-dgv273-seacev3-1197351,ocds-dgv273-seacev3-1197351-2026-04-24T10:19:44.817612-05:00,2388094,21225934,72141121,Servicios de construcción de tuberías principales de agua,UNSPSC
ocds-dgv273-seacev3-1196166,ocds-dgv273-seacev3-1196166-2026-04-24T10:19:44.790798-05:00,2388339,21223039,72141003,Servicios de mantenimiento de pistas y carreteras,UNSPSC
ocds-dgv273-seacev3-2026-1648-4,ocds-dgv273-seacev3-2026-1648-4-2026-04-24T10:19:44.464054-05:00,2388153,21219336,50421819,Habas secas,UNSPSC
ocds-dgv273-seacev3-1200453,ocds-dgv273-seacev3-1200453-2026-04-24T10:19:44.168349-05:00,2388188,21234900,84131503,Seguro de automóviles o camiones,UNSPSC
ocds-dgv273-seacev3-1196179,ocds-dgv273-seacev3-1196179-2026-04-24T10:19:42.962108-05:00,2388340,21223068,72141003,Servicios de mantenimiento de pistas y carreteras,UNSPSC
ocds-dgv273-seacev3-1196151,ocds-dgv273-seacev3-1196151-2026-04-24T10:19:42.934159-05:00,2388336,21223055,72141003,Servicios de mantenimiento de pistas y carreteras,UNSPSC
ocds-dgv273-seacev3-2026-1072-3,ocds-dgv273-seacev3-2026-1072-3-2026-04-24T10:19:41.772847-05:00,2388127,21221918,15101506,Gasolina o Petróleo,UNSPSC
ocds-dgv273-seacev3-2026-1072-3,ocds-dgv273-seacev3-2026-1072-3-2026-04-24T10:19:41.772847-05:00,2388127,21221917,15101505,Diesel,UNSPSC
ocds-dgv273-seacev3-1194702,ocds-dgv273-seacev3-1194702-2026-04-24T10:19:41.574537-05:00,2388300,21219769,72154013,Servicios de construcción de cercos,UNSPSC
ocds-dgv273-seacev3-1196118,ocds-dgv273-seacev3-1196118-2026-04-24T10:19:41.180536-05:00,2388087,21222921,70131506,Mejoramiento del suelo,UNSPSC
ocds-dgv273-seacev3-1198822,ocds-dgv273-seacev3-1198822-2026-04-24T10:19:41.108325-05:00,2388186,21229872,72141003,Servicios de mantenimiento de pistas y carreteras,UNSPSC
ocds-dgv273-seacev3-2026-200466-4,ocds-dgv273-seacev3-2026-200466-4-2026-04-24T10:19:41.042216-05:00,2388196,21221129,83111507,Servicios del centro de atención telefónica,UNSPSC
ocds-dgv273-seacev3-1193896,ocds-dgv273-seacev3-1193896-2026-04-24T10:19:38.827952-05:00,2387915,21217773,72121101,Servicios de construcción de nuevos edificios comerciales y de oficinas,UNSPSC
ocds-dgv273-seacev3-1208239,ocds-dgv273-seacev3-1208239-2026-04-24T10:19:38.376437-05:00,2388099,21256145,80111601,Asistencia administrativa o de oficina temporal,UNSPSC
ocds-dgv273-seacev3-1198742,ocds-dgv273-seacev3-1198742-2026-04-24T10:19:37.813565-05:00,2388215,21229713,30111503,Hormigón aislante,UNSPSC
ocds-dgv273-seacev3-1195142,ocds-dgv273-seacev3-1195142-2026-04-24T10:19:37.785708-05:00,2388280,21221048,51181813,Estradiol,UNSPSC
ocds-dgv273-seacev3-1198748,ocds-dgv273-seacev3-1198748-2026-04-24T10:19:36.455321-05:00,2388297,21229730,53102516,Gorros,UNSPSC
ocds-dgv273-seacev3-1195464,ocds-dgv273-seacev3-1195464-2026-04-24T10:19:36.393511-05:00,2383784,21221797,76122003,Disposición final para desechos peligrosos,UNSPSC
ocds-dgv273-seacev3-1198830,ocds-dgv273-seacev3-1198830-2026-04-24T10:19:35.986860-05:00,2388197,21229944,72141003,Servicios de mantenimiento de pistas y carreteras,UNSPSC
ocds-dgv273-seacev3-1192556,ocds-dgv273-seacev3-1192556-2026-04-24T10:19:34.502455-05:00,2388002,21214265,90121502,Agencias de viajes,UNSPSC
ocds-dgv273-seacev3-1198460,ocds-dgv273-seacev3-1198460-2026-04-24T10:19:33.423927-05:00,2388086,21228628,84131512,Seguro de equipos electrónicos,UNSPSC
ocds-dgv273-seacev3-1199116,ocds-dgv273-seacev3-1199116-2026-04-24T10:19:33.116362-05:00,2388129,21230806,49121603,Catres plegables para campamento,UNSPSC
ocds-dgv273-seacev3-1198689,ocds-dgv273-seacev3-1198689-2026-04-24T10:19:33.100382-05:00,2388304,21229464,81101508,Ingeniería arquitectónica,UNSPSC
ocds-dgv273-seacev3-1198281,ocds-dgv273-seacev3-1198281-2026-04-24T10:19:32.821759-05:00,2388206,21228141,30111601,Cemento,UNSPSC
ocds-dgv273-seacev3-2026-1310-4,ocds-dgv273-seacev3-2026-1310-4-2026-04-24T10:19:26.488144-05:00,2388017,21224631,83111510,Servicio de respuesta de voz interactiva,UNSPSC
ocds-dgv273-seacev3-1196289,ocds-dgv273-seacev3-1196289-2026-04-24T10:19:26.385894-05:00,2388306,21223741,30103603,Madera para uso estructural,UNSPSC
ocds-dgv273-seacev3-1196446,ocds-dgv273-seacev3-1196446-2026-04-24T10:19:25.481486-05:00,2388080,21223890,50221101,Granos de cereal,UNSPSC
ocds-dgv273-seacev3-1201088,ocds-dgv273-seacev3-1201088-2026-04-24T10:19:25.440655-05:00,2388292,21236958,72154069,Servicio de cercado y colocación de barandas,UNSPSC
ocds-dgv273-seacev3-1200103,ocds-dgv273-seacev3-1200103-2026-04-24T10:19:24.872590-05:00,2388333,21233676,31201527,Cintas de espuma,UNSPSC
ocds-dgv273-seacev3-1195858,ocds-dgv273-seacev3-1195858-2026-04-24T10:19:24.649510-05:00,2388209,21222579,42281509,Bandejas o contenedores de esterilización,UNSPSC
ocds-dgv273-seacev3-1192954,ocds-dgv273-seacev3-1192954-2026-04-24T10:19:24.553035-05:00,2388061,21215249,80131502,Alquiler de instalaciones comerciales o industriales,UNSPSC
ocds-dgv273-seacev3-2026-1305-2,ocds-dgv273-seacev3-2026-1305-2-2026-04-24T10:19:24.477987-05:00,2388020,21230769,81101508,Ingeniería arquitectónica,UNSPSC
ocds-dgv273-seacev3-1201874,ocds-dgv273-seacev3-1201874-2026-04-24T10:19:23.118094-05:00,2388288,21241236,12352302,Sales metálicas inorgánicas,UNSPSC
ocds-dgv273-seacev3-1196677,ocds-dgv273-seacev3-1196677-2026-04-24T10:19:22.599190-05:00,2388165,21224420,76122001,Disposición final de desechos genéricos no peligrosos,UNSPSC
ocds-dgv273-seacev3-1198939,ocds-dgv273-seacev3-1198939-2026-04-24T10:19:22.153965-05:00,2388024,21230196,51182709,Metformina/sitagliptina,UNSPSC
ocds-dgv273-seacev3-1196398,ocds-dgv273-seacev3-1196398-2026-04-24T10:19:20.941572-05:00,2388147,21223617,72154028,Servicios de instalación y mantenimiento de señales,UNSPSC
ocds-dgv273-seacev3-1193862,ocds-dgv273-seacev3-1193862-2026-04-24T10:19:20.650547-05:00,2388205,21217675,30111801,Agregado natural,UNSPSC
ocds-dgv273-seacev3-1195355,ocds-dgv273-seacev3-1195355-2026-04-24T10:19:20.433213-05:00,2388043,21221617,30111601,Cemento,UNSPSC
ocds-dgv273-seacev3-1193110,ocds-dgv273-seacev3-1193110-2026-04-24T10:19:20.402041-05:00,2388131,21215540,81101510,Ingeniería de carreteras,UNSPSC
ocds-dgv273-seacev3-2026-1002997844-6,ocds-dgv273-seacev3-2026-1002997844-6-2026-04-24T10:19:14.581254-05:00,2388106,21227213,72141003,Servicios de mantenimiento de pistas y carreteras,UNSPSC
ocds-dgv273-seacev3-2026-1002997844-5,ocds-dgv273-seacev3-2026-1002997844-5-2026-04-24T10:19:14.565707-05:00,2388095,21227203,72141003,Servicios de mantenimiento de pistas y carreteras,UNSPSC
ocds-dgv273-seacev3-1203612,ocds-dgv273-seacev3-1203612-2026-04-24T10:19:13.904069-05:00,2388251,21244843,81111602,Programación de Java,UNSPSC
ocds-dgv273-seacev3-1195074,ocds-dgv273-seacev3-1195074-2026-04-24T10:19:13.690507-05:00,2388035,21220897,30111601,Cemento,UNSPSC
ocds-dgv273-seacev3-1196202,ocds-dgv273-seacev3-1196202-2026-04-24T10:19:13.329689-05:00,2388128,21223171,72141128,Servicio de remodelación  y/o construcción de plazas públicas,UNSPSC
ocds-dgv273-seacev3-1197433,ocds-dgv273-seacev3-1197433-2026-04-24T10:19:12.936560-05:00,2388344,21227935,81101515,Ingeniería de infraestructura de plantas o instalaciones,UNSPSC
ocds-dgv273-seacev3-1194530,ocds-dgv273-seacev3-1194530-2026-04-24T10:19:12.297079-05:00,2388076,21219477,81101515,Ingeniería de infraestructura de plantas o instalaciones,UNSPSC
ocds-dgv273-seacev3-2026-200387-12,ocds-dgv273-seacev3-2026-200387-12-2026-04-24T10:19:11.423095-05:00,2388346,21229163,30121713,Tapa de la alcantarilla,UNSPSC
ocds-dgv273-seacev3-2026-1002997844-4,ocds-dgv273-seacev3-2026-1002997844-4-2026-04-24T10:19:11.331180-05:00,2388077,21227192,72141003,Servicios de mantenimiento de pistas y carreteras,UNSPSC
ocds-dgv273-seacev3-1197710,ocds-dgv273-seacev3-1197710-2026-04-24T10:19:11.268242-05:00,2388058,21226766,30111601,Cemento,UNSPSC
ocds-dgv273-seacev3-2026-1216-5,ocds-dgv273-seacev3-2026-1216-5-2026-04-24T10:19:11.121961-05:00,2388004,21228353,72153102,Servicios de construcción de campos deportivos interiores,UNSPSC
ocds-dgv273-seacev3-2026-1742-1,ocds-dgv273-seacev3-2026-1742-1-2026-04-24T10:19:10.818638-05:00,2388091,21211307,72141001,Servicios de construcción de pistas y carreteras nuevas,UNSPSC
ocds-dgv273-seacev3-1196152,ocds-dgv273-seacev3-1196152-2026-04-24T10:19:10.652364-05:00,2388338,21223056,72141003,Servicios de mantenimiento de pistas y carreteras,UNSPSC
ocds-dgv273-seacev3-2026-10249-16,ocds-dgv273-seacev3-2026-10249-16-2026-04-24T10:19:09.960997-05:00,2388202,21229864,81111811,Servicios de asistencia o soporte técnico,UNSPSC
ocds-dgv273-seacev3-1200407,ocds-dgv273-seacev3-1200407-2026-04-24T10:19:09.508413-05:00,2388036,21234827,81101522,Ingeniería de movimientos de tierra,UNSPSC
ocds-dgv273-seacev3-1196292,ocds-dgv273-seacev3-1196292-2026-04-24T10:19:03.736311-05:00,2388317,21223319,81101508,Ingeniería arquitectónica,UNSPSC
ocds-dgv273-seacev3-1192178,ocds-dgv273-seacev3-1192178-2026-04-24T10:19:01.554610-05:00,2388294,21213464,25101507,Camiones ligeros o vehículos de utilidad deportiva,UNSPSC
ocds-dgv273-seacev3-1198848,ocds-dgv273-seacev3-1198848-2026-04-24T10:19:01.132016-05:00,2388200,21229933,72141003,Servicios de mantenimiento de pistas y carreteras,UNSPSC
ocds-dgv273-seacev3-2026-1039-6,ocds-dgv273-seacev3-2026-1039-6-2026-04-24T10:18:59.058424-05:00,2388062,21222018,81101508,Ingeniería arquitectónica,UNSPSC
ocds-dgv273-seacev3-1198560,ocds-dgv273-seacev3-1198560-2026-04-24T10:18:57.935614-05:00,2388269,21229050,15101505,Diesel,UNSPSC
ocds-dgv273-seacev3-1199420,ocds-dgv273-seacev3-1199420-2026-04-24T10:18:57.870713-05:00,2388144,21231415,50131702,Leche o productos de mantequilla estables sin refrigerar,UNSPSC
ocds-dgv273-seacev3-1196086,ocds-dgv273-seacev3-1196086-2026-04-24T10:18:53.054200-05:00,2387988,21222899,72141003,Servicios de mantenimiento de pistas y carreteras,UNSPSC
ocds-dgv273-seacev3-2026-1881-1,ocds-dgv273-seacev3-2026-1881-1-2026-04-24T10:18:52.519435-05:00,2388116,21232851,15101505,Diesel,UNSPSC
ocds-dgv273-seacev3-2026-1881-1,ocds-dgv273-seacev3-2026-1881-1-2026-04-24T10:18:52.519435-05:00,2388116,21232852,15101506,Gasolina o Petróleo,UNSPSC
ocds-dgv273-seacev3-1195590,ocds-dgv273-seacev3-1195590-2026-04-24T10:18:51.798388-05:00,2388103,21222098,78101701,Servicios de transporte nacional en barco,UNSPSC
ocds-dgv273-seacev3-1208365,ocds-dgv273-seacev3-1208365-2026-04-24T10:18:51.482797-05:00,2388189,21256679,80101508,Servicios de consultoría de inteligencia empresarial,UNSPSC
ocds-dgv273-seacev3-2026-640-3,ocds-dgv273-seacev3-2026-640-3-2026-04-24T10:18:50.606396-05:00,2388237,21213629,72153102,Servicios de construcción de campos deportivos interiores,UNSPSC
ocds-dgv273-seacev3-1199777,ocds-dgv273-seacev3-1199777-2026-04-24T10:18:49.745091-05:00,2388264,21232751,72121101,Servicios de construcción de nuevos edificios comerciales y de oficinas,UNSPSC
ocds-dgv273-seacev3-1193274,ocds-dgv273-seacev3-1193274-2026-04-24T10:18:49.584430-05:00,2387998,21216136,72101507,Servicio de mantenimiento de edificios,UNSPSC
ocds-dgv273-seacev3-1196255,ocds-dgv273-seacev3-1196255-2026-04-24T10:18:49.521830-05:00,2388016,21223310,50151513,Aceites comestibles vegetales o de plantas,UNSPSC
ocds-dgv273-seacev3-1198688,ocds-dgv273-seacev3-1198688-2026-04-24T10:18:48.781512-05:00,2388311,21229436,15101505,Diesel,UNSPSC
ocds-dgv273-seacev3-2026-200108-4,ocds-dgv273-seacev3-2026-200108-4-2026-04-24T10:18:48.605964-05:00,2388337,21226233,77121704,Servicios de tratamiento de aguas superficiales,UNSPSC
ocds-dgv273-seacev3-1200137,ocds-dgv273-seacev3-1200137-2026-04-24T10:18:48.022407-05:00,2388285,21233768,50171548,Hierbas frescas,UNSPSC
ocds-dgv273-seacev3-1192987,ocds-dgv273-seacev3-1192987-2026-04-24T10:18:47.767110-05:00,2388203,21215284,85101705,Servicio de administración de salud pública,UNSPSC
ocds-dgv273-seacev3-1194215,ocds-dgv273-seacev3-1194215-2026-04-24T10:18:46.969398-05:00,2388213,21218305,51191602,Electrolitos de cloruro de sodio,UNSPSC
ocds-dgv273-seacev3-1197817,ocds-dgv273-seacev3-1197817-2026-04-24T10:18:41.189023-05:00,2388124,21227072,72154013,Servicios de construcción de cercos,UNSPSC
ocds-dgv273-seacev3-2026-225-2,ocds-dgv273-seacev3-2026-225-2-2026-04-24T10:18:40.650534-05:00,2388255,21216927,50131702,Leche o productos de mantequilla estables sin refrigerar,UNSPSC
ocds-dgv273-seacev3-1194939,ocds-dgv273-seacev3-1194939-2026-04-24T10:18:40.583387-05:00,2388108,21220311,80171501,"Monitoreo y análisis de opinión pública, encuesta y sondeo",UNSPSC
ocds-dgv273-seacev3-2026-1871-38,ocds-dgv273-seacev3-2026-1871-38-2026-04-24T10:18:40.569378-05:00,2388249,21227485,10121801,Alimento seco para perros,UNSPSC
ocds-dgv273-seacev3-1199033,ocds-dgv273-seacev3-1199033-2026-04-24T10:18:40.232931-05:00,2388181,21230639,72121103,Servicios de renovación y reparación de edificios comerciales y de oficinas,UNSPSC
ocds-dgv273-seacev3-1195153,ocds-dgv273-seacev3-1195153-2026-04-24T10:18:39.685906-05:00,2388052,21220985,77111602,Servicios de descontaminación ambiental,UNSPSC
ocds-dgv273-seacev3-1195153,ocds-dgv273-seacev3-1195153-2026-04-24T10:18:39.685906-05:00,2388059,21220986,77111602,Servicios de descontaminación ambiental,UNSPSC
ocds-dgv273-seacev3-2026-640-2,ocds-dgv273-seacev3-2026-640-2-2026-04-24T10:18:39.358800-05:00,2388190,21221469,15101505,Diesel,UNSPSC
ocds-dgv273-seacev3-1185836,ocds-dgv273-seacev3-1185836-2026-04-24T10:18:39.200963-05:00,2388157,21199420,81101515,Ingeniería de infraestructura de plantas o instalaciones,UNSPSC
ocds-dgv273-seacev3-1195437,ocds-dgv273-seacev3-1195437-2026-04-24T10:18:38.726139-05:00,2388040,21227743,82121504,Impresión tipográfica o serigrafía,UNSPSC
ocds-dgv273-seacev3-1201310,ocds-dgv273-seacev3-1201310-2026-04-24T10:18:36.218119-05:00,2388258,21237530,41115804,Accesorios o suministros de analizadores de banco de sangre,UNSPSC
ocds-dgv273-seacev3-1195961,ocds-dgv273-seacev3-1195961-2026-04-24T10:18:36.042609-05:00,2388313,21222696,30111601,Cemento,UNSPSC
ocds-dgv273-seacev3-1195961,ocds-dgv273-seacev3-1195961-2026-04-24T10:18:36.042609-05:00,2388313,21222697,30111601,Cemento,UNSPSC
ocds-dgv273-seacev3-2026-286-5,ocds-dgv273-seacev3-2026-286-5-2026-04-24T10:18:35.959143-05:00,2388234,21213328,81101515,Ingeniería de infraestructura de plantas o instalaciones,UNSPSC
ocds-dgv273-seacev3-2026-10362-1,ocds-dgv273-seacev3-2026-10362-1-2026-04-24T10:18:35.875707-05:00,2388265,21220951,15101506,Gasolina o Petróleo,UNSPSC
ocds-dgv273-seacev3-2026-10362-1,ocds-dgv273-seacev3-2026-10362-1-2026-04-24T10:18:35.875707-05:00,2388265,21220950,15101505,Diesel,UNSPSC
ocds-dgv273-seacev3-1197490,ocds-dgv273-seacev3-1197490-2026-04-24T10:18:35.660162-05:00,2387225,21226202,30111601,Cemento,UNSPSC
ocds-dgv273-seacev3-1196851,ocds-dgv273-seacev3-1196851-2026-04-24T10:18:35.315658-05:00,2388289,21224870,30111601,Cemento,UNSPSC
ocds-dgv273-seacev3-1197908,ocds-dgv273-seacev3-1197908-2026-04-24T10:18:30.533636-05:00,2388220,21227197,83121703,Servicios relacionados con Internet,UNSPSC
ocds-dgv273-seacev3-1200209,ocds-dgv273-seacev3-1200209-2026-04-24T10:18:29.765830-05:00,2388018,21233948,78101807,Servicio de transporte de carga química o petróleo,UNSPSC
ocds-dgv273-seacev3-1200209,ocds-dgv273-seacev3-1200209-2026-04-24T10:18:29.765830-05:00,2388018,21233947,78101807,Servicio de transporte de carga química o petróleo,UNSPSC
ocds-dgv273-seacev3-1193880,ocds-dgv273-seacev3-1193880-2026-04-24T10:18:29.197073-05:00,2388007,21217523,72101517,Servicio de mantenimiento y o reparación de generador portátil,UNSPSC
ocds-dgv273-seacev3-1198696,ocds-dgv273-seacev3-1198696-2026-04-24T10:18:28.882376-05:00,2388295,21229546,81101508,Ingeniería arquitectónica,UNSPSC
ocds-dgv273-seacev3-1198181,ocds-dgv273-seacev3-1198181-2026-04-24T10:18:28.452897-05:00,2388334,21227946,93141808,Servicios de seguridad o salud ocupacional,UNSPSC
ocds-dgv273-seacev3-1195361,ocds-dgv273-seacev3-1195361-2026-04-24T10:18:24.871722-05:00,2387836,21221394,25101901,Tractores agrícolas,UNSPSC
ocds-dgv273-seacev3-1205561,ocds-dgv273-seacev3-1205561-2026-04-24T10:18:23.920739-05:00,2388318,21249600,30121707,Panel con aislamiento acústico,UNSPSC
ocds-dgv273-seacev3-2026-1663-3,ocds-dgv273-seacev3-2026-1663-3-2026-04-24T10:18:23.673704-05:00,2388042,21227808,50192109,"Papas fritas en hojuelas y al hilo, mix de bocaditos o galletas saladas",UNSPSC
ocds-dgv273-seacev3-1192704,ocds-dgv273-seacev3-1192704-2026-04-24T10:18:23.388911-05:00,2387941,21214543,81101515,Ingeniería de infraestructura de plantas o instalaciones,UNSPSC
ocds-dgv273-seacev3-2026-1910-2,ocds-dgv273-seacev3-2026-1910-2-2026-04-23T10:37:08.410671-05:00,2387738,21224879,50131612,Huevos de gallina con cáscara para consumo,UNSPSC
ocds-dgv273-seacev3-1195123,ocds-dgv273-seacev3-1195123-2026-04-23T10:37:08.209840-05:00,2387722,21220933,32151502,Módulo de iluminación,UNSPSC
ocds-dgv273-seacev3-2026-1506-5,ocds-dgv273-seacev3-2026-1506-5-2026-04-23T10:37:08.110068-05:00,2387806,21217357,72121406,Servicios de construcción de escuelas,UNSPSC
ocds-dgv273-seacev3-1197546,ocds-dgv273-seacev3-1197546-2026-04-23T10:37:07.950879-05:00,2387215,21226265,72141003,Servicios de mantenimiento de pistas y carreteras,UNSPSC
ocds-dgv273-seacev3-2026-1002997844-8,ocds-dgv273-seacev3-2026-1002997844-8-2026-04-23T10:37:07.008674-05:00,2387849,21226922,72141003,Servicios de mantenimiento de pistas y carreteras,UNSPSC
ocds-dgv273-seacev3-1199922,ocds-dgv273-seacev3-1199922-2026-04-23T10:37:05.805194-05:00,2387681,21233107,81141504,Calibración o reparación de equipos de prueba,UNSPSC
ocds-dgv273-seacev3-1196048,ocds-dgv273-seacev3-1196048-2026-04-23T10:37:05.703677-05:00,2387735,21222817,72141003,Servicios de mantenimiento de pistas y carreteras,UNSPSC
ocds-dgv273-seacev3-1196717,ocds-dgv273-seacev3-1196717-2026-04-23T10:37:05.450322-05:00,2387904,21224558,80131502,Alquiler de instalaciones comerciales o industriales,UNSPSC
ocds-dgv273-seacev3-1192423,ocds-dgv273-seacev3-1192423-2026-04-23T10:37:05.270601-05:00,2387919,21213881,72121403,Servicios de construcción de hospitales,UNSPSC
ocds-dgv273-seacev3-1195770,ocds-dgv273-seacev3-1195770-2026-04-23T10:37:02.670153-05:00,2387828,21222420,12352106,Ácidos orgánicos o sus sustitutos,UNSPSC
ocds-dgv273-seacev3-1192346,ocds-dgv273-seacev3-1192346-2026-04-23T10:37:00.507375-05:00,2387695,21213696,72141701,Servicio de arrendamiento o alquiler de maquinaria de construcción,UNSPSC
ocds-dgv273-seacev3-1198831,ocds-dgv273-seacev3-1198831-2026-04-23T10:37:00.234635-05:00,2387896,21229982,10152001,Semillas o esquejes de árboles frutales,UNSPSC
ocds-dgv273-seacev3-1200362,ocds-dgv273-seacev3-1200362-2026-04-23T10:36:59.552625-05:00,2387839,21234453,30111601,Cemento,UNSPSC
ocds-dgv273-seacev3-2026-146-1,ocds-dgv273-seacev3-2026-146-1-2026-04-23T10:36:59.166375-05:00,2387965,21231336,15101505,Diesel,UNSPSC
ocds-dgv273-seacev3-2026-200182-6,ocds-dgv273-seacev3-2026-200182-6-2026-04-23T10:36:58.995856-05:00,2387932,21226478,72141003,Servicios de mantenimiento de pistas y carreteras,UNSPSC
ocds-dgv273-seacev3-1199333,ocds-dgv273-seacev3-1199333-2026-04-23T10:36:57.945050-05:00,2387736,21231412,53102799,Uniformes,UNSPSC
ocds-dgv273-seacev3-1194015,ocds-dgv273-seacev3-1194015-2026-04-23T10:36:57.584897-05:00,2387933,21217978,81101508,Ingeniería arquitectónica,UNSPSC
ocds-dgv273-seacev3-1201853,ocds-dgv273-seacev3-1201853-2026-04-23T10:36:56.541422-05:00,2387780,21239446,42294511,"Bisturís, cuchillas o tijeras para cirugía oftalmológica, o accesorios",UNSPSC
ocds-dgv273-seacev3-1193256,ocds-dgv273-seacev3-1193256-2026-04-23T10:36:55.812699-05:00,2387754,21215791,78101703,Servicios de transporte nacional por barcaza,UNSPSC
ocds-dgv273-seacev3-2026-20003-6,ocds-dgv273-seacev3-2026-20003-6-2026-04-23T10:36:55.118756-05:00,2387758,21226783,77121704,Servicios de tratamiento de aguas superficiales,UNSPSC
ocds-dgv273-seacev3-2026-1992-10,ocds-dgv273-seacev3-2026-1992-10-2026-04-23T10:36:54.523117-05:00,2387316,21217723,81112501,Servicio de licencias para software de computadoras,UNSPSC
ocds-dgv273-seacev3-1199210,ocds-dgv273-seacev3-1199210-2026-04-23T10:36:48.722165-05:00,2387985,21230955,72141003,Servicios de mantenimiento de pistas y carreteras,UNSPSC
ocds-dgv273-seacev3-1198881,ocds-dgv273-seacev3-1198881-2026-04-23T10:36:48.579716-05:00,2387929,21230018,72141003,Servicios de mantenimiento de pistas y carreteras,UNSPSC
ocds-dgv273-seacev3-1197402,ocds-dgv273-seacev3-1197402-2026-04-23T10:36:45.334642-05:00,2387541,21226017,78111502,Vuelo en avión comercial,UNSPSC
ocds-dgv273-seacev3-1195073,ocds-dgv273-seacev3-1195073-2026-04-23T10:36:45.270794-05:00,2387793,21220884,30103603,Madera para uso estructural,UNSPSC
ocds-dgv273-seacev3-1197952,ocds-dgv273-seacev3-1197952-2026-04-23T10:36:44.514194-05:00,2387858,21227323,72141003,Servicios de mantenimiento de pistas y carreteras,UNSPSC
ocds-dgv273-seacev3-2026-152051-2,ocds-dgv273-seacev3-2026-152051-2-2026-04-23T10:36:44.351961-05:00,2384523,21216520,51191602,Electrolitos de cloruro de sodio,UNSPSC
ocds-dgv273-seacev3-1199201,ocds-dgv273-seacev3-1199201-2026-04-23T10:36:43.920633-05:00,2387981,21230965,72141003,Servicios de mantenimiento de pistas y carreteras,UNSPSC
ocds-dgv273-seacev3-1202123,ocds-dgv273-seacev3-1202123-2026-04-23T10:36:43.575315-05:00,2387749,21239837,72121103,Servicios de renovación y reparación de edificios comerciales y de oficinas,UNSPSC
ocds-dgv273-seacev3-1196055,ocds-dgv273-seacev3-1196055-2026-04-23T10:36:37.767786-05:00,2387864,21222867,72141003,Servicios de mantenimiento de pistas y carreteras,UNSPSC
ocds-dgv273-seacev3-1199104,ocds-dgv273-seacev3-1199104-2026-04-23T10:36:37.508224-05:00,2387902,21230736,50407001,Alfalfa,UNSPSC
ocds-dgv273-seacev3-2026-41-107,ocds-dgv273-seacev3-2026-41-107-2026-04-23T10:36:37.029043-05:00,2387966,21225161,56101515,Camas,UNSPSC
ocds-dgv273-seacev3-1192355,ocds-dgv273-seacev3-1192355-2026-04-23T10:36:36.955696-05:00,2387728,21213737,72121406,Servicios de construcción de escuelas,UNSPSC
ocds-dgv273-seacev3-2026-200302-51,ocds-dgv273-seacev3-2026-200302-51-2026-04-23T10:36:36.764373-05:00,2387964,21215410,91111603,Servicios de cocina o preparación de comidas,UNSPSC
ocds-dgv273-seacev3-1192342,ocds-dgv273-seacev3-1192342-2026-04-23T10:36:34.328428-05:00,2387703,21213640,30131602,Ladrillos de cerámica,UNSPSC
ocds-dgv273-seacev3-1192838,ocds-dgv273-seacev3-1192838-2026-04-23T10:36:34.076315-05:00,2387877,21214824,72141001,Servicios de construcción de pistas y carreteras nuevas,UNSPSC
ocds-dgv273-seacev3-1197548,ocds-dgv273-seacev3-1197548-2026-04-23T10:36:33.620057-05:00,2387798,21226268,72141003,Servicios de mantenimiento de pistas y carreteras,UNSPSC
ocds-dgv273-seacev3-2026-45-19,ocds-dgv273-seacev3-2026-45-19-2026-04-23T10:36:32.575762-05:00,2387713,21234184,23271812,Varilla de soldadura,UNSPSC
ocds-dgv273-seacev3-1200772,ocds-dgv273-seacev3-1200772-2026-04-23T10:36:27.523588-05:00,2387825,21235870,80122101,Servicio de consultoría sobre derecho administrativo,UNSPSC
ocds-dgv273-seacev3-1192995,ocds-dgv273-seacev3-1192995-2026-04-23T10:36:26.968189-05:00,2387697,21215319,42152205,Unidades de curación de laboratorio dental,UNSPSC
ocds-dgv273-seacev3-1198867,ocds-dgv273-seacev3-1198867-2026-04-23T10:36:26.633534-05:00,2387947,21230007,72141003,Servicios de mantenimiento de pistas y carreteras,UNSPSC
ocds-dgv273-seacev3-1193062,ocds-dgv273-seacev3-1193062-2026-04-23T10:36:25.460431-05:00,2386858,21215414,72141701,Servicio de arrendamiento o alquiler de maquinaria de construcción,UNSPSC
ocds-dgv273-seacev3-1195875,ocds-dgv273-seacev3-1195875-2026-04-23T10:36:23.145910-05:00,2387955,21222623,72121406,Servicios de construcción de escuelas,UNSPSC
ocds-dgv273-seacev3-2026-200182-4,ocds-dgv273-seacev3-2026-200182-4-2026-04-23T10:36:22.870208-05:00,2387889,21226414,72141003,Servicios de mantenimiento de pistas y carreteras,UNSPSC
ocds-dgv273-seacev3-2026-200182-5,ocds-dgv273-seacev3-2026-200182-5-2026-04-23T10:36:22.634943-05:00,2387903,21226469,72141003,Servicios de mantenimiento de pistas y carreteras,UNSPSC
ocds-dgv273-seacev3-2026-531-4,ocds-dgv273-seacev3-2026-531-4-2026-04-23T10:36:21.951401-05:00,2387926,21214797,72121203,Servicios de construcción de silos y de edificaciones para servicio agrícola,UNSPSC
ocds-dgv273-seacev3-1193132,ocds-dgv273-seacev3-1193132-2026-04-23T10:36:21.611310-05:00,2387875,21215523,12141904,Oxígeno (O),UNSPSC
ocds-dgv273-seacev3-1199233,ocds-dgv273-seacev3-1199233-2026-04-23T10:36:16.628153-05:00,2387978,21230952,72141003,Servicios de mantenimiento de pistas y carreteras,UNSPSC
ocds-dgv273-seacev3-1197073,ocds-dgv273-seacev3-1197073-2026-04-23T10:36:16.611263-05:00,2387788,21225220,86121701,Programas de cursos universitarios,UNSPSC
ocds-dgv273-seacev3-2026-1901-4,ocds-dgv273-seacev3-2026-1901-4-2026-04-23T10:36:16.435189-05:00,2387887,21236292,91111603,Servicios de cocina o preparación de comidas,UNSPSC
ocds-dgv273-seacev3-2026-1002997844-1,ocds-dgv273-seacev3-2026-1002997844-1-2026-04-23T10:36:16.122510-05:00,2387661,21226770,72141003,Servicios de mantenimiento de pistas y carreteras,UNSPSC
ocds-dgv273-seacev3-1193441,ocds-dgv273-seacev3-1193441-2026-04-23T10:36:15.434087-05:00,2387710,21216492,80101513,Servicio de consultoría para la gestión de procesos y procedimientos,UNSPSC
ocds-dgv273-seacev3-2026-200182-7,ocds-dgv273-seacev3-2026-200182-7-2026-04-23T10:36:15.132884-05:00,2387939,21226509,72141003,Servicios de mantenimiento de pistas y carreteras,UNSPSC
ocds-dgv273-seacev3-2026-10249-19,ocds-dgv273-seacev3-2026-10249-19-2026-04-23T10:36:14.032817-05:00,2387987,21232980,72151514,Servicio de mantenimiento de energía de emergencia o de espera,UNSPSC
ocds-dgv273-seacev3-1195099,ocds-dgv273-seacev3-1195099-2026-04-23T10:36:13.592647-05:00,2387690,21220528,30102404,Varillas de acero,UNSPSC
ocds-dgv273-seacev3-2026-10247-37,ocds-dgv273-seacev3-2026-10247-37-2026-04-23T10:36:13.341697-05:00,2387907,21224996,90121502,Agencias de viajes,UNSPSC
ocds-dgv273-seacev3-1202190,ocds-dgv273-seacev3-1202190-2026-04-23T10:36:13.088471-05:00,2387868,21241944,81101515,Ingeniería de infraestructura de plantas o instalaciones,UNSPSC
ocds-dgv273-seacev3-1197776,ocds-dgv273-seacev3-1197776-2026-04-23T10:36:11.909590-05:00,2387762,21226944,30111601,Cemento,UNSPSC
ocds-dgv273-seacev3-2026-200182-8,ocds-dgv273-seacev3-2026-200182-8-2026-04-23T10:36:11.823855-05:00,2387944,21226550,72141003,Servicios de mantenimiento de pistas y carreteras,UNSPSC
ocds-dgv273-seacev3-2026-679-5,ocds-dgv273-seacev3-2026-679-5-2026-04-23T10:36:11.655631-05:00,2387969,21223408,72153103,Servicios de construcción de patios de recreo e instalación de equipos,UNSPSC
ocds-dgv273-seacev3-1196607,ocds-dgv273-seacev3-1196607-2026-04-23T10:36:11.091953-05:00,2387874,21224208,41114301,Corrientímetro de corriente abierta,UNSPSC
ocds-dgv273-seacev3-1193408,ocds-dgv273-seacev3-1193408-2026-04-23T10:36:10.000009-05:00,2387838,21216277,30111601,Cemento,UNSPSC
ocds-dgv273-seacev3-1196060,ocds-dgv273-seacev3-1196060-2026-04-23T10:36:05.719866-05:00,2387977,21222869,72141003,Servicios de mantenimiento de pistas y carreteras,UNSPSC
ocds-dgv273-seacev3-1196655,ocds-dgv273-seacev3-1196655-2026-04-23T10:36:05.555519-05:00,2387741,21224319,72141505,Servicios de movimientos de tierras,UNSPSC
ocds-dgv273-seacev3-1197672,ocds-dgv273-seacev3-1197672-2026-04-23T10:36:04.891441-05:00,2387756,21226581,50221101,Granos de cereal,UNSPSC
ocds-dgv273-seacev3-1192765,ocds-dgv273-seacev3-1192765-2026-04-23T10:36:04.446726-05:00,2387802,21214674,81101510,Ingeniería de carreteras,UNSPSC
ocds-dgv273-seacev3-1200791,ocds-dgv273-seacev3-1200791-2026-04-23T10:36:03.416158-05:00,2387924,21235888,41115804,Accesorios o suministros de analizadores de banco de sangre,UNSPSC
ocds-dgv273-seacev3-1197369,ocds-dgv273-seacev3-1197369-2026-04-23T10:36:00.917722-05:00,2387799,21226219,81101510,Ingeniería de carreteras,UNSPSC
ocds-dgv273-seacev3-1201721,ocds-dgv273-seacev3-1201721-2026-04-23T10:36:00.304149-05:00,2384424,21238467,82101603,Publicidad en Internet,UNSPSC
ocds-dgv273-seacev3-1197721,ocds-dgv273-seacev3-1197721-2026-04-23T10:35:59.960309-05:00,2387693,21226728,47101538,Digestores de lodos o aguas residuales,UNSPSC
ocds-dgv273-seacev3-2026-1558-1,ocds-dgv273-seacev3-2026-1558-1-2026-04-23T10:35:59.820155-05:00,2387952,21219797,72141107,Servicios de construcción y reparación de puentes,UNSPSC
ocds-dgv273-seacev3-2026-200182-3,ocds-dgv273-seacev3-2026-200182-3-2026-04-23T10:35:59.679628-05:00,2387829,21226236,72141003,Servicios de mantenimiento de pistas y carreteras,UNSPSC
ocds-dgv273-seacev3-2026-261929-4,ocds-dgv273-seacev3-2026-261929-4-2026-04-23T10:35:59.493969-05:00,2387774,21220247,83121703,Servicios relacionados con Internet,UNSPSC
ocds-dgv273-seacev3-1202089,ocds-dgv273-seacev3-1202089-2026-04-23T10:35:54.017045-05:00,2387739,21241524,72121103,Servicios de renovación y reparación de edificios comerciales y de oficinas,UNSPSC
ocds-dgv273-seacev3-2026-10588-5,ocds-dgv273-seacev3-2026-10588-5-2026-04-23T10:35:53.878660-05:00,2387881,21229255,81101507,Ingeniería de presas,UNSPSC
ocds-dgv273-seacev3-1199518,ocds-dgv273-seacev3-1199518-2026-04-23T10:35:52.559940-05:00,2387982,21231709,72141003,Servicios de mantenimiento de pistas y carreteras,UNSPSC
ocds-dgv273-seacev3-1193537,ocds-dgv273-seacev3-1193537-2026-04-23T10:35:52.402653-05:00,2387731,21216648,12352311,Alúmina y otros compuestos de aluminio,UNSPSC
ocds-dgv273-seacev3-1199692,ocds-dgv273-seacev3-1199692-2026-04-23T10:35:52.199633-05:00,2387883,21232604,50192109,"Papas fritas en hojuelas y al hilo, mix de bocaditos o galletas saladas",UNSPSC
ocds-dgv273-seacev3-2026-1002997844-3,ocds-dgv273-seacev3-2026-1002997844-3-2026-04-23T10:35:52.062101-05:00,2387869,21227100,72141003,Servicios de mantenimiento de pistas y carreteras,UNSPSC
ocds-dgv273-seacev3-1198936,ocds-dgv273-seacev3-1198936-2026-04-23T10:35:52.022320-05:00,2387679,21230219,15121501,Aceite de motor,UNSPSC
ocds-dgv273-seacev3-1198227,ocds-dgv273-seacev3-1198227-2026-04-23T10:35:49.287213-05:00,2387699,21228057,23141608,Máquina depiladora,UNSPSC
ocds-dgv273-seacev3-1199427,ocds-dgv273-seacev3-1199427-2026-04-23T10:35:49.157707-05:00,2387984,21231333,72141003,Servicios de mantenimiento de pistas y carreteras,UNSPSC
ocds-dgv273-seacev3-2026-10137-16,ocds-dgv273-seacev3-2026-10137-16-2026-04-23T10:35:48.956472-05:00,2387901,21222370,15111510,Gas de petróleo licuefactado,UNSPSC
ocds-dgv273-seacev3-2026-1116-2,ocds-dgv273-seacev3-2026-1116-2-2026-04-23T10:35:48.395599-05:00,2386439,21223158,50131702,Leche o productos de mantequilla estables sin refrigerar,UNSPSC
ocds-dgv273-seacev3-1198155,ocds-dgv273-seacev3-1198155-2026-04-23T10:35:48.276772-05:00,2387752,21227923,72141505,Servicios de movimientos de tierras,UNSPSC
ocds-dgv273-seacev3-2026-1002997844-9,ocds-dgv273-seacev3-2026-1002997844-9-2026-04-23T10:35:47.862919-05:00,2387854,21227180,72141003,Servicios de mantenimiento de pistas y carreteras,UNSPSC
ocds-dgv273-seacev3-1196837,ocds-dgv273-seacev3-1196837-2026-04-22T10:35:58.748069-05:00,2387497,21224839,50121537,Pescado congelado,UNSPSC
ocds-dgv273-seacev3-2026-1377-2,ocds-dgv273-seacev3-2026-1377-2-2026-04-22T10:35:56.320649-05:00,2387429,21224957,72121406,Servicios de construcción de escuelas,UNSPSC
ocds-dgv273-seacev3-1192818,ocds-dgv273-seacev3-1192818-2026-04-22T10:35:55.823129-05:00,2387540,21214823,91111601,Servicios de limpieza y mantenimiento,UNSPSC
ocds-dgv273-seacev3-1194928,ocds-dgv273-seacev3-1194928-2026-04-22T10:35:54.380198-05:00,2387445,21220223,72141003,Servicios de mantenimiento de pistas y carreteras,UNSPSC
ocds-dgv273-seacev3-1195589,ocds-dgv273-seacev3-1195589-2026-04-22T10:35:54.176037-05:00,2387569,21222095,50121538,Pescado estable sin refrigerar,UNSPSC
ocds-dgv273-seacev3-2026-10247-112,ocds-dgv273-seacev3-2026-10247-112-2026-04-22T10:35:53.084393-05:00,2387554,21225265,80141607,Gestión de eventos,UNSPSC
ocds-dgv273-seacev3-1200506,ocds-dgv273-seacev3-1200506-2026-04-22T10:35:52.886674-05:00,2387461,21234969,10151999,"Semillas, bulbos, plántulas y esquejes de Flores",UNSPSC
ocds-dgv273-seacev3-1197498,ocds-dgv273-seacev3-1197498-2026-04-22T10:35:52.272822-05:00,2384560,21226358,92101501,Servicios de vigilancia,UNSPSC
ocds-dgv273-seacev3-1197245,ocds-dgv273-seacev3-1197245-2026-04-22T10:35:45.550895-05:00,2387436,21225578,42231806,Alimento nutritivo médico o espesadores de líquido,UNSPSC
ocds-dgv273-seacev3-1195881,ocds-dgv273-seacev3-1195881-2026-04-22T10:35:45.535322-05:00,2387485,21222649,81101510,Ingeniería de carreteras,UNSPSC
ocds-dgv273-seacev3-1197091,ocds-dgv273-seacev3-1197091-2026-04-22T10:35:45.056793-05:00,2387586,21225308,72141003,Servicios de mantenimiento de pistas y carreteras,UNSPSC
ocds-dgv273-seacev3-1200258,ocds-dgv273-seacev3-1200258-2026-04-22T10:35:44.554880-05:00,2387372,21234276,15121501,Aceite de motor,UNSPSC
ocds-dgv273-seacev3-1194287,ocds-dgv273-seacev3-1194287-2026-04-22T10:35:44.406085-05:00,2387607,21218633,76101602,Encapsulación o eliminación de asbestos,UNSPSC
ocds-dgv273-seacev3-1198770,ocds-dgv273-seacev3-1198770-2026-04-22T10:35:44.252518-05:00,2387382,21229769,15101505,Diesel,UNSPSC
ocds-dgv273-seacev3-1194912,ocds-dgv273-seacev3-1194912-2026-04-22T10:35:44.094394-05:00,2387437,21220285,72141003,Servicios de mantenimiento de pistas y carreteras,UNSPSC
ocds-dgv273-seacev3-1195799,ocds-dgv273-seacev3-1195799-2026-04-22T10:35:44.045925-05:00,2387483,21222440,78111808,Alquiler de vehículos,UNSPSC
ocds-dgv273-seacev3-2026-49-129,ocds-dgv273-seacev3-2026-49-129-2026-04-22T10:35:43.702441-05:00,2387676,21220385,30111601,Cemento,UNSPSC
ocds-dgv273-seacev3-1199242,ocds-dgv273-seacev3-1199242-2026-04-22T10:35:43.071205-05:00,2387651,21231018,72141003,Servicios de mantenimiento de pistas y carreteras,UNSPSC
ocds-dgv273-seacev3-2026-10487-3,ocds-dgv273-seacev3-2026-10487-3-2026-04-22T10:35:43.041051-05:00,2387656,21227166,85121603,Servicios de cardiología,UNSPSC
ocds-dgv273-seacev3-1199473,ocds-dgv273-seacev3-1199473-2026-04-22T10:35:42.797999-05:00,2387672,21231682,72141003,Servicios de mantenimiento de pistas y carreteras,UNSPSC
ocds-dgv273-seacev3-1198473,ocds-dgv273-seacev3-1198473-2026-04-22T10:35:42.645931-05:00,2387653,21228683,30111601,Cemento,UNSPSC
ocds-dgv273-seacev3-1199094,ocds-dgv273-seacev3-1199094-2026-04-22T10:35:41.976649-05:00,2387160,21230731,80131502,Alquiler de instalaciones comerciales o industriales,UNSPSC
ocds-dgv273-seacev3-1199094,ocds-dgv273-seacev3-1199094-2026-04-22T10:35:41.976649-05:00,2387464,21230730,80131502,Alquiler de instalaciones comerciales o industriales,UNSPSC
ocds-dgv273-seacev3-1196701,ocds-dgv273-seacev3-1196701-2026-04-22T10:35:41.958263-05:00,2387583,21224448,72121103,Servicios de renovación y reparación de edificios comerciales y de oficinas,UNSPSC
ocds-dgv273-seacev3-2026-1468-6,ocds-dgv273-seacev3-2026-1468-6-2026-04-22T10:35:41.935781-05:00,2387490,21214215,50221101,Granos de cereal,UNSPSC
ocds-dgv273-seacev3-1199421,ocds-dgv273-seacev3-1199421-2026-04-22T10:35:37.660202-05:00,2387318,21231401,78102203,"Servicios de envío, recojo o entrega de correspondencia",UNSPSC
ocds-dgv273-seacev3-1195061,ocds-dgv273-seacev3-1195061-2026-04-22T10:35:36.702732-05:00,2387663,21220472,81101508,Ingeniería arquitectónica,UNSPSC
ocds-dgv273-seacev3-1195084,ocds-dgv273-seacev3-1195084-2026-04-22T10:35:36.327544-05:00,2387629,21235246,81101510,Ingeniería de carreteras,UNSPSC
ocds-dgv273-seacev3-1195921,ocds-dgv273-seacev3-1195921-2026-04-22T10:35:35.451797-05:00,2387677,21222710,30121702,Geotextil,UNSPSC
ocds-dgv273-seacev3-1195921,ocds-dgv273-seacev3-1195921-2026-04-22T10:35:35.451797-05:00,2387677,21222709,30121702,Geotextil,UNSPSC
ocds-dgv273-seacev3-1195921,ocds-dgv273-seacev3-1195921-2026-04-22T10:35:35.451797-05:00,2387677,21222708,30121702,Geotextil,UNSPSC
ocds-dgv273-seacev3-1195921,ocds-dgv273-seacev3-1195921-2026-04-22T10:35:35.451797-05:00,2387677,21222707,30121702,Geotextil,UNSPSC
ocds-dgv273-seacev3-1192206,ocds-dgv273-seacev3-1192206-2026-04-22T10:35:35.362505-05:00,2387400,21213320,78111808,Alquiler de vehículos,UNSPSC
ocds-dgv273-seacev3-1195782,ocds-dgv273-seacev3-1195782-2026-04-22T10:35:35.299705-05:00,2387466,21222435,48101517,Hornos de uso comercial,UNSPSC
ocds-dgv273-seacev3-1194640,ocds-dgv273-seacev3-1194640-2026-04-22T10:35:34.308043-05:00,2387419,21219672,72141003,Servicios de mantenimiento de pistas y carreteras,UNSPSC
ocds-dgv273-seacev3-2026-1530-2,ocds-dgv273-seacev3-2026-1530-2-2026-04-22T10:35:34.251887-05:00,2387642,21223121,50221108,Grano de arroz,UNSPSC
ocds-dgv273-seacev3-2026-840-1,ocds-dgv273-seacev3-2026-840-1-2026-04-22T10:35:34.200062-05:00,2387019,21236388,47101538,Digestores de lodos o aguas residuales,UNSPSC
ocds-dgv273-seacev3-1197125,ocds-dgv273-seacev3-1197125-2026-04-22T10:35:34.185360-05:00,2387460,21225320,72141003,Servicios de mantenimiento de pistas y carreteras,UNSPSC
ocds-dgv273-seacev3-1195584,ocds-dgv273-seacev3-1195584-2026-04-22T10:35:33.616802-05:00,2387559,21222072,30111601,Cemento,UNSPSC
ocds-dgv273-seacev3-2026-1871-5,ocds-dgv273-seacev3-2026-1871-5-2026-04-22T10:35:32.171197-05:00,2387439,21219771,24111503,Bolsas de plástico,UNSPSC
ocds-dgv273-seacev3-1194333,ocds-dgv273-seacev3-1194333-2026-04-22T10:35:31.020566-05:00,2387640,21218882,72121406,Servicios de construcción de escuelas,UNSPSC
ocds-dgv273-seacev3-1192318,ocds-dgv273-seacev3-1192318-2026-04-22T10:35:30.674891-05:00,2387526,21213649,80131502,Alquiler de instalaciones comerciales o industriales,UNSPSC
ocds-dgv273-seacev3-2026-39-3,ocds-dgv273-seacev3-2026-39-3-2026-04-22T10:35:25.948716-05:00,2387604,21213813,15101505,Diesel,UNSPSC
ocds-dgv273-seacev3-1194531,ocds-dgv273-seacev3-1194531-2026-04-22T10:35:24.611066-05:00,2387492,21219474,72101507,Servicio de mantenimiento de edificios,UNSPSC
ocds-dgv273-seacev3-1202237,ocds-dgv273-seacev3-1202237-2026-04-22T10:35:24.532642-05:00,2387654,21239971,10121702,Alimento granulado para peces,UNSPSC
ocds-dgv273-seacev3-1194865,ocds-dgv273-seacev3-1194865-2026-04-22T10:35:24.293156-05:00,2387440,21219928,72141003,Servicios de mantenimiento de pistas y carreteras,UNSPSC
ocds-dgv273-seacev3-1194848,ocds-dgv273-seacev3-1194848-2026-04-22T10:35:24.277810-05:00,2387433,21220166,72141003,Servicios de mantenimiento de pistas y carreteras,UNSPSC
ocds-dgv273-seacev3-1190313,ocds-dgv273-seacev3-1190313-2026-04-22T10:35:22.119797-05:00,2387494,21208641,72141106,Servicios de construcción de caminos de grava o tierra,UNSPSC
ocds-dgv273-seacev3-1194746,ocds-dgv273-seacev3-1194746-2026-04-22T10:35:21.979359-05:00,2387662,21219825,72121406,Servicios de construcción de escuelas,UNSPSC
ocds-dgv273-seacev3-1194703,ocds-dgv273-seacev3-1194703-2026-04-22T10:35:21.671456-05:00,2387427,21219770,72141003,Servicios de mantenimiento de pistas y carreteras,UNSPSC
ocds-dgv273-seacev3-2026-28-97,ocds-dgv273-seacev3-2026-28-97-2026-04-22T10:35:21.304574-05:00,2387610,21213683,81112101,Proveedores de servicios de Internet,UNSPSC
ocds-dgv273-seacev3-1197096,ocds-dgv273-seacev3-1197096-2026-04-22T10:35:20.799468-05:00,2387456,21225314,72141003,Servicios de mantenimiento de pistas y carreteras,UNSPSC
ocds-dgv273-seacev3-2026-10487-6,ocds-dgv273-seacev3-2026-10487-6-2026-04-22T10:35:15.708030-05:00,2387667,21227303,76122003,Disposición final para desechos peligrosos,UNSPSC
ocds-dgv273-seacev3-1196128,ocds-dgv273-seacev3-1196128-2026-04-22T10:35:15.539630-05:00,2387424,21222985,30102403,Varillas de hierro,UNSPSC
ocds-dgv273-seacev3-1198934,ocds-dgv273-seacev3-1198934-2026-04-22T10:35:14.789402-05:00,2387417,21230381,81101508,Ingeniería arquitectónica,UNSPSC
ocds-dgv273-seacev3-2026-1642-14,ocds-dgv273-seacev3-2026-1642-14-2026-04-22T10:35:14.388004-05:00,2387457,21222703,81101508,Ingeniería arquitectónica,UNSPSC
ocds-dgv273-seacev3-1192500,ocds-dgv273-seacev3-1192500-2026-04-22T10:35:14.159308-05:00,2387542,21214187,78101807,Servicio de transporte de carga química o petróleo,UNSPSC
ocds-dgv273-seacev3-1201056,ocds-dgv273-seacev3-1201056-2026-04-22T10:35:13.917457-05:00,2387646,21236597,15121501,Aceite de motor,UNSPSC
ocds-dgv273-seacev3-1195943,ocds-dgv273-seacev3-1195943-2026-04-22T10:35:13.367182-05:00,2387356,21222717,81101515,Ingeniería de infraestructura de plantas o instalaciones,UNSPSC
ocds-dgv273-seacev3-2026-1949-7,ocds-dgv273-seacev3-2026-1949-7-2026-04-22T10:35:13.288121-05:00,2387402,21226786,81161501,Servicio de administración de aplicaciones de software,UNSPSC
ocds-dgv273-seacev3-1200000,ocds-dgv273-seacev3-1200000-2026-04-22T10:35:12.963866-05:00,2387665,21233213,72141003,Servicios de mantenimiento de pistas y carreteras,UNSPSC
ocds-dgv273-seacev3-1205381,ocds-dgv273-seacev3-1205381-2026-04-22T10:35:11.218584-05:00,2387434,21249432,41114528,Instrumento de medición de los mecanismos de planeamiento del movimiento,UNSPSC
ocds-dgv273-seacev3-1195180,ocds-dgv273-seacev3-1195180-2026-04-22T10:35:10.617609-05:00,2387591,21221056,50221101,Granos de cereal,UNSPSC
ocds-dgv273-seacev3-2026-53-27,ocds-dgv273-seacev3-2026-53-27-2026-04-22T10:35:03.259559-05:00,2387474,21235252,82121701,Servicios de fotocopiado en blanco y negro o compaginación,UNSPSC
ocds-dgv273-seacev3-1201250,ocds-dgv273-seacev3-1201250-2026-04-22T10:35:03.105668-05:00,2387365,21237166,80131502,Alquiler de instalaciones comerciales o industriales,UNSPSC
ocds-dgv273-seacev3-2026-1642-13,ocds-dgv273-seacev3-2026-1642-13-2026-04-22T10:35:02.828470-05:00,2387453,21215295,72153102,Servicios de construcción de campos deportivos interiores,UNSPSC
ocds-dgv273-seacev3-2026-10141-40,ocds-dgv273-seacev3-2026-10141-40-2026-04-22T10:35:02.810398-05:00,2387488,21213299,10171504,Compost,UNSPSC
ocds-dgv273-seacev3-1192474,ocds-dgv273-seacev3-1192474-2026-04-22T10:35:02.584813-05:00,2387500,21213977,40142007,Mangueras especiales,UNSPSC
ocds-dgv273-seacev3-1193296,ocds-dgv273-seacev3-1193296-2026-04-22T10:35:01.518203-05:00,2387394,21216061,72141107,Servicios de construcción y reparación de puentes,UNSPSC
ocds-dgv273-seacev3-1197874,ocds-dgv273-seacev3-1197874-2026-04-22T10:34:59.990467-05:00,2387660,21227176,85121701,Servicios de psicoterapeutas,UNSPSC
ocds-dgv273-seacev3-1194646,ocds-dgv273-seacev3-1194646-2026-04-22T10:34:59.408076-05:00,2387619,21219622,50131702,Leche o productos de mantequilla estables sin refrigerar,UNSPSC
ocds-dgv273-seacev3-1201573,ocds-dgv273-seacev3-1201573-2026-04-22T10:34:54.071815-05:00,2387444,21238006,72152602,Servicios de canaletas y bajadas de agua,UNSPSC
ocds-dgv273-seacev3-1194361,ocds-dgv273-seacev3-1194361-2026-04-22T10:34:53.035746-05:00,2387373,21219061,76122003,Disposición final para desechos peligrosos,UNSPSC
ocds-dgv273-seacev3-1201027,ocds-dgv273-seacev3-1201027-2026-04-22T10:34:52.235191-05:00,2387641,21236580,25172002,Sistemas de suspensión para camiones,UNSPSC
ocds-dgv273-seacev3-1200350,ocds-dgv273-seacev3-1200350-2026-04-22T10:34:50.206057-05:00,2387568,21234692,72141106,Servicios de construcción de caminos de grava o tierra,UNSPSC
ocds-dgv273-seacev3-1200406,ocds-dgv273-seacev3-1200406-2026-04-22T10:34:48.745853-05:00,2387558,21235006,80101606,Evaluación y monitoreo de proyectos,UNSPSC
ocds-dgv273-seacev3-1201465,ocds-dgv273-seacev3-1201465-2026-04-22T10:34:48.681674-05:00,2387463,21238086,56101515,Camas,UNSPSC
ocds-dgv273-seacev3-1193081,ocds-dgv273-seacev3-1193081-2026-04-22T10:34:47.963631-05:00,2387496,21215478,92101805,Procesos de apelación o revisiones judiciales,UNSPSC
ocds-dgv273-seacev3-1201679,ocds-dgv273-seacev3-1201679-2026-04-22T10:34:47.380082-05:00,2387508,21238362,42295160,Accesorios para el equipo de facoemulsificación o extrusión o vitrectomía,UNSPSC
ocds-dgv273-seacev3-1197031,ocds-dgv273-seacev3-1197031-2026-04-21T10:15:06.302272-05:00,2387359,21225089,15101505,Diesel,UNSPSC
ocds-dgv273-seacev3-1195733,ocds-dgv273-seacev3-1195733-2026-04-20T10:03:04.694088-05:00,2387357,21222389,72121403,Servicios de construcción de hospitales,UNSPSC
ocds-dgv273-seacev3-1199032,ocds-dgv273-seacev3-1199032-2026-04-19T10:08:40.568713-05:00,2387135,21230523,72141003,Servicios de mantenimiento de pistas y carreteras,UNSPSC
ocds-dgv273-seacev3-1194647,ocds-dgv273-seacev3-1194647-2026-04-19T10:08:39.915106-05:00,2387208,21219678,50221101,Granos de cereal,UNSPSC
ocds-dgv273-seacev3-1196399,ocds-dgv273-seacev3-1196399-2026-04-19T10:08:39.621808-05:00,2387286,21223618,84131612,Seguro de compensación laboral,UNSPSC
ocds-dgv273-seacev3-1194465,ocds-dgv273-seacev3-1194465-2026-04-19T10:08:39.448678-05:00,2387044,21219039,72141701,Servicio de arrendamiento o alquiler de maquinaria de construcción,UNSPSC
ocds-dgv273-seacev3-1199065,ocds-dgv273-seacev3-1199065-2026-04-19T10:08:37.884660-05:00,2387141,21230653,72141003,Servicios de mantenimiento de pistas y carreteras,UNSPSC
ocds-dgv273-seacev3-1193997,ocds-dgv273-seacev3-1193997-2026-04-19T10:08:37.457347-05:00,2387058,21217919,80101507,Servicios de consultoría de informática,UNSPSC
ocds-dgv273-seacev3-1198969,ocds-dgv273-seacev3-1198969-2026-04-19T10:08:37.241719-05:00,2387119,21230222,72141003,Servicios de mantenimiento de pistas y carreteras,UNSPSC
ocds-dgv273-seacev3-2026-1541-3,ocds-dgv273-seacev3-2026-1541-3-2026-04-19T10:08:36.729032-05:00,2387302,21215738,30111601,Cemento,UNSPSC
ocds-dgv273-seacev3-1198974,ocds-dgv273-seacev3-1198974-2026-04-19T10:08:36.487668-05:00,2387123,21230230,72141003,Servicios de mantenimiento de pistas y carreteras,UNSPSC
ocds-dgv273-seacev3-1199271,ocds-dgv273-seacev3-1199271-2026-04-19T10:08:36.294569-05:00,2387333,21231089,83121703,Servicios relacionados con Internet,UNSPSC
ocds-dgv273-seacev3-1192234,ocds-dgv273-seacev3-1192234-2026-04-19T10:08:33.560248-05:00,2387337,21213537,51131604,Warfarina sódica,UNSPSC
ocds-dgv273-seacev3-1196625,ocds-dgv273-seacev3-1196625-2026-04-19T10:08:33.324788-05:00,2387332,21224236,11111611,Grava,UNSPSC
ocds-dgv273-seacev3-1199180,ocds-dgv273-seacev3-1199180-2026-04-19T10:08:33.012772-05:00,2387272,21230925,43211521,Computadora fija todo en uno,UNSPSC
ocds-dgv273-seacev3-1198886,ocds-dgv273-seacev3-1198886-2026-04-19T10:08:32.654031-05:00,2387041,21230014,72141505,Servicios de movimientos de tierras,UNSPSC
ocds-dgv273-seacev3-1199118,ocds-dgv273-seacev3-1199118-2026-04-19T10:08:32.621955-05:00,2387149,21230758,51131909,Albúmina humana,UNSPSC
ocds-dgv273-seacev3-2026-1199-4,ocds-dgv273-seacev3-2026-1199-4-2026-04-19T10:08:32.227665-05:00,2387307,21221133,15101505,Diesel,UNSPSC
ocds-dgv273-seacev3-2026-1493-29,ocds-dgv273-seacev3-2026-1493-29-2026-04-19T10:08:31.993415-05:00,2387236,21217544,81101508,Ingeniería arquitectónica,UNSPSC
ocds-dgv273-seacev3-1201241,ocds-dgv273-seacev3-1201241-2026-04-19T10:08:31.895562-05:00,2387205,21237129,42295160,Accesorios para el equipo de facoemulsificación o extrusión o vitrectomía,UNSPSC
ocds-dgv273-seacev3-1197420,ocds-dgv273-seacev3-1197420-2026-04-19T10:08:30.352317-05:00,2387102,21226074,30103606,Armazones de madera,UNSPSC
ocds-dgv273-seacev3-1192510,ocds-dgv273-seacev3-1192510-2026-04-19T10:08:30.211050-05:00,2387070,21214212,76122003,Disposición final para desechos peligrosos,UNSPSC
ocds-dgv273-seacev3-2026-200212-14,ocds-dgv273-seacev3-2026-200212-14-2026-04-19T10:08:30.014905-05:00,2387323,21219507,72141003,Servicios de mantenimiento de pistas y carreteras,UNSPSC
ocds-dgv273-seacev3-1193798,ocds-dgv273-seacev3-1193798-2026-04-19T10:08:29.948978-05:00,2387297,21217329,41115804,Accesorios o suministros de analizadores de banco de sangre,UNSPSC
ocds-dgv273-seacev3-1199093,ocds-dgv273-seacev3-1199093-2026-04-19T10:08:29.873920-05:00,2387180,21230729,72141003,Servicios de mantenimiento de pistas y carreteras,UNSPSC
ocds-dgv273-seacev3-1197766,ocds-dgv273-seacev3-1197766-2026-04-19T10:08:28.739505-05:00,2387273,21226855,81101508,Ingeniería arquitectónica,UNSPSC
ocds-dgv273-seacev3-2026-10249-83,ocds-dgv273-seacev3-2026-10249-83-2026-04-19T10:08:28.561264-05:00,2387355,21224540,73152109,Servicio de mantenimiento y alquiler de escala de peso industrial,UNSPSC
ocds-dgv273-seacev3-1194106,ocds-dgv273-seacev3-1194106-2026-04-19T10:08:28.543248-05:00,2387300,21218198,72141003,Servicios de mantenimiento de pistas y carreteras,UNSPSC
ocds-dgv273-seacev3-2026-1039-3,ocds-dgv273-seacev3-2026-1039-3-2026-04-19T10:08:28.434201-05:00,2387164,21213970,24112110,Contenedores a granel intermedios,UNSPSC
ocds-dgv273-seacev3-1195256,ocds-dgv273-seacev3-1195256-2026-04-19T10:08:28.250932-05:00,2387324,21221293,15101505,Diesel,UNSPSC
ocds-dgv273-seacev3-1180961,ocds-dgv273-seacev3-1180961-2026-04-19T10:08:28.014199-05:00,2383607,21184759,25181702,Remolques de plataforma,UNSPSC
ocds-dgv273-seacev3-1199019,ocds-dgv273-seacev3-1199019-2026-04-19T10:08:27.556098-05:00,2387303,21230512,30121702,Geotextil,UNSPSC
ocds-dgv273-seacev3-1199108,ocds-dgv273-seacev3-1199108-2026-04-19T10:08:22.880442-05:00,2387187,21230746,72141003,Servicios de mantenimiento de pistas y carreteras,UNSPSC
ocds-dgv273-seacev3-1199117,ocds-dgv273-seacev3-1199117-2026-04-19T10:08:22.675906-05:00,2387221,21230753,72141003,Servicios de mantenimiento de pistas y carreteras,UNSPSC
ocds-dgv273-seacev3-1198949,ocds-dgv273-seacev3-1198949-2026-04-19T10:08:22.609818-05:00,2387107,21230408,72141003,Servicios de mantenimiento de pistas y carreteras,UNSPSC
ocds-dgv273-seacev3-1193388,ocds-dgv273-seacev3-1193388-2026-04-19T10:08:22.165372-05:00,2386197,21216234,83111602,Servicios de sistemas de comunicación por satélite o terrestre,UNSPSC
ocds-dgv273-seacev3-1193502,ocds-dgv273-seacev3-1193502-2026-04-19T10:08:21.565546-05:00,2387109,21216603,85161501,Mantenimiento o reparación de bienes de equipo médico,UNSPSC
ocds-dgv273-seacev3-1192271,ocds-dgv273-seacev3-1192271-2026-04-19T10:08:21.373725-05:00,2387084,21213382,80141601,Servicios de promoción de ventas,UNSPSC
ocds-dgv273-seacev3-1198996,ocds-dgv273-seacev3-1198996-2026-04-19T10:08:21.312716-05:00,2387127,21230502,72141003,Servicios de mantenimiento de pistas y carreteras,UNSPSC
ocds-dgv273-seacev3-1196753,ocds-dgv273-seacev3-1196753-2026-04-19T10:08:20.650492-05:00,2387350,21224739,51191910,Calcitriol,UNSPSC
ocds-dgv273-seacev3-1195629,ocds-dgv273-seacev3-1195629-2026-04-19T10:08:19.214327-05:00,2387203,21222157,72141701,Servicio de arrendamiento o alquiler de maquinaria de construcción,UNSPSC
ocds-dgv273-seacev3-1200145,ocds-dgv273-seacev3-1200145-2026-04-19T10:08:18.627109-05:00,2387042,21234296,76122003,Disposición final para desechos peligrosos,UNSPSC
ocds-dgv273-seacev3-1197188,ocds-dgv273-seacev3-1197188-2026-04-19T10:08:18.304797-05:00,2387106,21225461,91111603,Servicios de cocina o preparación de comidas,UNSPSC
ocds-dgv273-seacev3-1205099,ocds-dgv273-seacev3-1205099-2026-04-19T10:08:18.253798-05:00,2387277,21248531,86101807,Desarrollo de fuerza de trabajo del sector administrativo,UNSPSC
ocds-dgv273-seacev3-2026-200132-2,ocds-dgv273-seacev3-2026-200132-2-2026-04-19T10:08:17.089600-05:00,2387091,21217517,78101703,Servicios de transporte nacional por barcaza,UNSPSC
ocds-dgv273-seacev3-2026-200545-1,ocds-dgv273-seacev3-2026-200545-1-2026-04-19T10:08:14.289416-05:00,2387288,21221845,92101501,Servicios de vigilancia,UNSPSC
ocds-dgv273-seacev3-1196155,ocds-dgv273-seacev3-1196155-2026-04-19T10:08:14.044012-05:00,2387131,21223059,51112022,Ibrutinib,UNSPSC
ocds-dgv273-seacev3-2026-1272-8,ocds-dgv273-seacev3-2026-1272-8-2026-04-19T10:08:13.929808-05:00,2387204,21219810,50131702,Leche o productos de mantequilla estables sin refrigerar,UNSPSC
ocds-dgv273-seacev3-1197213,ocds-dgv273-seacev3-1197213-2026-04-19T10:08:13.157967-05:00,2387197,21225552,51191605,Agua esteril para inyección,UNSPSC
ocds-dgv273-seacev3-2026-2353-2,ocds-dgv273-seacev3-2026-2353-2-2026-04-19T10:08:12.573911-05:00,2387345,21214919,12352311,Alúmina y otros compuestos de aluminio,UNSPSC
ocds-dgv273-seacev3-2026-49-103,ocds-dgv273-seacev3-2026-49-103-2026-04-19T10:08:12.210376-05:00,2387110,21217570,30111601,Cemento,UNSPSC
ocds-dgv273-seacev3-2026-1493-6,ocds-dgv273-seacev3-2026-1493-6-2026-04-19T10:08:12.040243-05:00,2387227,21217525,81101508,Ingeniería arquitectónica,UNSPSC
ocds-dgv273-seacev3-1196964,ocds-dgv273-seacev3-1196964-2026-04-19T10:08:11.875146-05:00,2387243,21224988,30111601,Cemento,UNSPSC
ocds-dgv273-seacev3-1193183,ocds-dgv273-seacev3-1193183-2026-04-19T10:08:09.608327-05:00,2387075,21215718,72152101,Servicios de trabajos acústicos y de cielo raso,UNSPSC
ocds-dgv273-seacev3-1194205,ocds-dgv273-seacev3-1194205-2026-04-19T10:08:04.686652-05:00,2387194,21218299,41104114,Envases para recolección,UNSPSC
ocds-dgv273-seacev3-2026-1871-35,ocds-dgv273-seacev3-2026-1871-35-2026-04-19T10:08:03.115382-05:00,2387085,21231192,50221108,Grano de arroz,UNSPSC
ocds-dgv273-seacev3-2026-1871-35,ocds-dgv273-seacev3-2026-1871-35-2026-04-19T10:08:03.115382-05:00,2387085,21231193,10101601,Pollos vivos,UNSPSC
ocds-dgv273-seacev3-2026-1871-35,ocds-dgv273-seacev3-2026-1871-35-2026-04-19T10:08:03.115382-05:00,2387059,21231192,50221108,Grano de arroz,UNSPSC
ocds-dgv273-seacev3-2026-1871-35,ocds-dgv273-seacev3-2026-1871-35-2026-04-19T10:08:03.115382-05:00,2387144,21231192,50221108,Grano de arroz,UNSPSC
ocds-dgv273-seacev3-2026-1871-35,ocds-dgv273-seacev3-2026-1871-35-2026-04-19T10:08:03.115382-05:00,2387111,21231192,50221108,Grano de arroz,UNSPSC
ocds-dgv273-seacev3-2026-1871-35,ocds-dgv273-seacev3-2026-1871-35-2026-04-19T10:08:03.115382-05:00,2387111,21231193,10101601,Pollos vivos,UNSPSC
ocds-dgv273-seacev3-2026-1871-35,ocds-dgv273-seacev3-2026-1871-35-2026-04-19T10:08:03.115382-05:00,2387139,21231192,50221108,Grano de arroz,UNSPSC
ocds-dgv273-seacev3-2026-1871-35,ocds-dgv273-seacev3-2026-1871-35-2026-04-19T10:08:03.115382-05:00,2387139,21231193,10101601,Pollos vivos,UNSPSC
ocds-dgv273-seacev3-2026-1871-35,ocds-dgv273-seacev3-2026-1871-35-2026-04-19T10:08:03.115382-05:00,2387053,21231192,50221108,Grano de arroz,UNSPSC
ocds-dgv273-seacev3-1199152,ocds-dgv273-seacev3-1199152-2026-04-19T10:08:02.711162-05:00,2387226,21230879,72141003,Servicios de mantenimiento de pistas y carreteras,UNSPSC
ocds-dgv273-seacev3-1192506,ocds-dgv273-seacev3-1192506-2026-04-19T10:08:02.450630-05:00,2387162,21213995,30111505,Hormigón premezclado,UNSPSC
ocds-dgv273-seacev3-1198245,ocds-dgv273-seacev3-1198245-2026-04-19T10:08:02.071390-05:00,2387343,21228104,30111601,Cemento,UNSPSC
ocds-dgv273-seacev3-2026-1922-11,ocds-dgv273-seacev3-2026-1922-11-2026-04-19T10:08:01.913195-05:00,2387336,21237770,81162103,Software de plataforma como servicio,UNSPSC
ocds-dgv273-seacev3-1199077,ocds-dgv273-seacev3-1199077-2026-04-19T10:08:01.897523-05:00,2387147,21230687,72141003,Servicios de mantenimiento de pistas y carreteras,UNSPSC
ocds-dgv273-seacev3-1194522,ocds-dgv273-seacev3-1194522-2026-04-19T10:08:01.223853-05:00,2387049,21219302,78101805,Servicio de alquiler de camión pipa y tráiler,UNSPSC
ocds-dgv273-seacev3-1198145,ocds-dgv273-seacev3-1198145-2026-04-19T10:08:00.957559-05:00,2387093,21227894,51999999,Medicamentos y productos farmacéuticos,UNSPSC
ocds-dgv273-seacev3-1196861,ocds-dgv273-seacev3-1196861-2026-04-19T10:08:00.891943-05:00,2387338,21224841,80111601,Asistencia administrativa o de oficina temporal,UNSPSC
ocds-dgv273-seacev3-1205291,ocds-dgv273-seacev3-1205291-2026-04-19T10:07:59.936992-05:00,2387265,21248922,41111505,Juego de balanzas o balanzas de calibración,UNSPSC
ocds-dgv273-seacev3-1195292,ocds-dgv273-seacev3-1195292-2026-04-19T10:07:59.616630-05:00,2387047,21221325,21101710,Secador de cosecha,UNSPSC
ocds-dgv273-seacev3-2026-1489-3,ocds-dgv273-seacev3-2026-1489-3-2026-04-19T10:07:59.173056-05:00,2386071,21225573,50131702,Leche o productos de mantequilla estables sin refrigerar,UNSPSC
ocds-dgv273-seacev3-1197259,ocds-dgv273-seacev3-1197259-2026-04-19T10:07:59.110663-05:00,2387087,21225593,30111601,Cemento,UNSPSC
ocds-dgv273-seacev3-1194053,ocds-dgv273-seacev3-1194053-2026-04-19T10:07:58.300851-05:00,2387192,21218095,72141204,Servicios de construcción de muelles,UNSPSC
ocds-dgv273-seacev3-1194968,ocds-dgv273-seacev3-1194968-2026-04-19T10:07:57.973361-05:00,2387222,21220597,30111801,Agregado natural,UNSPSC
ocds-dgv273-seacev3-1194556,ocds-dgv273-seacev3-1194556-2026-04-19T10:07:57.902250-05:00,2387260,21219475,30111601,Cemento,UNSPSC
ocds-dgv273-seacev3-1200915,ocds-dgv273-seacev3-1200915-2026-04-19T10:07:57.518828-05:00,2387269,21236276,80141607,Gestión de eventos,UNSPSC
ocds-dgv273-seacev3-1201403,ocds-dgv273-seacev3-1201403-2026-04-18T10:19:59.417401-05:00,2386809,21237689,72141505,Servicios de movimientos de tierras,UNSPSC
ocds-dgv273-seacev3-1199073,ocds-dgv273-seacev3-1199073-2026-04-18T10:19:58.131554-05:00,2386821,21230677,30111505,Hormigón premezclado,UNSPSC
ocds-dgv273-seacev3-1196746,ocds-dgv273-seacev3-1196746-2026-04-18T10:19:57.856177-05:00,2386949,21224727,51131603,Heparina sódica,UNSPSC
ocds-dgv273-seacev3-1197950,ocds-dgv273-seacev3-1197950-2026-04-18T10:19:56.982828-05:00,2386707,21227313,80122101,Servicio de consultoría sobre derecho administrativo,UNSPSC
ocds-dgv273-seacev3-1198993,ocds-dgv273-seacev3-1198993-2026-04-18T10:19:55.541685-05:00,2386776,21230559,42272505,"Tubos, conjuntos de tubos o acoplamientos para tubos de aparatos de anestesia con gas, o accesorios",UNSPSC
ocds-dgv273-seacev3-1200028,ocds-dgv273-seacev3-1200028-2026-04-18T10:19:53.365920-05:00,2386907,21233317,40151510,Bombas de agua,UNSPSC
ocds-dgv273-seacev3-2026-374-31,ocds-dgv273-seacev3-2026-374-31-2026-04-18T10:19:52.643749-05:00,2386739,21216765,30111601,Cemento,UNSPSC
ocds-dgv273-seacev3-1199852,ocds-dgv273-seacev3-1199852-2026-04-18T10:19:52.385253-05:00,2386972,21232971,40101701,Aires acondicionados y accesorios,UNSPSC
ocds-dgv273-seacev3-1192470,ocds-dgv273-seacev3-1192470-2026-04-18T10:19:52.170383-05:00,2387023,21214159,83101508,Agua potable para ciudad,UNSPSC
ocds-dgv273-seacev3-1196402,ocds-dgv273-seacev3-1196402-2026-04-18T10:19:48.281196-05:00,2386289,21223756,78101502,Transporte de carga aérea internacional,UNSPSC
ocds-dgv273-seacev3-2026-1612-3,ocds-dgv273-seacev3-2026-1612-3-2026-04-18T10:19:47.909800-05:00,2386961,21215002,50131702,Leche o productos de mantequilla estables sin refrigerar,UNSPSC
ocds-dgv273-seacev3-2026-1612-3,ocds-dgv273-seacev3-2026-1612-3-2026-04-18T10:19:47.909800-05:00,2386957,21215001,50221101,Granos de cereal,UNSPSC
ocds-dgv273-seacev3-1197181,ocds-dgv273-seacev3-1197181-2026-04-18T10:19:47.743588-05:00,2386997,21225448,78111808,Alquiler de vehículos,UNSPSC
ocds-dgv273-seacev3-1197175,ocds-dgv273-seacev3-1197175-2026-04-18T10:19:47.728921-05:00,2386996,21225502,11111701,Arena silícea,UNSPSC
ocds-dgv273-seacev3-1198099,ocds-dgv273-seacev3-1198099-2026-04-18T10:19:47.085224-05:00,2386992,21227645,50131702,Leche o productos de mantequilla estables sin refrigerar,UNSPSC
ocds-dgv273-seacev3-1193369,ocds-dgv273-seacev3-1193369-2026-04-18T10:19:46.425615-05:00,2386525,21216369,80131502,Alquiler de instalaciones comerciales o industriales,UNSPSC
ocds-dgv273-seacev3-1196896,ocds-dgv273-seacev3-1196896-2026-04-18T10:19:45.720595-05:00,2386890,21224902,72154028,Servicios de instalación y mantenimiento de señales,UNSPSC
ocds-dgv273-seacev3-1196580,ocds-dgv273-seacev3-1196580-2026-04-18T10:19:45.086872-05:00,2386808,21224135,83121703,Servicios relacionados con Internet,UNSPSC
ocds-dgv273-seacev3-1197963,ocds-dgv273-seacev3-1197963-2026-04-18T10:19:44.830691-05:00,2386811,21227379,30121803,Césped artificial,UNSPSC
ocds-dgv273-seacev3-1194260,ocds-dgv273-seacev3-1194260-2026-04-18T10:19:44.757214-05:00,2386795,21218620,72121203,Servicios de construcción de silos y de edificaciones para servicio agrícola,UNSPSC
ocds-dgv273-seacev3-2026-1898-19,ocds-dgv273-seacev3-2026-1898-19-2026-04-18T10:19:44.164358-05:00,2386668,21215532,83121703,Servicios relacionados con Internet,UNSPSC
ocds-dgv273-seacev3-1194237,ocds-dgv273-seacev3-1194237-2026-04-18T10:19:43.229524-05:00,2386714,21218479,30111601,Cemento,UNSPSC
ocds-dgv273-seacev3-1194417,ocds-dgv273-seacev3-1194417-2026-04-18T10:19:42.918088-05:00,2386833,21219006,85121603,Servicios de cardiología,UNSPSC
ocds-dgv273-seacev3-1199337,ocds-dgv273-seacev3-1199337-2026-04-18T10:19:42.480379-05:00,2386843,21231259,43211501,Servidor de computadora,UNSPSC
ocds-dgv273-seacev3-1193711,ocds-dgv273-seacev3-1193711-2026-04-18T10:19:42.416502-05:00,2386791,21217249,31152002,Alambre de púas,UNSPSC
ocds-dgv273-seacev3-1199024,ocds-dgv273-seacev3-1199024-2026-04-18T10:19:42.246718-05:00,2386817,21230595,30111801,Agregado natural,UNSPSC
ocds-dgv273-seacev3-1196974,ocds-dgv273-seacev3-1196974-2026-04-18T10:19:41.699619-05:00,2386927,21225031,30111601,Cemento,UNSPSC
ocds-dgv273-seacev3-1196194,ocds-dgv273-seacev3-1196194-2026-04-18T10:19:41.479024-05:00,2386845,21223138,72121406,Servicios de construcción de escuelas,UNSPSC
ocds-dgv273-seacev3-1188648,ocds-dgv273-seacev3-1188648-2026-04-18T10:19:36.943693-05:00,2386766,21204135,50192109,"Papas fritas en hojuelas y al hilo, mix de bocaditos o galletas saladas",UNSPSC
ocds-dgv273-seacev3-1200300,ocds-dgv273-seacev3-1200300-2026-04-18T10:19:36.367752-05:00,2386973,21234418,43211521,Computadora fija todo en uno,UNSPSC
ocds-dgv273-seacev3-1199112,ocds-dgv273-seacev3-1199112-2026-04-18T10:19:36.110922-05:00,2386825,21230749,30111505,Hormigón premezclado,UNSPSC
ocds-dgv273-seacev3-1193842,ocds-dgv273-seacev3-1193842-2026-04-18T10:19:35.662211-05:00,2386735,21217472,30111601,Cemento,UNSPSC
ocds-dgv273-seacev3-1193666,ocds-dgv273-seacev3-1193666-2026-04-18T10:19:35.116519-05:00,2386906,21217122,72141701,Servicio de arrendamiento o alquiler de maquinaria de construcción,UNSPSC
ocds-dgv273-seacev3-1200018,ocds-dgv273-seacev3-1200018-2026-04-18T10:19:35.020545-05:00,2387007,21233254,10151704,Semillas o plántulas de césped,UNSPSC
ocds-dgv273-seacev3-1195351,ocds-dgv273-seacev3-1195351-2026-04-18T10:19:32.950425-05:00,2386768,21221402,46181504,Guantes protectores,UNSPSC
ocds-dgv273-seacev3-1192988,ocds-dgv273-seacev3-1192988-2026-04-18T10:19:32.804797-05:00,2386807,21215286,72141106,Servicios de construcción de caminos de grava o tierra,UNSPSC
ocds-dgv273-seacev3-1197627,ocds-dgv273-seacev3-1197627-2026-04-18T10:19:31.932605-05:00,2386715,21226517,41114509,Tensiómetros,UNSPSC
ocds-dgv273-seacev3-1199135,ocds-dgv273-seacev3-1199135-2026-04-18T10:19:31.453595-05:00,2386828,21230877,30111505,Hormigón premezclado,UNSPSC
ocds-dgv273-seacev3-2026-909-1,ocds-dgv273-seacev3-2026-909-1-2026-04-18T10:19:31.421341-05:00,2386893,21220154,50131702,Leche o productos de mantequilla estables sin refrigerar,UNSPSC
ocds-dgv273-seacev3-1201595,ocds-dgv273-seacev3-1201595-2026-04-18T10:19:25.656937-05:00,2386939,21238255,80101604,Administración o planificación de proyectos,UNSPSC
ocds-dgv273-seacev3-1193161,ocds-dgv273-seacev3-1193161-2026-04-18T10:19:25.469047-05:00,2386764,21215701,30111601,Cemento,UNSPSC
ocds-dgv273-seacev3-1202234,ocds-dgv273-seacev3-1202234-2026-04-18T10:19:25.203847-05:00,2387030,21239966,72153605,Servicios de remodelación de cocinas y servicios higiénicos,UNSPSC
ocds-dgv273-seacev3-1201328,ocds-dgv273-seacev3-1201328-2026-04-18T10:19:25.189408-05:00,2386812,21237360,53101802,Abrigos o casacas para caballeros,UNSPSC
ocds-dgv273-seacev3-1199634,ocds-dgv273-seacev3-1199634-2026-04-18T10:19:24.955224-05:00,2386823,21232479,72154069,Servicio de cercado y colocación de barandas,UNSPSC
ocds-dgv273-seacev3-1196092,ocds-dgv273-seacev3-1196092-2026-04-18T10:19:24.883585-05:00,2386925,21222915,10151702,Semillas o plántulas de trébol,UNSPSC
ocds-dgv273-seacev3-1198866,ocds-dgv273-seacev3-1198866-2026-04-18T10:19:24.434059-05:00,2386988,21230011,81101508,Ingeniería arquitectónica,UNSPSC
ocds-dgv273-seacev3-1194892,ocds-dgv273-seacev3-1194892-2026-04-18T10:19:14.212949-05:00,2386780,21219937,30111601,Cemento,UNSPSC
ocds-dgv273-seacev3-1198879,ocds-dgv273-seacev3-1198879-2026-04-18T10:19:14.012445-05:00,2386989,21230021,22101539,Accesorios y piezas de maquinaria de movimiento de tierras,UNSPSC
ocds-dgv273-seacev3-1195834,ocds-dgv273-seacev3-1195834-2026-04-18T10:19:12.494698-05:00,2386762,21222580,10171504,Compost,UNSPSC
ocds-dgv273-seacev3-2026-10581-4,ocds-dgv273-seacev3-2026-10581-4-2026-04-18T10:19:11.767053-05:00,2386712,21214903,85121701,Servicios de psicoterapeutas,UNSPSC
ocds-dgv273-seacev3-1201899,ocds-dgv273-seacev3-1201899-2026-04-18T10:19:11.347202-05:00,2386815,21241243,82101507,"Servicio de distribución, publicidad o anuncios de compra",UNSPSC
ocds-dgv273-seacev3-1194853,ocds-dgv273-seacev3-1194853-2026-04-18T10:19:10.038264-05:00,2386810,21220175,42294610,Accesorios de depósito de autotransfusión,UNSPSC
ocds-dgv273-seacev3-1195605,ocds-dgv273-seacev3-1195605-2026-04-18T10:19:09.638617-05:00,2386921,21222151,10151704,Semillas o plántulas de césped,UNSPSC
ocds-dgv273-seacev3-2026-119-2,ocds-dgv273-seacev3-2026-119-2-2026-04-18T10:19:08.818836-05:00,2386744,21224556,15101505,Diesel,UNSPSC
ocds-dgv273-seacev3-1196441,ocds-dgv273-seacev3-1196441-2026-04-18T10:19:03.591150-05:00,2386994,21223868,10101601,Pollos vivos,UNSPSC
ocds-dgv273-seacev3-1195431,ocds-dgv273-seacev3-1195431-2026-04-18T10:19:01.640079-05:00,2386999,21221758,78141501,Servicios de expedición de carga,UNSPSC
ocds-dgv273-seacev3-1195431,ocds-dgv273-seacev3-1195431-2026-04-18T10:19:01.640079-05:00,2386999,21221757,78141501,Servicios de expedición de carga,UNSPSC
ocds-dgv273-seacev3-1196259,ocds-dgv273-seacev3-1196259-2026-04-18T10:19:01.254529-05:00,2386861,21223295,72121406,Servicios de construcción de escuelas,UNSPSC
ocds-dgv273-seacev3-1194329,ocds-dgv273-seacev3-1194329-2026-04-18T10:19:01.094909-05:00,2386746,21218825,80101505,Desarrollo de objetivos o políticas corporativas,UNSPSC
ocds-dgv273-seacev3-1196900,ocds-dgv273-seacev3-1196900-2026-04-18T10:19:00.814042-05:00,2386951,21224647,72121403,Servicios de construcción de hospitales,UNSPSC
ocds-dgv273-seacev3-2026-1731-22,ocds-dgv273-seacev3-2026-1731-22-2026-04-18T10:19:00.799960-05:00,2387022,21225423,10151704,Semillas o plántulas de césped,UNSPSC
ocds-dgv273-seacev3-1193312,ocds-dgv273-seacev3-1193312-2026-04-18T10:19:00.442158-05:00,2386880,21216184,72121103,Servicios de renovación y reparación de edificios comerciales y de oficinas,UNSPSC
ocds-dgv273-seacev3-1194644,ocds-dgv273-seacev3-1194644-2026-04-18T10:19:00.392049-05:00,2386782,21219625,41103416,Cámara de ciclo de temperatura,UNSPSC
ocds-dgv273-seacev3-1196372,ocds-dgv273-seacev3-1196372-2026-04-18T10:18:59.237158-05:00,2386987,21223582,10122199,Comida para animales variados,UNSPSC
ocds-dgv273-seacev3-1197118,ocds-dgv273-seacev3-1197118-2026-04-18T10:18:58.031124-05:00,2386932,21225305,51131906,Pentaalmidones,UNSPSC
ocds-dgv273-seacev3-2026-200388-2,ocds-dgv273-seacev3-2026-200388-2-2026-04-18T10:18:58.017182-05:00,2387033,21218995,15101506,Gasolina o Petróleo,UNSPSC
ocds-dgv273-seacev3-1200605,ocds-dgv273-seacev3-1200605-2026-04-18T10:18:52.490307-05:00,2386774,21235352,81101515,Ingeniería de infraestructura de plantas o instalaciones,UNSPSC
ocds-dgv273-seacev3-2026-10249-27,ocds-dgv273-seacev3-2026-10249-27-2026-04-18T10:18:52.038168-05:00,2386772,21225174,80141607,Gestión de eventos,UNSPSC
ocds-dgv273-seacev3-2026-200449-1,ocds-dgv273-seacev3-2026-200449-1-2026-04-18T10:18:51.964207-05:00,2386836,21230614,50192703,Comidas combinadas estables sin refrigerar,UNSPSC
ocds-dgv273-seacev3-1193442,ocds-dgv273-seacev3-1193442-2026-04-18T10:18:50.104748-05:00,2386733,21216460,15101506,Gasolina o Petróleo,UNSPSC
ocds-dgv273-seacev3-1193442,ocds-dgv273-seacev3-1193442-2026-04-18T10:18:50.104748-05:00,2386733,21216459,15101505,Diesel,UNSPSC
ocds-dgv273-seacev3-1193282,ocds-dgv273-seacev3-1193282-2026-04-18T10:18:48.796952-05:00,2386816,21216030,30111601,Cemento,UNSPSC
ocds-dgv273-seacev3-1194841,ocds-dgv273-seacev3-1194841-2026-04-18T10:18:47.195182-05:00,2387014,21219879,72154069,Servicio de cercado y colocación de barandas,UNSPSC
ocds-dgv273-seacev3-2026-10249-14,ocds-dgv273-seacev3-2026-10249-14-2026-04-18T10:18:46.784907-05:00,2386842,21226185,81111811,Servicios de asistencia o soporte técnico,UNSPSC
ocds-dgv273-seacev3-1196611,ocds-dgv273-seacev3-1196611-2026-04-18T10:18:46.617470-05:00,2386824,21224212,81101505,Ingeniería estructural,UNSPSC
ocds-dgv273-seacev3-1200809,ocds-dgv273-seacev3-1200809-2026-04-17T10:29:16.212852-05:00,2386637,21236167,25101801,Motocicletas,UNSPSC
ocds-dgv273-seacev3-1200450,ocds-dgv273-seacev3-1200450-2026-04-17T10:29:16.156030-05:00,2386573,21235051,41114418,Sistema recepción y análisis de la información meteorológica satelital,UNSPSC
ocds-dgv273-seacev3-1195710,ocds-dgv273-seacev3-1195710-2026-04-17T10:29:16.044184-05:00,2386592,21222337,81111805,Mantenimiento o soporte de sistemas propietarios o con licencia,UNSPSC
ocds-dgv273-seacev3-1200538,ocds-dgv273-seacev3-1200538-2026-04-17T10:29:15.979197-05:00,2386513,21235140,31401501,Junta moldeada de caucho,UNSPSC
ocds-dgv273-seacev3-1188807,ocds-dgv273-seacev3-1188807-2026-04-17T10:29:15.801939-05:00,2386441,21204456,72152605,Servicios de montaje y reparación de techos,UNSPSC
ocds-dgv273-seacev3-1199982,ocds-dgv273-seacev3-1199982-2026-04-17T10:29:15.389898-05:00,2386643,21233204,51102857,Hidrocortisona/oxitetraciclina,UNSPSC
ocds-dgv273-seacev3-1192473,ocds-dgv273-seacev3-1192473-2026-04-17T10:29:14.797039-05:00,2386502,21213976,21111504,Redes para pesca comercial,UNSPSC
ocds-dgv273-seacev3-1200120,ocds-dgv273-seacev3-1200120-2026-04-17T10:29:14.545498-05:00,2386539,21233607,30121803,Césped artificial,UNSPSC
ocds-dgv273-seacev3-1191371,ocds-dgv273-seacev3-1191371-2026-04-17T10:29:13.208420-05:00,2386571,21211256,72152301,Servicios de carpintería rústica,UNSPSC
ocds-dgv273-seacev3-2026-1587-2,ocds-dgv273-seacev3-2026-1587-2-2026-04-17T10:29:13.060938-05:00,2386473,21223325,50131702,Leche o productos de mantequilla estables sin refrigerar,UNSPSC
ocds-dgv273-seacev3-1200626,ocds-dgv273-seacev3-1200626-2026-04-17T10:29:13.016933-05:00,2386437,21235404,81101515,Ingeniería de infraestructura de plantas o instalaciones,UNSPSC
ocds-dgv273-seacev3-1193100,ocds-dgv273-seacev3-1193100-2026-04-17T10:29:12.724978-05:00,2385031,21215499,30131507,Bloque de concreto ligero,UNSPSC
ocds-dgv273-seacev3-1192292,ocds-dgv273-seacev3-1192292-2026-04-17T10:29:12.512406-05:00,2386443,21213631,30111601,Cemento,UNSPSC
ocds-dgv273-seacev3-1200647,ocds-dgv273-seacev3-1200647-2026-04-17T10:29:12.245358-05:00,2386527,21235444,27112014,Segadora de césped,UNSPSC
ocds-dgv273-seacev3-1192957,ocds-dgv273-seacev3-1192957-2026-04-17T10:29:10.827074-05:00,2386560,21215253,30111601,Cemento,UNSPSC
ocds-dgv273-seacev3-1200163,ocds-dgv273-seacev3-1200163-2026-04-17T10:29:10.432820-05:00,2386685,21233841,30264204,Lámina de acero corrugado,UNSPSC
ocds-dgv273-seacev3-1199351,ocds-dgv273-seacev3-1199351-2026-04-17T10:29:10.329739-05:00,2386655,21231313,42222008,Kits o accesorios de bombas de infusión,UNSPSC
ocds-dgv273-seacev3-1192731,ocds-dgv273-seacev3-1192731-2026-04-17T10:29:10.002858-05:00,2386387,21215586,15101506,Gasolina o Petróleo,UNSPSC
ocds-dgv273-seacev3-1192731,ocds-dgv273-seacev3-1192731-2026-04-17T10:29:10.002858-05:00,2386387,21215585,15101505,Diesel,UNSPSC
ocds-dgv273-seacev3-1194949,ocds-dgv273-seacev3-1194949-2026-04-17T10:29:09.583847-05:00,2386603,21220555,72151302,Servicios de pintado comercial,UNSPSC
ocds-dgv273-seacev3-1194006,ocds-dgv273-seacev3-1194006-2026-04-17T10:29:09.452728-05:00,2386611,21217926,15101505,Diesel,UNSPSC
ocds-dgv273-seacev3-1193477,ocds-dgv273-seacev3-1193477-2026-04-17T10:29:03.818070-05:00,2386438,21216570,85121803,Servicios de laboratorios biológicos,UNSPSC
ocds-dgv273-seacev3-1199745,ocds-dgv273-seacev3-1199745-2026-04-17T10:29:02.111377-05:00,2386681,21232682,91111603,Servicios de cocina o preparación de comidas,UNSPSC
ocds-dgv273-seacev3-2026-10398-2,ocds-dgv273-seacev3-2026-10398-2-2026-04-17T10:29:01.886523-05:00,2386694,21205751,77111602,Servicios de descontaminación ambiental,UNSPSC
ocds-dgv273-seacev3-1195151,ocds-dgv273-seacev3-1195151-2026-04-17T10:29:01.455582-05:00,2386574,21220960,72153102,Servicios de construcción de campos deportivos interiores,UNSPSC
ocds-dgv273-seacev3-2026-1587-3,ocds-dgv273-seacev3-2026-1587-3-2026-04-17T10:29:01.309994-05:00,2386465,21222725,50192109,"Papas fritas en hojuelas y al hilo, mix de bocaditos o galletas saladas",UNSPSC
ocds-dgv273-seacev3-1193986,ocds-dgv273-seacev3-1193986-2026-04-17T10:29:00.745481-05:00,2386632,21217871,80131502,Alquiler de instalaciones comerciales o industriales,UNSPSC
ocds-dgv273-seacev3-1193986,ocds-dgv273-seacev3-1193986-2026-04-17T10:29:00.745481-05:00,2386646,21217873,80131502,Alquiler de instalaciones comerciales o industriales,UNSPSC
ocds-dgv273-seacev3-1195372,ocds-dgv273-seacev3-1195372-2026-04-17T10:29:00.431897-05:00,2386652,21221421,11111611,Grava,UNSPSC
ocds-dgv273-seacev3-2026-1210-1,ocds-dgv273-seacev3-2026-1210-1-2026-04-17T10:28:58.565217-05:00,2386619,21222418,15101505,Diesel,UNSPSC
ocds-dgv273-seacev3-1192231,ocds-dgv273-seacev3-1192231-2026-04-17T10:28:53.246745-05:00,2386582,21213530,30111601,Cemento,UNSPSC
ocds-dgv273-seacev3-1193507,ocds-dgv273-seacev3-1193507-2026-04-17T10:28:50.601926-05:00,2386444,21216657,72154028,Servicios de instalación y mantenimiento de señales,UNSPSC
ocds-dgv273-seacev3-1193258,ocds-dgv273-seacev3-1193258-2026-04-17T10:28:50.401800-05:00,2386577,21215789,50131702,Leche o productos de mantequilla estables sin refrigerar,UNSPSC
ocds-dgv273-seacev3-1192468,ocds-dgv273-seacev3-1192468-2026-04-17T10:28:48.514404-05:00,2386666,21213969,81101505,Ingeniería estructural,UNSPSC
ocds-dgv273-seacev3-1195560,ocds-dgv273-seacev3-1195560-2026-04-17T10:28:48.432344-05:00,2386623,21222043,78101703,Servicios de transporte nacional por barcaza,UNSPSC
ocds-dgv273-seacev3-1200180,ocds-dgv273-seacev3-1200180-2026-04-17T10:28:42.808089-05:00,2386683,21233869,30103603,Madera para uso estructural,UNSPSC
ocds-dgv273-seacev3-1195827,ocds-dgv273-seacev3-1195827-2026-04-17T10:28:41.653220-05:00,2386575,21222603,83121703,Servicios relacionados con Internet,UNSPSC
ocds-dgv273-seacev3-1197152,ocds-dgv273-seacev3-1197152-2026-04-17T10:28:41.167788-05:00,2386677,21225389,70171701,Servicios de gestión o mantenimiento de canales,UNSPSC
ocds-dgv273-seacev3-1193249,ocds-dgv273-seacev3-1193249-2026-04-17T10:28:40.480981-05:00,2386586,21216017,72153102,Servicios de construcción de campos deportivos interiores,UNSPSC
ocds-dgv273-seacev3-1193970,ocds-dgv273-seacev3-1193970-2026-04-17T10:28:39.277663-05:00,2386482,21217892,30111601,Cemento,UNSPSC
ocds-dgv273-seacev3-2026-1322-14,ocds-dgv273-seacev3-2026-1322-14-2026-04-17T10:28:38.943796-05:00,2386647,21214268,82121504,Impresión tipográfica o serigrafía,UNSPSC
ocds-dgv273-seacev3-1200034,ocds-dgv273-seacev3-1200034-2026-04-17T10:28:38.029547-05:00,2386512,21233353,78111808,Alquiler de vehículos,UNSPSC
ocds-dgv273-seacev3-1201390,ocds-dgv273-seacev3-1201390-2026-04-17T10:28:37.482057-05:00,2386556,21237498,80131502,Alquiler de instalaciones comerciales o industriales,UNSPSC
ocds-dgv273-seacev3-1199179,ocds-dgv273-seacev3-1199179-2026-04-17T10:28:31.594088-05:00,2386657,21230897,81111811,Servicios de asistencia o soporte técnico,UNSPSC
ocds-dgv273-seacev3-1191701,ocds-dgv273-seacev3-1191701-2026-04-17T10:28:28.475917-05:00,2386554,21235812,27112007,Tijeras de podar,UNSPSC
ocds-dgv273-seacev3-1198199,ocds-dgv273-seacev3-1198199-2026-04-17T10:28:28.304848-05:00,2386520,21227998,42222008,Kits o accesorios de bombas de infusión,UNSPSC
ocds-dgv273-seacev3-1197171,ocds-dgv273-seacev3-1197171-2026-04-17T10:28:27.798415-05:00,2386570,21225493,15101506,Gasolina o Petróleo,UNSPSC
ocds-dgv273-seacev3-1194611,ocds-dgv273-seacev3-1194611-2026-04-17T10:28:27.665981-05:00,2386588,21219603,30111801,Agregado natural,UNSPSC
ocds-dgv273-seacev3-1196224,ocds-dgv273-seacev3-1196224-2026-04-17T10:28:26.953179-05:00,2386591,21223223,30111601,Cemento,UNSPSC
ocds-dgv273-seacev3-2026-49-115,ocds-dgv273-seacev3-2026-49-115-2026-04-17T10:28:21.473542-05:00,2386440,21221883,30111505,Hormigón premezclado,UNSPSC
ocds-dgv273-seacev3-1197232,ocds-dgv273-seacev3-1197232-2026-04-17T10:28:21.202501-05:00,2386701,21225588,15101506,Gasolina o Petróleo,UNSPSC
ocds-dgv273-seacev3-2026-168715-5,ocds-dgv273-seacev3-2026-168715-5-2026-04-17T10:28:21.185347-05:00,2386581,21216358,85121803,Servicios de laboratorios biológicos,UNSPSC
ocds-dgv273-seacev3-1192469,ocds-dgv273-seacev3-1192469-2026-04-17T10:28:19.166524-05:00,2386467,21213967,30111601,Cemento,UNSPSC
ocds-dgv273-seacev3-2026-1274-10,ocds-dgv273-seacev3-2026-1274-10-2026-04-17T10:28:18.642974-05:00,2386538,21219306,50421801,Fréjoles secos,UNSPSC
ocds-dgv273-seacev3-2026-1274-10,ocds-dgv273-seacev3-2026-1274-10-2026-04-17T10:28:18.642974-05:00,2386542,21219309,50426818,Garbanzos secos,UNSPSC
ocds-dgv273-seacev3-1200356,ocds-dgv273-seacev3-1200356-2026-04-17T10:28:16.914435-05:00,2386519,21234708,26121613,Cable aislado o forrado,UNSPSC
ocds-dgv273-seacev3-1195066,ocds-dgv273-seacev3-1195066-2026-04-17T10:28:09.329297-05:00,2386640,21220507,72141003,Servicios de mantenimiento de pistas y carreteras,UNSPSC
ocds-dgv273-seacev3-1195474,ocds-dgv273-seacev3-1195474-2026-04-17T10:28:08.733330-05:00,2386658,21221809,81101515,Ingeniería de infraestructura de plantas o instalaciones,UNSPSC
ocds-dgv273-seacev3-1199268,ocds-dgv273-seacev3-1199268-2026-04-17T10:28:07.721220-05:00,2386509,21231082,46161604,Salvavidas,UNSPSC
ocds-dgv273-seacev3-1199268,ocds-dgv273-seacev3-1199268-2026-04-17T10:28:07.721220-05:00,2386509,21231080,42131713,Aislamiento quirúrgico o mascarillas quirúrgicas,UNSPSC
ocds-dgv273-seacev3-1194262,ocds-dgv273-seacev3-1194262-2026-04-17T10:28:07.511940-05:00,2386454,21218722,23101511,Máquinas Torneadoras,UNSPSC
ocds-dgv273-seacev3-1198294,ocds-dgv273-seacev3-1198294-2026-04-17T10:28:06.033564-05:00,2386504,21228199,21101914,Cerco eléctrico para ganado,UNSPSC
ocds-dgv273-seacev3-2026-847-2,ocds-dgv273-seacev3-2026-847-2-2026-04-17T10:28:03.670024-05:00,2386551,21213854,30111903,Lámina de malla de alambre,UNSPSC
ocds-dgv273-seacev3-1197779,ocds-dgv273-seacev3-1197779-2026-04-16T10:37:02.187087-05:00,2386371,21226935,72141701,Servicio de arrendamiento o alquiler de maquinaria de construcción,UNSPSC
ocds-dgv273-seacev3-1193389,ocds-dgv273-seacev3-1193389-2026-04-16T10:37:02.010255-05:00,2386218,21216236,72141128,Servicio de remodelación  y/o construcción de plazas públicas,UNSPSC
ocds-dgv273-seacev3-1197565,ocds-dgv273-seacev3-1197565-2026-04-16T10:37:01.515899-05:00,2386080,21226451,80161504,Servicios de oficina,UNSPSC
ocds-dgv273-seacev3-1193047,ocds-dgv273-seacev3-1193047-2026-04-16T10:37:01.026174-05:00,2386396,21215407,80131502,Alquiler de instalaciones comerciales o industriales,UNSPSC
ocds-dgv273-seacev3-1194630,ocds-dgv273-seacev3-1194630-2026-04-16T10:36:59.988883-05:00,2386098,21219610,51142219,Fentanil,UNSPSC
ocds-dgv273-seacev3-1194622,ocds-dgv273-seacev3-1194622-2026-04-16T10:36:59.592001-05:00,2386069,21219655,42296701,Kits de resina de reparación craneal,UNSPSC
ocds-dgv273-seacev3-2026-200020-7,ocds-dgv273-seacev3-2026-200020-7-2026-04-16T10:36:59.125870-05:00,2386136,21216728,15111510,Gas de petróleo licuefactado,UNSPSC
ocds-dgv273-seacev3-1197089,ocds-dgv273-seacev3-1197089-2026-04-16T10:36:58.655049-05:00,2386345,21225307,72141003,Servicios de mantenimiento de pistas y carreteras,UNSPSC
ocds-dgv273-seacev3-1201856,ocds-dgv273-seacev3-1201856-2026-04-16T10:36:58.531278-05:00,2386155,21239447,72102103,Servicios de exterminación o fumigación,UNSPSC
ocds-dgv273-seacev3-2026-1636-24,ocds-dgv273-seacev3-2026-1636-24-2026-04-16T10:36:58.374557-05:00,2385988,21222904,23181603,Maquinaria para picar,UNSPSC
ocds-dgv273-seacev3-1193355,ocds-dgv273-seacev3-1193355-2026-04-16T10:36:56.948913-05:00,2386146,21216213,85101503,Servicio para administrar consultorios médicos,UNSPSC
ocds-dgv273-seacev3-1195269,ocds-dgv273-seacev3-1195269-2026-04-16T10:36:56.523665-05:00,2385926,21221210,30102403,Varillas de hierro,UNSPSC
ocds-dgv273-seacev3-2026-143-2,ocds-dgv273-seacev3-2026-143-2-2026-04-16T10:36:56.185127-05:00,2386140,21213962,72141107,Servicios de construcción y reparación de puentes,UNSPSC
ocds-dgv273-seacev3-2026-740-3,ocds-dgv273-seacev3-2026-740-3-2026-04-16T10:36:49.936035-05:00,2386168,21215447,15101505,Diesel,UNSPSC
ocds-dgv273-seacev3-2026-234-1,ocds-dgv273-seacev3-2026-234-1-2026-04-16T10:36:49.281096-05:00,2385936,21215466,72141121,Servicios de construcción de tuberías principales de agua,UNSPSC
ocds-dgv273-seacev3-1200619,ocds-dgv273-seacev3-1200619-2026-04-16T10:36:47.843895-05:00,2386408,21235398,72141001,Servicios de construcción de pistas y carreteras nuevas,UNSPSC
ocds-dgv273-seacev3-1196745,ocds-dgv273-seacev3-1196745-2026-04-16T10:36:47.282314-05:00,2386019,21224550,15101506,Gasolina o Petróleo,UNSPSC
ocds-dgv273-seacev3-1193512,ocds-dgv273-seacev3-1193512-2026-04-16T10:36:47.246951-05:00,2386064,21216696,30111601,Cemento,UNSPSC
ocds-dgv273-seacev3-1191684,ocds-dgv273-seacev3-1191684-2026-04-16T10:36:47.191664-05:00,2386257,21225584,95101505,Terreno en ciudad,UNSPSC
ocds-dgv273-seacev3-1193384,ocds-dgv273-seacev3-1193384-2026-04-16T10:36:46.703717-05:00,2386152,21216387,85101503,Servicio para administrar consultorios médicos,UNSPSC
ocds-dgv273-seacev3-1195810,ocds-dgv273-seacev3-1195810-2026-04-16T10:36:46.178966-05:00,2386074,21222472,42281704,Detergentes o limpiadores de los instrumentos,UNSPSC
ocds-dgv273-seacev3-1200806,ocds-dgv273-seacev3-1200806-2026-04-16T10:36:45.826764-05:00,2386174,21236186,85161501,Mantenimiento o reparación de bienes de equipo médico,UNSPSC
ocds-dgv273-seacev3-1192906,ocds-dgv273-seacev3-1192906-2026-04-16T10:36:45.614344-05:00,2386090,21215040,25101507,Camiones ligeros o vehículos de utilidad deportiva,UNSPSC
ocds-dgv273-seacev3-1200805,ocds-dgv273-seacev3-1200805-2026-04-16T10:36:45.466715-05:00,2386274,21235897,27112704,Amoladoras mecánicas,UNSPSC
ocds-dgv273-seacev3-1193851,ocds-dgv273-seacev3-1193851-2026-04-16T10:36:44.587147-05:00,2385931,21217679,30111601,Cemento,UNSPSC
ocds-dgv273-seacev3-1194883,ocds-dgv273-seacev3-1194883-2026-04-16T10:36:44.514262-05:00,2386242,21220173,30111601,Cemento,UNSPSC
ocds-dgv273-seacev3-1195997,ocds-dgv273-seacev3-1195997-2026-04-16T10:36:44.321121-05:00,2386424,21222812,80141607,Gestión de eventos,UNSPSC
ocds-dgv273-seacev3-1193889,ocds-dgv273-seacev3-1193889-2026-04-16T10:36:38.369127-05:00,2386301,21217533,81101522,Ingeniería de movimientos de tierra,UNSPSC
ocds-dgv273-seacev3-2026-1940-2,ocds-dgv273-seacev3-2026-1940-2-2026-04-16T10:36:38.320174-05:00,2386000,21216691,81112301,Mantenimiento del sistema de almacenamiento en disco,UNSPSC
ocds-dgv273-seacev3-1192905,ocds-dgv273-seacev3-1192905-2026-04-16T10:36:37.898564-05:00,2385956,21215038,11111701,Arena silícea,UNSPSC
ocds-dgv273-seacev3-1196403,ocds-dgv273-seacev3-1196403-2026-04-16T10:36:37.010039-05:00,2385964,21223769,78111808,Alquiler de vehículos,UNSPSC
ocds-dgv273-seacev3-1196403,ocds-dgv273-seacev3-1196403-2026-04-16T10:36:37.010039-05:00,2385962,21223770,78111808,Alquiler de vehículos,UNSPSC
ocds-dgv273-seacev3-1196403,ocds-dgv273-seacev3-1196403-2026-04-16T10:36:37.010039-05:00,2385948,21223771,78111808,Alquiler de vehículos,UNSPSC
ocds-dgv273-seacev3-1196455,ocds-dgv273-seacev3-1196455-2026-04-16T10:36:35.634859-05:00,2385961,21223903,15111510,Gas de petróleo licuefactado,UNSPSC
ocds-dgv273-seacev3-1198010,ocds-dgv273-seacev3-1198010-2026-04-16T10:36:34.981355-05:00,2386286,21227480,80131502,Alquiler de instalaciones comerciales o industriales,UNSPSC
ocds-dgv273-seacev3-1198398,ocds-dgv273-seacev3-1198398-2026-04-16T10:36:34.610061-05:00,2386036,21228439,25131705,Aviones objetivo o de reconocimiento,UNSPSC
ocds-dgv273-seacev3-1199556,ocds-dgv273-seacev3-1199556-2026-04-16T10:36:34.344141-05:00,2385963,21232143,80131502,Alquiler de instalaciones comerciales o industriales,UNSPSC
ocds-dgv273-seacev3-1196175,ocds-dgv273-seacev3-1196175-2026-04-16T10:36:34.076298-05:00,2386258,21223102,80131502,Alquiler de instalaciones comerciales o industriales,UNSPSC
ocds-dgv273-seacev3-2026-12-9,ocds-dgv273-seacev3-2026-12-9-2026-04-16T10:36:34.028065-05:00,2386329,21227919,41116104,Kits de ensayo químicos o suministros,UNSPSC
ocds-dgv273-seacev3-2026-885-3,ocds-dgv273-seacev3-2026-885-3-2026-04-16T10:36:33.698337-05:00,2386137,21223848,30111601,Cemento,UNSPSC
ocds-dgv273-seacev3-1196899,ocds-dgv273-seacev3-1196899-2026-04-16T10:36:33.560193-05:00,2386076,21224648,76122001,Disposición final de desechos genéricos no peligrosos,UNSPSC
ocds-dgv273-seacev3-1193260,ocds-dgv273-seacev3-1193260-2026-04-16T10:36:33.137202-05:00,2386180,21216100,81101508,Ingeniería arquitectónica,UNSPSC
ocds-dgv273-seacev3-1195965,ocds-dgv273-seacev3-1195965-2026-04-16T10:36:32.718295-05:00,2386159,21222727,76122003,Disposición final para desechos peligrosos,UNSPSC
ocds-dgv273-seacev3-1199824,ocds-dgv273-seacev3-1199824-2026-04-16T10:36:32.549648-05:00,2386211,21233767,42142106,Colchas o cubiertas terapéuticas de calentamiento o enfriamiento,UNSPSC
ocds-dgv273-seacev3-1198498,ocds-dgv273-seacev3-1198498-2026-04-16T10:36:31.997844-05:00,2386204,21228696,30111601,Cemento,UNSPSC
ocds-dgv273-seacev3-1197007,ocds-dgv273-seacev3-1197007-2026-04-16T10:36:31.942014-05:00,2386099,21225091,50131702,Leche o productos de mantequilla estables sin refrigerar,UNSPSC
ocds-dgv273-seacev3-1195467,ocds-dgv273-seacev3-1195467-2026-04-16T10:36:31.735380-05:00,2386304,21221803,50111515,Pollo mínimamente procesado sin aditivos,UNSPSC
ocds-dgv273-seacev3-1196709,ocds-dgv273-seacev3-1196709-2026-04-16T10:36:26.798401-05:00,2386222,21224529,30111601,Cemento,UNSPSC
ocds-dgv273-seacev3-1192202,ocds-dgv273-seacev3-1192202-2026-04-16T10:36:25.714485-05:00,2386060,21213508,30111601,Cemento,UNSPSC
ocds-dgv273-seacev3-2026-10184-9,ocds-dgv273-seacev3-2026-10184-9-2026-04-16T10:36:25.516681-05:00,2385933,21211389,50121539,Pescado fresco,UNSPSC
ocds-dgv273-seacev3-2026-10184-9,ocds-dgv273-seacev3-2026-10184-9-2026-04-16T10:36:25.516681-05:00,2385933,21211388,50121539,Pescado fresco,UNSPSC
ocds-dgv273-seacev3-2026-26292-1,ocds-dgv273-seacev3-2026-26292-1-2026-04-16T10:36:25.458499-05:00,2384512,21211371,50192109,"Papas fritas en hojuelas y al hilo, mix de bocaditos o galletas saladas",UNSPSC
ocds-dgv273-seacev3-2026-26292-1,ocds-dgv273-seacev3-2026-26292-1-2026-04-16T10:36:25.458499-05:00,2386178,21212429,50131702,Leche o productos de mantequilla estables sin refrigerar,UNSPSC
ocds-dgv273-seacev3-1197778,ocds-dgv273-seacev3-1197778-2026-04-16T10:36:25.367698-05:00,2386363,21226951,72141701,Servicio de arrendamiento o alquiler de maquinaria de construcción,UNSPSC
ocds-dgv273-seacev3-1197133,ocds-dgv273-seacev3-1197133-2026-04-16T10:36:24.904507-05:00,2386245,21225366,81161501,Servicio de administración de aplicaciones de software,UNSPSC
ocds-dgv273-seacev3-1196922,ocds-dgv273-seacev3-1196922-2026-04-16T10:36:24.729205-05:00,2386053,21224914,90121701,Guías turísticos o del área,UNSPSC
ocds-dgv273-seacev3-1194535,ocds-dgv273-seacev3-1194535-2026-04-16T10:36:23.649166-05:00,2386336,21219486,72121101,Servicios de construcción de nuevos edificios comerciales y de oficinas,UNSPSC
ocds-dgv273-seacev3-1196068,ocds-dgv273-seacev3-1196068-2026-04-16T10:36:23.011766-05:00,2386334,21222901,72141121,Servicios de construcción de tuberías principales de agua,UNSPSC
ocds-dgv273-seacev3-1201324,ocds-dgv273-seacev3-1201324-2026-04-16T10:36:22.301781-05:00,2386010,21237365,15101505,Diesel,UNSPSC
ocds-dgv273-seacev3-2026-260-1,ocds-dgv273-seacev3-2026-260-1-2026-04-16T10:36:21.404924-05:00,2386004,21219510,50221101,Granos de cereal,UNSPSC
ocds-dgv273-seacev3-2026-1995-30,ocds-dgv273-seacev3-2026-1995-30-2026-04-16T10:36:21.238688-05:00,2386118,21216575,41116145,"Controles de calidad, calibradores o normativas virológicos",UNSPSC
ocds-dgv273-seacev3-2026-1833-34,ocds-dgv273-seacev3-2026-1833-34-2026-04-16T10:36:20.762668-05:00,2386157,21217169,15111510,Gas de petróleo licuefactado,UNSPSC
ocds-dgv273-seacev3-1196666,ocds-dgv273-seacev3-1196666-2026-04-16T10:36:20.427197-05:00,2386231,21224394,42271907,Productos o accesorios de aspirador respiratorio,UNSPSC
ocds-dgv273-seacev3-2026-234-4,ocds-dgv273-seacev3-2026-234-4-2026-04-16T10:36:20.130583-05:00,2385953,21210309,81101515,Ingeniería de infraestructura de plantas o instalaciones,UNSPSC
ocds-dgv273-seacev3-1192903,ocds-dgv273-seacev3-1192903-2026-04-16T10:36:19.635767-05:00,2386341,21215039,86101808,Desarrollo de fuerza de trabajo del sector público,UNSPSC
ocds-dgv273-seacev3-1200940,ocds-dgv273-seacev3-1200940-2026-04-16T10:36:16.881905-05:00,2386339,21236310,55101519,Publicaciones periodicas,UNSPSC
ocds-dgv273-seacev3-1196032,ocds-dgv273-seacev3-1196032-2026-04-16T10:36:16.140733-05:00,2386097,21222859,80122101,Servicio de consultoría sobre derecho administrativo,UNSPSC
ocds-dgv273-seacev3-2026-10249-33,ocds-dgv273-seacev3-2026-10249-33-2026-04-16T10:36:15.838288-05:00,2386210,21233216,84111502,Servicio de contabilidad financiera,UNSPSC
ocds-dgv273-seacev3-1199161,ocds-dgv273-seacev3-1199161-2026-04-16T10:36:14.872287-05:00,2386337,21230903,15121520,Lubricantes de uso general,UNSPSC
ocds-dgv273-seacev3-1197587,ocds-dgv273-seacev3-1197587-2026-04-16T10:36:14.707778-05:00,2386287,21226302,80131502,Alquiler de instalaciones comerciales o industriales,UNSPSC
ocds-dgv273-seacev3-1202198,ocds-dgv273-seacev3-1202198-2026-04-16T10:36:05.371740-05:00,2384829,21241964,81101515,Ingeniería de infraestructura de plantas o instalaciones,UNSPSC
ocds-dgv273-seacev3-2026-1947-292,ocds-dgv273-seacev3-2026-1947-292-2026-04-16T10:36:04.390318-05:00,2385911,21238445,82101603,Publicidad en Internet,UNSPSC
ocds-dgv273-seacev3-1200739,ocds-dgv273-seacev3-1200739-2026-04-16T10:36:03.465996-05:00,2386027,21235750,56101507,Libreros,UNSPSC
ocds-dgv273-seacev3-2026-200020-15,ocds-dgv273-seacev3-2026-200020-15-2026-04-16T10:36:02.687620-05:00,2386142,21214257,72121104,Servicios de construcción de restaurantes,UNSPSC
ocds-dgv273-seacev3-1192317,ocds-dgv273-seacev3-1192317-2026-04-16T10:36:01.233361-05:00,2386117,21213634,80131502,Alquiler de instalaciones comerciales o industriales,UNSPSC
ocds-dgv273-seacev3-1194462,ocds-dgv273-seacev3-1194462-2026-04-16T10:36:00.843561-05:00,2386413,21219033,30111601,Cemento,UNSPSC
ocds-dgv273-seacev3-2026-20002-11,ocds-dgv273-seacev3-2026-20002-11-2026-04-16T10:35:54.877180-05:00,2386009,21224765,51191605,Agua esteril para inyección,UNSPSC
ocds-dgv273-seacev3-1195126,ocds-dgv273-seacev3-1195126-2026-04-16T10:35:54.055518-05:00,2385957,21220938,12352302,Sales metálicas inorgánicas,UNSPSC
ocds-dgv273-seacev3-1198427,ocds-dgv273-seacev3-1198427-2026-04-16T10:35:53.159810-05:00,2386284,21228520,72141003,Servicios de mantenimiento de pistas y carreteras,UNSPSC
ocds-dgv273-seacev3-1195801,ocds-dgv273-seacev3-1195801-2026-04-16T10:35:53.124875-05:00,2386327,21222441,91111603,Servicios de cocina o preparación de comidas,UNSPSC
ocds-dgv273-seacev3-2026-200020-17,ocds-dgv273-seacev3-2026-200020-17-2026-04-16T10:35:53.018731-05:00,2386138,21213787,72121104,Servicios de construcción de restaurantes,UNSPSC
ocds-dgv273-seacev3-1190483,ocds-dgv273-seacev3-1190483-2026-04-16T10:35:52.901427-05:00,2386362,21209067,72141121,Servicios de construcción de tuberías principales de agua,UNSPSC
ocds-dgv273-seacev3-1194004,ocds-dgv273-seacev3-1194004-2026-04-16T10:35:52.410052-05:00,2386326,21217924,39122103,Poste de servicios públicos,UNSPSC
ocds-dgv273-seacev3-1196793,ocds-dgv273-seacev3-1196793-2026-04-16T10:35:52.305374-05:00,2386220,21224590,41104114,Envases para recolección,UNSPSC
ocds-dgv273-seacev3-1199464,ocds-dgv273-seacev3-1199464-2026-04-16T10:35:52.015506-05:00,2386183,21231657,51241126,Brimonidina,UNSPSC
ocds-dgv273-seacev3-1197038,ocds-dgv273-seacev3-1197038-2026-04-16T10:35:51.567719-05:00,2386020,21225123,15101505,Diesel,UNSPSC
ocds-dgv273-seacev3-1194279,ocds-dgv273-seacev3-1194279-2026-04-16T10:35:51.449645-05:00,2386267,21218618,50151513,Aceites comestibles vegetales o de plantas,UNSPSC
ocds-dgv273-seacev3-2026-490-2,ocds-dgv273-seacev3-2026-490-2-2026-04-16T10:35:51.037296-05:00,2386351,21214779,73181004,Servicios de fresado químico,UNSPSC
ocds-dgv273-seacev3-1196547,ocds-dgv273-seacev3-1196547-2026-04-16T10:35:49.554146-05:00,2386055,21224063,25101501,Minibuses,UNSPSC
ocds-dgv273-seacev3-1199159,ocds-dgv273-seacev3-1199159-2026-04-16T10:35:49.105884-05:00,2386419,21230900,85101503,Servicio para administrar consultorios médicos,UNSPSC
ocds-dgv273-seacev3-1195935,ocds-dgv273-seacev3-1195935-2026-04-16T10:35:42.363167-05:00,2385982,21222692,12162305,Aditivo de concreto,UNSPSC
ocds-dgv273-seacev3-1200878,ocds-dgv273-seacev3-1200878-2026-04-16T10:35:41.393025-05:00,2386389,21236229,26111601,Generadores diesel,UNSPSC
ocds-dgv273-seacev3-1193418,ocds-dgv273-seacev3-1193418-2026-04-16T10:35:41.280145-05:00,2386154,21216257,85101503,Servicio para administrar consultorios médicos,UNSPSC
ocds-dgv273-seacev3-1200649,ocds-dgv273-seacev3-1200649-2026-04-16T10:35:40.674542-05:00,2386348,21235433,30131602,Ladrillos de cerámica,UNSPSC
ocds-dgv273-seacev3-1196670,ocds-dgv273-seacev3-1196670-2026-04-16T10:35:39.790550-05:00,2386240,21224400,81161501,Servicio de administración de aplicaciones de software,UNSPSC
ocds-dgv273-seacev3-1192972,ocds-dgv273-seacev3-1192972-2026-04-16T10:35:39.689939-05:00,2386300,21215226,81101509,Ingeniería de aeropuertos,UNSPSC
ocds-dgv273-seacev3-1195281,ocds-dgv273-seacev3-1195281-2026-04-16T10:35:37.795515-05:00,2385921,21221241,21102006,Trituradoras de martillo,UNSPSC
ocds-dgv273-seacev3-1198643,ocds-dgv273-seacev3-1198643-2026-04-16T10:35:37.440773-05:00,2386297,21229202,83121703,Servicios relacionados con Internet,UNSPSC
ocds-dgv273-seacev3-1198958,ocds-dgv273-seacev3-1198958-2026-04-16T10:35:37.379041-05:00,2386107,21230403,31191501,Papeles abrasivos,UNSPSC
ocds-dgv273-seacev3-1191397,ocds-dgv273-seacev3-1191397-2026-04-16T10:35:37.333990-05:00,2385924,21211283,50405711,Papa yungay,UNSPSC
ocds-dgv273-seacev3-1192721,ocds-dgv273-seacev3-1192721-2026-04-16T10:35:37.216399-05:00,2386333,21214561,80131502,Alquiler de instalaciones comerciales o industriales,UNSPSC
ocds-dgv273-seacev3-1194034,ocds-dgv273-seacev3-1194034-2026-04-16T10:35:37.078717-05:00,2386083,21217967,51142106,Ibuprofeno,UNSPSC
ocds-dgv273-seacev3-1194034,ocds-dgv273-seacev3-1194034-2026-04-16T10:35:37.078717-05:00,2386379,21217968,51384514,Naproxeno,UNSPSC
ocds-dgv273-seacev3-1194034,ocds-dgv273-seacev3-1194034-2026-04-16T10:35:37.078717-05:00,2386350,21217966,51142106,Ibuprofeno,UNSPSC
ocds-dgv273-seacev3-1194034,ocds-dgv273-seacev3-1194034-2026-04-16T10:35:37.078717-05:00,2386381,21217969,51171909,Omeprazol,UNSPSC
ocds-dgv273-seacev3-1198654,ocds-dgv273-seacev3-1198654-2026-04-16T10:35:36.674892-05:00,2386393,21229358,72141001,Servicios de construcción de pistas y carreteras nuevas,UNSPSC
ocds-dgv273-seacev3-1192466,ocds-dgv273-seacev3-1192466-2026-04-16T10:35:36.509778-05:00,2386268,21213971,72141106,Servicios de construcción de caminos de grava o tierra,UNSPSC
ocds-dgv273-seacev3-1196317,ocds-dgv273-seacev3-1196317-2026-04-16T10:35:36.477295-05:00,2386298,21223695,72141505,Servicios de movimientos de tierras,UNSPSC
ocds-dgv273-seacev3-1196831,ocds-dgv273-seacev3-1196831-2026-04-16T10:35:31.233538-05:00,2386212,21224825,20122706,Tubo conductor,UNSPSC
ocds-dgv273-seacev3-1195417,ocds-dgv273-seacev3-1195417-2026-04-16T10:35:30.951626-05:00,2386305,21221878,81101701,Servicios de ingeniería eléctrica,UNSPSC
ocds-dgv273-seacev3-1195794,ocds-dgv273-seacev3-1195794-2026-04-16T10:35:30.669702-05:00,2386276,21222455,80131502,Alquiler de instalaciones comerciales o industriales,UNSPSC
ocds-dgv273-seacev3-2026-270-32,ocds-dgv273-seacev3-2026-270-32-2026-04-16T10:35:30.564422-05:00,2386352,21220048,72141128,Servicio de remodelación  y/o construcción de plazas públicas,UNSPSC
ocds-dgv273-seacev3-1196968,ocds-dgv273-seacev3-1196968-2026-04-16T10:35:30.514984-05:00,2386023,21224961,30131602,Ladrillos de cerámica,UNSPSC
ocds-dgv273-seacev3-1198065,ocds-dgv273-seacev3-1198065-2026-04-16T10:35:29.282644-05:00,2386235,21227623,30121803,Césped artificial,UNSPSC
ocds-dgv273-seacev3-1192816,ocds-dgv273-seacev3-1192816-2026-04-16T10:35:28.920839-05:00,2386272,21214801,30111601,Cemento,UNSPSC
ocds-dgv273-seacev3-2026-143-1,ocds-dgv273-seacev3-2026-143-1-2026-04-16T10:35:28.473215-05:00,2386150,21219315,72141107,Servicios de construcción y reparación de puentes,UNSPSC
ocds-dgv273-seacev3-1193438,ocds-dgv273-seacev3-1193438-2026-04-16T10:35:27.751532-05:00,2386262,21216421,86111702,Enseñanza de idiomas extranjeros por inmersión,UNSPSC
ocds-dgv273-seacev3-1194076,ocds-dgv273-seacev3-1194076-2026-04-16T10:35:26.849064-05:00,2386290,21218056,82121504,Impresión tipográfica o serigrafía,UNSPSC
ocds-dgv273-seacev3-1199946,ocds-dgv273-seacev3-1199946-2026-04-16T10:35:26.685089-05:00,2386292,21233124,40171502,Tubería comercial de acero carbón sin costuras,UNSPSC
ocds-dgv273-seacev3-1197128,ocds-dgv273-seacev3-1197128-2026-04-16T10:35:26.601822-05:00,2386241,21225340,81161501,Servicio de administración de aplicaciones de software,UNSPSC
ocds-dgv273-seacev3-1195689,ocds-dgv273-seacev3-1195689-2026-04-16T10:35:25.299001-05:00,2386409,21222284,30111801,Agregado natural,UNSPSC
ocds-dgv273-seacev3-2026-1947-296,ocds-dgv273-seacev3-2026-1947-296-2026-04-16T10:35:25.070362-05:00,2385912,21239468,82101603,Publicidad en Internet,UNSPSC
ocds-dgv273-seacev3-1199681,ocds-dgv273-seacev3-1199681-2026-04-16T10:35:24.736253-05:00,2385981,21234774,78102101,Transporte de productos petroleros,UNSPSC
ocds-dgv273-seacev3-1192703,ocds-dgv273-seacev3-1192703-2026-04-16T10:35:24.612047-05:00,2386335,21214471,85101604,Servicios de asistencia del personal de médicos,UNSPSC
ocds-dgv273-seacev3-1192703,ocds-dgv273-seacev3-1192703-2026-04-16T10:35:24.612047-05:00,2386335,21214470,85101604,Servicios de asistencia del personal de médicos,UNSPSC
ocds-dgv273-seacev3-1201972,ocds-dgv273-seacev3-1201972-2026-04-12T10:05:10.969562-05:00,2385891,21239604,80131502,Alquiler de instalaciones comerciales o industriales,UNSPSC
ocds-dgv273-seacev3-2026-1487-1,ocds-dgv273-seacev3-2026-1487-1-2026-04-12T10:05:09.788665-05:00,2385906,21224910,15101506,Gasolina o Petróleo,UNSPSC
ocds-dgv273-seacev3-1194824,ocds-dgv273-seacev3-1194824-2026-04-12T10:05:09.541280-05:00,2385894,21219875,81101505,Ingeniería estructural,UNSPSC
ocds-dgv273-seacev3-1193962,ocds-dgv273-seacev3-1193962-2026-04-12T10:05:09.392360-05:00,2385867,21217838,42132205,Guantes quirúrgicos,UNSPSC
ocds-dgv273-seacev3-2026-10184-4,ocds-dgv273-seacev3-2026-10184-4-2026-04-12T10:05:09.253797-05:00,2385782,21215307,50121611,Marisco fresco,UNSPSC
ocds-dgv273-seacev3-2026-10184-4,ocds-dgv273-seacev3-2026-10184-4-2026-04-12T10:05:09.253797-05:00,2385792,21215308,50111515,Pollo mínimamente procesado sin aditivos,UNSPSC
ocds-dgv273-seacev3-2026-10184-4,ocds-dgv273-seacev3-2026-10184-4-2026-04-12T10:05:09.253797-05:00,2385792,21215285,50111521,Pavo mínimamente procesado sin aditivos,UNSPSC
ocds-dgv273-seacev3-2026-10184-4,ocds-dgv273-seacev3-2026-10184-4-2026-04-12T10:05:09.253797-05:00,2385792,21215306,50112010,Pollo procesado sin aditivos,UNSPSC
ocds-dgv273-seacev3-1192625,ocds-dgv273-seacev3-1192625-2026-04-12T10:05:08.806152-05:00,2385842,21214351,30111601,Cemento,UNSPSC
ocds-dgv273-seacev3-1193112,ocds-dgv273-seacev3-1193112-2026-04-12T10:05:05.234863-05:00,2385846,21215528,81101515,Ingeniería de infraestructura de plantas o instalaciones,UNSPSC
ocds-dgv273-seacev3-1195812,ocds-dgv273-seacev3-1195812-2026-04-12T10:05:04.681468-05:00,2385714,21222457,84111603,Auditorías internas,UNSPSC
ocds-dgv273-seacev3-1197584,ocds-dgv273-seacev3-1197584-2026-04-12T10:05:03.332163-05:00,2385590,21226531,41116105,Reactivos o soluciones químicos,UNSPSC
ocds-dgv273-seacev3-1197584,ocds-dgv273-seacev3-1197584-2026-04-12T10:05:03.332163-05:00,2385590,21227333,41106402,Iniciadores o primers diversos,UNSPSC
ocds-dgv273-seacev3-1197584,ocds-dgv273-seacev3-1197584-2026-04-12T10:05:03.332163-05:00,2385590,21227335,41106402,Iniciadores o primers diversos,UNSPSC
ocds-dgv273-seacev3-1197584,ocds-dgv273-seacev3-1197584-2026-04-12T10:05:03.332163-05:00,2385859,21226521,41116105,Reactivos o soluciones químicos,UNSPSC
ocds-dgv273-seacev3-1197584,ocds-dgv273-seacev3-1197584-2026-04-12T10:05:03.332163-05:00,2385863,21227348,12191602,Solventes activos,UNSPSC
ocds-dgv273-seacev3-1197584,ocds-dgv273-seacev3-1197584-2026-04-12T10:05:03.332163-05:00,2385863,21227332,41116134,Reactivos o soluciones o tinciones de biología molecular,UNSPSC
ocds-dgv273-seacev3-1197584,ocds-dgv273-seacev3-1197584-2026-04-12T10:05:03.332163-05:00,2385866,21227336,41113036,Microplacas,UNSPSC
ocds-dgv273-seacev3-1192352,ocds-dgv273-seacev3-1192352-2026-04-12T10:05:03.306123-05:00,2385885,21213756,50192109,"Papas fritas en hojuelas y al hilo, mix de bocaditos o galletas saladas",UNSPSC
ocds-dgv273-seacev3-2026-302-8,ocds-dgv273-seacev3-2026-302-8-2026-04-12T10:05:02.999586-05:00,2385880,21214772,72121406,Servicios de construcción de escuelas,UNSPSC
ocds-dgv273-seacev3-2026-1610-5,ocds-dgv273-seacev3-2026-1610-5-2026-04-12T10:05:02.795489-05:00,2385838,21225068,30111601,Cemento,UNSPSC
ocds-dgv273-seacev3-1192892,ocds-dgv273-seacev3-1192892-2026-04-12T10:05:02.638838-05:00,2385771,21214932,15101505,Diesel,UNSPSC
ocds-dgv273-seacev3-1197633,ocds-dgv273-seacev3-1197633-2026-04-12T10:05:02.393907-05:00,2385871,21226538,78111808,Alquiler de vehículos,UNSPSC
ocds-dgv273-seacev3-2026-1493-28,ocds-dgv273-seacev3-2026-1493-28-2026-04-12T10:05:02.025948-05:00,2385845,21214245,72121406,Servicios de construcción de escuelas,UNSPSC
ocds-dgv273-seacev3-2026-200127-2,ocds-dgv273-seacev3-2026-200127-2-2026-04-12T10:05:01.975079-05:00,2385834,21218756,15101505,Diesel,UNSPSC
ocds-dgv273-seacev3-1192491,ocds-dgv273-seacev3-1192491-2026-04-12T10:05:01.954658-05:00,2385829,21214209,72121406,Servicios de construcción de escuelas,UNSPSC
ocds-dgv273-seacev3-2026-850-1,ocds-dgv273-seacev3-2026-850-1-2026-04-12T10:05:01.228795-05:00,2384772,21217883,50131702,Leche o productos de mantequilla estables sin refrigerar,UNSPSC
ocds-dgv273-seacev3-2026-240-2,ocds-dgv273-seacev3-2026-240-2-2026-04-12T10:05:01.079103-05:00,2385687,21213589,72141003,Servicios de mantenimiento de pistas y carreteras,UNSPSC
ocds-dgv273-seacev3-1192558,ocds-dgv273-seacev3-1192558-2026-04-12T10:05:00.737258-05:00,2385776,21214040,51131508,Epoetina alfa,UNSPSC
ocds-dgv273-seacev3-1198171,ocds-dgv273-seacev3-1198171-2026-04-12T10:05:00.516198-05:00,2385831,21227956,50131702,Leche o productos de mantequilla estables sin refrigerar,UNSPSC
ocds-dgv273-seacev3-1193022,ocds-dgv273-seacev3-1193022-2026-04-12T10:04:57.012027-05:00,2385861,21215372,51191605,Agua esteril para inyección,UNSPSC
ocds-dgv273-seacev3-1196381,ocds-dgv273-seacev3-1196381-2026-04-12T10:04:56.389869-05:00,2385902,21223768,30121702,Geotextil,UNSPSC
ocds-dgv273-seacev3-1197656,ocds-dgv273-seacev3-1197656-2026-04-12T10:04:55.489743-05:00,2385638,21226738,72141505,Servicios de movimientos de tierras,UNSPSC
ocds-dgv273-seacev3-1197656,ocds-dgv273-seacev3-1197656-2026-04-12T10:04:55.489743-05:00,2385638,21226652,72141505,Servicios de movimientos de tierras,UNSPSC
ocds-dgv273-seacev3-1197656,ocds-dgv273-seacev3-1197656-2026-04-12T10:04:55.489743-05:00,2385638,21226564,72141505,Servicios de movimientos de tierras,UNSPSC
ocds-dgv273-seacev3-1197656,ocds-dgv273-seacev3-1197656-2026-04-12T10:04:55.489743-05:00,2385638,21227245,72141505,Servicios de movimientos de tierras,UNSPSC
ocds-dgv273-seacev3-1197656,ocds-dgv273-seacev3-1197656-2026-04-12T10:04:55.489743-05:00,2385607,21227252,72141505,Servicios de movimientos de tierras,UNSPSC
ocds-dgv273-seacev3-1197656,ocds-dgv273-seacev3-1197656-2026-04-12T10:04:55.489743-05:00,2385628,21227250,72141505,Servicios de movimientos de tierras,UNSPSC
ocds-dgv273-seacev3-1197656,ocds-dgv273-seacev3-1197656-2026-04-12T10:04:55.489743-05:00,2385596,21226565,72141505,Servicios de movimientos de tierras,UNSPSC
ocds-dgv273-seacev3-1197656,ocds-dgv273-seacev3-1197656-2026-04-12T10:04:55.489743-05:00,2385620,21226647,72141505,Servicios de movimientos de tierras,UNSPSC
ocds-dgv273-seacev3-1197656,ocds-dgv273-seacev3-1197656-2026-04-12T10:04:55.489743-05:00,2385620,21226646,72141505,Servicios de movimientos de tierras,UNSPSC
ocds-dgv273-seacev3-1197656,ocds-dgv273-seacev3-1197656-2026-04-12T10:04:55.489743-05:00,2385723,21227217,72141505,Servicios de movimientos de tierras,UNSPSC
ocds-dgv273-seacev3-1197656,ocds-dgv273-seacev3-1197656-2026-04-12T10:04:55.489743-05:00,2385723,21227236,72141505,Servicios de movimientos de tierras,UNSPSC
ocds-dgv273-seacev3-1197656,ocds-dgv273-seacev3-1197656-2026-04-12T10:04:55.489743-05:00,2385723,21227253,72141505,Servicios de movimientos de tierras,UNSPSC
ocds-dgv273-seacev3-1197656,ocds-dgv273-seacev3-1197656-2026-04-12T10:04:55.489743-05:00,2385723,21227254,72141505,Servicios de movimientos de tierras,UNSPSC
ocds-dgv273-seacev3-1197656,ocds-dgv273-seacev3-1197656-2026-04-12T10:04:55.489743-05:00,2385723,21227302,72141505,Servicios de movimientos de tierras,UNSPSC
ocds-dgv273-seacev3-1197656,ocds-dgv273-seacev3-1197656-2026-04-12T10:04:55.489743-05:00,2385723,21227308,72141505,Servicios de movimientos de tierras,UNSPSC
ocds-dgv273-seacev3-1197656,ocds-dgv273-seacev3-1197656-2026-04-12T10:04:55.489743-05:00,2385723,21227214,72141505,Servicios de movimientos de tierras,UNSPSC
ocds-dgv273-seacev3-1197656,ocds-dgv273-seacev3-1197656-2026-04-12T10:04:55.489743-05:00,2385712,21226648,72141505,Servicios de movimientos de tierras,UNSPSC
ocds-dgv273-seacev3-1197656,ocds-dgv273-seacev3-1197656-2026-04-12T10:04:55.489743-05:00,2385718,21226649,72141505,Servicios de movimientos de tierras,UNSPSC
ocds-dgv273-seacev3-1197656,ocds-dgv273-seacev3-1197656-2026-04-12T10:04:55.489743-05:00,2385718,21226650,72141505,Servicios de movimientos de tierras,UNSPSC
ocds-dgv273-seacev3-1197656,ocds-dgv273-seacev3-1197656-2026-04-12T10:04:55.489743-05:00,2385718,21226651,72141505,Servicios de movimientos de tierras,UNSPSC
ocds-dgv273-seacev3-1197656,ocds-dgv273-seacev3-1197656-2026-04-12T10:04:55.489743-05:00,2385823,21226669,72141505,Servicios de movimientos de tierras,UNSPSC
ocds-dgv273-seacev3-1197656,ocds-dgv273-seacev3-1197656-2026-04-12T10:04:55.489743-05:00,2385823,21227309,72141505,Servicios de movimientos de tierras,UNSPSC
ocds-dgv273-seacev3-1197656,ocds-dgv273-seacev3-1197656-2026-04-12T10:04:55.489743-05:00,2385738,21227246,72141505,Servicios de movimientos de tierras,UNSPSC
ocds-dgv273-seacev3-1197656,ocds-dgv273-seacev3-1197656-2026-04-12T10:04:55.489743-05:00,2385738,21227249,72141505,Servicios de movimientos de tierras,UNSPSC
ocds-dgv273-seacev3-1197656,ocds-dgv273-seacev3-1197656-2026-04-12T10:04:55.489743-05:00,2385731,21227300,72141505,Servicios de movimientos de tierras,UNSPSC
ocds-dgv273-seacev3-1197656,ocds-dgv273-seacev3-1197656-2026-04-12T10:04:55.489743-05:00,2385731,21227306,72141505,Servicios de movimientos de tierras,UNSPSC
ocds-dgv273-seacev3-1197656,ocds-dgv273-seacev3-1197656-2026-04-12T10:04:55.489743-05:00,2385731,21227307,72141505,Servicios de movimientos de tierras,UNSPSC
ocds-dgv273-seacev3-1196247,ocds-dgv273-seacev3-1196247-2026-04-12T10:04:55.365896-05:00,2385881,21223264,30111601,Cemento,UNSPSC
ocds-dgv273-seacev3-1200164,ocds-dgv273-seacev3-1200164-2026-04-12T10:04:52.951905-05:00,2385754,21233868,53121603,Mochilas,UNSPSC
ocds-dgv273-seacev3-1197156,ocds-dgv273-seacev3-1197156-2026-04-12T10:04:48.170048-05:00,2385706,21225416,30102404,Varillas de acero,UNSPSC
ocds-dgv273-seacev3-1193073,ocds-dgv273-seacev3-1193073-2026-04-12T10:04:47.979221-05:00,2385857,21215457,51191602,Electrolitos de cloruro de sodio,UNSPSC
ocds-dgv273-seacev3-1199015,ocds-dgv273-seacev3-1199015-2026-04-12T10:04:47.284595-05:00,2385849,21230650,92101501,Servicios de vigilancia,UNSPSC
ocds-dgv273-seacev3-1193157,ocds-dgv273-seacev3-1193157-2026-04-12T10:04:47.171769-05:00,2385725,21215843,50192109,"Papas fritas en hojuelas y al hilo, mix de bocaditos o galletas saladas",UNSPSC
ocds-dgv273-seacev3-1195788,ocds-dgv273-seacev3-1195788-2026-04-12T10:04:46.624885-05:00,2385330,21224856,80101606,Evaluación y monitoreo de proyectos,UNSPSC
ocds-dgv273-seacev3-1195788,ocds-dgv273-seacev3-1195788-2026-04-12T10:04:46.624885-05:00,2385870,21224855,80121704,Servicios legales de contratos,UNSPSC
ocds-dgv273-seacev3-1193069,ocds-dgv273-seacev3-1193069-2026-04-12T10:04:46.063434-05:00,2385494,21215446,15101505,Diesel,UNSPSC
ocds-dgv273-seacev3-1197077,ocds-dgv273-seacev3-1197077-2026-04-12T10:04:45.477136-05:00,2385812,21225251,85121808,Servicios de laboratorios de radiografías,UNSPSC
ocds-dgv273-seacev3-1201556,ocds-dgv273-seacev3-1201556-2026-04-12T10:04:45.395901-05:00,2385811,21238223,77111508,Servicios de protección contra riesgos o peligros naturales,UNSPSC
ocds-dgv273-seacev3-1193572,ocds-dgv273-seacev3-1193572-2026-04-12T10:04:45.080510-05:00,2385689,21216868,80161504,Servicios de oficina,UNSPSC
ocds-dgv273-seacev3-1199576,ocds-dgv273-seacev3-1199576-2026-04-12T10:04:44.387439-05:00,2385844,21232329,72141505,Servicios de movimientos de tierras,UNSPSC
ocds-dgv273-seacev3-2026-200305-3,ocds-dgv273-seacev3-2026-200305-3-2026-04-12T10:04:43.373267-05:00,2385767,21214927,72141003,Servicios de mantenimiento de pistas y carreteras,UNSPSC
ocds-dgv273-seacev3-2026-200305-5,ocds-dgv273-seacev3-2026-200305-5-2026-04-12T10:04:43.213587-05:00,2385777,21214949,72141003,Servicios de mantenimiento de pistas y carreteras,UNSPSC
ocds-dgv273-seacev3-2026-10184-5,ocds-dgv273-seacev3-2026-10184-5-2026-04-12T10:04:43.110940-05:00,2385808,21215264,50121538,Pescado estable sin refrigerar,UNSPSC
ocds-dgv273-seacev3-2026-10184-5,ocds-dgv273-seacev3-2026-10184-5-2026-04-12T10:04:43.110940-05:00,2385808,21215263,50131702,Leche o productos de mantequilla estables sin refrigerar,UNSPSC
ocds-dgv273-seacev3-2026-10184-5,ocds-dgv273-seacev3-2026-10184-5-2026-04-12T10:04:43.110940-05:00,2385808,21215262,50192303,"Helados o chupetes saborizados, postres helados o yogurts congelados",UNSPSC
ocds-dgv273-seacev3-2026-10184-5,ocds-dgv273-seacev3-2026-10184-5-2026-04-12T10:04:43.110940-05:00,2385810,21215261,50192701,Comidas combinadas frescas,UNSPSC
ocds-dgv273-seacev3-1192348,ocds-dgv273-seacev3-1192348-2026-04-12T10:04:42.995113-05:00,2385786,21213699,80131502,Alquiler de instalaciones comerciales o industriales,UNSPSC
ocds-dgv273-seacev3-1193065,ocds-dgv273-seacev3-1193065-2026-04-12T10:04:38.172801-05:00,2385816,21215416,84121806,Servicios de custodia de valores,UNSPSC
ocds-dgv273-seacev3-1196546,ocds-dgv273-seacev3-1196546-2026-04-12T10:04:36.461618-05:00,2385698,21224050,30111601,Cemento,UNSPSC
ocds-dgv273-seacev3-1195616,ocds-dgv273-seacev3-1195616-2026-04-12T10:04:35.925014-05:00,2385693,21222192,72141505,Servicios de movimientos de tierras,UNSPSC
ocds-dgv273-seacev3-1193609,ocds-dgv273-seacev3-1193609-2026-04-12T10:04:35.823064-05:00,2385795,21216880,93142104,Servicios de planificación sectorial,UNSPSC
ocds-dgv273-seacev3-2026-200082-15,ocds-dgv273-seacev3-2026-200082-15-2026-04-12T10:04:35.784173-05:00,2385716,21226729,80111503,Relaciones laborales o sindicales,UNSPSC
ocds-dgv273-seacev3-1195183,ocds-dgv273-seacev3-1195183-2026-04-12T10:04:35.289864-05:00,2385778,21221059,50131702,Leche o productos de mantequilla estables sin refrigerar,UNSPSC
ocds-dgv273-seacev3-1199825,ocds-dgv273-seacev3-1199825-2026-04-12T10:04:35.061879-05:00,2385702,21232863,47131811,"Productos de lavandería (Cloro, Detergente, Suavizante)",UNSPSC
ocds-dgv273-seacev3-1192734,ocds-dgv273-seacev3-1192734-2026-04-12T10:04:33.921752-05:00,2385835,21214587,30111601,Cemento,UNSPSC
ocds-dgv273-seacev3-2026-1493-5,ocds-dgv273-seacev3-2026-1493-5-2026-04-12T10:04:33.818582-05:00,2385848,21214078,72121406,Servicios de construcción de escuelas,UNSPSC
ocds-dgv273-seacev3-1197893,ocds-dgv273-seacev3-1197893-2026-04-12T10:04:33.725193-05:00,2385860,21227223,92101501,Servicios de vigilancia,UNSPSC
ocds-dgv273-seacev3-2026-200305-2,ocds-dgv273-seacev3-2026-200305-2-2026-04-12T10:04:33.456895-05:00,2385758,21214904,72141003,Servicios de mantenimiento de pistas y carreteras,UNSPSC
ocds-dgv273-seacev3-1193533,ocds-dgv273-seacev3-1193533-2026-04-12T10:04:33.340463-05:00,2385762,21216619,72102905,Mantenimiento de terrenos externos,UNSPSC
ocds-dgv273-seacev3-1196066,ocds-dgv273-seacev3-1196066-2026-04-12T10:04:33.173116-05:00,2385839,21222900,81151604,Levantamiento del terreno,UNSPSC
ocds-dgv273-seacev3-1198020,ocds-dgv273-seacev3-1198020-2026-04-12T10:04:33.115123-05:00,2385872,21227508,39121041,Transformador de voltaje constante,UNSPSC
ocds-dgv273-seacev3-2026-200305-4,ocds-dgv273-seacev3-2026-200305-4-2026-04-12T10:04:32.920042-05:00,2385770,21214928,72141003,Servicios de mantenimiento de pistas y carreteras,UNSPSC
ocds-dgv273-seacev3-2026-200305-1,ocds-dgv273-seacev3-2026-200305-1-2026-04-12T10:04:32.904136-05:00,2385788,21214740,72141003,Servicios de mantenimiento de pistas y carreteras,UNSPSC
ocds-dgv273-seacev3-1197740,ocds-dgv273-seacev3-1197740-2026-04-12T10:04:32.362630-05:00,2385798,21226848,10151704,Semillas o plántulas de césped,UNSPSC
ocds-dgv273-seacev3-1195859,ocds-dgv273-seacev3-1195859-2026-04-11T10:15:11.403593-05:00,2385422,21222593,80101505,Desarrollo de objetivos o políticas corporativas,UNSPSC
ocds-dgv273-seacev3-2026-1947-329,ocds-dgv273-seacev3-2026-1947-329-2026-04-11T10:15:10.444538-05:00,2385526,21234037,72153612,Diseño o decoración de interiores,UNSPSC
ocds-dgv273-seacev3-1194493,ocds-dgv273-seacev3-1194493-2026-04-11T10:15:10.195954-05:00,2385684,21219267,78101703,Servicios de transporte nacional por barcaza,UNSPSC
ocds-dgv273-seacev3-1197299,ocds-dgv273-seacev3-1197299-2026-04-11T10:15:08.172933-05:00,2385453,21225678,80131502,Alquiler de instalaciones comerciales o industriales,UNSPSC
ocds-dgv273-seacev3-1192990,ocds-dgv273-seacev3-1192990-2026-04-11T10:15:00.621615-05:00,2385104,21215289,72151501,Servicios de instalación de iluminación,UNSPSC
ocds-dgv273-seacev3-2026-10489-3,ocds-dgv273-seacev3-2026-10489-3-2026-04-11T10:14:59.855677-05:00,2385441,21214675,50131702,Leche o productos de mantequilla estables sin refrigerar,UNSPSC
ocds-dgv273-seacev3-1197883,ocds-dgv273-seacev3-1197883-2026-04-11T10:14:58.419796-05:00,2385458,21227182,81101515,Ingeniería de infraestructura de plantas o instalaciones,UNSPSC
ocds-dgv273-seacev3-1194153,ocds-dgv273-seacev3-1194153-2026-04-11T10:14:56.927517-05:00,2385329,21218315,50181901,Pan fresco,UNSPSC
ocds-dgv273-seacev3-1197828,ocds-dgv273-seacev3-1197828-2026-04-11T10:14:56.332349-05:00,2385391,21227098,25191514,Barra de remolque de avión,UNSPSC
ocds-dgv273-seacev3-1201982,ocds-dgv273-seacev3-1201982-2026-04-11T10:14:56.284324-05:00,2385451,21241374,80131502,Alquiler de instalaciones comerciales o industriales,UNSPSC
ocds-dgv273-seacev3-1195765,ocds-dgv273-seacev3-1195765-2026-04-11T10:14:55.068856-05:00,2385544,21222416,72121101,Servicios de construcción de nuevos edificios comerciales y de oficinas,UNSPSC
ocds-dgv273-seacev3-1194873,ocds-dgv273-seacev3-1194873-2026-04-11T10:14:54.876057-05:00,2385435,21220208,72154022,Servicios de instalación y mantenimiento de equipos hidráulicos,UNSPSC
ocds-dgv273-seacev3-2026-1490-6,ocds-dgv273-seacev3-2026-1490-6-2026-04-11T10:14:54.786030-05:00,2385641,21219846,50131702,Leche o productos de mantequilla estables sin refrigerar,UNSPSC
ocds-dgv273-seacev3-1200561,ocds-dgv273-seacev3-1200561-2026-04-11T10:14:54.216198-05:00,2385585,21235266,84131512,Seguro de equipos electrónicos,UNSPSC
ocds-dgv273-seacev3-1194665,ocds-dgv273-seacev3-1194665-2026-04-11T10:14:49.287349-05:00,2385678,21219692,50192111,Carnes secas o procesadas,UNSPSC
ocds-dgv273-seacev3-1196584,ocds-dgv273-seacev3-1196584-2026-04-11T10:14:48.496919-05:00,2385576,21224148,30102204,Plancha de acero,UNSPSC
ocds-dgv273-seacev3-1193585,ocds-dgv273-seacev3-1193585-2026-04-11T10:14:47.689999-05:00,2385434,21216762,81101508,Ingeniería arquitectónica,UNSPSC
ocds-dgv273-seacev3-1201214,ocds-dgv273-seacev3-1201214-2026-04-11T10:14:47.609940-05:00,2385445,21236997,72152902,Servicios de colocación de refuerzos de concreto,UNSPSC
ocds-dgv273-seacev3-1195761,ocds-dgv273-seacev3-1195761-2026-04-11T10:14:47.137806-05:00,2385570,21222395,15101505,Diesel,UNSPSC
ocds-dgv273-seacev3-1198287,ocds-dgv273-seacev3-1198287-2026-04-11T10:14:45.895974-05:00,2385505,21228268,39111709,Unidad de iluminación para salida de emergencia,UNSPSC
ocds-dgv273-seacev3-1196824,ocds-dgv273-seacev3-1196824-2026-04-11T10:14:44.039289-05:00,2385476,21224595,40174604,Tubería en T de hierro dúctil,UNSPSC
ocds-dgv273-seacev3-1196687,ocds-dgv273-seacev3-1196687-2026-04-11T10:14:38.084607-05:00,2385383,21224378,83121703,Servicios relacionados con Internet,UNSPSC
ocds-dgv273-seacev3-1195752,ocds-dgv273-seacev3-1195752-2026-04-11T10:14:36.048486-05:00,2385475,21222376,30121601,Asfalto,UNSPSC
ocds-dgv273-seacev3-1192363,ocds-dgv273-seacev3-1192363-2026-04-11T10:14:34.644850-05:00,2385508,21213703,15101505,Diesel,UNSPSC
ocds-dgv273-seacev3-2026-1878-1,ocds-dgv273-seacev3-2026-1878-1-2026-04-11T10:14:34.319377-05:00,2385583,21216132,15101505,Diesel,UNSPSC
ocds-dgv273-seacev3-1195847,ocds-dgv273-seacev3-1195847-2026-04-11T10:14:34.238697-05:00,2385420,21222547,80141607,Gestión de eventos,UNSPSC
ocds-dgv273-seacev3-1195763,ocds-dgv273-seacev3-1195763-2026-04-11T10:14:33.666571-05:00,2385637,21222398,30121702,Geotextil,UNSPSC
ocds-dgv273-seacev3-1196810,ocds-dgv273-seacev3-1196810-2026-04-11T10:14:33.605782-05:00,2385647,21224793,10121801,Alimento seco para perros,UNSPSC
ocds-dgv273-seacev3-1193050,ocds-dgv273-seacev3-1193050-2026-04-11T10:14:33.238557-05:00,2385634,21215426,55121802,Tarjetas o carnets de identificación o productos similares,UNSPSC
ocds-dgv273-seacev3-1192353,ocds-dgv273-seacev3-1192353-2026-04-11T10:14:33.148869-05:00,2385447,21213836,30111801,Agregado natural,UNSPSC
ocds-dgv273-seacev3-1192688,ocds-dgv273-seacev3-1192688-2026-04-11T10:14:31.510391-05:00,2385617,21214547,72154013,Servicios de construcción de cercos,UNSPSC
ocds-dgv273-seacev3-1197132,ocds-dgv273-seacev3-1197132-2026-04-11T10:14:27.105142-05:00,2385386,21225368,42121606,Productos dermatológicos o antiprotozoarios para uso veterinario,UNSPSC
ocds-dgv273-seacev3-2026-1506-11,ocds-dgv273-seacev3-2026-1506-11-2026-04-11T10:14:25.008380-05:00,2385535,21225129,50131702,Leche o productos de mantequilla estables sin refrigerar,UNSPSC
ocds-dgv273-seacev3-1194423,ocds-dgv273-seacev3-1194423-2026-04-11T10:14:24.236437-05:00,2385558,21219134,42231802,Fórmulas o barras o budines suplementarios pediátricos para uso general,UNSPSC
ocds-dgv273-seacev3-1197686,ocds-dgv273-seacev3-1197686-2026-04-11T10:14:22.183539-05:00,2385444,21226582,72102103,Servicios de exterminación o fumigación,UNSPSC
ocds-dgv273-seacev3-1195768,ocds-dgv273-seacev3-1195768-2026-04-11T10:14:15.828088-05:00,2385554,21222427,85121601,Servicios ginecológicos u obstétricos,UNSPSC
ocds-dgv273-seacev3-1195152,ocds-dgv273-seacev3-1195152-2026-04-11T10:14:14.009033-05:00,2385592,21220953,80131502,Alquiler de instalaciones comerciales o industriales,UNSPSC
ocds-dgv273-seacev3-1197371,ocds-dgv273-seacev3-1197371-2026-04-11T10:14:11.430127-05:00,2385419,21225955,15101505,Diesel,UNSPSC
ocds-dgv273-seacev3-1200882,ocds-dgv273-seacev3-1200882-2026-04-11T10:14:10.788143-05:00,2385658,21236240,80141607,Gestión de eventos,UNSPSC
ocds-dgv273-seacev3-1198293,ocds-dgv273-seacev3-1198293-2026-04-11T10:14:10.541955-05:00,2385580,21228191,60121251,Pintura gouache,UNSPSC
ocds-dgv273-seacev3-1200905,ocds-dgv273-seacev3-1200905-2026-04-11T10:14:10.164588-05:00,2385663,21235968,80141607,Gestión de eventos,UNSPSC
ocds-dgv273-seacev3-2026-1347-4,ocds-dgv273-seacev3-2026-1347-4-2026-04-11T10:14:03.554537-05:00,2385679,21214446,50424501,Lentejas secas,UNSPSC
ocds-dgv273-seacev3-2026-870-4,ocds-dgv273-seacev3-2026-870-4-2026-04-11T10:14:03.463523-05:00,2385492,21222278,30111601,Cemento,UNSPSC
ocds-dgv273-seacev3-1199146,ocds-dgv273-seacev3-1199146-2026-04-11T10:14:02.104357-05:00,2385506,21230817,80131502,Alquiler de instalaciones comerciales o industriales,UNSPSC
ocds-dgv273-seacev3-1197935,ocds-dgv273-seacev3-1197935-2026-04-11T10:14:01.192147-05:00,2385581,21227315,78111808,Alquiler de vehículos,UNSPSC
ocds-dgv273-seacev3-2026-1992-2,ocds-dgv273-seacev3-2026-1992-2-2026-04-11T10:13:58.257496-05:00,2385618,21214739,81111805,Mantenimiento o soporte de sistemas propietarios o con licencia,UNSPSC
ocds-dgv273-seacev3-1193262,ocds-dgv273-seacev3-1193262-2026-04-11T10:13:57.888299-05:00,2384711,21216101,81101508,Ingeniería arquitectónica,UNSPSC
ocds-dgv273-seacev3-1196656,ocds-dgv273-seacev3-1196656-2026-04-10T10:15:58.318507-05:00,2385348,21224352,80141607,Gestión de eventos,UNSPSC
ocds-dgv273-seacev3-1195220,ocds-dgv273-seacev3-1195220-2026-04-10T10:15:58.282153-05:00,2385291,21221128,30111601,Cemento,UNSPSC
ocds-dgv273-seacev3-1199155,ocds-dgv273-seacev3-1199155-2026-04-10T10:15:58.127564-05:00,2385207,21230888,72141003,Servicios de mantenimiento de pistas y carreteras,UNSPSC
ocds-dgv273-seacev3-1200272,ocds-dgv273-seacev3-1200272-2026-04-10T10:15:57.754448-05:00,2385341,21234311,80141607,Gestión de eventos,UNSPSC
ocds-dgv273-seacev3-1193907,ocds-dgv273-seacev3-1193907-2026-04-10T10:15:57.236908-05:00,2385118,21217745,76122003,Disposición final para desechos peligrosos,UNSPSC
ocds-dgv273-seacev3-1199114,ocds-dgv273-seacev3-1199114-2026-04-10T10:15:56.986404-05:00,2385199,21230748,72141003,Servicios de mantenimiento de pistas y carreteras,UNSPSC
ocds-dgv273-seacev3-1199203,ocds-dgv273-seacev3-1199203-2026-04-10T10:15:54.772975-05:00,2385215,21230945,72141003,Servicios de mantenimiento de pistas y carreteras,UNSPSC
ocds-dgv273-seacev3-2026-200562-7,ocds-dgv273-seacev3-2026-200562-7-2026-04-10T10:15:54.167144-05:00,2385346,21226049,76122003,Disposición final para desechos peligrosos,UNSPSC
ocds-dgv273-seacev3-2026-847-3,ocds-dgv273-seacev3-2026-847-3-2026-04-10T10:15:53.032639-05:00,2385349,21224541,50131702,Leche o productos de mantequilla estables sin refrigerar,UNSPSC
ocds-dgv273-seacev3-1193426,ocds-dgv273-seacev3-1193426-2026-04-10T10:15:51.700712-05:00,2385189,21216278,12352302,Sales metálicas inorgánicas,UNSPSC
ocds-dgv273-seacev3-2026-1852-22,ocds-dgv273-seacev3-2026-1852-22-2026-04-10T10:15:45.259347-05:00,2385359,21222813,12162302,Aceleradores de cemento,UNSPSC
ocds-dgv273-seacev3-1193365,ocds-dgv273-seacev3-1193365-2026-04-10T10:15:44.197842-05:00,2385182,21216208,12352311,Alúmina y otros compuestos de aluminio,UNSPSC
ocds-dgv273-seacev3-1196664,ocds-dgv273-seacev3-1196664-2026-04-10T10:15:43.491595-05:00,2385362,21224396,80141607,Gestión de eventos,UNSPSC
ocds-dgv273-seacev3-1200874,ocds-dgv273-seacev3-1200874-2026-04-10T10:15:42.864307-05:00,2385140,21236248,72152605,Servicios de montaje y reparación de techos,UNSPSC
ocds-dgv273-seacev3-1193702,ocds-dgv273-seacev3-1193702-2026-04-10T10:15:41.674395-05:00,2385143,21217192,22101507,Apisonadores,UNSPSC
ocds-dgv273-seacev3-2026-200373-4,ocds-dgv273-seacev3-2026-200373-4-2026-04-10T10:15:41.390790-05:00,2385298,21217842,30102403,Varillas de hierro,UNSPSC
ocds-dgv273-seacev3-1195565,ocds-dgv273-seacev3-1195565-2026-04-10T10:15:40.947040-05:00,2385336,21222050,78111802,Servicios programados de autobús,UNSPSC
ocds-dgv273-seacev3-2026-374-22,ocds-dgv273-seacev3-2026-374-22-2026-04-10T10:15:35.062047-05:00,2385252,21213528,30111601,Cemento,UNSPSC
ocds-dgv273-seacev3-1201984,ocds-dgv273-seacev3-1201984-2026-04-10T10:15:34.484760-05:00,2385366,21241392,70171602,Servicios de ensayos del agua,UNSPSC
ocds-dgv273-seacev3-1196385,ocds-dgv273-seacev3-1196385-2026-04-10T10:15:34.083358-05:00,2385332,21223631,50131702,Leche o productos de mantequilla estables sin refrigerar,UNSPSC
ocds-dgv273-seacev3-1194661,ocds-dgv273-seacev3-1194661-2026-04-10T10:15:33.791412-05:00,2382847,21219687,73152101,Servicios de mantenimiento de equipos de fabricación,UNSPSC
ocds-dgv273-seacev3-2026-801-15,ocds-dgv273-seacev3-2026-801-15-2026-04-10T10:15:31.358595-05:00,2385192,21221635,30161601,Azulejos para techos acústicos,UNSPSC
ocds-dgv273-seacev3-1193244,ocds-dgv273-seacev3-1193244-2026-04-10T10:15:30.573770-05:00,2385369,21215778,11111701,Arena silícea,UNSPSC
ocds-dgv273-seacev3-1203846,ocds-dgv273-seacev3-1203846-2026-04-10T10:15:30.438324-05:00,2385364,21245387,80141507,"Investigación, talleres o focus groups basados en el consumidor",UNSPSC
ocds-dgv273-seacev3-1196397,ocds-dgv273-seacev3-1196397-2026-04-10T10:15:30.101167-05:00,2385374,21223902,80141607,Gestión de eventos,UNSPSC
ocds-dgv273-seacev3-1203751,ocds-dgv273-seacev3-1203751-2026-04-10T10:15:30.024442-05:00,2385320,21245298,80111601,Asistencia administrativa o de oficina temporal,UNSPSC
ocds-dgv273-seacev3-2026-42037-1,ocds-dgv273-seacev3-2026-42037-1-2026-04-10T10:15:29.218515-05:00,2385205,21224176,77121704,Servicios de tratamiento de aguas superficiales,UNSPSC
ocds-dgv273-seacev3-1193574,ocds-dgv273-seacev3-1193574-2026-04-10T10:15:23.698034-05:00,2385152,21217056,51273937,Epinefrina/lidocaína,UNSPSC
ocds-dgv273-seacev3-1193116,ocds-dgv273-seacev3-1193116-2026-04-10T10:15:23.521981-05:00,2385157,21215536,50131702,Leche o productos de mantequilla estables sin refrigerar,UNSPSC
ocds-dgv273-seacev3-1199236,ocds-dgv273-seacev3-1199236-2026-04-10T10:15:23.259078-05:00,2385221,21230994,72141003,Servicios de mantenimiento de pistas y carreteras,UNSPSC
ocds-dgv273-seacev3-1201615,ocds-dgv273-seacev3-1201615-2026-04-10T10:15:22.837562-05:00,2384583,21238284,78111808,Alquiler de vehículos,UNSPSC
ocds-dgv273-seacev3-1199034,ocds-dgv273-seacev3-1199034-2026-04-10T10:15:22.703748-05:00,2385275,21230638,11161703,Telas de oxford de algodón,UNSPSC
ocds-dgv273-seacev3-1203894,ocds-dgv273-seacev3-1203894-2026-04-10T10:15:22.261614-05:00,2385376,21245765,78101802,Servicios de transporte regional o nacional en camión,UNSPSC
ocds-dgv273-seacev3-1195963,ocds-dgv273-seacev3-1195963-2026-04-10T10:15:20.684192-05:00,2385229,21222704,72141003,Servicios de mantenimiento de pistas y carreteras,UNSPSC
ocds-dgv273-seacev3-1198185,ocds-dgv273-seacev3-1198185-2026-04-10T10:15:20.564046-05:00,2385070,21230361,78111808,Alquiler de vehículos,UNSPSC
ocds-dgv273-seacev3-2026-1497-1,ocds-dgv273-seacev3-2026-1497-1-2026-04-10T10:15:20.534341-05:00,2385172,21198993,50192109,"Papas fritas en hojuelas y al hilo, mix de bocaditos o galletas saladas",UNSPSC
ocds-dgv273-seacev3-1201110,ocds-dgv273-seacev3-1201110-2026-04-10T10:15:19.783494-05:00,2385238,21236815,85101501,Servicio para administrar hospitales quirúrgicos o de emergencia,UNSPSC
ocds-dgv273-seacev3-1192139,ocds-dgv273-seacev3-1192139-2026-04-10T10:15:19.363855-05:00,2385318,21213431,50131702,Leche o productos de mantequilla estables sin refrigerar,UNSPSC
ocds-dgv273-seacev3-1201946,ocds-dgv273-seacev3-1201946-2026-04-10T10:15:18.759649-05:00,2385338,21241301,82101603,Publicidad en Internet,UNSPSC
ocds-dgv273-seacev3-1193929,ocds-dgv273-seacev3-1193929-2026-04-10T10:15:18.577669-05:00,2385250,21217581,41116101,Kits de ensayo de banco de sangre o suministros,UNSPSC
ocds-dgv273-seacev3-1203941,ocds-dgv273-seacev3-1203941-2026-04-10T10:15:12.049835-05:00,2385380,21245624,72121103,Servicios de renovación y reparación de edificios comerciales y de oficinas,UNSPSC
ocds-dgv273-seacev3-1192223,ocds-dgv273-seacev3-1192223-2026-04-10T10:15:10.699003-05:00,2385310,21213316,50402701,Apios celebrity,UNSPSC
ocds-dgv273-seacev3-2026-200082-1,ocds-dgv273-seacev3-2026-200082-1-2026-04-10T10:15:09.872814-05:00,2385319,21226516,80101606,Evaluación y monitoreo de proyectos,UNSPSC
ocds-dgv273-seacev3-2026-1689-1,ocds-dgv273-seacev3-2026-1689-1-2026-04-10T10:15:09.840302-05:00,2385191,21216178,40151510,Bombas de agua,UNSPSC
ocds-dgv273-seacev3-1201987,ocds-dgv273-seacev3-1201987-2026-04-10T10:15:09.228399-05:00,2385340,21241391,82101603,Publicidad en Internet,UNSPSC
ocds-dgv273-seacev3-1197615,ocds-dgv273-seacev3-1197615-2026-04-10T10:15:07.738391-05:00,2385213,21226506,41114413,Telémetro de nubes,UNSPSC
ocds-dgv273-seacev3-1194944,ocds-dgv273-seacev3-1194944-2026-04-10T10:15:06.564427-05:00,2385299,21220351,30121601,Asfalto,UNSPSC
ocds-dgv273-seacev3-1193223,ocds-dgv273-seacev3-1193223-2026-04-10T10:15:06.548675-05:00,2385372,21215769,11111611,Grava,UNSPSC
ocds-dgv273-seacev3-2026-849-5,ocds-dgv273-seacev3-2026-849-5-2026-04-10T10:15:05.883253-05:00,2385183,21215383,30111601,Cemento,UNSPSC
ocds-dgv273-seacev3-1193364,ocds-dgv273-seacev3-1193364-2026-04-10T10:15:05.789303-05:00,2385306,21216205,30103603,Madera para uso estructural,UNSPSC
ocds-dgv273-seacev3-1199183,ocds-dgv273-seacev3-1199183-2026-04-10T10:15:00.132450-05:00,2385212,21230906,72141003,Servicios de mantenimiento de pistas y carreteras,UNSPSC
ocds-dgv273-seacev3-1202035,ocds-dgv273-seacev3-1202035-2026-04-10T10:15:00.027946-05:00,2385343,21239704,82101603,Publicidad en Internet,UNSPSC
ocds-dgv273-seacev3-1203556,ocds-dgv273-seacev3-1203556-2026-04-10T10:14:59.932243-05:00,2385194,21244759,80101505,Desarrollo de objetivos o políticas corporativas,UNSPSC
ocds-dgv273-seacev3-1192702,ocds-dgv273-seacev3-1192702-2026-04-10T10:14:59.871903-05:00,2385302,21214464,53131608,Jabones,UNSPSC
ocds-dgv273-seacev3-1197497,ocds-dgv273-seacev3-1197497-2026-04-10T10:14:59.346454-05:00,2385136,21226239,30181605,Dren,UNSPSC
ocds-dgv273-seacev3-1195828,ocds-dgv273-seacev3-1195828-2026-04-10T10:14:59.297137-05:00,2385334,21222526,72153102,Servicios de construcción de campos deportivos interiores,UNSPSC
ocds-dgv273-seacev3-1194067,ocds-dgv273-seacev3-1194067-2026-04-10T10:14:58.538972-05:00,2385280,21218035,43233501,Software de correo electrónico,UNSPSC
ocds-dgv273-seacev3-1194819,ocds-dgv273-seacev3-1194819-2026-04-10T10:14:58.133300-05:00,2385200,21220142,15101505,Diesel,UNSPSC
ocds-dgv273-seacev3-1196839,ocds-dgv273-seacev3-1196839-2026-04-10T10:14:57.881904-05:00,2385262,21224610,27112027,Escoba de jardín,UNSPSC
ocds-dgv273-seacev3-1193622,ocds-dgv273-seacev3-1193622-2026-04-10T10:14:56.786887-05:00,2385365,21217070,46181531,Ropa reflectante o accesorios,UNSPSC
ocds-dgv273-seacev3-1194651,ocds-dgv273-seacev3-1194651-2026-04-10T10:14:48.503714-05:00,2385257,21219688,41106214,Reactivos para la preparación de bacterias competentes,UNSPSC
ocds-dgv273-seacev3-2026-1008-1,ocds-dgv273-seacev3-2026-1008-1-2026-04-10T10:14:48.414184-05:00,2385227,21217432,50192109,"Papas fritas en hojuelas y al hilo, mix de bocaditos o galletas saladas",UNSPSC
ocds-dgv273-seacev3-2026-1008-1,ocds-dgv273-seacev3-2026-1008-1-2026-04-10T10:14:48.414184-05:00,2385224,21217431,50131702,Leche o productos de mantequilla estables sin refrigerar,UNSPSC
ocds-dgv273-seacev3-1193339,ocds-dgv273-seacev3-1193339-2026-04-10T10:14:45.773527-05:00,2385344,21216325,76122003,Disposición final para desechos peligrosos,UNSPSC
ocds-dgv273-seacev3-1192488,ocds-dgv273-seacev3-1192488-2026-04-10T10:14:43.042011-05:00,2385316,21214201,77102001,Servicio de certificación de cumplimiento legal,UNSPSC
ocds-dgv273-seacev3-2026-106-2,ocds-dgv273-seacev3-2026-106-2-2026-04-10T10:14:42.711431-05:00,2385174,21205055,50121538,Pescado estable sin refrigerar,UNSPSC
ocds-dgv273-seacev3-2026-209149-45,ocds-dgv273-seacev3-2026-209149-45-2026-04-09T10:18:25.418378-05:00,2384998,21231728,80101606,Evaluación y monitoreo de proyectos,UNSPSC
ocds-dgv273-seacev3-1201105,ocds-dgv273-seacev3-1201105-2026-04-09T10:18:24.938087-05:00,2384581,21236840,78111802,Servicios programados de autobús,UNSPSC
ocds-dgv273-seacev3-2026-1289-3,ocds-dgv273-seacev3-2026-1289-3-2026-04-09T10:18:23.777800-05:00,2385014,21222705,50221108,Grano de arroz,UNSPSC
ocds-dgv273-seacev3-1195746,ocds-dgv273-seacev3-1195746-2026-04-09T10:18:23.119597-05:00,2385010,21222375,80131502,Alquiler de instalaciones comerciales o industriales,UNSPSC
ocds-dgv273-seacev3-2026-10249-37,ocds-dgv273-seacev3-2026-10249-37-2026-04-09T10:18:21.624460-05:00,2384881,21225276,80101504,Servicios de consultoría de planeamiento estratégico,UNSPSC
ocds-dgv273-seacev3-1192063,ocds-dgv273-seacev3-1192063-2026-04-09T10:18:20.257364-05:00,2385046,21213098,50121538,Pescado estable sin refrigerar,UNSPSC
ocds-dgv273-seacev3-1191058,ocds-dgv273-seacev3-1191058-2026-04-09T10:18:20.221115-05:00,2384883,21210493,72121406,Servicios de construcción de escuelas,UNSPSC
ocds-dgv273-seacev3-1194891,ocds-dgv273-seacev3-1194891-2026-04-09T10:18:19.868307-05:00,2385040,21220205,15101505,Diesel,UNSPSC
ocds-dgv273-seacev3-2026-10466-8,ocds-dgv273-seacev3-2026-10466-8-2026-04-09T10:18:13.747022-05:00,2384902,21219718,41116137,Reactivos o soluciones o tinciones de análisis de orina,UNSPSC
ocds-dgv273-seacev3-1194128,ocds-dgv273-seacev3-1194128-2026-04-09T10:18:13.062590-05:00,2384956,21218183,81101508,Ingeniería arquitectónica,UNSPSC
ocds-dgv273-seacev3-1195003,ocds-dgv273-seacev3-1195003-2026-04-09T10:18:12.696763-05:00,2385037,21220414,31401503,Junta moldeada de junta tórica,UNSPSC
ocds-dgv273-seacev3-2026-430-2,ocds-dgv273-seacev3-2026-430-2-2026-04-09T10:18:12.432265-05:00,2385082,21218224,30121601,Asfalto,UNSPSC
ocds-dgv273-seacev3-2026-1162-4,ocds-dgv273-seacev3-2026-1162-4-2026-04-09T10:18:12.345169-05:00,2384857,21213518,76122001,Disposición final de desechos genéricos no peligrosos,UNSPSC
ocds-dgv273-seacev3-1201261,ocds-dgv273-seacev3-1201261-2026-04-09T10:18:11.881183-05:00,2385058,21237137,92101501,Servicios de vigilancia,UNSPSC
ocds-dgv273-seacev3-1195332,ocds-dgv273-seacev3-1195332-2026-04-09T10:18:09.836832-05:00,2384916,21221583,12141904,Oxígeno (O),UNSPSC
ocds-dgv273-seacev3-1201401,ocds-dgv273-seacev3-1201401-2026-04-09T10:18:09.625215-05:00,2384987,21237668,78111808,Alquiler de vehículos,UNSPSC
ocds-dgv273-seacev3-1201401,ocds-dgv273-seacev3-1201401-2026-04-09T10:18:09.625215-05:00,2384987,21237667,78111808,Alquiler de vehículos,UNSPSC
ocds-dgv273-seacev3-1194054,ocds-dgv273-seacev3-1194054-2026-04-09T10:18:08.523828-05:00,2384932,21218110,81101508,Ingeniería arquitectónica,UNSPSC
ocds-dgv273-seacev3-2026-1484-3,ocds-dgv273-seacev3-2026-1484-3-2026-04-09T10:18:07.730025-05:00,2384965,21201733,12352302,Sales metálicas inorgánicas,UNSPSC
ocds-dgv273-seacev3-1193700,ocds-dgv273-seacev3-1193700-2026-04-09T10:18:07.471661-05:00,2384939,21217190,30111601,Cemento,UNSPSC
ocds-dgv273-seacev3-1199776,ocds-dgv273-seacev3-1199776-2026-04-09T10:18:02.720433-05:00,2384952,21232754,80101606,Evaluación y monitoreo de proyectos,UNSPSC
ocds-dgv273-seacev3-1192371,ocds-dgv273-seacev3-1192371-2026-04-09T10:18:01.277754-05:00,2384974,21213741,83121703,Servicios relacionados con Internet,UNSPSC
ocds-dgv273-seacev3-1193612,ocds-dgv273-seacev3-1193612-2026-04-09T10:18:00.795318-05:00,2385077,21216889,23161605,Calderos de fundición,UNSPSC
ocds-dgv273-seacev3-1195791,ocds-dgv273-seacev3-1195791-2026-04-09T10:18:00.541711-05:00,2384912,21222454,82121504,Impresión tipográfica o serigrafía,UNSPSC
ocds-dgv273-seacev3-1198091,ocds-dgv273-seacev3-1198091-2026-04-09T10:17:58.905097-05:00,2385049,21227640,95101901,Granja,UNSPSC
ocds-dgv273-seacev3-1194884,ocds-dgv273-seacev3-1194884-2026-04-09T10:17:51.502309-05:00,2385094,21219924,30111601,Cemento,UNSPSC
ocds-dgv273-seacev3-2026-10556-1,ocds-dgv273-seacev3-2026-10556-1-2026-04-09T10:17:50.075184-05:00,2385006,21213454,92101501,Servicios de vigilancia,UNSPSC
ocds-dgv273-seacev3-1199853,ocds-dgv273-seacev3-1199853-2026-04-09T10:17:49.722729-05:00,2384983,21232940,80101606,Evaluación y monitoreo de proyectos,UNSPSC
ocds-dgv273-seacev3-2026-982-1,ocds-dgv273-seacev3-2026-982-1-2026-04-09T10:17:49.625542-05:00,2384860,21217284,50221102,Harina de cereales,UNSPSC
ocds-dgv273-seacev3-2026-982-1,ocds-dgv273-seacev3-2026-982-1-2026-04-09T10:17:49.625542-05:00,2384860,21217285,50131702,Leche o productos de mantequilla estables sin refrigerar,UNSPSC
ocds-dgv273-seacev3-1195440,ocds-dgv273-seacev3-1195440-2026-04-09T10:17:48.922481-05:00,2384885,21221761,81112102,Proveedor de servicio de correo electrónico,UNSPSC
ocds-dgv273-seacev3-2026-430-1,ocds-dgv273-seacev3-2026-430-1-2026-04-09T10:17:48.907622-05:00,2385045,21218144,15101506,Gasolina o Petróleo,UNSPSC
ocds-dgv273-seacev3-2026-430-1,ocds-dgv273-seacev3-2026-430-1-2026-04-09T10:17:48.907622-05:00,2385045,21218143,15101505,Diesel,UNSPSC
ocds-dgv273-seacev3-1198629,ocds-dgv273-seacev3-1198629-2026-04-09T10:17:48.892476-05:00,2385081,21229283,53102701,Uniformes militares,UNSPSC
ocds-dgv273-seacev3-1195139,ocds-dgv273-seacev3-1195139-2026-04-09T10:17:48.010751-05:00,2384900,21220931,52161509,Sistemas de estéreo portátiles,UNSPSC
ocds-dgv273-seacev3-2026-13-13,ocds-dgv273-seacev3-2026-13-13-2026-04-09T10:17:46.644099-05:00,2384892,21225367,80121704,Servicios legales de contratos,UNSPSC
ocds-dgv273-seacev3-2026-1890-6,ocds-dgv273-seacev3-2026-1890-6-2026-04-09T10:17:46.244457-05:00,2384870,21213849,41115811,Analizadores de secuencia de ADN,UNSPSC
ocds-dgv273-seacev3-1200280,ocds-dgv273-seacev3-1200280-2026-04-09T10:17:40.545764-05:00,2385083,21234281,70131707,Análisis de fertilidad del suelo,UNSPSC
ocds-dgv273-seacev3-1192555,ocds-dgv273-seacev3-1192555-2026-04-09T10:17:40.150057-05:00,2385026,21214355,50221101,Granos de cereal,UNSPSC
ocds-dgv273-seacev3-1194129,ocds-dgv273-seacev3-1194129-2026-04-09T10:17:28.833635-05:00,2384944,21218184,81101515,Ingeniería de infraestructura de plantas o instalaciones,UNSPSC
ocds-dgv273-seacev3-1201084,ocds-dgv273-seacev3-1201084-2026-04-09T10:17:25.870737-05:00,2385112,21236777,81101510,Ingeniería de carreteras,UNSPSC
ocds-dgv273-seacev3-1197727,ocds-dgv273-seacev3-1197727-2026-04-09T10:17:24.062137-05:00,2384919,21226768,30161503,"Placa, plancha o panel para Drywall",UNSPSC
ocds-dgv273-seacev3-1192228,ocds-dgv273-seacev3-1192228-2026-04-09T10:17:17.239137-05:00,2384890,21213325,15101506,Gasolina o Petróleo,UNSPSC
ocds-dgv273-seacev3-2026-10249-38,ocds-dgv273-seacev3-2026-10249-38-2026-04-09T10:17:16.468665-05:00,2384888,21225459,80101603,Evaluación económica o financiera de proyectos,UNSPSC
ocds-dgv273-seacev3-1199908,ocds-dgv273-seacev3-1199908-2026-04-09T10:17:15.506510-05:00,2384942,21233013,80101606,Evaluación y monitoreo de proyectos,UNSPSC
ocds-dgv273-seacev3-1196565,ocds-dgv273-seacev3-1196565-2026-04-09T10:17:14.702015-05:00,2385076,21224740,44103110,Cabezales de impresora,UNSPSC
ocds-dgv273-seacev3-1193584,ocds-dgv273-seacev3-1193584-2026-04-09T10:17:14.554285-05:00,2385099,21216807,80131502,Alquiler de instalaciones comerciales o industriales,UNSPSC
ocds-dgv273-seacev3-1201875,ocds-dgv273-seacev3-1201875-2026-04-09T10:17:11.905249-05:00,2385068,21239479,70131707,Análisis de fertilidad del suelo,UNSPSC
ocds-dgv273-seacev3-1195120,ocds-dgv273-seacev3-1195120-2026-04-09T10:17:09.102764-05:00,2385005,21221032,82121504,Impresión tipográfica o serigrafía,UNSPSC
ocds-dgv273-seacev3-1200236,ocds-dgv273-seacev3-1200236-2026-04-08T10:12:57.409906-05:00,2384802,21234178,15101505,Diesel,UNSPSC
ocds-dgv273-seacev3-1194405,ocds-dgv273-seacev3-1194405-2026-04-08T10:12:55.854339-05:00,2384791,21219110,81101515,Ingeniería de infraestructura de plantas o instalaciones,UNSPSC
ocds-dgv273-seacev3-1192150,ocds-dgv273-seacev3-1192150-2026-04-08T10:12:55.053077-05:00,2384626,21213478,42131701,Cortinas quirúrgicas,UNSPSC
ocds-dgv273-seacev3-2026-725-1,ocds-dgv273-seacev3-2026-725-1-2026-04-08T10:12:50.213844-05:00,2384655,21217518,50131702,Leche o productos de mantequilla estables sin refrigerar,UNSPSC
ocds-dgv273-seacev3-1196596,ocds-dgv273-seacev3-1196596-2026-04-08T10:12:48.077815-05:00,2384629,21224190,80141607,Gestión de eventos,UNSPSC
ocds-dgv273-seacev3-1201698,ocds-dgv273-seacev3-1201698-2026-04-08T10:12:47.259142-05:00,2384610,21238446,80131502,Alquiler de instalaciones comerciales o industriales,UNSPSC
ocds-dgv273-seacev3-1195825,ocds-dgv273-seacev3-1195825-2026-04-08T10:12:40.126532-05:00,2384789,21222527,80101505,Desarrollo de objetivos o políticas corporativas,UNSPSC
ocds-dgv273-seacev3-2026-1320-23,ocds-dgv273-seacev3-2026-1320-23-2026-04-08T10:12:39.837283-05:00,2384790,21224591,10121801,Alimento seco para perros,UNSPSC
ocds-dgv273-seacev3-2026-164-1,ocds-dgv273-seacev3-2026-164-1-2026-04-08T10:12:39.621141-05:00,2384806,21214950,81101515,Ingeniería de infraestructura de plantas o instalaciones,UNSPSC
ocds-dgv273-seacev3-2026-276-2,ocds-dgv273-seacev3-2026-276-2-2026-04-08T10:12:38.364750-05:00,2384628,21214272,72152605,Servicios de montaje y reparación de techos,UNSPSC
ocds-dgv273-seacev3-1193977,ocds-dgv273-seacev3-1193977-2026-04-08T10:12:36.592278-05:00,2384830,21217897,41116108,Kits o suministros para pruebas de coagulación,UNSPSC
ocds-dgv273-seacev3-2026-341-1,ocds-dgv273-seacev3-2026-341-1-2026-04-08T10:12:36.387211-05:00,2384703,21213288,50192109,"Papas fritas en hojuelas y al hilo, mix de bocaditos o galletas saladas",UNSPSC
ocds-dgv273-seacev3-1194855,ocds-dgv273-seacev3-1194855-2026-04-08T10:12:35.853570-05:00,2384810,21220206,15101506,Gasolina o Petróleo,UNSPSC
ocds-dgv273-seacev3-2026-200348-11,ocds-dgv273-seacev3-2026-200348-11-2026-04-08T10:12:34.864699-05:00,2384608,21222674,15101506,Gasolina o Petróleo,UNSPSC
ocds-dgv273-seacev3-1192762,ocds-dgv273-seacev3-1192762-2026-04-08T10:12:34.744179-05:00,2384821,21214642,30111601,Cemento,UNSPSC
ocds-dgv273-seacev3-1199364,ocds-dgv273-seacev3-1199364-2026-04-08T10:12:29.777141-05:00,2384642,21231255,80101604,Administración o planificación de proyectos,UNSPSC
ocds-dgv273-seacev3-2026-1947-289,ocds-dgv273-seacev3-2026-1947-289-2026-04-08T10:12:28.272052-05:00,2384636,21239445,82101603,Publicidad en Internet,UNSPSC
ocds-dgv273-seacev3-1201960,ocds-dgv273-seacev3-1201960-2026-04-08T10:12:25.600952-05:00,2384635,21239580,80101604,Administración o planificación de proyectos,UNSPSC
ocds-dgv273-seacev3-1193118,ocds-dgv273-seacev3-1193118-2026-04-08T10:12:25.075911-05:00,2384675,21215534,51191602,Electrolitos de cloruro de sodio,UNSPSC
ocds-dgv273-seacev3-1193696,ocds-dgv273-seacev3-1193696-2026-04-08T10:12:24.767516-05:00,2384844,21217182,30111601,Cemento,UNSPSC
ocds-dgv273-seacev3-2026-317-6,ocds-dgv273-seacev3-2026-317-6-2026-04-08T10:12:23.568639-05:00,2384720,21218545,72154503,Servicio de alquiler de grúa,UNSPSC
ocds-dgv273-seacev3-1199429,ocds-dgv273-seacev3-1199429-2026-04-08T10:12:18.832929-05:00,2384624,21231413,72141003,Servicios de mantenimiento de pistas y carreteras,UNSPSC
ocds-dgv273-seacev3-2026-1034-12,ocds-dgv273-seacev3-2026-1034-12-2026-04-08T10:12:18.374237-05:00,2384784,21216947,50221101,Granos de cereal,UNSPSC
ocds-dgv273-seacev3-2026-1034-12,ocds-dgv273-seacev3-2026-1034-12-2026-04-08T10:12:18.374237-05:00,2384784,21216946,50131702,Leche o productos de mantequilla estables sin refrigerar,UNSPSC
ocds-dgv273-seacev3-1195033,ocds-dgv273-seacev3-1195033-2026-04-08T10:12:16.200081-05:00,2384709,21220833,27112004,Palas cuadradas,UNSPSC
ocds-dgv273-seacev3-1194059,ocds-dgv273-seacev3-1194059-2026-04-08T10:12:16.136976-05:00,2384749,21217982,14111801,Tickets o rollos de tickets,UNSPSC
ocds-dgv273-seacev3-1192335,ocds-dgv273-seacev3-1192335-2026-04-08T10:12:13.782513-05:00,2384812,21213679,30121601,Asfalto,UNSPSC
ocds-dgv273-seacev3-1195023,ocds-dgv273-seacev3-1195023-2026-04-08T10:12:12.446042-05:00,2384708,21220397,49121603,Catres plegables para campamento,UNSPSC
ocds-dgv273-seacev3-1198211,ocds-dgv273-seacev3-1198211-2026-04-08T10:12:08.240802-05:00,2384756,21228098,81151602,Elaboración de mapas,UNSPSC
ocds-dgv273-seacev3-1193750,ocds-dgv273-seacev3-1193750-2026-04-08T10:12:07.954091-05:00,2384783,21217271,76101503,Servicios de desinfección o deodorización,UNSPSC
ocds-dgv273-seacev3-1192177,ocds-dgv273-seacev3-1192177-2026-04-08T10:12:07.859711-05:00,2384760,21213457,84131603,Seguros de lesiones accidentales,UNSPSC
ocds-dgv273-seacev3-1196072,ocds-dgv273-seacev3-1196072-2026-04-08T10:12:06.264077-05:00,2384730,21222903,81101505,Ingeniería estructural,UNSPSC
ocds-dgv273-seacev3-1195204,ocds-dgv273-seacev3-1195204-2026-04-08T10:12:05.395187-05:00,2384644,21221113,84131603,Seguros de lesiones accidentales,UNSPSC
ocds-dgv273-seacev3-1196962,ocds-dgv273-seacev3-1196962-2026-04-08T10:12:05.212112-05:00,2384845,21226561,40161504,Filtros de aceite,UNSPSC
ocds-dgv273-seacev3-1193214,ocds-dgv273-seacev3-1193214-2026-04-08T10:12:04.497583-05:00,2384647,21215956,15101505,Diesel,UNSPSC
ocds-dgv273-seacev3-1195499,ocds-dgv273-seacev3-1195499-2026-04-08T10:12:03.267811-05:00,2384682,21221822,27112014,Segadora de césped,UNSPSC
ocds-dgv273-seacev3-1198111,ocds-dgv273-seacev3-1198111-2026-04-08T10:12:02.891065-05:00,2384623,21227844,73152101,Servicios de mantenimiento de equipos de fabricación,UNSPSC
ocds-dgv273-seacev3-1193971,ocds-dgv273-seacev3-1193971-2026-04-08T10:12:02.592918-05:00,2384816,21217912,41116205,Kits de ensayos rápidos,UNSPSC
ocds-dgv273-seacev3-1200382,ocds-dgv273-seacev3-1200382-2026-04-08T10:11:56.795679-05:00,2384710,21234824,72152707,Servicios de construcción de muros de retención,UNSPSC
ocds-dgv273-seacev3-1195833,ocds-dgv273-seacev3-1195833-2026-04-08T10:11:55.940694-05:00,2384800,21222540,80101505,Desarrollo de objetivos o políticas corporativas,UNSPSC
ocds-dgv273-seacev3-1195866,ocds-dgv273-seacev3-1195866-2026-04-08T10:11:54.147491-05:00,2384804,21222629,81112002,Servicios de preparación o procesamiento de datos,UNSPSC
ocds-dgv273-seacev3-2026-1947-288,ocds-dgv273-seacev3-2026-1947-288-2026-04-08T10:11:53.535600-05:00,2384634,21238853,82101603,Publicidad en Internet,UNSPSC
ocds-dgv273-seacev3-1194166,ocds-dgv273-seacev3-1194166-2026-04-08T10:11:51.757267-05:00,2384575,21218273,30121601,Asfalto,UNSPSC
ocds-dgv273-seacev3-1196250,ocds-dgv273-seacev3-1196250-2026-04-08T10:11:51.218708-05:00,2384699,21223283,21101503,Cultivadoras,UNSPSC
ocds-dgv273-seacev3-1201863,ocds-dgv273-seacev3-1201863-2026-04-08T10:11:51.124292-05:00,2384641,21241120,82101603,Publicidad en Internet,UNSPSC
ocds-dgv273-seacev3-1195435,ocds-dgv273-seacev3-1195435-2026-04-05T09:50:55.317067-05:00,2384597,21221759,80131502,Alquiler de instalaciones comerciales o industriales,UNSPSC
ocds-dgv273-seacev3-2026-992-1,ocds-dgv273-seacev3-2026-992-1-2026-04-04T09:51:07.752966-05:00,2384544,21213922,15101506,Gasolina o Petróleo,UNSPSC
ocds-dgv273-seacev3-2026-992-1,ocds-dgv273-seacev3-2026-992-1-2026-04-04T09:51:07.752966-05:00,2384544,21213921,15101505,Diesel,UNSPSC
ocds-dgv273-seacev3-1191974,ocds-dgv273-seacev3-1191974-2026-04-04T09:51:07.405099-05:00,2384596,21212659,51141701,Fenotiacinas,UNSPSC
ocds-dgv273-seacev3-1196718,ocds-dgv273-seacev3-1196718-2026-04-03T10:07:29.156016-05:00,2384568,21224446,80141607,Gestión de eventos,UNSPSC
ocds-dgv273-seacev3-1194576,ocds-dgv273-seacev3-1194576-2026-04-03T10:07:28.819293-05:00,2384535,21219512,30111601,Cemento,UNSPSC
ocds-dgv273-seacev3-1193914,ocds-dgv273-seacev3-1193914-2026-04-03T10:07:28.673441-05:00,2384549,21217574,51201571,Blinatumomab,UNSPSC
ocds-dgv273-seacev3-1192853,ocds-dgv273-seacev3-1192853-2026-04-03T10:07:28.540845-05:00,2384395,21214874,50131702,Leche o productos de mantequilla estables sin refrigerar,UNSPSC
ocds-dgv273-seacev3-2026-1347-2,ocds-dgv273-seacev3-2026-1347-2-2026-04-03T10:07:28.458729-05:00,2384586,21213555,50111516,Carne de res mínimamente procesada con aditivos,UNSPSC
ocds-dgv273-seacev3-2026-1947-334,ocds-dgv273-seacev3-2026-1947-334-2026-04-03T10:07:27.857394-05:00,2384542,21221065,80171802,Servicio de asesoría y relaciones con los medios de comunicación,UNSPSC
ocds-dgv273-seacev3-1197475,ocds-dgv273-seacev3-1197475-2026-04-03T10:07:27.425644-05:00,2384556,21226192,31211604,Diluyentes para pinturas,UNSPSC
ocds-dgv273-seacev3-1195350,ocds-dgv273-seacev3-1195350-2026-04-03T10:07:27.113093-05:00,2384414,21221400,50131702,Leche o productos de mantequilla estables sin refrigerar,UNSPSC
ocds-dgv273-seacev3-1196105,ocds-dgv273-seacev3-1196105-2026-04-03T10:07:27.044571-05:00,2384457,21222957,53111601,Zapatos para caballero,UNSPSC
ocds-dgv273-seacev3-2026-1556-5,ocds-dgv273-seacev3-2026-1556-5-2026-04-03T10:07:26.980378-05:00,2384394,21220502,50131702,Leche o productos de mantequilla estables sin refrigerar,UNSPSC
ocds-dgv273-seacev3-1195416,ocds-dgv273-seacev3-1195416-2026-04-03T10:07:26.898027-05:00,2384204,21221876,80131502,Alquiler de instalaciones comerciales o industriales,UNSPSC
ocds-dgv273-seacev3-1193717,ocds-dgv273-seacev3-1193717-2026-04-03T10:07:25.148253-05:00,2384369,21216987,39122113,Cruceta del poste de luz,UNSPSC
ocds-dgv273-seacev3-1197798,ocds-dgv273-seacev3-1197798-2026-04-03T10:07:23.822372-05:00,2384565,21226937,41116205,Kits de ensayos rápidos,UNSPSC
ocds-dgv273-seacev3-2026-1003011926-3,ocds-dgv273-seacev3-2026-1003011926-3-2026-04-03T10:07:23.093524-05:00,2384590,21215522,72141003,Servicios de mantenimiento de pistas y carreteras,UNSPSC
ocds-dgv273-seacev3-1198994,ocds-dgv273-seacev3-1198994-2026-04-03T10:07:22.948409-05:00,2384564,21230605,78111812,Arrendamiento vehicular de combis o minicombus para pasajeros,UNSPSC
ocds-dgv273-seacev3-1194573,ocds-dgv273-seacev3-1194573-2026-04-03T10:07:18.119638-05:00,2384545,21219509,53121603,Mochilas,UNSPSC
ocds-dgv273-seacev3-1200982,ocds-dgv273-seacev3-1200982-2026-04-03T10:07:16.959722-05:00,2384571,21236397,80131502,Alquiler de instalaciones comerciales o industriales,UNSPSC
ocds-dgv273-seacev3-1195845,ocds-dgv273-seacev3-1195845-2026-04-03T10:07:16.762736-05:00,2384467,21222501,26111703,Baterías para vehículos,UNSPSC
ocds-dgv273-seacev3-2026-465-1,ocds-dgv273-seacev3-2026-465-1-2026-04-03T10:07:16.307398-05:00,2384528,21218237,50131702,Leche o productos de mantequilla estables sin refrigerar,UNSPSC
ocds-dgv273-seacev3-1195540,ocds-dgv273-seacev3-1195540-2026-04-03T10:07:16.281582-05:00,2384469,21221852,78111808,Alquiler de vehículos,UNSPSC
ocds-dgv273-seacev3-2026-1003011926-4,ocds-dgv273-seacev3-2026-1003011926-4-2026-04-03T10:07:16.040796-05:00,2384591,21215524,72141003,Servicios de mantenimiento de pistas y carreteras,UNSPSC
ocds-dgv273-seacev3-2026-10360-1,ocds-dgv273-seacev3-2026-10360-1-2026-04-03T10:07:14.648034-05:00,2384557,21218298,91111603,Servicios de cocina o preparación de comidas,UNSPSC
ocds-dgv273-seacev3-1196422,ocds-dgv273-seacev3-1196422-2026-04-03T10:07:14.418780-05:00,2384580,21223826,80141607,Gestión de eventos,UNSPSC
ocds-dgv273-seacev3-1192460,ocds-dgv273-seacev3-1192460-2026-04-03T10:07:13.802929-05:00,2384459,21214154,11111611,Grava,UNSPSC
ocds-dgv273-seacev3-1199360,ocds-dgv273-seacev3-1199360-2026-04-03T10:07:13.711046-05:00,2384506,21231248,78111808,Alquiler de vehículos,UNSPSC
ocds-dgv273-seacev3-2026-10210-7,ocds-dgv273-seacev3-2026-10210-7-2026-04-03T10:07:12.982659-05:00,2384488,21215935,78101802,Servicios de transporte regional o nacional en camión,UNSPSC
ocds-dgv273-seacev3-2026-1115-1,ocds-dgv273-seacev3-2026-1115-1-2026-04-03T10:07:08.899698-05:00,2384389,21221292,83121703,Servicios relacionados con Internet,UNSPSC
ocds-dgv273-seacev3-1193870,ocds-dgv273-seacev3-1193870-2026-04-03T10:07:08.262456-05:00,2384426,21217686,86101807,Desarrollo de fuerza de trabajo del sector administrativo,UNSPSC
ocds-dgv273-seacev3-2026-1003011926-2,ocds-dgv273-seacev3-2026-1003011926-2-2026-04-03T10:07:06.432954-05:00,2384589,21215547,72141003,Servicios de mantenimiento de pistas y carreteras,UNSPSC
ocds-dgv273-seacev3-2026-1995-21,ocds-dgv273-seacev3-2026-1995-21-2026-04-03T10:07:04.860126-05:00,2384415,21214380,84131603,Seguros de lesiones accidentales,UNSPSC
ocds-dgv273-seacev3-1194845,ocds-dgv273-seacev3-1194845-2026-04-03T10:07:04.593911-05:00,2384433,21220165,80131502,Alquiler de instalaciones comerciales o industriales,UNSPSC
ocds-dgv273-seacev3-2026-1003011926-1,ocds-dgv273-seacev3-2026-1003011926-1-2026-04-03T10:07:03.483818-05:00,2384587,21215510,72141003,Servicios de mantenimiento de pistas y carreteras,UNSPSC
ocds-dgv273-seacev3-1193027,ocds-dgv273-seacev3-1193027-2026-04-03T10:07:03.397077-05:00,2384461,21215375,78101802,Servicios de transporte regional o nacional en camión,UNSPSC
ocds-dgv273-seacev3-2026-53-4,ocds-dgv273-seacev3-2026-53-4-2026-04-03T10:06:55.052138-05:00,2384578,21218020,50202301,Agua,UNSPSC
ocds-dgv273-seacev3-2026-200543-1,ocds-dgv273-seacev3-2026-200543-1-2026-04-03T10:06:54.526189-05:00,2384466,21214579,83121703,Servicios relacionados con Internet,UNSPSC
ocds-dgv273-seacev3-1194605,ocds-dgv273-seacev3-1194605-2026-04-03T10:06:54.456969-05:00,2384478,21219359,85121701,Servicios de psicoterapeutas,UNSPSC
ocds-dgv273-seacev3-1192615,ocds-dgv273-seacev3-1192615-2026-04-03T10:06:54.046066-05:00,2384482,21214370,72121411,Servicio de construcción de centros para convenciones,UNSPSC
ocds-dgv273-seacev3-1196638,ocds-dgv273-seacev3-1196638-2026-04-03T10:06:53.991028-05:00,2384507,21224240,41121704,Tubos criogénicos,UNSPSC
ocds-dgv273-seacev3-1196638,ocds-dgv273-seacev3-1196638-2026-04-03T10:06:53.991028-05:00,2384496,21224284,12352104,Alcoholes o sus sustitutos,UNSPSC
ocds-dgv273-seacev3-1196638,ocds-dgv273-seacev3-1196638-2026-04-03T10:06:53.991028-05:00,2384496,21224316,12352104,Alcoholes o sus sustitutos,UNSPSC
ocds-dgv273-seacev3-1201633,ocds-dgv273-seacev3-1201633-2026-04-02T10:15:18.953516-05:00,2384128,21238300,80101601,Estudios de factibilidad o evaluación de ideas de proyectos,UNSPSC
ocds-dgv273-seacev3-1199656,ocds-dgv273-seacev3-1199656-2026-04-02T10:15:17.806530-05:00,2384361,21232485,78111808,Alquiler de vehículos,UNSPSC
ocds-dgv273-seacev3-1197602,ocds-dgv273-seacev3-1197602-2026-04-02T10:15:17.208396-05:00,2384235,21226330,41102916,Microtomos,UNSPSC
ocds-dgv273-seacev3-1201695,ocds-dgv273-seacev3-1201695-2026-04-02T10:15:15.657920-05:00,2384215,21238447,41103702,Baños termostáticos,UNSPSC
ocds-dgv273-seacev3-2026-1779-2,ocds-dgv273-seacev3-2026-1779-2-2026-04-02T10:15:15.136681-05:00,2384261,21214702,80101604,Administración o planificación de proyectos,UNSPSC
ocds-dgv273-seacev3-1196242,ocds-dgv273-seacev3-1196242-2026-04-02T10:15:15.005021-05:00,2384043,21223365,12352104,Alcoholes o sus sustitutos,UNSPSC
ocds-dgv273-seacev3-1196242,ocds-dgv273-seacev3-1196242-2026-04-02T10:15:15.005021-05:00,2384043,21223364,12171602,Óxidos inorgánicos de metal,UNSPSC
ocds-dgv273-seacev3-1196242,ocds-dgv273-seacev3-1196242-2026-04-02T10:15:15.005021-05:00,2384043,21223370,41116130,Reactivos o soluciones o tinciones para microbiología o bacteriología,UNSPSC
ocds-dgv273-seacev3-1196242,ocds-dgv273-seacev3-1196242-2026-04-02T10:15:15.005021-05:00,2384043,21223367,41116105,Reactivos o soluciones químicos,UNSPSC
ocds-dgv273-seacev3-1196242,ocds-dgv273-seacev3-1196242-2026-04-02T10:15:15.005021-05:00,2384043,21223369,41116113,Reactivos o soluciones o tinciones de citología,UNSPSC
ocds-dgv273-seacev3-1196242,ocds-dgv273-seacev3-1196242-2026-04-02T10:15:15.005021-05:00,2384043,21223368,41116130,Reactivos o soluciones o tinciones para microbiología o bacteriología,UNSPSC
ocds-dgv273-seacev3-1196242,ocds-dgv273-seacev3-1196242-2026-04-02T10:15:15.005021-05:00,2384043,21223366,12352116,Aminas o iminas o sus sustitutos,UNSPSC
ocds-dgv273-seacev3-1196242,ocds-dgv273-seacev3-1196242-2026-04-02T10:15:15.005021-05:00,2384043,21223363,12161503,Juegos de reactivos,UNSPSC
ocds-dgv273-seacev3-1196242,ocds-dgv273-seacev3-1196242-2026-04-02T10:15:15.005021-05:00,2384043,21223263,12191503,Fenoles o sus sustitutos o derivados,UNSPSC
ocds-dgv273-seacev3-1197752,ocds-dgv273-seacev3-1197752-2026-04-02T10:15:14.303769-05:00,2384335,21226918,80131502,Alquiler de instalaciones comerciales o industriales,UNSPSC
ocds-dgv273-seacev3-1199385,ocds-dgv273-seacev3-1199385-2026-04-02T10:15:14.012856-05:00,2384163,21233278,72141003,Servicios de mantenimiento de pistas y carreteras,UNSPSC
ocds-dgv273-seacev3-1201844,ocds-dgv273-seacev3-1201844-2026-04-02T10:15:13.877914-05:00,2384271,21241084,23201299,Equipo de secado industrial,UNSPSC
ocds-dgv273-seacev3-1195647,ocds-dgv273-seacev3-1195647-2026-04-02T10:15:13.127745-05:00,2384142,21222253,83121703,Servicios relacionados con Internet,UNSPSC
ocds-dgv273-seacev3-1194708,ocds-dgv273-seacev3-1194708-2026-04-02T10:15:07.841143-05:00,2384344,21219977,31411804,Sello diafragma caucho,UNSPSC
ocds-dgv273-seacev3-1199590,ocds-dgv273-seacev3-1199590-2026-04-02T10:15:06.028143-05:00,2384315,21232398,80131502,Alquiler de instalaciones comerciales o industriales,UNSPSC
ocds-dgv273-seacev3-1193305,ocds-dgv273-seacev3-1193305-2026-04-02T10:15:05.993954-05:00,2384273,21216300,50192109,"Papas fritas en hojuelas y al hilo, mix de bocaditos o galletas saladas",UNSPSC
ocds-dgv273-seacev3-1194346,ocds-dgv273-seacev3-1194346-2026-04-02T10:15:04.903889-05:00,2384184,21219051,30102215,Plancha de plástico,UNSPSC
ocds-dgv273-seacev3-1200758,ocds-dgv273-seacev3-1200758-2026-04-02T10:15:04.827379-05:00,2384272,21235811,80131502,Alquiler de instalaciones comerciales o industriales,UNSPSC
ocds-dgv273-seacev3-2026-1726-2,ocds-dgv273-seacev3-2026-1726-2-2026-04-02T10:15:04.560350-05:00,2384357,21222719,50192109,"Papas fritas en hojuelas y al hilo, mix de bocaditos o galletas saladas",UNSPSC
ocds-dgv273-seacev3-1199587,ocds-dgv273-seacev3-1199587-2026-04-02T10:15:03.692423-05:00,2384313,21232396,80131502,Alquiler de instalaciones comerciales o industriales,UNSPSC
ocds-dgv273-seacev3-1192367,ocds-dgv273-seacev3-1192367-2026-04-02T10:15:03.186276-05:00,2384326,21213736,30102403,Varillas de hierro,UNSPSC
ocds-dgv273-seacev3-1194877,ocds-dgv273-seacev3-1194877-2026-04-02T10:15:02.549941-05:00,2384200,21219949,50131702,Leche o productos de mantequilla estables sin refrigerar,UNSPSC
ocds-dgv273-seacev3-2026-10468-1,ocds-dgv273-seacev3-2026-10468-1-2026-04-02T10:14:56.579379-05:00,2384284,21211038,50192703,Comidas combinadas estables sin refrigerar,UNSPSC
ocds-dgv273-seacev3-1192720,ocds-dgv273-seacev3-1192720-2026-04-02T10:14:55.937831-05:00,2384345,21214570,30111601,Cemento,UNSPSC
ocds-dgv273-seacev3-2026-10526-11,ocds-dgv273-seacev3-2026-10526-11-2026-04-02T10:14:54.630392-05:00,2384243,21222353,78111808,Alquiler de vehículos,UNSPSC
ocds-dgv273-seacev3-1196280,ocds-dgv273-seacev3-1196280-2026-04-02T10:14:53.885503-05:00,2384348,21223328,27112903,Rociador manual,UNSPSC
ocds-dgv273-seacev3-1195195,ocds-dgv273-seacev3-1195195-2026-04-02T10:14:52.797337-05:00,2384368,21221793,85101503,Servicio para administrar consultorios médicos,UNSPSC
ocds-dgv273-seacev3-1200958,ocds-dgv273-seacev3-1200958-2026-04-02T10:14:46.664175-05:00,2384219,21236318,80131502,Alquiler de instalaciones comerciales o industriales,UNSPSC
ocds-dgv273-seacev3-1193963,ocds-dgv273-seacev3-1193963-2026-04-02T10:14:46.366008-05:00,2384205,21217837,40141613,Válvulas de compuerta,UNSPSC
ocds-dgv273-seacev3-1194176,ocds-dgv273-seacev3-1194176-2026-04-02T10:14:45.186460-05:00,2384293,21218314,40151513,Bombas sumergibles,UNSPSC
ocds-dgv273-seacev3-1194189,ocds-dgv273-seacev3-1194189-2026-04-02T10:14:44.509531-05:00,2384134,21218302,30111601,Cemento,UNSPSC
ocds-dgv273-seacev3-2026-1779-1,ocds-dgv273-seacev3-2026-1779-1-2026-04-02T10:14:43.801412-05:00,2384233,21214631,80101604,Administración o planificación de proyectos,UNSPSC
ocds-dgv273-seacev3-2026-1726-3,ocds-dgv273-seacev3-2026-1726-3-2026-04-02T10:14:40.410496-05:00,2384362,21222729,50131702,Leche o productos de mantequilla estables sin refrigerar,UNSPSC
ocds-dgv273-seacev3-1192237,ocds-dgv273-seacev3-1192237-2026-04-02T10:14:35.353944-05:00,2384196,21213544,72152605,Servicios de montaje y reparación de techos,UNSPSC
ocds-dgv273-seacev3-1201743,ocds-dgv273-seacev3-1201743-2026-04-02T10:14:33.175251-05:00,2384254,21238647,41114409,Aparatos de observación de superficie del viento,UNSPSC
ocds-dgv273-seacev3-1194751,ocds-dgv273-seacev3-1194751-2026-04-02T10:14:30.462751-05:00,2384238,21220038,83121703,Servicios relacionados con Internet,UNSPSC
ocds-dgv273-seacev3-1194444,ocds-dgv273-seacev3-1194444-2026-04-02T10:14:30.169530-05:00,2384353,21219214,10171505,Nutriente foliar,UNSPSC
ocds-dgv273-seacev3-1191567,ocds-dgv273-seacev3-1191567-2026-04-02T10:14:30.117850-05:00,2384365,21211643,77121704,Servicios de tratamiento de aguas superficiales,UNSPSC
ocds-dgv273-seacev3-2026-1947-339,ocds-dgv273-seacev3-2026-1947-339-2026-04-02T10:14:22.923669-05:00,2384355,21238497,81111801,"Seguridad de computadoras, redes o Internet",UNSPSC
ocds-dgv273-seacev3-1195911,ocds-dgv273-seacev3-1195911-2026-04-02T10:14:22.427015-05:00,2384346,21222666,40161505,Filtros de aire,UNSPSC
ocds-dgv273-seacev3-1199489,ocds-dgv273-seacev3-1199489-2026-04-02T10:14:21.956210-05:00,2384307,21231543,80131502,Alquiler de instalaciones comerciales o industriales,UNSPSC
ocds-dgv273-seacev3-1195091,ocds-dgv273-seacev3-1195091-2026-04-02T10:14:21.203180-05:00,2384201,21220936,81101505,Ingeniería estructural,UNSPSC
ocds-dgv273-seacev3-1196585,ocds-dgv273-seacev3-1196585-2026-04-02T10:14:21.064500-05:00,2384120,21224149,41103011,Refrigeradores o congeladores de uso general,UNSPSC
ocds-dgv273-seacev3-1196517,ocds-dgv273-seacev3-1196517-2026-04-02T10:14:19.864018-05:00,2384182,21224206,42311552,Cintas adhesivas médicas y quirúrgicas para el uso general,UNSPSC
ocds-dgv273-seacev3-1196517,ocds-dgv273-seacev3-1196517-2026-04-02T10:14:19.864018-05:00,2384182,21224188,42141501,Fibra o bolitas de algodón,UNSPSC
ocds-dgv273-seacev3-1196517,ocds-dgv273-seacev3-1196517-2026-04-02T10:14:19.864018-05:00,2384182,21224186,42142523,Agujas hipodérmicas,UNSPSC
ocds-dgv273-seacev3-1196517,ocds-dgv273-seacev3-1196517-2026-04-02T10:14:19.864018-05:00,2384182,21224172,41104107,Tubos o contenedores de almacenamiento de sangre en vacío,UNSPSC
ocds-dgv273-seacev3-1196517,ocds-dgv273-seacev3-1196517-2026-04-02T10:14:19.864018-05:00,2384182,21224092,41123304,Cajas de almacenamiento criogénico,UNSPSC
ocds-dgv273-seacev3-1196517,ocds-dgv273-seacev3-1196517-2026-04-02T10:14:19.864018-05:00,2384182,21224040,41104017,Porta muestras,UNSPSC
ocds-dgv273-seacev3-1196517,ocds-dgv273-seacev3-1196517-2026-04-02T10:14:19.864018-05:00,2384182,21224060,41121708,Tubos de ensayo anticoagulantes,UNSPSC
ocds-dgv273-seacev3-1196517,ocds-dgv273-seacev3-1196517-2026-04-02T10:14:19.864018-05:00,2384182,21224038,24111514,Bolsa con cierre,UNSPSC
ocds-dgv273-seacev3-1194497,ocds-dgv273-seacev3-1194497-2026-04-02T10:14:07.198714-05:00,2384330,21219408,40151510,Bombas de agua,UNSPSC
ocds-dgv273-seacev3-1196100,ocds-dgv273-seacev3-1196100-2026-04-02T10:14:06.461845-05:00,2384247,21222920,80131502,Alquiler de instalaciones comerciales o industriales,UNSPSC
ocds-dgv273-seacev3-1201489,ocds-dgv273-seacev3-1201489-2026-04-01T10:15:23.574699-05:00,2384100,21238094,41111517,Básculas analíticas,UNSPSC
ocds-dgv273-seacev3-1199468,ocds-dgv273-seacev3-1199468-2026-04-01T10:15:22.531015-05:00,2383974,21231535,78111808,Alquiler de vehículos,UNSPSC
ocds-dgv273-seacev3-1199460,ocds-dgv273-seacev3-1199460-2026-04-01T10:15:22.502745-05:00,2384010,21231655,80131502,Alquiler de instalaciones comerciales o industriales,UNSPSC
ocds-dgv273-seacev3-2026-1823-3,ocds-dgv273-seacev3-2026-1823-3-2026-04-01T10:15:18.986874-05:00,2384051,21213564,50221108,Grano de arroz,UNSPSC
ocds-dgv273-seacev3-1193425,ocds-dgv273-seacev3-1193425-2026-04-01T10:15:18.778934-05:00,2383932,21216523,42281509,Bandejas o contenedores de esterilización,UNSPSC
ocds-dgv273-seacev3-1198134,ocds-dgv273-seacev3-1198134-2026-04-01T10:15:18.142402-05:00,2383913,21229025,80131502,Alquiler de instalaciones comerciales o industriales,UNSPSC
ocds-dgv273-seacev3-2026-10502-11,ocds-dgv273-seacev3-2026-10502-11-2026-04-01T10:15:17.954273-05:00,2383874,21217558,78111808,Alquiler de vehículos,UNSPSC
ocds-dgv273-seacev3-1196445,ocds-dgv273-seacev3-1196445-2026-04-01T10:15:16.624113-05:00,2384030,21223891,80141607,Gestión de eventos,UNSPSC
ocds-dgv273-seacev3-1197972,ocds-dgv273-seacev3-1197972-2026-04-01T10:15:06.559497-05:00,2383906,21227469,81112001,Servicio de procesamiento de datos en línea,UNSPSC
ocds-dgv273-seacev3-1194776,ocds-dgv273-seacev3-1194776-2026-04-01T10:15:06.007009-05:00,2384062,21219842,72141701,Servicio de arrendamiento o alquiler de maquinaria de construcción,UNSPSC
ocds-dgv273-seacev3-1196699,ocds-dgv273-seacev3-1196699-2026-04-01T10:15:04.614481-05:00,2383979,21224425,41104017,Porta muestras,UNSPSC
ocds-dgv273-seacev3-1194037,ocds-dgv273-seacev3-1194037-2026-04-01T10:14:57.516562-05:00,2383992,21217995,46181604,Botas de seguridad,UNSPSC
ocds-dgv273-seacev3-2026-1118-1,ocds-dgv273-seacev3-2026-1118-1-2026-04-01T10:14:57.404957-05:00,2384055,21200998,50131702,Leche o productos de mantequilla estables sin refrigerar,UNSPSC
ocds-dgv273-seacev3-2026-1118-1,ocds-dgv273-seacev3-2026-1118-1-2026-04-01T10:14:57.404957-05:00,2384078,21200997,50192109,"Papas fritas en hojuelas y al hilo, mix de bocaditos o galletas saladas",UNSPSC
ocds-dgv273-seacev3-1192172,ocds-dgv273-seacev3-1192172-2026-04-01T10:14:56.335794-05:00,2383883,21213348,41106212,Ingredientes o aditivos para medio (de cultivo) para bacterias,UNSPSC
ocds-dgv273-seacev3-1192172,ocds-dgv273-seacev3-1192172-2026-04-01T10:14:56.335794-05:00,2383927,21213345,41116132,"Controles de calidad, calibradores o normativas microbiológicos o bacteriológicos",UNSPSC
ocds-dgv273-seacev3-1192172,ocds-dgv273-seacev3-1192172-2026-04-01T10:14:56.335794-05:00,2383927,21213538,41106214,Reactivos para la preparación de bacterias competentes,UNSPSC
ocds-dgv273-seacev3-1192172,ocds-dgv273-seacev3-1192172-2026-04-01T10:14:56.335794-05:00,2383935,21213351,41116501,Indicadores y kits de indicación para medidores,UNSPSC
ocds-dgv273-seacev3-1192172,ocds-dgv273-seacev3-1192172-2026-04-01T10:14:56.335794-05:00,2383935,21213344,41116011,Reactivos de analizadores microbiológicos,UNSPSC
ocds-dgv273-seacev3-1192172,ocds-dgv273-seacev3-1192172-2026-04-01T10:14:56.335794-05:00,2383935,21213532,41106214,Reactivos para la preparación de bacterias competentes,UNSPSC
ocds-dgv273-seacev3-1192172,ocds-dgv273-seacev3-1192172-2026-04-01T10:14:56.335794-05:00,2383935,21213327,41103817,Reactivo de laboratorio,UNSPSC
ocds-dgv273-seacev3-1192172,ocds-dgv273-seacev3-1192172-2026-04-01T10:14:56.335794-05:00,2383935,21213524,12352302,Sales metálicas inorgánicas,UNSPSC
ocds-dgv273-seacev3-1192172,ocds-dgv273-seacev3-1192172-2026-04-01T10:14:56.335794-05:00,2383935,21213321,12352201,Carbohidratos o sus derivados,UNSPSC
ocds-dgv273-seacev3-1192172,ocds-dgv273-seacev3-1192172-2026-04-01T10:14:56.335794-05:00,2383935,21213521,12352115,Cetonas o quininas o sus sustitutos,UNSPSC
ocds-dgv273-seacev3-1192172,ocds-dgv273-seacev3-1192172-2026-04-01T10:14:56.335794-05:00,2383935,21213520,41116130,Reactivos o soluciones o tinciones para microbiología o bacteriología,UNSPSC
ocds-dgv273-seacev3-1192172,ocds-dgv273-seacev3-1192172-2026-04-01T10:14:56.335794-05:00,2383935,21213317,41116501,Indicadores y kits de indicación para medidores,UNSPSC
ocds-dgv273-seacev3-1192172,ocds-dgv273-seacev3-1192172-2026-04-01T10:14:56.335794-05:00,2383935,21213297,41116105,Reactivos o soluciones químicos,UNSPSC
ocds-dgv273-seacev3-1192172,ocds-dgv273-seacev3-1192172-2026-04-01T10:14:56.335794-05:00,2383935,21213456,41106214,Reactivos para la preparación de bacterias competentes,UNSPSC
ocds-dgv273-seacev3-1192172,ocds-dgv273-seacev3-1192172-2026-04-01T10:14:56.335794-05:00,2383935,21213274,41106212,Ingredientes o aditivos para medio (de cultivo) para bacterias,UNSPSC
ocds-dgv273-seacev3-1192172,ocds-dgv273-seacev3-1192172-2026-04-01T10:14:56.335794-05:00,2383935,21213455,41106204,Medio de agar o bandas embotellados para bacterias,UNSPSC
ocds-dgv273-seacev3-1192172,ocds-dgv273-seacev3-1192172-2026-04-01T10:14:56.335794-05:00,2383923,21213365,41106204,Medio de agar o bandas embotellados para bacterias,UNSPSC
ocds-dgv273-seacev3-1192172,ocds-dgv273-seacev3-1192172-2026-04-01T10:14:56.335794-05:00,2383923,21213475,41106204,Medio de agar o bandas embotellados para bacterias,UNSPSC
ocds-dgv273-seacev3-1192172,ocds-dgv273-seacev3-1192172-2026-04-01T10:14:56.335794-05:00,2383923,21213275,41106212,Ingredientes o aditivos para medio (de cultivo) para bacterias,UNSPSC
ocds-dgv273-seacev3-1192172,ocds-dgv273-seacev3-1192172-2026-04-01T10:14:56.335794-05:00,2383923,21213270,41106212,Ingredientes o aditivos para medio (de cultivo) para bacterias,UNSPSC
ocds-dgv273-seacev3-1192172,ocds-dgv273-seacev3-1192172-2026-04-01T10:14:56.335794-05:00,2383916,21213553,41106204,Medio de agar o bandas embotellados para bacterias,UNSPSC
ocds-dgv273-seacev3-1192172,ocds-dgv273-seacev3-1192172-2026-04-01T10:14:56.335794-05:00,2383916,21213331,41106212,Ingredientes o aditivos para medio (de cultivo) para bacterias,UNSPSC
ocds-dgv273-seacev3-1192172,ocds-dgv273-seacev3-1192172-2026-04-01T10:14:56.335794-05:00,2383916,21213272,41106212,Ingredientes o aditivos para medio (de cultivo) para bacterias,UNSPSC
ocds-dgv273-seacev3-1192172,ocds-dgv273-seacev3-1192172-2026-04-01T10:14:56.335794-05:00,2383946,21213510,41106212,Ingredientes o aditivos para medio (de cultivo) para bacterias,UNSPSC
ocds-dgv273-seacev3-1192172,ocds-dgv273-seacev3-1192172-2026-04-01T10:14:56.335794-05:00,2383946,21213296,41106212,Ingredientes o aditivos para medio (de cultivo) para bacterias,UNSPSC
ocds-dgv273-seacev3-1192172,ocds-dgv273-seacev3-1192172-2026-04-01T10:14:56.335794-05:00,2383946,21213465,41106214,Reactivos para la preparación de bacterias competentes,UNSPSC
ocds-dgv273-seacev3-1192513,ocds-dgv273-seacev3-1192513-2026-04-01T10:14:56.048450-05:00,2383917,21214002,80131502,Alquiler de instalaciones comerciales o industriales,UNSPSC
ocds-dgv273-seacev3-1195787,ocds-dgv273-seacev3-1195787-2026-04-01T10:14:55.081492-05:00,2383969,21222453,80141607,Gestión de eventos,UNSPSC
ocds-dgv273-seacev3-1193984,ocds-dgv273-seacev3-1193984-2026-04-01T10:14:54.262283-05:00,2383901,21217848,50121538,Pescado estable sin refrigerar,UNSPSC
ocds-dgv273-seacev3-1192319,ocds-dgv273-seacev3-1192319-2026-04-01T10:14:43.343919-05:00,2383924,21213652,26121650,Ensamblaje de cables de fibra óptica,UNSPSC
ocds-dgv273-seacev3-1193182,ocds-dgv273-seacev3-1193182-2026-04-01T10:14:37.296896-05:00,2383928,21215719,30103603,Madera para uso estructural,UNSPSC
ocds-dgv273-seacev3-1196972,ocds-dgv273-seacev3-1196972-2026-04-01T10:14:37.257867-05:00,2383902,21225010,72141701,Servicio de arrendamiento o alquiler de maquinaria de construcción,UNSPSC
ocds-dgv273-seacev3-1196972,ocds-dgv273-seacev3-1196972-2026-04-01T10:14:37.257867-05:00,2383903,21225011,72141701,Servicio de arrendamiento o alquiler de maquinaria de construcción,UNSPSC
ocds-dgv273-seacev3-1196972,ocds-dgv273-seacev3-1196972-2026-04-01T10:14:37.257867-05:00,2383910,21225013,72141701,Servicio de arrendamiento o alquiler de maquinaria de construcción,UNSPSC
ocds-dgv273-seacev3-1196972,ocds-dgv273-seacev3-1196972-2026-04-01T10:14:37.257867-05:00,2383907,21225012,72141701,Servicio de arrendamiento o alquiler de maquinaria de construcción,UNSPSC
ocds-dgv273-seacev3-1200810,ocds-dgv273-seacev3-1200810-2026-04-01T10:14:35.621958-05:00,2384096,21236166,80141502,Estadísticas de distribución o servicios,UNSPSC
ocds-dgv273-seacev3-1194331,ocds-dgv273-seacev3-1194331-2026-04-01T10:14:34.816566-05:00,2383857,21219050,73152101,Servicios de mantenimiento de equipos de fabricación,UNSPSC
ocds-dgv273-seacev3-1196417,ocds-dgv273-seacev3-1196417-2026-04-01T10:14:33.116275-05:00,2384094,21223812,11161604,Tejidos de lana de ligamento de sarga,UNSPSC
ocds-dgv273-seacev3-1198914,ocds-dgv273-seacev3-1198914-2026-04-01T10:14:33.086370-05:00,2383884,21230193,72152605,Servicios de montaje y reparación de techos,UNSPSC
ocds-dgv273-seacev3-1199281,ocds-dgv273-seacev3-1199281-2026-04-01T10:14:32.857095-05:00,2384103,21231083,85101508,Servicio para administrar centros oServiciosanitarios móviles,UNSPSC
ocds-dgv273-seacev3-1193252,ocds-dgv273-seacev3-1193252-2026-04-01T10:14:32.722487-05:00,2384069,21215785,30111505,Hormigón premezclado,UNSPSC
ocds-dgv273-seacev3-1195211,ocds-dgv273-seacev3-1195211-2026-04-01T10:14:24.891907-05:00,2384086,21224528,78101802,Servicios de transporte regional o nacional en camión,UNSPSC
ocds-dgv273-seacev3-2026-1096-4,ocds-dgv273-seacev3-2026-1096-4-2026-04-01T10:14:24.875118-05:00,2383994,21215377,50221108,Grano de arroz,UNSPSC
ocds-dgv273-seacev3-2026-1096-5,ocds-dgv273-seacev3-2026-1096-5-2026-04-01T10:14:24.118293-05:00,2383990,21219730,50221102,Harina de cereales,UNSPSC
ocds-dgv273-seacev3-1194754,ocds-dgv273-seacev3-1194754-2026-04-01T10:14:23.548275-05:00,2383998,21219828,10191509,Insecticidas,UNSPSC
ocds-dgv273-seacev3-1194680,ocds-dgv273-seacev3-1194680-2026-04-01T10:14:22.257339-05:00,2383945,21219708,42181904,Unidades o accesorios de signos vitales multiparámetros,UNSPSC
ocds-dgv273-seacev3-1201541,ocds-dgv273-seacev3-1201541-2026-04-01T10:14:20.746717-05:00,2384106,21238199,24112801,Contenedor de carga seco,UNSPSC
ocds-dgv273-seacev3-1192310,ocds-dgv273-seacev3-1192310-2026-04-01T10:14:13.536601-05:00,2383943,21213630,42271907,Productos o accesorios de aspirador respiratorio,UNSPSC
ocds-dgv273-seacev3-1192174,ocds-dgv273-seacev3-1192174-2026-04-01T10:14:10.236068-05:00,2383909,21213451,85121601,Servicios ginecológicos u obstétricos,UNSPSC
ocds-dgv273-seacev3-1195666,ocds-dgv273-seacev3-1195666-2026-04-01T10:14:08.563874-05:00,2383926,21222232,42121606,Productos dermatológicos o antiprotozoarios para uso veterinario,UNSPSC
ocds-dgv273-seacev3-1193610,ocds-dgv273-seacev3-1193610-2026-04-01T10:14:08.439645-05:00,2383930,21217082,10171702,Fungicidas,UNSPSC
ocds-dgv273-seacev3-1200387,ocds-dgv273-seacev3-1200387-2026-03-29T10:02:54.692915-05:00,2383803,21234838,80101603,Evaluación económica o financiera de proyectos,UNSPSC
ocds-dgv273-seacev3-1194862,ocds-dgv273-seacev3-1194862-2026-03-29T10:02:50.160785-05:00,2383816,21220171,30131602,Ladrillos de cerámica,UNSPSC
ocds-dgv273-seacev3-1194804,ocds-dgv273-seacev3-1194804-2026-03-29T10:02:49.937307-05:00,2383763,21219857,24112901,Cajón de madera,UNSPSC
ocds-dgv273-seacev3-1197662,ocds-dgv273-seacev3-1197662-2026-03-29T10:02:49.634516-05:00,2383682,21226566,72151506,Servicios de instalación de tableros de distribución y dispositivos relacionados,UNSPSC
ocds-dgv273-seacev3-1195450,ocds-dgv273-seacev3-1195450-2026-03-29T10:02:49.620784-05:00,2383780,21221910,76111505,Servicios de limpieza de telas y muebles,UNSPSC
ocds-dgv273-seacev3-1195473,ocds-dgv273-seacev3-1195473-2026-03-29T10:02:48.871439-05:00,2381400,21221927,15101505,Diesel,UNSPSC
ocds-dgv273-seacev3-1200436,ocds-dgv273-seacev3-1200436-2026-03-29T10:02:47.217813-05:00,2383659,21235045,72141505,Servicios de movimientos de tierras,UNSPSC
ocds-dgv273-seacev3-1194017,ocds-dgv273-seacev3-1194017-2026-03-29T10:02:46.748167-05:00,2383626,21217980,82121504,Impresión tipográfica o serigrafía,UNSPSC
ocds-dgv273-seacev3-1192462,ocds-dgv273-seacev3-1192462-2026-03-29T10:02:45.743710-05:00,2383761,21213965,12191602,Solventes activos,UNSPSC
ocds-dgv273-seacev3-1192663,ocds-dgv273-seacev3-1192663-2026-03-29T10:02:44.679697-05:00,2383781,21214136,72141701,Servicio de arrendamiento o alquiler de maquinaria de construcción,UNSPSC
ocds-dgv273-seacev3-1193348,ocds-dgv273-seacev3-1193348-2026-03-29T10:02:44.329285-05:00,2383690,21216207,53102902,Ropa deportiva para caballero,UNSPSC
ocds-dgv273-seacev3-1192351,ocds-dgv273-seacev3-1192351-2026-03-29T10:02:43.968703-05:00,2383752,21213738,72111008,Servicios de construcción de nuevas casas urbanas o casas rurales unifamiliares,UNSPSC
ocds-dgv273-seacev3-1192189,ocds-dgv273-seacev3-1192189-2026-03-29T10:02:38.911631-05:00,2383833,21213490,50192109,"Papas fritas en hojuelas y al hilo, mix de bocaditos o galletas saladas",UNSPSC
ocds-dgv273-seacev3-2026-10404-12,ocds-dgv273-seacev3-2026-10404-12-2026-03-29T10:02:31.283324-05:00,2383673,21221157,21101604,Sembradoras de semillas,UNSPSC
ocds-dgv273-seacev3-2026-10404-13,ocds-dgv273-seacev3-2026-10404-13-2026-03-29T10:02:31.269553-05:00,2383697,21221033,21102004,Equipo para limpieza y descascarillado de arroz,UNSPSC
ocds-dgv273-seacev3-1193234,ocds-dgv273-seacev3-1193234-2026-03-29T10:02:30.885027-05:00,2383745,21215786,15111510,Gas de petróleo licuefactado,UNSPSC
ocds-dgv273-seacev3-1200319,ocds-dgv273-seacev3-1200319-2026-03-29T10:02:30.750686-05:00,2383703,21234563,80171701,Servicio de gestión de reputación,UNSPSC
ocds-dgv273-seacev3-1200319,ocds-dgv273-seacev3-1200319-2026-03-29T10:02:30.750686-05:00,2383704,21234564,80171701,Servicio de gestión de reputación,UNSPSC
ocds-dgv273-seacev3-2026-10170-4,ocds-dgv273-seacev3-2026-10170-4-2026-03-29T10:02:30.737246-05:00,2383806,21219963,24101636,Bolsa de contrapeso y contrapeso,UNSPSC
ocds-dgv273-seacev3-2026-10049-2,ocds-dgv273-seacev3-2026-10049-2-2026-03-29T10:02:30.599613-05:00,2383746,21221554,10121507,Alimentación compuesta,UNSPSC
ocds-dgv273-seacev3-1194022,ocds-dgv273-seacev3-1194022-2026-03-29T10:02:30.467481-05:00,2383747,21217929,72154033,"Servicios de construcción, instalación y reparación de escenarios, sets u objetos de utilería para teatros",UNSPSC
ocds-dgv273-seacev3-1196035,ocds-dgv273-seacev3-1196035-2026-03-29T10:02:30.320509-05:00,2383785,21222888,15121520,Lubricantes de uso general,UNSPSC
ocds-dgv273-seacev3-1195175,ocds-dgv273-seacev3-1195175-2026-03-29T10:02:30.192498-05:00,2383726,21221080,12161902,Detergentes surfactantes,UNSPSC
ocds-dgv273-seacev3-1194393,ocds-dgv273-seacev3-1194393-2026-03-29T10:02:30.178936-05:00,2383776,21218943,30111505,Hormigón premezclado,UNSPSC
ocds-dgv273-seacev3-1122734,ocds-dgv273-seacev3-1122734-2026-03-29T10:02:29.869046-05:00,2383686,21185759,77101505,Monitoreo ambiental,UNSPSC
ocds-dgv273-seacev3-1193280,ocds-dgv273-seacev3-1193280-2026-03-29T10:02:27.573753-05:00,2383741,21216031,95121711,Centro cívico,UNSPSC
ocds-dgv273-seacev3-1198262,ocds-dgv273-seacev3-1198262-2026-03-29T10:02:20.583268-05:00,2383814,21228134,72121403,Servicios de construcción de hospitales,UNSPSC
ocds-dgv273-seacev3-1192856,ocds-dgv273-seacev3-1192856-2026-03-29T10:02:17.975718-05:00,2383787,21214875,72121203,Servicios de construcción de silos y de edificaciones para servicio agrícola,UNSPSC
ocds-dgv273-seacev3-1199890,ocds-dgv273-seacev3-1199890-2026-03-28T10:10:59.750289-05:00,2383543,21233024,80101513,Servicio de consultoría para la gestión de procesos y procedimientos,UNSPSC
ocds-dgv273-seacev3-1196213,ocds-dgv273-seacev3-1196213-2026-03-28T10:10:59.106188-05:00,2383410,21223662,77101805,Servicios de control de calidad ambiental,UNSPSC
ocds-dgv273-seacev3-1195971,ocds-dgv273-seacev3-1195971-2026-03-28T10:10:58.328118-05:00,2383633,21222735,91111603,Servicios de cocina o preparación de comidas,UNSPSC
ocds-dgv273-seacev3-1195971,ocds-dgv273-seacev3-1195971-2026-03-28T10:10:58.328118-05:00,2383651,21222740,91111603,Servicios de cocina o preparación de comidas,UNSPSC
ocds-dgv273-seacev3-1195971,ocds-dgv273-seacev3-1195971-2026-03-28T10:10:58.328118-05:00,2383648,21222738,91111603,Servicios de cocina o preparación de comidas,UNSPSC
ocds-dgv273-seacev3-1195971,ocds-dgv273-seacev3-1195971-2026-03-28T10:10:58.328118-05:00,2383652,21222741,91111603,Servicios de cocina o preparación de comidas,UNSPSC
ocds-dgv273-seacev3-1195971,ocds-dgv273-seacev3-1195971-2026-03-28T10:10:58.328118-05:00,2383644,21222737,91111603,Servicios de cocina o preparación de comidas,UNSPSC
ocds-dgv273-seacev3-1195971,ocds-dgv273-seacev3-1195971-2026-03-28T10:10:58.328118-05:00,2383649,21222739,91111603,Servicios de cocina o preparación de comidas,UNSPSC
ocds-dgv273-seacev3-1195971,ocds-dgv273-seacev3-1195971-2026-03-28T10:10:58.328118-05:00,2383643,21222736,91111603,Servicios de cocina o preparación de comidas,UNSPSC
ocds-dgv273-seacev3-1196204,ocds-dgv273-seacev3-1196204-2026-03-28T10:10:58.144419-05:00,2383417,21223173,77101805,Servicios de control de calidad ambiental,UNSPSC
ocds-dgv273-seacev3-1200042,ocds-dgv273-seacev3-1200042-2026-03-28T10:10:58.094648-05:00,2383369,21233310,72141204,Servicios de construcción de muelles,UNSPSC
ocds-dgv273-seacev3-1193437,ocds-dgv273-seacev3-1193437-2026-03-28T10:10:57.622097-05:00,2383411,21216456,80131502,Alquiler de instalaciones comerciales o industriales,UNSPSC
ocds-dgv273-seacev3-1199981,ocds-dgv273-seacev3-1199981-2026-03-28T10:10:57.350870-05:00,2383364,21233173,86101807,Desarrollo de fuerza de trabajo del sector administrativo,UNSPSC
ocds-dgv273-seacev3-1197415,ocds-dgv273-seacev3-1197415-2026-03-28T10:10:56.020041-05:00,2383465,21226051,77101805,Servicios de control de calidad ambiental,UNSPSC
ocds-dgv273-seacev3-1197441,ocds-dgv273-seacev3-1197441-2026-03-28T10:10:55.701749-05:00,2383475,21226076,77101805,Servicios de control de calidad ambiental,UNSPSC
ocds-dgv273-seacev3-1197391,ocds-dgv273-seacev3-1197391-2026-03-28T10:10:55.688081-05:00,2383461,21226047,77101805,Servicios de control de calidad ambiental,UNSPSC
ocds-dgv273-seacev3-1193367,ocds-dgv273-seacev3-1193367-2026-03-28T10:10:49.803090-05:00,2383551,21216374,80131502,Alquiler de instalaciones comerciales o industriales,UNSPSC
ocds-dgv273-seacev3-1196528,ocds-dgv273-seacev3-1196528-2026-03-28T10:10:49.608590-05:00,2383431,21223982,77101805,Servicios de control de calidad ambiental,UNSPSC
ocds-dgv273-seacev3-1196469,ocds-dgv273-seacev3-1196469-2026-03-28T10:10:49.546119-05:00,2383421,21223663,77101805,Servicios de control de calidad ambiental,UNSPSC
ocds-dgv273-seacev3-1192717,ocds-dgv273-seacev3-1192717-2026-03-28T10:10:49.380020-05:00,2381423,21214580,72141106,Servicios de construcción de caminos de grava o tierra,UNSPSC
ocds-dgv273-seacev3-2026-10182-2,ocds-dgv273-seacev3-2026-10182-2-2026-03-28T10:10:47.731100-05:00,2383451,21214935,42192207,Camillas de paciente o accesorios de camilla,UNSPSC
ocds-dgv273-seacev3-1197438,ocds-dgv273-seacev3-1197438-2026-03-28T10:10:46.161784-05:00,2383467,21226073,77101805,Servicios de control de calidad ambiental,UNSPSC
ocds-dgv273-seacev3-1200148,ocds-dgv273-seacev3-1200148-2026-03-28T10:10:46.039162-05:00,2383373,21233782,81101902,Ingeniería de producción de petróleo o gas,UNSPSC
ocds-dgv273-seacev3-1196754,ocds-dgv273-seacev3-1196754-2026-03-28T10:10:38.894031-05:00,2383452,21224741,77101805,Servicios de control de calidad ambiental,UNSPSC
ocds-dgv273-seacev3-1197440,ocds-dgv273-seacev3-1197440-2026-03-28T10:10:35.898476-05:00,2383473,21226075,77101805,Servicios de control de calidad ambiental,UNSPSC
ocds-dgv273-seacev3-1197178,ocds-dgv273-seacev3-1197178-2026-03-28T10:10:35.884509-05:00,2383464,21225428,77101805,Servicios de control de calidad ambiental,UNSPSC
ocds-dgv273-seacev3-1200173,ocds-dgv273-seacev3-1200173-2026-03-28T10:10:35.664921-05:00,2383403,21233853,76122003,Disposición final para desechos peligrosos,UNSPSC
ocds-dgv273-seacev3-1200170,ocds-dgv273-seacev3-1200170-2026-03-28T10:10:35.650982-05:00,2383394,21233852,73152101,Servicios de mantenimiento de equipos de fabricación,UNSPSC
ocds-dgv273-seacev3-1198106,ocds-dgv273-seacev3-1198106-2026-03-28T10:10:35.153811-05:00,2383363,21227836,82101802,Servicio de producción de publicidad,UNSPSC
ocds-dgv273-seacev3-2026-547-2,ocds-dgv273-seacev3-2026-547-2-2026-03-28T10:10:30.046765-05:00,2383407,21215787,11111701,Arena silícea,UNSPSC
ocds-dgv273-seacev3-2026-547-1,ocds-dgv273-seacev3-2026-547-1-2026-03-28T10:10:30.031033-05:00,2383376,21216018,30111601,Cemento,UNSPSC
ocds-dgv273-seacev3-1199471,ocds-dgv273-seacev3-1199471-2026-03-28T10:10:29.529399-05:00,2383585,21231676,81101605,Servicios electromecánicos,UNSPSC
ocds-dgv273-seacev3-1196533,ocds-dgv273-seacev3-1196533-2026-03-28T10:10:28.953770-05:00,2383444,21223988,77101805,Servicios de control de calidad ambiental,UNSPSC
ocds-dgv273-seacev3-1196531,ocds-dgv273-seacev3-1196531-2026-03-28T10:10:28.939650-05:00,2383439,21223985,77101805,Servicios de control de calidad ambiental,UNSPSC
ocds-dgv273-seacev3-1193103,ocds-dgv273-seacev3-1193103-2026-03-28T10:10:27.460546-05:00,2383616,21215500,72102103,Servicios de exterminación o fumigación,UNSPSC
ocds-dgv273-seacev3-1196176,ocds-dgv273-seacev3-1196176-2026-03-28T10:10:25.735202-05:00,2383419,21223103,77101805,Servicios de control de calidad ambiental,UNSPSC
ocds-dgv273-seacev3-1196786,ocds-dgv273-seacev3-1196786-2026-03-28T10:10:25.671109-05:00,2383457,21224787,77101805,Servicios de control de calidad ambiental,UNSPSC
ocds-dgv273-seacev3-1196757,ocds-dgv273-seacev3-1196757-2026-03-28T10:10:25.657489-05:00,2383454,21224560,77101805,Servicios de control de calidad ambiental,UNSPSC
ocds-dgv273-seacev3-1194770,ocds-dgv273-seacev3-1194770-2026-03-28T10:10:25.074859-05:00,2383510,21219832,81112501,Servicio de licencias para software de computadoras,UNSPSC
ocds-dgv273-seacev3-1194088,ocds-dgv273-seacev3-1194088-2026-03-28T10:10:24.806498-05:00,2383613,21218134,30121803,Césped artificial,UNSPSC
ocds-dgv273-seacev3-2026-108794-26,ocds-dgv273-seacev3-2026-108794-26-2026-03-28T10:10:19.582135-05:00,2383463,21216493,50192109,"Papas fritas en hojuelas y al hilo, mix de bocaditos o galletas saladas",UNSPSC
ocds-dgv273-seacev3-1196529,ocds-dgv273-seacev3-1196529-2026-03-28T10:10:18.214899-05:00,2383436,21223983,77101805,Servicios de control de calidad ambiental,UNSPSC
ocds-dgv273-seacev3-1199752,ocds-dgv273-seacev3-1199752-2026-03-28T10:10:17.948450-05:00,2383366,21232690,84111507,Servicio de contabilidad de inventarios,UNSPSC
ocds-dgv273-seacev3-1196807,ocds-dgv273-seacev3-1196807-2026-03-28T10:10:14.847702-05:00,2383456,21224569,77101805,Servicios de control de calidad ambiental,UNSPSC
ocds-dgv273-seacev3-1193152,ocds-dgv273-seacev3-1193152-2026-03-28T10:10:14.374846-05:00,2383512,21215700,83121703,Servicios relacionados con Internet,UNSPSC
ocds-dgv273-seacev3-1195157,ocds-dgv273-seacev3-1195157-2026-03-28T10:10:14.313018-05:00,2383623,21220993,11111502,Material de relleno,UNSPSC
ocds-dgv273-seacev3-1200181,ocds-dgv273-seacev3-1200181-2026-03-28T10:10:14.217307-05:00,2383386,21233851,80101504,Servicios de consultoría de planeamiento estratégico,UNSPSC
ocds-dgv273-seacev3-1200168,ocds-dgv273-seacev3-1200168-2026-03-28T10:10:14.203783-05:00,2383379,21233874,73152104,Servicios de mantenimiento y reparación de equipos de empaque,UNSPSC
ocds-dgv273-seacev3-1198543,ocds-dgv273-seacev3-1198543-2026-03-28T10:10:14.046943-05:00,2383602,21229026,80141607,Gestión de eventos,UNSPSC
ocds-dgv273-seacev3-1200020,ocds-dgv273-seacev3-1200020-2026-03-28T10:10:07.876963-05:00,2383368,21233279,72141204,Servicios de construcción de muelles,UNSPSC
ocds-dgv273-seacev3-1196527,ocds-dgv273-seacev3-1196527-2026-03-28T10:10:07.602171-05:00,2383428,21223981,77101805,Servicios de control de calidad ambiental,UNSPSC
ocds-dgv273-seacev3-2026-1952-34,ocds-dgv273-seacev3-2026-1952-34-2026-03-28T10:10:07.348159-05:00,2383564,21222319,80101505,Desarrollo de objetivos o políticas corporativas,UNSPSC
ocds-dgv273-seacev3-1197439,ocds-dgv273-seacev3-1197439-2026-03-28T10:10:04.584963-05:00,2383469,21226055,77101805,Servicios de control de calidad ambiental,UNSPSC
ocds-dgv273-seacev3-1196524,ocds-dgv273-seacev3-1196524-2026-03-28T10:10:04.569585-05:00,2383425,21223979,77101805,Servicios de control de calidad ambiental,UNSPSC
ocds-dgv273-seacev3-1200171,ocds-dgv273-seacev3-1200171-2026-03-28T10:09:57.219603-05:00,2383365,21233876,77101505,Monitoreo ambiental,UNSPSC
ocds-dgv273-seacev3-1193187,ocds-dgv273-seacev3-1193187-2026-03-28T10:09:56.278597-05:00,2383658,21215926,72121101,Servicios de construcción de nuevos edificios comerciales y de oficinas,UNSPSC
ocds-dgv273-seacev3-1196534,ocds-dgv273-seacev3-1196534-2026-03-28T10:09:55.911677-05:00,2383446,21223989,77101805,Servicios de control de calidad ambiental,UNSPSC
ocds-dgv273-seacev3-1196525,ocds-dgv273-seacev3-1196525-2026-03-28T10:09:55.897904-05:00,2383427,21223980,77101805,Servicios de control de calidad ambiental,UNSPSC
ocds-dgv273-seacev3-1196523,ocds-dgv273-seacev3-1196523-2026-03-28T10:09:55.883895-05:00,2383423,21223978,77101805,Servicios de control de calidad ambiental,UNSPSC
ocds-dgv273-seacev3-1196758,ocds-dgv273-seacev3-1196758-2026-03-28T10:09:55.353007-05:00,2383449,21224729,77101805,Servicios de control de calidad ambiental,UNSPSC
ocds-dgv273-seacev3-1200074,ocds-dgv273-seacev3-1200074-2026-03-28T10:09:54.386609-05:00,2383548,21233590,82101603,Publicidad en Internet,UNSPSC
ocds-dgv273-seacev3-1192214,ocds-dgv273-seacev3-1192214-2026-03-28T10:09:54.232008-05:00,2383432,21213335,80131502,Alquiler de instalaciones comerciales o industriales,UNSPSC
ocds-dgv273-seacev3-1197442,ocds-dgv273-seacev3-1197442-2026-03-28T10:09:52.695512-05:00,2383478,21226077,77101805,Servicios de control de calidad ambiental,UNSPSC
ocds-dgv273-seacev3-1197110,ocds-dgv273-seacev3-1197110-2026-03-28T10:09:52.681980-05:00,2383462,21225260,77101805,Servicios de control de calidad ambiental,UNSPSC
ocds-dgv273-seacev3-1200172,ocds-dgv273-seacev3-1200172-2026-03-28T10:09:52.480557-05:00,2383375,21233877,72154022,Servicios de instalación y mantenimiento de equipos hidráulicos,UNSPSC
ocds-dgv273-seacev3-1197072,ocds-dgv273-seacev3-1197072-2026-03-28T10:09:52.325630-05:00,2383460,21225187,77101805,Servicios de control de calidad ambiental,UNSPSC
ocds-dgv273-seacev3-1197517,ocds-dgv273-seacev3-1197517-2026-03-27T10:16:32.418047-05:00,2383231,21226413,72101518,Servicio de alquiler de generador portátil,UNSPSC
ocds-dgv273-seacev3-1196093,ocds-dgv273-seacev3-1196093-2026-03-27T10:16:29.620195-05:00,2383220,21222927,77101805,Servicios de control de calidad ambiental,UNSPSC
ocds-dgv273-seacev3-1196970,ocds-dgv273-seacev3-1196970-2026-03-27T10:16:29.310450-05:00,2383105,21224993,77101805,Servicios de control de calidad ambiental,UNSPSC
ocds-dgv273-seacev3-1196111,ocds-dgv273-seacev3-1196111-2026-03-27T10:16:22.751197-05:00,2383228,21222990,77101805,Servicios de control de calidad ambiental,UNSPSC
ocds-dgv273-seacev3-1196077,ocds-dgv273-seacev3-1196077-2026-03-27T10:16:22.737472-05:00,2383138,21222919,51241840,Calamina/fenol/óxido de zinc,UNSPSC
ocds-dgv273-seacev3-1196095,ocds-dgv273-seacev3-1196095-2026-03-27T10:16:21.854254-05:00,2383068,21222918,77101805,Servicios de control de calidad ambiental,UNSPSC
ocds-dgv273-seacev3-1194655,ocds-dgv273-seacev3-1194655-2026-03-27T10:16:21.642679-05:00,2383139,21219701,41112206,Termopares,UNSPSC
ocds-dgv273-seacev3-1196109,ocds-dgv273-seacev3-1196109-2026-03-27T10:16:21.243824-05:00,2383221,21222958,77101805,Servicios de control de calidad ambiental,UNSPSC
ocds-dgv273-seacev3-1196085,ocds-dgv273-seacev3-1196085-2026-03-27T10:16:19.879285-05:00,2383217,21222911,77101805,Servicios de control de calidad ambiental,UNSPSC
ocds-dgv273-seacev3-1197519,ocds-dgv273-seacev3-1197519-2026-03-27T10:16:17.973414-05:00,2383158,21226227,43232503,Correctores ortográficos,UNSPSC
ocds-dgv273-seacev3-1195956,ocds-dgv273-seacev3-1195956-2026-03-27T10:16:12.845448-05:00,2383103,21222747,77101805,Servicios de control de calidad ambiental,UNSPSC
ocds-dgv273-seacev3-1195522,ocds-dgv273-seacev3-1195522-2026-03-27T10:16:11.568718-05:00,2383321,21221995,91111601,Servicios de limpieza y mantenimiento,UNSPSC
ocds-dgv273-seacev3-1194353,ocds-dgv273-seacev3-1194353-2026-03-27T10:16:11.460108-05:00,2383340,21218883,10121801,Alimento seco para perros,UNSPSC
ocds-dgv273-seacev3-1193294,ocds-dgv273-seacev3-1193294-2026-03-27T10:16:10.887644-05:00,2383233,21216063,80131502,Alquiler de instalaciones comerciales o industriales,UNSPSC
ocds-dgv273-seacev3-1195974,ocds-dgv273-seacev3-1195974-2026-03-27T10:16:10.461375-05:00,2383104,21222748,77101805,Servicios de control de calidad ambiental,UNSPSC
ocds-dgv273-seacev3-1193468,ocds-dgv273-seacev3-1193468-2026-03-27T10:16:10.154935-05:00,2383326,21216497,80131502,Alquiler de instalaciones comerciales o industriales,UNSPSC
ocds-dgv273-seacev3-1192842,ocds-dgv273-seacev3-1192842-2026-03-27T10:16:08.403571-05:00,2383200,21214848,91111603,Servicios de cocina o preparación de comidas,UNSPSC
ocds-dgv273-seacev3-1192922,ocds-dgv273-seacev3-1192922-2026-03-27T10:16:07.832930-05:00,2383223,21215000,84131501,Seguros de construcción o contenidos de construcción,UNSPSC
ocds-dgv273-seacev3-1194094,ocds-dgv273-seacev3-1194094-2026-03-27T10:16:07.478790-05:00,2383336,21218142,24102011,Accesorio para estantería,UNSPSC
ocds-dgv273-seacev3-1198665,ocds-dgv273-seacev3-1198665-2026-03-27T10:16:07.437210-05:00,2383180,21229348,81112001,Servicio de procesamiento de datos en línea,UNSPSC
ocds-dgv273-seacev3-2026-1484-2,ocds-dgv273-seacev3-2026-1484-2-2026-03-27T10:16:02.069607-05:00,2383178,21201527,15101505,Diesel,UNSPSC
ocds-dgv273-seacev3-1196000,ocds-dgv273-seacev3-1196000-2026-03-27T10:15:59.540280-05:00,2383106,21222777,77101805,Servicios de control de calidad ambiental,UNSPSC
ocds-dgv273-seacev3-1196315,ocds-dgv273-seacev3-1196315-2026-03-27T10:15:59.323362-05:00,2383345,21223693,77111602,Servicios de descontaminación ambiental,UNSPSC
ocds-dgv273-seacev3-1194126,ocds-dgv273-seacev3-1194126-2026-03-27T10:15:58.405358-05:00,2383344,21218175,76122003,Disposición final para desechos peligrosos,UNSPSC
ocds-dgv273-seacev3-1199352,ocds-dgv273-seacev3-1199352-2026-03-27T10:15:57.880293-05:00,2383324,21231279,80141502,Estadísticas de distribución o servicios,UNSPSC
ocds-dgv273-seacev3-1195443,ocds-dgv273-seacev3-1195443-2026-03-27T10:15:57.189001-05:00,2383288,21221774,73111505,Servicios de fabricación de muebles,UNSPSC
ocds-dgv273-seacev3-1196156,ocds-dgv273-seacev3-1196156-2026-03-27T10:15:51.160275-05:00,2383150,21223061,76111501,Servicios de limpieza de edificios,UNSPSC
ocds-dgv273-seacev3-1196115,ocds-dgv273-seacev3-1196115-2026-03-27T10:15:49.276202-05:00,2383229,21222992,77101805,Servicios de control de calidad ambiental,UNSPSC
ocds-dgv273-seacev3-1196141,ocds-dgv273-seacev3-1196141-2026-03-27T10:15:49.065006-05:00,2383230,21223010,77101805,Servicios de control de calidad ambiental,UNSPSC
ocds-dgv273-seacev3-1195955,ocds-dgv273-seacev3-1195955-2026-03-27T10:15:46.309365-05:00,2383102,21222732,77101805,Servicios de control de calidad ambiental,UNSPSC
ocds-dgv273-seacev3-1196037,ocds-dgv273-seacev3-1196037-2026-03-27T10:15:40.357792-05:00,2383151,21222908,44103110,Cabezales de impresora,UNSPSC
ocds-dgv273-seacev3-2026-60014-2,ocds-dgv273-seacev3-2026-60014-2-2026-03-27T10:15:40.328748-05:00,2383101,21216231,83121703,Servicios relacionados con Internet,UNSPSC
ocds-dgv273-seacev3-1195117,ocds-dgv273-seacev3-1195117-2026-03-27T10:15:40.189019-05:00,2383225,21221031,77101805,Servicios de control de calidad ambiental,UNSPSC
ocds-dgv273-seacev3-1196199,ocds-dgv273-seacev3-1196199-2026-03-27T10:15:39.703560-05:00,2383154,21223137,80131502,Alquiler de instalaciones comerciales o industriales,UNSPSC
ocds-dgv273-seacev3-2026-10249-48,ocds-dgv273-seacev3-2026-10249-48-2026-03-27T10:15:38.719634-05:00,2383261,21218674,78102101,Transporte de productos petroleros,UNSPSC
ocds-dgv273-seacev3-2026-276-1,ocds-dgv273-seacev3-2026-276-1-2026-03-27T10:15:35.486348-05:00,2383236,21213361,72141128,Servicio de remodelación  y/o construcción de plazas públicas,UNSPSC
ocds-dgv273-seacev3-1193632,ocds-dgv273-seacev3-1193632-2026-03-27T10:15:28.663368-05:00,2383277,21216996,24112110,Contenedores a granel intermedios,UNSPSC
ocds-dgv273-seacev3-2026-1484-1,ocds-dgv273-seacev3-2026-1484-1-2026-03-27T10:15:27.683858-05:00,2383196,21201715,15101506,Gasolina o Petróleo,UNSPSC
ocds-dgv273-seacev3-1196001,ocds-dgv273-seacev3-1196001-2026-03-27T10:15:27.613803-05:00,2383107,21222778,77101805,Servicios de control de calidad ambiental,UNSPSC
ocds-dgv273-seacev3-1193078,ocds-dgv273-seacev3-1193078-2026-03-27T10:15:26.895436-05:00,2383322,21215449,81112202,Parches o actualizaciones de software,UNSPSC
ocds-dgv273-seacev3-1196143,ocds-dgv273-seacev3-1196143-2026-03-27T10:15:25.485081-05:00,2383232,21223004,77101805,Servicios de control de calidad ambiental,UNSPSC
ocds-dgv273-seacev3-1196020,ocds-dgv273-seacev3-1196020-2026-03-26T10:13:32.520676-05:00,2383062,21222795,77101805,Servicios de control de calidad ambiental,UNSPSC
ocds-dgv273-seacev3-1197202,ocds-dgv273-seacev3-1197202-2026-03-26T10:13:28.900052-05:00,2383038,21225478,15101505,Diesel,UNSPSC
ocds-dgv273-seacev3-1196110,ocds-dgv273-seacev3-1196110-2026-03-26T10:13:28.734629-05:00,2383073,21222989,77101805,Servicios de control de calidad ambiental,UNSPSC
ocds-dgv273-seacev3-1193314,ocds-dgv273-seacev3-1193314-2026-03-26T10:13:28.310670-05:00,2382952,21216352,15101505,Diesel,UNSPSC
ocds-dgv273-seacev3-1194170,ocds-dgv273-seacev3-1194170-2026-03-26T10:13:27.775220-05:00,2382910,21218281,82121599,Impresión,UNSPSC
ocds-dgv273-seacev3-1197140,ocds-dgv273-seacev3-1197140-2026-03-26T10:13:23.828706-05:00,2383097,21225333,77101805,Servicios de control de calidad ambiental,UNSPSC
ocds-dgv273-seacev3-1196360,ocds-dgv273-seacev3-1196360-2026-03-26T10:13:23.656482-05:00,2383082,21223703,77101805,Servicios de control de calidad ambiental,UNSPSC
ocds-dgv273-seacev3-1196067,ocds-dgv273-seacev3-1196067-2026-03-26T10:13:22.515277-05:00,2383067,21222909,77101805,Servicios de control de calidad ambiental,UNSPSC
ocds-dgv273-seacev3-1196963,ocds-dgv273-seacev3-1196963-2026-03-26T10:13:21.017851-05:00,2383084,21224980,77101805,Servicios de control de calidad ambiental,UNSPSC
ocds-dgv273-seacev3-1192781,ocds-dgv273-seacev3-1192781-2026-03-26T10:13:20.991795-05:00,2382938,21215186,13102013,Policarbonato (PC),UNSPSC
ocds-dgv273-seacev3-1196985,ocds-dgv273-seacev3-1196985-2026-03-26T10:13:20.519253-05:00,2383085,21225008,77101805,Servicios de control de calidad ambiental,UNSPSC
ocds-dgv273-seacev3-1196916,ocds-dgv273-seacev3-1196916-2026-03-26T10:13:12.864257-05:00,2382800,21224918,15101505,Diesel,UNSPSC
ocds-dgv273-seacev3-1196046,ocds-dgv273-seacev3-1196046-2026-03-26T10:13:12.190678-05:00,2383063,21222846,77101805,Servicios de control de calidad ambiental,UNSPSC
ocds-dgv273-seacev3-1193783,ocds-dgv273-seacev3-1193783-2026-03-26T10:13:12.119519-05:00,2382971,21217286,81151602,Elaboración de mapas,UNSPSC
ocds-dgv273-seacev3-1196980,ocds-dgv273-seacev3-1196980-2026-03-26T10:13:11.724579-05:00,2383086,21224997,77101805,Servicios de control de calidad ambiental,UNSPSC
ocds-dgv273-seacev3-2026-2000-5,ocds-dgv273-seacev3-2026-2000-5-2026-03-26T10:13:10.736063-05:00,2382848,21215509,86101808,Desarrollo de fuerza de trabajo del sector público,UNSPSC
ocds-dgv273-seacev3-1196342,ocds-dgv273-seacev3-1196342-2026-03-26T10:13:10.504535-05:00,2383083,21223568,77101805,Servicios de control de calidad ambiental,UNSPSC
ocds-dgv273-seacev3-1197055,ocds-dgv273-seacev3-1197055-2026-03-26T10:13:10.484756-05:00,2383093,21225215,77101805,Servicios de control de calidad ambiental,UNSPSC
ocds-dgv273-seacev3-1197108,ocds-dgv273-seacev3-1197108-2026-03-26T10:13:04.128363-05:00,2383096,21225252,77101805,Servicios de control de calidad ambiental,UNSPSC
ocds-dgv273-seacev3-1196036,ocds-dgv273-seacev3-1196036-2026-03-26T10:13:03.520829-05:00,2382836,21222889,77101805,Servicios de control de calidad ambiental,UNSPSC
ocds-dgv273-seacev3-1195987,ocds-dgv273-seacev3-1195987-2026-03-26T10:13:02.841189-05:00,2382927,21222759,80131502,Alquiler de instalaciones comerciales o industriales,UNSPSC
ocds-dgv273-seacev3-1196123,ocds-dgv273-seacev3-1196123-2026-03-26T10:13:02.337724-05:00,2383072,21222948,77101805,Servicios de control de calidad ambiental,UNSPSC
ocds-dgv273-seacev3-1197243,ocds-dgv273-seacev3-1197243-2026-03-26T10:13:01.996345-05:00,2383092,21225570,77101805,Servicios de control de calidad ambiental,UNSPSC
ocds-dgv273-seacev3-1193800,ocds-dgv273-seacev3-1193800-2026-03-26T10:13:01.620769-05:00,2382966,21217328,81151602,Elaboración de mapas,UNSPSC
ocds-dgv273-seacev3-1196137,ocds-dgv273-seacev3-1196137-2026-03-26T10:13:01.255371-05:00,2383077,21223014,77101805,Servicios de control de calidad ambiental,UNSPSC
ocds-dgv273-seacev3-1195988,ocds-dgv273-seacev3-1195988-2026-03-26T10:13:00.777876-05:00,2382815,21222760,77101805,Servicios de control de calidad ambiental,UNSPSC
ocds-dgv273-seacev3-1196023,ocds-dgv273-seacev3-1196023-2026-03-26T10:12:53.260904-05:00,2382826,21222798,77101805,Servicios de control de calidad ambiental,UNSPSC
ocds-dgv273-seacev3-1193347,ocds-dgv273-seacev3-1193347-2026-03-26T10:12:51.917776-05:00,2382827,21216347,80131502,Alquiler de instalaciones comerciales o industriales,UNSPSC
ocds-dgv273-seacev3-1194039,ocds-dgv273-seacev3-1194039-2026-03-26T10:12:51.563346-05:00,2383028,21218004,52141501,Refrigeradores domésticos,UNSPSC
ocds-dgv273-seacev3-1195130,ocds-dgv273-seacev3-1195130-2026-03-26T10:12:48.286469-05:00,2383059,21220943,77101805,Servicios de control de calidad ambiental,UNSPSC
ocds-dgv273-seacev3-1195995,ocds-dgv273-seacev3-1195995-2026-03-26T10:12:47.740823-05:00,2382821,21222808,77101805,Servicios de control de calidad ambiental,UNSPSC
ocds-dgv273-seacev3-1196590,ocds-dgv273-seacev3-1196590-2026-03-26T10:12:47.535391-05:00,2382388,21224153,77101805,Servicios de control de calidad ambiental,UNSPSC
ocds-dgv273-seacev3-1196729,ocds-dgv273-seacev3-1196729-2026-03-26T10:12:47.508277-05:00,2382790,21224526,76101503,Servicios de desinfección o deodorización,UNSPSC
ocds-dgv273-seacev3-1195986,ocds-dgv273-seacev3-1195986-2026-03-26T10:12:42.518501-05:00,2382414,21222758,77101805,Servicios de control de calidad ambiental,UNSPSC
ocds-dgv273-seacev3-1196054,ocds-dgv273-seacev3-1196054-2026-03-26T10:12:41.502825-05:00,2382832,21222860,77101805,Servicios de control de calidad ambiental,UNSPSC
ocds-dgv273-seacev3-1197218,ocds-dgv273-seacev3-1197218-2026-03-26T10:12:41.110618-05:00,2383069,21225535,77101805,Servicios de control de calidad ambiental,UNSPSC
ocds-dgv273-seacev3-1196052,ocds-dgv273-seacev3-1196052-2026-03-26T10:12:41.090812-05:00,2382829,21222822,77101805,Servicios de control de calidad ambiental,UNSPSC
ocds-dgv273-seacev3-1195125,ocds-dgv273-seacev3-1195125-2026-03-26T10:12:40.638637-05:00,2383058,21220932,77101805,Servicios de control de calidad ambiental,UNSPSC
ocds-dgv273-seacev3-1196339,ocds-dgv273-seacev3-1196339-2026-03-26T10:12:40.573454-05:00,2383080,21223696,77101805,Servicios de control de calidad ambiental,UNSPSC
ocds-dgv273-seacev3-1194828,ocds-dgv273-seacev3-1194828-2026-03-26T10:12:31.456662-05:00,2383091,21219888,40171601,Tubería de acero carbón industrial soldada,UNSPSC
ocds-dgv273-seacev3-1196050,ocds-dgv273-seacev3-1196050-2026-03-26T10:12:30.125579-05:00,2383065,21222820,77101805,Servicios de control de calidad ambiental,UNSPSC
ocds-dgv273-seacev3-1196075,ocds-dgv273-seacev3-1196075-2026-03-26T10:12:29.426397-05:00,2382837,21222928,77101805,Servicios de control de calidad ambiental,UNSPSC
ocds-dgv273-seacev3-1196314,ocds-dgv273-seacev3-1196314-2026-03-26T10:12:29.231005-05:00,2383078,21223451,77101805,Servicios de control de calidad ambiental,UNSPSC
ocds-dgv273-seacev3-1196006,ocds-dgv273-seacev3-1196006-2026-03-26T10:12:29.063598-05:00,2382420,21222756,77101805,Servicios de control de calidad ambiental,UNSPSC
ocds-dgv273-seacev3-1197158,ocds-dgv273-seacev3-1197158-2026-03-26T10:12:28.972809-05:00,2383100,21225382,77101805,Servicios de control de calidad ambiental,UNSPSC
ocds-dgv273-seacev3-1196140,ocds-dgv273-seacev3-1196140-2026-03-26T10:12:28.875593-05:00,2383075,21223001,77101805,Servicios de control de calidad ambiental,UNSPSC
ocds-dgv273-seacev3-1196119,ocds-dgv273-seacev3-1196119-2026-03-26T10:12:28.848963-05:00,2382840,21222933,77101805,Servicios de control de calidad ambiental,UNSPSC
ocds-dgv273-seacev3-1197102,ocds-dgv273-seacev3-1197102-2026-03-26T10:12:28.605070-05:00,2383094,21225226,77101805,Servicios de control de calidad ambiental,UNSPSC
ocds-dgv273-seacev3-1197150,ocds-dgv273-seacev3-1197150-2026-03-26T10:12:28.310894-05:00,2383099,21225344,77101805,Servicios de control de calidad ambiental,UNSPSC
ocds-dgv273-seacev3-1196904,ocds-dgv273-seacev3-1196904-2026-03-25T10:13:47.700671-05:00,2382721,21224893,25172503,Neumáticos para camiones pesados,UNSPSC
ocds-dgv273-seacev3-1197252,ocds-dgv273-seacev3-1197252-2026-03-25T10:13:47.621277-05:00,2382564,21225587,80141504,Preparación estudios de mercado de commodities,UNSPSC
ocds-dgv273-seacev3-1197907,ocds-dgv273-seacev3-1197907-2026-03-25T10:13:46.786079-05:00,2382718,21227207,72141106,Servicios de construcción de caminos de grava o tierra,UNSPSC
ocds-dgv273-seacev3-1196951,ocds-dgv273-seacev3-1196951-2026-03-25T10:13:46.633802-05:00,2382531,21224975,71161408,Servicios de base costera,UNSPSC
ocds-dgv273-seacev3-1197631,ocds-dgv273-seacev3-1197631-2026-03-25T10:13:46.281197-05:00,2382556,21226522,70171503,Estudio de aguas subterráneas o superficiales,UNSPSC
ocds-dgv273-seacev3-1198414,ocds-dgv273-seacev3-1198414-2026-03-25T10:13:40.244509-05:00,2382548,21228487,82101603,Publicidad en Internet,UNSPSC
ocds-dgv273-seacev3-1192786,ocds-dgv273-seacev3-1192786-2026-03-25T10:13:38.855855-05:00,2382541,21214707,31211513,Pintura de marcado,UNSPSC
ocds-dgv273-seacev3-1192572,ocds-dgv273-seacev3-1192572-2026-03-25T10:13:38.685718-05:00,2382499,21214408,80131502,Alquiler de instalaciones comerciales o industriales,UNSPSC
ocds-dgv273-seacev3-1196012,ocds-dgv273-seacev3-1196012-2026-03-25T10:13:37.192329-05:00,2382622,21222861,95101505,Terreno en ciudad,UNSPSC
ocds-dgv273-seacev3-1198391,ocds-dgv273-seacev3-1198391-2026-03-25T10:13:29.549693-05:00,2382543,21228482,82101603,Publicidad en Internet,UNSPSC
ocds-dgv273-seacev3-1197048,ocds-dgv273-seacev3-1197048-2026-03-25T10:13:28.268962-05:00,2382533,21225157,51201806,Gamma IGG o immunoglobulina,UNSPSC
ocds-dgv273-seacev3-1196784,ocds-dgv273-seacev3-1196784-2026-03-25T10:13:27.163855-05:00,2382686,21224572,76111505,Servicios de limpieza de telas y muebles,UNSPSC
ocds-dgv273-seacev3-1196136,ocds-dgv273-seacev3-1196136-2026-03-25T10:13:25.758064-05:00,2382561,21223013,80131502,Alquiler de instalaciones comerciales o industriales,UNSPSC
ocds-dgv273-seacev3-1192387,ocds-dgv273-seacev3-1192387-2026-03-25T10:13:20.523824-05:00,2382407,21213810,50221108,Grano de arroz,UNSPSC
ocds-dgv273-seacev3-1192387,ocds-dgv273-seacev3-1192387-2026-03-25T10:13:20.523824-05:00,2382407,21213811,50421801,Fréjoles secos,UNSPSC
ocds-dgv273-seacev3-1192387,ocds-dgv273-seacev3-1192387-2026-03-25T10:13:20.523824-05:00,2382428,21213812,50121539,Pescado fresco,UNSPSC
ocds-dgv273-seacev3-1192387,ocds-dgv273-seacev3-1192387-2026-03-25T10:13:20.523824-05:00,2382411,21213809,10101601,Pollos vivos,UNSPSC
ocds-dgv273-seacev3-1192387,ocds-dgv273-seacev3-1192387-2026-03-25T10:13:20.523824-05:00,2382745,21213811,50421801,Fréjoles secos,UNSPSC
ocds-dgv273-seacev3-1192387,ocds-dgv273-seacev3-1192387-2026-03-25T10:13:20.523824-05:00,2382745,21213810,50221108,Grano de arroz,UNSPSC
ocds-dgv273-seacev3-1194245,ocds-dgv273-seacev3-1194245-2026-03-25T10:13:20.007875-05:00,2382598,21218478,43211502,Servidor de computadorade alta gama,UNSPSC
ocds-dgv273-seacev3-1198395,ocds-dgv273-seacev3-1198395-2026-03-25T10:13:17.028582-05:00,2382553,21228502,82101603,Publicidad en Internet,UNSPSC
ocds-dgv273-seacev3-1192140,ocds-dgv273-seacev3-1192140-2026-03-25T10:13:08.617741-05:00,2382589,21213262,72141128,Servicio de remodelación  y/o construcción de plazas públicas,UNSPSC
ocds-dgv273-seacev3-1196893,ocds-dgv273-seacev3-1196893-2026-03-25T10:13:06.386617-05:00,2382725,21224658,25172503,Neumáticos para camiones pesados,UNSPSC
ocds-dgv273-seacev3-1192502,ocds-dgv273-seacev3-1192502-2026-03-25T10:13:04.620429-05:00,2382701,21214184,30121803,Césped artificial,UNSPSC
ocds-dgv273-seacev3-1196009,ocds-dgv273-seacev3-1196009-2026-03-25T10:12:46.314643-05:00,2382678,21224386,12352116,Aminas o iminas o sus sustitutos,UNSPSC
ocds-dgv273-seacev3-2026-200189-4,ocds-dgv273-seacev3-2026-200189-4-2026-03-25T10:12:46.164349-05:00,2382663,21222871,81162103,Software de plataforma como servicio,UNSPSC
ocds-dgv273-seacev3-1196056,ocds-dgv273-seacev3-1196056-2026-03-24T09:50:24.096045-05:00,2382488,21222868,77101805,Servicios de control de calidad ambiental,UNSPSC
ocds-dgv273-seacev3-1196076,ocds-dgv273-seacev3-1196076-2026-03-24T09:50:23.878519-05:00,2382478,21222916,77101805,Servicios de control de calidad ambiental,UNSPSC
ocds-dgv273-seacev3-1196161,ocds-dgv273-seacev3-1196161-2026-03-24T09:50:23.524593-05:00,2382483,21223027,77101805,Servicios de control de calidad ambiental,UNSPSC
ocds-dgv273-seacev3-1196133,ocds-dgv273-seacev3-1196133-2026-03-24T09:50:23.493889-05:00,2382482,21223012,77101805,Servicios de control de calidad ambiental,UNSPSC
ocds-dgv273-seacev3-1196079,ocds-dgv273-seacev3-1196079-2026-03-24T09:50:23.480242-05:00,2382489,21222890,77101805,Servicios de control de calidad ambiental,UNSPSC
ocds-dgv273-seacev3-1196094,ocds-dgv273-seacev3-1196094-2026-03-24T09:50:23.368624-05:00,2382491,21222926,77101805,Servicios de control de calidad ambiental,UNSPSC
ocds-dgv273-seacev3-1196070,ocds-dgv273-seacev3-1196070-2026-03-24T09:50:22.743941-05:00,2382490,21222913,77101805,Servicios de control de calidad ambiental,UNSPSC
ocds-dgv273-seacev3-1196073,ocds-dgv273-seacev3-1196073-2026-03-24T09:50:22.695187-05:00,2382476,21222914,77101805,Servicios de control de calidad ambiental,UNSPSC
ocds-dgv273-seacev3-1196031,ocds-dgv273-seacev3-1196031-2026-03-24T09:50:22.681413-05:00,2382487,21222866,77101805,Servicios de control de calidad ambiental,UNSPSC
ocds-dgv273-seacev3-1195348,ocds-dgv273-seacev3-1195348-2026-03-24T09:50:22.086506-05:00,2382492,21221399,77101805,Servicios de control de calidad ambiental,UNSPSC
ocds-dgv273-seacev3-1196113,ocds-dgv273-seacev3-1196113-2026-03-24T09:50:21.885809-05:00,2382481,21222963,77101805,Servicios de control de calidad ambiental,UNSPSC
ocds-dgv273-seacev3-1196145,ocds-dgv273-seacev3-1196145-2026-03-24T09:50:21.534809-05:00,2382484,21223048,77101805,Servicios de control de calidad ambiental,UNSPSC
ocds-dgv273-seacev3-1196148,ocds-dgv273-seacev3-1196148-2026-03-24T09:50:21.344763-05:00,2382486,21223031,77101805,Servicios de control de calidad ambiental,UNSPSC
ocds-dgv273-seacev3-1196163,ocds-dgv273-seacev3-1196163-2026-03-24T09:50:21.330968-05:00,2382485,21223030,77101805,Servicios de control de calidad ambiental,UNSPSC
ocds-dgv273-seacev3-1195305,ocds-dgv273-seacev3-1195305-2026-03-24T09:50:20.762075-05:00,2382494,21221305,77101805,Servicios de control de calidad ambiental,UNSPSC
ocds-dgv273-seacev3-1195310,ocds-dgv273-seacev3-1195310-2026-03-24T09:50:20.201541-05:00,2382493,21221498,77101805,Servicios de control de calidad ambiental,UNSPSC
ocds-dgv273-seacev3-1196121,ocds-dgv273-seacev3-1196121-2026-03-24T09:50:19.719844-05:00,2382479,21222935,77101805,Servicios de control de calidad ambiental,UNSPSC
ocds-dgv273-seacev3-1196106,ocds-dgv273-seacev3-1196106-2026-03-24T09:50:19.648073-05:00,2382480,21222982,77101805,Servicios de control de calidad ambiental,UNSPSC
ocds-dgv273-seacev3-1195252,ocds-dgv273-seacev3-1195252-2026-03-24T09:50:19.542105-05:00,2382495,21221218,77101805,Servicios de control de calidad ambiental,UNSPSC
ocds-dgv273-seacev3-1196080,ocds-dgv273-seacev3-1196080-2026-03-24T09:50:19.482851-05:00,2382475,21222894,77101805,Servicios de control de calidad ambiental,UNSPSC
ocds-dgv273-seacev3-1196033,ocds-dgv273-seacev3-1196033-2026-03-23T09:55:37.027066-05:00,2382468,21222862,77101805,Servicios de control de calidad ambiental,UNSPSC
ocds-dgv273-seacev3-1197709,ocds-dgv273-seacev3-1197709-2026-03-22T10:01:49.410203-05:00,2382317,21226740,80141501,Análisis de comercialización,UNSPSC
ocds-dgv273-seacev3-1196961,ocds-dgv273-seacev3-1196961-2026-03-22T10:01:48.844889-05:00,2382448,21224973,77101805,Servicios de control de calidad ambiental,UNSPSC
ocds-dgv273-seacev3-1196578,ocds-dgv273-seacev3-1196578-2026-03-22T10:01:48.647065-05:00,2382384,21224108,77101805,Servicios de control de calidad ambiental,UNSPSC
ocds-dgv273-seacev3-1195774,ocds-dgv273-seacev3-1195774-2026-03-22T10:01:48.306238-05:00,2382322,21222436,77101805,Servicios de control de calidad ambiental,UNSPSC
ocds-dgv273-seacev3-1195760,ocds-dgv273-seacev3-1195760-2026-03-22T10:01:48.278791-05:00,2382319,21222394,77101805,Servicios de control de calidad ambiental,UNSPSC
ocds-dgv273-seacev3-1195731,ocds-dgv273-seacev3-1195731-2026-03-22T10:01:48.265281-05:00,2382311,21222388,77101805,Servicios de control de calidad ambiental,UNSPSC
ocds-dgv273-seacev3-1193875,ocds-dgv273-seacev3-1193875-2026-03-22T10:01:47.851922-05:00,2382331,21217521,50221108,Grano de arroz,UNSPSC
ocds-dgv273-seacev3-1192331,ocds-dgv273-seacev3-1192331-2026-03-22T10:01:47.838455-05:00,2382360,21213671,50221108,Grano de arroz,UNSPSC
ocds-dgv273-seacev3-1192660,ocds-dgv273-seacev3-1192660-2026-03-22T10:01:45.648485-05:00,2382395,21214378,10191509,Insecticidas,UNSPSC
ocds-dgv273-seacev3-1190963,ocds-dgv273-seacev3-1190963-2026-03-22T10:01:43.097643-05:00,2382274,21210298,72121406,Servicios de construcción de escuelas,UNSPSC
ocds-dgv273-seacev3-1193020,ocds-dgv273-seacev3-1193020-2026-03-22T10:01:42.673352-05:00,2382405,21215323,41114509,Tensiómetros,UNSPSC
ocds-dgv273-seacev3-1194725,ocds-dgv273-seacev3-1194725-2026-03-22T10:01:37.450955-05:00,2382392,21219979,72121407,Servicios de construcción de mausoleos,UNSPSC
ocds-dgv273-seacev3-1196615,ocds-dgv273-seacev3-1196615-2026-03-22T10:01:36.933178-05:00,2382437,21225497,77101805,Servicios de control de calidad ambiental,UNSPSC
ocds-dgv273-seacev3-1195800,ocds-dgv273-seacev3-1195800-2026-03-22T10:01:36.786972-05:00,2382326,21222448,77101805,Servicios de control de calidad ambiental,UNSPSC
ocds-dgv273-seacev3-1193428,ocds-dgv273-seacev3-1193428-2026-03-22T10:01:36.511407-05:00,2382466,21216432,92121504,Servicios de vigilantes,UNSPSC
ocds-dgv273-seacev3-1197679,ocds-dgv273-seacev3-1197679-2026-03-22T10:01:36.423710-05:00,2382309,21226716,80141607,Gestión de eventos,UNSPSC
ocds-dgv273-seacev3-1196937,ocds-dgv273-seacev3-1196937-2026-03-22T10:01:34.041114-05:00,2382444,21224699,77101805,Servicios de control de calidad ambiental,UNSPSC
ocds-dgv273-seacev3-1195872,ocds-dgv273-seacev3-1195872-2026-03-22T10:01:33.579678-05:00,2382373,21222630,77101805,Servicios de control de calidad ambiental,UNSPSC
ocds-dgv273-seacev3-1196935,ocds-dgv273-seacev3-1196935-2026-03-22T10:01:33.450976-05:00,2382443,21224936,77101805,Servicios de control de calidad ambiental,UNSPSC
ocds-dgv273-seacev3-1195846,ocds-dgv273-seacev3-1195846-2026-03-22T10:01:27.984421-05:00,2382368,21222525,77101805,Servicios de control de calidad ambiental,UNSPSC
ocds-dgv273-seacev3-1195714,ocds-dgv273-seacev3-1195714-2026-03-22T10:01:27.592043-05:00,2382308,21222331,77101805,Servicios de control de calidad ambiental,UNSPSC
ocds-dgv273-seacev3-1198450,ocds-dgv273-seacev3-1198450-2026-03-22T10:01:27.116109-05:00,2382332,21228558,15101505,Diesel,UNSPSC
ocds-dgv273-seacev3-1196603,ocds-dgv273-seacev3-1196603-2026-03-22T10:01:26.907880-05:00,2382391,21224165,77101805,Servicios de control de calidad ambiental,UNSPSC
ocds-dgv273-seacev3-1196564,ocds-dgv273-seacev3-1196564-2026-03-22T10:01:26.836156-05:00,2382378,21224059,77101805,Servicios de control de calidad ambiental,UNSPSC
ocds-dgv273-seacev3-1191716,ocds-dgv273-seacev3-1191716-2026-03-22T10:01:25.217416-05:00,2382292,21213985,91111603,Servicios de cocina o preparación de comidas,UNSPSC
ocds-dgv273-seacev3-1196004,ocds-dgv273-seacev3-1196004-2026-03-22T10:01:25.028193-05:00,2382375,21222755,77101805,Servicios de control de calidad ambiental,UNSPSC
ocds-dgv273-seacev3-1195652,ocds-dgv273-seacev3-1195652-2026-03-22T10:01:24.595056-05:00,2382160,21222262,77101805,Servicios de control de calidad ambiental,UNSPSC
ocds-dgv273-seacev3-1196606,ocds-dgv273-seacev3-1196606-2026-03-22T10:01:23.920996-05:00,2382434,21224207,77101805,Servicios de control de calidad ambiental,UNSPSC
ocds-dgv273-seacev3-1196943,ocds-dgv273-seacev3-1196943-2026-03-22T10:01:23.877744-05:00,2382440,21224681,77101805,Servicios de control de calidad ambiental,UNSPSC
ocds-dgv273-seacev3-1192322,ocds-dgv273-seacev3-1192322-2026-03-22T10:01:19.027405-05:00,2382402,21213660,30103603,Madera para uso estructural,UNSPSC
ocds-dgv273-seacev3-1195813,ocds-dgv273-seacev3-1195813-2026-03-22T10:01:18.185225-05:00,2382336,21222478,77101805,Servicios de control de calidad ambiental,UNSPSC
ocds-dgv273-seacev3-1196555,ocds-dgv273-seacev3-1196555-2026-03-22T10:01:17.663041-05:00,2382380,21224090,77101805,Servicios de control de calidad ambiental,UNSPSC
ocds-dgv273-seacev3-1196569,ocds-dgv273-seacev3-1196569-2026-03-22T10:01:14.231894-05:00,2382385,21224123,77101805,Servicios de control de calidad ambiental,UNSPSC
ocds-dgv273-seacev3-1195852,ocds-dgv273-seacev3-1195852-2026-03-22T10:01:13.957613-05:00,2382370,21222533,77101805,Servicios de control de calidad ambiental,UNSPSC
ocds-dgv273-seacev3-1195716,ocds-dgv273-seacev3-1195716-2026-03-22T10:01:13.617223-05:00,2382310,21222347,77101805,Servicios de control de calidad ambiental,UNSPSC
ocds-dgv273-seacev3-1195690,ocds-dgv273-seacev3-1195690-2026-03-21T10:10:08.918755-05:00,2382140,21222330,77101805,Servicios de control de calidad ambiental,UNSPSC
ocds-dgv273-seacev3-1195655,ocds-dgv273-seacev3-1195655-2026-03-21T10:10:08.892077-05:00,2382138,21222287,77101805,Servicios de control de calidad ambiental,UNSPSC
ocds-dgv273-seacev3-1195507,ocds-dgv273-seacev3-1195507-2026-03-21T10:10:08.812774-05:00,2382131,21221841,77101805,Servicios de control de calidad ambiental,UNSPSC
ocds-dgv273-seacev3-1193749,ocds-dgv273-seacev3-1193749-2026-03-21T10:10:07.597421-05:00,2381983,21217272,10121507,Alimentación compuesta,UNSPSC
ocds-dgv273-seacev3-1195312,ocds-dgv273-seacev3-1195312-2026-03-21T10:10:04.990547-05:00,2382047,21221549,77101805,Servicios de control de calidad ambiental,UNSPSC
ocds-dgv273-seacev3-1195508,ocds-dgv273-seacev3-1195508-2026-03-21T10:10:04.129810-05:00,2382133,21221842,77101805,Servicios de control de calidad ambiental,UNSPSC
ocds-dgv273-seacev3-1195811,ocds-dgv273-seacev3-1195811-2026-03-21T10:10:02.994243-05:00,2382184,21222458,77101805,Servicios de control de calidad ambiental,UNSPSC
ocds-dgv273-seacev3-1193229,ocds-dgv273-seacev3-1193229-2026-03-21T10:09:52.331036-05:00,2382217,21215779,53131503,Cepillos de dientes,UNSPSC
ocds-dgv273-seacev3-1195503,ocds-dgv273-seacev3-1195503-2026-03-21T10:09:51.825395-05:00,2382115,21221836,77101805,Servicios de control de calidad ambiental,UNSPSC
ocds-dgv273-seacev3-1195341,ocds-dgv273-seacev3-1195341-2026-03-21T10:09:49.648107-05:00,2382112,21221392,77101805,Servicios de control de calidad ambiental,UNSPSC
ocds-dgv273-seacev3-1196575,ocds-dgv273-seacev3-1196575-2026-03-21T10:09:42.630962-05:00,2381970,21224144,81162103,Software de plataforma como servicio,UNSPSC
ocds-dgv273-seacev3-1195509,ocds-dgv273-seacev3-1195509-2026-03-21T10:09:42.425348-05:00,2382136,21221843,77101805,Servicios de control de calidad ambiental,UNSPSC
ocds-dgv273-seacev3-1195769,ocds-dgv273-seacev3-1195769-2026-03-21T10:09:41.680879-05:00,2382180,21222432,77101805,Servicios de control de calidad ambiental,UNSPSC
ocds-dgv273-seacev3-2026-1519-1,ocds-dgv273-seacev3-2026-1519-1-2026-03-21T10:09:34.373039-05:00,2381975,21214367,50221301,Harina vegetal,UNSPSC
ocds-dgv273-seacev3-2026-1519-1,ocds-dgv273-seacev3-2026-1519-1-2026-03-21T10:09:34.373039-05:00,2381975,21214366,50131702,Leche o productos de mantequilla estables sin refrigerar,UNSPSC
ocds-dgv273-seacev3-1195505,ocds-dgv273-seacev3-1195505-2026-03-21T10:09:29.294561-05:00,2382128,21221838,77101805,Servicios de control de calidad ambiental,UNSPSC
ocds-dgv273-seacev3-1196053,ocds-dgv273-seacev3-1196053-2026-03-21T10:09:11.815522-05:00,2382198,21222825,77101805,Servicios de control de calidad ambiental,UNSPSC
ocds-dgv273-seacev3-1195990,ocds-dgv273-seacev3-1195990-2026-03-21T10:09:11.777732-05:00,2382187,21222788,77101805,Servicios de control de calidad ambiental,UNSPSC
ocds-dgv273-seacev3-1195504,ocds-dgv273-seacev3-1195504-2026-03-21T10:09:10.916682-05:00,2382121,21221837,77101805,Servicios de control de calidad ambiental,UNSPSC
ocds-dgv273-seacev3-1196026,ocds-dgv273-seacev3-1196026-2026-03-21T10:09:10.651538-05:00,2382195,21222815,77101805,Servicios de control de calidad ambiental,UNSPSC
ocds-dgv273-seacev3-1195992,ocds-dgv273-seacev3-1195992-2026-03-21T10:09:10.246454-05:00,2382192,21222807,77101805,Servicios de control de calidad ambiental,UNSPSC
ocds-dgv273-seacev3-1196284,ocds-dgv273-seacev3-1196284-2026-03-21T10:09:09.954980-05:00,2382226,21224237,78181507,Reparación y mantenimiento de camión ligero automotriz,UNSPSC
ocds-dgv273-seacev3-1195173,ocds-dgv273-seacev3-1195173-2026-03-20T10:14:23.103338-05:00,2381893,21221088,77101805,Servicios de control de calidad ambiental,UNSPSC
ocds-dgv273-seacev3-1194415,ocds-dgv273-seacev3-1194415-2026-03-20T10:14:20.174124-05:00,2381926,21219200,72141701,Servicio de arrendamiento o alquiler de maquinaria de construcción,UNSPSC
ocds-dgv273-seacev3-1192651,ocds-dgv273-seacev3-1192651-2026-03-20T10:14:19.278216-05:00,2381815,21214406,80131502,Alquiler de instalaciones comerciales o industriales,UNSPSC
ocds-dgv273-seacev3-2026-1995-59,ocds-dgv273-seacev3-2026-1995-59-2026-03-20T10:14:14.505897-05:00,2381822,21224987,80101513,Servicio de consultoría para la gestión de procesos y procedimientos,UNSPSC
ocds-dgv273-seacev3-1196781,ocds-dgv273-seacev3-1196781-2026-03-20T10:14:13.566630-05:00,2381937,21224775,84101501,Asistencia financiera,UNSPSC
ocds-dgv273-seacev3-1195650,ocds-dgv273-seacev3-1195650-2026-03-20T10:14:11.065342-05:00,2381911,21222271,77101805,Servicios de control de calidad ambiental,UNSPSC
ocds-dgv273-seacev3-1195255,ocds-dgv273-seacev3-1195255-2026-03-20T10:14:10.785211-05:00,2381901,21221221,77101805,Servicios de control de calidad ambiental,UNSPSC
ocds-dgv273-seacev3-1195415,ocds-dgv273-seacev3-1195415-2026-03-20T10:14:10.360415-05:00,2381817,21221872,80131502,Alquiler de instalaciones comerciales o industriales,UNSPSC
ocds-dgv273-seacev3-1195670,ocds-dgv273-seacev3-1195670-2026-03-20T10:14:04.027346-05:00,2381687,21222256,77101805,Servicios de control de calidad ambiental,UNSPSC
ocds-dgv273-seacev3-1195380,ocds-dgv273-seacev3-1195380-2026-03-20T10:14:00.050136-05:00,2381788,21221626,80131502,Alquiler de instalaciones comerciales o industriales,UNSPSC
ocds-dgv273-seacev3-1195241,ocds-dgv273-seacev3-1195241-2026-03-20T10:13:59.537565-05:00,2381896,21221178,77101805,Servicios de control de calidad ambiental,UNSPSC
ocds-dgv273-seacev3-1192893,ocds-dgv273-seacev3-1192893-2026-03-20T10:13:54.063510-05:00,2381808,21214954,78102101,Transporte de productos petroleros,UNSPSC
ocds-dgv273-seacev3-1194512,ocds-dgv273-seacev3-1194512-2026-03-20T10:13:50.702834-05:00,2381772,21219400,77101805,Servicios de control de calidad ambiental,UNSPSC
ocds-dgv273-seacev3-1194635,ocds-dgv273-seacev3-1194635-2026-03-20T10:13:50.223133-05:00,2381862,21219675,77101805,Servicios de control de calidad ambiental,UNSPSC
ocds-dgv273-seacev3-1194664,ocds-dgv273-seacev3-1194664-2026-03-20T10:13:44.489275-05:00,2381892,21219702,77101805,Servicios de control de calidad ambiental,UNSPSC
ocds-dgv273-seacev3-1194557,ocds-dgv273-seacev3-1194557-2026-03-20T10:13:43.914185-05:00,2381857,21219483,77101805,Servicios de control de calidad ambiental,UNSPSC
ocds-dgv273-seacev3-1195673,ocds-dgv273-seacev3-1195673-2026-03-20T10:13:43.794955-05:00,2381747,21222257,77101805,Servicios de control de calidad ambiental,UNSPSC
ocds-dgv273-seacev3-1193346,ocds-dgv273-seacev3-1193346-2026-03-20T10:13:42.979846-05:00,2381835,21216519,41121709,Tubos capilares o de hematocrito,UNSPSC
ocds-dgv273-seacev3-1193346,ocds-dgv273-seacev3-1193346-2026-03-20T10:13:42.979846-05:00,2381835,21216512,42312310,Frascos limpiadores,UNSPSC
ocds-dgv273-seacev3-1193346,ocds-dgv273-seacev3-1193346-2026-03-20T10:13:42.979846-05:00,2381835,21216461,41122602,Cubreobjetos,UNSPSC
ocds-dgv273-seacev3-1193346,ocds-dgv273-seacev3-1193346-2026-03-20T10:13:42.979846-05:00,2381835,21216437,41122601,Portaobjetos,UNSPSC
ocds-dgv273-seacev3-1193346,ocds-dgv273-seacev3-1193346-2026-03-20T10:13:42.979846-05:00,2381835,21216455,41111901,Contadores,UNSPSC
ocds-dgv273-seacev3-1191075,ocds-dgv273-seacev3-1191075-2026-03-20T10:13:40.271733-05:00,2381877,21210526,81101508,Ingeniería arquitectónica,UNSPSC
ocds-dgv273-seacev3-1191849,ocds-dgv273-seacev3-1191849-2026-03-20T10:13:39.364266-05:00,2381752,21213627,51181901,Gonadotropina coriónica,UNSPSC
ocds-dgv273-seacev3-2026-1947-10,ocds-dgv273-seacev3-2026-1947-10-2026-03-20T10:13:19.305760-05:00,2381775,21222295,80141607,Gestión de eventos,UNSPSC
ocds-dgv273-seacev3-1195159,ocds-dgv273-seacev3-1195159-2026-03-20T10:13:18.807925-05:00,2381805,21221055,80131502,Alquiler de instalaciones comerciales o industriales,UNSPSC
ocds-dgv273-seacev3-2026-1947-98,ocds-dgv273-seacev3-2026-1947-98-2026-03-19T10:13:22.833411-05:00,2381507,21223262,80151503,Servicios de información comercial,UNSPSC
ocds-dgv273-seacev3-1195661,ocds-dgv273-seacev3-1195661-2026-03-19T10:13:22.523969-05:00,2381673,21222205,77101805,Servicios de control de calidad ambiental,UNSPSC
ocds-dgv273-seacev3-1195624,ocds-dgv273-seacev3-1195624-2026-03-19T10:13:22.479157-05:00,2381659,21222146,77101805,Servicios de control de calidad ambiental,UNSPSC
ocds-dgv273-seacev3-1195515,ocds-dgv273-seacev3-1195515-2026-03-19T10:13:22.402368-05:00,2381122,21221851,42132102,Sábanas de camilla medicas,UNSPSC
ocds-dgv273-seacev3-1195515,ocds-dgv273-seacev3-1195515-2026-03-19T10:13:22.402368-05:00,2381285,21221993,42132205,Guantes quirúrgicos,UNSPSC
ocds-dgv273-seacev3-1195515,ocds-dgv273-seacev3-1195515-2026-03-19T10:13:22.402368-05:00,2381417,21221998,51101597,Mupirocina,UNSPSC
ocds-dgv273-seacev3-1195515,ocds-dgv273-seacev3-1195515-2026-03-19T10:13:22.402368-05:00,2381417,21221850,42311552,Cintas adhesivas médicas y quirúrgicas para el uso general,UNSPSC
ocds-dgv273-seacev3-1195515,ocds-dgv273-seacev3-1195515-2026-03-19T10:13:22.402368-05:00,2381296,21221994,42291607,Gasas o curetas quirúrgicas,UNSPSC
ocds-dgv273-seacev3-1195515,ocds-dgv273-seacev3-1195515-2026-03-19T10:13:22.402368-05:00,2381596,21221999,42312201,Sutura,UNSPSC
ocds-dgv273-seacev3-1191015,ocds-dgv273-seacev3-1191015-2026-03-19T10:13:19.816475-05:00,2381592,21210414,72121406,Servicios de construcción de escuelas,UNSPSC
ocds-dgv273-seacev3-1194955,ocds-dgv273-seacev3-1194955-2026-03-19T10:13:16.531369-05:00,2381570,21220636,77101805,Servicios de control de calidad ambiental,UNSPSC
ocds-dgv273-seacev3-1195025,ocds-dgv273-seacev3-1195025-2026-03-19T10:13:15.914979-05:00,2381584,21220419,77101805,Servicios de control de calidad ambiental,UNSPSC
ocds-dgv273-seacev3-1194976,ocds-dgv273-seacev3-1194976-2026-03-19T10:13:14.270015-05:00,2381548,21220366,77101805,Servicios de control de calidad ambiental,UNSPSC
ocds-dgv273-seacev3-1194613,ocds-dgv273-seacev3-1194613-2026-03-19T10:13:05.665924-05:00,2381613,21219654,80131502,Alquiler de instalaciones comerciales o industriales,UNSPSC
ocds-dgv273-seacev3-1194938,ocds-dgv273-seacev3-1194938-2026-03-19T10:13:05.468328-05:00,2381598,21220292,80131502,Alquiler de instalaciones comerciales o industriales,UNSPSC
ocds-dgv273-seacev3-1193331,ocds-dgv273-seacev3-1193331-2026-03-19T10:13:05.142417-05:00,2381540,21216302,86131702,Servicios de escuelas de vuelo,UNSPSC
ocds-dgv273-seacev3-1195238,ocds-dgv273-seacev3-1195238-2026-03-19T10:13:04.957183-05:00,2381608,21221168,77101805,Servicios de control de calidad ambiental,UNSPSC
ocds-dgv273-seacev3-1191044,ocds-dgv273-seacev3-1191044-2026-03-19T10:13:03.578738-05:00,2381514,21210424,72121406,Servicios de construcción de escuelas,UNSPSC
ocds-dgv273-seacev3-1195221,ocds-dgv273-seacev3-1195221-2026-03-19T10:13:02.793019-05:00,2381587,21221127,77101805,Servicios de control de calidad ambiental,UNSPSC
ocds-dgv273-seacev3-1194840,ocds-dgv273-seacev3-1194840-2026-03-19T10:13:01.566022-05:00,2381621,21219876,77101805,Servicios de control de calidad ambiental,UNSPSC
ocds-dgv273-seacev3-1196324,ocds-dgv273-seacev3-1196324-2026-03-19T10:12:55.510746-05:00,2381652,21223543,82101603,Publicidad en Internet,UNSPSC
ocds-dgv273-seacev3-1195608,ocds-dgv273-seacev3-1195608-2026-03-19T10:12:55.355344-05:00,2381665,21222156,77101805,Servicios de control de calidad ambiental,UNSPSC
ocds-dgv273-seacev3-1195201,ocds-dgv273-seacev3-1195201-2026-03-19T10:12:54.874478-05:00,2381640,21221111,81111819,Servicios de aseguramiento de calidad,UNSPSC
ocds-dgv273-seacev3-1194872,ocds-dgv273-seacev3-1194872-2026-03-19T10:12:54.002542-05:00,2381651,21220207,77101805,Servicios de control de calidad ambiental,UNSPSC
ocds-dgv273-seacev3-1194895,ocds-dgv273-seacev3-1194895-2026-03-19T10:12:51.991959-05:00,2381654,21219944,77101805,Servicios de control de calidad ambiental,UNSPSC
ocds-dgv273-seacev3-1193292,ocds-dgv273-seacev3-1193292-2026-03-19T10:12:45.805073-05:00,2381689,21216049,72121403,Servicios de construcción de hospitales,UNSPSC
ocds-dgv273-seacev3-1195586,ocds-dgv273-seacev3-1195586-2026-03-19T10:12:44.947774-05:00,2381611,21222056,77101805,Servicios de control de calidad ambiental,UNSPSC
ocds-dgv273-seacev3-1195207,ocds-dgv273-seacev3-1195207-2026-03-19T10:12:42.743828-05:00,2381588,21221116,77101805,Servicios de control de calidad ambiental,UNSPSC
ocds-dgv273-seacev3-1196334,ocds-dgv273-seacev3-1196334-2026-03-19T10:12:41.790912-05:00,2381653,21223694,82101603,Publicidad en Internet,UNSPSC
ocds-dgv273-seacev3-1195316,ocds-dgv273-seacev3-1195316-2026-03-19T10:12:40.967071-05:00,2381610,21221346,77101805,Servicios de control de calidad ambiental,UNSPSC
ocds-dgv273-seacev3-1195000,ocds-dgv273-seacev3-1195000-2026-03-19T10:12:33.752904-05:00,2381582,21220384,77101805,Servicios de control de calidad ambiental,UNSPSC
ocds-dgv273-seacev3-1192345,ocds-dgv273-seacev3-1192345-2026-03-19T10:12:32.799064-05:00,2381486,21213711,78101802,Servicios de transporte regional o nacional en camión,UNSPSC
ocds-dgv273-seacev3-1194833,ocds-dgv273-seacev3-1194833-2026-03-19T10:12:28.291887-05:00,2381622,21219880,77101805,Servicios de control de calidad ambiental,UNSPSC
ocds-dgv273-seacev3-1194992,ocds-dgv273-seacev3-1194992-2026-03-19T10:12:22.873504-05:00,2381580,21220382,77101805,Servicios de control de calidad ambiental,UNSPSC
ocds-dgv273-seacev3-1194989,ocds-dgv273-seacev3-1194989-2026-03-19T10:12:20.224096-05:00,2381579,21220704,77101805,Servicios de control de calidad ambiental,UNSPSC
ocds-dgv273-seacev3-1193525,ocds-dgv273-seacev3-1193525-2026-03-18T10:12:26.382415-05:00,2381352,21216602,80131502,Alquiler de instalaciones comerciales o industriales,UNSPSC
ocds-dgv273-seacev3-1195497,ocds-dgv273-seacev3-1195497-2026-03-18T10:11:43.656497-05:00,2381393,21221960,72141701,Servicio de arrendamiento o alquiler de maquinaria de construcción,UNSPSC
ocds-dgv273-seacev3-1192406,ocds-dgv273-seacev3-1192406-2026-03-18T10:11:41.848086-05:00,2381368,21213821,82101603,Publicidad en Internet,UNSPSC
ocds-dgv273-seacev3-1192406,ocds-dgv273-seacev3-1192406-2026-03-18T10:11:41.848086-05:00,2381366,21213817,82101603,Publicidad en Internet,UNSPSC
ocds-dgv273-seacev3-1192406,ocds-dgv273-seacev3-1192406-2026-03-18T10:11:41.848086-05:00,2381374,21213818,82101603,Publicidad en Internet,UNSPSC
ocds-dgv273-seacev3-1192406,ocds-dgv273-seacev3-1192406-2026-03-18T10:11:41.848086-05:00,2381378,21213819,82101603,Publicidad en Internet,UNSPSC
ocds-dgv273-seacev3-1192406,ocds-dgv273-seacev3-1192406-2026-03-18T10:11:41.848086-05:00,2381365,21213820,82101603,Publicidad en Internet,UNSPSC
ocds-dgv273-seacev3-1191124,ocds-dgv273-seacev3-1191124-2026-03-17T16:00:59.906748-05:00,2381233,21210568,81101508,Ingeniería arquitectónica,UNSPSC
ocds-dgv273-seacev3-1195668,ocds-dgv273-seacev3-1195668-2026-03-17T16:00:37.859715-05:00,2381237,21222233,72141213,Servicios de construcción de vías fluviales,UNSPSC
ocds-dgv273-seacev3-1191111,ocds-dgv273-seacev3-1191111-2026-03-17T16:00:26.812455-05:00,2381234,21210629,81101508,Ingeniería arquitectónica,UNSPSC
ocds-dgv273-seacev3-1194519,ocds-dgv273-seacev3-1194519-2026-03-16T12:25:15.382866-05:00,2381229,21219300,81112501,Servicio de licencias para software de computadoras,UNSPSC
ocds-dgv273-seacev3-1195528,ocds-dgv273-seacev3-1195528-2026-03-15T10:15:40.153280-05:00,2380946,21221864,80101603,Evaluación económica o financiera de proyectos,UNSPSC
ocds-dgv273-seacev3-1194984,ocds-dgv273-seacev3-1194984-2026-03-15T10:15:39.738736-05:00,2380459,21220654,77101805,Servicios de control de calidad ambiental,UNSPSC
ocds-dgv273-seacev3-1194875,ocds-dgv273-seacev3-1194875-2026-03-15T10:15:39.650153-05:00,2380456,21220211,77101805,Servicios de control de calidad ambiental,UNSPSC
ocds-dgv273-seacev3-2026-1947-110,ocds-dgv273-seacev3-2026-1947-110-2026-03-15T10:15:39.444871-05:00,2381185,21219656,82101802,Servicio de producción de publicidad,UNSPSC
ocds-dgv273-seacev3-1193661,ocds-dgv273-seacev3-1193661-2026-03-15T10:15:38.821437-05:00,2380958,21217117,95101505,Terreno en ciudad,UNSPSC
ocds-dgv273-seacev3-1192985,ocds-dgv273-seacev3-1192985-2026-03-15T10:15:38.424855-05:00,2380678,21215283,81101514,Ingeniería geotécnica o geosísmica,UNSPSC
ocds-dgv273-seacev3-1194914,ocds-dgv273-seacev3-1194914-2026-03-15T10:15:34.820500-05:00,2380493,21220309,77101805,Servicios de control de calidad ambiental,UNSPSC
ocds-dgv273-seacev3-1193165,ocds-dgv273-seacev3-1193165-2026-03-15T10:15:34.767030-05:00,2381088,21215829,80131502,Alquiler de instalaciones comerciales o industriales,UNSPSC
ocds-dgv273-seacev3-1195314,ocds-dgv273-seacev3-1195314-2026-03-15T10:15:34.397367-05:00,2381006,21221563,80131502,Alquiler de instalaciones comerciales o industriales,UNSPSC
ocds-dgv273-seacev3-1194624,ocds-dgv273-seacev3-1194624-2026-03-15T10:15:33.897656-05:00,2380447,21219606,77101805,Servicios de control de calidad ambiental,UNSPSC
ocds-dgv273-seacev3-1194706,ocds-dgv273-seacev3-1194706-2026-03-15T10:15:26.970936-05:00,2380450,21219975,77101805,Servicios de control de calidad ambiental,UNSPSC
ocds-dgv273-seacev3-1194722,ocds-dgv273-seacev3-1194722-2026-03-15T10:15:26.956896-05:00,2380449,21219970,77101805,Servicios de control de calidad ambiental,UNSPSC
ocds-dgv273-seacev3-1194273,ocds-dgv273-seacev3-1194273-2026-03-15T10:15:26.518653-05:00,2380694,21218731,85101508,Servicio para administrar centros oServiciosanitarios móviles,UNSPSC
ocds-dgv273-seacev3-1194612,ocds-dgv273-seacev3-1194612-2026-03-15T10:15:24.906065-05:00,2380446,21219650,77101805,Servicios de control de calidad ambiental,UNSPSC
ocds-dgv273-seacev3-1194771,ocds-dgv273-seacev3-1194771-2026-03-15T10:15:15.567964-05:00,2380454,21220049,77101805,Servicios de control de calidad ambiental,UNSPSC
ocds-dgv273-seacev3-1194953,ocds-dgv273-seacev3-1194953-2026-03-15T10:15:11.739359-05:00,2380458,21220605,77101805,Servicios de control de calidad ambiental,UNSPSC
ocds-dgv273-seacev3-1194676,ocds-dgv273-seacev3-1194676-2026-03-15T10:15:11.678483-05:00,2380448,21219713,77101805,Servicios de control de calidad ambiental,UNSPSC
ocds-dgv273-seacev3-1192583,ocds-dgv273-seacev3-1192583-2026-03-15T10:15:04.327240-05:00,2380550,21214269,80131502,Alquiler de instalaciones comerciales o industriales,UNSPSC
ocds-dgv273-seacev3-1194466,ocds-dgv273-seacev3-1194466-2026-03-15T10:15:03.922413-05:00,2380693,21219040,85101508,Servicio para administrar centros oServiciosanitarios móviles,UNSPSC
ocds-dgv273-seacev3-1195260,ocds-dgv273-seacev3-1195260-2026-03-15T10:15:03.183041-05:00,2381216,21221177,91111601,Servicios de limpieza y mantenimiento,UNSPSC
ocds-dgv273-seacev3-1194900,ocds-dgv273-seacev3-1194900-2026-03-15T10:14:54.503529-05:00,2380457,21220215,77101805,Servicios de control de calidad ambiental,UNSPSC
ocds-dgv273-seacev3-1193162,ocds-dgv273-seacev3-1193162-2026-03-15T10:14:51.314554-05:00,2380690,21215670,85101508,Servicio para administrar centros oServiciosanitarios móviles,UNSPSC
ocds-dgv273-seacev3-1195297,ocds-dgv273-seacev3-1195297-2026-03-15T10:14:49.540871-05:00,2380727,21221517,80141607,Gestión de eventos,UNSPSC
ocds-dgv273-seacev3-2026-1947-78,ocds-dgv273-seacev3-2026-1947-78-2026-03-15T10:14:49.210218-05:00,2380859,21221052,80151503,Servicios de información comercial,UNSPSC
ocds-dgv273-seacev3-1194711,ocds-dgv273-seacev3-1194711-2026-03-15T10:14:48.899078-05:00,2380451,21219775,77101805,Servicios de control de calidad ambiental,UNSPSC
ocds-dgv273-seacev3-2026-1962-12,ocds-dgv273-seacev3-2026-1962-12-2026-03-15T10:14:48.865427-05:00,2380677,21215159,81101514,Ingeniería geotécnica o geosísmica,UNSPSC
ocds-dgv273-seacev3-1194735,ocds-dgv273-seacev3-1194735-2026-03-15T10:14:42.015054-05:00,2380453,21219805,77101805,Servicios de control de calidad ambiental,UNSPSC
ocds-dgv273-seacev3-1194717,ocds-dgv273-seacev3-1194717-2026-03-15T10:14:42.001186-05:00,2380452,21219803,77101805,Servicios de control de calidad ambiental,UNSPSC
ocds-dgv273-seacev3-1191129,ocds-dgv273-seacev3-1191129-2026-03-15T10:14:38.257291-05:00,2380965,21210578,81101508,Ingeniería arquitectónica,UNSPSC
ocds-dgv273-seacev3-1194893,ocds-dgv273-seacev3-1194893-2026-03-15T10:14:37.808387-05:00,2380455,21219936,77101805,Servicios de control de calidad ambiental,UNSPSC
ocds-dgv273-seacev3-1193654,ocds-dgv273-seacev3-1193654-2026-03-15T10:14:29.807201-05:00,2381181,21216934,81151602,Elaboración de mapas,UNSPSC
ocds-dgv273-seacev3-1195015,ocds-dgv273-seacev3-1195015-2026-03-15T10:14:18.449430-05:00,2381068,21220435,15101505,Diesel,UNSPSC
ocds-dgv273-seacev3-1195219,ocds-dgv273-seacev3-1195219-2026-03-15T10:14:16.068095-05:00,2380730,21221107,80101603,Evaluación económica o financiera de proyectos,UNSPSC
ocds-dgv273-seacev3-2026-1995-60,ocds-dgv273-seacev3-2026-1995-60-2026-03-12T10:14:57.643952-05:00,2379532,21196530,42121602,Productos formadores de sangre o sangre para uso veterinario,UNSPSC
ocds-dgv273-seacev3-1194348,ocds-dgv273-seacev3-1194348-2026-03-12T10:14:48.222503-05:00,2380270,21218873,86121701,Programas de cursos universitarios,UNSPSC
ocds-dgv273-seacev3-1192910,ocds-dgv273-seacev3-1192910-2026-03-12T10:14:36.359061-05:00,2380408,21215115,85121616,Servicio de  anestesiología y reanimación,UNSPSC
ocds-dgv273-seacev3-1192970,ocds-dgv273-seacev3-1192970-2026-03-12T10:14:24.378403-05:00,2380416,21215160,85121603,Servicios de cardiología,UNSPSC
ocds-dgv273-seacev3-1192943,ocds-dgv273-seacev3-1192943-2026-03-12T10:14:16.080159-05:00,2380412,21215169,85121601,Servicios ginecológicos u obstétricos,UNSPSC
ocds-dgv273-seacev3-1187449,ocds-dgv273-seacev3-1187449-2026-03-12T10:14:02.156376-05:00,2380251,21201044,82121504,Impresión tipográfica o serigrafía,UNSPSC
ocds-dgv273-seacev3-1192962,ocds-dgv273-seacev3-1192962-2026-03-11T10:13:19.395670-05:00,2380136,21215144,92101501,Servicios de vigilancia,UNSPSC
ocds-dgv273-seacev3-1193972,ocds-dgv273-seacev3-1193972-2026-03-11T10:12:53.329423-05:00,2380155,21217916,55101519,Publicaciones periodicas,UNSPSC
ocds-dgv273-seacev3-1191998,ocds-dgv273-seacev3-1191998-2026-03-08T09:59:30.690950-05:00,2379914,21212662,85121808,Servicios de laboratorios de radiografías,UNSPSC
ocds-dgv273-seacev3-1192667,ocds-dgv273-seacev3-1192667-2026-03-08T09:59:07.261935-05:00,2379916,21214405,80131502,Alquiler de instalaciones comerciales o industriales,UNSPSC
ocds-dgv273-seacev3-1192553,ocds-dgv273-seacev3-1192553-2026-03-05T10:10:54.163365-05:00,2379170,21214256,86101801,Desarrollo de fuerza de trabajo del sector bancario o financiero,UNSPSC
ocds-dgv273-seacev3-1192596,ocds-dgv273-seacev3-1192596-2026-03-05T10:10:34.830666-05:00,2379215,21214340,76111501,Servicios de limpieza de edificios,UNSPSC
