Open Contracting ID,Entrega compilada:ID de Entrega,Entrega compilada:Adjudicaciones:ID de Adjudicación,Entrega compilada:Adjudicaciones:Artículos Adjudicados:ID,compiledRelease/awards/0/items/0/position,Entrega compilada:Adjudicaciones:Artículos Adjudicados:Descripción,compiledRelease/awards/0/items/0/statusDetails,compiledRelease/awards/0/items/0/status,Entrega compilada:Adjudicaciones:Artículos Adjudicados:Clasificación:ID,Entrega compilada:Adjudicaciones:Artículos Adjudicados:Clasificación:Descripción,Entrega compilada:Adjudicaciones:Artículos Adjudicados:Clasificación:Esquema,Entrega compilada:Adjudicaciones:Artículos Adjudicados:Cantidad,compiledRelease/awards/0/items/0/totalValue/amount,compiledRelease/awards/0/items/0/totalValue/currency,compiledRelease/awards/0/items/0/totalValue/currencyName,Entrega compilada:Adjudicaciones:Artículos Adjudicados:Unidad:ID,Entrega compilada:Adjudicaciones:Artículos Adjudicados:Unidad:Nombre,Entrega compilada:Adjudicaciones:Artículos Adjudicados:Unidad:Esquema
ocds-dgv273-seacev3-1237889,ocds-dgv273-seacev3-1237889-2026-09-23T10:17:57.571742-05:00,1237889-1833559,21340309,1,Supervisión del proyecto bajo la modalidad de OxI: MEJORAMIENTO DEL SERVICIO DE EDUCACIÓN SECUNDARIA EN I.E. NUESTRO SEÑOR DE LA MISERICORDIA DISTRITO DE LUCMA DE LA PROVINCIA DE GRAN CHIMU DEL DEPARTAMENTO DE LA LIBERTAD. CUI 2681968,CONTRATADO,active,8110150800337178,SUPERVISION DE OBRA DE CONSTRUCCION DE CENTROS EDUCATIVOS,CUBSO,1.0,1130853.0,PEN,Soles,40,Unidad,PE-SEACE3-UnidadMedida
ocds-dgv273-seacev3-1181800,ocds-dgv273-seacev3-1181800-2026-09-23T10:17:52.740997-05:00,1181800-1762914,21195730,1,CONTRATACIÓN PARA EJECUCIÓN DE OBRA DEL PROYECTO DENOMINADO:  MEJORAMIENTO DEL SERVICIOS DE ESPACIOS PÚBLICOS URBANOS EN PARQUE 02 DE LA ASOC. DE VIV. LAS VEGAS Y PARQUE 01 DE LA ASOC. DE VIV. LAS FLORES DISTRITO DE SANTA ANITA DE LA PROVINCIA DE L,CONTRATADO,active,7214112800364494,REMODELACION DE PARQUES Y PLAZAS,CUBSO,1.0,2280431.61,PEN,Soles,36,Servicio,PE-SEACE3-UnidadMedida
ocds-dgv273-seacev3-1184347,ocds-dgv273-seacev3-1184347-2026-09-23T10:17:19.149679-05:00,1184347-1760666,21193819,1,"MEJORAMIENTO DEL SERVICIOS DE ESPACIOS PÚBLICOS URBANOS EN PARQUE CENTRAL DEL AA.HH HUASCAR DISTRITO DE SANTA ANITA DE LA PROVINCIA DE LIMA DEL DEPARTAMENTO DE LIMA, CON CUI 2656881",CONTRATADO,active,7214112800364494,REMODELACION DE PARQUES Y PLAZAS,CUBSO,1.0,1995705.59,PEN,Soles,40,Unidad,PE-SEACE3-UnidadMedida
ocds-dgv273-seacev3-1185330,ocds-dgv273-seacev3-1185330-2026-09-23T10:17:09.009769-05:00,1185330-1764483,21196782,1,"Supervisión de la obra: ¿MEJORAMIENTO DEL SERVICIO DE TRANSITABILIDAD VIAL INTERURBANA EN CAMINO VECINAL LA-579, LA-582, LA-580: DISTRITO DE ILLIMO - CRUCE CEMENTERIO - CRUCE COLOCHE - SAN PEDRO DE SASAPE - SAN ISIDRO - TRAPICHE, DISTRITO DE ILLIMO",CONTRATADO,active,8110151000336392,"Ssupervisión de la obra: ¿MEJORAMIENTO DEL SERVICIO DE TRANSITABILIDAD VIAL INTERURBANA EN CAMINO VECINAL LA-579, LA-582, LA-580: DISTRITO DE ILLIMO - CRUCE CEMENTERIO - CRUCE COLOCHE - SAN PEDRO DE SASAPE - SAN ISIDRO - TRAPICHE, DISTRITO DE ILLIMO",CUBSO,1.0,496067.16,PEN,Soles,36,Servicio,PE-SEACE3-UnidadMedida
ocds-dgv273-seacev3-1184427,ocds-dgv273-seacev3-1184427-2026-09-23T10:17:08.917590-05:00,1184427-20520775596,21194341,1,CAMARAS DE VIDEO DIGITAL CORPORAL,CONTRATADO,active,4512151600257982,CAMARA DE VIDEO DIGITAL TIPO PROFESIONAL DE ALTA DEFINICION,CUBSO,75.0,154050.0,PEN,Soles,40,Unidad,PE-SEACE3-UnidadMedida
ocds-dgv273-seacev3-1185367,ocds-dgv273-seacev3-1185367-2026-09-23T10:17:08.763445-05:00,1185367-1765326,21198878,1,"EJECUCIÓN DE LA OBRA DE LA INVERSIÓN IOARR: RENOVACION DE PAVIMENTO; EN EL(LA) AMBITO DE VÍAS LOCALES DE LA ZONA 2 Y 3 EN EL CENTRO POBLADO LA VICTORIA, DISTRITO DE LA VICTORIA, PROVINCIA LIMA, DEPARTAMENTO LIMA¿ CON CUI Nº 2705666",CONTRATADO,active,7214100300342329,MEJORAMIENTO DE PISTAS Y VEREDAS,CUBSO,1.0,1369162.87,PEN,Soles,40,Unidad,PE-SEACE3-UnidadMedida
ocds-dgv273-seacev3-1185153,ocds-dgv273-seacev3-1185153-2026-09-23T10:17:08.726429-05:00,1185153-1763586,21198473,1,"CONTRATACIÓN PARA LA EJECUCIÓN DE LA OBRA: ¿RENOVACIÓN DE PAVIMENTO; EN EL AMBITO DE LA ZONA 37 Y 40 EN EL CENTRO POBLADO LA VICTORIA, DISTRITO DE LA VICTORIA, PROVINCIA LIMA, DEPARTAMENTO LIMA¿ CON CUI 2705657",CONTRATADO,active,7214100300342329,MEJORAMIENTO DE PISTAS Y VEREDAS,CUBSO,1.0,3188024.49,PEN,Soles,40,Unidad,PE-SEACE3-UnidadMedida
ocds-dgv273-seacev3-1203238,ocds-dgv273-seacev3-1203238-2026-09-23T10:17:00.755466-05:00,1203238-20220539572,21244302,3,SERVICIO DE SEGURIDAD Y VIGILANCIA EEA EL CHIRA,CONSENTIDO,active,9210150100094854,SERVICIO DE SEGURIDAD Y VIGILANCIA,CUBSO,1.0,237384.0,PEN,Soles,36,Servicio,PE-SEACE3-UnidadMedida
ocds-dgv273-seacev3-1203238,ocds-dgv273-seacev3-1203238-2026-09-23T10:17:00.755466-05:00,1203238-20409314491,21244303,4,SERVICIO DE SEGURIDAD Y VIGILANCIA PARA EEA LOS CEDROS,CONSENTIDO,active,9210150100094854,SERVICIO DE SEGURIDAD Y VIGILANCIA,CUBSO,1.0,228360.0,PEN,Soles,36,Servicio,PE-SEACE3-UnidadMedida
ocds-dgv273-seacev3-1203238,ocds-dgv273-seacev3-1203238-2026-09-23T10:17:00.755466-05:00,1203238-20480402929,21244319,19,SERVICIO DE SEGURIDAD Y VIGILANCIA PARA EEA AMAZONAS,CONSENTIDO,active,9210150100094854,SERVICIO DE SEGURIDAD Y VIGILANCIA,CUBSO,1.0,399219.84,PEN,Soles,36,Servicio,PE-SEACE3-UnidadMedida
ocds-dgv273-seacev3-1203238,ocds-dgv273-seacev3-1203238-2026-09-23T10:17:00.755466-05:00,1203238-20490323661,21244310,11,SERVICIO DE SEGURIDAD Y VIGILANCIA PARA EEA AREQUIPA,CONSENTIDO,active,9210150100094854,SERVICIO DE SEGURIDAD Y VIGILANCIA,CUBSO,1.0,793716.96,PEN,Soles,36,Servicio,PE-SEACE3-UnidadMedida
ocds-dgv273-seacev3-1203238,ocds-dgv273-seacev3-1203238-2026-09-23T10:17:00.755466-05:00,1203238-20572205895,21244317,17,SERVICIO DE SEGURIDAD Y VIGILANCIA PARA  EEA SAN ROQUE,CONSENTIDO,active,9210150100094854,SERVICIO DE SEGURIDAD Y VIGILANCIA,CUBSO,1.0,816180.24,PEN,Soles,36,Servicio,PE-SEACE3-UnidadMedida
ocds-dgv273-seacev3-1203238,ocds-dgv273-seacev3-1203238-2026-09-23T10:17:00.755466-05:00,1203238-20600226569,21244305,6,SERVICIO DE SEGURIDAD Y VIGILANCIA PARA EEA PICHANAKI,CONSENTIDO,active,9210150100094854,SERVICIO DE SEGURIDAD Y VIGILANCIA,CUBSO,1.0,460531.68,PEN,Soles,36,Servicio,PE-SEACE3-UnidadMedida
ocds-dgv273-seacev3-1203238,ocds-dgv273-seacev3-1203238-2026-09-23T10:17:00.755466-05:00,1203238-20600226569,21244306,7,SERVICIO DE SEGURIDAD Y VIGILANCIA PARA EEA PASCO,CONSENTIDO,active,9210150100094854,SERVICIO DE SEGURIDAD Y VIGILANCIA,CUBSO,1.0,562453.92,PEN,Soles,36,Servicio,PE-SEACE3-UnidadMedida
ocds-dgv273-seacev3-1203238,ocds-dgv273-seacev3-1203238-2026-09-23T10:17:00.755466-05:00,1203238-20600226569,21244309,10,SERVICIO DE SEGURIDAD Y VIGILANCIA PARA EEA CHUMBIBAMBA,CONSENTIDO,active,9210150100094854,SERVICIO DE SEGURIDAD Y VIGILANCIA,CUBSO,1.0,230265.84,PEN,Soles,36,Servicio,PE-SEACE3-UnidadMedida
ocds-dgv273-seacev3-1203238,ocds-dgv273-seacev3-1203238-2026-09-23T10:17:00.755466-05:00,1203238-20601319676,21244300,1,SERVICIO DE SEGURIDAD Y VIGILANCIA PARA BAÑOS DEL INCA,CONSENTIDO,active,9210150100094854,SERVICIO DE SEGURIDAD Y VIGILANCIA,CUBSO,1.0,1092000.0,PEN,Soles,36,Servicio,PE-SEACE3-UnidadMedida
ocds-dgv273-seacev3-1203238,ocds-dgv273-seacev3-1203238-2026-09-23T10:17:00.755466-05:00,1203238-20601319676,21244301,2,SERVICIO DE SEGURIDAD Y VIGILANCIA PARA EEA VIRÚ,CONSENTIDO,active,9210150100094854,SERVICIO DE SEGURIDAD Y VIGILANCIA,CUBSO,1.0,924000.0,PEN,Soles,36,Servicio,PE-SEACE3-UnidadMedida
ocds-dgv273-seacev3-1203238,ocds-dgv273-seacev3-1203238-2026-09-23T10:17:00.755466-05:00,1203238-20601319676,21244307,8,SERVICIO DE SEGURIDAD Y VIGILANCIA PARA EEA CHINCHA,CONSENTIDO,active,9210150100094854,SERVICIO DE SEGURIDAD Y VIGILANCIA,CUBSO,1.0,1008000.0,PEN,Soles,36,Servicio,PE-SEACE3-UnidadMedida
ocds-dgv273-seacev3-1203238,ocds-dgv273-seacev3-1203238-2026-09-23T10:17:00.755466-05:00,1203238-20601319676,21244308,9,SERVICIO DE SEGURIDAD Y VIGILANCIA PARA EEA DONOSO,CONSENTIDO,active,9210150100094854,SERVICIO DE SEGURIDAD Y VIGILANCIA,CUBSO,1.0,720000.0,PEN,Soles,36,Servicio,PE-SEACE3-UnidadMedida
ocds-dgv273-seacev3-1203238,ocds-dgv273-seacev3-1203238-2026-09-23T10:17:00.755466-05:00,1203238-20601319676,21244311,12,SERVICIO DE SEGURIDAD Y VIGILANCIA PARA EEA PERLA DEL VRAEM,CONSENTIDO,active,9210150100094854,SERVICIO DE SEGURIDAD Y VIGILANCIA,CUBSO,1.0,192960.0,PEN,Soles,36,Servicio,PE-SEACE3-UnidadMedida
ocds-dgv273-seacev3-1203238,ocds-dgv273-seacev3-1203238-2026-09-23T10:17:00.755466-05:00,1203238-20601319676,21244312,13,SERVICIO DE SEGURIDAD Y VIGILANCIA PARA EEA MOQUEGUA,CONSENTIDO,active,9210150100094854,SERVICIO DE SEGURIDAD Y VIGILANCIA,CUBSO,1.0,576000.0,PEN,Soles,36,Servicio,PE-SEACE3-UnidadMedida
ocds-dgv273-seacev3-1203238,ocds-dgv273-seacev3-1203238-2026-09-23T10:17:00.755466-05:00,1203238-20601319676,21244313,14,SERVICIO DE SEGURIDAD Y VIGILANCIA PARA EEA CANAÁN,CONSENTIDO,active,9210150100094854,SERVICIO DE SEGURIDAD Y VIGILANCIA,CUBSO,1.0,396000.0,PEN,Soles,36,Servicio,PE-SEACE3-UnidadMedida
ocds-dgv273-seacev3-1203238,ocds-dgv273-seacev3-1203238-2026-09-23T10:17:00.755466-05:00,1203238-20601319676,21244315,15,SERVICIO DE SEGURIDAD Y VIGILANCIA PARA EEA TACNA,CONSENTIDO,active,9210150100094854,SERVICIO DE SEGURIDAD Y VIGILANCIA,CUBSO,1.0,480000.0,PEN,Soles,36,Servicio,PE-SEACE3-UnidadMedida
ocds-dgv273-seacev3-1203238,ocds-dgv273-seacev3-1203238-2026-09-23T10:17:00.755466-05:00,1203238-20601319676,21244318,18,SERVICIO DE SEGURIDAD Y VIGILANCIA PARA EEA SAN BERNARNDO,CONSENTIDO,active,9210150100094854,SERVICIO DE SEGURIDAD Y VIGILANCIA,CUBSO,1.0,250176.0,PEN,Soles,36,Servicio,PE-SEACE3-UnidadMedida
ocds-dgv273-seacev3-1203238,ocds-dgv273-seacev3-1203238-2026-09-23T10:17:00.755466-05:00,1203238-20605447920,21244304,5,SERVICIO DE SEGURIDAD Y VIGILANCIA PARA EEA CANCHAN,CONSENTIDO,active,9210150100094854,SERVICIO DE SEGURIDAD Y VIGILANCIA,CUBSO,1.0,172000.0,PEN,Soles,36,Servicio,PE-SEACE3-UnidadMedida
ocds-dgv273-seacev3-1203238,ocds-dgv273-seacev3-1203238-2026-09-23T10:17:00.755466-05:00,1203238-20605511393,21244316,16,SERVICIO DE SEGURIDAD Y VIGILANCIA PARA EEA SAN RAMON,CONSENTIDO,active,9210150100094854,SERVICIO DE SEGURIDAD Y VIGILANCIA,CUBSO,1.0,513960.0,PEN,Soles,36,Servicio,PE-SEACE3-UnidadMedida
ocds-dgv273-seacev3-1203238,ocds-dgv273-seacev3-1203238-2026-09-23T10:17:00.755466-05:00,1203238-99999999999,21244307,8,SERVICIO DE SEGURIDAD Y VIGILANCIA PARA EEA CHINCHA,CONTRATADO,active,9210150100094854,SERVICIO DE SEGURIDAD Y VIGILANCIA,CUBSO,1.0,1008000.0,PEN,Soles,36,Servicio,PE-SEACE3-UnidadMedida
ocds-dgv273-seacev3-1203238,ocds-dgv273-seacev3-1203238-2026-09-23T10:17:00.755466-05:00,1203238-99999999999,21244308,9,SERVICIO DE SEGURIDAD Y VIGILANCIA PARA EEA DONOSO,CONTRATADO,active,9210150100094854,SERVICIO DE SEGURIDAD Y VIGILANCIA,CUBSO,1.0,720000.0,PEN,Soles,36,Servicio,PE-SEACE3-UnidadMedida
ocds-dgv273-seacev3-1203238,ocds-dgv273-seacev3-1203238-2026-09-23T10:17:00.755466-05:00,1203238-99999999999,21244310,11,SERVICIO DE SEGURIDAD Y VIGILANCIA PARA EEA AREQUIPA,CONTRATADO,active,9210150100094854,SERVICIO DE SEGURIDAD Y VIGILANCIA,CUBSO,1.0,793716.96,PEN,Soles,36,Servicio,PE-SEACE3-UnidadMedida
ocds-dgv273-seacev3-1203238,ocds-dgv273-seacev3-1203238-2026-09-23T10:17:00.755466-05:00,1203238-99999999999,21244300,1,SERVICIO DE SEGURIDAD Y VIGILANCIA PARA BAÑOS DEL INCA,CONTRATADO,active,9210150100094854,SERVICIO DE SEGURIDAD Y VIGILANCIA,CUBSO,1.0,1092000.0,PEN,Soles,36,Servicio,PE-SEACE3-UnidadMedida
ocds-dgv273-seacev3-1203238,ocds-dgv273-seacev3-1203238-2026-09-23T10:17:00.755466-05:00,1203238-99999999999,21244301,2,SERVICIO DE SEGURIDAD Y VIGILANCIA PARA EEA VIRÚ,CONTRATADO,active,9210150100094854,SERVICIO DE SEGURIDAD Y VIGILANCIA,CUBSO,1.0,924000.0,PEN,Soles,36,Servicio,PE-SEACE3-UnidadMedida
ocds-dgv273-seacev3-1203238,ocds-dgv273-seacev3-1203238-2026-09-23T10:17:00.755466-05:00,1203238-99999999999,21244303,4,SERVICIO DE SEGURIDAD Y VIGILANCIA PARA EEA LOS CEDROS,CONTRATADO,active,9210150100094854,SERVICIO DE SEGURIDAD Y VIGILANCIA,CUBSO,1.0,228360.0,PEN,Soles,36,Servicio,PE-SEACE3-UnidadMedida
ocds-dgv273-seacev3-1203238,ocds-dgv273-seacev3-1203238-2026-09-23T10:17:00.755466-05:00,1203238-99999999999,21244304,5,SERVICIO DE SEGURIDAD Y VIGILANCIA PARA EEA CANCHAN,CONTRATADO,active,9210150100094854,SERVICIO DE SEGURIDAD Y VIGILANCIA,CUBSO,1.0,172000.0,PEN,Soles,36,Servicio,PE-SEACE3-UnidadMedida
ocds-dgv273-seacev3-1203238,ocds-dgv273-seacev3-1203238-2026-09-23T10:17:00.755466-05:00,1203238-99999999999,21244311,12,SERVICIO DE SEGURIDAD Y VIGILANCIA PARA EEA PERLA DEL VRAEM,CONTRATADO,active,9210150100094854,SERVICIO DE SEGURIDAD Y VIGILANCIA,CUBSO,1.0,192960.0,PEN,Soles,36,Servicio,PE-SEACE3-UnidadMedida
ocds-dgv273-seacev3-1203238,ocds-dgv273-seacev3-1203238-2026-09-23T10:17:00.755466-05:00,1203238-99999999999,21244312,13,SERVICIO DE SEGURIDAD Y VIGILANCIA PARA EEA MOQUEGUA,CONTRATADO,active,9210150100094854,SERVICIO DE SEGURIDAD Y VIGILANCIA,CUBSO,1.0,576000.0,PEN,Soles,36,Servicio,PE-SEACE3-UnidadMedida
ocds-dgv273-seacev3-1203238,ocds-dgv273-seacev3-1203238-2026-09-23T10:17:00.755466-05:00,1203238-99999999999,21244313,14,SERVICIO DE SEGURIDAD Y VIGILANCIA PARA EEA CANAÁN,CONTRATADO,active,9210150100094854,SERVICIO DE SEGURIDAD Y VIGILANCIA,CUBSO,1.0,396000.0,PEN,Soles,36,Servicio,PE-SEACE3-UnidadMedida
ocds-dgv273-seacev3-1203238,ocds-dgv273-seacev3-1203238-2026-09-23T10:17:00.755466-05:00,1203238-99999999999,21244315,15,SERVICIO DE SEGURIDAD Y VIGILANCIA PARA EEA TACNA,CONTRATADO,active,9210150100094854,SERVICIO DE SEGURIDAD Y VIGILANCIA,CUBSO,1.0,480000.0,PEN,Soles,36,Servicio,PE-SEACE3-UnidadMedida
ocds-dgv273-seacev3-1203238,ocds-dgv273-seacev3-1203238-2026-09-23T10:17:00.755466-05:00,1203238-99999999999,21244316,16,SERVICIO DE SEGURIDAD Y VIGILANCIA PARA EEA SAN RAMON,ADJUDICADO,pending,9210150100094854,SERVICIO DE SEGURIDAD Y VIGILANCIA,CUBSO,1.0,576000.0,PEN,Soles,36,Servicio,PE-SEACE3-UnidadMedida
ocds-dgv273-seacev3-1203238,ocds-dgv273-seacev3-1203238-2026-09-23T10:17:00.755466-05:00,1203238-99999999999,21244317,17,SERVICIO DE SEGURIDAD Y VIGILANCIA PARA  EEA SAN ROQUE,CONSENTIDO,active,9210150100094854,SERVICIO DE SEGURIDAD Y VIGILANCIA,CUBSO,1.0,816180.24,PEN,Soles,36,Servicio,PE-SEACE3-UnidadMedida
ocds-dgv273-seacev3-1203238,ocds-dgv273-seacev3-1203238-2026-09-23T10:17:00.755466-05:00,1203238-99999999999,21244318,18,SERVICIO DE SEGURIDAD Y VIGILANCIA PARA EEA SAN BERNARNDO,CONTRATADO,active,9210150100094854,SERVICIO DE SEGURIDAD Y VIGILANCIA,CUBSO,1.0,250176.0,PEN,Soles,36,Servicio,PE-SEACE3-UnidadMedida
ocds-dgv273-seacev3-1203238,ocds-dgv273-seacev3-1203238-2026-09-23T10:17:00.755466-05:00,1203238-99999999999,21244319,19,SERVICIO DE SEGURIDAD Y VIGILANCIA PARA EEA AMAZONAS,CONTRATADO,active,9210150100094854,SERVICIO DE SEGURIDAD Y VIGILANCIA,CUBSO,1.0,399219.84,PEN,Soles,36,Servicio,PE-SEACE3-UnidadMedida
ocds-dgv273-seacev3-1203238,ocds-dgv273-seacev3-1203238-2026-09-23T10:17:00.755466-05:00,1203238-99999999999,21244302,3,SERVICIO DE SEGURIDAD Y VIGILANCIA EEA EL CHIRA,CONSENTIDO,active,9210150100094854,SERVICIO DE SEGURIDAD Y VIGILANCIA,CUBSO,1.0,441792.0,PEN,Soles,36,Servicio,PE-SEACE3-UnidadMedida
ocds-dgv273-seacev3-1203238,ocds-dgv273-seacev3-1203238-2026-09-23T10:17:00.755466-05:00,1203238-99999999999,21244306,7,SERVICIO DE SEGURIDAD Y VIGILANCIA PARA EEA PASCO,ADJUDICADO,pending,9210150100094854,SERVICIO DE SEGURIDAD Y VIGILANCIA,CUBSO,1.0,576000.0,PEN,Soles,36,Servicio,PE-SEACE3-UnidadMedida
ocds-dgv273-seacev3-1203238,ocds-dgv273-seacev3-1203238-2026-09-23T10:17:00.755466-05:00,1203238-99999999999,21244305,6,SERVICIO DE SEGURIDAD Y VIGILANCIA PARA EEA PICHANAKI,ADJUDICADO,pending,9210150100094854,SERVICIO DE SEGURIDAD Y VIGILANCIA,CUBSO,1.0,460531.68,PEN,Soles,36,Servicio,PE-SEACE3-UnidadMedida
ocds-dgv273-seacev3-1184766,ocds-dgv273-seacev3-1184766-2026-09-23T10:16:56.802672-05:00,1184766-20516765641,21195533,1,"CONTRATACIÓN DE PRESTACIONES NO EJECUTADAS DE UN CONTRATO RESUELTO DE LA OBRA ¿MEJORAMIENTO DE LOS SERVICIOS EDUCATIVOS DE LA I.E SANTA ROSA DE VITERBO EN EL DISTRITO DE HUARAZ, PROVINCIA DE HUARAZ, DEPARTAMENTO DE ANCASH"" CUI 2194968",CONTRATADO,active,7212140600233069,CONSTRUCCION DE CENTROS EDUCATIVOS,CUBSO,1.0,72176017.35,PEN,Nuevos Soles,40,Unidad,PE-SEACE3-UnidadMedida
ocds-dgv273-seacev3-2026-1234-1,ocds-dgv273-seacev3-2026-1234-1-2026-09-23T10:16:56.688458-05:00,1184914-20605245146,21195784,1,DIESEL B5 S50 UV,CONTRATADO,active,1510150500233280,DIESEL B5 S-50,CUBSO,24480.0,391680.0,PEN,Soles,13,Galon,PE-SEACE3-UnidadMedida
ocds-dgv273-seacev3-1214329,ocds-dgv273-seacev3-1214329-2026-09-18T10:23:18.446848-05:00,1214329-10164778105,21273064,1,SERVICIO DE ALQUILER DE INMUEBLE PARA LA OFICINA DEL JURADO ELECTORAL ESPECIAL DE CHICLAYO EN EL MARCO DE LAS ELECCIONES REGIONALES Y MUNICIPALES 2026,CONTRATADO,active,8013150200094959,SERVICIO DE ALQUILER DE INMUEBLE,CUBSO,1.0,75900.0,PEN,Soles,36,Servicio,PE-SEACE3-UnidadMedida
ocds-dgv273-seacev3-1215414,ocds-dgv273-seacev3-1215414-2026-09-18T10:23:18.304024-05:00,1215414-10285771175,21276609,1,SERVICIO DE ALQUILER DE INMUEBLE JEE DE HUAMANGA,CONTRATADO,active,8013150200094959,SERVICIO DE ALQUILER DE INMUEBLE,CUBSO,1.0,99000.0,PEN,Soles,36,Servicio,PE-SEACE3-UnidadMedida
ocds-dgv273-seacev3-1215821,ocds-dgv273-seacev3-1215821-2026-09-18T10:23:18.125939-05:00,1215821-10215486767,21277752,1,SERVICIO DE ALQUILER DE INMUEBLE PARA LA OFICINA DEL JURADO ELECTORAL ESPECIAL DE ICA EN EL MARCO DE LAS ELECCIONES REGIONALES Y MUNICIPALES 2026,CONTRATADO,active,8013150200094959,SERVICIO DE ALQUILER DE INMUEBLE,CUBSO,1.0,70633.33,PEN,Soles,36,Servicio,PE-SEACE3-UnidadMedida
ocds-dgv273-seacev3-1214536,ocds-dgv273-seacev3-1214536-2026-09-18T10:23:18.071333-05:00,1214536-10004911771,21273717,1,SERVICIO DE ALQUILER DE INMUEBLE PARA LA OFICINA DEL JURADO ELECTORAL ESPECIAL DE TACNA EN EL MARCO DE LAS ELECCIONES REGIONALES Y MUNICIPALES 2026,CONTRATADO,active,8013150200094959,SERVICIO DE ALQUILER DE INMUEBLE,CUBSO,1.0,116600.0,PEN,Soles,36,Servicio,PE-SEACE3-UnidadMedida
ocds-dgv273-seacev3-1215437,ocds-dgv273-seacev3-1215437-2026-09-18T10:23:07.544026-05:00,1215437-10008232046,21276630,1,SERVICIO DE ALQUILER DE INMUEBLE JEE DE MOYOBAMBA,CONTRATADO,active,8013150200094959,SERVICIO DE ALQUILER DE INMUEBLE,CUBSO,1.0,99000.0,PEN,Soles,36,Servicio,PE-SEACE3-UnidadMedida
ocds-dgv273-seacev3-1215341,ocds-dgv273-seacev3-1215341-2026-09-18T10:23:07.333917-05:00,1215341-10156463979,21276362,1,SERVICIO DE ALQUILER DE INMUEBLE JEE HUAURA,CONTRATADO,active,8013150200094959,SERVICIO DE ALQUILER DE INMUEBLE,CUBSO,1.0,85800.0,PEN,Soles,36,Servicio,PE-SEACE3-UnidadMedida
ocds-dgv273-seacev3-1214501,ocds-dgv273-seacev3-1214501-2026-09-18T10:23:07.237159-05:00,1214501-10079206682,21273558,1,SERVICIO DE ALQUILER DE INMUEBLE PARA LA OFICINA DEL JURADO ELECTORAL ESPECIAL DE CORONEL PORTILLO EN EL MARCO DE LAS ELECCIONES REGIONALES Y MUNICIPALES 2026,CONTRATADO,active,8013150200094959,SERVICIO DE ALQUILER DE INMUEBLE,CUBSO,1.0,99000.0,PEN,Soles,36,Servicio,PE-SEACE3-UnidadMedida
ocds-dgv273-seacev3-1214573,ocds-dgv273-seacev3-1214573-2026-09-18T10:23:07.223408-05:00,1214573-10103516574,21273845,1,ALQUILER DE INMUEBLE PARA EL JEE DE LIMA CENTRO - ERM 2026,CONTRATADO,active,8013150200094959,SERVICIO DE ALQUILER DE INMUEBLE,CUBSO,1.0,137500.0,PEN,Soles,36,Servicio,PE-SEACE3-UnidadMedida
ocds-dgv273-seacev3-1215442,ocds-dgv273-seacev3-1215442-2026-09-18T10:23:07.191195-05:00,1215442-10423259774,21276619,1,SERVICIO DE ALQUILER DE INMUEBLE JEE DE HUANCAVELICA,CONTRATADO,active,8013150200094959,SERVICIO DE ALQUILER DE INMUEBLE,CUBSO,1.0,88000.0,PEN,Soles,36,Servicio,PE-SEACE3-UnidadMedida
ocds-dgv273-seacev3-1214765,ocds-dgv273-seacev3-1214765-2026-09-18T10:22:56.230820-05:00,1214765-10334013257,21274178,1,SERVICIO DE ALQUILER DE INMUEBLE PARA LA OFICINA DEL JURADO ELECTORAL ESPECIAL DE CHACHAPOYAS EN EL MARCO DE LAS ELECCIONES REGIONALES Y MUNICIPALES 2026,CONTRATADO,active,8013150200094959,SERVICIO DE ALQUILER DE INMUEBLE,CUBSO,1.0,66000.0,PEN,Soles,40,Unidad,PE-SEACE3-UnidadMedida
ocds-dgv273-seacev3-1185714,ocds-dgv273-seacev3-1185714-2026-09-18T10:22:55.269747-05:00,1185714-20614446081,21199221,1,DIESEL B5 S-50,CONTRATADO,active,1510150500233280,DIESEL B5 S-50,CUBSO,63805.0,970000.0,PEN,Soles,13,Galon,PE-SEACE3-UnidadMedida
ocds-dgv273-seacev3-1185714,ocds-dgv273-seacev3-1185714-2026-09-18T10:22:55.269747-05:00,1185714-20614446081,21199222,2,GASOLINA REGULAR,CONTRATADO,active,1510150600390514,GASOLINA REGULAR,CUBSO,16195.0,242763.05,PEN,Soles,13,Galon,PE-SEACE3-UnidadMedida
ocds-dgv273-seacev3-1185683,ocds-dgv273-seacev3-1185683-2026-09-18T10:22:55.214873-05:00,1185683-20609345587,21197040,1,GASOHOL REGULAR,CONTRATADO,active,1510150600390516,GASOHOL REGULAR,CUBSO,7449.0,83264.17,PEN,Soles,13,Galon,PE-SEACE3-UnidadMedida
ocds-dgv273-seacev3-1185683,ocds-dgv273-seacev3-1185683-2026-09-18T10:22:55.214873-05:00,1185683-20609345587,21197041,2,DIESEL B5 S-50,CONTRATADO,active,1510150500233280,DIESEL B5 S-50,CUBSO,9513.0,115440.25,PEN,Soles,13,Galon,PE-SEACE3-UnidadMedida
ocds-dgv273-seacev3-1214602,ocds-dgv273-seacev3-1214602-2026-09-18T10:22:45.164822-05:00,1214602-10293259653,21273890,1,ALQUILER DE INMUEBLE PARA EL JEE DE AREQUIPA,CONTRATADO,active,8013150200094959,SERVICIO DE ALQUILER DE INMUEBLE,CUBSO,1.0,121000.0,PEN,Soles,36,Servicio,PE-SEACE3-UnidadMedida
ocds-dgv273-seacev3-1214564,ocds-dgv273-seacev3-1214564-2026-09-18T10:22:44.855252-05:00,1214564-10023883037,21273736,1,ALQUILER DE INMUEBLE PARA EL JEE DE ABANCAY - ERM 2026,CONTRATADO,active,8013150200094959,SERVICIO DE ALQUILER DE INMUEBLE,CUBSO,1.0,110000.0,PEN,Soles,36,Servicio,PE-SEACE3-UnidadMedida
ocds-dgv273-seacev3-1214556,ocds-dgv273-seacev3-1214556-2026-09-18T10:22:44.715861-05:00,1214556-10026134884,21273734,1,SERVICIO DE ALQUILER DE INMUEBLE PARA LA OFICINA DEL JURADO ELECTORAL ESPECIAL DE PIURA EN EL MARCO DE LAS ELECCIONES REGIONALES Y MUNICIPALES 2026,CONTRATADO,active,8013150200094959,SERVICIO DE ALQUILER DE INMUEBLE,CUBSO,1.0,73700.0,PEN,Soles,36,Servicio,PE-SEACE3-UnidadMedida
ocds-dgv273-seacev3-1215803,ocds-dgv273-seacev3-1215803-2026-09-18T10:22:44.550471-05:00,1215803-10074886758,21277725,1,SERVICIO DE ALQUILER DE INMUEBLE,CONTRATADO,active,8013150200094959,SERVICIO DE ALQUILER DE INMUEBLE,CUBSO,1.0,123880.0,PEN,Soles,36,Servicio,PE-SEACE3-UnidadMedida
ocds-dgv273-seacev3-1184422,ocds-dgv273-seacev3-1184422-2026-09-18T10:22:43.939430-05:00,1184422-20561239542,21194170,1,"EJECUCIÓN DE LA OBRA: ""MEJORAMIENTO DE LA CAPACIDAD DE LOS SERVICIOS DE LA GERENCIA SUBREGIONAL UTCUBAMBA, UNIDAD EJECUTORA N° 004, DISTRITO DE BAGUA GRANDE, PROVINCIA DE UTCUBAMBA, REGIÓN AMAZONAS - I ETAPA"" CUI N° 2193299",CONTRATADO,active,7212110100337690,CONSTRUCCION DE EDIFICIO ADMINISTRATIVO,CUBSO,1.0,8699561.0,PEN,Soles,40,Unidad,PE-SEACE3-UnidadMedida
ocds-dgv273-seacev3-1210569,ocds-dgv273-seacev3-1210569-2026-09-18T10:22:33.252107-05:00,1210569-20455005869,21262653,1,"ADQUISICION DE HOJUELAS DE CEREALES DE AVENA, QUINUA, KIWICHA Y CEBADA PRECOCIDA PARA EL PROGRAMA DE VASO DE LECHE DE LA MUNICIPALIDAD DISTRITAL DE YURA",CONTRATADO,active,5019210900391578,"HOJUELA DE AVENA, QUINUA Y KIWICHA PRECOCIDA ENRIQUECIDA CON VITAMINAS Y MINERALES",CUBSO,23904.0,174499.2,PEN,Soles,40,Unidad,PE-SEACE3-UnidadMedida
ocds-dgv273-seacev3-1190087,ocds-dgv273-seacev3-1190087-2026-09-18T10:22:32.782324-05:00,1190087-1767957,21208016,1,SERVICIO DE AFIRMADO,CONTRATADO,active,7214110600228293,SERVICIO DE AFIRMADO DE CAMINO DE ACCESO,CUBSO,1.0,1634000.0,PEN,Nuevos Soles,36,Servicio,PE-SEACE3-UnidadMedida
ocds-dgv273-seacev3-1250936,ocds-dgv273-seacev3-1250936-2026-09-18T10:22:29.321274-05:00,1250936-1833538,21371764,1,SUPERVISION,ADJUDICADO,pending,8110150800396703,SUPERVISION DE ELABORACION DE EXPEDIENTE TECNICO DE OBRA PARA AMPLIACION DE CENTROS EDUCATIVOS,CUBSO,1.0,185210.22,PEN,Soles,40,Unidad,PE-SEACE3-UnidadMedida
ocds-dgv273-seacev3-1214538,ocds-dgv273-seacev3-1214538-2026-09-18T10:22:23.072758-05:00,1214538-10405336826,21273635,1,SERVICIO DE ALQUILER DE INMUEBLE PARA LA OFICINA DEL JURADO ELECTORAL ESPECIAL DE MAYNAS EN EL MARCO DE LAS ELECCIONES REGIONALES Y MUNICIPALES 2026,CONTRATADO,active,8013150200094959,SERVICIO DE ALQUILER DE INMUEBLE,CUBSO,1.0,71500.0,PEN,Soles,36,Servicio,PE-SEACE3-UnidadMedida
ocds-dgv273-seacev3-1215580,ocds-dgv273-seacev3-1215580-2026-09-18T10:22:22.933621-05:00,1215580-10424298731,21277168,1,SERVICIO DE ALQUILER DE INMUEBLE JEE DE TRUJILLO,CONTRATADO,active,8013150200094959,SERVICIO DE ALQUILER DE INMUEBLE,CUBSO,1.0,119533.33,PEN,Soles,36,Servicio,PE-SEACE3-UnidadMedida
ocds-dgv273-seacev3-1214433,ocds-dgv273-seacev3-1214433-2026-09-18T10:22:22.758755-05:00,1214433-10425434115,21273398,1,SERVICIO DE ALQUILER DE INMUEBLE PARA LA OFICINA DEL JURADO ELECTORAL ESPECIAL DE MARISCAL NIETO EN EL MARCO DE LAS ELECCIONES REGIONALES Y MUNICIPALES 2026,CONSENTIDO,active,8013150200094959,SERVICIO DE ALQUILER DE INMUEBLE,CUBSO,1.0,115500.0,PEN,Soles,36,Servicio,PE-SEACE3-UnidadMedida
ocds-dgv273-seacev3-1214371,ocds-dgv273-seacev3-1214371-2026-09-18T10:22:22.592549-05:00,1214371-10266128822,21273073,1,SERVICIO DE ALQUILER DE INMUEBLE PARA LA OFICINA DEL JURADO ELECTORAL ESPECIAL DE CAJAMARCA EN EL MARCO DE LAS ELECCIONES REGIONALES Y MUNICIPALES 2026,CONTRATADO,active,8013150200094959,SERVICIO DE ALQUILER DE INMUEBLE,CUBSO,1.0,99000.0,PEN,Soles,36,Servicio,PE-SEACE3-UnidadMedida
ocds-dgv273-seacev3-1215478,ocds-dgv273-seacev3-1215478-2026-09-18T10:22:22.248989-05:00,1215478-10224942996,21276639,1,SERVICIO DE ALQUILER DE INMUEBLE JEE DE HUANUCO,CONTRATADO,active,8013150200094959,SERVICIO DE ALQUILER DE INMUEBLE,CUBSO,1.0,112200.0,PEN,Soles,36,Servicio,PE-SEACE3-UnidadMedida
ocds-dgv273-seacev3-2026-1545-1,ocds-dgv273-seacev3-2026-1545-1-2026-09-18T10:22:21.672582-05:00,1184738-20602296807,21195478,1,"MEJORAMIENTO Y AMPLIACION DEL SERVICIO DE AGUA POTABLE RURAL Y CREACION DEL SERVICIO DE ALCANTARILLADO U OTRAS FORMAS DE DISPOSICION SANITARIA DE EXCRETAS EN LA LOCALIDAD DE HUAYCHUNI DEL DISTRITO DE ICHUÑA DE LA PROVINCIA GENERAL SANCHEZ CERRO DEL DEPARTAMENTO DE MOQUEGUA, CON CUI N 2667440",CONTRATADO,active,7214112100368849,"AMPLIACION DE SISTEMA DE AGUA POTABLE , ALCANTARILLADO Y PLANTA DE TRATAMIENTO DE AGUAS RESIDUALES",CUBSO,1.0,1405142.74,PEN,Soles,36,Servicio,PE-SEACE3-UnidadMedida
ocds-dgv273-seacev3-2026-422-15,ocds-dgv273-seacev3-2026-422-15-2026-09-18T10:22:21.375500-05:00,1185700-20455403759,21199194,1,ADQUISICION DE LECHE EVAPORADA PARA ATENDER A 996 BENEFICIARIOS DEL PROGRAMA DE VASO DE LECHE DE LA MUNICIPALIDAD DISTRITAL DE YURA,CONTRATADO,active,5013170200307453,LECHE EVAPORADA ENTERA X 400 g  APROX.,CUBSO,47808.0,196012.8,PEN,Soles,40,Unidad,PE-SEACE3-UnidadMedida
ocds-dgv273-seacev3-1214402,ocds-dgv273-seacev3-1214402-2026-09-18T10:22:10.761653-05:00,1214402-15140349604,21273314,1,SERVICIO DE ALQUILER DE INMUEBLE PARA LA OFICINA DEL JURADO ELECTORAL ESPECIAL DE HUANCAYO EN EL MARCO DE LAS ELECCIONES REGIONALES Y MUNICIPALES 2026,CONTRATADO,active,8013150200094959,SERVICIO DE ALQUILER DE INMUEBLE,CUBSO,1.0,121000.0,PEN,Soles,36,Servicio,PE-SEACE3-UnidadMedida
ocds-dgv273-seacev3-1214419,ocds-dgv273-seacev3-1214419-2026-09-18T10:22:10.642971-05:00,1214419-10040578949,21273328,1,SERVICIO DE ALQUILER DE INMUEBLE PARA LA OFICINA DEL JURADO ELECTORAL ESPECIAL DE PASCO EN EL MARCO DE LAS ELECCIONES REGIONALES Y MUNICIPALES 2026,CONTRATADO,active,8013150200094959,SERVICIO DE ALQUILER DE INMUEBLE,CUBSO,1.0,84700.0,PEN,Soles,36,Servicio,PE-SEACE3-UnidadMedida
ocds-dgv273-seacev3-1184613,ocds-dgv273-seacev3-1184613-2026-09-17T10:19:21.455014-05:00,1184613-1762791,21195217,1,"CONTRATACIÓN PARA LA EJECUCIÓN DE LA OBRA: ¿MEJORAMIENTO DEL SERVICIO DE PROVISIÓN DE AGUA PARA RIEGO EN LAS LOCALIDADES DE PUTINZA, DISTRITO DE PUTINZA DE LA PROVINCIA DE YAUYOS DEL DEPARTAMENTO DE LIMA",CONTRATADO,active,7212120300364491,AMPLIACION DE CANALES DE RIEGO,CUBSO,1.0,12183169.35,PEN,Soles,25,M2,PE-SEACE3-UnidadMedida
ocds-dgv273-seacev3-1184703,ocds-dgv273-seacev3-1184703-2026-09-17T10:19:21.082535-05:00,1184703-1763415,21195457,1,"SUPERVISION DE LA OBRA ¿CREACION DEL SERVICIO DE PROVISIÓN DE AGUA PARA RIEGO EN LAS LOCALIDADES DE IBILLA, CHAUPILOMA, UNCA HUAYCCO, CHILCAPAMPA, CHAMANAPAMPA, CCOCHAPATA, CHAUPILOMA, TIPINAYOC DEL DISTRITO DE SURCUBAMBA DE LA PROVINCIA DE TAYACAJA",CONTRATADO,active,8110151500336401,SUPERVISION DE OBRA DE CONSTRUCCION DE CANALES DE CONDUCCION DE AGUAS,CUBSO,1.0,180156.85,PEN,Soles,36,Servicio,PE-SEACE3-UnidadMedida
ocds-dgv273-seacev3-1184475,ocds-dgv273-seacev3-1184475-2026-09-17T10:19:20.959120-05:00,1184475-20532556121,21194377,1,SUPERVISIÓN Y LIQUIDACIÓN DEL SALDO DE OBRA: MEJORAMIENTO Y AMPLIACIÓN DEL SERVICIO DE SIEMBRA Y COSECHA DE AGUA EN EL ANEXO DE QUICHINIHUAYA DEL DISTRITO DE YARABAMBA,CONTRATADO,active,8110150700336407,SUPERVISION DE OBRA DE CONSTRUCCION DE REPRESAS,CUBSO,1.0,1151573.3,PEN,Soles,36,Servicio,PE-SEACE3-UnidadMedida
ocds-dgv273-seacev3-1185159,ocds-dgv273-seacev3-1185159-2026-09-17T10:19:09.849016-05:00,1185159-1767994,21196574,01,"CONTRATACIÓN PARA LA EJECUCIÓN DE SALDO DE OBRA: INSTALACION DE SISTEMA DE ABASTECIMIENTO DE AGUA POTABLE Y LETRINAS EN LAS COMUNIDADES DE CHOQUESANI, COLQUEMARCA, CACHUYO SOLLOCOTAÑA Y SECTORES ALEDAÑAS DEL DISTRITO DE ORURILLO, PROVINCIA DE MELGAR",CONTRATADO,active,7214112100356655,CONSTRUCCION DE SISTEMA DE AGUA POTABLE Y LETRINAS SANITARIAS,CUBSO,1.0,7202270.55,PEN,Soles,36,Servicio,PE-SEACE3-UnidadMedida
ocds-dgv273-seacev3-2026-10352-1,ocds-dgv273-seacev3-2026-10352-1-2026-09-16T10:18:59.300666-05:00,1185175-20600979630,21196628,1,"ADQUISICIÓN DE COMBUSTIBLE DIESEL B5 S-50 PARA EL ABASTECIMIENTO DE MAQUINARIA PESADA EN EL PLAN DE ACTIVIDADES DE LIMPIEZA, DESBROCE Y DESCOLMATACIÓN DEL DREN SECHURA DESDE EL KM 0+000 HASTA EL KM 57+284.22",CONTRATADO,active,1510150500233280,DIESEL B5 S-50,CUBSO,31054.0,398000.0,PEN,Soles,13,Galon,PE-SEACE3-UnidadMedida
ocds-dgv273-seacev3-1184897,ocds-dgv273-seacev3-1184897-2026-09-13T12:05:37.258337-05:00,1184897-1762623,21195754,1,CONTRATACIÓN PARA LA EJECUCIÓN DE LA OBRA: ¿CREACIÓN DE LOS SERVICIOS OPERATIVOS O MISIONALES INSTITUCIONALES EN LA EDIFICACIÓN DE LA MUNICIPALIDAD DEL   DISTRITO DE CONSTITUCIÓN DE LA PROVINCIA DE OXAPAMPA DEL DEPARTAMENTO DE PASCO CUI N° 2595200¿,CONTRATADO,active,7212110100233079,CONSTRUCCION DE PALACIO MUNICIPAL,CUBSO,1.0,3680971.55,PEN,Soles,36,Servicio,PE-SEACE3-UnidadMedida
ocds-dgv273-seacev3-2026-1295-10,ocds-dgv273-seacev3-2026-1295-10-2026-09-13T12:05:26.334745-05:00,1185825-20570527755,21197229,1,CREACION DEL SERVICIO DE HABILITACION INSTITUCIONAL EN EL LOCAL MUNICIPAL DEL CENTRO POBLADO CORRAL DE PIEDRA DEL DISTRITO DE SALAS  PROVINCIA DE LAMBAYEQUE  DEPARTAMENTO DE LAMBAYEQUE CORRAL DE PIEDRA DEL DISTRITO DE SALAS - PROVINCIA DE LAMBAYEQUE  DEPARTAMENTO DE LAMBAYEQUE CUI 2562807,CONTRATADO,active,7212110100233077,CONSTRUCCION DE LOCAL COMUNAL,CUBSO,1.0,324280.35,PEN,Soles,40,Unidad,PE-SEACE3-UnidadMedida
ocds-dgv273-seacev3-1242638,ocds-dgv273-seacev3-1242638-2026-09-13T12:05:19.754778-05:00,1242638-1822521,21350906,1,CONTRATACION DE LA CONSULTORIA PARA LA SUPERVISION DE OBRA: MEJORAMIENTO DEL SERVICIO DE MOVILIDAD EN LA AV. LIMA TRAMO: LIMITE PROVINCIAL DEL CALLAO HASTA AV. JOSE GRANDA EN EL DISTRITO DE SAN MARTIN DE PORRES CUI N° 2587304,CONTRATADO,active,8110151000336392,SUPERVISION DE OBRA DE CONSTRUCCION DE CARRETERAS CON PAVIMENTOS ASFALTICOS O CONCRETO,CUBSO,1.0,680225.92,PEN,Soles,36,Servicio,PE-SEACE3-UnidadMedida
ocds-dgv273-seacev3-1185698,ocds-dgv273-seacev3-1185698-2026-09-13T12:05:14.759136-05:00,1185698-1764593,21199191,1,EJECUCIÓN DE LA OBRA: MEJORAMIENTO Y AMPLIACION DEL SERVICIO DE PRÁCTICA DEPORTIVA Y/O RECREATIVA EN LA I.E SAN ANTONIO DE PADUA DISTRITO DE CASCA DE LA PROVINCIA DE MARISCAL LUZURIAGA DEL DEPARTAMENTO DE ANCASH¿ con código de inversión N° 2692152,CONTRATADO,active,7215310200351760,REMODELACION DE PLATAFORMA DEPORTIVA,CUBSO,1.0,1204133.29,PEN,Soles,36,Servicio,PE-SEACE3-UnidadMedida
ocds-dgv273-seacev3-2026-999-3,ocds-dgv273-seacev3-2026-999-3-2026-09-13T12:05:03.375062-05:00,1184886-1763938,21195668,1,"EJECUCION DE SALDO DE PROYECTO: CREACION DE LOS SERVICIOS DEPORTIVOS DEL ESTADIO MUNICIPAL EN LA LOCALIDAD DE CEBADA LOMA DEL DISTRITO DE CHAGLLA - PROVINCIA DE PACHITEA - DEPARTAMENTO DE HUANUCO, CON CUI N° 2518339 - ETAPA I",CONTRATADO,active,7212140800233126,CONSTRUCCION DE ESTADIOS DEPORTIVOS,CUBSO,1.0,1938620.68,PEN,Soles,36,Servicio,PE-SEACE3-UnidadMedida
ocds-dgv273-seacev3-2026-1295-11,ocds-dgv273-seacev3-2026-1295-11-2026-09-13T12:04:52.008815-05:00,1185839-1765080,21199372,1,"MEJORAMIENTO DEL SERVICIO DE HABILITACION INSTITUCIONAL EN EL LOCAL MUNICIPAL DEL CENTRO POBLADO COLAYA DISTRITO DE SALAS DE LA PROVINCIA DE LAMBAYEQUE DEL DEPARTAMENTO DE LAMBAYEQUE, CUI 2691829",CONTRATADO,active,7212110300336417,REMODELACION DE LOCAL COMUNAL,CUBSO,1.0,356607.09,PEN,Soles,40,Unidad,PE-SEACE3-UnidadMedida
ocds-dgv273-seacev3-1184529,ocds-dgv273-seacev3-1184529-2026-09-13T12:04:29.458628-05:00,1184529-20607753467,21194646,1,"SERVICIO DE CATERING, HOTELERÍA Y MANTENIMIENTO DE EQUIPOS E INFRAESTRUCTURA DEL CAMPAMENTO ANDOAS ¿ LOTE 192",CONTRATADO,active,8014160700228156,SERVICIO DE CATERING,CUBSO,1.0,6345387.77,PEN,Soles,36,Servicio,PE-SEACE3-UnidadMedida
ocds-dgv273-seacev3-1184650,ocds-dgv273-seacev3-1184650-2026-09-13T12:04:29.425951-05:00,1184650-1762422,21195274,1,EJECUCIÓN DE LA OBRA: ¿RENOVACIÓN DE CALZADA O PISTA; EN EL (LA) AV. CIRCUNVALACIÓN (TRAMO COMPRENDIDO ENTRE LA AV. AMPLIACIÓN HASTA LA AV. LA MAR SUR ESTE) Y LA AV. MAR SUR ESTE (TRAMO COMPRENDIDO ENTRE LA AV. CIRCUNVALACIÓN Y LA AV. FERNANDO WIESSE,CONTRATADO,active,7214100300342329,MEJORAMIENTO DE PISTAS Y VEREDAS,CUBSO,1.0,4588200.44,PEN,Soles,36,Servicio,PE-SEACE3-UnidadMedida
ocds-dgv273-seacev3-1186085,ocds-dgv273-seacev3-1186085-2026-09-10T10:20:23.069866-05:00,1186085-1764315,21197479,1,"MEJORAMIENTO DEL SERVICIO DER MOVILIDAD URBANA EN LAS CALLES HUANUCO, ROSALES, PRECURSORES, LOS GUERREROS, HUASCARAN Y DEL PASAJE A DEL AA.HH. ALBERTO PORTELLA CASTILLO DEL DISTRITO DE CASMA DE LA PROVINCIA DE CASMA DEL DEAPARTAMENTO DE ANCASH, CUI N°2606494",CONTRATADO,active,7214100300342329,MEJORAMIENTO DE PISTAS Y VEREDAS,CUBSO,1.0,2773112.8,PEN,Soles,25,M2,PE-SEACE3-UnidadMedida
ocds-dgv273-seacev3-1247575,ocds-dgv273-seacev3-1247575-2026-09-09T10:24:35.882535-05:00,1247575-20525183778,21363607,1,"SERVICIO DE TRANSPORTE DE CARGA  A NIVEL NACIONAL - DESPLIEGUE DE MATERIAL ELECTORAL, EQUIPOS INFORMATICOS ELECTORALES E IMPLEMENTOS PARA TALLER Y CAPACITACION - EG 2026",CONTRATADO,active,7810180200232499,SERVICIO DE TRANSPORTE DE CARGA TERRESTRE NACIONAL,CUBSO,1.0,2299401.49,PEN,Soles,36,Servicio,PE-SEACE3-UnidadMedida
ocds-dgv273-seacev3-1205782,ocds-dgv273-seacev3-1205782-2026-09-09T10:23:54.101914-05:00,1205782-10106570278,21250224,1,ARQUEÓLOGO DEL PLAN DE MONITOREO ARQUEOLÓGICO (PMA) DEL PROYECTO:¿MEJORAMIENTO DEL SERVICIO DE AGUA A NIVEL PARCELARIO CON UN SISTEMA DE RIEGO TECNIFICADO PARA EL GRUPO DE GESTIÓN EMPRESARIAL SANTA ROSA DE PINCO EN EL CENTRO POBLADO SANTA ROSA DE PIN,CONTRATADO,active,8010150500375320,SERVICIO DE ASISTENCIA TECNICA PARA IMPLEMENTAR EL PLAN DE MONITOREO ARQUEOLOGICO,CUBSO,1.0,28000.0,PEN,Soles,36,Servicio,PE-SEACE3-UnidadMedida
ocds-dgv273-seacev3-1184761,ocds-dgv273-seacev3-1184761-2026-09-09T10:23:42.687481-05:00,1184761-10176407471,21195510,1,CONSTRUCCION DE CARRETERA,CONTRATADO,active,7214110600360065,CONSTRUCCION DE CAMINO VECINAL,CUBSO,1.0,598927.27,PEN,Soles,40,Unidad,PE-SEACE3-UnidadMedida
ocds-dgv273-seacev3-1185208,ocds-dgv273-seacev3-1185208-2026-09-07T10:14:48.969321-05:00,1185208-1765043,21196650,1,"SUPERVISION DE OBRA: ""AMPLIACION DEL SERVICIO DE SEGURIDAD CIUDADANA LOCAL EN ENTORNO DE SERENAZGO SIN FRONTERAS, DISTRITO DE CALLAO, DE LA PROVINCIA CONSTITUCIONAL DEL CALLAO, DEL DEPARTAMENTO DE CALLAO (CENTRAL DE MONITOREO C2)¿ con CUI N°2679221",CONTRATADO,active,8110150800354705,SUPERVISION DE OBRA DE CONSTRUCCION DE INFRAESTRUCTURA DE SEGURIDAD Y VIGILANCIA,CUBSO,1.0,158583.14,PEN,Soles,36,Servicio,PE-SEACE3-UnidadMedida
ocds-dgv273-seacev3-2026-1235-2,ocds-dgv273-seacev3-2026-1235-2-2026-09-07T10:14:28.177764-05:00,1185664-1765420,21199177,1,"CONTRATACION PARA LA EJECUCION DE LA OBRA: IOARR ¿CONSTRUCCIÓN DE SISTEMA DE TRATAMIENTO DE AGUAS RESIDUALES; EN EL(LA) SANEAMIENTO EN EL CENTRO POBLADO COCHACARA, DISTRITO DE HUANCASPATA, PROVINCIA PATAZ, DEPARTAMENTO LA LIBERTAD¿, CON CUI N° 2709116",CONTRATADO,active,7212150500376052,CONSTRUCCION DE PLANTA DE TRATAMIENTO DE AGUAS RESIDUALES,CUBSO,1.0,305124.42,PEN,Soles,36,Servicio,PE-SEACE3-UnidadMedida
ocds-dgv273-seacev3-1247014,ocds-dgv273-seacev3-1247014-2026-09-05T13:36:57.365372-05:00,1247014-10712851037,21362434,1,SERVICIO DE APOYO EN LA GESTIÓN ADMINISTRATIVA PARA LA COORDINACIÓN EJECUTIVA DE LA UNIDAD EJECUTORA 003: FOMENTO Y GESTIÓN SOSTENIBLE DE LA PRODUCCIÓN FORESTAL EN EL PERÚ ¿ SERFOR,CONSENTIDO,active,8610180700229252,ESPECIALIZACION EN ASISTENTE EN GESTION ADMINISTRATIVA,CUBSO,1.0,27000.0,PEN,Soles,36,Servicio,PE-SEACE3-UnidadMedida
ocds-dgv273-seacev3-2026-2409-49,ocds-dgv273-seacev3-2026-2409-49-2026-09-05T13:36:26.798058-05:00,1185958-10421556917,21197296,1,SERVICIO DE GESTIÓN TEMPRANA PARA EL AÑO 2025-2026,ADJUDICADO,pending,8012161000392698,SERVICIO DE COBRANZAS COACTIVAS TELEFONICA Y VIRTUALMENTE,CUBSO,1.0,690120.0,PEN,Soles,36,Servicio,PE-SEACE3-UnidadMedida
ocds-dgv273-seacev3-1185163,ocds-dgv273-seacev3-1185163-2026-09-05T13:35:53.243611-05:00,1185163-20611978228,21196599,1,"SERVICIO DE MODULADO, ROTULADO, RECOJO, TRASLADO, DISTRIBUCION Y REDISTRIBUCION DE MATERIAL EDUCATIVO Y FUNGIBLE PARA LAS INSTITUCIONES Y PROGRAMAS EDUCATIVOS PUBLICOS  2026",CONTRATADO,active,7814150100232661,SERVICIO DE TRANSPORTE DE TEXTOS ESCOLARES Y MATERIAL EDUCATIVO,CUBSO,1.0,199409.43,PEN,Soles,36,Servicio,PE-SEACE3-UnidadMedida
ocds-dgv273-seacev3-1185911,ocds-dgv273-seacev3-1185911-2026-09-04T13:58:05.505788-05:00,1185911-1765128,21199456,1,"CONTRATACIÓN PARA LA EJECUCIÓN DE OBRA DE LA IOARR ¿RENOVACION DE AULA; EN EL (LA) I.E. 64176-B EN EL CENTRO POBLADO SAN BERNARDO, DISTRITO DE PURUS, PROVINCIA DE PURUS, DEPARTAMENTO DE UCAYALI¿ CUI N° 2703312",CONTRATADO,active,7212140600233068,REMODELACION DE INFRAESTRUCTURA DE CENTROS EDUCATIVOS,CUBSO,1.0,322530.88,PEN,Soles,40,Unidad,PE-SEACE3-UnidadMedida
ocds-dgv273-seacev3-1184595,ocds-dgv273-seacev3-1184595-2026-09-03T10:50:53.090462-05:00,1184595-1762727,21195048,01,CONSTRUCCION DE CANALES DE RIEGO,CONTRATADO,active,7212120300233023,CONSTRUCCION DE CANALES DE RIEGO,CUBSO,1.0,542605.62,PEN,Soles,36,Servicio,PE-SEACE3-UnidadMedida
ocds-dgv273-seacev3-2026-614-2,ocds-dgv273-seacev3-2026-614-2-2026-09-03T10:50:53.071410-05:00,1185464-1764518,21198961,1,"EJECUCION DE LA OBRA CREACION DEL SERVICIO DE MOVILIDAD URBANA EN LA ZONA URBANA I DE EL MOLINO, SECTOR 22 - SAMANACRUZ,   DISTRITO DE CAJAMARCA DE LA PROVINCIA DE CAJAMARCA DEL DEPARTAMENTO DE CAJAMARCA",CONTRATADO,active,7214100100392916,SERVICIO DE CONSTRUCCION DE PISTAS Y VEREDAS,CUBSO,1.0,4573912.99,PEN,Soles,36,Servicio,PE-SEACE3-UnidadMedida
ocds-dgv273-seacev3-2026-1320-13,ocds-dgv273-seacev3-2026-1320-13-2026-09-03T10:50:35.674070-05:00,1185966-1770317,21197313,1,"EJECUCION DE OBRA: MEJORAMIENTO DEL SERVICIO DE MOVILIDAD URBANA EN LA AV. LA FONTANA DISTRITO DE LA MOLINA, DE LA PROVINCIA DE LIMA, DEL DEPARTAMENTO DE LIMA - CUI N 2701695.",CONTRATADO,active,7214100100233103,CONSTRUCCION DE CALLES CON PAVIMENTO,CUBSO,1.0,4714502.84,PEN,Soles,40,Unidad,PE-SEACE3-UnidadMedida
ocds-dgv273-seacev3-2026-775-2,ocds-dgv273-seacev3-2026-775-2-2026-09-03T10:49:23.245647-05:00,1185244-20601638135,21196674,1,COMBUSTIBLE (DIESEL - GASOHOL),CONTRATADO,active,,,,7390.0,134350.2,PEN,Soles,40,Unidad,PE-SEACE3-UnidadMedida
ocds-dgv273-seacev3-1185834,ocds-dgv273-seacev3-1185834-2026-08-30T10:02:47.599381-05:00,1185834-20486604876,21197254,1,CONSTRUCCION DE INFRAESTRUCTURA DE SALUD,CONTRATADO,active,7212140300233065,CONSTRUCCION DE INFRAESTRUCTURA DE SALUD,CUBSO,1.0,1251597.09,PEN,Soles,36,Servicio,PE-SEACE3-UnidadMedida
ocds-dgv273-seacev3-2026-1922-6,ocds-dgv273-seacev3-2026-1922-6-2026-08-30T10:02:47.556174-05:00,1185816-20536000934,21199369,1,Servicio de limpieza de oficinas administrativas,CONTRATADO,active,7611150100390420,SERVICIO DE LIMPIEZA DE AREAS ADMINISTRATIVAS U OFICINAS.,CUBSO,1.0,1874620.39,PEN,Soles,36,Servicio,PE-SEACE3-UnidadMedida
ocds-dgv273-seacev3-1185032,ocds-dgv273-seacev3-1185032-2026-08-30T10:02:36.630142-05:00,1185032-20605122397,21196138,1,CEMENTO PORTLAND TIPO HS X 42.50 kg,CONTRATADO,active,3011160100337727,CEMENTO PORTLAND TIPO HS X 42.50 kg,CUBSO,425000.0,314400.0,PEN,Soles,18,Kilogramo,PE-SEACE3-UnidadMedida
ocds-dgv273-seacev3-2026-200537-19,ocds-dgv273-seacev3-2026-200537-19-2026-08-30T10:02:36.616365-05:00,1185448-20604554846,21196897,1,SERVICIO DE SEGURIDAD Y VIGILANCIA,CONTRATADO,active,9210150100094854,SERVICIO DE SEGURIDAD Y VIGILANCIA,CUBSO,1.0,160124.64,PEN,Soles,36,Servicio,PE-SEACE3-UnidadMedida
ocds-dgv273-seacev3-1184855,ocds-dgv273-seacev3-1184855-2026-08-29T10:11:06.402188-05:00,1184855-1763634,21195681,1,"EJECUCION DE LA IOARR: ""CONSTRUCCION DE MURO DE CONTENCION; EN EL (LA) PLANTA DE TRATAMIENTO DE AGUAS RESIDUALES - PTAR DEL SISTEMA DE ALCANTARILLADO SANITARIO DE LA LOCALIDAD DE PUCHKA, DISTRITO DE UCO, PROVINCIA DE HUARI - DEPARTAMENTO DE ANCASH"".",CONTRATADO,active,7215270700228223,CONSTRUCCION DE MUROS DE CONTENCION,CUBSO,1.0,576780.33,PEN,Soles,40,Unidad,PE-SEACE3-UnidadMedida
ocds-dgv273-seacev3-1244136,ocds-dgv273-seacev3-1244136-2026-08-29T10:10:47.215744-05:00,1244136-20513880465,21354977,1,"CONTRATACIÓN PARA LA SELECCIÓN DE LA EMPRESA PRIVADA SUPERVISORA PARA EL PROYECTO ""MEJORAMIENTO Y AMPLIACIÓN DEL SERVICIO DE EDUCACIÓN INICIAL EN I.E. 459 CENTRO POBLADO SEPAHUA DISTRITO DE SEPAHUA PROVINCIA DE ATALAYA DEL DEPARTAMENTO DE UCAYALI""",CONTRATADO,active,7212140600233069,CONSTRUCCION DE CENTROS EDUCATIVOS,CUBSO,1.0,240215.71,PEN,Soles,36,Servicio,PE-SEACE3-UnidadMedida
ocds-dgv273-seacev3-1190013,ocds-dgv273-seacev3-1190013-2026-08-28T10:30:20.750951-05:00,1190013-1767968,21207657,1,"EJECUCIÓN DE OBRA: MEJORAMIENTO DEL SERVICIO DE MOVILIDAD URBANA EN EL JR. CENTENARIO DISTRITO DE LA MOLINA, DE LA PROVINCIA DE LIMA, DEL DEPARTAMENTO DE LIMA - CUI N 2701703.",CONTRATADO,active,7214100100233103,CONSTRUCCION DE CALLES CON PAVIMENTO,CUBSO,1.0,4536832.13,PEN,Soles,40,Unidad,PE-SEACE3-UnidadMedida
ocds-dgv273-seacev3-2026-1868-2,ocds-dgv273-seacev3-2026-1868-2-2026-08-28T10:29:57.736977-05:00,1185417-20606030232,21198942,1,ADQUISICION DE ALIMENTOS PARA EL PVL 2026,CONTRATADO,active,,,,44365.79,245934.66,PEN,Soles,40,Unidad,PE-SEACE3-UnidadMedida
ocds-dgv273-seacev3-1207694,ocds-dgv273-seacev3-1207694-2026-08-28T10:29:50.104236-05:00,1207694-1823419,21254880,1,"CONTRATACIÓN PARA LA SELECCIÓN DE LA EMPRESA PRIVADA PARA EL FINANCIAMIENTO, ELABORACIÓN DEL EXPEDIENTE TÉCNICO, EJECUCIÓN DE OBRA Y LIQUIDACIÓN DE LA INVERSIÓN Y FINANCIAMIENTO DE LA SUPERVISIÓN Y LIQUIDACIÓN DEL PROYECTO DE INVERSIÓN DENOMINADO: ME",CONSENTIDO,active,7212140600233069,CONSTRUCCION DE CENTROS EDUCATIVOS,CUBSO,1.0,6911190.92,PEN,Soles,40,Unidad,PE-SEACE3-UnidadMedida
ocds-dgv273-seacev3-1184341,ocds-dgv273-seacev3-1184341-2026-08-28T10:29:12.181563-05:00,1184341-1760956,21193807,1,EJECUCIÓN DE OBRA: ¿MEJORAMIENTO DEL SERVICIO DE ATENCIÓN Y PROMOCIÓN DE LAS FAMILIAS EN COCINAS MEJORADAS DE CENTRO POBLADA COYUNDE PALMA DISTRITO DE CHUGUR DE LA PROVINCIA DE HUALGAYOC DEL DEPARTAMENTO DE CAJAMARCA ¿ CUI: 2588289¿,CONTRATADO,active,7215360500233107,REMODELACION DE COCINA,CUBSO,117.0,1586566.58,PEN,Soles,40,Unidad,PE-SEACE3-UnidadMedida
ocds-dgv273-seacev3-2026-200433-12,ocds-dgv273-seacev3-2026-200433-12-2026-08-26T10:29:01.229980-05:00,1184883-1767008,21195662,1,CONTRATACIÓN DE SERVICIO DE LIMPIEZA INTEGRAL Y DESINFECCIÓN DE LAS SEDES DEL MINISTERIO PÚBLICO GERENCIA ADMINISTRATIVA DE AREQUIPA,CONTRATADO,active,7210210300225338,SERVICIO DE FUMIGACION Y DESINFECCION DE LOCALES,CUBSO,1.0,4046670.0,PEN,Soles,36,Servicio,PE-SEACE3-UnidadMedida
ocds-dgv273-seacev3-1185406,ocds-dgv273-seacev3-1185406-2026-08-26T10:28:50.153694-05:00,1185406-20531302321,21196874,1,"Mejoramiento del servicio de educación inicial en I.E. 547 Santa Rosa de centro poblado Santa Rosa distrito de Manseriche de la provincia de Datem del Marañón del departamento de Loreto¿, CUI: 2675537",CONTRATADO,active,7212140600233069,CONSTRUCCION DE CENTROS EDUCATIVOS,CUBSO,1.0,1319926.82,PEN,Soles,36,Servicio,PE-SEACE3-UnidadMedida
ocds-dgv273-seacev3-2026-1003013323-5,ocds-dgv273-seacev3-2026-1003013323-5-2026-08-23T10:34:10.993180-05:00,1185071-20603884532,21196176,1,"SERVICIO DE LIMPIEZA DE AREAS ADMINISTRATIVAS, OFICINAS Y JARDINES DE LA ACFFAA.",CONTRATADO,active,7611150100390420,SERVICIO DE LIMPIEZA DE AREAS ADMINISTRATIVAS U OFICINAS.,CUBSO,1.0,225074.4,PEN,Soles,36,Servicio,PE-SEACE3-UnidadMedida
ocds-dgv273-seacev3-2026-1062-10,ocds-dgv273-seacev3-2026-1062-10-2026-08-22T10:44:02.750803-05:00,1184483-1767350,21194395,1,"EJECUCIÓN DE OBRA: CONSTRUCCION DE COBERTURA DE INSTALACIONES DEPORTIVAS Y SISTEMA DE SUMINISTRO ELECTRICO; EN EL(LA) ESTADIO MUNICIPAL FELIX PENAGOS AVALOS DEL CC.PP BERNALES DISTRITO DE HUMAY, PROVINCIA PISCO, DEPARTAMENTO ICA, CUI N° 2691109.",CONTRATADO,active,7215260500367813,CONSTRUCCION DE COBERTURA CON PLANCHA METALICA PARA CAMPO DEPORTIVO,CUBSO,1.0,1657228.82,PEN,Soles,36,Servicio,PE-SEACE3-UnidadMedida
ocds-dgv273-seacev3-1184920,ocds-dgv273-seacev3-1184920-2026-08-22T10:43:06.743846-05:00,1184920-20601085845,21195755,1,"CONTRATACION DE EJECUCION DEL PROYECTO - SALDO DE OBRA: ¿CONSTRUCCION DE LA VIA REGIONAL AREQUIPA ¿ LA JOYA EN LAS PROGRESIVAS KM 0+000 AL KM 24+540, DISTRITOS DE CERRO COLORADO ¿ LA JOYA, AREQUIPA, COMPONENTE 01: PUENTE Y ACCESOS¿ CON CUI: 2233862",CONTRATADO,active,7214100100233029,CONSTRUCCION DE CARRETERA,CUBSO,1.0,5166327.5,PEN,Soles,40,Unidad,PE-SEACE3-UnidadMedida
ocds-dgv273-seacev3-2026-1823-1,ocds-dgv273-seacev3-2026-1823-1-2026-08-22T10:42:45.292228-05:00,1185587-20600119886,21199095,1,"Adquisición del suministro de insumos para el Programa de Vaso de Leche (PVL) en el distrito de Tocache de la provincia de Tocache, departamento de San Martín.",CONTRATADO,active,,,,2.0,566299.6,PEN,Soles,40,Unidad,PE-SEACE3-UnidadMedida
ocds-dgv273-seacev3-1220132,ocds-dgv273-seacev3-1220132-2026-08-21T10:31:05.504053-05:00,1220132-1800352,21292120,1,CONTRATACION DE LA CONSULTORIA PARA LA SUPERVISION DE OBRA: MEJORAMIENTO DEL SERVICIO DE MOVILIDAD EN LA AV. LIMA TRAMO: LIMITE PROVINCIAL DEL CALLAO HASTA AV. JOSE GRANDA EN EL DISTRITO DE SAN MARTIN DE PORRES CUI N° 2587304,ADJUDICADO,pending,8110151000336392,SUPERVISION DE OBRA DE CONSTRUCCION DE CARRETERAS CON PAVIMENTOS ASFALTICOS O CONCRETO,CUBSO,1.0,680225.92,PEN,Soles,36,Servicio,PE-SEACE3-UnidadMedida
ocds-dgv273-seacev3-1189633,ocds-dgv273-seacev3-1189633-2026-08-21T10:30:18.965219-05:00,1189633-1767757,21206412,1,"EJECUCIÓN DE LA IOARR: CONSTRUCCIÓN DE COBERTURA DE INSTALACIONES DEPORTIVAS; EN EL(LA) I.E Nº 31463 EN EL CENTRO POBLADO RIO BERTHA, DISTRITO DE SATIPO, PROVINCIA SATIPO, DEPARTAMENTO JUNÍN.",CONTRATADO,active,7215260500367813,CONSTRUCCION DE COBERTURA CON PLANCHA METALICA PARA CAMPO DEPORTIVO,CUBSO,1.0,639434.68,PEN,Soles,36,Servicio,PE-SEACE3-UnidadMedida
ocds-dgv273-seacev3-1184913,ocds-dgv273-seacev3-1184913-2026-08-20T10:30:08.506551-05:00,1184913-1762787,21195783,1,MEJORAMIENTO Y AMPLIACIÓN DEL SERVICIOS DE ESPACIOS PÚBLICOS URBANOS EN LA PLAZA DE ARMAS DE CULEBRAS DISTRITO DE CULEBRAS DE LA PROVINCIA DE HUARMEY DEL DEPARTAMENTO DE ANCASH,CONTRATADO,active,7214112800233081,CONSTRUCCION DE PARQUES Y PLAZAS,CUBSO,1.0,1021250.38,PEN,Soles,36,Servicio,PE-SEACE3-UnidadMedida
ocds-dgv273-seacev3-2026-1926-12,ocds-dgv273-seacev3-2026-1926-12-2026-08-19T10:31:35.283978-05:00,1185937-1766195,21197294,1,CONTRATACIÓN DEL SERVICIO DE ENCUESTAS SOBRE EL PRIMER PILOTO DE INNOVACIÓN DE DINERO DIGITAL DEL BCRP,CONTRATADO,active,8014150700228891,SERVICIO DE TOMA DE ENCUESTAS,CUBSO,1.0,129500.0,PEN,Soles,36,Servicio,PE-SEACE3-UnidadMedida
ocds-dgv273-seacev3-2026-1324-16,ocds-dgv273-seacev3-2026-1324-16-2026-08-19T10:31:13.137321-05:00,1185863-20556968960,21199412,1,CREACION DEL SERVICIO DE MOVILIDAD URBANA EN PISTA CASUARINA 2DA ETAPA DISTRITO DE LURIGANCHO DE LA PROVINCIA DE LIMA DEL DEPARTAMENTO DE LIMA CON CUI  2698036,CONTRATADO,active,7214100100392916,SERVICIO DE CONSTRUCCION DE PISTAS Y VEREDAS,CUBSO,1.0,986600.32,PEN,Soles,36,Servicio,PE-SEACE3-UnidadMedida
ocds-dgv273-seacev3-1186276,ocds-dgv273-seacev3-1186276-2026-08-18T10:20:26.490542-05:00,1186276-1764628,21199827,1,"MEJORAMIENTO DEL SERVICIO DE PRÁCTICA DEPORTIVA Y/O RECREATIVA EN LA BOMBONERA   DISTRITO DE CASMA DE LA PROVINCIA DE CASMA DEL DEPARTAMENTO DE ANCASH, CUI 2644925",CONTRATADO,active,7215310200233127,CONSTRUCCION DE LOSA DEPORTIVA,CUBSO,1.0,3733728.49,PEN,Soles,25,M2,PE-SEACE3-UnidadMedida
ocds-dgv273-seacev3-1185404,ocds-dgv273-seacev3-1185404-2026-08-16T10:07:48.265269-05:00,1185404-1768482,21196856,1,"EJECUCIÓN DE LA OBRA:SALDO 2 DE OBRA del Proyecto de Inversión: ¿MEJORAMIENTO Y AMPLIACIÓN DE PRACTICAS DEPORTIVAS EN EL ESTADIO MUNICIPAL GUADULFO SILVA CARBAJAL, ZONA B, DISTRITO DE LURÍN, PROVINCIA LIMA, DEPARTAMENTO LIMA"" - CUI 2444118",CONTRATADO,active,7215310200364483,AMPLIACION DE PLATAFORMA DEPORTIVA,CUBSO,1.0,14500047.43,PEN,Soles,40,Unidad,PE-SEACE3-UnidadMedida
ocds-dgv273-seacev3-2026-1212-11,ocds-dgv273-seacev3-2026-1212-11-2026-08-14T10:33:12.194290-05:00,1184848-20602804730,21195639,1,DIESEL B5 S-50,CONTRATADO,active,1510150500233280,DIESEL B5 S-50,CUBSO,1.0,259894.2,PEN,Soles,13,Galon,PE-SEACE3-UnidadMedida
ocds-dgv273-seacev3-1185139,ocds-dgv273-seacev3-1185139-2026-08-14T10:32:49.961607-05:00,1185139-10087536667,21196545,1,Asesoría externa especializada en materia de estrategia en política regulatoria de los sistemas supervisados por la SBS,CONTRATADO,active,8010150800225414,CONSULTORIA EN GESTION EMPRESARIAL,CUBSO,1.0,120000.0,PEN,Soles,36,Servicio,PE-SEACE3-UnidadMedida
ocds-dgv273-seacev3-2026-1874-8,ocds-dgv273-seacev3-2026-1874-8-2026-08-13T10:27:57.945565-05:00,1185087-1765193,21196532,1,"EJECUCIÓN DE LA OBRA ""MEJORAMIENTO DEL SERVICIO DE AGUA POTABLE URBANO Y MEJORAMIENTO DEL SERVICIO DE ALCANTARILLADO EN LA H.U LA PAZ, AA.HH VIOLETA CORREA, AA.HH NAZARENO II, ASOC. PROV. SEÑOR DE LOS MILAGROS Y H.U UNION MIRAFLORES, DISTRITO DE YARINACOCHA DE LA PROVINCIA DE CORONEL PORTILLO DEL DEPARTAMENTO DE UCAYALI"" CUI N° 2613629.",CONTRATADO,active,7214112100340824,"EJECUCION DE OBRA : ""MEJORAMIENTO DEL SERVICIO DE AGUA POTABLE URBANO Y MEJORAMIENTO DEL SERVICIO DE ALCANTARILLADO EN LA H.U LA PAZ, AA.HH VIOLETA CORREA, AA.HH NAZARENO II, ASOC. PROV. SEÑOR DE LOS MILAGROS Y H.U UNION MIRAFLORES, DISTRITO DE YARIN",CUBSO,1.0,4130808.67,PEN,Soles,40,Unidad,PE-SEACE3-UnidadMedida
ocds-dgv273-seacev3-2026-1569-1,ocds-dgv273-seacev3-2026-1569-1-2026-08-13T10:27:57.642935-05:00,1184878-20601350387,21195661,1,ADQUISICION DE ALIMENTOS PARA EL PROGRAMA VASO DE LECHE PARA EL AÑO 2026,CONTRATADO,active,,,,111552.0,362065.92,PEN,Soles,40,Unidad,PE-SEACE3-UnidadMedida
ocds-dgv273-seacev3-1185617,ocds-dgv273-seacev3-1185617-2026-08-13T10:27:35.925598-05:00,1185617-20601310695,21199175,1,"SERVICIO DE DISEÑO, IMPRESIÓN, DIGITALIZACIÓN Y PROCESAMIENTO DE FICHAS ÓPTICAS EN EL MARCO DE LOS PROCESOS DE EVALUACION SERUMS 2026-I Y 2026-II",CONTRATADO,active,8212159900391982,SERVICIO DE LECTURA Y PROCESAMIENTO DE DATOS DE FICHAS OPTICAS,CUBSO,1.0,149000.0,PEN,Soles,36,Servicio,PE-SEACE3-UnidadMedida
ocds-dgv273-seacev3-2026-1320-10,ocds-dgv273-seacev3-2026-1320-10-2026-08-12T10:29:43.225309-05:00,1185925-1765570,21197280,1,"EJECUCIÓN DE OBRA: MEJORAMIENTO DEL SERVICIO DE MOVILIDAD URBANA EN LA AV. MELGAREJO (TRAMO: AV. JAVIER PRADO ESTE JR. ARUBA) DISTRITO DE LA MOLINA, DE LA PROVINCIA DE LIMA, DEL DEPARTAMENTO DE LIMA CUI N 2701694",CONTRATADO,active,7214100100233103,CONSTRUCCION DE CALLES CON PAVIMENTO,CUBSO,1.0,3826932.19,PEN,Soles,40,Unidad,PE-SEACE3-UnidadMedida
ocds-dgv273-seacev3-1185324,ocds-dgv273-seacev3-1185324-2026-08-06T10:26:55.558427-05:00,1185324-1767881,21196768,1,"SERVICIO: MANTENIMIENTO DEL SERVICIO DE TRANSITABILIDAD VEHICULAR Y PEATONAL EN LAS CALLES MOISES FLORES, ANDRES RAZURI, ARICA, MARISCAL CASTILLA, AV. FAUSTINO SANCHEZ CARRIÓN Y AV. TUPAC AMARU DEL DISTRITO DE CHINCHA ALTA PROVINCIA DE CHINCHA  DEPARTAMENTO DE ICA",CONTRATADO,active,7214100300359630,SERVICIO DE MANTENIMIENTO DE CALLES DE MATERIAL ASFALTO,CUBSO,1.0,1721460.41,PEN,Soles,36,Servicio,PE-SEACE3-UnidadMedida
ocds-dgv273-seacev3-1184991,ocds-dgv273-seacev3-1184991-2026-08-06T10:26:44.444188-05:00,1184991-1762808,21196101,2,Alimentos preparados y conservados,CONTRATADO,active,5019,Alimentos preparados y conservados,CUBSO,13708.0,120356.24,PEN,Soles,18,Kilogramo,PE-SEACE3-UnidadMedida
ocds-dgv273-seacev3-1184991,ocds-dgv273-seacev3-1184991-2026-08-06T10:26:44.444188-05:00,1184991-20480455453,21196100,1,Alimentos preparados y conservados,CONTRATADO,active,5019,Alimentos preparados y conservados,CUBSO,27735.0,109275.9,PEN,Soles,40,Unidad,PE-SEACE3-UnidadMedida
ocds-dgv273-seacev3-2026-1584-3,ocds-dgv273-seacev3-2026-1584-3-2026-08-06T10:26:44.203532-05:00,1185912-20399019355,21199455,1,"RENOVACION DE PISTA, VEREDA Y SARDINEL, EN EL(LA) URBANIZACION LA PROVIDENCIA DEL DISTRITO DE PIURA, PROVINCIA PIURA, DEPARTAMENTO PIURA.",CONTRATADO,active,7215310200338640,CONSTRUCCION DE COMPLEJO DEPORTIVO,CUBSO,1.0,4507695.21,PEN,Soles,40,Unidad,PE-SEACE3-UnidadMedida
ocds-dgv273-seacev3-1225271,ocds-dgv273-seacev3-1225271-2026-08-05T10:26:25.477901-05:00,1225271-20508671378,21307139,1,"SERVICIO DE MONITOREO DE LA TRANSMISIÓN DE LA FRANJA ELECTORAL EN MEDIOS DIGITALES (REDES SOCIALES), QUE INCLUYE CREADORES DE CONTENIDO DE LAS ELECCIONES GENERALES 2026 (EG2026)",CONTRATADO,active,8017180100389090,SERVICIO DE MONITOREO DE MEDIOS DE COMUNICACION,CUBSO,1.0,200000.0,PEN,Nuevos Soles,36,Servicio,PE-SEACE3-UnidadMedida
ocds-dgv273-seacev3-1185366,ocds-dgv273-seacev3-1185366-2026-08-05T10:25:56.782951-05:00,1185366-1767104,21196819,1,EJECUCION DE OBRA ¿MEJORAMIENTO DEL SERVICIO DE PRACTICA DEPORTIVA Y/O RECREATIVA EN LA LOSA DEPORTIVA CON GRASS SINTÉTICO EN EL ANEXO DE HUAYAO DISTRITO DE HUÁCHAC DE LA PROVINCIA DE CHUPACA DEL DEPARTAMENTO DE JUNÍN¿ CON CUI N° 2644781¿,CONTRATADO,active,7215310200388612,CONSTRUCCION DE CAMPO DEPORTIVO CON CESPED SINTETICO,CUBSO,1.0,397594.2,PEN,Soles,40,Unidad,PE-SEACE3-UnidadMedida
ocds-dgv273-seacev3-1205774,ocds-dgv273-seacev3-1205774-2026-08-02T10:08:54.648231-05:00,1205774-1781345,21250181,1,"SERVICIO DE LIMPIEZA PARA LA SEDE CENTRAL, ADMINISTRACIONES Y OFICINAS POSTALES DE LIMA Y CALLAO DE SERPOST S.A.",CONTRATADO,active,9111160100358133,SERVICIO DE LIMPIEZA Y FUMIGACIÓN DE LOCAL,CUBSO,1.0,2793000.0,PEN,Soles,36,Servicio,PE-SEACE3-UnidadMedida
ocds-dgv273-seacev3-1237258,ocds-dgv273-seacev3-1237258-2026-08-02T10:08:47.141067-05:00,1237258-1816010,21338637,1,CONTRATACIÓN DE LA EJECUCIÓN Y FINANCIAMIENTO DE LA INVERSIÓN: ¿MEJORAMIENTO DEL SERVICIO DE PRÁCTICA DEPORTIVA Y/O RECREATIVA EN MINICOLISEO MICAELA BASTIDAS DE CENTRO POBLADO CHULUCANAS DISTRITO DE CHULUCANAS DE LA PROVINCIA DE MORROPON DEL DEPARTA,CONTRATADO,active,7215310200338640,CONSTRUCCION DE COMPLEJO DEPORTIVO,CUBSO,1.0,4250530.87,PEN,Soles,40,Unidad,PE-SEACE3-UnidadMedida
ocds-dgv273-seacev3-2026-1693-1,ocds-dgv273-seacev3-2026-1693-1-2026-08-02T10:08:41.959248-05:00,1185033-20601927111,21196136,1,"LECHE EVAPORADA ENTERA X 400 GRAMOS APROX, A MAS.",CONTRATADO,active,5013170200307453,LECHE EVAPORADA ENTERA X 400 g  APROX.,CUBSO,21096.0,86493.6,PEN,Soles,40,Unidad,PE-SEACE3-UnidadMedida
ocds-dgv273-seacev3-2026-1883-1,ocds-dgv273-seacev3-2026-1883-1-2026-08-01T10:19:26.603733-05:00,1185501-20600229827,21199020,1,ADQUISICION DE INSUMOS PARA EL PROGRAMA DEL VASO DE LECHE CORRESPONDIENTE AL AÑO FISCAL 2026.,CONTRATADO,active,,,,2.0,103935.0,PEN,Soles,40,Unidad,PE-SEACE3-UnidadMedida
ocds-dgv273-seacev3-2026-690-2,ocds-dgv273-seacev3-2026-690-2-2026-07-26T10:08:01.586492-05:00,1184361-1761548,21194983,2,MEZCLA DE HOJUELAS PRECOCIDAS DE AVENA CAÑIHUA QUINUA MAICENA TRIGO AJONJOLÍ Y MACA FORTIFICADA CON VITAMINAS Y MINERALES,CONTRATADO,active,5022110100314031,HOJUELA DE AVENA CON QUINUA,CUBSO,12960.0,110160.0,PEN,Soles,18,Kilogramo,PE-SEACE3-UnidadMedida
ocds-dgv273-seacev3-2026-690-2,ocds-dgv273-seacev3-2026-690-2-2026-07-26T10:08:01.586492-05:00,1184361-20480455453,21194982,1,LECHE EVAPORADA ENTERA DE 410 GRAMOS,CONTRATADO,active,5013170200307453,LECHE EVAPORADA ENTERA X 400 g  APROX.,CUBSO,51840.0,217728.0,PEN,Soles,40,Unidad,PE-SEACE3-UnidadMedida
ocds-dgv273-seacev3-1185145,ocds-dgv273-seacev3-1185145-2026-07-26T10:08:01.538194-05:00,1185145-20479379735,21196553,1,"CONTRATACIÓN DE SUMINISTRO DE BIENES PARA EL PROGRAMA VASO DE LECHE, PERIODO 2026: MEZCLA DE HOJUELAS PRECOCIDAS DE CEREALES CON KIWICHA TOSTADA QUINUA Y AVENA CON HARINA DE SOYA INTEGRAL Y MACA FORTIFICADA CON VITAMINAS Y MINERALES.",CONTRATADO,active,5019210900392951,"HOJUELA DE AVENA, QUINUA, KIWICHA Y HARINA DE SOYA PRECOCIDA ENRIQUECIDA CON VITAMINAS Y MINERALES",CUBSO,53178.78,443511.03,PEN,Soles,18,Kilogramo,PE-SEACE3-UnidadMedida
ocds-dgv273-seacev3-1184656,ocds-dgv273-seacev3-1184656-2026-07-26T10:07:53.544629-05:00,1184656-1769347,21195288,1,"CONTRATACIÓN DE SERVICIO DE CONSULTORÍA DE OBRA PARA SUPERVISIÓN EJECUCIÓN DE LA OBRA: MEJORAMIENTO, AMPLIACION DEL SERVICIO DE AGUA POTABLE Y SANEAMIENTO BASICO EN EL CENTRO POBLADO DE EL REJO - CENTRO POBLADO DE JUAN ALBACETE - CENTRO POBLADO DE L",ADJUDICADO,pending,8110151500364447,SUPERVISION DE OBRA DE AMPLIACION DEL SISTEMA DE AGUA POTABLE Y ALCANTARILLADO,CUBSO,1.0,538826.73,PEN,Soles,36,Servicio,PE-SEACE3-UnidadMedida
ocds-dgv273-seacev3-1184656,ocds-dgv273-seacev3-1184656-2026-07-26T10:07:53.544629-05:00,1184656-20487876578,21195288,1,"CONTRATACIÓN DE SERVICIO DE CONSULTORÍA DE OBRA PARA SUPERVISIÓN EJECUCIÓN DE LA OBRA: MEJORAMIENTO, AMPLIACION DEL SERVICIO DE AGUA POTABLE Y SANEAMIENTO BASICO EN EL CENTRO POBLADO DE EL REJO - CENTRO POBLADO DE JUAN ALBACETE - CENTRO POBLADO DE L",CONTRATADO,active,8110151500364447,SUPERVISION DE OBRA DE AMPLIACION DEL SISTEMA DE AGUA POTABLE Y ALCANTARILLADO,CUBSO,1.0,635815.53,PEN,Soles,36,Servicio,PE-SEACE3-UnidadMedida
ocds-dgv273-seacev3-2026-1952-87,ocds-dgv273-seacev3-2026-1952-87-2026-07-24T10:24:08.405479-05:00,1187237-10468684671,21200799,1,DESARROLLADOR SENIOR BACK-END PARA LOS PROYECTOS VINCULADOS AL DESARROLLO DE LA NUEVA PLATAFORMA DE CONTRATACIÓN PUBLICA - SISTEMA DE PAGOS ELECTRONICOS,CONTRATADO,active,8111160200336956,SERVICIO DE DESARROLLO DE APLICACION JAVA,CUBSO,1.0,25500.0,PEN,Soles,36,Servicio,PE-SEACE3-UnidadMedida
ocds-dgv273-seacev3-2026-505-6,ocds-dgv273-seacev3-2026-505-6-2026-07-24T10:24:07.470283-05:00,1185432-20452440831,21198937,1,CEMENTO PORTLAND TIPO I X 42.50 kg,CONTRATADO,active,3011160100012771,CEMENTO PORTLAND TIPO I X 42.50 kg,CUBSO,227502.5,156254.07,PEN,Soles,18,Kilogramo,PE-SEACE3-UnidadMedida
ocds-dgv273-seacev3-1185263,ocds-dgv273-seacev3-1185263-2026-07-24T10:23:55.612402-05:00,1185263-1764362,21198602,1,"CONTRATACION PARA LA EJECUCION DEL PROYECTO: ""CREACION DEL SERVICIO DE MOVILIDAD URBANA EN EL JR. CHICLAYO CUADRA 01 Y 02 DISTRITO DE JOSE CRESPO Y CASTILLO DE LA PROVINCIA DE LEONCIO PRADO DEL DEPARTAMENTO DE HUANUCO"" CUI N° 2646348",CONTRATADO,active,7214100300342329,MEJORAMIENTO DE PISTAS Y VEREDAS,CUBSO,1.0,926698.0,PEN,Soles,36,Servicio,PE-SEACE3-UnidadMedida
ocds-dgv273-seacev3-2026-13-49,ocds-dgv273-seacev3-2026-13-49-2026-07-23T10:30:25.790412-05:00,1184792-20106897914,21195567,1,Servicio de transmisión de datos para los CONECTAMEF principal,CONTRATADO,active,8111210100293195,SERVICIO DE TRASLADO DE ENLACE DE TRANSMISION DE DATOS POR TIERRA (FIBRA OPTICA),CUBSO,1.0,15225600.0,PEN,Soles,36,Servicio,PE-SEACE3-UnidadMedida
ocds-dgv273-seacev3-2026-13-49,ocds-dgv273-seacev3-2026-13-49-2026-07-23T10:30:25.790412-05:00,1184792-20421780472,21195566,2,Servicio de transmisión de datos para los CONECTAMEF secundario,CONTRATADO,active,8111210100293195,SERVICIO DE TRASLADO DE ENLACE DE TRANSMISION DE DATOS POR TIERRA (FIBRA OPTICA),CUBSO,1.0,2931120.0,PEN,Soles,36,Servicio,PE-SEACE3-UnidadMedida
ocds-dgv273-seacev3-2026-1648-9,ocds-dgv273-seacev3-2026-1648-9-2026-07-23T10:29:04.572029-05:00,1185909-20601793289,21199454,1,CONTRATACIÓN DE BIENES SUMINISTRO DE COMBUSTIBLE DIESEL B5 S50 PARA LA SUB GERENCIA DE SEGURIDAD CIUDADANA,CONTRATADO,active,1510150500233280,DIESEL B5 S-50,CUBSO,8000.0,117200.0,PEN,Soles,13,Galon,PE-SEACE3-UnidadMedida
ocds-dgv273-seacev3-2026-1339-3,ocds-dgv273-seacev3-2026-1339-3-2026-07-22T10:31:51.586610-05:00,1184921-20537185661,21195757,1,"OBRA: RENOVACION DE PISTA, EN EL(LA) VIAS LOCALES DE LA URBANIZACION SAN JUAN (PARCELA A, C, C1, D, ZONA C2 E2A, E2B, E1C, E4 Y UNIDAD B), CA GUILLERMO ALMENARA Y CA LOS MAESTROS, ZONA URBANA, DISTRITO DE SAN JUAN DE MIRAFLORES, PROVINCIA LIMA, DEPARTAMENTO LIMA - ZONA II, CON CUI 2675144",CONTRATADO,active,7214100300342329,MEJORAMIENTO DE PISTAS Y VEREDAS,CUBSO,1.0,3579740.72,PEN,Soles,36,Servicio,PE-SEACE3-UnidadMedida
ocds-dgv273-seacev3-2026-780-1,ocds-dgv273-seacev3-2026-780-1-2026-07-17T10:26:14.869579-05:00,1185011-20609506947,21195970,1,"CONTRATACIÓN DE SERVICIO DE CONSULTORÍA DE OBRA PARA LA ELABORACIÓN DE EXPEDIENTE TÉCNICO DE LA IOARR MEJORAMIENTO DE SERVICIOS DE ADMINISTRACIÓN DE JUSTICIA EN EL JUZGADO DE PAZ LETRADO DE YANATILE, DISTRITO DE YANATILE, PROVINCIA DE CALCA DEL DEPARTAMENTO DE CUSCO CUI 2680590",CONTRATADO,active,8110150800362827,ELABORACION DE EXPEDIENTE TECNICO DE OBRA PARA CONSTRUCCION DE OFICINAS,CUBSO,1.0,81812.82,PEN,Soles,36,Servicio,PE-SEACE3-UnidadMedida
ocds-dgv273-seacev3-2026-200168-123,ocds-dgv273-seacev3-2026-200168-123-2026-07-16T10:26:07.174754-05:00,1209835-10091610481,21308583,1,Coordinador de Gestión del Cambio,CONTRATADO,active,8010160400258513,SERVICIO DE COORDINACION EN PROGRAMA DE RELACIONES COMUNITARIAS Y PARTICIPACION CIUDADANA,CUBSO,1.0,42000.0,PEN,Soles,40,Unidad,PE-SEACE3-UnidadMedida
ocds-dgv273-seacev3-1222693,ocds-dgv273-seacev3-1222693-2026-07-16T10:25:38.954689-05:00,1222693-20527590648,21299509,1,HARINAS Y HOJUELAS,CONTRATADO,active,,,,2.0,567300.0,PEN,Soles,40,Unidad,PE-SEACE3-UnidadMedida
ocds-dgv273-seacev3-2026-200168-66,ocds-dgv273-seacev3-2026-200168-66-2026-07-16T10:25:13.403077-05:00,1225894-10413250124,21308704,1,Líder Técnico de Desarrollo de Software y Soluciones SI,CONTRATADO,active,8214150100229084,SERVICIO DE DISEÑADOR DE PROGRAMA,CUBSO,1.0,48000.0,PEN,Soles,40,Unidad,PE-SEACE3-UnidadMedida
ocds-dgv273-seacev3-2026-200529-1,ocds-dgv273-seacev3-2026-200529-1-2026-07-16T10:25:11.209835-05:00,1186002-20608495933,21197360,1,"SERVICIO DE ROTULADO , TRANSPORTE Y DISTRIBUCIÓN DE MATERIALES EDUCATIVOS DOTACIÓN 2026 A LAS II.EE. DE EBR DEL ÁMBITO DE LA UGEL CHANCHAMAYO",CONTRATADO,active,8210150700345318,SERVICIO DE DISTRIBUCION DE MATERIAL EDUCATIVO,CUBSO,1.0,46037.87,PEN,Soles,36,Servicio,PE-SEACE3-UnidadMedida
ocds-dgv273-seacev3-1185486,ocds-dgv273-seacev3-1185486-2026-07-16T10:24:59.156686-05:00,1185486-20606205571,21196920,1,"CONTRATACION DE SERVICIO DE ALQUILER DE MAQUINARIA PESADA (MAQUINA SERVIDA), A TODO COSTO",CONTRATADO,active,7610160200258525,SERVICIO DE ELIMINACION DE DESMONTE,CUBSO,1.0,113898.74,PEN,Soles,36,Servicio,PE-SEACE3-UnidadMedida
ocds-dgv273-seacev3-2026-422-19,ocds-dgv273-seacev3-2026-422-19-2026-07-16T10:24:59.066089-05:00,1185289-20511037001,21196711,1,ADQUISICION DE CEMENTO PORTLAND TIPO IP PARA LA OBRA MEJORAMIENTO DE LA VÍA DE ACCESO AL RECURSO TURÍSTICO COMPLEJO DE AGUAS TERMALES DEL DISTRITO DE YURA - PROVINCIA AREQUIPA.,CONTRATADO,active,3011160100012953,CEMENTO PORTLAND PUZOLANICO TIPO IP X 42.50 kg,CUBSO,4000.0,104400.0,PEN,Soles,40,Unidad,PE-SEACE3-UnidadMedida
ocds-dgv273-seacev3-1185079,ocds-dgv273-seacev3-1185079-2026-07-15T10:30:39.277143-05:00,1185079-1764312,21198414,1,SERVICIO DE CONSULTORÍA PARA LA SUPERVISIÓN DE LA EJECUCIÓN DE LA OBRA: ¿MEJORAMIENTO DE LOS SERVICIOS DE TRANSITABILIDAD VEHICULAR Y PEATONAL EN EL SECTOR LOS ÁNGELES DEL DISTRITO DE COMANDANTE NOEL PROVINCIA DE CASMA DEPARTAMENTO DE ÁNCASH - CU,CONTRATADO,active,8110151000336392,SUPERVISION DE OBRA DE CONSTRUCCION DE CARRETERAS CON PAVIMENTOS ASFALTICOS O CONCRETO,CUBSO,1.0,148855.77,PEN,Soles,40,Unidad,PE-SEACE3-UnidadMedida
ocds-dgv273-seacev3-1187946,ocds-dgv273-seacev3-1187946-2026-07-15T10:30:16.077232-05:00,1187946-10099550894,21202037,1,Contratación del Especialista Ambiental de la UGP PTAR,CONTRATADO,active,7710150500228324,SERVICIO DE CONTROL POR MONITOREO AMBIENTAL,CUBSO,1.0,44000.0,PEN,Soles,36,Servicio,PE-SEACE3-UnidadMedida
ocds-dgv273-seacev3-1187938,ocds-dgv273-seacev3-1187938-2026-07-15T10:30:15.931642-05:00,1187938-10066649950,21202249,1,Contratación del Coordinador Técnico de la UGP PTAR.,CONTRATADO,active,8010150400310786,SERVICIO DE COORDINACION DE ESTRATEGIAS PARA INTERVENCION MULTISECTORIAL,CUBSO,1.0,52000.0,PEN,Soles,36,Servicio,PE-SEACE3-UnidadMedida
ocds-dgv273-seacev3-1187927,ocds-dgv273-seacev3-1187927-2026-07-15T10:30:05.048634-05:00,1187927-10412330396,21202268,1,Contratación del Coordinador Administrativo de la UGP PTAR.,CONTRATADO,active,8010150500329700,SERVICIO DE ELABORACION DE ANALISIS DE INFORMACION PARA PROCESOS ADMINISTRATIVOS,CUBSO,1.0,52000.0,PEN,Soles,36,Servicio,PE-SEACE3-UnidadMedida
ocds-dgv273-seacev3-2026-2393-1,ocds-dgv273-seacev3-2026-2393-1-2026-07-13T10:20:01.446697-05:00,1184734-1766419,21195496,1,SERVICIO DE TRANSPORTE DE PERSONAL DE LAS INSTALACIONES DE EGASA SEDE CHILINA,CONTRATADO,active,7811180400232604,SERVICIO DE MOVILIDAD DE PERSONAL,CUBSO,1.0,836137.5,PEN,Soles,36,Servicio,PE-SEACE3-UnidadMedida
ocds-dgv273-seacev3-1186233,ocds-dgv273-seacev3-1186233-2026-07-13T10:19:51.184248-05:00,1186233-20100210909,21199776,1,CONTRATACIÓN DEL PROGRAMA DE SEGUROS PATRIMONIALES PARA EL PROGRAMA NACIONAL DE SANEAMIENTO RURAL,CONTRATADO,active,8413151200375879,SEGURO DE BIENES PATRIMONIALES,CUBSO,1.0,105395.09,PEN,Soles,36,Servicio,PE-SEACE3-UnidadMedida
ocds-dgv273-seacev3-2026-1876-2,ocds-dgv273-seacev3-2026-1876-2-2026-07-11T10:21:47.562562-05:00,1185386-20600229827,21198885,01,SUMINISTRO DE BIENES DE PRODUCTOS PARA EL PROGRAMA DEL VASO DE LECHE. PERIODO FISCAL 2026,CONTRATADO,active,,,,1.0,147298.92,PEN,Soles,40,Unidad,PE-SEACE3-UnidadMedida
ocds-dgv273-seacev3-1185762,ocds-dgv273-seacev3-1185762-2026-07-10T10:40:56.842393-05:00,1185762-1795814,21199324,01,SUPERVISION DE OBRA DE CONSTRUCCION DE CALLES Y SIMILARES,CONTRATADO,active,8110151000336399,SUPERVISION DE OBRA DE CONSTRUCCION DE CALLES Y SIMILARES,CUBSO,1.0,466417.28,PEN,Soles,36,Servicio,PE-SEACE3-UnidadMedida
ocds-dgv273-seacev3-1188225,ocds-dgv273-seacev3-1188225-2026-07-10T10:40:56.791728-05:00,1188225-1765906,21203204,1,"CONTRATACIÓN DE CONSULTORÍA DE OBRA\nPARA LA SUPERVISIÓN DE LA OBRA: CREACIÓN DEL SERVICIO DE PROVISIÓN DE AGUA PARA RIEGO EN SISTEMA DE RIEGO DE LA LOCALIDAD DE TUPAC AMARU DE POMAVILCA, DISTRITO DE ACOBAMBA DE LA PROVINCIA DE ACOBAMBA DEL DEPARTAMEN",CONTRATADO,active,8110151500354852,SUPERVISION DE OBRA DE SISTEMAS DE RIEGO,CUBSO,1.0,137960.0,PEN,Soles,36,Servicio,PE-SEACE3-UnidadMedida
ocds-dgv273-seacev3-2026-1952-82,ocds-dgv273-seacev3-2026-1952-82-2026-07-08T12:25:23.342838-05:00,1186833-10406910739,21198069,1,Servicio de analista de calidad (Quality Assurance - QA) 01 para proyectos vinculados al desarrollo de la nueva plataforma de contratación pública - Gestión de Proveedores,CONTRATADO,active,8111181900374702,CONSULTORIA PARA CONTROL DE CALIDAD DE DESARROLLO DE SOFTWARE,CUBSO,1.0,24000.0,PEN,Soles,36,Servicio,PE-SEACE3-UnidadMedida
ocds-dgv273-seacev3-2026-1952-82,ocds-dgv273-seacev3-2026-1952-82-2026-07-08T12:25:23.342838-05:00,1186833-10431961780,21198070,2,Servicio de analista de calidad (Quality Assurance - QA) 02 para proyectos vinculados al desarrollo de la nueva plataforma de contratación pública - Gestión de Proveedores,CONTRATADO,active,8111181900374702,CONSULTORIA PARA CONTROL DE CALIDAD DE DESARROLLO DE SOFTWARE,CUBSO,1.0,24000.0,PEN,Soles,36,Servicio,PE-SEACE3-UnidadMedida
ocds-dgv273-seacev3-1185257,ocds-dgv273-seacev3-1185257-2026-07-08T12:25:00.237525-05:00,1185257-1776411,21198585,1,"SERVICIO DE ALIMENTACION PARA INTERNOS, NIÑOS Y PERSONAL DE SEGURIDAD 24 X 48 HORAS DE LOS ESTABLECIMIENTOS PENITENCIARIOS DE AREQUIPA, MUJERES AREQUIPA Y CAMANA DE LA OFICINA REGIONAL SUR",CONTRATADO,active,9111160300225304,SERVICIO DE CONCESIONARIO (A) DE ALIMENTOS,CUBSO,1216180.0,8602436.8,PEN,Soles,36,Servicio,PE-SEACE3-UnidadMedida
ocds-dgv273-seacev3-1199580,ocds-dgv273-seacev3-1199580-2026-07-08T12:25:00.218135-05:00,1199580-20455023417,21232297,1,CREACION DEL SERVICIO DE AGUA POTABLE URBANO Y CREACION DEL SERVICIO DE ALCANTARILLADO EN LA ASOC. GRANJEROS INDUSTRIA SANTUSA DISTRITO DE YURA DE LA PROVINCIA DE AREQUIPA DEL DEPARTAMENTO DE AREQUIPA,CONTRATADO,active,7214112100340824,CONSTRUCCION DE SISTEMA DE AGUA POTABLE Y ALCANTARILLADO,CUBSO,1.0,943066.23,PEN,Soles,36,Servicio,PE-SEACE3-UnidadMedida
ocds-dgv273-seacev3-1184307,ocds-dgv273-seacev3-1184307-2026-07-08T12:25:00.126409-05:00,1184307-20600150937,21194842,1,"SERVICIO DE INTERNET DE BANDA ANCHA DEDICADO PARA EL CENTRO DE INVESTIGACIÓN PARA LA SUSTENTABILIDAD LUNAHUANÁ, EL LOCAL ADMINISTRATIVO CENTRAL, EL LOCAL HUALCARÁ Y LOS LOCALES ACADÉMICOS CASA DE LA CULTURA Y EL LOCAL FUNDO DON LUIS DE LA UNIVERSIDAD",CONTRATADO,active,8312170300232426,SERVICIO DE INTERNET IP,CUBSO,1.0,57960.0,PEN,Soles,40,Unidad,PE-SEACE3-UnidadMedida
ocds-dgv273-seacev3-1184662,ocds-dgv273-seacev3-1184662-2026-07-08T12:24:34.289523-05:00,1184662-20601328624,21195275,1,ADQUISICIÓN DE ROPA DE TRABAJO 2025-2026,CONTRATADO,active,,,,1.0,596840.0,PEN,Soles,40,Unidad,PE-SEACE3-UnidadMedida
ocds-dgv273-seacev3-2026-1172-4,ocds-dgv273-seacev3-2026-1172-4-2026-07-08T12:24:15.767492-05:00,1185945-20600984838,21199490,1,ADQUISICION DE LECHE ENTERA EN TARRO DE 410 GR. PARA LOS BENEFICIARIOS DEL PROGRAMA DE VASO DE LECHE DE LA MUNICIPALIDAD PROVINCIAL DE YAULI LA OROYA PARA EL AÑO 2026.,CONTRATADO,active,5013170200307453,LECHE EVAPORADA ENTERA X 400 g  APROX.,CUBSO,138485.0,515164.2,PEN,Soles,40,Unidad,PE-SEACE3-UnidadMedida
ocds-dgv273-seacev3-1229451,ocds-dgv273-seacev3-1229451-2026-07-08T12:23:45.950653-05:00,1229451-10096714616,21318221,1,"CONSULTORÍA INDIVIDUAL: DIRECTOR/A EJECUTIVO/A UE-MINJUSDH EN EL MARCO DEL PROGRAMA DE INVERSIÓN MEJORAMIENTO DE LOS SERVICIOS DE JUSTICIA NO PENALES A TRAVÉS DE LA IMPLEMENTACIÓN DEL EXPEDIENTE JUDICIAL ELECTRÓNICO (EJE), DE CÓDIGO ÚNICO N° 2413068",CONTRATADO,active,8011160100395655,SERVICIO PROFESIONAL EN GESTION ESTRATEGICA Y SEGUIMIENTO DE LAS ACTIVIDADES FUNCIONALES,CUBSO,1.0,67500.0,PEN,Soles,36,Servicio,PE-SEACE3-UnidadMedida
ocds-dgv273-seacev3-1185372,ocds-dgv273-seacev3-1185372-2026-07-08T12:22:45.937242-05:00,1185372-10410035699,21196832,4,"Servicio de distribución de agua potable mediante camiones cisterna en el ámbito del distrito Villa María del Triunfo ¿ Surtidor El Sol, Surtidor R-Concreto y 205",CONTRATADO,active,8310150800352373,SERVICIO DE ABASTECIMIENTO DE AGUA POTABLE EN CAMIONES CISTERNA,CUBSO,1.0,4598000.0,PEN,Soles,40,Unidad,PE-SEACE3-UnidadMedida
ocds-dgv273-seacev3-1185372,ocds-dgv273-seacev3-1185372-2026-07-08T12:22:45.937242-05:00,1185372-10410035699,21196833,5,Servicio de distribución de agua potable mediante camiones cisterna en el ámbito del distrito de San Juan de Miraflores ¿ Surtidor 205,CONTRATADO,active,8310150800352373,SERVICIO DE ABASTECIMIENTO DE AGUA POTABLE EN CAMIONES CISTERNA,CUBSO,1.0,1444800.0,PEN,Soles,40,Unidad,PE-SEACE3-UnidadMedida
ocds-dgv273-seacev3-1185372,ocds-dgv273-seacev3-1185372-2026-07-08T12:22:45.937242-05:00,1185372-20603572425,21196834,6,"Servicio de distribución de agua potable mediante camiones cisterna en el ámbito de los distritos de Pucusana, Lurín, Punta Hermosa, San Bartolo, Punta Negra ¿ Surtidor San Bartolo",CONTRATADO,active,8310150800352373,SERVICIO DE ABASTECIMIENTO DE AGUA POTABLE EN CAMIONES CISTERNA,CUBSO,1.0,916000.0,PEN,Soles,40,Unidad,PE-SEACE3-UnidadMedida
ocds-dgv273-seacev3-1185372,ocds-dgv273-seacev3-1185372-2026-07-08T12:22:45.937242-05:00,1185372-20603572425,21196831,3,Servicio de distribución de agua potable mediante camiones cisterna en el ámbito del distrito Pachacamac ¿Surtidor R-Concreto,CONTRATADO,active,8310150800352373,SERVICIO DE ABASTECIMIENTO DE AGUA POTABLE EN CAMIONES CISTERNA,CUBSO,1.0,2767600.0,PEN,Soles,40,Unidad,PE-SEACE3-UnidadMedida
ocds-dgv273-seacev3-1185372,ocds-dgv273-seacev3-1185372-2026-07-08T12:22:45.937242-05:00,1185372-20608375857,21196830,2,"Servicio de distribución de agua potable mediante camiones cisterna en el ámbito del distrito Pachacamac ¿ Surtidor Manchay, Musa",CONTRATADO,active,8310150800352373,SERVICIO DE ABASTECIMIENTO DE AGUA POTABLE EN CAMIONES CISTERNA,CUBSO,1.0,3082800.0,PEN,Soles,40,Unidad,PE-SEACE3-UnidadMedida
ocds-dgv273-seacev3-1185372,ocds-dgv273-seacev3-1185372-2026-07-08T12:22:45.937242-05:00,1185372-20610495746,21196829,1,"Servicio de distribución de agua potable mediante camiones cisterna, en el ámbito de los distritos de Cieneguilla, La Molina ¿ Surtidor Musa",CONTRATADO,active,8310150800352373,SERVICIO DE ABASTECIMIENTO DE AGUA POTABLE EN CAMIONES CISTERNA,CUBSO,1.0,1920000.0,PEN,Soles,40,Unidad,PE-SEACE3-UnidadMedida
ocds-dgv273-seacev3-1184577,ocds-dgv273-seacev3-1184577-2026-06-25T10:28:34.760815-05:00,1184577-1762454,21194996,01,CONSTRUCCION DE LOCAL COMUNAL,ADJUDICADO,pending,7212110100233077,CONSTRUCCION DE LOCAL COMUNAL,CUBSO,1.0,515338.87,PEN,Soles,36,Servicio,PE-SEACE3-UnidadMedida
ocds-dgv273-seacev3-2026-1632-1,ocds-dgv273-seacev3-2026-1632-1-2026-06-25T10:28:02.370559-05:00,1184499-20525770711,21194433,1,"ADQUISICION DE SUMINISTRO DE COMBUSTIBLE DIESEL B5 S-50 (PETROLEO), PARA LAS UNIDADES MOVILES (VEHICULOS Y MAQUINARIA) DE LA MUNICIPALIDAD DISTRITAL DE MARCAVELICA PARA EL AÑO FISCAL 2026",CONTRATADO,active,1510150500233280,DIESEL B5 S-50,CUBSO,11488.0,155315.46,PEN,Soles,13,Galon,PE-SEACE3-UnidadMedida
ocds-dgv273-seacev3-2026-1632-1,ocds-dgv273-seacev3-2026-1632-1-2026-06-25T10:28:02.370559-05:00,1184499-20530268773,21194432,2,"ADQUISICION DE SUMINISTRO DE COMBUSTIBLE GASOLINA REGULAR, PARA LAS UNIDADES MOVILES (VEHICULOS Y MAQUINARIA) DE LA MUNICIPALIDAD DISTRITAL DE MARCAVELICA PARA EL AÑO FISCAL 2026",CONTRATADO,active,1510150600390514,GASOLINA REGULAR,CUBSO,11000.0,151690.0,PEN,Soles,13,Galon,PE-SEACE3-UnidadMedida
ocds-dgv273-seacev3-2026-1879-1,ocds-dgv273-seacev3-2026-1879-1-2026-06-25T10:27:51.561198-05:00,1185867-20608300903,21199417,1,Adquisición de combustible para el funcionamiento de los motores de abastecimiento de energía eléctrica y agua de la Municipalidad Distrital de Tahuania periodo 2026,CONTRATADO,active,1510150500146101,DIESEL B5,CUBSO,26720.0,360720.0,PEN,Soles,13,Galon,PE-SEACE3-UnidadMedida
ocds-dgv273-seacev3-1185964,ocds-dgv273-seacev3-1185964-2026-06-19T10:29:33.032215-05:00,1185964-20490548743,21199503,2,CONTRATACION DE LADRILLOS,CONTRATADO,active,,,,72700.0,128800.0,PEN,Soles,40,Unidad,PE-SEACE3-UnidadMedida
ocds-dgv273-seacev3-1215397,ocds-dgv273-seacev3-1215397-2026-06-19T10:29:24.258904-05:00,1215397-10013400372,21276588,1,SERVICIO DE ALQUILER DE INMUEBLE JEE PUNO,CONSENTIDO,active,8013150200094959,SERVICIO DE ALQUILER DE INMUEBLE,CUBSO,1.0,83600.0,PEN,Soles,36,Servicio,PE-SEACE3-UnidadMedida
ocds-dgv273-seacev3-1185949,ocds-dgv273-seacev3-1185949-2026-06-18T10:26:11.734219-05:00,1185949-20452440831,21197293,1,CEMENTO PORTLAND TIPO I X 42.50 kg,CONTRATADO,active,3011160100012771,CEMENTO PORTLAND TIPO I X 42.50 kg,CUBSO,637500.0,464250.0,PEN,Soles,18,Kilogramo,PE-SEACE3-UnidadMedida
ocds-dgv273-seacev3-1185781,ocds-dgv273-seacev3-1185781-2026-06-18T10:26:11.597464-05:00,1185781-20604300585,21199323,1,CONTRATACIÓN DE BIENES: ADQUISICIÓN DE ALIMENTOS (CON FICHA TÉCNICA APROBADA POR PERÚ COMPRAS) PARA LA CANASTA DEL PROGRAMA DE COMPLEMENTACIÓN ALIMENTARIA ¿ PCA (COMEDORES POPULARES ¿ OLLAS COMUNES) DE LA MUNICIPALIDAD PROVINCIAL DE TRUJILLO ¿ 2026,CONTRATADO,active,,,,6.0,3494785.2,PEN,Soles,40,Unidad,PE-SEACE3-UnidadMedida
ocds-dgv273-seacev3-1185781,ocds-dgv273-seacev3-1185781-2026-06-18T10:26:11.597464-05:00,1185781-20603720351,21199323,1,CONTRATACIÓN DE BIENES: ADQUISICIÓN DE ALIMENTOS (CON FICHA TÉCNICA APROBADA POR PERÚ COMPRAS) PARA LA CANASTA DEL PROGRAMA DE COMPLEMENTACIÓN ALIMENTARIA ¿ PCA (COMEDORES POPULARES ¿ OLLAS COMUNES) DE LA MUNICIPALIDAD PROVINCIAL DE TRUJILLO ¿ 2026,CONSENTIDO,active,,,,6.0,2647216.1,PEN,Soles,40,Unidad,PE-SEACE3-UnidadMedida
ocds-dgv273-seacev3-1185183,ocds-dgv273-seacev3-1185183-2026-06-18T10:25:49.221621-05:00,1185183-20494399386,21198537,1,DIESEL B5 S-50,CONTRATADO,active,1510150500233280,DIESEL B5 S-50,CUBSO,3500.0,48300.0,PEN,Soles,13,Galon,PE-SEACE3-UnidadMedida
ocds-dgv273-seacev3-1215526,ocds-dgv273-seacev3-1215526-2026-06-17T10:34:09.985616-05:00,1215526-1801644,21276928,4,"ITEM 4 - ALQUILER DE MOBILIARIOS: ANCASH, LIMA, CALLAO Y LIMA PROVINCIAS",CONSENTIDO,active,7215361300325562,SERVICIO DE ALQUILER DE MOBILIARIO PARA EVENTO,CUBSO,1.0,440777.28,PEN,Soles,36,Servicio,PE-SEACE3-UnidadMedida
ocds-dgv273-seacev3-1215526,ocds-dgv273-seacev3-1215526-2026-06-17T10:34:09.985616-05:00,1215526-1801644,21276930,6,ITEM 6 - ALQUILER DE MOBILIARIOS: AREQUIPA MADRE DE DIOS Y CUSCO,CONSENTIDO,active,7215361300325562,SERVICIO DE ALQUILER DE MOBILIARIO PARA EVENTO,CUBSO,1.0,290893.6,PEN,Soles,36,Servicio,PE-SEACE3-UnidadMedida
ocds-dgv273-seacev3-1215526,ocds-dgv273-seacev3-1215526-2026-06-17T10:34:09.985616-05:00,1215526-10443110670,21276932,7,"ITEM 7 - ALQUILER DE MOBILIARIOS: MOQUEGUA, PUNO Y TACNA",CONSENTIDO,active,7215361300325562,SERVICIO DE ALQUILER DE MOBILIARIO PARA EVENTO,CUBSO,1.0,193467.12,PEN,Soles,36,Servicio,PE-SEACE3-UnidadMedida
ocds-dgv273-seacev3-1215526,ocds-dgv273-seacev3-1215526-2026-06-17T10:34:09.985616-05:00,1215526-20479925241,21276926,2,"ITEM 2 - ALQUILER DE MOBILIARIOS: CAJAMARCA, SAN MARTIN, AMAZONAS Y LORETO",CONSENTIDO,active,7215361300325562,SERVICIO DE ALQUILER DE MOBILIARIO PARA EVENTO,CUBSO,1.0,509598.8,PEN,Soles,36,Servicio,PE-SEACE3-UnidadMedida
ocds-dgv273-seacev3-1215526,ocds-dgv273-seacev3-1215526-2026-06-17T10:34:09.985616-05:00,1215526-20524668573,21276929,5,"ITEM 5 - ALQUILER DE MOBILIARIOS: ICA, APURIMAC, HUANCAVELICA Y AYACUCHO",CONSENTIDO,active,7215361300325562,SERVICIO DE ALQUILER DE MOBILIARIO PARA EVENTO,CUBSO,1.0,290084.32,PEN,Soles,36,Servicio,PE-SEACE3-UnidadMedida
ocds-dgv273-seacev3-1215526,ocds-dgv273-seacev3-1215526-2026-06-17T10:34:09.985616-05:00,1215526-20606911000,21276925,1,"ITEM 1 - ALQUILER DE MOBILIARIOS: TUMBES, LAMBAYEQUE, PIURA Y LA LIBERTAD",CONSENTIDO,active,7215361300325562,SERVICIO DE ALQUILER DE MOBILIARIO PARA EVENTO,CUBSO,1.0,233265.17,PEN,Soles,36,Servicio,PE-SEACE3-UnidadMedida
ocds-dgv273-seacev3-1215526,ocds-dgv273-seacev3-1215526-2026-06-17T10:34:09.985616-05:00,1215526-20606911000,21276927,3,"ITEM 3 - ALQUILER DE MOBILIARIOS: HUANUCO, JUNIN, PASCO Y UCAYALI",CONSENTIDO,active,7215361300325562,SERVICIO DE ALQUILER DE MOBILIARIO PARA EVENTO,CUBSO,1.0,289171.62,PEN,Soles,36,Servicio,PE-SEACE3-UnidadMedida
ocds-dgv273-seacev3-1184927,ocds-dgv273-seacev3-1184927-2026-06-17T10:33:18.076008-05:00,1184927-1763009,21195806,1,"¿CREACION DE LOS SERVICIOS OPERATIVOS O MISIONALES INSTITUCIONALES EN EL CASERIO DE HUAY HUAY DEL DISTRITO DE NINACACA DE LA PROVINCIA DE PASCO DEL DEPARTAMENTO DE PASCO¿, CÚI N° 2690150",CONTRATADO,active,7212110100233077,CONSTRUCCION DE LOCAL COMUNAL,CUBSO,1.0,749788.3,PEN,Soles,40,Unidad,PE-SEACE3-UnidadMedida
ocds-dgv273-seacev3-1185518,ocds-dgv273-seacev3-1185518-2026-06-17T10:33:07.092956-05:00,1185518-20451481224,21196930,1,CONTRATACIÓN DE SERVICIO DE MANTENIMIENTO VIAL: MANTENIMIENTO PERIÓDICO DEL CAMINO VECINAL NO PAVIMENTADO TRAMO: EMP. (RVN) PE-5N ¿ UNIÓN SIRIA ¿ ALTO SIRIA DISTRITO DE CONSTITUCIÓN ¿ PROVINCIA DE OXAPAMPA ¿ REGIÓN PASCO,CONTRATADO,active,7214100300333937,SERVICIO DE MANTENIMIENTO PERIODICO DE CAMINOS,CUBSO,1.0,337087.76,PEN,Soles,36,Servicio,PE-SEACE3-UnidadMedida
ocds-dgv273-seacev3-2026-200262-9,ocds-dgv273-seacev3-2026-200262-9-2026-06-14T10:13:21.118273-05:00,1185894-20600877004,21197268,1,"SERVICIOS DE SEGURIDAD Y VIGILANCIA PARA EL  HOSPITAL DE LA AMISTAD PERU COREA SANTA ROSA II,2.",CONTRATADO,active,9210150100094854,SERVICIO DE SEGURIDAD Y VIGILANCIA,CUBSO,1.0,1499990.0,PEN,Soles,36,Servicio,PE-SEACE3-UnidadMedida
ocds-dgv273-seacev3-1185088,ocds-dgv273-seacev3-1185088-2026-06-14T10:13:12.811565-05:00,1185088-20600651901,21196534,1,"PLAN ANUAL DEL AÑO 2026 DE MONITOREO Y ANALISIS FISICO QUIMICO, HIDROBIOLOGICO, MICROBIOLOGICO Y AGUA RESIDUAL POR CONSULTORA AMBIENTAL O LABORATORIO ACREDITADO PARA EL CUMPLIMIENTO DE PLAN DE CONTROL DE CALIDAD (PCC)",CONSENTIDO,active,7017160200333487,SERVICIO DE ANALISIS DE LABORATORIO - DUREZA TOTAL EN MUESTRA DE AGUA,CUBSO,1.0,144060.0,PEN,Soles,36,Servicio,PE-SEACE3-UnidadMedida
ocds-dgv273-seacev3-2026-1269-1,ocds-dgv273-seacev3-2026-1269-1-2026-06-14T10:12:52.184735-05:00,1185363-20603358211,21196812,1,ADQUISICIÓN DE COMBUSTIBLE DIESEL B5 S50 UV (PETRÓLEO) PARA LAS UNIDADES VEHICULARES Y EQUIPOS DE LA MUNICIPALIDAD DISTRITAL DE MARMOT EL AÑO 2026,CONTRATADO,active,1510150500233280,DIESEL B5 S-50,CUBSO,3000.0,52500.0,PEN,Soles,13,Galon,PE-SEACE3-UnidadMedida
ocds-dgv273-seacev3-1185842,ocds-dgv273-seacev3-1185842-2026-06-13T10:20:36.116891-05:00,1185842-1765599,21199377,1,"CONTRATACIÓN DE SERVICIO DE MEJORAMIENTO Y ACONDICIONAMIENTO DE LOS AMBIENTES DE 03 QUINTAS CAMPESTRES A TODO COSTO PARA EL PLAN DE NEGOCIOS ""MEJORAMIENTO DEL SERVICIO DE GASTRONOMÍA DE LA ASOCIACIÓN DE QUINTA CAMPESTRE MIKHUNA WASI PUENTE CCOYO, DIS",CONSENTIDO,active,7211110900225267,SERVICIO DE ACONDICIONAMIENTO DE AMBIENTES PARA ALBERGUES,CUBSO,1.0,115550.0,PEN,Soles,36,Servicio,PE-SEACE3-UnidadMedida
ocds-dgv273-seacev3-1208168,ocds-dgv273-seacev3-1208168-2026-06-13T10:20:14.044560-05:00,1208168-20453695957,21255801,1,MEJORAMIENTO DEL SERVICIO DE MOVILIDAD URBANA EN AV. JHON F. KENNEDY COMPRENDIDO DESDE LA CA. REMIGIO SILVA HASTA LA AV. EL DORADO Y CA. LAMBAYEQUE COMPRENDIDO DESDE LA AV. EL DORADO HASTA AUGUSTO B. LEGUIA DISTRITO DE JOSE LEONARDO ORTIZ DE LA PROVI,CONTRATADO,active,7214100300342329,MEJORAMIENTO DE PISTAS Y VEREDAS,CUBSO,1.0,8905073.36,PEN,Soles,36,Servicio,PE-SEACE3-UnidadMedida
ocds-dgv273-seacev3-1185462,ocds-dgv273-seacev3-1185462-2026-06-11T10:26:17.597779-05:00,1185462-10329487151,21196882,1,"¿SERVICIO DE CONTRATACIÓN DE UNA PERSONA NATURAL Y/O JURÍDICA PARA EL SERVICIO DE CONTROL, FISCALIZACIÓN Y RECAUDACIÓN TRIBUTARIA Y NO TRIBUTARIA A LOS PRINCIPALES CONTRIBUYENTES DEL DISTRITO DE COISHCO, DE ACUERDO A LO QUE ESTIPULA EL CÓDIGO TRIBUTA",CONTRATADO,active,8410170400128794,SERVICIO DE RECAUDACION DE DEUDAS,CUBSO,1.0,300000.0,PEN,Soles,36,Servicio,PE-SEACE3-UnidadMedida
ocds-dgv273-seacev3-2026-614-6,ocds-dgv273-seacev3-2026-614-6-2026-06-10T10:32:28.140852-05:00,1185318-1768988,21196761,1,CREACION DEL SERVICIO DE MOVILIDAD URBANA EN LAS VÍAS LOCALES DEL SECTOR 16 EL ESTANCO EN EL CENTRO POBLADO CAJAMARCA DEL DISTRITO DE CAJAMARCA - PROVINCIA DE CAJAMARCA - DEPARTAMENTO DE CAJAMARCA,CONTRATADO,active,7214100100392916,SERVICIO DE CONSTRUCCION DE PISTAS Y VEREDAS,CUBSO,1.0,8517559.87,PEN,Soles,36,Servicio,PE-SEACE3-UnidadMedida
ocds-dgv273-seacev3-2026-755-1,ocds-dgv273-seacev3-2026-755-1-2026-06-07T10:10:23.255483-05:00,1185239-20527590648,21198566,1,HARINAS Y HOJUELAS,ADJUDICADO,pending,,,,2.0,567300.0,PEN,Soles,40,Unidad,PE-SEACE3-UnidadMedida
ocds-dgv273-seacev3-1184599,ocds-dgv273-seacev3-1184599-2026-06-07T10:10:11.968251-05:00,1184599-1761545,21195041,1,"ejecución de la obra: ¿MEJORAMIENTO DE LOS SERVICIOS DE TRANSITABILIDAD VEHICULAR Y PEATONAL EN EL SECTOR LOS ÁNGELES DEL DISTRITO DE COMANDANTE NOEL ¿ PROVINCIA DE CASMA ¿ DEPARTAMENTO DE ÁNCASH""",CONTRATADO,active,7214100300342329,MEJORAMIENTO DE PISTAS Y VEREDAS,CUBSO,1.0,2977115.49,PEN,Soles,40,Unidad,PE-SEACE3-UnidadMedida
ocds-dgv273-seacev3-1185677,ocds-dgv273-seacev3-1185677-2026-06-06T10:21:49.791310-05:00,1185677-1771687,21199190,1,"CONTRATACION DEL SERVICIO DE CONSULTORIA PARA SUPERVISION DE OBRA: ""MEJORAMIENTO DEL SERVICIO DE ATENCIÓN DE SALUD BÁSICOS EN AHUYACA DE CENTRO POBLADO AHUYACA, DISTRITO DE COLASAY, DE LA PROVINCIA DE JAEN DEL DEPARTAMENTO DE CAJAMARCA¿ ¿ CUI N° 2657",ADJUDICADO,pending,8110150800362880,SUPERVISION DE OBRA DE AMPLIACION DE INFRAESTRUCTURA DE SALUD,CUBSO,1.0,453000.0,PEN,Soles,36,Servicio,PE-SEACE3-UnidadMedida
ocds-dgv273-seacev3-1185910,ocds-dgv273-seacev3-1185910-2026-06-06T10:21:37.616488-05:00,1185910-1769993,21197274,1,"CONSULTORÍA DE OBRA PARA LA ELABORACION DEL EXPEDIENTE TECNICO DENOMINADO: ¿AMPLIACION DEL SERVICIO DE MOVILIDAD URBANA EN PASAJES 1,2,3,4,6,9, JIRON 2 EN EL AA.HH. LOS BALCONES DE CENTRO POBLADO MARIANO MELGAR DISTRITO DE MARIANO MELGAR DE LA PROVIN",CONTRATADO,active,8110151000086208,ELABORACION DE EXPEDIENTE TECNICO DE OBRA PARA PAVIMENTACION DE CALLES Y SIMILARES,CUBSO,1.0,172500.0,PEN,Soles,40,Unidad,PE-SEACE3-UnidadMedida
ocds-dgv273-seacev3-2026-537-2,ocds-dgv273-seacev3-2026-537-2-2026-06-06T10:21:15.825790-05:00,1185278-20107034413,21196703,1,ADQUISICIÓN DE COMBUSTIBLE PARA LAS DIFERENTES AREAS DE LA MUNICIPALIDAD PROVINCIAL DE HUANTA,CONTRATADO,active,,,,10120.0,137916.3,PEN,Soles,40,Unidad,PE-SEACE3-UnidadMedida
ocds-dgv273-seacev3-2026-1003026320-1,ocds-dgv273-seacev3-2026-1003026320-1-2026-06-06T10:21:04.022572-05:00,1185890-20539200390,21197262,1,"CONTRATACIÓN DEL SERVICIO DE TRANSPORTE FLUVIAL Y TERRESTRE PARA LA DISTRIBUCIÓN DEL MATERIAL EDUCATIVO Y FUNGIBLE A LAS INSTITUCIONES EDUCATIVAS DE LA JURISDICCIÓN DE LA UGEL INTERCULTURAL BILINGÜE Y RURAL IMAZA-BAGUA, CORRESPONDIENTE A LA DOTACIÓN",CONTRATADO,active,7814150100232661,SERVICIO DE TRANSPORTE DE TEXTOS ESCOLARES Y MATERIAL EDUCATIVO,CUBSO,1.0,400006.53,PEN,Soles,36,Servicio,PE-SEACE3-UnidadMedida
ocds-dgv273-seacev3-1197981,ocds-dgv273-seacev3-1197981-2026-06-05T10:30:49.319817-05:00,1197981-1773281,21227331,1,"CONTRATACIÓN DE LA EJECUCIÓN DE LA OBRA: MEJORAMIENTO DEL SERVICIO DE ATENCIÓN Y PROMOCIÓN DE LAS FAMILIAS EN SALÓN MULTIUSOS DE CENTRO POBLADO SAN PEDRO, DISTRITO DE PAIMAS DE LA PROVINCIA DE AYABACA DEL DEPARTAMENTO DE PIURA, CON CUI N 2630511",CONTRATADO,active,7212110100233077,CONSTRUCCION DE LOCAL COMUNAL,CUBSO,1.0,329599.9,PEN,Soles,40,Unidad,PE-SEACE3-UnidadMedida
ocds-dgv273-seacev3-1185807,ocds-dgv273-seacev3-1185807-2026-06-05T10:30:48.672731-05:00,1185807-20609854759,21199350,1,CAMION CISTERNA DE 5000GLN,CONTRATADO,active,2510161000383229,CAMION CISTERNA DE 5000 gal,CUBSO,1.0,709000.0,PEN,Soles,40,Unidad,PE-SEACE3-UnidadMedida
ocds-dgv273-seacev3-1191891,ocds-dgv273-seacev3-1191891-2026-06-05T10:30:26.901157-05:00,1191891-1772103,21212456,1,"MEJORAMIENTO Y AMPLIACION DEL SERVICIO DE PROVISION DE AGUA PARA RIEGO EN EL SERVICIO DE INFRAESTRUCTURA HIDRAULICA, EN LAS LOCALIDADES DE NARANJO ALTO Y CARDON, DISTRITO DE TACABAMBA DE LA PROVINCIA DE CHOTA DEL DEPARTAMENTO DE CAJAMARCA",CONTRATADO,active,7212120300233023,CONSTRUCCION DE CANALES DE RIEGO,CUBSO,1.0,8543859.97,PEN,Soles,40,Unidad,PE-SEACE3-UnidadMedida
ocds-dgv273-seacev3-1185578,ocds-dgv273-seacev3-1185578-2026-06-05T10:29:40.584008-05:00,1185578-1788086,21196958,1,SERVICIO DE LIMPIEZA Y DESINFECCIÓN PARA LAS ÁREAS ASISTENCIALES Y ADMINISTRATIVAS DEL HOSPITAL DE LIMA ESTE VITARTE ¿ 730 DIAS,CONTRATADO,active,9111160200225369,SERVICIO DE LAVADO Y LIMPIEZA DE TANQUES DE BARCO,CUBSO,1.0,17468927.01,PEN,Soles,36,Servicio,PE-SEACE3-UnidadMedida
ocds-dgv273-seacev3-2026-10406-2,ocds-dgv273-seacev3-2026-10406-2-2026-06-05T10:29:40.519523-05:00,1185398-1773543,21196840,1,"CONTRATACIÓN DEL SERVICIO DE ALQUILER DE EXCAVADORA SOBRE ORUGA DE 211 HP A MAS (MAQUINA SERVIDA A TODO COSTO) PARA EL PROYECTO MEJORAMIENTO DEL SERVICIO DE TRANSITABILIDAD DE LA RUTA YACA- OCOBAMBA-TACCACCA-RUNAHUAÑUSCCA, DE LOS DISTRITOS DE CIRCA Y CHUQUIBAMBILLA DE LAS PROVINCIAS DE ABANCAY Y GRAU DEL DEPARTAMENTO DE APURIMAC",CONTRATADO,active,7214170100360040,SERVICIO DE ALQUILER DE EXCAVADORA HIDRAULICA SOBRE ORUGA,CUBSO,1.0,785400.0,PEN,Soles,36,Servicio,PE-SEACE3-UnidadMedida
ocds-dgv273-seacev3-2026-424-2,ocds-dgv273-seacev3-2026-424-2-2026-06-04T10:35:28.537686-05:00,1185543-1768858,21196934,1,"CONTRATACIÓN DE UNA PERSONA NATURAL O JURÍDICA ENCARGADA DE LA EJECUCION DE LA FICHA DE MANTENIMIENTO DENOMINADA: MANTENIMIENTO DEL PARQUE JUVENTUD EVELYN REVILLA PINTO ASOCIACION ARTESANAL EL MISTI DEL DISTRITO DE ALTO SELVA ALEGRE, PROVINCIA DE AREQUIPA, DEPARTAMENTO DE AREQUIPA",CONTRATADO,active,7214112800351486,SERVICIO DE MANTENIMIENTO DE PARQUE Y PLAZA,CUBSO,1.0,296000.0,PEN,Soles,36,Servicio,PE-SEACE3-UnidadMedida
ocds-dgv273-seacev3-1184523,ocds-dgv273-seacev3-1184523-2026-06-03T10:34:13.421814-05:00,1184523-1777981,21194578,1,CONTRATACION PARA LA EJECUCIÓN DE LA OBRA MEJORAMIENTO DEL SERVICIO DE EDUCACIÓN INICIAL EN I.E. 86797 DE CENTRO POBLADO SAN ROQUE DE CHUNAS DISTRITO DE RAPAYAN DE LA PROVINCIA DE HUARI DEL DEPARTAMENTO DE ANCASH CON CUI N 2660892,CONTRATADO,active,7212140600359845,AMPLIACION DE INFRAESTRUCTURA DE CENTROS EDUCATIVOS,CUBSO,1.0,4496609.07,PEN,Soles,40,Unidad,PE-SEACE3-UnidadMedida
ocds-dgv273-seacev3-1185401,ocds-dgv273-seacev3-1185401-2026-05-31T10:14:57.382184-05:00,1185401-1768971,21196852,1,"EJECUCION DE OBRA: CREACION DEL SERVICIO DE TRANSITABILIDAD VEHICULAR Y PEATONAL EN EL CENTRO POBLADO DE HUARIPAMPA CENTRAL, HUARIPAMPA ALTO, HUARIPAMPA BAJO - DISTRITO DE SAN MARCOS - PROVINCIA DE HUARI - DEPARTAMENTO DE ANCASH, CON CUI 2344302",CONTRATADO,active,7214100100233029,CONSTRUCCION DE CARRETERA,CUBSO,1.0,27077561.4,PEN,Soles,36,Servicio,PE-SEACE3-UnidadMedida
ocds-dgv273-seacev3-1185858,ocds-dgv273-seacev3-1185858-2026-05-31T10:14:38.304382-05:00,1185858-20495042171,21199403,1,"ADQUISICIÓN DE COMBUSTIBLE (PETROLIO DIESEL D5 Y GASOHOL REGULAR) PARA LA OBRA: ""CREACIÓN DE LA TROCHA CARROZABLE DEL CENTRO POBLADO DE PUCACOLPA A LA COMUINIDAD DE SANABAMBA, DISTRITO DE PUCACOLPA - HUANTA - AYACUCHO"" - TERCER ETAPA, CON CODIGO UNIC",CONTRATADO,active,,,,2.0,72131.0,PEN,Soles,40,Unidad,PE-SEACE3-UnidadMedida
ocds-dgv273-seacev3-1219975,ocds-dgv273-seacev3-1219975-2026-05-31T10:14:24.509485-05:00,1219975-20604241341,21291527,1,SERVICIO DE TRANSMISION DE DATOS - EG 2026,CONTRATADO,active,7215160500395990,SERVICIO DE TRANSMISION DE VOZ Y DATOS.,CUBSO,1.0,1000000.0,PEN,Soles,36,Servicio,PE-SEACE3-UnidadMedida
ocds-dgv273-seacev3-1185047,ocds-dgv273-seacev3-1185047-2026-05-31T10:14:19.344480-05:00,1185047-20609932636,21196182,1,DIESEL B5 S-50,CONTRATADO,active,1510150500233280,DIESEL B5 S-50,CUBSO,5819.63,87294.45,PEN,Soles,13,Galon,PE-SEACE3-UnidadMedida
ocds-dgv273-seacev3-1185031,ocds-dgv273-seacev3-1185031-2026-05-30T10:22:59.854962-05:00,1185031-1763249,21196135,1,"EJECUCIÓN DE LA OBRA: CREACIÓN DEL SERVICIO DE PROVISIÓN DE AGUA PARA RIEGO EN SISTEMA DE RIEGO DE LA LOCALIDAD DE TUPAC AMARU DE POMAVILCA, DISTRITO DE ACOBAMBA DE LA PROVINCIA DE ACOBAMBA DEL DEPARTAMENTO DE HUANCAVELICA ¿ CUI N° 2614091",CONTRATADO,active,7212120300233011,CONSTRUCCION DE SISTEMA DE RIEGO,CUBSO,1.0,2760716.41,PEN,Soles,36,Servicio,PE-SEACE3-UnidadMedida
ocds-dgv273-seacev3-2026-200340-4,ocds-dgv273-seacev3-2026-200340-4-2026-05-30T10:22:37.865941-05:00,1185284-20555436743,21196707,1,SERVICIO DE SEGURIDAD Y VIGILANCIA DEPOSITO DE SANTA ROSA,CONTRATADO,active,9210150100094854,SERVICIO DE SEGURIDAD Y VIGILANCIA,CUBSO,1.0,1757603.49,PEN,Soles,36,Servicio,PE-SEACE3-UnidadMedida
ocds-dgv273-seacev3-1190343,ocds-dgv273-seacev3-1190343-2026-05-29T10:32:09.823789-05:00,1190343-1768180,21208650,1,"CONTRATACIÓN DE CONSULTORIA EN GENERAL PARA LA FORMULACION DE LA FICHA TECNICA O ESTUDIO DE PREINVERSION DENOMINADO ¿MEJORAMIENTO DEL SERVICIO DE PROVISIÓN DE AGUA PARA RIEGO EN EL SECTOR DE MONTE, SECTOR DE SAGATU, SECTOR DE MACHE PAMPA, SECTOR DE Y",CONTRATADO,active,8412170300304762,CONSULTORIA PARA ELABORACION DE ESTUDIO DE DETERMINACION DE COSTO DE INVERSION RELACIONADO A RIEGO,CUBSO,1.0,97685.0,PEN,Soles,36,Servicio,PE-SEACE3-UnidadMedida
ocds-dgv273-seacev3-2026-1317-1,ocds-dgv273-seacev3-2026-1317-1-2026-05-29T10:31:57.885950-05:00,1185127-20600989040,21198467,1,"Adquisición de Insumos que Conforman la Ración Alimentaria, Leche Evaporada Entera y Hojuela de Avena, Quinua y Kiwicha Enriquecida con Vitaminas y Minerales, para el Programa del Vaso de Leche del Distrito de El Agustino período 2026.",CONTRATADO,active,,,,967784.0,3619617.8,PEN,Soles,40,Unidad,PE-SEACE3-UnidadMedida
ocds-dgv273-seacev3-2026-217-2,ocds-dgv273-seacev3-2026-217-2-2026-05-28T10:19:57.539022-05:00,1185506-10450069774,21199016,1,CONSULTORÍA DE OBRA PARA LA SUPERVISION DE LA OBRA: ¿MEJORAMIENTO Y AMPLIACION DEL SERVICIO DE EDUCACIÓN SECUNDARIA EN LA I.E. JUAN VELASCO ALVARADO DISTRITO DE HUACHIS DE LA PROVINCIA DE HUARI DEL DEPARTAMENTO DE ANCASH¿ - CUI 2625493,ADJUDICADO,pending,8110150800362877,SUPERVISION DE OBRA DE AMPLIACION DE CENTROS EDUCATIVOS,CUBSO,1.0,708075.05,PEN,Soles,36,Servicio,PE-SEACE3-UnidadMedida
ocds-dgv273-seacev3-1198786,ocds-dgv273-seacev3-1198786-2026-05-27T10:39:33.916224-05:00,1198786-10803736460,21229827,1,ADQUISICION DE PRODUCTOS ALIMENTARIOS PARA EL PROGRAMA DEL VASO DE LECHE DE LA MUNICIPALIDAD DISTRITAL DE PARAMONGA PARA EL AÑO FISCAL 2026,ADJUDICADO,pending,,,,1.0,299851.74,PEN,Soles,40,Unidad,PE-SEACE3-UnidadMedida
ocds-dgv273-seacev3-1185721,ocds-dgv273-seacev3-1185721-2026-05-27T10:39:32.231894-05:00,1185721-20608330021,21199246,01,SERVICIO DE CONFECCION MONTAJE E INSTALACION DE COBERTURA EN PATIO DE HONOR DE NIVEL SECUNDARIA PARA LA OBRA ¿INSTALACION DEL SERVICIO EDUCATIVO MODELO DEL NIVEL PRIMARIA Y SECUNDARIA EN EL ASENTAMIENTO HUMANO VISTA AL MAR MZ C DEL CENTRO POBLADO PAM,CONTRATADO,active,7215260500367834,SERVICIO DE INSTALACION DE COBERTURA CON PLANCHA DE METAL,CUBSO,1.0,402200.0,PEN,Soles,36,Servicio,PE-SEACE3-UnidadMedida
ocds-dgv273-seacev3-1201771,ocds-dgv273-seacev3-1201771-2026-05-24T10:08:27.480719-05:00,1201771-20601770114,21238658,1,Renovación de la suscripción del licenciamiento del servicio de Microsoft 365 para el personal del Senace,CONTRATADO,active,8111250100367527,SERVICIO DE RENOVACION DE LICENCIA DE SOFTWARE OFIMATICA,CUBSO,1.0,365286.95,PEN,Soles,36,Servicio,PE-SEACE3-UnidadMedida
ocds-dgv273-seacev3-2026-1952-104,ocds-dgv273-seacev3-2026-1952-104-2026-05-23T10:25:02.847883-05:00,1187224-10432258756,21200785,1,ANALISTA FUNCIONAL PARA LA IMPLEMENTACIÓN DE LOS PROYECTOS VINCULADOS AL DESARROLLO DE LA NUEVA PLATAFORMA DE CONTRATACIÓN PÚBLICA - SISTEMA DE COMPRAS PUBLICAS,CONTRATADO,active,8111181900374702,CONSULTORIA PARA CONTROL DE CALIDAD DE DESARROLLO DE SOFTWARE,CUBSO,1.0,30000.0,PEN,Soles,36,Servicio,PE-SEACE3-UnidadMedida
ocds-dgv273-seacev3-1184763,ocds-dgv273-seacev3-1184763-2026-05-23T10:24:50.541559-05:00,1184763-20516859971,21195514,1,"Servicio de Alquiler de Minivan para la Gerencia de Mantenimiento Vial, Puentes y Obras Sociales¿ por situación de emergencia, de acuerdo a la Ordenanza N°2789",CONTRATADO,active,7811180400232604,SERVICIO DE MOVILIDAD DE PERSONAL,CUBSO,1.0,81840.0,PEN,Soles,40,Unidad,PE-SEACE3-UnidadMedida
ocds-dgv273-seacev3-1185645,ocds-dgv273-seacev3-1185645-2026-05-23T10:24:40.244698-05:00,1185645-20297885538,21197009,1,CONTRATACIÓN DEL SERVICIO DE EJECUCIÓN DE EVENTO Y ALIMENTACIÓN PARA LA REUNIÓN PREPARATORIA DE LA CONFERENCIA DE MINISTROS DE DEFENSA DE LAS AMÉRICAS,CONTRATADO,active,,,,2.0,479756.31,PEN,Soles,40,Unidad,PE-SEACE3-UnidadMedida
ocds-dgv273-seacev3-2026-614-4,ocds-dgv273-seacev3-2026-614-4-2026-05-23T10:24:18.116322-05:00,1185583-1769538,21196960,1,"CREACIÓN DEL SERVICIO DE TRANSITABILIDAD VEHICULAR Y PEATONAL EN LA AV. FRANCISCO PIZARRO ENTRE EL JR. JAPÓN Y EL JR. JULIO TAPIA SECTOR 17 LUCMACUCHO DEL DISTRITO DE CAJAMARCA ¿ PROVINCIA DE CAJAMARCA ¿ DEPARTAMENTO DE CAJAMARCA¿, con Código de Inversiones N° 2565696",CONTRATADO,active,7214100100392916,SERVICIO DE CONSTRUCCION DE PISTAS Y VEREDAS,CUBSO,1.0,9405286.48,PEN,Soles,36,Servicio,PE-SEACE3-UnidadMedida
ocds-dgv273-seacev3-2026-1952-88,ocds-dgv273-seacev3-2026-1952-88-2026-05-22T10:33:28.151845-05:00,1187180-10415007952,21200738,1,ANALISTA DE CALIDAD (QUALITY ASSURANCE - QA) PARA PROYECTOS VINCULADOS AL DESARROLLO DE LA NUEVA PLATAFORMA DE CONTRATACIÓN PÚBLICA - SISTEMA DE PAGOS ELECTRONICOS,CONTRATADO,active,8111181900374702,CONSULTORIA PARA CONTROL DE CALIDAD DE DESARROLLO DE SOFTWARE,CUBSO,1.0,24000.0,PEN,Soles,36,Servicio,PE-SEACE3-UnidadMedida
ocds-dgv273-seacev3-2026-1952-106,ocds-dgv273-seacev3-2026-1952-106-2026-05-22T10:33:18.257037-05:00,1187184-10072547239,21200748,1,LÍDER TÉCNICO PARA LA IMPLEMENTACIÓN DE LOS PROYECTOS VINCULADOS AL DESARROLLO DE LA NUEVA PLATAFORMA DE CONTRATACIÓN PÚBLICA - SISTEMA DE COMPRAS PUBLICAS,CONTRATADO,active,8111181900374702,CONSULTORIA PARA CONTROL DE CALIDAD DE DESARROLLO DE SOFTWARE,CUBSO,1.0,30000.0,PEN,Soles,36,Servicio,PE-SEACE3-UnidadMedida
ocds-dgv273-seacev3-2026-1952-58,ocds-dgv273-seacev3-2026-1952-58-2026-05-22T10:32:55.468850-05:00,1187138-10701062537,21200706,1,CONTRATACION DE ANALISTA UI  01 PARA LA IMPLEMENTACIÓN DE LOS PROYECTOS VINCULADOS AL DESARROLLO DE LA NUEVA PLATAFORMA DE CONTRATACIÓN PÚBLICA - OBSERVATORIO,CONTRATADO,active,8111151100336951,SERVICIO DE ANALISIS Y DISEÑO DE SISTEMA INFORMATICO,CUBSO,1.0,24000.0,PEN,Soles,36,Servicio,PE-SEACE3-UnidadMedida
ocds-dgv273-seacev3-2026-1952-63,ocds-dgv273-seacev3-2026-1952-63-2026-05-22T10:32:54.476720-05:00,1187195-10464372461,21200761,1,DESARROLLADOR BACK-END 01 PARA LOS PROYECTOS VINCULADOS AL DESARROLLO DE LA NUEVA PLATAFORMA DE CONTRATACIÓN PÚBLICA - GESTION DE TRAMITE,CONTRATADO,active,8111160200336956,SERVICIO DE DESARROLLO DE APLICACION JAVA,CUBSO,1.0,25500.0,PEN,Soles,36,Servicio,PE-SEACE3-UnidadMedida
ocds-dgv273-seacev3-2026-1952-63,ocds-dgv273-seacev3-2026-1952-63-2026-05-22T10:32:54.476720-05:00,1187195-10480164453,21200762,2,DESARROLLADOR BACK-END 02 PARA LOS PROYECTOS VINCULADOS AL DESARROLLO DE LA NUEVA PLATAFORMA DE CONTRATACIÓN PÚBLICA - GESTION DE TRAMITE,CONTRATADO,active,8111160200336956,SERVICIO DE DESARROLLO DE APLICACION JAVA,CUBSO,1.0,25500.0,PEN,Soles,36,Servicio,PE-SEACE3-UnidadMedida
ocds-dgv273-seacev3-1185180,ocds-dgv273-seacev3-1185180-2026-05-22T10:32:42.951392-05:00,1185180-20607510092,21198480,1,CEMENTO PORTLAND TIPO HS X 42.50 kg,CONTRATADO,active,3011160100337727,CEMENTO PORTLAND TIPO HS X 42.50 kg,CUBSO,9200.0,305440.0,PEN,Soles,40,Unidad,PE-SEACE3-UnidadMedida
ocds-dgv273-seacev3-1185950,ocds-dgv273-seacev3-1185950-2026-05-22T10:32:42.493857-05:00,1185950-10425176078,21197299,2,Adquisición de Combustible (Diésel B5 S50 UV y Gasohol Regular) para las Oficinas de la Municipalidad Distrital de Pimpingos ¿ Año Fiscal 2026,CONTRATADO,active,,,,4330.0,69651.0,PEN,Soles,40,Unidad,PE-SEACE3-UnidadMedida
ocds-dgv273-seacev3-2026-1952-66,ocds-dgv273-seacev3-2026-1952-66-2026-05-22T10:32:35.041789-05:00,1187167-10413330918,21198317,1,ANALISTA FUNCIONAL PARA LOS PROYECTOS VINCULADOS AL DESARROLLO DE LA NUEVA PLATAFORMA DE CONTRATACIÓN PÚBLICA - GESTION DE APRENDIZAJE Y CERTIFICACION,CONTRATADO,active,8010150700225506,CONSULTORIA PARA IMPLEMENTACION DE PLATAFORMA VIRTUAL,CUBSO,1.0,30000.0,PEN,Soles,36,Servicio,PE-SEACE3-UnidadMedida
ocds-dgv273-seacev3-1186177,ocds-dgv273-seacev3-1186177-2026-05-21T10:32:00.859691-05:00,1186177-20571157005,21197565,1,"EJECUCION DE LA OBRA MEJORAMIENTO DEL SERVICIO DE TRANSITABILIDAD VEHICULAR Y PEATONAL DEL JR. PERÚ CUADRA V, VI, VII DEL DISTRITO DE POMABAMBA ¿ PROVINCIA DE POMABAMBA ¿ DEPARTAMENTO DE ANCASH, con CUI Nº 2456732",CONSENTIDO,active,7214100300342329,MEJORAMIENTO DE PISTAS Y VEREDAS,CUBSO,1.0,2725894.99,PEN,Soles,36,Servicio,PE-SEACE3-UnidadMedida
ocds-dgv273-seacev3-2026-10406-4,ocds-dgv273-seacev3-2026-10406-4-2026-05-21T10:31:50.503908-05:00,1185525-10702535510,21199049,1,"CONTRATACION DEL SERVICIO DE ALQUILER DE TRACTOR SOBRE ORUGA DE 230 HP A MAS (MAQUINA SERVIDA A TODO COSTO) PROYECTO MEJORAMIENTO DEL SERVICIO DE TRANSITABILIDAD DE LA RUTA  YACA - OCOBAMBA - TACCACCA  - RUNAHUAÑUSCCA, DE LOS DISTRITOS DE CIRCA Y CHUQUIBAMBILLA DE LAS PROVINCIAS DE ABANCAY Y GRAU DEL DEPARTAMENTO DE APURIMAC",CONTRATADO,active,7214170100232880,SERVICIO DE ALQUILER DE TRACTOR ORUGA,CUBSO,1.0,242000.0,PEN,Soles,36,Servicio,PE-SEACE3-UnidadMedida
ocds-dgv273-seacev3-2026-200430-6,ocds-dgv273-seacev3-2026-200430-6-2026-05-21T10:31:50.178557-05:00,1188075-20602837735,21203097,1,"¿Contratación del Servicio de enlace dedicado para el acceso a Internet en el Hospital II-2 Tarapoto, Banco de Sangre Regional y Laboratorio Referencial¿",CONTRATADO,active,8312170300232426,SERVICIO DE INTERNET IP,CUBSO,1.0,300000.0,PEN,Soles,36,Servicio,PE-SEACE3-UnidadMedida
ocds-dgv273-seacev3-2026-10437-1,ocds-dgv273-seacev3-2026-10437-1-2026-05-21T10:31:16.877598-05:00,1185171-20491819571,21196624,1,SERVICIO DE TRANSPORTE TERRESTRE PARA LA DISTRIBUCIÓN DE MATERIAL EDUCATIVO - DOTACIÓN 2026,CONTRATADO,active,7814150100232661,SERVICIO DE TRANSPORTE DE TEXTOS ESCOLARES Y MATERIAL EDUCATIVO,CUBSO,32348.46,88958.26,PEN,Soles,18,Kilogramo,PE-SEACE3-UnidadMedida
ocds-dgv273-seacev3-2026-1212-1,ocds-dgv273-seacev3-2026-1212-1-2026-05-21T10:31:16.861685-05:00,1185502-10435848813,21199013,1,MEJORAMIENTO Y AMPLIACION DEL SERVICIO DE AGUA POTABLE RURAL Y AMPLIACION DEL SERVICIO DE ALCANTARILLADO U OTRAS FORMAS DE DISPOSICIÓN SANITARIA DE EXCRETAS EN LA LOCALIDAD DE CANUCUBAMBA DISTRITO DE CHUGAY DE LA PROVINCIA DE SANCHEZ CARRION DEL DE,CONTRATADO,active,8110151500086190,ELABORACION DE EXPEDIENTE TECNICO DE OBRA PARA CONSTRUCCION DE CONEXIONES DOMICIALIARIAS DE AGUA POTABLE Y ALCANTARILLADO,CUBSO,1.0,97881.0,PEN,Soles,36,Servicio,PE-SEACE3-UnidadMedida
ocds-dgv273-seacev3-1185314,ocds-dgv273-seacev3-1185314-2026-05-20T10:31:14.329537-05:00,1185314-1765142,21196769,1,"SERVICIO DE CONSULTORÍA PARA LA ELABORACIÓN DE UN PLAN DE SOSTENIBILIDAD URBANO - AMBIENTAL PARA LA REVITALIZACIÓN URBANA DE LA MACRO MANZANA DEL MERCADO SAN CAMILO EN EL CENTRO HISTÓRICO DE AREQUIPA, DISTRITO DE AREQUIPA PROVINCIA DE AREQUIPA, DEPAR",CONTRATADO,active,8010160400328825,CONSULTORIA DE ELABORACION DE PLAN DE PROYECTO PARA INVERSION PUBLICA,CUBSO,1.0,399993.33,PEN,Soles,36,Servicio,PE-SEACE3-UnidadMedida
ocds-dgv273-seacev3-1209019,ocds-dgv273-seacev3-1209019-2026-05-20T10:30:44.207637-05:00,1209019-20613147048,21258272,1,ADQUISICION DE AZUCAR RUBIA DOMESTICA PARA EL PROGRAMA DEL VASO DE LECHE,CONTRATADO,active,5016150900278002,AZUCAR RUBIA DOMESTICA,CUBSO,128000.0,230400.0,PEN,Soles,40,Unidad,PE-SEACE3-UnidadMedida
ocds-dgv273-seacev3-1184984,ocds-dgv273-seacev3-1184984-2026-05-20T10:30:31.313077-05:00,1184984-1763866,21196094,1,"CONTRATACIÓN DE UNA PERSONA NATURAL Y/O JURÍDICA PARA LA EJECUCIÓN DE LA OBRA ""MEJORAMIENTO E IMPLEMENTACIÓN PARA LA INSTITUCIÓN EDUCATIVA N°30943 DE LA LOCALIDAD DE COLCABAMBA DEL DISTRITO DE COLCABAMBA - PROVINCIA DE TAYACAJA - DEPARTAMENTO DE HUAN",CONTRATADO,active,7212140600359845,AMPLIACION DE INFRAESTRUCTURA DE CENTROS EDUCATIVOS,CUBSO,1.0,467776.1,PEN,Soles,36,Servicio,PE-SEACE3-UnidadMedida
ocds-dgv273-seacev3-1185241,ocds-dgv273-seacev3-1185241-2026-05-17T10:12:51.259846-05:00,1185241-20600349342,21198562,1,"ADQUISICIÓN DE COMBUSTIBLE PARA EL PROYECTO (0404): MEJORAMIENTO Y AMPLIACION DEL SERVICIO DE ENERGÍA ELÉCTRICA MEDIANTE SISTEMA CONVENCIONAL EN EL SECTOR DE MAPITUNARI Y ALTO MAPITUNARI, DISTRITO DE QUELLOUNO - PROVINCIA DE LA CONVENCION - DEPARTAME",CONTRATADO,active,,,,2.0,58327.5,PEN,Soles,40,Unidad,PE-SEACE3-UnidadMedida
ocds-dgv273-seacev3-1185112,ocds-dgv273-seacev3-1185112-2026-05-17T10:12:31.918102-05:00,1185112-1778522,21196539,1,Alimentacion comedor universitario,ADJUDICADO,pending,9111160300225305,SERVICIO DE PREPARACION DE ALMUERZO,CUBSO,1.0,4523200.0,PEN,Soles,36,Servicio,PE-SEACE3-UnidadMedida
ocds-dgv273-seacev3-1185438,ocds-dgv273-seacev3-1185438-2026-05-16T10:22:15.225846-05:00,1185438-20601165946,21198933,1,"CONTRATACIÓN DE SERVICIO DE CONSTRUCCION DE COBERTURA DE INSTALACIONES DEPORTIVAS; EN EL(LA) I.E. JOSE GALVEZ EN EL CENTRO POBLADO SANTA ROSA, DISTRITO DE SANTA ROSA, PROVINCIA LA MAR, DEPARTAMENTO AYACUCHO",CONTRATADO,active,7212110200339377,SERVICIO DE FABRICACION DE TECHO DE ESTRUCTURA METALICA,CUBSO,1.0,164000.0,PEN,Soles,36,Servicio,PE-SEACE3-UnidadMedida
ocds-dgv273-seacev3-2026-2430-9,ocds-dgv273-seacev3-2026-2430-9-2026-05-16T10:21:54.612321-05:00,1184863-20530896821,21195685,1,ADQUISICIÓN DE ÓXIDO DE CALCIO PARA EL TRATAMIENTO DE AGUAS ACIDAS PROVENIENTES DE LA RELAVERA QUIULACOCHA,CONTRATADO,active,1235230300024829,OXIDO DE CALCIO,CUBSO,6300000.0,4851000.0,PEN,Soles,18,Kilogramo,PE-SEACE3-UnidadMedida
ocds-dgv273-seacev3-2026-10438-1,ocds-dgv273-seacev3-2026-10438-1-2026-05-16T10:21:54.335160-05:00,1184544-20610960392,21194833,1,SERVICIO DE TRANSPORTE Y DISTRIBUCION DE MATERIALES EDUCATIVOS A LAS INSTITUCIONES EDUCATIVAS DEL ÁMBITO DE LA UGEL CUTERVO - DOTACIÓN 2026.,CONTRATADO,active,7814150100232661,SERVICIO DE TRANSPORTE DE TEXTOS ESCOLARES Y MATERIAL EDUCATIVO,CUBSO,31336.51,190212.62,PEN,Soles,18,Kilogramo,PE-SEACE3-UnidadMedida
ocds-dgv273-seacev3-1186003,ocds-dgv273-seacev3-1186003-2026-05-16T10:21:42.734350-05:00,1186003-20407873999,21197374,1,Servicio de alquiler de unidades vehiculares de una empresa operadora de residuos sólidos (EO-RS) para el transporte hasta la disposición final de residuos sólidos del Distrito de Carabayllo,CONTRATADO,active,7811180800232921,SERVICIO DE ALQUILER DE CAMION COMPACTADOR DE BASURA,CUBSO,1.0,6471620.25,PEN,Soles,36,Servicio,PE-SEACE3-UnidadMedida
ocds-dgv273-seacev3-1184399,ocds-dgv273-seacev3-1184399-2026-05-16T10:21:21.094279-05:00,1184399-20605396942,21194330,01,SERVICIO DE SEGURIDAD Y VIGILANCIA PRIVADA PARA LAS INSTALACIONES DE LA EPS EMAPISCO S.A.,CONTRATADO,active,9210150100094854,SERVICIO DE SEGURIDAD Y VIGILANCIA,CUBSO,1.0,472108.8,PEN,Soles,36,Servicio,PE-SEACE3-UnidadMedida
ocds-dgv273-seacev3-2026-399-15,ocds-dgv273-seacev3-2026-399-15-2026-05-16T10:21:20.915003-05:00,1185572-1775388,21199093,1,"MANTENIMIENTO DE LA INFRAESTRUCTURA DEL COLISEO LUNA PIZARRO EN EL AA.HH. PROGRAMA MUNICIPAL LA TIERRA PROMETIDA EL EDEN, DISTRITO DE CERRO COLORADO, PROVINCIA Y DEPARTAMENTO DE AREQUIPA",CONTRATADO,active,7215310200364955,SERVICIO DE MANTENIMIENTO DE INFRAESTRUCTURA DE COLISEO,CUBSO,1.0,659800.0,PEN,Soles,36,Servicio,PE-SEACE3-UnidadMedida
ocds-dgv273-seacev3-1185785,ocds-dgv273-seacev3-1185785-2026-05-15T10:34:14.770560-05:00,1185785-10081104838,21199327,1,"CONTRATACIÓN DE SERVICIOS DE MONITOR DE OBRAS PÚBLICAS, PARA LA EJECUCIÓN DE LA OBRA: ¿MEJORAMIENTO Y AMPLIACIÓN DEL SERVICIO EDUCATIVO DEL NIVEL SECUNDARIA DE LA I.E. SANTIAGO ANTÚNEZ DE MAYOLO DEL CENTRO POBLADO DE SAN PEDRO DE UCHUPATA EN EL DISTR",CONTRATADO,active,8010160400225639,CONSULTORIA DE REALIZACION PARA MONITOREO DE PROYECTO,CUBSO,1.0,80000.0,PEN,Soles,40,Unidad,PE-SEACE3-UnidadMedida
ocds-dgv273-seacev3-2026-10406-5,ocds-dgv273-seacev3-2026-10406-5-2026-05-15T10:34:05.780955-05:00,1185649-20605685138,21197000,1,"CONTRATACION DEL SERVICIO DE ALQUILER DE CAMION CISTERNA DE 2500 GLN A MAS (MAQUINA SERVIDA A TODO COSTO) PARA EL PROYECTO MEJORAMIENTO DEL SERVICIO DE TRANSITABILIDAD DE LA RUTA  YACA - OCOBAMBA - TACCACCA  - RUNAHUAÑUSCCA , DE LOS DISTRITOS DE CIRCA Y CHUQUIBAMBILLA DE LAS PROVINCIAS DE ABANCAY Y GRAU DEL DEPARTAMENTO DE APURIMAC",CONTRATADO,active,7811180800232920,SERVICIO DE ALQUILER DE CAMION CISTERNA,CUBSO,1.0,160000.0,PEN,Soles,36,Servicio,PE-SEACE3-UnidadMedida
ocds-dgv273-seacev3-2026-215-3,ocds-dgv273-seacev3-2026-215-3-2026-05-15T10:33:43.000647-05:00,1185335-1764087,21196793,1,"CONTRATACIÓN PARA LA EJECUCIÓN DE LA OBRA:\nMEJORAMIENTO DEL SERVICIO DE MOVILIDAD URBANA EN EL TRANSITO VEHICULAR Y PEATONAL DE LA ENTRADA, CALLE PRINCIPAL A LA LOCALIDAD DE TARAPACA DISTRITO DE HUACACHI DE LA PROVINCIA DE HUARI DEL DEPARTAMENTO DE A",CONTRATADO,active,7214120700367018,CONSTRUCCION DE ESTACION PARA EMBARQUE DE PASAJEROS DE TRANSPORTE URBANO,CUBSO,1.0,892577.43,PEN,Soles,40,Unidad,PE-SEACE3-UnidadMedida
ocds-dgv273-seacev3-1187329,ocds-dgv273-seacev3-1187329-2026-05-15T10:33:20.139448-05:00,1187329-20601446015,21200949,1,SERVICIO DE SUMINISTRO E INSTALACION DE ESTRUCTUR METALICA DE LOSA DEPORTIVA A TODO COSTO,CONTRATADO,active,7215260500230624,SERVICIO DE INSTALACION DE COBERTURA CON PLANCHA DE POLIPROPILENO REFORZADO,CUBSO,1.0,294000.0,PEN,Soles,36,Servicio,PE-SEACE3-UnidadMedida
ocds-dgv273-seacev3-1184359,ocds-dgv273-seacev3-1184359-2026-05-15T10:33:09.355578-05:00,1184359-1761702,21193698,1,CONTRATACIÓN DEL SERVICIO DE CONSULTORÍA PARA LA ELABORACIÓN DEL EXPEDIENTE TÉCNICO DEL PROYECTO DENOMINADO: ¿RECUPERACIÓN DEL ÁREA DEGRADADA POR RESIDUOS SÓLIDOS EN EL SECTOR LA PUSHURA ¿ DISTRITO DE JAÉN ¿ PROVINCIA DE JAÉN ¿ DEPARTAMENTO DE CAJAMA,CONTRATADO,active,8110151500349735,ELABORACION DE EXPEDIENTE TECNICO DE OBRA PARA CONSTRUCCION DE TRATAMIENTO DE RESIDUOS SOLIDOS,CUBSO,1.0,150000.0,PEN,Soles,36,Servicio,PE-SEACE3-UnidadMedida
ocds-dgv273-seacev3-1185265,ocds-dgv273-seacev3-1185265-2026-05-15T10:32:58.143933-05:00,1185265-20444481651,21198603,1,"SERVICIO DE ALQUILER DE GRUAS CON PLATAFORMA ELEVADORA Y PLATAFORMA TELESCÓPICA PARA LA GERENCIA DE MANTENIMIENTO VIAL, PUENTES Y OBRAS SOCIALES",CONTRATADO,active,7215450300232891,SERVICIO DE ALQUILER DE GRUA,CUBSO,1.0,119940.0,PEN,Soles,36,Servicio,PE-SEACE3-UnidadMedida
ocds-dgv273-seacev3-2026-2426-54,ocds-dgv273-seacev3-2026-2426-54-2026-05-13T10:35:04.993511-05:00,1185197-20606346213,21198558,1,CONTRATACIÓN DEL SERVICIO DE LIMPIEZA PARA EL TERMINAL PORTUARIO Y TERMINAL DE PASAJEROS DE IQUITOS,CONSENTIDO,active,7210290500086273,SERVICIO DE LIMPIEZA DE TERRENOS,CUBSO,1.0,222841.94,PEN,Soles,36,Servicio,PE-SEACE3-UnidadMedida
ocds-dgv273-seacev3-1185474,ocds-dgv273-seacev3-1185474-2026-05-13T10:34:54.175169-05:00,1185474-20602561284,21198994,5,SUSCRIPCION DE DE LICENCIA ANUAL DE S10,CONTRATADO,active,8111250100367528,SERVICIO DE RENOVACION DE LICENCIA DE SOFTWARE DE GESTION DE PROYECTOS,CUBSO,12.0,62616.0,PEN,Soles,40,Unidad,PE-SEACE3-UnidadMedida
ocds-dgv273-seacev3-2026-680-2,ocds-dgv273-seacev3-2026-680-2-2026-05-13T10:34:43.538162-05:00,1185299-1768098,21198655,1,"MEJORAMIENTO Y AMPLIACION DEL SERVICIO DE AGUA POTABLE E INSTALACION DE DESAGUE EN LAS LOCALIDADES DE SANTA RITA, SAN LUIS DE PUÑA Y PUÑA, SANTO DOMINGO Y EL NARANJO, DISTRITO DE TACABAMBA - CHOTA - CAJAMARCA",CONTRATADO,active,8114180700356697,SUPERVISION DE OBRA DE CONSTRUCCION DEL SISTEMA DE AGUA POTABLE Y LETRINAS SANITARIAS,CUBSO,1.0,912151.25,PEN,Soles,40,Unidad,PE-SEACE3-UnidadMedida
ocds-dgv273-seacev3-1200154,ocds-dgv273-seacev3-1200154-2026-05-10T21:37:30.638806-05:00,1200154-1776909,21233821,1,EJECUCION DE OBRA: MEJORAMIENTO DEL SERVICIO DE MOVILIDAD URBANA DE LAS URB. LOMAS DE LA MOLINA VIEJA ETAPAS I Y II EN EL SECTOR 7 DEL DISTRITO DE LA MOLINA - PROVINCIA DE LIMA- CUI N 2466243.,CONTRATADO,active,7214100100233103,CONSTRUCCION DE CALLES CON PAVIMENTO,CUBSO,1.0,13368956.14,PEN,Soles,40,Unidad,PE-SEACE3-UnidadMedida
ocds-dgv273-seacev3-1185554,ocds-dgv273-seacev3-1185554-2026-05-10T21:37:30.576784-05:00,1185554-1764764,21199075,1,EJECUCION DE LA OBRA: CREACION DEL SISTEMA DE RIEGO TECNIFICADO POR ASPERCION EN LOS SECTORES DE PAUSHA Y CHAMPARA DEL CENTRO POBLADO DE CHACUABAMBA DEL DISTRITO DE POMABAMBA PROVINCIA DE POMABAMBA DEPARTAMENTO DE ANCASH CON CUI N° 2566928,CONTRATADO,active,7212120300233017,CONSTRUCCION DE SISTEMA DE RIEGO TECNIFICADO,CUBSO,1.0,644841.14,PEN,Soles,36,Servicio,PE-SEACE3-UnidadMedida
ocds-dgv273-seacev3-2026-10406-1,ocds-dgv273-seacev3-2026-10406-1-2026-05-10T21:36:48.312383-05:00,1185394-10444557520,21198893,1,"CONTRATACIÓN DEL SERVICIO DE ALQUILER DE VOLQUETES DE 15 M3 (MAQUINA SERVIDA A TODO COSTO) PARA EL PROYECTO MEJORAMIENTO DEL SERVICIO DE TRANSITABILIDAD DE LA RUTA YACA- OCOBAMBA-TACCACCA-RUNAHUAÑUSCCA, DE LOS DISTRITOS DE CIRCA Y CHUQUIBAMBILLA DE LAS PROVINCIAS DE ABANCAY Y GRAU DEL DEPARTAMENTO DE APURIMAC",CONTRATADO,active,7810180500232933,SERVICIO DE ALQUILER DE CAMION VOLQUETE,CUBSO,1.0,650000.0,PEN,Soles,36,Servicio,PE-SEACE3-UnidadMedida
ocds-dgv273-seacev3-1185350,ocds-dgv273-seacev3-1185350-2026-05-08T10:37:40.308846-05:00,1185350-10469030780,21196814,1,CEMENTO PORTLAND TIPO I X 42.50 kg,CONSENTIDO,active,3011160100012771,CEMENTO PORTLAND TIPO I X 42.50 kg,CUBSO,5475.0,166987.5,PEN,Soles,40,Unidad,PE-SEACE3-UnidadMedida
ocds-dgv273-seacev3-1185350,ocds-dgv273-seacev3-1185350-2026-05-08T10:37:40.308846-05:00,1185350-20613351010,21196814,1,CEMENTO PORTLAND TIPO I X 42.50 kg,CONTRATADO,active,3011160100012771,CEMENTO PORTLAND TIPO I X 42.50 kg,CUBSO,5475.0,169000.0,PEN,Soles,40,Unidad,PE-SEACE3-UnidadMedida
ocds-dgv273-seacev3-1202545,ocds-dgv273-seacev3-1202545-2026-05-08T10:37:32.166698-05:00,1202545-20611008890,21240516,01,"SERVICIO DE INSTALACION DE SISTEMA ELECTRICO DE MEDIA TENSION A TODO COSTO PARA LA OBRA ""MEJORAMIENTO DEL SERVICIO EDUCATIVO DEL NIVEL PRIMARIA DE LA I.E. 43178 JOSE OLAYA BALANDRA EN EL DISTRITO DE ILO, PROVINCIA DE ILO Y DEPARTAMENTO DE MOQUEGUA""",CONTRATADO,active,7215150200380319,SERVICIO DE INSTALACION DE RED ELECTRICA EN EDIFICACIONES,CUBSO,1.0,278139.0,PEN,Soles,36,Servicio,PE-SEACE3-UnidadMedida
ocds-dgv273-seacev3-2026-1632-5,ocds-dgv273-seacev3-2026-1632-5-2026-05-08T10:36:45.254142-05:00,1185477-1764618,21199004,1,"SERVICIO DE CONSULTORIA DE OBRA: RENOVACION DE PISTA: EN EL (LA) CALLE MIGUEL GRAU DEL CENTRO POBLADO MONTERON DEL DISTRITO DE MARCAVELICA, PROVINCIA SULLANA, DEPARTAMENTO PIURA - CUI 2668522",CONTRATADO,active,8110150900336400,SUPERVISION DE OBRA DE PAVIMENTACION DE PISTAS DE ATERRIZAJE,CUBSO,1.0,103030.23,PEN,Soles,36,Servicio,PE-SEACE3-UnidadMedida
ocds-dgv273-seacev3-1197127,ocds-dgv273-seacev3-1197127-2026-05-07T10:36:18.471673-05:00,1197127-1772493,21225339,1,Alimentacion comedor universitario Filial Bagua,CONTRATADO,active,9111160300225305,SERVICIO DE PREPARACION DE ALMUERZO,CUBSO,1.0,318648.0,PEN,Soles,36,Servicio,PE-SEACE3-UnidadMedida
ocds-dgv273-seacev3-1185148,ocds-dgv273-seacev3-1185148-2026-05-07T10:36:03.386254-05:00,1185148-20601726174,21196558,1,CONTRATACION DEL SERVICIO DE UNA SOLUCIÓN DE CONTINGENCIA OPERATIVA CON HABILITACIÓN DE UN CENTRO DE DATOS EN NUBE PARA EL MINISTERIO DE EDUCACIÓN,CONTRATADO,active,8111150400337043,SERVICIO DE IMPLEMENTACION DE LA SOLUCION DE INTELIGENCIA DE NEGOCIOS - DATAWAREHOUSE,CUBSO,1.0,29999016.0,PEN,Soles,36,Servicio,PE-SEACE3-UnidadMedida
ocds-dgv273-seacev3-2026-740-1,ocds-dgv273-seacev3-2026-740-1-2026-05-07T10:35:40.200746-05:00,1185658-1764758,21199168,1,"EJECUCION DE LA OBRA: ""CONSTRUCCION DE AMBIENTE DE USOS MULTIPLES; EN EL(LA) C.P. SAN ISIDRO DEL DISTRITO DE JOSE SABOGAL, PROVINCIA SAN MARCOS, DEPARTAMENTO CAJAMARCA"" con CUI NRO 2681107",CONTRATADO,active,7212110100233170,CONSTRUCCION DE AMBIENTES PARA OFICINAS,CUBSO,1.0,541896.79,PEN,Soles,36,Servicio,PE-SEACE3-UnidadMedida
ocds-dgv273-seacev3-2026-551-2,ocds-dgv273-seacev3-2026-551-2-2026-05-06T10:33:22.153747-05:00,1184846-20600475208,21195624,1,"SERVICIO DE INSTALACION DE COBERTURA EN LOSA DEPORTIVA EN IIEE PRIMARIA SAN LUIS para la IOARR CONSTRUCCION DE COBERTURA DE INSTALACIONES DEPORTIVAS, EN CUATRO DISTRITO DE SANTA ROSA, PROVINCIA LA MAR, DEPARTAMENTO AYACUCHO CON CUI N°2637163",CONTRATADO,active,7212110200339377,"SERVICIO DE INSTALACION DE COBERTURA EN LOSA DEPORTIVA EN IIEE PRIMARIA SAN LUIS para la IOARR ¿CONSTRUCCION DE COBERTURA DE INSTALACIONES DEPORTIVAS, EN CUATRO DISTRITO DE SANTA ROSA, PROVINCIA LA MAR, DEPARTAMENTO AYACUCHO CON CUI N°2637163",CUBSO,1.0,146924.29,PEN,Soles,36,Servicio,PE-SEACE3-UnidadMedida
ocds-dgv273-seacev3-1185210,ocds-dgv273-seacev3-1185210-2026-05-06T10:33:22.094408-05:00,1185210-20605122397,21198557,1,CEMENTO PORTLAND TIPO HS X 42.50 kg,CONTRATADO,active,3011160100337727,CEMENTO PORTLAND TIPO HS X 42.50 kg,CUBSO,170000.0,127400.0,PEN,Soles,18,Kilogramo,PE-SEACE3-UnidadMedida
ocds-dgv273-seacev3-1185891,ocds-dgv273-seacev3-1185891-2026-05-06T10:33:12.718486-05:00,1185891-20198274705,21199437,1,SERVICIO DE COLOCACIÓN DE MEZCLA ASFALTICA EN FRÍO,CONTRATADO,active,7215250200392047,SERVICIO DE COLOCACION DE MEZCLA ASFALTICA EN CALIENTE,CUBSO,1.0,378398.66,PEN,Soles,36,Servicio,PE-SEACE3-UnidadMedida
ocds-dgv273-seacev3-2026-20006-2,ocds-dgv273-seacev3-2026-20006-2-2026-05-06T10:33:12.611539-05:00,1185564-20421367605,21199083,1,SERVICIO DE ALMACENAMIENTO DE BIENES PATRIMONIALES DEL FMV S.A.,CONTRATADO,active,7813170100269451,SERVICIO DE ALMACENAMIENTO DE MATERIALES DE CONSTRUCCION,CUBSO,1.0,104448.0,PEN,Soles,36,Servicio,PE-SEACE3-UnidadMedida
ocds-dgv273-seacev3-2026-403-1,ocds-dgv273-seacev3-2026-403-1-2026-05-06T10:33:01.058514-05:00,1185952-1766221,21199496,1,"EJECUCION DEL PROYECTO: MEJORAMIENTO DE LA TRANSITABILIDAD VEHICULAR Y PEATONAL DE LA AV. ARGENTINA DEL DISTRITO DE MARIANO MELGAR-PROVINCIA DE AREQUIPA-DEPARTAEMENTO DE AREQUIPA, CON CUI N 2454284",CONTRATADO,active,7214100300342329,MEJORAMIENTO DE PISTAS Y VEREDAS,CUBSO,1.0,2803338.5,PEN,Soles,40,Unidad,PE-SEACE3-UnidadMedida
ocds-dgv273-seacev3-2026-755-2,ocds-dgv273-seacev3-2026-755-2-2026-05-01T10:33:45.528380-05:00,1185468-20527786461,21198981,1,"CONTRATACION DEL SUMINISTRO DE BIENES - LECHE EVAPORADA ENTERA DE 400 GR. A MAS, PARA EL PROGRAMA SOCIAL DEL VASO DE LECHE DE LA MUNICIPALIDAD DISTRITAL DE SANTIAGO, PERIODO 2026",CONTRATADO,active,5013170200307453,LECHE EVAPORADA ENTERA X 400 g  APROX.,CUBSO,120000.0,468000.0,PEN,Soles,40,Unidad,PE-SEACE3-UnidadMedida
ocds-dgv273-seacev3-1184665,ocds-dgv273-seacev3-1184665-2026-05-01T10:33:33.911477-05:00,1184665-1766219,21195287,1,"SUPERVISION DE LA OBRA: ¿CREACION Y MEJORAMIENTO DE LOS SISTEMAS DE AGUA POTABLE Y SANEAMIENTO BÁSICO DE LAS LOCALIDADES DE ROSAPAMPA, TUPAC AMARU Y LIMAPAMPA DEL DISTRITO DE QUISQUI - PROVINCIA DE HUANUCO - DEPARTAMENTO DE HUANUCO¿ C.U.I N° 244",ADJUDICADO,pending,8110151500365072,SUPERVISION DE OBRA DE CONSTRUCCION DE SISTEMA DE AGUA POTABLE,CUBSO,1.0,554897.61,PEN,Soles,40,Unidad,PE-SEACE3-UnidadMedida
ocds-dgv273-seacev3-1185503,ocds-dgv273-seacev3-1185503-2026-04-30T10:19:44.881123-05:00,1185503-1767373,21196908,1,MEJORAMIENTO DEL SERVICIO DE TRANSITABILIDAD VIAL INTERURBANA EN LA PLAYA SIETE HUECOS DEL DISTRITO DE MARCONA DE LA PROVINCIA DE NASCA DEL DEPARTAMENTO DE ICA¿ CON CUI Nº 2692212,CONTRATADO,active,7214110600360065,CONSTRUCCION DE CAMINO VECINAL,CUBSO,1.0,2842968.88,PEN,Soles,36,Servicio,PE-SEACE3-UnidadMedida
ocds-dgv273-seacev3-1193066,ocds-dgv273-seacev3-1193066-2026-04-30T10:19:03.282187-05:00,1193066-1769673,21215417,1,"Contratacion para la elaboración de expediente tecnico y  ejecución de la obra denominada MEJORAMIENTO DEL SERVICIO DE PRACTICA DEPORTIVA Y/O RECREATIVA EN EL ESTADIO ARTURO DIAZ HUERTAS EN EL PUEBLO JOVEN ALTO DE LA LIBERTAD CERRO COLORADO , AREQUIPA , AREQUIPA , CUI 2667791",CONTRATADO,active,7215310200351760,REMODELACION DE PLATAFORMA DEPORTIVA,CUBSO,1.0,34100000.0,PEN,Soles,40,Unidad,PE-SEACE3-UnidadMedida
ocds-dgv273-seacev3-1192250,ocds-dgv273-seacev3-1192250-2026-04-29T10:18:48.271915-05:00,1192250-20455679231,21213362,1,"ADQUISICION DE HOJUELAS DE CEREALES DE AVENA, QUINUA, KIWICHA Y CEBADA PRECOCIDA PARA EL PROGRAMA DE VASO DE LECHE DE LA MUNICIPALIDAD DISTRITAL DE YURA",ADJUDICADO,pending,5019210900391578,"HOJUELA DE AVENA, QUINUA Y KIWICHA PRECOCIDA ENRIQUECIDA CON VITAMINAS Y MINERALES",CUBSO,23904.0,174499.2,PEN,Soles,40,Unidad,PE-SEACE3-UnidadMedida
ocds-dgv273-seacev3-2026-1288-1,ocds-dgv273-seacev3-2026-1288-1-2026-04-29T10:18:22.583653-05:00,1185773-20538403378,21199326,1,"ADQUISICION DE 74,347 TARROS DE LECHE EVAPORADA ENTERA DE 410 GRAMOS PARA EL PROGRAMA VASO DE LECHE y APOYO SOCIAL ALIMENTARIO DE LA MUNICIPALIDAD DISTRITAL DE LA VICTORIA ¿ 2026.",CONTRATADO,active,5013170200307453,LECHE EVAPORADA ENTERA X 400 g  APROX.,CUBSO,74347.0,308540.05,PEN,Soles,40,Unidad,PE-SEACE3-UnidadMedida
ocds-dgv273-seacev3-1185111,ocds-dgv273-seacev3-1185111-2026-04-26T10:13:30.290621-05:00,1185111-20513751495,21196537,1,EJECUCIÓN DE OBRA: MEJORAMIENTO DEL SERVICIO DE MOVILIDAD URBANA EN AV CONSTRUCTORES DE CENTRO POBLADO LA MOLINA DISTRITO DE LA MOLINA DE LA PROVINCIA DE LIMA DEL DEPARTAMENTO DE LIMA- CUI N 2672284,CONTRATADO,active,7214100300342329,MEJORAMIENTO DE PISTAS Y VEREDAS,CUBSO,1.0,7302849.46,PEN,Soles,40,Unidad,PE-SEACE3-UnidadMedida
ocds-dgv273-seacev3-1199480,ocds-dgv273-seacev3-1199480-2026-04-26T10:13:04.923365-05:00,1199480-1777049,21231529,1,"CONTRATACIÓN DE UNA PERSONA NATURAL Y/O JURÍDICA PARA LA EJECUCIÓN FÍSICA DE OBRA ""CREACIÓN DEL SERVICIO DE ALCANTARILLADO U OTRAS FORMAS DE DISPOSICIÓN SANITARIA DE EXCRETAS EN LA COMUNIDAD DE CABRACCENCHA, DE CENTRO POBLADO PILCOS, DISTRITO DE COLC",CONTRATADO,active,7214112000233152,CONSTRUCCION DE SISTEMA DE ALCANTARILLADO,CUBSO,1.0,397206.0,PEN,Soles,36,Servicio,PE-SEACE3-UnidadMedida
ocds-dgv273-seacev3-1185455,ocds-dgv273-seacev3-1185455-2026-04-26T10:13:00.804089-05:00,1185455-20614768844,21196904,1,CAMARA PTZ DE ALTA DEFINICION,CONTRATADO,active,4512151600331378,CAMARA DE VIDEO DIGITAL DE 1.037 APROX. MEGAPIXELES,CUBSO,50.0,209900.0,PEN,Soles,40,Unidad,PE-SEACE3-UnidadMedida
ocds-dgv273-seacev3-1187892,ocds-dgv273-seacev3-1187892-2026-04-25T10:20:25.154064-05:00,1187892-1766006,21202212,1,"EJECUCION DE LA OBRA: CONSTRUCCIÓN DE COBERTURA DE INSTALACIONES DEPORTIVAS; EN EL (LA) I.E. 199 DISTRITO DE POMABAMBA, PROVINCIA POMABAMBA, DEPARTAMENTO ÁNCASH, CON CUI N° 2633381",CONTRATADO,active,7215260500360287,CONSTRUCCION DE COBERTURA CON PLANCHA DE POLIPROPILENO REFORZADO PARA CAMPO DEPORTIVO,CUBSO,1.0,306126.73,PEN,Soles,36,Servicio,PE-SEACE3-UnidadMedida
ocds-dgv273-seacev3-1185504,ocds-dgv273-seacev3-1185504-2026-04-25T10:19:50.800644-05:00,1185504-20610307818,21199014,1,ADQUISICION DE AZUCAR RUBIA DOMESTICA PARA EL PROGRAMA DEL VASO DE LECHE,ADJUDICADO,pending,5016150900278002,AZUCAR RUBIA DOMESTICA,CUBSO,128000.0,339200.0,PEN,Soles,40,Unidad,PE-SEACE3-UnidadMedida
ocds-dgv273-seacev3-1185993,ocds-dgv273-seacev3-1185993-2026-04-24T10:19:40.354381-05:00,1185993-20453695957,21199539,1,MEJORAMIENTO DEL SERVICIO DE MOVILIDAD URBANA EN AV. JHON F. KENNEDY COMPRENDIDO DESDE LA CA. REMIGIO SILVA HASTA LA AV. EL DORADO Y CA. LAMBAYEQUE COMPRENDIDO DESDE LA AV. EL DORADO HASTA AUGUSTO B. LEGUIA DISTRITO DE JOSE LEONARDO ORTIZ DE LA PROVI,ADJUDICADO,pending,7214100300342329,MEJORAMIENTO DE PISTAS Y VEREDAS,CUBSO,1.0,8905073.36,PEN,Soles,36,Servicio,PE-SEACE3-UnidadMedida
ocds-dgv273-seacev3-1191105,ocds-dgv273-seacev3-1191105-2026-04-24T10:18:56.486458-05:00,1191105-10414050897,21210595,1,"CONTRATACION DEL SERVICIO DE ALQUILER DE CARGADOR SOBRE LLANTAS DE 2.8 M3 A MAS (MAQUINA SERVIDA A TODO COSTO) PARA EL PROYECTO MEJORAMIENTO DEL SERVICIO DE TRANSITABILIDAD DE LA RUTA  YACA - OCOBAMBA - TACCACCA  - RUNAHUAÑUSCCA , DE LOS DISTRITOS DE",CONTRATADO,active,7214170100392673,SERVICIO DE ALQUILER DE CARGADOR FRONTAL SOBRE RUEDAS DE 3 m3,CUBSO,1.0,175000.0,PEN,Soles,36,Servicio,PE-SEACE3-UnidadMedida
ocds-dgv273-seacev3-1185879,ocds-dgv273-seacev3-1185879-2026-04-24T10:18:22.956216-05:00,1185879-20610383425,21197241,1,CONTRATACION DE BIEN PARA ADQUIRIR PERFILES METALICOS PARA TABIQUERIA INTERIOR PARA EL PROYECTO (0160) ¿ MEJORAMIENTO Y AMPLIACION DE LOS SERVICIOS DE SAUD DEL ESTABLECIMIENTO DE SALUD DE BELEMPAMPA ¿ DISTRITO DE SANTIAGO PROVINCIA DE CUSCO.,CONSENTIDO,active,,,,2700.0,90522.0,PEN,Soles,40,Unidad,PE-SEACE3-UnidadMedida
ocds-dgv273-seacev3-2026-642-1,ocds-dgv273-seacev3-2026-642-1-2026-04-23T10:35:58.746516-05:00,1184876-20613429914,21195745,1,"ADQUISICION DE INSUMOS: HOJUELAS DE: HOJUELA DE AVENA, HARINA DE KIWICHA, HARINA DE PLATANO, HARINA DE QUINUA AZUCARADA ENRIQUECIDA CON VITAMINAS Y MINERALES (HOJUELAS PRECOCIDAS) PARA EL AÑO 2026",CONTRATADO,active,5022110100314031,HOJUELA DE AVENA CON QUINUA,CUBSO,18072.0,148190.4,PEN,Soles,18,Kilogramo,PE-SEACE3-UnidadMedida
ocds-dgv273-seacev3-1187208,ocds-dgv273-seacev3-1187208-2026-04-22T10:35:40.812473-05:00,1187208-1765588,21198343,1,"SUPERVISION  DE LA OBRA DEL PROYECTO DE INVERSION: ¿MEJORAMIENTO DE LA CAPACIDAD DE LOS SERVICIOS DE LA GERENCIA SUB REGIONAL UTCUBAMBA, UNIDAD EJECUTORA N 004, DISTRITO DE BAGUA GRANDE, PROVINCIA DE UTCUBAMBA, REGION AMAZONAS¿ - I ETAPA CUI N° 21932",CONTRATADO,active,8110150800336393,SUPERVISION DE OBRA DE CONSTRUCCION DE EDIFICIOS,CUBSO,1.0,305211.31,PEN,Soles,36,Servicio,PE-SEACE3-UnidadMedida
ocds-dgv273-seacev3-1207362,ocds-dgv273-seacev3-1207362-2026-04-22T10:35:36.423767-05:00,1207362-10107403995,21253909,1,ASISTENCIA TÉCNICA ESPECIALIZADA PARA LA EJECUCIÓN DE LAS ACTIVIDADES DE CIERRE DEL COMPONENTE 3,CONTRATADO,active,8010160400225639,CONSULTORIA DE REALIZACION PARA MONITOREO DE PROYECTO,CUBSO,1.0,26400.0,PEN,Soles,36,Servicio,PE-SEACE3-UnidadMedida
ocds-dgv273-seacev3-1207379,ocds-dgv273-seacev3-1207379-2026-04-22T10:35:23.945270-05:00,1207379-10076264665,21253923,1,CONSULTORIA DE REALIZACION PARA MONITOREO DE PROYECTO,CONTRATADO,active,8010160400225639,CONSULTORIA DE REALIZACION PARA MONITOREO DE PROYECTO,CUBSO,1.0,26400.0,PEN,Soles,36,Servicio,PE-SEACE3-UnidadMedida
ocds-dgv273-seacev3-1207404,ocds-dgv273-seacev3-1207404-2026-04-22T10:35:22.874969-05:00,1207404-10238254171,21253938,1,CONSULTORÍA INDIVIDUAL PARA LA INTEGRACIÓN Y REDACCIÓN DE UN DOCUMENTO TÉCNICO ACADÉMICO DE DIVULGACIÓN: SÍNTESIS DE LOS ESTUDIOS FINALES (EVALUACIÓN FINAL Y ESTUDIO CAUSA EFECTO) DEL PROYECTO ¿MEJORAMIENTO DEL ACCESO A LOS SERVICIOS DE REGISTROS CIV,CONTRATADO,active,8010160600225898,CONSULTORIA DE EVALUACION PARA PROYECTO DE INVERSION PUBLICA,CUBSO,1.0,30000.0,PEN,Soles,40,Unidad,PE-SEACE3-UnidadMedida
ocds-dgv273-seacev3-1185620,ocds-dgv273-seacev3-1185620-2026-04-22T10:35:19.990095-05:00,1185620-10452435468,21199133,1,"ADQUISICIÓN DE ALIMENTOS DEL PROGRAMA DE COMPLEMENTACIÓN ALIMENTARIA - PCA EN LA MODALIDAD COMEDORES Y OLLAS COMUNES EN EL ÁMBITO DE LA PROVINCIA DE BONGARA, PARA EL PERIODO 2026.",ADJUDICADO,pending,,,,8.0,198500.0,PEN,Soles,40,Unidad,PE-SEACE3-UnidadMedida
ocds-dgv273-seacev3-1185527,ocds-dgv273-seacev3-1185527-2026-04-22T10:35:19.721911-05:00,1185527-1768121,21196937,1,"CONTRATACION DE LA EJECUCION DEL SALDO DE OBRA: MEJORAMIENTO DE LA VÍA VECINAL R-21 (EMP. TA-573 CINTO ¿ CAOÑA) PROG. 6+186.49 AL 10+923.49 ANEXO CAOÑA, DISTRITO DE ILABAYA, PROVINCIA JORGE BASADRE, DEPARTAMENTO DE TACNA",CONSENTIDO,active,7214110600360065,CONSTRUCCION DE CAMINO VECINAL,CUBSO,1.0,9579244.54,PEN,Soles,40,Unidad,PE-SEACE3-UnidadMedida
ocds-dgv273-seacev3-1185434,ocds-dgv273-seacev3-1185434-2026-04-22T10:35:19.061454-05:00,1185434-20609109069,21198946,1,ADQUISICION DE AGREGADOS,CONTRATADO,active,,,,761.0,55000.0,PEN,Soles,40,Unidad,PE-SEACE3-UnidadMedida
ocds-dgv273-seacev3-2026-1320-6,ocds-dgv273-seacev3-2026-1320-6-2026-04-22T10:35:08.616934-05:00,1185510-20467305931,21199023,1,SERVICIO DE TELECOMUNICACIONES DE RADIO A TRAVÉS DE UN SISTEMA DE COMUNICACIONES TETRA CON GPS CON FINES DE SEGURIDAD CIUDADANA Y ATENCIÓN A SITUACIONES DE EMERGENCIA PARA LA SUBGERENCIA DE SERENAZGO.,CONTRATADO,active,7215160700395340,SERVICIO DE INSTALACION DE EQUIPOS PARA SISTEMA DE COMUNICACION Y DIFUSION PARA ALERTA DE EMERGENCIA,CUBSO,1.0,179124.0,PEN,Soles,36,Servicio,PE-SEACE3-UnidadMedida
ocds-dgv273-seacev3-2026-1085-1,ocds-dgv273-seacev3-2026-1085-1-2026-04-22T10:34:58.659539-05:00,1185259-1763673,21198587,1,"CONTRATACIÓN DEL SERVICIO DE CONSULTORÍA EN GENERAL PARA LA ELABORACIÓN DEL ESTUDIO: ""ACTUALIZACIÓN PARCIAL DEL PDM 2017-2037, DEL ÁMBITO URBANO DEL DISTRITO DE PILCOMAYO, PROVINCIA DE HUANCAYO - REGIÓN JUNÍN""",CONSENTIDO,active,9314200100362495,CONSULTORIA PARA ELABORACION DE PLAN URBANO DISTRITAL,CUBSO,1.0,254999.99,PEN,Soles,36,Servicio,PE-SEACE3-UnidadMedida
ocds-dgv273-seacev3-1205165,ocds-dgv273-seacev3-1205165-2026-04-19T10:08:37.358993-05:00,1205165-10709860696,21248346,1,"SERVICIO DE ASISTENCIA TECNICA ADMINISTRATIVA, CI 07 ASISTENTE ADMINISTRATIVO PARA LA COORDINACIÓN ADMINISTRATIVA DE LA UGPP BID",CONTRATADO,active,8016150400227110,SERVICIO DE ASISTENCIA TECNICA ADMINISTRATIVA,CUBSO,1.0,12000.0,PEN,Nuevos Soles,36,Servicio,PE-SEACE3-UnidadMedida
ocds-dgv273-seacev3-1204709,ocds-dgv273-seacev3-1204709-2026-04-19T10:08:37.270148-05:00,1204709-10097343468,21247341,1,"CI 02 SERVICIO DE SUPERVISIÓN DE REVISIÓN DE EXPEDIENTES, Supervisor de tránsito, para la supervisión de la elaboración del expediente técnico del proyecto 2567526 Etapa 2: Sistema Villa Aguas Verdes",CONTRATADO,active,8610180700294155,SERVICIO DE SUPERVISIÓN DE REVISIÓN DE EXPEDIENTES,CUBSO,1.0,51000.0,PEN,Soles,36,Servicio,PE-SEACE3-UnidadMedida
ocds-dgv273-seacev3-1204734,ocds-dgv273-seacev3-1204734-2026-04-19T10:08:21.512984-05:00,1204734-10402348190,21247460,1,"SERVICIO DE SUPERVISIÓN DE REVISIÓN DE EXPEDIENTES, CI 03 SUPERVISOR DE COSTOS Y PRESUPUESTOS, PARA LA SUPERVISIÓN DE LA ELABORACIÓN DEL EXPEDIENTE TÉCNICO DEL PROYECTO 2567526 ETAPA 2 SISTEMA VILLA AGUAS VERDES",CONTRATADO,active,8610180700294155,SERVICIO DE SUPERVISIÓN DE REVISIÓN DE EXPEDIENTES,CUBSO,1.0,47000.0,PEN,Soles,36,Servicio,PE-SEACE3-UnidadMedida
ocds-dgv273-seacev3-1185787,ocds-dgv273-seacev3-1185787-2026-04-19T10:08:16.564434-05:00,1185787-1764936,21197205,1,"EJECUCION DE LA OBRA MEJORAMIENTO DEL SERVICIO DE TRANSITABILIDAD VEHICULAR Y PEATONAL DEL PUEBLO JOVEN SEÑOR DE HUANCA DEL DISTRITO DE MARIANO MELGAR ¿ PROVINCIA DE AREQUIPA ¿ DEPARTAMENTO DE AREQUIPA, II ETAPA, CUI Nº 2454292",CONTRATADO,active,7214100300342329,MEJORAMIENTO DE PISTAS Y VEREDAS,CUBSO,1.0,943011.46,PEN,Soles,40,Unidad,PE-SEACE3-UnidadMedida
ocds-dgv273-seacev3-1204643,ocds-dgv273-seacev3-1204643-2026-04-19T10:08:01.373313-05:00,1204643-10450747322,21247216,1,CI 01 Servicios de sistemas de informacion geografica GIS,CONTRATADO,active,8110151200394340,Servicios de sistemas de informacion geografica GIS,CUBSO,1.0,36000.0,PEN,Soles,36,Servicio,PE-SEACE3-UnidadMedida
ocds-dgv273-seacev3-1206947,ocds-dgv273-seacev3-1206947-2026-04-19T10:07:58.642269-05:00,1206947-10460916581,21252859,1,ANALISTA DE SEGUIMIENTO Y CONTROL DE PROYECTOS 2,CONTRATADO,active,8010160600331848,SERVICIO DE SEGUIMIENTO Y MONITOREO DE PROYECTO DE INVERSION PUBLICA,CUBSO,1.0,30000.0,PEN,Soles,36,Servicio,PE-SEACE3-UnidadMedida
ocds-dgv273-seacev3-1185917,ocds-dgv273-seacev3-1185917-2026-04-18T10:19:51.906418-05:00,1185917-1764062,21199462,1,"CONTRATACIÓN DE CONSULTORÍA DE OBRA PARA LA SUPERVISIÓN DE LA OBRA:¿MEJORAMIENTO Y AMPLIACIÒN DEL SERVICIO DE PRÀCTICA DEPORTIVA Y/O RECREATIVA EN LA LOCALIDAD DE VILCABAMBA, DISTRITO DE PAUCAS DE LA PROVINCIA DE HUARI DEL DEPARTAMENTO DE ANCASH¿ CON",CONTRATADO,active,8110150800357780,SUPERVISION DE OBRA DE CONSTRUCCION DE INFRAESTRUCTURA DEPORTIVA,CUBSO,1.0,215789.92,PEN,Soles,36,Servicio,PE-SEACE3-UnidadMedida
ocds-dgv273-seacev3-1185750,ocds-dgv273-seacev3-1185750-2026-04-18T10:19:51.375840-05:00,1185750-20507634479,21197166,1,TARJETA ELECTRONICA DE CONSUMO PARA PERSONAL DOCENTE ORDINARIO A DE Y TC Y SERVIDORES ADMINISTRATIVOS DL 276 Y DL 1057,CONTRATADO,active,5019270100134733,RACION FRIA ALIMENTICIA,CUBSO,5628.0,4069749.0,PEN,Soles,40,Unidad,PE-SEACE3-UnidadMedida
ocds-dgv273-seacev3-1185750,ocds-dgv273-seacev3-1185750-2026-04-18T10:19:51.375840-05:00,1185750-20507634479,21197167,2,TARJETA ELECTRONICA DE CONSUMO PARA EMPLEADOS DE CONFIANZA,CONTRATADO,active,5019270100134733,RACION FRIA ALIMENTICIA,CUBSO,324.0,225666.0,PEN,Soles,40,Unidad,PE-SEACE3-UnidadMedida
ocds-dgv273-seacev3-2026-1003003812-7,ocds-dgv273-seacev3-2026-1003003812-7-2026-04-18T10:19:29.283981-05:00,1185920-1769182,21197275,1,"Servicio de alquiler de camionetas para el ejercicio de las funciones de la Dirección de Evaluación Ambiental para Proyectos de Recursos Naturales y Productivos (DEAR), la Dirección de Evaluación Ambiental para Proyectos de Infraestructura (DEIN) y la Dirección de Gestión Estratégica en Evaluación Ambiental (DGE)",CONTRATADO,active,7811180800232926,SERVICIO DE ALQUILER DE CAMIONETA,CUBSO,1.0,924120.0,PEN,Soles,36,Servicio,PE-SEACE3-UnidadMedida
ocds-dgv273-seacev3-2026-443-1,ocds-dgv273-seacev3-2026-443-1-2026-04-18T10:18:45.254843-05:00,1184856-1765155,21195655,1,"EJECUCIÓN DE OBRA: MEJORAMIENTO DEL AFORO Y REHABILITACION DEL POZO TUBULAR Y DE LOS DOS RESERVORIOS QUE ABASTECE EL DISTRITO DE JAQUI, PROVINCIA DE CARAVELI, REGION AREQUIPA",CONSENTIDO,active,7215280100233162,CONSTRUCCION DE POZOS DE AGUA,CUBSO,1.0,295455.0,PEN,Soles,36,Servicio,PE-SEACE3-UnidadMedida
ocds-dgv273-seacev3-1185353,ocds-dgv273-seacev3-1185353-2026-04-17T10:28:58.055091-05:00,1185353-20601062853,21198866,1,CEMENTO PORTLAND TIPO I X 42.50 kg,CONTRATADO,active,3011160100012771,CEMENTO PORTLAND TIPO I X 42.50 kg,CUBSO,1926.0,56817.0,PEN,Soles,40,Unidad,PE-SEACE3-UnidadMedida
ocds-dgv273-seacev3-1184672,ocds-dgv273-seacev3-1184672-2026-04-17T10:28:46.845737-05:00,1184672-20602882901,21195429,1,"ADQUISICIÓN DE TUBO LAC ASTM A500 PARA LA EJECUCIÓN DEL PROYECTO: ¿MEJORAMIENTO DE LOS SERVICIOS EDUCATIVOS DE LA INSTITUCIÓN EDUCATIVA INICIAL N°245 DIVINO NIÑO JESÚS DEL DISTRITO DE TINCO, PROVINCIA DE CARHUAZ, DEPARTAMENTO DE ÁNCASH¿ CON CUI N°256",CONTRATADO,active,,,,1.0,71011.89,PEN,Soles,40,Unidad,PE-SEACE3-UnidadMedida
ocds-dgv273-seacev3-2026-697-1,ocds-dgv273-seacev3-2026-697-1-2026-04-17T10:28:36.803520-05:00,1185760-20480650825,21199300,1,LECHE EVAPORADA ENTERA TARRO X 410 GRAMOS,CONTRATADO,active,5013170200307453,LECHE EVAPORADA ENTERA X 400 g  APROX.,CUBSO,31680.0,133056.0,PEN,Soles,40,Unidad,PE-SEACE3-UnidadMedida
ocds-dgv273-seacev3-2026-697-1,ocds-dgv273-seacev3-2026-697-1-2026-04-17T10:28:36.803520-05:00,1185760-20480650825,21199301,2,"MESCLA PRECOCIDA DE HOJUELAS DE AVENA, KIWICHA, QUINUA, SOYA Y MACA ENRIQUECIDA CON VITAMINAS Y MINERALES",CONTRATADO,active,5022110100002739,HOJUELA DE AVENA CON KIWICHA,CUBSO,10560.0,86064.0,PEN,Soles,18,Kilogramo,PE-SEACE3-UnidadMedida
ocds-dgv273-seacev3-1185637,ocds-dgv273-seacev3-1185637-2026-04-17T10:28:36.480157-05:00,1185637-10226696445,21199166,1,"SERVICIO DE CONTRATACIÓN DE ALQUILER DE LOCAL PARA USO DEL ARCHIVO CENTRAL DE LA GERENCIA REGIONAL DE PLANEAMIENTO, PRESUPUESTO Y ACONDICIONAMIENTO TERRITORIAL DEL GOBIERNO REGIONAL HUÁNUCO",ADJUDICADO,pending,8013150200094959,SERVICIO DE ALQUILER DE INMUEBLE,CUBSO,1.0,110000.0,PEN,Soles,36,Servicio,PE-SEACE3-UnidadMedida
ocds-dgv273-seacev3-1185582,ocds-dgv273-seacev3-1185582-2026-04-17T10:28:35.991012-05:00,1185582-20100713480,21196959,1,SERVICIO DE ALQUILER DE INMUEBLE PARA EL FUNCIONAMIENTO DE LAS DIRECCIONES DE DERECHO DE VÍA Y ESTUDIOS DE PROVÍAS NACIONAL,CONTRATADO,active,8013150200094959,SERVICIO DE ALQUILER DE INMUEBLE,CUBSO,1.0,770040.0,USD,Dólar Norteamericano,36,Servicio,PE-SEACE3-UnidadMedida
ocds-dgv273-seacev3-1185156,ocds-dgv273-seacev3-1185156-2026-04-17T10:28:25.301208-05:00,1185156-20608188020,21196569,1,LECHE EVAPORADA ENTERA X 400 g  APROX.,CONTRATADO,active,5013170200307453,LECHE EVAPORADA ENTERA X 400 g  APROX.,CUBSO,30504.0,125066.4,PEN,Soles,40,Unidad,PE-SEACE3-UnidadMedida
ocds-dgv273-seacev3-1185746,ocds-dgv273-seacev3-1185746-2026-04-17T10:28:03.253524-05:00,1185746-1769045,21199262,1,"SERVICIO DE LIMPIEZA PARA LA SEDE CENTRAL, ADMINISTRACIONES Y OFICINAS POSTALES DE LIMA Y CALLAO DE SERPOST S.A.",ADJUDICADO,pending,9111160100358133,SERVICIO DE LIMPIEZA Y FUMIGACIÓN DE LOCAL,CUBSO,1.0,2793000.0,PEN,Soles,36,Servicio,PE-SEACE3-UnidadMedida
ocds-dgv273-seacev3-1185624,ocds-dgv273-seacev3-1185624-2026-04-17T10:28:02.798694-05:00,1185624-20601990564,21199145,1,CONTRATACIÓN DE BIENES PARA LA ADQUISICION DE TRES (3) CAMIONETAS PICK UP 4X4 DEL IOARR DENOMINADO: ¿ADQUISICION DE SISTEMA DE VIDEO VIGILANCIA Y VEHICULO DE SEGURIDAD CIUDADANA; EN EL (LA) SUB GERENCIA DE SEGURIDAD CIUDADANA DE LA GERENCIA DE SERVIC,CONTRATADO,active,2510150700065078,CAMIONETA PICK UP CABINA DOBLE 4 X 4,CUBSO,3.0,499978.0,PEN,Soles,40,Unidad,PE-SEACE3-UnidadMedida
ocds-dgv273-seacev3-1185283,ocds-dgv273-seacev3-1185283-2026-04-16T10:36:55.659504-05:00,1185283-1762050,21198600,1,"SERVICIO DE MANTENIMIENTO DE LA INFRAESTRUCTURA VIAL, SEÑALIZACIÓN EN LOS TRAMOS DE LA VÍA PANAMERICANA NORTE (AV. EDUARDO DE HABICH - INTERCAMBIO VIAL ANCÓN) Y PANAMERICANA SUR (AV. JAVIER PRADO ¿ PUCUSANA)",CONTRATADO,active,7214100300359630,SERVICIO DE MANTENIMIENTO DE CALLES DE MATERIAL ASFALTO,CUBSO,1.0,10038083.59,PEN,Soles,36,Servicio,PE-SEACE3-UnidadMedida
ocds-dgv273-seacev3-2026-1518-2,ocds-dgv273-seacev3-2026-1518-2-2026-04-16T10:36:54.477545-05:00,1184989-1763607,21196099,1,MEJORAMIENTO Y AMPLIACION DEL PUESTO DE SALUD I-1 EN LA LOCALIDAD DE SAN PEDRO CUI: 2513651,CONTRATADO,active,7212140300340159,AMPLIACION DE INFRAESTRUCTURA DE SALUD,CUBSO,1.0,2108305.8,PEN,Soles,40,Unidad,PE-SEACE3-UnidadMedida
ocds-dgv273-seacev3-2026-1389-2,ocds-dgv273-seacev3-2026-1389-2-2026-04-16T10:36:43.230811-05:00,1186004-10157002690,21197373,1,"CONTRATACION DEL SERVICIO DE MOVILIDAD ESCOLAR  A TODO COSTO: MEJORAMIENTO DEL SERVICIO DE EDUCACION PRIMARIA EN 7 UNIDADES PRODUCTORAS DE CENTROS POBLADOS DE SAN LUIS DE MAZO, MEDIO MUNDO, DISTRITO DE VEGUETA DE LA PROVINCIA",CONTRATADO,active,7811180400232604,SERVICIO DE MOVILIDAD DE PERSONAL,CUBSO,1.0,499928.0,PEN,Soles,36,Servicio,PE-SEACE3-UnidadMedida
ocds-dgv273-seacev3-1185496,ocds-dgv273-seacev3-1185496-2026-04-16T10:36:30.051103-05:00,1185496-1764651,21199033,1,"CONTRATACIÓN DE ELABORACIÓN DE EXPEDIENTE TÉCNICO Y EJECUCIÓN DE OBRA DEL PROYECTO RENOVACIÓN DE PUENTE; EN EL (LA) RED VIAL VECINAL CU-750 SOBRE RIO PAYLABAMBA EN LA PARTE ALTA Y BAJA, DISTRITO DE YANATILE, PROVINCIA DE CALCA, DEPARTAMENTO DE CUSCO",CONSENTIDO,active,7214110700233035,CONSTRUCCION DE PUENTE CARROZABLE,CUBSO,1.0,1899129.7,PEN,Soles,36,Servicio,PE-SEACE3-UnidadMedida
ocds-dgv273-seacev3-1184655,ocds-dgv273-seacev3-1184655-2026-04-16T10:36:18.147937-05:00,1184655-20605305645,21195311,1,Contratación del Servicio de Seguridad y Vigilancia para el Hospital de Apoyo II-1 Nuestra Señora de las Mercedes-Paita.,CONSENTIDO,active,9210150100094854,SERVICIO DE SEGURIDAD Y VIGILANCIA,CUBSO,1.0,3097000.0,PEN,Soles,36,Servicio,PE-SEACE3-UnidadMedida
ocds-dgv273-seacev3-1184655,ocds-dgv273-seacev3-1184655-2026-04-16T10:36:18.147937-05:00,1184655-20600877004,21195311,1,Contratación del Servicio de Seguridad y Vigilancia para el Hospital de Apoyo II-1 Nuestra Señora de las Mercedes-Paita.,CONTRATADO,active,9210150100094854,SERVICIO DE SEGURIDAD Y VIGILANCIA,CUBSO,1.0,3450000.0,PEN,Soles,36,Servicio,PE-SEACE3-UnidadMedida
ocds-dgv273-seacev3-1185672,ocds-dgv273-seacev3-1185672-2026-04-16T10:36:18.116357-05:00,1185672-20600989040,21197037,1,¿ADQUISICIÓN DE INSUMOS ALIMENTARIOS PARA EL PROGRAMA VASO DE LECHE DE LA MUNICIPALIDAD DISTRITAL DE SAN MARTÍN DE PORRES PERIODO 2026 ¿ 2027¿.,CONTRATADO,active,,,,1.0,9833279.2,PEN,Soles,40,Unidad,PE-SEACE3-UnidadMedida
ocds-dgv273-seacev3-1185827,ocds-dgv273-seacev3-1185827-2026-04-16T10:35:48.308719-05:00,1185827-20507634479,21197231,1,ADQUISICIÓN DE VALES DE PRODUCTOS (TARJETAS ELECTRÓNICAS) EN CUMPLIMIENTO DEL CONVENIO COLECTIVO Y LAUDO ARBITRAL PARA LOS SERVIDORES DEL ORGANISMO DE EVALUACIÓN Y FISCALIZACIÓN AMBIENTAL - OEFA.,CONTRATADO,active,5512180200358858,TARJETA ELECTRONICA PARA CONSUMO DE ALIMENTOS,CUBSO,1.0,213049.62,PEN,Soles,40,Unidad,PE-SEACE3-UnidadMedida
ocds-dgv273-seacev3-1185286,ocds-dgv273-seacev3-1185286-2026-04-16T10:35:35.956389-05:00,1185286-20537185661,21196710,1,"CONTRATATACION PARA LA EJECUCION DE LA OBRA IOARR DENOMINADA: REPARACION DE VEREDA, CONSTRUCCION DE AREA VERDE, ADQUISICION DE MOBILIARIO URBANO, RENOVACION DE LUMINARIA, EN EL(LA) MANZANAS G1, G2, G1A Y G7 DISTRITO DE MI PERU, PROVINCIA CONSTITUCION",CONTRATADO,active,7214100300342329,MEJORAMIENTO DE PISTAS Y VEREDAS,CUBSO,1.0,995183.94,PEN,Soles,40,Unidad,PE-SEACE3-UnidadMedida
ocds-dgv273-seacev3-2026-160-1,ocds-dgv273-seacev3-2026-160-1-2026-04-16T10:35:23.221779-05:00,1185198-20604130680,21198552,1,"¿ADQUISICIÓN DE SUMINISTRO DE INSUMOS PARA EL PROGRAMA VASO DE LECHE DE LA\nMUNICIPALIDAD DISTRITAL DE PIRA, PROVINCIA DE HUARAZ, DEPARTAMENTO DE ANCASH,\nCORRESPONDIENTE AL AÑO FISCAL 2026",CONTRATADO,active,,,,1.0,98887.57,PEN,Soles,40,Unidad,PE-SEACE3-UnidadMedida
ocds-dgv273-seacev3-1185906,ocds-dgv273-seacev3-1185906-2026-04-12T10:05:08.379908-05:00,1185906-10008376943,21199451,1,"SERVICIO DE ALQUILER DE INMUEBLE PARA EL FUNCIONAMIENTO DE LOS ÓRGANOS JURISDICCIONALES Y ADMINISTRATIVOS DE LA PROVINCIA DE BELLAVISTA, DE LA CORTE SUPERIOR DE JUSTICIA DE SAN MARTÍN.",CONTRATADO,active,8013150200094959,SERVICIO DE ALQUILER DE INMUEBLE,CUBSO,1.0,96000.0,PEN,Soles,36,Servicio,PE-SEACE3-UnidadMedida
ocds-dgv273-seacev3-2026-702-8,ocds-dgv273-seacev3-2026-702-8-2026-04-12T10:05:08.345686-05:00,1184816-20601548675,21195583,1,CEMENTO PORTLAND TIPO I X 42.50 kg,CONTRATADO,active,3011160100012771,CEMENTO PORTLAND TIPO I X 42.50 kg,CUBSO,1.0,46000.0,PEN,Soles,40,Unidad,PE-SEACE3-UnidadMedida
ocds-dgv273-seacev3-1184590,ocds-dgv273-seacev3-1184590-2026-04-12T10:04:59.774928-05:00,1184590-1761751,21194968,1,"HOJUELAS PRECOCIDAS DE AVENA, KIWICHA, TRIGO Y SÉMOLA DE QUINUA, AZUCARADA FORTIFICADA CON VITAMINAS Y MINERALES",CONTRATADO,active,5019210900391578,"HOJUELA DE AVENA, QUINUA Y KIWICHA PRECOCIDA ENRIQUECIDA CON VITAMINAS Y MINERALES",CUBSO,14737.0,135580.4,PEN,Soles,18,Kilogramo,PE-SEACE3-UnidadMedida
ocds-dgv273-seacev3-1184460,ocds-dgv273-seacev3-1184460-2026-04-12T10:04:51.749515-05:00,1184460-1765035,21194356,1,SERVICIO DE LIMPIEZA PARA EL CENTRO DE SALUD SAPOSOA I 4 PRIMER NIVEL DE ATENCION OGESS HUALLAGA CENTRAL,CONTRATADO,active,7611150100390420,SERVICIO DE LIMPIEZA DE AREAS ADMINISTRATIVAS U OFICINAS.,CUBSO,1.0,3840571.08,PEN,Soles,36,Servicio,PE-SEACE3-UnidadMedida
ocds-dgv273-seacev3-2026-1176-2,ocds-dgv273-seacev3-2026-1176-2-2026-04-12T10:04:41.662259-05:00,1185753-1765706,21197168,1,"EJECUCION DEL PROYECTO IOARR: REMODELACION DE LOSA DEPORTIVA CONSTRUCCION DE COBERTURA DE INSTALACIONES DEPORTIVAS EN EL (LA) I.E. 30001-47 ERNEST MALINOWSKY DISTRITO DE MOROCOCHA, PROVINCIA DE YAULI, DEPARTAMENTO DE JUNIN",CONTRATADO,active,7215310200233127,CONSTRUCCION DE LOSA DEPORTIVA,CUBSO,1.0,838053.65,PEN,Soles,40,Unidad,PE-SEACE3-UnidadMedida
ocds-dgv273-seacev3-1185235,ocds-dgv273-seacev3-1185235-2026-04-12T10:04:31.502106-05:00,1185235-20511037001,21198589,1,"CONTRATACION DE VARILLAS DE ACERO CORRUGADO PARA LA OBRA ""MEJORAMIENTO DEL SERVICIO EDUCATIVO DE LA INSTITUCIÓN EDUCATIVA SAN FRANCISCO DE ASÍS EN LOS NIVELES INICIAL, PRIMARIA Y SECUNDARIA, DEL DISTRITO DE TAMBOBAMBA - PROVINCIA DE COTABAMBAS - DEPA",CONTRATADO,active,,,,11500.0,334355.0,PEN,Soles,40,Unidad,PE-SEACE3-UnidadMedida
ocds-dgv273-seacev3-1185029,ocds-dgv273-seacev3-1185029-2026-04-12T10:04:31.160518-05:00,1185029-10332644764,21196128,1,SERVICIO DE ARRENDAMIENTO DE INMUEBLE PARA LA INTENDENCIA REGIONAL DE ANCASH,CONTRATADO,active,8013150200094959,SERVICIO DE ALQUILER DE INMUEBLE,CUBSO,1.0,156000.0,PEN,Soles,36,Servicio,PE-SEACE3-UnidadMedida
ocds-dgv273-seacev3-1193344,ocds-dgv273-seacev3-1193344-2026-04-11T10:15:07.517842-05:00,1193344-10480174157,21216196,1,"ESPECIALISTA DE BASE DE DATOS, EN EL MARCO DEL CONVENIO ENTRE ICL Y LA UE003 ¿ COFOPRI",CONTRATADO,active,8111150800392585,SERVICIO DE ELABORACION DE LINEAMIENTOS E IMPLEMENTACION DE BASE DE DATOS,CUBSO,1.0,37333.33,PEN,Soles,36,Servicio,PE-SEACE3-UnidadMedida
ocds-dgv273-seacev3-1193238,ocds-dgv273-seacev3-1193238-2026-04-11T10:14:58.900277-05:00,1193238-20455005869,21215960,01,CONTRATACIÓN DEL SUMINISTRO DE BIENES\nADQUISICION DE INSUMOS PARA EL PROGRAMA VASO DE LECHE - AÑO 2026,CONTRATADO,active,,,,14040.0,71370.0,PEN,Soles,40,Unidad,PE-SEACE3-UnidadMedida
ocds-dgv273-seacev3-2026-10154-1,ocds-dgv273-seacev3-2026-10154-1-2026-04-11T10:14:42.449720-05:00,1185783-20608490541,21197195,1,SERVICIO DE ALIMENTACION PARA PERSONAL PNP PERTENECIENTES A LA COMISARIA PNP PALACIO VIEJO,CONTRATADO,active,9111160300225303,SERVICIO DE ALIMENTACION Y NUTRICION HOSPITALARIA,CUBSO,1.0,239118.39,PEN,Soles,36,Servicio,PE-SEACE3-UnidadMedida
ocds-dgv273-seacev3-2026-10154-1,ocds-dgv273-seacev3-2026-10154-1-2026-04-11T10:14:42.449720-05:00,1185783-20608490541,21197196,2,SERVICIO DE ALIMENTACION PARA PERSONAL PNP PERTENECIENTES A LA COMISARIA PNP MIRAFLORES,CONTRATADO,active,9111160300225303,SERVICIO DE ALIMENTACION Y NUTRICION HOSPITALARIA,CUBSO,1.0,194226.96,PEN,Soles,36,Servicio,PE-SEACE3-UnidadMedida
ocds-dgv273-seacev3-1193976,ocds-dgv273-seacev3-1193976-2026-04-11T10:14:36.914095-05:00,1193976-10405408495,21217894,1,"SERVICIO DE CONSULTORÍA INDIVIDUAL DE UN ESPECIALISTA SEGURIDAD, SALUD OCUPACIONAL Y MEDIO AMBIENTE - SSOMA, EN EL MARCO DEL CONVENIO ENTRE ICL Y LA UE003 ¿ COFOPRI",CONTRATADO,active,9313170400360300,SERVICIO DE PROGRAMA DE PREVENTIVO DE SALUD OCUPACIONAL,CUBSO,1.0,39466.76,PEN,Soles,36,Servicio,PE-SEACE3-UnidadMedida
ocds-dgv273-seacev3-2026-10517-1,ocds-dgv273-seacev3-2026-10517-1-2026-04-11T10:14:31.024845-05:00,1185998-20607954837,21197350,1,CONTRATACIÓN DEL SERVICIO DE SEGURIDAD Y VIGILANCIA DE LA GERENCIA REGIONAL DE TRANSPORTES Y COMUNICACIONES - LAMBAYEQUE,CONTRATADO,active,9210150100094854,SERVICIO DE SEGURIDAD Y VIGILANCIA,CUBSO,1.0,358022.16,PEN,Soles,36,Servicio,PE-SEACE3-UnidadMedida
ocds-dgv273-seacev3-1185939,ocds-dgv273-seacev3-1185939-2026-04-11T10:14:30.702579-05:00,1185939-1767386,21197279,1,CONSULTORIA DE ELABORACION DE ESTUDIO DE EVALUACION DE RESULTADO PARA PROYECTO DE INVERSION PUBLICA,CONTRATADO,active,8010160300226358,CONSULTORIA DE ELABORACION DE ESTUDIO DE EVALUACION DE RESULTADO PARA PROYECTO DE INVERSION PUBLICA,CUBSO,1.0,329798.0,PEN,Soles,36,Servicio,PE-SEACE3-UnidadMedida
ocds-dgv273-seacev3-2026-201-1,ocds-dgv273-seacev3-2026-201-1-2026-04-11T10:14:30.553075-05:00,1185346-20481770182,21199165,1,"ADQUISICION DE SUMINISTRO DE BIENES ALIMENTICIOS PARA ATENDER A LOS BENEFICIARIOS DEL PROGRAMA VASO DE LECHE, DE LA MUNICIPALIDAD DISTRITAL DE BUENAVISTA ALTA",CONTRATADO,active,,,,5400.0,95580.0,PEN,Soles,40,Unidad,PE-SEACE3-UnidadMedida
ocds-dgv273-seacev3-1190167,ocds-dgv273-seacev3-1190167-2026-04-11T10:14:23.912039-05:00,1190167-20600749855,21208406,1,SERVICIO DE CAPACITACIÓN EN AUTOMATIZACIÓN DE PRUEBAS CON SELENIUM,CONTRATADO,active,8111150900269889,SERVICIO DE DISEÑO DE CURSO DE CAPACITACION VIRTUAL,CUBSO,1.0,32568.0,PEN,Soles,36,Servicio,PE-SEACE3-UnidadMedida
ocds-dgv273-seacev3-2026-2601-7,ocds-dgv273-seacev3-2026-2601-7-2026-04-11T10:14:20.215983-05:00,1184885-20601115795,21195664,1,Uniforme Caballero,CONTRATADO,active,4213160800367430,UNIFORME DE FAENA PARA PERSONAL ASISTENCIAL CABALLERO,CUBSO,66.0,163646.0,PEN,Soles,40,Unidad,PE-SEACE3-UnidadMedida
ocds-dgv273-seacev3-2026-2601-7,ocds-dgv273-seacev3-2026-2601-7-2026-04-11T10:14:20.215983-05:00,1184885-20601115795,21195665,2,Uniforme Dama,CONTRATADO,active,4213160800367431,UNIFORME DE FAENA PARA PERSONAL ASISTENCIAL DAMA,CUBSO,91.0,212940.0,PEN,Soles,40,Unidad,PE-SEACE3-UnidadMedida
ocds-dgv273-seacev3-2026-1545-2,ocds-dgv273-seacev3-2026-1545-2-2026-04-11T10:14:19.853989-05:00,1184935-20602335128,21195817,1,"CONTRATACION DE CONSULTORIA DE OBRA PARA LA SUPERVISION DE OBRA: MEJORAMIENTO Y AMPLIACION DEL SERVICIO DE AGUA POTABLE RURAL Y CREACION DEL SERVICIO DE ALCANTARILLADO U OTRAS FORMAS DE DISPOSICION SANITARIA DE EXCRETAS EN LA LOCALIDAD DE HUAYCHUNI DEL DISTRITO DE ICHUÑA DE LA PROVINCIA GENERAL SANCHEZ CERRO DEL DEPARTAMENTO DE MOQUEGUA, CON CUI N 2667440",CONTRATADO,active,8110151500364447,SUPERVISION DE OBRA DE AMPLIACION DEL SISTEMA DE AGUA POTABLE Y ALCANTARILLADO,CUBSO,1.0,112535.78,PEN,Soles,36,Servicio,PE-SEACE3-UnidadMedida
ocds-dgv273-seacev3-2026-203-1,ocds-dgv273-seacev3-2026-203-1-2026-04-11T10:14:19.411436-05:00,1185954-20539916379,21197308,1,"ADQUISICIÓN DE ¿LECHE EVAPORADA ENTERA x 410G¿ y ¿HOJUELAS PRECOCIDAS DE QUINUA, KIWICHA, MACA Y AVENA CON LECHE EN POLVO ENRIQUECIDA CON VITAMINAS Y MINERALES¿ PARA ATENDER A LOS BENEFICIARIOS DEL PROGRAMA VASO DE LECHE, PERIODO 2026 - MDY",CONTRATADO,active,,,,1.0,199297.8,PEN,Soles,40,Unidad,PE-SEACE3-UnidadMedida
ocds-dgv273-seacev3-1203579,ocds-dgv273-seacev3-1203579-2026-04-11T10:14:10.399388-05:00,1203579-20555456698,21244750,1,"REPARACION DE PAVIMENTO Y VEREDA; EN EL(LA) TRAMO DE PLAZA VEA Y LA CAJA TRUJILLO DE LA CIUDAD DE TALARA, DISTRITO DE PARIÑAS, PROVINCIA TALARA, DEPARTAMENTO PIURA",CONTRATADO,active,7214100300342329,MEJORAMIENTO DE PISTAS Y VEREDAS,CUBSO,1.0,3859339.0,PEN,Soles,40,Unidad,PE-SEACE3-UnidadMedida
ocds-dgv273-seacev3-2026-200176-1,ocds-dgv273-seacev3-2026-200176-1-2026-04-11T10:14:08.968953-05:00,1185485-20600062353,21196911,1,CONTRATACION DEL SERVICIO DE TRANSPORTE Y DISTRIBUCION DE MATERIALES EDUCATIVOS A LAS INSTITUCIONES EDUCATIVAS DEL AMBITO DE LA UGEL OXAPAMPA DOTACION 2026,CONTRATADO,active,7814150100232661,SERVICIO DE TRANSPORTE DE TEXTOS ESCOLARES Y MATERIAL EDUCATIVO,CUBSO,23833.0,179000.0,PEN,Soles,18,Kilogramo,PE-SEACE3-UnidadMedida
ocds-dgv273-seacev3-1184992,ocds-dgv273-seacev3-1184992-2026-04-11T10:13:56.540002-05:00,1184992-1769996,21195968,1,"Servicio de mantenimiento preventivo y correctivo de la infraestructura, equipamiento y mobiliario de 06 Establecimientos de Salud, PAQUETE 02",CONTRATADO,active,7212140300341204,SERVICIO DE MANTENIMIENTO DE INFRAESTRUCTURA DE CENTROS DE SALUD,CUBSO,1.0,109005575.69,PEN,Soles,36,Servicio,PE-SEACE3-UnidadMedida
ocds-dgv273-seacev3-1184689,ocds-dgv273-seacev3-1184689-2026-04-11T10:13:56.017685-05:00,1184689-20602647774,21195440,1,ADQUISICIÓN DE CAMIÓN COMPACTADOR DE 10 M3 CON ALZA CONTENEDOR,CONSENTIDO,active,2410240200392161,CAMION COMPACTADOR DE BASURA DE 15 m3,CUBSO,1.0,578000.0,PEN,Soles,40,Unidad,PE-SEACE3-UnidadMedida
ocds-dgv273-seacev3-2026-200078-1,ocds-dgv273-seacev3-2026-200078-1-2026-04-10T10:15:17.053666-05:00,1184455-1765030,21194202,1,CONTRATACIÓN DEL SERVICIO DE LIMPIEZA Y DESINFECCIÓN HOSPITALARIA INTEGRAL PARA EL HOSPITAL II E BELLAVISTA SEGUNDO NIVEL DE ATENCIÓN OGESS HUALLAGA CENTRAL,CONTRATADO,active,7611150100225375,SERVICIO DE LIMPIEZA DE FACHADA,CUBSO,1.0,4941501.48,PEN,Soles,36,Servicio,PE-SEACE3-UnidadMedida
ocds-dgv273-seacev3-1185488,ocds-dgv273-seacev3-1185488-2026-04-10T10:15:17.013614-05:00,1185488-1764160,21196916,1,"EJECUCIÓN DE LA OBRA:¿MEJORAMIENTO Y AMPLIACION DEL SERVICIO DE PROVISIÓN DE AGUA PARA RIEGO EN EL SECTOR GUERUJIRCAN, CUNCUNYA Y QUICHIPATA POR MEDIO DE LA CONSTRUCCIÓN DE CANAL ABIERTO, CÁMARAS DE DISTRIBUCIÓN Y DESARENADOR EN LA LOCALIDAD DE UCO",CONTRATADO,active,7214112100360987,CONSTRUCCION DE LINEA DE CONDUCCION DE AGUA,CUBSO,1.0,754555.87,PEN,Soles,40,Unidad,PE-SEACE3-UnidadMedida
ocds-dgv273-seacev3-2026-10457-28,ocds-dgv273-seacev3-2026-10457-28-2026-04-10T10:14:41.793995-05:00,1185841-20602934251,21199376,1,ADQUISICION DE ARROZ EXTRA PARA EL  HOSPITAL DEPARTAMENTAL DE HUANCAVELICA.,CONTRATADO,active,5022110800261845,ARROZ PILADO EXTRA,CUBSO,16250.0,39812.5,PEN,Soles,18,Kilogramo,PE-SEACE3-UnidadMedida
ocds-dgv273-seacev3-2026-680-1,ocds-dgv273-seacev3-2026-680-1-2026-04-10T10:14:41.776354-05:00,1185077-1769377,21196498,1,"MEJORAMIENTO Y AMPLIACION DEL SERVICIO DE AGUA POTABLE E INSTALACION DE DESAGUE EN LAS LOCALIDADES DE SANTA RITA, SAN LUIS DE PUÑA Y PUÑA, SANTO DOMINGO Y EL NARANJO, DISTRITO DE TACABAMBA - CHOTA - CAJAMARCA",CONTRATADO,active,7214112100286709,CONSTRUCCION DE SISTEMA DE ABASTECIMIENTO DE AGUA POTABLE,CUBSO,1.0,18634361.61,PEN,Soles,40,Unidad,PE-SEACE3-UnidadMedida
ocds-dgv273-seacev3-2026-200078-2,ocds-dgv273-seacev3-2026-200078-2-2026-04-10T10:14:40.790147-05:00,1184459-20609251299,21194352,1,CONTRATACION DEL SERVICIO DE SEGURIDAD Y VIGILANCIA PARA EL HOSPITAL II E BELLAVISTA SEGUNDO NIVEL DE ATENCION,CONTRATADO,active,9210150100094854,SERVICIO DE SEGURIDAD Y VIGILANCIA,CUBSO,1.0,3501094.04,PEN,Soles,36,Servicio,PE-SEACE3-UnidadMedida
ocds-dgv273-seacev3-1185741,ocds-dgv273-seacev3-1185741-2026-04-09T10:17:44.234463-05:00,1185741-20542255391,21197155,1,ARENA GRUESA,CONTRATADO,active,1111170100147541,ARENA GRUESA,CUBSO,2148.0,144990.0,PEN,Soles,26,M3,PE-SEACE3-UnidadMedida
ocds-dgv273-seacev3-1185946,ocds-dgv273-seacev3-1185946-2026-04-08T10:12:43.525316-05:00,1185946-1765138,21199493,1,"CONTRATACIÓN PARA LA EJECUCIÓN DE OBRA DE LA IOARR ¿RENOVACION DE AULA; EN EL (LA) I.E. 64853-B EN EL CENTRO POBLADO CANTA GALLO, DISTRITO DE PURÚS, PROVINCIA DE PURÚS, DEPARTAMENTO DE UCAYALI¿ CUI N° 2704328",CONTRATADO,active,7212140600233068,REMODELACION DE INFRAESTRUCTURA DE CENTROS EDUCATIVOS,CUBSO,1.0,313389.64,PEN,Soles,40,Unidad,PE-SEACE3-UnidadMedida
ocds-dgv273-seacev3-2026-1926-19,ocds-dgv273-seacev3-2026-1926-19-2026-04-08T10:12:22.679406-05:00,1185929-20515241877,21197283,1,Contratación del servicio de renovación del mantenimiento y soporte técnico de las licencias perpetuas del software Stata MP 4 Core Edition,CONTRATADO,active,8111250100334691,SERVICIO DE RENOVACION DE LICENCIA DE SOFTWARE ESTADISTICO,CUBSO,1.0,35757.54,USD,Dólar Norteamericano,36,Servicio,PE-SEACE3-UnidadMedida
ocds-dgv273-seacev3-2026-1297-4,ocds-dgv273-seacev3-2026-1297-4-2026-04-08T10:12:11.623723-05:00,1185796-20529313471,21197219,1,DIESEL B5 S-50,CONTRATADO,active,1510150500233280,DIESEL B5 S-50,CUBSO,9984.1,157739.03,PEN,Soles,13,Galon,PE-SEACE3-UnidadMedida
ocds-dgv273-seacev3-1185453,ocds-dgv273-seacev3-1185453-2026-04-08T10:12:11.555512-05:00,1185453-1764895,21198988,1,"CONTRATACIÓN PARA LA EJECUCIÓN DE LA OBRA: ¿MEJORAMIENTO Y AMPLIACION DE AGUA POTABLE RURAL EN LA LOCALIDAD DE CHACUASCANCHA DE CENTRO POBLADO DE CHACUASCANCHA DISTRITO DE YAUYA, PROVINCIA DE CARLOS FERMÍN FITZCARRALD, DEPARTAMENTO DE ANCASH¿, CON CU",CONTRATADO,active,7214112100337579,AMPLIACION DE SISTEMA DE AGUA POTABLE,CUBSO,1.0,312797.69,PEN,Soles,40,Unidad,PE-SEACE3-UnidadMedida
ocds-dgv273-seacev3-2026-1926-20,ocds-dgv273-seacev3-2026-1926-20-2026-04-08T10:12:00.281395-05:00,1185782-20549615709,21197193,1,Servicio de soporte técnico y mantenimiento de la solución de trámite documentario electrónico (AXON),CONTRATADO,active,8116150100284533,SERVICIO DE GESTION DE SISTEMA DE TRAMITE DOCUMENTARIO,CUBSO,1.0,275000.0,PEN,Soles,36,Servicio,PE-SEACE3-UnidadMedida
ocds-dgv273-seacev3-1202862,ocds-dgv273-seacev3-1202862-2026-04-08T10:11:54.904702-05:00,1202862-10763474611,21240913,1,"ARQUEÓLOGO DEL PLAN DE MONITOREO ARQUEOLÓGICO (PMA) DEL PROYECTO ¿MEJORAMIENTO DEL SERVICIO DE PROVISIÓN DE AGUA PARA RIEGO DEL SISTEMA DE RIEGO PARCELARIO DEL GRUPO DE GESTIÓN EMPRESARIAL ESPERANZA YURAMAYO, EN LA LOCALIDAD DE CUARTA PAMPA DEL DISTR",CONTRATADO,active,8010150500375320,SERVICIO DE ASISTENCIA TECNICA PARA IMPLEMENTAR EL PLAN DE MONITOREO ARQUEOLOGICO,CUBSO,1.0,28000.0,PEN,Soles,36,Servicio,PE-SEACE3-UnidadMedida
ocds-dgv273-seacev3-2026-119-1,ocds-dgv273-seacev3-2026-119-1-2026-04-03T10:07:22.141250-05:00,1185196-20480498004,21198556,1,CONTRATACIÓN DEL SUMINISTRO DE BIENES PARA EL PROGRAMA DEL VASO DE LECHE: LECHE EVAPORADA ENTERA 410 GR,CONTRATADO,active,5013170200391307,LECHE EVAPORADA SEMI DESCREMADA X 400 g APROX.,CUBSO,14757.0,59027.8,PEN,Soles,40,Unidad,PE-SEACE3-UnidadMedida
ocds-dgv273-seacev3-1185788,ocds-dgv273-seacev3-1185788-2026-04-03T10:07:21.844442-05:00,1185788-20600784669,21197206,01,"SERVICIO DE INSTALACION DE SISTEMA ELECTRICO DE MEDIA TENSION A TODO COSTO PARA LA OBRA ""MEJORAMIENTO DEL SERVICIO EDUCATIVO DEL NIVEL PRIMARIA DE LA I.E. 43178 JOSE OLAYA BALANDRA EN EL DISTRITO DE ILO, PROVINCIA DE ILO Y DEPARTAMENTO DE MOQUEGUA""",ADJUDICADO,pending,7215150200380319,SERVICIO DE INSTALACION DE RED ELECTRICA EN EDIFICACIONES,CUBSO,1.0,277096.69,PEN,Soles,36,Servicio,PE-SEACE3-UnidadMedida
ocds-dgv273-seacev3-1184747,ocds-dgv273-seacev3-1184747-2026-04-03T10:07:21.679448-05:00,1184747-20462793791,21195535,1,ADQUISICIÓN DE INSUMOS PARA PACIENTES CONTINUADORES SIS DEL PROGRAMA DE DIÁLISIS PERITONEAL-SISTEMA AUTOMATIZADO ANDY DISC 2026 DEL SERVICIO DE NEFROLOGIA - DPTO. AREAS CLINICAS,CONTRATADO,active,,,,1.0,76237.5,PEN,Soles,40,Unidad,PE-SEACE3-UnidadMedida
ocds-dgv273-seacev3-1185780,ocds-dgv273-seacev3-1185780-2026-04-03T10:07:12.031647-05:00,1185780-1765032,21197188,1,"ADQUISICION DE TAPAS Y ESCALERAS METALICAS QUE SERAN REEMPLAZADAS EN DECANTADORES, FILTROS Y CAMARA DE CONTACTO EN LA PTAP CURUMUY",CONTRATADO,active,,,,47.0,100200.61,PEN,Soles,40,Unidad,PE-SEACE3-UnidadMedida
ocds-dgv273-seacev3-1191696,ocds-dgv273-seacev3-1191696-2026-04-03T10:07:03.219026-05:00,1191696-10452435468,21211838,1,"ADQUISICIÓN DE ALIMENTOS DEL PROGRAMA DE COMPLEMENTACIÓN ALIMENTARIA - PCA EN LA MODALIDAD COMEDORES Y OLLAS COMUNES EN EL ÁMBITO DE LA PROVINCIA DE BONGARA, PARA EL PERIODO 2026.",CONSENTIDO,active,,,,8.0,198500.0,PEN,Soles,40,Unidad,PE-SEACE3-UnidadMedida
ocds-dgv273-seacev3-2026-879-1,ocds-dgv273-seacev3-2026-879-1-2026-04-03T10:07:02.535946-05:00,1185205-20611902329,21196647,1,ADQUISICIÓN DE ALIMENTOS (LECHE EVAPORADA ENTERA DE 410 GRAMOS) PARA EL PROGRAMA DEL VASO DE LECHE DE LA MUNICIPALIDAD DISTRITAL DE PAUCARA DEL PERIODO FISCAL 2026.,CONTRATADO,active,5013170200307453,LECHE EVAPORADA ENTERA X 400 g  APROX.,CUBSO,65160.0,245522.88,PEN,Soles,40,Unidad,PE-SEACE3-UnidadMedida
ocds-dgv273-seacev3-1201816,ocds-dgv273-seacev3-1201816-2026-04-03T10:06:58.030525-05:00,1201816-L5552918172,21238829,1,SERVICIO PARA LA ELABORACIÓN DEL MODELO FUNCIONAL DETALLADO PARA LA EXTRACCIÓN DE INFORMACIÓN DE APORTES (HISTORIAS LABORALES),CONTRATADO,active,8010150500297911,SERVICIO DE ELABORACION DE ANALISIS DE ACCIONES PARA COMUNICACION INTERNA,CUBSO,1.0,69752.86,USD,Dólar Norteamericano,36,Servicio,PE-SEACE3-UnidadMedida
ocds-dgv273-seacev3-2026-1212-3,ocds-dgv273-seacev3-2026-1212-3-2026-04-03T10:06:52.755556-05:00,1185881-1765634,21197244,1,"CONSTRUCCION DE CAPTACION DE AGUA , LINEA DE CONDUCCION, RESERVORIO Y PASE AEREO EN EL(LA) SISTEMA DE AGUA POTABLE EN EL CASERIO DE SHALAR EN EL CENTRO POBLADO SHALAR, DISTRITO DE CHUGAY, PROVINCIA SANCHEZ CARRION, DEPARTAMENTO LA LIBERTAD",ADJUDICADO,pending,7214112100360987,CONSTRUCCION DE LINEA DE CONDUCCION DE AGUA,CUBSO,1.0,629523.38,PEN,Soles,36,Servicio,PE-SEACE3-UnidadMedida
ocds-dgv273-seacev3-1184395,ocds-dgv273-seacev3-1184395-2026-04-03T10:06:52.615292-05:00,1184395-20197705249,21194124,4,ITEM PAQUETE 4,CONTRATADO,active,,,,10800.0,40260.0,PEN,Soles,40,Unidad,PE-SEACE3-UnidadMedida
ocds-dgv273-seacev3-1184395,ocds-dgv273-seacev3-1184395-2026-04-03T10:06:52.615292-05:00,1184395-20439194236,21194130,5,ITEM PAQUETE 5,CONTRATADO,active,,,,23788.0,48852.8,PEN,Soles,40,Unidad,PE-SEACE3-UnidadMedida
ocds-dgv273-seacev3-1184395,ocds-dgv273-seacev3-1184395-2026-04-03T10:06:52.615292-05:00,1184395-20506248036,21194115,3,ITEM PAQUETE 3,CONTRATADO,active,,,,157400.0,46803.0,PEN,Soles,40,Unidad,PE-SEACE3-UnidadMedida
ocds-dgv273-seacev3-1184395,ocds-dgv273-seacev3-1184395-2026-04-03T10:06:52.615292-05:00,1184395-20506744874,21194102,2,ITEM PAQUETE 2,CONTRATADO,active,,,,93200.0,96700.0,PEN,Soles,40,Unidad,PE-SEACE3-UnidadMedida
ocds-dgv273-seacev3-1184395,ocds-dgv273-seacev3-1184395-2026-04-03T10:06:52.615292-05:00,1184395-20506744874,21194091,1,ITEM PAQUETE 1,CONTRATADO,active,,,,279400.0,37345.0,PEN,Soles,40,Unidad,PE-SEACE3-UnidadMedida
ocds-dgv273-seacev3-1184395,ocds-dgv273-seacev3-1184395-2026-04-03T10:06:52.615292-05:00,1184395-20606795867,21194151,6,ITEM PAQUETE 6,CONTRATADO,active,,,,655000.0,664600.0,PEN,Soles,40,Unidad,PE-SEACE3-UnidadMedida
ocds-dgv273-seacev3-1185294,ocds-dgv273-seacev3-1185294-2026-04-02T10:14:50.699886-05:00,1185294-20601453895,21198664,1,CONTRATACIÓN DE BIENES PARA LA ADQUISICIÓN DE LECHE EVAPORADA ENTERA (TARROS DE 410 GRAMOS) PARA EL PROGRAMA VASO DE LECHE DE LA MUNICIPALIDAD DISTRITAL DE TUMÁN PARA EL PERIODO MARZO A DICIEMBRE DEL AÑO 2026,CONSENTIDO,active,5013170200307453,LECHE EVAPORADA ENTERA X 400 g  APROX.,CUBSO,1.0,143078.4,PEN,Soles,40,Unidad,PE-SEACE3-UnidadMedida
ocds-dgv273-seacev3-2026-1003003812-9,ocds-dgv273-seacev3-2026-1003003812-9-2026-04-02T10:14:50.610483-05:00,1185897-20601770114,21197271,1,Renovación de la suscripción del licenciamiento del servicio de Microsoft 365 para el personal del Senace,ADJUDICADO,pending,8111250100367527,SERVICIO DE RENOVACION DE LICENCIA DE SOFTWARE OFIMATICA,CUBSO,1.0,365286.95,PEN,Soles,36,Servicio,PE-SEACE3-UnidadMedida
ocds-dgv273-seacev3-1185650,ocds-dgv273-seacev3-1185650-2026-04-02T10:14:50.560918-05:00,1185650-1765985,21197014,1,"CONTRATACION DE LA EJECUCION DE OBRA CONSTRUCCION DE COLECTOR DE AGUA PLUVIAL; EN EL(LA) SISTEMA DE ALCANTARILLADO PLUVIAL DEL JR. MARAÑON EN EL CENTRO POBLADO PORVENIR, DISTRITO DE RAPAYAN, PROVINCIA HUARI, DEPARTAMENTO ANCASH CON CUI 2705694",CONTRATADO,active,7215260200233157,CONSTRUCCION DE SISTEMAS DE DRENAJE PLUVIAL,CUBSO,1.0,363793.47,PEN,Soles,40,Unidad,PE-SEACE3-UnidadMedida
ocds-dgv273-seacev3-1184414,ocds-dgv273-seacev3-1184414-2026-04-02T10:14:50.469104-05:00,1184414-1758641,21194346,1,"CONTRATACIÓN DE LA EJECUCION DEL SALDO DE OBRA: ¿MEJORAMIENTO Y AMPLIACION DE SANEAMIENTO BÁSICO DE LOS CASERÍOS DE RANRA, RUTUNA, RAYO, YUNCAJ DEL DISTRITO DE POMABAMBA - PROVINCIA DE POMABAMBA - DEPARTAMENTO DE ANCASH¿ CUI N° 2455617",CONTRATADO,active,7214112100356871,CONSTRUCCION DE SISTEMA DE AGUA POTABLE Y SERVICIOS HIGIENICOS CON BIODIGESTORES,CUBSO,1.0,808257.41,PEN,Soles,36,Servicio,PE-SEACE3-UnidadMedida
ocds-dgv273-seacev3-1185118,ocds-dgv273-seacev3-1185118-2026-04-02T10:14:39.180469-05:00,1185118-1767715,21196543,1,"SERVICIO DE EJECUCIÓN DE PARTIDAS COMPLEMENTARIAS A TODO COSTO INCLUYE MAQUINARIAS PESADAS, COMBUSTIBLE, OPERADORES Y OTROS PARA EL PROYECTO: ¿CREACION DE CAMINO VECINAL EMP. AY. 102. PACOS - CHAMANA - APACHETA DEL DISTRITO DE CHUNGUI - PROVINCIA DE",CONTRATADO,active,7214150500335559,SERVICIO DE OPERACION DE MAQUINARIA PESADA,CUBSO,1.0,824200.0,PEN,Soles,36,Servicio,PE-SEACE3-UnidadMedida
ocds-dgv273-seacev3-2026-200118-2,ocds-dgv273-seacev3-2026-200118-2-2026-04-02T10:14:05.498262-05:00,1185882-1769501,21197252,1,CONTRATACIÓN DEL SERVICIO DE PREPARACIÓN Y ATENCIÓN CON ALIMENTOS EN EL COMEDOR ESTUDIANTIL DE LA UNIVERSIDAD NACIONAL INTERCULTURAL DE LA AMAZONIA  CORRESPONDIENTE AL AÑO ACADEMICO 2026 I Y 2026 II,CONTRATADO,active,9111160300225304,SERVICIO DE CONCESIONARIO (A) DE ALIMENTOS,CUBSO,1.0,1856850.0,PEN,Soles,36,Servicio,PE-SEACE3-UnidadMedida
ocds-dgv273-seacev3-1199862,ocds-dgv273-seacev3-1199862-2026-04-01T10:15:16.695972-05:00,1199862-10473018361,21232920,1,"ARQUEOLOGO DEL PLAN DE MONITOREO ARQUEOLOGICO (PMA)DEL PROYECTO MEJORAMIENTO DEL SERVICIO DE AGUA A NIVEL PARCELARIO CON UN SISTEMA DE RIEGO TECNIFICADO PARA EL GRUPO DE GESTION EMPRESARIAL CARITA, DISTRITO DE HUASAHUASI- PROVINCIA DE TARMA ¿ DEPARTA",CONTRATADO,active,8010150500375320,SERVICIO DE ASISTENCIA TECNICA PARA IMPLEMENTAR EL PLAN DE MONITOREO ARQUEOLOGICO,CUBSO,1.0,21000.0,PEN,Soles,36,Servicio,PE-SEACE3-UnidadMedida
ocds-dgv273-seacev3-2026-1610-6,ocds-dgv273-seacev3-2026-1610-6-2026-04-01T10:15:14.847547-05:00,1185057-10026473255,21196514,2,ADQUISICION DE LECHE EVAPORADA ENTERA X 410 GR,CONTRATADO,active,5013170200307453,LECHE EVAPORADA ENTERA X 400 g  APROX.,CUBSO,53448.0,220205.76,PEN,Soles,40,Unidad,PE-SEACE3-UnidadMedida
ocds-dgv273-seacev3-2026-1610-6,ocds-dgv273-seacev3-2026-1610-6-2026-04-01T10:15:14.847547-05:00,1185057-20600736923,21196515,1,"HOJUELAS PRECOCIDAS DE AVENA, KIWICHA, HARINA DE MAÍZ BLANCO PRECOCIDO (CHUFLA DE MAÍZ) TARHUI AZUCARADAS FORTIFICADAS CON VITAMINAS Y MINERALES",CONTRATADO,active,5022110100002693,HOJUELA PRECOCIDA DE AVENA,CUBSO,17752.0,136693.79,PEN,Soles,18,Kilogramo,PE-SEACE3-UnidadMedida
ocds-dgv273-seacev3-2026-365-2,ocds-dgv273-seacev3-2026-365-2-2026-04-01T10:14:42.100249-05:00,1185370-1764531,21196827,1,CONTRATACIÓN DEL SERVICIO DE CONFECCION E INSTALACION DE ESTRUCTURAS METALICAS Y COBERTURA PARA TECHO SEGÚN DISEÑO (A TODO COSTO) PARA EL PROYECTO ¿MEJORAMIENTO DEL SERVICIO DE PRÁCTICA DEPORTIVA Y/O RECREATIVA EN LA LOSA DEPORTIVA PAMPATAMA DISTRITO DE TINTAY DE LA PROVINCIA DE AYMARAES DEL DEPARTAMENTO DE APURIMAC¿ CUI - 2709576,CONTRATADO,active,7215260500362090,SERVICIO DE INSTALACION DE ESTRUCTURA DE FIERRO CON COBERTURA DE PLANCHA METALICA,CUBSO,1.0,208400.0,PEN,Soles,36,Servicio,PE-SEACE3-UnidadMedida
ocds-dgv273-seacev3-1185058,ocds-dgv273-seacev3-1185058-2026-04-01T10:14:41.968400-05:00,1185058-20552075341,21196145,1,ADQUISICION DE LICENCIAS DE HERRAMIENTAS DE CIBERSEGURIDAD EN LA NUBE PARA LA PROTECCION DE APLICACIONES WEB Y APIS,CONTRATADO,active,,,,1.0,2219900.0,PEN,Soles,40,Unidad,PE-SEACE3-UnidadMedida
ocds-dgv273-seacev3-1200989,ocds-dgv273-seacev3-1200989-2026-04-01T10:14:32.975131-05:00,1200989-10705714032,21236518,1,"¿ARQUEOLOGO DEL PLAN DE MONITOREO ARQUEOLOGICO (PMA) DEL PROYECTO MEJORAMIENTO DEL SERVICIO DE PROVISION DE AGUA PARA RIEGO DEL SISTEMA DE RIEGO PARCELARIO DEL GRUPO DE GESTION EMPRESARIAL  SAN DIEGO, FLOR DE AMANCAES Y LLIPIAN, DISTRITO DE MATO ¿ PR",CONTRATADO,active,8010150500375320,SERVICIO DE ASISTENCIA TECNICA PARA IMPLEMENTAR EL PLAN DE MONITOREO ARQUEOLOGICO,CUBSO,1.0,21000.0,PEN,Soles,36,Servicio,PE-SEACE3-UnidadMedida
ocds-dgv273-seacev3-1199756,ocds-dgv273-seacev3-1199756-2026-04-01T10:14:31.362314-05:00,1199756-10431741496,21232759,1,ANALISTA EN EJECUCION CONTRACTUAL PARA EL PROGRAMA NACIONAL DE RIEGO TECNIFICADO PARA UNA AGRICULTURA CLIMATICAMENTE RESILIENTE (PNRT),CONTRATADO,active,8011162300395631,SERVICIO DE SEGUIMIENTO DE CUMPLIMIENTO DE OBLIGACIONES CONTRACTUALES,CUBSO,1.0,24000.0,PEN,Soles,36,Servicio,PE-SEACE3-UnidadMedida
ocds-dgv273-seacev3-2026-107428-1,ocds-dgv273-seacev3-2026-107428-1-2026-04-01T10:14:30.354401-05:00,1185600-20287233851,21199105,2,LECHE EVAPORADA ENTERA X 400G,CONTRATADO,active,5013170200307453,LECHE EVAPORADA ENTERA X 400 g  APROX.,CUBSO,13116.0,54693.72,PEN,Soles,40,Unidad,PE-SEACE3-UnidadMedida
ocds-dgv273-seacev3-2026-107428-1,ocds-dgv273-seacev3-2026-107428-1-2026-04-01T10:14:30.354401-05:00,1185600-20612272060,21199106,1,mezcla de harina precocida de quinua kiwicha haba fortificada con vitaminas y minerales,CONTRATADO,active,5022110200393193,"MEZCLA DE HARINAS EXTRUIDAS DE QUINUA, AVENA, SOYA, MAIZ FORTIFICADA CON VITAMINAS Y MINERALES",CUBSO,11525.0,65428.8,PEN,Soles,40,Unidad,PE-SEACE3-UnidadMedida
ocds-dgv273-seacev3-1184912,ocds-dgv273-seacev3-1184912-2026-04-01T10:14:30.225399-05:00,1184912-1762655,21195782,1,"EJECUCION DE LA ACTIVIDAD: MANTENIMIENTO DEL PAVIMENTO RIGIDO EN LAS CALLES DE LA LOCALIDAD DE CASCA, DISTRITO DE CASCA ¿ MARISCAL LUZURIAGA -ÁNCASH",CONTRATADO,active,7214100300349728,SERVICIO DE MANTENIMIENTO DE PISTAS Y VEREDAS,CUBSO,1.0,93000.0,PEN,Soles,36,Servicio,PE-SEACE3-UnidadMedida
ocds-dgv273-seacev3-2026-1487-3,ocds-dgv273-seacev3-2026-1487-3-2026-03-30T09:55:50.617680-05:00,1184326-10409229331,21195470,1,"SUPERVISIÓN DE OBRA: MEJORAMIENTO DEL SERVICIO DE AGUA POTABLE RURAL Y MEJORAMIENTO DEL SERVICIO DE ALCANTARILLADO U OTRAS FORMAS DE DISPOSICIÓN SANITARIA DE EXCRETAS EN LA COMUNIDAD DE CENTRO POBLADO CAMPO SERIO DISTRITO DE TORRES CAUSANA DE LA PROVINCIA DE MAYNAS DEL DEPARTAMENTO DE LORETO, CUI Nº 2630068",CONTRATADO,active,8114180700359040,SUPERVISION DE OBRA DE CAMBIO DE REDES DE AGUA Y DESAGUE,CUBSO,1.0,153936.0,PEN,Soles,36,Servicio,PE-SEACE3-UnidadMedida
ocds-dgv273-seacev3-2026-1191-13,ocds-dgv273-seacev3-2026-1191-13-2026-03-29T10:02:43.512086-05:00,1185172-1766891,21198541,1,"CONTRATACIÓN DEL PAQUETE 01 PARA LA EJECUCIÓN DE LA OBRA IOARR: ""REPARACIÓN DE CALZADA O PISTA, VEREDA O ACERA Y SEÑALIZACIÓN HORIZONTAL; EN EL(LA) SERVICIO DE MOVILIDAD URBANA EN LAS INTERSECCIONES VIALES DE LA AV. PERÚ CON LA AV. VILLARREAL, AV. AM",CONSENTIDO,active,,,,2.0,4212917.74,PEN,Soles,40,Unidad,PE-SEACE3-UnidadMedida
ocds-dgv273-seacev3-1185542,ocds-dgv273-seacev3-1185542-2026-03-29T10:02:35.506685-05:00,1185542-1764655,21199052,1,MEJORAMIENTO Y AMPLIACION DEL SISTEMA DE AGUA POTABLE EN EL SECTOR DE LLULLAYACU DEL DISTRITO DE POMABAMBA PROVINCIA DE POMABAMBA DEPARTAMENTO DE ANCASH CON CUI N 2533644,ADJUDICADO,pending,7214112100337579,AMPLIACION DE SISTEMA DE AGUA POTABLE,CUBSO,1.0,581189.38,PEN,Soles,36,Servicio,PE-SEACE3-UnidadMedida
ocds-dgv273-seacev3-1184520,ocds-dgv273-seacev3-1184520-2026-03-29T10:02:35.490448-05:00,1184520-20602226698,21194529,1,"ADQUISICIÓN DE UNA CAMIONETA PICK UP 4 X 2 DOBLE CABINA, EN EL MARCO DEL IOARR: ¿ADQUISICION DE CAMIONETA; EN EL (LA) AREA DE SEGURIDAD CIUDADANA DISTRITO DE SAÑA, PROVINCIA DE CHICLAYO, DEPARTAMENTO DE LAMBAYEQUE¿, CON CUI N° 2700529",CONTRATADO,active,2510150700065079,CAMIONETA PICK UP CABINA DOBLE 4 X 2,CUBSO,1.0,134790.0,PEN,Soles,40,Unidad,PE-SEACE3-UnidadMedida
ocds-dgv273-seacev3-1185402,ocds-dgv273-seacev3-1185402-2026-03-29T10:02:26.457339-05:00,1185402-20610397124,21196853,1,CEMENTO PORTLAND TIPO I X 42.50 kg,CONTRATADO,active,3011160100012771,CEMENTO PORTLAND TIPO I X 42.50 kg,CUBSO,3755.0,33.0,PEN,Soles,40,Unidad,PE-SEACE3-UnidadMedida
ocds-dgv273-seacev3-2026-1191-19,ocds-dgv273-seacev3-2026-1191-19-2026-03-29T10:02:26.300583-05:00,1185227-20600055560,21196685,1,"EJECUCION DE LA OBRA MEJORAMIENTO DEL SERVICIO RECREATIVO EN EL PARQUE N 02 EN LA URB.LIBERTAD DEL DISTRITO  DE TRUJILLO, PROVICNIA DE TRUJILLO,DEPARTAMENTO DE LA LIBERTAD CON CODIGO UNICO DE INVERSIONES N 2512744",CONTRATADO,active,7214112800364494,REMODELACION DE PARQUES Y PLAZAS,CUBSO,1.0,1353243.46,PEN,Soles,40,Unidad,PE-SEACE3-UnidadMedida
ocds-dgv273-seacev3-2026-200077-4,ocds-dgv273-seacev3-2026-200077-4-2026-03-29T10:02:15.716938-05:00,1184973-20609251299,21196073,1,"CONTRATACION DEL SERVICIO DE SEGURIDAD Y VIGILANCIA PARA EL HOSPITAL II-1 RIOJA, SEGUNDO NIVEL DE ATENCION POR EL PERIODO 36 MESES",CONTRATADO,active,9210150100094854,SERVICIO DE SEGURIDAD Y VIGILANCIA,CUBSO,1.0,6120000.0,PEN,Soles,36,Servicio,PE-SEACE3-UnidadMedida
ocds-dgv273-seacev3-1185030,ocds-dgv273-seacev3-1185030-2026-03-28T10:10:54.840391-05:00,1185030-10418026265,21196129,1,CONTRATACIÓN DE BIENES DE BARRA PARA CONSTRUCCION,CONSENTIDO,active,,,,12720.0,119000.0,PEN,Soles,40,Unidad,PE-SEACE3-UnidadMedida
ocds-dgv273-seacev3-1185030,ocds-dgv273-seacev3-1185030-2026-03-28T10:10:54.840391-05:00,1185030-20511037001,21196129,1,CONTRATACIÓN DE BIENES DE BARRA PARA CONSTRUCCION,CONTRATADO,active,,,,12720.0,332210.0,PEN,Soles,40,Unidad,PE-SEACE3-UnidadMedida
ocds-dgv273-seacev3-1184636,ocds-dgv273-seacev3-1184636-2026-03-28T10:10:54.159563-05:00,1184636-20208154428,21195251,1,"CONTRATACIÓN DEL SERVICIO DE ALQUILER DE MAQUINARIA PARA QOCHA ¿EL TOTORAL¿ PARA LA EJECUCIÓN DEL PROYECTO DE INVERSIÓN DENOMINADO: ""RECUPERACIÓN DE LOS SERVICIOS ECOSISTÉMICOS EN 13 UNIDADES PRODUCTORAS 13 CENTROS POBLADOS 4 DISTRITOS DE LA PROVINCI",ADJUDICADO,pending,,,,1.0,709917.97,PEN,Soles,40,Unidad,PE-SEACE3-UnidadMedida
ocds-dgv273-seacev3-2026-74929-5,ocds-dgv273-seacev3-2026-74929-5-2026-03-28T10:10:34.058885-05:00,1185795-10279911585,21197218,1,"SERVICIO ESPECIALIZADO PARA BRINDAR SOPORTE A LA COORDINACIÓN GENERAL, \nDESDE EL COMPONENTE I, EN MATERIA TÉCNICA EN LAS ACCIONES DE \nCOORDINACIÓN, SEGUIMIENTO, MONITOREO, ASESORAMIENTO TÉCNICO Y CONTROL \nDE CALIDAD RESPECTO A LOS PLANES DE TRABAJO",CONTRATADO,active,8115160400226913,SERVICIO DE LEVANTAMIENTO CATASTRAL,CUBSO,1.0,110000.0,PEN,Soles,36,Servicio,PE-SEACE3-UnidadMedida
ocds-dgv273-seacev3-2026-718-1,ocds-dgv273-seacev3-2026-718-1-2026-03-28T10:10:13.546500-05:00,1185516-20600907558,21199030,1,"ADQUISICION DE PRODUCTO PARA EL PROGRAMA VASO DE LECHE DE LA MUNICIPALIDAD DISTRITAL DE CATILLUC, CONSISTENTE EN HOJUELA DE KIWICHA TOSTADA, SOYA INTEGRAL, QUINUA AVENA AZUCARADA CON VITAMINAS Y MINERALES PARA ATENCION DEL PROGRAMA VASO DE LECHE DE MUNICIPALIDAD DISTRITAL DE CATILLUC PERIODO 2026",CONTRATADO,active,5022110100002739,HOJUELA DE AVENA CON KIWICHA,CUBSO,11466.77,83248.75,PEN,Soles,18,Kilogramo,PE-SEACE3-UnidadMedida
ocds-dgv273-seacev3-1185308,ocds-dgv273-seacev3-1185308-2026-03-28T10:10:13.041720-05:00,1185308-10239936399,21196767,1,CEMENTO PORTLAND TIPO I X 42.50 kg,CONSENTIDO,active,3011160100012771,CEMENTO PORTLAND TIPO I X 42.50 kg,CUBSO,2599.0,85000.0,PEN,Soles,40,Unidad,PE-SEACE3-UnidadMedida
ocds-dgv273-seacev3-1185308,ocds-dgv273-seacev3-1185308-2026-03-28T10:10:13.041720-05:00,1185308-20605207830,21196767,1,CEMENTO PORTLAND TIPO I X 42.50 kg,CONTRATADO,active,3011160100012771,CEMENTO PORTLAND TIPO I X 42.50 kg,CUBSO,2599.0,89665.5,PEN,Soles,40,Unidad,PE-SEACE3-UnidadMedida
ocds-dgv273-seacev3-2026-492-2,ocds-dgv273-seacev3-2026-492-2-2026-03-28T10:10:12.577193-05:00,1185475-20563136562,21199006,1,"ADQUISICIÓN DE VARILLAS DE FIERRO, PARA LA OBRA ¿CREACIÓN DEL SERVICIO DE ATENCIÓN DE SALUD BÁSICOS EN EL CENTRO DE PROMOCIÓN Y VIGILANCIA COMUNAL DEL CUIDADO INTEGRAL DE LA MADRE Y DEL NIÑO PARA LA REDUCCIÓN DE LA DESNUTRICIÓN Y ANEMIA INFANTIL DE C",CONSENTIDO,active,,,,399.0,59425.06,PEN,Soles,40,Unidad,PE-SEACE3-UnidadMedida
ocds-dgv273-seacev3-2026-492-2,ocds-dgv273-seacev3-2026-492-2-2026-03-28T10:10:12.577193-05:00,1185475-20100241022,21199006,1,"ADQUISICIÓN DE VARILLAS DE FIERRO, PARA LA OBRA ¿CREACIÓN DEL SERVICIO DE ATENCIÓN DE SALUD BÁSICOS EN EL CENTRO DE PROMOCIÓN Y VIGILANCIA COMUNAL DEL CUIDADO INTEGRAL DE LA MADRE Y DEL NIÑO PARA LA REDUCCIÓN DE LA DESNUTRICIÓN Y ANEMIA INFANTIL DE C",CONTRATADO,active,,,,399.0,65000.0,PEN,Soles,40,Unidad,PE-SEACE3-UnidadMedida
ocds-dgv273-seacev3-1185085,ocds-dgv273-seacev3-1185085-2026-03-28T10:10:01.798897-05:00,1185085-10106820240,21198432,1,ADQUISICION DE COMBUSTIBLE (DIESEL B5 S-50 Y GASOHOL REGULAR) PARA LAS UNIDADES VEHICULARES ASIGNADAS A LA UNIDAD DE GESTION DE RESIDUOS SOLIDOS PARA EL AÑO 2026,ADJUDICADO,pending,,,,2.0,630957.76,PEN,Soles,40,Unidad,PE-SEACE3-UnidadMedida
ocds-dgv273-seacev3-1185871,ocds-dgv273-seacev3-1185871-2026-03-28T10:10:01.703432-05:00,1185871-1768626,21197255,1,SUPERVISION DE OBRA:CREACION DEL SERVICIO DE TRANSITABILIDAD VEHICULAR Y PEATONAL EN EL SECTOR 20 URUBAMBA DEL DISTRITO DE CAJAMARCA - PROVINCIA DE CAJAMARCA - DEPARTAMENTO DE CAJAMARCA,CONTRATADO,active,8110151000336399,SUPERVISION DE OBRA DE CONSTRUCCION DE CALLES Y SIMILARES,CUBSO,1.0,198066.09,PEN,Soles,36,Servicio,PE-SEACE3-UnidadMedida
ocds-dgv273-seacev3-1184646,ocds-dgv273-seacev3-1184646-2026-03-28T10:09:51.472745-05:00,1184646-20523048652,21195268,1,ADQUISICIÓN DE CHALECOS ANTIBALAS NIVEL III ¿ A PARA EL PERSONAL DE SERENAZGO DE LA SUBGERENCIA DE SEGURIDAD CIUDADANA Y SERENAZGO DE LA MUNICIPALIDAD DISTRITAL DE ATE,ADJUDICADO,pending,4618150200079462,CHALECO ANTIBALAS,CUBSO,360.0,576000.0,PEN,Soles,40,Unidad,PE-SEACE3-UnidadMedida
ocds-dgv273-seacev3-1185811,ocds-dgv273-seacev3-1185811-2026-03-27T10:16:26.818722-05:00,1185811-20603266511,21199365,1,CONTRATACION DE AGREGADOS,CONSENTIDO,active,,,,1220.0,177800.0,PEN,Soles,40,Unidad,PE-SEACE3-UnidadMedida
ocds-dgv273-seacev3-2026-1345-4,ocds-dgv273-seacev3-2026-1345-4-2026-03-27T10:16:16.163321-05:00,1185893-20552108885,21199446,2,COMBUSTIBLE,CONTRATADO,active,,,,1.0,397204.99,PEN,Soles,40,Unidad,PE-SEACE3-UnidadMedida
ocds-dgv273-seacev3-2026-11-18,ocds-dgv273-seacev3-2026-11-18-2026-03-27T10:16:06.731109-05:00,1185947-1766143,21197287,1,Servicio de consultoría para la elaboración del expediente técnico del proyecto CUI 2264711 Reubicación de los Servicios Funerarios para los Trabajadores del Sector Agrario (SERFUSA),CONTRATADO,active,8110150800086207,ELABORACION DE EXPEDIENTE TECNICO DE OBRA PARA CONSTRUCCION DE EDIFICIOS,CUBSO,1.0,224565.52,PEN,Soles,36,Servicio,PE-SEACE3-UnidadMedida
ocds-dgv273-seacev3-2026-977-2,ocds-dgv273-seacev3-2026-977-2-2026-03-27T10:15:45.545214-05:00,1185719-20573191782,21199240,2,adquisicion de productos :hojuelas precocidas azucaradas avena quinua con maca fortificado con vitaminas y minerales,CONTRATADO,active,5019210900392951,"HOJUELA DE AVENA, QUINUA, KIWICHA Y HARINA DE SOYA PRECOCIDA ENRIQUECIDA CON VITAMINAS Y MINERALES",CUBSO,20880.0,156600.0,PEN,Soles,18,Kilogramo,PE-SEACE3-UnidadMedida
ocds-dgv273-seacev3-2026-977-2,ocds-dgv273-seacev3-2026-977-2-2026-03-27T10:15:45.545214-05:00,1185719-20573191782,21199241,1,LECHE EVAPORADA ENTERA X 410 GR.,CONTRATADO,active,5013170200307453,LECHE EVAPORADA ENTERA X 400 g  APROX.,CUBSO,55584.0,250128.0,PEN,Soles,40,Unidad,PE-SEACE3-UnidadMedida
ocds-dgv273-seacev3-2026-1289-1,ocds-dgv273-seacev3-2026-1289-1-2026-03-27T10:15:44.383894-05:00,1185469-20396543185,21198983,2,"HOJUELAS DE AVENA, QUINUA, KIWICHA CON HARINA DE TARWI, LECHE ENTERA EN POLVO AZUCARADA CON VITAMINAS Y MINERALES",CONTRATADO,active,5019210900391578,"HOJUELA DE AVENA, QUINUA Y KIWICHA PRECOCIDA ENRIQUECIDA CON VITAMINAS Y MINERALES",CUBSO,20517.0,282108.75,PEN,Soles,18,Kilogramo,PE-SEACE3-UnidadMedida
ocds-dgv273-seacev3-2026-1289-1,ocds-dgv273-seacev3-2026-1289-1-2026-03-27T10:15:44.383894-05:00,1185469-20608188020,21198982,1,LECHE EVAPORADA ENTERA,CONTRATADO,active,5013170200307453,LECHE EVAPORADA ENTERA X 400 g  APROX.,CUBSO,43147.0,166978.89,PEN,Soles,40,Unidad,PE-SEACE3-UnidadMedida
ocds-dgv273-seacev3-2026-200199-8,ocds-dgv273-seacev3-2026-200199-8-2026-03-27T10:15:34.523190-05:00,1185424-10010406370,21198928,1,"ADQUISICION DE HORMIGON, PARA LA OBRA REPARACION DE VIAS DE ACCESO EN EL(LA) TRAMO DE CARRETERA SAN LORENZO,  AYACUCHO DE (0 A 8.12 KM), EN EL CENTRO POBLADO SAN LORENZO, DISTRITO DE BARRANCA, PROVINCIA DATEM DEL MARAÑON, DEPARTAMENTO LORETO, CUI: 2701535",CONTRATADO,active,3011150300147573,HORMIGON,CUBSO,8164.0,959268.18,PEN,Soles,26,M3,PE-SEACE3-UnidadMedida
ocds-dgv273-seacev3-1187358,ocds-dgv273-seacev3-1187358-2026-03-26T10:13:17.584551-05:00,1187358-1764887,21200961,1,"CONTRATACION PARA LA EJECUCION DE LA OBRA: IOARR ¿CONSTRUCCION DE OFICINA ADMINISTRATIVA Y AUDITORIO; EN EL(LA) I.E. 80446 RAMON CASTILLA EN EL CENTRO POBLADO PUEBLO LIBRE, DISTRITO DE HUANCASPATA, PROVINCIA PATAZ, DEPARTAMENTO LA LIBERTAD¿, CON CUI N°2709077",CONTRATADO,active,7212110100326463,CONSTRUCCION DE AUDITORIO,CUBSO,1.0,676086.9,PEN,Soles,36,Servicio,PE-SEACE3-UnidadMedida
ocds-dgv273-seacev3-1185034,ocds-dgv273-seacev3-1185034-2026-03-26T10:13:07.983070-05:00,1185034-1762880,21196139,1,EJECUCION DE OBRA: CREACIÓN DE LOS SERVICIOS CULTURALES PARA LA PARTICIPACIÓN DE LA POBLACIÓN EN LAS INDUSTRIAS CULTURALES Y LAS ARTES EN EL CENTRO CULTURAL DEL SECTOR 06 DEL DISTRITO DE LA MOLINA - PROVINCIA DE LIMA- CUI N 2628591.,CONTRATADO,active,7212141100392981,CONSTRUCCION Y EQUIPAMIENTO DE CENTRO CULTURAL,CUBSO,1.0,15667970.85,PEN,Soles,40,Unidad,PE-SEACE3-UnidadMedida
ocds-dgv273-seacev3-2026-10369-10,ocds-dgv273-seacev3-2026-10369-10-2026-03-26T10:12:46.009036-05:00,1185974-20605064800,21197330,1,SERVICIO DE DESMONTAJE Y REPOSICION DE VIVIENDAS (AMBIENTES AFECTADOS) POR EL PROCESO CONSTRUCTIVO DEL PIP CONTROL DE DESBORDES E INUNDACIONES EN EL RIO ICA Y QUEBRADA CANSAS  CHANCHAJALLA  ITEM III  SECTOR II 2 TRAMO URBANO (PUENTE GRAU  PUENTE CUTERVO) CON C.U.I N 2228738,CONTRATADO,active,7211110900367168,SERVICIO DE MANTENIMIENTO DE INFRAESTRUCTURA DE VIVIENDAS,CUBSO,1.0,906637.27,PEN,Soles,36,Servicio,PE-SEACE3-UnidadMedida
ocds-dgv273-seacev3-1185786,ocds-dgv273-seacev3-1185786-2026-03-26T10:12:45.994026-05:00,1185786-20528115897,21199334,1,EJECUCIÓN DE OBRA: ¿CREACIÓN DE LOS SERVICIOS DE ESPACIOS PUBLICOS URBANOS EN EL PARQUE RECREATIVO LA CA. TUMBES EN AA.HH. MUNICH DE CENTRO POBLADO IQUITOS DISTRITO DE IQUITOS ¿ PROVINCIA DE MAYNAS ¿ DEPARTAMENTO DE LORETO¿ CUI N° 2700836.,CONTRATADO,active,7214112800233081,CONSTRUCCION DE PARQUES Y PLAZAS,CUBSO,1.0,2290000.0,PEN,Soles,40,Unidad,PE-SEACE3-UnidadMedida
ocds-dgv273-seacev3-2026-1116-1,ocds-dgv273-seacev3-2026-1116-1-2026-03-26T10:12:36.561679-05:00,1185990-10200257630,21199532,1,CONTRATACION DE SUMINISTRO DE DIESEL B5 S50 Y GASOHOL REGULAR PARA RECOLECION TRASLADO Y DISPOSICION FINAL DE RESIDUOS SOLIDOS MUNICIPALES EN EL DISTRITO DE PERENE - PROVINCIA DE CHANCHAMAYO - DEPARTAMENTO DE JUNIN.,CONTRATADO,active,,,,2.0,373450.0,PEN,Soles,40,Unidad,PE-SEACE3-UnidadMedida
ocds-dgv273-seacev3-1185985,ocds-dgv273-seacev3-1185985-2026-03-26T10:12:35.696886-05:00,1185985-10200257630,21199522,1,CONTRATACION DE SUMINISTRO DE COMBUSTIBLE DIESEL B5 S-50 Y GASOHOL REGULAR PARA LAS DIFERENTES ÁREAS DE LA MUNICIPALIDAD DISTRITAL DE PERENE.,CONTRATADO,active,,,,2.0,331708.3,PEN,Soles,40,Unidad,PE-SEACE3-UnidadMedida
ocds-dgv273-seacev3-1185960,ocds-dgv273-seacev3-1185960-2026-03-26T10:12:25.272899-05:00,1185960-20421413216,21197297,1,SERVICIO DE ARREDAMIENTO DE BIEN INMUEBLE PARA LAS OFICINAS PARA EL VICEMINISTERIO Y OTRAS OFICINAS DE LA PCM,CONTRATADO,active,8013150500333297,SERVICIO DE ALQUILER DE OFICINA MODULAR,CUBSO,1.0,1922774.4,PEN,Soles,36,Servicio,PE-SEACE3-UnidadMedida
ocds-dgv273-seacev3-2026-444-1,ocds-dgv273-seacev3-2026-444-1-2026-03-25T10:13:43.340632-05:00,1184434-1761461,21194400,1,"CONTRATACIÓN PARA LA EJECUCIÓN DE LA OBRA:\nEJECUCIÓN DE SALDO DE OBRA ¿MEJORAMIENTO DEL SERVICIO DE ESPACIOS PÚBLICOS URBANOS EN EL PARQUE EL MIRADOR, EN EL SECTOR LOS JAZMINES, DISTRITO DE LOMAS, PROVINCIA DE CARAVELÍ, DEPARTAMENTO DE AREQUIPA¿",CONSENTIDO,active,7214112800233081,CONSTRUCCION DE PARQUES Y PLAZAS,CUBSO,1.0,378837.17,PEN,Soles,36,Servicio,PE-SEACE3-UnidadMedida
ocds-dgv273-seacev3-2026-2384-11,ocds-dgv273-seacev3-2026-2384-11-2026-03-25T10:13:42.762057-05:00,1184551-20328495474,21194863,1,COMBUSTIBLE AREQUIPA,CONTRATADO,active,,,,1.0,1223341.92,PEN,Soles,40,Unidad,PE-SEACE3-UnidadMedida
ocds-dgv273-seacev3-2026-2384-11,ocds-dgv273-seacev3-2026-2384-11-2026-03-25T10:13:42.762057-05:00,1184551-20454935048,21194865,3,COMBUSTIBLE MOLLENDO,CONTRATADO,active,,,,1.0,209956.0,PEN,Soles,40,Unidad,PE-SEACE3-UnidadMedida
ocds-dgv273-seacev3-2026-2384-11,ocds-dgv273-seacev3-2026-2384-11-2026-03-25T10:13:42.762057-05:00,1184551-20601723451,21194896,2,COMBUSTIBLE CAMANA,CONSENTIDO,active,,,,1.0,653138.72,PEN,Nuevos Soles,40,Unidad,PE-SEACE3-UnidadMedida
ocds-dgv273-seacev3-2026-2384-11,ocds-dgv273-seacev3-2026-2384-11-2026-03-25T10:13:42.762057-05:00,1184551-99999999999,21194865,3,COMBUSTIBLE MOLLENDO,CONSENTIDO,active,,,,1.0,209956.0,PEN,Soles,40,Unidad,PE-SEACE3-UnidadMedida
ocds-dgv273-seacev3-2026-2384-11,ocds-dgv273-seacev3-2026-2384-11-2026-03-25T10:13:42.762057-05:00,1184551-99999999999,21194863,1,COMBUSTIBLE AREQUIPA,CONSENTIDO,active,,,,1.0,1223341.92,PEN,Soles,40,Unidad,PE-SEACE3-UnidadMedida
ocds-dgv273-seacev3-2026-2384-11,ocds-dgv273-seacev3-2026-2384-11-2026-03-25T10:13:42.762057-05:00,1184551-20558248867,21194896,2,COMBUSTIBLE CAMANA,CONTRATADO,active,,,,1.0,725811.9,PEN,Nuevos Soles,40,Unidad,PE-SEACE3-UnidadMedida
ocds-dgv273-seacev3-2026-20006-20,ocds-dgv273-seacev3-2026-20006-20-2026-03-25T10:13:42.593320-05:00,1185681-20602795617,21197038,1,SERVICIO DE RECLUTAMIENTO Y SELECCIÓN DE PLAZAS GERENCIALES PARA EL FMV,CONTRATADO,active,8011170100389433,SERVICIO DE SELECCION DE PERSONAL,CUBSO,1.0,82500.0,PEN,Soles,36,Servicio,PE-SEACE3-UnidadMedida
ocds-dgv273-seacev3-1185665,ocds-dgv273-seacev3-1185665-2026-03-25T10:13:24.296113-05:00,1185665-20405568773,21199179,1,LECHE EVAPORADA ENTERA X 400 g  APROX.,CONTRATADO,active,5013170200307453,LECHE EVAPORADA ENTERA X 400 g  APROX.,CUBSO,177084.0,778284.18,PEN,Soles,40,Unidad,PE-SEACE3-UnidadMedida
ocds-dgv273-seacev3-2026-152-1,ocds-dgv273-seacev3-2026-152-1-2026-03-25T10:13:24.273769-05:00,1184806-20481770182,21195649,1,"ADQUISICION DE SUMINISTROS DE LOS   BIENES ALIMENTICIOS PARA ATENDER A LOS BENEFICIARIOS DEL PROGRAMA VASO DE LECHE DE LA MUNICIPALIDAD DISTRITAL DE COCHABAMBA DE LA PROVINCIA DE HUARAZ DEL DEPARTAMENTO DE ANCASH, PERIODO 2026.",CONTRATADO,active,5019210900391578,"HOJUELA DE AVENA, QUINUA Y KIWICHA PRECOCIDA ENRIQUECIDA CON VITAMINAS Y MINERALES",CUBSO,1.0,66238.0,PEN,Soles,40,Unidad,PE-SEACE3-UnidadMedida
ocds-dgv273-seacev3-2026-1242-3,ocds-dgv273-seacev3-2026-1242-3-2026-03-25T10:13:14.035983-05:00,1185226-1764747,21196681,1,"EJECUCIÓN DE CREACIÓN DEL SERVICIO PUBLICO DE LA PLAZA DE ARMAS DEL ANEXO DE HUAYAO DEL DISTRITO DE TAURIJA, PROVINCIA DE PATAZ, DEPARTAMENTO DE LA LIBERTAD, CON CUI N°2479582",CONTRATADO,active,7214112800233081,CONSTRUCCION DE PARQUES Y PLAZAS,CUBSO,1.0,650897.15,PEN,Soles,40,Unidad,PE-SEACE3-UnidadMedida
ocds-dgv273-seacev3-2026-200199-5,ocds-dgv273-seacev3-2026-200199-5-2026-03-25T10:13:13.225659-05:00,1185989-20553755264,21199526,1,"ADQUISICION DE ELECTROBOMBAS PARA LA OBRA REMODELACION DE ESTACION DE BOMBEO EN SAN LORENZO, DISTRITO DE BARRANCA, PROVINCIA DATEM DEL MARAÑON, DEPARTAMENTO LORETO",CONTRATADO,active,4015151300369233,ELECTROBOMBA SUMERGIBLE TRIFASICA DE 25 HP 380 V 60 L/s,CUBSO,5.0,272117.99,PEN,Soles,40,Unidad,PE-SEACE3-UnidadMedida
ocds-dgv273-seacev3-2026-821-9,ocds-dgv273-seacev3-2026-821-9-2026-03-25T10:12:52.793328-05:00,1185295-10436391957,21198875,1,"CONTRATACIÓN DEL SERVICIO DE CONSULTORÍA DE OBRA PARA LA SUPERVISIÓN DE LA OBRA: ""MEJORAMIENTO Y AMPLIACION DEL SERVICIO DE EDUCACIÓN INICIAL EN I.E. 802 SECTOR MIGUEL GRAU DISTRITO DE KIMBIRI DE LA PROVINCIA DE LA CONVENCION DEL DEPARTAMENTO DE CUSC",CONTRATADO,active,8110150800362877,"CONTRATACIÓN DEL SERVICIO DE CONSULTORÍA DE OBRA PARA LA SUPERVISIÓN DE LA OBRA: ""MEJORAMIENTO Y AMPLIACION DEL SERVICIO DE EDUCACIÓN INICIAL EN I.E. 802 SECTOR MIGUEL GRAU DISTRITO DE KIMBIRI DE LA PROVINCIA DE LA CONVENCION DEL DEPARTAMENTO DE CUSC",CUBSO,1.0,303020.0,PEN,Soles,36,Servicio,PE-SEACE3-UnidadMedida
ocds-dgv273-seacev3-2026-1469-1,ocds-dgv273-seacev3-2026-1469-1-2026-03-25T10:12:42.434594-05:00,1185194-10803736460,21196662,1,ADQUISICION DE PRODUCTOS ALIMENTARIOS PARA EL PROGRAMA DEL VASO DE LECHE DE LA MUNICIPALIDAD DISTRITAL DE PARAMONGA PARA EL AÑO FISCAL 2026,ADJUDICADO,pending,,,,1.0,299851.74,PEN,Soles,40,Unidad,PE-SEACE3-UnidadMedida
ocds-dgv273-seacev3-2026-1068-15,ocds-dgv273-seacev3-2026-1068-15-2026-03-25T10:12:42.355051-05:00,1185988-10200405396,21199527,1,"ADQUISICION DE ASFALTO PARA EL MANTENIMIENTO DE LAS VIAS PARA BACHEO DE LAS CALLES DEL DISTRITO DE HUANCAYO, PROVINCIA DE HUANCAYO - DEPARTAMENTO DE JUNIN¿.",CONTRATADO,active,,,,2.0,177600.0,PEN,Soles,40,Unidad,PE-SEACE3-UnidadMedida
ocds-dgv273-seacev3-2026-1080-1,ocds-dgv273-seacev3-2026-1080-1-2026-03-25T10:12:42.340085-05:00,1185349-20610615750,21198863,1,ADQUISICIÓN DE LECHE EVAPORADA ENTERA X 400 GR.  PARA EL PROGRAMA DE VASO DE LECHE DE LA MUNICIPALIDAD DISTRITAL DE HUANCAN PARA EL AÑO 2026.,CONTRATADO,active,5013170200307453,LECHE EVAPORADA ENTERA X 400 g  APROX.,CUBSO,20544.0,76772.93,PEN,Soles,40,Unidad,PE-SEACE3-UnidadMedida
ocds-dgv273-seacev3-1185254,ocds-dgv273-seacev3-1185254-2026-03-22T10:01:41.351830-05:00,1185254-20507634479,21198584,1,SERVICIO DE ENTREGA Y RECARGA DE TARJETAS DE ALIMENTACIÓN DESTINADAS A OTORGAR EL INCENTIVO DE APOYO ALIMENTARIO A FAVOR DE LOS SERVIDORES COMPRENDIDOS EN LOS REGÍMENES LABORALES DE LOS DECRETOS LEGISLATIVOS NROS. 276 Y 1057,CONTRATADO,active,8414160200392729,SERVICIO DE EMISION DE TARJETA ELECTRONICA PARA CONSUMO DE ALIMENTOS,CUBSO,1.0,411455.66,PEN,Soles,36,Servicio,PE-SEACE3-UnidadMedida
ocds-dgv273-seacev3-2026-1568-1,ocds-dgv273-seacev3-2026-1568-1-2026-03-22T10:01:32.977881-05:00,1185444-20600984838,21196888,1,ADQUISICION DE LECHE EVAPORADA EN LATAS DE 410G PARA LOS BENEFICIARIOS DEL PROGRAMA DEL VASO DE LECHE,ADJUDICADO,pending,5013170200307453,LECHE EVAPORADA ENTERA X 400 g  APROX.,CUBSO,108872.0,407181.28,PEN,Soles,40,Unidad,PE-SEACE3-UnidadMedida
ocds-dgv273-seacev3-2026-1518-3,ocds-dgv273-seacev3-2026-1518-3-2026-03-22T10:01:23.002317-05:00,1185514-1765041,21199028,1,"CONTRATACIÓN DE CONSULTORÍA DE OBRA PARA LA SUPERVISIÓN DE LA OBRA: ¿MEJORAMIENTO Y AMPLIACION DEL SERVICIO DEL PUESTO DE SALUD I-1 EN LA LOCALIDAD DE SAN PEDRO DEL DISTRITO DE TAPICHE - PROVINCIA DE REQUENA - DEPARTAMENTO DE LORETO"" CON CODIGO UNICO",CONTRATADO,active,8110150800362880,SUPERVISION DE OBRA DE AMPLIACION DE INFRAESTRUCTURA DE SALUD,CUBSO,1.0,99416.7,PEN,Soles,40,Unidad,PE-SEACE3-UnidadMedida
ocds-dgv273-seacev3-2026-1518-5,ocds-dgv273-seacev3-2026-1518-5-2026-03-22T10:01:22.439560-05:00,1185489-1765039,21196917,1,"CONTRATACIÓN DE CONSULTORÍA DE OBRA PARA LA SUPERVISIÓN DE LA OBRA: ¿MEJORAMIENTO DE LOS SERVICIOS DE SALUD, DEL ESTABLECIMIENTO DE SALUD I-2 DE LA LOCALIDAD DE IBERIA DEL DISTRITO DE TAPICHE - PROVINCIA DE REQUENA - DEPARTAMENTO DE LORETO¿ CON CUI:",CONTRATADO,active,8110150800362880,SUPERVISION DE OBRA DE AMPLIACION DE INFRAESTRUCTURA DE SALUD,CUBSO,1.0,232802.2,PEN,Soles,40,Unidad,PE-SEACE3-UnidadMedida
ocds-dgv273-seacev3-1184972,ocds-dgv273-seacev3-1184972-2026-03-22T10:01:22.306299-05:00,1184972-1764902,21195951,2,"CONTRATACIÓN DE UNA PERSONA NATURAL Y/O JURÍDICA PARA LA EJECUCIÓN DE OBRA ""REMODELACIÓN DE RESERVORIO; EN EL(LA) SISTEMA DE RIEGO EN LA LOCALIDAD DE HUANCAYOCCASA EN EL CENTRO POBLADO OCCORO, DISTRITO DE COLCABAMBA - PROVINCIA DE TAYACAJA - DEPARTAM",CONTRATADO,active,7214112100373854,REMODELACION DE RESERVORIO,CUBSO,1.0,309380.85,PEN,Soles,36,Servicio,PE-SEACE3-UnidadMedida
ocds-dgv273-seacev3-1185116,ocds-dgv273-seacev3-1185116-2026-03-21T10:09:59.056388-05:00,1185116-20607485381,21198448,1,SERVICIO DE LIMPIEZA EN LAS INSTALACIONES ADMINISTRATIVAS DE LA EMPRESA SAN GABÁN S.A.,CONTRATADO,active,9111160100358133,SERVICIO DE LIMPIEZA Y FUMIGACIÓN DE LOCAL,CUBSO,1.0,338400.0,PEN,Soles,36,Servicio,PE-SEACE3-UnidadMedida
ocds-dgv273-seacev3-1185443,ocds-dgv273-seacev3-1185443-2026-03-21T10:09:38.134552-05:00,1185443-20449458436,21196890,1,"ADQUISICION DE CORRUGADO Y ALAMBRES  PARA LA OBRA MEJORAMIENTO DE LA VIA DE ACCESO AL RECURSO TURISTICO COMPLEJO DE AGUAS TERMALES DEL DISTRITO DE YURA, CUI 2479793",CONTRATADO,active,,,,5.0,152374.0,PEN,Soles,40,Unidad,PE-SEACE3-UnidadMedida
ocds-dgv273-seacev3-2026-1500-2,ocds-dgv273-seacev3-2026-1500-2-2026-03-21T10:09:27.927633-05:00,1185830-20610502980,21197234,1,GASOLINA 84 OCTANOS,CONTRATADO,active,1510150600011989,GASOLINA DE 84 OCTANOS,CUBSO,7000.0,121800.0,PEN,Soles,13,Galon,PE-SEACE3-UnidadMedida
ocds-dgv273-seacev3-1184426,ocds-dgv273-seacev3-1184426-2026-03-21T10:09:18.252098-05:00,1184426-1763156,21194342,1,MEJORAMIENTO Y AMPLIACION DEL SERVICIO DE PRACTICA DEPORTIVA Y/O RECREATIVA EN EL POLIDEPORTIVO DE CENTRO POBLADO COLPA DISTRITO DE SAYAPULLO DE LA PROVINCIA DE GRAN CHIMU DEL DEPARTAMENTO DE LA LIBERTAD,CONTRATADO,active,7215310200233127,CONSTRUCCION DE LOSA DEPORTIVA,CUBSO,1.0,405337.61,PEN,Soles,40,Unidad,PE-SEACE3-UnidadMedida
ocds-dgv273-seacev3-2026-1599-2,ocds-dgv273-seacev3-2026-1599-2-2026-03-21T10:09:18.144816-05:00,1185774-1765089,21199328,1,"CONTRATACIÓN DE LA EJECUCIÓN DE LA OBRA: MEJORAMIENTO DEL SERVICIO DE ATENCIÓN Y PROMOCIÓN DE LAS FAMILIAS EN SALÓN MULTIUSOS DE CENTRO POBLADO SAN PEDRO, DISTRITO DE PAIMAS DE LA PROVINCIA DE AYABACA DEL DEPARTAMENTO DE PIURA, CON CUI N 2630511",ADJUDICADO,pending,7212110100233077,CONSTRUCCION DE LOCAL COMUNAL,CUBSO,1.0,329599.9,PEN,Soles,40,Unidad,PE-SEACE3-UnidadMedida
ocds-dgv273-seacev3-1185854,ocds-dgv273-seacev3-1185854-2026-03-20T10:14:17.367140-05:00,1185854-10430793018,21199393,1,"Servicios de transporte, almacenamiento y correspondencia",ADJUDICADO,pending,78,"Servicios de transporte, almacenamiento y correspondencia",CUBSO,93763.0,441336.27,PEN,Soles,36,Servicio,PE-SEACE3-UnidadMedida
ocds-dgv273-seacev3-2026-10457-3,ocds-dgv273-seacev3-2026-10457-3-2026-03-20T10:14:17.352656-05:00,1186006-10413558307,21197378,1,POLLO ENTERO CON MENUDENCIA,CONTRATADO,active,5011151500133847,POLLO ENTERO CON MENUDENCIA,CUBSO,23833.3,202344.72,PEN,Soles,18,Kilogramo,PE-SEACE3-UnidadMedida
ocds-dgv273-seacev3-1185242,ocds-dgv273-seacev3-1185242-2026-03-20T10:13:47.591050-05:00,1185242-20498202595,21198565,1,SERVICIO DE ALQUILER DE TRANSPORTE PARA CUMPLIR CON LA EJECUCIÓN DEL PLAN DE TRABAJO DENOMINADO ¿CLIMÁTICA RECREACIONAL DIRIGIDA A LA POBLACIÓN VULNERABLE DEL DISTRITO DE CERRO COLORADO¿,CONTRATADO,active,7811180200354741,SERVICIO DE TRANSPORTE TERRESTRE DE PERSONAS,CUBSO,1.0,98600.0,PEN,Soles,36,Servicio,PE-SEACE3-UnidadMedida
ocds-dgv273-seacev3-2026-200013-6,ocds-dgv273-seacev3-2026-200013-6-2026-03-20T10:13:37.156099-05:00,1185445-1768201,21196889,1,Ambientes especializados - START UP.,CONSENTIDO,active,7212150100233060,CONSTRUCCION DE LABORATORIOS,CUBSO,1.0,8690000.0,PEN,Soles,40,Unidad,PE-SEACE3-UnidadMedida
ocds-dgv273-seacev3-1185003,ocds-dgv273-seacev3-1185003-2026-03-20T10:13:28.179857-05:00,1185003-1762620,21195959,1,"SUPERVISIÓN DE LA EJECUCION Y LIQUIDACION DEL SALDO DE OBRA: MEJORAMIENTO DE LOS SERVICIOS DE EDUCACIÓN TECNICO PRODUCTIVA (CETPRO) ALCIDES SALOMON ZORRILLA, DISTRITO DE BELLAVISTA, PROVINCIA CONSTITUCIONAL DEL CALLAO (DEVIENE DE CONTRATO RESUELTO)",ADJUDICADO,pending,8110150800337178,SUPERVISION DE OBRA DE CONSTRUCCION DE CENTROS EDUCATIVOS,CUBSO,1.0,647078.71,PEN,Soles,40,Unidad,PE-SEACE3-UnidadMedida
ocds-dgv273-seacev3-2026-200395-2,ocds-dgv273-seacev3-2026-200395-2-2026-03-19T10:13:00.784790-05:00,1184994-20600074246,21196103,1,"SERVICIO DE RECOLECCION, TRANSPORTE Y DISPOSICION DE RESIDUOS SOLIDOS PELIGROSOS (BIOCONTAMINADOS Y ESPECIALES) GENERADOS EN EL HOSPITAL SANTA GEMA DE YURIMAGUAS. PERIODO 2026-2027",CONTRATADO,active,7612200100356840,"SERVICIO DE DISPOSICION FINAL DE RESIDUOS SOLIDOS (RECOJO, TRANSPORTE, TRATAMIENTO)",CUBSO,1.0,2085912.0,PEN,Soles,36,Servicio,PE-SEACE3-UnidadMedida
ocds-dgv273-seacev3-1185266,ocds-dgv273-seacev3-1185266-2026-03-19T10:13:00.718990-05:00,1185266-20600223136,21198607,1,"CONTRATACION DE BIENES GRASS SINTETICO (CESPED SINTETICO), E INCLUYE SERVICIO DE INSTALACION, SEGUN EETT, PARA LA OBRA CON CUI Nº 2690831",ADJUDICADO,pending,,,,1.0,444312.0,PEN,Soles,40,Unidad,PE-SEACE3-UnidadMedida
ocds-dgv273-seacev3-1185967,ocds-dgv273-seacev3-1185967-2026-03-19T10:12:50.026943-05:00,1185967-20604509646,21197314,1,"SUPERVISIÓN DE EJECUCIÓN DE LA OBRA: ¿MEJORAMIENTO Y AMPLIACIÓN DEL SERVICIO DE EDUCACIÓN INICIAL Y SERVICIO DE EDUCACIÓN PRIMARIA EN I.E. 275, I.E. 62540 DEL CENTRO POBLADO SUWAENTSA DISTRITO DE MANSERICHE DE LA PROVINCIA DE DATEM DEL MARAÑÓN DEL DE",CONTRATADO,active,8110150800337178,SUPERVISION DE OBRA DE CONSTRUCCION DE CENTROS EDUCATIVOS,CUBSO,1.0,108742.07,PEN,Soles,36,Servicio,PE-SEACE3-UnidadMedida
ocds-dgv273-seacev3-2026-789-1,ocds-dgv273-seacev3-2026-789-1-2026-03-19T10:12:40.233871-05:00,1184997-20527786461,21196108,2,LECHE EVAPORADA ENTERA X 400 g APROX.,CONTRATADO,active,5013170200391306,LECHE EVAPORADA SIN LACTOSA X 400 g APROX.,CUBSO,126900.0,475875.0,PEN,Soles,40,Unidad,PE-SEACE3-UnidadMedida
ocds-dgv273-seacev3-2026-789-1,ocds-dgv273-seacev3-2026-789-1-2026-03-19T10:12:40.233871-05:00,1184997-20527786461,21195975,1,ADQUISICION DE HOJUELAS PRECOCIDAS Y HARINAS EXTRUIDAS,CONTRATADO,active,,,,1.0,429542.4,PEN,Soles,40,Unidad,PE-SEACE3-UnidadMedida
ocds-dgv273-seacev3-2026-200395-1,ocds-dgv273-seacev3-2026-200395-1-2026-03-19T10:12:39.419110-05:00,1184830-20601597315,21195626,1,SERVICIO DE LIMPIEZA E HIGIENE DEL HOSPITAL SANTA GEMA DE YURIMAGUAS PERIDO 2026-2027,CONTRATADO,active,7611150100225375,SERVICIO DE LIMPIEZA DE FACHADA,CUBSO,1.0,3888000.0,PEN,Soles,36,Servicio,PE-SEACE3-UnidadMedida
ocds-dgv273-seacev3-1185575,ocds-dgv273-seacev3-1185575-2026-03-19T10:12:30.182714-05:00,1185575-1764247,21199098,1,CONTRATACION PARA LA EJECUCION DE OBRA DE LA IOARR DENOMINADO REPARACION DE VIAS VECINALES EN LA RED VECINAL TRAMO KM 14+670 AL KM 14+720 DENOMINADA AR-711 ANEXO DE YURA VIEJO DISTRITO DE YURA PROVINCIA DE AREQUIPA DEPARTAMENTO DE AREQUIPA,CONTRATADO,active,7214110600393491,SERVICIO DE REPARACION DE VIAS VECINALES,CUBSO,1.0,399696.74,PEN,Soles,36,Servicio,PE-SEACE3-UnidadMedida
ocds-dgv273-seacev3-1185520,ocds-dgv273-seacev3-1185520-2026-03-19T10:12:30.164861-05:00,1185520-20440439129,21199035,1,"MEJORAMIENTO DEL SERVICIO DE MOVILIDAD URBANA EN C. ORQUIDEAS, ENTRE C. ARBOLEDA Y PROL.VALLEJO, C. OLIVOS Y C. FICUS ENTRE LARCO Y CJ. PABLO II, CALLES UR.V ALEGRE ,C.BOLIVIA ENTRE C.V.LARCO Y C.R.PALMA ENTRE C.1 Y C.2 DE MAYO,C.BEGONIAS  ENTRE C.V.",CONTRATADO,active,7214100300342329,MEJORAMIENTO DE PISTAS Y VEREDAS,CUBSO,1.0,1070546.08,PEN,Soles,36,Servicio,PE-SEACE3-UnidadMedida
ocds-dgv273-seacev3-2026-1952-48,ocds-dgv273-seacev3-2026-1952-48-2026-03-19T10:12:18.486522-05:00,1186051-10257492741,21199565,1,GESTOR DE PORTAFOLIO DE PROYECTOS VINCULADOS AL DESARROLLO DE LA NUEVA PLATAFORMA PARA LA CONTRATACIÓN PÚBLICA,CONTRATADO,active,8010160400276719,SERVICIO DE ELABORACION DE ANALISIS ESPECIALIZADO PARA GESTION DE PORTAFOLIOS DE PROYECTOS,CUBSO,1.0,26000.0,PEN,Soles,36,Servicio,PE-SEACE3-UnidadMedida
ocds-dgv273-seacev3-2026-686-3,ocds-dgv273-seacev3-2026-686-3-2026-03-18T10:12:08.051436-05:00,1185092-1763292,21198442,1,SERVICIO DE CONSULTORIA PARALA SUPERVISIÓN DE LA OBRA: ¿MEJORAMIENTO DEL SERVICIO DE ATENCIÓN Y PROMOCIÓN DE LAS FAMILIAS EN COCINAS MEJORADAS DE CENTRO POBLADA COYUNDE PALMA DISTRITO DE CHUGUR DE LA PROVINCIA DE HUALGAYOC DEL DEPARTAMENTO DE CAJAMAR,CONTRATADO,active,8110150800362891,SUPERVISION DE OBRA DE REMODELACION DE EDIFICIOS,CUBSO,1.0,76313.85,PEN,Soles,36,Servicio,PE-SEACE3-UnidadMedida
ocds-dgv273-seacev3-1185792,ocds-dgv273-seacev3-1185792-2026-03-18T10:11:47.190042-05:00,1185792-1764839,21197214,1,ALQUILER DE MAQUINARIA PESADA,CONTRATADO,active,,,,1.0,198951.0,PEN,Soles,40,Unidad,PE-SEACE3-UnidadMedida
ocds-dgv273-seacev3-1184870,ocds-dgv273-seacev3-1184870-2026-03-18T10:11:47.054067-05:00,1184870-20559219119,21195669,1,"CONTRATACIÓN DEL SERVICIO DE ALQUILER DE MAQUINARIA (EXCAVADORA HIDRAULICA, TRACTOR SOBRE ORUGA, CAMIÓN VOLQUETE) PARA EL ÁREA DEGRADADA DE RESIDUOS SOLIDOS ¿ QUEBRADA HONDA EN LA PROVINCIA DE AREQUIPA",ADJUDICADO,pending,7813160300392465,SERVICIO DE ALQUILER DE MAQUINARIA Y EQUIPOS PARA ACCIONES DE COMISO,CUBSO,1.0,3874719.2,PEN,Soles,36,Servicio,PE-SEACE3-UnidadMedida
ocds-dgv273-seacev3-2026-1926-16,ocds-dgv273-seacev3-2026-1926-16-2026-03-18T10:11:37.233937-05:00,1184445-20553061921,21194190,1,Adquisición de un carro motorizado para racks acumulativos tipo Shuttle,CONSENTIDO,active,2410166500392910,CARRO MOTORIZADO TRANSPORTADOR DE RACK,CUBSO,1.0,49800.0,USD,Dólar Norteamericano,40,Unidad,PE-SEACE3-UnidadMedida
ocds-dgv273-seacev3-2026-349-4,ocds-dgv273-seacev3-2026-349-4-2026-03-15T10:15:33.061356-05:00,1184893-20604869677,21195718,1,ADQUISICIÒN DE MALLA GANADERA PARA EL PROYECTO ¿MEJORAMIENTO DE LOS SERVICIOS DE APOYO AL DESARROLLO PRODUCTIVO EN LOS 11 SECTORES EN TECNOLOGÍAS APROPIADAS PARA LA GENERACIÓN DE VALOR AGREGADO DE LA ALPACA DISTRITO DE OROPESA DE LA PROVINCIA DE ANTA,ADJUDICADO,pending,3011190300392668,ADQUISICIÒN DE MALLA GANADERA PARA EL PROYECTO ¿MEJORAMIENTO DE LOS SERVICIOS DE APOYO AL DESARROLLO PRODUCTIVO EN LOS 11 SECTORES EN TECNOLOGÍAS APROPIADAS PARA LA GENERACIÓN DE VALOR AGREGADO DE LA ALPACA DISTRITO DE OROPESA DE LA PROVINCIA DE ANTA,CUBSO,121600.0,625000.0,PEN,Soles,40,Unidad,PE-SEACE3-UnidadMedida
ocds-dgv273-seacev3-2026-1926-1,ocds-dgv273-seacev3-2026-1926-1-2026-03-15T10:15:32.977856-05:00,1185769-20505040423,21199315,1,Servicio anual de soporte integral a códigos de procesamiento de datos públicos de páginas web,CONTRATADO,active,8111200100391175,"SERVICIO SUSCRIPCION ANUAL EN LINEA A HERRAMIENTA DE EXTRACCION, TRANSFORMACION Y CARGA DE DATOS",CUBSO,1.0,63000.0,PEN,Soles,36,Servicio,PE-SEACE3-UnidadMedida
ocds-dgv273-seacev3-1186912,ocds-dgv273-seacev3-1186912-2026-03-15T10:15:32.585402-05:00,1186912-1767696,21198123,1,"MEJORAMIENTO DEL SERVICIO DE MOVILIDAD URBANA EN LA AV. 26 DE MARZO DEL DISTRITO DE FLORENCIA DE MORA, DE LA PROVINCIA DE TRUJILLO, DEL DEPARTAMENTO DE LA LIBERTAD CON CUI N° 2592846",CONTRATADO,active,7214100300342329,MEJORAMIENTO DE PISTAS Y VEREDAS,CUBSO,1.0,7207360.18,PEN,Soles,36,Servicio,PE-SEACE3-UnidadMedida
ocds-dgv273-seacev3-1185371,ocds-dgv273-seacev3-1185371-2026-03-15T10:15:32.498337-05:00,1185371-1764188,21196828,01,CREACION DEL SERVICIO DE ATENCIÓN Y PROMOCIÓN DE LAS FAMILIAS EN CENTRO POBLADO SHITAMALCA DISTRITO DE PEDRO GALVEZ DE LA PROVINCIA DE SAN MARCOS DEL DEPARTAMENTO DE CAJAMARCA¿,CONTRATADO,active,7212110100233077,CONSTRUCCION DE LOCAL COMUNAL,CUBSO,1.0,689822.0,PEN,Soles,40,Unidad,PE-SEACE3-UnidadMedida
ocds-dgv273-seacev3-1185117,ocds-dgv273-seacev3-1185117-2026-03-15T10:15:31.221455-05:00,1185117-20601299799,21196544,1,"CONTRATACIÓN DE CONSULTORIA DE OBRA, PARA LA SUPERVISIÓN DE OBRA ""MEJORAMIENTO DEL SERVICIO DE MOVILIDAD URBANA EN LA AV. 26 DE MARZO DEL DISTRITO DE FLOENCIA DE MORA, DE LA PROVINCIA DE TRUJILLO, DEPARTAMENTO DE LA LIBERTAD"" CON CUI 2592846",CONTRATADO,active,8110151000336392,SUPERVISION DE OBRA DE CONSTRUCCION DE CARRETERAS CON PAVIMENTOS ASFALTICOS O CONCRETO,CUBSO,1.0,216220.81,PEN,Soles,36,Servicio,PE-SEACE3-UnidadMedida
ocds-dgv273-seacev3-2026-1793-1,ocds-dgv273-seacev3-2026-1793-1-2026-03-15T10:15:31.137568-05:00,1185250-20600559622,21198579,1,"ADQUISICION DE LECHE EVAPORADA ENTERA X 400 g  APROX. PARA EL PROGRAMA DEL VASO DE LECHE DE LA SUB GERENECIA DE PROGRAMAS SOCIALES Y NUTRICION INFATIL DE LA MUNICIPALIDAD PROVINCIAL DE SAN MARTIN, PERIODO - 2026",CONTRATADO,active,5013170200307453,LECHE EVAPORADA ENTERA X 400 g  APROX.,CUBSO,106357.0,499877.9,PEN,Soles,40,Unidad,PE-SEACE3-UnidadMedida
ocds-dgv273-seacev3-2026-1176-1,ocds-dgv273-seacev3-2026-1176-1-2026-03-15T10:15:31.043041-05:00,1185763-1765584,21199305,1,"EJECUCION DEL PROYECTO IOARR: CONSTRUCCION DE COBERTURA DE INSTALACIONES DEPORTIVAS Y LAVANDERIA, RENOVACION DE CAMPO MENOR (MULTIDEPORTIVO RECREATIVO), ADQUISICION DE MOBILIARIO DE AMBIENTES COMPLEMENTARIOS, ADEMAS DE OTROS ACTIVOS EN EL (LA) I.E. RICARDO PALMA DISTRITO DE MOROCOCHA, PROVINICA DE YAULI, DEPARTAMENTO DE JUNIN",CONTRATADO,active,7215310200233127,CONSTRUCCION DE LOSA DEPORTIVA,CUBSO,1.0,1608577.58,PEN,Soles,40,Unidad,PE-SEACE3-UnidadMedida
ocds-dgv273-seacev3-1185806,ocds-dgv273-seacev3-1185806-2026-03-15T10:15:22.766810-05:00,1185806-20604360499,21199349,1,SERVICIO DE ALQUILER DE CAMION VOLQUETE DE 6 M3,CONTRATADO,active,7810180500232933,SERVICIO DE ALQUILER DE CAMION VOLQUETE,CUBSO,1.0,60550.0,PEN,Soles,36,Servicio,PE-SEACE3-UnidadMedida
ocds-dgv273-seacev3-1184451,ocds-dgv273-seacev3-1184451-2026-03-15T10:15:22.385338-05:00,1184451-20602385800,21194198,1,SERVICIO DE INTERNET,CONTRATADO,active,8312170300232426,SERVICIO DE INTERNET IP,CUBSO,1.0,96000.0,PEN,Soles,36,Servicio,PE-SEACE3-UnidadMedida
ocds-dgv273-seacev3-1185377,ocds-dgv273-seacev3-1185377-2026-03-15T10:15:22.058945-05:00,1185377-20455005869,21198956,1,"ADQUISICIÓN DE SUMINISTRO DE ALIMENTOS PARA EL PROGRAMA VASO LECHE PARA EL AÑO FISCAL 2026, LECHE EVAPORADA ENTERA 410 GRAMOS, 01 BOLSA DE ENRIQUECIDO LACTEOS INSTANTANEO DE 1000 GR CADA UNIDAD Y 01 BOLSA DE MIXTO DE CEREALES PRECOCIDOS DE 1000 GR (Q",CONTRATADO,active,,,,15840.0,102960.0,PEN,Soles,40,Unidad,PE-SEACE3-UnidadMedida
ocds-dgv273-seacev3-1184705,ocds-dgv273-seacev3-1184705-2026-03-15T10:15:21.263548-05:00,1184705-20480384769,21195460,1,DIESEL B5 S-50,CONTRATADO,active,1510150500233280,DIESEL B5 S-50,CUBSO,6350.0,15.2,PEN,Soles,13,Galon,PE-SEACE3-UnidadMedida
ocds-dgv273-seacev3-1184705,ocds-dgv273-seacev3-1184705-2026-03-15T10:15:21.263548-05:00,1184705-20480384769,21195461,2,GASOLINA REGULAR,CONTRATADO,active,1510150600390514,GASOLINA REGULAR,CUBSO,6432.0,15.0,PEN,Soles,13,Galon,PE-SEACE3-UnidadMedida
ocds-dgv273-seacev3-2026-1821-3,ocds-dgv273-seacev3-2026-1821-3-2026-03-15T10:15:21.065677-05:00,1184879-1762803,21195660,1,SUPERVISION DE OBRA DE CONSTRUCCION DE PUENTES,CONTRATADO,active,8110150500336396,SUPERVISION DE OBRA DE CONSTRUCCION DE PUENTES,CUBSO,1.0,141523.0,PEN,Soles,36,Servicio,PE-SEACE3-UnidadMedida
ocds-dgv273-seacev3-1184907,ocds-dgv273-seacev3-1184907-2026-03-15T10:15:21.050719-05:00,1184907-20613330845,21195778,1,DIESEL B5 S-50,CONSENTIDO,active,1510150500233280,DIESEL B5 S-50,CUBSO,9970.0,164535.0,PEN,Soles,13,Galon,PE-SEACE3-UnidadMedida
ocds-dgv273-seacev3-1184907,ocds-dgv273-seacev3-1184907-2026-03-15T10:15:21.050719-05:00,1184907-20450636747,21195778,1,DIESEL B5 S-50,CONTRATADO,active,1510150500233280,DIESEL B5 S-50,CUBSO,9970.0,189000.0,PEN,Soles,13,Galon,PE-SEACE3-UnidadMedida
ocds-dgv273-seacev3-1195268,ocds-dgv273-seacev3-1195268-2026-03-15T10:15:16.042745-05:00,1195268-10453721553,21221194,1,"CONSULTORÍA PARA EL ANÁLISIS, DISEÑO Y PROGRAMACIÓN DEL MÓDULO DE SEGUIMIENTO DEL PROGRAMA DE CONVENIO DE DESEMPEÑO PARA EL FORTALECIMIENTO ESTRATÉGICO DE SERVICIOS TECNOLÓGICOS (CdD FEST)",CONTRATADO,active,8111150200326499,"SERVICIO DE DESARROLLO, IMPLEMENTACION Y MONITOREO DE SOFTWARE",CUBSO,1.0,54000.0,PEN,Soles,36,Servicio,PE-SEACE3-UnidadMedida
ocds-dgv273-seacev3-1185479,ocds-dgv273-seacev3-1185479-2026-03-15T10:15:10.400809-05:00,1185479-20600297768,21196906,1,CEMENTO PORTLAND TIPO I X 42.50 kg,CONTRATADO,active,3011160100012771,CEMENTO PORTLAND TIPO I X 42.50 kg,CUBSO,2549.0,81568.0,PEN,Soles,40,Unidad,PE-SEACE3-UnidadMedida
ocds-dgv273-seacev3-2026-775-1,ocds-dgv273-seacev3-2026-775-1-2026-03-15T10:15:10.183958-05:00,1185770-20608833031,21197204,1,"ALIMENTOS DE PROGRAMA DE VASO DE LECHE (HARINA, HOJUELA Y LECHE)",CONTRATADO,active,,,,21746.4,141410.98,PEN,Soles,40,Unidad,PE-SEACE3-UnidadMedida
ocds-dgv273-seacev3-2026-200441-3,ocds-dgv273-seacev3-2026-200441-3-2026-03-15T10:15:10.083354-05:00,1185693-20507312277,21197143,1,ADQUISICIÓN DE GAS LICUADO DE PETRÓLEO (GLP) A GRANEL PARA EL HOSPITAL REGIONAL LAMBAYEQUE,CONTRATADO,active,1511151000377181,GAS LICUADO DE PETROLEO A GRANEL,CUBSO,144000.0,1410000.0,PEN,Soles,13,Galon,PE-SEACE3-UnidadMedida
ocds-dgv273-seacev3-2026-161-1,ocds-dgv273-seacev3-2026-161-1-2026-03-15T10:15:09.147555-05:00,1184694-20531068549,21195446,1,"CONTRATACION DE SUMINISTRO PARA ATENDER A LOS BENEFICIARIOS DEL PROGRAMA VASO DE LECHE DE LA MUNICIPALIDAD DISTRITAL DE TARICA  PROVINCIA DE HUARAZ, DEPARTAMENTO DE ANCASH  PERIODO 2026",CONTRATADO,active,5510150200253470,GUIA DE ENTREGA DEL PROGRAMA VASO DE LECHE,CUBSO,1.0,115842.0,PEN,Soles,40,Unidad,PE-SEACE3-UnidadMedida
ocds-dgv273-seacev3-2026-986-1,ocds-dgv273-seacev3-2026-986-1-2026-03-15T10:14:58.180340-05:00,1185279-20611679077,21196954,2,"HOJUELAS PRECOCIDAS DE AVENA, QUINUA, KIWICHA, CAÑIHUA, MACA, CHÍA, CEBADA AZUCARADA ENRIQUECIDA CON VITAMINAS Y MINERALES.",CONTRATADO,active,5022110100002778,HOJUELA DE CEREAL Y/O LEGUMINOSAS ENRIQUECIDO,CUBSO,8349.0,65957.1,PEN,Soles,18,Kilogramo,PE-SEACE3-UnidadMedida
ocds-dgv273-seacev3-2026-986-1,ocds-dgv273-seacev3-2026-986-1-2026-03-15T10:14:58.180340-05:00,1185279-20611679077,21196953,1,LECHE EVAPORADA ENTERA EN TARRO POR 410 GRAMOS.,CONTRATADO,active,5013170200307453,LECHE EVAPORADA ENTERA X 400 g  APROX.,CUBSO,14400.0,66240.0,PEN,Soles,40,Unidad,PE-SEACE3-UnidadMedida
ocds-dgv273-seacev3-2026-1695-1,ocds-dgv273-seacev3-2026-1695-1-2026-03-15T10:14:58.102506-05:00,1185938-20604068356,21199463,1,"ADQUISICION DE CONCRETO PREMEZCLADO FC 210 KG/CM2 PARA LA OBRA CREACION DE LOS SERVICIOS OPERATIVOS MISIONALES INSTITUCIONALES EN LA LIGA AGRARIA 24 DE JUNIO HUANCANE, DISTRITO DE HUANCANE DE LA PROVINCIA DEL DEPARTAMENTO DE PUNO CON CUI 2608603",CONTRATADO,active,3011150500390809,CONCRETO PREMEZCLADO FC 210 kg/cm2 CON CEMENTO TIPO IP Y PIEDRA DE 3/4 in,CUBSO,240.8,113151.92,PEN,Soles,26,M3,PE-SEACE3-UnidadMedida
ocds-dgv273-seacev3-2026-1514-3,ocds-dgv273-seacev3-2026-1514-3-2026-03-15T10:14:58.087466-05:00,1185251-10422401402,21198580,1,"ADQUISICION DE CEMENTO PARA PROYECTO IOARR RENOVACION DE VEREDA EN EL (LA) COMUNIDAD DE SAN ROQUE - PALMIRA - NVO TRUJILLO DISTRITO DE MAQUIA, PROVINCIA DE REQUENA DEPARTAMENTO DE LORETO CUI  2702487",CONTRATADO,active,3011160100012771,CEMENTO PORTLAND TIPO I X 42.50 kg,CUBSO,13201.0,567643.0,PEN,Soles,40,Unidad,PE-SEACE3-UnidadMedida
ocds-dgv273-seacev3-1185070,ocds-dgv273-seacev3-1185070-2026-03-15T10:14:57.996405-05:00,1185070-10470750524,21196164,1,"ADQUISICION DE CONDUCTORES Y CABLES DE COBRE CORRESPONDIENTE AL PROYECTO ¿AMPLIACION DEL SERVICIO DE SUMINISTRO ELECTRICO DOMICIALIARIO EN ZONAS RURALES EN LOS SECTORES LA CATAHUA, LAS PALMERAS, LA FILA, SAN ANTONIO, LA PLAYITA Y LA JALQUILLA DEL DIS",CONTRATADO,active,,,,25213.8,300089.99,PEN,Soles,40,Unidad,PE-SEACE3-UnidadMedida
ocds-dgv273-seacev3-1184877,ocds-dgv273-seacev3-1184877-2026-03-15T10:14:57.868749-05:00,1184877-20407873999,21195797,1,ALQUILER DE VEHICULOS PARA EL SERVICIO DE RECOLECCIÓN Y TRANSPORTE DE\nRESIDUOS SÓLIDOS MUNICIPALES - CAMIÓN COMPACTADOR Y CAMIÓN VOLQUETE,CONTRATADO,active,7811180800232921,SERVICIO DE ALQUILER DE CAMION COMPACTADOR DE BASURA,CUBSO,1.0,2214770.0,PEN,Soles,36,Servicio,PE-SEACE3-UnidadMedida
ocds-dgv273-seacev3-1184877,ocds-dgv273-seacev3-1184877-2026-03-15T10:14:57.868749-05:00,1184877-20516859971,21195798,2,ALQUILER DE VEHICULO PARA EL SERVICIO DE RECOLECCION Y TRANSPORTE DE MALEZA - CAMION GRUA,CONTRATADO,active,7215450300232924,SERVICIO DE ALQUILER DE CAMION GRUA,CUBSO,1.0,240000.0,PEN,Soles,36,Servicio,PE-SEACE3-UnidadMedida
ocds-dgv273-seacev3-1184877,ocds-dgv273-seacev3-1184877-2026-03-15T10:14:57.868749-05:00,1184877-20516859971,21195799,3,ALQUILER DE VEHICULOS PARA EL TRASLADO DE HERRAMIENTAS Y MATERIALES PARA LA DIVISION DE MANTENIMIENTO DE AREAS VERDES - CAMION BARANDA,CONTRATADO,active,7811180800365652,SERVICIO DE ALQUILER DE CAMION BARANDA,CUBSO,1.0,345600.0,PEN,Soles,36,Servicio,PE-SEACE3-UnidadMedida
ocds-dgv273-seacev3-1193998,ocds-dgv273-seacev3-1193998-2026-03-15T10:14:50.094287-05:00,1193998-10447191844,21217895,1,CONSULTORÍA PARA LA ¿GESTIÓN ESPECIALIZADA Y TRANSFERENCIA METODOLÓGICA DE LA CARTERA DE PROYECTOS TECNOLÓGICOS ESTRATÉGICOS DEL PGTD DEL ITP,CONTRATADO,active,8114190200255375,SERVICIO DE SOPORTE DE TRANSFERENCIA TECNOLOGICA,CUBSO,1.0,62000.0,PEN,Soles,36,Servicio,PE-SEACE3-UnidadMedida
ocds-dgv273-seacev3-2026-200192-228,ocds-dgv273-seacev3-2026-200192-228-2026-03-15T10:14:48.017276-05:00,1184600-1762925,21195070,1,SERVICIO DE ADECUACION DE ALMACEN MINERO DE LA UE PASCO,CONTRATADO,active,7212100800225176,SERVICIO DE ACONDICIONAMIENTO DE ALMACENES,CUBSO,1.0,119000.0,PEN,Soles,36,Servicio,PE-SEACE3-UnidadMedida
ocds-dgv273-seacev3-2026-436-1,ocds-dgv273-seacev3-2026-436-1-2026-03-15T10:14:47.980331-05:00,1185864-20455572356,21199413,1,DIESEL B5 S50,CONTRATADO,active,1510150500233280,DIESEL B5 S-50,CUBSO,14868.0,245322.0,PEN,Soles,13,Galon,PE-SEACE3-UnidadMedida
ocds-dgv273-seacev3-2026-436-1,ocds-dgv273-seacev3-2026-436-1-2026-03-15T10:14:47.980331-05:00,1185864-20455572356,21199414,2,GASOHOL REGULAR,CONTRATADO,active,1510150600390516,GASOHOL REGULAR,CUBSO,2916.0,49572.0,PEN,Soles,13,Galon,PE-SEACE3-UnidadMedida
ocds-dgv273-seacev3-2026-803-1,ocds-dgv273-seacev3-2026-803-1-2026-03-15T10:14:47.965206-05:00,1185442-20528037055,21198977,1,CONTRATACIÓN DEL SUMINISTRO DE BIENES ADQUISICIÓN DE INSUMOS ALIMENTICIOS PARA EL PROGRAMA DEL VASO DE LECHE (PVL) DE LA MUNICIPALIDAD DISTRITAL DE QUIÑOTA.,CONTRATADO,active,,,,7154.4,135601.2,PEN,Soles,40,Unidad,PE-SEACE3-UnidadMedida
ocds-dgv273-seacev3-1185646,ocds-dgv273-seacev3-1185646-2026-03-15T10:14:47.617819-05:00,1185646-20602600611,21197015,1,ADQUISICION DE PRODUCTOS PARA EL PROGRAMA DEL VASO DE LECHE DE LA MUNICIPALIDAD DISTRITAL DE PINRA EJERCICIO 2026.,CONTRATADO,active,,,,2.0,198397.0,PEN,Soles,40,Unidad,PE-SEACE3-UnidadMedida
ocds-dgv273-seacev3-1185374,ocds-dgv273-seacev3-1185374-2026-03-15T10:14:47.489601-05:00,1185374-10026473255,21196836,1,LECHE EVAPORADA ENTERA X 410 G,CONTRATADO,active,5013170200307453,LECHE EVAPORADA ENTERA X 400 g  APROX.,CUBSO,28572.1,117717.05,PEN,Soles,40,Unidad,PE-SEACE3-UnidadMedida
ocds-dgv273-seacev3-1185374,ocds-dgv273-seacev3-1185374-2026-03-15T10:14:47.489601-05:00,1185374-20600736923,21196837,2,"HOJUELAS PRECOCIDAS DE AVENA, QUINUA, CAÑIHUA CON HARINA DE MAÍZ BLANCO Y MACA ENRIQUECIDAS Y/O FORTIFICADAS CON VITAMINAS Y MINERALES (46.00 g)",CONTRATADO,active,5019210900393074,"HOJUELAS PRECOCIDA DE QUINUA, MIJO, KIWICHA HARINA DE TARWI  FORTIFICADAS CON VITAMINAS Y MINERALES.",CUBSO,10362.88,84975.62,PEN,Soles,18,Kilogramo,PE-SEACE3-UnidadMedida
ocds-dgv273-seacev3-1184715,ocds-dgv273-seacev3-1184715-2026-03-15T10:14:46.885907-05:00,1184715-1763005,21195475,1,SERVICIO DE CONSULTORÍA DE OBRA PARA LA SUPERVISIÓN DE LA OBRA: ¿MEJORAMIENTO DEL SERVICIO DE PROVISIÓN DE AGUA PARA RIEGO EN EL CANAL ARHUAR - MONTERREY DE CENTRO POBLADO ACAS DISTRITO DE ACAS DE LA PROVINCIA DE OCROS DEL DEPARTAMENTO DE ANCASH¿ CON,CONTRATADO,active,8110151500336401,SUPERVISION DE OBRA DE CONSTRUCCION DE CANALES DE CONDUCCION DE AGUAS,CUBSO,1.0,318520.1,PEN,Soles,40,Unidad,PE-SEACE3-UnidadMedida
ocds-dgv273-seacev3-1184768,ocds-dgv273-seacev3-1184768-2026-03-15T10:14:46.739919-05:00,1184768-1762208,21195537,1,"REQUERIMIENTO CON SISTEMA DE ENTREGA SOLO CONSTRUCCION: SALDO DE OBRA: MEJORAMIENTO DE LOS SERVICIOS DE EDUCACION TECNICO PRODUCTIVA DEL CENTRO DE EDUCACION TECNICO PRODUCTIVA CETPRO ALCIDES SALOMON ZORRILLA, DISTRITO DE BELLAVISTA, PROVINCIA CONSTITUCIONAL DEL CALLAO",ADJUDICADO,pending,7212140600359845,AMPLIACION DE INFRAESTRUCTURA DE CENTROS EDUCATIVOS,CUBSO,1.0,5726627.11,PEN,Soles,40,Unidad,PE-SEACE3-UnidadMedida
ocds-dgv273-seacev3-1185521,ocds-dgv273-seacev3-1185521-2026-03-15T10:14:46.652280-05:00,1185521-20613147048,21199038,1,"ADQUISICIÓN DE ALIMENTOS PARA EL PROGRAMA DE COMPLEMENTACIÓN ALIMENTARIA MODALIDAD COMEDORES POPULARES Y OLLAS COMUNES, POR 10.5 MESES EN LA PROVINCIA DE CAJATAMBO, REGION LIMA",CONTRATADO,active,,,,1.0,392238.0,PEN,Soles,40,Unidad,PE-SEACE3-UnidadMedida
ocds-dgv273-seacev3-2026-1512-5,ocds-dgv273-seacev3-2026-1512-5-2026-03-15T10:14:36.394268-05:00,1185896-10410984437,21197270,1,"SUPERVISION DE OBRA MEJORAMIENTO Y AMPLIACION DEL SERVICIO DE PRACTICA DEPORTIVA Y/O  RECREATIVA EN LA LOCALIDAD DE HUATAPI DISTRITO DE CAPELO, PROVINVIA DE REQUENA DEPARTAMENTO DE LORETO",CONTRATADO,active,8110150800357780,SUPERVISION DE OBRA DE CONSTRUCCION DE INFRAESTRUCTURA DEPORTIVA,CUBSO,1.0,66439.99,PEN,Soles,40,Unidad,PE-SEACE3-UnidadMedida
ocds-dgv273-seacev3-1185558,ocds-dgv273-seacev3-1185558-2026-03-15T10:14:36.265840-05:00,1185558-1764680,21196949,1,"CONTRATACIÓN DE EJECUCIÓN DE LA OBRA: ""CONSTRUCCIÓN DE ARCO EN C; EN EL (LA) AVENIDA AREQUIPA DISTRITO DE SAN JERÓNIMO DE TUNAN, PROVINCIA DE HUANCAYO, DEPARTAMENTO JUNÍN"", CON CUI N°2703515",CONTRATADO,active,7214110700233036,CONSTRUCCION DE PUENTE PEATONAL,CUBSO,1.0,258500.0,PEN,Soles,36,Servicio,PE-SEACE3-UnidadMedida
ocds-dgv273-seacev3-1185262,ocds-dgv273-seacev3-1185262-2026-03-15T10:14:36.175887-05:00,1185262-20534178418,21198598,1,DIESEL B5 S-50,CONTRATADO,active,1510150500233280,DIESEL B5 S-50,CUBSO,4920.0,62484.0,PEN,Soles,13,Galon,PE-SEACE3-UnidadMedida
ocds-dgv273-seacev3-1184853,ocds-dgv273-seacev3-1184853-2026-03-15T10:14:26.011752-05:00,1184853-1762693,21195647,1,MEJORAMIENTO Y AMPLIACION DEL PUESTO DE SALUD I-2 EN LA LOCALIDAD DE IBERIA CUI: 2586930,CONSENTIDO,active,7212140300340159,AMPLIACION DE INFRAESTRUCTURA DE SALUD,CUBSO,1.0,3710453.26,PEN,Soles,40,Unidad,PE-SEACE3-UnidadMedida
ocds-dgv273-seacev3-2026-1195-1,ocds-dgv273-seacev3-2026-1195-1-2026-03-15T10:14:25.285278-05:00,1185905-20396658837,21199449,1,ADQUISICION DE DIESEL B5 S-50,CONTRATADO,active,1510150500233280,DIESEL B5 S-50,CUBSO,35000.0,505750.0,PEN,Soles,13,Galon,PE-SEACE3-UnidadMedida
ocds-dgv273-seacev3-2026-1195-1,ocds-dgv273-seacev3-2026-1195-1-2026-03-15T10:14:25.285278-05:00,1185905-20396658837,21199450,2,ADQUISICION DE GASOLINA REGULAR,CONTRATADO,active,1510150600390514,GASOLINA REGULAR,CUBSO,12000.0,169200.0,PEN,Soles,13,Galon,PE-SEACE3-UnidadMedida
ocds-dgv273-seacev3-1185166,ocds-dgv273-seacev3-1185166-2026-03-15T10:14:25.235157-05:00,1185166-L5552918062,21198530,1,Renovación de la suscripción al Wall Street Journal Digital.,CONTRATADO,active,8211190300388365,SERVICIO DE AGENCIA DE NOTICIAS INTERNACIONAL,CUBSO,1.0,7381.5,USD,Dólar Norteamericano,36,Servicio,PE-SEACE3-UnidadMedida
ocds-dgv273-seacev3-1185152,ocds-dgv273-seacev3-1185152-2026-03-15T10:14:25.220719-05:00,1185152-20539916379,21196564,1,ADQUISICIÓN DE INSUMOS DEL PROGRAMA DE VASO DE LECHE (PVL) PERIODO 2026 DE LA MUNICIPALIDAD PROVINCIAL DE CAJATAMBO,CONTRATADO,active,,,,1.0,66132.0,PEN,Soles,40,Unidad,PE-SEACE3-UnidadMedida
ocds-dgv273-seacev3-2026-270-29,ocds-dgv273-seacev3-2026-270-29-2026-03-15T10:14:24.472272-05:00,1185378-1764583,21198872,1,"MANTENIMIENTO DEL AUDITORIO DEL PALACIO MUNICIPAL, DISTRITO DE CHIMBOTE, PROVINCIA DEL SANTA- ANCASH",CONTRATADO,active,7212110300225174,SERVICIO DE ACONDICIONAMIENTO DE AUDITORIO,CUBSO,1.0,165000.0,PEN,Soles,36,Servicio,PE-SEACE3-UnidadMedida
ocds-dgv273-seacev3-2026-1520-2,ocds-dgv273-seacev3-2026-1520-2-2026-03-15T10:14:13.777088-05:00,1185531-20611504757,21199062,1,"REFORMULACION DE EXPEDIENTE TECNICO: MEJORAMIENTO DEL SERVICIO DE MOVILIDAD URBANA EN LA CALLE MANUEL E, ROJAS, CUADRA 4 Y 5, REQUENA, CUADRAS 1 Y 2 Y Y PASAJE BARSESATH, CUADRAS 2 Y 3,  DE LA CIUDAD DE CONTAMANA, DISTRITO DE CONTAMANA  - PROVINCIA DE UCAYALI - DEPARTAMENTO DE LORETO - CUI Nro. 2643340",CONTRATADO,active,8110151000086208,ELABORACION DE EXPEDIENTE TECNICO DE OBRA PARA PAVIMENTACION DE CALLES Y SIMILARES,CUBSO,1.0,224400.0,PEN,Soles,40,Unidad,PE-SEACE3-UnidadMedida
ocds-dgv273-seacev3-2026-524-1,ocds-dgv273-seacev3-2026-524-1-2026-03-15T10:14:12.964207-05:00,1185544-10250193616,21196936,1,ADQUISICION DE CEMENTO PORLAND TIPO I (42.5 Kg) para el proyecto ¿CREACION DEL SERVICIO DE PRACTICA DEPORTIVA Y/O RECREATIVA EN LA LOSA MULTIUSO DE CENTRO POBLADO VERACRUZ DISTRITO DE TOTOS DE LA PROVINCIA DE CANGALLO DEL DEPARTAMENTO DE AYACUCHO¿ CON CUI Nº 2686222,CONSENTIDO,active,3011160100012953,CEMENTO PORTLAND PUZOLANICO TIPO IP X 42.50 kg,CUBSO,4795.0,154878.5,PEN,Soles,18,Kilogramo,PE-SEACE3-UnidadMedida
ocds-dgv273-seacev3-2026-524-1,ocds-dgv273-seacev3-2026-524-1-2026-03-15T10:14:12.964207-05:00,1185544-20494791235,21196936,1,ADQUISICION DE CEMENTO PORLAND TIPO I (42.5 Kg) para el proyecto ¿CREACION DEL SERVICIO DE PRACTICA DEPORTIVA Y/O RECREATIVA EN LA LOSA MULTIUSO DE CENTRO POBLADO VERACRUZ DISTRITO DE TOTOS DE LA PROVINCIA DE CANGALLO DEL DEPARTAMENTO DE AYACUCHO¿ CON CUI Nº 2686222,CONTRATADO,active,3011160100012953,CEMENTO PORTLAND PUZOLANICO TIPO IP X 42.50 kg,CUBSO,4795.0,158235.0,PEN,Soles,18,Kilogramo,PE-SEACE3-UnidadMedida
ocds-dgv273-seacev3-2026-1520-1,ocds-dgv273-seacev3-2026-1520-1-2026-03-15T10:14:12.794406-05:00,1185523-1764772,21199037,1,"REFORMULACION DE EXPEDIENTE TECNICO: MEJORAMIENTO DE LOS SERVICIOS DE EDUCACION INICIAL DE LA I.E. Nro. 6236-b, DEL CENTRO POBLADO NUEVO SUCRE, DEL DISTRITO DE CONTAMANA  - PROVINCIA DE UCAYALI - DEPARTAMENTO DE LORETO - CUI Nro. 2471167",CONTRATADO,active,8110150800304974,ELABORACION DE EXPEDIENTE TECNICO DE OBRA PARA CONSTRUCCION DE CENTROS EDUCATIVOS,CUBSO,1.0,170500.0,PEN,Soles,40,Unidad,PE-SEACE3-UnidadMedida
ocds-dgv273-seacev3-1185215,ocds-dgv273-seacev3-1185215-2026-03-12T10:14:53.222536-05:00,1185215-20602836941,21196657,1,CARCASA DE RES SIN PIEL SIN MENUDENCIAS REFRIGERADA CALIDAD EXTRA,CONTRATADO,active,5011151300389320,CARCASA DE RES SIN PIEL SIN MENUDENCIAS REFRIGERADA CALIDAD EXTRA,CUBSO,14400.0,273600.0,PEN,Soles,18,Kilogramo,PE-SEACE3-UnidadMedida
ocds-dgv273-seacev3-2026-995-3,ocds-dgv273-seacev3-2026-995-3-2026-03-12T10:14:51.728306-05:00,1186010-20604482276,21197384,1,ADQUISICION DE ALIMENTOS PARA COMPLEMENTACION ALIMENTARIA,CONTRATADO,active,,,,2.0,176215.8,PEN,Soles,40,Unidad,PE-SEACE3-UnidadMedida
ocds-dgv273-seacev3-1185281,ocds-dgv273-seacev3-1185281-2026-03-12T10:14:51.211412-05:00,1185281-20526944934,21198599,1,CEMENTO PORTLAND PUZOLANICO TIPO IP X 42.50 kg,CONTRATADO,active,3011160100012953,CEMENTO PORTLAND PUZOLANICO TIPO IP X 42.50 kg,CUBSO,382500.0,265750.0,PEN,Soles,18,Kilogramo,PE-SEACE3-UnidadMedida
ocds-dgv273-seacev3-2026-825-1,ocds-dgv273-seacev3-2026-825-1-2026-03-12T10:14:51.108648-05:00,1185099-20527590648,21198429,1,ADQUISICION DE ALIMENTOS PARA EL PROGRAMA SOCIAL DEL VASO DE LECHE (PVL) DE LA MUNICIPALIDAD DISTRITAL DE CCAPI PROVINCIA DE PARURO DEPARTAMENTO CUSCO PERIODO 2026,CONTRATADO,active,,,,2.0,121040.64,PEN,Soles,40,Unidad,PE-SEACE3-UnidadMedida
ocds-dgv273-seacev3-1184582,ocds-dgv273-seacev3-1184582-2026-03-12T10:14:51.079327-05:00,1184582-20600907558,21195270,1,HOJUELA DE AVENA CON KIWICHA,CONTRATADO,active,5019210900392951,"HOJUELA DE AVENA, QUINUA, KIWICHA Y HARINA DE SOYA PRECOCIDA ENRIQUECIDA CON VITAMINAS Y MINERALES",CUBSO,14364.28,100550.0,PEN,Soles,18,Kilogramo,PE-SEACE3-UnidadMedida
ocds-dgv273-seacev3-2026-1952-67,ocds-dgv273-seacev3-2026-1952-67-2026-03-12T10:14:44.365208-05:00,1188308-10102545040,21202897,1,ANALISTA UI 01 PARA LOS PROYECTOS VINCULADOS AL DESARROLLO DE LA NUEVA PLATAFORMA PARA LA CONTRATACIÓN PÚBLICA - GESTIÓN DEL APRENDIZAJE Y CERTIFICACIÓN,CONTRATADO,active,8111151100336951,SERVICIO DE ANALISIS Y DISEÑO DE SISTEMA INFORMATICO,CUBSO,1.0,24000.0,PEN,Soles,36,Servicio,PE-SEACE3-UnidadMedida
ocds-dgv273-seacev3-2026-1952-67,ocds-dgv273-seacev3-2026-1952-67-2026-03-12T10:14:44.365208-05:00,1188308-10414010771,21202896,2,ANALISTA UI 02 PARA LOS PROYECTOS VINCULADOS AL DESARROLLO DE LA NUEVA PLATAFORMA PARA LA CONTRATACIÓN PÚBLICA - GESTIÓN DEL APRENDIZAJE Y CERTIFICACIÓN,CONTRATADO,active,8111151100336951,SERVICIO DE ANALISIS Y DISEÑO DE SISTEMA INFORMATICO,CUBSO,1.0,24000.0,PEN,Soles,36,Servicio,PE-SEACE3-UnidadMedida
ocds-dgv273-seacev3-1185731,ocds-dgv273-seacev3-1185731-2026-03-12T10:14:42.802915-05:00,1185731-10433825859,21199267,1,CONTRATACIÓN DE BIENES: ADQUISICIÓN DE MATERIALES DE CONSTRUCCIÓN PARA LA REHABILITACIÓN DE LAS VIVIENDAS DE LAS FAMILIAS DAMNIFICADAS POR VIENTOS FUERTES E INCENDIO URBANO DEL DISTRITO DE SAN JUAN BAUTISTA.,CONSENTIDO,active,2411290100303581,CAJA DE TRIPLAY DE 12 cm X 28 cm X 30 cm,CUBSO,1.0,150273.2,PEN,Soles,40,Unidad,PE-SEACE3-UnidadMedida
ocds-dgv273-seacev3-1185419,ocds-dgv273-seacev3-1185419-2026-03-12T10:14:42.218763-05:00,1185419-10700694734,21196862,1,CONTRATACION DE SERVICIO PARA LA ELABORACIÓN DE PROYECTO DE INVERSIÓN A NIVEL DE LA FICHA Y SUSTENTO TECNICO EN EL MARCO INVIERTE.PE PARA EL PROYECTO DE INVERSIÓN ¿REHABILITACIÓN EN EL SISTEMA DE CAPTACIÓN DE AGUA CRUDA GALERÍA FILTRANTE  PAMPAS DE O,CONSENTIDO,active,8110151500234055,ELABORACION DE EXPEDIENTE TECNICO DE OBRA PARA CONSTRUCCION DE SISTEMA DE AGUA POTABLE Y ALCANTARILLADO,CUBSO,1.0,170000.0,PEN,Soles,36,Servicio,PE-SEACE3-UnidadMedida
ocds-dgv273-seacev3-2026-995-1,ocds-dgv273-seacev3-2026-995-1-2026-03-12T10:14:30.969049-05:00,1184924-20560151757,21195800,1,SUMINISTRO DE COMBUSTIBLE (DIESEL B5-S50) PARA LAS UNIDADES VEHICULARES Y MAQUINARIA PESADA DE LA MUNICIPALIDAD PROVINCIAL DE MARAÑON.,CONTRATADO,active,1510150500233280,DIESEL B5 S-50,CUBSO,6000.0,106800.0,PEN,Soles,13,Galon,PE-SEACE3-UnidadMedida
ocds-dgv273-seacev3-1184880,ocds-dgv273-seacev3-1184880-2026-03-12T10:14:19.763059-05:00,1184880-1770076,21195680,1,SERVICIO DE MANTENIMIENTO PERIODICO CON TRATAMIENTO SUPERFICIAL,ADJUDICADO,pending,7214100300230729,SERVICIO DE MANTENIMIENTO PERIODICO DE CARRETERAS,CUBSO,1.0,6430000.0,PEN,Soles,36,Servicio,PE-SEACE3-UnidadMedida
ocds-dgv273-seacev3-1185446,ocds-dgv273-seacev3-1185446-2026-03-12T10:14:10.180012-05:00,1185446-20481770182,21198978,2,INSUMOS PARA EL PVL,CONTRATADO,active,,,,28429.0,164062.2,PEN,Soles,40,Unidad,PE-SEACE3-UnidadMedida
ocds-dgv273-seacev3-2026-995-2,ocds-dgv273-seacev3-2026-995-2-2026-03-12T10:14:10.164715-05:00,1185384-20493927613,21198880,1,CONTRATACIÓN DE SERVICIO DE CONSULTORÍA EN GENERAL PARA ELABORAR LA ACTUALIZACIÓN DEL INVENTARIO VIAL PARA LA PLANIFICACIÓN ESTRATÉGICA (IVPE) DE LA RED VIAL DE LA PROVINCIA DE MARAÑÓN.,CONTRATADO,active,8110152400334067,SERVICIO DE INVENTARIO VIAL GEOREFERENCIADO,CUBSO,1.0,99600.0,PEN,Soles,36,Servicio,PE-SEACE3-UnidadMedida
ocds-dgv273-seacev3-2026-995-4,ocds-dgv273-seacev3-2026-995-4-2026-03-12T10:13:58.893525-05:00,1185972-20601638658,21197328,1,ADQUISICION DE ALIMENTOS PARA EL PROGRAMA DE COMPLEMETACION ALIMENTARIA 2026,CONTRATADO,active,,,,4.0,115000.0,PEN,Soles,40,Unidad,PE-SEACE3-UnidadMedida
ocds-dgv273-seacev3-2026-1896-2,ocds-dgv273-seacev3-2026-1896-2-2026-03-11T10:13:25.045058-05:00,1185459-20493825705,21198953,1,"CONTRATACIÓN DEL ¿SERVICIO DE IMPRESIÓN Y EMPASTADO DE MÓDULOS AUTOINSTRUCTIVOS DE NÚMEROS Y LETRAS PARA EL CEPREUNU PROCESO 2026 - III, 2027-I y 2027-II, PARA EL DESARROLLO Y FUNCIONAMIENTO DEL CENTRO PRE UNIVERSITARIO DE LA UNIVERSIDAD NACIONAL DE",CONTRATADO,active,8212150400362193,SERVICIO DE IMPRESIONES EN PAPEL,CUBSO,1.0,158980.0,PEN,Soles,36,Servicio,PE-SEACE3-UnidadMedida
ocds-dgv273-seacev3-1185973,ocds-dgv273-seacev3-1185973-2026-03-11T10:13:24.429551-05:00,1185973-20478968435,21197329,1,SERVICIO DE ARRENDAMIENTO DE INMUEBLE PARA EL FUNCIONAMIENTO DE LAS OFICINAS ADMINISTRATIVAS DE LA GERENCIA DE DESARROLLO ECONÓMICO DE LA MUNICIPALIDAD METROPOLITANA DE LIMA,CONTRATADO,active,8013150200094959,SERVICIO DE ALQUILER DE INMUEBLE,CUBSO,1.0,567623.1,PEN,Soles,36,Servicio,PE-SEACE3-UnidadMedida
ocds-dgv273-seacev3-1185584,ocds-dgv273-seacev3-1185584-2026-03-11T10:13:24.401959-05:00,1185584-1764883,21199091,1,CONTRATACION DE SUPERVISION DE OBRA EN CONTRATO: MEJORAMIENTO Y AMPLIACION DE LOS SERVICIOS DE SALUD DEL PUESTO DE SALUD DE CHAMACA-DISTRITO DE CHAMCA-CHUMBIVILCAS-CUSCO.,ADJUDICADO,pending,8110150800362880,SUPERVISION DE OBRA DE AMPLIACION DE INFRAESTRUCTURA DE SALUD,CUBSO,1.0,984303.58,PEN,Soles,36,Servicio,PE-SEACE3-UnidadMedida
ocds-dgv273-seacev3-2026-41-66,ocds-dgv273-seacev3-2026-41-66-2026-03-11T10:13:23.015091-05:00,1185942-10728014712,21199512,1,"ADQUISICIÓN DE ACCESORIOS, PARA LA EJECUCION DE LA IOARR: ADQUISICIÓN DE SISTEMA DE MANDO Y CONTROL Y AFORADOR, EN EL(LA) PARA INFRAESTRUCTURA PARA 19 SISTEMAS DE RIEGO, EN 4 DISTRITOS DE LA REGIÓN JUNÍN DISTRITO DE CHANCHAMAYO, PROVINCIA CHANCHAMAYO",CONTRATADO,active,,,,7245.0,480011.0,PEN,Soles,40,Unidad,PE-SEACE3-UnidadMedida
ocds-dgv273-seacev3-2026-200424-1,ocds-dgv273-seacev3-2026-200424-1-2026-03-11T10:13:22.864202-05:00,1185548-20480040750,21196939,1,ADQUISICION DE DIESEL B5 S-50,CONTRATADO,active,1510150500233280,DIESEL B5 S-50,CUBSO,13570.0,179938.2,PEN,Soles,13,Galon,PE-SEACE3-UnidadMedida
ocds-dgv273-seacev3-1185170,ocds-dgv273-seacev3-1185170-2026-03-11T10:13:22.586853-05:00,1185170-20601034876,21196605,2,CARNES Y GRANOS,CONTRATADO,active,,,,1.0,224000.0,PEN,Soles,40,Unidad,PE-SEACE3-UnidadMedida
ocds-dgv273-seacev3-2026-168715-3,ocds-dgv273-seacev3-2026-168715-3-2026-03-11T10:13:13.430023-05:00,1185136-10454235156,21198476,1,SERVICIO DE UN MEDICO ESPECIALISTA EN PSIQUIATRÍA,CONTRATADO,active,9314180800389351,SERVICIO DE CONTROL Y SEGUIMIENTO MEDICO OCUPACIONAL,CUBSO,1.0,120000.0,PEN,Soles,36,Servicio,PE-SEACE3-UnidadMedida
ocds-dgv273-seacev3-1184574,ocds-dgv273-seacev3-1184574-2026-03-11T10:13:13.419663-05:00,1184574-1762068,21194926,1,"CONTRATACION DE UN EJECUTOR DE OBRA DEL PROYECTO: ""MEJORAMIENTO Y AMPLIACION DEL SISTEMA DE AGUA POTABLE Y ELIMINACION DE EXCRETAS EN LA LOCALIDAD DE PALMAPATA DEL DISTRITO DE INKAWASI - PROVINCIA DE LA CONVENCION - DEPARTAMENTO DE CUSCO"", CUI Nº2536",CONSENTIDO,active,7214112100337579,AMPLIACION DE SISTEMA DE AGUA POTABLE,CUBSO,1.0,3460300.74,PEN,Soles,36,Servicio,PE-SEACE3-UnidadMedida
ocds-dgv273-seacev3-2026-1584-7,ocds-dgv273-seacev3-2026-1584-7-2026-03-11T10:13:02.171992-05:00,1185898-1765803,21199434,1,"MEJORAMIENTO DEL SERVICIO DE AGUA POTABLE URBANO Y MEJORAMIENTO DEL SERVICIO DE ALCANTARILLADO EN EL A.H. JOSE OLAYA, DISTRITO DE PIURA DE LA PROVINCIA DE PIURA DEL DEPARTAMENTO DE PIURA",CONTRATADO,active,7215310200338640,CONSTRUCCION DE COMPLEJO DEPORTIVO,CUBSO,1.0,2294381.52,PEN,Soles,40,Unidad,PE-SEACE3-UnidadMedida
ocds-dgv273-seacev3-2026-1212-2,ocds-dgv273-seacev3-2026-1212-2-2026-03-11T10:13:01.960178-05:00,1185594-1765331,21196975,1,MEJORAMIENTO DEL ESTADIO ALFONSO SANDOVAL PEÑA DE LA LOCALIDAD DE CHUGAY DISTRITO DE CHUGAY PROVINCIA DE SANCHEZ CARRION DEPARTAMENTO DE LA LIBERTAD CUI N 2472598,CONSENTIDO,active,7212140800233126,CONSTRUCCION DE ESTADIOS DEPORTIVOS,CUBSO,1.0,4427052.76,PEN,Soles,36,Servicio,PE-SEACE3-UnidadMedida
ocds-dgv273-seacev3-2026-447-1,ocds-dgv273-seacev3-2026-447-1-2026-03-11T10:12:51.109896-05:00,1185982-20455005869,21199510,1,Adquisición de Enriquecido lácteo instantáneo bolsa por 1250 GR para el Programa del Vaso de Leche de la Municipalidad Provincial de Castilla.,CONTRATADO,active,5022110100002778,HOJUELA DE CEREAL Y/O LEGUMINOSAS ENRIQUECIDO,CUBSO,7500.0,60000.0,PEN,Soles,18,Kilogramo,PE-SEACE3-UnidadMedida
ocds-dgv273-seacev3-1185648,ocds-dgv273-seacev3-1185648-2026-03-11T10:12:43.181814-05:00,1185648-20556875287,21199156,1,ADQUISICIÓN DE REPUESTOS PARA LOS REGISTRADORES DE FALLA QUALITROL DE LAS SUBESTACIONES DOLORESPATA Y CACHIMAYO,CONTRATADO,active,,,,7.0,41675.1,USD,Dólar Norteamericano,40,Unidad,PE-SEACE3-UnidadMedida
ocds-dgv273-seacev3-1184612,ocds-dgv273-seacev3-1184612-2026-03-11T10:12:40.519397-05:00,1184612-1765880,21195240,1,"CONTRATACIÓN DE SUPERVISIÓN DE OBRA: ""MEJORAMIENTO DEL SERVICIO DE PROVISIÓN DE AGUA PARA RIEGO EN EL CANAL PAMPA QUERO - TUPINA DISTRITO DE CACRA DE LA PROVINCIA DE YAUYOS DEL DEPARTAMENTO DE LIMA"" CUI 2658336",CONSENTIDO,active,8110151500354852,SUPERVISION DE OBRA DE SISTEMAS DE RIEGO,CUBSO,1.0,528408.63,PEN,Soles,40,Unidad,PE-SEACE3-UnidadMedida
ocds-dgv273-seacev3-2026-149-1,ocds-dgv273-seacev3-2026-149-1-2026-03-11T10:12:40.456658-05:00,1184680-20480455453,21195420,1,LECHE EVAPORADA ENTERA X 400 g APROX.,CONTRATADO,active,5013170200307453,LECHE EVAPORADA ENTERA X 400 g  APROX.,CUBSO,28768.0,116510.4,PEN,Soles,40,Unidad,PE-SEACE3-UnidadMedida
ocds-dgv273-seacev3-2026-149-1,ocds-dgv273-seacev3-2026-149-1-2026-03-11T10:12:40.456658-05:00,1184680-20613443526,21195421,2,HOJUELA DE AVENA CON KIWICHA,CONTRATADO,active,5022110100002739,HOJUELA DE AVENA CON KIWICHA,CUBSO,9349.6,74796.8,PEN,Soles,18,Kilogramo,PE-SEACE3-UnidadMedida
ocds-dgv273-seacev3-1185824,ocds-dgv273-seacev3-1185824-2026-03-11T10:12:31.446923-05:00,1185824-20412214618,21197228,1,CEMENTO PORTLAND TIPO HE,CONTRATADO,active,3011160100337726,CEMENTO PORTLAND TIPO HE,CUBSO,5500.0,199705.0,PEN,Soles,40,Unidad,PE-SEACE3-UnidadMedida
ocds-dgv273-seacev3-2026-214449-1,ocds-dgv273-seacev3-2026-214449-1-2026-03-11T10:12:31.358479-05:00,1184739-20100077044,21195479,1,SERVICIO DE TRASLADO DE VALORES DE LA RECAUDACION DEL SERVICIO DE ADMINISTRACION TRIBUTARIA DE JOSE,CONTRATADO,active,8412180600232491,SERVICIO DE TRANSPORTE DE VALORES,CUBSO,1.0,52556.35,PEN,Soles,36,Servicio,PE-SEACE3-UnidadMedida
ocds-dgv273-seacev3-1185214,ocds-dgv273-seacev3-1185214-2026-03-11T10:12:31.286975-05:00,1185214-20605522883,21196755,1,"POR LA ADQUISICION DE LECHE EVAPORADA, HARINA DE KIWICHA Y HARINA DE PLATANO FORTIFICADO CON MINERALES Y VITAMINAS",CONTRATADO,active,,,,3.0,85558.8,PEN,Soles,40,Unidad,PE-SEACE3-UnidadMedida
ocds-dgv273-seacev3-1185447,ocds-dgv273-seacev3-1185447-2026-03-08T09:59:29.073751-05:00,1185447-1764126,21196896,1,CONTRATACION PARA LA EJECUCION DE LA OBRA DENOMINADA: CREACION DE LA LOSA DEPORTIVA DE LA LOCALIDAD LA BALSA DEL DISTRITO DE CHOROS - PROVINCIA DE CUTERVO - DEPARTAMENTO DE CAJAMARCA CON CUI N° 2482215,CONTRATADO,active,7215310200233127,CONSTRUCCION DE LOSA DEPORTIVA,CUBSO,101697.62,101697.62,PEN,Soles,40,Unidad,PE-SEACE3-UnidadMedida
ocds-dgv273-seacev3-2026-1827-3,ocds-dgv273-seacev3-2026-1827-3-2026-03-08T09:59:29.053152-05:00,1184928-20600229827,21195807,1,LECHE EN TARRO X 410 GR,CONTRATADO,active,5013170200307453,LECHE EVAPORADA ENTERA X 400 g  APROX.,CUBSO,20860.0,91784.0,PEN,Soles,40,Unidad,PE-SEACE3-UnidadMedida
ocds-dgv273-seacev3-2026-1827-3,ocds-dgv273-seacev3-2026-1827-3-2026-03-08T09:59:29.053152-05:00,1184928-20600229827,21195808,2,MEZCLA INSTANTANEA HOJUELAS,CONTRATADO,active,5019210900392951,"HOJUELA DE AVENA, QUINUA, KIWICHA Y HARINA DE SOYA PRECOCIDA ENRIQUECIDA CON VITAMINAS Y MINERALES",CUBSO,31436.33,235772.5,PEN,Soles,18,Kilogramo,PE-SEACE3-UnidadMedida
ocds-dgv273-seacev3-2026-1615-2,ocds-dgv273-seacev3-2026-1615-2-2026-03-08T09:59:21.729494-05:00,1185848-20514345440,21199382,2,"ADQUISICIÓN HOJUELA PRECOCIDA DE AVENA, HOJUELA DE QUINUA, TRIGO, CAÑIGUA, MACA, ALMIDON FORTIFICADAS CON VITAMINAS Y MINERALES PARA EL AÑO 2026",CONTRATADO,active,5019210900393074,"HOJUELAS PRECOCIDA DE QUINUA, MIJO, KIWICHA HARINA DE TARWI  FORTIFICADAS CON VITAMINAS Y MINERALES.",CUBSO,12791.0,102967.55,PEN,Soles,18,Kilogramo,PE-SEACE3-UnidadMedida
ocds-dgv273-seacev3-2026-1615-2,ocds-dgv273-seacev3-2026-1615-2-2026-03-08T09:59:21.729494-05:00,1185843-10026473255,21199378,1,ADQUISICIÓN DE LECHE EVAPORADA ENTERA PARA EL AÑO 2026,CONTRATADO,active,5013170200307453,LECHE EVAPORADA ENTERA X 400 g  APROX.,CUBSO,34110.0,136440.0,PEN,Soles,40,Unidad,PE-SEACE3-UnidadMedida
ocds-dgv273-seacev3-2026-141-7,ocds-dgv273-seacev3-2026-141-7-2026-03-08T09:59:12.781364-05:00,1185519-20611324066,21199034,1,ADQUISICION E ALIMENTOS PARA EL PROGRAMA DE COMPLEMENTACION ALIMENTARIA  PANTBC-2026,ADJUDICADO,pending,5012153800003428,CONSERVA DE FILETE DE CABALLA EN ACEITE VEGETAL CALIDAD EXTRA ENVASE DE LATA X 170 g,CUBSO,4470.0,93688.0,PEN,Soles,40,Unidad,PE-SEACE3-UnidadMedida
ocds-dgv273-seacev3-2026-691-2,ocds-dgv273-seacev3-2026-691-2-2026-03-08T09:59:12.460614-05:00,1185602-1764719,21199107,2,"HOJUELAS PRECOCIDAS DE AVENA, MACA, TRIGO Y KIWICHA CON HARINA DE SOYA INTEGRAL FORTIFICADA",CONTRATADO,active,5019210900393074,"HOJUELAS PRECOCIDA DE QUINUA, MIJO, KIWICHA HARINA DE TARWI  FORTIFICADAS CON VITAMINAS Y MINERALES.",CUBSO,15131.2,134600.0,PEN,Soles,18,Kilogramo,PE-SEACE3-UnidadMedida
ocds-dgv273-seacev3-2026-691-2,ocds-dgv273-seacev3-2026-691-2-2026-03-08T09:59:12.460614-05:00,1185602-20608188020,21199108,1,LECHE EVAPORADA ENTERA X 410 GRAMOS,CONTRATADO,active,5013170200307453,LECHE EVAPORADA ENTERA X 400 g  APROX.,CUBSO,34280.01,134377.64,PEN,Soles,40,Unidad,PE-SEACE3-UnidadMedida
ocds-dgv273-seacev3-1187362,ocds-dgv273-seacev3-1187362-2026-03-08T09:59:03.641680-05:00,1187362-20559825892,21200965,1,"CONTRATACION PARA LA EJECUCION DE LA OBRA: IOARR ¿RENOVACION DE COBERTURA; EN EL(LA) LOSA DEPORTIVA EN EL CENTRO POBLADO BUENOS AIRES, DISTRITO DE HUANCASPATA, PROVINCIA PATAZ, DEPARTAMENTO LA LIBERTAD¿, CON CUI N° 2703856",CONTRATADO,active,7215260500367813,CONSTRUCCION DE COBERTURA CON PLANCHA METALICA PARA CAMPO DEPORTIVO,CUBSO,1.0,722735.99,PEN,Soles,36,Servicio,PE-SEACE3-UnidadMedida
ocds-dgv273-seacev3-1185902,ocds-dgv273-seacev3-1185902-2026-03-08T09:59:03.560939-05:00,1185902-10194132595,21197267,1,"Adquisición de bien inmueble (terreno) En El (La) Sistema De Agua Potable, Para Construcción De Reservorio, Del Barrio Nueva Esperanza, Distrito De Huaylillas, Provincia Pataz, Departamento La Libertad¿ - Cui: 2708902",CONTRATADO,active,9510190100086740,TERRENO RURAL,CUBSO,1.0,180009.6,PEN,Soles,40,Unidad,PE-SEACE3-UnidadMedida
ocds-dgv273-seacev3-2026-399-4,ocds-dgv273-seacev3-2026-399-4-2026-03-08T09:59:03.373291-05:00,1185484-20511037001,21196910,1,"Adquisición DE ACERO CORRUGADO fy=4200 kg/cm2 GRADO 60 (1/4, 3/8, 1/2 y 5/8) para la obra: CONSTRUCCION DE COBERTURA Y GRADERIA EN (LA) I.E. 40670 EL EDEN FE Y ALEGRIA 51 DEL DISTRITO DE CERRO COLORADO, PROVINCIA DE AREQUIPA, DEPARTAMENTO DE AREQUIPA. CUI 2685403",CONTRATADO,active,3010240300130018,BARRA PARA CONSTRUCCION DE 1 in GRADO 60,CUBSO,1.0,75941.0,PEN,Soles,40,Unidad,PE-SEACE3-UnidadMedida
ocds-dgv273-seacev3-1185437,ocds-dgv273-seacev3-1185437-2026-03-07T10:05:20.018551-05:00,1185437-20611819367,21198950,2,"ADQUISICION DE LECHE EVAPORADA ENTERA DE 410 GRAMOS\nPARA ATENDER A LOS BENEFICIARIOS DEL PROGRAMA VASO\nDE LECHE DE LA MUNICIPALIDAD DISTRITAL DE SANTA ROSA,\nCORRESPONDIENTE AL AÑO 2026.",CONTRATADO,active,5013170200307453,LECHE EVAPORADA ENTERA X 400 g  APROX.,CUBSO,52860.0,232584.0,PEN,Soles,40,Unidad,PE-SEACE3-UnidadMedida
ocds-dgv273-seacev3-1184438,ocds-dgv273-seacev3-1184438-2026-03-07T10:05:19.929846-05:00,1184438-20527786461,21194183,2,LECHE EVAPORADA ENTERA X 400 GR APROXIMADO,CONTRATADO,active,5013170200307453,LECHE EVAPORADA ENTERA X 400 g  APROX.,CUBSO,39360.0,149568.0,PEN,Soles,40,Unidad,PE-SEACE3-UnidadMedida
ocds-dgv273-seacev3-2026-737-4,ocds-dgv273-seacev3-2026-737-4-2026-03-07T10:05:13.570783-05:00,1185775-20491818922,21199336,1,¿ADQUISICIÓN DE COMBUSTIBLE PARA LA OPERATIVIDAD DE LAS DIFERENTES ÁREAS DE LA MUNICIPALIDAD DISTRITAL DE GREGORIO PITA PARA LOS MESES DE FEBRERO A DICIEMBRE DEL PRESENTE AÑO 2026¿,CONTRATADO,active,,,,2.0,106550.0,PEN,Soles,40,Unidad,PE-SEACE3-UnidadMedida
ocds-dgv273-seacev3-2026-304-1,ocds-dgv273-seacev3-2026-304-1-2026-03-07T10:05:03.048394-05:00,1184817-1762939,21195584,1,CONTRATACIÓN PARA LA EJECUCIÓN DE LA OBRA: MEJORAMIENTO DE LOS SERVICIOS DE ESPACIOS PÚBLICOS URBANOS EN EL PARQUE SANTA ROSA. DISTRITO DE CULEBRAS DE LA PROVINCIA DE HUARMEY DEL DEPARTAMENTO DE ÁNCASH CUI N° 2698623,CONSENTIDO,active,7214112800364494,REMODELACION DE PARQUES Y PLAZAS,CUBSO,1.0,297808.42,PEN,Soles,36,Servicio,PE-SEACE3-UnidadMedida
ocds-dgv273-seacev3-1185546,ocds-dgv273-seacev3-1185546-2026-03-07T10:04:54.639439-05:00,1185546-1765736,21199058,1,"SERVICIO DE LIMPIEZA Y DESCOLMATACIÓN CON MAQUINARIA EN QUEBRADAS Y ELIMINACION DE MATERIAL EXCEDENTE A TODO COSTO, CORRESPONDIENTE AL PLAN DE TRABAJO N°1 ¿LIMPIEZA Y/O DESCOLMATACIÓN DEL CAUCE DE RÍOS Y QUEBRADAS, CANALES Y DRENAJE 2025-2026, EN EL",CONTRATADO,active,7017160300086277,SERVICIO DE LIMPIEZA DEL CAUCE DEL RIO,CUBSO,1.0,133922.16,PEN,Soles,36,Servicio,PE-SEACE3-UnidadMedida
ocds-dgv273-seacev3-1185546,ocds-dgv273-seacev3-1185546-2026-03-07T10:04:54.639439-05:00,1185546-1765736,21196938,2,"SERVICIO DE PERFILADO, NIVELACIÓN Y RETIRO DE MATERIAL DE ARRASTRE EN VÍAS COLINDANTES A CAUSES Y QUEBRADAS A TODO COSTO, CORRESPONDIENTE AL PLAN DE TRABAJO N°2 ¿CONTROL DE ZONAS CRÍTICAS Y FAJAS MARGINALES EN CAUCES DE RÍOS Y QUEBRADAS ANTE EL PERIO",CONTRATADO,active,7210290500086252,SERVICIO DE NIVELACION DE TERRENO Y ELIMINACION DE DESMONTE,CUBSO,1.0,232554.0,PEN,Soles,36,Servicio,PE-SEACE3-UnidadMedida
ocds-dgv273-seacev3-2026-270-30,ocds-dgv273-seacev3-2026-270-30-2026-03-07T10:04:54.100997-05:00,1185385-20531808763,21198881,1,"MANTENIMIENTO DEL DREN DOS DE MAYO ENTRE LA AV. PERU Y LA CALLE ELIAS VALLEJOS, DISTRITO DE CHIMBOTE, PROVINCIA DEL SANTA, DEPARTAMENTO DE ANCASH",CONTRATADO,active,7210151000364453,"SERVICIO DE MANTENIMIENTO DEL SISTEMA DE AGUA POTABLE, DESAGUE Y DRENAJE PLUVIAL DE EDIFICACIONES",CUBSO,1.0,48000.0,PEN,Soles,36,Servicio,PE-SEACE3-UnidadMedida
ocds-dgv273-seacev3-2026-10427-11,ocds-dgv273-seacev3-2026-10427-11-2026-03-07T10:04:53.522899-05:00,1184716-1764292,21196175,1,"contratación del servicio de elaboración del Expediente Técnico del MANTENIMIENTO PERIÓDICO DE LA CARRETERA AY-111: EMP. PE-30 D (PUCARÁ) (00+000)-LARAMATE (19+815), LARAMATE (20+250)-OCAÑA (47+787), OCAÑA (48+143) - L.D. ICA (IC-111 A PALPA (97+991)",CONTRATADO,active,8110151000337553,SERVICIO DE ELABORACION DE EXPEDIENTE TECNICO DE MANTENIMIENTO DE CARRETERAS,CUBSO,1.0,96905.0,PEN,Soles,36,Servicio,PE-SEACE3-UnidadMedida
ocds-dgv273-seacev3-2026-879-2,ocds-dgv273-seacev3-2026-879-2-2026-03-07T10:04:52.645083-05:00,1185209-20611902329,21196654,1,ADQUISICION DE ALIMENTOS HOJUELAS DE AVENA QUINUA KIWICHA CON MACA X 660 GRAMOS PRECOCIDA FORTIFICADA CON VITAMINAS Y MINERALES) PARA EL PROGRAMA DEL VASO DE LECHE DE LA MUNICIPALIDAD DISTRITAL DE PAUCARA DEL PERIODO FISCAL 2026,CONTRATADO,active,5019210900391578,"HOJUELA DE AVENA, QUINUA Y KIWICHA PRECOCIDA ENRIQUECIDA CON VITAMINAS Y MINERALES",CUBSO,43440.0,329570.59,PEN,Soles,40,Unidad,PE-SEACE3-UnidadMedida
ocds-dgv273-seacev3-1191393,ocds-dgv273-seacev3-1191393-2026-03-07T10:04:35.985142-05:00,1191393-L5552918098,21211282,1,"Comité Técnico de evaluaciones de proyectos del Concurso Emprendimientos Innovadores 13G, para la Unidad de Evaluación y Selección del Programa Nacional de Desarrollo Tecnológico e Innovación - PROINNÓVATE",CONTRATADO,active,8010160400286761,CONSULTORIA DE ELABORACION DE CRITERIO DE EVALUACION DE PROYECTO PARA INVERSION PUBLICA,CUBSO,1.0,200.0,USD,Dólar Norteamericano,36,Servicio,PE-SEACE3-UnidadMedida
ocds-dgv273-seacev3-1184891,ocds-dgv273-seacev3-1184891-2026-03-07T10:04:32.240527-05:00,1184891-20507634479,21195744,1,TARJETA DE CONSUMO DE ALIMENTOS PARA PROGRAMA DE APOYO ALIMENTARIO Y SOPORTE NUTRICIONAL,CONTRATADO,active,5512180200358858,TARJETA ELECTRONICA PARA CONSUMO DE ALIMENTOS,CUBSO,1459.0,487151.35,PEN,Soles,40,Unidad,PE-SEACE3-UnidadMedida
ocds-dgv273-seacev3-2026-215-2,ocds-dgv273-seacev3-2026-215-2-2026-03-07T10:04:30.376446-05:00,1185379-1764358,21198873,1,"CONTRATACION PARA LA EJECUCION DE LA OBRA: CONSTRUCCION DE CERCO PERIMETRICO Y OBRAS EXTERIORES; EN EL(LA) GRASS SINTETICO DEL CASERIO DE TARAPACA DEL DISTRITO DE HUACACHI, PROVINCIA HUARI, DEPARTAMENTO ANCASH, CON CUI N°2707708",CONTRATADO,active,7215401300233098,CONSTRUCCION DE CERCO PERIMETRICO,CUBSO,1.0,542936.79,PEN,Soles,40,Unidad,PE-SEACE3-UnidadMedida
ocds-dgv273-seacev3-1184566,ocds-dgv273-seacev3-1184566-2026-03-07T10:04:30.133404-05:00,1184566-1762661,21194914,1,"CONTRATACION DE SERVICIOS DE LA EJECUCION DE LA ACTIVIDAD MANTENIMIENTO DE LA PLAZA DE LA LOCALIDAD DE CHUNAS, DISTRITO DE RAPAYAN ¿ HUARI ¿ ANCASH.",CONTRATADO,active,7215150100356658,SERVICIO DE INSTALACION DE POSTES DE ALUMBRADO EN PARQUES PLAZAS Y PLAZUELAS,CUBSO,1.0,274500.0,PEN,Soles,36,Servicio,PE-SEACE3-UnidadMedida
ocds-dgv273-seacev3-1185860,ocds-dgv273-seacev3-1185860-2026-03-06T10:10:17.546483-05:00,1185860-20606811510,21197238,1,ADQUISICION DE INSUMOS DE ALIMENTOS PARA EL PROGRAMA DE VASO DE LECHE DE LA MUNICIPALIDAD DISTRITAL DE CALANGO DE LA PROVINCIA DE CAÑETE DEPARTAMENTO DE LIMA,CONTRATADO,active,,,,13440.0,67603.2,PEN,Soles,40,Unidad,PE-SEACE3-UnidadMedida
ocds-dgv273-seacev3-1185418,ocds-dgv273-seacev3-1185418-2026-03-06T10:10:16.917604-05:00,1185418-20450293521,21198952,1,"MEJORAMIENTO Y AMPLIACIÓN DEL SERVICIO DE EDUCACIÓN INICIAL Y SERVICIO DE EDUCACIÓN PRIMARIA EN I.E. 275, I.E. 62540 DEL CENTRO POBLADO SUWAENTSA DISTRITO DE MANSERICHE DE LA PROVINCIA DE DATEM DEL MARAÑÓN DEL DEPARTAMENTO DE LORETO; CUI: 2675532",CONTRATADO,active,7212140600233069,CONSTRUCCION DE CENTROS EDUCATIVOS,CUBSO,1.0,1558270.5,PEN,Soles,36,Servicio,PE-SEACE3-UnidadMedida
ocds-dgv273-seacev3-1185339,ocds-dgv273-seacev3-1185339-2026-03-06T10:10:07.811713-05:00,1185339-20600165721,21198687,01,CONTRATACIÓN DEL SUMINISTRO DE BIENES\nADQUISICION DE INSUMOS PARA EL PROGRAMA VASO DE LECHE - AÑO 2026,ADJUDICADO,pending,,,,14040.0,71487.0,PEN,Soles,40,Unidad,PE-SEACE3-UnidadMedida
ocds-dgv273-seacev3-1185994,ocds-dgv273-seacev3-1185994-2026-03-06T10:09:58.992532-05:00,1185994-20613244086,21197396,1,"ADQUISICION DE PLANTON; EN EL(LA) PRODUCTIVIDAD MEDIANTE SERVICIOS AGRARIOS DE LA CADENA PRODUCTIVA DE FRUTALES EN EL CENTRO POBLADO YANAS, DISTRITO DE HUACCHIS, PROVINCIA HUARI, DEPARTAMENTO ANCASH",CONTRATADO,active,1015200100390206,PLANTONES INJERTADOS DE PALTA FUERTE-PERSEA AMERICANA,CUBSO,15000.0,180000.0,PEN,Soles,40,Unidad,PE-SEACE3-UnidadMedida
ocds-dgv273-seacev3-1184467,ocds-dgv273-seacev3-1184467-2026-03-06T10:09:58.946321-05:00,1184467-20112312090,21194363,1,"CONTRATACIÓN DEL SERVICIO DE VIGILANCIA Y SEGURIDAD INTEGRAL PARA LOS DIFERENTES LOCALES EN LIMA SEDE LOCAL CHINCHON, LOCAL LA MOLINA Y LOCAL CHORRILLOS DEL FONDO DE COOPERACIÓN PARA EL DESARROLLO SOCIAL (FONCODES)",CONTRATADO,active,9210150100094854,SERVICIO DE SEGURIDAD Y VIGILANCIA,CUBSO,1.0,399029.52,PEN,Soles,36,Servicio,PE-SEACE3-UnidadMedida
ocds-dgv273-seacev3-1185238,ocds-dgv273-seacev3-1185238-2026-03-06T10:09:48.536915-05:00,1185238-1763750,21196664,1,"CONSTRUCCIÓN DEL EDIFICIO PARA OFICINAS DE EMAPA CHANCAY S.A.C., DISTRITO DE CHANCAY, PROVINCIA DE HUARAL, DEPARTAMENTO DE LIMA",CONTRATADO,active,7212110100233170,CONSTRUCCION DE AMBIENTES PARA OFICINAS,CUBSO,1.0,2781478.78,PEN,Soles,36,Servicio,PE-SEACE3-UnidadMedida
ocds-dgv273-seacev3-2026-1693-2,ocds-dgv273-seacev3-2026-1693-2-2026-03-06T10:09:37.693050-05:00,1185025-20406493441,21196124,1,"HOJUELA DE AVENA PRECOCIDA ENRIQUECIDA CON VITAMINAS Y MINERALES, SEGÚN ESPECIFICACIONES TECNICAS - EETT",CONTRATADO,active,5019210900391578,"HOJUELA DE AVENA PRECOCIDA ENRIQUECIDA CON VITAMINAS Y MINERALES, SEGÚN ESPECIFICACIONES TECNICAS - EETT",CUBSO,46044.0,306192.6,PEN,Soles,18,Kilogramo,PE-SEACE3-UnidadMedida
ocds-dgv273-seacev3-1185430,ocds-dgv273-seacev3-1185430-2026-03-06T10:09:37.244706-05:00,1185430-20100028698,21196880,1,"ADQUISICION DE UN (1) TRACTOR AGRICOLA, ARADO DE DISCO, CULTIVADORA Y RASTRA ARADORA EN LA LOCALIDAD DE SALAMANCA, DISTRITO DE SALAMANCA, PROVINCIA DE CONDESUYOS - AREQUIPA",CONTRATADO,active,2510190100388858,TRACTOR AGRICOLA DE 93 HP,CUBSO,1.0,299500.0,PEN,Soles,40,Unidad,PE-SEACE3-UnidadMedida
ocds-dgv273-seacev3-2026-1584-28,ocds-dgv273-seacev3-2026-1584-28-2026-03-06T10:09:36.778558-05:00,1185992-20484276260,21199534,1,"SUPERVISION DE LA OBRA: RENOVACION DEL PUENTE EN EL (LA), LOMA NEGRA EN EL CAMINO VECINAL DESDE EMP. PE-1N K-VILLA VICHAYAL - RIO VIEJO, SANTA ELENA,  LOMA NEGRA, EMP PI-994, EN CENTRO POBLADO DE LOMA NEGRA DISTRITO DE LA ARENA, PROVINCIA DE PIURA, DEPARTAMENTO DE PIURA, CUI:2636563",CONTRATADO,active,7215310200338640,CONSTRUCCION DE COMPLEJO DEPORTIVO,CUBSO,1.0,119157.47,PEN,Soles,40,Unidad,PE-SEACE3-UnidadMedida
ocds-dgv273-seacev3-2026-200201-1,ocds-dgv273-seacev3-2026-200201-1-2026-03-06T10:09:29.084446-05:00,1185859-20572221408,21199406,1,SERVICIO DE SEGURIDAD Y VIGILANCIA PRIVADA PARA LA EPS RIOJA S.A.,CONTRATADO,active,9210150100094854,SERVICIO DE SEGURIDAD Y VIGILANCIA,CUBSO,1.0,198509.52,PEN,Soles,36,Servicio,PE-SEACE3-UnidadMedida
ocds-dgv273-seacev3-1185132,ocds-dgv273-seacev3-1185132-2026-03-06T10:09:26.896245-05:00,1185132-20513596236,21196563,1,"CONTRATACIÓN PARA LA EJECUCIÓN DE OBRA ¿RENOVACION DE PAVIMENTO; EN EL(LA) AMBITO DE LAS ZONAS 20 Y 21 EN EL CENTRO POBLADO LA VICTORIA, DISTRITO DE LA VICTORIA, PROVINCIA LIMA, DEPARTAMENTO LIMA¿ con CUI N° 2705543.",CONTRATADO,active,7214110600393491,SERVICIO DE REPARACION DE VIAS VECINALES,CUBSO,1.0,1907073.32,PEN,Soles,40,Unidad,PE-SEACE3-UnidadMedida
ocds-dgv273-seacev3-2026-1290-1,ocds-dgv273-seacev3-2026-1290-1-2026-03-06T10:09:25.589135-05:00,1185609-20480666071,21199124,1,"ADQUISICION DE 22,200 GL DE DIÉSEL B5 S50 UV DESTINADO PARA EL CONSUMO INTERNO DE LAS MAQUINARIAS Y MOVILIDADES QUE REALIZAN GESTIÓN OPERATIVA EN LA MUNICIPALIDAD DISTRITAL DE KAÑARIS EN EL AÑO FISCAL 2026",CONTRATADO,active,1510150500233280,DIESEL B5 S-50,CUBSO,22200.0,306900.0,PEN,Soles,13,Galon,PE-SEACE3-UnidadMedida
ocds-dgv273-seacev3-1185491,ocds-dgv273-seacev3-1185491-2026-03-06T10:09:25.575271-05:00,1185491-20604625883,21196919,1,CONCRETO PREMEZCLADO FC 210 kg/cm2 CON CEMENTO TIPO IP Y PIEDRA DE 1 in,CONTRATADO,active,3011150500390808,CONCRETO PREMEZCLADO FC 210 kg/cm2 CON CEMENTO TIPO IP Y PIEDRA DE 1 in,CUBSO,2586.0,1285242.0,PEN,Soles,26,M3,PE-SEACE3-UnidadMedida
ocds-dgv273-seacev3-1185904,ocds-dgv273-seacev3-1185904-2026-03-05T10:11:22.230029-05:00,1185904-20609108356,21199460,1,"ADQUISICIÓN DE MALLAS GANADERAS, PARA EL PROYECTO MEJORAMIENTO DE LOS SERVICIOS DE APOYO AL DESARROLLO PRODUCTIVO EN LAS CADENAS DE VACUNOS Y ALPACAS, DISTRITO DE CAYARANI ¿ PROVINCIA DE CONDESUYOS ¿ DEPARTAMENTO DE AREQUIPA",CONTRATADO,active,3011190300001414,MALLA DE ALAMBRE CUADRADA TEJIDA DE ACERO GALVANIZADO DE 1 in X 1 in X 3/32 in X 1.00 m,CUBSO,156.0,99996.0,PEN,Soles,40,Unidad,PE-SEACE3-UnidadMedida
ocds-dgv273-seacev3-1185701,ocds-dgv273-seacev3-1185701-2026-03-05T10:11:22.180372-05:00,1185701-1764853,21199195,1,CONTRATACION DEL SERVICIO DE EJECUCION FISICA DE LA ACTIVIDAD: MANTENIMIENTO DEL COLEGIO DE PRIMARIA N° 86728 DE LA LOCALIDAD DE SANTA ROSA DE TINCO DEL DISTRITO DE PONTO - PROVINCIA DE HUARI - DEPARTAMENTO DE ANCASH,CONTRATADO,active,7212140600337190,SERVICIO DE MANTENIMIENTO DE INFRAESTRUCTURA DE CENTROS EDUCATIVOS,CUBSO,1.0,284000.0,PEN,Soles,40,Unidad,PE-SEACE3-UnidadMedida
ocds-dgv273-seacev3-2026-1748-1,ocds-dgv273-seacev3-2026-1748-1-2026-03-05T10:11:22.122609-05:00,1185188-20412214618,21198543,1,ADQUISICION DE CEMENTO PORTLAND TIPO HS X 42.50 kg,CONTRATADO,active,3011160100337727,CEMENTO PORTLAND TIPO HS X 42.50 kg,CUBSO,1508.0,49975.12,PEN,Soles,40,Unidad,PE-SEACE3-UnidadMedida
ocds-dgv273-seacev3-2026-1724-1,ocds-dgv273-seacev3-2026-1724-1-2026-03-05T10:11:03.926689-05:00,1185186-20601927111,21198539,1,ADQUISCION DE LECHE EVAPORADA ENTERA X 410 GRAMOS PARA EL PROGRAMA VASO DE LECHE DE LA MUNICIPALIDAD DISTRITAL DE LIMBANI,CONTRATADO,active,5013170100350640,LECHE ENTERA SIN LACTOSA X 410 g APROX,CUBSO,14795.0,65393.9,PEN,Soles,40,Unidad,PE-SEACE3-UnidadMedida
ocds-dgv273-seacev3-2026-221-1,ocds-dgv273-seacev3-2026-221-1-2026-03-05T10:11:03.460039-05:00,1185635-20530880746,21199169,2,"ADQUISICION DE SUMINISTRO DE INSUMOS PARA EL PROGRAMA DE VASO DE LECHE DE LA MUNICIPALIDAD DISTRITAL DE PONTO, PERIODO 2026",CONTRATADO,active,,,,2.0,92842.61,PEN,Soles,40,Unidad,PE-SEACE3-UnidadMedida
ocds-dgv273-seacev3-1185930,ocds-dgv273-seacev3-1185930-2026-03-05T10:11:03.243086-05:00,1185930-10443855314,21199491,1,"SERVICIO DE ABASTECIMIENTO Y TRANSPORTE DE AGUA POTABLE PARA LA REPOSICIÓN DE LAS CISTERNAS COMPENSATORIAS DE PISCINAS Y DE LOS SERVICIOS HIGIÉNICOS, UBICADOS EN LOS COMPLEJOS DE PISCINAS DE LOS PARQUES METROPOLITANOS ADMINISTRADOS POR SERPAR LIMA, P",CONTRATADO,active,8310150800352373,SERVICIO DE ABASTECIMIENTO DE AGUA POTABLE EN CAMIONES CISTERNA,CUBSO,1.0,281677.0,PEN,Soles,36,Servicio,PE-SEACE3-UnidadMedida
ocds-dgv273-seacev3-1186005,ocds-dgv273-seacev3-1186005-2026-03-05T10:11:01.505175-05:00,1186005-20527905738,21199535,1,"ADQUISICIÓN DE ALIMENTOS: MEZCLA DE HARINAS EXTRUIDAS, HOJUELAS PRECOCIDAS Y LECHE EVAPORADA ENTERA PARA EL PROGRAMA SOCIAL VASO DE LECHE DE LA MUNICIPALIDAD DISTRITAL DE LABERITNO",CONTRATADO,active,,,,1.0,109098.0,PEN,Soles,40,Unidad,PE-SEACE3-UnidadMedida
ocds-dgv273-seacev3-1184512,ocds-dgv273-seacev3-1184512-2026-03-05T10:11:01.458835-05:00,1184512-10461859165,21194707,1,SERVICIO PARA CAPACITACIÓN EN INTERPRETACIÓN DE LA CLASIFICACIÓN TAXONÓMICA Y LA FILOGENIA DE ESPECIES MADERABLES,CONTRATADO,active,8610150600395947,SERVICIO DE CAPACITACION EN TAXONOMIA Y BIOLOGIA FORESTAL,CUBSO,1.0,10000.0,PEN,Nuevos Soles,36,Servicio,PE-SEACE3-UnidadMedida
ocds-dgv273-seacev3-1185203,ocds-dgv273-seacev3-1185203-2026-03-05T10:11:01.344805-05:00,1185203-1765217,21196639,1,"SUPERVISION DE OBRA: ""AMPLIACION DEL SERVICIO DE SEGURIDAD CIUDADANA LOCAL EN ENTORNO DE SERENAZGO SIN FRONTERAS, DISTRITO DE CALLAO, DE LA PROVINCIA CONSTITUCIONAL DEL CALLAO, DEL DEPARTAMENTO DE CALLAO (08 MODULOS DE SEGURIDAD CIUDADANA)¿ con CUI N",CONTRATADO,active,8110150800354705,SUPERVISION DE OBRA DE CONSTRUCCION DE INFRAESTRUCTURA DE SEGURIDAD Y VIGILANCIA,CUBSO,1.0,159286.78,PEN,Soles,36,Servicio,PE-SEACE3-UnidadMedida
ocds-dgv273-seacev3-1186626,ocds-dgv273-seacev3-1186626-2026-03-05T10:10:53.349052-05:00,1186626-20481516804,21200245,1,CONTRATACIÓN DE LA EJECUCIÓN DE LA OBRA: MEJORAMIENTO DEL SERVICIO DE PRÁCTICA DEPORTIVA Y/O RECREATIVA EN ASENTAMIENTO HUMANO ALAN GARCÍA DISTRITO DE OLMOS DE LA PROVINCIA DE LAMBAYEQUE DEL DEPARTAMENTO DE LAMBAYEQUECUI N°2686086,ADJUDICADO,pending,7215310200233127,CONSTRUCCION DE LOSA DEPORTIVA,CUBSO,1.0,1312000.7,PEN,Soles,36,Servicio,PE-SEACE3-UnidadMedida
ocds-dgv273-seacev3-1185868,ocds-dgv273-seacev3-1185868-2026-03-05T10:10:52.665015-05:00,1185868-20547894082,21199419,1,ADQUISICION DE EQUIPO MEDIDOR DE BALANCEO,CONTRATADO,active,4511172000219963,ANALIZADOR DE ESPECTROS PORTATIL,CUBSO,1.0,77361.4,PEN,Soles,40,Unidad,PE-SEACE3-UnidadMedida
ocds-dgv273-seacev3-1185936,ocds-dgv273-seacev3-1185936-2026-03-05T10:10:52.410890-05:00,1185936-20609108356,21197295,1,"CONTRATACIÓN PARA LA ADQUISICIÓN DE POSTES DE FIERRO, PARA EL PROYECTO MEJORAMIENTO DE LOS SERVICIOS DE APOYO AL DESARROLLO PRODUCTIVO EN LAS CADENAS DE VACUNOS Y ALPACAS, DISTRITO DE CAYARANI ¿ PROVINCIA DE CONDESUYOS ¿ DEPARTAMENTO DE AREQUIPA",CONTRATADO,active,3911160900393751,POSTE DE ACERO GALVANIZADO X 12 m PARA SEÑALIZACION LUMINOSA,CUBSO,1560.0,64874.0,PEN,Soles,40,Unidad,PE-SEACE3-UnidadMedida
ocds-dgv273-seacev3-2026-1309-28,ocds-dgv273-seacev3-2026-1309-28-2026-03-05T10:10:40.885693-05:00,1185633-20100664179,21199154,1,SERVICIO DE IMPRESIÓN DE CUPONERA DE PAGO DEL IMPUESTO PREDIAL Y ARBITRIOS MUNICIPALES DEL EJERCICIO FISCAL 2026 DE LA MUNICIPALIDAD DISTRITAL DE ATE,CONTRATADO,active,8212150700360158,SERVICIO DE IMPRESION DE CUPONERA PARA IMPUESTO PREDIAL,CUBSO,1.0,167654.4,PEN,Soles,36,Servicio,PE-SEACE3-UnidadMedida
ocds-dgv273-seacev3-2026-1318-8,ocds-dgv273-seacev3-2026-1318-8-2026-03-05T10:10:40.869434-05:00,1185481-1764633,21196907,1,"CONTRATACIÓN DE SERVICIOS DE IMPRESIÓN, COMPAGINADO, EMBOLSADO Y ENGRAPADO DE CUPONERAS TRIBUTARIAS PARA EL AÑO 2026 PARA LA MUNICIPALIDAD DISTRITAL DE INDEPENDENCIA",CONTRATADO,active,8212150700360158,SERVICIO DE IMPRESION DE CUPONERA PARA IMPUESTO PREDIAL,CUBSO,1.0,139300.0,PEN,Soles,36,Servicio,PE-SEACE3-UnidadMedida
ocds-dgv273-seacev3-2026-671-1,ocds-dgv273-seacev3-2026-671-1-2026-03-05T10:10:40.726341-05:00,1185603-20613429981,21199116,1,"ADQUISICION PROGRAMA VASO DE LECHE, PARA EL PERIODO ENERO A DICIEMBRE DEL AÑO FISCAL 2026 DE LA MUNICIPALIDAD DISTRITAL DE CHIGUIRIP: ¿LECHE EVAPORADA ENTERA DE 410 GR. Y HOJUELA DE KIWICHA TOSTADA, SOYA INTEGRAL, QUINUA, AVENA AZUCARADA CON MACA ENR",CONTRATADO,active,,,,2.0,136297.0,PEN,Soles,40,Unidad,PE-SEACE3-UnidadMedida
ocds-dgv273-seacev3-1185495,ocds-dgv273-seacev3-1185495-2026-03-05T10:10:40.679454-05:00,1185495-20270382551,21196927,1,"ADQUISICION DE COMBUSTIBLE GASOHOL REGULAR PARA LAS UNIDADES VEHICULARES, MAQUINARIA Y OTROS DE USO DE LA MUNICIPALIDAD DISTRITAL DE LA VICTORIA",CONTRATADO,active,1510150600390516,GASOHOL REGULAR,CUBSO,4818.28,62589.46,PEN,Soles,13,Galon,PE-SEACE3-UnidadMedida
ocds-dgv273-seacev3-2026-1003011158-41,ocds-dgv273-seacev3-2026-1003011158-41-2026-03-05T10:10:39.416488-05:00,1185426-20605141723,21198930,1,"ADQUISICION DE COMBUSTIBLE GASOHOL REGULAR PARA LAS UNIDADES VEHICULARES, MAQUINARIA LIVIANA, MAQUINARIA PESADA Y EQUIPOS DE LA MUNICIPALIDAD DISTRITAL VEINTISEIS DE OCTUBRE PARA EL AÑO 2026",CONSENTIDO,active,1510150600390516,GASOHOL REGULAR,CUBSO,1.0,842008.8,PEN,Soles,13,Galon,PE-SEACE3-UnidadMedida
ocds-dgv273-seacev3-2026-1288-2,ocds-dgv273-seacev3-2026-1288-2-2026-03-05T10:10:32.719963-05:00,1185791-20480786212,21197209,1,"ADQUISICION DE ADQUISICION DE 34,506 KILOS DE HOJUELAS CRUDAS DE AVENA, HOJUELAS DE QUINUA, ENRIQUECIDA CON VITAMINAS Y MINERALES PARA EL PROGRAMA DEL VASO DE LECHE Y APOYO ALIMENTARIO DE LA MUNICIPALIDAD DISTRITAL DE LA VICTORIA-2026",CONTRATADO,active,5022110100391445,HOJUELA CRUDA DE AVENA,CUBSO,34506.0,293301.0,PEN,Soles,18,Kilogramo,PE-SEACE3-UnidadMedida
ocds-dgv273-seacev3-1185668,ocds-dgv273-seacev3-1185668-2026-03-04T10:08:44.395217-05:00,1185668-20611188111,21197036,1,"Adquisición de Pintura para las Actividades de Mantenimiento que realiza la Gerencia de Mantenimiento Vial, Puentes y Obras Sociales",CONTRATADO,active,3121150100069901,PINTURA ESMALTE ACRILICO,CUBSO,1.0,499507.16,PEN,Soles,40,Unidad,PE-SEACE3-UnidadMedida
ocds-dgv273-seacev3-2026-1813-1,ocds-dgv273-seacev3-2026-1813-1-2026-03-04T10:08:44.371979-05:00,1185311-10011392526,21198675,1,"CONTRATACION DE BIENES PARA LA ADQUISICION DE POLLO ENTERO VIVO DE 1.800-2.000, KILOS PARA EL PROGRAMA DE COMPLMENTACION ALIMENTARIA - (PCA) DE LA MUNICIPALIDAD PROVINCIAL DE PICOTA, 2026.",CONTRATADO,active,1010160100094988,POLLO VIVO,CUBSO,5479.76,57012.0,PEN,Soles,18,Kilogramo,PE-SEACE3-UnidadMedida
ocds-dgv273-seacev3-1185656,ocds-dgv273-seacev3-1185656-2026-03-04T10:08:44.208893-05:00,1185656-20555933020,21199174,1,"SERVICIO DE MANTENIMIENTO CORRECTIVO DE EQUIPOS PINTARRAYAS DE LA GERENCIA DE MANTENIMIENTO VIAL, PUENTES Y OBRAS SOCIALES",CONTRATADO,active,7315210800313468,SERVICIO DE MANTENIMIENTO CORRECTIVO DE PINTARRAYAS,CUBSO,1.0,85000.0,PEN,Soles,36,Servicio,PE-SEACE3-UnidadMedida
ocds-dgv273-seacev3-1185655,ocds-dgv273-seacev3-1185655-2026-03-04T10:08:44.195337-05:00,1185655-20269985900,21199167,1,"SERVICIO DE INSTALACIONES ESPECIALES DE ILUMINACIÓN DE ALUMBRADO PÚBLICO SUPERIOR AL ESTÁNDAR REGULADO, MEDIANTE TECNOLOGÍA DE LUMINARIAS LED PARA EL PARQUE CENTRAL FRANCISCO TALLERI DEL DISTRITO DE ANCÓN, PROVINCIA Y DEPARTAMENTO DE LIMA",CONTRATADO,active,7215150100370413,SERVICIO DE INSTALACION DE LUMINARIAS DE ALUMBRADO PUBLICO,CUBSO,1.0,173544.54,PEN,Soles,36,Servicio,PE-SEACE3-UnidadMedida
ocds-dgv273-seacev3-1185838,ocds-dgv273-seacev3-1185838-2026-03-04T10:08:42.760342-05:00,1185838-20604799695,21199371,1,"ADQUISICIÓN DE RODILLO TANDEM, EN EL MARCO DE LA DECLARATORIA DE EMERGENCIA DE LAS VÍAS PANAMERICANA NORTE (AV. EDUARDO DE HABICH -INTERCAMBIO VIAL ANCÓN), Y PANAMERICANA SUR (AV. JAVIER PRADO - PUCUSANA)",CONTRATADO,active,2210160200064570,RODILLO COMPACTADOR VIBRATORIO LISO TANDEM DE 150 cm 10000 Kg,CUBSO,1.0,250000.0,PEN,Soles,40,Unidad,PE-SEACE3-UnidadMedida
ocds-dgv273-seacev3-1184874,ocds-dgv273-seacev3-1184874-2026-03-04T10:08:42.269528-05:00,1184874-10167825252,21195712,1,"CONTRATACIÓN DE SERVICIO DE CONSULTORIA DE OBRA PARA LA SUPERVISION DE LA OBRA:¿MEJORAMIENTO DEL SERVICIO DE PROVISIÓN DE AGUA PARA RIEGO EN LAS LOCALIDADES DE PUTINZA, DISTRITO DE PUTINZA DE LA PROVINCIA DE YAUYOS DEL DEPARTAMENTO DE LIMA¿ CUI N° 26",CONTRATADO,active,8110151500354852,SUPERVISION DE OBRA DE SISTEMAS DE RIEGO,CUBSO,1.0,570957.0,PEN,Soles,36,Servicio,PE-SEACE3-UnidadMedida
ocds-dgv273-seacev3-1185053,ocds-dgv273-seacev3-1185053-2026-03-04T10:08:32.862092-05:00,1185053-1767395,21196512,1,SERVICIO DE RECOLECCIÓN TRANSPORTE EXTERNO TRATAMIENTO Y DISPOSICIÓN FINAL DE RESIDUOS BIOCONTAMINADOS Y RESIDUOS ESPECIALES POR 3 AÑOS PARA EL HOSPITAL DE LIMA ESTE VITARTE,CONTRATADO,active,7612200300232630,"SERVICIO DE DISPOSICION FINAL DE RESIDUOS SOLIDOS  HOSPITALARIOS (RECOJO, TRANSPORTE, TRATAMIENTO)",CUBSO,1080000.0,3024000.0,PEN,Soles,18,Kilogramo,PE-SEACE3-UnidadMedida
ocds-dgv273-seacev3-1185789,ocds-dgv273-seacev3-1185789-2026-03-04T10:08:32.474315-05:00,1185789-20377575351,21197207,1,servicio de suscripcion que incluye el soporte tecnico y actualizacion de licencias del software anynode,CONTRATADO,active,8111210300228747,"SERVICIO DE DISEÑO, DESARROLLO E IMPLEMENTACION Y SOPORTE DE PLATAFORMAS DE EDUCACION ON LINE",CUBSO,1.0,195664.0,PEN,Soles,36,Servicio,PE-SEACE3-UnidadMedida
ocds-dgv273-seacev3-1185924,ocds-dgv273-seacev3-1185924-2026-03-04T10:08:32.249985-05:00,1185924-20337564373,21199469,1,"ADQUISICIÓN DE UNIFORME PARA PERSONAL ADMINISTRATIVO EN VALE DE CONSUMO O TARJETAS DE CONSUMO (TARJETAS ELECTRÓNICAS O GIF CARD) PARA EL PERSONAL CAS, CONTRATADO Y NOMBRADO DE LA MUNICIPALIDAD DISTRITAL DE SAN BORJA DEL PERIODO 2025",CONTRATADO,active,1411180300317131,VALE DE CONSUMO PARA VESTUARIO,CUBSO,75.0,198000.0,PEN,Soles,40,Unidad,PE-SEACE3-UnidadMedida
ocds-dgv273-seacev3-1185561,ocds-dgv273-seacev3-1185561-2026-03-04T10:08:31.903518-05:00,1185561-20606516054,21199077,1,ADQUISICION DE VEHICULOS AEREOS NO TRIPULADOS (DRONES) PARA EL CENTRO DE CONTROL DE OPERACIONES DE LA GERENCIA DE SEGURIDAD CIUDADANA DE LA MUNICIPALIDAD METROPOLITANA DE LIMA,CONTRATADO,active,,,,1.0,2289187.68,PEN,Soles,40,Unidad,PE-SEACE3-UnidadMedida
ocds-dgv273-seacev3-1184850,ocds-dgv273-seacev3-1184850-2026-03-04T10:08:25.137634-05:00,1184850-20607139394,21195627,1,"Adquisición de Elementos de Protección para las Actividades que realiza la Gerencia de Mantenimiento Vial, Puentes y Obras Sociales¿ por situación de emergencia, de acuerdo a la Ordenanza N°2789.",CONTRATADO,active,4618170100352364,CASCO DE SEGURIDAD ESTANDAR DE POLIETILENO DE ALTA DENSIDAD SIN BARBIQUEJO SIN MENTONERA SIN LINTERNA,CUBSO,1.0,88905.0,PEN,Soles,40,Unidad,PE-SEACE3-UnidadMedida
ocds-dgv273-seacev3-2026-365-1,ocds-dgv273-seacev3-2026-365-1-2026-03-04T10:08:24.274221-05:00,1185331-20564519431,21198856,1,"ADQUISICION DE INSUMOS PARA EL PROGRAMA VASO DE LECHE (PVL) DE LA MUNICIPALIDAD DISTRITAL DE TINTAY, PROVINCIA DE AYMARAES DEPARTAMENTO DE APURIMAC, CORRESPONDIENTE AL AÑO FISCAL 2026",CONTRATADO,active,,,,2.0,91443.07,PEN,Soles,40,Unidad,PE-SEACE3-UnidadMedida
ocds-dgv273-seacev3-1184795,ocds-dgv273-seacev3-1184795-2026-03-04T10:08:23.836726-05:00,1184795-20600413776,21195592,1,CHARQUI,CONTRATADO,active,5019211100003240,CHARQUI,CUBSO,1656.0,52660.8,PEN,Soles,18,Kilogramo,PE-SEACE3-UnidadMedida
ocds-dgv273-seacev3-1185556,ocds-dgv273-seacev3-1185556-2026-03-04T10:08:23.546651-05:00,1185556-20482376909,21199076,1,Contratación del suministro de bienes para atender el Programa Vaso de Leche periodo regular 2026,CONTRATADO,active,,,,2.0,166289.36,PEN,Soles,40,Unidad,PE-SEACE3-UnidadMedida
ocds-dgv273-seacev3-1184724,ocds-dgv273-seacev3-1184724-2026-03-04T10:08:22.675118-05:00,1184724-20609594188,21195467,1,"ADQUISICIÓN DE EQUIPOS PARA LAS ACTIVIDADES DE MANTENIMIENTO Y REPARACIÓN EN PUENTES QUE REALIZA LA GERENCIA DE MANTENIMIENTO VIAL, PUENTES Y OBRAS SOCIALES",CONTRATADO,active,2711270400064613,AMOLADORA ELECTRICA DE MANO 2200 W DE 7 in,CUBSO,1.0,96300.0,PEN,Soles,40,Unidad,PE-SEACE3-UnidadMedida
ocds-dgv273-seacev3-2026-761-5,ocds-dgv273-seacev3-2026-761-5-2026-03-04T10:08:22.551395-05:00,1185122-20610733264,21198453,1,SUMINISTRO E INSTALACIÓN DE GRASS SINTETICO DE 17500 DTEX,CONTRATADO,active,3012180300281731,CESPED SINTETICO X 4 m DE ANCHO,CUBSO,778.0,65162.0,PEN,Soles,25,M2,PE-SEACE3-UnidadMedida
ocds-dgv273-seacev3-1185380,ocds-dgv273-seacev3-1185380-2026-03-04T10:08:10.935659-05:00,1185380-20472030311,21198874,1,SERVICIO DE IMPRESIÓN DE CUPONERA TRIBUTARIA 2026,CONTRATADO,active,8212150700360158,SERVICIO DE IMPRESION DE CUPONERA PARA IMPUESTO PREDIAL,CUBSO,1.0,79450.0,PEN,Soles,36,Servicio,PE-SEACE3-UnidadMedida
ocds-dgv273-seacev3-2026-282-1,ocds-dgv273-seacev3-2026-282-1-2026-03-04T10:08:10.454044-05:00,1185803-20530880746,21199344,1,"CONTRATACION DEL SUMINISTRO DE BIENES ALIMENTICIOS DEL PROGRAMA DE VASO DE LECHE PARA LA MUNICIPALIDAD DISTRITAL DE CASHAPAMPA, AÑO FISCAL 2026.",CONTRATADO,active,5013170100350640,LECHE ENTERA SIN LACTOSA X 410 g APROX,CUBSO,1.0,83623.0,PEN,Soles,40,Unidad,PE-SEACE3-UnidadMedida
ocds-dgv273-seacev3-2026-1310-1,ocds-dgv273-seacev3-2026-1310-1-2026-03-04T10:08:04.162071-05:00,1184648-20609852578,21195227,1,ADQUISICION DE INSUMOS ALIMENTICIOS PARA EL PROGRAMA DE VASO DE LECHE PARA EL PERIODO 2026,CONTRATADO,active,,,,1.0,306636.9,PEN,Soles,40,Unidad,PE-SEACE3-UnidadMedida
ocds-dgv273-seacev3-1185976,ocds-dgv273-seacev3-1185976-2026-03-04T10:08:01.436827-05:00,1185976-20507634479,21197349,1,"SERVICIO DE EMISIÓN DE VALES DE CONSUMO DE ALIMENTOS MEDIANTE TARJETAS\nELECTRÓNICAS PARA LOS SERVIDORES DEL D.LEG. 728, EN EL MARCO DE LA EJECUCIÓN DEL LAUDO ARBITRAL 2018-2019 ENTRE EL MINISTERIO DE COMERCIO EXTERIOR Y TURISMO Y EL SINDICATO DE TRA",CONTRATADO,active,9313160800376792,SERVICIO DE ENTREGA DOMICILIARIA DE VALE POR CONSUMO DE ALIMENTOS,CUBSO,1.0,253186.56,PEN,Soles,36,Servicio,PE-SEACE3-UnidadMedida
ocds-dgv273-seacev3-2026-1652-1,ocds-dgv273-seacev3-2026-1652-1-2026-03-03T10:15:20.038598-05:00,1185766-1764862,21199312,2,"ADQUSICION DE INSUMOS PARA EL PROGRAMA VASO DE LECHE, PARA LA MEJORA NUTRICIONAL DE LA POBLACION EN SITUACION DE POBREZA.",CONTRATADO,active,,,,1.0,206876.94,PEN,Soles,40,Unidad,PE-SEACE3-UnidadMedida
ocds-dgv273-seacev3-2026-10167-6,ocds-dgv273-seacev3-2026-10167-6-2026-03-02T09:52:52.917104-05:00,1185357-20392661647,21198871,1,SERVICIO DE TRANSPORTE DE MATERIALES EDUCATIVOS DOTACIÓN 2026 PARA LA UGEL 02,CONTRATADO,active,7810180200232499,SERVICIO DE TRANSPORTE DE CARGA TERRESTRE NACIONAL,CUBSO,1.0,142124.47,PEN,Soles,36,Servicio,PE-SEACE3-UnidadMedida
ocds-dgv273-seacev3-1185680,ocds-dgv273-seacev3-1185680-2026-03-01T09:59:20.616334-05:00,1185680-1764813,21199187,1,CONTRATACION DEL SERVICIO DE EJECUCION FISICA DE LA ACTIVIDAD: MANTENIMIENTO DE LAS AULAS Y CERCO PERIMETRICO DE LA I.E. N° 86367 JOSE CARLOS MARIATEGUI LA CHIRA DEL DISTRITO DE PONTO - PROVINCIA DE HUARI - DEPARTAMENTO DE ANCASH,CONTRATADO,active,7212140600337190,SERVICIO DE MANTENIMIENTO DE INFRAESTRUCTURA DE CENTROS EDUCATIVOS,CUBSO,1.0,98000.0,PEN,Soles,40,Unidad,PE-SEACE3-UnidadMedida
ocds-dgv273-seacev3-2026-1403-1,ocds-dgv273-seacev3-2026-1403-1-2026-03-01T09:59:13.095104-05:00,1185192-20547386338,21198551,1,"ADQUISICIÓN DE COMBUSTIBLE PARA LAS UNIDADES VEHICULARES DE LA MUNICIPALIDAD PROVINCIAL DE HUAROCHIRÍ-MATUCANA, PERIODO FISCAL 2026",CONTRATADO,active,,,,1.0,294989.3,PEN,Soles,40,Unidad,PE-SEACE3-UnidadMedida
ocds-dgv273-seacev3-2026-10384-1,ocds-dgv273-seacev3-2026-10384-1-2026-03-01T09:59:12.412441-05:00,1185662-20605403345,21199173,1,SERVICIO DE TRANSPORTE DE TEXTOS ESCOLARES Y MATERIAL EDUCATIVO,CONTRATADO,active,7814150100232661,SERVICIO DE TRANSPORTE DE TEXTOS ESCOLARES Y MATERIAL EDUCATIVO,CUBSO,1.0,190105.21,PEN,Soles,36,Servicio,PE-SEACE3-UnidadMedida
ocds-dgv273-seacev3-1185206,ocds-dgv273-seacev3-1185206-2026-03-01T09:59:12.327107-05:00,1185206-20511037001,21196649,1,CEMENTO PORTLAND TIPO HS X 42.50 kg,CONTRATADO,active,3011160100337727,CEMENTO PORTLAND TIPO HS X 42.50 kg,CUBSO,148750.0,121975.0,PEN,Soles,18,Kilogramo,PE-SEACE3-UnidadMedida
ocds-dgv273-seacev3-2026-10567-14,ocds-dgv273-seacev3-2026-10567-14-2026-03-01T09:59:12.243682-05:00,1185089-20532492051,21198437,1,"ADQUISICIÓN DE CEMENTO PORTLAND TIPO I (42.5 KG.) PARA EL PROYECTO: MEJORAMIENTO DE CAPACIDADES PRODUCTIVAS PARA PROMOVER LA SEGURIDAD ALIMENTARIA EN LA REACTIVACIÓN ECONOMICA DE LAS 13 PROVINCIAS DEL DEPARTAMENTO DE PUNO, SEGÚN ESPECIFICACIONES TÉCNICAS.",CONTRATADO,active,3011160100012771,CEMENTO PORTLAND TIPO I X 42.50 kg,CUBSO,6150.0,232000.0,PEN,Soles,40,Unidad,PE-SEACE3-UnidadMedida
ocds-dgv273-seacev3-1185674,ocds-dgv273-seacev3-1185674-2026-03-01T09:59:05.461512-05:00,1185674-1764903,21199193,1,CONTRATACION DEL SERVICIO DE EJECUCION FISICA DE LA ACTIVIDAD: MANTENIMIENTO DE LA INSTITUCION EDUCATIVA HORACIO ZEBALLOS GAMEZ DE LA LOCALIDAD DE PONTO - DISTRITO DE PONTO - PROVINCIA DE HUARI - ANCASH,CONTRATADO,active,7212140600337190,SERVICIO DE MANTENIMIENTO DE INFRAESTRUCTURA DE CENTROS EDUCATIVOS,CUBSO,1.0,228500.0,PEN,Soles,40,Unidad,PE-SEACE3-UnidadMedida
ocds-dgv273-seacev3-1185832,ocds-dgv273-seacev3-1185832-2026-03-01T09:59:03.533116-05:00,1185832-20602416039,21197236,1,servicio  de alquiler de local para el funcionamiento de la sede administrativa de la ugel Huamalies,CONTRATADO,active,8013150200094977,SERVICIO DE ALQUILER DE LOCAL COMERCIAL,CUBSO,1.0,63818.18,PEN,Soles,36,Servicio,PE-SEACE3-UnidadMedida
ocds-dgv273-seacev3-2026-616-2,ocds-dgv273-seacev3-2026-616-2-2026-03-01T09:59:02.886468-05:00,1185562-20523905679,21199080,1,ADQUISICION DE AZUCAR RUBIA DOMESTICA PARA COMPLEMENTAR EL PROGRAMA DEL VASO DE LECHE DEL DISTRITO DE COSPAN AÑO FISCAL 2026,CONTRATADO,active,5016150900278002,AZUCAR RUBIA DOMESTICA,CUBSO,12576.0,47990.0,PEN,Soles,18,Kilogramo,PE-SEACE3-UnidadMedida
ocds-dgv273-seacev3-1185368,ocds-dgv273-seacev3-1185368-2026-03-01T09:59:02.554555-05:00,1185368-20511037001,21196820,1,CEMENTO PORTLAND PUZOLANICO TIPO IP X 42.50 kg,CONTRATADO,active,3011160100012953,CEMENTO PORTLAND PUZOLANICO TIPO IP X 42.50 kg,CUBSO,108375.0,76423.5,PEN,Soles,18,Kilogramo,PE-SEACE3-UnidadMedida
ocds-dgv273-seacev3-1185355,ocds-dgv273-seacev3-1185355-2026-03-01T09:59:02.538576-05:00,1185355-20614208610,21198869,1,VARILLAS DE ACERO CORRUGADO,CONTRATADO,active,,,,2635.0,60355.7,PEN,Soles,40,Unidad,PE-SEACE3-UnidadMedida
ocds-dgv273-seacev3-2026-209149-2,ocds-dgv273-seacev3-2026-209149-2-2026-03-01T09:58:57.582829-05:00,1191781-10430496030,21212178,1,ESPECIALISTA LEGAL PARA LA UNIDAD COORDINADORA DE PROYECTOS (UCP),CONTRATADO,active,8012160900255054,CONSULTORIA LEGAL EN TEMAS ADMINISTRATIVOS,CUBSO,1.0,46800.0,PEN,Soles,36,Servicio,PE-SEACE3-UnidadMedida
ocds-dgv273-seacev3-2026-624-2,ocds-dgv273-seacev3-2026-624-2-2026-03-01T09:58:53.816944-05:00,1185478-20610059369,21196905,1,ADQUISICION DE AZUCAR RUBIA DOMESTICA COMO COMPLEMENTO DEL PROGRAMA VASO DE LECHES PARA EL AÑO 2026,CONTRATADO,active,5016150900278002,AZUCAR RUBIA DOMESTICA,CUBSO,20460.0,74801.92,PEN,Soles,18,Kilogramo,PE-SEACE3-UnidadMedida
ocds-dgv273-seacev3-1185532,ocds-dgv273-seacev3-1185532-2026-03-01T09:58:53.605617-05:00,1185532-20604710121,21196942,1,"ADQUISICIÓN DE MATERIALES DE CONTRUCCION  PARA LA EJECUCION DEL PROYECTO: CONSTRUCCION DE LOSA DEPORTIVA; EN EL ( LA ) IE.16473 INCA GARCILAZO EN EL CENTRO POBLADO TAMBOA,DISTRITO DE LA COIPA, PROVINCIA SAN IGNACIO,DEPARTAMENTO CAJAMARCA CON CUI : 26",CONTRATADO,active,3011160100012771,CEMENTO PORTLAND TIPO I X 42.50 kg,CUBSO,1480.0,53280.0,PEN,Soles,40,Unidad,PE-SEACE3-UnidadMedida
ocds-dgv273-seacev3-1186588,ocds-dgv273-seacev3-1186588-2026-02-28T10:11:19.387671-05:00,1186588-1764875,21200221,1,"CONTRATACIÓN DE CONSULTORÍA DE OBRA PARA LA SUPERVISIÓN DE OBRA: ¿MEJORAMIENTO Y AMPLIACION DEL SERVICIO EDUCATIVO DE LA I.E. MANUEL SEOANE CORRALES DEL DISTRITO DE RAHUAPAMPA - PROVINCIA DE HUARI - DEPARTAMENTO DE ANCASH¿ SEGUNDA ETAPA, con Código Ú",CONTRATADO,active,8110150800362877,SUPERVISION DE OBRA DE AMPLIACION DE CENTROS EDUCATIVOS,CUBSO,1.0,70026.4,PEN,Soles,36,Servicio,PE-SEACE3-UnidadMedida
ocds-dgv273-seacev3-1185273,ocds-dgv273-seacev3-1185273-2026-02-28T10:11:18.805289-05:00,1185273-1762303,21198623,1,CONTRATACIÓN DE SERVICIO DE ALIMENTACIÓN PARA PERSONAL DE GUARDIA Y PACIENTES DEL HOSPITAL REGIONAL LAMBAYEQUE POR EL PERIODO DE 180 DÍAS CALENDARIOS,CONTRATADO,active,,,,1.0,2301720.0,PEN,Soles,40,Unidad,PE-SEACE3-UnidadMedida
ocds-dgv273-seacev3-1185794,ocds-dgv273-seacev3-1185794-2026-02-28T10:11:17.676047-05:00,1185794-10176101135,21197217,1,ALQUILER DE INMUEBLE PARA SEDE FISCAL DE LAMBAYEQUE Y SU ARCHIVO DESCONCENTRADO,CONTRATADO,active,8013150200094959,SERVICIO DE ALQUILER DE INMUEBLE,CUBSO,1.0,285240.0,PEN,Soles,36,Servicio,PE-SEACE3-UnidadMedida
ocds-dgv273-seacev3-2026-956-3,ocds-dgv273-seacev3-2026-956-3-2026-02-28T10:11:08.806073-05:00,1185579-20611679077,21196955,2,ADQUISICIÓN DE INSUMOS ALIMENTICIOS PARA EL PROGRAMA VASO DE LECHE (PVL) DE LA MUNICIPALIDAD DISTRITAL DE SAN FRANCISCO DE CAYRAN-PERIODO 2026,CONTRATADO,active,5013170100350640,LECHE ENTERA SIN LACTOSA X 410 g APROX,CUBSO,12000.0,54000.0,PEN,Soles,40,Unidad,PE-SEACE3-UnidadMedida
ocds-dgv273-seacev3-2026-956-3,ocds-dgv273-seacev3-2026-956-3-2026-02-28T10:11:08.806073-05:00,1185579-20611679077,21196956,1,ADQUISICIÓN DE INSUMOS ALIMENTICIOS PARA EL PROGRAMA VASO DE LECHE (PVL) DE LA MUNICIPALIDAD DISTRITAL DE SAN FRANCISCO DE CAYRAN-PERIODO 2026,CONTRATADO,active,5019210900391578,"HOJUELA DE AVENA, QUINUA Y KIWICHA PRECOCIDA ENRIQUECIDA CON VITAMINAS Y MINERALES",CUBSO,6000.0,45000.0,PEN,Soles,18,Kilogramo,PE-SEACE3-UnidadMedida
ocds-dgv273-seacev3-1184420,ocds-dgv273-seacev3-1184420-2026-02-28T10:11:06.772621-05:00,1184420-20519951551,21194336,1,SERVICIO DE SEGURIDAD Y VIGILANCIA PARA LOS LOCALES DE LA EPS MOQUEGUA S.A.,CONTRATADO,active,9210150100094854,SERVICIO DE SEGURIDAD Y VIGILANCIA,CUBSO,3.0,184022.51,PEN,Soles,36,Servicio,PE-SEACE3-UnidadMedida
ocds-dgv273-seacev3-2026-673-0,ocds-dgv273-seacev3-2026-673-0-2026-02-28T10:10:57.770965-05:00,1185143-20603251637,21198452,1,ADQUISICION DE  DIESEL B5-S-50 Y GASOHOL REGULAR PARA LA MAQUINARIA Y VEHICULOS DE LA MUNICIPALIDAD DISTRITAL DE HUAMBOS PARA EL PERIODO 2026,CONTRATADO,active,,,,1.0,158115.0,PEN,Soles,40,Unidad,PE-SEACE3-UnidadMedida
ocds-dgv273-seacev3-2026-1114-1,ocds-dgv273-seacev3-2026-1114-1-2026-02-28T10:10:57.211940-05:00,1184720-20359435364,21195458,1,"ADQUISICIÓN DE 14,520 UND DE LECHE EVAPORADA ENTERA (TARROS DE 410 GR) Y 2,909 UND DE HARINA DE TRIGO FORTIFICADA (BOLSAS DE 1.500 KG)",CONTRATADO,active,,,,174299.0,91563.0,PEN,Soles,40,Unidad,PE-SEACE3-UnidadMedida
ocds-dgv273-seacev3-2026-537-3,ocds-dgv273-seacev3-2026-537-3-2026-02-28T10:10:57.173007-05:00,1184785-20602781250,21195557,1,ADQUISICIÓN DE LECHE RECONSTITUIDA X 390 G APROX. PARA EL PERSONAL OBRERO DE LA SUBGERENCIA DE SERVICIOS MUNICIPALES,CONTRATADO,active,5013170200307453,LECHE EVAPORADA ENTERA X 400 g  APROX.,CUBSO,848.0,78338.24,PEN,Soles,40,Unidad,PE-SEACE3-UnidadMedida
ocds-dgv273-seacev3-1184822,ocds-dgv273-seacev3-1184822-2026-02-28T10:10:55.772306-05:00,1184822-20439092077,21195608,1,"MEZCLA DE CEREALES DE QUINUA, AVENA Y KIWICHA DE LECHE EN POLVO, MACA Y AZUCAR CON CANELA FORTIFICADA CON VITAMINAS Y MINERALES",CONTRATADO,active,5019210900392951,"HOJUELA DE AVENA, QUINUA, KIWICHA Y HARINA DE SOYA PRECOCIDA ENRIQUECIDA CON VITAMINAS Y MINERALES",CUBSO,8808.0,65971.92,PEN,Soles,40,Unidad,PE-SEACE3-UnidadMedida
ocds-dgv273-seacev3-2026-741-1,ocds-dgv273-seacev3-2026-741-1-2026-02-28T10:10:55.541810-05:00,1185779-20491590999,21199304,1,CONTRATACION PARA EL SUMINISTRO DE COMBUSTIBLE PARA VEHICULOS Y MAQUINARIAS DE LA MUNICIPALIDAD DISTRITAL DE CHANCAY - PROVINCIA DE SAN MARCOS - DEPARTAMENTO DE CAJAMARCA PARA EL AÑO 2026,CONTRATADO,active,,,,1.0,127889.5,PEN,Soles,40,Unidad,PE-SEACE3-UnidadMedida
ocds-dgv273-seacev3-2026-329-1,ocds-dgv273-seacev3-2026-329-1-2026-02-28T10:10:48.162210-05:00,1185815-20527637628,21199368,1,"CONTRATACIÓN DEL SUMINISTRO DE BIENES PARA EL PROGRAMA DE VASO DE LECHE DE LA MUNICIPALIDAD DISTRITAL DE HUANCARAMA, CORRESPONDIENTE AL AÑO 2026",CONTRATADO,active,,,,31586.0,207300.0,PEN,Soles,40,Unidad,PE-SEACE3-UnidadMedida
ocds-dgv273-seacev3-1184945,ocds-dgv273-seacev3-1184945-2026-02-28T10:10:48.027287-05:00,1184945-10237051322,21195943,1,DIESEL B5,CONTRATADO,active,1510150500146101,DIESEL B5,CUBSO,3000.0,47999.99,PEN,Soles,13,Galon,PE-SEACE3-UnidadMedida
ocds-dgv273-seacev3-1184562,ocds-dgv273-seacev3-1184562-2026-02-28T10:10:47.019994-05:00,1184562-20350218689,21194904,1,DIESEL B5 S-50,CONTRATADO,active,1510150500233280,DIESEL B5 S-50,CUBSO,11000.0,174900.0,PEN,Nuevos Soles,13,Galon,PE-SEACE3-UnidadMedida
ocds-dgv273-seacev3-1185097,ocds-dgv273-seacev3-1185097-2026-02-28T10:10:46.819168-05:00,1185097-1763332,21198447,1,SUPERVISIÓN DE LA OBRA: ¿REMODELACION DE ESPACIO DEPORTIVO SIN COBERTURA; CONSTRUCCION DE TRIBUNA Y/O PALCO; EN CUATRO II.EE. PRIMARIA A NIVEL DE DEL DISTRITO DE CUTERVO-CUTERVO-CAJAMARCA¿.,CONTRATADO,active,8110150800359881,SUPERVISION DE OBRA DE CONSTRUCCION DE CENTROS DE ESPARCIMIENTO,CUBSO,1.0,96644.43,PEN,Soles,36,Servicio,PE-SEACE3-UnidadMedida
ocds-dgv273-seacev3-2026-1784-6,ocds-dgv273-seacev3-2026-1784-6-2026-02-28T10:10:46.789890-05:00,1186017-20613791125,21197393,1,CEMENTO PORTLAND TIPO I X 42.50 kg,CONTRATADO,active,3011160100012771,CEMENTO PORTLAND TIPO I X 42.50 kg,CUBSO,1837.0,58784.0,PEN,Soles,40,Unidad,PE-SEACE3-UnidadMedida
ocds-dgv273-seacev3-2026-400-0,ocds-dgv273-seacev3-2026-400-0-2026-02-28T10:10:46.375089-05:00,1185913-20454217838,21197288,1,"SUMINISTRO DE COMBUSTIBLE (DIESEL B5-S50 Y GASOHOL REGULAR) PARA LAS UNIDADES VEHICULARES, EQUIPOS Y MAQUINARIAS DE LA MUNICIPALIDAD DISTRITAL DE CHARACATO PARA EL PERIODO 2026",CONTRATADO,active,,,,1.0,182570.6,PEN,Soles,40,Unidad,PE-SEACE3-UnidadMedida
ocds-dgv273-seacev3-2026-2407-84,ocds-dgv273-seacev3-2026-2407-84-2026-02-28T10:10:45.325307-05:00,1184750-20527600546,21195516,1,DIESEL B5 S-50,CONTRATADO,active,1510150500233280,DIESEL B5 S-50,CUBSO,14000.0,201600.0,PEN,Soles,13,Galon,PE-SEACE3-UnidadMedida
ocds-dgv273-seacev3-2026-1784-7,ocds-dgv273-seacev3-2026-1784-7-2026-02-28T10:10:44.932202-05:00,1186013-20610771620,21197387,1,ADQUISICION DE ADOQUINES DE CONCRETO 10CMXCM20X6CM PARA LA EJECUCION FISICA DEL PROYECTO : MEJORAMIENTO DEL SERVICIOS DE ESPACIOS PÚBLICOS URBANOS EN PLAZA DE ARMAS PRINCIPAL DEL CENTRO POBLADO EL PORVENIR DISTRITO DE RIOJA DE LA PROVINCIA DE RIOJA DEL DEPARTAMENTO DE SAN MARTIN,CONTRATADO,active,3013150700233356,ADOQUIN DE CONCRETO PEATONAL DE 20 cm x 10 cm x 6 cm,CUBSO,220000.0,219995.0,PEN,Soles,40,Unidad,PE-SEACE3-UnidadMedida
ocds-dgv273-seacev3-1185955,ocds-dgv273-seacev3-1185955-2026-02-28T10:10:44.316181-05:00,1185955-10066707763,21197318,1,"SUBASTA INVERSA ELECTRÓNICA N° 001-2026-MDCA/OC - 1, para la ¿ADQUISICIÓN DE COMBUSTIBLE (PETROLEO DIESEL B5-S50 Y GASOHOL REGULAR) PARA TODAS LAS UNIDADES ESTRUCTURADAS DE LA MUNICIPALIDAD DISTRITAL DE CARMEN ALTO ¿ AÑO FISCAL 2026¿",CONTRATADO,active,,,,22117.0,305200.0,PEN,Soles,40,Unidad,PE-SEACE3-UnidadMedida
ocds-dgv273-seacev3-1185955,ocds-dgv273-seacev3-1185955-2026-02-28T10:10:44.316181-05:00,1185955-10066707763,21197320,2,"SUBASTA INVERSA ELECTRÓNICA N° 001-2026-MDCA/OC - 1, para la ¿ADQUISICIÓN DE COMBUSTIBLE (PETROLEO DIESEL B5-S50 Y GASOHOL REGULAR) PARA TODAS LAS UNIDADES ESTRUCTURADAS DE LA MUNICIPALIDAD DISTRITAL DE CARMEN ALTO ¿ AÑO FISCAL 2026¿",CONTRATADO,active,,,,2765.0,36498.0,PEN,Soles,40,Unidad,PE-SEACE3-UnidadMedida
ocds-dgv273-seacev3-1184378,ocds-dgv273-seacev3-1184378-2026-02-28T10:10:44.227197-05:00,1184378-20406501133,21193808,1,INSUMOS PARA EL PROGRAMA VASO DE LECHE,CONTRATADO,active,,,,1.0,166603.92,PEN,Soles,40,Unidad,PE-SEACE3-UnidadMedida
ocds-dgv273-seacev3-2026-200202-13,ocds-dgv273-seacev3-2026-200202-13-2026-02-28T10:10:44.137945-05:00,1185476-20573325908,21199003,1,CONTRATACION DE SERVICIO TRANSPORTE DE RESIDUOS SOLIDOS DE LOS ESTABLECIMIENTOS DE SALUD DE LA RED HUANUCO,CONTRATADO,active,7711160200232629,SERVICIO DE TRANSPORTE DE RESIDUOS SOLIDOS,CUBSO,1.0,114421.8,PEN,Soles,36,Servicio,PE-SEACE3-UnidadMedida
ocds-dgv273-seacev3-2026-168711-1,ocds-dgv273-seacev3-2026-168711-1-2026-02-28T10:10:44.000704-05:00,1185217-20607584711,21196660,1,"ADQUISICION DE COMBUSTIBLE (GASOLINA REGULAR) PARA LAS ACTIVIDADES DE LOS PROGRAMAS DE LA RED INTEGRADA DE SALUD 1 CORONEL PORTILLO, PERIODO 2026",CONTRATADO,active,1510150600390514,GASOLINA REGULAR,CUBSO,18073.0,278000.0,PEN,Soles,13,Galon,PE-SEACE3-UnidadMedida
ocds-dgv273-seacev3-2026-397-37,ocds-dgv273-seacev3-2026-397-37-2026-02-28T10:10:35.166002-05:00,1184963-20328495474,21195825,1,GASOHOL REGULAR,CONTRATADO,active,1510150600390516,GASOHOL REGULAR,CUBSO,3600.0,66459.6,PEN,Soles,13,Galon,PE-SEACE3-UnidadMedida
ocds-dgv273-seacev3-2026-397-37,ocds-dgv273-seacev3-2026-397-37-2026-02-28T10:10:35.166002-05:00,1184963-20328495474,21195826,2,DIESEL B5 S-50,CONTRATADO,active,1510150500233280,DIESEL B5 S-50,CUBSO,3600.0,70023.6,PEN,Soles,13,Galon,PE-SEACE3-UnidadMedida
ocds-dgv273-seacev3-1188155,ocds-dgv273-seacev3-1188155-2026-02-28T10:10:34.451719-05:00,1188155-1765576,21203160,1,"CONTRATACIÓN DE SERVICIOS \n\nDE TRANSPORTE PARA EL TRASLADO DE MATERIAL EDUCATIVO DOTACIÓN 2026, DE LA EDUCACIÓN BÁSICA PARA EL BUEN INICIO DEL AÑO ESCOLAR, DE LAS IIEE DE LA UGEL HUARAZ DEL, AÑO FISCAL 2026",CONTRATADO,active,7811180800360207,SERVICIO DE ALQUILER DE MOTOFURGON,CUBSO,1.0,175000.0,PEN,Soles,40,Unidad,PE-SEACE3-UnidadMedida
ocds-dgv273-seacev3-1185738,ocds-dgv273-seacev3-1185738-2026-02-28T10:10:34.253122-05:00,1185738-20490040952,21197151,1,CEMENTO PORTLAND TIPO I X 42.50 kg,CONTRATADO,active,3011160100012771,CEMENTO PORTLAND TIPO I X 42.50 kg,CUBSO,127500.0,86400.0,PEN,Soles,18,Kilogramo,PE-SEACE3-UnidadMedida
ocds-dgv273-seacev3-1184762,ocds-dgv273-seacev3-1184762-2026-02-28T10:10:31.994887-05:00,1184762-1763650,21195513,1,ADQUISICIÓN DE ABONO ORGANICO GALLINAZA,CONTRATADO,active,1017160500131761,ABONO FOLIAR (NITROGENO FOSFORO Y POTASIO) 30-20-20,CUBSO,30000.0,450000.0,PEN,Soles,40,Unidad,PE-SEACE3-UnidadMedida
ocds-dgv273-seacev3-1184890,ocds-dgv273-seacev3-1184890-2026-02-28T10:10:23.218577-05:00,1184890-20541136178,21195714,1,"CONTRATACIÓN SERVICIO DE TRANSPORTE Y DISTRIBUCION DE MATERIALES EDUCATIVOS DOTACION 2026 (INCLUYE RECOJO, TRASLADO TERRESTRE / FLUVIAL Y ENTREGA DE CARGA A TODO COSTO) PARA LAS INSTITUCIONES EDUCATIVAS DE LA JURISDICCION DE LA UNIDAD DE GESTION EDUC",CONTRATADO,active,7810170300286786,SERVICIO DE TRANSPORTE FLUVIAL DE CARGA,CUBSO,1.0,257000.0,PEN,Soles,36,Servicio,PE-SEACE3-UnidadMedida
ocds-dgv273-seacev3-2026-240768-3,ocds-dgv273-seacev3-2026-240768-3-2026-02-28T10:10:22.137826-05:00,1185596-20612056341,21196983,1,ADQUISICION DE COMBUSTIBLE,CONTRATADO,active,,,,2.0,95245.0,PEN,Soles,40,Unidad,PE-SEACE3-UnidadMedida
ocds-dgv273-seacev3-1191305,ocds-dgv273-seacev3-1191305-2026-02-28T10:10:15.720267-05:00,1191305-10434528157,21210998,1,SERVICIO DE CONSULTORÍA DE UN ANALISTA PARA EJECUTAR Y HACER SEGUIMEINTO A LOS PROCESOS DE SELECCIÓN Y CONTRATACIÓN DE SERVICIOS Y ADQUISICIÓN DE BIENES DEL SUBCOMPONENTE 3.2 DESARROLLO DE MERCADO DE SERVICIOS DE EVALUACIÓN DE LA CONFORMIDAD PARA,CONTRATADO,active,8010170600337121,CONSULTORIA EN TEMAS DE CONTRATACIONES INTERNACIONALES,CUBSO,1.0,70000.0,PEN,Soles,36,Servicio,PE-SEACE3-UnidadMedida
ocds-dgv273-seacev3-1188856,ocds-dgv273-seacev3-1188856-2026-02-28T10:10:12.893015-05:00,1188856-L5552918087,21204562,1,"SERVICIO DE BUENAS PRÁCTICAS APLICADAS A EMPRESAS Y ACTORES DEL ECOSISTEMA, EN LA ADOPCIÓN ESTRATÉGICA DE IA PARA ELEVAR PRODUCTIVIDAD, EFICIENCIA Y POSICIONAMIENTO COMPETITIVO EN MERCADOS GLOBALES",CONTRATADO,active,8010150500292926,SERVICIO DE ELABORACION DE INFORME DE BUENAS PRACTICAS DE GESTION,CUBSO,1.0,6000.0,USD,Dólar Norteamericano,36,Servicio,PE-SEACE3-UnidadMedida
ocds-dgv273-seacev3-1185545,ocds-dgv273-seacev3-1185545-2026-02-28T10:10:09.899413-05:00,1185545-20603053142,21199055,1,ADQUISICIÓN DE COMBUSTIBLE,CONTRATADO,active,,,,3200.0,58080.0,PEN,Soles,40,Unidad,PE-SEACE3-UnidadMedida
ocds-dgv273-seacev3-1184812,ocds-dgv273-seacev3-1184812-2026-02-26T10:09:38.357530-05:00,1184812-1762543,21195607,1,CONTRATACION DEL SERVICIO DE CONSULTORIA DE OBRA PARA LA SUPERVISION DE LA EJECUCION DE LA OBRA: MEJORAMIENTO DEL SERVICIOS DE ESPACIOS PUBLICOS URBANOS EN LA PLAZA CENTRAL DE LA LOCALIDAD DE LA PECA DEL DISTRITO DE LA PECA DE LA PROVINCIA DE BAGUA,CONTRATADO,active,8110150800354513,SUPERVISION DE OBRA DE CONSTRUCCION DE PARQUE Y PLAZA,CUBSO,1.0,232225.25,PEN,Nuevos Soles,36,Servicio,PE-SEACE3-UnidadMedida
ocds-dgv273-seacev3-2026-1039-1,ocds-dgv273-seacev3-2026-1039-1-2026-02-26T10:09:32.214685-05:00,1184983-20452669740,21196090,1,ADQUISICIÓN DE COMBUSTIBLE DIESEL B5 - S50 Y GASOHOL REGULAR PARA LAS UNIDADES VEHICULARES DE LA MPCH AÑO 2026,CONTRATADO,active,,,,2.0,1006365.6,PEN,Soles,40,Unidad,PE-SEACE3-UnidadMedida
ocds-dgv273-seacev3-1185970,ocds-dgv273-seacev3-1185970-2026-02-26T10:09:31.727196-05:00,1185970-10444256279,21197322,1,CEMENTO PORTLAND TIPO I X 42.50 kg,CONTRATADO,active,3011160100012771,CEMENTO PORTLAND TIPO I X 42.50 kg,CUBSO,382500.0,294000.0,PEN,Soles,18,Kilogramo,PE-SEACE3-UnidadMedida
ocds-dgv273-seacev3-1185158,ocds-dgv273-seacev3-1185158-2026-02-26T10:09:31.456619-05:00,1185158-20530880746,21196571,1,"ADQUISICION DE SUMINISTROS PARA EL PROGRAMA VASO DE LECHE DE LA MUNICIPALIDAD DISTRITAL DE SAN NICOLAS, PERIODO 2026",CONTRATADO,active,,,,1.0,123872.0,PEN,Soles,40,Unidad,PE-SEACE3-UnidadMedida
ocds-dgv273-seacev3-2026-200130-3,ocds-dgv273-seacev3-2026-200130-3-2026-02-26T10:09:21.982429-05:00,1185652-10200597431,21197023,1,DIESEL B5 S-50,CONTRATADO,active,1510150500233280,DIESEL B5 S-50,CUBSO,7265.0,127137.5,PEN,Soles,13,Galon,PE-SEACE3-UnidadMedida
ocds-dgv273-seacev3-1184417,ocds-dgv273-seacev3-1184417-2026-02-26T10:09:19.631517-05:00,1184417-20604130680,21194184,1,CONTRATACION DE BIENES: ADQUISICION DE SUMINISTRO DE INSUMOS PARA EL PROGRAMA VASO DE LECHE DE LA MUNICIPALIDAD DISTRITAL DE HUACACHI - PERIODO FISCAL 2026.,CONTRATADO,active,5013170200307453,LECHE EVAPORADA ENTERA X 400 g  APROX.,CUBSO,1.0,82616.55,PEN,Soles,40,Unidad,PE-SEACE3-UnidadMedida
ocds-dgv273-seacev3-2026-1159-1,ocds-dgv273-seacev3-2026-1159-1-2026-02-26T10:09:19.459741-05:00,1185219-20486760819,21196665,2,HOJUELA DE QUINUA AVENA KIWICHA Y MACA PRECOCIDOS FORTIFICADA CON VITAMINAS Y MINERALES SACHET DE 675 G,CONTRATADO,active,5019210900391578,"HOJUELA DE AVENA, QUINUA Y KIWICHA PRECOCIDA ENRIQUECIDA CON VITAMINAS Y MINERALES",CUBSO,6336.0,55756.8,PEN,Soles,40,Unidad,PE-SEACE3-UnidadMedida
ocds-dgv273-seacev3-2026-1159-1,ocds-dgv273-seacev3-2026-1159-1-2026-02-26T10:09:19.459741-05:00,1185219-20486760819,21196666,1,LECHE EVAPORADA ENTERA TARRO DE 410 G,CONTRATADO,active,5013170200307453,LECHE EVAPORADA ENTERA X 400 g  APROX.,CUBSO,12672.0,55123.2,PEN,Soles,40,Unidad,PE-SEACE3-UnidadMedida
ocds-dgv273-seacev3-2026-1821-1,ocds-dgv273-seacev3-2026-1821-1-2026-02-26T10:09:19.191905-05:00,1184787-1763285,21195651,1,SUPERVISION DE LA EJECUCION DE LA OBRA IOARR: RENOVACION DE PUENTE EN EL (LA) MUNICIPALIDAD DISTRITAL DE TINGO DE PONASA PUENTE AGUANAL DEL CAMINO VECINAL SM-802; EMP SM-107 EN LA LOCALIDAD DE MARISCAL CASTILLA,CONTRATADO,active,8110150500336396,SUPERVISION DE OBRA DE CONSTRUCCION DE PUENTES,CUBSO,1.0,93100.0,PEN,Soles,36,Servicio,PE-SEACE3-UnidadMedida
ocds-dgv273-seacev3-2026-614-15,ocds-dgv273-seacev3-2026-614-15-2026-02-26T10:09:01.141071-05:00,1184731-20481770182,21195492,1,"ADQUISICIÓN DE ¿HOJUELA DE KIWICHA, AVENA HOJUELA CRUDA, MAÍZ BLANCO HARINA, PALLAR SECO, SOYA HARINA INTEGRAL TOSTADA, MACA ALMIDÓN ENRIQUECIDA CON VITAMINAS Y MINERALES¿, PARA ATENDER A LOS USUARIOS DE LA ZONA URBANA DEL PVL, AÑO 2026",CONTRATADO,active,5019210900392951,"HOJUELA DE AVENA, QUINUA, KIWICHA Y HARINA DE SOYA PRECOCIDA ENRIQUECIDA CON VITAMINAS Y MINERALES",CUBSO,55243.0,466248.55,PEN,Soles,18,Kilogramo,PE-SEACE3-UnidadMedida
ocds-dgv273-seacev3-1184664,ocds-dgv273-seacev3-1184664-2026-02-26T10:08:58.922911-05:00,1184664-1762341,21195229,1,"EJECUCIÓN DE OBRA; CREACIÓN DEL SERVICIO DE ESPACIOS PÚBLICOS URBANOS EN LA ¿ALAMEDA PUENTE PIEDRA¿, UBICADO ENTRE LA CALLE SAN MIGUEL Y LA AVENIDA SAN JUAN DE DIOS ¿ SECTOR LAS VEGAS ¿ DISTRITO DE PUENTE PIEDRA, PROVINCIA DE LIMA, DEPARTAMENTO DE LI",ADJUDICADO,pending,7214110500233091,CONSTRUCCION DE ALAMEDAS,CUBSO,1.0,2438400.63,PEN,Soles,36,Servicio,PE-SEACE3-UnidadMedida
ocds-dgv273-seacev3-1185224,ocds-dgv273-seacev3-1185224-2026-02-26T10:08:57.176917-05:00,1185224-20269985900,21196684,1,"Adicional ""RENOVACIÓN DE ARMADO DE ALUMBRADO PÚBLICO; EN EL (LA) AV ANCASH AV PLACIDO JIMENEZ CLL HOYLE PALACIOS HASTA AV PEDRO CHAMOCHUMBE AV 1RO DE MAYO, JR CHIQUIAN, CLL 9 DE OCTUBRE, AV INCA RIPAC, AV MALECÓN DE LA AMISTAD, AV RIVA AGÜERO,AV BOSQ",CONTRATADO,active,7215150100370413,SERVICIO DE INSTALACION DE LUMINARIAS DE ALUMBRADO PUBLICO,CUBSO,1.0,377404.12,PEN,Soles,36,Servicio,PE-SEACE3-UnidadMedida
ocds-dgv273-seacev3-1184803,ocds-dgv273-seacev3-1184803-2026-02-26T10:08:57.158256-05:00,1184803-1762862,21195568,2,"HOJUELA DE AVENA, QUINUA, KIWICHA PRECOCIDA Y MACA FORTIFICADA CON VITAMINAS Y MINERALES",CONTRATADO,active,5019210900391578,"HOJUELA DE AVENA, QUINUA Y KIWICHA PRECOCIDA ENRIQUECIDA CON VITAMINAS Y MINERALES",CUBSO,6770.2,54163.2,PEN,Soles,18,Kilogramo,PE-SEACE3-UnidadMedida
ocds-dgv273-seacev3-1184803,ocds-dgv273-seacev3-1184803-2026-02-26T10:08:57.158256-05:00,1184803-20611819367,21195595,1,LECHE EVAPORADA ENTERA POR 410 GR,CONTRATADO,active,5013170200312450,LECHE EVAPORADA DESCREMADA X 400 g  APROX.,CUBSO,26040.0,117180.0,PEN,Soles,40,Unidad,PE-SEACE3-UnidadMedida
ocds-dgv273-seacev3-2026-674-1,ocds-dgv273-seacev3-2026-674-1-2026-02-26T10:08:51.922487-05:00,1184824-20613429914,21195610,1,"HOJUELA PRECOCIDA DE AVENA, CHUFLA, SOYA INTEGRAL TOSTADA, PLÁTANO FORTIFICADA CON VITAMINAS Y MINERALES (HOJUELAS PRECOCIDAS)",CONTRATADO,active,5019210900391578,"HOJUELA DE AVENA, QUINUA Y KIWICHA PRECOCIDA ENRIQUECIDA CON VITAMINAS Y MINERALES",CUBSO,54290.0,407173.0,PEN,Soles,18,Kilogramo,PE-SEACE3-UnidadMedida
ocds-dgv273-seacev3-1185729,ocds-dgv273-seacev3-1185729-2026-02-26T10:08:50.709953-05:00,1185729-20531068549,21199263,1,"CONTRATACION DE BIENES ADQUISICION DE BIENES PARA EL PROGRAMA DE VASO DE LECHE DE LA MUNICIPALIDAD DISTRITAL DE JANGAS, PARA EL AÑO FISCAL 2026.",CONTRATADO,active,,,,14042.81,77589.22,PEN,Soles,40,Unidad,PE-SEACE3-UnidadMedida
ocds-dgv273-seacev3-1185592,ocds-dgv273-seacev3-1185592-2026-02-25T10:09:13.051627-05:00,1185592-1762802,21196978,1,"SERVICIO DE INSTALACIÓN Y MANTENIMIENTO DE GEOMALLAS EN EL ACANTILADO DE LA COSTA VERDE, DISTRITOS DE MAGDALENA DEL MAR, MIRAFLORES Y BARRANCO",CONTRATADO,active,,,,1.0,1757792.5,PEN,Soles,40,Unidad,PE-SEACE3-UnidadMedida
ocds-dgv273-seacev3-1185271,ocds-dgv273-seacev3-1185271-2026-02-25T10:09:12.899303-05:00,1185271-20605724125,21199390,1,"ADQUISICION DE VIVERES SECOS PARA ALIMENTACION DEL PERSONAL DE TROPA SMV DE LA 4TA BRIG MTÑ, PARA EL MES DE ENERO 2026",CONTRATADO,active,,,,17.0,84409.64,PEN,Soles,40,Unidad,PE-SEACE3-UnidadMedida
ocds-dgv273-seacev3-1185820,ocds-dgv273-seacev3-1185820-2026-02-25T10:09:11.141323-05:00,1185820-20395498241,21197223,1,ADQUISICIÓN DE ROPA DE TRABAJO PARA LAS ACTIVIDADES DE OPERACIÓN Y MANTENIMIENTO DE LAS OBRAS DE TRASVASE A CARGO DEL PEOT,CONTRATADO,active,4618152600393077,CAMISA DE SEGURIDAD OXFORD DE 140-150 g/m2. 75% algodón - 25% poliéster COLOR GRIS PERLA,CUBSO,771.0,171714.78,PEN,Soles,40,Unidad,PE-SEACE3-UnidadMedida
ocds-dgv273-seacev3-1184688,ocds-dgv273-seacev3-1184688-2026-02-25T10:09:11.010889-05:00,1184688-1762928,21195319,1,"CONTRATACIÓN DE CONSULTORIA EN GENERAL PARA LA FORMULACION DE LA FICHA TECNICA O ESTUDIO DE PREINVERSION DENOMINADO ¿MEJORAMIENTO DEL SERVICIO DE PROVISIÓN DE AGUA PARA RIEGO EN EL SECTOR DE MONTE, SECTOR DE SAGATU, SECTOR DE MACHE PAMPA, SECTOR DE Y",ADJUDICADO,pending,8412170300304762,CONSULTORIA PARA ELABORACION DE ESTUDIO DE DETERMINACION DE COSTO DE INVERSION RELACIONADO A RIEGO,CUBSO,1.0,98950.0,PEN,Soles,36,Servicio,PE-SEACE3-UnidadMedida
ocds-dgv273-seacev3-2026-227-7,ocds-dgv273-seacev3-2026-227-7-2026-02-25T10:09:09.835526-05:00,1184770-20605684298,21195541,1,"CONTRATACION DE SERVICIO DE INSTALACION DE GRASS SINTETICO DTEX 13500 PARA CANCHA DEPORTIVA, COLOR FRANJEADO BICOLOR, INCLUYE MATERIALES, EQUIPOS Y PERSONAL, A TODO COSTO",CONTRATADO,active,7215400200254785,SERVICIO DE INSTALACION DE CESPED SINTETICO,CUBSO,4606.0,170000.0,PEN,Soles,25,M2,PE-SEACE3-UnidadMedida
ocds-dgv273-seacev3-1185293,ocds-dgv273-seacev3-1185293-2026-02-25T10:09:09.765945-05:00,1185293-20605724125,21199397,1,"ADQUISICION DE VIVERES FRESCOS Y CARNICOS PARA ALIMENTACION DEL PERSONAL DE TROPA SMV DE LA 4TA BRIG MTÑ, PARA EL MES DE ENERO 2026",CONTRATADO,active,,,,19.0,52685.81,PEN,Soles,40,Unidad,PE-SEACE3-UnidadMedida
ocds-dgv273-seacev3-2026-607-1,ocds-dgv273-seacev3-2026-607-1-2026-02-25T10:09:09.665778-05:00,1185135-1763503,21198475,1,"EJECUCION DE OBRA: MEJORAMIENTO Y AMPLIACION DEL SERVICIO DE EDUCACION PRIMARIA EN I.E 24156 DE CENTRO POBLADO  DE SAN SALVADOR DE QUIJE, DISTRITO DE SAN SALVADOR DE QUIJE DE LA PROVINCIA DE SUCRE DEL DEPARTAMENTO DE AYACUCHO.",CONTRATADO,active,7212140600233069,CONSTRUCCION DE CENTROS EDUCATIVOS,CUBSO,1.0,3656630.34,PEN,Soles,36,Servicio,PE-SEACE3-UnidadMedida
ocds-dgv273-seacev3-2026-821-8,ocds-dgv273-seacev3-2026-821-8-2026-02-25T10:09:02.406310-05:00,1185010-20574627011,21196114,1,"ADQUISICIÓN DE ALIMENTOS PARA LA ATENCION DE LOS BENEFICIARIOS DEL PROGRAMA DE VASO DE LECHE PARA EL AÑO FISCAL 2026 (MEZCLA DE HARINA PRECOCIDA DE QUINUA,KIWICHA, MACA,HARINA DE PLATANO CON CANELA FORTIFICADO CON VITAMINAS Y MINERALES; LECHE EVAPORA",CONTRATADO,active,,,,47645.0,228617.06,PEN,Soles,40,Unidad,PE-SEACE3-UnidadMedida
ocds-dgv273-seacev3-1185884,ocds-dgv273-seacev3-1185884-2026-02-25T10:09:01.781587-05:00,1185884-20611932767,21197258,1,ADQUISICIÓN DE UN (01) MINIVAN PARA LAS ACTIVIDADES DE OPERACIÓN Y\nMANTENIMIENTO DE LAS OBRAS DE TRASVASE DEL PROYECTO OLMOS,CONTRATADO,active,2510150500283093,CAMIONETA TIPO MINIVAN DE 11 ASIENTOS,CUBSO,1.0,318200.0,PEN,Soles,40,Unidad,PE-SEACE3-UnidadMedida
ocds-dgv273-seacev3-2026-1077-2,ocds-dgv273-seacev3-2026-1077-2-2026-02-25T10:09:01.567002-05:00,1185512-20600500881,21196926,1,"¿ADQUISICIÓN DE COMBUSTIBLE PARA LAS UNIDADES VEHICULARES, MAQUINARIAS Y EQUIPOS DE LA SUB GERENCIA DE GESTIÓN AMBIENTAL DE LA MUNICIPALIDAD DISTRITAL DE EL TAMBO¿.",CONTRATADO,active,,,,28640.0,373734.4,PEN,Soles,40,Unidad,PE-SEACE3-UnidadMedida
ocds-dgv273-seacev3-1185297,ocds-dgv273-seacev3-1185297-2026-02-25T10:09:01.090250-05:00,1185297-20523905679,21196759,1,SUMINISTRO DE AZÚCAR RUBIA DOMESTICA PARA ATENDER A LOS BENEFICIARIOS DEL PROGRAMA VASO DE LECHE PARA EL AÑO FISCAL 2026,CONTRATADO,active,5016150900278002,AZUCAR RUBIA DOMESTICA,CUBSO,10460.0,43200.0,PEN,Soles,18,Kilogramo,PE-SEACE3-UnidadMedida
ocds-dgv273-seacev3-1185182,ocds-dgv273-seacev3-1185182-2026-02-25T10:09:00.734411-05:00,1185182-20610132783,21198481,1,ADQUISICION DE VIVERES SECOS Y FRESCOS PARA PERSONAL MILITAR DEL AGRAT,CONTRATADO,active,,,,29.0,72823.0,PEN,Soles,40,Unidad,PE-SEACE3-UnidadMedida
ocds-dgv273-seacev3-1187257,ocds-dgv273-seacev3-1187257-2026-02-25T10:08:52.257518-05:00,1187257-20480786212,21200831,1,"CONTRATACIÓN DE BIENES PARA LA ADQUISICIÓN DE HOJUELAS PRECOCIDAS (AVENA, QUINUA, MACA, TRIGO, CAÑIHUA, SACHA INCHI ENRIQUECIDA CON VITAMINAS Y MINERALES) DEL   PROGRAMA VASO DE LECHE DE LA MUNICIPALIDAD DISTRITAL DE TUMÁN PARA EL PERIODO MARZO A DIC",CONTRATADO,active,5019210900391578,"HOJUELA DE AVENA, QUINUA Y KIWICHA PRECOCIDA ENRIQUECIDA CON VITAMINAS Y MINERALES",CUBSO,1.0,125594.0,PEN,Soles,40,Unidad,PE-SEACE3-UnidadMedida
ocds-dgv273-seacev3-2026-1895-8,ocds-dgv273-seacev3-2026-1895-8-2026-02-25T10:08:51.861855-05:00,1185855-20479514616,21199398,1,SERVICIO DE ACCESO A INTERNET DEDICADO CON FIBRA OPTICA PARA LA UNIVERSIDAD NACIONAL DE TUMBES QUE INCLUYA RESPALDO DE TRANSPORTE DE DATOS ENTRE EL DATA CENTER Y LAS FACULTADES DE LA UNIVERSIDAD NACIONAL DE TUMBES AÑO 2026,CONTRATADO,active,8312170300388790,SERVICIO DE LINEA DEDICADA A INTERNET DE 600 MBPS,CUBSO,1.0,225000.0,PEN,Soles,36,Servicio,PE-SEACE3-UnidadMedida
ocds-dgv273-seacev3-2026-10354-3,ocds-dgv273-seacev3-2026-10354-3-2026-02-25T10:08:51.402274-05:00,1185615-10728491251,21199130,1,Alquiler de Camioneta para monitoreo del proyecto de inversión ¿Mejoramiento y Ampliación del Servicio de Habitabilidad Institucional del Proyecto Especial Jequetepeque Zaña - Operador de La Infraestructura Hidráulica del Sector Hidráulico Mayor Jequ,CONTRATADO,active,7811180800371310,SERVICIO DE ALQUILER DE CAMIONETA PICK UP CABINA DOBLE 4 X 4,CUBSO,1.0,52000.0,PEN,Soles,36,Servicio,PE-SEACE3-UnidadMedida
ocds-dgv273-seacev3-2026-842-1,ocds-dgv273-seacev3-2026-842-1-2026-02-25T10:08:51.074020-05:00,1184802-20527786461,21195565,1,LECHE EVAPORADA ENTERA DE 400 GR. A MAS,CONTRATADO,active,5013170200307453,LECHE EVAPORADA ENTERA X 400 g  APROX.,CUBSO,35850.0,136230.0,PEN,Soles,40,Unidad,PE-SEACE3-UnidadMedida
ocds-dgv273-seacev3-2026-842-1,ocds-dgv273-seacev3-2026-842-1-2026-02-25T10:08:51.074020-05:00,1184802-20600609166,21195564,2,"MEZCLA DE HARINAS INSTANATNEAS DE ARROZ, AVENA, SOYA Y PLATANO EN POLVO AZUCARADAS ENRIQUECIDAS CON VITAMINAS Y MINERALES",CONTRATADO,active,5022110200393193,"MEZCLA DE HARINAS EXTRUIDAS DE QUINUA, AVENA, SOYA, MAIZ FORTIFICADA CON VITAMINAS Y MINERALES",CUBSO,20563.56,205635.6,PEN,Soles,18,Kilogramo,PE-SEACE3-UnidadMedida
ocds-dgv273-seacev3-2026-107-1,ocds-dgv273-seacev3-2026-107-1-2026-02-25T10:08:49.979361-05:00,1185287-20480650825,21196709,1,LECHE EVAPORADA ENTERA X 410 GR,CONTRATADO,active,5013170200307453,LECHE EVAPORADA ENTERA X 400 g  APROX.,CUBSO,21120.0,92928.0,PEN,Soles,40,Unidad,PE-SEACE3-UnidadMedida
ocds-dgv273-seacev3-1185275,ocds-dgv273-seacev3-1185275-2026-02-25T10:08:48.980280-05:00,1185275-20605724125,21199396,1,"ADQUISICION DE VIVERES SECOS Y MEJORAMIENTO DE RANCHO PARA ALIMENTACION DEL PERSONAL DE TROPA SMV DE LA 4TA BRIG MTÑ, PARA EL MES DE ENERO 2026",CONTRATADO,active,,,,27.0,67841.05,PEN,Soles,40,Unidad,PE-SEACE3-UnidadMedida
ocds-dgv273-seacev3-1185204,ocds-dgv273-seacev3-1185204-2026-02-25T10:08:48.801879-05:00,1185204-20610132783,21196640,1,ADQUISICION DE CARNES PARA PERSONAL MILITAR,CONTRATADO,active,,,,6.0,95100.0,PEN,Soles,40,Unidad,PE-SEACE3-UnidadMedida
ocds-dgv273-seacev3-1185270,ocds-dgv273-seacev3-1185270-2026-02-25T10:08:40.472860-05:00,1185270-20605724125,21199387,1,"ADQUISICION DE VIVERES SECOS PARA ALIMENTACION DEL PERSONAL DE TROPA SMV DE LA 4TA BRIG MTÑ, PARA EL MES DE ENERO 2026",CONTRATADO,active,,,,5.0,81900.0,PEN,Soles,40,Unidad,PE-SEACE3-UnidadMedida
ocds-dgv273-seacev3-1185978,ocds-dgv273-seacev3-1185978-2026-02-25T10:08:39.653601-05:00,1185978-20609577691,21199506,1,LECHE RECONSTITUIDA  TARRO GRANDE DE 390 GRAMOS A MAS,CONTRATADO,active,5013170200275224,LECHE CONDENSADA X 393 G APROX.,CUBSO,1012.0,89865.6,PEN,Soles,40,Unidad,PE-SEACE3-UnidadMedida
ocds-dgv273-seacev3-1184441,ocds-dgv273-seacev3-1184441-2026-02-25T10:08:38.486468-05:00,1184441-1763792,21194355,1,MEJORAMIENTO DE LOS SERVICIOS TURÍSTICOS PÚBLICOS EN RECURSOS TURÍSTICOS EN EL MALECON TURISTICO LOS ORGANOS DEL DISTRITO DE LOS ORGANOS - PROVINCIA DE TALARA - DEPARTAMENTO DE PIURA,CONTRATADO,active,7214112800368820,CONSTRUCCION DE MALECON,CUBSO,1.0,24746396.87,PEN,Soles,40,Unidad,PE-SEACE3-UnidadMedida
ocds-dgv273-seacev3-1185291,ocds-dgv273-seacev3-1185291-2026-02-25T10:08:31.561668-05:00,1185291-20606992263,21199395,1,"ADQUISICION DE PRODUCTOS CARNICOS E HIDROBIOLOGICOS PARA ALIMENTACION DEL PERSONAL DE TROPA SMV DE LA 4TA BRIG MTÑ, PARA EL MES DE ENERO 2026",CONTRATADO,active,,,,4.0,61084.88,PEN,Soles,40,Unidad,PE-SEACE3-UnidadMedida
ocds-dgv273-seacev3-1185272,ocds-dgv273-seacev3-1185272-2026-02-25T10:08:31.548161-05:00,1185272-20605724125,21199394,1,"ADQUISICION DE VIVERES FRESCOS PARA ALIMENTACION DEL PERSONAL DE TROPA SMV DE LA 4TA BRIG MTÑ, PARA EL MES DE ENERO 2026",CONTRATADO,active,,,,4.0,72078.62,PEN,Soles,40,Unidad,PE-SEACE3-UnidadMedida
ocds-dgv273-seacev3-2026-227-5,ocds-dgv273-seacev3-2026-227-5-2026-02-25T10:08:30.705036-05:00,1184509-20563136562,21194555,1,CONTRATACIÓN DEL SUMINISTRO DE CEMENTO PORTLAND TIPO I x 42.5 Kgs,CONTRATADO,active,3011160100012771,CEMENTO PORTLAND TIPO I X 42.50 kg,CUBSO,5841.0,165241.89,PEN,Soles,40,Unidad,PE-SEACE3-UnidadMedida
ocds-dgv273-seacev3-1184597,ocds-dgv273-seacev3-1184597-2026-02-25T10:08:30.689875-05:00,1184597-1762579,21195062,1,SUPERVISIÓN DE LA EJECUCION DE LA OBRA: ¿MEJORAMIENTO Y AMPLIACION DEL SERVICIO DE AGUA POTABLE Y DISPOSICION SANITARIA DE EXCRETAS EN EL CASERIO COÑICORGUE DEL DISTRITO DE HUASMIN ¿ PROVINCIA DE CELENDIN,CONTRATADO,active,8110151500364446,SUPERVISION DE OBRA DE AMPLIACION DEL SISTEMA DE AGUA POTABLE,CUBSO,1.0,332653.27,PEN,Soles,36,Servicio,PE-SEACE3-UnidadMedida
ocds-dgv273-seacev3-2026-716-1,ocds-dgv273-seacev3-2026-716-1-2026-02-25T10:08:30.583880-05:00,1185588-20481770182,21199121,1,ADQUISICION DE PRODUCTOS PARA PROGRAMA VASO DE LECHE 2026,CONTRATADO,active,,,,17479.2,107286.0,PEN,Soles,40,Unidad,PE-SEACE3-UnidadMedida
ocds-dgv273-seacev3-2026-10354-4,ocds-dgv273-seacev3-2026-10354-4-2026-02-25T10:08:27.708702-05:00,1185507-20609174651,21199017,1,Alquiler de una (01) Camioneta a Todo Costo para el Área de Transportes de la Unidad de Administración,CONTRATADO,active,7811180800371310,SERVICIO DE ALQUILER DE CAMIONETA PICK UP CABINA DOBLE 4 X 4,CUBSO,1.0,91000.0,PEN,Soles,36,Servicio,PE-SEACE3-UnidadMedida
ocds-dgv273-seacev3-2026-200013-5,ocds-dgv273-seacev3-2026-200013-5-2026-02-22T09:58:50.098145-05:00,1185629-20607882291,21199147,1,Servicio de alimentacion,CONTRATADO,active,9111160300225305,SERVICIO DE PREPARACION DE ALMUERZO,CUBSO,1.0,85220.0,PEN,Soles,36,Servicio,PE-SEACE3-UnidadMedida
ocds-dgv273-seacev3-1184527,ocds-dgv273-seacev3-1184527-2026-02-22T09:58:49.245449-05:00,1184527-1762118,21194582,1,"CONTRATACIÓN DE SERVICIO DE CONSULTORIA PARA LA ELABORACIÓN DEL EXPEDIENTE TECNICO DE LA IOARR: RENOVACIÓN DE PUENTE; EN EL (LA) CAMINO VECINAL DEL C.P. DE CERRO BLANCO, DISTRITO DE SAYAN, PROVINCIA DE HUAURA, DEPARTAMENTO DE LIMA CUI N 2685994",CONTRATADO,active,8110150500086213,ELABORACION DE EXPEDIENTE TECNICO DE OBRA PARA CONSTRUCCION DE PUENTES,CUBSO,1.0,108000.0,PEN,Soles,36,Servicio,PE-SEACE3-UnidadMedida
ocds-dgv273-seacev3-2026-505-7,ocds-dgv273-seacev3-2026-505-7-2026-02-22T09:58:49.088542-05:00,1185433-20609660750,21196881,1,ADQUISICION DE ACEROS,CONTRATADO,active,,,,2424.0,93666.0,PEN,Soles,40,Unidad,PE-SEACE3-UnidadMedida
ocds-dgv273-seacev3-1185334,ocds-dgv273-seacev3-1185334-2026-02-22T09:58:49.067441-05:00,1185334-20604482276,21198857,1,ADQUISICION DE LECHE EVAPORADA ENTERA X 400 GR PARA EL PROGRAMA VASO DE LECHE EN EL DISTRITO DE JACAS GRANDE PERIODO 2026,CONTRATADO,active,5013170200307453,LECHE EVAPORADA ENTERA X 400 g  APROX.,CUBSO,10800.0,48600.0,PEN,Soles,40,Unidad,PE-SEACE3-UnidadMedida
ocds-dgv273-seacev3-1185334,ocds-dgv273-seacev3-1185334-2026-02-22T09:58:49.067441-05:00,1185334-20604482276,21196788,2,"ADQUISICION DE HOJUELAS PRECOCIDAS DE KIWICHA, CAÑIHUA, AVENA, HARINA DE PLATANO Y YACON AZUCARADA FORTIFICADA CON VITAMINAS Y MINERALES PARA EL PROGRAMA VASO DE LECHE PERIODO 2026",CONTRATADO,active,5019210900391578,"HOJUELA DE AVENA, QUINUA Y KIWICHA PRECOCIDA ENRIQUECIDA CON VITAMINAS Y MINERALES",CUBSO,17034.0,132865.2,PEN,Soles,18,Kilogramo,PE-SEACE3-UnidadMedida
ocds-dgv273-seacev3-2026-1792-1,ocds-dgv273-seacev3-2026-1792-1-2026-02-22T09:58:47.833836-05:00,1184808-20531452489,21195577,1,LECHE FRESCA DE VACA,CONTRATADO,active,5013170200385518,LECHE CRUDA X 1 L,CUBSO,16828.0,47118.4,PEN,Soles,21,Litro,PE-SEACE3-UnidadMedida
ocds-dgv273-seacev3-1184709,ocds-dgv273-seacev3-1184709-2026-02-22T09:58:47.625449-05:00,1184709-20537786231,21195332,1,ADQUISICIÓN DE SEÑALES VERTICALES DE TRÁNSITO CON INSTALACIÓN DE SEÑALES INFORMATIVAS ELEVADAS TIPO PÓRTICO PARA LA IMPLEMENTACIÓN DEL PLAN OPERATIVO DE EMERGENCIA ANTE EL ANUNCIO DE ABANDONO DE LA CONCESIONARIA RUTAS DE LIMA S.A.C,CONTRATADO,active,,,,2.0,157842.4,PEN,Soles,40,Unidad,PE-SEACE3-UnidadMedida
ocds-dgv273-seacev3-1185987,ocds-dgv273-seacev3-1185987-2026-02-22T09:58:40.044479-05:00,1185987-20609792591,21199523,1,"MEZCLA DE CEREALES PRE COCIDOS DE AVENA, QUINUA CON HARINA DE MACA, MAÍZ TOSTADO Y HARINA DE SOYA ENRIQUECIDA CON VITAMINAS Y MINERALES",CONTRATADO,active,5022110200004274,MEZCLA FORTIFICADA DE HARINA DE CEREALES Y LEGUMINOSAS,CUBSO,11116.0,88928.0,PEN,Soles,18,Kilogramo,PE-SEACE3-UnidadMedida
ocds-dgv273-seacev3-1185261,ocds-dgv273-seacev3-1185261-2026-02-22T09:58:38.991082-05:00,1185261-20511037001,21198594,3,CONTRATACION DE VARILLA DE ACERO CORRUGADO PARA EL PROYECTO CON META 36,CONTRATADO,active,,,,2640.0,68119.0,PEN,Soles,40,Unidad,PE-SEACE3-UnidadMedida
ocds-dgv273-seacev3-1185991,ocds-dgv273-seacev3-1185991-2026-02-22T09:58:38.926320-05:00,1185991-20600571916,21199531,1,LECHE EVAPORADA PRESENTACIÓN DE 410G,CONTRATADO,active,5013170200307453,LECHE EVAPORADA ENTERA X 400 g  APROX.,CUBSO,22832.0,102744.0,PEN,Soles,40,Unidad,PE-SEACE3-UnidadMedida
ocds-dgv273-seacev3-1184873,ocds-dgv273-seacev3-1184873-2026-02-22T09:58:38.803679-05:00,1184873-20298258821,21195696,1,"SERVICIO DE ALQUILER DE BUSSES PARA EL TRASLADO DEL PERSONAL DESTINADOS A LA OPERACIÓN DE LIMPIEZA Y MANTENIMIENTO DE AREAS VERDES DE LA CONCESION ¿VIAS NUEVAS DE LIMA¿, ANTE EL ABANDONO DE LA CONCESIONARIA RUTAS DE LIMA S.A.C",CONTRATADO,active,,,,1.0,270272.0,PEN,Soles,40,Unidad,PE-SEACE3-UnidadMedida
ocds-dgv273-seacev3-2026-1096-3,ocds-dgv273-seacev3-2026-1096-3-2026-02-22T09:58:38.552117-05:00,1185258-20603559968,21198586,1,ADQUISICION DE CONCRETO PREMEZCLADO BAJA PERMEABILIDAD FC= 245 KG/C M2,CONTRATADO,active,3011150500355519,CONCRETO PREMEZCLADO FC 245 kg/cm2,CUBSO,178.0,64000.0,PEN,Soles,26,M3,PE-SEACE3-UnidadMedida
ocds-dgv273-seacev3-1184896,ocds-dgv273-seacev3-1184896-2026-02-22T09:58:32.165984-05:00,1184896-10401496489,21195746,1,SERVICIO  DE  ALQUILER  DE  CAMIÓN  CISTERNA  PARA  LABORES  DE  LAVADO  Y DESINFECCIÓN Y TRACTO REMOLCADOR CON CISTERNA PARA EL RIEGO DE LAS ÁREAS VERDES  UBICADAS  EN  LOS  TRAMOS  1  Y  2  DEL  PROYECTO  ¿VÍAS  NUEVAS  DE  LIMA,CONTRATADO,active,,,,1.0,665520.0,PEN,Nuevos Soles,40,Unidad,PE-SEACE3-UnidadMedida
ocds-dgv273-seacev3-1185823,ocds-dgv273-seacev3-1185823-2026-02-22T09:58:31.197582-05:00,1185823-20530880746,21199351,1,"ADQUISICION DE INSUMOS PARA EL PROGRAMA VASO DE LECHE DE LA MUNICIPALIDAD DISTRITAL DE CHINGAS, PERIODO 2026",CONTRATADO,active,,,,9120.0,51579.0,PEN,Soles,40,Unidad,PE-SEACE3-UnidadMedida
ocds-dgv273-seacev3-1185907,ocds-dgv273-seacev3-1185907-2026-02-22T09:58:31.012079-05:00,1185907-20555422441,21199452,1,VEHICULO AEREO NO TRIPULADO-DRONE,CONTRATADO,active,2513170500348261,VEHICULO AEREO NO TRIPULADO-DRONE,CUBSO,2.0,137818.0,PEN,Soles,40,Unidad,PE-SEACE3-UnidadMedida
ocds-dgv273-seacev3-2026-175842-1,ocds-dgv273-seacev3-2026-175842-1-2026-02-22T09:58:30.927019-05:00,1185073-20600923171,21196184,1,"CONTRATACIÓN DE SERVICIO DE TRANSPORTE, DISTRIBUCIÓN Y/O ENTREGA DE MATERIALES EDUCATIVOS, DIDÁCTICOS Y LECTURA (INCLUYE RECOJO,TRASLADO Y ENTREGA DE CARGA) DE LAS INSTITUCIONES DE DEBA, DEIB Y DISER DE LA ZONA RURAL Y URBANO DE LA UGEL PUTUMAYO. DOTACIÓN 2026",CONTRATADO,active,7814150100232661,SERVICIO DE TRANSPORTE DE TEXTOS ESCOLARES Y MATERIAL EDUCATIVO,CUBSO,1.0,440120.0,PEN,Soles,36,Servicio,PE-SEACE3-UnidadMedida
ocds-dgv273-seacev3-2026-200454-2,ocds-dgv273-seacev3-2026-200454-2-2026-02-22T09:58:29.043478-05:00,1185243-10437441681,21196677,1,ADQUISICIÓN DE SUMINISTRO DE COMBUSTIBLE PARA LAS UNIDADES VEHICULARES DE PROPIEDAD DE LA UNIVERSIDAD NACIONAL AUTÓNOMA DE CHOTA PARA EL AÑO 2026,CONTRATADO,active,,,,13391.0,172074.0,PEN,Soles,40,Unidad,PE-SEACE3-UnidadMedida
ocds-dgv273-seacev3-2026-197-1,ocds-dgv273-seacev3-2026-197-1-2026-02-21T10:03:17.094068-05:00,1185687-20530880746,21197047,1,ADQUISICION DE INSUMOS ALIMENTICIOS PARA EL PROGRAMA DE VASO DE LECHE DE LA MUNICIPALIDAD DISTRITAL DE SHILLA - PERIODO 2026,CONTRATADO,active,,,,2.0,82768.0,PEN,Soles,40,Unidad,PE-SEACE3-UnidadMedida
ocds-dgv273-seacev3-1185673,ocds-dgv273-seacev3-1185673-2026-02-21T10:03:17.078882-05:00,1185673-10775336001,21199186,1,TABLERO CONTRACHAPADO DE MADERA CAPINURI CLASE A/C DE 18 mm X 1.22 m X 2.44 m,CONTRATADO,active,1112200100389835,TABLERO CONTRACHAPADO DE MADERA CAPINURI CLASE A/C DE 18 mm X 1.22 m X 2.44 m,CUBSO,6213.53,70000.0,PEN,Soles,986,Pie 2,PE-SEACE3-UnidadMedida
ocds-dgv273-seacev3-1184639,ocds-dgv273-seacev3-1184639-2026-02-21T10:03:14.601090-05:00,1184639-20603340885,21195222,1,SERVICIO DE TRANSPORTE TERRESTRE PARA DISTRIBUCION DE MATERIALES EDUCATIVOS PARA LAS INSTITUCIONES EDUCATIVAS EN EL AMBITO DE JURISDICCION DE LA UGEL ANGARAES DOTACION ¿ 2026,CONSENTIDO,active,7810180200232499,SERVICIO DE TRANSPORTE DE CARGA TERRESTRE NACIONAL,CUBSO,1.0,78500.0,PEN,Soles,40,Unidad,PE-SEACE3-UnidadMedida
ocds-dgv273-seacev3-2026-1620-2,ocds-dgv273-seacev3-2026-1620-2-2026-02-21T10:03:10.152912-05:00,1184598-20600736923,21195033,1,"ADQUISICIÓN DE HOJUELAS PRECOCIDAS DE AVENA, CEBADA, QUINUA, HARINA AJONJOLÍ, CLAVO DE OLOR, Y CANELA FORTIFICADA CON VITAMINAS Y MINERALES; PARA EL PROGRAMA VASO DE LECHE DE LA MUNICIPALIDAD DISTRITAL DE SAN JUAN DE BIGOTE PARA EL AÑO 2026",CONTRATADO,active,5022110100002693,HOJUELA PRECOCIDA DE AVENA,CUBSO,8241.11,67577.1,PEN,Soles,18,Kilogramo,PE-SEACE3-UnidadMedida
ocds-dgv273-seacev3-2026-1620-1,ocds-dgv273-seacev3-2026-1620-1-2026-02-21T10:03:10.066841-05:00,1184576-20514345440,21194970,1,ADQUISICIÓN DE LECHE EVAPORADA ENTERA PARA EL PROGRAMA VASO DE LECHE DE LA MUNICIPALIDAD DISTRITAL DE SAN JUAN DE BIGOTE PARA EL AÑO 2026,CONTRATADO,active,5013170200307453,LECHE EVAPORADA ENTERA X 400 g  APROX.,CUBSO,22463.41,93223.15,PEN,Soles,14,Gramo,PE-SEACE3-UnidadMedida
ocds-dgv273-seacev3-1185676,ocds-dgv273-seacev3-1185676-2026-02-21T10:03:09.218698-05:00,1185676-20569114218,21199189,1,CEMENTO PORTLAND TIPO I X 42.50 kg,CONTRATADO,active,3011160100012771,CEMENTO PORTLAND TIPO I X 42.50 kg,CUBSO,1639.0,52440.0,PEN,Soles,40,Unidad,PE-SEACE3-UnidadMedida
ocds-dgv273-seacev3-1185161,ocds-dgv273-seacev3-1185161-2026-02-21T10:03:08.110481-05:00,1185161-20511037001,21196595,1,ACEROS CORRUGADOS,CONTRATADO,active,,,,1.0,230731.0,PEN,Soles,40,Unidad,PE-SEACE3-UnidadMedida
ocds-dgv273-seacev3-1184524,ocds-dgv273-seacev3-1184524-2026-02-21T10:03:08.089402-05:00,1184524-1762904,21194577,1,"EJECUCIÓN DE LA IOARR: CONSTRUCCIÓN DE COBERTURA DE INSTALACIONES DEPORTIVAS; EN EL(LA) I.E Nº 31463 EN EL CENTRO POBLADO RIO BERTHA, DISTRITO DE SATIPO, PROVINCIA SATIPO, DEPARTAMENTO JUNÍN.",ADJUDICADO,pending,7215260500367813,CONSTRUCCION DE COBERTURA CON PLANCHA METALICA PARA CAMPO DEPORTIVO,CUBSO,1.0,686467.89,PEN,Soles,36,Servicio,PE-SEACE3-UnidadMedida
ocds-dgv273-seacev3-2026-1515-2,ocds-dgv273-seacev3-2026-1515-2-2026-02-21T10:03:07.419356-05:00,1185734-20541137654,21199280,1,"ADQUISICIÓN DE LECHE EVAPORADA ENTERA Y HOJUELAS PRECOCIDAS DE MEZCLA DE HARINAS PRECOCIDAS DE ARROZ, KIWICHA, PLÁTANO (en mayor proporción), SOYA (en cualquiera de sus formas) CON HOJUELA DE AVENA AZUCARADA ENRIQUECIDA CON VITAMINAS Y MINERALES PARA",CONTRATADO,active,5013170200307453,LECHE EVAPORADA ENTERA X 400 g  APROX.,CUBSO,1.0,130880.1,PEN,Soles,40,Unidad,PE-SEACE3-UnidadMedida
ocds-dgv273-seacev3-2026-1821-2,ocds-dgv273-seacev3-2026-1821-2-2026-02-21T10:03:07.231754-05:00,1184859-1763591,21195682,1,"CONTRATACION DE LA SUPERVISION DE LA OBRA: (IOARR): ¿RENOVACION DE PUENTE; EN EL(LA) MUNICIPALIDAD DISTRITAL DE TINGO DE PONASA PUENTE BARCO DEL CAMINO VECINAL R220799: EMP SM-107 EN LA LOCALIDAD LEONCIO PRADO DISTRITO DE TINGO DE PONASA, PROVINCIA P",CONTRATADO,active,8110150500336396,SUPERVISION DE OBRA DE CONSTRUCCION DE PUENTES,CUBSO,1.0,99000.0,PEN,Soles,36,Servicio,PE-SEACE3-UnidadMedida
ocds-dgv273-seacev3-1185428,ocds-dgv273-seacev3-1185428-2026-02-21T10:03:06.318878-05:00,1185428-10442888651,21198931,1,SERVICIO DE ALQUILER DE CAMIONETA 4X4 PICK UP O CERRADA MAQUINA SECA PARA EL DESPACHO DE ALCALDIA,CONTRATADO,active,7811180800371309,SERVICIO DE ALQUILER DE CAMIONETA PICK UP CABINA DOBLE 4 X 2,CUBSO,1.0,66000.0,PEN,Soles,36,Servicio,PE-SEACE3-UnidadMedida
ocds-dgv273-seacev3-2026-317-5,ocds-dgv273-seacev3-2026-317-5-2026-02-21T10:02:56.656702-05:00,1184961-10310091974,21195823,1,ALQUILER DE TERRENO PARA LA DISPOSICION FINAL DE RESIUDOS SOLIDOS,CONTRATADO,active,8013150300232790,SERVICIO DE ALQUILER DE TERRENO,CUBSO,1.0,715000.0,PEN,Soles,36,Servicio,PE-SEACE3-UnidadMedida
ocds-dgv273-seacev3-2026-1821-4,ocds-dgv273-seacev3-2026-1821-4-2026-02-21T10:02:56.456582-05:00,1184864-1763568,21195686,1,"CONTRATACION DE LA SUPERVISION DE LA OBRA:  (IOARR): ¿RENOVACION DE PUENTE; EN EL(LA) MUNICIPALIDAD DISTRITAL DE TINGO DE PONASA PUENTE SAN JUAN DEL CAMINO VECINAL R220789: EMP SM-107 EN LA LOCALIDAD SAN ANTONIO DEL DISTRITO DE TINGO DE PONASA, PRO",CONTRATADO,active,8110150500336396,SUPERVISION DE OBRA DE CONSTRUCCION DE PUENTES,CUBSO,1.0,59000.0,PEN,Soles,36,Servicio,PE-SEACE3-UnidadMedida
ocds-dgv273-seacev3-2026-10409-1,ocds-dgv273-seacev3-2026-10409-1-2026-02-21T10:02:47.419772-05:00,1185290-20603876670,21196835,1,SERVICIO DE TRANSPORTE PARA LA DISTRIBUCION DE MATERIAL EDUCATIVOS A LAS INSTITUCIONES EDUCATIVAS DEL AMBITO DE LA UGEL ANDAHUAYLAS DOTACION 2026,CONTRATADO,active,7814150100232661,SERVICIO DE TRANSPORTE DE TEXTOS ESCOLARES Y MATERIAL EDUCATIVO,CUBSO,1.0,78000.0,PEN,Soles,36,Servicio,PE-SEACE3-UnidadMedida
ocds-dgv273-seacev3-1185376,ocds-dgv273-seacev3-1185376-2026-02-21T10:02:45.865024-05:00,1185376-20606977876,21196839,1,"GRASS SINTETICO PARA EL ESPACIO DEPORTIVO ABIERTO; EN EL(LA) I.E. INDEPENDENCIA AMERICANA DISTRITO DE ASILLO, PROVINCIA AZANGARO, DEPARTAMENTO PUNO",CONTRATADO,active,3012180300281731,CESPED SINTETICO X 4 m DE ANCHO,CUBSO,800.0,57600.0,PEN,Soles,25,M2,PE-SEACE3-UnidadMedida
ocds-dgv273-seacev3-1185699,ocds-dgv273-seacev3-1185699-2026-02-21T10:02:39.216606-05:00,1185699-20613644122,21199192,1,ARENA GRUESA,CONTRATADO,active,1111170100147541,ARENA GRUESA,CUBSO,310.5,51314.0,PEN,Soles,26,M3,PE-SEACE3-UnidadMedida
ocds-dgv273-seacev3-1184725,ocds-dgv273-seacev3-1184725-2026-02-21T10:02:38.638791-05:00,1184725-20550683645,21195468,1,"ADQUISICIÓN DE CONOS DE TRÁFICO CON BASE DE CAUCHO PARA LA ATENCIÓN DEL PLAN OPERATIVO DE EMERGENCIA DESTINADOS A LA OPERACIÓN Y MANTENIMIENTO DE LA CONCESIÓN ¿VÍAS NUEVAS DE LIMA¿, ANTE EL ANUNCIO DE ABANDONO DE LA CONCESIONARIA RUTAS DE LIMA S.A.C.",CONTRATADO,active,4616150800210400,CONO DE SEGURIDAD DE 90 cm CON CINTA REFLECTIVA BASE DE CAUCHO,CUBSO,6000.0,870000.0,PEN,Soles,40,Unidad,PE-SEACE3-UnidadMedida
ocds-dgv273-seacev3-1185675,ocds-dgv273-seacev3-1185675-2026-02-21T10:02:37.963887-05:00,1185675-20600439074,21199188,1,"contratación de bienes, ADQUISICIÓN DE CALAMINA GALVANIZADA 0.8m x 3.60m x 0.25mm",CONTRATADO,active,3026420400314333,PLANCHA DE ACERO CON ALUZINC ONDULADA DE 3600 mm X 1100 mm X 0.40 mm,CUBSO,2624.0,99712.0,PEN,Soles,40,Unidad,PE-SEACE3-UnidadMedida
ocds-dgv273-seacev3-1185306,ocds-dgv273-seacev3-1185306-2026-02-21T10:02:37.845780-05:00,1185306-10250193616,21198670,1,CEMENTO PORTLAND TIPO I X 42.50 kg,CONTRATADO,active,3011160100012771,CEMENTO PORTLAND TIPO I X 42.50 kg,CUBSO,3215.0,96450.0,PEN,Soles,40,Unidad,PE-SEACE3-UnidadMedida
ocds-dgv273-seacev3-2026-1479-15,ocds-dgv273-seacev3-2026-1479-15-2026-02-20T10:10:24.499012-05:00,1184988-20528395211,21196095,2,FRIJOL REGIONAL,CONTRATADO,active,5042180600004656,FRIJOL NEGRO,CUBSO,95999.0,815991.5,PEN,Soles,18,Kilogramo,PE-SEACE3-UnidadMedida
ocds-dgv273-seacev3-2026-1479-15,ocds-dgv273-seacev3-2026-1479-15-2026-02-20T10:10:24.499012-05:00,1184988-20528395211,21196096,3,HARINA DE MAIZ,CONTRATADO,active,5022110200002873,HARINA DE MAIZ,CUBSO,95999.0,835191.3,PEN,Soles,18,Kilogramo,PE-SEACE3-UnidadMedida
ocds-dgv273-seacev3-2026-1479-15,ocds-dgv273-seacev3-2026-1479-15-2026-02-20T10:10:24.499012-05:00,1184988-20528395211,21196097,4,HARINA DE PLÁTANO,CONTRATADO,active,5022130100133509,HARINA DE PLATANO,CUBSO,63999.0,556791.3,PEN,Soles,18,Kilogramo,PE-SEACE3-UnidadMedida
ocds-dgv273-seacev3-2026-1479-15,ocds-dgv273-seacev3-2026-1479-15-2026-02-20T10:10:24.499012-05:00,1184988-20528395211,21196098,1,ARROZ CORRIENTE,CONTRATADO,active,5022110800317621,ARROZ PILADO CORRIENTE,CUBSO,239998.0,1007991.6,PEN,Soles,18,Kilogramo,PE-SEACE3-UnidadMedida
ocds-dgv273-seacev3-2026-1719-2,ocds-dgv273-seacev3-2026-1719-2-2026-02-20T10:10:23.197792-05:00,1185722-20612612821,21199247,1,ADQUISICION DE CALAMINA PREPINTADA,CONTRATADO,active,5124184000198678,CALAMINA + ZINC OXIDO 15 g + 5 g/100 g SOL 500 mL,CUBSO,1820.0,81322.0,PEN,Soles,40,Unidad,PE-SEACE3-UnidadMedida
ocds-dgv273-seacev3-2026-1719-3,ocds-dgv273-seacev3-2026-1719-3-2026-02-20T10:10:21.985925-05:00,1185743-20612612821,21197156,1,ADQUISICION DE MATERIALES DE CONSTRUCCION,CONTRATADO,active,3116200400287917,CLAVO DE ACERO CON CABEZA DE 6 in,CUBSO,1.0,50206.0,PEN,Soles,40,Unidad,PE-SEACE3-UnidadMedida
ocds-dgv273-seacev3-2026-1765-1,ocds-dgv273-seacev3-2026-1765-1-2026-02-20T10:10:15.920561-05:00,1185630-20600571916,21197026,1,CONTRATACIÓN DEL SUMINISTRO DE BIENES PARA EL PROGRAMA DE VASO DE LECHE DE LA MUNICIPALIDAD DISTRITAL DE PISCOYACU ¿ AÑO 20,CONTRATADO,active,,,,2.0,64149.0,PEN,Soles,40,Unidad,PE-SEACE3-UnidadMedida
ocds-dgv273-seacev3-2026-10593-1,ocds-dgv273-seacev3-2026-10593-1-2026-02-20T10:10:15.615476-05:00,1185636-20602401988,21199164,1,"CONTRATACION DEL SERVICIO DE TRANSPORTE Y DISTRIBUCION DE MATERIALES Y RECURSOS EDUCATIVOS PARA LAS INSTITUCIONES EDUCATIVAS DEIP, DEP, DES, DISER, PRIMARIA , DISER SECUNDARIA, DEBE, DEBA, Y DEIB DE LA UGEL MARISCAL CACERES Y HUALLAGA - DOTACION 2026",CONTRATADO,active,7814150100232661,SERVICIO DE TRANSPORTE DE TEXTOS ESCOLARES Y MATERIAL EDUCATIVO,CUBSO,1.0,62929.66,PEN,Soles,36,Servicio,PE-SEACE3-UnidadMedida
ocds-dgv273-seacev3-2026-1632-3,ocds-dgv273-seacev3-2026-1632-3-2026-02-20T10:09:54.131644-05:00,1185014-10026473255,21195972,1,"ADQUISICION DE LECHE EVAPORADA ENTERA X 410 GR, PARA EL PROGRAMA VASO DE LECHE PARA LA MUNICIPALIDAD DISTRITAL DE MARCAVELICA PARA LOS MESES DE FEBRERO A DICIEMBRE DEL 2026.",CONTRATADO,active,5013170200307453,LECHE EVAPORADA ENTERA X 400 g  APROX.,CUBSO,53819.48,208281.5,PEN,Soles,40,Unidad,PE-SEACE3-UnidadMedida
ocds-dgv273-seacev3-1185598,ocds-dgv273-seacev3-1185598-2026-02-20T10:09:52.739652-05:00,1185598-10155924859,21199102,1,SERVICIO DE ALQUILER DE LOCAL PARA OAU HUACHO DE LA SUNASS,CONTRATADO,active,8013150200094959,SERVICIO DE ALQUILER DE INMUEBLE,CUBSO,1.0,120000.0,PEN,Soles,36,Servicio,PE-SEACE3-UnidadMedida
ocds-dgv273-seacev3-2026-1479-16,ocds-dgv273-seacev3-2026-1479-16-2026-02-20T10:09:45.780161-05:00,1184943-10709299919,21195834,3,POLLO VIVO,CONTRATADO,active,5011151500133817,CARNE DE POLLO FRESCA ENTERO CON VISCERAS,CUBSO,59035.2,1180704.0,PEN,Soles,18,Kilogramo,PE-SEACE3-UnidadMedida
ocds-dgv273-seacev3-2026-1479-16,ocds-dgv273-seacev3-2026-1479-16-2026-02-20T10:09:45.780161-05:00,1184943-20603222807,21195835,2,FRIJOL REGIONAL,CONTRATADO,active,5042180600004656,FRIJOL NEGRO,CUBSO,39515.0,335877.5,PEN,Soles,18,Kilogramo,PE-SEACE3-UnidadMedida
ocds-dgv273-seacev3-2026-1479-16,ocds-dgv273-seacev3-2026-1479-16-2026-02-20T10:09:45.780161-05:00,1184943-20603222807,21195836,1,ARROZ CORRIENTE MEJORADO,CONTRATADO,active,5022110800317621,ARROZ PILADO CORRIENTE,CUBSO,219695.0,922719.0,PEN,Soles,18,Kilogramo,PE-SEACE3-UnidadMedida
ocds-dgv273-seacev3-1184601,ocds-dgv273-seacev3-1184601-2026-02-20T10:09:41.174493-05:00,1184601-20600907558,21195113,1,"SUMINISTRO DEL BIEN ¿MEZCLA FORTIFICADA DE HOJUELAS DE QUINUA Y KIWICHA CON HARINAS DE GARBANZO, HABA, MACA Y SOYA AZUCARADA CON VITAMINAS Y MINERALES¿, PARA ATENDER A LOS BENEFICIARIOS DEL PROGRAMA VASO DE LECHE, PERIODO 2026",CONTRATADO,active,5022110100002778,HOJUELA DE CEREAL Y/O LEGUMINOSAS ENRIQUECIDO,CUBSO,13797.84,103483.77,PEN,Soles,18,Kilogramo,PE-SEACE3-UnidadMedida
ocds-dgv273-seacev3-1185757,ocds-dgv273-seacev3-1185757-2026-02-20T10:09:40.924183-05:00,1185757-20129244292,21199299,1,"CONTRATACIÓN DE SERVICIO DE ALQUILER DE LOCAL PARA LA GERENCIA REGIONAL DE DESARROLLO SOCIAL, META 135 ""MONITOREO DE PROGRAMAS Y PROYECTOS DE DESARROLLO SOCIAL Y REGIONAL""",CONTRATADO,active,8013150200094959,SERVICIO DE ALQUILER DE INMUEBLE,CUBSO,1.0,114000.0,PEN,Soles,36,Servicio,PE-SEACE3-UnidadMedida
ocds-dgv273-seacev3-1184603,ocds-dgv273-seacev3-1184603-2026-02-19T10:06:58.732587-05:00,1184603-1762428,21195117,1,contratación de consultoría para la supervisión de la obra: MEJORAMIENTO DEL SERVICIO DE AGUA PARA RIEGO MIACO CONRA EN EL CASERIO CONRA DISTRITO DE SANTIAGO DE CHUCO PROVINCIA SANTIAGO DE CHUCO LA LIBERTAD CON CUI N° 2282353,CONTRATADO,active,8110151500336401,SUPERVISION DE OBRA DE CONSTRUCCION DE CANALES DE CONDUCCION DE AGUAS,CUBSO,1.0,448880.94,PEN,Soles,36,Servicio,PE-SEACE3-UnidadMedida
ocds-dgv273-seacev3-2026-247808-3,ocds-dgv273-seacev3-2026-247808-3-2026-02-19T10:06:50.582111-05:00,1185267-20603053142,21198610,1,ADQUISICIÓN DE COMBUSTIBLE,CONTRATADO,active,,,,2834.0,53438.0,PEN,Soles,40,Unidad,PE-SEACE3-UnidadMedida
ocds-dgv273-seacev3-2026-10354-2,ocds-dgv273-seacev3-2026-10354-2-2026-02-19T10:06:49.052866-05:00,1185604-10403268475,21199112,1,"Alquiler de Camioneta para monitoreo del proyecto de inversión ¿Recuperación del Servicio de Provisión de Agua para Riego en Sistema de Riego Canal Culpón Distrito de Nueva Arica de la Provincia de Chiclayo del Departamento de Lambayeque¿, Primera Et",CONTRATADO,active,7811180800371310,SERVICIO DE ALQUILER DE CAMIONETA PICK UP CABINA DOBLE 4 X 4,CUBSO,1.0,91000.0,PEN,Soles,36,Servicio,PE-SEACE3-UnidadMedida
ocds-dgv273-seacev3-2026-247808-2,ocds-dgv273-seacev3-2026-247808-2-2026-02-19T10:06:42.078095-05:00,1185269-20603053142,21198614,1,ADQUISICIÓN DE COMBUSTIBLE,CONTRATADO,active,,,,9838.0,193941.24,PEN,Soles,40,Unidad,PE-SEACE3-UnidadMedida
ocds-dgv273-seacev3-2026-10354-1,ocds-dgv273-seacev3-2026-10354-1-2026-02-19T10:06:28.681215-05:00,1185593-10031304682,21196972,1,"Alquiler de Camioneta para monitoreo del proyecto de inversión ""Construcción Sistema De Drenaje Agrícola Iglesia Vieja - San Isidro, Sub Sector Santa Rosa Valle Jequetepeque"" Tercera Etapa, CUI 2197680",CONTRATADO,active,7811180800371310,SERVICIO DE ALQUILER DE CAMIONETA PICK UP CABINA DOBLE 4 X 4,CUBSO,1.0,91000.0,PEN,Soles,36,Servicio,PE-SEACE3-UnidadMedida
ocds-dgv273-seacev3-1185965,ocds-dgv273-seacev3-1185965-2026-02-19T10:06:28.287395-05:00,1185965-20450188574,21197307,1,"CONTRATACIÓN DEL SERVICIO DE IMPRESIONES DE FUAS, FORMATOS DE REFERENCIA Y CONTRAREFERENCIA, RECETARIOS, ORDENES DE LABORATORIO Y FORMATOS TELESALUD ¿ ÁMBITO DE JURISDICCIÓN DE LA OGESS BAJO MAYO, EN MARCO DEL DECRETO SUPREMO N°003-2026-PCM",CONTRATADO,active,8212150400362193,SERVICIO DE IMPRESIONES EN PAPEL,CUBSO,1.0,832953.8,PEN,Soles,36,Servicio,PE-SEACE3-UnidadMedida
ocds-dgv273-seacev3-2026-10528-2,ocds-dgv273-seacev3-2026-10528-2-2026-02-18T10:06:34.219191-05:00,1184953-20493281179,21195950,1,SERVICIO DE TRANSPORTE Y DISTRIBUCIÓN DE MATERIALES EDUCATIVOS A LAS INSTITUCIONES EDUCATIVAS DEL ÁMBITO DE LA UGEL ALTO AMAZONAS- DOTACIÓN 2026 (TRAMO 1 y 2) ¿ DISTRIRO DE BALSAPUERTO,CONTRATADO,active,8210150700345318,SERVICIO DE DISTRIBUCION DE MATERIAL EDUCATIVO,CUBSO,1.0,184995.0,PEN,Soles,36,Servicio,PE-SEACE3-UnidadMedida
ocds-dgv273-seacev3-2026-10528-1,ocds-dgv273-seacev3-2026-10528-1-2026-02-18T10:06:30.886050-05:00,1184971-20493952219,21195831,1,SERVICIO DE TRANSPORTE Y DISTRIBUCIÓN DE MATERIALES EDUCATIVOS A LAS INSTITUCIONES EDUCATIVAS DEL ÁMBITO DE LA UGEL ALTO AMAZONAS- DOTACIÓN 2026 (TRAMO 1 y 2) - DISTRITO DE YURIMAGUAS,CONTRATADO,active,8210150700345318,SERVICIO DE DISTRIBUCION DE MATERIAL EDUCATIVO,CUBSO,1.0,180240.42,PEN,Soles,40,Unidad,PE-SEACE3-UnidadMedida
ocds-dgv273-seacev3-2026-1632-2,ocds-dgv273-seacev3-2026-1632-2-2026-02-18T10:06:28.906136-05:00,1185027-20600736923,21196126,1,"ADQUISICION DE HOJUELAS PRECOCIDAS DE AVENA CAÑIHUA, QUINUA, KIWICHA, AJONJOLI Y MACA FORTIFICADA CON VITAMINAS Y MINERALES, PARA EL PROGRAMA VASO DE LECHE PARA LA MUNICIPALIDAD DISTRITAL DE MARCAVELICA PARA LOS MESES DE FEBRERO A DICIEMBRE DEL 2026",CONTRATADO,active,5022110100002739,HOJUELA DE AVENA CON KIWICHA,CUBSO,19418.08,157286.45,PEN,Soles,18,Kilogramo,PE-SEACE3-UnidadMedida
ocds-dgv273-seacev3-2026-10528-5,ocds-dgv273-seacev3-2026-10528-5-2026-02-18T10:06:27.931296-05:00,1184965-20493281179,21195948,1,SERVICIO DE TRANSPORTE Y DISTRIBUCIÓN DE MATERIALES EDUCATIVOS A LAS INSTITUCIONES EDUCATIVAS DEL ÁMBITO DE LA UGEL ALTO AMAZONAS- DOTACIÓN 2026 (TRAMO 1 y 2) ¿ DISTRIRO DE SANTA CRUZ,CONTRATADO,active,8210150700345318,SERVICIO DE DISTRIBUCION DE MATERIAL EDUCATIVO,CUBSO,1.0,52680.0,PEN,Soles,36,Servicio,PE-SEACE3-UnidadMedida
ocds-dgv273-seacev3-2026-250-1,ocds-dgv273-seacev3-2026-250-1-2026-02-18T10:06:26.818479-05:00,1184526-20445629015,21194581,1,"MEJORAMIENTO Y AMPLIACION DEL SERVICIO DE PRACTICAS DEPORTIVA Y/O RECREATIVA EN CAMPO DEPORTIVO DE LACABAMBA DE CENTRO POBLADO LACABAMBA, DISTRITO DE LACABAMBA DE LA PROVINCIA DE PALLASCA DEL DEPARTAMENTO DE ANCASH CON CUI N° 2710268",CONTRATADO,active,7215310200364480,AMPLIACION DE COMPLEJO DEPORTIVO,CUBSO,1.0,241900.18,PEN,Soles,36,Servicio,PE-SEACE3-UnidadMedida
ocds-dgv273-seacev3-2026-10528-6,ocds-dgv273-seacev3-2026-10528-6-2026-02-18T10:05:58.058804-05:00,1184964-20493952219,21195827,1,SERVICIO DE TRANSPORTE Y DISTRIBUCIÓN DE MATERIALES EDUCATIVOS A LAS INSTITUCIONES EDUCATIVAS DEL ÁMBITO DE LA UGEL ALTO AMAZONAS- DOTACIÓN 2026 (TRAMO 1 y 2) ¿ DISTRIRO DE TENIENTE CESAR LOPEZ ROJAS,CONTRATADO,active,8210150700345318,SERVICIO DE DISTRIBUCION DE MATERIAL EDUCATIVO,CUBSO,1.0,57845.23,PEN,Soles,36,Servicio,PE-SEACE3-UnidadMedida
ocds-dgv273-seacev3-1185986,ocds-dgv273-seacev3-1185986-2026-02-18T10:05:57.445938-05:00,1185986-20613966928,21197375,1,"ADQUISICIÓN DE TELA CASIMIR X 150 M DE ANCHO (TELA), PARA EL UNIFORME DE INVIERNO DEL PROYECTO ESPECIAL TACNA",CONTRATADO,active,1116160400388313,"TELA CASIMIR DE COLOR 1.48 m ANCHO, 70% LANA Y 30% POLYESTER, 200 g/m2",CUBSO,360.0,50364.0,PEN,Soles,23,Metro,PE-SEACE3-UnidadMedida
ocds-dgv273-seacev3-2026-10528-3,ocds-dgv273-seacev3-2026-10528-3-2026-02-18T10:05:54.043318-05:00,1184970-20493952219,21195830,1,SERVICIO DE TRANSPORTE Y DISTRIBUCIÓN DE MATERIALES EDUCATIVOS A LAS INSTITUCIONES EDUCATIVAS DEL ÁMBITO DE LA UGEL ALTO AMAZONAS- DOTACIÓN 2026 (TRAMO 1 y 2) ¿ DISTRIRO DE LAGUNAS,CONTRATADO,active,8210150700345318,SERVICIO DE DISTRIBUCION DE MATERIAL EDUCATIVO,CUBSO,1.0,71261.75,PEN,Soles,36,Servicio,PE-SEACE3-UnidadMedida
ocds-dgv273-seacev3-2026-10528-4,ocds-dgv273-seacev3-2026-10528-4-2026-02-18T10:05:54.028634-05:00,1184968-20493281179,21195828,1,SERVICIO DE TRANSPORTE Y DISTRIBUCIÓN DE MATERIALES EDUCATIVOS A LAS INSTITUCIONES EDUCATIVAS DEL ÁMBITO DE LA UGEL ALTO AMAZONAS- DOTACIÓN 2026 (TRAMO 1 y 2) ¿ DISTRIRO DE JEBEROS,CONTRATADO,active,8210150700345318,SERVICIO DE DISTRIBUCION DE MATERIAL EDUCATIVO,CUBSO,1.0,59800.0,PEN,Soles,36,Servicio,PE-SEACE3-UnidadMedida
ocds-dgv273-seacev3-2026-200371-1,ocds-dgv273-seacev3-2026-200371-1-2026-02-15T09:57:20.873145-05:00,1185090-10743488640,21198440,1,Contratacion del servicio de transporte para distribucion de materiales educativos  Dotacion 2026 de la UGEL HUAMANGA,CONTRATADO,active,8210150700228972,SERVICIO DE DISTRIBUCION DOCUMENTARIA,CUBSO,1.0,66540.94,PEN,Soles,36,Servicio,PE-SEACE3-UnidadMedida
ocds-dgv273-seacev3-1186910,ocds-dgv273-seacev3-1186910-2026-02-15T09:57:20.766913-05:00,1186910-10730291707,21198122,1,Contratación de Consultor: Diseñador de Software para el Sistema de Evaluación y Ratificación (SER) de la Solución Tecnológica que modernice la gestión institucional de la JNJ,CONTRATADO,active,8111181900225507,CONSULTORIA DE CONTROL DE CALIDAD DE SOFTWARE,CUBSO,1.0,54000.0,PEN,Soles,36,Servicio,PE-SEACE3-UnidadMedida
ocds-dgv273-seacev3-1185678,ocds-dgv273-seacev3-1185678-2026-02-15T09:57:10.630248-05:00,1185678-10063037945,21197032,1,SERVICIO DE ARRENDAMIENTO DE UN INMUEBLE PARA EL FUNCIONAMIENTO DE LAS OFICINAS ADMINISTRATIVAS DEL PROGRAMA NACIONAL DE DIVERSIFICACIÓN PRODUCTIVA (PNDP) Y LA OFICINA DE EJECUCIÓN COACTIVA (OEC) DEL MINISTERIO DE LA PRODUCCIÓN,CONTRATADO,active,8013150200094959,SERVICIO DE ALQUILER DE INMUEBLE,CUBSO,1.0,360000.0,USD,Dólar Norteamericano,36,Servicio,PE-SEACE3-UnidadMedida
ocds-dgv273-seacev3-1184735,ocds-dgv273-seacev3-1184735-2026-02-15T09:57:07.668619-05:00,1184735-10164034459,21195497,1,"ADQUISICIÓN DE COMBUSTIBLE DIÉSEL B5 S-50 Y GASOHOL REGULAR PARA EL FUNCIONAMIENTO DE LA FLOTA VEHICULAR Y MAQUINARIA DE LA MUNICI-PALIDAD PROVINCIAL DE FERREÑAFE, CORRESPONDIENTE AL EJERCICIO FISCAL 2026",CONTRATADO,active,,,,57705.0,986290.1,PEN,Soles,40,Unidad,PE-SEACE3-UnidadMedida
ocds-dgv273-seacev3-1185055,ocds-dgv273-seacev3-1185055-2026-02-15T09:57:06.925432-05:00,1185055-1763118,21198418,1,"ADQUISICIÓN DE INSUMOS DEL PROGRAMA VASO DE LECHE PARA LOS BENEFICIARIOS DEL DISTRITO DE MANCOS, PROVINCIA DE YUNGAY - DEPARTAMENTO DE ANCASH - PERIODO 2026",CONTRATADO,active,,,,1.0,128520.0,PEN,Soles,40,Unidad,PE-SEACE3-UnidadMedida
ocds-dgv273-seacev3-1185618,ocds-dgv273-seacev3-1185618-2026-02-15T09:57:06.747370-05:00,1185618-20505618280,21199131,1,SERVICIO DE ALIMENTACIÓN PARA INTERNOS Y PERSONAL DE SEGURIDAD DEL E.P. HUARAZ DE LA ORL INPE,CONTRATADO,active,9111160300225304,SERVICIO DE CONCESIONARIO (A) DE ALIMENTOS,CUBSO,116460.0,920601.0,PEN,Soles,36,Servicio,PE-SEACE3-UnidadMedida
ocds-dgv273-seacev3-1185618,ocds-dgv273-seacev3-1185618-2026-02-15T09:57:06.747370-05:00,1185618-20505618280,21199132,2,SERVICIO DE ALIMENTACIÓN PARA INTERNOS Y PERSONAL DE SEGURIDAD DEL E.P. CHIMBOTE DE LA ORL INPE,CONTRATADO,active,9111160300225304,SERVICIO DE CONCESIONARIO (A) DE ALIMENTOS,CUBSO,316080.0,2498328.0,PEN,Soles,36,Servicio,PE-SEACE3-UnidadMedida
ocds-dgv273-seacev3-1185705,ocds-dgv273-seacev3-1185705-2026-02-14T10:02:59.411553-05:00,1185705-20516587360,21197049,1,"ADQUISICIÓN DE MATERIAL MISCELANEO DE USO AERONAUTICO PARA LA LIMPIEZA, INPECCIÓN Y TRABAJOS ESTRUCTURALES DE LA AERONAVE KC-130H FAP Nº396",CONSENTIDO,active,,,,82.0,45491.84,PEN,Soles,40,Unidad,PE-SEACE3-UnidadMedida
ocds-dgv273-seacev3-1187716,ocds-dgv273-seacev3-1187716-2026-02-14T10:02:55.110638-05:00,1187716-10482128811,21201806,1,Servicio de Analista en Contabilidad para elaboración de los procesos contables del\nPrograma Sectorial de Alcantarillado y Tratamiento de Aguas Residuales en Ciudades\nde Provincias del Perú.,CONTRATADO,active,8411150400258524,SERVICIO DE ELABORACION DE REPORTES CONTABLES,CUBSO,1.0,32000.0,PEN,Soles,36,Servicio,PE-SEACE3-UnidadMedida
ocds-dgv273-seacev3-1187693,ocds-dgv273-seacev3-1187693-2026-02-14T10:02:44.058019-05:00,1187693-10074157713,21201795,1,"Contratación del Servicio en ingeniería en la especialidad de mecánica de suelos y\ngeotecnia, para el proyecto PTAR II Chimbote Del Programa Sectorial De Alcantarillado\nY Tratamiento De Aguas Residuales En Ciudades De Provincias Del Perú.",CONTRATADO,active,8110150500086250,SERVICIO DE ELABORACION DE ESTUDIO DE MECANICA DE SUELOS,CUBSO,1.0,33000.0,PEN,Soles,36,Servicio,PE-SEACE3-UnidadMedida
ocds-dgv273-seacev3-1184666,ocds-dgv273-seacev3-1184666-2026-02-14T10:02:42.733490-05:00,1184666-10713171897,21195291,01,"CONTRATACION ADQUISICION DE EQUIPO DE PROTECCION Y ACCESORIOS PARA LA IOARR ¿ADQUISICION DE SISTEMA DE SEGURIDAD Y VIGILANCIA; EN EL (LA) PARA EL MEJORAMIENTO DE LAS CAPACIDADES DEL SERVICIO DE SEGURIDAD CIUDADANA DEL DISTRITO DE CHALA, PROVINCIA CAR",CONTRATADO,active,,,,1.0,74400.0,PEN,Soles,40,Unidad,PE-SEACE3-UnidadMedida
ocds-dgv273-seacev3-1185061,ocds-dgv273-seacev3-1185061-2026-02-14T10:02:41.166049-05:00,1185061-1763319,21196144,1,"CONTRATACIÓN DE SERVICIOS \n\nDE TRANSPORTE PARA EL TRASLADO DE MATERIAL EDUCATIVO DOTACIÓN 2026, DE LA EDUCACIÓN BÁSICA PARA EL BUEN INICIO DEL AÑO ESCOLAR, DE LAS IIEE DE LA UGEL HUARAZ DEL, AÑO FISCAL 2026",ADJUDICADO,pending,7811180800360207,SERVICIO DE ALQUILER DE MOTOFURGON,CUBSO,1.0,165000.0,PEN,Soles,40,Unidad,PE-SEACE3-UnidadMedida
ocds-dgv273-seacev3-1187777,ocds-dgv273-seacev3-1187777-2026-02-14T10:02:28.864613-05:00,1187777-20524997551,21201935,1,CONTRATACIÓN DEL SERVICIO DE PRODUCCIÓN GENERAL Y ORGANIZACIÓN DE EVENTO EN EL MARCO DE LA PRIMERA EDICIÓN DE LA CUMBRE ITP RED CITE 2026,CONTRATADO,active,8014160700284416,SERVICIO DE PRODUCCION Y REALIZACION DE EVENTOS,CUBSO,1.0,600000.0,PEN,Soles,40,Unidad,PE-SEACE3-UnidadMedida
ocds-dgv273-seacev3-1185670,ocds-dgv273-seacev3-1185670-2026-02-14T10:02:21.265141-05:00,1185670-20607079936,21199181,1,SERVICIO DE INSTALACION DE GRASS SINTETICO,CONTRATADO,active,7215400200254785,SERVICIO DE INSTALACION DE CESPED SINTETICO,CUBSO,1.0,64495.0,PEN,Soles,36,Servicio,PE-SEACE3-UnidadMedida
ocds-dgv273-seacev3-1187669,ocds-dgv273-seacev3-1187669-2026-02-14T10:02:20.885734-05:00,1187669-10106884515,21201521,1,Contratación del servicio de Especialista en costos y presupuestos para la UGP-PTAR\npara el Programa Sectorial de Alcantarillado y Tratamiento de Aguas Residuales en\nCiudades de provincias del Perú.,CONTRATADO,active,9315160300284526,SERVICIO DE ASISTENCIA EN COSTOS Y PRESUPUESTO DE OBRAS CIVILES,CUBSO,1.0,44000.0,PEN,Soles,36,Servicio,PE-SEACE3-UnidadMedida
ocds-dgv273-seacev3-1184884,ocds-dgv273-seacev3-1184884-2026-02-13T10:05:47.301423-05:00,1184884-20297566866,21195666,1,SERVICIO DE DISPOSICIÓN FINAL DE RESIDUOS SÓLIDOS MUNICIPALES,CONTRATADO,active,7612200100356840,"SERVICIO DE DISPOSICION FINAL DE RESIDUOS SOLIDOS (RECOJO, TRANSPORTE, TRATAMIENTO)",CUBSO,1.0,279200.0,PEN,Soles,36,Servicio,PE-SEACE3-UnidadMedida
ocds-dgv273-seacev3-1185356,ocds-dgv273-seacev3-1185356-2026-02-13T10:05:44.377612-05:00,1185356-20148011975,21198868,1,CONTRATACIÓN DEL SERVICIO DE ARRENDAMIENTO DE UN INMUEBLE PARA EL FUNCIONAMIENTO DE LAS OFICINAS ADMINISTRATIVAS DE LA UNIVERSIDAD NACIONAL AUTÓNOMA DE CUTERVO PARA EL AÑO FISCAL 2026,CONTRATADO,active,8013150200094959,SERVICIO DE ALQUILER DE INMUEBLE,CUBSO,1.0,96000.0,PEN,Soles,36,Servicio,PE-SEACE3-UnidadMedida
ocds-dgv273-seacev3-1185200,ocds-dgv273-seacev3-1185200-2026-02-13T10:05:42.655405-05:00,1185200-20522118240,21196636,1,"SERVICIO DE ASESORIA JURIDICA ESPECIALIZADA EN EL PROCESO ARBITRAL N 0329-2025-CCL, PROMOVIDO POR EL CONSORCIO SAN CAMILO, POR LAS CONTROVERSIAS SURGIDAS POR LA RESOLUCION DEL CONTRATO GL-C-104-2017 EJECUCIÓN DE OBRA PLAN DE CIERRE DEL DEPOSITO DE DESMONTES EXCELSIOR",ADJUDICADO,pending,8012170400392555,SERVICIO DE ASESORIA JURIDICA EN EL MARCO DEL ARBITRAJE INTERNACIONAL,CUBSO,1.0,115000.0,PEN,Soles,36,Servicio,PE-SEACE3-UnidadMedida
ocds-dgv273-seacev3-1179757,ocds-dgv273-seacev3-1179757-2026-02-13T10:05:31.882919-05:00,1179757-L5552918047,21180950,1,COMPLIANCE BLOOMBERG BVAULT,CONTRATADO,active,8111200100362003,SERVICIO DE INFORMACION EN LINEA DE LOS MERCADOS FINANCIEROS,CUBSO,1.0,111510.0,PEN,Soles,36,Servicio,PE-SEACE3-UnidadMedida
ocds-dgv273-seacev3-2026-663-1,ocds-dgv273-seacev3-2026-663-1-2026-02-13T10:05:31.830610-05:00,1184995-10425176078,21196104,1,ADQUISICION DE COMBUSTIBLE DIESEL B5- S50,CONTRATADO,active,1510150500233280,DIESEL B5 S-50,CUBSO,18150.0,295845.0,PEN,Soles,13,Galon,PE-SEACE3-UnidadMedida
ocds-dgv273-seacev3-1185817,ocds-dgv273-seacev3-1185817-2026-02-13T10:05:20.632381-05:00,1185817-20606768045,21199370,1,"CONTRATACIÓN DE BIENES: ADQUISICIÓN DE AGREGADOS, PARA LA EJECUCIÓN DE LA OBRA: ¿MEJORAMIENTO DEL SERVICIOS DE ESPACIOS PÚBLICOS URBANOS EN LA PLAZUELA DEL CASERÍO CHOPIJIRCA DISTRITO DE SAN MIGUEL DE ACO DE LA PROVINCIA DE CARHUAZ DEL DEPARTAMENTO D",CONTRATADO,active,3011180100368864,AGREGADO GLOBAL,CUBSO,1.0,70865.8,PEN,Nuevos Soles,40,Unidad,PE-SEACE3-UnidadMedida
ocds-dgv273-seacev3-2026-196-1,ocds-dgv273-seacev3-2026-196-1-2026-02-13T10:05:16.917827-05:00,1185048-20606768045,21196497,1,"CONTRATACIÓN DE BIENES: ADQUISICIÓN DE CEMENTO PORTLAND TIPO I (42.5 kg), PARA LA EJECUCIÓN DE LA OBRA: ""MEJORAMIENTO DEL SERVICIOS DE ESPACIOS PÚBLICOS URBANOS EN LA PLAZUELA DEL CASERÍO CHOPIJIRCA DISTRITO DE SAN MIGUEL DE ACO DE LA PROVINCIA DE CARHUAZ DEL DEPARTAMENTO DE ANCASH"", CON CUI N°2667458.",CONTRATADO,active,3011160100012771,CEMENTO PORTLAND TIPO I X 42.50 kg,CUBSO,1.0,80509.0,PEN,Soles,40,Unidad,PE-SEACE3-UnidadMedida
ocds-dgv273-seacev3-2026-200369-4,ocds-dgv273-seacev3-2026-200369-4-2026-02-13T10:05:16.902764-05:00,1184852-10700901225,21195646,1,"SERVICIO DE TRANSPORTE, INCLUIDO MODULADO Y EMBALAJE, PARA LA DISTRIBUCIÓN DE MATERIALES EDUCATIVOS, MATERIALES DE LIMPIEZA Y MATERIALES FUNGIBLES - DOTACIÓN 2026, PARA LAS INSTITUCIONES EDUCATIVAS DE LA JURISDICCIÓN DE LA UNIDAD DE GESTIÓN EDUCATIVA",CONTRATADO,active,7814150100232661,SERVICIO DE TRANSPORTE DE TEXTOS ESCOLARES Y MATERIAL EDUCATIVO,CUBSO,1.0,142560.94,PEN,Soles,36,Servicio,PE-SEACE3-UnidadMedida
ocds-dgv273-seacev3-1185814,ocds-dgv273-seacev3-1185814-2026-02-13T10:05:08.811068-05:00,1185814-20603559534,21199358,1,"CONTRATACIÓN DE BIENES: \nADQUISICIÓN DE MADERAS, PARA LA EJECUCIÓN DE LA OBRA: ¿MEJORAMIENTO DEL SERVICIOS DE ESPACIOS PÚBLICOS URBANOS EN LA PLAZUELA DEL CASERÍO CHOPIJIRCA DISTRITO DE SAN MIGUEL DE ACO DE LA PROVINCIA DE CARHUAZ DEL DEPARTAMENTO DE",CONTRATADO,active,3010360300286443,MADERA TORNILLO DE 1 1/2 in X 10 in X 11 ft,CUBSO,1.0,59500.0,PEN,Soles,40,Unidad,PE-SEACE3-UnidadMedida
ocds-dgv273-seacev3-2026-702-7,ocds-dgv273-seacev3-2026-702-7-2026-02-13T10:05:07.640824-05:00,1184829-10470750524,21195641,1,"ADQUISICION DE POSTES DE CONCRETO ARMADO CENTRIFUGADO CORRESPONDIENTE AL PROYECTO ¿AMPLIACION DEL SERVICIO DE SUMINISTRO ELECTRICO DOMICIALIARIO EN ZONAS RURALES EN LOS SECTORES LA CATAHUA, LAS PALMERAS, LA FILA, SAN ANTONIO, LA PLAYITA Y LA JALQUILL",CONTRATADO,active,,,,436.0,199000.0,PEN,Soles,40,Unidad,PE-SEACE3-UnidadMedida
ocds-dgv273-seacev3-1185647,ocds-dgv273-seacev3-1185647-2026-02-12T10:06:45.608711-05:00,1185647-20418767279,21196998,2,"SERVICIO DE ALIMENTACIÓN PARA INTERNOS Y PERSONAL DE SEGURIDAD DE LOS E.P., CAÑETE",CONTRATADO,active,9111160300225304,SERVICIO DE CONCESIONARIO (A) DE ALIMENTOS,CUBSO,383400.0,2779560.0,PEN,Soles,36,Servicio,PE-SEACE3-UnidadMedida
ocds-dgv273-seacev3-1185647,ocds-dgv273-seacev3-1185647-2026-02-12T10:06:45.608711-05:00,1185647-20418767279,21196999,3,SERVICIO DE ALIMENTACIÓN PARA INTERNOS Y PERSONAL DE SEGURIDAD E.P. CHINCHA DE LA ORL INPE,CONTRATADO,active,9111160300225304,SERVICIO DE CONCESIONARIO (A) DE ALIMENTOS,CUBSO,335700.0,2432250.0,PEN,Soles,36,Servicio,PE-SEACE3-UnidadMedida
ocds-dgv273-seacev3-1185647,ocds-dgv273-seacev3-1185647-2026-02-12T10:06:45.608711-05:00,1185647-20418767279,21196997,1,ALIMENTACIÓN PARA INTERNOS Y PERSONAL DE SEGURIDAD DE E.P. ICA DE LA ORL INPE,CONTRATADO,active,9111160300225304,SERVICIO DE CONCESIONARIO (A) DE ALIMENTOS,CUBSO,543600.0,3940650.0,PEN,Soles,36,Servicio,PE-SEACE3-UnidadMedida
ocds-dgv273-seacev3-2026-1926-11,ocds-dgv273-seacev3-2026-1926-11-2026-02-12T10:06:41.599482-05:00,1184783-L5552918060,21195555,1,Contratación del servicio de suscripción de descarga de cotizaciones de CME Group,CONTRATADO,active,8111200200228549,SERVICIO DE INFORMACION FINANCIERA,CUBSO,1.0,16887.69,USD,Dólar Norteamericano,36,Servicio,PE-SEACE3-UnidadMedida
ocds-dgv273-seacev3-2026-200033-3,ocds-dgv273-seacev3-2026-200033-3-2026-02-12T10:06:17.368767-05:00,1185425-20608268511,21198929,1,CONTRATACIÓN DE SERVICIOS: CONFECCIÓN E INSTALACIÓN DE BANNER TIPO PASACALLES EN LA JURISDICCIÓN DEL DISTRITO DE SAN JUAN BAUTISTA,CONTRATADO,active,8210170100228470,SERVICIO DE PUBLICIDAD EN BANNERS,CUBSO,1.0,85500.0,PEN,Soles,36,Servicio,PE-SEACE3-UnidadMedida
ocds-dgv273-seacev3-2026-1525-3,ocds-dgv273-seacev3-2026-1525-3-2026-02-12T10:06:17.110988-05:00,1184685-20605513663,21195316,1,ADQUISICION DE ALIMENTOS PARA EL PROGRAMA DEL VASO DE LECHE DE LA MUNICIPALIDAD DISTRITAL DE VARGAS GUERRA PARA EL EJERCICIO FISCAL 2026,CONTRATADO,active,,,,1.0,234475.2,PEN,Soles,40,Unidad,PE-SEACE3-UnidadMedida
ocds-dgv273-seacev3-2026-200206-1,ocds-dgv273-seacev3-2026-200206-1-2026-02-12T10:06:09.212785-05:00,1185147-20602401988,21196557,1,"CONTRATACIÓN DEL SERVICIO DE MODULADO, ROTULADO, TRANSPORTE Y\nDISTRIBUCIÓN DE MATERIALES EDUCATIVOS ¿ DOTACIÓN 2026, A LAS\nINSTITUCIONES EDUCATIVAS DEL ÁMBITO DE LA UNIDAD DE GESTIÓN\nEDUCATIVA LOCAL DE SAN MARTÍN, PICOTA Y EL DORADO.",CONTRATADO,active,7814150100232661,SERVICIO DE TRANSPORTE DE TEXTOS ESCOLARES Y MATERIAL EDUCATIVO,CUBSO,1.0,214791.62,PEN,Soles,36,Servicio,PE-SEACE3-UnidadMedida
ocds-dgv273-seacev3-1185612,ocds-dgv273-seacev3-1185612-2026-02-12T10:06:05.462296-05:00,1185612-20418767279,21199128,1,SERVICIO DE ALIMENTACIÓN PARA INTERNOS Y PERSONAL DE SEGURIDAD DEL E.P. MIGUEL CASTRO CASTRO DE LA ORL INPE,CONTRATADO,active,9111160300225304,SERVICIO DE CONCESIONARIO (A) DE ALIMENTOS,CUBSO,399100.0,3201900.0,PEN,Soles,36,Servicio,PE-SEACE3-UnidadMedida
ocds-dgv273-seacev3-2026-200073-1,ocds-dgv273-seacev3-2026-200073-1-2026-02-11T10:04:06.498450-05:00,1184771-10013280903,21195542,1,"CONTRATACIÓN DEL SERVICIO DE TRANSPORTE TERRESTRE PARA LA DISTRIBUCIÓN DE MATERIALES EDUCATIVOS (DIGERE) DOTACIÓN ¿ 2026 y DISTRIBUCIÓN DE KITS DE MATERIAL FUNGIBLE, MATERIAL DE OFICINA, ENSEÑANZA Y LIMPIEZA A LAS INSTITUCIONES EDUCATIVAS DE NIVEL IN",ADJUDICADO,pending,7810180200232499,SERVICIO DE TRANSPORTE DE CARGA TERRESTRE NACIONAL,CUBSO,37746.0,75114.54,PEN,Soles,18,Kilogramo,PE-SEACE3-UnidadMedida
ocds-dgv273-seacev3-2026-1802-1,ocds-dgv273-seacev3-2026-1802-1-2026-02-11T10:03:54.196168-05:00,1184565-20600571916,21195507,2,LECHE EVAPORADA DE 410 GRAMOS,CONTRATADO,active,5013170200307453,LECHE EVAPORADA ENTERA X 400 g  APROX.,CUBSO,10259.0,46165.5,PEN,Soles,40,Unidad,PE-SEACE3-UnidadMedida
ocds-dgv273-seacev3-2026-1802-1,ocds-dgv273-seacev3-2026-1802-1-2026-02-11T10:03:54.196168-05:00,1184565-20609792591,21195506,1,"HOJUELAS PRECOCIDAS AZUCARADAS DE AVENA, CAÑIHUA, QUINUA, CEBADA, MACA, ALBUMINA DE HUEVO FORTIFICADA CON VITAMINAS Y MINERALES 1KG",CONTRATADO,active,5019210900393192,"HOJUELA PRECOCIDA DE AVENA, QUINUA, KIWICHA, SOYA, MACA Y AJONJOLI FORTIFICADA CON VITAMINAS Y MINERALES",CUBSO,5425.0,43400.0,PEN,Soles,18,Kilogramo,PE-SEACE3-UnidadMedida
ocds-dgv273-seacev3-2026-1769-2,ocds-dgv273-seacev3-2026-1769-2-2026-02-11T10:03:41.629302-05:00,1185332-20610319018,21196786,1,SERVICIO ALQUILER DE CAMION PARA DE RECOJO DE RESIDUOS SOLIDOS DE LOS MESES DE FEBRERO A DICIEMBRE DEL 2026,CONTRATADO,active,7810180500232933,SERVICIO DE ALQUILER DE CAMION VOLQUETE,CUBSO,1.0,77000.0,PEN,Soles,36,Servicio,PE-SEACE3-UnidadMedida
ocds-dgv273-seacev3-2026-1479-19,ocds-dgv273-seacev3-2026-1479-19-2026-02-08T10:00:15.068651-05:00,1185248-10052833197,21196682,1,CONTRATACION DE BIENES: ADQUISICIÓN DE MATERIALES RÚSTICOS PARA CONSTRUCCIÓN DE PUENTES PEATONALES TEMPORALES POR INUNDACIÓN EN ASENTAMIENTOS HUMANOS DEL DISTRITO DE IQUITOS.,CONTRATADO,active,,,,1.0,473225.0,PEN,Soles,40,Unidad,PE-SEACE3-UnidadMedida
ocds-dgv273-seacev3-2026-1819-1,ocds-dgv273-seacev3-2026-1819-1-2026-02-08T10:00:14.210122-05:00,1185105-20600571916,21196528,1,INSUMOS DE PVL,CONTRATADO,active,,,,2.0,74419.0,PEN,Soles,40,Unidad,PE-SEACE3-UnidadMedida
ocds-dgv273-seacev3-1184699,ocds-dgv273-seacev3-1184699-2026-02-08T10:00:10.495127-05:00,1184699-10718799541,21195448,2,CONTRATACIÓN DEL SERVICIO DE ALIMENTACIÓN DE CONSUMO HUMANO PARA PERSONAL PNP DE LA DIVREINT PNP SAN MARTIN DE LA REGION POLICIAL SAN MARTIN,CONTRATADO,active,9111160300225304,SERVICIO DE CONCESIONARIO (A) DE ALIMENTOS,CUBSO,1.0,111326.2,PEN,Soles,36,Servicio,PE-SEACE3-UnidadMedida
ocds-dgv273-seacev3-1184699,ocds-dgv273-seacev3-1184699-2026-02-08T10:00:10.495127-05:00,1184699-10718799541,21195447,1,CONTRATACIÓN DEL SERVICIO DE ALIMENTACIÓN DE CONSUMO HUMANO PARA PERSONAL PNP DEL EQUIPO DE INTELIGENCIA PNP MOYOBAMBA DE LA REGION POLICIAL SAN MARTIN,CONTRATADO,active,9111160300225304,SERVICIO DE CONCESIONARIO (A) DE ALIMENTOS,CUBSO,1.0,52388.8,PEN,Soles,36,Servicio,PE-SEACE3-UnidadMedida
ocds-dgv273-seacev3-2026-227-3,ocds-dgv273-seacev3-2026-227-3-2026-02-08T10:00:02.988853-05:00,1184525-20571409926,21194580,1,CONTRATACIÓN DEL SUMINISTRO DE CEMENTO PORTLAND TIPO I x 42.5 Kgs,CONTRATADO,active,3011160100012771,CEMENTO PORTLAND TIPO I X 42.50 kg,CUBSO,4410.0,125023.5,PEN,Soles,40,Unidad,PE-SEACE3-UnidadMedida
ocds-dgv273-seacev3-1184392,ocds-dgv273-seacev3-1184392-2026-02-08T10:00:00.619597-05:00,1184392-20100017491,21193840,1,Servicio de acceso a internet con protección ANTIDDOS y conexión con Sucursales,CONTRATADO,active,8312170300391700,SERVICIO DE LINEA DEDICADA A INTERNET DE 300 MBPS,CUBSO,1.0,475358.75,PEN,Soles,36,Servicio,PE-SEACE3-UnidadMedida
ocds-dgv273-seacev3-2026-227-4,ocds-dgv273-seacev3-2026-227-4-2026-02-08T10:00:00.045016-05:00,1184522-20600194411,21194574,1,CONTRATACIÓN DEL SUMINISTRO DE CEMENTO PORTLAND TIPO I x 42.5 Kgs,CONTRATADO,active,3011160100012771,CEMENTO PORTLAND TIPO I X 42.50 kg,CUBSO,5078.0,139086.42,PEN,Soles,40,Unidad,PE-SEACE3-UnidadMedida
ocds-dgv273-seacev3-2026-231729-1,ocds-dgv273-seacev3-2026-231729-1-2026-02-07T10:00:18.453508-05:00,1186535-10096580172,21200166,1,Consultoría Individua de Un/a Especialista de Tesoreria del Proyecto,CONTRATADO,active,8410150100227082,CONSULTORIA DE ELABORACION DE ANALISIS DE ADMINISTRACION FINANCIERA,CUBSO,1.0,69300.0,PEN,Soles,36,Servicio,PE-SEACE3-UnidadMedida
ocds-dgv273-seacev3-1186224,ocds-dgv273-seacev3-1186224-2026-02-07T10:00:14.825976-05:00,1186224-10040861934,21199762,1,COORDINADORA DEL EQUIPO DE SUPERVISION DE LA UE003,CONTRATADO,active,8010150500229443,"SERVICIO DE SUPERVISION, MONITOREO Y EVALUACION DE PLANES OPERATIVOS",CUBSO,1.0,39000.0,PEN,Soles,36,Servicio,PE-SEACE3-UnidadMedida
ocds-dgv273-seacev3-2026-231729-5,ocds-dgv273-seacev3-2026-231729-5-2026-02-07T10:00:06.744440-05:00,1186529-10167184087,21200156,1,Gestor de Contrato Levantamiento Catastral Lote 3C y Lote 5,CONTRATADO,active,8115160400226913,SERVICIO DE LEVANTAMIENTO CATASTRAL,CUBSO,1.0,39000.0,PEN,Soles,36,Servicio,PE-SEACE3-UnidadMedida
ocds-dgv273-seacev3-2026-10570-1,ocds-dgv273-seacev3-2026-10570-1-2026-02-07T10:00:03.253759-05:00,1184744-10407762067,21195486,1,CONTRATACION DE SERVICIO DE TRANSPORTE PARA LA DISTRIBUCION DE MATERIAL EDUCATIVO DOTACION 2026,ADJUDICADO,pending,7814150100232661,SERVICIO DE TRANSPORTE DE TEXTOS ESCOLARES Y MATERIAL EDUCATIVO,CUBSO,1.0,72231.39,PEN,Soles,36,Servicio,PE-SEACE3-UnidadMedida
ocds-dgv273-seacev3-1186486,ocds-dgv273-seacev3-1186486-2026-02-07T09:59:55.703466-05:00,1186486-10719517060,21200108,1,CONSULTORÍA INDIVIDUAL DE UN ANALISTA DE COMUNICACIONES,CONTRATADO,active,8010150500227185,SERVICIO DE ELABORACION DE PLANES COMUNICACIONALES,CUBSO,1.0,36000.0,PEN,Soles,36,Servicio,PE-SEACE3-UnidadMedida
ocds-dgv273-seacev3-1186496,ocds-dgv273-seacev3-1186496-2026-02-07T09:59:53.521821-05:00,1186496-10419027664,21200130,1,ASISTENCIA TÉCNICA A LA MUNICIPALIDAD PROVINCIAL DE PIURA,CONTRATADO,active,8016150400227110,SERVICIO DE ASISTENCIA TECNICA ADMINISTRATIVA,CUBSO,1.0,6800.0,PEN,Soles,36,Servicio,PE-SEACE3-UnidadMedida
ocds-dgv273-seacev3-1186373,ocds-dgv273-seacev3-1186373-2026-02-06T10:03:49.448605-05:00,1186373-20110399872,21197763,1,SERVICIO DE AUDITORIA EN TEMAS FINANCIEROS,CONTRATADO,active,8411160300228944,SERVICIO DE AUDITORIA EN TEMAS FINANCIEROS,CUBSO,1.0,103360.0,PEN,Soles,36,Servicio,PE-SEACE3-UnidadMedida
ocds-dgv273-seacev3-1186384,ocds-dgv273-seacev3-1186384-2026-02-06T10:03:49.434745-05:00,1186384-10161761759,21199937,1,"SERVICIO DE ESPECIALISTA EN GESTION DE INTEGRACION DE SISTEMAS DE INFORMACION PARA EL SISTEMA DE ATENCION Y GESTION DE EMERGENCIAS (SAGE), EN EL MARCO DE LA IMPLEMENTACION DEL PROYECTO 911.",CONTRATADO,active,8010150700254853,CONSULTORIA PARA INTEGRACION E INTEROPERABILIDAD DE SISTEMAS,CUBSO,1.0,144000.0,PEN,Soles,36,Servicio,PE-SEACE3-UnidadMedida
ocds-dgv273-seacev3-1184919,ocds-dgv273-seacev3-1184919-2026-02-06T10:03:48.687379-05:00,1184919-10239781107,21195756,1,ALQUILER DE CASA HOGAR,CONTRATADO,active,9011150400094960,SERVICIO DE ALQUILER DE CASA DE CAMPO,CUBSO,1.0,54000.0,PEN,Soles,36,Servicio,PE-SEACE3-UnidadMedida
ocds-dgv273-seacev3-1185601,ocds-dgv273-seacev3-1185601-2026-02-06T10:03:35.646581-05:00,1185601-1763790,21199111,1,"Evaluación Intermedia del Programa de innovación, modernización tecnológica y \nemprendimiento (PE-L1263)",CONTRATADO,active,8014150900287235,CONSULTORIA DE EVALUACION RESULTADOS EN COMPETITIVIDAD,CUBSO,1.0,495471.43,PEN,Soles,36,Servicio,PE-SEACE3-UnidadMedida
ocds-dgv273-seacev3-1185052,ocds-dgv273-seacev3-1185052-2026-02-06T10:03:35.457894-05:00,1185052-20604718156,21196513,01,"CONTRATACION DE SERVICIO DE ALQUILER DE CAMIONETA 4X4 DOBLE CABINA PICK UP  MAQUINA SECA INCLUIDO CONDUCTOR PARA LA OFICINA DE ALCALDÍA DE LA MUNICIPALIDAD DISTRITAL DE PACUCHA, PROVINCIA DE ANDAHUAYLAS ¿ DEPARTAMENTO DE APURÍMAC.",CONSENTIDO,active,7811180800371310,SERVICIO DE ALQUILER DE CAMIONETA PICK UP CABINA DOBLE 4 X 4,CUBSO,1.0,66000.0,PEN,Soles,36,Servicio,PE-SEACE3-UnidadMedida
ocds-dgv273-seacev3-1185797,ocds-dgv273-seacev3-1185797-2026-02-06T10:03:28.261577-05:00,1185797-20382072023,21197220,1,"ADQUISICION DE 40,000 M3 DE OXIGENO MEDICINAL LIQUIDO AL 99.5%, PARA EL ABASTECIMIENTO EN LOS DIFERENTES SERVICIOS DEL HOSPITAL DE LIMA ESTE VITARTE¿",CONTRATADO,active,1214190400024338,OXIGENO,CUBSO,40000.0,145848.0,PEN,Soles,26,M3,PE-SEACE3-UnidadMedida
ocds-dgv273-seacev3-2026-1150-1,ocds-dgv273-seacev3-2026-1150-1-2026-02-06T10:03:25.951790-05:00,1184740-20604327947,21195483,1,ADQUISICION DE ALIMENTOS PARA LA ATENCION A LOS BENEFICIARIOS DEL PROGRAMA DEL VASO DE LECHE PARA EL AÑO 2026,CONTRATADO,active,,,,2.0,145660.0,PEN,Soles,40,Unidad,PE-SEACE3-UnidadMedida
ocds-dgv273-seacev3-1185887,ocds-dgv273-seacev3-1185887-2026-02-06T10:03:25.738456-05:00,1185887-L0603769128,21197261,1,SUSCRIPCIÓN DE LICENCIAS DEL SOFTWARE TELERIK DEVCRAFT ULTIMATE,CONTRATADO,active,8111200100390330,SERVICIO DE SUSCRIPCION A LICENCIA DE SOFTWARE DE OPTIMIZACION DE APLICACIONES,CUBSO,1.0,3254.52,USD,Dólar Norteamericano,36,Servicio,PE-SEACE3-UnidadMedida
ocds-dgv273-seacev3-1185555,ocds-dgv273-seacev3-1185555-2026-02-06T10:03:25.154721-05:00,1185555-L5552918067,21196952,1,SERVICIO DE CAPACITACIÓN PARA EL FORTALECIMIENTO DE CAPACIDADESDE INCUBADORAS YACELERADORAS EMERGENTES REGIONALES.,CONTRATADO,active,8011150400226012,CONSULTORIA DE ELABORACION DE SISTEMA DE CAPACITACION DE GESTION DE INVERSION PUBLICA,CUBSO,1.0,212400.0,USD,Dólar Norteamericano,36,Servicio,PE-SEACE3-UnidadMedida
ocds-dgv273-seacev3-1185149,ocds-dgv273-seacev3-1185149-2026-02-06T10:03:16.954477-05:00,1185149-10438042216,21198459,1,"ADQUISICION DE TERRENO; EN EL(LA) SERVICIOS OPERATIVOS O MISIONALES INSTITUCIONALES EN EL CENTRO DE DESARROLLO HUMANO DISTRITO DE SAN MARCOS, PROVINCIA HUARI, DEPARTAMENTO ANCASH, CON CUI N° 2703616.",CONTRATADO,active,9510150500086739,TERRENO URBANO,CUBSO,3000.0,5400480.53,PEN,Soles,25,M2,PE-SEACE3-UnidadMedida
ocds-dgv273-seacev3-1184564,ocds-dgv273-seacev3-1184564-2026-02-06T10:03:16.921882-05:00,1184564-20507852549,21194905,1,SERVICIO DE ENTREGA DE APOYO ALIMENTARIO,CONTRATADO,active,8414160200392729,SERVICIO DE EMISION DE TARJETA ELECTRONICA PARA CONSUMO DE ALIMENTOS,CUBSO,1.0,189489.3,PEN,Soles,36,Servicio,PE-SEACE3-UnidadMedida
ocds-dgv273-seacev3-1185313,ocds-dgv273-seacev3-1185313-2026-02-06T10:03:16.631696-05:00,1185313-L5552918068,21198678,1,CONCENTRADO DE FACTOR IX 500-600 UI - AM,ADJUDICADO,pending,5120180100278665,FACTOR IX CONCENTRADO HUMANO 500 UI INY,CUBSO,26576.0,24626384.64,PEN,Soles,40,Unidad,PE-SEACE3-UnidadMedida
ocds-dgv273-seacev3-1185861,ocds-dgv273-seacev3-1185861-2026-02-05T10:04:03.626947-05:00,1185861-L5552918069,21199409,1,SUSCRIPCION ANUAL A BASE DE DATOS BIBLIOGRÁFICA,CONTRATADO,active,8116150100382464,SUSCRIPCION ANUAL A BASE DE DATOS BIBLIOGRÁFICA,CUBSO,1.0,63861.5,USD,Dólar Norteamericano,36,Servicio,PE-SEACE3-UnidadMedida
ocds-dgv273-seacev3-1185852,ocds-dgv273-seacev3-1185852-2026-02-05T10:03:53.549629-05:00,1185852-10411203501,21199392,1,"ESPECIALISTA SOCIAL PARA LA IMPLEMENTACIÓN DEL PROYECTO ¿CREACIÓN DE UN SISTEMA DE ATENCIÓN DE EMERGENCIAS, URGENCIAS E INFORMACIÓN MEDIANTE UN NÚMERO ÚNICO 911 EN LIMA METROPOLITANA Y EL CALLAO¿ - (PROYECTO 911)",CONTRATADO,active,9314150900356872,SERVICIO DE PREVENCION DE CONFLICTOS SOCIALES,CUBSO,1.0,132000.0,PEN,Nuevos Soles,36,Servicio,PE-SEACE3-UnidadMedida
ocds-dgv273-seacev3-1185846,ocds-dgv273-seacev3-1185846-2026-02-05T10:03:50.710971-05:00,1185846-20612666629,21199379,1,"ADQUISICION DE DOS (02) CUATRIMOTOS PARA EL PROYECTO ¿MEJORAMIENTO DEL SERVICIO DE ATENCION DE SALUD BASICOS EN LA VIGILANCIA EPIDEMIOLOGICA PARA LA PREVENCION DE LAS ENFERMEDADES METAXENICAS, DISTRITO DE VILLA VIRGEN DE LA PROVINCIA DE LA CONVENCION",CONTRATADO,active,2510190800275697,CUATRIMOTO DE 400 cm3,CUBSO,2.0,109900.0,PEN,Soles,40,Unidad,PE-SEACE3-UnidadMedida
ocds-dgv273-seacev3-1185822,ocds-dgv273-seacev3-1185822-2026-02-05T10:03:49.809426-05:00,1185822-10054154122,21199407,1,"SERVICIO DE CONSULTORIA POR PAQUETE, PARA PREVENIR RIESGOS Y DESATRES MEDIANTE LA ELABORACIÓN DE ESTUDIOS DE PREINVERSION Y EXPEDIENTES TECNICOS DE PROYECTOS DE INVERSION CON CODIGO DE IDEA N° 387570, 387562, 387355, 387387, 387563, 387711, 387770.",CONTRATADO,active,,,,1.0,2037150.0,PEN,Soles,40,Unidad,PE-SEACE3-UnidadMedida
ocds-dgv273-seacev3-1184752,ocds-dgv273-seacev3-1184752-2026-02-05T10:03:49.400470-05:00,1184752-10273790891,21195517,1,"¿ADQUISICION DE TERRENO; EN(LA) ESPACIO FISICO PARA LA PRACTICA DEPORTIVA Y/O RECREATIVA EN EL CENTRO POBLADO LANCHEBAMBA EL PARAJE, DISTRITO DE LAJAS, PROVINCIA DE CHOTA, DEPARTAMENTO DE CAJAMARCA¿, CON CUI N° 2717503",CONTRATADO,active,9510190100086740,TERRENO RURAL,CUBSO,1.0,53000.0,PEN,Soles,40,Unidad,PE-SEACE3-UnidadMedida
ocds-dgv273-seacev3-1184838,ocds-dgv273-seacev3-1184838-2026-02-05T10:03:31.310348-05:00,1184838-20602276890,21195611,1,"SERVICIO DE VIGILANCIA Y SEGURIDAD MEDIANTE CONTRATACIÓN DIRECTA POR CAUSAL DE DESABASTECIMIENTO INMINENTE, POR UN PERIODO DE 150 DÍAS  PARA LAS INSTALACIONES DE HONADOMANI-SB",CONTRATADO,active,9210150100094854,SERVICIO DE SEGURIDAD Y VIGILANCIA,CUBSO,1.0,1089000.53,PEN,Soles,36,Servicio,PE-SEACE3-UnidadMedida
ocds-dgv273-seacev3-1186230,ocds-dgv273-seacev3-1186230-2026-02-05T10:03:27.141931-05:00,1186230-10414041430,21197629,1,"SERVICIO DE CONSULTORÍA PARA APOYO EN PROCESOS DE SISTEMA DE CONTROL \nINTERNO, SERVICIOS DE CONTROL SIMULTÁNEO, PROGRAMA DE INTEGRIDAD Y \nOTROS DE LA UEMSI",CONTRATADO,active,8012210100394301,SERVICIO LEGAL EN CONTRATACIONES DEL ESTADO,CUBSO,1.0,60000.0,PEN,Soles,40,Unidad,PE-SEACE3-UnidadMedida
ocds-dgv273-seacev3-2026-200537-22,ocds-dgv273-seacev3-2026-200537-22-2026-02-05T10:03:26.995697-05:00,1185916-10082531969,21199461,1,CONTRATACIÓN DEL SERVICIO DE ALQUILER DE INMUEBLE PARA LAS OFICINAS DE LA UNIDAD EJECUTORA 003: GESTIÓN INTEGRAL DE LA CALIDAD AMBIENTAL,CONTRATADO,active,8013150200094959,SERVICIO DE ALQUILER DE INMUEBLE,CUBSO,1.0,168000.0,PEN,Soles,36,Servicio,PE-SEACE3-UnidadMedida
ocds-dgv273-seacev3-1186012,ocds-dgv273-seacev3-1186012-2026-02-05T10:03:26.477290-05:00,1186012-10054137490,21197389,1,"SERVICIO DE CONSULTORIA POR PAQUETE, PARA PREVENIR RIESGOS Y DESATRES MEDIANTE LA ELABORACIÓN DE ESTUDIOS DE PRE INVERSION Y EXPEDIENTES TECNICOS DE PROYECTOS DE INVERSION CON CODIGO DE IDEA N¿ 388496, 388453, 388487, 388476, 387663, DEL DISTRITO DE",CONTRATADO,active,,,,1.0,1065667.5,PEN,Soles,40,Unidad,PE-SEACE3-UnidadMedida
ocds-dgv273-seacev3-1184757,ocds-dgv273-seacev3-1184757-2026-02-04T10:04:12.474607-05:00,1184757-20609959356,21195522,01,CONTRATACIÓN DEL SERVICIO DE PROTECCIÓN CON ROCA AL VOLTEO EN TRAMOS CRÍTICOS DEL RÍO APURÍMAC EN EL SECTOR SANTA ROSA (A TODO COSTO) PARA LA ACTIVIDAD: ¿PROTECCIÓN CON ROCA AL VOLTEO EN TRAMOS CRÍTICOS DEL RIO APURÍMAC EN EL SECTOR SANTA ROSA DEL CE,CONTRATADO,active,7214150500351762,SERVICIO DE DESCOLMATACION DE RIOS DRENES Y QUEBRADAS,CUBSO,1.0,527000.0,PEN,Soles,36,Servicio,PE-SEACE3-UnidadMedida
ocds-dgv273-seacev3-1185451,ocds-dgv273-seacev3-1185451-2026-02-04T10:04:05.408642-05:00,1185451-20303180720,21196903,1,ADQUISICIÓN DE ACCESORIOS DEL VCR DE TURBINA PAR-STK-001-A DE\nREFINERÍA TALARA,CONTRATADO,active,2611160200368966,ASIENTO DE AGUJA DE INYECTOR DE ACERO INOXIDABLE PARA TURBINA PELTON,CUBSO,1.0,23328.02,USD,Dólar Norteamericano,40,Unidad,PE-SEACE3-UnidadMedida
ocds-dgv273-seacev3-1185130,ocds-dgv273-seacev3-1185130-2026-02-04T10:04:01.119826-05:00,1185130-1762086,21196561,1,"CONTRATACION DE LA EJECUCIÓN DEL SALDO DE OBRA DEL PROYECTO DENOMINADO: ¿MEJORAMIENTO Y AMPLIACION DE LOS SERVICIOS DE SALUD DEL ESTABLECIMIENTO DE SALUD MARITZA CAMPOS DIAZ, DEL DISTRITO DE CERRO COLORADO, PROVINCIA AREQUIPA ¿ REGION AREQUIPA¿ ¿ CUI",ADJUDICADO,pending,7212140300340159,AMPLIACION DE INFRAESTRUCTURA DE SALUD,CUBSO,1.0,162303798.41,PEN,Soles,36,Servicio,PE-SEACE3-UnidadMedida
ocds-dgv273-seacev3-2026-20006-1,ocds-dgv273-seacev3-2026-20006-1-2026-02-04T10:04:00.921292-05:00,1184776-99000004533,21195546,1,SERVICIO DE INFORMACIÓN FINANCIERA MUNDIAL,CONTRATADO,active,8111200200228549,SERVICIO DE INFORMACION FINANCIERA,CUBSO,1.0,133670.4,USD,Dólar Norteamericano,36,Servicio,PE-SEACE3-UnidadMedida
ocds-dgv273-seacev3-2026-20006-1,ocds-dgv273-seacev3-2026-20006-1-2026-02-04T10:04:00.921292-05:00,1184776-99000004533,21195547,2,Servicio de información financiera mundial Datalicense.,CONTRATADO,active,8111200200228549,SERVICIO DE INFORMACION FINANCIERA,CUBSO,1.0,28320.0,USD,Dólar Norteamericano,36,Servicio,PE-SEACE3-UnidadMedida
ocds-dgv273-seacev3-1184383,ocds-dgv273-seacev3-1184383-2026-02-01T09:56:13.660846-05:00,1184383-20491628473,21193852,1,ADQUISICIÓN DE LECHE FRESCA DE VACA PARA ATENDER EL PROGRAMA VASO DE LECHE DEL DISTRITO DE CONDEBAMBA PERIODO 2026.,CONTRATADO,active,5013170100241233,LECHE FRESCA SIN LACTOSA,CUBSO,30112.5,75281.25,PEN,Soles,21,Litro,PE-SEACE3-UnidadMedida
ocds-dgv273-seacev3-1185654,ocds-dgv273-seacev3-1185654-2026-01-31T09:59:48.086901-05:00,1185654-10422252369,21199155,1,"ESPECIALISTA EN TELECOMUNICACIONES PARA LA IMPLEMENTACION DEL PROYECTO CREACIÓN DE UN SISTEMA DE ATENCIÓN DE EMERGENCIAS, URGENCIAS E INFORMACIÓN MEDIANTE UN NÚMERO ÚNICO 911 EN LIMA METROPOLITANA Y EL CALLAO - (PROYECTO 911).",CONTRATADO,active,8111170800255299,SERVICIO DE ELABORACION Y EVALUACION DE DOCUMENTOS TECNICOS PARA TELECOMUNICACIONES,CUBSO,1.0,132000.0,PEN,Soles,36,Servicio,PE-SEACE3-UnidadMedida
ocds-dgv273-seacev3-1185644,ocds-dgv273-seacev3-1185644-2026-01-31T09:59:39.914827-05:00,1185644-10461024535,21199146,1,"CONSULTORÍA EN COMUNICACIONES PARA LA IMPLEMENTACION DEL PROYECTO CREACIÓN DE UN SISTEMA DE ATENCIÓN DE EMERGENCIAS, URGENCIAS E INFORMACIÓN MEDIANTE UN NÚMERO ÚNICO 911 EN LIMA METROPOLITANA Y EL CALLAO - (PROYECTO 911)",CONTRATADO,active,8011160100395517,SERVICIO EN GESTION DE COMUNICACIONES Y PROMOCION DE SERVICIOS,CUBSO,1.0,102000.0,PEN,Soles,36,Servicio,PE-SEACE3-UnidadMedida
ocds-dgv273-seacev3-1184860,ocds-dgv273-seacev3-1184860-2026-01-31T09:59:36.039117-05:00,1184860-10282185356,21197029,1,ADQUISICION DE COMBUSTIBLE PARA ATENDER LAS EMEGEGENCIAS,CONTRATADO,active,,,,5880.0,99960.0,PEN,Soles,40,Unidad,PE-SEACE3-UnidadMedida
ocds-dgv273-seacev3-1185613,ocds-dgv273-seacev3-1185613-2026-01-31T09:59:35.615052-05:00,1185613-10093943525,21199129,1,"SERVICIO DE UN ESPECIALISTA EN MONITOREO Y EVALUACIÓN PARA LA IMPLEMENTACIÓN DEL PROYECTO ¿CREACIÓN DE UN SISTEMA DE ATENCIÓN DE EMERGENCIAS, URGENCIAS E INFORMACIÓN MEDIANTE UN NÚMERO ÚNICO 911 EN LIMA METROPOLITANA Y EL CALLAO (PROYECTO 911).",CONTRATADO,active,8010160400225639,CONSULTORIA DE REALIZACION PARA MONITOREO DE PROYECTO,CUBSO,1.0,132000.0,PEN,Nuevos Soles,36,Servicio,PE-SEACE3-UnidadMedida
ocds-dgv273-seacev3-1185660,ocds-dgv273-seacev3-1185660-2026-01-31T09:59:25.325769-05:00,1185660-10200287636,21199170,1,"ESPECIALISTA EN SISTEMAS Y TECNOLOGÍA DE LA INFORMACIÓN Y COMUNICACIÓN (TIC) PARA EL PROYECTO ¿CREACIÓN DE UN SISTEMA DE ATENCIÓN DE EMERGENCIAS, URGENCIAS E INFORMACIÓN MEDIANTE UN NÚMERO ÚNICO 911 EN LIMA METROPOLITANA Y EL CALLAO¿ ¿ (PROYECTO 911)",CONTRATADO,active,8010150700278878,CONSULTORIA PARA IMPLEMENTACION DE SISTEMA INFORMATICO,CUBSO,1.0,132000.0,PEN,Soles,36,Servicio,PE-SEACE3-UnidadMedida
ocds-dgv273-seacev3-1185408,ocds-dgv273-seacev3-1185408-2026-01-30T10:02:49.984101-05:00,1185408-L5552918065,21198924,1,SERVICIO DE ALQUILER DE 02 STANDS DE EXHIBICIÓN COMERCIAL PARA LA FERIA TRANOÏ PARIS 2026,CONTRATADO,active,8013150200094951,SERVICIO DE ALQUILER DE ESTAND DE EXHIBICION,CUBSO,1.0,10130.0,EUR,Euro,36,Servicio,PE-SEACE3-UnidadMedida
ocds-dgv273-seacev3-2026-1947-129,ocds-dgv273-seacev3-2026-1947-129-2026-01-30T10:02:49.854610-05:00,1185247-L0606465534,21198572,1,"SERVICIO DE PUBLICIDAD PARA LA CAMPAÑA ""ALWAYS ON ¿ YTQP 2026"" EN META",CONTRATADO,active,8210160300228453,SERVICIO DE PUBLICIDAD EN PAGINA WEB,CUBSO,1.0,319583.33,USD,Dólar Norteamericano,36,Servicio,PE-SEACE3-UnidadMedida
ocds-dgv273-seacev3-1184990,ocds-dgv273-seacev3-1184990-2026-01-30T10:02:40.785735-05:00,1184990-20607515574,21195963,1,CONTRATACIÓN DEL SERVICIO DE ALQUILER DE LOCAL PARA EL FUNCIONAMIENTO DE LAS OFICINAS ADMINISTRATIVAS DE LA UNIVERSIDAD NACIONAL DEL VRAEM,CONTRATADO,active,8013150200094959,SERVICIO DE ALQUILER DE INMUEBLE,CUBSO,1.0,360000.0,PEN,Soles,36,Servicio,PE-SEACE3-UnidadMedida
ocds-dgv273-seacev3-1185081,ocds-dgv273-seacev3-1185081-2026-01-30T10:02:37.491287-05:00,1185081-10078572570,21198417,1,ARRENDAMIENTO DE INMUEBLE UBICADO EN EL DISTRITO DE MIRAFLORES,ADJUDICADO,pending,8013150200094978,SERVICIO DE ALQUILER DE LOCAL PARA ACTIVIDADES DE SALUD,CUBSO,1.0,283500.0,PEN,Soles,36,Servicio,PE-SEACE3-UnidadMedida
ocds-dgv273-seacev3-2026-1947-130,ocds-dgv273-seacev3-2026-1947-130-2026-01-30T10:02:36.968753-05:00,1185102-L0609014395,21196521,1,Servicio de publicidad Bolsa AON en Digital - Google y Youtube,CONTRATADO,active,8210160300228453,SERVICIO DE PUBLICIDAD EN PAGINA WEB,CUBSO,1.0,70416.67,USD,Dólar Norteamericano,36,Servicio,PE-SEACE3-UnidadMedida
ocds-dgv273-seacev3-2026-1947-131,ocds-dgv273-seacev3-2026-1947-131-2026-01-30T10:02:29.466402-05:00,1185109-L0603769486,21196533,1,SERVICIO DE PUBLICIDAD BOLSA AON EN DIGITAL - TIK TOK,CONTRATADO,active,8210160300228453,SERVICIO DE PUBLICIDAD EN PAGINA WEB,CUBSO,1.0,151666.67,USD,Dólar Norteamericano,36,Servicio,PE-SEACE3-UnidadMedida
ocds-dgv273-seacev3-1185212,ocds-dgv273-seacev3-1185212-2026-01-30T10:02:19.233894-05:00,1185212-20494883946,21196658,1,"SERVICIO DE ALQUILER DE EXCAVADORA SOBRE ORUGA MAQUINA SECA, PARA LA EJECUCIÓN DE LA ACTIVIDAD DE EMERGENCIA: ¿DESCOLMATACION, ENCAUSAMIENTO Y ENROCADO SOBRE EL RIO SINKIVENI DE SECTOR DE BARRIOS ALTOS DEL DISTRITO DE VILLA VIRGEN, PROVINCIA DE LA CO",CONTRATADO,active,7214170100360040,SERVICIO DE ALQUILER DE EXCAVADORA HIDRAULICA SOBRE ORUGA,CUBSO,1.0,164300.0,PEN,Soles,36,Servicio,PE-SEACE3-UnidadMedida
ocds-dgv273-seacev3-1185020,ocds-dgv273-seacev3-1185020-2026-01-29T10:02:23.846451-05:00,1185020-20527827672,21195976,1,ARRENDAMIENTO DE INMUEBLE UBICADO EN LA PROVINCIA DE ANDAHUAYLAS DEPARTAMENTO DE APURIMAC,ADJUDICADO,pending,8013150200094978,SERVICIO DE ALQUILER DE LOCAL PARA ACTIVIDADES DE SALUD,CUBSO,1.0,1800000.0,PEN,Soles,36,Servicio,PE-SEACE3-UnidadMedida
ocds-dgv273-seacev3-1184382,ocds-dgv273-seacev3-1184382-2026-01-29T10:02:23.226606-05:00,1184382-L5552918046,21193836,1,SERVICIO DE PROVISIÓN DE CÓDIGOS ÚNICOS DE IDENTIFICACIÓN PARA EMPRESAS FINANCIERAS EXTRANJERAS,CONTRATADO,active,8111200200395950,SERVICIO DE PROVISION DE CODIGOS UNICOS DE IDENTIFICACION DE INSTITUCIONES FINANCIERAS PARA TRANSACCIONES INTERNACIONALES,CUBSO,1.0,7770.0,USD,Dólar Norteamericano,36,Servicio,PE-SEACE3-UnidadMedida
ocds-dgv273-seacev3-1184961,ocds-dgv273-seacev3-1184961-2026-01-29T10:02:14.742147-05:00,1184961-10310091974,21195823,1,ALQUILER DE TERRENO PARA LA DISPOSICION FINAL DE RESIUDOS SOLIDOS,ADJUDICADO,pending,8013150300232790,SERVICIO DE ALQUILER DE TERRENO,CUBSO,1.0,715000.0,PEN,Soles,36,Servicio,PE-SEACE3-UnidadMedida
ocds-dgv273-seacev3-1184748,ocds-dgv273-seacev3-1184748-2026-01-29T10:01:50.509616-05:00,1184748-20530217788,21195553,1,SERVICIO DE REPARACIÓN DE CABEZALES Y VÁLVULAS DE POZO PARA LAS OPERACIONES - LOTE Z-69,CONTRATADO,active,7215100100094728,SERVICIO DE MANTENIMIENTO PREVENTIVO DE VALVULA DE COMPUERTA DE CALDERO,CUBSO,1.0,92533.24,USD,Dólar Norteamericano,36,Servicio,PE-SEACE3-UnidadMedida
ocds-dgv273-seacev3-1185173,ocds-dgv273-seacev3-1185173-2026-01-28T10:02:17.323521-05:00,1185173-20110200201,21198540,1,ADQUISICIÓN DE PRODUCTO QUÍMICO HIPOCLORITO DE SODIO\nPARA LAS UNIDADES AUXILIARES PAQUETE 03: OR2 Y SWC DE\nREFINERÍA TALARA.,CONTRATADO,active,1235230200024862,HIPOCLORITO DE CALCIO 65%.,CUBSO,1.0,106554.0,USD,Dólar Norteamericano,40,Unidad,PE-SEACE3-UnidadMedida
ocds-dgv273-seacev3-1185021,ocds-dgv273-seacev3-1185021-2026-01-26T09:52:22.839266-05:00,1185021-20614170680,21196112,1,"ADQUISCION DE CAMION COMPACTORA EN EL (LA), UNIDAD DE GESTION AMBIENTAL EN EL CENTRO POBLADO CARAVELI DISTRITO DE CARAVELI, PROVINCIA DE CARAVELI, DEPARTAMENTO DE AREQUIPA, DE (20 M2)",ADJUDICADO,pending,2410240200392161,CAMION COMPACTADOR DE BASURA DE 15 m3,CUBSO,1.0,649900.0,PEN,Soles,40,Unidad,PE-SEACE3-UnidadMedida
ocds-dgv273-seacev3-1184765,ocds-dgv273-seacev3-1184765-2026-01-25T09:55:35.930946-05:00,1184765-20522250784,21195532,01,SERVICIO DE AGENCIAMIENTO DE PASAJES AÉREOS INTERNACIONALES PARA EL CONTRATO Nº PE501084305-2023-PROCIENCIA-BM,ADJUDICADO,pending,9012150200352930,SERVICIO DE AGENCIAMIENTO DE PASAJES AEREOS INTERNACIONALES,CUBSO,38.0,133847.45,PEN,Soles,40,Unidad,PE-SEACE3-UnidadMedida
ocds-dgv273-seacev3-1180125,ocds-dgv273-seacev3-1180125-2026-01-25T09:55:29.316536-05:00,1180125-20101395031,21182138,1,SERVICIO DE GAVIA POR APOYO A LAS OPERACIONES MARITIMAS Y PORTUARIAS DEL TERMINAL BAYÓVAR,CONTRATADO,active,7116140800093890,SERVICIO DE OPERACION DE EMBARCACIONES MARITIMAS,CUBSO,1.0,66100.15,PEN,Soles,36,Servicio,PE-SEACE3-UnidadMedida
ocds-dgv273-seacev3-1184473,ocds-dgv273-seacev3-1184473-2026-01-24T10:03:42.575241-05:00,1184473-20160479290,21194396,1,SERVICIO CAMBIO A PLAN DE SELLO API 21 DE ELECTROBOMBA 311-PM-9B,CONTRATADO,active,7315210100094264,SERVICIO DE MANTENIMIENTO CORRECTIVO DE ELECTROBOMBA,CUBSO,1.0,228665.12,PEN,Soles,36,Servicio,PE-SEACE3-UnidadMedida
ocds-dgv273-seacev3-1184488,ocds-dgv273-seacev3-1184488-2026-01-24T10:03:17.311337-05:00,1184488-20304289512,21194402,1,SERVICIO DE MANTENIMIENTO DE ÁREAS VERDES Y LIMPIEZA EN LAS INSTALACIONES DE REFINERÍA PUCALLPA,CONTRATADO,active,7011171300086306,SERVICIO DE MANTENIMIENTO DE AREAS VERDES,CUBSO,1.0,185145.93,PEN,Soles,36,Servicio,PE-SEACE3-UnidadMedida
ocds-dgv273-seacev3-1185002,ocds-dgv273-seacev3-1185002-2026-01-23T10:02:37.081499-05:00,1185002-20441766883,21195958,1,"SERVICIO DE FLETAMENTO POR TIEMPO DE NAVES PARA TRANSPORTE DE PERSONAL, ABASTECIMIENTO Y REMOLCAJE EN LOS DIFERENTES CAMPOS MARITIMOS DEL LOTE Z-69",CONTRATADO,active,7810170100232657,SERVICIO DE TRANSPORTE MARITIMO,CUBSO,1.0,4749116.5,USD,Dólar Norteamericano,36,Servicio,PE-SEACE3-UnidadMedida
ocds-dgv273-seacev3-1184647,ocds-dgv273-seacev3-1184647-2026-01-23T10:02:26.288944-05:00,1184647-1760276,21195269,1,SERVICIO DE SEGURIDAD Y VIGILANCIA,CONTRATADO,active,9210150100094854,SERVICIO DE SEGURIDAD Y VIGILANCIA,CUBSO,1.0,1381818.52,PEN,Soles,36,Servicio,PE-SEACE3-UnidadMedida
ocds-dgv273-seacev3-1184386,ocds-dgv273-seacev3-1184386-2026-01-22T10:01:44.290660-05:00,1184386-10723083635,21194060,1,CONTRATACIÓN PARA LA EJECUCION DE PRESTACIONES PENDIENTES DEL SERVICIO DE PERFORACION Y VOLADURA EN ROCA FIJA A TODO COSTO PARA LA EJECUCION DEL PROYECTO DENOMINADO. ¿CREACION DEL SERVICIO DE TRANSITABILIDAD DE LA TROCHA CARROZABLE ENTRE ANEXO CHIUCA,CONTRATADO,active,7214150300286782,SERVICIO DE PERFORACION Y VOLADURA DE ROCAS FIJA,CUBSO,1.0,316291.37,PEN,Soles,36,Servicio,PE-SEACE3-UnidadMedida
ocds-dgv273-seacev3-1184494,ocds-dgv273-seacev3-1184494-2026-01-22T10:01:34.430330-05:00,1184494-20378721998,21194462,1,SERVICIO DE MANTENIMIENTO Y SOPORTE TÉCNICO PARA LICENCIAS DE SOFTWARE SAP,CONTRATADO,active,8111180500392571,RENOVACION DEL SOPORTE Y MANTENIMIENTO DE LICENCIAS DE SOFTWARE PARA EL ERP SAP,CUBSO,1.0,1575423.32,USD,Dólar Norteamericano,36,Servicio,PE-SEACE3-UnidadMedida
ocds-dgv273-seacev3-1184360,ocds-dgv273-seacev3-1184360-2026-01-22T10:01:20.850191-05:00,1184360-20572230491,21193699,1,"ADQUISICION DE UN TRACTOR AGRICOLA DE 71HP DE POTENCIA, UN ROTARY Y UN ARADO DE TRES DISCOS, PARA EL PROYECTO: MEJORAMIENTO DE LOS SERVICIOS DE APOYO AL DESARROLLO PRODUCTIVO EN MUNICIPALIDAD DISTRITAL DE CHISQUILLA DISTRITO DE CHISQUILLA DE LA PROVI",CONTRATADO,active,,,,1.0,194200.0,PEN,Soles,40,Unidad,PE-SEACE3-UnidadMedida
ocds-dgv273-seacev3-1184737,ocds-dgv273-seacev3-1184737-2026-01-18T09:55:20.390146-05:00,1184737-20526226896,21195489,1,SERVICIO DE ALIMENTACIÓN Y CUARTELERÍA ONSHORE Y OFFSHORE ¿ LOTE Z-69,CONTRATADO,active,9011150100373887,SERVICIO DE HOSTELERIA(HOSPEDAJE Y ALIMENTACION),CUBSO,1.0,2351196.87,PEN,Soles,36,Servicio,PE-SEACE3-UnidadMedida
ocds-dgv273-seacev3-1184730,ocds-dgv273-seacev3-1184730-2026-01-18T09:55:14.465697-05:00,1184730-20522070611,21195480,1,SERVICIO DE SOPORTE Y ACOMPAÑAMIENTO DURANTE LA EVALUACIÓN DEL DETERIORO DEL VALOR DE LOS ACTIVOS DE LAS UNIDADES GENERADORAS DE EFECTIVO AL 31.10.25,CONTRATADO,active,8411150300374594,SERVICIO DE VALORIZACION DE ACTIVOS FIJOS DE EQUIPOS,CUBSO,1.0,48380.0,USD,Dólar Norteamericano,36,Servicio,PE-SEACE3-UnidadMedida
ocds-dgv273-seacev3-1184343,ocds-dgv273-seacev3-1184343-2026-01-17T09:58:56.194883-05:00,1184343-20604296294,21193687,1,"MEJORAMIENTO Y AMPLIACION DE LOS SERVICIOS TURISTICOS PUBLICOS EN RECURSOS TURISTICOS EN LA PLAYA CERRILLOS Y LA PLAYA LA PUNTA DEL DISTRITO DE SAMUEL PASTOR DE LA PROVINCIA DE CAMANA DEL DEPARTAMENTEO DE AREQUIPA con CUI 2675590, LEY 29230 OXI",CONTRATADO,active,8010160600296720,CONSULTORIA PARA EVALUACION DE PROYECTO DE INVERSION EN TURISMO,CUBSO,1.0,18762582.65,PEN,Soles,36,Servicio,PE-SEACE3-UnidadMedida
ocds-dgv273-seacev3-1184351,ocds-dgv273-seacev3-1184351-2026-01-17T09:58:50.213124-05:00,1184351-1759742,21193828,1,"SUPERVISION DE LA OBRA:MEJORAMIENTO Y AMPLIACION DE LOS SERVICIOS TURISTICOS PUBLICOS EN RECURSOS TURISTICOS EN LA PLAYA CERRILLOS Y LA PLAYA LA PUNTA DEL DISTRITO DE SAMUEL PASTOR DE LA PROVINCIA DE CAMANA con CUI 2675590, LEY 29230 OXI",CONTRATADO,active,8110150800368850,SUPERVISION DE OBRA DE CONSTRUCCION DE INFRAESTRUCTURA TURISTICA,CUBSO,1.0,561319.0,PEN,Soles,36,Servicio,PE-SEACE3-UnidadMedida
ocds-dgv273-seacev3-1184366,ocds-dgv273-seacev3-1184366-2026-01-10T10:01:41.389856-05:00,1184366-20602286623,21193805,1,SERVICIO MONITOREO AMBIENTAL DE CALIDAD DE SUELOS DE COMPROBACIÓN DE ACTAS DE SUPERVISIÓN DE OEFA EN EL LOTE I,CONTRATADO,active,7712160600287472,SERVICIO DE MONITOREO DE CALIDAD DEL SUELO,CUBSO,1.0,255924.3,PEN,Nuevos Soles,36,Servicio,PE-SEACE3-UnidadMedida
ocds-dgv273-seacev3-1184371,ocds-dgv273-seacev3-1184371-2026-01-10T10:01:15.977394-05:00,1184371-20454158050,21193834,1,SERVICIO DE TRANSPORTE TERRESTRE DE TURBO A1 DE PLANTA CALLAO PLANTA CONCHÁN / PLANTA PISCO A AEROPUERTO CUSCO.,CONTRATADO,active,7810210100232515,SERVICIO DE TRANSPORTE TERRESTRE DE COMBUSTIBLE,CUBSO,1.0,940041.01,PEN,Nuevos Soles,36,Servicio,PE-SEACE3-UnidadMedida
ocds-dgv273-seacev3-1184357,ocds-dgv273-seacev3-1184357-2026-01-09T10:03:40.284452-05:00,1184357-20537243709,21193831,1,SERVICIO DE FLETAMENTO POR TIEMPO DE NAVES PARA\nTRANSPORTE DE PERSONAL EN LOS DIFERENTES CAMPOS\nMARÍTIMOS DEL LOTE Z-69,CONTRATADO,active,8413150300315315,SEGURO DE VEHICULO DE TRANSPORTE ACUATICO,CUBSO,1.0,247475.74,USD,Dólar Norteamericano,36,Servicio,PE-SEACE3-UnidadMedida
ocds-dgv273-seacev3-1184381,ocds-dgv273-seacev3-1184381-2026-01-09T10:03:16.604341-05:00,1184381-20357259976,21193833,1,"SERVICIO DE MANTENIMIENTO INTEGRAL DE EQUIPOS INDUSTRIALES EN CAMPOS  OFFSHORE DE LOBITOS Y BATERÍAS ONSHORE DE LOBITOS, PEÑA NEGRA, PROVIDENCIA Y LITORAL - LOTE Z69.",CONTRATADO,active,7315210800094291,SERVICIO DE MANTENIMIENTO CORRECTIVO DE APILADOR ELECTRICO,CUBSO,1.0,2478747.68,PEN,Nuevos Soles,36,Servicio,PE-SEACE3-UnidadMedida
