Open Contracting ID,Entrega compilada:ID de Entrega,Entrega compilada:Partes involucradas:ID de Entidad,Entrega compilada:Partes involucradas:Identificadores adicionales:ID,Entrega compilada:Partes involucradas:Identificadores adicionales:Esquema,Entrega compilada:Partes involucradas:Identificadores adicionales:Nombre Legal
ocds-dgv273-seacev3-1234860,ocds-dgv273-seacev3-1234860-2026-09-23T10:18:06.084926-05:00,PE-CONSUCODE-1584,20154477374,PE-RUC,MUNICIPALIDAD PROVINCIAL DE PIURA
ocds-dgv273-seacev3-1205085,ocds-dgv273-seacev3-1205085-2026-09-23T10:18:02.703959-05:00,PE-CONSUCODE-673,20224199946,PE-RUC,MUNICIPALIDAD DISTRITAL DE HUAMBOS
ocds-dgv273-seacev3-1188293,ocds-dgv273-seacev3-1188293-2026-09-23T10:18:02.453935-05:00,PE-CONSUCODE-43,20479569780,PE-RUC,GOBIERNO REGIONAL DE LAMBAYEQUE SEDE CENTRAL
ocds-dgv273-seacev3-1187725,ocds-dgv273-seacev3-1187725-2026-09-23T10:18:02.437183-05:00,PE-CONSUCODE-200092,20447367727,PE-RUC,MUNICIPALIDAD DISTRITAL DE PILLCO MARCA
ocds-dgv273-seacev3-1187256,ocds-dgv273-seacev3-1187256-2026-09-23T10:18:02.325694-05:00,PE-CONSUCODE-1053,20148420719,PE-RUC,MUNICIPALIDAD DISTRITAL DE MARCONA
ocds-dgv273-seacev3-2026-1612-1,ocds-dgv273-seacev3-2026-1612-1-2026-09-23T10:18:02.293227-05:00,PE-CONSUCODE-1612,20171662631,PE-RUC,MUNICIPALIDAD DISTRITAL DE BUENOS AIRES - MORROPON
ocds-dgv273-seacev3-1186562,ocds-dgv273-seacev3-1186562-2026-09-23T10:18:02.273224-05:00,PE-CONSUCODE-1321,20131368071,PE-RUC,MUNICIPALIDAD DISTRITAL DE LA VICTORIA - LIMA
ocds-dgv273-seacev3-2026-10248-67,ocds-dgv273-seacev3-2026-10248-67-2026-09-23T10:17:53.045906-05:00,PE-CONSUCODE-10248,20153408191,PE-RUC,MARINA DE GUERRA DEL PERU
ocds-dgv273-seacev3-2026-1731-36,ocds-dgv273-seacev3-2026-1731-36-2026-09-23T10:17:52.886472-05:00,PE-CONSUCODE-1731,20165195290,PE-RUC,MUNICIPALIDAD PROVINCIAL DE SAN ROMAN - JULIACA
ocds-dgv273-seacev3-2026-200-8,ocds-dgv273-seacev3-2026-200-8-2026-09-23T10:17:52.814238-05:00,PE-CONSUCODE-200,20174929697,PE-RUC,MUNICIPALIDAD PROVINCIAL DE CASMA
ocds-dgv273-seacev3-2026-200145-7,ocds-dgv273-seacev3-2026-200145-7-2026-09-23T10:17:52.720765-05:00,PE-CONSUCODE-200145,20511035997,PE-RUC,MINCETUR - UNIDAD EJECUTORA DE INVERSIÓN EN COMERCIO EXTERIOR Y TURISMO
ocds-dgv273-seacev3-1192077,ocds-dgv273-seacev3-1192077-2026-09-23T10:17:41.628879-05:00,PE-CONSUCODE-200145,20511035997,PE-RUC,MINCETUR - UNIDAD EJECUTORA DE INVERSIÓN EN COMERCIO EXTERIOR Y TURISMO
ocds-dgv273-seacev3-1187849,ocds-dgv273-seacev3-1187849-2026-09-23T10:17:41.311276-05:00,PE-CONSUCODE-389,20180001051,PE-RUC,MUNICIPALIDAD PROVINCIAL DE CHINCHEROS
ocds-dgv273-seacev3-2026-1471-3,ocds-dgv273-seacev3-2026-1471-3-2026-09-23T10:17:41.202834-05:00,PE-CONSUCODE-1471,20177901963,PE-RUC,MUNICIPALIDAD DISTRITAL DE SUPE
ocds-dgv273-seacev3-1187541,ocds-dgv273-seacev3-1187541-2026-09-23T10:17:41.169207-05:00,PE-CONSUCODE-1607,20172619241,PE-RUC,MUNICIPALIDAD DISTRITAL DE HUARMACA
ocds-dgv273-seacev3-2026-10457-4,ocds-dgv273-seacev3-2026-10457-4-2026-09-23T10:17:30.636298-05:00,PE-CONSUCODE-10457,20444054400,PE-RUC,GOBIERNO REGIONAL DE HUANCAVELICA-HOSPITAL DEPARTAMENTAL DE HUANCAVELICA
ocds-dgv273-seacev3-1241869,ocds-dgv273-seacev3-1241869-2026-09-23T10:17:22.338248-05:00,PE-CONSUCODE-749,20177217043,PE-RUC,MUNICIPALIDAD PROVINCIAL DEL CUSCO
ocds-dgv273-seacev3-2026-1343-33,ocds-dgv273-seacev3-2026-1343-33-2026-09-23T10:17:19.216357-05:00,PE-CONSUCODE-1343,20131369043,PE-RUC,MUNICIPALIDAD DISTRITAL DE SANTA ANITA
ocds-dgv273-seacev3-1185530,ocds-dgv273-seacev3-1185530-2026-09-23T10:17:19.100762-05:00,PE-CONSUCODE-1731,20165195290,PE-RUC,MUNICIPALIDAD PROVINCIAL DE SAN ROMAN - JULIACA
ocds-dgv273-seacev3-2026-1608-4,ocds-dgv273-seacev3-2026-1608-4-2026-09-23T10:17:19.086534-05:00,PE-CONSUCODE-1608,20171659842,PE-RUC,MUNICIPALIDAD DISTRITAL DE SAN MIGUEL DE EL FAIQUE
ocds-dgv273-seacev3-1187816,ocds-dgv273-seacev3-1187816-2026-09-23T10:17:18.985416-05:00,PE-CONSUCODE-35,20452393493,PE-RUC,GOBIERNO REGIONAL DE AYACUCHO SEDE CENTRAL
ocds-dgv273-seacev3-2026-425-24,ocds-dgv273-seacev3-2026-425-24-2026-09-23T10:17:15.313302-05:00,PE-CONSUCODE-425,20312108284,PE-RUC,MUNICIPALIDAD DISTRITAL DE JOSE LUIS BUSTAMANTE Y RIVERO
ocds-dgv273-seacev3-1190053,ocds-dgv273-seacev3-1190053-2026-09-23T10:17:09.379277-05:00,PE-CONSUCODE-37,20527147612,PE-RUC,GOBIERNO REGIONAL DE CUSCO SEDE CENTRAL
ocds-dgv273-seacev3-2026-423-2,ocds-dgv273-seacev3-2026-423-2-2026-09-23T10:17:09.304671-05:00,PE-CONSUCODE-423,20168918942,PE-RUC,MUNICIPALIDAD DISTRITAL DE JACOBO HUNTER
ocds-dgv273-seacev3-2026-1160-3,ocds-dgv273-seacev3-2026-1160-3-2026-09-23T10:17:09.072434-05:00,PE-CONSUCODE-1160,20146673776,PE-RUC,MUNICIPALIDAD DISTRITAL DE PANGOA
ocds-dgv273-seacev3-1186109,ocds-dgv273-seacev3-1186109-2026-09-23T10:17:08.962841-05:00,PE-CONSUCODE-700,20148261572,PE-RUC,MUNICIPALIDAD PROVINCIAL DE SAN IGNACIO
ocds-dgv273-seacev3-1186423,ocds-dgv273-seacev3-1186423-2026-09-23T10:17:08.746211-05:00,PE-CONSUCODE-8,20131378972,PE-RUC,CONTRALORIA GENERAL DE LA REPUBLICA
ocds-dgv273-seacev3-1186267,ocds-dgv273-seacev3-1186267-2026-09-23T10:17:08.689530-05:00,PE-CONSUCODE-1214,20219792876,PE-RUC,MUNICIPALIDAD DISTRITAL DE SANAGORAN
ocds-dgv273-seacev3-2026-1196-5,ocds-dgv273-seacev3-2026-1196-5-2026-09-23T10:16:57.008196-05:00,PE-CONSUCODE-1196,20167741208,PE-RUC,MUNICIPALIDAD DISTRITAL DE MOCHE
ocds-dgv273-seacev3-1201704,ocds-dgv273-seacev3-1201704-2026-09-22T10:12:29.884518-05:00,PE-CONSUCODE-983,20194118342,PE-RUC,MUNICIPALIDAD DISTRITAL DE MONZON
ocds-dgv273-seacev3-1188870,ocds-dgv273-seacev3-1188870-2026-09-22T10:12:29.664474-05:00,PE-CONSUCODE-673,20224199946,PE-RUC,MUNICIPALIDAD DISTRITAL DE HUAMBOS
ocds-dgv273-seacev3-2026-1731-38,ocds-dgv273-seacev3-2026-1731-38-2026-09-21T09:59:26.436569-05:00,PE-CONSUCODE-1731,20165195290,PE-RUC,MUNICIPALIDAD PROVINCIAL DE SAN ROMAN - JULIACA
ocds-dgv273-seacev3-1213192,ocds-dgv273-seacev3-1213192-2026-09-18T10:23:18.111244-05:00,PE-CONSUCODE-1871,20154572792,PE-RUC,MUNICIPALIDAD PROVINCIAL DE CORONEL PORTILLO
ocds-dgv273-seacev3-2026-1545-3,ocds-dgv273-seacev3-2026-1545-3-2026-09-18T10:23:17.989308-05:00,PE-CONSUCODE-1545,20285763313,PE-RUC,MUNICIPALIDAD DISTRITAL DE ICHUÑA
ocds-dgv273-seacev3-1189599,ocds-dgv273-seacev3-1189599-2026-09-18T10:23:17.931722-05:00,PE-CONSUCODE-1809,20531290306,PE-RUC,MUNICIPALIDAD DISTRITAL DE BAJO BIAVO
ocds-dgv273-seacev3-1190797,ocds-dgv273-seacev3-1190797-2026-09-18T10:23:17.820750-05:00,PE-CONSUCODE-49,20406325815,PE-RUC,GOBIERNO REGIONAL DE PUNO SEDE CENTRAL
ocds-dgv273-seacev3-2026-174-1,ocds-dgv273-seacev3-2026-174-1-2026-09-18T10:23:17.187296-05:00,PE-CONSUCODE-174,20166558051,PE-RUC,MUNICIPALIDAD PROVINCIAL DE BOLOGNESI - CHIQUIAN
ocds-dgv273-seacev3-1195068,ocds-dgv273-seacev3-1195068-2026-09-18T10:23:06.896226-05:00,PE-CONSUCODE-1333,20131366532,PE-RUC,MUNICIPALIDAD DISTRITAL DE PUNTA NEGRA
ocds-dgv273-seacev3-2026-227-13,ocds-dgv273-seacev3-2026-227-13-2026-09-18T10:23:06.846551-05:00,PE-CONSUCODE-227,20146925767,PE-RUC,MUNICIPALIDAD PROVINCIAL DE HUAYLAS - CARAZ
ocds-dgv273-seacev3-1188268,ocds-dgv273-seacev3-1188268-2026-09-18T10:23:06.831945-05:00,PE-CONSUCODE-1319,20131366290,PE-RUC,MUNICIPALIDAD DISTRITAL DE JESUS MARIA
ocds-dgv273-seacev3-2026-1760-2,ocds-dgv273-seacev3-2026-1760-2-2026-09-18T10:23:06.020529-05:00,PE-CONSUCODE-1760,20148170771,PE-RUC,MUNICIPALIDAD DISTRITAL DE SORITOR
ocds-dgv273-seacev3-2026-10466-23,ocds-dgv273-seacev3-2026-10466-23-2026-09-18T10:23:06.005198-05:00,PE-CONSUCODE-10466,20146038329,PE-RUC,GOBIERNO REGIONAL DE HUANUCO-HOSPITAL DE HUANUCO HERMILIO VALDIZAN
ocds-dgv273-seacev3-2026-200-13,ocds-dgv273-seacev3-2026-200-13-2026-09-18T10:22:55.689999-05:00,PE-CONSUCODE-200,20174929697,PE-RUC,MUNICIPALIDAD PROVINCIAL DE CASMA
ocds-dgv273-seacev3-2026-521-1,ocds-dgv273-seacev3-2026-521-1-2026-09-18T10:22:55.642897-05:00,PE-CONSUCODE-521,20166868247,PE-RUC,MUNICIPALIDAD DISTRITAL DE LOS MOROCHUCOS
ocds-dgv273-seacev3-2026-200-10,ocds-dgv273-seacev3-2026-200-10-2026-09-18T10:22:55.363027-05:00,PE-CONSUCODE-200,20174929697,PE-RUC,MUNICIPALIDAD PROVINCIAL DE CASMA
ocds-dgv273-seacev3-1215893,ocds-dgv273-seacev3-1215893-2026-09-18T10:22:45.130645-05:00,PE-CONSUCODE-10,20131378549,PE-RUC,JURADO NACIONAL DE ELECCIONES
ocds-dgv273-seacev3-1189017,ocds-dgv273-seacev3-1189017-2026-09-18T10:22:44.352275-05:00,PE-CONSUCODE-2009,20527141762,PE-RUC,GOBIERNO REGIONAL DE APURIMAC SEDE CENTRAL
ocds-dgv273-seacev3-1190920,ocds-dgv273-seacev3-1190920-2026-09-18T10:22:44.315887-05:00,PE-CONSUCODE-369,20161096068,PE-RUC,MUNICIPALIDAD PROVINCIAL DE COTABAMBAS - TAMBOBAMBA
ocds-dgv273-seacev3-2026-51-24,ocds-dgv273-seacev3-2026-51-24-2026-09-18T10:22:44.281586-05:00,PE-CONSUCODE-51,20519752515,PE-RUC,GOBIERNO REGIONAL DE TACNA SEDE CENTRAL
ocds-dgv273-seacev3-1190691,ocds-dgv273-seacev3-1190691-2026-09-18T10:22:44.214302-05:00,PE-CONSUCODE-1053,20148420719,PE-RUC,MUNICIPALIDAD DISTRITAL DE MARCONA
ocds-dgv273-seacev3-2026-200-17,ocds-dgv273-seacev3-2026-200-17-2026-09-18T10:22:44.093916-05:00,PE-CONSUCODE-200,20174929697,PE-RUC,MUNICIPALIDAD PROVINCIAL DE CASMA
ocds-dgv273-seacev3-1212190,ocds-dgv273-seacev3-1212190-2026-09-18T10:22:33.072323-05:00,PE-CONSUCODE-685,20148260843,PE-RUC,MUNICIPALIDAD PROVINCIAL DE HUALGAYOC - BAMBAMARCA
ocds-dgv273-seacev3-2026-1319-1,ocds-dgv273-seacev3-2026-1319-1-2026-09-18T10:22:32.766065-05:00,PE-CONSUCODE-1319,20131366290,PE-RUC,MUNICIPALIDAD DISTRITAL DE JESUS MARIA
ocds-dgv273-seacev3-1190868,ocds-dgv273-seacev3-1190868-2026-09-18T10:22:32.749892-05:00,PE-CONSUCODE-1285,20148364975,PE-RUC,MUNICIPALIDAD DISTRITAL DE JOSE LEONARDO ORTIZ
ocds-dgv273-seacev3-1189057,ocds-dgv273-seacev3-1189057-2026-09-18T10:22:32.651699-05:00,PE-CONSUCODE-694,20203936029,PE-RUC,MUNICIPALIDAD DISTRITAL DE PUCARA - JAEN
ocds-dgv273-seacev3-1188937,ocds-dgv273-seacev3-1188937-2026-09-18T10:22:32.494512-05:00,PE-CONSUCODE-10015,20414868216,PE-RUC,PROGRAMA SUBSECTORIAL DE IRRIGACIONES - PSI
ocds-dgv273-seacev3-1187340,ocds-dgv273-seacev3-1187340-2026-09-18T10:22:32.470393-05:00,PE-CONSUCODE-2600,20433270461,PE-RUC,C.N.DE INTEGR.D.L.PERS.CON DISC.-CONADIS
ocds-dgv273-seacev3-2026-1828-1,ocds-dgv273-seacev3-2026-1828-1-2026-09-18T10:22:32.439811-05:00,PE-CONSUCODE-1828,20154547097,PE-RUC,MUNICIPALIDAD PROVINCIAL DE EL DORADO VILLA SAN JOSE DE SISA
ocds-dgv273-seacev3-2026-1158-1,ocds-dgv273-seacev3-2026-1158-1-2026-09-18T10:22:32.407326-05:00,PE-CONSUCODE-1158,20190003541,PE-RUC,MUNICIPALIDAD DISTRITAL DE MAZAMARI
ocds-dgv273-seacev3-1240633,ocds-dgv273-seacev3-1240633-2026-09-18T10:22:26.344122-05:00,PE-CONSUCODE-43,20479569780,PE-RUC,GOBIERNO REGIONAL DE LAMBAYEQUE SEDE CENTRAL
ocds-dgv273-seacev3-1215830,ocds-dgv273-seacev3-1215830-2026-09-18T10:22:22.488213-05:00,PE-CONSUCODE-10,20131378549,PE-RUC,JURADO NACIONAL DE ELECCIONES
ocds-dgv273-seacev3-1216070,ocds-dgv273-seacev3-1216070-2026-09-18T10:22:22.412940-05:00,PE-CONSUCODE-10,20131378549,PE-RUC,JURADO NACIONAL DE ELECCIONES
ocds-dgv273-seacev3-1215875,ocds-dgv273-seacev3-1215875-2026-09-18T10:22:22.234860-05:00,PE-CONSUCODE-10,20131378549,PE-RUC,JURADO NACIONAL DE ELECCIONES
ocds-dgv273-seacev3-2026-200199-10,ocds-dgv273-seacev3-2026-200199-10-2026-09-18T10:22:22.059017-05:00,PE-CONSUCODE-200199,20493465491,PE-RUC,MUNICIPALIDAD PROVINCIAL DEL DATEM DEL MARAÑON
ocds-dgv273-seacev3-2026-1731-7,ocds-dgv273-seacev3-2026-1731-7-2026-09-18T10:22:22.010547-05:00,PE-CONSUCODE-1731,20165195290,PE-RUC,MUNICIPALIDAD PROVINCIAL DE SAN ROMAN - JULIACA
ocds-dgv273-seacev3-2026-685-5,ocds-dgv273-seacev3-2026-685-5-2026-09-18T10:22:21.903155-05:00,PE-CONSUCODE-685,20148260843,PE-RUC,MUNICIPALIDAD PROVINCIAL DE HUALGAYOC - BAMBAMARCA
ocds-dgv273-seacev3-1187572,ocds-dgv273-seacev3-1187572-2026-09-18T10:22:21.747476-05:00,PE-CONSUCODE-10457,20444054400,PE-RUC,GOBIERNO REGIONAL DE HUANCAVELICA-HOSPITAL DEPARTAMENTAL DE HUANCAVELICA
ocds-dgv273-seacev3-1186699,ocds-dgv273-seacev3-1186699-2026-09-18T10:22:21.689645-05:00,PE-CONSUCODE-1158,20190003541,PE-RUC,MUNICIPALIDAD DISTRITAL DE MAZAMARI
ocds-dgv273-seacev3-1186829,ocds-dgv273-seacev3-1186829-2026-09-18T10:22:21.390695-05:00,PE-CONSUCODE-43,20479569780,PE-RUC,GOBIERNO REGIONAL DE LAMBAYEQUE SEDE CENTRAL
ocds-dgv273-seacev3-1247456,ocds-dgv273-seacev3-1247456-2026-09-18T10:22:11.420063-05:00,PE-CONSUCODE-10612,20351711770,PE-RUC,GOBIERNO REGIONAL DE UCAYALI - GERENCIA TERRITORIAL DE PADRE ABAD
ocds-dgv273-seacev3-1215876,ocds-dgv273-seacev3-1215876-2026-09-18T10:22:11.210423-05:00,PE-CONSUCODE-10,20131378549,PE-RUC,JURADO NACIONAL DE ELECCIONES
ocds-dgv273-seacev3-1189234,ocds-dgv273-seacev3-1189234-2026-09-18T10:22:10.541546-05:00,PE-CONSUCODE-10015,20414868216,PE-RUC,PROGRAMA SUBSECTORIAL DE IRRIGACIONES - PSI
ocds-dgv273-seacev3-1187904,ocds-dgv273-seacev3-1187904-2026-09-18T10:22:10.180163-05:00,PE-CONSUCODE-647,20182901386,PE-RUC,MUNICIPALIDAD DISTRITAL DE SAN BENITO
ocds-dgv273-seacev3-1189439,ocds-dgv273-seacev3-1189439-2026-09-17T10:20:16.778737-05:00,PE-CONSUCODE-805,20147346434,PE-RUC,MUNICIPALIDAD PROVINCIAL DE ESPINAR
ocds-dgv273-seacev3-1197767,ocds-dgv273-seacev3-1197767-2026-09-17T10:19:55.539137-05:00,PE-CONSUCODE-49,20406325815,PE-RUC,GOBIERNO REGIONAL DE PUNO SEDE CENTRAL
ocds-dgv273-seacev3-2026-685-1,ocds-dgv273-seacev3-2026-685-1-2026-09-17T10:19:55.372442-05:00,PE-CONSUCODE-685,20148260843,PE-RUC,MUNICIPALIDAD PROVINCIAL DE HUALGAYOC - BAMBAMARCA
ocds-dgv273-seacev3-2026-1584-5,ocds-dgv273-seacev3-2026-1584-5-2026-09-17T10:19:55.065523-05:00,PE-CONSUCODE-1584,20154477374,PE-RUC,MUNICIPALIDAD PROVINCIAL DE PIURA
ocds-dgv273-seacev3-1249495,ocds-dgv273-seacev3-1249495-2026-09-17T10:19:47.583121-05:00,PE-CONSUCODE-200461,20546677444,PE-RUC,UNIDAD EJECUTORA 003:PROGRAMA MODERNIZACION DEL SISTEMA DE ADMINISTRACION DE JUSTICIA
ocds-dgv273-seacev3-1197346,ocds-dgv273-seacev3-1197346-2026-09-17T10:19:32.643806-05:00,PE-CONSUCODE-1598,20165913788,PE-RUC,MUNICIPALIDAD DISTRITAL DE PACAIPAMPA
ocds-dgv273-seacev3-2026-200145-6,ocds-dgv273-seacev3-2026-200145-6-2026-09-17T10:19:32.455865-05:00,PE-CONSUCODE-200145,20511035997,PE-RUC,MINCETUR - UNIDAD EJECUTORA DE INVERSIÓN EN COMERCIO EXTERIOR Y TURISMO
ocds-dgv273-seacev3-2026-1890-10,ocds-dgv273-seacev3-2026-1890-10-2026-09-17T10:19:32.400061-05:00,PE-CONSUCODE-1890,20168014962,PE-RUC,UNIVERSIDAD NACIONAL DE HUANCAVELICA
ocds-dgv273-seacev3-1188353,ocds-dgv273-seacev3-1188353-2026-09-17T10:19:21.905725-05:00,PE-CONSUCODE-620,20143625681,PE-RUC,MUNICIPALIDAD DISTRITAL DE LOS BAÑOS DEL INCA
ocds-dgv273-seacev3-1186175,ocds-dgv273-seacev3-1186175-2026-09-17T10:19:09.942849-05:00,PE-CONSUCODE-1002,20189307226,PE-RUC,MUNICIPALIDAD PROVINCIAL DE PUERTO INCA
ocds-dgv273-seacev3-1217953,ocds-dgv273-seacev3-1217953-2026-09-16T10:19:09.861197-05:00,PE-CONSUCODE-1320,20131365722,PE-RUC,MUNICIPALIDAD DISTRITAL DE LA MOLINA
ocds-dgv273-seacev3-1188462,ocds-dgv273-seacev3-1188462-2026-09-16T10:19:09.295776-05:00,PE-CONSUCODE-1879,20222295166,PE-RUC,MUNICIPALIDAD DISTRITAL DE TAHUANIA
ocds-dgv273-seacev3-1246483,ocds-dgv273-seacev3-1246483-2026-09-16T10:18:29.845524-05:00,PE-CONSUCODE-200461,20546677444,PE-RUC,UNIDAD EJECUTORA 003:PROGRAMA MODERNIZACION DEL SISTEMA DE ADMINISTRACION DE JUSTICIA
ocds-dgv273-seacev3-1187028,ocds-dgv273-seacev3-1187028-2026-09-16T10:18:25.139418-05:00,PE-CONSUCODE-34,20498390570,PE-RUC,GOBIERNO REGIONAL DE AREQUIPA Sede Central
ocds-dgv273-seacev3-2026-1908-25,ocds-dgv273-seacev3-2026-1908-25-2026-09-16T10:18:14.394256-05:00,PE-CONSUCODE-1908,20163646499,PE-RUC,UNIVERSIDAD NACIONAL SAN AGUSTIN
ocds-dgv273-seacev3-2026-10553-4,ocds-dgv273-seacev3-2026-10553-4-2026-09-16T10:18:13.654234-05:00,PE-CONSUCODE-10553,20315959595,PE-RUC,GOBIERNO REGIONAL DE PIURA - DIRECCIÓN  REGIONAL DE AGRICULTURA
ocds-dgv273-seacev3-2026-505-9,ocds-dgv273-seacev3-2026-505-9-2026-09-16T10:18:13.338420-05:00,PE-CONSUCODE-505,20143137296,PE-RUC,MUNICIPALIDAD PROVINCIAL DE HUAMANGA
ocds-dgv273-seacev3-1191993,ocds-dgv273-seacev3-1191993-2026-09-16T10:18:02.605191-05:00,PE-CONSUCODE-34,20498390570,PE-RUC,GOBIERNO REGIONAL DE AREQUIPA Sede Central
ocds-dgv273-seacev3-2026-20-20,ocds-dgv273-seacev3-2026-20-20-2026-09-16T10:18:02.564221-05:00,PE-CONSUCODE-20,20336951527,PE-RUC,MINISTERIO DE LA MUJER Y POBLACIONES VULNERABLES- ADMINISTRACIÓN GENERAL
ocds-dgv273-seacev3-2026-1038-4,ocds-dgv273-seacev3-2026-1038-4-2026-09-16T10:18:02.436256-05:00,PE-CONSUCODE-1038,20176310040,PE-RUC,MUNICIPALIDAD DISTRITAL DE OCUCAJE
ocds-dgv273-seacev3-1190386,ocds-dgv273-seacev3-1190386-2026-09-13T12:05:37.513954-05:00,PE-CONSUCODE-1328,20131377224,PE-RUC,MUNICIPALIDAD DISTRITAL DE MIRAFLORES - LIMA
ocds-dgv273-seacev3-2026-617-1,ocds-dgv273-seacev3-2026-617-1-2026-09-13T12:05:37.327055-05:00,PE-CONSUCODE-617,20143189415,PE-RUC,MUNICIPALIDAD DISTRITAL DE CHETILLA
ocds-dgv273-seacev3-1187146,ocds-dgv273-seacev3-1187146-2026-09-13T12:05:37.093404-05:00,PE-CONSUCODE-168,20195408557,PE-RUC,MUNICIPALIDAD PROVINCIAL DE ANTONIO RAYMONDI - LLAMELLIN
ocds-dgv273-seacev3-1239720,ocds-dgv273-seacev3-1239720-2026-09-13T12:05:29.035237-05:00,PE-CONSUCODE-742,20131369558,PE-RUC,MUNICIPALIDAD PROVINCIAL DEL CALLAO
ocds-dgv273-seacev3-1191408,ocds-dgv273-seacev3-1191408-2026-09-13T12:05:27.222546-05:00,PE-CONSUCODE-879,20175954661,PE-RUC,MUNICIPALIDAD DISTRITAL DE PAUCARA
ocds-dgv273-seacev3-2026-167507-1,ocds-dgv273-seacev3-2026-167507-1-2026-09-13T12:05:27.198069-05:00,PE-CONSUCODE-203646,20602250602,PE-RUC,DIRECCION DE REDES INTEGRADAS DE SALUD LIMA CENTRO
ocds-dgv273-seacev3-1187326,ocds-dgv273-seacev3-1187326-2026-09-13T12:05:26.215703-05:00,PE-CONSUCODE-274,20198090647,PE-RUC,MUNICIPALIDAD DISTRITAL DE NEPEÑA
ocds-dgv273-seacev3-2026-42040-1,ocds-dgv273-seacev3-2026-42040-1-2026-09-13T12:05:14.820718-05:00,PE-CONSUCODE-201567,20574782920,PE-RUC,MUNICIPALIDAD DISTRITAL DE UCHURACCAY
ocds-dgv273-seacev3-1187643,ocds-dgv273-seacev3-1187643-2026-09-13T12:05:14.809921-05:00,PE-CONSUCODE-203806,20601750369,PE-RUC,MUNICIPALIDAD DISTRITAL DE SAN MIGUEL PUNO
ocds-dgv273-seacev3-2026-743-6,ocds-dgv273-seacev3-2026-743-6-2026-09-13T12:05:14.655545-05:00,PE-CONSUCODE-743,20131369639,PE-RUC,MUNICIPALIDAD DISTRITAL DE BELLAVISTA - PROV. CALLAO
ocds-dgv273-seacev3-1190538,ocds-dgv273-seacev3-1190538-2026-09-13T12:05:03.972774-05:00,PE-CONSUCODE-1341,20131372427,PE-RUC,MUNICIPALIDAD DISTRITAL DE SAN MARTIN DE PORRES
ocds-dgv273-seacev3-1187282,ocds-dgv273-seacev3-1187282-2026-09-13T12:05:03.631047-05:00,PE-CONSUCODE-1490,20177662446,PE-RUC,MUNICIPALIDAD PROVINCIAL DEL ALTO AMAZONAS - YURIMAGUAS
ocds-dgv273-seacev3-1220959,ocds-dgv273-seacev3-1220959-2026-09-13T12:04:53.971697-05:00,PE-CONSUCODE-1295,20175975234,PE-RUC,MUNICIPALIDAD PROVINCIAL DE LAMBAYEQUE
ocds-dgv273-seacev3-1216773,ocds-dgv273-seacev3-1216773-2026-09-13T12:04:53.384081-05:00,PE-CONSUCODE-10,20131378549,PE-RUC,JURADO NACIONAL DE ELECCIONES
ocds-dgv273-seacev3-1189878,ocds-dgv273-seacev3-1189878-2026-09-13T12:04:52.291465-05:00,PE-CONSUCODE-1341,20131372427,PE-RUC,MUNICIPALIDAD DISTRITAL DE SAN MARTIN DE PORRES
ocds-dgv273-seacev3-1186088,ocds-dgv273-seacev3-1186088-2026-09-13T12:04:52.026696-05:00,PE-CONSUCODE-1584,20154477374,PE-RUC,MUNICIPALIDAD PROVINCIAL DE PIURA
ocds-dgv273-seacev3-2026-20002-64,ocds-dgv273-seacev3-2026-20002-64-2026-09-13T12:04:51.970368-05:00,PE-CONSUCODE-20002,20172772278,PE-RUC,GOBIERNO REGIONAL DE AYACUCHO - HOSPITAL HUAMANGA
ocds-dgv273-seacev3-1187881,ocds-dgv273-seacev3-1187881-2026-09-13T12:04:51.749393-05:00,PE-CONSUCODE-202805,20601131812,PE-RUC,MUNICIPALIDAD DISTRITAL DE SAN PABLO DE PILLAO
ocds-dgv273-seacev3-1223145,ocds-dgv273-seacev3-1223145-2026-09-13T12:04:42.551275-05:00,PE-CONSUCODE-200404,20544005864,PE-RUC,GOBIERNO REGIONAL DE LIMA - RED DE SALUD DE HUAROCHIRI
ocds-dgv273-seacev3-1235008,ocds-dgv273-seacev3-1235008-2026-09-13T12:04:41.885550-05:00,PE-CONSUCODE-1336,20131373741,PE-RUC,MUNICIPALIDAD DISTRITAL DE SAN BORJA
ocds-dgv273-seacev3-1189809,ocds-dgv273-seacev3-1189809-2026-09-13T12:04:41.852194-05:00,PE-CONSUCODE-1363,20154440373,PE-RUC,MUNICIPALIDAD PROVINCIAL DE CAÑETE - SAN VICENTE DE CAÑETE
ocds-dgv273-seacev3-1191416,ocds-dgv273-seacev3-1191416-2026-09-13T12:04:41.796601-05:00,PE-CONSUCODE-10249,20144364059,PE-RUC,FUERZA AEREA DEL PERU
ocds-dgv273-seacev3-2026-1631-2,ocds-dgv273-seacev3-2026-1631-2-2026-09-13T12:04:41.685907-05:00,PE-CONSUCODE-1631,20158835887,PE-RUC,MUNICIPALIDAD DISTRITAL DE LANCONES
ocds-dgv273-seacev3-1188365,ocds-dgv273-seacev3-1188365-2026-09-13T12:04:29.892993-05:00,PE-CONSUCODE-805,20147346434,PE-RUC,MUNICIPALIDAD PROVINCIAL DE ESPINAR
ocds-dgv273-seacev3-1187275,ocds-dgv273-seacev3-1187275-2026-09-13T12:04:29.680498-05:00,PE-CONSUCODE-1094,20172752323,PE-RUC,MUNICIPALIDAD DISTRITAL DE SICAYA
ocds-dgv273-seacev3-2026-200055-1,ocds-dgv273-seacev3-2026-200055-1-2026-09-11T10:24:15.026593-05:00,PE-CONSUCODE-200055,20486991110,PE-RUC,GOBIERNO REGIONAL DE HUANCAVELICA - GERENCIA SUB REGIONAL DE TAYACAJA
ocds-dgv273-seacev3-1190267,ocds-dgv273-seacev3-1190267-2026-09-11T10:24:14.953296-05:00,PE-CONSUCODE-391,20288789313,PE-RUC,MUNICIPALIDAD DISTRITAL DE COCHARCAS
ocds-dgv273-seacev3-1189516,ocds-dgv273-seacev3-1189516-2026-09-11T10:24:04.533108-05:00,PE-CONSUCODE-1584,20154477374,PE-RUC,MUNICIPALIDAD PROVINCIAL DE PIURA
ocds-dgv273-seacev3-1189852,ocds-dgv273-seacev3-1189852-2026-09-11T10:23:52.066379-05:00,PE-CONSUCODE-27,20291973851,PE-RUC,OFICINA NACIONAL DE PROCESOS ELECTORALES
ocds-dgv273-seacev3-2026-1172-3,ocds-dgv273-seacev3-2026-1172-3-2026-09-11T10:23:51.079825-05:00,PE-CONSUCODE-1172,20120385004,PE-RUC,MUNICIPALIDAD PROVINCIAL DE YAULI - LA OROYA
ocds-dgv273-seacev3-2026-212-8,ocds-dgv273-seacev3-2026-212-8-2026-09-11T10:23:40.796766-05:00,PE-CONSUCODE-212,20206179695,PE-RUC,MUNICIPALIDAD DISTRITAL DE ANRA
ocds-dgv273-seacev3-1185679,ocds-dgv273-seacev3-1185679-2026-09-11T10:23:28.812784-05:00,PE-CONSUCODE-689,20215745032,PE-RUC,MUNICIPALIDAD DISTRITAL DE BELLAVISTA - JAEN
ocds-dgv273-seacev3-1189566,ocds-dgv273-seacev3-1189566-2026-09-11T10:23:18.447940-05:00,PE-CONSUCODE-1035,20175229907,PE-RUC,MUNICIPALIDAD DISTRITAL DE SUBTANJALLA
ocds-dgv273-seacev3-1191516,ocds-dgv273-seacev3-1191516-2026-09-11T10:23:18.141620-05:00,PE-CONSUCODE-200405,20207763820,PE-RUC,MUNICIPALIDAD DISTRITAL CONSTITUCION - PASCO
ocds-dgv273-seacev3-2026-1731-31,ocds-dgv273-seacev3-2026-1731-31-2026-09-11T10:23:17.652620-05:00,PE-CONSUCODE-1731,20165195290,PE-RUC,MUNICIPALIDAD PROVINCIAL DE SAN ROMAN - JULIACA
ocds-dgv273-seacev3-1248060,ocds-dgv273-seacev3-1248060-2026-09-10T10:20:31.425577-05:00,PE-CONSUCODE-27,20291973851,PE-RUC,OFICINA NACIONAL DE PROCESOS ELECTORALES
ocds-dgv273-seacev3-1244568,ocds-dgv273-seacev3-1244568-2026-09-10T10:20:26.220442-05:00,PE-CONSUCODE-41,20486021692,PE-RUC,GOBIERNO REGIONAL DE JUNIN SEDE CENTRAL
ocds-dgv273-seacev3-1190781,ocds-dgv273-seacev3-1190781-2026-09-10T10:20:23.360913-05:00,PE-CONSUCODE-1986,20125645039,PE-RUC,PATRONATO DEL PARQUE DE LAS LEYENDAS - FELIPE BENAVIDES BARREDA
ocds-dgv273-seacev3-2026-176869-3,ocds-dgv273-seacev3-2026-176869-3-2026-09-10T10:20:01.324475-05:00,PE-CONSUCODE-203966,20602398103,PE-RUC,POLICÍA NACIONAL DEL PERÚ - REGIÓN HUÁNUCO - SAN MARTÍN - UCAYALI
ocds-dgv273-seacev3-1190521,ocds-dgv273-seacev3-1190521-2026-09-10T10:20:00.891303-05:00,PE-CONSUCODE-822,20317337150,PE-RUC,MUNICIPALIDAD DISTRITAL DE PICHARI
ocds-dgv273-seacev3-2026-200-12,ocds-dgv273-seacev3-2026-200-12-2026-09-10T10:19:50.295858-05:00,PE-CONSUCODE-200,20174929697,PE-RUC,MUNICIPALIDAD PROVINCIAL DE CASMA
ocds-dgv273-seacev3-1229434,ocds-dgv273-seacev3-1229434-2026-09-10T10:19:43.042292-05:00,PE-CONSUCODE-822,20317337150,PE-RUC,MUNICIPALIDAD DISTRITAL DE PICHARI
ocds-dgv273-seacev3-1247828,ocds-dgv273-seacev3-1247828-2026-09-10T10:19:40.646401-05:00,PE-CONSUCODE-27,20291973851,PE-RUC,OFICINA NACIONAL DE PROCESOS ELECTORALES
ocds-dgv273-seacev3-2026-1694-1,ocds-dgv273-seacev3-2026-1694-1-2026-09-10T10:19:38.798056-05:00,PE-CONSUCODE-1694,20165191464,PE-RUC,MUNICIPALIDAD DISTRITAL DE KELLUYO
ocds-dgv273-seacev3-2026-200202-1,ocds-dgv273-seacev3-2026-200202-1-2026-09-10T10:19:38.617030-05:00,PE-CONSUCODE-200202,20489498783,PE-RUC,GOBIERNO REGIONAL DE HUANUCO - RED DE SALUD HUANUCO
ocds-dgv273-seacev3-1186598,ocds-dgv273-seacev3-1186598-2026-09-10T10:19:38.534927-05:00,PE-CONSUCODE-1321,20131368071,PE-RUC,MUNICIPALIDAD DISTRITAL DE LA VICTORIA - LIMA
ocds-dgv273-seacev3-1187808,ocds-dgv273-seacev3-1187808-2026-09-10T10:19:38.359247-05:00,PE-CONSUCODE-1986,20125645039,PE-RUC,PATRONATO DEL PARQUE DE LAS LEYENDAS - FELIPE BENAVIDES BARREDA
ocds-dgv273-seacev3-1190966,ocds-dgv273-seacev3-1190966-2026-09-10T10:19:28.242180-05:00,PE-CONSUCODE-822,20317337150,PE-RUC,MUNICIPALIDAD DISTRITAL DE PICHARI
ocds-dgv273-seacev3-2026-1313-2,ocds-dgv273-seacev3-2026-1313-2-2026-09-10T10:19:15.461436-05:00,PE-CONSUCODE-1313,20131368233,PE-RUC,MUNICIPALIDAD DISTRITAL DE CHACLACAYO
ocds-dgv273-seacev3-1244204,ocds-dgv273-seacev3-1244204-2026-09-09T10:24:31.716630-05:00,PE-CONSUCODE-27,20291973851,PE-RUC,OFICINA NACIONAL DE PROCESOS ELECTORALES
ocds-dgv273-seacev3-1214612,ocds-dgv273-seacev3-1214612-2026-09-09T10:24:27.297155-05:00,PE-CONSUCODE-10015,20414868216,PE-RUC,PROGRAMA SUBSECTORIAL DE IRRIGACIONES - PSI
ocds-dgv273-seacev3-1190734,ocds-dgv273-seacev3-1190734-2026-09-09T10:24:27.256211-05:00,PE-CONSUCODE-1871,20154572792,PE-RUC,MUNICIPALIDAD PROVINCIAL DE CORONEL PORTILLO
ocds-dgv273-seacev3-1194048,ocds-dgv273-seacev3-1194048-2026-09-09T10:24:27.239525-05:00,PE-CONSUCODE-40,20489250731,PE-RUC,GOBIERNO REGIONAL DE HUANUCO SEDE CENTRAL
ocds-dgv273-seacev3-2026-99-2,ocds-dgv273-seacev3-2026-99-2-2026-09-09T10:24:27.005938-05:00,PE-CONSUCODE-99,20165784287,PE-RUC,MUNICIPALIDAD DISTRITAL DE FLORIDA - POMACOCHAS
ocds-dgv273-seacev3-2026-2384-4,ocds-dgv273-seacev3-2026-2384-4-2026-09-09T10:24:26.929073-05:00,PE-CONSUCODE-2384,20100211034,PE-RUC,SERVICIO DE AGUA POTABLE Y ALCANTARILLADO DE AREQUIPA
ocds-dgv273-seacev3-2026-1735-17,ocds-dgv273-seacev3-2026-1735-17-2026-09-09T10:24:04.945734-05:00,PE-CONSUCODE-1735,20192146641,PE-RUC,MUNICIPALIDAD PROVINCIAL DE YUNGUYO
ocds-dgv273-seacev3-1198436,ocds-dgv273-seacev3-1198436-2026-09-09T10:23:54.084412-05:00,PE-CONSUCODE-1209,20141897935,PE-RUC,MUNICIPALIDAD PROVINCIAL DE SANCHEZ CARRION - HUAMACHUCO
ocds-dgv273-seacev3-1247442,ocds-dgv273-seacev3-1247442-2026-09-09T10:23:49.448931-05:00,PE-CONSUCODE-27,20291973851,PE-RUC,OFICINA NACIONAL DE PROCESOS ELECTORALES
ocds-dgv273-seacev3-1243948,ocds-dgv273-seacev3-1243948-2026-09-09T10:23:23.303337-05:00,PE-CONSUCODE-27,20291973851,PE-RUC,OFICINA NACIONAL DE PROCESOS ELECTORALES
ocds-dgv273-seacev3-1187297,ocds-dgv273-seacev3-1187297-2026-09-09T10:23:19.287195-05:00,PE-CONSUCODE-2543,20131257750,PE-RUC,SEGURO SOCIAL DE SALUD
ocds-dgv273-seacev3-1189293,ocds-dgv273-seacev3-1189293-2026-09-07T10:14:49.144418-05:00,PE-CONSUCODE-10612,20351711770,PE-RUC,GOBIERNO REGIONAL DE UCAYALI - GERENCIA TERRITORIAL DE PADRE ABAD
ocds-dgv273-seacev3-1190461,ocds-dgv273-seacev3-1190461-2026-09-07T10:14:49.129789-05:00,PE-CONSUCODE-200270,20494642078,PE-RUC,GOBIERNO REGIONAL DE AYACUCHO - PROGRAMA REGIONAL DE IRRIGACION Y DESARROLLO RURAL INTEGRADO
ocds-dgv273-seacev3-1189513,ocds-dgv273-seacev3-1189513-2026-09-07T10:14:49.110773-05:00,PE-CONSUCODE-1338,20131378034,PE-RUC,MUNICIPALIDAD DISTRITAL DE SAN JUAN DE LURIGANCHO
ocds-dgv273-seacev3-1189415,ocds-dgv273-seacev3-1189415-2026-09-07T10:14:39.649155-05:00,PE-CONSUCODE-805,20147346434,PE-RUC,MUNICIPALIDAD PROVINCIAL DE ESPINAR
ocds-dgv273-seacev3-1208055,ocds-dgv273-seacev3-1208055-2026-09-07T10:14:39.639844-05:00,PE-CONSUCODE-1696,20192146055,PE-RUC,MUNICIPALIDAD DISTRITAL DE COJATA
ocds-dgv273-seacev3-1187750,ocds-dgv273-seacev3-1187750-2026-09-07T10:14:39.295394-05:00,PE-CONSUCODE-1255,20175640135,PE-RUC,MUNICIPALIDAD DISTRITAL DE CHOCOPE
ocds-dgv273-seacev3-1187440,ocds-dgv273-seacev3-1187440-2026-09-07T10:14:39.279807-05:00,PE-CONSUCODE-1563,20162332261,PE-RUC,MUNICIPALIDAD DISTRITAL DE SAN FRANCISCO DE ASIS DE YARUSYACAN
ocds-dgv273-seacev3-1242392,ocds-dgv273-seacev3-1242392-2026-09-07T10:14:34.883392-05:00,PE-CONSUCODE-27,20291973851,PE-RUC,OFICINA NACIONAL DE PROCESOS ELECTORALES
ocds-dgv273-seacev3-2026-200269-3,ocds-dgv273-seacev3-2026-200269-3-2026-09-07T10:14:19.518427-05:00,PE-CONSUCODE-200269,20450736539,PE-RUC,GOBIERNO REGIONAL DEL CUSCO - RED DE SERVICIOS DE SALUD CUSCO SUR
ocds-dgv273-seacev3-2026-1994-9,ocds-dgv273-seacev3-2026-1994-9-2026-09-07T10:14:19.433776-05:00,PE-CONSUCODE-1994,20131366028,PE-RUC,SERVICIO NACIONAL DE METEOROLOGIA E HIDROLOGIA
ocds-dgv273-seacev3-2026-1111-6,ocds-dgv273-seacev3-2026-1111-6-2026-09-07T10:14:19.253829-05:00,PE-CONSUCODE-1111,20146663461,PE-RUC,MUNICIPALIDAD PROVINCIAL DE CHANCHAMAYO
ocds-dgv273-seacev3-1190098,ocds-dgv273-seacev3-1190098-2026-09-07T10:14:08.608901-05:00,PE-CONSUCODE-34,20498390570,PE-RUC,GOBIERNO REGIONAL DE AREQUIPA Sede Central
ocds-dgv273-seacev3-2026-1731-42,ocds-dgv273-seacev3-2026-1731-42-2026-09-07T10:14:08.404831-05:00,PE-CONSUCODE-1731,20165195290,PE-RUC,MUNICIPALIDAD PROVINCIAL DE SAN ROMAN - JULIACA
ocds-dgv273-seacev3-1216952,ocds-dgv273-seacev3-1216952-2026-09-05T13:37:01.883141-05:00,PE-CONSUCODE-10,20131378549,PE-RUC,JURADO NACIONAL DE ELECCIONES
ocds-dgv273-seacev3-1214829,ocds-dgv273-seacev3-1214829-2026-09-05T13:37:01.647570-05:00,PE-CONSUCODE-203226,20601765226,PE-RUC,UNIDAD EJECUTORA 125 PROGRAMA NACIONAL DE INVERSIONES EN SALUD
ocds-dgv273-seacev3-1188965,ocds-dgv273-seacev3-1188965-2026-09-05T13:37:01.560704-05:00,PE-CONSUCODE-805,20147346434,PE-RUC,MUNICIPALIDAD PROVINCIAL DE ESPINAR
ocds-dgv273-seacev3-1189056,ocds-dgv273-seacev3-1189056-2026-09-05T13:36:50.079583-05:00,PE-CONSUCODE-1683,20202703144,PE-RUC,MUNICIPALIDAD DISTRITAL DE CRUCERO
ocds-dgv273-seacev3-1187002,ocds-dgv273-seacev3-1187002-2026-09-05T13:36:49.900416-05:00,PE-CONSUCODE-189,20188903488,PE-RUC,MUNICIPALIDAD PROVINCIAL DE CARHUAZ
ocds-dgv273-seacev3-1217065,ocds-dgv273-seacev3-1217065-2026-09-05T13:36:39.075957-05:00,PE-CONSUCODE-10,20131378549,PE-RUC,JURADO NACIONAL DE ELECCIONES
ocds-dgv273-seacev3-1217085,ocds-dgv273-seacev3-1217085-2026-09-05T13:36:38.901966-05:00,PE-CONSUCODE-10,20131378549,PE-RUC,JURADO NACIONAL DE ELECCIONES
ocds-dgv273-seacev3-1191056,ocds-dgv273-seacev3-1191056-2026-09-05T13:36:38.454241-05:00,PE-CONSUCODE-805,20147346434,PE-RUC,MUNICIPALIDAD PROVINCIAL DE ESPINAR
ocds-dgv273-seacev3-1191151,ocds-dgv273-seacev3-1191151-2026-09-05T13:36:38.357914-05:00,PE-CONSUCODE-200020,20527056579,PE-RUC,UNIVERSIDAD NACIONAL MICAELA BASTIDAS DE APURIMAC
ocds-dgv273-seacev3-1186645,ocds-dgv273-seacev3-1186645-2026-09-05T13:36:38.010862-05:00,PE-CONSUCODE-45,20527143200,PE-RUC,GOBIERNO REGIONAL DE MADRE DE DIOS SEDE CENTRAL
ocds-dgv273-seacev3-1187749,ocds-dgv273-seacev3-1187749-2026-09-05T13:36:37.979062-05:00,PE-CONSUCODE-1251,20192420998,PE-RUC,MUNICIPALIDAD DISTRITAL DE SANTA CRUZ DE CHUCA
ocds-dgv273-seacev3-2026-1890-15,ocds-dgv273-seacev3-2026-1890-15-2026-09-05T13:36:27.350473-05:00,PE-CONSUCODE-1890,20168014962,PE-RUC,UNIVERSIDAD NACIONAL DE HUANCAVELICA
ocds-dgv273-seacev3-1192051,ocds-dgv273-seacev3-1192051-2026-09-05T13:36:27.156679-05:00,PE-CONSUCODE-2409,20100188628,PE-RUC,SOCIEDAD ELECTRICA DEL SUR OESTE S.A.
ocds-dgv273-seacev3-1187865,ocds-dgv273-seacev3-1187865-2026-09-05T13:36:27.009318-05:00,PE-CONSUCODE-26,20131370301,PE-RUC,MINISTERIO PUBLICO
ocds-dgv273-seacev3-1188714,ocds-dgv273-seacev3-1188714-2026-09-05T13:36:26.954152-05:00,PE-CONSUCODE-694,20203936029,PE-RUC,MUNICIPALIDAD DISTRITAL DE PUCARA - JAEN
ocds-dgv273-seacev3-2026-1852-23,ocds-dgv273-seacev3-2026-1852-23-2026-09-05T13:36:26.896159-05:00,PE-CONSUCODE-1852,20171895147,PE-RUC,MUNICIPALIDAD DISTRITAL DE ILABAYA
ocds-dgv273-seacev3-1216750,ocds-dgv273-seacev3-1216750-2026-09-05T13:36:06.349340-05:00,PE-CONSUCODE-10,20131378549,PE-RUC,JURADO NACIONAL DE ELECCIONES
ocds-dgv273-seacev3-1216566,ocds-dgv273-seacev3-1216566-2026-09-05T13:36:06.139299-05:00,PE-CONSUCODE-10,20131378549,PE-RUC,JURADO NACIONAL DE ELECCIONES
ocds-dgv273-seacev3-1216409,ocds-dgv273-seacev3-1216409-2026-09-05T13:36:05.664221-05:00,PE-CONSUCODE-10,20131378549,PE-RUC,JURADO NACIONAL DE ELECCIONES
ocds-dgv273-seacev3-1217014,ocds-dgv273-seacev3-1217014-2026-09-05T13:36:05.565500-05:00,PE-CONSUCODE-10,20131378549,PE-RUC,JURADO NACIONAL DE ELECCIONES
ocds-dgv273-seacev3-1187911,ocds-dgv273-seacev3-1187911-2026-09-05T13:35:53.259579-05:00,PE-CONSUCODE-34,20498390570,PE-RUC,GOBIERNO REGIONAL DE AREQUIPA Sede Central
ocds-dgv273-seacev3-1191995,ocds-dgv273-seacev3-1191995-2026-09-04T13:58:05.701116-05:00,PE-CONSUCODE-49,20406325815,PE-RUC,GOBIERNO REGIONAL DE PUNO SEDE CENTRAL
ocds-dgv273-seacev3-1188561,ocds-dgv273-seacev3-1188561-2026-09-04T13:57:54.733813-05:00,PE-CONSUCODE-200683,20508650451,PE-RUC,IAFAS DEL EJERCITO DEL PERU (FOSPEME)
ocds-dgv273-seacev3-1190830,ocds-dgv273-seacev3-1190830-2026-09-04T13:57:54.054461-05:00,PE-CONSUCODE-212,20206179695,PE-RUC,MUNICIPALIDAD DISTRITAL DE ANRA
ocds-dgv273-seacev3-1188241,ocds-dgv273-seacev3-1188241-2026-09-04T13:57:31.475793-05:00,PE-CONSUCODE-200683,20508650451,PE-RUC,IAFAS DEL EJERCITO DEL PERU (FOSPEME)
ocds-dgv273-seacev3-1185689,ocds-dgv273-seacev3-1185689-2026-09-04T13:57:31.177458-05:00,PE-CONSUCODE-200683,20508650451,PE-RUC,IAFAS DEL EJERCITO DEL PERU (FOSPEME)
ocds-dgv273-seacev3-1216530,ocds-dgv273-seacev3-1216530-2026-09-04T13:57:21.272517-05:00,PE-CONSUCODE-10,20131378549,PE-RUC,JURADO NACIONAL DE ELECCIONES
ocds-dgv273-seacev3-1216501,ocds-dgv273-seacev3-1216501-2026-09-04T13:57:21.161500-05:00,PE-CONSUCODE-10,20131378549,PE-RUC,JURADO NACIONAL DE ELECCIONES
ocds-dgv273-seacev3-2026-374-17,ocds-dgv273-seacev3-2026-374-17-2026-09-04T13:57:20.704481-05:00,PE-CONSUCODE-374,20288774553,PE-RUC,MUNICIPALIDAD DISTRITAL DE CHALLHUAHUACHO
ocds-dgv273-seacev3-2026-374-30,ocds-dgv273-seacev3-2026-374-30-2026-09-04T13:57:09.679870-05:00,PE-CONSUCODE-374,20288774553,PE-RUC,MUNICIPALIDAD DISTRITAL DE CHALLHUAHUACHO
ocds-dgv273-seacev3-1216546,ocds-dgv273-seacev3-1216546-2026-09-04T13:56:57.580336-05:00,PE-CONSUCODE-10,20131378549,PE-RUC,JURADO NACIONAL DE ELECCIONES
ocds-dgv273-seacev3-1190654,ocds-dgv273-seacev3-1190654-2026-09-03T10:50:53.440832-05:00,PE-CONSUCODE-805,20147346434,PE-RUC,MUNICIPALIDAD PROVINCIAL DE ESPINAR
ocds-dgv273-seacev3-1243081,ocds-dgv273-seacev3-1243081-2026-09-03T10:50:51.335369-05:00,PE-CONSUCODE-1214,20219792876,PE-RUC,MUNICIPALIDAD DISTRITAL DE SANAGORAN
ocds-dgv273-seacev3-2026-1322-2,ocds-dgv273-seacev3-2026-1322-2-2026-09-03T10:50:36.115011-05:00,PE-CONSUCODE-1322,20131367857,PE-RUC,MUNICIPALIDAD DISTRITAL DE LINCE
ocds-dgv273-seacev3-2026-1320-14,ocds-dgv273-seacev3-2026-1320-14-2026-09-03T10:50:22.565446-05:00,PE-CONSUCODE-1320,20131365722,PE-RUC,MUNICIPALIDAD DISTRITAL DE LA MOLINA
ocds-dgv273-seacev3-2026-177645-1,ocds-dgv273-seacev3-2026-177645-1-2026-09-03T10:50:13.260668-05:00,PE-CONSUCODE-203986,20602769934,PE-RUC,CORTE SUPERIOR DE JUSTICIA DE AYACUCHO
ocds-dgv273-seacev3-1186958,ocds-dgv273-seacev3-1186958-2026-09-03T10:49:55.894125-05:00,PE-CONSUCODE-51,20519752515,PE-RUC,GOBIERNO REGIONAL DE TACNA SEDE CENTRAL
ocds-dgv273-seacev3-1233447,ocds-dgv273-seacev3-1233447-2026-09-03T10:49:39.451249-05:00,PE-CONSUCODE-200,20174929697,PE-RUC,MUNICIPALIDAD PROVINCIAL DE CASMA
ocds-dgv273-seacev3-2026-399-64,ocds-dgv273-seacev3-2026-399-64-2026-09-03T10:49:23.349474-05:00,PE-CONSUCODE-399,20159515240,PE-RUC,MUNICIPALIDAD DISTRITAL DE CERRO COLORADO
ocds-dgv273-seacev3-1220691,ocds-dgv273-seacev3-1220691-2026-09-03T10:49:11.343602-05:00,PE-CONSUCODE-34,20498390570,PE-RUC,GOBIERNO REGIONAL DE AREQUIPA Sede Central
ocds-dgv273-seacev3-2026-200-14,ocds-dgv273-seacev3-2026-200-14-2026-09-03T10:49:10.507516-05:00,PE-CONSUCODE-200,20174929697,PE-RUC,MUNICIPALIDAD PROVINCIAL DE CASMA
ocds-dgv273-seacev3-1189694,ocds-dgv273-seacev3-1189694-2026-08-30T10:02:47.964556-05:00,PE-CONSUCODE-369,20161096068,PE-RUC,MUNICIPALIDAD PROVINCIAL DE COTABAMBAS - TAMBOBAMBA
ocds-dgv273-seacev3-1188595,ocds-dgv273-seacev3-1188595-2026-08-30T10:02:47.915819-05:00,PE-CONSUCODE-749,20177217043,PE-RUC,MUNICIPALIDAD PROVINCIAL DEL CUSCO
ocds-dgv273-seacev3-1229695,ocds-dgv273-seacev3-1229695-2026-08-30T10:02:37.857917-05:00,PE-CONSUCODE-2452,20100063337,PE-RUC,EMPRESA MUNICIPAL ADMINISTRADORA DE PEAJE DE LIMA S.A.
ocds-dgv273-seacev3-2026-203-10,ocds-dgv273-seacev3-2026-203-10-2026-08-30T10:02:37.059372-05:00,PE-CONSUCODE-203,20186203918,PE-RUC,MUNICIPALIDAD DISTRITAL DE YAUTAN
ocds-dgv273-seacev3-1228652,ocds-dgv273-seacev3-1228652-2026-08-30T10:02:31.038518-05:00,PE-CONSUCODE-10446,20159311598,PE-RUC,GOBIERNO REGIONAL DE CUSCO - PROYECTO ESPECIAL REGIONAL PLAN COPESCO
ocds-dgv273-seacev3-2026-127819-5,ocds-dgv273-seacev3-2026-127819-5-2026-08-30T10:02:26.375036-05:00,PE-CONSUCODE-203066,20601401836,PE-RUC,UNIVERSIDAD NACIONAL AUTONOMA DE TAYACAJA DANIEL HERNANDEZ MORILLO
ocds-dgv273-seacev3-1189829,ocds-dgv273-seacev3-1189829-2026-08-30T10:02:15.661672-05:00,PE-CONSUCODE-797,20181709066,PE-RUC,MUNICIPALIDAD PROVINCIAL DE CHUMBIVILCAS - SANTO TOMAS
ocds-dgv273-seacev3-2026-1868-3,ocds-dgv273-seacev3-2026-1868-3-2026-08-30T10:02:15.624232-05:00,PE-CONSUCODE-1868,20172278079,PE-RUC,MUNICIPALIDAD DISTRITAL DE AGUAS VERDES
ocds-dgv273-seacev3-2026-2009-4,ocds-dgv273-seacev3-2026-2009-4-2026-08-30T10:02:15.594306-05:00,PE-CONSUCODE-2009,20527141762,PE-RUC,GOBIERNO REGIONAL DE APURIMAC SEDE CENTRAL
ocds-dgv273-seacev3-1188313,ocds-dgv273-seacev3-1188313-2026-08-30T10:02:15.470293-05:00,PE-CONSUCODE-1646,20159249779,PE-RUC,MUNICIPALIDAD DISTRITAL DE VICE
ocds-dgv273-seacev3-1190743,ocds-dgv273-seacev3-1190743-2026-08-29T10:11:39.778050-05:00,PE-CONSUCODE-247,20195717428,PE-RUC,MUNICIPALIDAD DISTRITAL DE CONCHUCOS
ocds-dgv273-seacev3-1189638,ocds-dgv273-seacev3-1189638-2026-08-29T10:11:30.015367-05:00,PE-CONSUCODE-2386,20136341066,PE-RUC,"SERVICIO DE AGUA POTABLE Y ALCANTARILLADO DE CHIMBOTE, CASMA Y HUARMEY"
ocds-dgv273-seacev3-1194513,ocds-dgv273-seacev3-1194513-2026-08-29T10:11:29.977885-05:00,PE-CONSUCODE-1718,20230612014,PE-RUC,MUNICIPALIDAD DISTRITAL DE NUÑOA
ocds-dgv273-seacev3-1190460,ocds-dgv273-seacev3-1190460-2026-08-29T10:11:29.938751-05:00,PE-CONSUCODE-10401,20286907467,PE-RUC,GOBIERNO REGIONAL DE ANCASH-TRANSPORTES
ocds-dgv273-seacev3-1186712,ocds-dgv273-seacev3-1186712-2026-08-29T10:11:29.457104-05:00,PE-CONSUCODE-1833,20147797100,PE-RUC,MUNICIPALIDAD PROVINCIAL DE TACNA
ocds-dgv273-seacev3-2026-2386-9,ocds-dgv273-seacev3-2026-2386-9-2026-08-29T10:11:18.059313-05:00,PE-CONSUCODE-2386,20136341066,PE-RUC,"SERVICIO DE AGUA POTABLE Y ALCANTARILLADO DE CHIMBOTE, CASMA Y HUARMEY"
ocds-dgv273-seacev3-2026-1003048448-9,ocds-dgv273-seacev3-2026-1003048448-9-2026-08-29T10:11:17.958736-05:00,PE-CONSUCODE-205471,20613003747,PE-RUC,MINISTERIO DE DEFENSA - CENTRO DE ALTOS ESTUDIOS NACIONALES - ESCUELA DE POSGRADO
ocds-dgv273-seacev3-2026-2397-22,ocds-dgv273-seacev3-2026-2397-22-2026-08-29T10:11:17.836156-05:00,PE-CONSUCODE-2397,20262221335,PE-RUC,EMPRESA DE GENERACION ELECTRICA SAN GABAN S.A.
ocds-dgv273-seacev3-1191481,ocds-dgv273-seacev3-1191481-2026-08-29T10:11:06.952469-05:00,PE-CONSUCODE-10434,20453743862,PE-RUC,GOBIERNO REGIONAL DE CAJAMARCA DIRECCION REGIONAL AGRARIA CAJAMARCA
ocds-dgv273-seacev3-1190339,ocds-dgv273-seacev3-1190339-2026-08-29T10:11:06.652538-05:00,PE-CONSUCODE-200683,20508650451,PE-RUC,IAFAS DEL EJERCITO DEL PERU (FOSPEME)
ocds-dgv273-seacev3-2026-10196-4,ocds-dgv273-seacev3-2026-10196-4-2026-08-29T10:10:45.488584-05:00,PE-CONSUCODE-10196,20131381094,PE-RUC,INSTITUTO NACIONAL DE OFTALMOLOGIA
ocds-dgv273-seacev3-1189102,ocds-dgv273-seacev3-1189102-2026-08-29T10:10:45.470267-05:00,PE-CONSUCODE-1540,20171880115,PE-RUC,MUNICIPALIDAD DISTRITAL DE TORATA
ocds-dgv273-seacev3-1189368,ocds-dgv273-seacev3-1189368-2026-08-29T10:10:45.153948-05:00,PE-CONSUCODE-1874,20154435965,PE-RUC,MUNICIPALIDAD DISTRITAL DE YARINACOCHA
ocds-dgv273-seacev3-1193129,ocds-dgv273-seacev3-1193129-2026-08-29T10:10:45.072586-05:00,PE-CONSUCODE-874,20191121954,PE-RUC,MUNICIPALIDAD PROVINCIAL DE ACOBAMBA
ocds-dgv273-seacev3-1187398,ocds-dgv273-seacev3-1187398-2026-08-28T10:30:20.797825-05:00,PE-CONSUCODE-33,20530689019,PE-RUC,GOBIERNO REGIONAL DE ANCASH - SEDE CENTRAL
ocds-dgv273-seacev3-1191417,ocds-dgv273-seacev3-1191417-2026-08-28T10:30:10.629921-05:00,PE-CONSUCODE-226,20223022210,PE-RUC,MUNICIPALIDAD DISTRITAL DE UCO
ocds-dgv273-seacev3-1187684,ocds-dgv273-seacev3-1187684-2026-08-28T10:30:10.286368-05:00,PE-CONSUCODE-1007,20182308952,PE-RUC,MUNICIPALIDAD PROVINCIAL DE LAURICOCHA
ocds-dgv273-seacev3-1214260,ocds-dgv273-seacev3-1214260-2026-08-28T10:29:59.427589-05:00,PE-CONSUCODE-41,20486021692,PE-RUC,GOBIERNO REGIONAL DE JUNIN SEDE CENTRAL
ocds-dgv273-seacev3-1211234,ocds-dgv273-seacev3-1211234-2026-08-28T10:29:59.263268-05:00,PE-CONSUCODE-1871,20154572792,PE-RUC,MUNICIPALIDAD PROVINCIAL DE CORONEL PORTILLO
ocds-dgv273-seacev3-2026-1852-13,ocds-dgv273-seacev3-2026-1852-13-2026-08-28T10:29:47.510600-05:00,PE-CONSUCODE-1852,20171895147,PE-RUC,MUNICIPALIDAD DISTRITAL DE ILABAYA
ocds-dgv273-seacev3-2026-1731-41,ocds-dgv273-seacev3-2026-1731-41-2026-08-28T10:29:12.353291-05:00,PE-CONSUCODE-1731,20165195290,PE-RUC,MUNICIPALIDAD PROVINCIAL DE SAN ROMAN - JULIACA
ocds-dgv273-seacev3-1215940,ocds-dgv273-seacev3-1215940-2026-08-27T10:33:19.867200-05:00,PE-CONSUCODE-10,20131378549,PE-RUC,JURADO NACIONAL DE ELECCIONES
ocds-dgv273-seacev3-2026-10-6,ocds-dgv273-seacev3-2026-10-6-2026-08-27T10:33:13.246702-05:00,PE-CONSUCODE-10,20131378549,PE-RUC,JURADO NACIONAL DE ELECCIONES
ocds-dgv273-seacev3-2026-10421-3,ocds-dgv273-seacev3-2026-10421-3-2026-08-27T10:33:13.074748-05:00,PE-CONSUCODE-10421,20209556431,PE-RUC,GOBIERNO REGIONAL DE AREQUIPA - COLEGIO MILITAR FRANCISCO BOLOGNESI
ocds-dgv273-seacev3-2026-274-1,ocds-dgv273-seacev3-2026-274-1-2026-08-27T10:33:12.987343-05:00,PE-CONSUCODE-274,20198090647,PE-RUC,MUNICIPALIDAD DISTRITAL DE NEPEÑA
ocds-dgv273-seacev3-1216442,ocds-dgv273-seacev3-1216442-2026-08-27T10:32:50.324239-05:00,PE-CONSUCODE-10,20131378549,PE-RUC,JURADO NACIONAL DE ELECCIONES
ocds-dgv273-seacev3-1188392,ocds-dgv273-seacev3-1188392-2026-08-27T10:32:38.500601-05:00,PE-CONSUCODE-10403,20185898343,PE-RUC,GOBIERNO REGIONAL DE APURIMAC-CHANKA
ocds-dgv273-seacev3-1186244,ocds-dgv273-seacev3-1186244-2026-08-27T10:32:38.443933-05:00,PE-CONSUCODE-421,20221150733,PE-RUC,MUNICIPALIDAD DISTRITAL DE YARABAMBA
ocds-dgv273-seacev3-1186914,ocds-dgv273-seacev3-1186914-2026-08-27T10:32:38.235824-05:00,PE-CONSUCODE-801,20278211895,PE-RUC,MUNICIPALIDAD DISTRITAL DE LIVITACA
ocds-dgv273-seacev3-2026-1903-16,ocds-dgv273-seacev3-2026-1903-16-2026-08-27T10:32:38.211112-05:00,PE-CONSUCODE-1903,20172383531,PE-RUC,UNIVERSIDAD NACIONAL HERMILIO VALDIZAN
ocds-dgv273-seacev3-2026-10-14,ocds-dgv273-seacev3-2026-10-14-2026-08-27T10:32:16.049409-05:00,PE-CONSUCODE-10,20131378549,PE-RUC,JURADO NACIONAL DE ELECCIONES
ocds-dgv273-seacev3-1216533,ocds-dgv273-seacev3-1216533-2026-08-27T10:32:15.973219-05:00,PE-CONSUCODE-10,20131378549,PE-RUC,JURADO NACIONAL DE ELECCIONES
ocds-dgv273-seacev3-2026-273-2,ocds-dgv273-seacev3-2026-273-2-2026-08-27T10:32:15.736245-05:00,PE-CONSUCODE-273,20186443391,PE-RUC,MUNICIPALIDAD DISTRITAL DE MORO
ocds-dgv273-seacev3-2026-10421-4,ocds-dgv273-seacev3-2026-10421-4-2026-08-27T10:32:03.908773-05:00,PE-CONSUCODE-10421,20209556431,PE-RUC,GOBIERNO REGIONAL DE AREQUIPA - COLEGIO MILITAR FRANCISCO BOLOGNESI
ocds-dgv273-seacev3-1216413,ocds-dgv273-seacev3-1216413-2026-08-26T10:29:02.794166-05:00,PE-CONSUCODE-773,20156074242,PE-RUC,MUNICIPALIDAD PROVINCIAL DE CALCA
ocds-dgv273-seacev3-1185264,ocds-dgv273-seacev3-1185264-2026-08-26T10:28:05.425222-05:00,PE-CONSUCODE-1200,20174738085,PE-RUC,MUNICIPALIDAD DISTRITAL DE VICTOR LARCO HERRERA
ocds-dgv273-seacev3-1186036,ocds-dgv273-seacev3-1186036-2026-08-26T10:28:05.408092-05:00,PE-CONSUCODE-1341,20131372427,PE-RUC,MUNICIPALIDAD DISTRITAL DE SAN MARTIN DE PORRES
ocds-dgv273-seacev3-2026-1852-1,ocds-dgv273-seacev3-2026-1852-1-2026-08-26T10:28:05.299620-05:00,PE-CONSUCODE-1852,20171895147,PE-RUC,MUNICIPALIDAD DISTRITAL DE ILABAYA
ocds-dgv273-seacev3-1191615,ocds-dgv273-seacev3-1191615-2026-08-24T10:04:50.874461-05:00,PE-CONSUCODE-1341,20131372427,PE-RUC,MUNICIPALIDAD DISTRITAL DE SAN MARTIN DE PORRES
ocds-dgv273-seacev3-1185831,ocds-dgv273-seacev3-1185831-2026-08-23T10:35:12.435409-05:00,PE-CONSUCODE-1332,20131366451,PE-RUC,MUNICIPALIDAD DISTRITAL DE PUNTA HERMOSA
ocds-dgv273-seacev3-2026-2344-32,ocds-dgv273-seacev3-2026-2344-32-2026-08-23T10:34:53.619366-05:00,PE-CONSUCODE-2344,20176170876,PE-RUC,EMPRESA MUNICIPAL DE AGUA POTABLE Y ALCANTARILLADO DE CAÑETE S.A.
ocds-dgv273-seacev3-1238236,ocds-dgv273-seacev3-1238236-2026-08-23T10:34:15.772811-05:00,PE-CONSUCODE-1611,20105266988,PE-RUC,MUNICIPALIDAD PROVINCIAL DE MORROPON - CHULUCANAS
ocds-dgv273-seacev3-1238238,ocds-dgv273-seacev3-1238238-2026-08-23T10:34:14.824501-05:00,PE-CONSUCODE-1611,20105266988,PE-RUC,MUNICIPALIDAD PROVINCIAL DE MORROPON - CHULUCANAS
ocds-dgv273-seacev3-1225825,ocds-dgv273-seacev3-1225825-2026-08-23T10:33:40.155250-05:00,PE-CONSUCODE-200096,20519610214,PE-RUC,MUNICIPALIDAD DISTRITAL DE CORONEL GREGORIO ALBARRACIN LANCHIPA
ocds-dgv273-seacev3-1219718,ocds-dgv273-seacev3-1219718-2026-08-23T10:33:40.009995-05:00,PE-CONSUCODE-2452,20100063337,PE-RUC,EMPRESA MUNICIPAL ADMINISTRADORA DE PEAJE DE LIMA S.A.
ocds-dgv273-seacev3-2026-488-3,ocds-dgv273-seacev3-2026-488-3-2026-08-22T10:45:01.420342-05:00,PE-CONSUCODE-488,20166164789,PE-RUC,MUNICIPALIDAD PROVINCIAL DE ISLAY - MOLLENDO
ocds-dgv273-seacev3-1192018,ocds-dgv273-seacev3-1192018-2026-08-22T10:44:43.486273-05:00,PE-CONSUCODE-789,20147421070,PE-RUC,MUNICIPALIDAD PROVINCIAL DE CANCHIS - SICUANI
ocds-dgv273-seacev3-1191090,ocds-dgv273-seacev3-1191090-2026-08-22T10:44:21.950787-05:00,PE-CONSUCODE-1787,20178500083,PE-RUC,MUNICIPALIDAD DISTRITAL DE NUEVA CAJAMARCA
ocds-dgv273-seacev3-2026-1852-11,ocds-dgv273-seacev3-2026-1852-11-2026-08-22T10:44:21.889540-05:00,PE-CONSUCODE-1852,20171895147,PE-RUC,MUNICIPALIDAD DISTRITAL DE ILABAYA
ocds-dgv273-seacev3-2026-10141-39,ocds-dgv273-seacev3-2026-10141-39-2026-08-22T10:44:03.123361-05:00,PE-CONSUCODE-10141,20339267821,PE-RUC,COMISIÓN NACIONAL PARA EL DESARROLLO Y VIDA SIN DROGAS - DEVIDA
ocds-dgv273-seacev3-1189239,ocds-dgv273-seacev3-1189239-2026-08-22T10:44:02.907145-05:00,PE-CONSUCODE-40,20489250731,PE-RUC,GOBIERNO REGIONAL DE HUANUCO SEDE CENTRAL
ocds-dgv273-seacev3-1185552,ocds-dgv273-seacev3-1185552-2026-08-22T10:44:02.587519-05:00,PE-CONSUCODE-203966,20602398103,PE-RUC,POLICÍA NACIONAL DEL PERÚ - REGIÓN HUÁNUCO - SAN MARTÍN - UCAYALI
ocds-dgv273-seacev3-1187092,ocds-dgv273-seacev3-1187092-2026-08-22T10:44:02.553735-05:00,PE-CONSUCODE-43,20479569780,PE-RUC,GOBIERNO REGIONAL DE LAMBAYEQUE SEDE CENTRAL
ocds-dgv273-seacev3-1189671,ocds-dgv273-seacev3-1189671-2026-08-22T10:43:44.018549-05:00,PE-CONSUCODE-34,20498390570,PE-RUC,GOBIERNO REGIONAL DE AREQUIPA Sede Central
ocds-dgv273-seacev3-1187443,ocds-dgv273-seacev3-1187443-2026-08-22T10:43:43.769958-05:00,PE-CONSUCODE-20002,20172772278,PE-RUC,GOBIERNO REGIONAL DE AYACUCHO - HOSPITAL HUAMANGA
ocds-dgv273-seacev3-1191369,ocds-dgv273-seacev3-1191369-2026-08-22T10:43:24.444026-05:00,PE-CONSUCODE-861,20198193454,PE-RUC,MUNICIPALIDAD DISTRITAL DE CUENCA - HUANCAVELICA
ocds-dgv273-seacev3-1242607,ocds-dgv273-seacev3-1242607-2026-08-22T10:43:14.198030-05:00,PE-CONSUCODE-203226,20601765226,PE-RUC,UNIDAD EJECUTORA 125 PROGRAMA NACIONAL DE INVERSIONES EN SALUD
ocds-dgv273-seacev3-1185801,ocds-dgv273-seacev3-1185801-2026-08-22T10:42:45.087665-05:00,PE-CONSUCODE-1175,20199759672,PE-RUC,MUNICIPALIDAD DISTRITAL DE MARCAPOMACOCHA
ocds-dgv273-seacev3-1219930,ocds-dgv273-seacev3-1219930-2026-08-21T10:30:54.988892-05:00,PE-CONSUCODE-1201,20170044844,PE-RUC,MUNICIPALIDAD DISTRITAL DE FLORENCIA DE MORA
ocds-dgv273-seacev3-1187933,ocds-dgv273-seacev3-1187933-2026-08-21T10:30:53.452810-05:00,PE-CONSUCODE-1245,20187630101,PE-RUC,MUNICIPALIDAD PROVINCIAL DE SANTIAGO DE CHUCO
ocds-dgv273-seacev3-1187426,ocds-dgv273-seacev3-1187426-2026-08-21T10:30:53.423782-05:00,PE-CONSUCODE-1111,20146663461,PE-RUC,MUNICIPALIDAD PROVINCIAL DE CHANCHAMAYO
ocds-dgv273-seacev3-1218706,ocds-dgv273-seacev3-1218706-2026-08-21T10:30:41.956519-05:00,PE-CONSUCODE-37,20527147612,PE-RUC,GOBIERNO REGIONAL DE CUSCO SEDE CENTRAL
ocds-dgv273-seacev3-2026-751-4,ocds-dgv273-seacev3-2026-751-4-2026-08-21T10:30:41.617994-05:00,PE-CONSUCODE-751,20159308881,PE-RUC,MUNICIPALIDAD DISTRITAL DE WANCHAQ
ocds-dgv273-seacev3-1191039,ocds-dgv273-seacev3-1191039-2026-08-21T10:30:41.423854-05:00,PE-CONSUCODE-1986,20125645039,PE-RUC,PATRONATO DEL PARQUE DE LAS LEYENDAS - FELIPE BENAVIDES BARREDA
ocds-dgv273-seacev3-2026-200386-3,ocds-dgv273-seacev3-2026-200386-3-2026-08-21T10:30:18.900911-05:00,PE-CONSUCODE-200386,20491363402,PE-RUC,UNIVERSIDAD NACIONAL DE CAÑETE
ocds-dgv273-seacev3-1187566,ocds-dgv273-seacev3-1187566-2026-08-21T10:30:18.139828-05:00,PE-CONSUCODE-1111,20146663461,PE-RUC,MUNICIPALIDAD PROVINCIAL DE CHANCHAMAYO
ocds-dgv273-seacev3-2026-1903-14,ocds-dgv273-seacev3-2026-1903-14-2026-08-21T10:30:18.119628-05:00,PE-CONSUCODE-1903,20172383531,PE-RUC,UNIVERSIDAD NACIONAL HERMILIO VALDIZAN
ocds-dgv273-seacev3-2026-200462-2,ocds-dgv273-seacev3-2026-200462-2-2026-08-21T10:30:07.264154-05:00,PE-CONSUCODE-200462,20547960051,PE-RUC,PROGRAMA NACIONAL DE ASISTENCIA SOLIDARIA PENSION 65
ocds-dgv273-seacev3-1189301,ocds-dgv273-seacev3-1189301-2026-08-21T10:30:07.145212-05:00,PE-CONSUCODE-1054,20147706155,PE-RUC,MUNICIPALIDAD DISTRITAL DE VISTA ALEGRE - NAZCA
ocds-dgv273-seacev3-1239896,ocds-dgv273-seacev3-1239896-2026-08-21T10:29:58.691247-05:00,PE-CONSUCODE-1214,20219792876,PE-RUC,MUNICIPALIDAD DISTRITAL DE SANAGORAN
ocds-dgv273-seacev3-1191551,ocds-dgv273-seacev3-1191551-2026-08-21T10:29:55.219747-05:00,PE-CONSUCODE-203226,20601765226,PE-RUC,UNIDAD EJECUTORA 125 PROGRAMA NACIONAL DE INVERSIONES EN SALUD
ocds-dgv273-seacev3-1190023,ocds-dgv273-seacev3-1190023-2026-08-21T10:29:55.186309-05:00,PE-CONSUCODE-1200,20174738085,PE-RUC,MUNICIPALIDAD DISTRITAL DE VICTOR LARCO HERRERA
ocds-dgv273-seacev3-2026-1229-2,ocds-dgv273-seacev3-2026-1229-2-2026-08-21T10:29:54.905930-05:00,PE-CONSUCODE-1229,20170040695,PE-RUC,MUNICIPALIDAD DISTRITAL DE JEQUETEPEQUE
ocds-dgv273-seacev3-1188028,ocds-dgv273-seacev3-1188028-2026-08-21T10:29:54.883365-05:00,PE-CONSUCODE-200408,20526489391,PE-RUC,GOBIERNO REGIONAL DE PIURA - INSTITUTOS SUPERIORES DE EDUCACION PUBLICA REGIONAL DE PIURA
ocds-dgv273-seacev3-1239602,ocds-dgv273-seacev3-1239602-2026-08-20T10:31:20.754964-05:00,PE-CONSUCODE-27,20291973851,PE-RUC,OFICINA NACIONAL DE PROCESOS ELECTORALES
ocds-dgv273-seacev3-1191594,ocds-dgv273-seacev3-1191594-2026-08-20T10:31:16.026857-05:00,PE-CONSUCODE-46,20519752604,PE-RUC,GOBIERNO REGIONAL DE MOQUEGUA SEDE CENTRAL
ocds-dgv273-seacev3-1189553,ocds-dgv273-seacev3-1189553-2026-08-20T10:30:54.084806-05:00,PE-CONSUCODE-1182,20174790320,PE-RUC,MUNICIPALIDAD PROVINCIAL DE CHUPACA
ocds-dgv273-seacev3-2026-1111-2,ocds-dgv273-seacev3-2026-1111-2-2026-08-20T10:30:53.882265-05:00,PE-CONSUCODE-1111,20146663461,PE-RUC,MUNICIPALIDAD PROVINCIAL DE CHANCHAMAYO
ocds-dgv273-seacev3-2026-161-3,ocds-dgv273-seacev3-2026-161-3-2026-08-20T10:30:42.494126-05:00,PE-CONSUCODE-161,20211220253,PE-RUC,MUNICIPALIDAD DISTRITAL DE TARICA
ocds-dgv273-seacev3-1192097,ocds-dgv273-seacev3-1192097-2026-08-20T10:30:32.472251-05:00,PE-CONSUCODE-1983,20131369477,PE-RUC,INSTITUTO TECNOLOGICO DE LA PRODUCCION
ocds-dgv273-seacev3-1186432,ocds-dgv273-seacev3-1186432-2026-08-20T10:30:20.433903-05:00,PE-CONSUCODE-10552,20315880069,PE-RUC,GOBIERNO REGIONAL DE PIURA - GERENCIA SUBREGIONAL  LUCIANO CASTILLO COLONNA
ocds-dgv273-seacev3-1237526,ocds-dgv273-seacev3-1237526-2026-08-20T10:30:14.001812-05:00,PE-CONSUCODE-1488,20147161574,PE-RUC,MUNICIPALIDAD DISTRITAL DE PUNCHANA
ocds-dgv273-seacev3-1189913,ocds-dgv273-seacev3-1189913-2026-08-19T10:31:47.035827-05:00,PE-CONSUCODE-8,20131378972,PE-RUC,CONTRALORIA GENERAL DE LA REPUBLICA
ocds-dgv273-seacev3-1193518,ocds-dgv273-seacev3-1193518-2026-08-19T10:31:35.786119-05:00,PE-CONSUCODE-749,20177217043,PE-RUC,MUNICIPALIDAD PROVINCIAL DEL CUSCO
ocds-dgv273-seacev3-1186152,ocds-dgv273-seacev3-1186152-2026-08-19T10:31:35.561092-05:00,PE-CONSUCODE-34,20498390570,PE-RUC,GOBIERNO REGIONAL DE AREQUIPA Sede Central
ocds-dgv273-seacev3-1189947,ocds-dgv273-seacev3-1189947-2026-08-19T10:31:23.679796-05:00,PE-CONSUCODE-10553,20315959595,PE-RUC,GOBIERNO REGIONAL DE PIURA - DIRECCIÓN  REGIONAL DE AGRICULTURA
ocds-dgv273-seacev3-2026-1733-3,ocds-dgv273-seacev3-2026-1733-3-2026-08-19T10:31:13.814494-05:00,PE-CONSUCODE-1733,20205942921,PE-RUC,MUNICIPALIDAD DISTRITAL DE CABANILLAS
ocds-dgv273-seacev3-1190473,ocds-dgv273-seacev3-1190473-2026-08-19T10:31:13.492976-05:00,PE-CONSUCODE-1485,20165973683,PE-RUC,MUNICIPALIDAD DISTRITAL DE NAPO
ocds-dgv273-seacev3-1186128,ocds-dgv273-seacev3-1186128-2026-08-19T10:31:13.021223-05:00,PE-CONSUCODE-700,20148261572,PE-RUC,MUNICIPALIDAD PROVINCIAL DE SAN IGNACIO
ocds-dgv273-seacev3-2026-200-5,ocds-dgv273-seacev3-2026-200-5-2026-08-19T10:30:51.148458-05:00,PE-CONSUCODE-200,20174929697,PE-RUC,MUNICIPALIDAD PROVINCIAL DE CASMA
ocds-dgv273-seacev3-1226518,ocds-dgv273-seacev3-1226518-2026-08-18T10:20:27.099105-05:00,PE-CONSUCODE-202785,20600982100,PE-RUC,MUNICIPALIDAD DISTRITAL LA YARADA LOS PALOS
ocds-dgv273-seacev3-1187891,ocds-dgv273-seacev3-1187891-2026-08-16T10:08:08.284726-05:00,PE-CONSUCODE-505,20143137296,PE-RUC,MUNICIPALIDAD PROVINCIAL DE HUAMANGA
ocds-dgv273-seacev3-1186550,ocds-dgv273-seacev3-1186550-2026-08-16T10:08:08.027528-05:00,PE-CONSUCODE-10407,20443070819,PE-RUC,GOBIERNO REGIONAL DE APURIMAC-TRANSPORTES CHANKA
ocds-dgv273-seacev3-2026-1523-2,ocds-dgv273-seacev3-2026-1523-2-2026-08-16T10:07:58.233410-05:00,PE-CONSUCODE-1523,20192061491,PE-RUC,MUNICIPALIDAD DISTRITAL DE PAMPA HERMOZA - LORETO
ocds-dgv273-seacev3-1187271,ocds-dgv273-seacev3-1187271-2026-08-16T10:07:58.076402-05:00,PE-CONSUCODE-805,20147346434,PE-RUC,MUNICIPALIDAD PROVINCIAL DE ESPINAR
ocds-dgv273-seacev3-1190703,ocds-dgv273-seacev3-1190703-2026-08-16T10:07:48.748430-05:00,PE-CONSUCODE-32,20479569861,PE-RUC,GOBIERNO REGIONAL DE AMAZONAS SEDE CENTRAL
ocds-dgv273-seacev3-2026-102627-7,ocds-dgv273-seacev3-2026-102627-7-2026-08-16T10:07:38.055678-05:00,PE-CONSUCODE-202565,20601020191,PE-RUC,POLICÍA NACIONAL DEL PERÚ - REGIÓN PIURA
ocds-dgv273-seacev3-2026-10466-22,ocds-dgv273-seacev3-2026-10466-22-2026-08-16T10:07:37.783045-05:00,PE-CONSUCODE-10466,20146038329,PE-RUC,GOBIERNO REGIONAL DE HUANUCO-HOSPITAL DE HUANUCO HERMILIO VALDIZAN
ocds-dgv273-seacev3-2026-10461-21,ocds-dgv273-seacev3-2026-10461-21-2026-08-15T10:17:27.331766-05:00,PE-CONSUCODE-10461,20172373144,PE-RUC,GOBIERNO REGIONAL DE HUANUCO-TRANSPORTES
ocds-dgv273-seacev3-1190500,ocds-dgv273-seacev3-1190500-2026-08-15T10:17:27.002513-05:00,PE-CONSUCODE-2452,20100063337,PE-RUC,EMPRESA MUNICIPAL ADMINISTRADORA DE PEAJE DE LIMA S.A.
ocds-dgv273-seacev3-1187827,ocds-dgv273-seacev3-1187827-2026-08-15T10:17:15.748390-05:00,PE-CONSUCODE-278,20282911915,PE-RUC,MUNICIPALIDAD DISTRITAL DE NUEVO CHIMBOTE
ocds-dgv273-seacev3-1186761,ocds-dgv273-seacev3-1186761-2026-08-15T10:17:03.790397-05:00,PE-CONSUCODE-1111,20146663461,PE-RUC,MUNICIPALIDAD PROVINCIAL DE CHANCHAMAYO
ocds-dgv273-seacev3-1201030,ocds-dgv273-seacev3-1201030-2026-08-15T10:16:53.711380-05:00,PE-CONSUCODE-680,20220666418,PE-RUC,MUNICIPALIDAD DISTRITAL DE TACABAMBA
ocds-dgv273-seacev3-1187121,ocds-dgv273-seacev3-1187121-2026-08-15T10:16:52.690090-05:00,PE-CONSUCODE-2360,20126850680,PE-RUC,EMPRESA MUNICIPAL DE SERVICIO DE AGUA POTABLE Y ALCANTARILLADO DE HUANUCO
ocds-dgv273-seacev3-1214418,ocds-dgv273-seacev3-1214418-2026-08-14T10:33:24.490944-05:00,PE-CONSUCODE-10552,20315880069,PE-RUC,GOBIERNO REGIONAL DE PIURA - GERENCIA SUBREGIONAL  LUCIANO CASTILLO COLONNA
ocds-dgv273-seacev3-1191314,ocds-dgv273-seacev3-1191314-2026-08-14T10:33:22.906131-05:00,PE-CONSUCODE-1050,20147705850,PE-RUC,MUNICIPALIDAD PROVINCIAL DE NAZCA
ocds-dgv273-seacev3-1232040,ocds-dgv273-seacev3-1232040-2026-08-14T10:32:58.036607-05:00,PE-CONSUCODE-205571,20613343491,PE-RUC,PCM - UNIDAD EJECUTORA 022 - PROYECTO DE TRANSFORMACIÓN DIGITAL CON EQUIDAD - PROTDE
ocds-dgv273-seacev3-2026-31-5,ocds-dgv273-seacev3-2026-31-5-2026-08-14T10:32:49.742297-05:00,PE-CONSUCODE-31,20217267618,PE-RUC,TRIBUNAL CONSTITUCIONAL
ocds-dgv273-seacev3-1191498,ocds-dgv273-seacev3-1191498-2026-08-14T10:32:38.593869-05:00,PE-CONSUCODE-200276,20521286769,PE-RUC,ORGANISMO DE EVALUACION Y FISCALIZACION AMBIENTAL
ocds-dgv273-seacev3-2026-1834-4,ocds-dgv273-seacev3-2026-1834-4-2026-08-14T10:32:38.313327-05:00,PE-CONSUCODE-1834,20147796715,PE-RUC,MUNICIPALIDAD DISTRITAL DE ALTO DE LA ALIANZA
ocds-dgv273-seacev3-2026-847-6,ocds-dgv273-seacev3-2026-847-6-2026-08-14T10:32:28.416386-05:00,PE-CONSUCODE-847,20195499765,PE-RUC,MUNICIPALIDAD DISTRITAL DE OCONGATE
ocds-dgv273-seacev3-1187100,ocds-dgv273-seacev3-1187100-2026-08-14T10:32:16.066359-05:00,PE-CONSUCODE-43,20479569780,PE-RUC,GOBIERNO REGIONAL DE LAMBAYEQUE SEDE CENTRAL
ocds-dgv273-seacev3-2026-436-2,ocds-dgv273-seacev3-2026-436-2-2026-08-13T10:28:31.351327-05:00,PE-CONSUCODE-436,20212025179,PE-RUC,MUNICIPALIDAD DISTRITAL DE ATICO
ocds-dgv273-seacev3-1237648,ocds-dgv273-seacev3-1237648-2026-08-13T10:28:25.236866-05:00,PE-CONSUCODE-27,20291973851,PE-RUC,OFICINA NACIONAL DE PROCESOS ELECTORALES
ocds-dgv273-seacev3-1240349,ocds-dgv273-seacev3-1240349-2026-08-13T10:28:23.583414-05:00,PE-CONSUCODE-789,20147421070,PE-RUC,MUNICIPALIDAD PROVINCIAL DE CANCHIS - SICUANI
ocds-dgv273-seacev3-1189697,ocds-dgv273-seacev3-1189697-2026-08-13T10:28:20.809976-05:00,PE-CONSUCODE-789,20147421070,PE-RUC,MUNICIPALIDAD PROVINCIAL DE CANCHIS - SICUANI
ocds-dgv273-seacev3-1188938,ocds-dgv273-seacev3-1188938-2026-08-13T10:28:20.792797-05:00,PE-CONSUCODE-672,20284157967,PE-RUC,MUNICIPALIDAD DISTRITAL DE CHIMBAN
ocds-dgv273-seacev3-1189980,ocds-dgv273-seacev3-1189980-2026-08-13T10:28:09.978268-05:00,PE-CONSUCODE-2543,20131257750,PE-RUC,SEGURO SOCIAL DE SALUD
ocds-dgv273-seacev3-2026-1530-5,ocds-dgv273-seacev3-2026-1530-5-2026-08-13T10:28:09.970062-05:00,PE-CONSUCODE-1530,20162281845,PE-RUC,MUNICIPALIDAD PROVINCIAL DE MANU
ocds-dgv273-seacev3-1218696,ocds-dgv273-seacev3-1218696-2026-08-13T10:28:00.139358-05:00,PE-CONSUCODE-233,20195410373,PE-RUC,MUNICIPALIDAD DISTRITAL DE PUEBLO LIBRE - HUAYLAS
ocds-dgv273-seacev3-1191351,ocds-dgv273-seacev3-1191351-2026-08-13T10:27:58.203209-05:00,PE-CONSUCODE-948,20206342430,PE-RUC,MUNICIPALIDAD DISTRITAL DE SAN MIGUEL DE MAYOCC
ocds-dgv273-seacev3-1186695,ocds-dgv273-seacev3-1186695-2026-08-13T10:27:57.729938-05:00,PE-CONSUCODE-200019,20503503639,PE-RUC,MTC-PROYECTO ESPECIAL DE INFRAESTRUCTURA DE TRANSPORTE NACIONAL (PROVIAS NACIONAL)
ocds-dgv273-seacev3-2026-1834-3,ocds-dgv273-seacev3-2026-1834-3-2026-08-13T10:27:57.690342-05:00,PE-CONSUCODE-1834,20147796715,PE-RUC,MUNICIPALIDAD DISTRITAL DE ALTO DE LA ALIANZA
ocds-dgv273-seacev3-1191622,ocds-dgv273-seacev3-1191622-2026-08-13T10:27:47.386362-05:00,PE-CONSUCODE-278,20282911915,PE-RUC,MUNICIPALIDAD DISTRITAL DE NUEVO CHIMBOTE
ocds-dgv273-seacev3-1186148,ocds-dgv273-seacev3-1186148-2026-08-13T10:27:35.942064-05:00,PE-CONSUCODE-953,20160927896,PE-RUC,MUNICIPALIDAD DISTRITAL DE CHURUBAMBA
ocds-dgv273-seacev3-1239873,ocds-dgv273-seacev3-1239873-2026-08-12T10:30:45.320032-05:00,PE-CONSUCODE-1214,20219792876,PE-RUC,MUNICIPALIDAD DISTRITAL DE SANAGORAN
ocds-dgv273-seacev3-1186739,ocds-dgv273-seacev3-1186739-2026-08-12T10:30:37.921926-05:00,PE-CONSUCODE-205210,20611816953,PE-RUC,AUTORIDAD NACIONAL DE INFRAESTRUCTURA
ocds-dgv273-seacev3-1187739,ocds-dgv273-seacev3-1187739-2026-08-12T10:30:16.328583-05:00,PE-CONSUCODE-200025,20207553698,PE-RUC,PROGRAMA NACIONAL DE SANEAMIENTO URBANO
ocds-dgv273-seacev3-1189437,ocds-dgv273-seacev3-1189437-2026-08-12T10:30:04.973623-05:00,PE-CONSUCODE-10141,20339267821,PE-RUC,COMISIÓN NACIONAL PARA EL DESARROLLO Y VIDA SIN DROGAS - DEVIDA
ocds-dgv273-seacev3-1205710,ocds-dgv273-seacev3-1205710-2026-08-12T10:30:04.928369-05:00,PE-CONSUCODE-422,20173809663,PE-RUC,MUNICIPALIDAD DISTRITAL DE YURA
ocds-dgv273-seacev3-1188439,ocds-dgv273-seacev3-1188439-2026-08-12T10:30:04.554260-05:00,PE-CONSUCODE-1851,20193065938,PE-RUC,MUNICIPALIDAD DISTRITAL DE ITE
ocds-dgv273-seacev3-2026-2009-98,ocds-dgv273-seacev3-2026-2009-98-2026-08-12T10:29:43.580432-05:00,PE-CONSUCODE-2009,20527141762,PE-RUC,GOBIERNO REGIONAL DE APURIMAC SEDE CENTRAL
ocds-dgv273-seacev3-1187032,ocds-dgv273-seacev3-1187032-2026-08-10T10:05:32.106589-05:00,PE-CONSUCODE-49,20406325815,PE-RUC,GOBIERNO REGIONAL DE PUNO SEDE CENTRAL
ocds-dgv273-seacev3-1190819,ocds-dgv273-seacev3-1190819-2026-08-07T10:22:33.677617-05:00,PE-CONSUCODE-2009,20527141762,PE-RUC,GOBIERNO REGIONAL DE APURIMAC SEDE CENTRAL
ocds-dgv273-seacev3-2026-200302-2,ocds-dgv273-seacev3-2026-200302-2-2026-08-07T10:22:33.571774-05:00,PE-CONSUCODE-200302,20480776250,PE-RUC,POLICÍA NACIONAL DEL PERÚ - II DIRECCIÓN TERRITORIAL CHICLAYO
ocds-dgv273-seacev3-2026-1621-44,ocds-dgv273-seacev3-2026-1621-44-2026-08-07T10:22:33.379235-05:00,PE-CONSUCODE-1621,20162361440,PE-RUC,MUNICIPALIDAD PROVINCIAL DE PAITA
ocds-dgv273-seacev3-2026-1623-5,ocds-dgv273-seacev3-2026-1623-5-2026-08-07T10:22:33.362927-05:00,PE-CONSUCODE-1623,20190793681,PE-RUC,MUNICIPALIDAD DISTRITAL DE ARENAL
ocds-dgv273-seacev3-1187264,ocds-dgv273-seacev3-1187264-2026-08-07T10:22:33.347159-05:00,PE-CONSUCODE-629,20199984871,PE-RUC,MUNICIPALIDAD DISTRITAL DE CONDEBAMBA
ocds-dgv273-seacev3-1190725,ocds-dgv273-seacev3-1190725-2026-08-07T10:22:24.042887-05:00,PE-CONSUCODE-1616,20171246092,PE-RUC,MUNICIPALIDAD DISTRITAL DE SALITRAL - MORROPON
ocds-dgv273-seacev3-2026-161-2,ocds-dgv273-seacev3-2026-161-2-2026-08-07T10:22:23.801366-05:00,PE-CONSUCODE-161,20211220253,PE-RUC,MUNICIPALIDAD DISTRITAL DE TARICA
ocds-dgv273-seacev3-1190565,ocds-dgv273-seacev3-1190565-2026-08-07T10:22:04.554174-05:00,PE-CONSUCODE-49,20406325815,PE-RUC,GOBIERNO REGIONAL DE PUNO SEDE CENTRAL
ocds-dgv273-seacev3-1191267,ocds-dgv273-seacev3-1191267-2026-08-07T10:22:04.268558-05:00,PE-CONSUCODE-200096,20519610214,PE-RUC,MUNICIPALIDAD DISTRITAL DE CORONEL GREGORIO ALBARRACIN LANCHIPA
ocds-dgv273-seacev3-1188132,ocds-dgv273-seacev3-1188132-2026-08-07T10:22:04.067640-05:00,PE-CONSUCODE-805,20147346434,PE-RUC,MUNICIPALIDAD PROVINCIAL DE ESPINAR
ocds-dgv273-seacev3-1186708,ocds-dgv273-seacev3-1186708-2026-08-07T10:22:03.961661-05:00,PE-CONSUCODE-1029,20175239023,PE-RUC,MUNICIPALIDAD DISTRITAL DE PARCONA
ocds-dgv273-seacev3-1217682,ocds-dgv273-seacev3-1217682-2026-08-07T10:21:53.993424-05:00,PE-CONSUCODE-1807,20175467671,PE-RUC,MUNICIPALIDAD PROVINCIAL DE BELLAVISTA
ocds-dgv273-seacev3-2026-2543-394,ocds-dgv273-seacev3-2026-2543-394-2026-08-07T10:21:53.176157-05:00,PE-CONSUCODE-2543,20131257750,PE-RUC,SEGURO SOCIAL DE SALUD
ocds-dgv273-seacev3-1194503,ocds-dgv273-seacev3-1194503-2026-08-07T10:21:52.707598-05:00,PE-CONSUCODE-1635,20165925794,PE-RUC,MUNICIPALIDAD DISTRITAL DE SALITRAL - SULLANA
ocds-dgv273-seacev3-1186467,ocds-dgv273-seacev3-1186467-2026-08-07T10:21:52.669598-05:00,PE-CONSUCODE-421,20221150733,PE-RUC,MUNICIPALIDAD DISTRITAL DE YARABAMBA
ocds-dgv273-seacev3-2026-629-1,ocds-dgv273-seacev3-2026-629-1-2026-08-06T10:27:39.500203-05:00,PE-CONSUCODE-629,20199984871,PE-RUC,MUNICIPALIDAD DISTRITAL DE CONDEBAMBA
ocds-dgv273-seacev3-1191562,ocds-dgv273-seacev3-1191562-2026-08-06T10:27:18.956365-05:00,PE-CONSUCODE-43,20479569780,PE-RUC,GOBIERNO REGIONAL DE LAMBAYEQUE SEDE CENTRAL
ocds-dgv273-seacev3-1189191,ocds-dgv273-seacev3-1189191-2026-08-06T10:27:18.929219-05:00,PE-CONSUCODE-1517,20205141830,PE-RUC,MUNICIPALIDAD DISTRITAL DE SOPLIN
ocds-dgv273-seacev3-1189632,ocds-dgv273-seacev3-1189632-2026-08-06T10:27:18.620660-05:00,PE-CONSUCODE-1319,20131366290,PE-RUC,MUNICIPALIDAD DISTRITAL DE JESUS MARIA
ocds-dgv273-seacev3-2026-216-2,ocds-dgv273-seacev3-2026-216-2-2026-08-06T10:27:07.151248-05:00,PE-CONSUCODE-216,20208828321,PE-RUC,MUNICIPALIDAD DISTRITAL DE HUACCHIS
ocds-dgv273-seacev3-1189408,ocds-dgv273-seacev3-1189408-2026-08-06T10:26:55.901919-05:00,PE-CONSUCODE-201265,20557789732,PE-RUC,MANCOMUNIDAD REGIONAL DE LOS ANDES APURIMAC-AYACUCHO-HUANCAVELICA
ocds-dgv273-seacev3-1206721,ocds-dgv273-seacev3-1206721-2026-08-06T10:26:55.769234-05:00,PE-CONSUCODE-10189,20380795907,PE-RUC,PROGRAMA EDUCACION BASICA PARA TODOS UE 026
ocds-dgv273-seacev3-2026-200393-2,ocds-dgv273-seacev3-2026-200393-2-2026-08-06T10:26:55.638062-05:00,PE-CONSUCODE-200393,20448261272,PE-RUC,UNIVERSIDAD NACIONAL DE JULIACA
ocds-dgv273-seacev3-1186087,ocds-dgv273-seacev3-1186087-2026-08-06T10:26:55.608777-05:00,PE-CONSUCODE-325,20175824619,PE-RUC,MUNICIPALIDAD DISTRITAL DE TAMBURCO
ocds-dgv273-seacev3-1186135,ocds-dgv273-seacev3-1186135-2026-08-06T10:26:44.411738-05:00,PE-CONSUCODE-1324,20131371455,PE-RUC,MUNICIPALIDAD DISTRITAL DE LURIGANCHO (CHOSICA)
ocds-dgv273-seacev3-1188643,ocds-dgv273-seacev3-1188643-2026-08-06T10:26:33.203222-05:00,PE-CONSUCODE-789,20147421070,PE-RUC,MUNICIPALIDAD PROVINCIAL DE CANCHIS - SICUANI
ocds-dgv273-seacev3-1187526,ocds-dgv273-seacev3-1187526-2026-08-06T10:26:33.084607-05:00,PE-CONSUCODE-687,20207278298,PE-RUC,MUNICIPALIDAD DISTRITAL DE HUALGAYOC
ocds-dgv273-seacev3-1237330,ocds-dgv273-seacev3-1237330-2026-08-05T10:26:11.608527-05:00,PE-CONSUCODE-1611,20105266988,PE-RUC,MUNICIPALIDAD PROVINCIAL DE MORROPON - CHULUCANAS
ocds-dgv273-seacev3-1191444,ocds-dgv273-seacev3-1191444-2026-08-05T10:25:46.020662-05:00,PE-CONSUCODE-416,20190520286,PE-RUC,MUNICIPALIDAD DISTRITAL DE SOCABAYA
ocds-dgv273-seacev3-2026-22-15,ocds-dgv273-seacev3-2026-22-15-2026-08-05T10:25:35.012507-05:00,PE-CONSUCODE-22,20131373237,PE-RUC,MINISTERIO DE SALUD
ocds-dgv273-seacev3-1188399,ocds-dgv273-seacev3-1188399-2026-08-05T10:25:34.993220-05:00,PE-CONSUCODE-200145,20511035997,PE-RUC,MINCETUR - UNIDAD EJECUTORA DE INVERSIÓN EN COMERCIO EXTERIOR Y TURISMO
ocds-dgv273-seacev3-1237401,ocds-dgv273-seacev3-1237401-2026-08-05T10:25:29.727693-05:00,PE-CONSUCODE-1611,20105266988,PE-RUC,MUNICIPALIDAD PROVINCIAL DE MORROPON - CHULUCANAS
ocds-dgv273-seacev3-1192010,ocds-dgv273-seacev3-1192010-2026-08-05T10:25:24.839124-05:00,PE-CONSUCODE-751,20159308881,PE-RUC,MUNICIPALIDAD DISTRITAL DE WANCHAQ
ocds-dgv273-seacev3-1191344,ocds-dgv273-seacev3-1191344-2026-08-05T10:25:13.299382-05:00,PE-CONSUCODE-37,20527147612,PE-RUC,GOBIERNO REGIONAL DE CUSCO SEDE CENTRAL
ocds-dgv273-seacev3-1235727,ocds-dgv273-seacev3-1235727-2026-08-03T10:03:35.236285-05:00,PE-CONSUCODE-27,20291973851,PE-RUC,OFICINA NACIONAL DE PROCESOS ELECTORALES
ocds-dgv273-seacev3-1236428,ocds-dgv273-seacev3-1236428-2026-08-03T10:03:34.218776-05:00,PE-CONSUCODE-27,20291973851,PE-RUC,OFICINA NACIONAL DE PROCESOS ELECTORALES
ocds-dgv273-seacev3-1237539,ocds-dgv273-seacev3-1237539-2026-08-02T10:09:29.068805-05:00,PE-CONSUCODE-42,20440374248,PE-RUC,GOBIERNO REGIONAL DE LA LIBERTAD Sede Central
ocds-dgv273-seacev3-2026-1488-3,ocds-dgv273-seacev3-2026-1488-3-2026-08-02T10:09:24.668860-05:00,PE-CONSUCODE-1488,20147161574,PE-RUC,MUNICIPALIDAD DISTRITAL DE PUNCHANA
ocds-dgv273-seacev3-2026-1003023443-22,ocds-dgv273-seacev3-2026-1003023443-22-2026-08-02T10:09:24.543143-05:00,PE-CONSUCODE-205210,20611816953,PE-RUC,AUTORIDAD NACIONAL DE INFRAESTRUCTURA
ocds-dgv273-seacev3-2026-1606-2,ocds-dgv273-seacev3-2026-1606-2-2026-08-02T10:09:15.798594-05:00,PE-CONSUCODE-1606,20147028491,PE-RUC,MUNICIPALIDAD DISTRITAL DE EL CARMEN DE LA FRONTERA - SAPALACHE
ocds-dgv273-seacev3-2026-1983-4,ocds-dgv273-seacev3-2026-1983-4-2026-08-02T10:09:15.773692-05:00,PE-CONSUCODE-1983,20131369477,PE-RUC,INSTITUTO TECNOLOGICO DE LA PRODUCCION
ocds-dgv273-seacev3-2026-1274-7,ocds-dgv273-seacev3-2026-1274-7-2026-08-02T10:09:15.738742-05:00,PE-CONSUCODE-1274,20141784901,PE-RUC,MUNICIPALIDAD PROVINCIAL DE CHICLAYO
ocds-dgv273-seacev3-2026-10141-37,ocds-dgv273-seacev3-2026-10141-37-2026-08-02T10:09:15.520352-05:00,PE-CONSUCODE-10141,20339267821,PE-RUC,COMISIÓN NACIONAL PARA EL DESARROLLO Y VIDA SIN DROGAS - DEVIDA
ocds-dgv273-seacev3-2026-1634-1,ocds-dgv273-seacev3-2026-1634-1-2026-08-02T10:09:15.189782-05:00,PE-CONSUCODE-1634,20146761985,PE-RUC,MUNICIPALIDAD DISTRITAL DE QUERECOTILLO
ocds-dgv273-seacev3-1190005,ocds-dgv273-seacev3-1190005-2026-08-02T10:09:03.346498-05:00,PE-CONSUCODE-2543,20131257750,PE-RUC,SEGURO SOCIAL DE SALUD
ocds-dgv273-seacev3-1189970,ocds-dgv273-seacev3-1189970-2026-08-02T10:08:54.496975-05:00,PE-CONSUCODE-1756,20146806679,PE-RUC,MUNICIPALIDAD PROVINCIAL DE MOYOBAMBA
ocds-dgv273-seacev3-2026-51-105,ocds-dgv273-seacev3-2026-51-105-2026-08-02T10:08:54.135661-05:00,PE-CONSUCODE-51,20519752515,PE-RUC,GOBIERNO REGIONAL DE TACNA SEDE CENTRAL
ocds-dgv273-seacev3-2026-1033-6,ocds-dgv273-seacev3-2026-1033-6-2026-08-02T10:08:53.792531-05:00,PE-CONSUCODE-1033,20148420981,PE-RUC,MUNICIPALIDAD DISTRITAL DE SAN JUAN BAUTISTA - ICA
ocds-dgv273-seacev3-2026-425-3,ocds-dgv273-seacev3-2026-425-3-2026-08-02T10:08:42.549414-05:00,PE-CONSUCODE-425,20312108284,PE-RUC,MUNICIPALIDAD DISTRITAL DE JOSE LUIS BUSTAMANTE Y RIVERO
ocds-dgv273-seacev3-2026-1606-1,ocds-dgv273-seacev3-2026-1606-1-2026-08-02T10:08:42.520909-05:00,PE-CONSUCODE-1606,20147028491,PE-RUC,MUNICIPALIDAD DISTRITAL DE EL CARMEN DE LA FRONTERA - SAPALACHE
ocds-dgv273-seacev3-1188956,ocds-dgv273-seacev3-1188956-2026-08-02T10:08:42.450976-05:00,PE-CONSUCODE-992,20172357378,PE-RUC,MUNICIPALIDAD DISTRITAL DE LUYANDO
ocds-dgv273-seacev3-1186219,ocds-dgv273-seacev3-1186219-2026-08-02T10:08:42.054013-05:00,PE-CONSUCODE-883,20154442821,PE-RUC,MUNICIPALIDAD DISTRITAL DE ANCHONGA
ocds-dgv273-seacev3-1209336,ocds-dgv273-seacev3-1209336-2026-08-01T10:19:27.045380-05:00,PE-CONSUCODE-343,20192042357,PE-RUC,MUNICIPALIDAD DISTRITAL DE SAN MIGUEL CHACCRAMPA
ocds-dgv273-seacev3-1190080,ocds-dgv273-seacev3-1190080-2026-08-01T10:19:16.290836-05:00,PE-CONSUCODE-1756,20146806679,PE-RUC,MUNICIPALIDAD PROVINCIAL DE MOYOBAMBA
ocds-dgv273-seacev3-2026-1479-20,ocds-dgv273-seacev3-2026-1479-20-2026-08-01T10:19:16.138616-05:00,PE-CONSUCODE-1479,20103845590,PE-RUC,MUNICIPALIDAD PROVINCIAL DE MAYNAS - IQUITOS
ocds-dgv273-seacev3-1226878,ocds-dgv273-seacev3-1226878-2026-08-01T10:18:56.050036-05:00,PE-CONSUCODE-200302,20480776250,PE-RUC,POLICÍA NACIONAL DEL PERÚ - II DIRECCIÓN TERRITORIAL CHICLAYO
ocds-dgv273-seacev3-1188943,ocds-dgv273-seacev3-1188943-2026-08-01T10:18:52.974580-05:00,PE-CONSUCODE-1212,20205367994,PE-RUC,MUNICIPALIDAD DISTRITAL DE CHUGAY
ocds-dgv273-seacev3-1191673,ocds-dgv273-seacev3-1191673-2026-08-01T10:18:52.795669-05:00,PE-CONSUCODE-1022,20155012430,PE-RUC,MUNICIPALIDAD DISTRITAL DE CANCHABAMBA
ocds-dgv273-seacev3-1191522,ocds-dgv273-seacev3-1191522-2026-08-01T10:18:41.121725-05:00,PE-CONSUCODE-1240,20275817814,PE-RUC,MUNICIPALIDAD DISTRITAL DE PATAZ
ocds-dgv273-seacev3-2026-200512-4,ocds-dgv273-seacev3-2026-200512-4-2026-08-01T10:18:30.310416-05:00,PE-CONSUCODE-200512,20491232057,PE-RUC,MINISTERIO PUBLICO - GERENCIA ADMINISTRATIVA DEL CUSCO
ocds-dgv273-seacev3-2026-2009-106,ocds-dgv273-seacev3-2026-2009-106-2026-08-01T10:18:16.530026-05:00,PE-CONSUCODE-2009,20527141762,PE-RUC,GOBIERNO REGIONAL DE APURIMAC SEDE CENTRAL
ocds-dgv273-seacev3-2026-1890-16,ocds-dgv273-seacev3-2026-1890-16-2026-08-01T10:18:16.267258-05:00,PE-CONSUCODE-1890,20168014962,PE-RUC,UNIVERSIDAD NACIONAL DE HUANCAVELICA
ocds-dgv273-seacev3-2026-2366-15,ocds-dgv273-seacev3-2026-2366-15-2026-07-30T10:06:39.343467-05:00,PE-CONSUCODE-2366,20115776283,PE-RUC,ENTIDAD PRESTADORA DE SERVICIO DE SANEAMIENTO DE MOQUEGUA SA
ocds-dgv273-seacev3-1186137,ocds-dgv273-seacev3-1186137-2026-07-30T10:06:39.299694-05:00,PE-CONSUCODE-1947,20307167442,PE-RUC,COMISION DE PROMOCION DEL PERU PARA LA EXPORTACION Y EL TURISMO - PROMPERU
ocds-dgv273-seacev3-1190825,ocds-dgv273-seacev3-1190825-2026-07-26T10:08:23.239390-05:00,PE-CONSUCODE-1771,20207621448,PE-RUC,MUNICIPALIDAD DISTRITAL DE CAYNARACHI
ocds-dgv273-seacev3-2026-289-4,ocds-dgv273-seacev3-2026-289-4-2026-07-26T10:08:14.366933-05:00,PE-CONSUCODE-289,20193334262,PE-RUC,MUNICIPALIDAD PROVINCIAL DE YUNGAY
ocds-dgv273-seacev3-1190493,ocds-dgv273-seacev3-1190493-2026-07-26T10:08:14.350986-05:00,PE-CONSUCODE-627,20148288853,PE-RUC,MUNICIPALIDAD PROVINCIAL DE CAJABAMBA
ocds-dgv273-seacev3-1211109,ocds-dgv273-seacev3-1211109-2026-07-26T10:08:03.143117-05:00,PE-CONSUCODE-1034,20147711159,PE-RUC,MUNICIPALIDAD DISTRITAL DE SANTIAGO - ICA
ocds-dgv273-seacev3-2026-10378-4,ocds-dgv273-seacev3-2026-10378-4-2026-07-26T10:08:02.228052-05:00,PE-CONSUCODE-10378,20176217694,PE-RUC,GOBIERNO REGIONAL DE AMAZONAS - DIRECCION REGIONAL DE SALUD AMAZONAS
ocds-dgv273-seacev3-2026-317-2,ocds-dgv273-seacev3-2026-317-2-2026-07-26T10:08:01.653504-05:00,PE-CONSUCODE-317,20148182788,PE-RUC,MUNICIPALIDAD PROVINCIAL DE ABANCAY
ocds-dgv273-seacev3-2026-1003057621-12,ocds-dgv273-seacev3-2026-1003057621-12-2026-07-26T10:07:57.677656-05:00,PE-CONSUCODE-205571,20613343491,PE-RUC,PCM - UNIDAD EJECUTORA 022 - PROYECTO DE TRANSFORMACIÓN DIGITAL CON EQUIDAD - PROTDE
ocds-dgv273-seacev3-1193657,ocds-dgv273-seacev3-1193657-2026-07-26T10:07:53.517842-05:00,PE-CONSUCODE-34,20498390570,PE-RUC,GOBIERNO REGIONAL DE AREQUIPA Sede Central
ocds-dgv273-seacev3-1191872,ocds-dgv273-seacev3-1191872-2026-07-26T10:07:42.359593-05:00,PE-CONSUCODE-10446,20159311598,PE-RUC,GOBIERNO REGIONAL DE CUSCO - PROYECTO ESPECIAL REGIONAL PLAN COPESCO
ocds-dgv273-seacev3-2026-10247-56,ocds-dgv273-seacev3-2026-10247-56-2026-07-26T10:07:42.150163-05:00,PE-CONSUCODE-10247,20131369124,PE-RUC,EJERCITO PERUANO
ocds-dgv273-seacev3-1191290,ocds-dgv273-seacev3-1191290-2026-07-25T10:12:34.123946-05:00,PE-CONSUCODE-1530,20162281845,PE-RUC,MUNICIPALIDAD PROVINCIAL DE MANU
ocds-dgv273-seacev3-1185694,ocds-dgv273-seacev3-1185694-2026-07-25T10:12:33.975104-05:00,PE-CONSUCODE-1684,20185850570,PE-RUC,MUNICIPALIDAD DISTRITAL DE ITUATA
ocds-dgv273-seacev3-1190665,ocds-dgv273-seacev3-1190665-2026-07-25T10:12:25.037949-05:00,PE-CONSUCODE-289,20193334262,PE-RUC,MUNICIPALIDAD PROVINCIAL DE YUNGAY
ocds-dgv273-seacev3-1187069,ocds-dgv273-seacev3-1187069-2026-07-25T10:12:23.972393-05:00,PE-CONSUCODE-1684,20185850570,PE-RUC,MUNICIPALIDAD DISTRITAL DE ITUATA
ocds-dgv273-seacev3-1185696,ocds-dgv273-seacev3-1185696-2026-07-25T10:12:12.660898-05:00,PE-CONSUCODE-1684,20185850570,PE-RUC,MUNICIPALIDAD DISTRITAL DE ITUATA
ocds-dgv273-seacev3-1192101,ocds-dgv273-seacev3-1192101-2026-07-24T10:24:36.576191-05:00,PE-CONSUCODE-1284,20180571311,PE-RUC,MUNICIPALIDAD DISTRITAL DE REQUE
ocds-dgv273-seacev3-2026-2543-205,ocds-dgv273-seacev3-2026-2543-205-2026-07-24T10:24:36.557990-05:00,PE-CONSUCODE-2543,20131257750,PE-RUC,SEGURO SOCIAL DE SALUD
ocds-dgv273-seacev3-1190447,ocds-dgv273-seacev3-1190447-2026-07-24T10:24:36.519324-05:00,PE-CONSUCODE-422,20173809663,PE-RUC,MUNICIPALIDAD DISTRITAL DE YURA
ocds-dgv273-seacev3-2026-774-1,ocds-dgv273-seacev3-2026-774-1-2026-07-24T10:24:27.725489-05:00,PE-CONSUCODE-774,20200464819,PE-RUC,MUNICIPALIDAD DISTRITAL DE COYA
ocds-dgv273-seacev3-1190118,ocds-dgv273-seacev3-1190118-2026-07-24T10:24:17.767541-05:00,PE-CONSUCODE-49,20406325815,PE-RUC,GOBIERNO REGIONAL DE PUNO SEDE CENTRAL
ocds-dgv273-seacev3-2026-1225-2,ocds-dgv273-seacev3-2026-1225-2-2026-07-24T10:24:17.384685-05:00,PE-CONSUCODE-1225,20205876791,PE-RUC,MUNICIPALIDAD DISTRITAL DE SINSICAP
ocds-dgv273-seacev3-2026-891-1,ocds-dgv273-seacev3-2026-891-1-2026-07-24T10:24:17.342523-05:00,PE-CONSUCODE-891,20154442741,PE-RUC,MUNICIPALIDAD DISTRITAL DE SAN ANTONIO DE ANTAPARCO
ocds-dgv273-seacev3-1187009,ocds-dgv273-seacev3-1187009-2026-07-24T10:24:07.633076-05:00,PE-CONSUCODE-48,20484004421,PE-RUC,GOBIERNO REGIONAL DE PIURA SEDE CENTRAL
ocds-dgv273-seacev3-1186683,ocds-dgv273-seacev3-1186683-2026-07-24T10:24:07.579204-05:00,PE-CONSUCODE-1029,20175239023,PE-RUC,MUNICIPALIDAD DISTRITAL DE PARCONA
ocds-dgv273-seacev3-1186165,ocds-dgv273-seacev3-1186165-2026-07-24T10:24:07.502927-05:00,PE-CONSUCODE-299,20200965192,PE-RUC,MUNICIPALIDAD DISTRITAL DE SAN NICOLAS
ocds-dgv273-seacev3-1191785,ocds-dgv273-seacev3-1191785-2026-07-24T10:23:56.152294-05:00,PE-CONSUCODE-1499,20318420000,PE-RUC,MUNICIPALIDAD DISTRITAL DE SANTA CRUZ - ALTO AMAZONAS
ocds-dgv273-seacev3-1203462,ocds-dgv273-seacev3-1203462-2026-07-24T10:23:55.762402-05:00,PE-CONSUCODE-422,20173809663,PE-RUC,MUNICIPALIDAD DISTRITAL DE YURA
ocds-dgv273-seacev3-2026-2432-6,ocds-dgv273-seacev3-2026-2432-6-2026-07-24T10:23:55.648691-05:00,PE-CONSUCODE-2432,20196785044,PE-RUC,PERUPETRO S.A.
ocds-dgv273-seacev3-2026-774-2,ocds-dgv273-seacev3-2026-774-2-2026-07-24T10:23:45.862081-05:00,PE-CONSUCODE-774,20200464819,PE-RUC,MUNICIPALIDAD DISTRITAL DE COYA
ocds-dgv273-seacev3-1186697,ocds-dgv273-seacev3-1186697-2026-07-24T10:23:45.682443-05:00,PE-CONSUCODE-2432,20196785044,PE-RUC,PERUPETRO S.A.
ocds-dgv273-seacev3-1189756,ocds-dgv273-seacev3-1189756-2026-07-23T10:30:26.933866-05:00,PE-CONSUCODE-955,20166913561,PE-RUC,MUNICIPALIDAD DISTRITAL DE KICHKI
ocds-dgv273-seacev3-1191616,ocds-dgv273-seacev3-1191616-2026-07-23T10:30:26.564020-05:00,PE-CONSUCODE-1921,20376082114,PE-RUC,ORGANISMO SUPERVISOR DE LA INVERSION EN ENERGIA Y MINERIA
ocds-dgv273-seacev3-2026-1648-10,ocds-dgv273-seacev3-2026-1648-10-2026-07-23T10:30:26.164158-05:00,PE-CONSUCODE-1648,20146247084,PE-RUC,MUNICIPALIDAD PROVINCIAL DE PUNO
ocds-dgv273-seacev3-1187966,ocds-dgv273-seacev3-1187966-2026-07-23T10:30:25.888774-05:00,PE-CONSUCODE-2543,20131257750,PE-RUC,SEGURO SOCIAL DE SALUD
ocds-dgv273-seacev3-2026-10047-2,ocds-dgv273-seacev3-2026-10047-2-2026-07-23T10:30:15.795380-05:00,PE-CONSUCODE-10047,20437274518,PE-RUC,GOBIERNO REGIONAL DE LAMBAYEQUE - HOSPITAL REGIONAL DOCENTE LAS MERCEDES - CHICLAYO
ocds-dgv273-seacev3-1193723,ocds-dgv273-seacev3-1193723-2026-07-23T10:30:15.630022-05:00,PE-CONSUCODE-874,20191121954,PE-RUC,MUNICIPALIDAD PROVINCIAL DE ACOBAMBA
ocds-dgv273-seacev3-1188329,ocds-dgv273-seacev3-1188329-2026-07-23T10:30:15.605984-05:00,PE-CONSUCODE-200501,20550734223,PE-RUC,CORTE SUPERIOR DE JUSTICIA DE LIMA NORTE
ocds-dgv273-seacev3-2026-200125-1,ocds-dgv273-seacev3-2026-200125-1-2026-07-23T10:30:14.880643-05:00,PE-CONSUCODE-200125,20527289166,PE-RUC,GOBIERNO REGIONAL DE CUSCO - RED DE SERVICIOS  DE SALUD LA CONVENCION
ocds-dgv273-seacev3-1186427,ocds-dgv273-seacev3-1186427-2026-07-23T10:30:03.343494-05:00,PE-CONSUCODE-877,20202510427,PE-RUC,MUNICIPALIDAD DISTRITAL DE CAJA ESPIRITU
ocds-dgv273-seacev3-2026-2009-74,ocds-dgv273-seacev3-2026-2009-74-2026-07-23T10:29:41.028116-05:00,PE-CONSUCODE-2009,20527141762,PE-RUC,GOBIERNO REGIONAL DE APURIMAC SEDE CENTRAL
ocds-dgv273-seacev3-1192239,ocds-dgv273-seacev3-1192239-2026-07-23T10:29:40.704312-05:00,PE-CONSUCODE-1983,20131369477,PE-RUC,INSTITUTO TECNOLOGICO DE LA PRODUCCION
ocds-dgv273-seacev3-2026-1648-11,ocds-dgv273-seacev3-2026-1648-11-2026-07-23T10:29:40.503896-05:00,PE-CONSUCODE-1648,20146247084,PE-RUC,MUNICIPALIDAD PROVINCIAL DE PUNO
ocds-dgv273-seacev3-1188817,ocds-dgv273-seacev3-1188817-2026-07-23T10:29:28.891832-05:00,PE-CONSUCODE-907,20190345344,PE-RUC,MUNICIPALIDAD PROVINCIAL DE TAYACAJA - PAMPAS
ocds-dgv273-seacev3-1188278,ocds-dgv273-seacev3-1188278-2026-07-23T10:29:17.756976-05:00,PE-CONSUCODE-2009,20527141762,PE-RUC,GOBIERNO REGIONAL DE APURIMAC SEDE CENTRAL
ocds-dgv273-seacev3-1186268,ocds-dgv273-seacev3-1186268-2026-07-23T10:29:04.691509-05:00,PE-CONSUCODE-2432,20196785044,PE-RUC,PERUPETRO S.A.
ocds-dgv273-seacev3-2026-10141-50,ocds-dgv273-seacev3-2026-10141-50-2026-07-22T10:31:53.528688-05:00,PE-CONSUCODE-10141,20339267821,PE-RUC,COMISIÓN NACIONAL PARA EL DESARROLLO Y VIDA SIN DROGAS - DEVIDA
ocds-dgv273-seacev3-2026-742-59,ocds-dgv273-seacev3-2026-742-59-2026-07-22T10:31:51.959860-05:00,PE-CONSUCODE-742,20131369558,PE-RUC,MUNICIPALIDAD PROVINCIAL DEL CALLAO
ocds-dgv273-seacev3-1233778,ocds-dgv273-seacev3-1233778-2026-07-22T10:31:48.524783-05:00,PE-CONSUCODE-42,20440374248,PE-RUC,GOBIERNO REGIONAL DE LA LIBERTAD Sede Central
ocds-dgv273-seacev3-1202735,ocds-dgv273-seacev3-1202735-2026-07-22T10:31:29.874732-05:00,PE-CONSUCODE-203887,20602547443,PE-RUC,PROGRAMA AGUA SEGURA PARA LIMA Y CALLAO
ocds-dgv273-seacev3-1224019,ocds-dgv273-seacev3-1224019-2026-07-22T10:31:09.267610-05:00,PE-CONSUCODE-1041,20192391521,PE-RUC,MUNICIPALIDAD DISTRITAL DE CHAVIN
ocds-dgv273-seacev3-1178894,ocds-dgv273-seacev3-1178894-2026-07-19T10:08:42.359655-05:00,PE-CONSUCODE-10446,20159311598,PE-RUC,GOBIERNO REGIONAL DE CUSCO - PROYECTO ESPECIAL REGIONAL PLAN COPESCO
ocds-dgv273-seacev3-1190047,ocds-dgv273-seacev3-1190047-2026-07-19T10:08:34.422847-05:00,PE-CONSUCODE-1584,20154477374,PE-RUC,MUNICIPALIDAD PROVINCIAL DE PIURA
ocds-dgv273-seacev3-2026-399-83,ocds-dgv273-seacev3-2026-399-83-2026-07-19T10:08:34.125828-05:00,PE-CONSUCODE-399,20159515240,PE-RUC,MUNICIPALIDAD DISTRITAL DE CERRO COLORADO
ocds-dgv273-seacev3-1188358,ocds-dgv273-seacev3-1188358-2026-07-19T10:08:34.091125-05:00,PE-CONSUCODE-34,20498390570,PE-RUC,GOBIERNO REGIONAL DE AREQUIPA Sede Central
ocds-dgv273-seacev3-2026-10001-21,ocds-dgv273-seacev3-2026-10001-21-2026-07-19T10:08:33.794854-05:00,PE-CONSUCODE-10001,20380799643,PE-RUC,AGENCIA DE PROMOCION DE LA INVERSION PRIVADA - PROINVERSION
ocds-dgv273-seacev3-2026-2543-200,ocds-dgv273-seacev3-2026-2543-200-2026-07-19T10:08:24.124019-05:00,PE-CONSUCODE-2543,20131257750,PE-RUC,SEGURO SOCIAL DE SALUD
ocds-dgv273-seacev3-2026-847-12,ocds-dgv273-seacev3-2026-847-12-2026-07-19T10:08:23.996033-05:00,PE-CONSUCODE-847,20195499765,PE-RUC,MUNICIPALIDAD DISTRITAL DE OCONGATE
ocds-dgv273-seacev3-1188626,ocds-dgv273-seacev3-1188626-2026-07-19T10:08:23.760627-05:00,PE-CONSUCODE-47,20489252270,PE-RUC,GOBIERNO REGIONAL DE PASCO SEDE CENTRAL
ocds-dgv273-seacev3-1191768,ocds-dgv273-seacev3-1191768-2026-07-18T10:18:24.903804-05:00,PE-CONSUCODE-873,20183984196,PE-RUC,MUNICIPALIDAD DISTRITAL DE YAULI - HUANCAVELICA
ocds-dgv273-seacev3-1190335,ocds-dgv273-seacev3-1190335-2026-07-18T10:18:13.956728-05:00,PE-CONSUCODE-1077,20133696742,PE-RUC,MUNICIPALIDAD DISTRITAL DE EL TAMBO
ocds-dgv273-seacev3-1186205,ocds-dgv273-seacev3-1186205-2026-07-18T10:18:13.806182-05:00,PE-CONSUCODE-852,20159377696,PE-RUC,MUNICIPALIDAD DISTRITAL DE HUAYLLABAMBA - URUBAMBA
ocds-dgv273-seacev3-1186648,ocds-dgv273-seacev3-1186648-2026-07-18T10:18:02.709671-05:00,PE-CONSUCODE-200422,20487872319,PE-RUC,CORTE SUPERIOR DE JUSTICIA DE LAMBAYEQUE
ocds-dgv273-seacev3-1188141,ocds-dgv273-seacev3-1188141-2026-07-18T10:17:51.399237-05:00,PE-CONSUCODE-200096,20519610214,PE-RUC,MUNICIPALIDAD DISTRITAL DE CORONEL GREGORIO ALBARRACIN LANCHIPA
ocds-dgv273-seacev3-1197833,ocds-dgv273-seacev3-1197833-2026-07-18T10:17:40.290813-05:00,PE-CONSUCODE-200396,20568019521,PE-RUC,UNIVERSIDAD NACIONAL INTERCULTURAL DE LA SELVA CENTRAL JUAN SANTOS ATAHUALPA
ocds-dgv273-seacev3-2026-1178-1,ocds-dgv273-seacev3-2026-1178-1-2026-07-18T10:17:39.672179-05:00,PE-CONSUCODE-1178,20146511954,PE-RUC,MUNICIPALIDAD DISTRITAL DE SANTA BARBARA DE CARHUACAYAN
ocds-dgv273-seacev3-1212766,ocds-dgv273-seacev3-1212766-2026-07-18T10:17:34.169499-05:00,PE-CONSUCODE-1053,20148420719,PE-RUC,MUNICIPALIDAD DISTRITAL DE MARCONA
ocds-dgv273-seacev3-2026-1852-19,ocds-dgv273-seacev3-2026-1852-19-2026-07-18T10:17:30.027479-05:00,PE-CONSUCODE-1852,20171895147,PE-RUC,MUNICIPALIDAD DISTRITAL DE ILABAYA
ocds-dgv273-seacev3-1187657,ocds-dgv273-seacev3-1187657-2026-07-18T10:17:17.230336-05:00,PE-CONSUCODE-278,20282911915,PE-RUC,MUNICIPALIDAD DISTRITAL DE NUEVO CHIMBOTE
ocds-dgv273-seacev3-2026-1867-2,ocds-dgv273-seacev3-2026-1867-2-2026-07-17T10:27:09.982921-05:00,PE-CONSUCODE-1867,20166679606,PE-RUC,MUNICIPALIDAD PROVINCIAL DE ZARUMILLA
ocds-dgv273-seacev3-2026-1984-2,ocds-dgv273-seacev3-2026-1984-2-2026-07-17T10:26:59.632763-05:00,PE-CONSUCODE-1984,20254165035,PE-RUC,OFICINA DE NORMALIZACION PREVISIONAL
ocds-dgv273-seacev3-1223540,ocds-dgv273-seacev3-1223540-2026-07-17T10:26:49.980454-05:00,PE-CONSUCODE-1050,20147705850,PE-RUC,MUNICIPALIDAD PROVINCIAL DE NAZCA
ocds-dgv273-seacev3-1189188,ocds-dgv273-seacev3-1189188-2026-07-17T10:26:25.721340-05:00,PE-CONSUCODE-1627,20168899204,PE-RUC,MUNICIPALIDAD DISTRITAL DE VICHAYAL
ocds-dgv273-seacev3-1188035,ocds-dgv273-seacev3-1188035-2026-07-17T10:26:25.106228-05:00,PE-CONSUCODE-221,20198357660,PE-RUC,MUNICIPALIDAD DISTRITAL DE PONTO
ocds-dgv273-seacev3-2026-20-17,ocds-dgv273-seacev3-2026-20-17-2026-07-17T10:26:15.221529-05:00,PE-CONSUCODE-20,20336951527,PE-RUC,MINISTERIO DE LA MUJER Y POBLACIONES VULNERABLES- ADMINISTRACIÓN GENERAL
ocds-dgv273-seacev3-2026-1336-26,ocds-dgv273-seacev3-2026-1336-26-2026-07-17T10:26:03.006947-05:00,PE-CONSUCODE-1336,20131373741,PE-RUC,MUNICIPALIDAD DISTRITAL DE SAN BORJA
ocds-dgv273-seacev3-1187205,ocds-dgv273-seacev3-1187205-2026-07-16T10:26:06.120019-05:00,PE-CONSUCODE-1981,20131371293,PE-RUC,INSTITUTO PERUANO DE ENERGIA NUCLEAR
ocds-dgv273-seacev3-1190700,ocds-dgv273-seacev3-1190700-2026-07-16T10:25:56.794157-05:00,PE-CONSUCODE-2433,20100128218,PE-RUC,PETROLEOS DEL PERU S.A.
ocds-dgv273-seacev3-2026-200303-11,ocds-dgv273-seacev3-2026-200303-11-2026-07-16T10:25:56.154603-05:00,PE-CONSUCODE-200303,20496162014,PE-RUC,INSTITUTO VIAL PROVINCIAL DE CHOTA
ocds-dgv273-seacev3-2026-200168-129,ocds-dgv273-seacev3-2026-200168-129-2026-07-16T10:25:49.055137-05:00,PE-CONSUCODE-200168,20511366594,PE-RUC,PODER JUDICIAL - UNIDAD DE COORDINACION DE PROYECTOS DEL PODER JUDICIAL
ocds-dgv273-seacev3-2026-2370-3,ocds-dgv273-seacev3-2026-2370-3-2026-07-16T10:25:45.626943-05:00,PE-CONSUCODE-2370,20119147051,PE-RUC,ENTIDAD PRESTADORA DE SERVICIO DE SANEAMIENTO CHAVIN S.A.
ocds-dgv273-seacev3-1213384,ocds-dgv273-seacev3-1213384-2026-07-16T10:25:36.807863-05:00,PE-CONSUCODE-256,20207429091,PE-RUC,MUNICIPALIDAD PROVINCIAL DE POMABAMBA
ocds-dgv273-seacev3-2026-200168-131,ocds-dgv273-seacev3-2026-200168-131-2026-07-16T10:25:36.072100-05:00,PE-CONSUCODE-200168,20511366594,PE-RUC,PODER JUDICIAL - UNIDAD DE COORDINACION DE PROYECTOS DEL PODER JUDICIAL
ocds-dgv273-seacev3-1189722,ocds-dgv273-seacev3-1189722-2026-07-16T10:25:33.387085-05:00,PE-CONSUCODE-49,20406325815,PE-RUC,GOBIERNO REGIONAL DE PUNO SEDE CENTRAL
ocds-dgv273-seacev3-1191385,ocds-dgv273-seacev3-1191385-2026-07-16T10:25:12.402089-05:00,PE-CONSUCODE-200033,20451440625,PE-RUC,MUNICIPALIDAD DISTRITAL DE SAN JUAN BAUTISTA - LORETO
ocds-dgv273-seacev3-2026-1834-8,ocds-dgv273-seacev3-2026-1834-8-2026-07-16T10:25:11.457273-05:00,PE-CONSUCODE-1834,20147796715,PE-RUC,MUNICIPALIDAD DISTRITAL DE ALTO DE LA ALIANZA
ocds-dgv273-seacev3-1187753,ocds-dgv273-seacev3-1187753-2026-07-16T10:25:11.249700-05:00,PE-CONSUCODE-200462,20547960051,PE-RUC,PROGRAMA NACIONAL DE ASISTENCIA SOLIDARIA PENSION 65
ocds-dgv273-seacev3-2026-200168-130,ocds-dgv273-seacev3-2026-200168-130-2026-07-16T10:25:04.677517-05:00,PE-CONSUCODE-200168,20511366594,PE-RUC,PODER JUDICIAL - UNIDAD DE COORDINACION DE PROYECTOS DEL PODER JUDICIAL
ocds-dgv273-seacev3-1189784,ocds-dgv273-seacev3-1189784-2026-07-15T10:30:50.888276-05:00,PE-CONSUCODE-1850,20194735384,PE-RUC,MUNICIPALIDAD PROVINCIAL DE JORGE BASADRE - LOCUMBA
ocds-dgv273-seacev3-2026-51-86,ocds-dgv273-seacev3-2026-51-86-2026-07-15T10:30:50.366797-05:00,PE-CONSUCODE-51,20519752515,PE-RUC,GOBIERNO REGIONAL DE TACNA SEDE CENTRAL
ocds-dgv273-seacev3-1218922,ocds-dgv273-seacev3-1218922-2026-07-15T10:30:42.597618-05:00,PE-CONSUCODE-200,20174929697,PE-RUC,MUNICIPALIDAD PROVINCIAL DE CASMA
ocds-dgv273-seacev3-2026-754-5,ocds-dgv273-seacev3-2026-754-5-2026-07-15T10:30:39.294761-05:00,PE-CONSUCODE-754,20159308961,PE-RUC,MUNICIPALIDAD DISTRITAL DE SAN SEBASTIAN
ocds-dgv273-seacev3-1191656,ocds-dgv273-seacev3-1191656-2026-07-15T10:30:27.794790-05:00,PE-CONSUCODE-1553,20154491873,PE-RUC,MUNICIPALIDAD PROVINCIAL DE ILO
ocds-dgv273-seacev3-2026-2364-17,ocds-dgv273-seacev3-2026-2364-17-2026-07-15T10:30:16.536863-05:00,PE-CONSUCODE-2364,20136353315,PE-RUC,ENTIDAD PRESTADORA DE SERVICIO DE SANEAMIENTO DE CUSCO S.A.
ocds-dgv273-seacev3-1189221,ocds-dgv273-seacev3-1189221-2026-07-15T10:30:16.281365-05:00,PE-CONSUCODE-223,20323089451,PE-RUC,MUNICIPALIDAD DISTRITAL DE RAPAYAN
ocds-dgv273-seacev3-1189560,ocds-dgv273-seacev3-1189560-2026-07-15T10:30:06.157479-05:00,PE-CONSUCODE-1099,20201188149,PE-RUC,MUNICIPALIDAD DISTRITAL DE COCHAS - CONCEPCION
ocds-dgv273-seacev3-1188546,ocds-dgv273-seacev3-1188546-2026-07-15T10:29:54.388848-05:00,PE-CONSUCODE-1735,20192146641,PE-RUC,MUNICIPALIDAD PROVINCIAL DE YUNGUYO
ocds-dgv273-seacev3-1190798,ocds-dgv273-seacev3-1190798-2026-07-15T10:29:54.346796-05:00,PE-CONSUCODE-49,20406325815,PE-RUC,GOBIERNO REGIONAL DE PUNO SEDE CENTRAL
ocds-dgv273-seacev3-1191782,ocds-dgv273-seacev3-1191782-2026-07-15T10:29:54.053857-05:00,PE-CONSUCODE-2345,20163549027,PE-RUC,EMPRESA MUNICIPAL DE AGUA POTABLE Y ALCANTARILLADO VIRGEN DE GUADALUPE DEL SUR S.A.
ocds-dgv273-seacev3-1188372,ocds-dgv273-seacev3-1188372-2026-07-13T10:20:28.777631-05:00,PE-CONSUCODE-505,20143137296,PE-RUC,MUNICIPALIDAD PROVINCIAL DE HUAMANGA
ocds-dgv273-seacev3-1187564,ocds-dgv273-seacev3-1187564-2026-07-13T10:20:28.758402-05:00,PE-CONSUCODE-371,20205028600,PE-RUC,MUNICIPALIDAD DISTRITAL DE COYLLURQUI
ocds-dgv273-seacev3-2026-2009-10,ocds-dgv273-seacev3-2026-2009-10-2026-07-13T10:20:12.944806-05:00,PE-CONSUCODE-2009,20527141762,PE-RUC,GOBIERNO REGIONAL DE APURIMAC SEDE CENTRAL
ocds-dgv273-seacev3-1190318,ocds-dgv273-seacev3-1190318-2026-07-13T10:20:12.855907-05:00,PE-CONSUCODE-2408,20119205949,PE-RUC,EMPRESA REGIONAL DE SERVICIO PUBLICO DE ELECTRICIDAD - ELECTROSUR S.A.
ocds-dgv273-seacev3-1186348,ocds-dgv273-seacev3-1186348-2026-07-13T10:20:12.376897-05:00,PE-CONSUCODE-1684,20185850570,PE-RUC,MUNICIPALIDAD DISTRITAL DE ITUATA
ocds-dgv273-seacev3-1187068,ocds-dgv273-seacev3-1187068-2026-07-13T10:20:12.075729-05:00,PE-CONSUCODE-1684,20185850570,PE-RUC,MUNICIPALIDAD DISTRITAL DE ITUATA
ocds-dgv273-seacev3-1188374,ocds-dgv273-seacev3-1188374-2026-07-13T10:20:02.108857-05:00,PE-CONSUCODE-505,20143137296,PE-RUC,MUNICIPALIDAD PROVINCIAL DE HUAMANGA
ocds-dgv273-seacev3-2026-680-7,ocds-dgv273-seacev3-2026-680-7-2026-07-13T10:20:01.399161-05:00,PE-CONSUCODE-680,20220666418,PE-RUC,MUNICIPALIDAD DISTRITAL DE TACABAMBA
ocds-dgv273-seacev3-1212978,ocds-dgv273-seacev3-1212978-2026-07-13T10:19:53.565666-05:00,PE-CONSUCODE-1300,20198667260,PE-RUC,MUNICIPALIDAD DISTRITAL DE MORROPE
ocds-dgv273-seacev3-1189833,ocds-dgv273-seacev3-1189833-2026-07-11T10:22:10.995768-05:00,PE-CONSUCODE-652,20207884619,PE-RUC,MUNICIPALIDAD DISTRITAL DE CALLAYUC
ocds-dgv273-seacev3-1188143,ocds-dgv273-seacev3-1188143-2026-07-11T10:22:10.489173-05:00,PE-CONSUCODE-204026,20602774954,PE-RUC,CORTE SUPERIOR DE JUSTICIA DE LIMA ESTE
ocds-dgv273-seacev3-2026-1034-5,ocds-dgv273-seacev3-2026-1034-5-2026-07-11T10:21:59.052294-05:00,PE-CONSUCODE-1034,20147711159,PE-RUC,MUNICIPALIDAD DISTRITAL DE SANTIAGO - ICA
ocds-dgv273-seacev3-2026-399-3,ocds-dgv273-seacev3-2026-399-3-2026-07-11T10:21:38.048565-05:00,PE-CONSUCODE-399,20159515240,PE-RUC,MUNICIPALIDAD DISTRITAL DE CERRO COLORADO
ocds-dgv273-seacev3-2026-2543-202,ocds-dgv273-seacev3-2026-2543-202-2026-07-11T10:21:37.938748-05:00,PE-CONSUCODE-2543,20131257750,PE-RUC,SEGURO SOCIAL DE SALUD
ocds-dgv273-seacev3-2026-374-16,ocds-dgv273-seacev3-2026-374-16-2026-07-11T10:21:37.823089-05:00,PE-CONSUCODE-374,20288774553,PE-RUC,MUNICIPALIDAD DISTRITAL DE CHALLHUAHUACHO
ocds-dgv273-seacev3-1189730,ocds-dgv273-seacev3-1189730-2026-07-11T10:21:37.442700-05:00,PE-CONSUCODE-168,20195408557,PE-RUC,MUNICIPALIDAD PROVINCIAL DE ANTONIO RAYMONDI - LLAMELLIN
ocds-dgv273-seacev3-1189954,ocds-dgv273-seacev3-1189954-2026-07-11T10:21:26.507595-05:00,PE-CONSUCODE-201385,20561164437,PE-RUC,UNIVERSIDAD NACIONAL INTERCULTURAL FABIOLA SALAZAR LEGUIA DE BAGUA
ocds-dgv273-seacev3-2026-1952-55,ocds-dgv273-seacev3-2026-1952-55-2026-07-10T10:41:53.096861-05:00,PE-CONSUCODE-1952,20419026809,PE-RUC,ORGANISMO ESPECIALIZADO PARA LAS CONTRATACIONES PUBLICAS EFICIENTES
ocds-dgv273-seacev3-1204491,ocds-dgv273-seacev3-1204491-2026-07-10T10:41:30.819852-05:00,PE-CONSUCODE-1890,20168014962,PE-RUC,UNIVERSIDAD NACIONAL DE HUANCAVELICA
ocds-dgv273-seacev3-1213962,ocds-dgv273-seacev3-1213962-2026-07-10T10:41:26.944753-05:00,PE-CONSUCODE-1214,20219792876,PE-RUC,MUNICIPALIDAD DISTRITAL DE SANAGORAN
ocds-dgv273-seacev3-1190506,ocds-dgv273-seacev3-1190506-2026-07-10T10:41:18.957550-05:00,PE-CONSUCODE-691,20201602506,PE-RUC,MUNICIPALIDAD DISTRITAL DE CHONTALI
ocds-dgv273-seacev3-1189804,ocds-dgv273-seacev3-1189804-2026-07-10T10:41:18.718944-05:00,PE-CONSUCODE-35,20452393493,PE-RUC,GOBIERNO REGIONAL DE AYACUCHO SEDE CENTRAL
ocds-dgv273-seacev3-2026-2543-277,ocds-dgv273-seacev3-2026-2543-277-2026-07-10T10:41:09.364815-05:00,PE-CONSUCODE-2543,20131257750,PE-RUC,SEGURO SOCIAL DE SALUD
ocds-dgv273-seacev3-2026-200418-4,ocds-dgv273-seacev3-2026-200418-4-2026-07-10T10:40:57.021307-05:00,PE-CONSUCODE-200418,20545565359,PE-RUC,MINISTERIO DE DESARROLLO E INCLUSION SOCIAL
ocds-dgv273-seacev3-2026-1034-1,ocds-dgv273-seacev3-2026-1034-1-2026-07-10T10:40:56.679656-05:00,PE-CONSUCODE-1034,20147711159,PE-RUC,MUNICIPALIDAD DISTRITAL DE SANTIAGO - ICA
ocds-dgv273-seacev3-2026-614-8,ocds-dgv273-seacev3-2026-614-8-2026-07-10T10:40:56.660265-05:00,PE-CONSUCODE-614,20143623042,PE-RUC,MUNICIPALIDAD PROVINCIAL DE CAJAMARCA
ocds-dgv273-seacev3-2026-2372-1,ocds-dgv273-seacev3-2026-2372-1-2026-07-09T10:39:12.490166-05:00,PE-CONSUCODE-2372,20121726212,PE-RUC,ENTIDAD PRESTADORA DE SERVICIO DE SANEAMIENTO DEL MANTARO S.A.
ocds-dgv273-seacev3-1221424,ocds-dgv273-seacev3-1221424-2026-07-09T10:38:40.463105-05:00,PE-CONSUCODE-223,20323089451,PE-RUC,MUNICIPALIDAD DISTRITAL DE RAPAYAN
ocds-dgv273-seacev3-1190724,ocds-dgv273-seacev3-1190724-2026-07-09T10:38:37.835604-05:00,PE-CONSUCODE-224,20166544000,PE-RUC,MUNICIPALIDAD DISTRITAL DE SAN MARCOS
ocds-dgv273-seacev3-1187842,ocds-dgv273-seacev3-1187842-2026-07-09T10:38:37.454114-05:00,PE-CONSUCODE-907,20190345344,PE-RUC,MUNICIPALIDAD PROVINCIAL DE TAYACAJA - PAMPAS
ocds-dgv273-seacev3-1188685,ocds-dgv273-seacev3-1188685-2026-07-09T10:38:26.126562-05:00,PE-CONSUCODE-200367,20490338773,PE-RUC,GOBIERNO REGIONAL DE APURIMAC-GERENCIA SUBREGIONAL CHINCHEROS
ocds-dgv273-seacev3-2026-127819-1,ocds-dgv273-seacev3-2026-127819-1-2026-07-09T10:38:25.665721-05:00,PE-CONSUCODE-203066,20601401836,PE-RUC,UNIVERSIDAD NACIONAL AUTONOMA DE TAYACAJA DANIEL HERNANDEZ MORILLO
ocds-dgv273-seacev3-1186918,ocds-dgv273-seacev3-1186918-2026-07-09T10:38:25.293785-05:00,PE-CONSUCODE-189,20188903488,PE-RUC,MUNICIPALIDAD PROVINCIAL DE CARHUAZ
ocds-dgv273-seacev3-1189265,ocds-dgv273-seacev3-1189265-2026-07-09T10:38:15.795637-05:00,PE-CONSUCODE-2009,20527141762,PE-RUC,GOBIERNO REGIONAL DE APURIMAC SEDE CENTRAL
ocds-dgv273-seacev3-1227106,ocds-dgv273-seacev3-1227106-2026-07-09T10:38:10.334728-05:00,PE-CONSUCODE-447,20208253086,PE-RUC,MUNICIPALIDAD PROVINCIAL DE CASTILLA - APLAO
ocds-dgv273-seacev3-2026-1155-33,ocds-dgv273-seacev3-2026-1155-33-2026-07-09T10:38:02.525942-05:00,PE-CONSUCODE-1155,20146674403,PE-RUC,MUNICIPALIDAD PROVINCIAL DE SATIPO
ocds-dgv273-seacev3-1187369,ocds-dgv273-seacev3-1187369-2026-07-09T10:38:02.353334-05:00,PE-CONSUCODE-907,20190345344,PE-RUC,MUNICIPALIDAD PROVINCIAL DE TAYACAJA - PAMPAS
ocds-dgv273-seacev3-2026-200168-127,ocds-dgv273-seacev3-2026-200168-127-2026-07-08T12:25:34.275037-05:00,PE-CONSUCODE-200168,20511366594,PE-RUC,PODER JUDICIAL - UNIDAD DE COORDINACION DE PROYECTOS DEL PODER JUDICIAL
ocds-dgv273-seacev3-1191595,ocds-dgv273-seacev3-1191595-2026-07-08T12:25:23.868180-05:00,PE-CONSUCODE-1553,20154491873,PE-RUC,MUNICIPALIDAD PROVINCIAL DE ILO
ocds-dgv273-seacev3-1186181,ocds-dgv273-seacev3-1186181-2026-07-08T12:25:22.907000-05:00,PE-CONSUCODE-2452,20100063337,PE-RUC,EMPRESA MUNICIPAL ADMINISTRADORA DE PEAJE DE LIMA S.A.
ocds-dgv273-seacev3-2026-1996-1,ocds-dgv273-seacev3-2026-1996-1-2026-07-08T12:25:22.619064-05:00,PE-CONSUCODE-1996,20377985843,PE-RUC,SUPERINTENDENCIA NACIONAL DE SALUD
ocds-dgv273-seacev3-1186780,ocds-dgv273-seacev3-1186780-2026-07-08T12:25:22.601842-05:00,PE-CONSUCODE-742,20131369558,PE-RUC,MUNICIPALIDAD PROVINCIAL DEL CALLAO
ocds-dgv273-seacev3-1222051,ocds-dgv273-seacev3-1222051-2026-07-08T12:25:10.293917-05:00,PE-CONSUCODE-202565,20601020191,PE-RUC,POLICÍA NACIONAL DEL PERÚ - REGIÓN PIURA
ocds-dgv273-seacev3-1190710,ocds-dgv273-seacev3-1190710-2026-07-08T12:25:02.279077-05:00,PE-CONSUCODE-289,20193334262,PE-RUC,MUNICIPALIDAD PROVINCIAL DE YUNGAY
ocds-dgv273-seacev3-2026-2388-15,ocds-dgv273-seacev3-2026-2388-15-2026-07-08T12:25:01.717395-05:00,PE-CONSUCODE-2388,20121796857,PE-RUC,SERVICIO DE AGUA POTABLE Y ALCANTARILLADO MUNICIPAL DE HUANCAYO
ocds-dgv273-seacev3-1190159,ocds-dgv273-seacev3-1190159-2026-07-08T12:25:01.586537-05:00,PE-CONSUCODE-10521,20437300705,PE-RUC,GOBIERNO REGIONAL DE LAMBAYEQUE-HOSPITAL BELEN - LAMBAYEQUE
ocds-dgv273-seacev3-1187448,ocds-dgv273-seacev3-1187448-2026-07-08T12:25:00.256356-05:00,PE-CONSUCODE-201385,20561164437,PE-RUC,UNIVERSIDAD NACIONAL INTERCULTURAL FABIOLA SALAZAR LEGUIA DE BAGUA
ocds-dgv273-seacev3-1194740,ocds-dgv273-seacev3-1194740-2026-07-08T12:24:35.947237-05:00,PE-CONSUCODE-1952,20419026809,PE-RUC,ORGANISMO ESPECIALIZADO PARA LAS CONTRATACIONES PUBLICAS EFICIENTES
ocds-dgv273-seacev3-1191573,ocds-dgv273-seacev3-1191573-2026-07-08T12:24:35.893621-05:00,PE-CONSUCODE-702,20143189091,PE-RUC,MUNICIPALIDAD DISTRITAL DE HUARANGO
ocds-dgv273-seacev3-2026-200060-2,ocds-dgv273-seacev3-2026-200060-2-2026-07-08T12:24:35.556148-05:00,PE-CONSUCODE-200060,20489252784,PE-RUC,GOBIERNO REGIONAL DE HUANUCO-EDUCACION DOS DE MAYO
ocds-dgv273-seacev3-1190353,ocds-dgv273-seacev3-1190353-2026-07-08T12:24:35.512149-05:00,PE-CONSUCODE-1045,20147676574,PE-RUC,MUNICIPALIDAD DISTRITAL DE PUEBLO NUEVO - CHINCHA
ocds-dgv273-seacev3-1186616,ocds-dgv273-seacev3-1186616-2026-07-08T12:24:34.831954-05:00,PE-CONSUCODE-1479,20103845590,PE-RUC,MUNICIPALIDAD PROVINCIAL DE MAYNAS - IQUITOS
ocds-dgv273-seacev3-2026-2439-33,ocds-dgv273-seacev3-2026-2439-33-2026-07-08T12:24:34.503743-05:00,PE-CONSUCODE-2439,20100003351,PE-RUC,SERVICIO INDUSTRIAL DE LA MARINA S.A.
ocds-dgv273-seacev3-2026-1731-37,ocds-dgv273-seacev3-2026-1731-37-2026-07-08T12:24:34.450511-05:00,PE-CONSUCODE-1731,20165195290,PE-RUC,MUNICIPALIDAD PROVINCIAL DE SAN ROMAN - JULIACA
ocds-dgv273-seacev3-2026-1315-3,ocds-dgv273-seacev3-2026-1315-3-2026-07-08T12:24:34.433765-05:00,PE-CONSUCODE-1315,20181109891,PE-RUC,MUNICIPALIDAD DISTRITAL DE CIENEGUILLA
ocds-dgv273-seacev3-1191300,ocds-dgv273-seacev3-1191300-2026-07-08T12:24:18.567370-05:00,PE-CONSUCODE-261,20175283944,PE-RUC,MUNICIPALIDAD DISTRITAL DE CATAC
ocds-dgv273-seacev3-1191721,ocds-dgv273-seacev3-1191721-2026-07-08T12:24:18.540218-05:00,PE-CONSUCODE-1240,20275817814,PE-RUC,MUNICIPALIDAD DISTRITAL DE PATAZ
ocds-dgv273-seacev3-1191513,ocds-dgv273-seacev3-1191513-2026-07-08T12:24:16.615169-05:00,PE-CONSUCODE-1952,20419026809,PE-RUC,ORGANISMO ESPECIALIZADO PARA LAS CONTRATACIONES PUBLICAS EFICIENTES
ocds-dgv273-seacev3-1187471,ocds-dgv273-seacev3-1187471-2026-07-08T12:24:15.924638-05:00,PE-CONSUCODE-1586,20159249698,PE-RUC,MUNICIPALIDAD DISTRITAL DE CATACAOS
ocds-dgv273-seacev3-1230097,ocds-dgv273-seacev3-1230097-2026-07-08T12:24:11.978534-05:00,PE-CONSUCODE-822,20317337150,PE-RUC,MUNICIPALIDAD DISTRITAL DE PICHARI
ocds-dgv273-seacev3-1191061,ocds-dgv273-seacev3-1191061-2026-07-08T12:23:55.088592-05:00,PE-CONSUCODE-764,20200953691,PE-RUC,MUNICIPALIDAD PROVINCIAL DE ANTA
ocds-dgv273-seacev3-2026-2409-8,ocds-dgv273-seacev3-2026-2409-8-2026-07-08T12:23:29.237541-05:00,PE-CONSUCODE-20008,20458605662,PE-RUC,FONDO NACIONAL DE FINANCIAMIENTO DE LA ACTIVIDAD EMPRESARIAL - FONAFE
ocds-dgv273-seacev3-2026-822-20,ocds-dgv273-seacev3-2026-822-20-2026-07-08T12:23:28.972750-05:00,PE-CONSUCODE-822,20317337150,PE-RUC,MUNICIPALIDAD DISTRITAL DE PICHARI
ocds-dgv273-seacev3-2026-1512-3,ocds-dgv273-seacev3-2026-1512-3-2026-07-08T12:23:28.726953-05:00,PE-CONSUCODE-1512,20213749031,PE-RUC,MUNICIPALIDAD DISTRITAL DE CAPELO
ocds-dgv273-seacev3-2026-1160-6,ocds-dgv273-seacev3-2026-1160-6-2026-07-08T12:23:10.743016-05:00,PE-CONSUCODE-1160,20146673776,PE-RUC,MUNICIPALIDAD DISTRITAL DE PANGOA
ocds-dgv273-seacev3-2026-1922-13,ocds-dgv273-seacev3-2026-1922-13-2026-07-08T12:23:10.409910-05:00,PE-CONSUCODE-1922,20131370564,PE-RUC,"SUPERINTENDENCIA DE BANCA, SEGUROS Y AFP"
ocds-dgv273-seacev3-1191163,ocds-dgv273-seacev3-1191163-2026-07-08T12:23:10.383958-05:00,PE-CONSUCODE-2341,20100116392,PE-RUC,CORPORACION FINANCIERA DE DESARROLLO S.A.
ocds-dgv273-seacev3-1187618,ocds-dgv273-seacev3-1187618-2026-07-08T12:23:09.782768-05:00,PE-CONSUCODE-256,20207429091,PE-RUC,MUNICIPALIDAD PROVINCIAL DE POMABAMBA
ocds-dgv273-seacev3-2026-2543-194,ocds-dgv273-seacev3-2026-2543-194-2026-07-08T12:22:49.198329-05:00,PE-CONSUCODE-2543,20131257750,PE-RUC,SEGURO SOCIAL DE SALUD
ocds-dgv273-seacev3-1191554,ocds-dgv273-seacev3-1191554-2026-07-08T12:22:48.629049-05:00,PE-CONSUCODE-200244,20449347448,PE-RUC,UNIVERSIDAD NACIONAL DE MOQUEGUA
ocds-dgv273-seacev3-1191375,ocds-dgv273-seacev3-1191375-2026-07-08T12:22:48.157841-05:00,PE-CONSUCODE-1496,20176689359,PE-RUC,MUNICIPALIDAD DISTRITAL DE MANSERICHE
ocds-dgv273-seacev3-2026-10357-1,ocds-dgv273-seacev3-2026-10357-1-2026-07-08T12:22:46.513392-05:00,PE-CONSUCODE-10357,20202348654,PE-RUC,MINAG - PROYECTO ESPECIAL ALTO HUALLAGA
ocds-dgv273-seacev3-2026-1830-1,ocds-dgv273-seacev3-2026-1830-1-2026-07-08T12:22:46.424756-05:00,PE-CONSUCODE-1830,20488951239,PE-RUC,MUNICIPALIDAD DISTRITAL DE SANTA ROSA - EL DORADO
ocds-dgv273-seacev3-1187978,ocds-dgv273-seacev3-1187978-2026-07-08T12:22:46.407344-05:00,PE-CONSUCODE-200202,20489498783,PE-RUC,GOBIERNO REGIONAL DE HUANUCO - RED DE SALUD HUANUCO
ocds-dgv273-seacev3-1187085,ocds-dgv273-seacev3-1187085-2026-07-08T12:22:45.970985-05:00,PE-CONSUCODE-270,20163065330,PE-RUC,MUNICIPALIDAD PROVINCIAL DE SANTA - CHIMBOTE
ocds-dgv273-seacev3-2026-2009-7,ocds-dgv273-seacev3-2026-2009-7-2026-06-25T10:28:44.869521-05:00,PE-CONSUCODE-2009,20527141762,PE-RUC,GOBIERNO REGIONAL DE APURIMAC SEDE CENTRAL
ocds-dgv273-seacev3-1192118,ocds-dgv273-seacev3-1192118-2026-06-25T10:28:35.844739-05:00,PE-CONSUCODE-278,20282911915,PE-RUC,MUNICIPALIDAD DISTRITAL DE NUEVO CHIMBOTE
ocds-dgv273-seacev3-1188748,ocds-dgv273-seacev3-1188748-2026-06-25T10:28:35.472849-05:00,PE-CONSUCODE-2000,20131312955,PE-RUC,SUPERINTENDENCIA NACIONAL DE ADUANAS Y DE ADMINISTRACION TRIBUTARIA - SUNAT
ocds-dgv273-seacev3-2026-1160-2,ocds-dgv273-seacev3-2026-1160-2-2026-06-25T10:28:35.301896-05:00,PE-CONSUCODE-1160,20146673776,PE-RUC,MUNICIPALIDAD DISTRITAL DE PANGOA
ocds-dgv273-seacev3-1189933,ocds-dgv273-seacev3-1189933-2026-06-25T10:28:35.292403-05:00,PE-CONSUCODE-10356,20156058719,PE-RUC,GOBIERNO REGIONAL DE LA LIBERTAD - PROYECTO ESPECIAL CHAVIMOCHIC
ocds-dgv273-seacev3-2026-1479-8,ocds-dgv273-seacev3-2026-1479-8-2026-06-25T10:28:35.159286-05:00,PE-CONSUCODE-1479,20103845590,PE-RUC,MUNICIPALIDAD PROVINCIAL DE MAYNAS - IQUITOS
ocds-dgv273-seacev3-2026-836-6,ocds-dgv273-seacev3-2026-836-6-2026-06-25T10:28:31.755329-05:00,PE-CONSUCODE-836,20159309933,PE-RUC,MUNICIPALIDAD DISTRITAL DE KCOSÑIPATA
ocds-dgv273-seacev3-2026-1952-105,ocds-dgv273-seacev3-2026-1952-105-2026-06-25T10:28:25.547567-05:00,PE-CONSUCODE-1952,20419026809,PE-RUC,ORGANISMO ESPECIALIZADO PARA LAS CONTRATACIONES PUBLICAS EFICIENTES
ocds-dgv273-seacev3-1190805,ocds-dgv273-seacev3-1190805-2026-06-25T10:28:25.507603-05:00,PE-CONSUCODE-1346,20131367423,PE-RUC,MUNICIPALIDAD DISTRITAL DE SANTIAGO DE SURCO
ocds-dgv273-seacev3-2026-10249-96,ocds-dgv273-seacev3-2026-10249-96-2026-06-25T10:28:25.397165-05:00,PE-CONSUCODE-10249,20144364059,PE-RUC,FUERZA AEREA DEL PERU
ocds-dgv273-seacev3-2026-2009-9,ocds-dgv273-seacev3-2026-2009-9-2026-06-25T10:28:25.321978-05:00,PE-CONSUCODE-2009,20527141762,PE-RUC,GOBIERNO REGIONAL DE APURIMAC SEDE CENTRAL
ocds-dgv273-seacev3-1190406,ocds-dgv273-seacev3-1190406-2026-06-25T10:28:24.820662-05:00,PE-CONSUCODE-200140,20509510149,PE-RUC,SISTEMA METROPOLITANO DE LA SOLIDARIDAD
ocds-dgv273-seacev3-1186868,ocds-dgv273-seacev3-1186868-2026-06-25T10:28:24.384853-05:00,PE-CONSUCODE-334,20192048801,PE-RUC,MUNICIPALIDAD DISTRITAL DE PAMPACHIRI
ocds-dgv273-seacev3-2026-1302-26,ocds-dgv273-seacev3-2026-1302-26-2026-06-25T10:28:14.489679-05:00,PE-CONSUCODE-1302,20175975315,PE-RUC,MUNICIPALIDAD DISTRITAL DE OLMOS
ocds-dgv273-seacev3-2026-206330-1,ocds-dgv273-seacev3-2026-206330-1-2026-06-25T10:28:13.872646-05:00,PE-CONSUCODE-204448,20604932964,PE-RUC,AUTORIDAD DE TRANSPORTE URBANO PARA LIMA Y CALLAO
ocds-dgv273-seacev3-2026-1922-18,ocds-dgv273-seacev3-2026-1922-18-2026-06-25T10:28:03.482700-05:00,PE-CONSUCODE-1922,20131370564,PE-RUC,"SUPERINTENDENCIA DE BANCA, SEGUROS Y AFP"
ocds-dgv273-seacev3-1189780,ocds-dgv273-seacev3-1189780-2026-06-25T10:28:03.117753-05:00,PE-CONSUCODE-10217,20138100015,PE-RUC,HOSPITAL DE EMERGENCIAS - JOSÉ CASIMIRO ULLOA
ocds-dgv273-seacev3-2026-1313-1,ocds-dgv273-seacev3-2026-1313-1-2026-06-25T10:28:03.092411-05:00,PE-CONSUCODE-1313,20131368233,PE-RUC,MUNICIPALIDAD DISTRITAL DE CHACLACAYO
ocds-dgv273-seacev3-1190401,ocds-dgv273-seacev3-1190401-2026-06-25T10:28:02.688606-05:00,PE-CONSUCODE-49,20406325815,PE-RUC,GOBIERNO REGIONAL DE PUNO SEDE CENTRAL
ocds-dgv273-seacev3-2026-20006-3,ocds-dgv273-seacev3-2026-20006-3-2026-06-25T10:28:02.640482-05:00,PE-CONSUCODE-20006,20414671773,PE-RUC,FONDO MIVIVIENDA S.A.
ocds-dgv273-seacev3-1216608,ocds-dgv273-seacev3-1216608-2026-06-25T10:27:58.696009-05:00,PE-CONSUCODE-27,20291973851,PE-RUC,OFICINA NACIONAL DE PROCESOS ELECTORALES
ocds-dgv273-seacev3-1190289,ocds-dgv273-seacev3-1190289-2026-06-25T10:27:53.021916-05:00,PE-CONSUCODE-10401,20286907467,PE-RUC,GOBIERNO REGIONAL DE ANCASH-TRANSPORTES
ocds-dgv273-seacev3-1192141,ocds-dgv273-seacev3-1192141-2026-06-25T10:27:52.928943-05:00,PE-CONSUCODE-1886,20147897406,PE-RUC,UNIVERSIDAD NACIONAL AGRARIA LA MOLINA
ocds-dgv273-seacev3-1196190,ocds-dgv273-seacev3-1196190-2026-06-25T10:27:52.699372-05:00,PE-CONSUCODE-793,20159345573,PE-RUC,MUNICIPALIDAD DISTRITAL DE PITUMARCA
ocds-dgv273-seacev3-1190753,ocds-dgv273-seacev3-1190753-2026-06-25T10:27:52.365878-05:00,PE-CONSUCODE-1155,20146674403,PE-RUC,MUNICIPALIDAD PROVINCIAL DE SATIPO
ocds-dgv273-seacev3-2026-2009-23,ocds-dgv273-seacev3-2026-2009-23-2026-06-25T10:27:51.779207-05:00,PE-CONSUCODE-2009,20527141762,PE-RUC,GOBIERNO REGIONAL DE APURIMAC SEDE CENTRAL
ocds-dgv273-seacev3-2026-1899-43,ocds-dgv273-seacev3-2026-1899-43-2026-06-25T10:27:51.665121-05:00,PE-CONSUCODE-1899,20145561095,PE-RUC,UNIVERSIDAD NACIONAL DEL CENTRO DEL PERU
ocds-dgv273-seacev3-2026-1213-1,ocds-dgv273-seacev3-2026-1213-1-2026-06-25T10:27:51.610422-05:00,PE-CONSUCODE-1213,20208154428,PE-RUC,MUNICIPALIDAD DISTRITAL DE MARCABAL
ocds-dgv273-seacev3-2026-821-2,ocds-dgv273-seacev3-2026-821-2-2026-06-24T10:31:10.033092-05:00,PE-CONSUCODE-821,20178199251,PE-RUC,MUNICIPALIDAD DISTRITAL DE KIMBIRI
ocds-dgv273-seacev3-1187719,ocds-dgv273-seacev3-1187719-2026-06-24T10:30:58.817585-05:00,PE-CONSUCODE-10508,20397867961,PE-RUC,GOBIERNO REGIONAL DE LA LIBERTAD - SALUD UTES SANTIAGO DE CHUCO
ocds-dgv273-seacev3-2026-870-3,ocds-dgv273-seacev3-2026-870-3-2026-06-24T10:30:48.683688-05:00,PE-CONSUCODE-870,20199463129,PE-RUC,MUNICIPALIDAD DISTRITAL DE PALCA - HUANCAVELICA
ocds-dgv273-seacev3-1224233,ocds-dgv273-seacev3-1224233-2026-06-24T10:30:44.970576-05:00,PE-CONSUCODE-680,20220666418,PE-RUC,MUNICIPALIDAD DISTRITAL DE TACABAMBA
ocds-dgv273-seacev3-1199199,ocds-dgv273-seacev3-1199199-2026-06-24T10:30:38.450363-05:00,PE-CONSUCODE-1116,20195238961,PE-RUC,MUNICIPALIDAD DISTRITAL DE PERENE
ocds-dgv273-seacev3-1189609,ocds-dgv273-seacev3-1189609-2026-06-24T10:30:37.837409-05:00,PE-CONSUCODE-200025,20207553698,PE-RUC,PROGRAMA NACIONAL DE SANEAMIENTO URBANO
ocds-dgv273-seacev3-1185165,ocds-dgv273-seacev3-1185165-2026-06-24T10:30:37.616222-05:00,PE-CONSUCODE-1132,20206087651,PE-RUC,MUNICIPALIDAD DISTRITAL DE MASMA
ocds-dgv273-seacev3-1187776,ocds-dgv273-seacev3-1187776-2026-06-24T10:30:26.186562-05:00,PE-CONSUCODE-1983,20131369477,PE-RUC,INSTITUTO TECNOLOGICO DE LA PRODUCCION
ocds-dgv273-seacev3-1190597,ocds-dgv273-seacev3-1190597-2026-06-24T10:30:17.068388-05:00,PE-CONSUCODE-10422,20172661794,PE-RUC,GOBIERNO REGIONAL DE AREQUIPA - GERENCIA REGIONAL DE SALUD
ocds-dgv273-seacev3-1186220,ocds-dgv273-seacev3-1186220-2026-06-21T10:12:25.215232-05:00,PE-CONSUCODE-1947,20307167442,PE-RUC,COMISION DE PROMOCION DEL PERU PARA LA EXPORTACION Y EL TURISMO - PROMPERU
ocds-dgv273-seacev3-1219747,ocds-dgv273-seacev3-1219747-2026-06-21T10:12:17.306639-05:00,PE-CONSUCODE-49,20406325815,PE-RUC,GOBIERNO REGIONAL DE PUNO SEDE CENTRAL
ocds-dgv273-seacev3-1208742,ocds-dgv273-seacev3-1208742-2026-06-21T10:12:15.750747-05:00,PE-CONSUCODE-189,20188903488,PE-RUC,MUNICIPALIDAD PROVINCIAL DE CARHUAZ
ocds-dgv273-seacev3-1185751,ocds-dgv273-seacev3-1185751-2026-06-21T10:12:15.684657-05:00,PE-CONSUCODE-511,20143629679,PE-RUC,MUNICIPALIDAD DISTRITAL DE QUINUA
ocds-dgv273-seacev3-1187825,ocds-dgv273-seacev3-1187825-2026-06-21T10:12:15.209196-05:00,PE-CONSUCODE-1182,20174790320,PE-RUC,MUNICIPALIDAD PROVINCIAL DE CHUPACA
ocds-dgv273-seacev3-2026-1300-3,ocds-dgv273-seacev3-2026-1300-3-2026-06-21T10:12:05.952405-05:00,PE-CONSUCODE-1300,20198667260,PE-RUC,MUNICIPALIDAD DISTRITAL DE MORROPE
ocds-dgv273-seacev3-1217965,ocds-dgv273-seacev3-1217965-2026-06-20T10:19:16.300256-05:00,PE-CONSUCODE-1211,20213758293,PE-RUC,MUNICIPALIDAD DISTRITAL DE CURGOS
ocds-dgv273-seacev3-2026-200302-1,ocds-dgv273-seacev3-2026-200302-1-2026-06-20T10:19:02.834405-05:00,PE-CONSUCODE-200302,20480776250,PE-RUC,POLICÍA NACIONAL DEL PERÚ - II DIRECCIÓN TERRITORIAL CHICLAYO
ocds-dgv273-seacev3-1188979,ocds-dgv273-seacev3-1188979-2026-06-20T10:19:02.025897-05:00,PE-CONSUCODE-1264,20210717731,PE-RUC,MUNICIPALIDAD DISTRITAL DE CALAMARCA
ocds-dgv273-seacev3-1195860,ocds-dgv273-seacev3-1195860-2026-06-20T10:18:52.674672-05:00,PE-CONSUCODE-10351,20162554167,PE-RUC,GOBIERNO REGIONAL DE AREQUIPA - PROYECTO ESPECIAL MAJES-SIGUAS  AUTODEMA
ocds-dgv273-seacev3-1192708,ocds-dgv273-seacev3-1192708-2026-06-20T10:18:52.173939-05:00,PE-CONSUCODE-979,20204863769,PE-RUC,MUNICIPALIDAD DISTRITAL DE CHAVIN DE PARIARCA
ocds-dgv273-seacev3-1187619,ocds-dgv273-seacev3-1187619-2026-06-20T10:18:51.603778-05:00,PE-CONSUCODE-772,20223561510,PE-RUC,MUNICIPALIDAD DISTRITAL DE ANCAHUASI
ocds-dgv273-seacev3-1188120,ocds-dgv273-seacev3-1188120-2026-06-20T10:18:51.370475-05:00,PE-CONSUCODE-201745,20600234880,PE-RUC,MUNICIPALIDAD DISTRITAL DE INKAWASI
ocds-dgv273-seacev3-1187920,ocds-dgv273-seacev3-1187920-2026-06-20T10:18:40.840970-05:00,PE-CONSUCODE-780,20177429229,PE-RUC,MUNICIPALIDAD DISTRITAL DE YANATILE
ocds-dgv273-seacev3-2026-49-3,ocds-dgv273-seacev3-2026-49-3-2026-06-20T10:18:30.463902-05:00,PE-CONSUCODE-49,20406325815,PE-RUC,GOBIERNO REGIONAL DE PUNO SEDE CENTRAL
ocds-dgv273-seacev3-1192043,ocds-dgv273-seacev3-1192043-2026-06-20T10:18:30.348634-05:00,PE-CONSUCODE-34,20498390570,PE-RUC,GOBIERNO REGIONAL DE AREQUIPA Sede Central
ocds-dgv273-seacev3-1202978,ocds-dgv273-seacev3-1202978-2026-06-20T10:18:21.199108-05:00,PE-CONSUCODE-821,20178199251,PE-RUC,MUNICIPALIDAD DISTRITAL DE KIMBIRI
ocds-dgv273-seacev3-2026-1389-3,ocds-dgv273-seacev3-2026-1389-3-2026-06-20T10:18:09.535016-05:00,PE-CONSUCODE-1389,20163795494,PE-RUC,MUNICIPALIDAD DISTRITAL DE VEGUETA
ocds-dgv273-seacev3-1189356,ocds-dgv273-seacev3-1189356-2026-06-20T10:18:09.102141-05:00,PE-CONSUCODE-2009,20527141762,PE-RUC,GOBIERNO REGIONAL DE APURIMAC SEDE CENTRAL
ocds-dgv273-seacev3-2026-1246-1,ocds-dgv273-seacev3-2026-1246-1-2026-06-20T10:18:08.587724-05:00,PE-CONSUCODE-1246,20201403724,PE-RUC,MUNICIPALIDAD DISTRITAL DE ANGASMARCA
ocds-dgv273-seacev3-1189343,ocds-dgv273-seacev3-1189343-2026-06-19T10:30:17.996598-05:00,PE-CONSUCODE-35,20452393493,PE-RUC,GOBIERNO REGIONAL DE AYACUCHO SEDE CENTRAL
ocds-dgv273-seacev3-2026-10248-11,ocds-dgv273-seacev3-2026-10248-11-2026-06-19T10:30:07.989522-05:00,PE-CONSUCODE-10248,20153408191,PE-RUC,MARINA DE GUERRA DEL PERU
ocds-dgv273-seacev3-1202569,ocds-dgv273-seacev3-1202569-2026-06-19T10:29:44.781294-05:00,PE-CONSUCODE-218,20200033249,PE-RUC,MUNICIPALIDAD DISTRITAL DE HUANTAR
ocds-dgv273-seacev3-2026-2407-6,ocds-dgv273-seacev3-2026-2407-6-2026-06-19T10:29:44.460166-05:00,PE-CONSUCODE-2407,20116544289,PE-RUC,EMPRESA REGIONAL DE SERVICIO PÚBLICO DE ELECTRICIDAD ELECTRO SUR ESTE S.A.A.
ocds-dgv273-seacev3-1190866,ocds-dgv273-seacev3-1190866-2026-06-19T10:29:35.136023-05:00,PE-CONSUCODE-1289,20162368452,PE-RUC,MUNICIPALIDAD PROVINCIAL DE FERREÑAFE
ocds-dgv273-seacev3-1187022,ocds-dgv273-seacev3-1187022-2026-06-19T10:29:33.382297-05:00,PE-CONSUCODE-43,20479569780,PE-RUC,GOBIERNO REGIONAL DE LAMBAYEQUE SEDE CENTRAL
ocds-dgv273-seacev3-1188138,ocds-dgv273-seacev3-1188138-2026-06-19T10:29:33.300161-05:00,PE-CONSUCODE-2409,20100188628,PE-RUC,SOCIEDAD ELECTRICA DEL SUR OESTE S.A.
ocds-dgv273-seacev3-1209700,ocds-dgv273-seacev3-1209700-2026-06-19T10:29:23.029154-05:00,PE-CONSUCODE-202845,20601081530,PE-RUC,MUNICIPALIDAD DISTRITAL DE PICHOS
ocds-dgv273-seacev3-2026-108794-1,ocds-dgv273-seacev3-2026-108794-1-2026-06-19T10:29:22.885215-05:00,PE-CONSUCODE-202785,20600982100,PE-RUC,MUNICIPALIDAD DISTRITAL LA YARADA LOS PALOS
ocds-dgv273-seacev3-1205767,ocds-dgv273-seacev3-1205767-2026-06-18T10:26:23.566702-05:00,PE-CONSUCODE-10172,20334929281,PE-RUC,UNIDAD DE GESTION EDUCATIVA LOCAL UGEL 07 - SAN BORJA
ocds-dgv273-seacev3-1219223,ocds-dgv273-seacev3-1219223-2026-06-18T10:26:19.705792-05:00,PE-CONSUCODE-144,20146917314,PE-RUC,MUNICIPALIDAD PROVINCIAL DE UTCUBAMBA - BAGUA GRANDE
ocds-dgv273-seacev3-1187851,ocds-dgv273-seacev3-1187851-2026-06-18T10:26:11.655916-05:00,PE-CONSUCODE-200096,20519610214,PE-RUC,MUNICIPALIDAD DISTRITAL DE CORONEL GREGORIO ALBARRACIN LANCHIPA
ocds-dgv273-seacev3-2026-227-12,ocds-dgv273-seacev3-2026-227-12-2026-06-18T10:26:02.921759-05:00,PE-CONSUCODE-227,20146925767,PE-RUC,MUNICIPALIDAD PROVINCIAL DE HUAYLAS - CARAZ
ocds-dgv273-seacev3-1191113,ocds-dgv273-seacev3-1191113-2026-06-18T10:26:01.916799-05:00,PE-CONSUCODE-317,20148182788,PE-RUC,MUNICIPALIDAD PROVINCIAL DE ABANCAY
ocds-dgv273-seacev3-1190706,ocds-dgv273-seacev3-1190706-2026-06-18T10:25:49.809433-05:00,PE-CONSUCODE-399,20159515240,PE-RUC,MUNICIPALIDAD DISTRITAL DE CERRO COLORADO
ocds-dgv273-seacev3-1191557,ocds-dgv273-seacev3-1191557-2026-06-18T10:25:39.657661-05:00,PE-CONSUCODE-544,20189212195,PE-RUC,MUNICIPALIDAD PROVINCIAL DE LA MAR - SAN MIGUEL
ocds-dgv273-seacev3-2026-1025-2,ocds-dgv273-seacev3-2026-1025-2-2026-06-18T10:25:38.754020-05:00,PE-CONSUCODE-1025,20142167744,PE-RUC,MUNICIPALIDAD PROVINCIAL DE ICA
ocds-dgv273-seacev3-1215041,ocds-dgv273-seacev3-1215041-2026-06-18T10:25:30.783375-05:00,PE-CONSUCODE-10047,20437274518,PE-RUC,GOBIERNO REGIONAL DE LAMBAYEQUE - HOSPITAL REGIONAL DOCENTE LAS MERCEDES - CHICLAYO
ocds-dgv273-seacev3-2026-2392-2,ocds-dgv273-seacev3-2026-2392-2-2026-06-18T10:25:16.451332-05:00,PE-CONSUCODE-2392,20232236273,PE-RUC,EMPRESA CONCESIONARIA DE ELECTRICIDAD DE UCAYALI S.A.
ocds-dgv273-seacev3-2026-23-18,ocds-dgv273-seacev3-2026-23-18-2026-06-18T10:25:16.267074-05:00,PE-CONSUCODE-23,20131023414,PE-RUC,MINISTERIO DE TRABAJO Y PROMOCION DEL EMPLEO
ocds-dgv273-seacev3-1191874,ocds-dgv273-seacev3-1191874-2026-06-17T10:34:02.460213-05:00,PE-CONSUCODE-200266,20520711865,PE-RUC,AUTORIDAD NACIONAL DEL AGUA
ocds-dgv273-seacev3-1188077,ocds-dgv273-seacev3-1188077-2026-06-17T10:34:02.213877-05:00,PE-CONSUCODE-755,20154432516,PE-RUC,MUNICIPALIDAD DISTRITAL DE SANTIAGO - CUSCO
ocds-dgv273-seacev3-1186733,ocds-dgv273-seacev3-1186733-2026-06-17T10:34:02.138579-05:00,PE-CONSUCODE-53,20393066386,PE-RUC,GOBIERNO REGIONAL DE UCAYALI SEDE CENTRAL
ocds-dgv273-seacev3-1216910,ocds-dgv273-seacev3-1216910-2026-06-17T10:33:57.123242-05:00,PE-CONSUCODE-10,20131378549,PE-RUC,JURADO NACIONAL DE ELECCIONES
ocds-dgv273-seacev3-1194979,ocds-dgv273-seacev3-1194979-2026-06-17T10:33:51.788690-05:00,PE-CONSUCODE-200825,20556118079,PE-RUC,POLICÍA NACIONAL DEL PERÚ - DIRECCIÓN EJECUTIVA DE INVESTIGACIÓN CRIMINAL Y APOYO A LA JUSTICIA
ocds-dgv273-seacev3-2026-404-15,ocds-dgv273-seacev3-2026-404-15-2026-06-17T10:33:51.116452-05:00,PE-CONSUCODE-404,20163611512,PE-RUC,MUNICIPALIDAD DISTRITAL DE MIRAFLORES - AREQUIPA
ocds-dgv273-seacev3-1189360,ocds-dgv273-seacev3-1189360-2026-06-17T10:33:30.745697-05:00,PE-CONSUCODE-40,20489250731,PE-RUC,GOBIERNO REGIONAL DE HUANUCO SEDE CENTRAL
ocds-dgv273-seacev3-1189683,ocds-dgv273-seacev3-1189683-2026-06-17T10:33:19.783790-05:00,PE-CONSUCODE-26,20131370301,PE-RUC,MINISTERIO PUBLICO
ocds-dgv273-seacev3-1191495,ocds-dgv273-seacev3-1191495-2026-06-17T10:33:19.527759-05:00,PE-CONSUCODE-1191,20175639391,PE-RUC,MUNICIPALIDAD PROVINCIAL DE TRUJILLO
ocds-dgv273-seacev3-1189318,ocds-dgv273-seacev3-1189318-2026-06-17T10:33:19.345479-05:00,PE-CONSUCODE-847,20195499765,PE-RUC,MUNICIPALIDAD DISTRITAL DE OCONGATE
ocds-dgv273-seacev3-1216841,ocds-dgv273-seacev3-1216841-2026-06-17T10:33:11.222169-05:00,PE-CONSUCODE-10,20131378549,PE-RUC,JURADO NACIONAL DE ELECCIONES
ocds-dgv273-seacev3-1191550,ocds-dgv273-seacev3-1191550-2026-06-17T10:33:08.394349-05:00,PE-CONSUCODE-1479,20103845590,PE-RUC,MUNICIPALIDAD PROVINCIAL DE MAYNAS - IQUITOS
ocds-dgv273-seacev3-1190938,ocds-dgv273-seacev3-1190938-2026-06-17T10:33:08.271188-05:00,PE-CONSUCODE-200405,20207763820,PE-RUC,MUNICIPALIDAD DISTRITAL CONSTITUCION - PASCO
ocds-dgv273-seacev3-1188101,ocds-dgv273-seacev3-1188101-2026-06-17T10:32:54.958184-05:00,PE-CONSUCODE-1025,20142167744,PE-RUC,MUNICIPALIDAD PROVINCIAL DE ICA
ocds-dgv273-seacev3-1212865,ocds-dgv273-seacev3-1212865-2026-06-15T10:04:58.984518-05:00,PE-CONSUCODE-43,20479569780,PE-RUC,GOBIERNO REGIONAL DE LAMBAYEQUE SEDE CENTRAL
ocds-dgv273-seacev3-1208591,ocds-dgv273-seacev3-1208591-2026-06-14T10:13:32.407691-05:00,PE-CONSUCODE-680,20220666418,PE-RUC,MUNICIPALIDAD DISTRITAL DE TACABAMBA
ocds-dgv273-seacev3-1189251,ocds-dgv273-seacev3-1189251-2026-06-14T10:13:31.410947-05:00,PE-CONSUCODE-24,20131379944,PE-RUC,MINISTERIO DE TRANSPORTES Y COMUNICACIONES
ocds-dgv273-seacev3-2026-49-84,ocds-dgv273-seacev3-2026-49-84-2026-06-14T10:13:31.391545-05:00,PE-CONSUCODE-49,20406325815,PE-RUC,GOBIERNO REGIONAL DE PUNO SEDE CENTRAL
ocds-dgv273-seacev3-1190360,ocds-dgv273-seacev3-1190360-2026-06-14T10:13:23.149985-05:00,PE-CONSUCODE-1054,20147706155,PE-RUC,MUNICIPALIDAD DISTRITAL DE VISTA ALEGRE - NAZCA
ocds-dgv273-seacev3-1191657,ocds-dgv273-seacev3-1191657-2026-06-14T10:13:23.126610-05:00,PE-CONSUCODE-200096,20519610214,PE-RUC,MUNICIPALIDAD DISTRITAL DE CORONEL GREGORIO ALBARRACIN LANCHIPA
ocds-dgv273-seacev3-1203036,ocds-dgv273-seacev3-1203036-2026-06-14T10:13:22.834194-05:00,PE-CONSUCODE-711,20176288958,PE-RUC,MUNICIPALIDAD DISTRITAL DE NANCHOC
ocds-dgv273-seacev3-1189510,ocds-dgv273-seacev3-1189510-2026-06-14T10:13:22.508757-05:00,PE-CONSUCODE-777,20147552506,PE-RUC,MUNICIPALIDAD DISTRITAL DE PISAC
ocds-dgv273-seacev3-2026-2366-14,ocds-dgv273-seacev3-2026-2366-14-2026-06-14T10:13:22.332625-05:00,PE-CONSUCODE-2366,20115776283,PE-RUC,ENTIDAD PRESTADORA DE SERVICIO DE SANEAMIENTO DE MOQUEGUA SA
ocds-dgv273-seacev3-1193049,ocds-dgv273-seacev3-1193049-2026-06-14T10:13:22.314861-05:00,PE-CONSUCODE-1952,20419026809,PE-RUC,ORGANISMO ESPECIALIZADO PARA LAS CONTRATACIONES PUBLICAS EFICIENTES
ocds-dgv273-seacev3-1188879,ocds-dgv273-seacev3-1188879-2026-06-14T10:13:22.273187-05:00,PE-CONSUCODE-821,20178199251,PE-RUC,MUNICIPALIDAD DISTRITAL DE KIMBIRI
ocds-dgv273-seacev3-1191099,ocds-dgv273-seacev3-1191099-2026-06-14T10:13:13.353068-05:00,PE-CONSUCODE-1787,20178500083,PE-RUC,MUNICIPALIDAD DISTRITAL DE NUEVA CAJAMARCA
ocds-dgv273-seacev3-1188665,ocds-dgv273-seacev3-1188665-2026-06-14T10:13:13.006161-05:00,PE-CONSUCODE-200096,20519610214,PE-RUC,MUNICIPALIDAD DISTRITAL DE CORONEL GREGORIO ALBARRACIN LANCHIPA
ocds-dgv273-seacev3-1188398,ocds-dgv273-seacev3-1188398-2026-06-14T10:13:04.440937-05:00,PE-CONSUCODE-10353,20148346055,PE-RUC,GOBIERNO REGIONAL DE LAMBAYEQUE - PROYECTO ESPECIAL OLMOS - TINAJONES
ocds-dgv273-seacev3-2026-216-5,ocds-dgv273-seacev3-2026-216-5-2026-06-14T10:13:04.262121-05:00,PE-CONSUCODE-216,20208828321,PE-RUC,MUNICIPALIDAD DISTRITAL DE HUACCHIS
ocds-dgv273-seacev3-1188891,ocds-dgv273-seacev3-1188891-2026-06-14T10:13:04.245939-05:00,PE-CONSUCODE-293,20222952256,PE-RUC,MUNICIPALIDAD DISTRITAL DE QUILLO
ocds-dgv273-seacev3-2026-49-28,ocds-dgv273-seacev3-2026-49-28-2026-06-14T10:13:03.850254-05:00,PE-CONSUCODE-49,20406325815,PE-RUC,GOBIERNO REGIONAL DE PUNO SEDE CENTRAL
ocds-dgv273-seacev3-2026-80751-3,ocds-dgv273-seacev3-2026-80751-3-2026-06-14T10:13:03.778603-05:00,PE-CONSUCODE-202185,20393108488,PE-RUC,MUNICIPALIDAD DISTRITAL ALEXANDER VON HUMBOLDT
ocds-dgv273-seacev3-1191229,ocds-dgv273-seacev3-1191229-2026-06-14T10:13:03.606556-05:00,PE-CONSUCODE-2009,20527141762,PE-RUC,GOBIERNO REGIONAL DE APURIMAC SEDE CENTRAL
ocds-dgv273-seacev3-1187306,ocds-dgv273-seacev3-1187306-2026-06-14T10:13:03.277787-05:00,PE-CONSUCODE-1200,20174738085,PE-RUC,MUNICIPALIDAD DISTRITAL DE VICTOR LARCO HERRERA
ocds-dgv273-seacev3-1186337,ocds-dgv273-seacev3-1186337-2026-06-14T10:13:03.248699-05:00,PE-CONSUCODE-202725,20601012937,PE-RUC,MUNICIPALIDAD DISTRITAL DE VILLA KINTIARINA
ocds-dgv273-seacev3-2026-10009-4,ocds-dgv273-seacev3-2026-10009-4-2026-06-14T10:12:53.658722-05:00,PE-CONSUCODE-10009,20170137346,PE-RUC,GOBIERNO REGIONAL DE LIMA - HOSPITAL BARRANCA-CAJATAMBO Y SERVICIOS BASICOS DE SALUD
ocds-dgv273-seacev3-2026-2392-41,ocds-dgv273-seacev3-2026-2392-41-2026-06-14T10:12:52.986146-05:00,PE-CONSUCODE-2392,20232236273,PE-RUC,EMPRESA CONCESIONARIA DE ELECTRICIDAD DE UCAYALI S.A.
ocds-dgv273-seacev3-1188277,ocds-dgv273-seacev3-1188277-2026-06-14T10:12:52.231056-05:00,PE-CONSUCODE-1679,20207352871,PE-RUC,MUNICIPALIDAD DISTRITAL DE AJOYANI
ocds-dgv273-seacev3-1188221,ocds-dgv273-seacev3-1188221-2026-06-14T10:12:52.217676-05:00,PE-CONSUCODE-26,20131370301,PE-RUC,MINISTERIO PUBLICO
ocds-dgv273-seacev3-1206801,ocds-dgv273-seacev3-1206801-2026-06-13T10:20:26.644154-05:00,PE-CONSUCODE-1586,20159249698,PE-RUC,MUNICIPALIDAD DISTRITAL DE CATACAOS
ocds-dgv273-seacev3-1190827,ocds-dgv273-seacev3-1190827-2026-06-13T10:20:26.452107-05:00,PE-CONSUCODE-801,20278211895,PE-RUC,MUNICIPALIDAD DISTRITAL DE LIVITACA
ocds-dgv273-seacev3-2026-10490-24,ocds-dgv273-seacev3-2026-10490-24-2026-06-13T10:20:24.909617-05:00,PE-CONSUCODE-10490,20221170688,PE-RUC,GOBIERNO REGIONAL DE LA LIBERTAD-GERENCIA REGIONAL DE TRANSPORTE Y COMUNICACIONES
ocds-dgv273-seacev3-1188580,ocds-dgv273-seacev3-1188580-2026-06-13T10:20:15.423846-05:00,PE-CONSUCODE-1899,20145561095,PE-RUC,UNIVERSIDAD NACIONAL DEL CENTRO DEL PERU
ocds-dgv273-seacev3-1191966,ocds-dgv273-seacev3-1191966-2026-06-13T10:20:13.758869-05:00,PE-CONSUCODE-49,20406325815,PE-RUC,GOBIERNO REGIONAL DE PUNO SEDE CENTRAL
ocds-dgv273-seacev3-2026-10167-1,ocds-dgv273-seacev3-2026-10167-1-2026-06-13T10:20:04.076405-05:00,PE-CONSUCODE-10167,20332784111,PE-RUC,UNIDAD DE GESTION EDUCATIVA LOCAL UGEL 02 - RIMAC
ocds-dgv273-seacev3-2026-200-4,ocds-dgv273-seacev3-2026-200-4-2026-06-13T10:20:02.599753-05:00,PE-CONSUCODE-200,20174929697,PE-RUC,MUNICIPALIDAD PROVINCIAL DE CASMA
ocds-dgv273-seacev3-2026-422-14,ocds-dgv273-seacev3-2026-422-14-2026-06-13T10:20:02.574276-05:00,PE-CONSUCODE-422,20173809663,PE-RUC,MUNICIPALIDAD DISTRITAL DE YURA
ocds-dgv273-seacev3-1186820,ocds-dgv273-seacev3-1186820-2026-06-13T10:20:02.559558-05:00,PE-CONSUCODE-373,20201520364,PE-RUC,MUNICIPALIDAD DISTRITAL DE MARA
ocds-dgv273-seacev3-2026-200-9,ocds-dgv273-seacev3-2026-200-9-2026-06-13T10:20:02.236321-05:00,PE-CONSUCODE-200,20174929697,PE-RUC,MUNICIPALIDAD PROVINCIAL DE CASMA
ocds-dgv273-seacev3-1190020,ocds-dgv273-seacev3-1190020-2026-06-13T10:19:52.430576-05:00,PE-CONSUCODE-754,20159308961,PE-RUC,MUNICIPALIDAD DISTRITAL DE SAN SEBASTIAN
ocds-dgv273-seacev3-1209299,ocds-dgv273-seacev3-1209299-2026-06-13T10:19:29.984641-05:00,PE-CONSUCODE-203646,20602250602,PE-RUC,DIRECCION DE REDES INTEGRADAS DE SALUD LIMA CENTRO
ocds-dgv273-seacev3-1189522,ocds-dgv273-seacev3-1189522-2026-06-13T10:19:29.445360-05:00,PE-CONSUCODE-49,20406325815,PE-RUC,GOBIERNO REGIONAL DE PUNO SEDE CENTRAL
ocds-dgv273-seacev3-2026-2009-8,ocds-dgv273-seacev3-2026-2009-8-2026-06-13T10:19:28.980814-05:00,PE-CONSUCODE-2009,20527141762,PE-RUC,GOBIERNO REGIONAL DE APURIMAC SEDE CENTRAL
ocds-dgv273-seacev3-1213153,ocds-dgv273-seacev3-1213153-2026-06-12T10:33:14.622368-05:00,PE-CONSUCODE-680,20220666418,PE-RUC,MUNICIPALIDAD DISTRITAL DE TACABAMBA
ocds-dgv273-seacev3-1216344,ocds-dgv273-seacev3-1216344-2026-06-12T10:33:12.681159-05:00,PE-CONSUCODE-10,20131378549,PE-RUC,JURADO NACIONAL DE ELECCIONES
ocds-dgv273-seacev3-1204982,ocds-dgv273-seacev3-1204982-2026-06-12T10:33:07.775739-05:00,PE-CONSUCODE-1050,20147705850,PE-RUC,MUNICIPALIDAD PROVINCIAL DE NAZCA
ocds-dgv273-seacev3-1205779,ocds-dgv273-seacev3-1205779-2026-06-12T10:33:07.182064-05:00,PE-CONSUCODE-21,20131380101,PE-RUC,MINISTERIO DE RELACIONES EXTERIORES
ocds-dgv273-seacev3-2026-20002-54,ocds-dgv273-seacev3-2026-20002-54-2026-06-12T10:33:07.156998-05:00,PE-CONSUCODE-20002,20172772278,PE-RUC,GOBIERNO REGIONAL DE AYACUCHO - HOSPITAL HUAMANGA
ocds-dgv273-seacev3-1190466,ocds-dgv273-seacev3-1190466-2026-06-12T10:33:07.005786-05:00,PE-CONSUCODE-2009,20527141762,PE-RUC,GOBIERNO REGIONAL DE APURIMAC SEDE CENTRAL
ocds-dgv273-seacev3-1189732,ocds-dgv273-seacev3-1189732-2026-06-12T10:33:06.760855-05:00,PE-CONSUCODE-10042,20159316981,PE-RUC,GOBIERNO REGIONAL DE CUSCO-INSTITUTO DE MANEJO DE AGUA Y MEDIO AMBIENTE( IMA)
ocds-dgv273-seacev3-1189736,ocds-dgv273-seacev3-1189736-2026-06-12T10:32:56.945012-05:00,PE-CONSUCODE-517,20143671527,PE-RUC,MUNICIPALIDAD DISTRITAL DE VINCHOS
ocds-dgv273-seacev3-2026-2407-47,ocds-dgv273-seacev3-2026-2407-47-2026-06-12T10:32:54.750850-05:00,PE-CONSUCODE-2407,20116544289,PE-RUC,EMPRESA REGIONAL DE SERVICIO PÚBLICO DE ELECTRICIDAD ELECTRO SUR ESTE S.A.A.
ocds-dgv273-seacev3-1188084,ocds-dgv273-seacev3-1188084-2026-06-12T10:32:44.128039-05:00,PE-CONSUCODE-10356,20156058719,PE-RUC,GOBIERNO REGIONAL DE LA LIBERTAD - PROYECTO ESPECIAL CHAVIMOCHIC
ocds-dgv273-seacev3-1187057,ocds-dgv273-seacev3-1187057-2026-06-12T10:32:43.113204-05:00,PE-CONSUCODE-822,20317337150,PE-RUC,MUNICIPALIDAD DISTRITAL DE PICHARI
ocds-dgv273-seacev3-2026-1041-6,ocds-dgv273-seacev3-2026-1041-6-2026-06-12T10:32:32.516612-05:00,PE-CONSUCODE-1041,20192391521,PE-RUC,MUNICIPALIDAD DISTRITAL DE CHAVIN
ocds-dgv273-seacev3-2026-295-2,ocds-dgv273-seacev3-2026-295-2-2026-06-12T10:32:21.016487-05:00,PE-CONSUCODE-295,20206588943,PE-RUC,MUNICIPALIDAD DISTRITAL DE SHUPLUY
ocds-dgv273-seacev3-2026-500-2,ocds-dgv273-seacev3-2026-500-2-2026-06-12T10:32:20.832081-05:00,PE-CONSUCODE-500,20222186031,PE-RUC,MUNICIPALIDAD DISTRITAL DE QUECHUALLA
ocds-dgv273-seacev3-1186422,ocds-dgv273-seacev3-1186422-2026-06-12T10:32:09.839802-05:00,PE-CONSUCODE-2356,20162483715,PE-RUC,EMPRESA MUNICIPAL DE AGUA POTABLE Y ALCANTARILLADO DE PISCO
ocds-dgv273-seacev3-1186201,ocds-dgv273-seacev3-1186201-2026-06-12T10:32:09.816128-05:00,PE-CONSUCODE-1592,20146736875,PE-RUC,MUNICIPALIDAD DISTRITAL DE TAMBOGRANDE
ocds-dgv273-seacev3-2026-10249-93,ocds-dgv273-seacev3-2026-10249-93-2026-06-12T10:31:58.787933-05:00,PE-CONSUCODE-10249,20144364059,PE-RUC,FUERZA AEREA DEL PERU
ocds-dgv273-seacev3-2026-1320-9,ocds-dgv273-seacev3-2026-1320-9-2026-06-12T10:31:58.282505-05:00,PE-CONSUCODE-1320,20131365722,PE-RUC,MUNICIPALIDAD DISTRITAL DE LA MOLINA
ocds-dgv273-seacev3-1186378,ocds-dgv273-seacev3-1186378-2026-06-12T10:31:58.222404-05:00,PE-CONSUCODE-202725,20601012937,PE-RUC,MUNICIPALIDAD DISTRITAL DE VILLA KINTIARINA
ocds-dgv273-seacev3-1189429,ocds-dgv273-seacev3-1189429-2026-06-11T10:26:20.371514-05:00,PE-CONSUCODE-297,20202020098,PE-RUC,MUNICIPALIDAD PROVINCIAL DE CARLOS FERMIN FITZCARRALD
ocds-dgv273-seacev3-1188972,ocds-dgv273-seacev3-1188972-2026-06-11T10:26:19.521509-05:00,PE-CONSUCODE-82,20187388211,PE-RUC,MUNICIPALIDAD DISTRITAL DE OLLEROS - CHACHAPOYAS
ocds-dgv273-seacev3-1190434,ocds-dgv273-seacev3-1190434-2026-06-11T10:26:19.159387-05:00,PE-CONSUCODE-10401,20286907467,PE-RUC,GOBIERNO REGIONAL DE ANCASH-TRANSPORTES
ocds-dgv273-seacev3-2026-200422-1,ocds-dgv273-seacev3-2026-200422-1-2026-06-11T10:26:18.664485-05:00,PE-CONSUCODE-200422,20487872319,PE-RUC,CORTE SUPERIOR DE JUSTICIA DE LAMBAYEQUE
ocds-dgv273-seacev3-2026-1003013323-3,ocds-dgv273-seacev3-2026-1003013323-3-2026-06-11T10:26:17.773731-05:00,PE-CONSUCODE-201143,20556939781,PE-RUC,AGENCIA DE COMPRAS DE LAS FUERZAS ARMADAS
ocds-dgv273-seacev3-2026-1031-3,ocds-dgv273-seacev3-2026-1031-3-2026-06-11T10:26:17.711658-05:00,PE-CONSUCODE-1031,20189111321,PE-RUC,MUNICIPALIDAD DISTRITAL DE SALAS - ICA
ocds-dgv273-seacev3-1190383,ocds-dgv273-seacev3-1190383-2026-06-11T10:26:07.466358-05:00,PE-CONSUCODE-10401,20286907467,PE-RUC,GOBIERNO REGIONAL DE ANCASH-TRANSPORTES
ocds-dgv273-seacev3-1189692,ocds-dgv273-seacev3-1189692-2026-06-11T10:25:56.903309-05:00,PE-CONSUCODE-2388,20121796857,PE-RUC,SERVICIO DE AGUA POTABLE Y ALCANTARILLADO MUNICIPAL DE HUANCAYO
ocds-dgv273-seacev3-1189166,ocds-dgv273-seacev3-1189166-2026-06-11T10:25:56.784329-05:00,PE-CONSUCODE-32,20479569861,PE-RUC,GOBIERNO REGIONAL DE AMAZONAS SEDE CENTRAL
ocds-dgv273-seacev3-1190407,ocds-dgv273-seacev3-1190407-2026-06-11T10:25:56.386239-05:00,PE-CONSUCODE-10401,20286907467,PE-RUC,GOBIERNO REGIONAL DE ANCASH-TRANSPORTES
ocds-dgv273-seacev3-1188400,ocds-dgv273-seacev3-1188400-2026-06-11T10:25:55.481220-05:00,PE-CONSUCODE-24,20131379944,PE-RUC,MINISTERIO DE TRANSPORTES Y COMUNICACIONES
ocds-dgv273-seacev3-2026-651-2,ocds-dgv273-seacev3-2026-651-2-2026-06-11T10:25:44.344166-05:00,PE-CONSUCODE-651,20174691267,PE-RUC,MUNICIPALIDAD PROVINCIAL DE CUTERVO
ocds-dgv273-seacev3-1186414,ocds-dgv273-seacev3-1186414-2026-06-11T10:25:44.319875-05:00,PE-CONSUCODE-201185,20564327019,PE-RUC,GOBIERNO REGIONAL DE APURIMAC  - UNIDAD EJECUTORA GERENCIA SUB REGIONAL DE COTABAMBAS
ocds-dgv273-seacev3-1211886,ocds-dgv273-seacev3-1211886-2026-06-11T10:25:34.507606-05:00,PE-CONSUCODE-1050,20147705850,PE-RUC,MUNICIPALIDAD PROVINCIAL DE NAZCA
ocds-dgv273-seacev3-1190378,ocds-dgv273-seacev3-1190378-2026-06-11T10:25:33.548063-05:00,PE-CONSUCODE-10401,20286907467,PE-RUC,GOBIERNO REGIONAL DE ANCASH-TRANSPORTES
ocds-dgv273-seacev3-1189372,ocds-dgv273-seacev3-1189372-2026-06-11T10:25:32.985538-05:00,PE-CONSUCODE-200093,20171840245,PE-RUC,MUNICIPALIDAD DISTRITAL DE APARICIO POMARES
ocds-dgv273-seacev3-1190424,ocds-dgv273-seacev3-1190424-2026-06-11T10:25:32.819271-05:00,PE-CONSUCODE-10401,20286907467,PE-RUC,GOBIERNO REGIONAL DE ANCASH-TRANSPORTES
ocds-dgv273-seacev3-2026-200190-99,ocds-dgv273-seacev3-2026-200190-99-2026-06-11T10:25:32.202607-05:00,PE-CONSUCODE-200190,20102708394,PE-RUC,EMPRESA DE SERVICIO PUBLICO DE ELECTRICIDAD DEL NOR OESTE DEL PERU S.A. ELECTRO NOR OESTE SA
ocds-dgv273-seacev3-1192087,ocds-dgv273-seacev3-1192087-2026-06-11T10:25:22.656315-05:00,PE-CONSUCODE-34,20498390570,PE-RUC,GOBIERNO REGIONAL DE AREQUIPA Sede Central
ocds-dgv273-seacev3-1191148,ocds-dgv273-seacev3-1191148-2026-06-11T10:25:17.298466-05:00,PE-CONSUCODE-397,20154489895,PE-RUC,MUNICIPALIDAD PROVINCIAL DE AREQUIPA
ocds-dgv273-seacev3-1203413,ocds-dgv273-seacev3-1203413-2026-06-11T10:25:10.695315-05:00,PE-CONSUCODE-218,20200033249,PE-RUC,MUNICIPALIDAD DISTRITAL DE HUANTAR
ocds-dgv273-seacev3-2026-1336-16,ocds-dgv273-seacev3-2026-1336-16-2026-06-11T10:25:10.470229-05:00,PE-CONSUCODE-1336,20131373741,PE-RUC,MUNICIPALIDAD DISTRITAL DE SAN BORJA
ocds-dgv273-seacev3-1189625,ocds-dgv273-seacev3-1189625-2026-06-11T10:25:10.246316-05:00,PE-CONSUCODE-297,20202020098,PE-RUC,MUNICIPALIDAD PROVINCIAL DE CARLOS FERMIN FITZCARRALD
ocds-dgv273-seacev3-1187594,ocds-dgv273-seacev3-1187594-2026-06-11T10:25:10.214555-05:00,PE-CONSUCODE-247,20195717428,PE-RUC,MUNICIPALIDAD DISTRITAL DE CONCHUCOS
ocds-dgv273-seacev3-2026-513-1,ocds-dgv273-seacev3-2026-513-1-2026-06-11T10:25:10.051581-05:00,PE-CONSUCODE-513,20143114911,PE-RUC,MUNICIPALIDAD DISTRITAL DE SAN JUAN BAUTISTA - HUAMANGA
ocds-dgv273-seacev3-1191878,ocds-dgv273-seacev3-1191878-2026-06-10T10:33:15.061140-05:00,PE-CONSUCODE-20002,20172772278,PE-RUC,GOBIERNO REGIONAL DE AYACUCHO - HOSPITAL HUAMANGA
ocds-dgv273-seacev3-2026-200404-5,ocds-dgv273-seacev3-2026-200404-5-2026-06-10T10:33:13.355136-05:00,PE-CONSUCODE-200404,20544005864,PE-RUC,GOBIERNO REGIONAL DE LIMA - RED DE SALUD DE HUAROCHIRI
ocds-dgv273-seacev3-1187683,ocds-dgv273-seacev3-1187683-2026-06-10T10:33:13.144779-05:00,PE-CONSUCODE-369,20161096068,PE-RUC,MUNICIPALIDAD PROVINCIAL DE COTABAMBAS - TAMBOBAMBA
ocds-dgv273-seacev3-1202195,ocds-dgv273-seacev3-1202195-2026-06-10T10:32:51.834102-05:00,PE-CONSUCODE-200825,20556118079,PE-RUC,POLICÍA NACIONAL DEL PERÚ - DIRECCIÓN EJECUTIVA DE INVESTIGACIÓN CRIMINAL Y APOYO A LA JUSTICIA
ocds-dgv273-seacev3-1191624,ocds-dgv273-seacev3-1191624-2026-06-10T10:32:40.903884-05:00,PE-CONSUCODE-1952,20419026809,PE-RUC,ORGANISMO ESPECIALIZADO PARA LAS CONTRATACIONES PUBLICAS EFICIENTES
ocds-dgv273-seacev3-1187956,ocds-dgv273-seacev3-1187956-2026-06-10T10:32:39.558321-05:00,PE-CONSUCODE-801,20278211895,PE-RUC,MUNICIPALIDAD DISTRITAL DE LIVITACA
ocds-dgv273-seacev3-1190954,ocds-dgv273-seacev3-1190954-2026-06-10T10:32:30.161924-05:00,PE-CONSUCODE-13,20131370645,PE-RUC,MINISTERIO DE ECONOMIA Y FINANZAS
ocds-dgv273-seacev3-2026-200022-44,ocds-dgv273-seacev3-2026-200022-44-2026-06-10T10:32:29.482787-05:00,PE-CONSUCODE-200022,20504743307,PE-RUC,"MINISTERIO DE VIVIENDA, CONSTRUCCIÓN Y SANEAMIENTO - ADMINISTRACIÓN GENERAL"
ocds-dgv273-seacev3-1191496,ocds-dgv273-seacev3-1191496-2026-06-10T10:32:29.324021-05:00,PE-CONSUCODE-2543,20131257750,PE-RUC,SEGURO SOCIAL DE SALUD
ocds-dgv273-seacev3-1188574,ocds-dgv273-seacev3-1188574-2026-06-10T10:32:18.488695-05:00,PE-CONSUCODE-1346,20131367423,PE-RUC,MUNICIPALIDAD DISTRITAL DE SANTIAGO DE SURCO
ocds-dgv273-seacev3-2026-1620-3,ocds-dgv273-seacev3-2026-1620-3-2026-06-10T10:32:18.339292-05:00,PE-CONSUCODE-1620,20158887259,PE-RUC,MUNICIPALIDAD DISTRITAL DE SAN JUAN DE BIGOTE
ocds-dgv273-seacev3-2026-51-84,ocds-dgv273-seacev3-2026-51-84-2026-06-10T10:32:17.750377-05:00,PE-CONSUCODE-51,20519752515,PE-RUC,GOBIERNO REGIONAL DE TACNA SEDE CENTRAL
ocds-dgv273-seacev3-2026-428-1,ocds-dgv273-seacev3-2026-428-1-2026-06-10T10:32:17.732914-05:00,PE-CONSUCODE-428,20190255949,PE-RUC,MUNICIPALIDAD DISTRITAL DE MARISCAL CACERES
ocds-dgv273-seacev3-2026-520-2,ocds-dgv273-seacev3-2026-520-2-2026-06-10T10:32:13.393401-05:00,PE-CONSUCODE-520,20232797038,PE-RUC,MUNICIPALIDAD DISTRITAL DE CHUSCHI
ocds-dgv273-seacev3-1211906,ocds-dgv273-seacev3-1211906-2026-06-10T10:32:13.026078-05:00,PE-CONSUCODE-49,20406325815,PE-RUC,GOBIERNO REGIONAL DE PUNO SEDE CENTRAL
ocds-dgv273-seacev3-1192103,ocds-dgv273-seacev3-1192103-2026-06-10T10:32:06.111694-05:00,PE-CONSUCODE-1110,20199260791,PE-RUC,MUNICIPALIDAD DISTRITAL DE SANTA ROSA DE OCOPA
ocds-dgv273-seacev3-1188590,ocds-dgv273-seacev3-1188590-2026-06-10T10:32:05.805578-05:00,PE-CONSUCODE-2381,20102762925,PE-RUC,ENTIDAD PRESTADORA DE SERVICIO DE SANEAMIENTO GRAU S.A.
ocds-dgv273-seacev3-1191643,ocds-dgv273-seacev3-1191643-2026-06-08T10:03:48.974563-05:00,PE-CONSUCODE-1952,20419026809,PE-RUC,ORGANISMO ESPECIALIZADO PARA LAS CONTRATACIONES PUBLICAS EFICIENTES
ocds-dgv273-seacev3-2026-1952-81,ocds-dgv273-seacev3-2026-1952-81-2026-06-08T10:03:48.793945-05:00,PE-CONSUCODE-1952,20419026809,PE-RUC,ORGANISMO ESPECIALIZADO PARA LAS CONTRATACIONES PUBLICAS EFICIENTES
ocds-dgv273-seacev3-1190591,ocds-dgv273-seacev3-1190591-2026-06-07T10:10:52.399459-05:00,PE-CONSUCODE-1952,20419026809,PE-RUC,ORGANISMO ESPECIALIZADO PARA LAS CONTRATACIONES PUBLICAS EFICIENTES
ocds-dgv273-seacev3-1191798,ocds-dgv273-seacev3-1191798-2026-06-07T10:10:43.924887-05:00,PE-CONSUCODE-1023,20161052524,PE-RUC,MUNICIPALIDAD DISTRITAL DE COCHABAMBA - HUACAYBAMBA
ocds-dgv273-seacev3-1188770,ocds-dgv273-seacev3-1188770-2026-06-07T10:10:43.158967-05:00,PE-CONSUCODE-1471,20177901963,PE-RUC,MUNICIPALIDAD DISTRITAL DE SUPE
ocds-dgv273-seacev3-2026-10248-59,ocds-dgv273-seacev3-2026-10248-59-2026-06-07T10:10:32.763094-05:00,PE-CONSUCODE-10248,20153408191,PE-RUC,MARINA DE GUERRA DEL PERU
ocds-dgv273-seacev3-2026-882-3,ocds-dgv273-seacev3-2026-882-3-2026-06-07T10:10:32.006580-05:00,PE-CONSUCODE-882,20154441779,PE-RUC,MUNICIPALIDAD PROVINCIAL DE ANGARAES - LIRCAY
ocds-dgv273-seacev3-1210437,ocds-dgv273-seacev3-1210437-2026-06-07T10:10:29.543069-05:00,PE-CONSUCODE-1328,20131377224,PE-RUC,MUNICIPALIDAD DISTRITAL DE MIRAFLORES - LIMA
ocds-dgv273-seacev3-2026-1983-16,ocds-dgv273-seacev3-2026-1983-16-2026-06-07T10:10:24.414757-05:00,PE-CONSUCODE-1983,20131369477,PE-RUC,INSTITUTO TECNOLOGICO DE LA PRODUCCION
ocds-dgv273-seacev3-2026-10249-46,ocds-dgv273-seacev3-2026-10249-46-2026-06-07T10:10:23.204757-05:00,PE-CONSUCODE-10249,20144364059,PE-RUC,FUERZA AEREA DEL PERU
ocds-dgv273-seacev3-2026-1295-9,ocds-dgv273-seacev3-2026-1295-9-2026-06-07T10:10:23.180371-05:00,PE-CONSUCODE-1295,20175975234,PE-RUC,MUNICIPALIDAD PROVINCIAL DE LAMBAYEQUE
ocds-dgv273-seacev3-1190872,ocds-dgv273-seacev3-1190872-2026-06-07T10:10:13.439843-05:00,PE-CONSUCODE-785,20209488419,PE-RUC,MUNICIPALIDAD DISTRITAL DE LAYO
ocds-dgv273-seacev3-2026-1349-5,ocds-dgv273-seacev3-2026-1349-5-2026-06-07T10:10:13.163274-05:00,PE-CONSUCODE-1349,20131372770,PE-RUC,MUNICIPALIDAD DISTRITAL DE VILLA MARIA DEL TRIUNFO
ocds-dgv273-seacev3-2026-1952-74,ocds-dgv273-seacev3-2026-1952-74-2026-06-07T10:10:12.691292-05:00,PE-CONSUCODE-1952,20419026809,PE-RUC,ORGANISMO ESPECIALIZADO PARA LAS CONTRATACIONES PUBLICAS EFICIENTES
ocds-dgv273-seacev3-2026-10510-7,ocds-dgv273-seacev3-2026-10510-7-2026-06-07T10:10:12.297204-05:00,PE-CONSUCODE-10510,20396835801,PE-RUC,GOBIERNO REGIONAL DE LA LIBERTAD-SALUD UTES TRUJILLO ESTE
ocds-dgv273-seacev3-2026-42031-1,ocds-dgv273-seacev3-2026-42031-1-2026-06-06T10:22:01.034192-05:00,PE-CONSUCODE-201585,20600283015,PE-RUC,INSTITUTO NACIONAL DE CALIDAD - INACAL
ocds-dgv273-seacev3-2026-200210-19,ocds-dgv273-seacev3-2026-200210-19-2026-06-06T10:22:01.017704-05:00,PE-CONSUCODE-200210,20486112736,PE-RUC,INSTITUTO DE VIALIDAD MUNICIPAL DE LA PROVINCIA DE TAYACAJA
ocds-dgv273-seacev3-2026-801-13,ocds-dgv273-seacev3-2026-801-13-2026-06-06T10:21:59.818155-05:00,PE-CONSUCODE-801,20278211895,PE-RUC,MUNICIPALIDAD DISTRITAL DE LIVITACA
ocds-dgv273-seacev3-1222362,ocds-dgv273-seacev3-1222362-2026-06-06T10:21:55.620387-05:00,PE-CONSUCODE-10015,20414868216,PE-RUC,PROGRAMA SUBSECTORIAL DE IRRIGACIONES - PSI
ocds-dgv273-seacev3-1189389,ocds-dgv273-seacev3-1189389-2026-06-06T10:21:50.193220-05:00,PE-CONSUCODE-10457,20444054400,PE-RUC,GOBIERNO REGIONAL DE HUANCAVELICA-HOSPITAL DEPARTAMENTAL DE HUANCAVELICA
ocds-dgv273-seacev3-1216335,ocds-dgv273-seacev3-1216335-2026-06-06T10:21:48.905789-05:00,PE-CONSUCODE-10,20131378549,PE-RUC,JURADO NACIONAL DE ELECCIONES
ocds-dgv273-seacev3-1191156,ocds-dgv273-seacev3-1191156-2026-06-06T10:21:39.784377-05:00,PE-CONSUCODE-887,20154442660,PE-RUC,MUNICIPALIDAD DISTRITAL DE CHINCHO
ocds-dgv273-seacev3-2026-200210-6,ocds-dgv273-seacev3-2026-200210-6-2026-06-06T10:21:39.406814-05:00,PE-CONSUCODE-200210,20486112736,PE-RUC,INSTITUTO DE VIALIDAD MUNICIPAL DE LA PROVINCIA DE TAYACAJA
ocds-dgv273-seacev3-2026-1995-69,ocds-dgv273-seacev3-2026-1995-69-2026-06-06T10:21:39.107940-05:00,PE-CONSUCODE-1995,20131373075,PE-RUC,SERVICIO NACIONAL DE SANIDAD AGRARIA
ocds-dgv273-seacev3-2026-200404-4,ocds-dgv273-seacev3-2026-200404-4-2026-06-06T10:21:37.918680-05:00,PE-CONSUCODE-200404,20544005864,PE-RUC,GOBIERNO REGIONAL DE LIMA - RED DE SALUD DE HUAROCHIRI
ocds-dgv273-seacev3-2026-200210-18,ocds-dgv273-seacev3-2026-200210-18-2026-06-06T10:21:27.989427-05:00,PE-CONSUCODE-200210,20486112736,PE-RUC,INSTITUTO DE VIALIDAD MUNICIPAL DE LA PROVINCIA DE TAYACAJA
ocds-dgv273-seacev3-1189231,ocds-dgv273-seacev3-1189231-2026-06-06T10:21:27.948369-05:00,PE-CONSUCODE-1347,20131372346,PE-RUC,MUNICIPALIDAD DISTRITAL DE SURQUILLO
ocds-dgv273-seacev3-1187415,ocds-dgv273-seacev3-1187415-2026-06-06T10:21:26.916193-05:00,PE-CONSUCODE-151,20172268430,PE-RUC,MUNICIPALIDAD PROVINCIAL DE HUARAZ
ocds-dgv273-seacev3-1216352,ocds-dgv273-seacev3-1216352-2026-06-06T10:21:17.939971-05:00,PE-CONSUCODE-10,20131378549,PE-RUC,JURADO NACIONAL DE ELECCIONES
ocds-dgv273-seacev3-1189023,ocds-dgv273-seacev3-1189023-2026-06-06T10:21:15.670107-05:00,PE-CONSUCODE-43,20479569780,PE-RUC,GOBIERNO REGIONAL DE LAMBAYEQUE SEDE CENTRAL
ocds-dgv273-seacev3-2026-2543-395,ocds-dgv273-seacev3-2026-2543-395-2026-06-06T10:21:05.532015-05:00,PE-CONSUCODE-2543,20131257750,PE-RUC,SEGURO SOCIAL DE SALUD
ocds-dgv273-seacev3-1188686,ocds-dgv273-seacev3-1188686-2026-06-06T10:21:04.211407-05:00,PE-CONSUCODE-34,20498390570,PE-RUC,GOBIERNO REGIONAL DE AREQUIPA Sede Central
ocds-dgv273-seacev3-1191475,ocds-dgv273-seacev3-1191475-2026-06-06T10:20:53.645877-05:00,PE-CONSUCODE-200302,20480776250,PE-RUC,POLICÍA NACIONAL DEL PERÚ - II DIRECCIÓN TERRITORIAL CHICLAYO
ocds-dgv273-seacev3-1210324,ocds-dgv273-seacev3-1210324-2026-06-05T10:31:02.996516-05:00,PE-CONSUCODE-2384,20100211034,PE-RUC,SERVICIO DE AGUA POTABLE Y ALCANTARILLADO DE AREQUIPA
ocds-dgv273-seacev3-1221528,ocds-dgv273-seacev3-1221528-2026-06-05T10:30:58.062381-05:00,PE-CONSUCODE-447,20208253086,PE-RUC,MUNICIPALIDAD PROVINCIAL DE CASTILLA - APLAO
ocds-dgv273-seacev3-2026-1952-64,ocds-dgv273-seacev3-2026-1952-64-2026-06-05T10:30:57.029585-05:00,PE-CONSUCODE-1952,20419026809,PE-RUC,ORGANISMO ESPECIALIZADO PARA LAS CONTRATACIONES PUBLICAS EFICIENTES
ocds-dgv273-seacev3-1203401,ocds-dgv273-seacev3-1203401-2026-06-05T10:30:49.768304-05:00,PE-CONSUCODE-702,20143189091,PE-RUC,MUNICIPALIDAD DISTRITAL DE HUARANGO
ocds-dgv273-seacev3-2026-200210-13,ocds-dgv273-seacev3-2026-200210-13-2026-06-05T10:30:49.721689-05:00,PE-CONSUCODE-200210,20486112736,PE-RUC,INSTITUTO DE VIALIDAD MUNICIPAL DE LA PROVINCIA DE TAYACAJA
ocds-dgv273-seacev3-1190322,ocds-dgv273-seacev3-1190322-2026-06-05T10:30:49.417532-05:00,PE-CONSUCODE-200266,20520711865,PE-RUC,AUTORIDAD NACIONAL DEL AGUA
ocds-dgv273-seacev3-1191426,ocds-dgv273-seacev3-1191426-2026-06-05T10:30:38.541280-05:00,PE-CONSUCODE-1050,20147705850,PE-RUC,MUNICIPALIDAD PROVINCIAL DE NAZCA
ocds-dgv273-seacev3-1191602,ocds-dgv273-seacev3-1191602-2026-06-05T10:30:38.199417-05:00,PE-CONSUCODE-49,20406325815,PE-RUC,GOBIERNO REGIONAL DE PUNO SEDE CENTRAL
ocds-dgv273-seacev3-1193703,ocds-dgv273-seacev3-1193703-2026-06-05T10:30:37.682275-05:00,PE-CONSUCODE-520,20232797038,PE-RUC,MUNICIPALIDAD DISTRITAL DE CHUSCHI
ocds-dgv273-seacev3-2026-1983-5,ocds-dgv273-seacev3-2026-1983-5-2026-06-05T10:30:37.509114-05:00,PE-CONSUCODE-1983,20131369477,PE-RUC,INSTITUTO TECNOLOGICO DE LA PRODUCCION
ocds-dgv273-seacev3-1189670,ocds-dgv273-seacev3-1189670-2026-06-05T10:30:27.349086-05:00,PE-CONSUCODE-30,20295613620,PE-RUC,REGISTRO NACIONAL DE IDENTIFICACION Y ESTADO CIVIL
ocds-dgv273-seacev3-1190569,ocds-dgv273-seacev3-1190569-2026-06-05T10:30:27.029882-05:00,PE-CONSUCODE-2009,20527141762,PE-RUC,GOBIERNO REGIONAL DE APURIMAC SEDE CENTRAL
ocds-dgv273-seacev3-1188918,ocds-dgv273-seacev3-1188918-2026-06-05T10:30:26.230103-05:00,PE-CONSUCODE-211,20193046551,PE-RUC,MUNICIPALIDAD PROVINCIAL DE HUARI
ocds-dgv273-seacev3-1190694,ocds-dgv273-seacev3-1190694-2026-06-05T10:30:04.252981-05:00,PE-CONSUCODE-629,20199984871,PE-RUC,MUNICIPALIDAD DISTRITAL DE CONDEBAMBA
ocds-dgv273-seacev3-2026-1952-50,ocds-dgv273-seacev3-2026-1952-50-2026-06-05T10:30:03.837150-05:00,PE-CONSUCODE-1952,20419026809,PE-RUC,ORGANISMO ESPECIALIZADO PARA LAS CONTRATACIONES PUBLICAS EFICIENTES
ocds-dgv273-seacev3-2026-1952-111,ocds-dgv273-seacev3-2026-1952-111-2026-06-05T10:30:03.465080-05:00,PE-CONSUCODE-1952,20419026809,PE-RUC,ORGANISMO ESPECIALIZADO PARA LAS CONTRATACIONES PUBLICAS EFICIENTES
ocds-dgv273-seacev3-1189709,ocds-dgv273-seacev3-1189709-2026-06-05T10:30:03.004532-05:00,PE-CONSUCODE-25,20131366966,PE-RUC,MINISTERIO DEL INTERIOR - PNP UE 001 OGA
ocds-dgv273-seacev3-1186587,ocds-dgv273-seacev3-1186587-2026-06-05T10:30:02.650785-05:00,PE-CONSUCODE-424,20311886879,PE-RUC,MUNICIPALIDAD DISTRITAL DE ALTO SELVA ALEGRE
ocds-dgv273-seacev3-1192100,ocds-dgv273-seacev3-1192100-2026-06-05T10:29:53.655356-05:00,PE-CONSUCODE-34,20498390570,PE-RUC,GOBIERNO REGIONAL DE AREQUIPA Sede Central
ocds-dgv273-seacev3-2026-1722-5,ocds-dgv273-seacev3-2026-1722-5-2026-06-05T10:29:52.578350-05:00,PE-CONSUCODE-1722,20192145831,PE-RUC,MUNICIPALIDAD PROVINCIAL DE SANDIA
ocds-dgv273-seacev3-2026-729-2,ocds-dgv273-seacev3-2026-729-2-2026-06-05T10:29:52.308963-05:00,PE-CONSUCODE-729,20186865384,PE-RUC,MUNICIPALIDAD DISTRITAL DE NINABAMBA
ocds-dgv273-seacev3-1212748,ocds-dgv273-seacev3-1212748-2026-06-05T10:29:47.335757-05:00,PE-CONSUCODE-1039,20146898697,PE-RUC,MUNICIPALIDAD PROVINCIAL DE CHINCHA - CHINCHA ALTA
ocds-dgv273-seacev3-1222143,ocds-dgv273-seacev3-1222143-2026-06-05T10:29:45.624024-05:00,PE-CONSUCODE-10015,20414868216,PE-RUC,PROGRAMA SUBSECTORIAL DE IRRIGACIONES - PSI
ocds-dgv273-seacev3-2026-374-19,ocds-dgv273-seacev3-2026-374-19-2026-06-05T10:29:42.042359-05:00,PE-CONSUCODE-374,20288774553,PE-RUC,MUNICIPALIDAD DISTRITAL DE CHALLHUAHUACHO
ocds-dgv273-seacev3-1216770,ocds-dgv273-seacev3-1216770-2026-06-04T10:35:35.899786-05:00,PE-CONSUCODE-10,20131378549,PE-RUC,JURADO NACIONAL DE ELECCIONES
ocds-dgv273-seacev3-1190296,ocds-dgv273-seacev3-1190296-2026-06-04T10:35:29.864532-05:00,PE-CONSUCODE-33,20530689019,PE-RUC,GOBIERNO REGIONAL DE ANCASH - SEDE CENTRAL
ocds-dgv273-seacev3-1191637,ocds-dgv273-seacev3-1191637-2026-06-04T10:35:28.940324-05:00,PE-CONSUCODE-1952,20419026809,PE-RUC,ORGANISMO ESPECIALIZADO PARA LAS CONTRATACIONES PUBLICAS EFICIENTES
ocds-dgv273-seacev3-1187048,ocds-dgv273-seacev3-1187048-2026-06-04T10:35:28.423517-05:00,PE-CONSUCODE-200332,20494981280,PE-RUC,GOBIERNO REGIONAL DE CUSCO - UNIDAD EJECUTORA 406 : RED DE SERVICIOS DE SALUD KIMBIRI-PICHARI
ocds-dgv273-seacev3-1190212,ocds-dgv273-seacev3-1190212-2026-06-04T10:35:22.013313-05:00,PE-CONSUCODE-203626,20602259065,PE-RUC,UNIDAD EJECUTORA MEJORAMIENTO DEL SISTEMA DE INFORMACION DE LA SUNAT - MSI
ocds-dgv273-seacev3-2026-2413-11,ocds-dgv273-seacev3-2026-2413-11-2026-06-04T10:35:21.767356-05:00,PE-CONSUCODE-2413,20114883230,PE-RUC,EMPRESA NACIONAL DE LA COCA S.A.
ocds-dgv273-seacev3-1210237,ocds-dgv273-seacev3-1210237-2026-06-04T10:35:00.826903-05:00,PE-CONSUCODE-10457,20444054400,PE-RUC,GOBIERNO REGIONAL DE HUANCAVELICA-HOSPITAL DEPARTAMENTAL DE HUANCAVELICA
ocds-dgv273-seacev3-1216793,ocds-dgv273-seacev3-1216793-2026-06-04T10:34:49.461126-05:00,PE-CONSUCODE-10,20131378549,PE-RUC,JURADO NACIONAL DE ELECCIONES
ocds-dgv273-seacev3-1189386,ocds-dgv273-seacev3-1189386-2026-06-04T10:34:48.880225-05:00,PE-CONSUCODE-223,20323089451,PE-RUC,MUNICIPALIDAD DISTRITAL DE RAPAYAN
ocds-dgv273-seacev3-2026-256-3,ocds-dgv273-seacev3-2026-256-3-2026-06-04T10:34:47.852007-05:00,PE-CONSUCODE-256,20207429091,PE-RUC,MUNICIPALIDAD PROVINCIAL DE POMABAMBA
ocds-dgv273-seacev3-1188352,ocds-dgv273-seacev3-1188352-2026-06-04T10:34:47.316694-05:00,PE-CONSUCODE-37,20527147612,PE-RUC,GOBIERNO REGIONAL DE CUSCO SEDE CENTRAL
ocds-dgv273-seacev3-1186900,ocds-dgv273-seacev3-1186900-2026-06-04T10:34:47.301219-05:00,PE-CONSUCODE-200418,20545565359,PE-RUC,MINISTERIO DE DESARROLLO E INCLUSION SOCIAL
ocds-dgv273-seacev3-2026-425-5,ocds-dgv273-seacev3-2026-425-5-2026-06-04T10:34:37.698942-05:00,PE-CONSUCODE-425,20312108284,PE-RUC,MUNICIPALIDAD DISTRITAL DE JOSE LUIS BUSTAMANTE Y RIVERO
ocds-dgv273-seacev3-2026-2365-13,ocds-dgv273-seacev3-2026-2365-13-2026-06-04T10:34:12.757684-05:00,PE-CONSUCODE-2365,20115851919,PE-RUC,EMPRESA PRESTADORA DE SERVICIOS DE SANEAMIENTO DE AGUA POTABLE Y ALCANTARILLADO DE ILO S.A.
ocds-dgv273-seacev3-2026-364-1,ocds-dgv273-seacev3-2026-364-1-2026-06-04T10:34:12.668758-05:00,PE-CONSUCODE-364,20156481476,PE-RUC,MUNICIPALIDAD DISTRITAL DE TAPAYRIHUA
ocds-dgv273-seacev3-1216734,ocds-dgv273-seacev3-1216734-2026-06-03T10:35:02.670155-05:00,PE-CONSUCODE-10,20131378549,PE-RUC,JURADO NACIONAL DE ELECCIONES
ocds-dgv273-seacev3-1189715,ocds-dgv273-seacev3-1189715-2026-06-03T10:34:56.580999-05:00,PE-CONSUCODE-842,20226560824,PE-RUC,MUNICIPALIDAD DISTRITAL DE CCATCCA
ocds-dgv273-seacev3-1190627,ocds-dgv273-seacev3-1190627-2026-06-03T10:34:55.990321-05:00,PE-CONSUCODE-1363,20154440373,PE-RUC,MUNICIPALIDAD PROVINCIAL DE CAÑETE - SAN VICENTE DE CAÑETE
ocds-dgv273-seacev3-1189508,ocds-dgv273-seacev3-1189508-2026-06-03T10:34:55.397660-05:00,PE-CONSUCODE-201246,20574742545,PE-RUC,MUNICIPALIDAD DISTRITAL DE ANDRES AVELINO CACERES DORREGARAY
ocds-dgv273-seacev3-1189225,ocds-dgv273-seacev3-1189225-2026-06-03T10:34:47.191759-05:00,PE-CONSUCODE-10353,20148346055,PE-RUC,GOBIERNO REGIONAL DE LAMBAYEQUE - PROYECTO ESPECIAL OLMOS - TINAJONES
ocds-dgv273-seacev3-2026-49-92,ocds-dgv273-seacev3-2026-49-92-2026-06-03T10:34:46.773737-05:00,PE-CONSUCODE-49,20406325815,PE-RUC,GOBIERNO REGIONAL DE PUNO SEDE CENTRAL
ocds-dgv273-seacev3-1221046,ocds-dgv273-seacev3-1221046-2026-06-03T10:34:37.848183-05:00,PE-CONSUCODE-686,20166727422,PE-RUC,MUNICIPALIDAD DISTRITAL DE CHUGUR
ocds-dgv273-seacev3-2026-2005-10,ocds-dgv273-seacev3-2026-2005-10-2026-06-03T10:34:37.110871-05:00,PE-CONSUCODE-2005,20337101276,PE-RUC,SERVICIO DE ADMINISTRACION TRIBUTARIA - LIMA
ocds-dgv273-seacev3-1191639,ocds-dgv273-seacev3-1191639-2026-06-03T10:34:35.980571-05:00,PE-CONSUCODE-1731,20165195290,PE-RUC,MUNICIPALIDAD PROVINCIAL DE SAN ROMAN - JULIACA
ocds-dgv273-seacev3-1191109,ocds-dgv273-seacev3-1191109-2026-06-03T10:34:26.047271-05:00,PE-CONSUCODE-203887,20602547443,PE-RUC,PROGRAMA AGUA SEGURA PARA LIMA Y CALLAO
ocds-dgv273-seacev3-1191274,ocds-dgv273-seacev3-1191274-2026-06-03T10:34:26.012018-05:00,PE-CONSUCODE-42,20440374248,PE-RUC,GOBIERNO REGIONAL DE LA LIBERTAD Sede Central
ocds-dgv273-seacev3-2026-1339-14,ocds-dgv273-seacev3-2026-1339-14-2026-06-03T10:34:25.813327-05:00,PE-CONSUCODE-1339,20131378204,PE-RUC,MUNICIPALIDAD DISTRITAL DE SAN JUAN DE MIRAFLORES
ocds-dgv273-seacev3-2026-200502-2,ocds-dgv273-seacev3-2026-200502-2-2026-06-03T10:34:24.639981-05:00,PE-CONSUCODE-200502,20538977030,PE-RUC,ESTACION EXPERIMENTAL AGRARIA VISTA FLORIDA - LAMBAYEQUE
ocds-dgv273-seacev3-1186903,ocds-dgv273-seacev3-1186903-2026-06-03T10:34:24.443873-05:00,PE-CONSUCODE-1048,20147673478,PE-RUC,MUNICIPALIDAD DISTRITAL DE SUNAMPE
ocds-dgv273-seacev3-1188189,ocds-dgv273-seacev3-1188189-2026-06-03T10:34:24.370352-05:00,PE-CONSUCODE-2543,20131257750,PE-RUC,SEGURO SOCIAL DE SALUD
ocds-dgv273-seacev3-1216760,ocds-dgv273-seacev3-1216760-2026-06-03T10:34:16.912184-05:00,PE-CONSUCODE-10,20131378549,PE-RUC,JURADO NACIONAL DE ELECCIONES
ocds-dgv273-seacev3-1189350,ocds-dgv273-seacev3-1189350-2026-06-03T10:34:14.534361-05:00,PE-CONSUCODE-1511,20193443479,PE-RUC,MUNICIPALIDAD DISTRITAL DE ALTO TAPICHE
ocds-dgv273-seacev3-1186839,ocds-dgv273-seacev3-1186839-2026-06-03T10:34:13.446976-05:00,PE-CONSUCODE-742,20131369558,PE-RUC,MUNICIPALIDAD PROVINCIAL DEL CALLAO
ocds-dgv273-seacev3-1188235,ocds-dgv273-seacev3-1188235-2026-06-03T10:34:03.006105-05:00,PE-CONSUCODE-1879,20222295166,PE-RUC,MUNICIPALIDAD DISTRITAL DE TAHUANIA
ocds-dgv273-seacev3-1203468,ocds-dgv273-seacev3-1203468-2026-06-03T10:33:52.109395-05:00,PE-CONSUCODE-1250,20192751919,PE-RUC,MUNICIPALIDAD DISTRITAL DE QUIRUVILCA
ocds-dgv273-seacev3-1187640,ocds-dgv273-seacev3-1187640-2026-06-03T10:33:51.025078-05:00,PE-CONSUCODE-389,20180001051,PE-RUC,MUNICIPALIDAD PROVINCIAL DE CHINCHEROS
ocds-dgv273-seacev3-1195983,ocds-dgv273-seacev3-1195983-2026-06-03T10:33:41.203117-05:00,PE-CONSUCODE-371,20205028600,PE-RUC,MUNICIPALIDAD DISTRITAL DE COYLLURQUI
ocds-dgv273-seacev3-1191620,ocds-dgv273-seacev3-1191620-2026-06-03T10:33:40.394492-05:00,PE-CONSUCODE-1731,20165195290,PE-RUC,MUNICIPALIDAD PROVINCIAL DE SAN ROMAN - JULIACA
ocds-dgv273-seacev3-1190678,ocds-dgv273-seacev3-1190678-2026-06-03T10:33:40.364793-05:00,PE-CONSUCODE-1066,20163579791,PE-RUC,MUNICIPALIDAD DISTRITAL DE SAN CLEMENTE
ocds-dgv273-seacev3-1196447,ocds-dgv273-seacev3-1196447-2026-06-01T10:02:56.479373-05:00,PE-CONSUCODE-1903,20172383531,PE-RUC,UNIVERSIDAD NACIONAL HERMILIO VALDIZAN
ocds-dgv273-seacev3-1190099,ocds-dgv273-seacev3-1190099-2026-05-31T10:14:57.736956-05:00,PE-CONSUCODE-1295,20175975234,PE-RUC,MUNICIPALIDAD PROVINCIAL DE LAMBAYEQUE
ocds-dgv273-seacev3-1192357,ocds-dgv273-seacev3-1192357-2026-05-31T10:14:57.701119-05:00,PE-CONSUCODE-10401,20286907467,PE-RUC,GOBIERNO REGIONAL DE ANCASH-TRANSPORTES
ocds-dgv273-seacev3-2026-1041-11,ocds-dgv273-seacev3-2026-1041-11-2026-05-31T10:14:57.398833-05:00,PE-CONSUCODE-1041,20192391521,PE-RUC,MUNICIPALIDAD DISTRITAL DE CHAVIN
ocds-dgv273-seacev3-2026-141-4,ocds-dgv273-seacev3-2026-141-4-2026-05-31T10:14:49.451949-05:00,PE-CONSUCODE-141,20178082222,PE-RUC,MUNICIPALIDAD PROVINCIAL DE CONDORCANQUI - NIEVA
ocds-dgv273-seacev3-2026-2541-38,ocds-dgv273-seacev3-2026-2541-38-2026-05-31T10:14:40.301322-05:00,PE-CONSUCODE-2541,20405479592,PE-RUC,EMPRESA DE SERVICIOS PUBLICOS DE ELECTRICIDAD PUNO  S.A.A.
ocds-dgv273-seacev3-2026-200190-20,ocds-dgv273-seacev3-2026-200190-20-2026-05-31T10:14:38.191854-05:00,PE-CONSUCODE-200190,20102708394,PE-RUC,EMPRESA DE SERVICIO PUBLICO DE ELECTRICIDAD DEL NOR OESTE DEL PERU S.A. ELECTRO NOR OESTE SA
ocds-dgv273-seacev3-1190786,ocds-dgv273-seacev3-1190786-2026-05-31T10:14:29.546459-05:00,PE-CONSUCODE-10212,20162041291,PE-RUC,HOSPITAL DE APOYO DEPARTAMENTAL MARIA AUXILIADORA
ocds-dgv273-seacev3-1186171,ocds-dgv273-seacev3-1186171-2026-05-31T10:14:29.152381-05:00,PE-CONSUCODE-1329,20174614271,PE-RUC,MUNICIPALIDAD DISTRITAL DE PACHACAMAC
ocds-dgv273-seacev3-1190847,ocds-dgv273-seacev3-1190847-2026-05-31T10:14:20.938701-05:00,PE-CONSUCODE-200489,20546736718,PE-RUC,FONDO INTANGIBLE SOLIDARIO DE SALUD
ocds-dgv273-seacev3-1188484,ocds-dgv273-seacev3-1188484-2026-05-31T10:14:20.355345-05:00,PE-CONSUCODE-747,20131369809,PE-RUC,MUNICIPALIDAD DISTRITAL DE VENTANILLA
ocds-dgv273-seacev3-2026-1339-11,ocds-dgv273-seacev3-2026-1339-11-2026-05-31T10:14:19.865956-05:00,PE-CONSUCODE-1339,20131378204,PE-RUC,MUNICIPALIDAD DISTRITAL DE SAN JUAN DE MIRAFLORES
ocds-dgv273-seacev3-1190411,ocds-dgv273-seacev3-1190411-2026-05-31T10:14:19.733184-05:00,PE-CONSUCODE-10401,20286907467,PE-RUC,GOBIERNO REGIONAL DE ANCASH-TRANSPORTES
ocds-dgv273-seacev3-1188061,ocds-dgv273-seacev3-1188061-2026-05-31T10:14:19.643166-05:00,PE-CONSUCODE-200096,20519610214,PE-RUC,MUNICIPALIDAD DISTRITAL DE CORONEL GREGORIO ALBARRACIN LANCHIPA
ocds-dgv273-seacev3-1188203,ocds-dgv273-seacev3-1188203-2026-05-31T10:14:19.623455-05:00,PE-CONSUCODE-34,20498390570,PE-RUC,GOBIERNO REGIONAL DE AREQUIPA Sede Central
ocds-dgv273-seacev3-2026-20002-63,ocds-dgv273-seacev3-2026-20002-63-2026-05-31T10:14:19.491232-05:00,PE-CONSUCODE-20002,20172772278,PE-RUC,GOBIERNO REGIONAL DE AYACUCHO - HOSPITAL HUAMANGA
ocds-dgv273-seacev3-1216580,ocds-dgv273-seacev3-1216580-2026-05-30T10:23:15.405937-05:00,PE-CONSUCODE-10,20131378549,PE-RUC,JURADO NACIONAL DE ELECCIONES
ocds-dgv273-seacev3-1200955,ocds-dgv273-seacev3-1200955-2026-05-30T10:23:09.345060-05:00,PE-CONSUCODE-200825,20556118079,PE-RUC,POLICÍA NACIONAL DEL PERÚ - DIRECCIÓN EJECUTIVA DE INVESTIGACIÓN CRIMINAL Y APOYO A LA JUSTICIA
ocds-dgv273-seacev3-1190778,ocds-dgv273-seacev3-1190778-2026-05-30T10:23:01.534563-05:00,PE-CONSUCODE-2379,20103745293,PE-RUC,ENTIDAD PRESTADORA DE SERVICIO DE SANEAMIENTO DE LORETO S.A.
ocds-dgv273-seacev3-2026-200210-11,ocds-dgv273-seacev3-2026-200210-11-2026-05-30T10:23:01.095313-05:00,PE-CONSUCODE-200210,20486112736,PE-RUC,INSTITUTO DE VIALIDAD MUNICIPAL DE LA PROVINCIA DE TAYACAJA
ocds-dgv273-seacev3-2026-1731-6,ocds-dgv273-seacev3-2026-1731-6-2026-05-30T10:22:59.808934-05:00,PE-CONSUCODE-1731,20165195290,PE-RUC,MUNICIPALIDAD PROVINCIAL DE SAN ROMAN - JULIACA
ocds-dgv273-seacev3-1211702,ocds-dgv273-seacev3-1211702-2026-05-30T10:22:52.467012-05:00,PE-CONSUCODE-27,20291973851,PE-RUC,OFICINA NACIONAL DE PROCESOS ELECTORALES
ocds-dgv273-seacev3-1218355,ocds-dgv273-seacev3-1218355-2026-05-30T10:22:51.800170-05:00,PE-CONSUCODE-686,20166727422,PE-RUC,MUNICIPALIDAD DISTRITAL DE CHUGUR
ocds-dgv273-seacev3-1196443,ocds-dgv273-seacev3-1196443-2026-05-30T10:22:50.205761-05:00,PE-CONSUCODE-1288,20173119641,PE-RUC,MUNICIPALIDAD DISTRITAL DE LA VICTORIA - CHICLAYO
ocds-dgv273-seacev3-2026-2381-3,ocds-dgv273-seacev3-2026-2381-3-2026-05-30T10:22:48.911247-05:00,PE-CONSUCODE-2381,20102762925,PE-RUC,ENTIDAD PRESTADORA DE SERVICIO DE SANEAMIENTO GRAU S.A.
ocds-dgv273-seacev3-1186701,ocds-dgv273-seacev3-1186701-2026-05-30T10:22:48.647218-05:00,PE-CONSUCODE-1850,20194735384,PE-RUC,MUNICIPALIDAD PROVINCIAL DE JORGE BASADRE - LOCUMBA
ocds-dgv273-seacev3-2026-200210-21,ocds-dgv273-seacev3-2026-200210-21-2026-05-30T10:22:39.141131-05:00,PE-CONSUCODE-200210,20486112736,PE-RUC,INSTITUTO DE VIALIDAD MUNICIPAL DE LA PROVINCIA DE TAYACAJA
ocds-dgv273-seacev3-1191926,ocds-dgv273-seacev3-1191926-2026-05-30T10:22:39.050050-05:00,PE-CONSUCODE-371,20205028600,PE-RUC,MUNICIPALIDAD DISTRITAL DE COYLLURQUI
ocds-dgv273-seacev3-1190352,ocds-dgv273-seacev3-1190352-2026-05-30T10:22:38.798145-05:00,PE-CONSUCODE-10401,20286907467,PE-RUC,GOBIERNO REGIONAL DE ANCASH-TRANSPORTES
ocds-dgv273-seacev3-2026-2381-1,ocds-dgv273-seacev3-2026-2381-1-2026-05-30T10:22:37.906456-05:00,PE-CONSUCODE-2381,20102762925,PE-RUC,ENTIDAD PRESTADORA DE SERVICIO DE SANEAMIENTO GRAU S.A.
ocds-dgv273-seacev3-1187148,ocds-dgv273-seacev3-1187148-2026-05-30T10:22:37.776542-05:00,PE-CONSUCODE-10403,20185898343,PE-RUC,GOBIERNO REGIONAL DE APURIMAC-CHANKA
ocds-dgv273-seacev3-1216367,ocds-dgv273-seacev3-1216367-2026-05-30T10:22:33.890439-05:00,PE-CONSUCODE-10,20131378549,PE-RUC,JURADO NACIONAL DE ELECCIONES
ocds-dgv273-seacev3-1216322,ocds-dgv273-seacev3-1216322-2026-05-30T10:22:28.886023-05:00,PE-CONSUCODE-10,20131378549,PE-RUC,JURADO NACIONAL DE ELECCIONES
ocds-dgv273-seacev3-1200814,ocds-dgv273-seacev3-1200814-2026-05-30T10:22:28.231682-05:00,PE-CONSUCODE-1851,20193065938,PE-RUC,MUNICIPALIDAD DISTRITAL DE ITE
ocds-dgv273-seacev3-2026-200210-15,ocds-dgv273-seacev3-2026-200210-15-2026-05-30T10:22:28.012020-05:00,PE-CONSUCODE-200210,20486112736,PE-RUC,INSTITUTO DE VIALIDAD MUNICIPAL DE LA PROVINCIA DE TAYACAJA
ocds-dgv273-seacev3-2026-1555-5,ocds-dgv273-seacev3-2026-1555-5-2026-05-30T10:22:27.325378-05:00,PE-CONSUCODE-1555,20154491288,PE-RUC,MUNICIPALIDAD DISTRITAL DE EL ALGARROBAL
ocds-dgv273-seacev3-2026-200018-6,ocds-dgv273-seacev3-2026-200018-6-2026-05-30T10:22:27.297529-05:00,PE-CONSUCODE-200018,20504794637,PE-RUC,MINISTERIO DE LA PRODUCCIÓN
ocds-dgv273-seacev3-1187293,ocds-dgv273-seacev3-1187293-2026-05-30T10:22:26.614241-05:00,PE-CONSUCODE-505,20143137296,PE-RUC,MUNICIPALIDAD PROVINCIAL DE HUAMANGA
ocds-dgv273-seacev3-1190432,ocds-dgv273-seacev3-1190432-2026-05-30T10:22:16.852067-05:00,PE-CONSUCODE-10401,20286907467,PE-RUC,GOBIERNO REGIONAL DE ANCASH-TRANSPORTES
ocds-dgv273-seacev3-2026-200020-16,ocds-dgv273-seacev3-2026-200020-16-2026-05-30T10:22:16.612493-05:00,PE-CONSUCODE-200020,20527056579,PE-RUC,UNIVERSIDAD NACIONAL MICAELA BASTIDAS DE APURIMAC
ocds-dgv273-seacev3-1190379,ocds-dgv273-seacev3-1190379-2026-05-30T10:22:16.505358-05:00,PE-CONSUCODE-10401,20286907467,PE-RUC,GOBIERNO REGIONAL DE ANCASH-TRANSPORTES
ocds-dgv273-seacev3-2026-200210-22,ocds-dgv273-seacev3-2026-200210-22-2026-05-30T10:22:06.345312-05:00,PE-CONSUCODE-200210,20486112736,PE-RUC,INSTITUTO DE VIALIDAD MUNICIPAL DE LA PROVINCIA DE TAYACAJA
ocds-dgv273-seacev3-1190397,ocds-dgv273-seacev3-1190397-2026-05-30T10:22:05.462270-05:00,PE-CONSUCODE-10401,20286907467,PE-RUC,GOBIERNO REGIONAL DE ANCASH-TRANSPORTES
ocds-dgv273-seacev3-2026-200210-17,ocds-dgv273-seacev3-2026-200210-17-2026-05-30T10:21:55.092308-05:00,PE-CONSUCODE-200210,20486112736,PE-RUC,INSTITUTO DE VIALIDAD MUNICIPAL DE LA PROVINCIA DE TAYACAJA
ocds-dgv273-seacev3-2026-776-3,ocds-dgv273-seacev3-2026-776-3-2026-05-30T10:21:55.074229-05:00,PE-CONSUCODE-776,20159312055,PE-RUC,MUNICIPALIDAD DISTRITAL DE LARES
ocds-dgv273-seacev3-2026-200210-23,ocds-dgv273-seacev3-2026-200210-23-2026-05-30T10:21:55.028326-05:00,PE-CONSUCODE-200210,20486112736,PE-RUC,INSTITUTO DE VIALIDAD MUNICIPAL DE LA PROVINCIA DE TAYACAJA
ocds-dgv273-seacev3-2026-200210-16,ocds-dgv273-seacev3-2026-200210-16-2026-05-30T10:21:55.012102-05:00,PE-CONSUCODE-200210,20486112736,PE-RUC,INSTITUTO DE VIALIDAD MUNICIPAL DE LA PROVINCIA DE TAYACAJA
ocds-dgv273-seacev3-2026-2379-38,ocds-dgv273-seacev3-2026-2379-38-2026-05-30T10:21:54.209035-05:00,PE-CONSUCODE-2379,20103745293,PE-RUC,ENTIDAD PRESTADORA DE SERVICIO DE SANEAMIENTO DE LORETO S.A.
ocds-dgv273-seacev3-2026-1993-10,ocds-dgv273-seacev3-2026-1993-10-2026-05-30T10:21:54.194408-05:00,PE-CONSUCODE-1993,20131377810,PE-RUC,SERVICIO NACIONAL DE CAPACITACION PARA LA INDUSTRIA DE LA CONSTRUCCION
ocds-dgv273-seacev3-2026-1750-1,ocds-dgv273-seacev3-2026-1750-1-2026-05-30T10:21:53.696130-05:00,PE-CONSUCODE-1750,20214365775,PE-RUC,MUNICIPALIDAD DISTRITAL DE SANTA ROSA MAZOCRUZ - EL COLLAO
ocds-dgv273-seacev3-1187806,ocds-dgv273-seacev3-1187806-2026-05-30T10:21:53.612948-05:00,PE-CONSUCODE-1346,20131367423,PE-RUC,MUNICIPALIDAD DISTRITAL DE SANTIAGO DE SURCO
ocds-dgv273-seacev3-2026-200417-7,ocds-dgv273-seacev3-2026-200417-7-2026-05-29T10:32:53.932860-05:00,PE-CONSUCODE-200417,20477550429,PE-RUC,CORTE SUPERIOR DE JUSTICIA DE LA LIBERTAD
ocds-dgv273-seacev3-1191827,ocds-dgv273-seacev3-1191827-2026-05-29T10:32:53.886376-05:00,PE-CONSUCODE-220,20195406937,PE-RUC,MUNICIPALIDAD DISTRITAL DE PAUCAS
ocds-dgv273-seacev3-2026-200210-9,ocds-dgv273-seacev3-2026-200210-9-2026-05-29T10:32:53.572786-05:00,PE-CONSUCODE-200210,20486112736,PE-RUC,INSTITUTO DE VIALIDAD MUNICIPAL DE LA PROVINCIA DE TAYACAJA
ocds-dgv273-seacev3-2026-200210-5,ocds-dgv273-seacev3-2026-200210-5-2026-05-29T10:32:53.556252-05:00,PE-CONSUCODE-200210,20486112736,PE-RUC,INSTITUTO DE VIALIDAD MUNICIPAL DE LA PROVINCIA DE TAYACAJA
ocds-dgv273-seacev3-1197327,ocds-dgv273-seacev3-1197327-2026-05-29T10:32:53.296899-05:00,PE-CONSUCODE-34,20498390570,PE-RUC,GOBIERNO REGIONAL DE AREQUIPA Sede Central
ocds-dgv273-seacev3-2026-1403-4,ocds-dgv273-seacev3-2026-1403-4-2026-05-29T10:32:52.445338-05:00,PE-CONSUCODE-1403,20137289921,PE-RUC,MUNICIPALIDAD PROVINCIAL DE HUAROCHIRI - MATUCANA
ocds-dgv273-seacev3-2026-2370-4,ocds-dgv273-seacev3-2026-2370-4-2026-05-29T10:32:52.149868-05:00,PE-CONSUCODE-2370,20119147051,PE-RUC,ENTIDAD PRESTADORA DE SERVICIO DE SANEAMIENTO CHAVIN S.A.
ocds-dgv273-seacev3-2026-374-51,ocds-dgv273-seacev3-2026-374-51-2026-05-29T10:32:51.929862-05:00,PE-CONSUCODE-374,20288774553,PE-RUC,MUNICIPALIDAD DISTRITAL DE CHALLHUAHUACHO
ocds-dgv273-seacev3-1208873,ocds-dgv273-seacev3-1208873-2026-05-29T10:32:44.250315-05:00,PE-CONSUCODE-941,20165762470,PE-RUC,MUNICIPALIDAD PROVINCIAL DE CHURCAMPA
ocds-dgv273-seacev3-1206546,ocds-dgv273-seacev3-1206546-2026-05-29T10:32:31.761063-05:00,PE-CONSUCODE-923,20230401820,PE-RUC,MUNICIPALIDAD DISTRITAL DE HUANDO
ocds-dgv273-seacev3-1188199,ocds-dgv273-seacev3-1188199-2026-05-29T10:32:31.048452-05:00,PE-CONSUCODE-1514,20199428994,PE-RUC,MUNICIPALIDAD DISTRITAL DE MAQUIA
ocds-dgv273-seacev3-1187509,ocds-dgv273-seacev3-1187509-2026-05-29T10:32:30.826058-05:00,PE-CONSUCODE-397,20154489895,PE-RUC,MUNICIPALIDAD PROVINCIAL DE AREQUIPA
ocds-dgv273-seacev3-2026-239043-1,ocds-dgv273-seacev3-2026-239043-1-2026-05-29T10:32:21.065460-05:00,PE-CONSUCODE-204730,20605830383,PE-RUC,GOBIERNO REGIONAL DE PASCO - UNIDAD DE GESTIÓN EDUCATIVA PUERTO BERMÚDEZ
ocds-dgv273-seacev3-2026-49-22,ocds-dgv273-seacev3-2026-49-22-2026-05-29T10:32:19.900332-05:00,PE-CONSUCODE-49,20406325815,PE-RUC,GOBIERNO REGIONAL DE PUNO SEDE CENTRAL
ocds-dgv273-seacev3-1187550,ocds-dgv273-seacev3-1187550-2026-05-29T10:32:19.890647-05:00,PE-CONSUCODE-687,20207278298,PE-RUC,MUNICIPALIDAD DISTRITAL DE HUALGAYOC
ocds-dgv273-seacev3-1187299,ocds-dgv273-seacev3-1187299-2026-05-29T10:32:08.791904-05:00,PE-CONSUCODE-35,20452393493,PE-RUC,GOBIERNO REGIONAL DE AYACUCHO SEDE CENTRAL
ocds-dgv273-seacev3-2026-1041-5,ocds-dgv273-seacev3-2026-1041-5-2026-05-29T10:32:08.524065-05:00,PE-CONSUCODE-1041,20192391521,PE-RUC,MUNICIPALIDAD DISTRITAL DE CHAVIN
ocds-dgv273-seacev3-2026-10-8,ocds-dgv273-seacev3-2026-10-8-2026-05-29T10:32:03.974754-05:00,PE-CONSUCODE-10,20131378549,PE-RUC,JURADO NACIONAL DE ELECCIONES
ocds-dgv273-seacev3-1190550,ocds-dgv273-seacev3-1190550-2026-05-29T10:31:59.474501-05:00,PE-CONSUCODE-233,20195410373,PE-RUC,MUNICIPALIDAD DISTRITAL DE PUEBLO LIBRE - HUAYLAS
ocds-dgv273-seacev3-1191884,ocds-dgv273-seacev3-1191884-2026-05-29T10:31:59.359240-05:00,PE-CONSUCODE-1326,20131376848,PE-RUC,MUNICIPALIDAD DISTRITAL DE MAGDALENA DEL MAR
ocds-dgv273-seacev3-2026-2452-25,ocds-dgv273-seacev3-2026-2452-25-2026-05-29T10:31:59.331080-05:00,PE-CONSUCODE-2452,20100063337,PE-RUC,EMPRESA MUNICIPAL ADMINISTRADORA DE PEAJE DE LIMA S.A.
ocds-dgv273-seacev3-2026-2543-308,ocds-dgv273-seacev3-2026-2543-308-2026-05-29T10:31:58.687020-05:00,PE-CONSUCODE-2543,20131257750,PE-RUC,SEGURO SOCIAL DE SALUD
ocds-dgv273-seacev3-1189905,ocds-dgv273-seacev3-1189905-2026-05-29T10:31:58.591295-05:00,PE-CONSUCODE-1521,20166783411,PE-RUC,MUNICIPALIDAD DISTRITAL DE INAHUAYA
ocds-dgv273-seacev3-1216505,ocds-dgv273-seacev3-1216505-2026-05-29T10:31:53.344929-05:00,PE-CONSUCODE-10,20131378549,PE-RUC,JURADO NACIONAL DE ELECCIONES
ocds-dgv273-seacev3-1217731,ocds-dgv273-seacev3-1217731-2026-05-29T10:31:52.216779-05:00,PE-CONSUCODE-27,20291973851,PE-RUC,OFICINA NACIONAL DE PROCESOS ELECTORALES
ocds-dgv273-seacev3-2026-1577-2,ocds-dgv273-seacev3-2026-1577-2-2026-05-29T10:31:49.510999-05:00,PE-CONSUCODE-1577,20190242961,PE-RUC,MUNICIPALIDAD PROVINCIAL DE OXAPAMPA
ocds-dgv273-seacev3-2026-10009-5,ocds-dgv273-seacev3-2026-10009-5-2026-05-29T10:31:49.383427-05:00,PE-CONSUCODE-10009,20170137346,PE-RUC,GOBIERNO REGIONAL DE LIMA - HOSPITAL BARRANCA-CAJATAMBO Y SERVICIOS BASICOS DE SALUD
ocds-dgv273-seacev3-1189958,ocds-dgv273-seacev3-1189958-2026-05-29T10:31:49.081069-05:00,PE-CONSUCODE-1521,20166783411,PE-RUC,MUNICIPALIDAD DISTRITAL DE INAHUAYA
ocds-dgv273-seacev3-2026-200210-4,ocds-dgv273-seacev3-2026-200210-4-2026-05-29T10:31:48.881854-05:00,PE-CONSUCODE-200210,20486112736,PE-RUC,INSTITUTO DE VIALIDAD MUNICIPAL DE LA PROVINCIA DE TAYACAJA
ocds-dgv273-seacev3-2026-200210-14,ocds-dgv273-seacev3-2026-200210-14-2026-05-29T10:31:48.746806-05:00,PE-CONSUCODE-200210,20486112736,PE-RUC,INSTITUTO DE VIALIDAD MUNICIPAL DE LA PROVINCIA DE TAYACAJA
ocds-dgv273-seacev3-1191401,ocds-dgv273-seacev3-1191401-2026-05-29T10:31:48.054962-05:00,PE-CONSUCODE-1201,20170044844,PE-RUC,MUNICIPALIDAD DISTRITAL DE FLORENCIA DE MORA
ocds-dgv273-seacev3-2026-200210-10,ocds-dgv273-seacev3-2026-200210-10-2026-05-29T10:31:37.759084-05:00,PE-CONSUCODE-200210,20486112736,PE-RUC,INSTITUTO DE VIALIDAD MUNICIPAL DE LA PROVINCIA DE TAYACAJA
ocds-dgv273-seacev3-2026-200210-7,ocds-dgv273-seacev3-2026-200210-7-2026-05-29T10:31:37.742467-05:00,PE-CONSUCODE-200210,20486112736,PE-RUC,INSTITUTO DE VIALIDAD MUNICIPAL DE LA PROVINCIA DE TAYACAJA
ocds-dgv273-seacev3-2026-200210-8,ocds-dgv273-seacev3-2026-200210-8-2026-05-29T10:31:37.093583-05:00,PE-CONSUCODE-200210,20486112736,PE-RUC,INSTITUTO DE VIALIDAD MUNICIPAL DE LA PROVINCIA DE TAYACAJA
ocds-dgv273-seacev3-1208136,ocds-dgv273-seacev3-1208136-2026-05-29T10:31:36.966053-05:00,PE-CONSUCODE-220,20195406937,PE-RUC,MUNICIPALIDAD DISTRITAL DE PAUCAS
ocds-dgv273-seacev3-1198367,ocds-dgv273-seacev3-1198367-2026-05-29T10:31:36.758059-05:00,PE-CONSUCODE-200210,20486112736,PE-RUC,INSTITUTO DE VIALIDAD MUNICIPAL DE LA PROVINCIA DE TAYACAJA
ocds-dgv273-seacev3-2026-1379-1,ocds-dgv273-seacev3-2026-1379-1-2026-05-29T10:31:35.662415-05:00,PE-CONSUCODE-1379,20141418557,PE-RUC,MUNICIPALIDAD PROVINCIAL DE HUACHO - HUAURA
ocds-dgv273-seacev3-1191226,ocds-dgv273-seacev3-1191226-2026-05-28T10:20:42.069289-05:00,PE-CONSUCODE-1607,20172619241,PE-RUC,MUNICIPALIDAD DISTRITAL DE HUARMACA
ocds-dgv273-seacev3-2026-1952-112,ocds-dgv273-seacev3-2026-1952-112-2026-05-28T10:20:41.960209-05:00,PE-CONSUCODE-1952,20419026809,PE-RUC,ORGANISMO ESPECIALIZADO PARA LAS CONTRATACIONES PUBLICAS EFICIENTES
ocds-dgv273-seacev3-1187937,ocds-dgv273-seacev3-1187937-2026-05-28T10:20:39.684456-05:00,PE-CONSUCODE-10431,20368999726,PE-RUC,GOBIERNO REGIONAL DE CAJAMARCA - GERENCIA SUB REGIONAL CHOTA
ocds-dgv273-seacev3-2026-977-4,ocds-dgv273-seacev3-2026-977-4-2026-05-28T10:20:39.572692-05:00,PE-CONSUCODE-977,20175212095,PE-RUC,MUNICIPALIDAD PROVINCIAL DE HUAMALIES - LLATA
ocds-dgv273-seacev3-1213484,ocds-dgv273-seacev3-1213484-2026-05-28T10:20:32.985250-05:00,PE-CONSUCODE-10153,20399728241,PE-RUC,POLICÍA NACIONAL DEL PERÚ - X REGIÓN TERRITORIAL CUSCO
ocds-dgv273-seacev3-1189300,ocds-dgv273-seacev3-1189300-2026-05-28T10:20:30.452155-05:00,PE-CONSUCODE-1510,20165979967,PE-RUC,MUNICIPALIDAD PROVINCIAL DE REQUENA
ocds-dgv273-seacev3-2026-1731-40,ocds-dgv273-seacev3-2026-1731-40-2026-05-28T10:20:29.668508-05:00,PE-CONSUCODE-1731,20165195290,PE-RUC,MUNICIPALIDAD PROVINCIAL DE SAN ROMAN - JULIACA
ocds-dgv273-seacev3-1191386,ocds-dgv273-seacev3-1191386-2026-05-28T10:20:20.151184-05:00,PE-CONSUCODE-411,20190583369,PE-RUC,MUNICIPALIDAD DISTRITAL DE SACHACA
ocds-dgv273-seacev3-1188535,ocds-dgv273-seacev3-1188535-2026-05-28T10:20:19.805634-05:00,PE-CONSUCODE-2409,20100188628,PE-RUC,SOCIEDAD ELECTRICA DEL SUR OESTE S.A.
ocds-dgv273-seacev3-1189153,ocds-dgv273-seacev3-1189153-2026-05-28T10:20:10.685603-05:00,PE-CONSUCODE-1923,20158219655,PE-RUC,SUPERINTENDENCIA NACIONAL DE SERVICIOS DE SANEAMIENTO
ocds-dgv273-seacev3-2026-1952-62,ocds-dgv273-seacev3-2026-1952-62-2026-05-28T10:20:10.053196-05:00,PE-CONSUCODE-1952,20419026809,PE-RUC,ORGANISMO ESPECIALIZADO PARA LAS CONTRATACIONES PUBLICAS EFICIENTES
ocds-dgv273-seacev3-1215839,ocds-dgv273-seacev3-1215839-2026-05-28T10:20:04.522415-05:00,PE-CONSUCODE-10,20131378549,PE-RUC,JURADO NACIONAL DE ELECCIONES
ocds-dgv273-seacev3-1200873,ocds-dgv273-seacev3-1200873-2026-05-28T10:19:59.311667-05:00,PE-CONSUCODE-1560,20168804343,PE-RUC,MUNICIPALIDAD DISTRITAL DE NINACACA
ocds-dgv273-seacev3-1189493,ocds-dgv273-seacev3-1189493-2026-05-28T10:19:59.297892-05:00,PE-CONSUCODE-10353,20148346055,PE-RUC,GOBIERNO REGIONAL DE LAMBAYEQUE - PROYECTO ESPECIAL OLMOS - TINAJONES
ocds-dgv273-seacev3-2026-2528-31,ocds-dgv273-seacev3-2026-2528-31-2026-05-28T10:19:58.610743-05:00,PE-CONSUCODE-2528,20425809882,PE-RUC,EMPRESA DE ADMINISTRACION DE INFRAESTRUCTURA ELECTRICA S.A.
ocds-dgv273-seacev3-1187169,ocds-dgv273-seacev3-1187169-2026-05-28T10:19:57.821240-05:00,PE-CONSUCODE-200420,20490770683,PE-RUC,CORTE SUPERIOR DE JUSTICIA DE CUSCO
ocds-dgv273-seacev3-2026-49-117,ocds-dgv273-seacev3-2026-49-117-2026-05-28T10:19:57.765786-05:00,PE-CONSUCODE-49,20406325815,PE-RUC,GOBIERNO REGIONAL DE PUNO SEDE CENTRAL
ocds-dgv273-seacev3-1202023,ocds-dgv273-seacev3-1202023-2026-05-28T10:19:48.779079-05:00,PE-CONSUCODE-144,20146917314,PE-RUC,MUNICIPALIDAD PROVINCIAL DE UTCUBAMBA - BAGUA GRANDE
ocds-dgv273-seacev3-1188422,ocds-dgv273-seacev3-1188422-2026-05-28T10:19:48.619412-05:00,PE-CONSUCODE-805,20147346434,PE-RUC,MUNICIPALIDAD PROVINCIAL DE ESPINAR
ocds-dgv273-seacev3-1190814,ocds-dgv273-seacev3-1190814-2026-05-28T10:19:48.146627-05:00,PE-CONSUCODE-996,20321337547,PE-RUC,MUNICIPALIDAD DISTRITAL DE CHOLON
ocds-dgv273-seacev3-2026-683-1,ocds-dgv273-seacev3-2026-683-1-2026-05-28T10:19:47.990593-05:00,PE-CONSUCODE-683,20232633604,PE-RUC,MUNICIPALIDAD DISTRITAL DE CHOROPAMPA
ocds-dgv273-seacev3-1199563,ocds-dgv273-seacev3-1199563-2026-05-28T10:19:37.565933-05:00,PE-CONSUCODE-10474,20410275768,PE-RUC,GOBIERNO REGIONAL DE ICA- SALUD CHINCHA - PISCO
ocds-dgv273-seacev3-1189217,ocds-dgv273-seacev3-1189217-2026-05-28T10:19:37.023385-05:00,PE-CONSUCODE-1609,20146733698,PE-RUC,MUNICIPALIDAD DISTRITAL DE SONDOR
ocds-dgv273-seacev3-2026-2528-37,ocds-dgv273-seacev3-2026-2528-37-2026-05-28T10:19:36.867096-05:00,PE-CONSUCODE-2528,20425809882,PE-RUC,EMPRESA DE ADMINISTRACION DE INFRAESTRUCTURA ELECTRICA S.A.
ocds-dgv273-seacev3-2026-614-13,ocds-dgv273-seacev3-2026-614-13-2026-05-28T10:19:36.793760-05:00,PE-CONSUCODE-614,20143623042,PE-RUC,MUNICIPALIDAD PROVINCIAL DE CAJAMARCA
ocds-dgv273-seacev3-1188489,ocds-dgv273-seacev3-1188489-2026-05-28T10:19:36.749236-05:00,PE-CONSUCODE-846,20214061474,PE-RUC,MUNICIPALIDAD DISTRITAL DE MARCAPATA
ocds-dgv273-seacev3-2026-51-110,ocds-dgv273-seacev3-2026-51-110-2026-05-28T10:19:36.607838-05:00,PE-CONSUCODE-51,20519752515,PE-RUC,GOBIERNO REGIONAL DE TACNA SEDE CENTRAL
ocds-dgv273-seacev3-1187732,ocds-dgv273-seacev3-1187732-2026-05-28T10:19:36.198505-05:00,PE-CONSUCODE-1891,20169004359,PE-RUC,UNIVERSIDAD NACIONAL DE INGENIERIA
ocds-dgv273-seacev3-1186204,ocds-dgv273-seacev3-1186204-2026-05-28T10:19:35.619372-05:00,PE-CONSUCODE-200367,20490338773,PE-RUC,GOBIERNO REGIONAL DE APURIMAC-GERENCIA SUBREGIONAL CHINCHEROS
ocds-dgv273-seacev3-1213485,ocds-dgv273-seacev3-1213485-2026-05-28T10:19:28.443444-05:00,PE-CONSUCODE-10153,20399728241,PE-RUC,POLICÍA NACIONAL DEL PERÚ - X REGIÓN TERRITORIAL CUSCO
ocds-dgv273-seacev3-1202565,ocds-dgv273-seacev3-1202565-2026-05-28T10:19:25.496324-05:00,PE-CONSUCODE-773,20156074242,PE-RUC,MUNICIPALIDAD PROVINCIAL DE CALCA
ocds-dgv273-seacev3-2026-1952-93,ocds-dgv273-seacev3-2026-1952-93-2026-05-28T10:19:25.303326-05:00,PE-CONSUCODE-1952,20419026809,PE-RUC,ORGANISMO ESPECIALIZADO PARA LAS CONTRATACIONES PUBLICAS EFICIENTES
ocds-dgv273-seacev3-2026-51-30,ocds-dgv273-seacev3-2026-51-30-2026-05-27T10:40:28.016299-05:00,PE-CONSUCODE-51,20519752515,PE-RUC,GOBIERNO REGIONAL DE TACNA SEDE CENTRAL
ocds-dgv273-seacev3-1190587,ocds-dgv273-seacev3-1190587-2026-05-27T10:40:17.862401-05:00,PE-CONSUCODE-850,20147567449,PE-RUC,MUNICIPALIDAD PROVINCIAL DE URUBAMBA
ocds-dgv273-seacev3-1191796,ocds-dgv273-seacev3-1191796-2026-05-27T10:40:16.729758-05:00,PE-CONSUCODE-789,20147421070,PE-RUC,MUNICIPALIDAD PROVINCIAL DE CANCHIS - SICUANI
ocds-dgv273-seacev3-2026-857-3,ocds-dgv273-seacev3-2026-857-3-2026-05-27T10:40:16.646859-05:00,PE-CONSUCODE-857,20171725144,PE-RUC,MUNICIPALIDAD PROVINCIAL DE HUANCAVELICA
ocds-dgv273-seacev3-1198735,ocds-dgv273-seacev3-1198735-2026-05-27T10:40:07.056523-05:00,PE-CONSUCODE-1160,20146673776,PE-RUC,MUNICIPALIDAD DISTRITAL DE PANGOA
ocds-dgv273-seacev3-2026-10454-1,ocds-dgv273-seacev3-2026-10454-1-2026-05-27T10:40:06.961877-05:00,PE-CONSUCODE-10454,20443618415,PE-RUC,GOBIERNO REGIONAL DE HUANCAVELICA-TRANSPORTES
ocds-dgv273-seacev3-2026-200-22,ocds-dgv273-seacev3-2026-200-22-2026-05-27T10:40:06.163442-05:00,PE-CONSUCODE-200,20174929697,PE-RUC,MUNICIPALIDAD PROVINCIAL DE CASMA
ocds-dgv273-seacev3-2026-200018-18,ocds-dgv273-seacev3-2026-200018-18-2026-05-27T10:39:55.953802-05:00,PE-CONSUCODE-200018,20504794637,PE-RUC,MINISTERIO DE LA PRODUCCIÓN
ocds-dgv273-seacev3-1211565,ocds-dgv273-seacev3-1211565-2026-05-27T10:39:45.683251-05:00,PE-CONSUCODE-1334,20131366613,PE-RUC,MUNICIPALIDAD DISTRITAL DE RIMAC
ocds-dgv273-seacev3-1189672,ocds-dgv273-seacev3-1189672-2026-05-27T10:39:44.365014-05:00,PE-CONSUCODE-10403,20185898343,PE-RUC,GOBIERNO REGIONAL DE APURIMAC-CHANKA
ocds-dgv273-seacev3-1208199,ocds-dgv273-seacev3-1208199-2026-05-27T10:39:43.864512-05:00,PE-CONSUCODE-49,20406325815,PE-RUC,GOBIERNO REGIONAL DE PUNO SEDE CENTRAL
ocds-dgv273-seacev3-2026-194-2,ocds-dgv273-seacev3-2026-194-2-2026-05-27T10:39:33.267133-05:00,PE-CONSUCODE-194,20172265929,PE-RUC,GOBIERNO LOCAL DISTRITAL DE MARCARA
ocds-dgv273-seacev3-1189312,ocds-dgv273-seacev3-1189312-2026-05-27T10:39:22.777730-05:00,PE-CONSUCODE-34,20498390570,PE-RUC,GOBIERNO REGIONAL DE AREQUIPA Sede Central
ocds-dgv273-seacev3-2026-10567-3,ocds-dgv273-seacev3-2026-10567-3-2026-05-27T10:39:22.581173-05:00,PE-CONSUCODE-10567,20221107137,PE-RUC,GOBIERNO REGIONAL DE PUNO-AGRICULTURA
ocds-dgv273-seacev3-1191729,ocds-dgv273-seacev3-1191729-2026-05-27T10:39:21.954648-05:00,PE-CONSUCODE-1555,20154491288,PE-RUC,MUNICIPALIDAD DISTRITAL DE EL ALGARROBAL
ocds-dgv273-seacev3-1190326,ocds-dgv273-seacev3-1190326-2026-05-24T10:09:04.402310-05:00,PE-CONSUCODE-215,20212177351,PE-RUC,MUNICIPALIDAD DISTRITAL DE HUACACHI
ocds-dgv273-seacev3-1191106,ocds-dgv273-seacev3-1191106-2026-05-24T10:09:03.705245-05:00,PE-CONSUCODE-233,20195410373,PE-RUC,MUNICIPALIDAD DISTRITAL DE PUEBLO LIBRE - HUAYLAS
ocds-dgv273-seacev3-2026-1346-13,ocds-dgv273-seacev3-2026-1346-13-2026-05-24T10:09:03.218204-05:00,PE-CONSUCODE-1346,20131367423,PE-RUC,MUNICIPALIDAD DISTRITAL DE SANTIAGO DE SURCO
ocds-dgv273-seacev3-1189362,ocds-dgv273-seacev3-1189362-2026-05-24T10:08:56.404598-05:00,PE-CONSUCODE-200014,20526917295,PE-RUC,UNIVERSIDAD NACIONAL AMAZONICA DE MADRE DE DIOS
ocds-dgv273-seacev3-1189484,ocds-dgv273-seacev3-1189484-2026-05-24T10:08:56.248124-05:00,PE-CONSUCODE-1928,20163582156,PE-RUC,ZONA REGISTRAL N° XI SEDE ICA
ocds-dgv273-seacev3-1191411,ocds-dgv273-seacev3-1191411-2026-05-24T10:08:56.070406-05:00,PE-CONSUCODE-200576,20551553729,PE-RUC,UNIDAD EJECUTORA 140 HOSPITAL DE HUAYCAN
ocds-dgv273-seacev3-2026-37-127,ocds-dgv273-seacev3-2026-37-127-2026-05-24T10:08:55.067078-05:00,PE-CONSUCODE-37,20527147612,PE-RUC,GOBIERNO REGIONAL DE CUSCO SEDE CENTRAL
ocds-dgv273-seacev3-1186726,ocds-dgv273-seacev3-1186726-2026-05-24T10:08:54.917201-05:00,PE-CONSUCODE-1586,20159249698,PE-RUC,MUNICIPALIDAD DISTRITAL DE CATACAOS
ocds-dgv273-seacev3-2026-307-1,ocds-dgv273-seacev3-2026-307-1-2026-05-24T10:08:54.745049-05:00,PE-CONSUCODE-307,20189313544,PE-RUC,MUNICIPALIDAD PROVINCIAL DE OCROS
ocds-dgv273-seacev3-1188961,ocds-dgv273-seacev3-1188961-2026-05-24T10:08:46.742723-05:00,PE-CONSUCODE-47,20489252270,PE-RUC,GOBIERNO REGIONAL DE PASCO SEDE CENTRAL
ocds-dgv273-seacev3-2026-2381-4,ocds-dgv273-seacev3-2026-2381-4-2026-05-24T10:08:46.504482-05:00,PE-CONSUCODE-2381,20102762925,PE-RUC,ENTIDAD PRESTADORA DE SERVICIO DE SANEAMIENTO GRAU S.A.
ocds-dgv273-seacev3-2026-1998-18,ocds-dgv273-seacev3-2026-1998-18-2026-05-24T10:08:46.338782-05:00,PE-CONSUCODE-1998,20131016396,PE-RUC,SUPERINTENDENCIA DEL MERCADO DE VALORES
ocds-dgv273-seacev3-1190817,ocds-dgv273-seacev3-1190817-2026-05-24T10:08:46.132628-05:00,PE-CONSUCODE-200031,20505208626,PE-RUC,SEGURO INTEGRAL DE SALUD
ocds-dgv273-seacev3-1205845,ocds-dgv273-seacev3-1205845-2026-05-24T10:08:45.098527-05:00,PE-CONSUCODE-399,20159515240,PE-RUC,MUNICIPALIDAD DISTRITAL DE CERRO COLORADO
ocds-dgv273-seacev3-2026-614-10,ocds-dgv273-seacev3-2026-614-10-2026-05-24T10:08:44.532522-05:00,PE-CONSUCODE-614,20143623042,PE-RUC,MUNICIPALIDAD PROVINCIAL DE CAJAMARCA
ocds-dgv273-seacev3-1190729,ocds-dgv273-seacev3-1190729-2026-05-24T10:08:36.531586-05:00,PE-CONSUCODE-200302,20480776250,PE-RUC,POLICÍA NACIONAL DEL PERÚ - II DIRECCIÓN TERRITORIAL CHICLAYO
ocds-dgv273-seacev3-2026-1295-8,ocds-dgv273-seacev3-2026-1295-8-2026-05-24T10:08:36.113062-05:00,PE-CONSUCODE-1295,20175975234,PE-RUC,MUNICIPALIDAD PROVINCIAL DE LAMBAYEQUE
ocds-dgv273-seacev3-1191572,ocds-dgv273-seacev3-1191572-2026-05-24T10:08:35.928384-05:00,PE-CONSUCODE-204448,20604932964,PE-RUC,AUTORIDAD DE TRANSPORTE URBANO PARA LIMA Y CALLAO
ocds-dgv273-seacev3-1192108,ocds-dgv273-seacev3-1192108-2026-05-24T10:08:35.908933-05:00,PE-CONSUCODE-200538,20491240742,PE-RUC,GOBIERNO REGIONAL DE APURIMAC - UNIDAD EJECUTORA RED DE SALUD ABANCAY
ocds-dgv273-seacev3-2026-127942-11,ocds-dgv273-seacev3-2026-127942-11-2026-05-24T10:08:35.694873-05:00,PE-CONSUCODE-203086,20601224624,PE-RUC,HOSPITAL DE EMERGENCIAS VILLA EL SALVADOR
ocds-dgv273-seacev3-2026-2439-32,ocds-dgv273-seacev3-2026-2439-32-2026-05-24T10:08:27.995879-05:00,PE-CONSUCODE-2439,20100003351,PE-RUC,SERVICIO INDUSTRIAL DE LA MARINA S.A.
ocds-dgv273-seacev3-1190262,ocds-dgv273-seacev3-1190262-2026-05-24T10:08:26.879777-05:00,PE-CONSUCODE-418,20191603941,PE-RUC,MUNICIPALIDAD DISTRITAL DE UCHUMAYO
ocds-dgv273-seacev3-2026-10602-3,ocds-dgv273-seacev3-2026-10602-3-2026-05-24T10:08:26.061785-05:00,PE-CONSUCODE-10602,20453223788,PE-RUC,GOBIERNO REGIONAL DE TACNA-HOSPITAL HIPOLITO UNANUE
ocds-dgv273-seacev3-2026-680-3,ocds-dgv273-seacev3-2026-680-3-2026-05-24T10:08:25.698933-05:00,PE-CONSUCODE-680,20220666418,PE-RUC,MUNICIPALIDAD DISTRITAL DE TACABAMBA
ocds-dgv273-seacev3-1186863,ocds-dgv273-seacev3-1186863-2026-05-24T10:08:25.510336-05:00,PE-CONSUCODE-43,20479569780,PE-RUC,GOBIERNO REGIONAL DE LAMBAYEQUE SEDE CENTRAL
ocds-dgv273-seacev3-1186758,ocds-dgv273-seacev3-1186758-2026-05-24T10:08:25.485578-05:00,PE-CONSUCODE-43,20479569780,PE-RUC,GOBIERNO REGIONAL DE LAMBAYEQUE SEDE CENTRAL
ocds-dgv273-seacev3-2026-2385-1,ocds-dgv273-seacev3-2026-2385-1-2026-05-23T10:25:11.078103-05:00,PE-CONSUCODE-2385,20113733641,PE-RUC,SERVICIO DE AGUA POTABLE Y ALCANTARILLADO DE CAJAMARCA S.A.
ocds-dgv273-seacev3-1191108,ocds-dgv273-seacev3-1191108-2026-05-23T10:25:11.061823-05:00,PE-CONSUCODE-203646,20602250602,PE-RUC,DIRECCION DE REDES INTEGRADAS DE SALUD LIMA CENTRO
ocds-dgv273-seacev3-1186322,ocds-dgv273-seacev3-1186322-2026-05-23T10:25:10.306134-05:00,PE-CONSUCODE-10407,20443070819,PE-RUC,GOBIERNO REGIONAL DE APURIMAC-TRANSPORTES CHANKA
ocds-dgv273-seacev3-2026-2407-37,ocds-dgv273-seacev3-2026-2407-37-2026-05-23T10:25:04.303560-05:00,PE-CONSUCODE-2407,20116544289,PE-RUC,EMPRESA REGIONAL DE SERVICIO PÚBLICO DE ELECTRICIDAD ELECTRO SUR ESTE S.A.A.
ocds-dgv273-seacev3-1189967,ocds-dgv273-seacev3-1189967-2026-05-23T10:25:03.381792-05:00,PE-CONSUCODE-2543,20131257750,PE-RUC,SEGURO SOCIAL DE SALUD
ocds-dgv273-seacev3-1207629,ocds-dgv273-seacev3-1207629-2026-05-23T10:25:02.627132-05:00,PE-CONSUCODE-1211,20213758293,PE-RUC,MUNICIPALIDAD DISTRITAL DE CURGOS
ocds-dgv273-seacev3-2026-307-7,ocds-dgv273-seacev3-2026-307-7-2026-05-23T10:25:02.004308-05:00,PE-CONSUCODE-307,20189313544,PE-RUC,MUNICIPALIDAD PROVINCIAL DE OCROS
ocds-dgv273-seacev3-1211914,ocds-dgv273-seacev3-1211914-2026-05-23T10:24:56.296583-05:00,PE-CONSUCODE-1339,20131378204,PE-RUC,MUNICIPALIDAD DISTRITAL DE SAN JUAN DE MIRAFLORES
ocds-dgv273-seacev3-1189158,ocds-dgv273-seacev3-1189158-2026-05-23T10:24:52.502051-05:00,PE-CONSUCODE-35,20452393493,PE-RUC,GOBIERNO REGIONAL DE AYACUCHO SEDE CENTRAL
ocds-dgv273-seacev3-1190576,ocds-dgv273-seacev3-1190576-2026-05-23T10:24:52.037784-05:00,PE-CONSUCODE-10422,20172661794,PE-RUC,GOBIERNO REGIONAL DE AREQUIPA - GERENCIA REGIONAL DE SALUD
ocds-dgv273-seacev3-1189490,ocds-dgv273-seacev3-1189490-2026-05-23T10:24:51.434310-05:00,PE-CONSUCODE-1540,20171880115,PE-RUC,MUNICIPALIDAD DISTRITAL DE TORATA
ocds-dgv273-seacev3-2026-307-9,ocds-dgv273-seacev3-2026-307-9-2026-05-23T10:24:50.488654-05:00,PE-CONSUCODE-307,20189313544,PE-RUC,MUNICIPALIDAD PROVINCIAL DE OCROS
ocds-dgv273-seacev3-2026-51-17,ocds-dgv273-seacev3-2026-51-17-2026-05-23T10:24:31.327379-05:00,PE-CONSUCODE-51,20519752515,PE-RUC,GOBIERNO REGIONAL DE TACNA SEDE CENTRAL
ocds-dgv273-seacev3-1191992,ocds-dgv273-seacev3-1191992-2026-05-23T10:24:30.664684-05:00,PE-CONSUCODE-10434,20453743862,PE-RUC,GOBIERNO REGIONAL DE CAJAMARCA DIRECCION REGIONAL AGRARIA CAJAMARCA
ocds-dgv273-seacev3-1190443,ocds-dgv273-seacev3-1190443-2026-05-23T10:24:29.750015-05:00,PE-CONSUCODE-1771,20207621448,PE-RUC,MUNICIPALIDAD DISTRITAL DE CAYNARACHI
ocds-dgv273-seacev3-1204503,ocds-dgv273-seacev3-1204503-2026-05-23T10:24:29.625649-05:00,PE-CONSUCODE-1515,20201315949,PE-RUC,MUNICIPALIDAD DISTRITAL DE PUINAHUA
ocds-dgv273-seacev3-1187958,ocds-dgv273-seacev3-1187958-2026-05-23T10:24:29.225533-05:00,PE-CONSUCODE-1053,20148420719,PE-RUC,MUNICIPALIDAD DISTRITAL DE MARCONA
ocds-dgv273-seacev3-1189978,ocds-dgv273-seacev3-1189978-2026-05-23T10:24:20.014564-05:00,PE-CONSUCODE-10403,20185898343,PE-RUC,GOBIERNO REGIONAL DE APURIMAC-CHANKA
ocds-dgv273-seacev3-2026-874-21,ocds-dgv273-seacev3-2026-874-21-2026-05-23T10:24:19.341862-05:00,PE-CONSUCODE-874,20191121954,PE-RUC,MUNICIPALIDAD PROVINCIAL DE ACOBAMBA
ocds-dgv273-seacev3-1191185,ocds-dgv273-seacev3-1191185-2026-05-23T10:24:18.876507-05:00,PE-CONSUCODE-1553,20154491873,PE-RUC,MUNICIPALIDAD PROVINCIAL DE ILO
ocds-dgv273-seacev3-2026-1852-18,ocds-dgv273-seacev3-2026-1852-18-2026-05-23T10:24:18.295365-05:00,PE-CONSUCODE-1852,20171895147,PE-RUC,MUNICIPALIDAD DISTRITAL DE ILABAYA
ocds-dgv273-seacev3-1190274,ocds-dgv273-seacev3-1190274-2026-05-23T10:24:09.489526-05:00,PE-CONSUCODE-1336,20131373741,PE-RUC,MUNICIPALIDAD DISTRITAL DE SAN BORJA
ocds-dgv273-seacev3-1192093,ocds-dgv273-seacev3-1192093-2026-05-23T10:23:58.040556-05:00,PE-CONSUCODE-34,20498390570,PE-RUC,GOBIERNO REGIONAL DE AREQUIPA Sede Central
ocds-dgv273-seacev3-2026-307-6,ocds-dgv273-seacev3-2026-307-6-2026-05-23T10:23:56.247834-05:00,PE-CONSUCODE-307,20189313544,PE-RUC,MUNICIPALIDAD PROVINCIAL DE OCROS
ocds-dgv273-seacev3-1200660,ocds-dgv273-seacev3-1200660-2026-05-23T10:23:55.941971-05:00,PE-CONSUCODE-1320,20131365722,PE-RUC,MUNICIPALIDAD DISTRITAL DE LA MOLINA
ocds-dgv273-seacev3-1205771,ocds-dgv273-seacev3-1205771-2026-05-22T10:33:29.082632-05:00,PE-CONSUCODE-1807,20175467671,PE-RUC,MUNICIPALIDAD PROVINCIAL DE BELLAVISTA
ocds-dgv273-seacev3-1188520,ocds-dgv273-seacev3-1188520-2026-05-22T10:33:26.887912-05:00,PE-CONSUCODE-747,20131369809,PE-RUC,MUNICIPALIDAD DISTRITAL DE VENTANILLA
ocds-dgv273-seacev3-1190896,ocds-dgv273-seacev3-1190896-2026-05-22T10:33:18.821967-05:00,PE-CONSUCODE-1007,20182308952,PE-RUC,MUNICIPALIDAD PROVINCIAL DE LAURICOCHA
ocds-dgv273-seacev3-2026-1517-2,ocds-dgv273-seacev3-2026-1517-2-2026-05-22T10:33:16.520149-05:00,PE-CONSUCODE-1517,20205141830,PE-RUC,MUNICIPALIDAD DISTRITAL DE SOPLIN
ocds-dgv273-seacev3-1190588,ocds-dgv273-seacev3-1190588-2026-05-22T10:33:05.598215-05:00,PE-CONSUCODE-1904,20147796634,PE-RUC,UNIVERSIDAD NACIONAL JORGE BASADRE GROHMANN - TACNA
ocds-dgv273-seacev3-1188668,ocds-dgv273-seacev3-1188668-2026-05-22T10:33:04.676880-05:00,PE-CONSUCODE-1983,20131369477,PE-RUC,INSTITUTO TECNOLOGICO DE LA PRODUCCION
ocds-dgv273-seacev3-1190613,ocds-dgv273-seacev3-1190613-2026-05-22T10:32:55.228379-05:00,PE-CONSUCODE-17,20131371617,PE-RUC,MINISTERIO DE JUSTICIA Y DERECHOS HUMANOS
ocds-dgv273-seacev3-1191458,ocds-dgv273-seacev3-1191458-2026-05-22T10:32:54.248220-05:00,PE-CONSUCODE-200302,20480776250,PE-RUC,POLICÍA NACIONAL DEL PERÚ - II DIRECCIÓN TERRITORIAL CHICLAYO
ocds-dgv273-seacev3-1188331,ocds-dgv273-seacev3-1188331-2026-05-22T10:32:53.463186-05:00,PE-CONSUCODE-749,20177217043,PE-RUC,MUNICIPALIDAD PROVINCIAL DEL CUSCO
ocds-dgv273-seacev3-1217522,ocds-dgv273-seacev3-1217522-2026-05-22T10:32:49.332931-05:00,PE-CONSUCODE-201585,20600283015,PE-RUC,INSTITUTO NACIONAL DE CALIDAD - INACAL
ocds-dgv273-seacev3-1191309,ocds-dgv273-seacev3-1191309-2026-05-22T10:32:45.594102-05:00,PE-CONSUCODE-1161,20146678221,PE-RUC,MUNICIPALIDAD DISTRITAL DE RIO NEGRO
ocds-dgv273-seacev3-1189015,ocds-dgv273-seacev3-1189015-2026-05-22T10:32:45.372633-05:00,PE-CONSUCODE-40,20489250731,PE-RUC,GOBIERNO REGIONAL DE HUANUCO SEDE CENTRAL
ocds-dgv273-seacev3-1189304,ocds-dgv273-seacev3-1189304-2026-05-22T10:32:43.928027-05:00,PE-CONSUCODE-151,20172268430,PE-RUC,MUNICIPALIDAD PROVINCIAL DE HUARAZ
ocds-dgv273-seacev3-2026-270-37,ocds-dgv273-seacev3-2026-270-37-2026-05-22T10:32:43.264770-05:00,PE-CONSUCODE-270,20163065330,PE-RUC,MUNICIPALIDAD PROVINCIAL DE SANTA - CHIMBOTE
ocds-dgv273-seacev3-1211604,ocds-dgv273-seacev3-1211604-2026-05-22T10:32:25.147571-05:00,PE-CONSUCODE-1616,20171246092,PE-RUC,MUNICIPALIDAD DISTRITAL DE SALITRAL - MORROPON
ocds-dgv273-seacev3-2026-1068-1,ocds-dgv273-seacev3-2026-1068-1-2026-05-22T10:32:22.762915-05:00,PE-CONSUCODE-1068,20133696823,PE-RUC,MUNICIPALIDAD PROVINCIAL DE HUANCAYO
ocds-dgv273-seacev3-1190883,ocds-dgv273-seacev3-1190883-2026-05-22T10:32:21.779217-05:00,PE-CONSUCODE-389,20180001051,PE-RUC,MUNICIPALIDAD PROVINCIAL DE CHINCHEROS
ocds-dgv273-seacev3-1188890,ocds-dgv273-seacev3-1188890-2026-05-22T10:32:21.364685-05:00,PE-CONSUCODE-1874,20154435965,PE-RUC,MUNICIPALIDAD DISTRITAL DE YARINACOCHA
ocds-dgv273-seacev3-2026-1533-1,ocds-dgv273-seacev3-2026-1533-1-2026-05-22T10:32:10.497440-05:00,PE-CONSUCODE-1533,20162315502,PE-RUC,MUNICIPALIDAD PROVINCIAL DE TAHUAMANU - IÑAPARI
ocds-dgv273-seacev3-1214016,ocds-dgv273-seacev3-1214016-2026-05-21T10:32:38.693307-05:00,PE-CONSUCODE-1628,20154477021,PE-RUC,MUNICIPALIDAD PROVINCIAL DE SULLANA
ocds-dgv273-seacev3-2026-200030-10,ocds-dgv273-seacev3-2026-200030-10-2026-05-21T10:32:34.053348-05:00,PE-CONSUCODE-200030,20530688390,PE-RUC,GOBIERNO REGIONAL DE LIMA SEDE CENTRAL
ocds-dgv273-seacev3-1187272,ocds-dgv273-seacev3-1187272-2026-05-21T10:32:33.840145-05:00,PE-CONSUCODE-32,20479569861,PE-RUC,GOBIERNO REGIONAL DE AMAZONAS SEDE CENTRAL
ocds-dgv273-seacev3-1184775,ocds-dgv273-seacev3-1184775-2026-05-21T10:32:23.580164-05:00,PE-CONSUCODE-883,20154442821,PE-RUC,MUNICIPALIDAD DISTRITAL DE ANCHONGA
ocds-dgv273-seacev3-2026-1331-1,ocds-dgv273-seacev3-2026-1331-1-2026-05-21T10:32:15.166534-05:00,PE-CONSUCODE-1331,20131366702,PE-RUC,MUNICIPALIDAD DISTRITAL DE PUENTE PIEDRA
ocds-dgv273-seacev3-1189348,ocds-dgv273-seacev3-1189348-2026-05-21T10:32:15.032011-05:00,PE-CONSUCODE-9,20304117142,PE-RUC,DEFENSORIA DEL PUEBLO
ocds-dgv273-seacev3-1190765,ocds-dgv273-seacev3-1190765-2026-05-21T10:32:14.505787-05:00,PE-CONSUCODE-1679,20207352871,PE-RUC,MUNICIPALIDAD DISTRITAL DE AJOYANI
ocds-dgv273-seacev3-1191999,ocds-dgv273-seacev3-1191999-2026-05-21T10:32:14.350460-05:00,PE-CONSUCODE-1342,20131372184,PE-RUC,MUNICIPALIDAD DISTRITAL DE SAN MIGUEL
ocds-dgv273-seacev3-2026-411-3,ocds-dgv273-seacev3-2026-411-3-2026-05-21T10:32:13.955425-05:00,PE-CONSUCODE-411,20190583369,PE-RUC,MUNICIPALIDAD DISTRITAL DE SACHACA
ocds-dgv273-seacev3-2026-1998-1,ocds-dgv273-seacev3-2026-1998-1-2026-05-21T10:32:03.827064-05:00,PE-CONSUCODE-1998,20131016396,PE-RUC,SUPERINTENDENCIA DEL MERCADO DE VALORES
ocds-dgv273-seacev3-2026-80812-25,ocds-dgv273-seacev3-2026-80812-25-2026-05-21T10:32:02.816840-05:00,PE-CONSUCODE-202225,20141814312,PE-RUC,EMPRESA PRESTADORA DE SERVICIOS DE SANEAMIENTO MARAÑON S.A.
ocds-dgv273-seacev3-2026-1331-2,ocds-dgv273-seacev3-2026-1331-2-2026-05-21T10:32:02.753663-05:00,PE-CONSUCODE-1331,20131366702,PE-RUC,MUNICIPALIDAD DISTRITAL DE PUENTE PIEDRA
ocds-dgv273-seacev3-1190085,ocds-dgv273-seacev3-1190085-2026-05-21T10:32:02.735251-05:00,PE-CONSUCODE-2009,20527141762,PE-RUC,GOBIERNO REGIONAL DE APURIMAC SEDE CENTRAL
ocds-dgv273-seacev3-1188769,ocds-dgv273-seacev3-1188769-2026-05-21T10:32:02.056334-05:00,PE-CONSUCODE-327,20207761886,PE-RUC,MUNICIPALIDAD DISTRITAL DE ANDARAPA
ocds-dgv273-seacev3-1209005,ocds-dgv273-seacev3-1209005-2026-05-21T10:32:01.709842-05:00,PE-CONSUCODE-1585,20172618864,PE-RUC,MUNICIPALIDAD DISTRITAL DE CASTILLA
ocds-dgv273-seacev3-1187796,ocds-dgv273-seacev3-1187796-2026-05-21T10:32:00.969013-05:00,PE-CONSUCODE-1053,20148420719,PE-RUC,MUNICIPALIDAD DISTRITAL DE MARCONA
ocds-dgv273-seacev3-1189965,ocds-dgv273-seacev3-1189965-2026-05-21T10:31:52.766216-05:00,PE-CONSUCODE-1715,20169039225,PE-RUC,MUNICIPALIDAD DISTRITAL DE CUPI
ocds-dgv273-seacev3-1189892,ocds-dgv273-seacev3-1189892-2026-05-21T10:31:50.969890-05:00,PE-CONSUCODE-34,20498390570,PE-RUC,GOBIERNO REGIONAL DE AREQUIPA Sede Central
ocds-dgv273-seacev3-1191960,ocds-dgv273-seacev3-1191960-2026-05-21T10:31:40.498503-05:00,PE-CONSUCODE-1897,20145496170,PE-RUC,UNIVERSIDAD NACIONAL DEL ALTIPLANO
ocds-dgv273-seacev3-1191968,ocds-dgv273-seacev3-1191968-2026-05-21T10:31:30.571757-05:00,PE-CONSUCODE-10219,20159855938,PE-RUC,HOSPITAL NACIONAL VICTOR LARCO HERRERA
ocds-dgv273-seacev3-1200602,ocds-dgv273-seacev3-1200602-2026-05-21T10:31:19.387060-05:00,PE-CONSUCODE-93,20178082141,PE-RUC,MUNICIPALIDAD DISTRITAL DE IMAZA
ocds-dgv273-seacev3-1189836,ocds-dgv273-seacev3-1189836-2026-05-21T10:31:17.971459-05:00,PE-CONSUCODE-10217,20138100015,PE-RUC,HOSPITAL DE EMERGENCIAS - JOSÉ CASIMIRO ULLOA
ocds-dgv273-seacev3-1188480,ocds-dgv273-seacev3-1188480-2026-05-21T10:31:17.679403-05:00,PE-CONSUCODE-1540,20171880115,PE-RUC,MUNICIPALIDAD DISTRITAL DE TORATA
ocds-dgv273-seacev3-1190191,ocds-dgv273-seacev3-1190191-2026-05-20T10:31:35.729581-05:00,PE-CONSUCODE-805,20147346434,PE-RUC,MUNICIPALIDAD PROVINCIAL DE ESPINAR
ocds-dgv273-seacev3-1188857,ocds-dgv273-seacev3-1188857-2026-05-20T10:31:27.798114-05:00,PE-CONSUCODE-773,20156074242,PE-RUC,MUNICIPALIDAD PROVINCIAL DE CALCA
ocds-dgv273-seacev3-1192032,ocds-dgv273-seacev3-1192032-2026-05-20T10:31:26.848641-05:00,PE-CONSUCODE-213,20166604347,PE-RUC,MUNICIPALIDAD DISTRITAL DE CAJAY
ocds-dgv273-seacev3-1186372,ocds-dgv273-seacev3-1186372-2026-05-20T10:31:25.908260-05:00,PE-CONSUCODE-200367,20490338773,PE-RUC,GOBIERNO REGIONAL DE APURIMAC-GERENCIA SUBREGIONAL CHINCHEROS
ocds-dgv273-seacev3-2026-49-91,ocds-dgv273-seacev3-2026-49-91-2026-05-20T10:31:17.400623-05:00,PE-CONSUCODE-49,20406325815,PE-RUC,GOBIERNO REGIONAL DE PUNO SEDE CENTRAL
ocds-dgv273-seacev3-1189751,ocds-dgv273-seacev3-1189751-2026-05-20T10:31:17.156339-05:00,PE-CONSUCODE-162,20146921427,PE-RUC,MUNICIPALIDAD DISTRITAL DE INDEPENDENCIA - HUARAZ
ocds-dgv273-seacev3-1190718,ocds-dgv273-seacev3-1190718-2026-05-20T10:31:16.667594-05:00,PE-CONSUCODE-201185,20564327019,PE-RUC,GOBIERNO REGIONAL DE APURIMAC  - UNIDAD EJECUTORA GERENCIA SUB REGIONAL DE COTABAMBAS
ocds-dgv273-seacev3-1189381,ocds-dgv273-seacev3-1189381-2026-05-20T10:31:15.304030-05:00,PE-CONSUCODE-1569,20154623290,PE-RUC,MUNICIPALIDAD PROVINCIAL DE DANIEL CARRION - YANAHUANCA
ocds-dgv273-seacev3-1189268,ocds-dgv273-seacev3-1189268-2026-05-20T10:31:15.288358-05:00,PE-CONSUCODE-349,20203837632,PE-RUC,MUNICIPALIDAD DISTRITAL DE OROPESA - ANTABAMBA
ocds-dgv273-seacev3-1201248,ocds-dgv273-seacev3-1201248-2026-05-20T10:31:15.111822-05:00,PE-CONSUCODE-200223,20393356899,PE-RUC,MUNICIPALIDAD DISTRITAL DE MANANTAY
ocds-dgv273-seacev3-1189733,ocds-dgv273-seacev3-1189733-2026-05-20T10:31:15.078639-05:00,PE-CONSUCODE-592,20213832361,PE-RUC,MUNICIPALIDAD DISTRITAL DE SANTIAGO DE LUCANAMARCA
ocds-dgv273-seacev3-2026-1506-1,ocds-dgv273-seacev3-2026-1506-1-2026-05-20T10:31:06.124628-05:00,PE-CONSUCODE-1506,20195690988,PE-RUC,MUNICIPALIDAD DISTRITAL DE PARINARI
ocds-dgv273-seacev3-1191971,ocds-dgv273-seacev3-1191971-2026-05-20T10:31:05.797427-05:00,PE-CONSUCODE-1555,20154491288,PE-RUC,MUNICIPALIDAD DISTRITAL DE EL ALGARROBAL
ocds-dgv273-seacev3-1189994,ocds-dgv273-seacev3-1189994-2026-05-20T10:31:05.483770-05:00,PE-CONSUCODE-1346,20131367423,PE-RUC,MUNICIPALIDAD DISTRITAL DE SANTIAGO DE SURCO
ocds-dgv273-seacev3-1189196,ocds-dgv273-seacev3-1189196-2026-05-20T10:31:04.404343-05:00,PE-CONSUCODE-1858,20217807311,PE-RUC,MUNICIPALIDAD DISTRITAL DE CAMILACA
ocds-dgv273-seacev3-1191237,ocds-dgv273-seacev3-1191237-2026-05-20T10:31:03.801467-05:00,PE-CONSUCODE-1904,20147796634,PE-RUC,UNIVERSIDAD NACIONAL JORGE BASADRE GROHMANN - TACNA
ocds-dgv273-seacev3-2026-999-4,ocds-dgv273-seacev3-2026-999-4-2026-05-20T10:31:03.359657-05:00,PE-CONSUCODE-999,20160934591,PE-RUC,MUNICIPALIDAD DISTRITAL DE CHAGLLA
ocds-dgv273-seacev3-1188269,ocds-dgv273-seacev3-1188269-2026-05-20T10:30:55.138349-05:00,PE-CONSUCODE-10490,20221170688,PE-RUC,GOBIERNO REGIONAL DE LA LIBERTAD-GERENCIA REGIONAL DE TRANSPORTE Y COMUNICACIONES
ocds-dgv273-seacev3-2026-10184-7,ocds-dgv273-seacev3-2026-10184-7-2026-05-20T10:30:54.665925-05:00,PE-CONSUCODE-10184,20167343652,PE-RUC,GOBIERNO REGIONAL DE CALLAO - COLEGIO MILITAR LEONCIO PRADO
ocds-dgv273-seacev3-2026-200190-161,ocds-dgv273-seacev3-2026-200190-161-2026-05-20T10:30:53.619269-05:00,PE-CONSUCODE-200190,20102708394,PE-RUC,EMPRESA DE SERVICIO PUBLICO DE ELECTRICIDAD DEL NOR OESTE DEL PERU S.A. ELECTRO NOR OESTE SA
ocds-dgv273-seacev3-2026-1091-1,ocds-dgv273-seacev3-2026-1091-1-2026-05-20T10:30:52.533010-05:00,PE-CONSUCODE-1091,20221788908,PE-RUC,MUNICIPALIDAD DISTRITAL DE SANTO DOMINGO DE ACOBAMBA
ocds-dgv273-seacev3-1190925,ocds-dgv273-seacev3-1190925-2026-05-20T10:30:44.492696-05:00,PE-CONSUCODE-2407,20116544289,PE-RUC,EMPRESA REGIONAL DE SERVICIO PÚBLICO DE ELECTRICIDAD ELECTRO SUR ESTE S.A.A.
ocds-dgv273-seacev3-2026-1886-1,ocds-dgv273-seacev3-2026-1886-1-2026-05-20T10:30:44.132127-05:00,PE-CONSUCODE-1886,20147897406,PE-RUC,UNIVERSIDAD NACIONAL AGRARIA LA MOLINA
ocds-dgv273-seacev3-2026-2452-24,ocds-dgv273-seacev3-2026-2452-24-2026-05-20T10:30:44.002211-05:00,PE-CONSUCODE-2452,20100063337,PE-RUC,EMPRESA MUNICIPAL ADMINISTRADORA DE PEAJE DE LIMA S.A.
ocds-dgv273-seacev3-1189054,ocds-dgv273-seacev3-1189054-2026-05-20T10:30:41.884650-05:00,PE-CONSUCODE-1942,20131379863,PE-RUC,BIBLIOTECA NACIONAL DEL PERU
ocds-dgv273-seacev3-1186897,ocds-dgv273-seacev3-1186897-2026-05-20T10:30:41.855076-05:00,PE-CONSUCODE-200367,20490338773,PE-RUC,GOBIERNO REGIONAL DE APURIMAC-GERENCIA SUBREGIONAL CHINCHEROS
ocds-dgv273-seacev3-1187283,ocds-dgv273-seacev3-1187283-2026-05-20T10:30:41.706257-05:00,PE-CONSUCODE-202445,20600537416,PE-RUC,MUNICIPALIDAD DISTRITAL DE PUCACOLPA
ocds-dgv273-seacev3-2026-1052-9,ocds-dgv273-seacev3-2026-1052-9-2026-05-20T10:30:31.331668-05:00,PE-CONSUCODE-1052,20162456408,PE-RUC,MUNICIPALIDAD DISTRITAL DE EL INGENIO
ocds-dgv273-seacev3-1187735,ocds-dgv273-seacev3-1187735-2026-05-20T10:30:31.272111-05:00,PE-CONSUCODE-814,20159368271,PE-RUC,MUNICIPALIDAD DISTRITAL DE ECHARATI
ocds-dgv273-seacev3-2026-1245-3,ocds-dgv273-seacev3-2026-1245-3-2026-05-20T10:30:21.610757-05:00,PE-CONSUCODE-1245,20187630101,PE-RUC,MUNICIPALIDAD PROVINCIAL DE SANTIAGO DE CHUCO
ocds-dgv273-seacev3-1190634,ocds-dgv273-seacev3-1190634-2026-05-20T10:30:20.047508-05:00,PE-CONSUCODE-1025,20142167744,PE-RUC,MUNICIPALIDAD PROVINCIAL DE ICA
ocds-dgv273-seacev3-2026-10151-22,ocds-dgv273-seacev3-2026-10151-22-2026-05-18T10:06:27.347629-05:00,PE-CONSUCODE-10151,20485931199,PE-RUC,POLICÍA NACIONAL DEL PERÚ - VIII DIRECCIÓN TERRITORIAL HUANCAYO
ocds-dgv273-seacev3-1207538,ocds-dgv273-seacev3-1207538-2026-05-18T10:06:21.638967-05:00,PE-CONSUCODE-651,20174691267,PE-RUC,MUNICIPALIDAD PROVINCIAL DE CUTERVO
ocds-dgv273-seacev3-1191996,ocds-dgv273-seacev3-1191996-2026-05-17T10:13:09.493733-05:00,PE-CONSUCODE-270,20163065330,PE-RUC,MUNICIPALIDAD PROVINCIAL DE SANTA - CHIMBOTE
ocds-dgv273-seacev3-1190648,ocds-dgv273-seacev3-1190648-2026-05-17T10:13:09.430626-05:00,PE-CONSUCODE-789,20147421070,PE-RUC,MUNICIPALIDAD PROVINCIAL DE CANCHIS - SICUANI
ocds-dgv273-seacev3-2026-1695-3,ocds-dgv273-seacev3-2026-1695-3-2026-05-17T10:13:09.376049-05:00,PE-CONSUCODE-1695,20185896723,PE-RUC,MUNICIPALIDAD PROVINCIAL DE HUANCANE
ocds-dgv273-seacev3-1191679,ocds-dgv273-seacev3-1191679-2026-05-17T10:13:03.168118-05:00,PE-CONSUCODE-842,20226560824,PE-RUC,MUNICIPALIDAD DISTRITAL DE CCATCCA
ocds-dgv273-seacev3-1188958,ocds-dgv273-seacev3-1188958-2026-05-17T10:13:02.293899-05:00,PE-CONSUCODE-49,20406325815,PE-RUC,GOBIERNO REGIONAL DE PUNO SEDE CENTRAL
ocds-dgv273-seacev3-2026-923-1,ocds-dgv273-seacev3-2026-923-1-2026-05-17T10:13:01.340557-05:00,PE-CONSUCODE-923,20230401820,PE-RUC,MUNICIPALIDAD DISTRITAL DE HUANDO
ocds-dgv273-seacev3-1189271,ocds-dgv273-seacev3-1189271-2026-05-17T10:13:00.980774-05:00,PE-CONSUCODE-1921,20376082114,PE-RUC,ORGANISMO SUPERVISOR DE LA INVERSION EN ENERGIA Y MINERIA
ocds-dgv273-seacev3-1188205,ocds-dgv273-seacev3-1188205-2026-05-17T10:13:00.659188-05:00,PE-CONSUCODE-1839,20147796987,PE-RUC,MUNICIPALIDAD DISTRITAL DE POCOLLAY
ocds-dgv273-seacev3-2026-1034-6,ocds-dgv273-seacev3-2026-1034-6-2026-05-17T10:13:00.576754-05:00,PE-CONSUCODE-1034,20147711159,PE-RUC,MUNICIPALIDAD DISTRITAL DE SANTIAGO - ICA
ocds-dgv273-seacev3-1205056,ocds-dgv273-seacev3-1205056-2026-05-17T10:12:51.994678-05:00,PE-CONSUCODE-1689,20181403064,PE-RUC,MUNICIPALIDAD DISTRITAL DE DESAGUADERO
ocds-dgv273-seacev3-1191407,ocds-dgv273-seacev3-1191407-2026-05-17T10:12:51.898490-05:00,PE-CONSUCODE-1307,20131380951,PE-RUC,MUNICIPALIDAD METROPOLITANA DE LIMA
ocds-dgv273-seacev3-1206506,ocds-dgv273-seacev3-1206506-2026-05-17T10:12:51.641845-05:00,PE-CONSUCODE-2365,20115851919,PE-RUC,EMPRESA PRESTADORA DE SERVICIOS DE SANEAMIENTO DE AGUA POTABLE Y ALCANTARILLADO DE ILO S.A.
ocds-dgv273-seacev3-1186521,ocds-dgv273-seacev3-1186521-2026-05-17T10:12:51.395868-05:00,PE-CONSUCODE-200367,20490338773,PE-RUC,GOBIERNO REGIONAL DE APURIMAC-GERENCIA SUBREGIONAL CHINCHEROS
ocds-dgv273-seacev3-2026-14-20,ocds-dgv273-seacev3-2026-14-20-2026-05-17T10:12:51.291096-05:00,PE-CONSUCODE-14,20131370998,PE-RUC,MINISTERIO DE EDUCACION
ocds-dgv273-seacev3-1186543,ocds-dgv273-seacev3-1186543-2026-05-17T10:12:51.274416-05:00,PE-CONSUCODE-10166,20344832138,PE-RUC,UNIDAD DE GESTION EDUCATIVA LOCAL UGEL 01 - SAN JUAN DE MIRAFLORES
ocds-dgv273-seacev3-2026-1003026180-2,ocds-dgv273-seacev3-2026-1003026180-2-2026-05-17T10:12:44.297183-05:00,PE-CONSUCODE-205290,20481036420,PE-RUC,MUNICIPALIDAD DISTRITAL DE ALTO TRUJILLO
ocds-dgv273-seacev3-1195096,ocds-dgv273-seacev3-1195096-2026-05-17T10:12:43.657484-05:00,PE-CONSUCODE-2365,20115851919,PE-RUC,EMPRESA PRESTADORA DE SERVICIOS DE SANEAMIENTO DE AGUA POTABLE Y ALCANTARILLADO DE ILO S.A.
ocds-dgv273-seacev3-2026-2452-12,ocds-dgv273-seacev3-2026-2452-12-2026-05-17T10:12:43.426498-05:00,PE-CONSUCODE-2452,20100063337,PE-RUC,EMPRESA MUNICIPAL ADMINISTRADORA DE PEAJE DE LIMA S.A.
ocds-dgv273-seacev3-1200966,ocds-dgv273-seacev3-1200966-2026-05-17T10:12:43.137932-05:00,PE-CONSUCODE-200206,20187348341,PE-RUC,GOBIERNO REGIONAL DE SAN MARTIN - UNIDAD DE GESTION EDUCATIVA LOCAL SAN MARTIN TARAPOTO
ocds-dgv273-seacev3-1192119,ocds-dgv273-seacev3-1192119-2026-05-17T10:12:42.761388-05:00,PE-CONSUCODE-34,20498390570,PE-RUC,GOBIERNO REGIONAL DE AREQUIPA Sede Central
ocds-dgv273-seacev3-2026-1970-27,ocds-dgv273-seacev3-2026-1970-27-2026-05-17T10:12:42.004537-05:00,PE-CONSUCODE-1970,20131369981,PE-RUC,INSTITUTO NACIONAL DE ESTADISTICA
ocds-dgv273-seacev3-1191856,ocds-dgv273-seacev3-1191856-2026-05-17T10:12:34.839964-05:00,PE-CONSUCODE-10185,20160213346,PE-RUC,UNIVERSIDAD NACIONAL DE MÚSICA
ocds-dgv273-seacev3-1189783,ocds-dgv273-seacev3-1189783-2026-05-17T10:12:34.342419-05:00,PE-CONSUCODE-1025,20142167744,PE-RUC,MUNICIPALIDAD PROVINCIAL DE ICA
ocds-dgv273-seacev3-1190254,ocds-dgv273-seacev3-1190254-2026-05-17T10:12:32.966495-05:00,PE-CONSUCODE-1045,20147676574,PE-RUC,MUNICIPALIDAD DISTRITAL DE PUEBLO NUEVO - CHINCHA
ocds-dgv273-seacev3-1186499,ocds-dgv273-seacev3-1186499-2026-05-17T10:12:32.173090-05:00,PE-CONSUCODE-413,20206428741,PE-RUC,MUNICIPALIDAD DISTRITAL DE SAN JUAN DE TARUCANI
ocds-dgv273-seacev3-2026-334-1,ocds-dgv273-seacev3-2026-334-1-2026-05-17T10:12:32.145736-05:00,PE-CONSUCODE-334,20192048801,PE-RUC,MUNICIPALIDAD DISTRITAL DE PAMPACHIRI
ocds-dgv273-seacev3-1211371,ocds-dgv273-seacev3-1211371-2026-05-16T10:22:34.003761-05:00,PE-CONSUCODE-1500,20218524819,PE-RUC,MUNICIPALIDAD DISTRITAL DE TENIENTE CESAR LOPEZ ROJAS
ocds-dgv273-seacev3-2026-10137-10,ocds-dgv273-seacev3-2026-10137-10-2026-05-16T10:22:30.084641-05:00,PE-CONSUCODE-10137,20161704378,PE-RUC,DESPACHO PRESIDENCIAL
ocds-dgv273-seacev3-2026-200373-2,ocds-dgv273-seacev3-2026-200373-2-2026-05-16T10:22:26.646242-05:00,PE-CONSUCODE-200373,20490448951,PE-RUC,GOBIERNO REGIONAL DE MADRE DE DIOS - UNIDAD EJECUTORA 1392 SUBREGION MANU
ocds-dgv273-seacev3-1190583,ocds-dgv273-seacev3-1190583-2026-05-16T10:22:18.331430-05:00,PE-CONSUCODE-883,20154442821,PE-RUC,MUNICIPALIDAD DISTRITAL DE ANCHONGA
ocds-dgv273-seacev3-1186994,ocds-dgv273-seacev3-1186994-2026-05-16T10:22:15.311574-05:00,PE-CONSUCODE-40,20489250731,PE-RUC,GOBIERNO REGIONAL DE HUANUCO SEDE CENTRAL
ocds-dgv273-seacev3-2026-200393-1,ocds-dgv273-seacev3-2026-200393-1-2026-05-16T10:22:15.268825-05:00,PE-CONSUCODE-200393,20448261272,PE-RUC,UNIVERSIDAD NACIONAL DE JULIACA
ocds-dgv273-seacev3-1190886,ocds-dgv273-seacev3-1190886-2026-05-16T10:22:08.515132-05:00,PE-CONSUCODE-200373,20490448951,PE-RUC,GOBIERNO REGIONAL DE MADRE DE DIOS - UNIDAD EJECUTORA 1392 SUBREGION MANU
ocds-dgv273-seacev3-1189843,ocds-dgv273-seacev3-1189843-2026-05-16T10:22:07.428389-05:00,PE-CONSUCODE-1850,20194735384,PE-RUC,MUNICIPALIDAD PROVINCIAL DE JORGE BASADRE - LOCUMBA
ocds-dgv273-seacev3-1204013,ocds-dgv273-seacev3-1204013-2026-05-16T10:22:07.297150-05:00,PE-CONSUCODE-200501,20550734223,PE-RUC,CORTE SUPERIOR DE JUSTICIA DE LIMA NORTE
ocds-dgv273-seacev3-1191945,ocds-dgv273-seacev3-1191945-2026-05-16T10:22:07.169593-05:00,PE-CONSUCODE-1841,20227623544,PE-RUC,MUNICIPALIDAD DISTRITAL DE CIUDAD NUEVA
ocds-dgv273-seacev3-1207116,ocds-dgv273-seacev3-1207116-2026-05-16T10:22:07.038548-05:00,PE-CONSUCODE-1287,20185129129,PE-RUC,MUNICIPALIDAD DISTRITAL DE ZAÑA
ocds-dgv273-seacev3-2026-822-23,ocds-dgv273-seacev3-2026-822-23-2026-05-16T10:22:06.825678-05:00,PE-CONSUCODE-822,20317337150,PE-RUC,MUNICIPALIDAD DISTRITAL DE PICHARI
ocds-dgv273-seacev3-2026-374-91,ocds-dgv273-seacev3-2026-374-91-2026-05-16T10:22:06.005894-05:00,PE-CONSUCODE-374,20288774553,PE-RUC,MUNICIPALIDAD DISTRITAL DE CHALLHUAHUACHO
ocds-dgv273-seacev3-1190097,ocds-dgv273-seacev3-1190097-2026-05-16T10:21:56.556640-05:00,PE-CONSUCODE-1678,20206921898,PE-RUC,MUNICIPALIDAD PROVINCIAL DE CARABAYA - MACUSANI
ocds-dgv273-seacev3-1188701,ocds-dgv273-seacev3-1188701-2026-05-16T10:21:55.813764-05:00,PE-CONSUCODE-847,20195499765,PE-RUC,MUNICIPALIDAD DISTRITAL DE OCONGATE
ocds-dgv273-seacev3-2026-2385-4,ocds-dgv273-seacev3-2026-2385-4-2026-05-16T10:21:54.372299-05:00,PE-CONSUCODE-2385,20113733641,PE-RUC,SERVICIO DE AGUA POTABLE Y ALCANTARILLADO DE CAJAMARCA S.A.
ocds-dgv273-seacev3-1190176,ocds-dgv273-seacev3-1190176-2026-05-16T10:21:46.504316-05:00,PE-CONSUCODE-850,20147567449,PE-RUC,MUNICIPALIDAD PROVINCIAL DE URUBAMBA
ocds-dgv273-seacev3-1191125,ocds-dgv273-seacev3-1191125-2026-05-16T10:21:46.098432-05:00,PE-CONSUCODE-201185,20564327019,PE-RUC,GOBIERNO REGIONAL DE APURIMAC  - UNIDAD EJECUTORA GERENCIA SUB REGIONAL DE COTABAMBAS
ocds-dgv273-seacev3-2026-200302-12,ocds-dgv273-seacev3-2026-200302-12-2026-05-16T10:21:46.068045-05:00,PE-CONSUCODE-200302,20480776250,PE-RUC,POLICÍA NACIONAL DEL PERÚ - II DIRECCIÓN TERRITORIAL CHICLAYO
ocds-dgv273-seacev3-2026-403-4,ocds-dgv273-seacev3-2026-403-4-2026-05-16T10:21:45.145986-05:00,PE-CONSUCODE-403,20170422971,PE-RUC,MUNICIPALIDAD DISTRITAL DE MARIANO MELGAR
ocds-dgv273-seacev3-2026-1646-11,ocds-dgv273-seacev3-2026-1646-11-2026-05-16T10:21:44.830876-05:00,PE-CONSUCODE-1646,20159249779,PE-RUC,MUNICIPALIDAD DISTRITAL DE VICE
ocds-dgv273-seacev3-1191191,ocds-dgv273-seacev3-1191191-2026-05-16T10:21:43.766647-05:00,PE-CONSUCODE-1191,20175639391,PE-RUC,MUNICIPALIDAD PROVINCIAL DE TRUJILLO
ocds-dgv273-seacev3-1191669,ocds-dgv273-seacev3-1191669-2026-05-16T10:21:43.455648-05:00,PE-CONSUCODE-320,20216026048,PE-RUC,MUNICIPALIDAD DISTRITAL DE CHACOCHE
ocds-dgv273-seacev3-1190663,ocds-dgv273-seacev3-1190663-2026-05-16T10:21:43.288159-05:00,PE-CONSUCODE-151,20172268430,PE-RUC,MUNICIPALIDAD PROVINCIAL DE HUARAZ
ocds-dgv273-seacev3-1188548,ocds-dgv273-seacev3-1188548-2026-05-16T10:21:42.748151-05:00,PE-CONSUCODE-747,20131369809,PE-RUC,MUNICIPALIDAD DISTRITAL DE VENTANILLA
ocds-dgv273-seacev3-1188534,ocds-dgv273-seacev3-1188534-2026-05-16T10:21:34.059515-05:00,PE-CONSUCODE-747,20131369809,PE-RUC,MUNICIPALIDAD DISTRITAL DE VENTANILLA
ocds-dgv273-seacev3-1191097,ocds-dgv273-seacev3-1191097-2026-05-16T10:21:33.959657-05:00,PE-CONSUCODE-39,20486020882,PE-RUC,GOBIERNO REGIONAL DE HUANCAVELICA Sede Central
ocds-dgv273-seacev3-2026-168-3,ocds-dgv273-seacev3-2026-168-3-2026-05-16T10:21:33.769642-05:00,PE-CONSUCODE-168,20195408557,PE-RUC,MUNICIPALIDAD PROVINCIAL DE ANTONIO RAYMONDI - LLAMELLIN
ocds-dgv273-seacev3-1189096,ocds-dgv273-seacev3-1189096-2026-05-16T10:21:22.511663-05:00,PE-CONSUCODE-1050,20147705850,PE-RUC,MUNICIPALIDAD PROVINCIAL DE NAZCA
ocds-dgv273-seacev3-1200068,ocds-dgv273-seacev3-1200068-2026-05-15T10:34:18.510005-05:00,PE-CONSUCODE-200825,20556118079,PE-RUC,POLICÍA NACIONAL DEL PERÚ - DIRECCIÓN EJECUTIVA DE INVESTIGACIÓN CRIMINAL Y APOYO A LA JUSTICIA
ocds-dgv273-seacev3-2026-552-1,ocds-dgv273-seacev3-2026-552-1-2026-05-15T10:34:18.490962-05:00,PE-CONSUCODE-552,20143082297,PE-RUC,MUNICIPALIDAD PROVINCIAL DE LUCANAS - PUQUIO
ocds-dgv273-seacev3-1212027,ocds-dgv273-seacev3-1212027-2026-05-15T10:34:18.351796-05:00,PE-CONSUCODE-1289,20162368452,PE-RUC,MUNICIPALIDAD PROVINCIAL DE FERREÑAFE
ocds-dgv273-seacev3-1205532,ocds-dgv273-seacev3-1205532-2026-05-15T10:34:18.330844-05:00,PE-CONSUCODE-1568,20176736021,PE-RUC,MUNICIPALIDAD DISTRITAL DE YANACANCHA - PASCO
ocds-dgv273-seacev3-1191524,ocds-dgv273-seacev3-1191524-2026-05-15T10:34:17.608737-05:00,PE-CONSUCODE-47,20489252270,PE-RUC,GOBIERNO REGIONAL DE PASCO SEDE CENTRAL
ocds-dgv273-seacev3-2026-627-7,ocds-dgv273-seacev3-2026-627-7-2026-05-15T10:34:15.758234-05:00,PE-CONSUCODE-627,20148288853,PE-RUC,MUNICIPALIDAD PROVINCIAL DE CAJABAMBA
ocds-dgv273-seacev3-2026-1607-4,ocds-dgv273-seacev3-2026-1607-4-2026-05-15T10:34:14.912534-05:00,PE-CONSUCODE-1607,20172619241,PE-RUC,MUNICIPALIDAD DISTRITAL DE HUARMACA
ocds-dgv273-seacev3-1186417,ocds-dgv273-seacev3-1186417-2026-05-15T10:34:14.842931-05:00,PE-CONSUCODE-10194,20514964778,PE-RUC,INSTITUTO NACIONAL DE ENFERMEDADES NEOPLASICAS
ocds-dgv273-seacev3-2026-1041-9,ocds-dgv273-seacev3-2026-1041-9-2026-05-15T10:34:14.803900-05:00,PE-CONSUCODE-1041,20192391521,PE-RUC,MUNICIPALIDAD DISTRITAL DE CHAVIN
ocds-dgv273-seacev3-2026-1607-3,ocds-dgv273-seacev3-2026-1607-3-2026-05-15T10:34:14.610240-05:00,PE-CONSUCODE-1607,20172619241,PE-RUC,MUNICIPALIDAD DISTRITAL DE HUARMACA
ocds-dgv273-seacev3-2026-1590-3,ocds-dgv273-seacev3-2026-1590-3-2026-05-15T10:34:08.478446-05:00,PE-CONSUCODE-1590,20146722653,PE-RUC,MUNICIPALIDAD DISTRITAL DE LA UNION - PIURA
ocds-dgv273-seacev3-1189291,ocds-dgv273-seacev3-1189291-2026-05-15T10:34:06.850234-05:00,PE-CONSUCODE-1053,20148420719,PE-RUC,MUNICIPALIDAD DISTRITAL DE MARCONA
ocds-dgv273-seacev3-1188442,ocds-dgv273-seacev3-1188442-2026-05-15T10:34:05.817945-05:00,PE-CONSUCODE-10249,20144364059,PE-RUC,FUERZA AEREA DEL PERU
ocds-dgv273-seacev3-1190590,ocds-dgv273-seacev3-1190590-2026-05-15T10:33:57.899503-05:00,PE-CONSUCODE-389,20180001051,PE-RUC,MUNICIPALIDAD PROVINCIAL DE CHINCHEROS
ocds-dgv273-seacev3-1190236,ocds-dgv273-seacev3-1190236-2026-05-15T10:33:57.132973-05:00,PE-CONSUCODE-10247,20131369124,PE-RUC,EJERCITO PERUANO
ocds-dgv273-seacev3-2026-755-28,ocds-dgv273-seacev3-2026-755-28-2026-05-15T10:33:56.097566-05:00,PE-CONSUCODE-755,20154432516,PE-RUC,MUNICIPALIDAD DISTRITAL DE SANTIAGO - CUSCO
ocds-dgv273-seacev3-2026-1731-23,ocds-dgv273-seacev3-2026-1731-23-2026-05-15T10:33:55.230248-05:00,PE-CONSUCODE-1731,20165195290,PE-RUC,MUNICIPALIDAD PROVINCIAL DE SAN ROMAN - JULIACA
ocds-dgv273-seacev3-1186634,ocds-dgv273-seacev3-1186634-2026-05-15T10:33:54.358041-05:00,PE-CONSUCODE-413,20206428741,PE-RUC,MUNICIPALIDAD DISTRITAL DE SAN JUAN DE TARUCANI
ocds-dgv273-seacev3-1190294,ocds-dgv273-seacev3-1190294-2026-05-15T10:33:46.599557-05:00,PE-CONSUCODE-754,20159308961,PE-RUC,MUNICIPALIDAD DISTRITAL DE SAN SEBASTIAN
ocds-dgv273-seacev3-2026-200153-1,ocds-dgv273-seacev3-2026-200153-1-2026-05-15T10:33:45.523426-05:00,PE-CONSUCODE-200153,20520000411,PE-RUC,GOBIERNO REGIONAL DE MOQUEGUA ZONA ESPECIAL DE DESARROLLO ILO
ocds-dgv273-seacev3-1191618,ocds-dgv273-seacev3-1191618-2026-05-15T10:33:45.354094-05:00,PE-CONSUCODE-20002,20172772278,PE-RUC,GOBIERNO REGIONAL DE AYACUCHO - HOSPITAL HUAMANGA
ocds-dgv273-seacev3-2026-1041-12,ocds-dgv273-seacev3-2026-1041-12-2026-05-15T10:33:42.965039-05:00,PE-CONSUCODE-1041,20192391521,PE-RUC,MUNICIPALIDAD DISTRITAL DE CHAVIN
ocds-dgv273-seacev3-2026-10564-20,ocds-dgv273-seacev3-2026-10564-20-2026-05-15T10:33:34.430722-05:00,PE-CONSUCODE-10564,20199860551,PE-RUC,GOBIERNO REGIONAL DE PUNO-PROGRAMA REGIONAL DE RIEGO Y DRENAJE
ocds-dgv273-seacev3-2026-200382-2,ocds-dgv273-seacev3-2026-200382-2-2026-05-15T10:33:32.609813-05:00,PE-CONSUCODE-200382,20542068281,PE-RUC,UNIVERSIDAD NACIONAL DE BARRANCA
ocds-dgv273-seacev3-2026-1733-1,ocds-dgv273-seacev3-2026-1733-1-2026-05-15T10:33:32.257933-05:00,PE-CONSUCODE-1733,20205942921,PE-RUC,MUNICIPALIDAD DISTRITAL DE CABANILLAS
ocds-dgv273-seacev3-2026-1041-8,ocds-dgv273-seacev3-2026-1041-8-2026-05-15T10:33:32.199859-05:00,PE-CONSUCODE-1041,20192391521,PE-RUC,MUNICIPALIDAD DISTRITAL DE CHAVIN
ocds-dgv273-seacev3-2026-1041-10,ocds-dgv273-seacev3-2026-1041-10-2026-05-15T10:33:32.174983-05:00,PE-CONSUCODE-1041,20192391521,PE-RUC,MUNICIPALIDAD DISTRITAL DE CHAVIN
ocds-dgv273-seacev3-2026-232-12,ocds-dgv273-seacev3-2026-232-12-2026-05-15T10:33:31.953349-05:00,PE-CONSUCODE-232,20146925848,PE-RUC,MUNICIPALIDAD DISTRITAL DE PAMPAROMAS
ocds-dgv273-seacev3-2026-200035-12,ocds-dgv273-seacev3-2026-200035-12-2026-05-15T10:33:24.065340-05:00,PE-CONSUCODE-200035,20504007945,PE-RUC,PROGRAMA DE EMPLEO TEMPORAL - LLAMKASUN PERU
ocds-dgv273-seacev3-1189707,ocds-dgv273-seacev3-1189707-2026-05-15T10:33:21.149277-05:00,PE-CONSUCODE-1053,20148420719,PE-RUC,MUNICIPALIDAD DISTRITAL DE MARCONA
ocds-dgv273-seacev3-1186967,ocds-dgv273-seacev3-1186967-2026-05-15T10:33:20.533964-05:00,PE-CONSUCODE-200092,20447367727,PE-RUC,MUNICIPALIDAD DISTRITAL DE PILLCO MARCA
ocds-dgv273-seacev3-2026-1041-3,ocds-dgv273-seacev3-2026-1041-3-2026-05-15T10:33:20.481691-05:00,PE-CONSUCODE-1041,20192391521,PE-RUC,MUNICIPALIDAD DISTRITAL DE CHAVIN
ocds-dgv273-seacev3-2026-15-1,ocds-dgv273-seacev3-2026-15-1-2026-05-15T10:33:13.658049-05:00,PE-CONSUCODE-15,20131368829,PE-RUC,MINISTERIO DE ENERGIA Y MINAS
ocds-dgv273-seacev3-1195303,ocds-dgv273-seacev3-1195303-2026-05-15T10:33:12.163013-05:00,PE-CONSUCODE-403,20170422971,PE-RUC,MUNICIPALIDAD DISTRITAL DE MARIANO MELGAR
ocds-dgv273-seacev3-2026-1890-17,ocds-dgv273-seacev3-2026-1890-17-2026-05-15T10:33:09.769586-05:00,PE-CONSUCODE-1890,20168014962,PE-RUC,UNIVERSIDAD NACIONAL DE HUANCAVELICA
ocds-dgv273-seacev3-1187291,ocds-dgv273-seacev3-1187291-2026-05-15T10:33:09.517360-05:00,PE-CONSUCODE-293,20222952256,PE-RUC,MUNICIPALIDAD DISTRITAL DE QUILLO
ocds-dgv273-seacev3-1187737,ocds-dgv273-seacev3-1187737-2026-05-15T10:33:09.498213-05:00,PE-CONSUCODE-389,20180001051,PE-RUC,MUNICIPALIDAD PROVINCIAL DE CHINCHEROS
ocds-dgv273-seacev3-2026-1289-4,ocds-dgv273-seacev3-2026-1289-4-2026-05-15T10:33:00.687995-05:00,PE-CONSUCODE-1289,20162368452,PE-RUC,MUNICIPALIDAD PROVINCIAL DE FERREÑAFE
ocds-dgv273-seacev3-1187592,ocds-dgv273-seacev3-1187592-2026-05-15T10:32:58.109639-05:00,PE-CONSUCODE-1162,20199368053,PE-RUC,MUNICIPALIDAD DISTRITAL DE RIO TAMBO
ocds-dgv273-seacev3-2026-1041-7,ocds-dgv273-seacev3-2026-1041-7-2026-05-15T10:32:58.093613-05:00,PE-CONSUCODE-1041,20192391521,PE-RUC,MUNICIPALIDAD DISTRITAL DE CHAVIN
ocds-dgv273-seacev3-2026-1590-2,ocds-dgv273-seacev3-2026-1590-2-2026-05-15T10:32:58.015758-05:00,PE-CONSUCODE-1590,20146722653,PE-RUC,MUNICIPALIDAD DISTRITAL DE LA UNION - PIURA
ocds-dgv273-seacev3-1187087,ocds-dgv273-seacev3-1187087-2026-05-15T10:32:57.990170-05:00,PE-CONSUCODE-913,20188457178,PE-RUC,MUNICIPALIDAD DISTRITAL DE HUACHOCOLPA - TAYACAJA
ocds-dgv273-seacev3-2026-1041-2,ocds-dgv273-seacev3-2026-1041-2-2026-05-15T10:32:57.961693-05:00,PE-CONSUCODE-1041,20192391521,PE-RUC,MUNICIPALIDAD DISTRITAL DE CHAVIN
ocds-dgv273-seacev3-2026-688-4,ocds-dgv273-seacev3-2026-688-4-2026-05-14T10:36:47.988292-05:00,PE-CONSUCODE-688,20201987297,PE-RUC,MUNICIPALIDAD PROVINCIAL DE JAEN
ocds-dgv273-seacev3-2026-813-51,ocds-dgv273-seacev3-2026-813-51-2026-05-14T10:36:46.334876-05:00,PE-CONSUCODE-813,20187459258,PE-RUC,MUNICIPALIDAD PROVINCIAL DE LA CONVENCION - SANTA ANA
ocds-dgv273-seacev3-1188772,ocds-dgv273-seacev3-1188772-2026-05-14T10:36:45.625424-05:00,PE-CONSUCODE-331,20163027080,PE-RUC,MUNICIPALIDAD DISTRITAL DE KISHUARA
ocds-dgv273-seacev3-2026-10552-5,ocds-dgv273-seacev3-2026-10552-5-2026-05-14T10:36:44.948009-05:00,PE-CONSUCODE-10552,20315880069,PE-RUC,GOBIERNO REGIONAL DE PIURA - GERENCIA SUBREGIONAL  LUCIANO CASTILLO COLONNA
ocds-dgv273-seacev3-1191384,ocds-dgv273-seacev3-1191384-2026-05-14T10:36:37.467869-05:00,PE-CONSUCODE-488,20166164789,PE-RUC,MUNICIPALIDAD PROVINCIAL DE ISLAY - MOLLENDO
ocds-dgv273-seacev3-1191373,ocds-dgv273-seacev3-1191373-2026-05-14T10:36:37.101954-05:00,PE-CONSUCODE-488,20166164789,PE-RUC,MUNICIPALIDAD PROVINCIAL DE ISLAY - MOLLENDO
ocds-dgv273-seacev3-1188666,ocds-dgv273-seacev3-1188666-2026-05-14T10:36:36.175188-05:00,PE-CONSUCODE-49,20406325815,PE-RUC,GOBIERNO REGIONAL DE PUNO SEDE CENTRAL
ocds-dgv273-seacev3-1187826,ocds-dgv273-seacev3-1187826-2026-05-14T10:36:36.129144-05:00,PE-CONSUCODE-1053,20148420719,PE-RUC,MUNICIPALIDAD DISTRITAL DE MARCONA
ocds-dgv273-seacev3-2026-1065-2,ocds-dgv273-seacev3-2026-1065-2-2026-05-14T10:36:26.185386-05:00,PE-CONSUCODE-1065,20184022207,PE-RUC,MUNICIPALIDAD DISTRITAL DE SAN ANDRES
ocds-dgv273-seacev3-2026-535-2,ocds-dgv273-seacev3-2026-535-2-2026-05-14T10:36:25.960023-05:00,PE-CONSUCODE-535,20223310517,PE-RUC,MUNICIPALIDAD DISTRITAL DE VILCANCHOS
ocds-dgv273-seacev3-1189946,ocds-dgv273-seacev3-1189946-2026-05-14T10:36:25.915600-05:00,PE-CONSUCODE-1050,20147705850,PE-RUC,MUNICIPALIDAD PROVINCIAL DE NAZCA
ocds-dgv273-seacev3-2026-1562-6,ocds-dgv273-seacev3-2026-1562-6-2026-05-14T10:36:25.284471-05:00,PE-CONSUCODE-1562,20191043546,PE-RUC,MUNICIPALIDAD DISTRITAL DE PAUCARTAMBO
ocds-dgv273-seacev3-1188650,ocds-dgv273-seacev3-1188650-2026-05-14T10:36:25.250188-05:00,PE-CONSUCODE-1050,20147705850,PE-RUC,MUNICIPALIDAD PROVINCIAL DE NAZCA
ocds-dgv273-seacev3-1188468,ocds-dgv273-seacev3-1188468-2026-05-14T10:36:25.198346-05:00,PE-CONSUCODE-200198,20527760314,PE-RUC,UNIVERSIDAD NACIONAL JOSE MARIA ARGUEDAS
ocds-dgv273-seacev3-1190369,ocds-dgv273-seacev3-1190369-2026-05-14T10:36:17.210775-05:00,PE-CONSUCODE-26,20131370301,PE-RUC,MINISTERIO PUBLICO
ocds-dgv273-seacev3-1191271,ocds-dgv273-seacev3-1191271-2026-05-14T10:36:17.174882-05:00,PE-CONSUCODE-1713,20145614121,PE-RUC,MUNICIPALIDAD PROVINCIAL DE MELGAR - AYAVIRI
ocds-dgv273-seacev3-2026-688-2,ocds-dgv273-seacev3-2026-688-2-2026-05-14T10:36:14.650419-05:00,PE-CONSUCODE-688,20201987297,PE-RUC,MUNICIPALIDAD PROVINCIAL DE JAEN
ocds-dgv273-seacev3-1186878,ocds-dgv273-seacev3-1186878-2026-05-14T10:36:13.939868-05:00,PE-CONSUCODE-1913,20166550239,PE-RUC,UNIVERSIDAD NACIONAL SANTIAGO ANTUNEZ DE MAYOLO
ocds-dgv273-seacev3-1191548,ocds-dgv273-seacev3-1191548-2026-05-14T10:36:05.472395-05:00,PE-CONSUCODE-35,20452393493,PE-RUC,GOBIERNO REGIONAL DE AYACUCHO SEDE CENTRAL
ocds-dgv273-seacev3-1191429,ocds-dgv273-seacev3-1191429-2026-05-14T10:36:04.048462-05:00,PE-CONSUCODE-51,20519752515,PE-RUC,GOBIERNO REGIONAL DE TACNA SEDE CENTRAL
ocds-dgv273-seacev3-2026-1962-1,ocds-dgv273-seacev3-2026-1962-1-2026-05-14T10:36:03.035152-05:00,PE-CONSUCODE-1962,20112919377,PE-RUC,"INSTITUTO GEOLOGICO, MINERO Y METALURGICO"
ocds-dgv273-seacev3-1187715,ocds-dgv273-seacev3-1187715-2026-05-14T10:36:02.995095-05:00,PE-CONSUCODE-873,20183984196,PE-RUC,MUNICIPALIDAD DISTRITAL DE YAULI - HUANCAVELICA
ocds-dgv273-seacev3-1195215,ocds-dgv273-seacev3-1195215-2026-05-14T10:35:55.680694-05:00,PE-CONSUCODE-761,20159329535,PE-RUC,MUNICIPALIDAD DISTRITAL DE POMACANCHI
ocds-dgv273-seacev3-1192049,ocds-dgv273-seacev3-1192049-2026-05-14T10:35:55.530755-05:00,PE-CONSUCODE-203226,20601765226,PE-RUC,UNIDAD EJECUTORA 125 PROGRAMA NACIONAL DE INVERSIONES EN SALUD
ocds-dgv273-seacev3-1190356,ocds-dgv273-seacev3-1190356-2026-05-14T10:35:52.792191-05:00,PE-CONSUCODE-1310,20131367776,PE-RUC,MUNICIPALIDAD DISTRITAL DE BARRANCO
ocds-dgv273-seacev3-1191658,ocds-dgv273-seacev3-1191658-2026-05-14T10:35:52.377896-05:00,PE-CONSUCODE-1577,20190242961,PE-RUC,MUNICIPALIDAD PROVINCIAL DE OXAPAMPA
ocds-dgv273-seacev3-1188134,ocds-dgv273-seacev3-1188134-2026-05-14T10:35:51.932322-05:00,PE-CONSUCODE-1338,20131378034,PE-RUC,MUNICIPALIDAD DISTRITAL DE SAN JUAN DE LURIGANCHO
ocds-dgv273-seacev3-2026-1982-1,ocds-dgv273-seacev3-2026-1982-1-2026-05-14T10:35:51.430100-05:00,PE-CONSUCODE-1982,20135897044,PE-RUC,INSTITUTO PERUANO DEL DEPORTE
ocds-dgv273-seacev3-2026-1852-27,ocds-dgv273-seacev3-2026-1852-27-2026-05-14T10:35:51.413486-05:00,PE-CONSUCODE-1852,20171895147,PE-RUC,MUNICIPALIDAD DISTRITAL DE ILABAYA
ocds-dgv273-seacev3-2026-1596-8,ocds-dgv273-seacev3-2026-1596-8-2026-05-14T10:35:42.667209-05:00,PE-CONSUCODE-1596,20194832746,PE-RUC,MUNICIPALIDAD DISTRITAL DE LAGUNAS - AYABACA
ocds-dgv273-seacev3-1189712,ocds-dgv273-seacev3-1189712-2026-05-14T10:35:41.264146-05:00,PE-CONSUCODE-1915,20137921601,PE-RUC,FONDO NACIONAL DE DESARROLLO PESQUERO
ocds-dgv273-seacev3-1188752,ocds-dgv273-seacev3-1188752-2026-05-14T10:35:40.691882-05:00,PE-CONSUCODE-331,20163027080,PE-RUC,MUNICIPALIDAD DISTRITAL DE KISHUARA
ocds-dgv273-seacev3-1186412,ocds-dgv273-seacev3-1186412-2026-05-14T10:35:39.506600-05:00,PE-CONSUCODE-2543,20131257750,PE-RUC,SEGURO SOCIAL DE SALUD
ocds-dgv273-seacev3-1191377,ocds-dgv273-seacev3-1191377-2026-05-14T10:35:31.289583-05:00,PE-CONSUCODE-488,20166164789,PE-RUC,MUNICIPALIDAD PROVINCIAL DE ISLAY - MOLLENDO
ocds-dgv273-seacev3-1191709,ocds-dgv273-seacev3-1191709-2026-05-14T10:35:30.313639-05:00,PE-CONSUCODE-278,20282911915,PE-RUC,MUNICIPALIDAD DISTRITAL DE NUEVO CHIMBOTE
ocds-dgv273-seacev3-2026-1034-2,ocds-dgv273-seacev3-2026-1034-2-2026-05-14T10:35:28.375944-05:00,PE-CONSUCODE-1034,20147711159,PE-RUC,MUNICIPALIDAD DISTRITAL DE SANTIAGO - ICA
ocds-dgv273-seacev3-2026-41-33,ocds-dgv273-seacev3-2026-41-33-2026-05-14T10:35:28.186000-05:00,PE-CONSUCODE-41,20486021692,PE-RUC,GOBIERNO REGIONAL DE JUNIN SEDE CENTRAL
ocds-dgv273-seacev3-1191706,ocds-dgv273-seacev3-1191706-2026-05-13T10:35:39.604731-05:00,PE-CONSUCODE-43,20479569780,PE-RUC,GOBIERNO REGIONAL DE LAMBAYEQUE SEDE CENTRAL
ocds-dgv273-seacev3-1187355,ocds-dgv273-seacev3-1187355-2026-05-13T10:35:38.013668-05:00,PE-CONSUCODE-200280,20486988836,PE-RUC,GOBIERNO REGIONAL DE HUANCAVELICA GERENCIA SUB REGIONAL ACOBAMBA
ocds-dgv273-seacev3-1189775,ocds-dgv273-seacev3-1189775-2026-05-13T10:35:31.208521-05:00,PE-CONSUCODE-1959,20148138886,PE-RUC,INSTITUTO DEL MAR DEL PERU
ocds-dgv273-seacev3-1188585,ocds-dgv273-seacev3-1188585-2026-05-13T10:35:31.120870-05:00,PE-CONSUCODE-14,20131370998,PE-RUC,MINISTERIO DE EDUCACION
ocds-dgv273-seacev3-1206550,ocds-dgv273-seacev3-1206550-2026-05-13T10:35:29.055550-05:00,PE-CONSUCODE-43,20479569780,PE-RUC,GOBIERNO REGIONAL DE LAMBAYEQUE SEDE CENTRAL
ocds-dgv273-seacev3-2026-1628-1,ocds-dgv273-seacev3-2026-1628-1-2026-05-13T10:35:27.392157-05:00,PE-CONSUCODE-1628,20154477021,PE-RUC,MUNICIPALIDAD PROVINCIAL DE SULLANA
ocds-dgv273-seacev3-1188106,ocds-dgv273-seacev3-1188106-2026-05-13T10:35:27.297103-05:00,PE-CONSUCODE-1559,20190184821,PE-RUC,MUNICIPALIDAD DISTRITAL DE HUAYLLAY
ocds-dgv273-seacev3-1188145,ocds-dgv273-seacev3-1188145-2026-05-13T10:35:27.281408-05:00,PE-CONSUCODE-203086,20601224624,PE-RUC,HOSPITAL DE EMERGENCIAS VILLA EL SALVADOR
ocds-dgv273-seacev3-2026-1926-7,ocds-dgv273-seacev3-2026-1926-7-2026-05-13T10:35:19.978722-05:00,PE-CONSUCODE-1926,20122476309,PE-RUC,BANCO CENTRAL DE RESERVA DEL PERÚ
ocds-dgv273-seacev3-2026-200382-1,ocds-dgv273-seacev3-2026-200382-1-2026-05-13T10:35:16.986183-05:00,PE-CONSUCODE-200382,20542068281,PE-RUC,UNIVERSIDAD NACIONAL DE BARRANCA
ocds-dgv273-seacev3-1188493,ocds-dgv273-seacev3-1188493-2026-05-13T10:35:08.585407-05:00,PE-CONSUCODE-2364,20136353315,PE-RUC,ENTIDAD PRESTADORA DE SERVICIO DE SANEAMIENTO DE CUSCO S.A.
ocds-dgv273-seacev3-1190498,ocds-dgv273-seacev3-1190498-2026-05-13T10:35:08.379819-05:00,PE-CONSUCODE-1536,20154469941,PE-RUC,MUNICIPALIDAD PROVINCIAL DE MARISCAL NIETO - MOQUEGUA
ocds-dgv273-seacev3-2026-200260-6,ocds-dgv273-seacev3-2026-200260-6-2026-05-13T10:35:07.878380-05:00,PE-CONSUCODE-200260,20478053178,PE-RUC,SERVICIO NACIONAL DE AREAS NATURALES PROTEGIDAS POR EL ESTADO - SERNANP
ocds-dgv273-seacev3-1193467,ocds-dgv273-seacev3-1193467-2026-05-13T10:35:05.444923-05:00,PE-CONSUCODE-43,20479569780,PE-RUC,GOBIERNO REGIONAL DE LAMBAYEQUE SEDE CENTRAL
ocds-dgv273-seacev3-1190091,ocds-dgv273-seacev3-1190091-2026-05-13T10:34:57.119412-05:00,PE-CONSUCODE-35,20452393493,PE-RUC,GOBIERNO REGIONAL DE AYACUCHO SEDE CENTRAL
ocds-dgv273-seacev3-2026-200395-3,ocds-dgv273-seacev3-2026-200395-3-2026-05-13T10:34:55.659548-05:00,PE-CONSUCODE-200395,20493998472,PE-RUC,GOBIERNO REGIONAL DE LORETO - HOSPITAL DE APOYO SANTA GEMA DE YURIMAGUAS
ocds-dgv273-seacev3-1189927,ocds-dgv273-seacev3-1189927-2026-05-13T10:34:54.726691-05:00,PE-CONSUCODE-203226,20601765226,PE-RUC,UNIDAD EJECUTORA 125 PROGRAMA NACIONAL DE INVERSIONES EN SALUD
ocds-dgv273-seacev3-1187957,ocds-dgv273-seacev3-1187957-2026-05-13T10:34:54.128049-05:00,PE-CONSUCODE-1540,20171880115,PE-RUC,MUNICIPALIDAD DISTRITAL DE TORATA
ocds-dgv273-seacev3-1213156,ocds-dgv273-seacev3-1213156-2026-05-13T10:34:48.607128-05:00,PE-CONSUCODE-10015,20414868216,PE-RUC,PROGRAMA SUBSECTORIAL DE IRRIGACIONES - PSI
ocds-dgv273-seacev3-1191179,ocds-dgv273-seacev3-1191179-2026-05-13T10:34:45.642213-05:00,PE-CONSUCODE-205210,20611816953,PE-RUC,AUTORIDAD NACIONAL DE INFRAESTRUCTURA
ocds-dgv273-seacev3-2026-200139-2,ocds-dgv273-seacev3-2026-200139-2-2026-05-13T10:34:45.459491-05:00,PE-CONSUCODE-200139,20479801275,PE-RUC,SERVICIO DE ADMINISTRACIÓN TRIBUTARIA DE CHICLAYO
ocds-dgv273-seacev3-1189103,ocds-dgv273-seacev3-1189103-2026-05-13T10:34:43.988820-05:00,PE-CONSUCODE-685,20148260843,PE-RUC,MUNICIPALIDAD PROVINCIAL DE HUALGAYOC - BAMBAMARCA
ocds-dgv273-seacev3-2026-10489-2,ocds-dgv273-seacev3-2026-10489-2-2026-05-13T10:34:43.735501-05:00,PE-CONSUCODE-10489,20219793252,PE-RUC,GOBIERNO REGIONAL DE LA LIBERTAD - GERENCIA  REGIONAL  DE AGRICULTURA
ocds-dgv273-seacev3-2026-80812-17,ocds-dgv273-seacev3-2026-80812-17-2026-05-13T10:34:33.977047-05:00,PE-CONSUCODE-202225,20141814312,PE-RUC,EMPRESA PRESTADORA DE SERVICIOS DE SANEAMIENTO MARAÑON S.A.
ocds-dgv273-seacev3-2026-10427-6,ocds-dgv273-seacev3-2026-10427-6-2026-05-13T10:34:33.815283-05:00,PE-CONSUCODE-10427,20365228109,PE-RUC,GOBIERNO REGIONAL DE AYACUCHO-TRANSPORTES
ocds-dgv273-seacev3-2026-1155-42,ocds-dgv273-seacev3-2026-1155-42-2026-05-13T10:34:32.728327-05:00,PE-CONSUCODE-1155,20146674403,PE-RUC,MUNICIPALIDAD PROVINCIAL DE SATIPO
ocds-dgv273-seacev3-1189160,ocds-dgv273-seacev3-1189160-2026-05-10T21:37:55.719169-05:00,PE-CONSUCODE-1850,20194735384,PE-RUC,MUNICIPALIDAD PROVINCIAL DE JORGE BASADRE - LOCUMBA
ocds-dgv273-seacev3-1189686,ocds-dgv273-seacev3-1189686-2026-05-10T21:37:55.020237-05:00,PE-CONSUCODE-46,20519752604,PE-RUC,GOBIERNO REGIONAL DE MOQUEGUA SEDE CENTRAL
ocds-dgv273-seacev3-1191617,ocds-dgv273-seacev3-1191617-2026-05-10T21:37:54.142112-05:00,PE-CONSUCODE-256,20207429091,PE-RUC,MUNICIPALIDAD PROVINCIAL DE POMABAMBA
ocds-dgv273-seacev3-1190198,ocds-dgv273-seacev3-1190198-2026-05-10T21:37:53.620356-05:00,PE-CONSUCODE-967,20199470842,PE-RUC,MUNICIPALIDAD DISTRITAL DE TOMAYKICHWA
ocds-dgv273-seacev3-2026-953-1,ocds-dgv273-seacev3-2026-953-1-2026-05-10T21:37:52.262610-05:00,PE-CONSUCODE-953,20160927896,PE-RUC,MUNICIPALIDAD DISTRITAL DE CHURUBAMBA
ocds-dgv273-seacev3-2026-200130-8,ocds-dgv273-seacev3-2026-200130-8-2026-05-10T21:37:52.034175-05:00,PE-CONSUCODE-200130,20393127431,PE-RUC,GOBIERNO REGIONAL DE UCAYALI - DIRECCION DE SALUD Nº 3 ATALAYA
ocds-dgv273-seacev3-2026-200130-7,ocds-dgv273-seacev3-2026-200130-7-2026-05-10T21:37:52.017234-05:00,PE-CONSUCODE-200130,20393127431,PE-RUC,GOBIERNO REGIONAL DE UCAYALI - DIRECCION DE SALUD Nº 3 ATALAYA
ocds-dgv273-seacev3-2026-411-2,ocds-dgv273-seacev3-2026-411-2-2026-05-10T21:37:51.971613-05:00,PE-CONSUCODE-411,20190583369,PE-RUC,MUNICIPALIDAD DISTRITAL DE SACHACA
ocds-dgv273-seacev3-1190770,ocds-dgv273-seacev3-1190770-2026-05-10T21:37:46.237432-05:00,PE-CONSUCODE-511,20143629679,PE-RUC,MUNICIPALIDAD DISTRITAL DE QUINUA
ocds-dgv273-seacev3-2026-10153-26,ocds-dgv273-seacev3-2026-10153-26-2026-05-10T21:37:45.865943-05:00,PE-CONSUCODE-10153,20399728241,PE-RUC,POLICÍA NACIONAL DEL PERÚ - X REGIÓN TERRITORIAL CUSCO
ocds-dgv273-seacev3-1203034,ocds-dgv273-seacev3-1203034-2026-05-10T21:37:45.219568-05:00,PE-CONSUCODE-1498,20191636016,PE-RUC,MUNICIPALIDAD DISTRITAL DE PASTAZA
ocds-dgv273-seacev3-2026-403-3,ocds-dgv273-seacev3-2026-403-3-2026-05-10T21:37:43.231085-05:00,PE-CONSUCODE-403,20170422971,PE-RUC,MUNICIPALIDAD DISTRITAL DE MARIANO MELGAR
ocds-dgv273-seacev3-1188908,ocds-dgv273-seacev3-1188908-2026-05-10T21:37:42.127474-05:00,PE-CONSUCODE-26,20131370301,PE-RUC,MINISTERIO PUBLICO
ocds-dgv273-seacev3-2026-49-25,ocds-dgv273-seacev3-2026-49-25-2026-05-10T21:37:42.119301-05:00,PE-CONSUCODE-49,20406325815,PE-RUC,GOBIERNO REGIONAL DE PUNO SEDE CENTRAL
ocds-dgv273-seacev3-2026-200130-6,ocds-dgv273-seacev3-2026-200130-6-2026-05-10T21:37:42.027583-05:00,PE-CONSUCODE-200130,20393127431,PE-RUC,GOBIERNO REGIONAL DE UCAYALI - DIRECCION DE SALUD Nº 3 ATALAYA
ocds-dgv273-seacev3-2026-200130-21,ocds-dgv273-seacev3-2026-200130-21-2026-05-10T21:37:42.011818-05:00,PE-CONSUCODE-200130,20393127431,PE-RUC,GOBIERNO REGIONAL DE UCAYALI - DIRECCION DE SALUD Nº 3 ATALAYA
ocds-dgv273-seacev3-1195230,ocds-dgv273-seacev3-1195230-2026-05-10T21:37:34.937096-05:00,PE-CONSUCODE-1300,20198667260,PE-RUC,MUNICIPALIDAD DISTRITAL DE MORROPE
ocds-dgv273-seacev3-2026-1031-5,ocds-dgv273-seacev3-2026-1031-5-2026-05-10T21:37:34.841667-05:00,PE-CONSUCODE-1031,20189111321,PE-RUC,MUNICIPALIDAD DISTRITAL DE SALAS - ICA
ocds-dgv273-seacev3-2026-1065-1,ocds-dgv273-seacev3-2026-1065-1-2026-05-10T21:37:34.186580-05:00,PE-CONSUCODE-1065,20184022207,PE-RUC,MUNICIPALIDAD DISTRITAL DE SAN ANDRES
ocds-dgv273-seacev3-1187932,ocds-dgv273-seacev3-1187932-2026-05-10T21:37:30.661597-05:00,PE-CONSUCODE-907,20190345344,PE-RUC,MUNICIPALIDAD PROVINCIAL DE TAYACAJA - PAMPAS
ocds-dgv273-seacev3-2026-200130-20,ocds-dgv273-seacev3-2026-200130-20-2026-05-10T21:37:30.630496-05:00,PE-CONSUCODE-200130,20393127431,PE-RUC,GOBIERNO REGIONAL DE UCAYALI - DIRECCION DE SALUD Nº 3 ATALAYA
ocds-dgv273-seacev3-1191863,ocds-dgv273-seacev3-1191863-2026-05-10T21:37:24.435552-05:00,PE-CONSUCODE-200130,20393127431,PE-RUC,GOBIERNO REGIONAL DE UCAYALI - DIRECCION DE SALUD Nº 3 ATALAYA
ocds-dgv273-seacev3-2026-1320-19,ocds-dgv273-seacev3-2026-1320-19-2026-05-10T21:37:23.686275-05:00,PE-CONSUCODE-1320,20131365722,PE-RUC,MUNICIPALIDAD DISTRITAL DE LA MOLINA
ocds-dgv273-seacev3-2026-1320-15,ocds-dgv273-seacev3-2026-1320-15-2026-05-10T21:37:23.611979-05:00,PE-CONSUCODE-1320,20131365722,PE-RUC,MUNICIPALIDAD DISTRITAL DE LA MOLINA
ocds-dgv273-seacev3-1189351,ocds-dgv273-seacev3-1189351-2026-05-10T21:37:23.597865-05:00,PE-CONSUCODE-805,20147346434,PE-RUC,MUNICIPALIDAD PROVINCIAL DE ESPINAR
ocds-dgv273-seacev3-1190760,ocds-dgv273-seacev3-1190760-2026-05-10T21:37:23.391906-05:00,PE-CONSUCODE-1839,20147796987,PE-RUC,MUNICIPALIDAD DISTRITAL DE POCOLLAY
ocds-dgv273-seacev3-1190132,ocds-dgv273-seacev3-1190132-2026-05-10T21:37:22.703306-05:00,PE-CONSUCODE-51,20519752515,PE-RUC,GOBIERNO REGIONAL DE TACNA SEDE CENTRAL
ocds-dgv273-seacev3-2026-1209-6,ocds-dgv273-seacev3-2026-1209-6-2026-05-10T21:37:22.595470-05:00,PE-CONSUCODE-1209,20141897935,PE-RUC,MUNICIPALIDAD PROVINCIAL DE SANCHEZ CARRION - HUAMACHUCO
ocds-dgv273-seacev3-2026-200502-1,ocds-dgv273-seacev3-2026-200502-1-2026-05-10T21:37:21.529630-05:00,PE-CONSUCODE-200502,20538977030,PE-RUC,ESTACION EXPERIMENTAL AGRARIA VISTA FLORIDA - LAMBAYEQUE
ocds-dgv273-seacev3-1198142,ocds-dgv273-seacev3-1198142-2026-05-10T21:37:21.513857-05:00,PE-CONSUCODE-1372,20148181544,PE-RUC,MUNICIPALIDAD DISTRITAL DE NUEVO IMPERIAL
ocds-dgv273-seacev3-1203427,ocds-dgv273-seacev3-1203427-2026-05-10T21:37:20.668494-05:00,PE-CONSUCODE-1506,20195690988,PE-RUC,MUNICIPALIDAD DISTRITAL DE PARINARI
ocds-dgv273-seacev3-2026-200130-15,ocds-dgv273-seacev3-2026-200130-15-2026-05-10T21:37:20.155887-05:00,PE-CONSUCODE-200130,20393127431,PE-RUC,GOBIERNO REGIONAL DE UCAYALI - DIRECCION DE SALUD Nº 3 ATALAYA
ocds-dgv273-seacev3-1187632,ocds-dgv273-seacev3-1187632-2026-05-10T21:37:20.099195-05:00,PE-CONSUCODE-34,20498390570,PE-RUC,GOBIERNO REGIONAL DE AREQUIPA Sede Central
ocds-dgv273-seacev3-1185862,ocds-dgv273-seacev3-1185862-2026-05-10T21:37:20.052984-05:00,PE-CONSUCODE-1175,20199759672,PE-RUC,MUNICIPALIDAD DISTRITAL DE MARCAPOMACOCHA
ocds-dgv273-seacev3-1187880,ocds-dgv273-seacev3-1187880-2026-05-10T21:37:20.004411-05:00,PE-CONSUCODE-200096,20519610214,PE-RUC,MUNICIPALIDAD DISTRITAL DE CORONEL GREGORIO ALBARRACIN LANCHIPA
ocds-dgv273-seacev3-2026-200130-18,ocds-dgv273-seacev3-2026-200130-18-2026-05-10T21:37:19.980138-05:00,PE-CONSUCODE-200130,20393127431,PE-RUC,GOBIERNO REGIONAL DE UCAYALI - DIRECCION DE SALUD Nº 3 ATALAYA
ocds-dgv273-seacev3-2026-251427-25,ocds-dgv273-seacev3-2026-251427-25-2026-05-10T21:37:19.806685-05:00,PE-CONSUCODE-204970,20608861549,PE-RUC,SERVICIO DE MANTENIMIENTO DEL PERÚ SOCIEDAD ANÓNIMA CERRADA
ocds-dgv273-seacev3-1186692,ocds-dgv273-seacev3-1186692-2026-05-10T21:37:19.666898-05:00,PE-CONSUCODE-680,20220666418,PE-RUC,MUNICIPALIDAD DISTRITAL DE TACABAMBA
ocds-dgv273-seacev3-1185550,ocds-dgv273-seacev3-1185550-2026-05-10T21:37:19.640311-05:00,PE-CONSUCODE-1317,20131377909,PE-RUC,MUNICIPALIDAD DISTRITAL DE EL AGUSTINO
ocds-dgv273-seacev3-1192073,ocds-dgv273-seacev3-1192073-2026-05-10T21:37:14.641183-05:00,PE-CONSUCODE-1498,20191636016,PE-RUC,MUNICIPALIDAD DISTRITAL DE PASTAZA
ocds-dgv273-seacev3-2026-2006-5,ocds-dgv273-seacev3-2026-2006-5-2026-05-10T21:37:14.625486-05:00,PE-CONSUCODE-2006,20145913544,PE-RUC,SERVICIOS DE PARQUES DE LIMA
ocds-dgv273-seacev3-1190893,ocds-dgv273-seacev3-1190893-2026-05-10T21:37:13.406428-05:00,PE-CONSUCODE-403,20170422971,PE-RUC,MUNICIPALIDAD DISTRITAL DE MARIANO MELGAR
ocds-dgv273-seacev3-1191213,ocds-dgv273-seacev3-1191213-2026-05-10T21:37:12.708415-05:00,PE-CONSUCODE-10403,20185898343,PE-RUC,GOBIERNO REGIONAL DE APURIMAC-CHANKA
ocds-dgv273-seacev3-1189014,ocds-dgv273-seacev3-1189014-2026-05-10T21:37:09.937196-05:00,PE-CONSUCODE-43,20479569780,PE-RUC,GOBIERNO REGIONAL DE LAMBAYEQUE SEDE CENTRAL
ocds-dgv273-seacev3-1187923,ocds-dgv273-seacev3-1187923-2026-05-10T21:37:09.484738-05:00,PE-CONSUCODE-200096,20519610214,PE-RUC,MUNICIPALIDAD DISTRITAL DE CORONEL GREGORIO ALBARRACIN LANCHIPA
ocds-dgv273-seacev3-2026-200130-16,ocds-dgv273-seacev3-2026-200130-16-2026-05-10T21:37:09.419658-05:00,PE-CONSUCODE-200130,20393127431,PE-RUC,GOBIERNO REGIONAL DE UCAYALI - DIRECCION DE SALUD Nº 3 ATALAYA
ocds-dgv273-seacev3-2026-10153-25,ocds-dgv273-seacev3-2026-10153-25-2026-05-10T21:37:02.827417-05:00,PE-CONSUCODE-10153,20399728241,PE-RUC,POLICÍA NACIONAL DEL PERÚ - X REGIÓN TERRITORIAL CUSCO
ocds-dgv273-seacev3-1187860,ocds-dgv273-seacev3-1187860-2026-05-10T21:36:59.146400-05:00,PE-CONSUCODE-874,20191121954,PE-RUC,MUNICIPALIDAD PROVINCIAL DE ACOBAMBA
ocds-dgv273-seacev3-2026-32-4,ocds-dgv273-seacev3-2026-32-4-2026-05-10T21:36:51.768218-05:00,PE-CONSUCODE-32,20479569861,PE-RUC,GOBIERNO REGIONAL DE AMAZONAS SEDE CENTRAL
ocds-dgv273-seacev3-1191793,ocds-dgv273-seacev3-1191793-2026-05-10T21:36:50.260180-05:00,PE-CONSUCODE-49,20406325815,PE-RUC,GOBIERNO REGIONAL DE PUNO SEDE CENTRAL
ocds-dgv273-seacev3-1189182,ocds-dgv273-seacev3-1189182-2026-05-10T21:36:50.181917-05:00,PE-CONSUCODE-47,20489252270,PE-RUC,GOBIERNO REGIONAL DE PASCO SEDE CENTRAL
ocds-dgv273-seacev3-1189641,ocds-dgv273-seacev3-1189641-2026-05-08T10:37:56.387418-05:00,PE-CONSUCODE-200224,20324454030,PE-RUC,MUNICIPALIDAD DISTRITAL DE CANOAS DE PUNTA SAL
ocds-dgv273-seacev3-2026-10249-115,ocds-dgv273-seacev3-2026-10249-115-2026-05-08T10:37:53.120821-05:00,PE-CONSUCODE-10249,20144364059,PE-RUC,FUERZA AEREA DEL PERU
ocds-dgv273-seacev3-2026-1334-1,ocds-dgv273-seacev3-2026-1334-1-2026-05-08T10:37:51.528222-05:00,PE-CONSUCODE-1334,20131366613,PE-RUC,MUNICIPALIDAD DISTRITAL DE RIMAC
ocds-dgv273-seacev3-2026-1039-4,ocds-dgv273-seacev3-2026-1039-4-2026-05-08T10:37:51.171293-05:00,PE-CONSUCODE-1039,20146898697,PE-RUC,MUNICIPALIDAD PROVINCIAL DE CHINCHA - CHINCHA ALTA
ocds-dgv273-seacev3-1188931,ocds-dgv273-seacev3-1188931-2026-05-08T10:37:50.445448-05:00,PE-CONSUCODE-789,20147421070,PE-RUC,MUNICIPALIDAD PROVINCIAL DE CANCHIS - SICUANI
ocds-dgv273-seacev3-1191923,ocds-dgv273-seacev3-1191923-2026-05-08T10:37:43.661443-05:00,PE-CONSUCODE-10249,20144364059,PE-RUC,FUERZA AEREA DEL PERU
ocds-dgv273-seacev3-1187915,ocds-dgv273-seacev3-1187915-2026-05-08T10:37:40.362642-05:00,PE-CONSUCODE-34,20498390570,PE-RUC,GOBIERNO REGIONAL DE AREQUIPA Sede Central
ocds-dgv273-seacev3-2026-227-2,ocds-dgv273-seacev3-2026-227-2-2026-05-08T10:37:40.143105-05:00,PE-CONSUCODE-227,20146925767,PE-RUC,MUNICIPALIDAD PROVINCIAL DE HUAYLAS - CARAZ
ocds-dgv273-seacev3-2026-343-1,ocds-dgv273-seacev3-2026-343-1-2026-05-08T10:37:40.121447-05:00,PE-CONSUCODE-343,20192042357,PE-RUC,MUNICIPALIDAD DISTRITAL DE SAN MIGUEL CHACCRAMPA
ocds-dgv273-seacev3-2026-275-10,ocds-dgv273-seacev3-2026-275-10-2026-05-08T10:37:33.177668-05:00,PE-CONSUCODE-275,20186461615,PE-RUC,MUNICIPALIDAD DISTRITAL DE SAMANCO
ocds-dgv273-seacev3-1191359,ocds-dgv273-seacev3-1191359-2026-05-08T10:37:32.969635-05:00,PE-CONSUCODE-1327,20131377062,PE-RUC,MUNICIPALIDAD DISTRITAL DE PUEBLO LIBRE - LIMA
ocds-dgv273-seacev3-1189323,ocds-dgv273-seacev3-1189323-2026-05-08T10:37:32.126095-05:00,PE-CONSUCODE-10612,20351711770,PE-RUC,GOBIERNO REGIONAL DE UCAYALI - GERENCIA TERRITORIAL DE PADRE ABAD
ocds-dgv273-seacev3-2026-1203-1,ocds-dgv273-seacev3-2026-1203-1-2026-05-08T10:37:30.239193-05:00,PE-CONSUCODE-1203,20202505695,PE-RUC,MUNICIPALIDAD PROVINCIAL DE BOLIVAR
ocds-dgv273-seacev3-2026-1731-33,ocds-dgv273-seacev3-2026-1731-33-2026-05-08T10:37:29.636586-05:00,PE-CONSUCODE-1731,20165195290,PE-RUC,MUNICIPALIDAD PROVINCIAL DE SAN ROMAN - JULIACA
ocds-dgv273-seacev3-2026-200018-17,ocds-dgv273-seacev3-2026-200018-17-2026-05-08T10:37:29.359564-05:00,PE-CONSUCODE-200018,20504794637,PE-RUC,MINISTERIO DE LA PRODUCCIÓN
ocds-dgv273-seacev3-2026-270-34,ocds-dgv273-seacev3-2026-270-34-2026-05-08T10:37:28.738205-05:00,PE-CONSUCODE-270,20163065330,PE-RUC,MUNICIPALIDAD PROVINCIAL DE SANTA - CHIMBOTE
ocds-dgv273-seacev3-1186650,ocds-dgv273-seacev3-1186650-2026-05-08T10:37:28.721028-05:00,PE-CONSUCODE-302,20142747155,PE-RUC,MUNICIPALIDAD PROVINCIAL DE HUARMEY
ocds-dgv273-seacev3-1191247,ocds-dgv273-seacev3-1191247-2026-05-08T10:37:22.192170-05:00,PE-CONSUCODE-1029,20175239023,PE-RUC,MUNICIPALIDAD DISTRITAL DE PARCONA
ocds-dgv273-seacev3-1207892,ocds-dgv273-seacev3-1207892-2026-05-08T10:37:12.094254-05:00,PE-CONSUCODE-1632,20159215106,PE-RUC,MUNICIPALIDAD DISTRITAL DE MARCAVELICA
ocds-dgv273-seacev3-2026-20002-13,ocds-dgv273-seacev3-2026-20002-13-2026-05-08T10:37:11.846614-05:00,PE-CONSUCODE-20002,20172772278,PE-RUC,GOBIERNO REGIONAL DE AYACUCHO - HOSPITAL HUAMANGA
ocds-dgv273-seacev3-1189250,ocds-dgv273-seacev3-1189250-2026-05-08T10:37:11.442969-05:00,PE-CONSUCODE-200278,20486990148,PE-RUC,GOBIERNO REGIONAL DE HUANCAVELICA - GERENCIA SUB REGIONAL CHURCAMPA
ocds-dgv273-seacev3-1204186,ocds-dgv273-seacev3-1204186-2026-05-08T10:37:08.881306-05:00,PE-CONSUCODE-10159,20428696515,PE-RUC,POLICÍA NACIONAL DEL PERÚ - DIRECCIÓN DE AVIACIÓN
ocds-dgv273-seacev3-1188565,ocds-dgv273-seacev3-1188565-2026-05-08T10:37:07.113963-05:00,PE-CONSUCODE-215,20212177351,PE-RUC,MUNICIPALIDAD DISTRITAL DE HUACACHI
ocds-dgv273-seacev3-2026-694-1,ocds-dgv273-seacev3-2026-694-1-2026-05-08T10:37:06.887029-05:00,PE-CONSUCODE-694,20203936029,PE-RUC,MUNICIPALIDAD DISTRITAL DE PUCARA - JAEN
ocds-dgv273-seacev3-1191465,ocds-dgv273-seacev3-1191465-2026-05-08T10:37:01.071633-05:00,PE-CONSUCODE-817,20277520126,PE-RUC,MUNICIPALIDAD DISTRITAL DE OCCOBAMBA - LA CONVENCION
ocds-dgv273-seacev3-2026-505-10,ocds-dgv273-seacev3-2026-505-10-2026-05-08T10:36:58.533057-05:00,PE-CONSUCODE-505,20143137296,PE-RUC,MUNICIPALIDAD PROVINCIAL DE HUAMANGA
ocds-dgv273-seacev3-1198149,ocds-dgv273-seacev3-1198149-2026-05-08T10:36:58.037832-05:00,PE-CONSUCODE-785,20209488419,PE-RUC,MUNICIPALIDAD DISTRITAL DE LAYO
ocds-dgv273-seacev3-2026-10585-1,ocds-dgv273-seacev3-2026-10585-1-2026-05-08T10:36:57.050789-05:00,PE-CONSUCODE-10585,20363814183,PE-RUC,GOBIERNO REGIONAL DE PUNO - SALUD SANDIA
ocds-dgv273-seacev3-1187126,ocds-dgv273-seacev3-1187126-2026-05-08T10:36:56.731495-05:00,PE-CONSUCODE-200192,20129646099,PE-RUC,EMPRESA REGIONAL DE SERVICIO PUBLICO DE ELECTRICIDAD DEL CENTRO SA ELECTROCENTRO S.A.
ocds-dgv273-seacev3-1188990,ocds-dgv273-seacev3-1188990-2026-05-08T10:36:49.779660-05:00,PE-CONSUCODE-1053,20148420719,PE-RUC,MUNICIPALIDAD DISTRITAL DE MARCONA
ocds-dgv273-seacev3-2026-168715-1,ocds-dgv273-seacev3-2026-168715-1-2026-05-08T10:36:49.615970-05:00,PE-CONSUCODE-203688,20602114075,PE-RUC,GOBIERNO REGIONAL DEL CUSCO UNIDAD EJECUTORA 411 SALUD CHUMBIVILCAS
ocds-dgv273-seacev3-1189729,ocds-dgv273-seacev3-1189729-2026-05-08T10:36:49.592243-05:00,PE-CONSUCODE-43,20479569780,PE-RUC,GOBIERNO REGIONAL DE LAMBAYEQUE SEDE CENTRAL
ocds-dgv273-seacev3-1189585,ocds-dgv273-seacev3-1189585-2026-05-08T10:36:49.138982-05:00,PE-CONSUCODE-803,20209184380,PE-RUC,MUNICIPALIDAD DISTRITAL DE QUIÑOTA
ocds-dgv273-seacev3-2026-200424-3,ocds-dgv273-seacev3-2026-200424-3-2026-05-08T10:36:48.046608-05:00,PE-CONSUCODE-200424,20487879241,PE-RUC,MINISTERIO PUBLICO - GERENCIA ADMINISTRATIVA DE LAMBAYEQUE
ocds-dgv273-seacev3-1190973,ocds-dgv273-seacev3-1190973-2026-05-08T10:36:47.156049-05:00,PE-CONSUCODE-201525,20600044975,PE-RUC,SUPERINTENDENCIA NACIONAL DE EDUCACION SUPERIOR UNIVERSITARIA
ocds-dgv273-seacev3-2026-397-19,ocds-dgv273-seacev3-2026-397-19-2026-05-08T10:36:45.414342-05:00,PE-CONSUCODE-397,20154489895,PE-RUC,MUNICIPALIDAD PROVINCIAL DE AREQUIPA
ocds-dgv273-seacev3-1187302,ocds-dgv273-seacev3-1187302-2026-05-08T10:36:45.136475-05:00,PE-CONSUCODE-879,20175954661,PE-RUC,MUNICIPALIDAD DISTRITAL DE PAUCARA
ocds-dgv273-seacev3-1190684,ocds-dgv273-seacev3-1190684-2026-05-07T10:36:29.235303-05:00,PE-CONSUCODE-215,20212177351,PE-RUC,MUNICIPALIDAD DISTRITAL DE HUACACHI
ocds-dgv273-seacev3-1186251,ocds-dgv273-seacev3-1186251-2026-05-07T10:36:25.342014-05:00,PE-CONSUCODE-49,20406325815,PE-RUC,GOBIERNO REGIONAL DE PUNO SEDE CENTRAL
ocds-dgv273-seacev3-1208959,ocds-dgv273-seacev3-1208959-2026-05-07T10:36:21.753937-05:00,PE-CONSUCODE-203626,20602259065,PE-RUC,UNIDAD EJECUTORA MEJORAMIENTO DEL SISTEMA DE INFORMACION DE LA SUNAT - MSI
ocds-dgv273-seacev3-1190671,ocds-dgv273-seacev3-1190671-2026-05-07T10:36:19.148346-05:00,PE-CONSUCODE-1500,20218524819,PE-RUC,MUNICIPALIDAD DISTRITAL DE TENIENTE CESAR LOPEZ ROJAS
ocds-dgv273-seacev3-1192007,ocds-dgv273-seacev3-1192007-2026-05-07T10:36:18.369277-05:00,PE-CONSUCODE-10434,20453743862,PE-RUC,GOBIERNO REGIONAL DE CAJAMARCA DIRECCION REGIONAL AGRARIA CAJAMARCA
ocds-dgv273-seacev3-1191047,ocds-dgv273-seacev3-1191047-2026-05-07T10:36:18.351094-05:00,PE-CONSUCODE-180,20205785486,PE-RUC,MUNICIPALIDAD DISTRITAL DE COLQUIOC
ocds-dgv273-seacev3-1187561,ocds-dgv273-seacev3-1187561-2026-05-07T10:36:17.105737-05:00,PE-CONSUCODE-211,20193046551,PE-RUC,MUNICIPALIDAD PROVINCIAL DE HUARI
ocds-dgv273-seacev3-1189162,ocds-dgv273-seacev3-1189162-2026-05-07T10:36:16.409914-05:00,PE-CONSUCODE-200198,20527760314,PE-RUC,UNIVERSIDAD NACIONAL JOSE MARIA ARGUEDAS
ocds-dgv273-seacev3-1205869,ocds-dgv273-seacev3-1205869-2026-05-07T10:36:15.426754-05:00,PE-CONSUCODE-204672,20607004430,PE-RUC,"CREACION Y MEJORAMIENTO DEL SERVICIO DE CATASTRO EN DISTRITOS SELECCIONADOS DE LAS PROVINCIAS DE LIMA, LAMBAYEQUE, CHICLAYO Y PIURA"
ocds-dgv273-seacev3-1186352,ocds-dgv273-seacev3-1186352-2026-05-07T10:36:15.003139-05:00,PE-CONSUCODE-270,20163065330,PE-RUC,MUNICIPALIDAD PROVINCIAL DE SANTA - CHIMBOTE
ocds-dgv273-seacev3-2026-685-2,ocds-dgv273-seacev3-2026-685-2-2026-05-07T10:36:07.408682-05:00,PE-CONSUCODE-685,20148260843,PE-RUC,MUNICIPALIDAD PROVINCIAL DE HUALGAYOC - BAMBAMARCA
ocds-dgv273-seacev3-1188929,ocds-dgv273-seacev3-1188929-2026-05-07T10:36:06.968500-05:00,PE-CONSUCODE-293,20222952256,PE-RUC,MUNICIPALIDAD DISTRITAL DE QUILLO
ocds-dgv273-seacev3-2026-1719-8,ocds-dgv273-seacev3-2026-1719-8-2026-05-07T10:36:04.608315-05:00,PE-CONSUCODE-1719,20180559885,PE-RUC,MUNICIPALIDAD DISTRITAL DE ORURILLO
ocds-dgv273-seacev3-1188043,ocds-dgv273-seacev3-1188043-2026-05-07T10:36:03.499151-05:00,PE-CONSUCODE-1039,20146898697,PE-RUC,MUNICIPALIDAD PROVINCIAL DE CHINCHA - CHINCHA ALTA
ocds-dgv273-seacev3-1210668,ocds-dgv273-seacev3-1210668-2026-05-07T10:35:58.515862-05:00,PE-CONSUCODE-200025,20207553698,PE-RUC,PROGRAMA NACIONAL DE SANEAMIENTO URBANO
ocds-dgv273-seacev3-2026-822-18,ocds-dgv273-seacev3-2026-822-18-2026-05-07T10:35:56.889557-05:00,PE-CONSUCODE-822,20317337150,PE-RUC,MUNICIPALIDAD DISTRITAL DE PICHARI
ocds-dgv273-seacev3-1189969,ocds-dgv273-seacev3-1189969-2026-05-07T10:35:56.781890-05:00,PE-CONSUCODE-10434,20453743862,PE-RUC,GOBIERNO REGIONAL DE CAJAMARCA DIRECCION REGIONAL AGRARIA CAJAMARCA
ocds-dgv273-seacev3-1190430,ocds-dgv273-seacev3-1190430-2026-05-07T10:35:55.571556-05:00,PE-CONSUCODE-697,20311257235,PE-RUC,MUNICIPALIDAD DISTRITAL DE SAN JOSE DEL ALTO
ocds-dgv273-seacev3-1188095,ocds-dgv273-seacev3-1188095-2026-05-07T10:35:55.209801-05:00,PE-CONSUCODE-1805,20167987207,PE-RUC,MUNICIPALIDAD DISTRITAL DE SAUCE
ocds-dgv273-seacev3-1191916,ocds-dgv273-seacev3-1191916-2026-05-07T10:35:54.146951-05:00,PE-CONSUCODE-1889,20148258601,PE-RUC,UNIVERSIDAD NACIONAL DE CAJAMARCA
ocds-dgv273-seacev3-1191638,ocds-dgv273-seacev3-1191638-2026-05-07T10:35:53.936480-05:00,PE-CONSUCODE-10361,20143122850,PE-RUC,MINAG - PROYECTO ESPECIAL SIERRA CENTRO SUR
ocds-dgv273-seacev3-2026-1926-8,ocds-dgv273-seacev3-2026-1926-8-2026-05-07T10:35:51.716307-05:00,PE-CONSUCODE-1926,20122476309,PE-RUC,BANCO CENTRAL DE RESERVA DEL PERÚ
ocds-dgv273-seacev3-1189329,ocds-dgv273-seacev3-1189329-2026-05-07T10:35:44.167071-05:00,PE-CONSUCODE-201185,20564327019,PE-RUC,GOBIERNO REGIONAL DE APURIMAC  - UNIDAD EJECUTORA GERENCIA SUB REGIONAL DE COTABAMBAS
ocds-dgv273-seacev3-1189734,ocds-dgv273-seacev3-1189734-2026-05-07T10:35:42.096616-05:00,PE-CONSUCODE-797,20181709066,PE-RUC,MUNICIPALIDAD PROVINCIAL DE CHUMBIVILCAS - SANTO TOMAS
ocds-dgv273-seacev3-1208453,ocds-dgv273-seacev3-1208453-2026-05-07T10:35:34.194692-05:00,PE-CONSUCODE-200025,20207553698,PE-RUC,PROGRAMA NACIONAL DE SANEAMIENTO URBANO
ocds-dgv273-seacev3-1208753,ocds-dgv273-seacev3-1208753-2026-05-07T10:35:31.061889-05:00,PE-CONSUCODE-200025,20207553698,PE-RUC,PROGRAMA NACIONAL DE SANEAMIENTO URBANO
ocds-dgv273-seacev3-2026-10501-1,ocds-dgv273-seacev3-2026-10501-1-2026-05-07T10:35:30.759915-05:00,PE-CONSUCODE-10501,20220805396,PE-RUC,GOBIERNO REGIONAL DE LA LIBERTAD - COLEGIO MILITAR GRAN MARISCAL  RAMON CASTILLA
ocds-dgv273-seacev3-2026-168-2,ocds-dgv273-seacev3-2026-168-2-2026-05-07T10:35:27.952952-05:00,PE-CONSUCODE-168,20195408557,PE-RUC,MUNICIPALIDAD PROVINCIAL DE ANTONIO RAYMONDI - LLAMELLIN
ocds-dgv273-seacev3-2026-1490-9,ocds-dgv273-seacev3-2026-1490-9-2026-05-07T10:35:21.086700-05:00,PE-CONSUCODE-1490,20177662446,PE-RUC,MUNICIPALIDAD PROVINCIAL DEL ALTO AMAZONAS - YURIMAGUAS
ocds-dgv273-seacev3-1191187,ocds-dgv273-seacev3-1191187-2026-05-07T10:35:20.078250-05:00,PE-CONSUCODE-1308,20131378468,PE-RUC,MUNICIPALIDAD DISTRITAL DE ANCON
ocds-dgv273-seacev3-1188933,ocds-dgv273-seacev3-1188933-2026-05-07T10:35:18.004939-05:00,PE-CONSUCODE-293,20222952256,PE-RUC,MUNICIPALIDAD DISTRITAL DE QUILLO
ocds-dgv273-seacev3-2026-2371-3,ocds-dgv273-seacev3-2026-2371-3-2026-05-07T10:35:17.815381-05:00,PE-CONSUCODE-2371,20162275012,PE-RUC,EMPRESA PRESTADORA DE SERVICIOS DE SANEAMIENTO DE MOYOBAMBA SOCIEDAD ANÓNIMA
ocds-dgv273-seacev3-2026-1490-8,ocds-dgv273-seacev3-2026-1490-8-2026-05-07T10:35:16.556152-05:00,PE-CONSUCODE-1490,20177662446,PE-RUC,MUNICIPALIDAD PROVINCIAL DEL ALTO AMAZONAS - YURIMAGUAS
ocds-dgv273-seacev3-2026-1080-4,ocds-dgv273-seacev3-2026-1080-4-2026-05-07T10:35:16.537641-05:00,PE-CONSUCODE-1080,20185646964,PE-RUC,MUNICIPALIDAD DISTRITAL DE HUANCAN
ocds-dgv273-seacev3-1210484,ocds-dgv273-seacev3-1210484-2026-05-07T10:35:12.297308-05:00,PE-CONSUCODE-200025,20207553698,PE-RUC,PROGRAMA NACIONAL DE SANEAMIENTO URBANO
ocds-dgv273-seacev3-2026-2543-695,ocds-dgv273-seacev3-2026-2543-695-2026-05-07T10:35:08.789281-05:00,PE-CONSUCODE-2543,20131257750,PE-RUC,SEGURO SOCIAL DE SALUD
ocds-dgv273-seacev3-2026-2543-694,ocds-dgv273-seacev3-2026-2543-694-2026-05-07T10:35:04.278739-05:00,PE-CONSUCODE-2543,20131257750,PE-RUC,SEGURO SOCIAL DE SALUD
ocds-dgv273-seacev3-1187236,ocds-dgv273-seacev3-1187236-2026-05-07T10:35:03.668445-05:00,PE-CONSUCODE-782,20189848227,PE-RUC,MUNICIPALIDAD DISTRITAL DE SAN ANDRES LA CHECCA
ocds-dgv273-seacev3-1205486,ocds-dgv273-seacev3-1205486-2026-05-06T10:33:42.108209-05:00,PE-CONSUCODE-204672,20607004430,PE-RUC,"CREACION Y MEJORAMIENTO DEL SERVICIO DE CATASTRO EN DISTRITOS SELECCIONADOS DE LAS PROVINCIAS DE LIMA, LAMBAYEQUE, CHICLAYO Y PIURA"
ocds-dgv273-seacev3-1189255,ocds-dgv273-seacev3-1189255-2026-05-06T10:33:37.674169-05:00,PE-CONSUCODE-37,20527147612,PE-RUC,GOBIERNO REGIONAL DE CUSCO SEDE CENTRAL
ocds-dgv273-seacev3-1191110,ocds-dgv273-seacev3-1191110-2026-05-06T10:33:36.945311-05:00,PE-CONSUCODE-403,20170422971,PE-RUC,MUNICIPALIDAD DISTRITAL DE MARIANO MELGAR
ocds-dgv273-seacev3-2026-10049-25,ocds-dgv273-seacev3-2026-10049-25-2026-05-06T10:33:35.302595-05:00,PE-CONSUCODE-10049,20321735607,PE-RUC,GOBIERNO REGIONAL DE PUNO - PROGRAMA DE APOYO AL DESARROLLO RURAL ANDINO - PRADERA I
ocds-dgv273-seacev3-1189768,ocds-dgv273-seacev3-1189768-2026-05-06T10:33:34.165651-05:00,PE-CONSUCODE-2347,20143612431,PE-RUC,EMPRESA MUNICIPAL DE AGUA POTABLE Y ALCANTARILLADO DE SAN MARTIN S.A.
ocds-dgv273-seacev3-2026-1339-2,ocds-dgv273-seacev3-2026-1339-2-2026-05-06T10:33:34.031870-05:00,PE-CONSUCODE-1339,20131378204,PE-RUC,MUNICIPALIDAD DISTRITAL DE SAN JUAN DE MIRAFLORES
ocds-dgv273-seacev3-1188108,ocds-dgv273-seacev3-1188108-2026-05-06T10:33:33.148252-05:00,PE-CONSUCODE-40,20489250731,PE-RUC,GOBIERNO REGIONAL DE HUANUCO SEDE CENTRAL
ocds-dgv273-seacev3-1188288,ocds-dgv273-seacev3-1188288-2026-05-06T10:33:32.988622-05:00,PE-CONSUCODE-1320,20131365722,PE-RUC,MUNICIPALIDAD DISTRITAL DE LA MOLINA
ocds-dgv273-seacev3-1187766,ocds-dgv273-seacev3-1187766-2026-05-06T10:33:32.283221-05:00,PE-CONSUCODE-799,20214936519,PE-RUC,MUNICIPALIDAD DISTRITAL DE COLQUEMARCA
ocds-dgv273-seacev3-1191648,ocds-dgv273-seacev3-1191648-2026-05-06T10:33:26.578573-05:00,PE-CONSUCODE-1784,20148170933,PE-RUC,MUNICIPALIDAD PROVINCIAL DE RIOJA
ocds-dgv273-seacev3-1205383,ocds-dgv273-seacev3-1205383-2026-05-06T10:33:26.191372-05:00,PE-CONSUCODE-204672,20607004430,PE-RUC,"CREACION Y MEJORAMIENTO DEL SERVICIO DE CATASTRO EN DISTRITOS SELECCIONADOS DE LAS PROVINCIAS DE LIMA, LAMBAYEQUE, CHICLAYO Y PIURA"
ocds-dgv273-seacev3-2026-1253-1,ocds-dgv273-seacev3-2026-1253-1-2026-05-06T10:33:25.738218-05:00,PE-CONSUCODE-1253,20187052221,PE-RUC,MUNICIPALIDAD PROVINCIAL DE ASCOPE
ocds-dgv273-seacev3-2026-200198-3,ocds-dgv273-seacev3-2026-200198-3-2026-05-06T10:33:25.102395-05:00,PE-CONSUCODE-200198,20527760314,PE-RUC,UNIVERSIDAD NACIONAL JOSE MARIA ARGUEDAS
ocds-dgv273-seacev3-1190650,ocds-dgv273-seacev3-1190650-2026-05-06T10:33:23.601536-05:00,PE-CONSUCODE-1643,20177659224,PE-RUC,MUNICIPALIDAD DISTRITAL DE BELLAVISTA DE LA UNION
ocds-dgv273-seacev3-2026-67-1,ocds-dgv273-seacev3-2026-67-1-2026-05-06T10:33:22.187374-05:00,PE-CONSUCODE-67,20168007168,PE-RUC,MUNICIPALIDAD PROVINCIAL DE CHACHAPOYAS
ocds-dgv273-seacev3-1211724,ocds-dgv273-seacev3-1211724-2026-05-06T10:33:19.336371-05:00,PE-CONSUCODE-2347,20143612431,PE-RUC,EMPRESA MUNICIPAL DE AGUA POTABLE Y ALCANTARILLADO DE SAN MARTIN S.A.
ocds-dgv273-seacev3-2026-1786-1,ocds-dgv273-seacev3-2026-1786-1-2026-05-06T10:33:17.546274-05:00,PE-CONSUCODE-1786,20187362840,PE-RUC,MUNICIPALIDAD DISTRITAL DE ELIAS SOPLIN VARGAS
ocds-dgv273-seacev3-1187977,ocds-dgv273-seacev3-1187977-2026-05-06T10:33:17.314273-05:00,PE-CONSUCODE-1025,20142167744,PE-RUC,MUNICIPALIDAD PROVINCIAL DE ICA
ocds-dgv273-seacev3-1192001,ocds-dgv273-seacev3-1192001-2026-05-06T10:33:15.197951-05:00,PE-CONSUCODE-200302,20480776250,PE-RUC,POLICÍA NACIONAL DEL PERÚ - II DIRECCIÓN TERRITORIAL CHICLAYO
ocds-dgv273-seacev3-1190067,ocds-dgv273-seacev3-1190067-2026-05-06T10:33:15.076949-05:00,PE-CONSUCODE-524,20143660169,PE-RUC,MUNICIPALIDAD DISTRITAL DE TOTOS
ocds-dgv273-seacev3-2026-422-22,ocds-dgv273-seacev3-2026-422-22-2026-05-06T10:33:12.641952-05:00,PE-CONSUCODE-422,20173809663,PE-RUC,MUNICIPALIDAD DISTRITAL DE YURA
ocds-dgv273-seacev3-1204556,ocds-dgv273-seacev3-1204556-2026-05-06T10:33:06.427815-05:00,PE-CONSUCODE-204672,20607004430,PE-RUC,"CREACION Y MEJORAMIENTO DEL SERVICIO DE CATASTRO EN DISTRITOS SELECCIONADOS DE LAS PROVINCIAS DE LIMA, LAMBAYEQUE, CHICLAYO Y PIURA"
ocds-dgv273-seacev3-1189776,ocds-dgv273-seacev3-1189776-2026-05-06T10:33:05.936395-05:00,PE-CONSUCODE-1050,20147705850,PE-RUC,MUNICIPALIDAD PROVINCIAL DE NAZCA
ocds-dgv273-seacev3-2026-1515-4,ocds-dgv273-seacev3-2026-1515-4-2026-05-06T10:33:03.298513-05:00,PE-CONSUCODE-1515,20201315949,PE-RUC,MUNICIPALIDAD DISTRITAL DE PUINAHUA
ocds-dgv273-seacev3-1193704,ocds-dgv273-seacev3-1193704-2026-05-06T10:33:02.221210-05:00,PE-CONSUCODE-403,20170422971,PE-RUC,MUNICIPALIDAD DISTRITAL DE MARIANO MELGAR
ocds-dgv273-seacev3-1188793,ocds-dgv273-seacev3-1188793-2026-05-06T10:33:02.204074-05:00,PE-CONSUCODE-1053,20148420719,PE-RUC,MUNICIPALIDAD DISTRITAL DE MARCONA
ocds-dgv273-seacev3-2026-89261-1,ocds-dgv273-seacev3-2026-89261-1-2026-05-06T10:32:52.375959-05:00,PE-CONSUCODE-202285,20600927818,PE-RUC,CENTRAL DE COMPRAS PUBLICAS - PERU COMPRAS
ocds-dgv273-seacev3-2026-49-147,ocds-dgv273-seacev3-2026-49-147-2026-05-06T10:32:50.859721-05:00,PE-CONSUCODE-49,20406325815,PE-RUC,GOBIERNO REGIONAL DE PUNO SEDE CENTRAL
ocds-dgv273-seacev3-1188957,ocds-dgv273-seacev3-1188957-2026-05-06T10:32:49.779121-05:00,PE-CONSUCODE-789,20147421070,PE-RUC,MUNICIPALIDAD PROVINCIAL DE CANCHIS - SICUANI
ocds-dgv273-seacev3-1191723,ocds-dgv273-seacev3-1191723-2026-05-06T10:32:42.872961-05:00,PE-CONSUCODE-200371,20495097073,PE-RUC,GOBIERNO REGIONAL DE AYACUCHO - UNIDAD DE GESTION EDUCATIVA LOCAL DE HUAMANGA
ocds-dgv273-seacev3-1196286,ocds-dgv273-seacev3-1196286-2026-05-06T10:32:40.633468-05:00,PE-CONSUCODE-763,20168076216,PE-RUC,MUNICIPALIDAD DISTRITAL DE SANGARARA
ocds-dgv273-seacev3-1191114,ocds-dgv273-seacev3-1191114-2026-05-06T10:32:30.426258-05:00,PE-CONSUCODE-1648,20146247084,PE-RUC,MUNICIPALIDAD PROVINCIAL DE PUNO
ocds-dgv273-seacev3-1188047,ocds-dgv273-seacev3-1188047-2026-05-06T10:32:29.541921-05:00,PE-CONSUCODE-1060,20148421103,PE-RUC,MUNICIPALIDAD PROVINCIAL DE PISCO
ocds-dgv273-seacev3-1189746,ocds-dgv273-seacev3-1189746-2026-05-06T10:32:29.280550-05:00,PE-CONSUCODE-10042,20159316981,PE-RUC,GOBIERNO REGIONAL DE CUSCO-INSTITUTO DE MANEJO DE AGUA Y MEDIO AMBIENTE( IMA)
ocds-dgv273-seacev3-1186355,ocds-dgv273-seacev3-1186355-2026-05-06T10:32:28.993467-05:00,PE-CONSUCODE-1302,20175975315,PE-RUC,MUNICIPALIDAD DISTRITAL DE OLMOS
ocds-dgv273-seacev3-1198570,ocds-dgv273-seacev3-1198570-2026-05-04T10:04:03.742382-05:00,PE-CONSUCODE-1050,20147705850,PE-RUC,MUNICIPALIDAD PROVINCIAL DE NAZCA
ocds-dgv273-seacev3-1210961,ocds-dgv273-seacev3-1210961-2026-05-02T10:08:50.870536-05:00,PE-CONSUCODE-204468,20605291865,PE-RUC,OFICINA GENERAL DE INVERSIONES Y PROYECTOS
ocds-dgv273-seacev3-2026-10550-1,ocds-dgv273-seacev3-2026-10550-1-2026-05-02T10:08:50.461818-05:00,PE-CONSUCODE-10550,20191045671,PE-RUC,GOBIERNO REGIONAL DE PASCO-SALUD AIS UTES OXAPAMPA
ocds-dgv273-seacev3-1189578,ocds-dgv273-seacev3-1189578-2026-05-02T10:08:49.208913-05:00,PE-CONSUCODE-204026,20602774954,PE-RUC,CORTE SUPERIOR DE JUSTICIA DE LIMA ESTE
ocds-dgv273-seacev3-2026-10550-3,ocds-dgv273-seacev3-2026-10550-3-2026-05-02T10:08:48.090640-05:00,PE-CONSUCODE-10550,20191045671,PE-RUC,GOBIERNO REGIONAL DE PASCO-SALUD AIS UTES OXAPAMPA
ocds-dgv273-seacev3-1189491,ocds-dgv273-seacev3-1189491-2026-05-02T10:08:41.882387-05:00,PE-CONSUCODE-1346,20131367423,PE-RUC,MUNICIPALIDAD DISTRITAL DE SANTIAGO DE SURCO
ocds-dgv273-seacev3-1190859,ocds-dgv273-seacev3-1190859-2026-05-02T10:08:41.580425-05:00,PE-CONSUCODE-200396,20568019521,PE-RUC,UNIVERSIDAD NACIONAL INTERCULTURAL DE LA SELVA CENTRAL JUAN SANTOS ATAHUALPA
ocds-dgv273-seacev3-1201108,ocds-dgv273-seacev3-1201108-2026-05-02T10:08:40.414961-05:00,PE-CONSUCODE-1616,20171246092,PE-RUC,MUNICIPALIDAD DISTRITAL DE SALITRAL - MORROPON
ocds-dgv273-seacev3-2026-10248-63,ocds-dgv273-seacev3-2026-10248-63-2026-05-02T10:08:40.192333-05:00,PE-CONSUCODE-10248,20153408191,PE-RUC,MARINA DE GUERRA DEL PERU
ocds-dgv273-seacev3-1191772,ocds-dgv273-seacev3-1191772-2026-05-02T10:08:40.153914-05:00,PE-CONSUCODE-1272,20204639028,PE-RUC,MUNICIPALIDAD DISTRITAL DE CHAO
ocds-dgv273-seacev3-2026-1334-6,ocds-dgv273-seacev3-2026-1334-6-2026-05-02T10:08:39.922436-05:00,PE-CONSUCODE-1334,20131366613,PE-RUC,MUNICIPALIDAD DISTRITAL DE RIMAC
ocds-dgv273-seacev3-1188524,ocds-dgv273-seacev3-1188524-2026-05-02T10:08:39.197022-05:00,PE-CONSUCODE-747,20131369809,PE-RUC,MUNICIPALIDAD DISTRITAL DE VENTANILLA
ocds-dgv273-seacev3-1188515,ocds-dgv273-seacev3-1188515-2026-05-02T10:08:39.186103-05:00,PE-CONSUCODE-747,20131369809,PE-RUC,MUNICIPALIDAD DISTRITAL DE VENTANILLA
ocds-dgv273-seacev3-2026-1227-17,ocds-dgv273-seacev3-2026-1227-17-2026-05-02T10:08:39.082558-05:00,PE-CONSUCODE-1227,20164091466,PE-RUC,MUNICIPALIDAD PROVINCIAL DE PACASMAYO - SAN PEDRO DE LLOC
ocds-dgv273-seacev3-1192235,ocds-dgv273-seacev3-1192235-2026-05-02T10:08:33.344336-05:00,PE-CONSUCODE-10446,20159311598,PE-RUC,GOBIERNO REGIONAL DE CUSCO - PROYECTO ESPECIAL REGIONAL PLAN COPESCO
ocds-dgv273-seacev3-2026-10561-22,ocds-dgv273-seacev3-2026-10561-22-2026-05-02T10:08:32.512104-05:00,PE-CONSUCODE-10561,20483721553,PE-RUC,GOBIERNO REGIONAL DE PIURA-SALUD MORROPON-CHULUCANAS
ocds-dgv273-seacev3-1189247,ocds-dgv273-seacev3-1189247-2026-05-02T10:08:32.333071-05:00,PE-CONSUCODE-38,20452393817,PE-RUC,GOBIERNO REGIONAL DE ICA SEDE CENTRAL
ocds-dgv273-seacev3-1191665,ocds-dgv273-seacev3-1191665-2026-05-02T10:08:28.491075-05:00,PE-CONSUCODE-1500,20218524819,PE-RUC,MUNICIPALIDAD DISTRITAL DE TENIENTE CESAR LOPEZ ROJAS
ocds-dgv273-seacev3-1188603,ocds-dgv273-seacev3-1188603-2026-05-02T10:08:27.893329-05:00,PE-CONSUCODE-1616,20171246092,PE-RUC,MUNICIPALIDAD DISTRITAL DE SALITRAL - MORROPON
ocds-dgv273-seacev3-1192020,ocds-dgv273-seacev3-1192020-2026-05-02T10:08:23.996963-05:00,PE-CONSUCODE-1349,20131372770,PE-RUC,MUNICIPALIDAD DISTRITAL DE VILLA MARIA DEL TRIUNFO
ocds-dgv273-seacev3-1190851,ocds-dgv273-seacev3-1190851-2026-05-02T10:08:23.190163-05:00,PE-CONSUCODE-271,20198089801,PE-RUC,MUNICIPALIDAD DISTRITAL DE CACERES DEL PERU
ocds-dgv273-seacev3-1190839,ocds-dgv273-seacev3-1190839-2026-05-02T10:08:22.222975-05:00,PE-CONSUCODE-204750,20608010212,PE-RUC,MUNICIPALIDAD DISTRITAL  DE KUMPIRUSHIATO
ocds-dgv273-seacev3-2026-1942-14,ocds-dgv273-seacev3-2026-1942-14-2026-05-02T10:08:21.657967-05:00,PE-CONSUCODE-1942,20131379863,PE-RUC,BIBLIOTECA NACIONAL DEL PERU
ocds-dgv273-seacev3-1190441,ocds-dgv273-seacev3-1190441-2026-05-02T10:08:19.619131-05:00,PE-CONSUCODE-1233,20231574116,PE-RUC,MUNICIPALIDAD DISTRITAL DE BULDIBUYO
ocds-dgv273-seacev3-2026-200302-4,ocds-dgv273-seacev3-2026-200302-4-2026-05-02T10:08:19.502698-05:00,PE-CONSUCODE-200302,20480776250,PE-RUC,POLICÍA NACIONAL DEL PERÚ - II DIRECCIÓN TERRITORIAL CHICLAYO
ocds-dgv273-seacev3-1187928,ocds-dgv273-seacev3-1187928-2026-05-02T10:08:19.485109-05:00,PE-CONSUCODE-1891,20169004359,PE-RUC,UNIVERSIDAD NACIONAL DE INGENIERIA
ocds-dgv273-seacev3-1190008,ocds-dgv273-seacev3-1190008-2026-05-02T10:08:14.819791-05:00,PE-CONSUCODE-10466,20146038329,PE-RUC,GOBIERNO REGIONAL DE HUANUCO-HOSPITAL DE HUANUCO HERMILIO VALDIZAN
ocds-dgv273-seacev3-1202203,ocds-dgv273-seacev3-1202203-2026-05-02T10:08:14.226016-05:00,PE-CONSUCODE-200825,20556118079,PE-RUC,POLICÍA NACIONAL DEL PERÚ - DIRECCIÓN EJECUTIVA DE INVESTIGACIÓN CRIMINAL Y APOYO A LA JUSTICIA
ocds-dgv273-seacev3-2026-714-1,ocds-dgv273-seacev3-2026-714-1-2026-05-02T10:08:13.398139-05:00,PE-CONSUCODE-714,20195252956,PE-RUC,MUNICIPALIDAD DISTRITAL DE SAN SILVESTRE DE COCHAN
ocds-dgv273-seacev3-2026-20002-20,ocds-dgv273-seacev3-2026-20002-20-2026-05-02T10:08:13.169530-05:00,PE-CONSUCODE-20002,20172772278,PE-RUC,GOBIERNO REGIONAL DE AYACUCHO - HOSPITAL HUAMANGA
ocds-dgv273-seacev3-1188158,ocds-dgv273-seacev3-1188158-2026-05-02T10:08:12.847170-05:00,PE-CONSUCODE-1827,20160770032,PE-RUC,MUNICIPALIDAD DISTRITAL DE UCHIZA
ocds-dgv273-seacev3-2026-10550-2,ocds-dgv273-seacev3-2026-10550-2-2026-05-02T10:08:11.499636-05:00,PE-CONSUCODE-10550,20191045671,PE-RUC,GOBIERNO REGIONAL DE PASCO-SALUD AIS UTES OXAPAMPA
ocds-dgv273-seacev3-1189341,ocds-dgv273-seacev3-1189341-2026-05-02T10:08:11.139798-05:00,PE-CONSUCODE-1310,20131367776,PE-RUC,MUNICIPALIDAD DISTRITAL DE BARRANCO
ocds-dgv273-seacev3-1186815,ocds-dgv273-seacev3-1186815-2026-05-02T10:08:09.553320-05:00,PE-CONSUCODE-399,20159515240,PE-RUC,MUNICIPALIDAD DISTRITAL DE CERRO COLORADO
ocds-dgv273-seacev3-1186393,ocds-dgv273-seacev3-1186393-2026-05-02T10:08:09.535688-05:00,PE-CONSUCODE-10553,20315959595,PE-RUC,GOBIERNO REGIONAL DE PIURA - DIRECCIÓN  REGIONAL DE AGRICULTURA
ocds-dgv273-seacev3-1187999,ocds-dgv273-seacev3-1187999-2026-05-02T10:08:09.445612-05:00,PE-CONSUCODE-49,20406325815,PE-RUC,GOBIERNO REGIONAL DE PUNO SEDE CENTRAL
ocds-dgv273-seacev3-1187396,ocds-dgv273-seacev3-1187396-2026-05-02T10:08:09.164002-05:00,PE-CONSUCODE-402,20167246029,PE-RUC,MUNICIPALIDAD DISTRITAL LA JOYA
ocds-dgv273-seacev3-2026-200514-1,ocds-dgv273-seacev3-2026-200514-1-2026-05-01T10:34:12.868639-05:00,PE-CONSUCODE-200514,20448637663,PE-RUC,ESTACION EXPERIMENTAL AGRARIA ILLPA - PUNO
ocds-dgv273-seacev3-2026-374-94,ocds-dgv273-seacev3-2026-374-94-2026-05-01T10:34:12.830179-05:00,PE-CONSUCODE-374,20288774553,PE-RUC,MUNICIPALIDAD DISTRITAL DE CHALLHUAHUACHO
ocds-dgv273-seacev3-2026-990-1,ocds-dgv273-seacev3-2026-990-1-2026-05-01T10:34:11.172335-05:00,PE-CONSUCODE-990,20204809390,PE-RUC,MUNICIPALIDAD DISTRITAL DE HERMILIO VALDIZAN
ocds-dgv273-seacev3-1190161,ocds-dgv273-seacev3-1190161-2026-05-01T10:34:08.277490-05:00,PE-CONSUCODE-1060,20148421103,PE-RUC,MUNICIPALIDAD PROVINCIAL DE PISCO
ocds-dgv273-seacev3-1189759,ocds-dgv273-seacev3-1189759-2026-05-01T10:34:07.692486-05:00,PE-CONSUCODE-2322,20396073791,PE-RUC,MUNICIPALIDAD DISTRITAL DE TUMAN
ocds-dgv273-seacev3-2026-505-8,ocds-dgv273-seacev3-2026-505-8-2026-05-01T10:34:07.239883-05:00,PE-CONSUCODE-505,20143137296,PE-RUC,MUNICIPALIDAD PROVINCIAL DE HUAMANGA
ocds-dgv273-seacev3-1188672,ocds-dgv273-seacev3-1188672-2026-05-01T10:34:07.218383-05:00,PE-CONSUCODE-2322,20396073791,PE-RUC,MUNICIPALIDAD DISTRITAL DE TUMAN
ocds-dgv273-seacev3-1191474,ocds-dgv273-seacev3-1191474-2026-05-01T10:33:59.277405-05:00,PE-CONSUCODE-371,20205028600,PE-RUC,MUNICIPALIDAD DISTRITAL DE COYLLURQUI
ocds-dgv273-seacev3-2026-20003-3,ocds-dgv273-seacev3-2026-20003-3-2026-05-01T10:33:57.559411-05:00,PE-CONSUCODE-20003,20452222419,PE-RUC,GOBIERNO REGIONAL DE AYACUCHO - RED DE SALUD PUQUIO  SUR AYACUCHO
ocds-dgv273-seacev3-2026-200206-2,ocds-dgv273-seacev3-2026-200206-2-2026-05-01T10:33:56.288766-05:00,PE-CONSUCODE-200206,20187348341,PE-RUC,GOBIERNO REGIONAL DE SAN MARTIN - UNIDAD DE GESTION EDUCATIVA LOCAL SAN MARTIN TARAPOTO
ocds-dgv273-seacev3-1186558,ocds-dgv273-seacev3-1186558-2026-05-01T10:33:56.174868-05:00,PE-CONSUCODE-201345,20565429656,PE-RUC,AUTORIDAD NACIONAL DE SANIDAD E INOCUIDAD EN PESCA Y ACUICULTURA
ocds-dgv273-seacev3-2026-231-1,ocds-dgv273-seacev3-2026-231-1-2026-05-01T10:33:56.071181-05:00,PE-CONSUCODE-231,20146926224,PE-RUC,MUNICIPALIDAD DISTRITAL DE MATO
ocds-dgv273-seacev3-1189690,ocds-dgv273-seacev3-1189690-2026-05-01T10:33:38.571161-05:00,PE-CONSUCODE-10378,20176217694,PE-RUC,GOBIERNO REGIONAL DE AMAZONAS - DIRECCION REGIONAL DE SALUD AMAZONAS
ocds-dgv273-seacev3-1195228,ocds-dgv273-seacev3-1195228-2026-05-01T10:33:35.923568-05:00,PE-CONSUCODE-747,20131369809,PE-RUC,MUNICIPALIDAD DISTRITAL DE VENTANILLA
ocds-dgv273-seacev3-1189313,ocds-dgv273-seacev3-1189313-2026-05-01T10:33:34.267414-05:00,PE-CONSUCODE-754,20159308961,PE-RUC,MUNICIPALIDAD DISTRITAL DE SAN SEBASTIAN
ocds-dgv273-seacev3-1186571,ocds-dgv273-seacev3-1186571-2026-05-01T10:33:33.954959-05:00,PE-CONSUCODE-2543,20131257750,PE-RUC,SEGURO SOCIAL DE SALUD
ocds-dgv273-seacev3-1199631,ocds-dgv273-seacev3-1199631-2026-05-01T10:33:28.181816-05:00,PE-CONSUCODE-1965,20507920722,PE-RUC,UNIDAD EJECUTORA Nº 006 - INSTITUTO NACIONAL DE BIENESTAR FAMILIAR
ocds-dgv273-seacev3-2026-49-105,ocds-dgv273-seacev3-2026-49-105-2026-05-01T10:33:16.450266-05:00,PE-CONSUCODE-49,20406325815,PE-RUC,GOBIERNO REGIONAL DE PUNO SEDE CENTRAL
ocds-dgv273-seacev3-2026-853-3,ocds-dgv273-seacev3-2026-853-3-2026-05-01T10:33:15.676565-05:00,PE-CONSUCODE-853,20200554729,PE-RUC,MUNICIPALIDAD DISTRITAL DE MACHUPICCHU
ocds-dgv273-seacev3-1203891,ocds-dgv273-seacev3-1203891-2026-05-01T10:33:15.399076-05:00,PE-CONSUCODE-634,20191948093,PE-RUC,MUNICIPALIDAD DISTRITAL DE HUASMIN
ocds-dgv273-seacev3-2026-234-3,ocds-dgv273-seacev3-2026-234-3-2026-05-01T10:33:14.382964-05:00,PE-CONSUCODE-234,20146920374,PE-RUC,MUNICIPALIDAD DISTRITAL DE SANTA CRUZ - HUAYLAS
ocds-dgv273-seacev3-1191235,ocds-dgv273-seacev3-1191235-2026-05-01T10:33:13.542016-05:00,PE-CONSUCODE-374,20288774553,PE-RUC,MUNICIPALIDAD DISTRITAL DE CHALLHUAHUACHO
ocds-dgv273-seacev3-1189604,ocds-dgv273-seacev3-1189604-2026-05-01T10:33:12.946362-05:00,PE-CONSUCODE-755,20154432516,PE-RUC,MUNICIPALIDAD DISTRITAL DE SANTIAGO - CUSCO
ocds-dgv273-seacev3-1190449,ocds-dgv273-seacev3-1190449-2026-05-01T10:33:06.549301-05:00,PE-CONSUCODE-93,20178082141,PE-RUC,MUNICIPALIDAD DISTRITAL DE IMAZA
ocds-dgv273-seacev3-1188037,ocds-dgv273-seacev3-1188037-2026-05-01T10:33:00.904495-05:00,PE-CONSUCODE-847,20195499765,PE-RUC,MUNICIPALIDAD DISTRITAL DE OCONGATE
ocds-dgv273-seacev3-2026-1034-10,ocds-dgv273-seacev3-2026-1034-10-2026-05-01T10:33:00.717663-05:00,PE-CONSUCODE-1034,20147711159,PE-RUC,MUNICIPALIDAD DISTRITAL DE SANTIAGO - ICA
ocds-dgv273-seacev3-1203007,ocds-dgv273-seacev3-1203007-2026-04-30T10:19:53.251645-05:00,PE-CONSUCODE-1514,20199428994,PE-RUC,MUNICIPALIDAD DISTRITAL DE MAQUIA
ocds-dgv273-seacev3-2026-80812-1,ocds-dgv273-seacev3-2026-80812-1-2026-04-30T10:19:50.440488-05:00,PE-CONSUCODE-202225,20141814312,PE-RUC,EMPRESA PRESTADORA DE SERVICIOS DE SANEAMIENTO MARAÑON S.A.
ocds-dgv273-seacev3-2026-289-3,ocds-dgv273-seacev3-2026-289-3-2026-04-30T10:19:49.991048-05:00,PE-CONSUCODE-289,20193334262,PE-RUC,MUNICIPALIDAD PROVINCIAL DE YUNGAY
ocds-dgv273-seacev3-1191786,ocds-dgv273-seacev3-1191786-2026-04-30T10:19:49.016370-05:00,PE-CONSUCODE-1341,20131372427,PE-RUC,MUNICIPALIDAD DISTRITAL DE SAN MARTIN DE PORRES
ocds-dgv273-seacev3-2026-23-1,ocds-dgv273-seacev3-2026-23-1-2026-04-30T10:19:47.749188-05:00,PE-CONSUCODE-23,20131023414,PE-RUC,MINISTERIO DE TRABAJO Y PROMOCION DEL EMPLEO
ocds-dgv273-seacev3-1189355,ocds-dgv273-seacev3-1189355-2026-04-30T10:19:47.508458-05:00,PE-CONSUCODE-40,20489250731,PE-RUC,GOBIERNO REGIONAL DE HUANUCO SEDE CENTRAL
ocds-dgv273-seacev3-2026-10427-1,ocds-dgv273-seacev3-2026-10427-1-2026-04-30T10:19:47.173855-05:00,PE-CONSUCODE-10427,20365228109,PE-RUC,GOBIERNO REGIONAL DE AYACUCHO-TRANSPORTES
ocds-dgv273-seacev3-2026-855-2,ocds-dgv273-seacev3-2026-855-2-2026-04-30T10:19:46.602599-05:00,PE-CONSUCODE-855,20200737211,PE-RUC,MUNICIPALIDAD DISTRITAL DE OLLANTAYTAMBO
ocds-dgv273-seacev3-2026-10427-8,ocds-dgv273-seacev3-2026-10427-8-2026-04-30T10:19:45.842311-05:00,PE-CONSUCODE-10427,20365228109,PE-RUC,GOBIERNO REGIONAL DE AYACUCHO-TRANSPORTES
ocds-dgv273-seacev3-2026-10427-3,ocds-dgv273-seacev3-2026-10427-3-2026-04-30T10:19:45.622159-05:00,PE-CONSUCODE-10427,20365228109,PE-RUC,GOBIERNO REGIONAL DE AYACUCHO-TRANSPORTES
ocds-dgv273-seacev3-2026-1689-4,ocds-dgv273-seacev3-2026-1689-4-2026-04-30T10:19:45.550635-05:00,PE-CONSUCODE-1689,20181403064,PE-RUC,MUNICIPALIDAD DISTRITAL DE DESAGUADERO
ocds-dgv273-seacev3-1189001,ocds-dgv273-seacev3-1189001-2026-04-30T10:19:44.856587-05:00,PE-CONSUCODE-200306,20532480397,PE-RUC,GOBIERNO REGIONAL DE MOQUEGUA UNIDAD EJECUTORA SUB REGION DE DESARROLLO ILO Nº 003
ocds-dgv273-seacev3-1187743,ocds-dgv273-seacev3-1187743-2026-04-30T10:19:43.617136-05:00,PE-CONSUCODE-10483,20156176240,PE-RUC,GOBIERNO REGIONAL DE JUNIN - UNIDAD TERRITORIAL DE SALUD JAUJA
ocds-dgv273-seacev3-1199557,ocds-dgv273-seacev3-1199557-2026-04-30T10:19:39.672162-05:00,PE-CONSUCODE-10447,20140266575,PE-RUC,GOBIERNO REGIONAL DE CUSCO - PROYECTO ESPECIAL PLAN MERISS INKA
ocds-dgv273-seacev3-1191049,ocds-dgv273-seacev3-1191049-2026-04-30T10:19:39.435776-05:00,PE-CONSUCODE-200030,20530688390,PE-RUC,GOBIERNO REGIONAL DE LIMA SEDE CENTRAL
ocds-dgv273-seacev3-2026-1569-2,ocds-dgv273-seacev3-2026-1569-2-2026-04-30T10:19:36.931389-05:00,PE-CONSUCODE-1569,20154623290,PE-RUC,MUNICIPALIDAD PROVINCIAL DE DANIEL CARRION - YANAHUANCA
ocds-dgv273-seacev3-2026-10427-5,ocds-dgv273-seacev3-2026-10427-5-2026-04-30T10:19:36.745025-05:00,PE-CONSUCODE-10427,20365228109,PE-RUC,GOBIERNO REGIONAL DE AYACUCHO-TRANSPORTES
ocds-dgv273-seacev3-1190939,ocds-dgv273-seacev3-1190939-2026-04-30T10:19:36.587183-05:00,PE-CONSUCODE-711,20176288958,PE-RUC,MUNICIPALIDAD DISTRITAL DE NANCHOC
ocds-dgv273-seacev3-1189542,ocds-dgv273-seacev3-1189542-2026-04-30T10:19:36.571433-05:00,PE-CONSUCODE-371,20205028600,PE-RUC,MUNICIPALIDAD DISTRITAL DE COYLLURQUI
ocds-dgv273-seacev3-1188652,ocds-dgv273-seacev3-1188652-2026-04-30T10:19:34.314584-05:00,PE-CONSUCODE-805,20147346434,PE-RUC,MUNICIPALIDAD PROVINCIAL DE ESPINAR
ocds-dgv273-seacev3-1186111,ocds-dgv273-seacev3-1186111-2026-04-30T10:19:34.206761-05:00,PE-CONSUCODE-1722,20192145831,PE-RUC,MUNICIPALIDAD PROVINCIAL DE SANDIA
ocds-dgv273-seacev3-2026-10427-4,ocds-dgv273-seacev3-2026-10427-4-2026-04-30T10:19:28.106297-05:00,PE-CONSUCODE-10427,20365228109,PE-RUC,GOBIERNO REGIONAL DE AYACUCHO-TRANSPORTES
ocds-dgv273-seacev3-1198554,ocds-dgv273-seacev3-1198554-2026-04-30T10:19:25.956494-05:00,PE-CONSUCODE-2384,20100211034,PE-RUC,SERVICIO DE AGUA POTABLE Y ALCANTARILLADO DE AREQUIPA
ocds-dgv273-seacev3-1188522,ocds-dgv273-seacev3-1188522-2026-04-30T10:19:25.001252-05:00,PE-CONSUCODE-200551,20552196725,PE-RUC,INSTITUTO NACIONAL DE SALUD DEL NIÑO - SAN BORJA
ocds-dgv273-seacev3-1192125,ocds-dgv273-seacev3-1192125-2026-04-30T10:19:24.568166-05:00,PE-CONSUCODE-1692,20146266208,PE-RUC,MUNICIPALIDAD DISTRITAL DE POMATA
ocds-dgv273-seacev3-2026-251427-2,ocds-dgv273-seacev3-2026-251427-2-2026-04-30T10:19:23.800140-05:00,PE-CONSUCODE-204970,20608861549,PE-RUC,SERVICIO DE MANTENIMIENTO DEL PERÚ SOCIEDAD ANÓNIMA CERRADA
ocds-dgv273-seacev3-2026-2432-15,ocds-dgv273-seacev3-2026-2432-15-2026-04-30T10:19:23.419316-05:00,PE-CONSUCODE-2432,20196785044,PE-RUC,PERUPETRO S.A.
ocds-dgv273-seacev3-2026-10505-2,ocds-dgv273-seacev3-2026-10505-2-2026-04-30T10:19:23.273974-05:00,PE-CONSUCODE-10505,20221373449,PE-RUC,GOBIERNO REGIONAL DE LA LIBERTAD-SALUD UTES CHEPEN
ocds-dgv273-seacev3-2026-14-5,ocds-dgv273-seacev3-2026-14-5-2026-04-30T10:19:17.382547-05:00,PE-CONSUCODE-14,20131370998,PE-RUC,MINISTERIO DE EDUCACION
ocds-dgv273-seacev3-2026-961-1,ocds-dgv273-seacev3-2026-961-1-2026-04-30T10:19:17.231353-05:00,PE-CONSUCODE-961,20191219415,PE-RUC,MUNICIPALIDAD DISTRITAL DE CAYNA
ocds-dgv273-seacev3-1190628,ocds-dgv273-seacev3-1190628-2026-04-30T10:19:16.735133-05:00,PE-CONSUCODE-49,20406325815,PE-RUC,GOBIERNO REGIONAL DE PUNO SEDE CENTRAL
ocds-dgv273-seacev3-1190667,ocds-dgv273-seacev3-1190667-2026-04-30T10:19:14.732981-05:00,PE-CONSUCODE-10464,20146045881,PE-RUC,GOBIERNO REGIONAL DE HUANUCO - DIRECCIÓN REGIONAL DE SALUD - HUANUCO
ocds-dgv273-seacev3-1187871,ocds-dgv273-seacev3-1187871-2026-04-30T10:19:12.343101-05:00,PE-CONSUCODE-67,20168007168,PE-RUC,MUNICIPALIDAD PROVINCIAL DE CHACHAPOYAS
ocds-dgv273-seacev3-2026-200441-8,ocds-dgv273-seacev3-2026-200441-8-2026-04-30T10:19:11.991137-05:00,PE-CONSUCODE-200441,20487911586,PE-RUC,GOBIERNO REGIONAL DE LAMBAYEQUE - HOSPITAL REGIONAL LAMBAYEQUE
ocds-dgv273-seacev3-1191698,ocds-dgv273-seacev3-1191698-2026-04-30T10:19:07.328930-05:00,PE-CONSUCODE-10457,20444054400,PE-RUC,GOBIERNO REGIONAL DE HUANCAVELICA-HOSPITAL DEPARTAMENTAL DE HUANCAVELICA
ocds-dgv273-seacev3-1189647,ocds-dgv273-seacev3-1189647-2026-04-30T10:19:06.938759-05:00,PE-CONSUCODE-1328,20131377224,PE-RUC,MUNICIPALIDAD DISTRITAL DE MIRAFLORES - LIMA
ocds-dgv273-seacev3-1191694,ocds-dgv273-seacev3-1191694-2026-04-30T10:19:06.464327-05:00,PE-CONSUCODE-10427,20365228109,PE-RUC,GOBIERNO REGIONAL DE AYACUCHO-TRANSPORTES
ocds-dgv273-seacev3-1201788,ocds-dgv273-seacev3-1201788-2026-04-30T10:19:05.237517-05:00,PE-CONSUCODE-1689,20181403064,PE-RUC,MUNICIPALIDAD DISTRITAL DE DESAGUADERO
ocds-dgv273-seacev3-1189387,ocds-dgv273-seacev3-1189387-2026-04-30T10:19:02.157551-05:00,PE-CONSUCODE-28,20159981216,PE-RUC,PODER JUDICIAL
ocds-dgv273-seacev3-1191692,ocds-dgv273-seacev3-1191692-2026-04-30T10:19:01.623973-05:00,PE-CONSUCODE-10427,20365228109,PE-RUC,GOBIERNO REGIONAL DE AYACUCHO-TRANSPORTES
ocds-dgv273-seacev3-2026-1485-3,ocds-dgv273-seacev3-2026-1485-3-2026-04-30T10:19:01.191348-05:00,PE-CONSUCODE-1485,20165973683,PE-RUC,MUNICIPALIDAD DISTRITAL DE NAPO
ocds-dgv273-seacev3-2026-751-6,ocds-dgv273-seacev3-2026-751-6-2026-04-30T10:19:01.089111-05:00,PE-CONSUCODE-751,20159308881,PE-RUC,MUNICIPALIDAD DISTRITAL DE WANCHAQ
ocds-dgv273-seacev3-2026-958-2,ocds-dgv273-seacev3-2026-958-2-2026-04-30T10:19:00.849071-05:00,PE-CONSUCODE-958,20184296838,PE-RUC,MUNICIPALIDAD DISTRITAL DE SANTA MARIA DEL VALLE
ocds-dgv273-seacev3-1186933,ocds-dgv273-seacev3-1186933-2026-04-30T10:19:00.833579-05:00,PE-CONSUCODE-205010,20608197037,PE-RUC,MUNICIPALIDAD DISTRITAL DE SAN ANTONIO
ocds-dgv273-seacev3-1191810,ocds-dgv273-seacev3-1191810-2026-04-30T10:18:56.763091-05:00,PE-CONSUCODE-399,20159515240,PE-RUC,MUNICIPALIDAD DISTRITAL DE CERRO COLORADO
ocds-dgv273-seacev3-1189509,ocds-dgv273-seacev3-1189509-2026-04-30T10:18:56.449724-05:00,PE-CONSUCODE-204448,20604932964,PE-RUC,AUTORIDAD DE TRANSPORTE URBANO PARA LIMA Y CALLAO
ocds-dgv273-seacev3-1191034,ocds-dgv273-seacev3-1191034-2026-04-30T10:18:53.030805-05:00,PE-CONSUCODE-1903,20172383531,PE-RUC,UNIVERSIDAD NACIONAL HERMILIO VALDIZAN
ocds-dgv273-seacev3-2026-10427-7,ocds-dgv273-seacev3-2026-10427-7-2026-04-30T10:18:51.774589-05:00,PE-CONSUCODE-10427,20365228109,PE-RUC,GOBIERNO REGIONAL DE AYACUCHO-TRANSPORTES
ocds-dgv273-seacev3-1186581,ocds-dgv273-seacev3-1186581-2026-04-30T10:18:50.952380-05:00,PE-CONSUCODE-47,20489252270,PE-RUC,GOBIERNO REGIONAL DE PASCO SEDE CENTRAL
ocds-dgv273-seacev3-1186141,ocds-dgv273-seacev3-1186141-2026-04-30T10:18:50.825563-05:00,PE-CONSUCODE-1317,20131377909,PE-RUC,MUNICIPALIDAD DISTRITAL DE EL AGUSTINO
ocds-dgv273-seacev3-2026-870-2,ocds-dgv273-seacev3-2026-870-2-2026-04-30T10:18:45.545369-05:00,PE-CONSUCODE-870,20199463129,PE-RUC,MUNICIPALIDAD DISTRITAL DE PALCA - HUANCAVELICA
ocds-dgv273-seacev3-1191181,ocds-dgv273-seacev3-1191181-2026-04-30T10:18:43.264263-05:00,PE-CONSUCODE-200021,20504915523,PE-RUC,AGENCIA PERUANA DE COOPERACION INTERNACIONAL
ocds-dgv273-seacev3-1200977,ocds-dgv273-seacev3-1200977-2026-04-30T10:18:43.214829-05:00,PE-CONSUCODE-296,20213928989,PE-RUC,MUNICIPALIDAD DISTRITAL DE YANAMA
ocds-dgv273-seacev3-2026-10427-10,ocds-dgv273-seacev3-2026-10427-10-2026-04-30T10:18:41.146700-05:00,PE-CONSUCODE-10427,20365228109,PE-RUC,GOBIERNO REGIONAL DE AYACUCHO-TRANSPORTES
ocds-dgv273-seacev3-1191402,ocds-dgv273-seacev3-1191402-2026-04-30T10:18:41.110221-05:00,PE-CONSUCODE-1555,20154491288,PE-RUC,MUNICIPALIDAD DISTRITAL DE EL ALGARROBAL
ocds-dgv273-seacev3-2026-1160-4,ocds-dgv273-seacev3-2026-1160-4-2026-04-30T10:18:40.456814-05:00,PE-CONSUCODE-1160,20146673776,PE-RUC,MUNICIPALIDAD DISTRITAL DE PANGOA
ocds-dgv273-seacev3-1188487,ocds-dgv273-seacev3-1188487-2026-04-29T10:19:09.277872-05:00,PE-CONSUCODE-10536,20199189710,PE-RUC,GOBIERNO REGIONAL DE MADRE DE DIOS-DIRECCION REGIONAL DE TRANSPORTE Y COMUNICACIONES
ocds-dgv273-seacev3-2026-21-30,ocds-dgv273-seacev3-2026-21-30-2026-04-29T10:19:06.016300-05:00,PE-CONSUCODE-21,20131380101,PE-RUC,MINISTERIO DE RELACIONES EXTERIORES
ocds-dgv273-seacev3-1186075,ocds-dgv273-seacev3-1186075-2026-04-29T10:19:03.831647-05:00,PE-CONSUCODE-1983,20131369477,PE-RUC,INSTITUTO TECNOLOGICO DE LA PRODUCCION
ocds-dgv273-seacev3-1188605,ocds-dgv273-seacev3-1188605-2026-04-29T10:18:59.528227-05:00,PE-CONSUCODE-1922,20131370564,PE-RUC,"SUPERINTENDENCIA DE BANCA, SEGUROS Y AFP"
ocds-dgv273-seacev3-2026-677-1,ocds-dgv273-seacev3-2026-677-1-2026-04-29T10:18:54.771186-05:00,PE-CONSUCODE-677,20201509719,PE-RUC,MUNICIPALIDAD DISTRITAL DE PACCHA - CHOTA
ocds-dgv273-seacev3-1191851,ocds-dgv273-seacev3-1191851-2026-04-29T10:18:49.263878-05:00,PE-CONSUCODE-39,20486020882,PE-RUC,GOBIERNO REGIONAL DE HUANCAVELICA Sede Central
ocds-dgv273-seacev3-1191719,ocds-dgv273-seacev3-1191719-2026-04-29T10:18:49.098889-05:00,PE-CONSUCODE-200684,20393567750,PE-RUC,GOBIERNO REGIONAL DE UCAYALI - UNIDAD DE GESTION EDUCATIVA LOCAL DE PURUS
ocds-dgv273-seacev3-1190036,ocds-dgv273-seacev3-1190036-2026-04-29T10:18:48.389551-05:00,PE-CONSUCODE-1191,20175639391,PE-RUC,MUNICIPALIDAD PROVINCIAL DE TRUJILLO
ocds-dgv273-seacev3-1192039,ocds-dgv273-seacev3-1192039-2026-04-29T10:18:45.656532-05:00,PE-CONSUCODE-270,20163065330,PE-RUC,MUNICIPALIDAD PROVINCIAL DE SANTA - CHIMBOTE
ocds-dgv273-seacev3-1186350,ocds-dgv273-seacev3-1186350-2026-04-29T10:18:43.276961-05:00,PE-CONSUCODE-35,20452393493,PE-RUC,GOBIERNO REGIONAL DE AYACUCHO SEDE CENTRAL
ocds-dgv273-seacev3-2026-270-39,ocds-dgv273-seacev3-2026-270-39-2026-04-29T10:18:42.950911-05:00,PE-CONSUCODE-270,20163065330,PE-RUC,MUNICIPALIDAD PROVINCIAL DE SANTA - CHIMBOTE
ocds-dgv273-seacev3-2026-1542-3,ocds-dgv273-seacev3-2026-1542-3-2026-04-29T10:18:37.841476-05:00,PE-CONSUCODE-1542,20193063218,PE-RUC,MUNICIPALIDAD PROVINCIAL DE SANCHEZ CERRO - OMATE
ocds-dgv273-seacev3-2026-194-1,ocds-dgv273-seacev3-2026-194-1-2026-04-29T10:18:37.645252-05:00,PE-CONSUCODE-194,20172265929,PE-RUC,GOBIERNO LOCAL DISTRITAL DE MARCARA
ocds-dgv273-seacev3-2026-1685-1,ocds-dgv273-seacev3-2026-1685-1-2026-04-29T10:18:37.329069-05:00,PE-CONSUCODE-1685,20162161866,PE-RUC,MUNICIPALIDAD DISTRITAL DE OLLACHEA
ocds-dgv273-seacev3-1195781,ocds-dgv273-seacev3-1195781-2026-04-29T10:18:34.572227-05:00,PE-CONSUCODE-960,20146008926,PE-RUC,MUNICIPALIDAD PROVINCIAL DE AMBO
ocds-dgv273-seacev3-1189645,ocds-dgv273-seacev3-1189645-2026-04-29T10:18:34.551390-05:00,PE-CONSUCODE-1663,20172499679,PE-RUC,MUNICIPALIDAD PROVINCIAL DE AZANGARO
ocds-dgv273-seacev3-2026-200199-3,ocds-dgv273-seacev3-2026-200199-3-2026-04-29T10:18:34.466453-05:00,PE-CONSUCODE-200199,20493465491,PE-RUC,MUNICIPALIDAD PROVINCIAL DEL DATEM DEL MARAÑON
ocds-dgv273-seacev3-1189753,ocds-dgv273-seacev3-1189753-2026-04-29T10:18:34.439026-05:00,PE-CONSUCODE-294,20213370210,PE-RUC,MUNICIPALIDAD DISTRITAL DE RANRAHIRCA
ocds-dgv273-seacev3-1188826,ocds-dgv273-seacev3-1188826-2026-04-29T10:18:33.473700-05:00,PE-CONSUCODE-10483,20156176240,PE-RUC,GOBIERNO REGIONAL DE JUNIN - UNIDAD TERRITORIAL DE SALUD JAUJA
ocds-dgv273-seacev3-2026-10483-2,ocds-dgv273-seacev3-2026-10483-2-2026-04-29T10:18:27.956915-05:00,PE-CONSUCODE-10483,20156176240,PE-RUC,GOBIERNO REGIONAL DE JUNIN - UNIDAD TERRITORIAL DE SALUD JAUJA
ocds-dgv273-seacev3-1204842,ocds-dgv273-seacev3-1204842-2026-04-29T10:18:17.892813-05:00,PE-CONSUCODE-205772,20613370588,PE-RUC,UNIVERSIDAD NACIONAL DE SECHURA
ocds-dgv273-seacev3-1186176,ocds-dgv273-seacev3-1186176-2026-04-29T10:18:12.557918-05:00,PE-CONSUCODE-201468,20600004001,PE-RUC,"PROYECTO ESPECIAL DE DESARROLLO DEL VALLE DE LOS RÍO APURIMAC, ENE Y MANTARO- PROVRAEM"
ocds-dgv273-seacev3-1190889,ocds-dgv273-seacev3-1190889-2026-04-29T10:18:06.529254-05:00,PE-CONSUCODE-49,20406325815,PE-RUC,GOBIERNO REGIONAL DE PUNO SEDE CENTRAL
ocds-dgv273-seacev3-1189365,ocds-dgv273-seacev3-1189365-2026-04-29T10:18:06.393147-05:00,PE-CONSUCODE-949,20199460375,PE-RUC,MUNICIPALIDAD DISTRITAL DE SAN PEDRO DE CORIS
ocds-dgv273-seacev3-2026-374-5,ocds-dgv273-seacev3-2026-374-5-2026-04-29T10:18:05.578029-05:00,PE-CONSUCODE-374,20288774553,PE-RUC,MUNICIPALIDAD DISTRITAL DE CHALLHUAHUACHO
ocds-dgv273-seacev3-1190531,ocds-dgv273-seacev3-1190531-2026-04-29T10:18:05.270472-05:00,PE-CONSUCODE-202585,20555989912,PE-RUC,IAFAS DE LA MARINA DE GUERRA DEL PERU
ocds-dgv273-seacev3-2026-200454-1,ocds-dgv273-seacev3-2026-200454-1-2026-04-29T10:18:04.990446-05:00,PE-CONSUCODE-200454,20529358220,PE-RUC,UNIVERSIDAD NACIONAL AUTONOMA DE CHOTA
ocds-dgv273-seacev3-1192072,ocds-dgv273-seacev3-1192072-2026-04-28T10:07:26.301805-05:00,PE-CONSUCODE-1658,20169024112,PE-RUC,MUNICIPALIDAD DISTRITAL DE PICHACANI
ocds-dgv273-seacev3-1186184,ocds-dgv273-seacev3-1186184-2026-04-27T10:00:30.871248-05:00,PE-CONSUCODE-201468,20600004001,PE-RUC,"PROYECTO ESPECIAL DE DESARROLLO DEL VALLE DE LOS RÍO APURIMAC, ENE Y MANTARO- PROVRAEM"
ocds-dgv273-seacev3-1190017,ocds-dgv273-seacev3-1190017-2026-04-26T10:13:44.850275-05:00,PE-CONSUCODE-1328,20131377224,PE-RUC,MUNICIPALIDAD DISTRITAL DE MIRAFLORES - LIMA
ocds-dgv273-seacev3-2026-209149-5,ocds-dgv273-seacev3-2026-209149-5-2026-04-26T10:13:44.469343-05:00,PE-CONSUCODE-204468,20605291865,PE-RUC,OFICINA GENERAL DE INVERSIONES Y PROYECTOS
ocds-dgv273-seacev3-1191825,ocds-dgv273-seacev3-1191825-2026-04-26T10:13:44.134317-05:00,PE-CONSUCODE-1952,20419026809,PE-RUC,ORGANISMO ESPECIALIZADO PARA LAS CONTRATACIONES PUBLICAS EFICIENTES
ocds-dgv273-seacev3-2026-801-20,ocds-dgv273-seacev3-2026-801-20-2026-04-26T10:13:43.528143-05:00,PE-CONSUCODE-801,20278211895,PE-RUC,MUNICIPALIDAD DISTRITAL DE LIVITACA
ocds-dgv273-seacev3-1194803,ocds-dgv273-seacev3-1194803-2026-04-26T10:13:42.061619-05:00,PE-CONSUCODE-1710,20198827054,PE-RUC,MUNICIPALIDAD DISTRITAL DE PUCARA - LAMPA
ocds-dgv273-seacev3-1189406,ocds-dgv273-seacev3-1189406-2026-04-26T10:13:39.288800-05:00,PE-CONSUCODE-371,20205028600,PE-RUC,MUNICIPALIDAD DISTRITAL DE COYLLURQUI
ocds-dgv273-seacev3-2026-506-1,ocds-dgv273-seacev3-2026-506-1-2026-04-26T10:13:38.861580-05:00,PE-CONSUCODE-506,20143628354,PE-RUC,MUNICIPALIDAD DISTRITAL DE ACOCRO
ocds-dgv273-seacev3-2026-397-11,ocds-dgv273-seacev3-2026-397-11-2026-04-26T10:13:38.009699-05:00,PE-CONSUCODE-397,20154489895,PE-RUC,MUNICIPALIDAD PROVINCIAL DE AREQUIPA
ocds-dgv273-seacev3-2026-2600-8,ocds-dgv273-seacev3-2026-2600-8-2026-04-26T10:13:36.063059-05:00,PE-CONSUCODE-2600,20433270461,PE-RUC,C.N.DE INTEGR.D.L.PERS.CON DISC.-CONADIS
ocds-dgv273-seacev3-1191520,ocds-dgv273-seacev3-1191520-2026-04-26T10:13:34.094421-05:00,PE-CONSUCODE-10612,20351711770,PE-RUC,GOBIERNO REGIONAL DE UCAYALI - GERENCIA TERRITORIAL DE PADRE ABAD
ocds-dgv273-seacev3-2026-343-2,ocds-dgv273-seacev3-2026-343-2-2026-04-26T10:13:30.314140-05:00,PE-CONSUCODE-343,20192042357,PE-RUC,MUNICIPALIDAD DISTRITAL DE SAN MIGUEL CHACCRAMPA
ocds-dgv273-seacev3-1186862,ocds-dgv273-seacev3-1186862-2026-04-26T10:13:29.958661-05:00,PE-CONSUCODE-43,20479569780,PE-RUC,GOBIERNO REGIONAL DE LAMBAYEQUE SEDE CENTRAL
ocds-dgv273-seacev3-2026-912-2,ocds-dgv273-seacev3-2026-912-2-2026-04-26T10:13:29.899027-05:00,PE-CONSUCODE-912,20208070836,PE-RUC,MUNICIPALIDAD DISTRITAL DE DANIEL HERNANDEZ
ocds-dgv273-seacev3-2026-1628-4,ocds-dgv273-seacev3-2026-1628-4-2026-04-26T10:13:29.881549-05:00,PE-CONSUCODE-1628,20154477021,PE-RUC,MUNICIPALIDAD PROVINCIAL DE SULLANA
ocds-dgv273-seacev3-1189915,ocds-dgv273-seacev3-1189915-2026-04-26T10:13:25.366486-05:00,PE-CONSUCODE-1540,20171880115,PE-RUC,MUNICIPALIDAD DISTRITAL DE TORATA
ocds-dgv273-seacev3-1191445,ocds-dgv273-seacev3-1191445-2026-04-26T10:13:24.189014-05:00,PE-CONSUCODE-1834,20147796715,PE-RUC,MUNICIPALIDAD DISTRITAL DE ALTO DE LA ALIANZA
ocds-dgv273-seacev3-1187864,ocds-dgv273-seacev3-1187864-2026-04-26T10:13:19.135557-05:00,PE-CONSUCODE-270,20163065330,PE-RUC,MUNICIPALIDAD PROVINCIAL DE SANTA - CHIMBOTE
ocds-dgv273-seacev3-2026-200087-1,ocds-dgv273-seacev3-2026-200087-1-2026-04-26T10:13:19.108737-05:00,PE-CONSUCODE-200087,20452339286,PE-RUC,MUNICIPALIDAD DISTRITAL DE JESUS NAZARENO
ocds-dgv273-seacev3-1184858,ocds-dgv273-seacev3-1184858-2026-04-26T10:13:18.562047-05:00,PE-CONSUCODE-203306,20601625017,PE-RUC,MUNICIPALIDAD DISTRITAL DE MEGANTONI
ocds-dgv273-seacev3-1190160,ocds-dgv273-seacev3-1190160-2026-04-26T10:13:15.816018-05:00,PE-CONSUCODE-205651,20614289059,PE-RUC,PODER JUDICIAL - AUTORIDAD NACIONAL DE CONTROL DEL PODER JUDICIAL
ocds-dgv273-seacev3-1190049,ocds-dgv273-seacev3-1190049-2026-04-26T10:13:15.539851-05:00,PE-CONSUCODE-26,20131370301,PE-RUC,MINISTERIO PUBLICO
ocds-dgv273-seacev3-1190527,ocds-dgv273-seacev3-1190527-2026-04-26T10:13:14.331941-05:00,PE-CONSUCODE-634,20191948093,PE-RUC,MUNICIPALIDAD DISTRITAL DE HUASMIN
ocds-dgv273-seacev3-1191908,ocds-dgv273-seacev3-1191908-2026-04-26T10:13:14.050826-05:00,PE-CONSUCODE-200170,20486391279,PE-RUC,GOBIERNO REGIONAL DE JUNIN  - RED DE SALUD DEL VALLE DEL MANTARO
ocds-dgv273-seacev3-1191366,ocds-dgv273-seacev3-1191366-2026-04-26T10:13:12.548372-05:00,PE-CONSUCODE-1904,20147796634,PE-RUC,UNIVERSIDAD NACIONAL JORGE BASADRE GROHMANN - TACNA
ocds-dgv273-seacev3-2026-248315-2,ocds-dgv273-seacev3-2026-248315-2-2026-04-26T10:13:11.661588-05:00,PE-CONSUCODE-204890,20607827983,PE-RUC,MUNICIPALIDAD DISTRITAL DE BOQUERÓN
ocds-dgv273-seacev3-1188003,ocds-dgv273-seacev3-1188003-2026-04-26T10:13:11.185793-05:00,PE-CONSUCODE-9,20304117142,PE-RUC,DEFENSORIA DEL PUEBLO
ocds-dgv273-seacev3-2026-167507-10,ocds-dgv273-seacev3-2026-167507-10-2026-04-26T10:13:10.944442-05:00,PE-CONSUCODE-203646,20602250602,PE-RUC,DIRECCION DE REDES INTEGRADAS DE SALUD LIMA CENTRO
ocds-dgv273-seacev3-1191480,ocds-dgv273-seacev3-1191480-2026-04-26T10:13:06.992812-05:00,PE-CONSUCODE-200030,20530688390,PE-RUC,GOBIERNO REGIONAL DE LIMA SEDE CENTRAL
ocds-dgv273-seacev3-1191494,ocds-dgv273-seacev3-1191494-2026-04-26T10:13:06.387910-05:00,PE-CONSUCODE-1952,20419026809,PE-RUC,ORGANISMO ESPECIALIZADO PARA LAS CONTRATACIONES PUBLICAS EFICIENTES
ocds-dgv273-seacev3-1190768,ocds-dgv273-seacev3-1190768-2026-04-26T10:13:04.907097-05:00,PE-CONSUCODE-1337,20130534211,PE-RUC,MUNICIPALIDAD DISTRITAL DE SAN ISIDRO - LIMA
ocds-dgv273-seacev3-1189987,ocds-dgv273-seacev3-1189987-2026-04-26T10:13:04.758740-05:00,PE-CONSUCODE-200019,20503503639,PE-RUC,MTC-PROYECTO ESPECIAL DE INFRAESTRUCTURA DE TRANSPORTE NACIONAL (PROVIAS NACIONAL)
ocds-dgv273-seacev3-2026-10141-21,ocds-dgv273-seacev3-2026-10141-21-2026-04-26T10:13:03.845079-05:00,PE-CONSUCODE-10141,20339267821,PE-RUC,COMISIÓN NACIONAL PARA EL DESARROLLO Y VIDA SIN DROGAS - DEVIDA
ocds-dgv273-seacev3-1189317,ocds-dgv273-seacev3-1189317-2026-04-26T10:13:01.512739-05:00,PE-CONSUCODE-205010,20608197037,PE-RUC,MUNICIPALIDAD DISTRITAL DE SAN ANTONIO
ocds-dgv273-seacev3-2026-1731-29,ocds-dgv273-seacev3-2026-1731-29-2026-04-26T10:13:01.308267-05:00,PE-CONSUCODE-1731,20165195290,PE-RUC,MUNICIPALIDAD PROVINCIAL DE SAN ROMAN - JULIACA
ocds-dgv273-seacev3-1188040,ocds-dgv273-seacev3-1188040-2026-04-26T10:13:00.682659-05:00,PE-CONSUCODE-402,20167246029,PE-RUC,MUNICIPALIDAD DISTRITAL LA JOYA
ocds-dgv273-seacev3-2026-519-2,ocds-dgv273-seacev3-2026-519-2-2026-04-25T10:20:40.700827-05:00,PE-CONSUCODE-519,20143166717,PE-RUC,MUNICIPALIDAD PROVINCIAL DE CANGALLO
ocds-dgv273-seacev3-2026-10549-7,ocds-dgv273-seacev3-2026-10549-7-2026-04-25T10:20:36.875157-05:00,PE-CONSUCODE-10549,20194048034,PE-RUC,GOBIERNO REGIONAL DE PASCO-SALUD AIS HOSPITAL DANIEL A.CARRION
ocds-dgv273-seacev3-1190465,ocds-dgv273-seacev3-1190465-2026-04-25T10:20:36.715659-05:00,PE-CONSUCODE-10507,20222308080,PE-RUC,GOBIERNO REGIONAL DE LA LIBERTAD - RED SALUD SANCHEZ CARRION - HOSPITAL LEONCIO PRADO
ocds-dgv273-seacev3-2026-1585-3,ocds-dgv273-seacev3-2026-1585-3-2026-04-25T10:20:34.589204-05:00,PE-CONSUCODE-1585,20172618864,PE-RUC,MUNICIPALIDAD DISTRITAL DE CASTILLA
ocds-dgv273-seacev3-2026-1301-3,ocds-dgv273-seacev3-2026-1301-3-2026-04-25T10:20:34.539603-05:00,PE-CONSUCODE-1301,20162368703,PE-RUC,MUNICIPALIDAD DISTRITAL DE MOTUPE
ocds-dgv273-seacev3-2026-912-3,ocds-dgv273-seacev3-2026-912-3-2026-04-25T10:20:34.384697-05:00,PE-CONSUCODE-912,20208070836,PE-RUC,MUNICIPALIDAD DISTRITAL DE DANIEL HERNANDEZ
ocds-dgv273-seacev3-2026-822-14,ocds-dgv273-seacev3-2026-822-14-2026-04-25T10:20:34.320547-05:00,PE-CONSUCODE-822,20317337150,PE-RUC,MUNICIPALIDAD DISTRITAL DE PICHARI
ocds-dgv273-seacev3-1189727,ocds-dgv273-seacev3-1189727-2026-04-25T10:20:31.302830-05:00,PE-CONSUCODE-789,20147421070,PE-RUC,MUNICIPALIDAD PROVINCIAL DE CANCHIS - SICUANI
ocds-dgv273-seacev3-2026-200507-2,ocds-dgv273-seacev3-2026-200507-2-2026-04-25T10:20:31.174469-05:00,PE-CONSUCODE-200507,20568503253,PE-RUC,ESTACION EXPERIMENTAL AGRARIA SANTA ANA-JUNIN
ocds-dgv273-seacev3-2026-1309-12,ocds-dgv273-seacev3-2026-1309-12-2026-04-25T10:20:30.126599-05:00,PE-CONSUCODE-1309,20131378620,PE-RUC,MUNICIPALIDAD DISTRITAL DE ATE - VITARTE
ocds-dgv273-seacev3-1191240,ocds-dgv273-seacev3-1191240-2026-04-25T10:20:29.171688-05:00,PE-CONSUCODE-565,20229995759,PE-RUC,MUNICIPALIDAD DISTRITAL DE SAN PEDRO - LUCANAS
ocds-dgv273-seacev3-2026-35859-2,ocds-dgv273-seacev3-2026-35859-2-2026-04-25T10:20:24.953523-05:00,PE-CONSUCODE-201468,20600004001,PE-RUC,"PROYECTO ESPECIAL DE DESARROLLO DEL VALLE DE LOS RÍO APURIMAC, ENE Y MANTARO- PROVRAEM"
ocds-dgv273-seacev3-1188125,ocds-dgv273-seacev3-1188125-2026-04-25T10:20:24.863838-05:00,PE-CONSUCODE-1077,20133696742,PE-RUC,MUNICIPALIDAD DISTRITAL DE EL TAMBO
ocds-dgv273-seacev3-2026-49-24,ocds-dgv273-seacev3-2026-49-24-2026-04-25T10:20:24.434184-05:00,PE-CONSUCODE-49,20406325815,PE-RUC,GOBIERNO REGIONAL DE PUNO SEDE CENTRAL
ocds-dgv273-seacev3-2026-768-1,ocds-dgv273-seacev3-2026-768-1-2026-04-25T10:20:18.870425-05:00,PE-CONSUCODE-768,20317920025,PE-RUC,MUNICIPALIDAD DISTRITAL DE MOLLEPATA - ANTA
ocds-dgv273-seacev3-2026-49-1,ocds-dgv273-seacev3-2026-49-1-2026-04-25T10:20:13.197008-05:00,PE-CONSUCODE-49,20406325815,PE-RUC,GOBIERNO REGIONAL DE PUNO SEDE CENTRAL
ocds-dgv273-seacev3-2026-51-107,ocds-dgv273-seacev3-2026-51-107-2026-04-25T10:20:04.730883-05:00,PE-CONSUCODE-51,20519752515,PE-RUC,GOBIERNO REGIONAL DE TACNA SEDE CENTRAL
ocds-dgv273-seacev3-2026-10461-8,ocds-dgv273-seacev3-2026-10461-8-2026-04-25T10:20:04.594688-05:00,PE-CONSUCODE-10461,20172373144,PE-RUC,GOBIERNO REGIONAL DE HUANUCO-TRANSPORTES
ocds-dgv273-seacev3-1188538,ocds-dgv273-seacev3-1188538-2026-04-25T10:20:04.453801-05:00,PE-CONSUCODE-793,20159345573,PE-RUC,MUNICIPALIDAD DISTRITAL DE PITUMARCA
ocds-dgv273-seacev3-2026-49-32,ocds-dgv273-seacev3-2026-49-32-2026-04-25T10:20:03.850531-05:00,PE-CONSUCODE-49,20406325815,PE-RUC,GOBIERNO REGIONAL DE PUNO SEDE CENTRAL
ocds-dgv273-seacev3-2026-21-25,ocds-dgv273-seacev3-2026-21-25-2026-04-25T10:20:03.489452-05:00,PE-CONSUCODE-21,20131380101,PE-RUC,MINISTERIO DE RELACIONES EXTERIORES
ocds-dgv273-seacev3-2026-200507-1,ocds-dgv273-seacev3-2026-200507-1-2026-04-25T10:20:02.836263-05:00,PE-CONSUCODE-200507,20568503253,PE-RUC,ESTACION EXPERIMENTAL AGRARIA SANTA ANA-JUNIN
ocds-dgv273-seacev3-1188044,ocds-dgv273-seacev3-1188044-2026-04-25T10:20:02.819076-05:00,PE-CONSUCODE-749,20177217043,PE-RUC,MUNICIPALIDAD PROVINCIAL DEL CUSCO
ocds-dgv273-seacev3-2026-838-6,ocds-dgv273-seacev3-2026-838-6-2026-04-25T10:19:53.039296-05:00,PE-CONSUCODE-838,20187172129,PE-RUC,MUNICIPALIDAD PROVINCIAL DE QUISPICANCHIS - URCOS
ocds-dgv273-seacev3-2026-1731-10,ocds-dgv273-seacev3-2026-1731-10-2026-04-25T10:19:51.329880-05:00,PE-CONSUCODE-1731,20165195290,PE-RUC,MUNICIPALIDAD PROVINCIAL DE SAN ROMAN - JULIACA
ocds-dgv273-seacev3-1189011,ocds-dgv273-seacev3-1189011-2026-04-25T10:19:51.254740-05:00,PE-CONSUCODE-201468,20600004001,PE-RUC,"PROYECTO ESPECIAL DE DESARROLLO DEL VALLE DE LOS RÍO APURIMAC, ENE Y MANTARO- PROVRAEM"
ocds-dgv273-seacev3-1188112,ocds-dgv273-seacev3-1188112-2026-04-25T10:19:51.177725-05:00,PE-CONSUCODE-297,20202020098,PE-RUC,MUNICIPALIDAD PROVINCIAL DE CARLOS FERMIN FITZCARRALD
ocds-dgv273-seacev3-1191093,ocds-dgv273-seacev3-1191093-2026-04-25T10:19:47.971633-05:00,PE-CONSUCODE-200039,20320162352,PE-RUC,GOBIERNO REGIONAL DE ANCASH - SUB REGION PACIFICO
ocds-dgv273-seacev3-1189912,ocds-dgv273-seacev3-1189912-2026-04-25T10:19:47.776998-05:00,PE-CONSUCODE-51,20519752515,PE-RUC,GOBIERNO REGIONAL DE TACNA SEDE CENTRAL
ocds-dgv273-seacev3-1190320,ocds-dgv273-seacev3-1190320-2026-04-25T10:19:46.684470-05:00,PE-CONSUCODE-754,20159308961,PE-RUC,MUNICIPALIDAD DISTRITAL DE SAN SEBASTIAN
ocds-dgv273-seacev3-2026-108794-7,ocds-dgv273-seacev3-2026-108794-7-2026-04-25T10:19:45.572640-05:00,PE-CONSUCODE-202785,20600982100,PE-RUC,MUNICIPALIDAD DISTRITAL LA YARADA LOS PALOS
ocds-dgv273-seacev3-1188858,ocds-dgv273-seacev3-1188858-2026-04-25T10:19:43.077325-05:00,PE-CONSUCODE-1891,20169004359,PE-RUC,UNIVERSIDAD NACIONAL DE INGENIERIA
ocds-dgv273-seacev3-1191547,ocds-dgv273-seacev3-1191547-2026-04-25T10:19:42.591409-05:00,PE-CONSUCODE-707,20143625843,PE-RUC,MUNICIPALIDAD PROVINCIAL DE SAN MIGUEL
ocds-dgv273-seacev3-2026-10526-4,ocds-dgv273-seacev3-2026-10526-4-2026-04-25T10:19:42.557483-05:00,PE-CONSUCODE-10526,20408632146,PE-RUC,GOBIERNO REGIONAL DE LORETO-TRANSPORTES
ocds-dgv273-seacev3-2026-822-21,ocds-dgv273-seacev3-2026-822-21-2026-04-25T10:19:41.210216-05:00,PE-CONSUCODE-822,20317337150,PE-RUC,MUNICIPALIDAD DISTRITAL DE PICHARI
ocds-dgv273-seacev3-2026-189-2,ocds-dgv273-seacev3-2026-189-2-2026-04-25T10:19:41.128478-05:00,PE-CONSUCODE-189,20188903488,PE-RUC,MUNICIPALIDAD PROVINCIAL DE CARHUAZ
ocds-dgv273-seacev3-1187458,ocds-dgv273-seacev3-1187458-2026-04-25T10:19:40.899888-05:00,PE-CONSUCODE-46,20519752604,PE-RUC,GOBIERNO REGIONAL DE MOQUEGUA SEDE CENTRAL
ocds-dgv273-seacev3-1189046,ocds-dgv273-seacev3-1189046-2026-04-25T10:19:36.042433-05:00,PE-CONSUCODE-201468,20600004001,PE-RUC,"PROYECTO ESPECIAL DE DESARROLLO DEL VALLE DE LOS RÍO APURIMAC, ENE Y MANTARO- PROVRAEM"
ocds-dgv273-seacev3-2026-1324-13,ocds-dgv273-seacev3-2026-1324-13-2026-04-25T10:19:35.737293-05:00,PE-CONSUCODE-1324,20131371455,PE-RUC,MUNICIPALIDAD DISTRITAL DE LURIGANCHO (CHOSICA)
ocds-dgv273-seacev3-1190426,ocds-dgv273-seacev3-1190426-2026-04-25T10:19:35.173189-05:00,PE-CONSUCODE-941,20165762470,PE-RUC,MUNICIPALIDAD PROVINCIAL DE CHURCAMPA
ocds-dgv273-seacev3-1191590,ocds-dgv273-seacev3-1191590-2026-04-25T10:19:34.947867-05:00,PE-CONSUCODE-204387,20604676372,PE-RUC,PROGRAMA NACIONAL DE TELECOMUNICACIONES
ocds-dgv273-seacev3-2026-707-1,ocds-dgv273-seacev3-2026-707-1-2026-04-25T10:19:34.028874-05:00,PE-CONSUCODE-707,20143625843,PE-RUC,MUNICIPALIDAD PROVINCIAL DE SAN MIGUEL
ocds-dgv273-seacev3-1189098,ocds-dgv273-seacev3-1189098-2026-04-25T10:19:33.776117-05:00,PE-CONSUCODE-801,20278211895,PE-RUC,MUNICIPALIDAD DISTRITAL DE LIVITACA
ocds-dgv273-seacev3-2026-2406-167,ocds-dgv273-seacev3-2026-2406-167-2026-04-25T10:19:31.854669-05:00,PE-CONSUCODE-2406,20103795631,PE-RUC,EMPRESA REGIONAL DE SERVICIOS PUBLICOS DE ELECTRICIDAD DEL ORIENTE
ocds-dgv273-seacev3-1188674,ocds-dgv273-seacev3-1188674-2026-04-25T10:19:30.260535-05:00,PE-CONSUCODE-801,20278211895,PE-RUC,MUNICIPALIDAD DISTRITAL DE LIVITACA
ocds-dgv273-seacev3-1186628,ocds-dgv273-seacev3-1186628-2026-04-25T10:19:30.246130-05:00,PE-CONSUCODE-1213,20208154428,PE-RUC,MUNICIPALIDAD DISTRITAL DE MARCABAL
ocds-dgv273-seacev3-2026-10137-6,ocds-dgv273-seacev3-2026-10137-6-2026-04-24T10:19:46.363055-05:00,PE-CONSUCODE-10137,20161704378,PE-RUC,DESPACHO PRESIDENCIAL
ocds-dgv273-seacev3-2026-200302-5,ocds-dgv273-seacev3-2026-200302-5-2026-04-24T10:19:44.613036-05:00,PE-CONSUCODE-200302,20480776250,PE-RUC,POLICÍA NACIONAL DEL PERÚ - II DIRECCIÓN TERRITORIAL CHICLAYO
ocds-dgv273-seacev3-1190427,ocds-dgv273-seacev3-1190427-2026-04-24T10:19:43.628190-05:00,PE-CONSUCODE-1310,20131367776,PE-RUC,MUNICIPALIDAD DISTRITAL DE BARRANCO
ocds-dgv273-seacev3-1192048,ocds-dgv273-seacev3-1192048-2026-04-24T10:19:43.296743-05:00,PE-CONSUCODE-34,20498390570,PE-RUC,GOBIERNO REGIONAL DE AREQUIPA Sede Central
ocds-dgv273-seacev3-1188925,ocds-dgv273-seacev3-1188925-2026-04-24T10:19:42.101151-05:00,PE-CONSUCODE-202845,20601081530,PE-RUC,MUNICIPALIDAD DISTRITAL DE PICHOS
ocds-dgv273-seacev3-1190400,ocds-dgv273-seacev3-1190400-2026-04-24T10:19:41.207925-05:00,PE-CONSUCODE-1399,20205877925,PE-RUC,MUNICIPALIDAD DISTRITAL DE SANTA CRUZ DE ANDAMARCA
ocds-dgv273-seacev3-2026-200466-7,ocds-dgv273-seacev3-2026-200466-7-2026-04-24T10:19:40.393223-05:00,PE-CONSUCODE-200466,20547199066,PE-RUC,PCM - SECRETARÍA TÉCNICA DE APOYO A LA COMISIÓN AD HOC CREADA POR LA LEY 29625
ocds-dgv273-seacev3-1186129,ocds-dgv273-seacev3-1186129-2026-04-24T10:19:40.245800-05:00,PE-CONSUCODE-1947,20307167442,PE-RUC,COMISION DE PROMOCION DEL PERU PARA LA EXPORTACION Y EL TURISMO - PROMPERU
ocds-dgv273-seacev3-2026-49-142,ocds-dgv273-seacev3-2026-49-142-2026-04-24T10:19:38.598614-05:00,PE-CONSUCODE-49,20406325815,PE-RUC,GOBIERNO REGIONAL DE PUNO SEDE CENTRAL
ocds-dgv273-seacev3-2026-1598-7,ocds-dgv273-seacev3-2026-1598-7-2026-04-24T10:19:38.575162-05:00,PE-CONSUCODE-1598,20165913788,PE-RUC,MUNICIPALIDAD DISTRITAL DE PACAIPAMPA
ocds-dgv273-seacev3-2026-651-20,ocds-dgv273-seacev3-2026-651-20-2026-04-24T10:19:33.774310-05:00,PE-CONSUCODE-651,20174691267,PE-RUC,MUNICIPALIDAD PROVINCIAL DE CUTERVO
ocds-dgv273-seacev3-1187585,ocds-dgv273-seacev3-1187585-2026-04-24T10:19:32.602340-05:00,PE-CONSUCODE-202845,20601081530,PE-RUC,MUNICIPALIDAD DISTRITAL DE PICHOS
ocds-dgv273-seacev3-1187774,ocds-dgv273-seacev3-1187774-2026-04-24T10:19:32.552570-05:00,PE-CONSUCODE-1657,20198821951,PE-RUC,MUNICIPALIDAD DISTRITAL DE PAUCARCOLLA
ocds-dgv273-seacev3-1188710,ocds-dgv273-seacev3-1188710-2026-04-24T10:19:25.404896-05:00,PE-CONSUCODE-174,20166558051,PE-RUC,MUNICIPALIDAD PROVINCIAL DE BOLOGNESI - CHIQUIAN
ocds-dgv273-seacev3-1188283,ocds-dgv273-seacev3-1188283-2026-04-24T10:19:19.873804-05:00,PE-CONSUCODE-397,20154489895,PE-RUC,MUNICIPALIDAD PROVINCIAL DE AREQUIPA
ocds-dgv273-seacev3-2026-1143-1,ocds-dgv273-seacev3-2026-1143-1-2026-04-24T10:19:19.661320-05:00,PE-CONSUCODE-1143,20280875431,PE-RUC,MUNICIPALIDAD DISTRITAL DE RICRAN
ocds-dgv273-seacev3-2026-10526-1,ocds-dgv273-seacev3-2026-10526-1-2026-04-24T10:19:14.163706-05:00,PE-CONSUCODE-10526,20408632146,PE-RUC,GOBIERNO REGIONAL DE LORETO-TRANSPORTES
ocds-dgv273-seacev3-1189634,ocds-dgv273-seacev3-1189634-2026-04-24T10:19:13.432136-05:00,PE-CONSUCODE-1328,20131377224,PE-RUC,MUNICIPALIDAD DISTRITAL DE MIRAFLORES - LIMA
ocds-dgv273-seacev3-2026-10526-8,ocds-dgv273-seacev3-2026-10526-8-2026-04-24T10:19:13.282904-05:00,PE-CONSUCODE-10526,20408632146,PE-RUC,GOBIERNO REGIONAL DE LORETO-TRANSPORTES
ocds-dgv273-seacev3-1191205,ocds-dgv273-seacev3-1191205-2026-04-24T10:19:13.239714-05:00,PE-CONSUCODE-1784,20148170933,PE-RUC,MUNICIPALIDAD PROVINCIAL DE RIOJA
ocds-dgv273-seacev3-1191342,ocds-dgv273-seacev3-1191342-2026-04-24T10:19:12.625722-05:00,PE-CONSUCODE-1393,20188930027,PE-RUC,MUNICIPALIDAD DISTRITAL DE AUCALLAMA
ocds-dgv273-seacev3-1192074,ocds-dgv273-seacev3-1192074-2026-04-24T10:19:09.253966-05:00,PE-CONSUCODE-200370,20495122361,PE-RUC,GOBIERNO REGIONAL DE AYACUCHO - UNIDAD EJECUTORA RED DE SALUD HUAMANGA
ocds-dgv273-seacev3-1187498,ocds-dgv273-seacev3-1187498-2026-04-24T10:19:08.544313-05:00,PE-CONSUCODE-26,20131370301,PE-RUC,MINISTERIO PUBLICO
ocds-dgv273-seacev3-2026-10001-23,ocds-dgv273-seacev3-2026-10001-23-2026-04-24T10:19:08.352205-05:00,PE-CONSUCODE-10001,20380799643,PE-RUC,AGENCIA DE PROMOCION DE LA INVERSION PRIVADA - PROINVERSION
ocds-dgv273-seacev3-1187508,ocds-dgv273-seacev3-1187508-2026-04-24T10:19:08.018949-05:00,PE-CONSUCODE-1200,20174738085,PE-RUC,MUNICIPALIDAD DISTRITAL DE VICTOR LARCO HERRERA
ocds-dgv273-seacev3-1186229,ocds-dgv273-seacev3-1186229-2026-04-24T10:19:07.944396-05:00,PE-CONSUCODE-357,20195966649,PE-RUC,MUNICIPALIDAD DISTRITAL DE CHAPIMARCA
ocds-dgv273-seacev3-1188809,ocds-dgv273-seacev3-1188809-2026-04-24T10:19:03.227561-05:00,PE-CONSUCODE-10247,20131369124,PE-RUC,EJERCITO PERUANO
ocds-dgv273-seacev3-2026-178951-8,ocds-dgv273-seacev3-2026-178951-8-2026-04-24T10:19:02.720225-05:00,PE-CONSUCODE-204026,20602774954,PE-RUC,CORTE SUPERIOR DE JUSTICIA DE LIMA ESTE
ocds-dgv273-seacev3-1191536,ocds-dgv273-seacev3-1191536-2026-04-24T10:19:02.645913-05:00,PE-CONSUCODE-1904,20147796634,PE-RUC,UNIVERSIDAD NACIONAL JORGE BASADRE GROHMANN - TACNA
ocds-dgv273-seacev3-1191275,ocds-dgv273-seacev3-1191275-2026-04-24T10:18:57.697130-05:00,PE-CONSUCODE-26,20131370301,PE-RUC,MINISTERIO PUBLICO
ocds-dgv273-seacev3-1187107,ocds-dgv273-seacev3-1187107-2026-04-24T10:18:57.154769-05:00,PE-CONSUCODE-2393,20216293593,PE-RUC,EMPRESA DE GENERACION ELECTRICA DE AREQUIPA S.A. - EGASA
ocds-dgv273-seacev3-1186906,ocds-dgv273-seacev3-1186906-2026-04-24T10:18:56.506706-05:00,PE-CONSUCODE-371,20205028600,PE-RUC,MUNICIPALIDAD DISTRITAL DE COYLLURQUI
ocds-dgv273-seacev3-1190210,ocds-dgv273-seacev3-1190210-2026-04-24T10:18:52.467815-05:00,PE-CONSUCODE-2433,20100128218,PE-RUC,PETROLEOS DEL PERU S.A.
ocds-dgv273-seacev3-2026-200302-35,ocds-dgv273-seacev3-2026-200302-35-2026-04-24T10:18:51.679921-05:00,PE-CONSUCODE-200302,20480776250,PE-RUC,POLICÍA NACIONAL DEL PERÚ - II DIRECCIÓN TERRITORIAL CHICLAYO
ocds-dgv273-seacev3-1202018,ocds-dgv273-seacev3-1202018-2026-04-24T10:18:51.497136-05:00,PE-CONSUCODE-1053,20148420719,PE-RUC,MUNICIPALIDAD DISTRITAL DE MARCONA
ocds-dgv273-seacev3-1189201,ocds-dgv273-seacev3-1189201-2026-04-24T10:18:50.884382-05:00,PE-CONSUCODE-1328,20131377224,PE-RUC,MUNICIPALIDAD DISTRITAL DE MIRAFLORES - LIMA
ocds-dgv273-seacev3-1191405,ocds-dgv273-seacev3-1191405-2026-04-24T10:18:49.999910-05:00,PE-CONSUCODE-49,20406325815,PE-RUC,GOBIERNO REGIONAL DE PUNO SEDE CENTRAL
ocds-dgv273-seacev3-2026-1598-8,ocds-dgv273-seacev3-2026-1598-8-2026-04-24T10:18:49.728724-05:00,PE-CONSUCODE-1598,20165913788,PE-RUC,MUNICIPALIDAD DISTRITAL DE PACAIPAMPA
ocds-dgv273-seacev3-1188281,ocds-dgv273-seacev3-1188281-2026-04-24T10:18:49.551165-05:00,PE-CONSUCODE-1731,20165195290,PE-RUC,MUNICIPALIDAD PROVINCIAL DE SAN ROMAN - JULIACA
ocds-dgv273-seacev3-1190582,ocds-dgv273-seacev3-1190582-2026-04-24T10:18:46.853211-05:00,PE-CONSUCODE-2384,20100211034,PE-RUC,SERVICIO DE AGUA POTABLE Y ALCANTARILLADO DE AREQUIPA
ocds-dgv273-seacev3-1188314,ocds-dgv273-seacev3-1188314-2026-04-24T10:18:46.087378-05:00,PE-CONSUCODE-399,20159515240,PE-RUC,MUNICIPALIDAD DISTRITAL DE CERRO COLORADO
ocds-dgv273-seacev3-1187853,ocds-dgv273-seacev3-1187853-2026-04-24T10:18:46.032677-05:00,PE-CONSUCODE-805,20147346434,PE-RUC,MUNICIPALIDAD PROVINCIAL DE ESPINAR
ocds-dgv273-seacev3-2026-200370-4,ocds-dgv273-seacev3-2026-200370-4-2026-04-24T10:18:45.904628-05:00,PE-CONSUCODE-200370,20495122361,PE-RUC,GOBIERNO REGIONAL DE AYACUCHO - UNIDAD EJECUTORA RED DE SALUD HUAMANGA
ocds-dgv273-seacev3-1186796,ocds-dgv273-seacev3-1186796-2026-04-24T10:18:45.867070-05:00,PE-CONSUCODE-204448,20604932964,PE-RUC,AUTORIDAD DE TRANSPORTE URBANO PARA LIMA Y CALLAO
ocds-dgv273-seacev3-2026-1191-12,ocds-dgv273-seacev3-2026-1191-12-2026-04-24T10:18:41.821325-05:00,PE-CONSUCODE-1191,20175639391,PE-RUC,MUNICIPALIDAD PROVINCIAL DE TRUJILLO
ocds-dgv273-seacev3-1190374,ocds-dgv273-seacev3-1190374-2026-04-24T10:18:39.937801-05:00,PE-CONSUCODE-1249,20275974243,PE-RUC,MUNICIPALIDAD DISTRITAL DE MOLLEPATA - SANTIAGO DE CHUCO
ocds-dgv273-seacev3-2026-688-1,ocds-dgv273-seacev3-2026-688-1-2026-04-24T10:18:39.192066-05:00,PE-CONSUCODE-688,20201987297,PE-RUC,MUNICIPALIDAD PROVINCIAL DE JAEN
ocds-dgv273-seacev3-1191914,ocds-dgv273-seacev3-1191914-2026-04-24T10:18:36.438054-05:00,PE-CONSUCODE-850,20147567449,PE-RUC,MUNICIPALIDAD PROVINCIAL DE URUBAMBA
ocds-dgv273-seacev3-2026-200302-26,ocds-dgv273-seacev3-2026-200302-26-2026-04-24T10:18:29.831870-05:00,PE-CONSUCODE-200302,20480776250,PE-RUC,POLICÍA NACIONAL DEL PERÚ - II DIRECCIÓN TERRITORIAL CHICLAYO
ocds-dgv273-seacev3-1191077,ocds-dgv273-seacev3-1191077-2026-04-24T10:18:29.228528-05:00,PE-CONSUCODE-200512,20491232057,PE-RUC,MINISTERIO PUBLICO - GERENCIA ADMINISTRATIVA DEL CUSCO
ocds-dgv273-seacev3-1190346,ocds-dgv273-seacev3-1190346-2026-04-24T10:18:29.114927-05:00,PE-CONSUCODE-1393,20188930027,PE-RUC,MUNICIPALIDAD DISTRITAL DE AUCALLAMA
ocds-dgv273-seacev3-1190061,ocds-dgv273-seacev3-1190061-2026-04-24T10:18:27.604493-05:00,PE-CONSUCODE-37,20527147612,PE-RUC,GOBIERNO REGIONAL DE CUSCO SEDE CENTRAL
ocds-dgv273-seacev3-1202857,ocds-dgv273-seacev3-1202857-2026-04-24T10:18:24.675135-05:00,PE-CONSUCODE-294,20213370210,PE-RUC,MUNICIPALIDAD DISTRITAL DE RANRAHIRCA
ocds-dgv273-seacev3-2026-21-1,ocds-dgv273-seacev3-2026-21-1-2026-04-24T10:18:23.947503-05:00,PE-CONSUCODE-21,20131380101,PE-RUC,MINISTERIO DE RELACIONES EXTERIORES
ocds-dgv273-seacev3-2026-178951-9,ocds-dgv273-seacev3-2026-178951-9-2026-04-24T10:18:23.357274-05:00,PE-CONSUCODE-204026,20602774954,PE-RUC,CORTE SUPERIOR DE JUSTICIA DE LIMA ESTE
ocds-dgv273-seacev3-2026-743-7,ocds-dgv273-seacev3-2026-743-7-2026-04-24T10:18:23.298206-05:00,PE-CONSUCODE-743,20131369639,PE-RUC,MUNICIPALIDAD DISTRITAL DE BELLAVISTA - PROV. CALLAO
ocds-dgv273-seacev3-1190265,ocds-dgv273-seacev3-1190265-2026-04-23T10:37:07.604365-05:00,PE-CONSUCODE-1787,20178500083,PE-RUC,MUNICIPALIDAD DISTRITAL DE NUEVA CAJAMARCA
ocds-dgv273-seacev3-1186696,ocds-dgv273-seacev3-1186696-2026-04-23T10:37:07.429141-05:00,PE-CONSUCODE-1326,20131376848,PE-RUC,MUNICIPALIDAD DISTRITAL DE MAGDALENA DEL MAR
ocds-dgv273-seacev3-1190151,ocds-dgv273-seacev3-1190151-2026-04-23T10:37:05.933064-05:00,PE-CONSUCODE-14,20131370998,PE-RUC,MINISTERIO DE EDUCACION
ocds-dgv273-seacev3-1193371,ocds-dgv273-seacev3-1193371-2026-04-23T10:37:05.340111-05:00,PE-CONSUCODE-1567,20183850823,PE-RUC,MUNICIPALIDAD DISTRITAL DE VICCO
ocds-dgv273-seacev3-1191182,ocds-dgv273-seacev3-1191182-2026-04-23T10:37:03.239494-05:00,PE-CONSUCODE-1784,20148170933,PE-RUC,MUNICIPALIDAD PROVINCIAL DE RIOJA
ocds-dgv273-seacev3-1187943,ocds-dgv273-seacev3-1187943-2026-04-23T10:37:02.239180-05:00,PE-CONSUCODE-488,20166164789,PE-RUC,MUNICIPALIDAD PROVINCIAL DE ISLAY - MOLLENDO
ocds-dgv273-seacev3-2026-1034-9,ocds-dgv273-seacev3-2026-1034-9-2026-04-23T10:37:02.124429-05:00,PE-CONSUCODE-1034,20147711159,PE-RUC,MUNICIPALIDAD DISTRITAL DE SANTIAGO - ICA
ocds-dgv273-seacev3-2026-1917-1,ocds-dgv273-seacev3-2026-1917-1-2026-04-23T10:37:01.871450-05:00,PE-CONSUCODE-1917,20131057823,PE-RUC,SUPERINTENDENCIA NACIONAL DE BIENES ESTATALES
ocds-dgv273-seacev3-1186917,ocds-dgv273-seacev3-1186917-2026-04-23T10:37:01.821592-05:00,PE-CONSUCODE-735,20175083937,PE-RUC,MUNICIPALIDAD PROVINCIAL DE SAN MARCOS - PEDRO GALVEZ
ocds-dgv273-seacev3-2026-1060-5,ocds-dgv273-seacev3-2026-1060-5-2026-04-23T10:37:01.723173-05:00,PE-CONSUCODE-1060,20148421103,PE-RUC,MUNICIPALIDAD PROVINCIAL DE PISCO
ocds-dgv273-seacev3-1189928,ocds-dgv273-seacev3-1189928-2026-04-23T10:37:00.394932-05:00,PE-CONSUCODE-10212,20162041291,PE-RUC,HOSPITAL DE APOYO DEPARTAMENTAL MARIA AUXILIADORA
ocds-dgv273-seacev3-2026-10154-2,ocds-dgv273-seacev3-2026-10154-2-2026-04-23T10:36:59.529308-05:00,PE-CONSUCODE-10154,20370114952,PE-RUC,POLICÍA NACIONAL DEL PERÚ - XI DIRECCIÓN TERRITORIAL AREQUIPA
ocds-dgv273-seacev3-2026-973-1,ocds-dgv273-seacev3-2026-973-1-2026-04-23T10:36:59.435141-05:00,PE-CONSUCODE-973,20144801459,PE-RUC,MUNICIPALIDAD DISTRITAL DE RIPAN
ocds-dgv273-seacev3-2026-10526-5,ocds-dgv273-seacev3-2026-10526-5-2026-04-23T10:36:58.404561-05:00,PE-CONSUCODE-10526,20408632146,PE-RUC,GOBIERNO REGIONAL DE LORETO-TRANSPORTES
ocds-dgv273-seacev3-2026-1621-16,ocds-dgv273-seacev3-2026-1621-16-2026-04-23T10:36:58.013917-05:00,PE-CONSUCODE-1621,20162361440,PE-RUC,MUNICIPALIDAD PROVINCIAL DE PAITA
ocds-dgv273-seacev3-1192123,ocds-dgv273-seacev3-1192123-2026-04-23T10:36:56.159645-05:00,PE-CONSUCODE-10045,20185665322,PE-RUC,GOBIERNO REGIONAL DE JUNIN - HOSPITAL DANIEL ALCIDES CARRION - HUANCAYO
ocds-dgv273-seacev3-2026-10045-13,ocds-dgv273-seacev3-2026-10045-13-2026-04-23T10:36:56.034253-05:00,PE-CONSUCODE-10045,20185665322,PE-RUC,GOBIERNO REGIONAL DE JUNIN - HOSPITAL DANIEL ALCIDES CARRION - HUANCAYO
ocds-dgv273-seacev3-1191865,ocds-dgv273-seacev3-1191865-2026-04-23T10:36:55.925384-05:00,PE-CONSUCODE-1096,20187806667,PE-RUC,MUNICIPALIDAD PROVINCIAL DE CONCEPCION
ocds-dgv273-seacev3-2026-200302-8,ocds-dgv273-seacev3-2026-200302-8-2026-04-23T10:36:54.634346-05:00,PE-CONSUCODE-200302,20480776250,PE-RUC,POLICÍA NACIONAL DEL PERÚ - II DIRECCIÓN TERRITORIAL CHICLAYO
ocds-dgv273-seacev3-2026-1162-2,ocds-dgv273-seacev3-2026-1162-2-2026-04-23T10:36:45.655839-05:00,PE-CONSUCODE-1162,20199368053,PE-RUC,MUNICIPALIDAD DISTRITAL DE RIO TAMBO
ocds-dgv273-seacev3-1188813,ocds-dgv273-seacev3-1188813-2026-04-23T10:36:45.415854-05:00,PE-CONSUCODE-1053,20148420719,PE-RUC,MUNICIPALIDAD DISTRITAL DE MARCONA
ocds-dgv273-seacev3-2026-1485-6,ocds-dgv273-seacev3-2026-1485-6-2026-04-23T10:36:44.460156-05:00,PE-CONSUCODE-1485,20165973683,PE-RUC,MUNICIPALIDAD DISTRITAL DE NAPO
ocds-dgv273-seacev3-1189666,ocds-dgv273-seacev3-1189666-2026-04-23T10:36:43.865947-05:00,PE-CONSUCODE-201185,20564327019,PE-RUC,GOBIERNO REGIONAL DE APURIMAC  - UNIDAD EJECUTORA GERENCIA SUB REGIONAL DE COTABAMBAS
ocds-dgv273-seacev3-1187429,ocds-dgv273-seacev3-1187429-2026-04-23T10:36:41.929125-05:00,PE-CONSUCODE-1527,20170258216,PE-RUC,MUNICIPALIDAD DISTRITAL DE INAMBARI
ocds-dgv273-seacev3-1188172,ocds-dgv273-seacev3-1188172-2026-04-23T10:36:36.045509-05:00,PE-CONSUCODE-1302,20175975315,PE-RUC,MUNICIPALIDAD DISTRITAL DE OLMOS
ocds-dgv273-seacev3-2026-1908-37,ocds-dgv273-seacev3-2026-1908-37-2026-04-23T10:36:35.406199-05:00,PE-CONSUCODE-1908,20163646499,PE-RUC,UNIVERSIDAD NACIONAL SAN AGUSTIN
ocds-dgv273-seacev3-1191446,ocds-dgv273-seacev3-1191446-2026-04-23T10:36:34.233741-05:00,PE-CONSUCODE-200062,20162406052,PE-RUC,GOBIERNO REGIONAL DE ICA-HOSPITAL REGIONAL DE ICA
ocds-dgv273-seacev3-2026-1039-2,ocds-dgv273-seacev3-2026-1039-2-2026-04-23T10:36:31.155882-05:00,PE-CONSUCODE-1039,20146898697,PE-RUC,MUNICIPALIDAD PROVINCIAL DE CHINCHA - CHINCHA ALTA
ocds-dgv273-seacev3-1192076,ocds-dgv273-seacev3-1192076-2026-04-23T10:36:27.128717-05:00,PE-CONSUCODE-34,20498390570,PE-RUC,GOBIERNO REGIONAL DE AREQUIPA Sede Central
ocds-dgv273-seacev3-1191381,ocds-dgv273-seacev3-1191381-2026-04-23T10:36:24.701274-05:00,PE-CONSUCODE-827,20159363121,PE-RUC,MUNICIPALIDAD DISTRITAL DE HUANOQUITE
ocds-dgv273-seacev3-1191123,ocds-dgv273-seacev3-1191123-2026-04-23T10:36:21.646671-05:00,PE-CONSUCODE-374,20288774553,PE-RUC,MUNICIPALIDAD DISTRITAL DE CHALLHUAHUACHO
ocds-dgv273-seacev3-2026-1077-1,ocds-dgv273-seacev3-2026-1077-1-2026-04-23T10:36:20.886927-05:00,PE-CONSUCODE-1077,20133696742,PE-RUC,MUNICIPALIDAD DISTRITAL DE EL TAMBO
ocds-dgv273-seacev3-2026-1598-2,ocds-dgv273-seacev3-2026-1598-2-2026-04-23T10:36:20.368007-05:00,PE-CONSUCODE-1598,20165913788,PE-RUC,MUNICIPALIDAD DISTRITAL DE PACAIPAMPA
ocds-dgv273-seacev3-2026-822-7,ocds-dgv273-seacev3-2026-822-7-2026-04-23T10:36:14.207710-05:00,PE-CONSUCODE-822,20317337150,PE-RUC,MUNICIPALIDAD DISTRITAL DE PICHARI
ocds-dgv273-seacev3-1190695,ocds-dgv273-seacev3-1190695-2026-04-23T10:36:11.245037-05:00,PE-CONSUCODE-1632,20159215106,PE-RUC,MUNICIPALIDAD DISTRITAL DE MARCAVELICA
ocds-dgv273-seacev3-1190651,ocds-dgv273-seacev3-1190651-2026-04-23T10:36:10.203946-05:00,PE-CONSUCODE-1685,20162161866,PE-RUC,MUNICIPALIDAD DISTRITAL DE OLLACHEA
ocds-dgv273-seacev3-1186594,ocds-dgv273-seacev3-1186594-2026-04-23T10:36:09.341851-05:00,PE-CONSUCODE-691,20201602506,PE-RUC,MUNICIPALIDAD DISTRITAL DE CHONTALI
ocds-dgv273-seacev3-2026-1485-5,ocds-dgv273-seacev3-2026-1485-5-2026-04-23T10:36:08.871416-05:00,PE-CONSUCODE-1485,20165973683,PE-RUC,MUNICIPALIDAD DISTRITAL DE NAPO
ocds-dgv273-seacev3-1190747,ocds-dgv273-seacev3-1190747-2026-04-23T10:36:04.677737-05:00,PE-CONSUCODE-10367,20519923182,PE-RUC,GOBIERNO REGIONAL DE MOQUEGUA - PROYECTO ESPECIAL REGIONAL PASTO GRANDE
ocds-dgv273-seacev3-1189388,ocds-dgv273-seacev3-1189388-2026-04-23T10:36:04.336116-05:00,PE-CONSUCODE-544,20189212195,PE-RUC,MUNICIPALIDAD PROVINCIAL DE LA MAR - SAN MIGUEL
ocds-dgv273-seacev3-1191266,ocds-dgv273-seacev3-1191266-2026-04-23T10:36:03.296273-05:00,PE-CONSUCODE-10045,20185665322,PE-RUC,GOBIERNO REGIONAL DE JUNIN - HOSPITAL DANIEL ALCIDES CARRION - HUANCAYO
ocds-dgv273-seacev3-1191244,ocds-dgv273-seacev3-1191244-2026-04-23T10:36:00.061521-05:00,PE-CONSUCODE-1583,20156656021,PE-RUC,MUNICIPALIDAD DISTRITAL DE PALCAZU
ocds-dgv273-seacev3-1189808,ocds-dgv273-seacev3-1189808-2026-04-23T10:35:59.923568-05:00,PE-CONSUCODE-1563,20162332261,PE-RUC,MUNICIPALIDAD DISTRITAL DE SAN FRANCISCO DE ASIS DE YARUSYACAN
ocds-dgv273-seacev3-1191217,ocds-dgv273-seacev3-1191217-2026-04-23T10:35:59.251931-05:00,PE-CONSUCODE-10045,20185665322,PE-RUC,GOBIERNO REGIONAL DE JUNIN - HOSPITAL DANIEL ALCIDES CARRION - HUANCAYO
ocds-dgv273-seacev3-1186762,ocds-dgv273-seacev3-1186762-2026-04-23T10:35:58.902284-05:00,PE-CONSUCODE-1661,20212440583,PE-RUC,MUNICIPALIDAD DISTRITAL DE TIQUILLACA
ocds-dgv273-seacev3-1190024,ocds-dgv273-seacev3-1190024-2026-04-23T10:35:54.668134-05:00,PE-CONSUCODE-205010,20608197037,PE-RUC,MUNICIPALIDAD DISTRITAL DE SAN ANTONIO
ocds-dgv273-seacev3-1191504,ocds-dgv273-seacev3-1191504-2026-04-23T10:35:54.606810-05:00,PE-CONSUCODE-1696,20192146055,PE-RUC,MUNICIPALIDAD DISTRITAL DE COJATA
ocds-dgv273-seacev3-1207095,ocds-dgv273-seacev3-1207095-2026-04-23T10:35:53.197303-05:00,PE-CONSUCODE-822,20317337150,PE-RUC,MUNICIPALIDAD DISTRITAL DE PICHARI
ocds-dgv273-seacev3-1190078,ocds-dgv273-seacev3-1190078-2026-04-23T10:35:51.429958-05:00,PE-CONSUCODE-1326,20131376848,PE-RUC,MUNICIPALIDAD DISTRITAL DE MAGDALENA DEL MAR
ocds-dgv273-seacev3-2026-1162-3,ocds-dgv273-seacev3-2026-1162-3-2026-04-23T10:35:51.287948-05:00,PE-CONSUCODE-1162,20199368053,PE-RUC,MUNICIPALIDAD DISTRITAL DE RIO TAMBO
ocds-dgv273-seacev3-1189335,ocds-dgv273-seacev3-1189335-2026-04-23T10:35:49.229749-05:00,PE-CONSUCODE-200424,20487879241,PE-RUC,MINISTERIO PUBLICO - GERENCIA ADMINISTRATIVA DE LAMBAYEQUE
ocds-dgv273-seacev3-1190459,ocds-dgv273-seacev3-1190459-2026-04-23T10:35:49.078904-05:00,PE-CONSUCODE-371,20205028600,PE-RUC,MUNICIPALIDAD DISTRITAL DE COYLLURQUI
ocds-dgv273-seacev3-2026-1160-1,ocds-dgv273-seacev3-2026-1160-1-2026-04-23T10:35:48.758029-05:00,PE-CONSUCODE-1160,20146673776,PE-RUC,MUNICIPALIDAD DISTRITAL DE PANGOA
ocds-dgv273-seacev3-2026-812-1,ocds-dgv273-seacev3-2026-812-1-2026-04-23T10:35:48.455357-05:00,PE-CONSUCODE-812,20317347112,PE-RUC,MUNICIPALIDAD DISTRITAL DE ALTO PICHIGUA
ocds-dgv273-seacev3-1190934,ocds-dgv273-seacev3-1190934-2026-04-23T10:35:47.344846-05:00,PE-CONSUCODE-369,20161096068,PE-RUC,MUNICIPALIDAD PROVINCIAL DE COTABAMBAS - TAMBOBAMBA
ocds-dgv273-seacev3-1206445,ocds-dgv273-seacev3-1206445-2026-04-22T10:36:00.530444-05:00,PE-CONSUCODE-204950,20608551698,PE-RUC,PROGRAMA NACIONAL DE INVESTIGACIÓN CIENTÍFICA Y ESTUDIOS AVANZADOS
ocds-dgv273-seacev3-1206541,ocds-dgv273-seacev3-1206541-2026-04-22T10:35:58.541351-05:00,PE-CONSUCODE-204950,20608551698,PE-RUC,PROGRAMA NACIONAL DE INVESTIGACIÓN CIENTÍFICA Y ESTUDIOS AVANZADOS
ocds-dgv273-seacev3-1191613,ocds-dgv273-seacev3-1191613-2026-04-22T10:35:57.642987-05:00,PE-CONSUCODE-203646,20602250602,PE-RUC,DIRECCION DE REDES INTEGRADAS DE SALUD LIMA CENTRO
ocds-dgv273-seacev3-1189514,ocds-dgv273-seacev3-1189514-2026-04-22T10:35:56.304200-05:00,PE-CONSUCODE-983,20194118342,PE-RUC,MUNICIPALIDAD DISTRITAL DE MONZON
ocds-dgv273-seacev3-2026-10526-7,ocds-dgv273-seacev3-2026-10526-7-2026-04-22T10:35:54.446329-05:00,PE-CONSUCODE-10526,20408632146,PE-RUC,GOBIERNO REGIONAL DE LORETO-TRANSPORTES
ocds-dgv273-seacev3-2026-27-28,ocds-dgv273-seacev3-2026-27-28-2026-04-22T10:35:52.842517-05:00,PE-CONSUCODE-27,20291973851,PE-RUC,OFICINA NACIONAL DE PROCESOS ELECTORALES
ocds-dgv273-seacev3-1190595,ocds-dgv273-seacev3-1190595-2026-04-22T10:35:52.060126-05:00,PE-CONSUCODE-1904,20147796634,PE-RUC,UNIVERSIDAD NACIONAL JORGE BASADRE GROHMANN - TACNA
ocds-dgv273-seacev3-2026-352-1,ocds-dgv273-seacev3-2026-352-1-2026-04-22T10:35:51.396153-05:00,PE-CONSUCODE-352,20165610297,PE-RUC,MUNICIPALIDAD PROVINCIAL DE AYMARAES - CHALHUANCA
ocds-dgv273-seacev3-2026-1926-9,ocds-dgv273-seacev3-2026-1926-9-2026-04-22T10:35:51.381759-05:00,PE-CONSUCODE-1926,20122476309,PE-RUC,BANCO CENTRAL DE RESERVA DEL PERÚ
ocds-dgv273-seacev3-2026-216-1,ocds-dgv273-seacev3-2026-216-1-2026-04-22T10:35:51.183864-05:00,PE-CONSUCODE-216,20208828321,PE-RUC,MUNICIPALIDAD DISTRITAL DE HUACCHIS
ocds-dgv273-seacev3-1190293,ocds-dgv273-seacev3-1190293-2026-04-22T10:35:45.491802-05:00,PE-CONSUCODE-200302,20480776250,PE-RUC,POLICÍA NACIONAL DEL PERÚ - II DIRECCIÓN TERRITORIAL CHICLAYO
ocds-dgv273-seacev3-1189283,ocds-dgv273-seacev3-1189283-2026-04-22T10:35:43.098592-05:00,PE-CONSUCODE-202725,20601012937,PE-RUC,MUNICIPALIDAD DISTRITAL DE VILLA KINTIARINA
ocds-dgv273-seacev3-2026-1003042270-4,ocds-dgv273-seacev3-2026-1003042270-4-2026-04-22T10:35:41.294220-05:00,PE-CONSUCODE-205410,20612415413,PE-RUC,GOBIERNO REGIONAL DE PUNO - SALUD SAN ANTONIO DE PUTINA
ocds-dgv273-seacev3-1186826,ocds-dgv273-seacev3-1186826-2026-04-22T10:35:40.912824-05:00,PE-CONSUCODE-735,20175083937,PE-RUC,MUNICIPALIDAD PROVINCIAL DE SAN MARCOS - PEDRO GALVEZ
ocds-dgv273-seacev3-2026-259-2,ocds-dgv273-seacev3-2026-259-2-2026-04-22T10:35:40.886289-05:00,PE-CONSUCODE-259,20286835709,PE-RUC,MUNICIPALIDAD DISTRITAL DE QUINUABAMBA
ocds-dgv273-seacev3-2026-119558-7,ocds-dgv273-seacev3-2026-119558-7-2026-04-22T10:35:40.797824-05:00,PE-CONSUCODE-202925,20601218471,PE-RUC,GOBIERNO REGIONAL CAJAMARCA SALUD SAN IGNACIO
ocds-dgv273-seacev3-2026-1926-25,ocds-dgv273-seacev3-2026-1926-25-2026-04-22T10:35:36.736590-05:00,PE-CONSUCODE-1926,20122476309,PE-RUC,BANCO CENTRAL DE RESERVA DEL PERÚ
ocds-dgv273-seacev3-2026-1585-8,ocds-dgv273-seacev3-2026-1585-8-2026-04-22T10:35:36.483778-05:00,PE-CONSUCODE-1585,20172618864,PE-RUC,MUNICIPALIDAD DISTRITAL DE CASTILLA
ocds-dgv273-seacev3-2026-1232-2,ocds-dgv273-seacev3-2026-1232-2-2026-04-22T10:35:36.311419-05:00,PE-CONSUCODE-1232,20226962892,PE-RUC,MUNICIPALIDAD PROVINCIAL DE PATAZ - TAYABAMBA
ocds-dgv273-seacev3-2026-10137-3,ocds-dgv273-seacev3-2026-10137-3-2026-04-22T10:35:35.917919-05:00,PE-CONSUCODE-10137,20161704378,PE-RUC,DESPACHO PRESIDENCIAL
ocds-dgv273-seacev3-2026-10404-4,ocds-dgv273-seacev3-2026-10404-4-2026-04-22T10:35:35.141788-05:00,PE-CONSUCODE-10404,20365993671,PE-RUC,GOBIERNO REGIONAL DE APURIMAC-AGRICULTURA APURIMAC
ocds-dgv273-seacev3-2026-1279-1,ocds-dgv273-seacev3-2026-1279-1-2026-04-22T10:35:35.086060-05:00,PE-CONSUCODE-1279,20191711328,PE-RUC,MUNICIPALIDAD DISTRITAL DE MONSEFU
ocds-dgv273-seacev3-1190258,ocds-dgv273-seacev3-1190258-2026-04-22T10:35:34.133650-05:00,PE-CONSUCODE-10407,20443070819,PE-RUC,GOBIERNO REGIONAL DE APURIMAC-TRANSPORTES CHANKA
ocds-dgv273-seacev3-1190171,ocds-dgv273-seacev3-1190171-2026-04-22T10:35:33.325393-05:00,PE-CONSUCODE-308,20198899802,PE-RUC,MUNICIPALIDAD DISTRITAL DE ACAS
ocds-dgv273-seacev3-1190324,ocds-dgv273-seacev3-1190324-2026-04-22T10:35:32.836853-05:00,PE-CONSUCODE-988,20200042744,PE-RUC,MUNICIPALIDAD PROVINCIAL DE LEONCIO PRADO - RUPA RUPA
ocds-dgv273-seacev3-1191880,ocds-dgv273-seacev3-1191880-2026-04-22T10:35:32.564550-05:00,PE-CONSUCODE-46,20519752604,PE-RUC,GOBIERNO REGIONAL DE MOQUEGUA SEDE CENTRAL
ocds-dgv273-seacev3-2026-942-1,ocds-dgv273-seacev3-2026-942-1-2026-04-22T10:35:32.303652-05:00,PE-CONSUCODE-942,20199462661,PE-RUC,MUNICIPALIDAD DISTRITAL DE ANCO - CHURCAMPA
ocds-dgv273-seacev3-2026-10526-6,ocds-dgv273-seacev3-2026-10526-6-2026-04-22T10:35:31.546432-05:00,PE-CONSUCODE-10526,20408632146,PE-RUC,GOBIERNO REGIONAL DE LORETO-TRANSPORTES
ocds-dgv273-seacev3-2026-396-2,ocds-dgv273-seacev3-2026-396-2-2026-04-22T10:35:31.235181-05:00,PE-CONSUCODE-396,20210743902,PE-RUC,MUNICIPALIDAD DISTRITAL DE RANRACANCHA
ocds-dgv273-seacev3-1195968,ocds-dgv273-seacev3-1195968-2026-04-22T10:35:30.818997-05:00,PE-CONSUCODE-1710,20198827054,PE-RUC,MUNICIPALIDAD DISTRITAL DE PUCARA - LAMPA
ocds-dgv273-seacev3-1191689,ocds-dgv273-seacev3-1191689-2026-04-22T10:35:30.803927-05:00,PE-CONSUCODE-2436,20100072751,PE-RUC,EMPRESA PERUANA DE SERVICIO EDITORIALES
ocds-dgv273-seacev3-1190675,ocds-dgv273-seacev3-1190675-2026-04-22T10:35:30.748642-05:00,PE-CONSUCODE-200190,20102708394,PE-RUC,EMPRESA DE SERVICIO PUBLICO DE ELECTRICIDAD DEL NOR OESTE DEL PERU S.A. ELECTRO NOR OESTE SA
ocds-dgv273-seacev3-2026-200437-2,ocds-dgv273-seacev3-2026-200437-2-2026-04-22T10:35:30.376400-05:00,PE-CONSUCODE-200437,20546537782,PE-RUC,PROGRAMA NACIONAL CUNA MAS
ocds-dgv273-seacev3-2026-742-57,ocds-dgv273-seacev3-2026-742-57-2026-04-22T10:35:30.146363-05:00,PE-CONSUCODE-742,20131369558,PE-RUC,MUNICIPALIDAD PROVINCIAL DEL CALLAO
ocds-dgv273-seacev3-2026-10249-75,ocds-dgv273-seacev3-2026-10249-75-2026-04-22T10:35:26.200278-05:00,PE-CONSUCODE-10249,20144364059,PE-RUC,FUERZA AEREA DEL PERU
ocds-dgv273-seacev3-2026-10141-34,ocds-dgv273-seacev3-2026-10141-34-2026-04-22T10:35:26.023450-05:00,PE-CONSUCODE-10141,20339267821,PE-RUC,COMISIÓN NACIONAL PARA EL DESARROLLO Y VIDA SIN DROGAS - DEVIDA
ocds-dgv273-seacev3-1191682,ocds-dgv273-seacev3-1191682-2026-04-22T10:35:25.867055-05:00,PE-CONSUCODE-1488,20147161574,PE-RUC,MUNICIPALIDAD DISTRITAL DE PUNCHANA
ocds-dgv273-seacev3-1189422,ocds-dgv273-seacev3-1189422-2026-04-22T10:35:25.482368-05:00,PE-CONSUCODE-1596,20194832746,PE-RUC,MUNICIPALIDAD DISTRITAL DE LAGUNAS - AYABACA
ocds-dgv273-seacev3-1190043,ocds-dgv273-seacev3-1190043-2026-04-22T10:35:24.697242-05:00,PE-CONSUCODE-1908,20163646499,PE-RUC,UNIVERSIDAD NACIONAL SAN AGUSTIN
ocds-dgv273-seacev3-1193154,ocds-dgv273-seacev3-1193154-2026-04-22T10:35:22.026461-05:00,PE-CONSUCODE-627,20148288853,PE-RUC,MUNICIPALIDAD PROVINCIAL DE CAJABAMBA
ocds-dgv273-seacev3-1188408,ocds-dgv273-seacev3-1188408-2026-04-22T10:35:21.937770-05:00,PE-CONSUCODE-1825,20488965701,PE-RUC,MUNICIPALIDAD DISTRITAL DE POLVORA
ocds-dgv273-seacev3-1190149,ocds-dgv273-seacev3-1190149-2026-04-22T10:35:21.618219-05:00,PE-CONSUCODE-1555,20154491288,PE-RUC,MUNICIPALIDAD DISTRITAL DE EL ALGARROBAL
ocds-dgv273-seacev3-1190947,ocds-dgv273-seacev3-1190947-2026-04-22T10:35:20.638647-05:00,PE-CONSUCODE-204990,20608738593,PE-RUC,GOBIERNO REGIONAL DE JUNÍN - INSTITUTO REGIONAL DE ENFERMEDADES NEOPLÁSICAS DEL CENTRO
ocds-dgv273-seacev3-2026-844-1,ocds-dgv273-seacev3-2026-844-1-2026-04-22T10:35:20.206269-05:00,PE-CONSUCODE-844,20147301333,PE-RUC,MUNICIPALIDAD DISTRITAL DE HUARO
ocds-dgv273-seacev3-1187799,ocds-dgv273-seacev3-1187799-2026-04-22T10:35:19.258673-05:00,PE-CONSUCODE-873,20183984196,PE-RUC,MUNICIPALIDAD DISTRITAL DE YAULI - HUANCAVELICA
ocds-dgv273-seacev3-1186142,ocds-dgv273-seacev3-1186142-2026-04-22T10:35:19.219824-05:00,PE-CONSUCODE-571,20287284099,PE-RUC,MUNICIPALIDAD DISTRITAL DE SANTA LUCIA - LUCANAS
ocds-dgv273-seacev3-1191589,ocds-dgv273-seacev3-1191589-2026-04-22T10:35:14.946923-05:00,PE-CONSUCODE-1621,20162361440,PE-RUC,MUNICIPALIDAD PROVINCIAL DE PAITA
ocds-dgv273-seacev3-2026-10137-1,ocds-dgv273-seacev3-2026-10137-1-2026-04-22T10:35:13.042864-05:00,PE-CONSUCODE-10137,20161704378,PE-RUC,DESPACHO PRESIDENCIAL
ocds-dgv273-seacev3-1197681,ocds-dgv273-seacev3-1197681-2026-04-22T10:35:10.076947-05:00,PE-CONSUCODE-275,20186461615,PE-RUC,MUNICIPALIDAD DISTRITAL DE SAMANCO
ocds-dgv273-seacev3-1187964,ocds-dgv273-seacev3-1187964-2026-04-22T10:35:08.783720-05:00,PE-CONSUCODE-535,20223310517,PE-RUC,MUNICIPALIDAD DISTRITAL DE VILCANCHOS
ocds-dgv273-seacev3-1190166,ocds-dgv273-seacev3-1190166-2026-04-22T10:35:03.798296-05:00,PE-CONSUCODE-371,20205028600,PE-RUC,MUNICIPALIDAD DISTRITAL DE COYLLURQUI
ocds-dgv273-seacev3-2026-374-50,ocds-dgv273-seacev3-2026-374-50-2026-04-22T10:35:03.748460-05:00,PE-CONSUCODE-374,20288774553,PE-RUC,MUNICIPALIDAD DISTRITAL DE CHALLHUAHUACHO
ocds-dgv273-seacev3-1190698,ocds-dgv273-seacev3-1190698-2026-04-22T10:35:02.681828-05:00,PE-CONSUCODE-43,20479569780,PE-RUC,GOBIERNO REGIONAL DE LAMBAYEQUE SEDE CENTRAL
ocds-dgv273-seacev3-2026-10172-1,ocds-dgv273-seacev3-2026-10172-1-2026-04-22T10:35:01.508995-05:00,PE-CONSUCODE-10172,20334929281,PE-RUC,UNIDAD DE GESTION EDUCATIVA LOCAL UGEL 07 - SAN BORJA
ocds-dgv273-seacev3-2026-10137-5,ocds-dgv273-seacev3-2026-10137-5-2026-04-22T10:35:01.416871-05:00,PE-CONSUCODE-10137,20161704378,PE-RUC,DESPACHO PRESIDENCIAL
ocds-dgv273-seacev3-1190381,ocds-dgv273-seacev3-1190381-2026-04-22T10:35:01.376158-05:00,PE-CONSUCODE-651,20174691267,PE-RUC,MUNICIPALIDAD PROVINCIAL DE CUTERVO
ocds-dgv273-seacev3-2026-1530-6,ocds-dgv273-seacev3-2026-1530-6-2026-04-22T10:34:53.208713-05:00,PE-CONSUCODE-1530,20162281845,PE-RUC,MUNICIPALIDAD PROVINCIAL DE MANU
ocds-dgv273-seacev3-2026-1211-1,ocds-dgv273-seacev3-2026-1211-1-2026-04-22T10:34:52.198404-05:00,PE-CONSUCODE-1211,20213758293,PE-RUC,MUNICIPALIDAD DISTRITAL DE CURGOS
ocds-dgv273-seacev3-2026-49-107,ocds-dgv273-seacev3-2026-49-107-2026-04-22T10:34:51.625341-05:00,PE-CONSUCODE-49,20406325815,PE-RUC,GOBIERNO REGIONAL DE PUNO SEDE CENTRAL
ocds-dgv273-seacev3-1191209,ocds-dgv273-seacev3-1191209-2026-04-22T10:34:51.074796-05:00,PE-CONSUCODE-1584,20154477374,PE-RUC,MUNICIPALIDAD PROVINCIAL DE PIURA
ocds-dgv273-seacev3-1191159,ocds-dgv273-seacev3-1191159-2026-04-22T10:34:51.037655-05:00,PE-CONSUCODE-1533,20162315502,PE-RUC,MUNICIPALIDAD PROVINCIAL DE TAHUAMANU - IÑAPARI
ocds-dgv273-seacev3-1189904,ocds-dgv273-seacev3-1189904-2026-04-22T10:34:50.517981-05:00,PE-CONSUCODE-2543,20131257750,PE-RUC,SEGURO SOCIAL DE SALUD
ocds-dgv273-seacev3-1188837,ocds-dgv273-seacev3-1188837-2026-04-22T10:34:48.282582-05:00,PE-CONSUCODE-1984,20254165035,PE-RUC,OFICINA DE NORMALIZACION PREVISIONAL
ocds-dgv273-seacev3-2026-74929-4,ocds-dgv273-seacev3-2026-74929-4-2026-04-22T10:34:46.637385-05:00,PE-CONSUCODE-202145,20600579895,PE-RUC,UNIDAD EJECUTORA 001631: GESTIÓN DE PROYECTOS SECTORIALES
ocds-dgv273-seacev3-1190125,ocds-dgv273-seacev3-1190125-2026-04-19T10:08:39.830001-05:00,PE-CONSUCODE-200276,20521286769,PE-RUC,ORGANISMO DE EVALUACION Y FISCALIZACION AMBIENTAL
ocds-dgv273-seacev3-2026-1585-7,ocds-dgv273-seacev3-2026-1585-7-2026-04-19T10:08:39.755824-05:00,PE-CONSUCODE-1585,20172618864,PE-RUC,MUNICIPALIDAD DISTRITAL DE CASTILLA
ocds-dgv273-seacev3-1204930,ocds-dgv273-seacev3-1204930-2026-04-19T10:08:38.843322-05:00,PE-CONSUCODE-200025,20207553698,PE-RUC,PROGRAMA NACIONAL DE SANEAMIENTO URBANO
ocds-dgv273-seacev3-1202363,ocds-dgv273-seacev3-1202363-2026-04-19T10:08:38.188260-05:00,PE-CONSUCODE-200156,20530944817,PE-RUC,GOBIERNO REGIONAL DE LIMA - DIRECCIÓN REGIONAL DE AGRICULTURA DE LIMA PROVINCIAS
ocds-dgv273-seacev3-1189839,ocds-dgv273-seacev3-1189839-2026-04-19T10:08:37.646201-05:00,PE-CONSUCODE-270,20163065330,PE-RUC,MUNICIPALIDAD PROVINCIAL DE SANTA - CHIMBOTE
ocds-dgv273-seacev3-1205327,ocds-dgv273-seacev3-1205327-2026-04-19T10:08:37.372796-05:00,PE-CONSUCODE-200025,20207553698,PE-RUC,PROGRAMA NACIONAL DE SANEAMIENTO URBANO
ocds-dgv273-seacev3-1188541,ocds-dgv273-seacev3-1188541-2026-04-19T10:08:35.445026-05:00,PE-CONSUCODE-985,20201617104,PE-RUC,MUNICIPALIDAD DISTRITAL DE PUÑOS
ocds-dgv273-seacev3-1188582,ocds-dgv273-seacev3-1188582-2026-04-19T10:08:35.427371-05:00,PE-CONSUCODE-724,20200367376,PE-RUC,MUNICIPALIDAD PROVINCIAL DE SANTA CRUZ
ocds-dgv273-seacev3-1188368,ocds-dgv273-seacev3-1188368-2026-04-19T10:08:35.337913-05:00,PE-CONSUCODE-505,20143137296,PE-RUC,MUNICIPALIDAD PROVINCIAL DE HUAMANGA
ocds-dgv273-seacev3-1187425,ocds-dgv273-seacev3-1187425-2026-04-19T10:08:35.164605-05:00,PE-CONSUCODE-200430,20494013453,PE-RUC,GOBIERNO REGIONAL DE SAN MARTIN - UNIDAD EJECUTORA HOSPITAL II-2 TARAPOTO
ocds-dgv273-seacev3-1191293,ocds-dgv273-seacev3-1191293-2026-04-19T10:08:33.764362-05:00,PE-CONSUCODE-10429,20181079968,PE-RUC,GOBIERNO REGIONAL DE AYACUCHO-SALUD
ocds-dgv273-seacev3-1189971,ocds-dgv273-seacev3-1189971-2026-04-19T10:08:33.064726-05:00,PE-CONSUCODE-200096,20519610214,PE-RUC,MUNICIPALIDAD DISTRITAL DE CORONEL GREGORIO ALBARRACIN LANCHIPA
ocds-dgv273-seacev3-1190564,ocds-dgv273-seacev3-1190564-2026-04-19T10:08:32.981331-05:00,PE-CONSUCODE-907,20190345344,PE-RUC,MUNICIPALIDAD PROVINCIAL DE TAYACAJA - PAMPAS
ocds-dgv273-seacev3-1189296,ocds-dgv273-seacev3-1189296-2026-04-19T10:08:32.751711-05:00,PE-CONSUCODE-1172,20120385004,PE-RUC,MUNICIPALIDAD PROVINCIAL DE YAULI - LA OROYA
ocds-dgv273-seacev3-1190548,ocds-dgv273-seacev3-1190548-2026-04-19T10:08:31.402379-05:00,PE-CONSUCODE-200276,20521286769,PE-RUC,ORGANISMO DE EVALUACION Y FISCALIZACION AMBIENTAL
ocds-dgv273-seacev3-1190131,ocds-dgv273-seacev3-1190131-2026-04-19T10:08:30.434733-05:00,PE-CONSUCODE-200276,20521286769,PE-RUC,ORGANISMO DE EVALUACION Y FISCALIZACION AMBIENTAL
ocds-dgv273-seacev3-1188843,ocds-dgv273-seacev3-1188843-2026-04-19T10:08:30.197534-05:00,PE-CONSUCODE-200276,20521286769,PE-RUC,ORGANISMO DE EVALUACION Y FISCALIZACION AMBIENTAL
ocds-dgv273-seacev3-2026-411-1,ocds-dgv273-seacev3-2026-411-1-2026-04-19T10:08:29.998485-05:00,PE-CONSUCODE-411,20190583369,PE-RUC,MUNICIPALIDAD DISTRITAL DE SACHACA
ocds-dgv273-seacev3-2026-191147-12,ocds-dgv273-seacev3-2026-191147-12-2026-04-19T10:08:29.931723-05:00,PE-CONSUCODE-204266,20603799373,PE-RUC,SERVICIOS DE SANEAMIENTO TUMBES
ocds-dgv273-seacev3-2026-47-5,ocds-dgv273-seacev3-2026-47-5-2026-04-19T10:08:28.964300-05:00,PE-CONSUCODE-47,20489252270,PE-RUC,GOBIERNO REGIONAL DE PASCO SEDE CENTRAL
ocds-dgv273-seacev3-1190208,ocds-dgv273-seacev3-1190208-2026-04-19T10:08:28.637826-05:00,PE-CONSUCODE-1045,20147676574,PE-RUC,MUNICIPALIDAD DISTRITAL DE PUEBLO NUEVO - CHINCHA
ocds-dgv273-seacev3-1188764,ocds-dgv273-seacev3-1188764-2026-04-19T10:08:28.505927-05:00,PE-CONSUCODE-200276,20521286769,PE-RUC,ORGANISMO DE EVALUACION Y FISCALIZACION AMBIENTAL
ocds-dgv273-seacev3-1188549,ocds-dgv273-seacev3-1188549-2026-04-19T10:08:28.312166-05:00,PE-CONSUCODE-200202,20489498783,PE-RUC,GOBIERNO REGIONAL DE HUANUCO - RED DE SALUD HUANUCO
ocds-dgv273-seacev3-1188881,ocds-dgv273-seacev3-1188881-2026-04-19T10:08:27.956896-05:00,PE-CONSUCODE-1616,20171246092,PE-RUC,MUNICIPALIDAD DISTRITAL DE SALITRAL - MORROPON
ocds-dgv273-seacev3-1188453,ocds-dgv273-seacev3-1188453-2026-04-19T10:08:27.176291-05:00,PE-CONSUCODE-1851,20193065938,PE-RUC,MUNICIPALIDAD DISTRITAL DE ITE
ocds-dgv273-seacev3-2026-200202-16,ocds-dgv273-seacev3-2026-200202-16-2026-04-19T10:08:27.147650-05:00,PE-CONSUCODE-200202,20489498783,PE-RUC,GOBIERNO REGIONAL DE HUANUCO - RED DE SALUD HUANUCO
ocds-dgv273-seacev3-1187384,ocds-dgv273-seacev3-1187384-2026-04-19T10:08:26.888639-05:00,PE-CONSUCODE-200141,20365019879,PE-RUC,MUNICIPALIDAD DISTRITAL DE LLOCHEGUA
ocds-dgv273-seacev3-1186974,ocds-dgv273-seacev3-1186974-2026-04-19T10:08:26.807908-05:00,PE-CONSUCODE-1212,20205367994,PE-RUC,MUNICIPALIDAD DISTRITAL DE CHUGAY
ocds-dgv273-seacev3-2026-878-3,ocds-dgv273-seacev3-2026-878-3-2026-04-19T10:08:26.784444-05:00,PE-CONSUCODE-878,20202510699,PE-RUC,MUNICIPALIDAD DISTRITAL DE MARCAS
ocds-dgv273-seacev3-2026-49-137,ocds-dgv273-seacev3-2026-49-137-2026-04-19T10:08:26.769485-05:00,PE-CONSUCODE-49,20406325815,PE-RUC,GOBIERNO REGIONAL DE PUNO SEDE CENTRAL
ocds-dgv273-seacev3-1190555,ocds-dgv273-seacev3-1190555-2026-04-19T10:08:23.048499-05:00,PE-CONSUCODE-200551,20552196725,PE-RUC,INSTITUTO NACIONAL DE SALUD DEL NIÑO - SAN BORJA
ocds-dgv273-seacev3-1190135,ocds-dgv273-seacev3-1190135-2026-04-19T10:08:22.662483-05:00,PE-CONSUCODE-200276,20521286769,PE-RUC,ORGANISMO DE EVALUACION Y FISCALIZACION AMBIENTAL
ocds-dgv273-seacev3-1189675,ocds-dgv273-seacev3-1189675-2026-04-19T10:08:22.299992-05:00,PE-CONSUCODE-203306,20601625017,PE-RUC,MUNICIPALIDAD DISTRITAL DE MEGANTONI
ocds-dgv273-seacev3-1205282,ocds-dgv273-seacev3-1205282-2026-04-19T10:08:21.533024-05:00,PE-CONSUCODE-200025,20207553698,PE-RUC,PROGRAMA NACIONAL DE SANEAMIENTO URBANO
ocds-dgv273-seacev3-2026-1209-3,ocds-dgv273-seacev3-2026-1209-3-2026-04-19T10:08:20.633408-05:00,PE-CONSUCODE-1209,20141897935,PE-RUC,MUNICIPALIDAD PROVINCIAL DE SANCHEZ CARRION - HUAMACHUCO
ocds-dgv273-seacev3-2026-1327-15,ocds-dgv273-seacev3-2026-1327-15-2026-04-19T10:08:20.570200-05:00,PE-CONSUCODE-1327,20131377062,PE-RUC,MUNICIPALIDAD DISTRITAL DE PUEBLO LIBRE - LIMA
ocds-dgv273-seacev3-1188660,ocds-dgv273-seacev3-1188660-2026-04-19T10:08:19.949015-05:00,PE-CONSUCODE-200276,20521286769,PE-RUC,ORGANISMO DE EVALUACION Y FISCALIZACION AMBIENTAL
ocds-dgv273-seacev3-1191773,ocds-dgv273-seacev3-1191773-2026-04-19T10:08:19.569242-05:00,PE-CONSUCODE-200276,20521286769,PE-RUC,ORGANISMO DE EVALUACION Y FISCALIZACION AMBIENTAL
ocds-dgv273-seacev3-1196516,ocds-dgv273-seacev3-1196516-2026-04-19T10:08:19.388694-05:00,PE-CONSUCODE-1066,20163579791,PE-RUC,MUNICIPALIDAD DISTRITAL DE SAN CLEMENTE
ocds-dgv273-seacev3-1190060,ocds-dgv273-seacev3-1190060-2026-04-19T10:08:18.450156-05:00,PE-CONSUCODE-200276,20521286769,PE-RUC,ORGANISMO DE EVALUACION Y FISCALIZACION AMBIENTAL
ocds-dgv273-seacev3-2026-847-9,ocds-dgv273-seacev3-2026-847-9-2026-04-19T10:08:16.681244-05:00,PE-CONSUCODE-847,20195499765,PE-RUC,MUNICIPALIDAD DISTRITAL DE OCONGATE
ocds-dgv273-seacev3-1187210,ocds-dgv273-seacev3-1187210-2026-04-19T10:08:16.430423-05:00,PE-CONSUCODE-224,20166544000,PE-RUC,MUNICIPALIDAD DISTRITAL DE SAN MARCOS
ocds-dgv273-seacev3-2026-10141-22,ocds-dgv273-seacev3-2026-10141-22-2026-04-19T10:08:14.166392-05:00,PE-CONSUCODE-10141,20339267821,PE-RUC,COMISIÓN NACIONAL PARA EL DESARROLLO Y VIDA SIN DROGAS - DEVIDA
ocds-dgv273-seacev3-2026-1209-25,ocds-dgv273-seacev3-2026-1209-25-2026-04-19T10:08:13.308206-05:00,PE-CONSUCODE-1209,20141897935,PE-RUC,MUNICIPALIDAD PROVINCIAL DE SANCHEZ CARRION - HUAMACHUCO
ocds-dgv273-seacev3-2026-191147-13,ocds-dgv273-seacev3-2026-191147-13-2026-04-19T10:08:12.627109-05:00,PE-CONSUCODE-204266,20603799373,PE-RUC,SERVICIOS DE SANEAMIENTO TUMBES
ocds-dgv273-seacev3-1188491,ocds-dgv273-seacev3-1188491-2026-04-19T10:08:12.026947-05:00,PE-CONSUCODE-200276,20521286769,PE-RUC,ORGANISMO DE EVALUACION Y FISCALIZACION AMBIENTAL
ocds-dgv273-seacev3-1190134,ocds-dgv273-seacev3-1190134-2026-04-19T10:08:10.514987-05:00,PE-CONSUCODE-200276,20521286769,PE-RUC,ORGANISMO DE EVALUACION Y FISCALIZACION AMBIENTAL
ocds-dgv273-seacev3-1188836,ocds-dgv273-seacev3-1188836-2026-04-19T10:08:10.202198-05:00,PE-CONSUCODE-200276,20521286769,PE-RUC,ORGANISMO DE EVALUACION Y FISCALIZACION AMBIENTAL
ocds-dgv273-seacev3-1204983,ocds-dgv273-seacev3-1204983-2026-04-19T10:08:09.297993-05:00,PE-CONSUCODE-200025,20207553698,PE-RUC,PROGRAMA NACIONAL DE SANEAMIENTO URBANO
ocds-dgv273-seacev3-2026-102627-18,ocds-dgv273-seacev3-2026-102627-18-2026-04-19T10:08:08.762984-05:00,PE-CONSUCODE-202565,20601020191,PE-RUC,POLICÍA NACIONAL DEL PERÚ - REGIÓN PIURA
ocds-dgv273-seacev3-1187392,ocds-dgv273-seacev3-1187392-2026-04-19T10:08:08.288014-05:00,PE-CONSUCODE-200430,20494013453,PE-RUC,GOBIERNO REGIONAL DE SAN MARTIN - UNIDAD EJECUTORA HOSPITAL II-2 TARAPOTO
ocds-dgv273-seacev3-1190292,ocds-dgv273-seacev3-1190292-2026-04-19T10:08:04.170140-05:00,PE-CONSUCODE-46,20519752604,PE-RUC,GOBIERNO REGIONAL DE MOQUEGUA SEDE CENTRAL
ocds-dgv273-seacev3-1205375,ocds-dgv273-seacev3-1205375-2026-04-19T10:08:03.973020-05:00,PE-CONSUCODE-200025,20207553698,PE-RUC,PROGRAMA NACIONAL DE SANEAMIENTO URBANO
ocds-dgv273-seacev3-1190018,ocds-dgv273-seacev3-1190018-2026-04-19T10:08:03.941600-05:00,PE-CONSUCODE-200276,20521286769,PE-RUC,ORGANISMO DE EVALUACION Y FISCALIZACION AMBIENTAL
ocds-dgv273-seacev3-1189287,ocds-dgv273-seacev3-1189287-2026-04-19T10:08:02.894202-05:00,PE-CONSUCODE-1315,20181109891,PE-RUC,MUNICIPALIDAD DISTRITAL DE CIENEGUILLA
ocds-dgv273-seacev3-1188911,ocds-dgv273-seacev3-1188911-2026-04-19T10:07:59.548460-05:00,PE-CONSUCODE-200276,20521286769,PE-RUC,ORGANISMO DE EVALUACION Y FISCALIZACION AMBIENTAL
ocds-dgv273-seacev3-2026-1287-4,ocds-dgv273-seacev3-2026-1287-4-2026-04-19T10:07:57.671496-05:00,PE-CONSUCODE-1287,20185129129,PE-RUC,MUNICIPALIDAD DISTRITAL DE ZAÑA
ocds-dgv273-seacev3-2026-1160-7,ocds-dgv273-seacev3-2026-1160-7-2026-04-19T10:07:57.598390-05:00,PE-CONSUCODE-1160,20146673776,PE-RUC,MUNICIPALIDAD DISTRITAL DE PANGOA
ocds-dgv273-seacev3-1188064,ocds-dgv273-seacev3-1188064-2026-04-19T10:07:57.416315-05:00,PE-CONSUCODE-2383,20100152356,PE-RUC,SERVICIO DE AGUA POTABLE Y ALCANTARILLADO DE LIMA - SEDAPAL
ocds-dgv273-seacev3-1189068,ocds-dgv273-seacev3-1189068-2026-04-18T10:19:58.890736-05:00,PE-CONSUCODE-200276,20521286769,PE-RUC,ORGANISMO DE EVALUACION Y FISCALIZACION AMBIENTAL
ocds-dgv273-seacev3-1190943,ocds-dgv273-seacev3-1190943-2026-04-18T10:19:57.285767-05:00,PE-CONSUCODE-200276,20521286769,PE-RUC,ORGANISMO DE EVALUACION Y FISCALIZACION AMBIENTAL
ocds-dgv273-seacev3-1190662,ocds-dgv273-seacev3-1190662-2026-04-18T10:19:56.528432-05:00,PE-CONSUCODE-200276,20521286769,PE-RUC,ORGANISMO DE EVALUACION Y FISCALIZACION AMBIENTAL
ocds-dgv273-seacev3-1189151,ocds-dgv273-seacev3-1189151-2026-04-18T10:19:55.505218-05:00,PE-CONSUCODE-200276,20521286769,PE-RUC,ORGANISMO DE EVALUACION Y FISCALIZACION AMBIENTAL
ocds-dgv273-seacev3-1188902,ocds-dgv273-seacev3-1188902-2026-04-18T10:19:54.619078-05:00,PE-CONSUCODE-200276,20521286769,PE-RUC,ORGANISMO DE EVALUACION Y FISCALIZACION AMBIENTAL
ocds-dgv273-seacev3-1191528,ocds-dgv273-seacev3-1191528-2026-04-18T10:19:53.658719-05:00,PE-CONSUCODE-1837,20142438365,PE-RUC,MUNICIPALIDAD DISTRITAL DE PACHIA
ocds-dgv273-seacev3-1190268,ocds-dgv273-seacev3-1190268-2026-04-18T10:19:53.316176-05:00,PE-CONSUCODE-203306,20601625017,PE-RUC,MUNICIPALIDAD DISTRITAL DE MEGANTONI
ocds-dgv273-seacev3-1188712,ocds-dgv273-seacev3-1188712-2026-04-18T10:19:52.987988-05:00,PE-CONSUCODE-200276,20521286769,PE-RUC,ORGANISMO DE EVALUACION Y FISCALIZACION AMBIENTAL
ocds-dgv273-seacev3-2026-1593-27,ocds-dgv273-seacev3-2026-1593-27-2026-04-18T10:19:51.966375-05:00,PE-CONSUCODE-1593,20161350461,PE-RUC,MUNICIPALIDAD PROVINCIAL DE AYABACA
ocds-dgv273-seacev3-2026-10398-5,ocds-dgv273-seacev3-2026-10398-5-2026-04-18T10:19:51.359373-05:00,PE-CONSUCODE-10398,20146925686,PE-RUC,GOBIERNO REGIONAL DE ANCASH-SALUD UTES CARAZ
ocds-dgv273-seacev3-2026-1731-4,ocds-dgv273-seacev3-2026-1731-4-2026-04-18T10:19:50.939289-05:00,PE-CONSUCODE-1731,20165195290,PE-RUC,MUNICIPALIDAD PROVINCIAL DE SAN ROMAN - JULIACA
ocds-dgv273-seacev3-1187239,ocds-dgv273-seacev3-1187239-2026-04-18T10:19:50.905245-05:00,PE-CONSUCODE-200276,20521286769,PE-RUC,ORGANISMO DE EVALUACION Y FISCALIZACION AMBIENTAL
ocds-dgv273-seacev3-1187174,ocds-dgv273-seacev3-1187174-2026-04-18T10:19:50.891325-05:00,PE-CONSUCODE-200276,20521286769,PE-RUC,ORGANISMO DE EVALUACION Y FISCALIZACION AMBIENTAL
ocds-dgv273-seacev3-1187251,ocds-dgv273-seacev3-1187251-2026-04-18T10:19:50.851185-05:00,PE-CONSUCODE-200276,20521286769,PE-RUC,ORGANISMO DE EVALUACION Y FISCALIZACION AMBIENTAL
ocds-dgv273-seacev3-1188578,ocds-dgv273-seacev3-1188578-2026-04-18T10:19:47.832039-05:00,PE-CONSUCODE-200198,20527760314,PE-RUC,UNIVERSIDAD NACIONAL JOSE MARIA ARGUEDAS
ocds-dgv273-seacev3-1195449,ocds-dgv273-seacev3-1195449-2026-04-18T10:19:47.675514-05:00,PE-CONSUCODE-200145,20511035997,PE-RUC,MINCETUR - UNIDAD EJECUTORA DE INVERSIÓN EN COMERCIO EXTERIOR Y TURISMO
ocds-dgv273-seacev3-1189555,ocds-dgv273-seacev3-1189555-2026-04-18T10:19:45.152178-05:00,PE-CONSUCODE-2432,20196785044,PE-RUC,PERUPETRO S.A.
ocds-dgv273-seacev3-1190660,ocds-dgv273-seacev3-1190660-2026-04-18T10:19:44.749901-05:00,PE-CONSUCODE-1686,20195270938,PE-RUC,MUNICIPALIDAD DISTRITAL DE SAN GABAN
ocds-dgv273-seacev3-1190457,ocds-dgv273-seacev3-1190457-2026-04-18T10:19:44.031460-05:00,PE-CONSUCODE-200276,20521286769,PE-RUC,ORGANISMO DE EVALUACION Y FISCALIZACION AMBIENTAL
ocds-dgv273-seacev3-1189887,ocds-dgv273-seacev3-1189887-2026-04-18T10:19:42.121470-05:00,PE-CONSUCODE-200276,20521286769,PE-RUC,ORGANISMO DE EVALUACION Y FISCALIZACION AMBIENTAL
ocds-dgv273-seacev3-1189148,ocds-dgv273-seacev3-1189148-2026-04-18T10:19:42.107601-05:00,PE-CONSUCODE-200276,20521286769,PE-RUC,ORGANISMO DE EVALUACION Y FISCALIZACION AMBIENTAL
ocds-dgv273-seacev3-1187589,ocds-dgv273-seacev3-1187589-2026-04-18T10:19:40.834323-05:00,PE-CONSUCODE-26,20131370301,PE-RUC,MINISTERIO PUBLICO
ocds-dgv273-seacev3-1189451,ocds-dgv273-seacev3-1189451-2026-04-18T10:19:37.094492-05:00,PE-CONSUCODE-1735,20192146641,PE-RUC,MUNICIPALIDAD PROVINCIAL DE YUNGUYO
ocds-dgv273-seacev3-1189863,ocds-dgv273-seacev3-1189863-2026-04-18T10:19:36.662028-05:00,PE-CONSUCODE-2408,20119205949,PE-RUC,EMPRESA REGIONAL DE SERVICIO PUBLICO DE ELECTRICIDAD - ELECTROSUR S.A.
ocds-dgv273-seacev3-1191092,ocds-dgv273-seacev3-1191092-2026-04-18T10:19:35.706529-05:00,PE-CONSUCODE-10489,20219793252,PE-RUC,GOBIERNO REGIONAL DE LA LIBERTAD - GERENCIA  REGIONAL  DE AGRICULTURA
ocds-dgv273-seacev3-2026-200302-28,ocds-dgv273-seacev3-2026-200302-28-2026-04-18T10:19:35.352686-05:00,PE-CONSUCODE-200302,20480776250,PE-RUC,POLICÍA NACIONAL DEL PERÚ - II DIRECCIÓN TERRITORIAL CHICLAYO
ocds-dgv273-seacev3-1190986,ocds-dgv273-seacev3-1190986-2026-04-18T10:19:34.992803-05:00,PE-CONSUCODE-200276,20521286769,PE-RUC,ORGANISMO DE EVALUACION Y FISCALIZACION AMBIENTAL
ocds-dgv273-seacev3-1190503,ocds-dgv273-seacev3-1190503-2026-04-18T10:19:32.763936-05:00,PE-CONSUCODE-200276,20521286769,PE-RUC,ORGANISMO DE EVALUACION Y FISCALIZACION AMBIENTAL
ocds-dgv273-seacev3-2026-374-35,ocds-dgv273-seacev3-2026-374-35-2026-04-18T10:19:31.279688-05:00,PE-CONSUCODE-374,20288774553,PE-RUC,MUNICIPALIDAD DISTRITAL DE CHALLHUAHUACHO
ocds-dgv273-seacev3-2026-203-6,ocds-dgv273-seacev3-2026-203-6-2026-04-18T10:19:31.114762-05:00,PE-CONSUCODE-203,20186203918,PE-RUC,MUNICIPALIDAD DISTRITAL DE YAUTAN
ocds-dgv273-seacev3-1191917,ocds-dgv273-seacev3-1191917-2026-04-18T10:19:30.938776-05:00,PE-CONSUCODE-2365,20115851919,PE-RUC,EMPRESA PRESTADORA DE SERVICIOS DE SANEAMIENTO DE AGUA POTABLE Y ALCANTARILLADO DE ILO S.A.
ocds-dgv273-seacev3-1190855,ocds-dgv273-seacev3-1190855-2026-04-18T10:19:30.042248-05:00,PE-CONSUCODE-200276,20521286769,PE-RUC,ORGANISMO DE EVALUACION Y FISCALIZACION AMBIENTAL
ocds-dgv273-seacev3-1187518,ocds-dgv273-seacev3-1187518-2026-04-18T10:19:29.565746-05:00,PE-CONSUCODE-1671,20198476243,PE-RUC,MUNICIPALIDAD DISTRITAL DE POTONI
ocds-dgv273-seacev3-2026-200202-19,ocds-dgv273-seacev3-2026-200202-19-2026-04-18T10:19:29.459753-05:00,PE-CONSUCODE-200202,20489498783,PE-RUC,GOBIERNO REGIONAL DE HUANUCO - RED DE SALUD HUANUCO
ocds-dgv273-seacev3-2026-1117-2,ocds-dgv273-seacev3-2026-1117-2-2026-04-18T10:19:29.423740-05:00,PE-CONSUCODE-1117,20183093941,PE-RUC,MUNICIPALIDAD PROVINCIAL DE JAUJA
ocds-dgv273-seacev3-1187168,ocds-dgv273-seacev3-1187168-2026-04-18T10:19:29.390222-05:00,PE-CONSUCODE-200276,20521286769,PE-RUC,ORGANISMO DE EVALUACION Y FISCALIZACION AMBIENTAL
ocds-dgv273-seacev3-1189073,ocds-dgv273-seacev3-1189073-2026-04-18T10:19:25.386860-05:00,PE-CONSUCODE-200276,20521286769,PE-RUC,ORGANISMO DE EVALUACION Y FISCALIZACION AMBIENTAL
ocds-dgv273-seacev3-1190484,ocds-dgv273-seacev3-1190484-2026-04-18T10:19:23.316798-05:00,PE-CONSUCODE-200276,20521286769,PE-RUC,ORGANISMO DE EVALUACION Y FISCALIZACION AMBIENTAL
ocds-dgv273-seacev3-1189061,ocds-dgv273-seacev3-1189061-2026-04-18T10:19:23.129310-05:00,PE-CONSUCODE-200276,20521286769,PE-RUC,ORGANISMO DE EVALUACION Y FISCALIZACION AMBIENTAL
ocds-dgv273-seacev3-1190055,ocds-dgv273-seacev3-1190055-2026-04-18T10:19:22.294452-05:00,PE-CONSUCODE-1908,20163646499,PE-RUC,UNIVERSIDAD NACIONAL SAN AGUSTIN
ocds-dgv273-seacev3-2026-1636-1,ocds-dgv273-seacev3-2026-1636-1-2026-04-18T10:19:21.013591-05:00,PE-CONSUCODE-1636,20146713824,PE-RUC,MUNICIPALIDAD PROVINCIAL DE TALARA - PARIÑAS
ocds-dgv273-seacev3-1189183,ocds-dgv273-seacev3-1189183-2026-04-18T10:19:20.400065-05:00,PE-CONSUCODE-754,20159308961,PE-RUC,MUNICIPALIDAD DISTRITAL DE SAN SEBASTIAN
ocds-dgv273-seacev3-1187521,ocds-dgv273-seacev3-1187521-2026-04-18T10:19:19.242636-05:00,PE-CONSUCODE-200276,20521286769,PE-RUC,ORGANISMO DE EVALUACION Y FISCALIZACION AMBIENTAL
ocds-dgv273-seacev3-1189010,ocds-dgv273-seacev3-1189010-2026-04-18T10:19:19.013364-05:00,PE-CONSUCODE-43,20479569780,PE-RUC,GOBIERNO REGIONAL DE LAMBAYEQUE SEDE CENTRAL
ocds-dgv273-seacev3-2026-1725-2,ocds-dgv273-seacev3-2026-1725-2-2026-04-18T10:19:18.438494-05:00,PE-CONSUCODE-1725,20191718683,PE-RUC,MUNICIPALIDAD DISTRITAL DE PATAMBUCO
ocds-dgv273-seacev3-1187533,ocds-dgv273-seacev3-1187533-2026-04-18T10:19:18.319906-05:00,PE-CONSUCODE-200276,20521286769,PE-RUC,ORGANISMO DE EVALUACION Y FISCALIZACION AMBIENTAL
ocds-dgv273-seacev3-1188426,ocds-dgv273-seacev3-1188426-2026-04-18T10:19:13.812036-05:00,PE-CONSUCODE-1344,20145420513,PE-RUC,MUNICIPALIDAD DISTRITAL DE SANTA MARIA DEL MAR
ocds-dgv273-seacev3-1190682,ocds-dgv273-seacev3-1190682-2026-04-18T10:19:11.831142-05:00,PE-CONSUCODE-200276,20521286769,PE-RUC,ORGANISMO DE EVALUACION Y FISCALIZACION AMBIENTAL
ocds-dgv273-seacev3-1188739,ocds-dgv273-seacev3-1188739-2026-04-18T10:19:11.412866-05:00,PE-CONSUCODE-200276,20521286769,PE-RUC,ORGANISMO DE EVALUACION Y FISCALIZACION AMBIENTAL
ocds-dgv273-seacev3-1188486,ocds-dgv273-seacev3-1188486-2026-04-18T10:19:10.598100-05:00,PE-CONSUCODE-200276,20521286769,PE-RUC,ORGANISMO DE EVALUACION Y FISCALIZACION AMBIENTAL
ocds-dgv273-seacev3-1189796,ocds-dgv273-seacev3-1189796-2026-04-18T10:19:08.705542-05:00,PE-CONSUCODE-200276,20521286769,PE-RUC,ORGANISMO DE EVALUACION Y FISCALIZACION AMBIENTAL
ocds-dgv273-seacev3-1187457,ocds-dgv273-seacev3-1187457-2026-04-18T10:19:07.866454-05:00,PE-CONSUCODE-200276,20521286769,PE-RUC,ORGANISMO DE EVALUACION Y FISCALIZACION AMBIENTAL
ocds-dgv273-seacev3-2026-1032-2,ocds-dgv273-seacev3-2026-1032-2-2026-04-18T10:19:07.808361-05:00,PE-CONSUCODE-1032,20198806481,PE-RUC,MUNICIPALIDAD DISTRITAL DE SAN JOSE DE LOS MOLINOS
ocds-dgv273-seacev3-1188675,ocds-dgv273-seacev3-1188675-2026-04-18T10:19:07.701661-05:00,PE-CONSUCODE-200396,20568019521,PE-RUC,UNIVERSIDAD NACIONAL INTERCULTURAL DE LA SELVA CENTRAL JUAN SANTOS ATAHUALPA
ocds-dgv273-seacev3-1187010,ocds-dgv273-seacev3-1187010-2026-04-18T10:19:07.379129-05:00,PE-CONSUCODE-200276,20521286769,PE-RUC,ORGANISMO DE EVALUACION Y FISCALIZACION AMBIENTAL
ocds-dgv273-seacev3-2026-1921-7,ocds-dgv273-seacev3-2026-1921-7-2026-04-18T10:19:07.354509-05:00,PE-CONSUCODE-1921,20376082114,PE-RUC,ORGANISMO SUPERVISOR DE LA INVERSION EN ENERGIA Y MINERIA
ocds-dgv273-seacev3-1191329,ocds-dgv273-seacev3-1191329-2026-04-18T10:19:03.285866-05:00,PE-CONSUCODE-1498,20191636016,PE-RUC,MUNICIPALIDAD DISTRITAL DE PASTAZA
ocds-dgv273-seacev3-1190635,ocds-dgv273-seacev3-1190635-2026-04-18T10:19:02.517386-05:00,PE-CONSUCODE-1501,20280417131,PE-RUC,MUNICIPALIDAD PROVINCIAL DE MARISCAL RAMON CASTILLA
ocds-dgv273-seacev3-1190455,ocds-dgv273-seacev3-1190455-2026-04-18T10:19:02.503547-05:00,PE-CONSUCODE-200276,20521286769,PE-RUC,ORGANISMO DE EVALUACION Y FISCALIZACION AMBIENTAL
ocds-dgv273-seacev3-2026-2365-11,ocds-dgv273-seacev3-2026-2365-11-2026-04-18T10:19:02.330088-05:00,PE-CONSUCODE-2365,20115851919,PE-RUC,EMPRESA PRESTADORA DE SERVICIOS DE SANEAMIENTO DE AGUA POTABLE Y ALCANTARILLADO DE ILO S.A.
ocds-dgv273-seacev3-1190677,ocds-dgv273-seacev3-1190677-2026-04-18T10:19:01.882401-05:00,PE-CONSUCODE-200276,20521286769,PE-RUC,ORGANISMO DE EVALUACION Y FISCALIZACION AMBIENTAL
ocds-dgv273-seacev3-2026-10049-7,ocds-dgv273-seacev3-2026-10049-7-2026-04-18T10:19:00.303280-05:00,PE-CONSUCODE-10049,20321735607,PE-RUC,GOBIERNO REGIONAL DE PUNO - PROGRAMA DE APOYO AL DESARROLLO RURAL ANDINO - PRADERA I
ocds-dgv273-seacev3-1188821,ocds-dgv273-seacev3-1188821-2026-04-18T10:19:00.030262-05:00,PE-CONSUCODE-2606,20496934866,PE-RUC,MUNICIPALIDAD DISTRITAL DE MAJES - VILLA EL PEDREGAL
ocds-dgv273-seacev3-1191457,ocds-dgv273-seacev3-1191457-2026-04-18T10:18:59.320715-05:00,PE-CONSUCODE-754,20159308961,PE-RUC,MUNICIPALIDAD DISTRITAL DE SAN SEBASTIAN
ocds-dgv273-seacev3-1202050,ocds-dgv273-seacev3-1202050-2026-04-18T10:18:58.385717-05:00,PE-CONSUCODE-204448,20604932964,PE-RUC,AUTORIDAD DE TRANSPORTE URBANO PARA LIMA Y CALLAO
ocds-dgv273-seacev3-1192888,ocds-dgv273-seacev3-1192888-2026-04-18T10:18:57.998720-05:00,PE-CONSUCODE-307,20189313544,PE-RUC,MUNICIPALIDAD PROVINCIAL DE OCROS
ocds-dgv273-seacev3-1191128,ocds-dgv273-seacev3-1191128-2026-04-18T10:18:57.904674-05:00,PE-CONSUCODE-10466,20146038329,PE-RUC,GOBIERNO REGIONAL DE HUANUCO-HOSPITAL DE HUANUCO HERMILIO VALDIZAN
ocds-dgv273-seacev3-2026-923-4,ocds-dgv273-seacev3-2026-923-4-2026-04-18T10:18:57.330546-05:00,PE-CONSUCODE-923,20230401820,PE-RUC,MUNICIPALIDAD DISTRITAL DE HUANDO
ocds-dgv273-seacev3-1187199,ocds-dgv273-seacev3-1187199-2026-04-18T10:18:57.316811-05:00,PE-CONSUCODE-200276,20521286769,PE-RUC,ORGANISMO DE EVALUACION Y FISCALIZACION AMBIENTAL
ocds-dgv273-seacev3-1184289,ocds-dgv273-seacev3-1184289-2026-04-18T10:18:57.105718-05:00,PE-CONSUCODE-1559,20190184821,PE-RUC,MUNICIPALIDAD DISTRITAL DE HUAYLLAY
ocds-dgv273-seacev3-2026-337-1,ocds-dgv273-seacev3-2026-337-1-2026-04-18T10:18:57.097609-05:00,PE-CONSUCODE-337,20199906306,PE-RUC,MUNICIPALIDAD DISTRITAL DE SAN JERONIMO - ANDAHUAYLAS
ocds-dgv273-seacev3-2026-273-1,ocds-dgv273-seacev3-2026-273-1-2026-04-18T10:18:57.076253-05:00,PE-CONSUCODE-273,20186443391,PE-RUC,MUNICIPALIDAD DISTRITAL DE MORO
ocds-dgv273-seacev3-1190799,ocds-dgv273-seacev3-1190799-2026-04-18T10:18:52.247485-05:00,PE-CONSUCODE-1331,20131366702,PE-RUC,MUNICIPALIDAD DISTRITAL DE PUENTE PIEDRA
ocds-dgv273-seacev3-2026-200302-17,ocds-dgv273-seacev3-2026-200302-17-2026-04-18T10:18:52.202549-05:00,PE-CONSUCODE-200302,20480776250,PE-RUC,POLICÍA NACIONAL DEL PERÚ - II DIRECCIÓN TERRITORIAL CHICLAYO
ocds-dgv273-seacev3-2026-685-4,ocds-dgv273-seacev3-2026-685-4-2026-04-18T10:18:51.559260-05:00,PE-CONSUCODE-685,20148260843,PE-RUC,MUNICIPALIDAD PROVINCIAL DE HUALGAYOC - BAMBAMARCA
ocds-dgv273-seacev3-1189895,ocds-dgv273-seacev3-1189895-2026-04-18T10:18:50.762179-05:00,PE-CONSUCODE-200276,20521286769,PE-RUC,ORGANISMO DE EVALUACION Y FISCALIZACION AMBIENTAL
ocds-dgv273-seacev3-1190699,ocds-dgv273-seacev3-1190699-2026-04-18T10:18:50.592413-05:00,PE-CONSUCODE-200276,20521286769,PE-RUC,ORGANISMO DE EVALUACION Y FISCALIZACION AMBIENTAL
ocds-dgv273-seacev3-1190967,ocds-dgv273-seacev3-1190967-2026-04-18T10:18:50.507086-05:00,PE-CONSUCODE-10403,20185898343,PE-RUC,GOBIERNO REGIONAL DE APURIMAC-CHANKA
ocds-dgv273-seacev3-1189893,ocds-dgv273-seacev3-1189893-2026-04-18T10:18:50.411022-05:00,PE-CONSUCODE-200276,20521286769,PE-RUC,ORGANISMO DE EVALUACION Y FISCALIZACION AMBIENTAL
ocds-dgv273-seacev3-1190502,ocds-dgv273-seacev3-1190502-2026-04-18T10:18:49.203015-05:00,PE-CONSUCODE-200276,20521286769,PE-RUC,ORGANISMO DE EVALUACION Y FISCALIZACION AMBIENTAL
ocds-dgv273-seacev3-1189911,ocds-dgv273-seacev3-1189911-2026-04-18T10:18:47.139066-05:00,PE-CONSUCODE-753,20159386253,PE-RUC,MUNICIPALIDAD DISTRITAL DE SAN JERONIMO - CUSCO
ocds-dgv273-seacev3-1191836,ocds-dgv273-seacev3-1191836-2026-04-18T10:18:46.832579-05:00,PE-CONSUCODE-200198,20527760314,PE-RUC,UNIVERSIDAD NACIONAL JOSE MARIA ARGUEDAS
ocds-dgv273-seacev3-1189498,ocds-dgv273-seacev3-1189498-2026-04-18T10:18:46.715044-05:00,PE-CONSUCODE-1832,20167987118,PE-RUC,MUNICIPALIDAD DISTRITAL DE SAN MARTIN ALAO
ocds-dgv273-seacev3-1188699,ocds-dgv273-seacev3-1188699-2026-04-18T10:18:46.699649-05:00,PE-CONSUCODE-200396,20568019521,PE-RUC,UNIVERSIDAD NACIONAL INTERCULTURAL DE LA SELVA CENTRAL JUAN SANTOS ATAHUALPA
ocds-dgv273-seacev3-1187446,ocds-dgv273-seacev3-1187446-2026-04-18T10:18:45.872164-05:00,PE-CONSUCODE-200276,20521286769,PE-RUC,ORGANISMO DE EVALUACION Y FISCALIZACION AMBIENTAL
ocds-dgv273-seacev3-2026-33-4,ocds-dgv273-seacev3-2026-33-4-2026-04-18T10:18:45.851652-05:00,PE-CONSUCODE-33,20530689019,PE-RUC,GOBIERNO REGIONAL DE ANCASH - SEDE CENTRAL
ocds-dgv273-seacev3-2026-286-4,ocds-dgv273-seacev3-2026-286-4-2026-04-18T10:18:45.836312-05:00,PE-CONSUCODE-286,20200034211,PE-RUC,MUNICIPALIDAD DISTRITAL DE RAGASH
ocds-dgv273-seacev3-2026-80812-16,ocds-dgv273-seacev3-2026-80812-16-2026-04-18T10:18:45.806080-05:00,PE-CONSUCODE-202225,20141814312,PE-RUC,EMPRESA PRESTADORA DE SERVICIOS DE SANEAMIENTO MARAÑON S.A.
ocds-dgv273-seacev3-1187006,ocds-dgv273-seacev3-1187006-2026-04-18T10:18:45.744410-05:00,PE-CONSUCODE-1926,20122476309,PE-RUC,BANCO CENTRAL DE RESERVA DEL PERÚ
ocds-dgv273-seacev3-2026-200199-7,ocds-dgv273-seacev3-2026-200199-7-2026-04-18T10:18:45.635288-05:00,PE-CONSUCODE-200199,20493465491,PE-RUC,MUNICIPALIDAD PROVINCIAL DEL DATEM DEL MARAÑON
ocds-dgv273-seacev3-1187916,ocds-dgv273-seacev3-1187916-2026-04-18T10:18:45.461464-05:00,PE-CONSUCODE-201345,20565429656,PE-RUC,AUTORIDAD NACIONAL DE SANIDAD E INOCUIDAD EN PESCA Y ACUICULTURA
ocds-dgv273-seacev3-1186787,ocds-dgv273-seacev3-1186787-2026-04-18T10:18:45.371406-05:00,PE-CONSUCODE-26,20131370301,PE-RUC,MINISTERIO PUBLICO
ocds-dgv273-seacev3-1187599,ocds-dgv273-seacev3-1187599-2026-04-18T10:18:45.196684-05:00,PE-CONSUCODE-200276,20521286769,PE-RUC,ORGANISMO DE EVALUACION Y FISCALIZACION AMBIENTAL
ocds-dgv273-seacev3-2026-399-40,ocds-dgv273-seacev3-2026-399-40-2026-04-17T10:29:16.033839-05:00,PE-CONSUCODE-399,20159515240,PE-RUC,MUNICIPALIDAD DISTRITAL DE CERRO COLORADO
ocds-dgv273-seacev3-2026-51-93,ocds-dgv273-seacev3-2026-51-93-2026-04-17T10:29:13.336110-05:00,PE-CONSUCODE-51,20519752515,PE-RUC,GOBIERNO REGIONAL DE TACNA SEDE CENTRAL
ocds-dgv273-seacev3-2026-828-1,ocds-dgv273-seacev3-2026-828-1-2026-04-17T10:29:10.299781-05:00,PE-CONSUCODE-828,20159308619,PE-RUC,MUNICIPALIDAD DISTRITAL DE OMACHA
ocds-dgv273-seacev3-1187359,ocds-dgv273-seacev3-1187359-2026-04-17T10:29:09.248401-05:00,PE-CONSUCODE-1379,20141418557,PE-RUC,MUNICIPALIDAD PROVINCIAL DE HUACHO - HUAURA
ocds-dgv273-seacev3-1187380,ocds-dgv273-seacev3-1187380-2026-04-17T10:29:09.089058-05:00,PE-CONSUCODE-223,20323089451,PE-RUC,MUNICIPALIDAD DISTRITAL DE RAPAYAN
ocds-dgv273-seacev3-2026-1301-14,ocds-dgv273-seacev3-2026-1301-14-2026-04-17T10:29:08.995367-05:00,PE-CONSUCODE-1301,20162368703,PE-RUC,MUNICIPALIDAD DISTRITAL DE MOTUPE
ocds-dgv273-seacev3-1187740,ocds-dgv273-seacev3-1187740-2026-04-17T10:29:08.143712-05:00,PE-CONSUCODE-1060,20148421103,PE-RUC,MUNICIPALIDAD PROVINCIAL DE PISCO
ocds-dgv273-seacev3-1191007,ocds-dgv273-seacev3-1191007-2026-04-17T10:29:05.286191-05:00,PE-CONSUCODE-201185,20564327019,PE-RUC,GOBIERNO REGIONAL DE APURIMAC  - UNIDAD EJECUTORA GERENCIA SUB REGIONAL DE COTABAMBAS
ocds-dgv273-seacev3-2026-1760-3,ocds-dgv273-seacev3-2026-1760-3-2026-04-17T10:29:03.315118-05:00,PE-CONSUCODE-1760,20148170771,PE-RUC,MUNICIPALIDAD DISTRITAL DE SORITOR
ocds-dgv273-seacev3-1190202,ocds-dgv273-seacev3-1190202-2026-04-17T10:29:01.247698-05:00,PE-CONSUCODE-1540,20171880115,PE-RUC,MUNICIPALIDAD DISTRITAL DE TORATA
ocds-dgv273-seacev3-1188757,ocds-dgv273-seacev3-1188757-2026-04-17T10:29:00.232406-05:00,PE-CONSUCODE-920,20232724588,PE-RUC,MUNICIPALIDAD DISTRITAL DE SURCUBAMBA
ocds-dgv273-seacev3-1190879,ocds-dgv273-seacev3-1190879-2026-04-17T10:29:00.050599-05:00,PE-CONSUCODE-203646,20602250602,PE-RUC,DIRECCION DE REDES INTEGRADAS DE SALUD LIMA CENTRO
ocds-dgv273-seacev3-2026-1952-28,ocds-dgv273-seacev3-2026-1952-28-2026-04-17T10:28:59.413777-05:00,PE-CONSUCODE-1952,20419026809,PE-RUC,ORGANISMO ESPECIALIZADO PARA LAS CONTRATACIONES PUBLICAS EFICIENTES
ocds-dgv273-seacev3-2026-200302-24,ocds-dgv273-seacev3-2026-200302-24-2026-04-17T10:28:58.276296-05:00,PE-CONSUCODE-200302,20480776250,PE-RUC,POLICÍA NACIONAL DEL PERÚ - II DIRECCIÓN TERRITORIAL CHICLAYO
ocds-dgv273-seacev3-2026-1379-7,ocds-dgv273-seacev3-2026-1379-7-2026-04-17T10:28:58.165515-05:00,PE-CONSUCODE-1379,20141418557,PE-RUC,MUNICIPALIDAD PROVINCIAL DE HUACHO - HUAURA
ocds-dgv273-seacev3-1191055,ocds-dgv273-seacev3-1191055-2026-04-17T10:28:54.004200-05:00,PE-CONSUCODE-813,20187459258,PE-RUC,MUNICIPALIDAD PROVINCIAL DE LA CONVENCION - SANTA ANA
ocds-dgv273-seacev3-2026-200554-4,ocds-dgv273-seacev3-2026-200554-4-2026-04-17T10:28:53.915170-05:00,PE-CONSUCODE-200554,20552560711,PE-RUC,UNIDAD EJECUTORA 003: FOMENTO AL CONSUMO HUMANO DIRECTO - A COMER PESCADO
ocds-dgv273-seacev3-1190442,ocds-dgv273-seacev3-1190442-2026-04-17T10:28:52.792180-05:00,PE-CONSUCODE-200270,20494642078,PE-RUC,GOBIERNO REGIONAL DE AYACUCHO - PROGRAMA REGIONAL DE IRRIGACION Y DESARROLLO RURAL INTEGRADO
ocds-dgv273-seacev3-1191414,ocds-dgv273-seacev3-1191414-2026-04-17T10:28:50.860806-05:00,PE-CONSUCODE-49,20406325815,PE-RUC,GOBIERNO REGIONAL DE PUNO SEDE CENTRAL
ocds-dgv273-seacev3-2026-815-13,ocds-dgv273-seacev3-2026-815-13-2026-04-17T10:28:50.517406-05:00,PE-CONSUCODE-815,20202455817,PE-RUC,MUNICIPALIDAD DISTRITAL DE HUAYOPATA
ocds-dgv273-seacev3-1200587,ocds-dgv273-seacev3-1200587-2026-04-17T10:28:49.001894-05:00,PE-CONSUCODE-1683,20202703144,PE-RUC,MUNICIPALIDAD DISTRITAL DE CRUCERO
ocds-dgv273-seacev3-2026-1807-15,ocds-dgv273-seacev3-2026-1807-15-2026-04-17T10:28:48.907972-05:00,PE-CONSUCODE-1807,20175467671,PE-RUC,MUNICIPALIDAD PROVINCIAL DE BELLAVISTA
ocds-dgv273-seacev3-1189327,ocds-dgv273-seacev3-1189327-2026-04-17T10:28:48.725703-05:00,PE-CONSUCODE-35,20452393493,PE-RUC,GOBIERNO REGIONAL DE AYACUCHO SEDE CENTRAL
ocds-dgv273-seacev3-1189393,ocds-dgv273-seacev3-1189393-2026-04-17T10:28:48.499424-05:00,PE-CONSUCODE-1593,20161350461,PE-RUC,MUNICIPALIDAD PROVINCIAL DE AYABACA
ocds-dgv273-seacev3-2026-574-1,ocds-dgv273-seacev3-2026-574-1-2026-04-17T10:28:48.417612-05:00,PE-CONSUCODE-574,20287376619,PE-RUC,MUNICIPALIDAD DISTRITAL DE CORONEL CASTAÑEDA
ocds-dgv273-seacev3-1187909,ocds-dgv273-seacev3-1187909-2026-04-17T10:28:47.237363-05:00,PE-CONSUCODE-505,20143137296,PE-RUC,MUNICIPALIDAD PROVINCIAL DE HUAMANGA
ocds-dgv273-seacev3-1187829,ocds-dgv273-seacev3-1187829-2026-04-17T10:28:47.175447-05:00,PE-CONSUCODE-1060,20148421103,PE-RUC,MUNICIPALIDAD PROVINCIAL DE PISCO
ocds-dgv273-seacev3-2026-200302-30,ocds-dgv273-seacev3-2026-200302-30-2026-04-17T10:28:47.142293-05:00,PE-CONSUCODE-200302,20480776250,PE-RUC,POLICÍA NACIONAL DEL PERÚ - II DIRECCIÓN TERRITORIAL CHICLAYO
ocds-dgv273-seacev3-2026-1593-1,ocds-dgv273-seacev3-2026-1593-1-2026-04-17T10:28:46.565137-05:00,PE-CONSUCODE-1593,20161350461,PE-RUC,MUNICIPALIDAD PROVINCIAL DE AYABACA
ocds-dgv273-seacev3-1185688,ocds-dgv273-seacev3-1185688-2026-04-17T10:28:46.551553-05:00,PE-CONSUCODE-1671,20198476243,PE-RUC,MUNICIPALIDAD DISTRITAL DE POTONI
ocds-dgv273-seacev3-2026-1678-2,ocds-dgv273-seacev3-2026-1678-2-2026-04-17T10:28:41.989223-05:00,PE-CONSUCODE-1678,20206921898,PE-RUC,MUNICIPALIDAD PROVINCIAL DE CARABAYA - MACUSANI
ocds-dgv273-seacev3-1188179,ocds-dgv273-seacev3-1188179-2026-04-17T10:28:36.705276-05:00,PE-CONSUCODE-666,20220499767,PE-RUC,MUNICIPALIDAD PROVINCIAL DE CHOTA
ocds-dgv273-seacev3-2026-551-1,ocds-dgv273-seacev3-2026-551-1-2026-04-17T10:28:36.639664-05:00,PE-CONSUCODE-551,20177865045,PE-RUC,MUNICIPALIDAD DISTRITAL DE SANTA ROSA - LA MAR
ocds-dgv273-seacev3-2026-1034-7,ocds-dgv273-seacev3-2026-1034-7-2026-04-17T10:28:36.600578-05:00,PE-CONSUCODE-1034,20147711159,PE-RUC,MUNICIPALIDAD DISTRITAL DE SANTIAGO - ICA
ocds-dgv273-seacev3-1186552,ocds-dgv273-seacev3-1186552-2026-04-17T10:28:36.053982-05:00,PE-CONSUCODE-10407,20443070819,PE-RUC,GOBIERNO REGIONAL DE APURIMAC-TRANSPORTES CHANKA
ocds-dgv273-seacev3-2026-1274-8,ocds-dgv273-seacev3-2026-1274-8-2026-04-17T10:28:35.959908-05:00,PE-CONSUCODE-1274,20141784901,PE-RUC,MUNICIPALIDAD PROVINCIAL DE CHICLAYO
ocds-dgv273-seacev3-1191021,ocds-dgv273-seacev3-1191021-2026-04-17T10:28:31.678283-05:00,PE-CONSUCODE-371,20205028600,PE-RUC,MUNICIPALIDAD DISTRITAL DE COYLLURQUI
ocds-dgv273-seacev3-1187945,ocds-dgv273-seacev3-1187945-2026-04-17T10:28:30.193686-05:00,PE-CONSUCODE-10431,20368999726,PE-RUC,GOBIERNO REGIONAL DE CAJAMARCA - GERENCIA SUB REGIONAL CHOTA
ocds-dgv273-seacev3-2026-754-1,ocds-dgv273-seacev3-2026-754-1-2026-04-17T10:28:29.204939-05:00,PE-CONSUCODE-754,20159308961,PE-RUC,MUNICIPALIDAD DISTRITAL DE SAN SEBASTIAN
ocds-dgv273-seacev3-1191316,ocds-dgv273-seacev3-1191316-2026-04-17T10:28:27.850253-05:00,PE-CONSUCODE-1494,20205141163,PE-RUC,MUNICIPALIDAD DISTRITAL DE JEBEROS
ocds-dgv273-seacev3-2026-1683-3,ocds-dgv273-seacev3-2026-1683-3-2026-04-17T10:28:27.734583-05:00,PE-CONSUCODE-1683,20202703144,PE-RUC,MUNICIPALIDAD DISTRITAL DE CRUCERO
ocds-dgv273-seacev3-2026-10526-2,ocds-dgv273-seacev3-2026-10526-2-2026-04-17T10:28:27.547911-05:00,PE-CONSUCODE-10526,20408632146,PE-RUC,GOBIERNO REGIONAL DE LORETO-TRANSPORTES
ocds-dgv273-seacev3-1190924,ocds-dgv273-seacev3-1190924-2026-04-17T10:28:27.170729-05:00,PE-CONSUCODE-1688,20161244512,PE-RUC,MUNICIPALIDAD PROVINCIAL DE CHUCUITO - JULI
ocds-dgv273-seacev3-1190777,ocds-dgv273-seacev3-1190777-2026-04-17T10:28:26.320455-05:00,PE-CONSUCODE-35,20452393493,PE-RUC,GOBIERNO REGIONAL DE AYACUCHO SEDE CENTRAL
ocds-dgv273-seacev3-1185580,ocds-dgv273-seacev3-1185580-2026-04-17T10:28:25.848500-05:00,PE-CONSUCODE-10560,20356828055,PE-RUC,GOBIERNO REGIONAL DE PIURA-HOSPITAL DE APOYO III SULLANA
ocds-dgv273-seacev3-1188792,ocds-dgv273-seacev3-1188792-2026-04-17T10:28:25.831730-05:00,PE-CONSUCODE-920,20232724588,PE-RUC,MUNICIPALIDAD DISTRITAL DE SURCUBAMBA
ocds-dgv273-seacev3-2026-1678-1,ocds-dgv273-seacev3-2026-1678-1-2026-04-17T10:28:25.627000-05:00,PE-CONSUCODE-1678,20206921898,PE-RUC,MUNICIPALIDAD PROVINCIAL DE CARABAYA - MACUSANI
ocds-dgv273-seacev3-2026-10189-1,ocds-dgv273-seacev3-2026-10189-1-2026-04-17T10:28:25.604484-05:00,PE-CONSUCODE-10189,20380795907,PE-RUC,PROGRAMA EDUCACION BASICA PARA TODOS UE 026
ocds-dgv273-seacev3-1186140,ocds-dgv273-seacev3-1186140-2026-04-17T10:28:25.323478-05:00,PE-CONSUCODE-1916,20171781648,PE-RUC,INSTITUTO DE INVESTIGACIONES DE LA AMAZONIA PERUANA - I.I.A.P.
ocds-dgv273-seacev3-1186482,ocds-dgv273-seacev3-1186482-2026-04-17T10:28:25.228987-05:00,PE-CONSUCODE-754,20159308961,PE-RUC,MUNICIPALIDAD DISTRITAL DE SAN SEBASTIAN
ocds-dgv273-seacev3-2026-374-52,ocds-dgv273-seacev3-2026-374-52-2026-04-17T10:28:20.292014-05:00,PE-CONSUCODE-374,20288774553,PE-RUC,MUNICIPALIDAD DISTRITAL DE CHALLHUAHUACHO
ocds-dgv273-seacev3-2026-1320-11,ocds-dgv273-seacev3-2026-1320-11-2026-04-17T10:28:19.286706-05:00,PE-CONSUCODE-1320,20131365722,PE-RUC,MUNICIPALIDAD DISTRITAL DE LA MOLINA
ocds-dgv273-seacev3-1190842,ocds-dgv273-seacev3-1190842-2026-04-17T10:28:09.238484-05:00,PE-CONSUCODE-1559,20190184821,PE-RUC,MUNICIPALIDAD DISTRITAL DE HUAYLLAY
ocds-dgv273-seacev3-1188476,ocds-dgv273-seacev3-1188476-2026-04-17T10:28:07.789756-05:00,PE-CONSUCODE-38,20452393817,PE-RUC,GOBIERNO REGIONAL DE ICA SEDE CENTRAL
ocds-dgv273-seacev3-1188133,ocds-dgv273-seacev3-1188133-2026-04-17T10:28:07.491844-05:00,PE-CONSUCODE-1642,20146721410,PE-RUC,MUNICIPALIDAD PROVINCIAL DE SECHURA
ocds-dgv273-seacev3-2026-589-2,ocds-dgv273-seacev3-2026-589-2-2026-04-17T10:28:04.627248-05:00,PE-CONSUCODE-589,20223028765,PE-RUC,MUNICIPALIDAD PROVINCIAL DE HUANCA SANCOS - SANCOS
ocds-dgv273-seacev3-2026-1034-11,ocds-dgv273-seacev3-2026-1034-11-2026-04-17T10:28:03.314497-05:00,PE-CONSUCODE-1034,20147711159,PE-RUC,MUNICIPALIDAD DISTRITAL DE SANTIAGO - ICA
ocds-dgv273-seacev3-1186946,ocds-dgv273-seacev3-1186946-2026-04-17T10:28:02.948903-05:00,PE-CONSUCODE-894,20146911979,PE-RUC,MUNICIPALIDAD PROVINCIAL DE CASTROVIRREYNA
ocds-dgv273-seacev3-2026-1392-1,ocds-dgv273-seacev3-2026-1392-1-2026-04-16T10:37:00.969163-05:00,PE-CONSUCODE-1392,20163051118,PE-RUC,MUNICIPALIDAD DISTRITAL DE CHANCAY - HUARAL
ocds-dgv273-seacev3-1191227,ocds-dgv273-seacev3-1191227-2026-04-16T10:37:00.908579-05:00,PE-CONSUCODE-203306,20601625017,PE-RUC,MUNICIPALIDAD DISTRITAL DE MEGANTONI
ocds-dgv273-seacev3-1191847,ocds-dgv273-seacev3-1191847-2026-04-16T10:36:59.025353-05:00,PE-CONSUCODE-20002,20172772278,PE-RUC,GOBIERNO REGIONAL DE AYACUCHO - HOSPITAL HUAMANGA
ocds-dgv273-seacev3-1195114,ocds-dgv273-seacev3-1195114-2026-04-16T10:36:58.635660-05:00,PE-CONSUCODE-389,20180001051,PE-RUC,MUNICIPALIDAD PROVINCIAL DE CHINCHEROS
ocds-dgv273-seacev3-2026-2601-6,ocds-dgv273-seacev3-2026-2601-6-2026-04-16T10:36:58.143057-05:00,PE-CONSUCODE-2601,20397808522,PE-RUC,SERVICIO DE ADMINISTRACION TRIBUTARIA TRUJILLO
ocds-dgv273-seacev3-2026-10042-7,ocds-dgv273-seacev3-2026-10042-7-2026-04-16T10:36:57.356725-05:00,PE-CONSUCODE-10042,20159316981,PE-RUC,GOBIERNO REGIONAL DE CUSCO-INSTITUTO DE MANEJO DE AGUA Y MEDIO AMBIENTE( IMA)
ocds-dgv273-seacev3-1191154,ocds-dgv273-seacev3-1191154-2026-04-16T10:36:57.221749-05:00,PE-CONSUCODE-39,20486020882,PE-RUC,GOBIERNO REGIONAL DE HUANCAVELICA Sede Central
ocds-dgv273-seacev3-1187658,ocds-dgv273-seacev3-1187658-2026-04-16T10:36:55.847947-05:00,PE-CONSUCODE-339,20172968253,PE-RUC,MUNICIPALIDAD DISTRITAL DE TALAVERA
ocds-dgv273-seacev3-1187024,ocds-dgv273-seacev3-1187024-2026-04-16T10:36:55.747321-05:00,PE-CONSUCODE-668,20190666574,PE-RUC,MUNICIPALIDAD DISTRITAL DE COCHABAMBA - CHOTA
ocds-dgv273-seacev3-1186306,ocds-dgv273-seacev3-1186306-2026-04-16T10:36:55.050812-05:00,PE-CONSUCODE-257,20221860358,PE-RUC,MUNICIPALIDAD DISTRITAL DE HUAYLLAN
ocds-dgv273-seacev3-1196401,ocds-dgv273-seacev3-1196401-2026-04-16T10:36:50.723334-05:00,PE-CONSUCODE-416,20190520286,PE-RUC,MUNICIPALIDAD DISTRITAL DE SOCABAYA
ocds-dgv273-seacev3-2026-552-8,ocds-dgv273-seacev3-2026-552-8-2026-04-16T10:36:50.467925-05:00,PE-CONSUCODE-552,20143082297,PE-RUC,MUNICIPALIDAD PROVINCIAL DE LUCANAS - PUQUIO
ocds-dgv273-seacev3-1191054,ocds-dgv273-seacev3-1191054-2026-04-16T10:36:50.451143-05:00,PE-CONSUCODE-1689,20181403064,PE-RUC,MUNICIPALIDAD DISTRITAL DE DESAGUADERO
ocds-dgv273-seacev3-1190862,ocds-dgv273-seacev3-1190862-2026-04-16T10:36:50.010335-05:00,PE-CONSUCODE-1648,20146247084,PE-RUC,MUNICIPALIDAD PROVINCIAL DE PUNO
ocds-dgv273-seacev3-1190486,ocds-dgv273-seacev3-1190486-2026-04-16T10:36:45.811860-05:00,PE-CONSUCODE-964,20189021764,PE-RUC,MUNICIPALIDAD DISTRITAL DE HUACAR
ocds-dgv273-seacev3-1192104,ocds-dgv273-seacev3-1192104-2026-04-16T10:36:44.456196-05:00,PE-CONSUCODE-200538,20491240742,PE-RUC,GOBIERNO REGIONAL DE APURIMAC - UNIDAD EJECUTORA RED DE SALUD ABANCAY
ocds-dgv273-seacev3-1191532,ocds-dgv273-seacev3-1191532-2026-04-16T10:36:38.511554-05:00,PE-CONSUCODE-278,20282911915,PE-RUC,MUNICIPALIDAD DISTRITAL DE NUEVO CHIMBOTE
ocds-dgv273-seacev3-2026-200554-1,ocds-dgv273-seacev3-2026-200554-1-2026-04-16T10:36:37.559472-05:00,PE-CONSUCODE-200554,20552560711,PE-RUC,UNIDAD EJECUTORA 003: FOMENTO AL CONSUMO HUMANO DIRECTO - A COMER PESCADO
ocds-dgv273-seacev3-1196045,ocds-dgv273-seacev3-1196045-2026-04-16T10:36:37.148939-05:00,PE-CONSUCODE-705,20201842647,PE-RUC,MUNICIPALIDAD DISTRITAL DE SAN JOSE DE LOURDES
ocds-dgv273-seacev3-1191629,ocds-dgv273-seacev3-1191629-2026-04-16T10:36:36.963715-05:00,PE-CONSUCODE-1500,20218524819,PE-RUC,MUNICIPALIDAD DISTRITAL DE TENIENTE CESAR LOPEZ ROJAS
ocds-dgv273-seacev3-2026-874-22,ocds-dgv273-seacev3-2026-874-22-2026-04-16T10:36:36.945476-05:00,PE-CONSUCODE-874,20191121954,PE-RUC,MUNICIPALIDAD PROVINCIAL DE ACOBAMBA
ocds-dgv273-seacev3-1191756,ocds-dgv273-seacev3-1191756-2026-04-16T10:36:35.225954-05:00,PE-CONSUCODE-1191,20175639391,PE-RUC,MUNICIPALIDAD PROVINCIAL DE TRUJILLO
ocds-dgv273-seacev3-2026-488-2,ocds-dgv273-seacev3-2026-488-2-2026-04-16T10:36:33.995549-05:00,PE-CONSUCODE-488,20166164789,PE-RUC,MUNICIPALIDAD PROVINCIAL DE ISLAY - MOLLENDO
ocds-dgv273-seacev3-2026-200302-27,ocds-dgv273-seacev3-2026-200302-27-2026-04-16T10:36:33.867828-05:00,PE-CONSUCODE-200302,20480776250,PE-RUC,POLICÍA NACIONAL DEL PERÚ - II DIRECCIÓN TERRITORIAL CHICLAYO
ocds-dgv273-seacev3-1191965,ocds-dgv273-seacev3-1191965-2026-04-16T10:36:32.092304-05:00,PE-CONSUCODE-1910,20143660754,PE-RUC,UNIVERSIDAD NACIONAL SAN CRISTOBAL DE HUAMANGA
ocds-dgv273-seacev3-1189750,ocds-dgv273-seacev3-1189750-2026-04-16T10:36:31.840044-05:00,PE-CONSUCODE-10505,20221373449,PE-RUC,GOBIERNO REGIONAL DE LA LIBERTAD-SALUD UTES CHEPEN
ocds-dgv273-seacev3-1188016,ocds-dgv273-seacev3-1188016-2026-04-16T10:36:31.314954-05:00,PE-CONSUCODE-1498,20191636016,PE-RUC,MUNICIPALIDAD DISTRITAL DE PASTAZA
ocds-dgv273-seacev3-1187557,ocds-dgv273-seacev3-1187557-2026-04-16T10:36:31.298213-05:00,PE-CONSUCODE-35,20452393493,PE-RUC,GOBIERNO REGIONAL DE AYACUCHO SEDE CENTRAL
ocds-dgv273-seacev3-1187840,ocds-dgv273-seacev3-1187840-2026-04-16T10:36:30.829010-05:00,PE-CONSUCODE-389,20180001051,PE-RUC,MUNICIPALIDAD PROVINCIAL DE CHINCHEROS
ocds-dgv273-seacev3-1190581,ocds-dgv273-seacev3-1190581-2026-04-16T10:36:26.842173-05:00,PE-CONSUCODE-10204,20153219118,PE-RUC,HOSPITAL NACIONAL HIPOLITO UNANUE
ocds-dgv273-seacev3-2026-1392-4,ocds-dgv273-seacev3-2026-1392-4-2026-04-16T10:36:26.687672-05:00,PE-CONSUCODE-1392,20163051118,PE-RUC,MUNICIPALIDAD DISTRITAL DE CHANCAY - HUARAL
ocds-dgv273-seacev3-2026-10184-8,ocds-dgv273-seacev3-2026-10184-8-2026-04-16T10:36:25.808843-05:00,PE-CONSUCODE-10184,20167343652,PE-RUC,GOBIERNO REGIONAL DE CALLAO - COLEGIO MILITAR LEONCIO PRADO
ocds-dgv273-seacev3-1190659,ocds-dgv273-seacev3-1190659-2026-04-16T10:36:25.501733-05:00,PE-CONSUCODE-203686,20601845335,PE-RUC,GOBIERNO REGIONAL DE UCAYALI RED DE SALUD N° 01 CORONEL PORTILLO
ocds-dgv273-seacev3-1190803,ocds-dgv273-seacev3-1190803-2026-04-16T10:36:25.296516-05:00,PE-CONSUCODE-1309,20131378620,PE-RUC,MUNICIPALIDAD DISTRITAL DE ATE - VITARTE
ocds-dgv273-seacev3-1190661,ocds-dgv273-seacev3-1190661-2026-04-16T10:36:24.873913-05:00,PE-CONSUCODE-35,20452393493,PE-RUC,GOBIERNO REGIONAL DE AYACUCHO SEDE CENTRAL
ocds-dgv273-seacev3-1190998,ocds-dgv273-seacev3-1190998-2026-04-16T10:36:24.116639-05:00,PE-CONSUCODE-200302,20480776250,PE-RUC,POLICÍA NACIONAL DEL PERÚ - II DIRECCIÓN TERRITORIAL CHICLAYO
ocds-dgv273-seacev3-1190019,ocds-dgv273-seacev3-1190019-2026-04-16T10:36:23.183984-05:00,PE-CONSUCODE-2600,20433270461,PE-RUC,C.N.DE INTEGR.D.L.PERS.CON DISC.-CONADIS
ocds-dgv273-seacev3-1195767,ocds-dgv273-seacev3-1195767-2026-04-16T10:36:22.388453-05:00,PE-CONSUCODE-10564,20199860551,PE-RUC,GOBIERNO REGIONAL DE PUNO-PROGRAMA REGIONAL DE RIEGO Y DRENAJE
ocds-dgv273-seacev3-1188070,ocds-dgv273-seacev3-1188070-2026-04-16T10:36:20.827209-05:00,PE-CONSUCODE-10507,20222308080,PE-RUC,GOBIERNO REGIONAL DE LA LIBERTAD - RED SALUD SANCHEZ CARRION - HOSPITAL LEONCIO PRADO
ocds-dgv273-seacev3-2026-1031-2,ocds-dgv273-seacev3-2026-1031-2-2026-04-16T10:36:20.580011-05:00,PE-CONSUCODE-1031,20189111321,PE-RUC,MUNICIPALIDAD DISTRITAL DE SALAS - ICA
ocds-dgv273-seacev3-1187341,ocds-dgv273-seacev3-1187341-2026-04-16T10:36:18.820319-05:00,PE-CONSUCODE-949,20199460375,PE-RUC,MUNICIPALIDAD DISTRITAL DE SAN PEDRO DE CORIS
ocds-dgv273-seacev3-2026-422-13,ocds-dgv273-seacev3-2026-422-13-2026-04-16T10:36:18.781484-05:00,PE-CONSUCODE-422,20173809663,PE-RUC,MUNICIPALIDAD DISTRITAL DE YURA
ocds-dgv273-seacev3-1188625,ocds-dgv273-seacev3-1188625-2026-04-16T10:36:18.747023-05:00,PE-CONSUCODE-799,20214936519,PE-RUC,MUNICIPALIDAD DISTRITAL DE COLQUEMARCA
ocds-dgv273-seacev3-2026-351-2,ocds-dgv273-seacev3-2026-351-2-2026-04-16T10:36:18.552306-05:00,PE-CONSUCODE-351,20177892441,PE-RUC,MUNICIPALIDAD DISTRITAL DE SABAINO
ocds-dgv273-seacev3-1186361,ocds-dgv273-seacev3-1186361-2026-04-16T10:36:18.450284-05:00,PE-CONSUCODE-200266,20520711865,PE-RUC,AUTORIDAD NACIONAL DEL AGUA
ocds-dgv273-seacev3-1191420,ocds-dgv273-seacev3-1191420-2026-04-16T10:36:06.369372-05:00,PE-CONSUCODE-754,20159308961,PE-RUC,MUNICIPALIDAD DISTRITAL DE SAN SEBASTIAN
ocds-dgv273-seacev3-1189294,ocds-dgv273-seacev3-1189294-2026-04-16T10:36:06.275756-05:00,PE-CONSUCODE-204810,20108068281,PE-RUC,CAJA DE PENSIONES MILITAR - POLICIAL
ocds-dgv273-seacev3-1193171,ocds-dgv273-seacev3-1193171-2026-04-16T10:36:06.169841-05:00,PE-CONSUCODE-10248,20153408191,PE-RUC,MARINA DE GUERRA DEL PERU
ocds-dgv273-seacev3-2026-705-40,ocds-dgv273-seacev3-2026-705-40-2026-04-16T10:36:06.155772-05:00,PE-CONSUCODE-705,20201842647,PE-RUC,MUNICIPALIDAD DISTRITAL DE SAN JOSE DE LOURDES
ocds-dgv273-seacev3-1191243,ocds-dgv273-seacev3-1191243-2026-04-16T10:36:05.581300-05:00,PE-CONSUCODE-1036,20198515168,PE-RUC,MUNICIPALIDAD DISTRITAL DE TATE
ocds-dgv273-seacev3-2026-2006-6,ocds-dgv273-seacev3-2026-2006-6-2026-04-16T10:36:04.651931-05:00,PE-CONSUCODE-2006,20145913544,PE-RUC,SERVICIOS DE PARQUES DE LIMA
ocds-dgv273-seacev3-1189280,ocds-dgv273-seacev3-1189280-2026-04-16T10:36:02.201422-05:00,PE-CONSUCODE-203286,20487671097,PE-RUC,GOBIERNO REGIONAL DE AMAZONAS  - DIRECCION DE RED DE SALUD CONDORCANQUI
ocds-dgv273-seacev3-1187529,ocds-dgv273-seacev3-1187529-2026-04-16T10:36:00.321074-05:00,PE-CONSUCODE-1050,20147705850,PE-RUC,MUNICIPALIDAD PROVINCIAL DE NAZCA
ocds-dgv273-seacev3-1186774,ocds-dgv273-seacev3-1186774-2026-04-16T10:36:00.235930-05:00,PE-CONSUCODE-200441,20487911586,PE-RUC,GOBIERNO REGIONAL DE LAMBAYEQUE - HOSPITAL REGIONAL LAMBAYEQUE
ocds-dgv273-seacev3-2026-88-2,ocds-dgv273-seacev3-2026-88-2-2026-04-16T10:35:59.578677-05:00,PE-CONSUCODE-88,20156003060,PE-RUC,MUNICIPALIDAD PROVINCIAL DE BAGUA
ocds-dgv273-seacev3-1190501,ocds-dgv273-seacev3-1190501-2026-04-16T10:35:54.691188-05:00,PE-CONSUCODE-1058,20201053308,PE-RUC,MUNICIPALIDAD DISTRITAL DE SANTA CRUZ - PALPA
ocds-dgv273-seacev3-1192091,ocds-dgv273-seacev3-1192091-2026-04-16T10:35:54.618742-05:00,PE-CONSUCODE-1498,20191636016,PE-RUC,MUNICIPALIDAD DISTRITAL DE PASTAZA
ocds-dgv273-seacev3-2026-1031-10,ocds-dgv273-seacev3-2026-1031-10-2026-04-16T10:35:54.089874-05:00,PE-CONSUCODE-1031,20189111321,PE-RUC,MUNICIPALIDAD DISTRITAL DE SALAS - ICA
ocds-dgv273-seacev3-2026-845-2,ocds-dgv273-seacev3-2026-845-2-2026-04-16T10:35:53.854988-05:00,PE-CONSUCODE-845,20171798885,PE-RUC,MUNICIPALIDAD DISTRITAL DE LUCRE - QUISPICANCHIS
ocds-dgv273-seacev3-1189504,ocds-dgv273-seacev3-1189504-2026-04-16T10:35:52.983894-05:00,PE-CONSUCODE-151,20172268430,PE-RUC,MUNICIPALIDAD PROVINCIAL DE HUARAZ
ocds-dgv273-seacev3-1190704,ocds-dgv273-seacev3-1190704-2026-04-16T10:35:52.717391-05:00,PE-CONSUCODE-151,20172268430,PE-RUC,MUNICIPALIDAD PROVINCIAL DE HUARAZ
ocds-dgv273-seacev3-2026-1175-1,ocds-dgv273-seacev3-2026-1175-1-2026-04-16T10:35:51.286314-05:00,PE-CONSUCODE-1175,20199759672,PE-RUC,MUNICIPALIDAD DISTRITAL DE MARCAPOMACOCHA
ocds-dgv273-seacev3-2026-1500-1,ocds-dgv273-seacev3-2026-1500-1-2026-04-16T10:35:51.022660-05:00,PE-CONSUCODE-1500,20218524819,PE-RUC,MUNICIPALIDAD DISTRITAL DE TENIENTE CESAR LOPEZ ROJAS
ocds-dgv273-seacev3-1190864,ocds-dgv273-seacev3-1190864-2026-04-16T10:35:49.656454-05:00,PE-CONSUCODE-1036,20198515168,PE-RUC,MUNICIPALIDAD DISTRITAL DE TATE
ocds-dgv273-seacev3-1191362,ocds-dgv273-seacev3-1191362-2026-04-16T10:35:49.411156-05:00,PE-CONSUCODE-389,20180001051,PE-RUC,MUNICIPALIDAD PROVINCIAL DE CHINCHEROS
ocds-dgv273-seacev3-1192052,ocds-dgv273-seacev3-1192052-2026-04-16T10:35:49.235642-05:00,PE-CONSUCODE-1690,20214364612,PE-RUC,MUNICIPALIDAD DISTRITAL DE HUACULLANI
ocds-dgv273-seacev3-1188430,ocds-dgv273-seacev3-1188430-2026-04-16T10:35:48.334290-05:00,PE-CONSUCODE-203306,20601625017,PE-RUC,MUNICIPALIDAD DISTRITAL DE MEGANTONI
ocds-dgv273-seacev3-2026-107-2,ocds-dgv273-seacev3-2026-107-2-2026-04-16T10:35:48.243145-05:00,PE-CONSUCODE-107,20166763143,PE-RUC,MUNICIPALIDAD DISTRITAL DE CAMPORREDONDO
ocds-dgv273-seacev3-1187814,ocds-dgv273-seacev3-1187814-2026-04-16T10:35:47.972515-05:00,PE-CONSUCODE-389,20180001051,PE-RUC,MUNICIPALIDAD PROVINCIAL DE CHINCHEROS
ocds-dgv273-seacev3-1191651,ocds-dgv273-seacev3-1191651-2026-04-16T10:35:42.250591-05:00,PE-CONSUCODE-203306,20601625017,PE-RUC,MUNICIPALIDAD DISTRITAL DE MEGANTONI
ocds-dgv273-seacev3-2026-10466-26,ocds-dgv273-seacev3-2026-10466-26-2026-04-16T10:35:42.208272-05:00,PE-CONSUCODE-10466,20146038329,PE-RUC,GOBIERNO REGIONAL DE HUANUCO-HOSPITAL DE HUANUCO HERMILIO VALDIZAN
ocds-dgv273-seacev3-2026-1526-9,ocds-dgv273-seacev3-2026-1526-9-2026-04-16T10:35:41.470899-05:00,PE-CONSUCODE-1526,20162298659,PE-RUC,MUNICIPALIDAD PROVINCIAL DE TAMBOPATA
ocds-dgv273-seacev3-2026-10184-10,ocds-dgv273-seacev3-2026-10184-10-2026-04-16T10:35:40.751481-05:00,PE-CONSUCODE-10184,20167343652,PE-RUC,GOBIERNO REGIONAL DE CALLAO - COLEGIO MILITAR LEONCIO PRADO
ocds-dgv273-seacev3-1190894,ocds-dgv273-seacev3-1190894-2026-04-16T10:35:40.613583-05:00,PE-CONSUCODE-1050,20147705850,PE-RUC,MUNICIPALIDAD PROVINCIAL DE NAZCA
ocds-dgv273-seacev3-1190845,ocds-dgv273-seacev3-1190845-2026-04-16T10:35:40.551350-05:00,PE-CONSUCODE-200396,20568019521,PE-RUC,UNIVERSIDAD NACIONAL INTERCULTURAL DE LA SELVA CENTRAL JUAN SANTOS ATAHUALPA
ocds-dgv273-seacev3-2026-10248-76,ocds-dgv273-seacev3-2026-10248-76-2026-04-16T10:35:39.221098-05:00,PE-CONSUCODE-10248,20153408191,PE-RUC,MARINA DE GUERRA DEL PERU
ocds-dgv273-seacev3-2026-798-3,ocds-dgv273-seacev3-2026-798-3-2026-04-16T10:35:37.646648-05:00,PE-CONSUCODE-798,20224796014,PE-RUC,MUNICIPALIDAD DISTRITAL DE CCAPACMARCA
ocds-dgv273-seacev3-1191662,ocds-dgv273-seacev3-1191662-2026-04-16T10:35:37.393353-05:00,PE-CONSUCODE-10247,20131369124,PE-RUC,EJERCITO PERUANO
ocds-dgv273-seacev3-1189699,ocds-dgv273-seacev3-1189699-2026-04-16T10:35:37.208287-05:00,PE-CONSUCODE-1678,20206921898,PE-RUC,MUNICIPALIDAD PROVINCIAL DE CARABAYA - MACUSANI
ocds-dgv273-seacev3-1188806,ocds-dgv273-seacev3-1188806-2026-04-16T10:35:36.498646-05:00,PE-CONSUCODE-673,20224199946,PE-RUC,MUNICIPALIDAD DISTRITAL DE HUAMBOS
ocds-dgv273-seacev3-2026-49-113,ocds-dgv273-seacev3-2026-49-113-2026-04-16T10:35:36.181469-05:00,PE-CONSUCODE-49,20406325815,PE-RUC,GOBIERNO REGIONAL DE PUNO SEDE CENTRAL
ocds-dgv273-seacev3-1188977,ocds-dgv273-seacev3-1188977-2026-04-16T10:35:36.166332-05:00,PE-CONSUCODE-1837,20142438365,PE-RUC,MUNICIPALIDAD DISTRITAL DE PACHIA
ocds-dgv273-seacev3-1188131,ocds-dgv273-seacev3-1188131-2026-04-16T10:35:36.058471-05:00,PE-CONSUCODE-200096,20519610214,PE-RUC,MUNICIPALIDAD DISTRITAL DE CORONEL GREGORIO ALBARRACIN LANCHIPA
ocds-dgv273-seacev3-2026-49-68,ocds-dgv273-seacev3-2026-49-68-2026-04-16T10:35:35.641906-05:00,PE-CONSUCODE-49,20406325815,PE-RUC,GOBIERNO REGIONAL DE PUNO SEDE CENTRAL
ocds-dgv273-seacev3-1190774,ocds-dgv273-seacev3-1190774-2026-04-16T10:35:31.874256-05:00,PE-CONSUCODE-2540,20172299581,PE-RUC,EMPRESA MUNICIPAL DE AGUA POTABLE Y ALCANTARILLADO DE CHANCAY SAC
ocds-dgv273-seacev3-2026-1490-1,ocds-dgv273-seacev3-2026-1490-1-2026-04-16T10:35:30.290491-05:00,PE-CONSUCODE-1490,20177662446,PE-RUC,MUNICIPALIDAD PROVINCIAL DEL ALTO AMAZONAS - YURIMAGUAS
ocds-dgv273-seacev3-2026-680-9,ocds-dgv273-seacev3-2026-680-9-2026-04-16T10:35:30.080471-05:00,PE-CONSUCODE-680,20220666418,PE-RUC,MUNICIPALIDAD DISTRITAL DE TACABAMBA
ocds-dgv273-seacev3-1189959,ocds-dgv273-seacev3-1189959-2026-04-16T10:35:29.689608-05:00,PE-CONSUCODE-345,20177891127,PE-RUC,MUNICIPALIDAD PROVINCIAL DE ANTABAMBA
ocds-dgv273-seacev3-1191985,ocds-dgv273-seacev3-1191985-2026-04-16T10:35:29.114281-05:00,PE-CONSUCODE-814,20159368271,PE-RUC,MUNICIPALIDAD DISTRITAL DE ECHARATI
ocds-dgv273-seacev3-2026-200405-2,ocds-dgv273-seacev3-2026-200405-2-2026-04-16T10:35:28.550651-05:00,PE-CONSUCODE-200405,20207763820,PE-RUC,MUNICIPALIDAD DISTRITAL CONSTITUCION - PASCO
ocds-dgv273-seacev3-2026-1392-5,ocds-dgv273-seacev3-2026-1392-5-2026-04-16T10:35:28.302999-05:00,PE-CONSUCODE-1392,20163051118,PE-RUC,MUNICIPALIDAD DISTRITAL DE CHANCAY - HUARAL
ocds-dgv273-seacev3-1191728,ocds-dgv273-seacev3-1191728-2026-04-16T10:35:27.614302-05:00,PE-CONSUCODE-1176,20146501487,PE-RUC,MUNICIPALIDAD DISTRITAL DE MOROCOCHA
ocds-dgv273-seacev3-1191834,ocds-dgv273-seacev3-1191834-2026-04-16T10:35:27.486713-05:00,PE-CONSUCODE-53,20393066386,PE-RUC,GOBIERNO REGIONAL DE UCAYALI SEDE CENTRAL
ocds-dgv273-seacev3-1189354,ocds-dgv273-seacev3-1189354-2026-04-16T10:35:27.072493-05:00,PE-CONSUCODE-874,20191121954,PE-RUC,MUNICIPALIDAD PROVINCIAL DE ACOBAMBA
ocds-dgv273-seacev3-2026-1890-18,ocds-dgv273-seacev3-2026-1890-18-2026-04-16T10:35:26.720184-05:00,PE-CONSUCODE-1890,20168014962,PE-RUC,UNIVERSIDAD NACIONAL DE HUANCAVELICA
ocds-dgv273-seacev3-2026-447-4,ocds-dgv273-seacev3-2026-447-4-2026-04-16T10:35:25.415073-05:00,PE-CONSUCODE-447,20208253086,PE-RUC,MUNICIPALIDAD PROVINCIAL DE CASTILLA - APLAO
ocds-dgv273-seacev3-2026-1568-3,ocds-dgv273-seacev3-2026-1568-3-2026-04-16T10:35:24.794627-05:00,PE-CONSUCODE-1568,20176736021,PE-RUC,MUNICIPALIDAD DISTRITAL DE YANACANCHA - PASCO
ocds-dgv273-seacev3-2026-10049-9,ocds-dgv273-seacev3-2026-10049-9-2026-04-16T10:35:24.089973-05:00,PE-CONSUCODE-10049,20321735607,PE-RUC,GOBIERNO REGIONAL DE PUNO - PROGRAMA DE APOYO AL DESARROLLO RURAL ANDINO - PRADERA I
ocds-dgv273-seacev3-1188689,ocds-dgv273-seacev3-1188689-2026-04-16T10:35:23.945513-05:00,PE-CONSUCODE-805,20147346434,PE-RUC,MUNICIPALIDAD PROVINCIAL DE ESPINAR
ocds-dgv273-seacev3-2026-333-1,ocds-dgv273-seacev3-2026-333-1-2026-04-16T10:35:23.807695-05:00,PE-CONSUCODE-333,20201967423,PE-RUC,MUNICIPALIDAD DISTRITAL DE PACUCHA
ocds-dgv273-seacev3-1204903,ocds-dgv273-seacev3-1204903-2026-04-12T10:05:12.182887-05:00,PE-CONSUCODE-200210,20486112736,PE-RUC,INSTITUTO DE VIALIDAD MUNICIPAL DE LA PROVINCIA DE TAYACAJA
ocds-dgv273-seacev3-1202216,ocds-dgv273-seacev3-1202216-2026-04-12T10:05:11.090106-05:00,PE-CONSUCODE-200210,20486112736,PE-RUC,INSTITUTO DE VIALIDAD MUNICIPAL DE LA PROVINCIA DE TAYACAJA
ocds-dgv273-seacev3-1192410,ocds-dgv273-seacev3-1192410-2026-04-12T10:05:08.753999-05:00,PE-CONSUCODE-34,20498390570,PE-RUC,GOBIERNO REGIONAL DE AREQUIPA Sede Central
ocds-dgv273-seacev3-1191634,ocds-dgv273-seacev3-1191634-2026-04-12T10:05:08.671016-05:00,PE-CONSUCODE-10590,20178677684,PE-RUC,GOBIERNO REGIONAL DE SAN MARTIN-TRANSPORTES
ocds-dgv273-seacev3-1190246,ocds-dgv273-seacev3-1190246-2026-04-12T10:05:08.592502-05:00,PE-CONSUCODE-1995,20131373075,PE-RUC,SERVICIO NACIONAL DE SANIDAD AGRARIA
ocds-dgv273-seacev3-2026-67-3,ocds-dgv273-seacev3-2026-67-3-2026-04-12T10:05:08.577694-05:00,PE-CONSUCODE-67,20168007168,PE-RUC,MUNICIPALIDAD PROVINCIAL DE CHACHAPOYAS
ocds-dgv273-seacev3-1189487,ocds-dgv273-seacev3-1189487-2026-04-12T10:05:08.563927-05:00,PE-CONSUCODE-1092,20223230246,PE-RUC,MUNICIPALIDAD DISTRITAL DE SAN PEDRO DE SAÑO
ocds-dgv273-seacev3-2026-1227-18,ocds-dgv273-seacev3-2026-1227-18-2026-04-12T10:05:08.546352-05:00,PE-CONSUCODE-1227,20164091466,PE-RUC,MUNICIPALIDAD PROVINCIAL DE PACASMAYO - SAN PEDRO DE LLOC
ocds-dgv273-seacev3-1188705,ocds-dgv273-seacev3-1188705-2026-04-12T10:05:08.503002-05:00,PE-CONSUCODE-425,20312108284,PE-RUC,MUNICIPALIDAD DISTRITAL DE JOSE LUIS BUSTAMANTE Y RIVERO
ocds-dgv273-seacev3-1188224,ocds-dgv273-seacev3-1188224-2026-04-12T10:05:08.471063-05:00,PE-CONSUCODE-1890,20168014962,PE-RUC,UNIVERSIDAD NACIONAL DE HUANCAVELICA
ocds-dgv273-seacev3-1199353,ocds-dgv273-seacev3-1199353-2026-04-12T10:05:06.598337-05:00,PE-CONSUCODE-519,20143166717,PE-RUC,MUNICIPALIDAD PROVINCIAL DE CANGALLO
ocds-dgv273-seacev3-1199393,ocds-dgv273-seacev3-1199393-2026-04-12T10:05:05.612020-05:00,PE-CONSUCODE-519,20143166717,PE-RUC,MUNICIPALIDAD PROVINCIAL DE CANGALLO
ocds-dgv273-seacev3-1199342,ocds-dgv273-seacev3-1199342-2026-04-12T10:05:05.279810-05:00,PE-CONSUCODE-519,20143166717,PE-RUC,MUNICIPALIDAD PROVINCIAL DE CANGALLO
ocds-dgv273-seacev3-2026-191147-16,ocds-dgv273-seacev3-2026-191147-16-2026-04-12T10:05:05.135361-05:00,PE-CONSUCODE-204266,20603799373,PE-RUC,SERVICIOS DE SANEAMIENTO TUMBES
ocds-dgv273-seacev3-1190363,ocds-dgv273-seacev3-1190363-2026-04-12T10:05:04.463144-05:00,PE-CONSUCODE-702,20143189091,PE-RUC,MUNICIPALIDAD DISTRITAL DE HUARANGO
ocds-dgv273-seacev3-1199394,ocds-dgv273-seacev3-1199394-2026-04-12T10:05:03.660072-05:00,PE-CONSUCODE-519,20143166717,PE-RUC,MUNICIPALIDAD PROVINCIAL DE CANGALLO
ocds-dgv273-seacev3-1192016,ocds-dgv273-seacev3-1192016-2026-04-12T10:05:03.551002-05:00,PE-CONSUCODE-1328,20131377224,PE-RUC,MUNICIPALIDAD DISTRITAL DE MIRAFLORES - LIMA
ocds-dgv273-seacev3-1189963,ocds-dgv273-seacev3-1189963-2026-04-12T10:05:03.456829-05:00,PE-CONSUCODE-1850,20194735384,PE-RUC,MUNICIPALIDAD PROVINCIAL DE JORGE BASADRE - LOCUMBA
ocds-dgv273-seacev3-1189540,ocds-dgv273-seacev3-1189540-2026-04-12T10:05:03.105879-05:00,PE-CONSUCODE-796,20171116041,PE-RUC,MUNICIPALIDAD DISTRITAL DE TINTA
ocds-dgv273-seacev3-1189817,ocds-dgv273-seacev3-1189817-2026-04-12T10:05:03.070989-05:00,PE-CONSUCODE-201525,20600044975,PE-RUC,SUPERINTENDENCIA NACIONAL DE EDUCACION SUPERIOR UNIVERSITARIA
ocds-dgv273-seacev3-1190567,ocds-dgv273-seacev3-1190567-2026-04-12T10:05:02.451781-05:00,PE-CONSUCODE-1209,20141897935,PE-RUC,MUNICIPALIDAD PROVINCIAL DE SANCHEZ CARRION - HUAMACHUCO
ocds-dgv273-seacev3-1191246,ocds-dgv273-seacev3-1191246-2026-04-12T10:05:02.018828-05:00,PE-CONSUCODE-203566,20600904516,PE-RUC,GOBIERNO REGIONAL JUNIN RED DE SALUD CHUPACA
ocds-dgv273-seacev3-1199365,ocds-dgv273-seacev3-1199365-2026-04-12T10:05:01.800006-05:00,PE-CONSUCODE-519,20143166717,PE-RUC,MUNICIPALIDAD PROVINCIAL DE CANGALLO
ocds-dgv273-seacev3-2026-1209-5,ocds-dgv273-seacev3-2026-1209-5-2026-04-12T10:05:01.151098-05:00,PE-CONSUCODE-1209,20141897935,PE-RUC,MUNICIPALIDAD PROVINCIAL DE SANCHEZ CARRION - HUAMACHUCO
ocds-dgv273-seacev3-2026-1871-20,ocds-dgv273-seacev3-2026-1871-20-2026-04-12T10:05:01.064036-05:00,PE-CONSUCODE-1871,20154572792,PE-RUC,MUNICIPALIDAD PROVINCIAL DE CORONEL PORTILLO
ocds-dgv273-seacev3-2026-1003048448-3,ocds-dgv273-seacev3-2026-1003048448-3-2026-04-12T10:05:00.484866-05:00,PE-CONSUCODE-205471,20613003747,PE-RUC,MINISTERIO DE DEFENSA - CENTRO DE ALTOS ESTUDIOS NACIONALES - ESCUELA DE POSGRADO
ocds-dgv273-seacev3-1188191,ocds-dgv273-seacev3-1188191-2026-04-12T10:04:59.860978-05:00,PE-CONSUCODE-1389,20163795494,PE-RUC,MUNICIPALIDAD DISTRITAL DE VEGUETA
ocds-dgv273-seacev3-2026-337-2,ocds-dgv273-seacev3-2026-337-2-2026-04-12T10:04:59.838677-05:00,PE-CONSUCODE-337,20199906306,PE-RUC,MUNICIPALIDAD DISTRITAL DE SAN JERONIMO - ANDAHUAYLAS
ocds-dgv273-seacev3-1191707,ocds-dgv273-seacev3-1191707-2026-04-12T10:04:56.831971-05:00,PE-CONSUCODE-43,20479569780,PE-RUC,GOBIERNO REGIONAL DE LAMBAYEQUE SEDE CENTRAL
ocds-dgv273-seacev3-2026-1577-4,ocds-dgv273-seacev3-2026-1577-4-2026-04-12T10:04:52.900815-05:00,PE-CONSUCODE-1577,20190242961,PE-RUC,MUNICIPALIDAD PROVINCIAL DE OXAPAMPA
ocds-dgv273-seacev3-1186299,ocds-dgv273-seacev3-1186299-2026-04-12T10:04:52.024987-05:00,PE-CONSUCODE-1515,20201315949,PE-RUC,MUNICIPALIDAD DISTRITAL DE PUINAHUA
ocds-dgv273-seacev3-2026-165038-2,ocds-dgv273-seacev3-2026-165038-2-2026-04-12T10:04:52.005960-05:00,PE-CONSUCODE-203566,20600904516,PE-RUC,GOBIERNO REGIONAL JUNIN RED DE SALUD CHUPACA
ocds-dgv273-seacev3-1186159,ocds-dgv273-seacev3-1186159-2026-04-12T10:04:51.547215-05:00,PE-CONSUCODE-1191,20175639391,PE-RUC,MUNICIPALIDAD PROVINCIAL DE TRUJILLO
ocds-dgv273-seacev3-1191535,ocds-dgv273-seacev3-1191535-2026-04-12T10:04:47.707924-05:00,PE-CONSUCODE-10590,20178677684,PE-RUC,GOBIERNO REGIONAL DE SAN MARTIN-TRANSPORTES
ocds-dgv273-seacev3-1191600,ocds-dgv273-seacev3-1191600-2026-04-12T10:04:47.629881-05:00,PE-CONSUCODE-10590,20178677684,PE-RUC,GOBIERNO REGIONAL DE SAN MARTIN-TRANSPORTES
ocds-dgv273-seacev3-1191632,ocds-dgv273-seacev3-1191632-2026-04-12T10:04:47.613254-05:00,PE-CONSUCODE-10590,20178677684,PE-RUC,GOBIERNO REGIONAL DE SAN MARTIN-TRANSPORTES
ocds-dgv273-seacev3-2026-1003085139-1,ocds-dgv273-seacev3-2026-1003085139-1-2026-04-12T10:04:47.357065-05:00,PE-CONSUCODE-205772,20613370588,PE-RUC,UNIVERSIDAD NACIONAL DE SECHURA
ocds-dgv273-seacev3-1188460,ocds-dgv273-seacev3-1188460-2026-04-12T10:04:45.900404-05:00,PE-CONSUCODE-1802,20156954986,PE-RUC,MUNICIPALIDAD DISTRITAL DE PAPAPLAYA
ocds-dgv273-seacev3-1188964,ocds-dgv273-seacev3-1188964-2026-04-12T10:04:45.257609-05:00,PE-CONSUCODE-202945,20601122805,PE-RUC,MUNICIPALIDAD DISTRITAL DE LA MORADA
ocds-dgv273-seacev3-1191813,ocds-dgv273-seacev3-1191813-2026-04-12T10:04:45.127766-05:00,PE-CONSUCODE-47,20489252270,PE-RUC,GOBIERNO REGIONAL DE PASCO SEDE CENTRAL
ocds-dgv273-seacev3-2026-1068-13,ocds-dgv273-seacev3-2026-1068-13-2026-04-12T10:04:43.359576-05:00,PE-CONSUCODE-1068,20133696823,PE-RUC,MUNICIPALIDAD PROVINCIAL DE HUANCAYO
ocds-dgv273-seacev3-1192544,ocds-dgv273-seacev3-1192544-2026-04-12T10:04:43.254070-05:00,PE-CONSUCODE-10503,20223149635,PE-RUC,GOBIERNO REGIONAL DE LA LIBERTAD - HOSPITAL REGIONAL DOCENTE DE TRUJILLO
ocds-dgv273-seacev3-1190222,ocds-dgv273-seacev3-1190222-2026-04-12T10:04:42.805314-05:00,PE-CONSUCODE-754,20159308961,PE-RUC,MUNICIPALIDAD DISTRITAL DE SAN SEBASTIAN
ocds-dgv273-seacev3-1188010,ocds-dgv273-seacev3-1188010-2026-04-12T10:04:42.143791-05:00,PE-CONSUCODE-1505,20116067847,PE-RUC,MUNICIPALIDAD PROVINCIAL DE LORETO - NAUTA
ocds-dgv273-seacev3-1188156,ocds-dgv273-seacev3-1188156-2026-04-12T10:04:42.127520-05:00,PE-CONSUCODE-40,20489250731,PE-RUC,GOBIERNO REGIONAL DE HUANUCO SEDE CENTRAL
ocds-dgv273-seacev3-1186742,ocds-dgv273-seacev3-1186742-2026-04-12T10:04:42.075309-05:00,PE-CONSUCODE-40,20489250731,PE-RUC,GOBIERNO REGIONAL DE HUANUCO SEDE CENTRAL
ocds-dgv273-seacev3-1186136,ocds-dgv273-seacev3-1186136-2026-04-12T10:04:41.882885-05:00,PE-CONSUCODE-200097,20518396332,PE-RUC,GOBIERNO REGIONAL METROPOLITANO DE LIMA
ocds-dgv273-seacev3-2026-1577-6,ocds-dgv273-seacev3-2026-1577-6-2026-04-12T10:04:41.867126-05:00,PE-CONSUCODE-1577,20190242961,PE-RUC,MUNICIPALIDAD PROVINCIAL DE OXAPAMPA
ocds-dgv273-seacev3-1187850,ocds-dgv273-seacev3-1187850-2026-04-12T10:04:41.794116-05:00,PE-CONSUCODE-369,20161096068,PE-RUC,MUNICIPALIDAD PROVINCIAL DE COTABAMBAS - TAMBOBAMBA
ocds-dgv273-seacev3-1199432,ocds-dgv273-seacev3-1199432-2026-04-12T10:04:38.193021-05:00,PE-CONSUCODE-519,20143166717,PE-RUC,MUNICIPALIDAD PROVINCIAL DE CANGALLO
ocds-dgv273-seacev3-1192127,ocds-dgv273-seacev3-1192127-2026-04-12T10:04:37.491581-05:00,PE-CONSUCODE-10045,20185665322,PE-RUC,GOBIERNO REGIONAL DE JUNIN - HOSPITAL DANIEL ALCIDES CARRION - HUANCAYO
ocds-dgv273-seacev3-1199343,ocds-dgv273-seacev3-1199343-2026-04-12T10:04:37.121048-05:00,PE-CONSUCODE-519,20143166717,PE-RUC,MUNICIPALIDAD PROVINCIAL DE CANGALLO
ocds-dgv273-seacev3-1199355,ocds-dgv273-seacev3-1199355-2026-04-12T10:04:36.935725-05:00,PE-CONSUCODE-519,20143166717,PE-RUC,MUNICIPALIDAD PROVINCIAL DE CANGALLO
ocds-dgv273-seacev3-1199397,ocds-dgv273-seacev3-1199397-2026-04-12T10:04:36.219363-05:00,PE-CONSUCODE-519,20143166717,PE-RUC,MUNICIPALIDAD PROVINCIAL DE CANGALLO
ocds-dgv273-seacev3-1199387,ocds-dgv273-seacev3-1199387-2026-04-12T10:04:35.876259-05:00,PE-CONSUCODE-519,20143166717,PE-RUC,MUNICIPALIDAD PROVINCIAL DE CANGALLO
ocds-dgv273-seacev3-1190568,ocds-dgv273-seacev3-1190568-2026-04-12T10:04:35.322191-05:00,PE-CONSUCODE-318,20173249421,PE-RUC,MUNICIPALIDAD DISTRITAL DE CIRCA
ocds-dgv273-seacev3-1199409,ocds-dgv273-seacev3-1199409-2026-04-12T10:04:33.738866-05:00,PE-CONSUCODE-519,20143166717,PE-RUC,MUNICIPALIDAD PROVINCIAL DE CANGALLO
ocds-dgv273-seacev3-1191592,ocds-dgv273-seacev3-1191592-2026-04-12T10:04:33.261699-05:00,PE-CONSUCODE-10590,20178677684,PE-RUC,GOBIERNO REGIONAL DE SAN MARTIN-TRANSPORTES
ocds-dgv273-seacev3-2026-822-9,ocds-dgv273-seacev3-2026-822-9-2026-04-12T10:04:32.495068-05:00,PE-CONSUCODE-822,20317337150,PE-RUC,MUNICIPALIDAD DISTRITAL DE PICHARI
ocds-dgv273-seacev3-2026-1628-6,ocds-dgv273-seacev3-2026-1628-6-2026-04-12T10:04:32.341614-05:00,PE-CONSUCODE-1628,20154477021,PE-RUC,MUNICIPALIDAD PROVINCIAL DE SULLANA
ocds-dgv273-seacev3-1191685,ocds-dgv273-seacev3-1191685-2026-04-12T10:04:32.229692-05:00,PE-CONSUCODE-1302,20175975315,PE-RUC,MUNICIPALIDAD DISTRITAL DE OLMOS
ocds-dgv273-seacev3-2026-200082-2,ocds-dgv273-seacev3-2026-200082-2-2026-04-12T10:04:32.138919-05:00,PE-CONSUCODE-200082,20505982259,PE-RUC,ZONA ARQUEOLOGICA CARAL
ocds-dgv273-seacev3-1187762,ocds-dgv273-seacev3-1187762-2026-04-12T10:04:31.213632-05:00,PE-CONSUCODE-1319,20131366290,PE-RUC,MUNICIPALIDAD DISTRITAL DE JESUS MARIA
ocds-dgv273-seacev3-1193374,ocds-dgv273-seacev3-1193374-2026-04-11T10:15:11.235490-05:00,PE-CONSUCODE-204672,20607004430,PE-RUC,"CREACION Y MEJORAMIENTO DEL SERVICIO DE CATASTRO EN DISTRITOS SELECCIONADOS DE LAS PROVINCIAS DE LIMA, LAMBAYEQUE, CHICLAYO Y PIURA"
ocds-dgv273-seacev3-2026-200199-4,ocds-dgv273-seacev3-2026-200199-4-2026-04-11T10:15:11.086491-05:00,PE-CONSUCODE-200199,20493465491,PE-RUC,MUNICIPALIDAD PROVINCIAL DEL DATEM DEL MARAÑON
ocds-dgv273-seacev3-1186639,ocds-dgv273-seacev3-1186639-2026-04-11T10:15:08.216271-05:00,PE-CONSUCODE-1886,20147897406,PE-RUC,UNIVERSIDAD NACIONAL AGRARIA LA MOLINA
ocds-dgv273-seacev3-1189331,ocds-dgv273-seacev3-1189331-2026-04-11T10:15:07.918131-05:00,PE-CONSUCODE-1053,20148420719,PE-RUC,MUNICIPALIDAD DISTRITAL DE MARCONA
ocds-dgv273-seacev3-1189190,ocds-dgv273-seacev3-1189190-2026-04-11T10:15:05.402076-05:00,PE-CONSUCODE-2365,20115851919,PE-RUC,EMPRESA PRESTADORA DE SERVICIOS DE SANEAMIENTO DE AGUA POTABLE Y ALCANTARILLADO DE ILO S.A.
ocds-dgv273-seacev3-1186800,ocds-dgv273-seacev3-1186800-2026-04-11T10:15:04.931160-05:00,PE-CONSUCODE-200501,20550734223,PE-RUC,CORTE SUPERIOR DE JUSTICIA DE LIMA NORTE
ocds-dgv273-seacev3-1186363,ocds-dgv273-seacev3-1186363-2026-04-11T10:15:04.665457-05:00,PE-CONSUCODE-2452,20100063337,PE-RUC,EMPRESA MUNICIPAL ADMINISTRADORA DE PEAJE DE LIMA S.A.
ocds-dgv273-seacev3-1189172,ocds-dgv273-seacev3-1189172-2026-04-11T10:15:00.465426-05:00,PE-CONSUCODE-349,20203837632,PE-RUC,MUNICIPALIDAD DISTRITAL DE OROPESA - ANTABAMBA
ocds-dgv273-seacev3-2026-2381-12,ocds-dgv273-seacev3-2026-2381-12-2026-04-11T10:14:59.914016-05:00,PE-CONSUCODE-2381,20102762925,PE-RUC,ENTIDAD PRESTADORA DE SERVICIO DE SANEAMIENTO GRAU S.A.
ocds-dgv273-seacev3-1189004,ocds-dgv273-seacev3-1189004-2026-04-11T10:14:59.652918-05:00,PE-CONSUCODE-204810,20108068281,PE-RUC,CAJA DE PENSIONES MILITAR - POLICIAL
ocds-dgv273-seacev3-2026-10475-3,ocds-dgv273-seacev3-2026-10475-3-2026-04-11T10:14:59.576697-05:00,PE-CONSUCODE-10475,20410275504,PE-RUC,GOBIERNO REGIONAL DE ICA- SALUD PALPA- NASCA
ocds-dgv273-seacev3-2026-231729-4,ocds-dgv273-seacev3-2026-231729-4-2026-04-11T10:14:59.052908-05:00,PE-CONSUCODE-204672,20607004430,PE-RUC,"CREACION Y MEJORAMIENTO DEL SERVICIO DE CATASTRO EN DISTRITOS SELECCIONADOS DE LAS PROVINCIAS DE LIMA, LAMBAYEQUE, CHICLAYO Y PIURA"
ocds-dgv273-seacev3-1191042,ocds-dgv273-seacev3-1191042-2026-04-11T10:14:57.477823-05:00,PE-CONSUCODE-1751,20212441393,PE-RUC,MUNICIPALIDAD DISTRITAL DE CONDURIRI
ocds-dgv273-seacev3-1191967,ocds-dgv273-seacev3-1191967-2026-04-11T10:14:56.911311-05:00,PE-CONSUCODE-200344,20537630222,PE-RUC,MINISTERIO DE CULTURA
ocds-dgv273-seacev3-2026-49-8,ocds-dgv273-seacev3-2026-49-8-2026-04-11T10:14:56.825000-05:00,PE-CONSUCODE-49,20406325815,PE-RUC,GOBIERNO REGIONAL DE PUNO SEDE CENTRAL
ocds-dgv273-seacev3-2026-1940-1,ocds-dgv273-seacev3-2026-1940-1-2026-04-11T10:14:54.725088-05:00,PE-CONSUCODE-1940,20290898685,PE-RUC,ACADEMIA DE LA MAGISTRATURA
ocds-dgv273-seacev3-2026-1878-4,ocds-dgv273-seacev3-2026-1878-4-2026-04-11T10:14:54.264224-05:00,PE-CONSUCODE-1878,20186751613,PE-RUC,MUNICIPALIDAD DISTRITAL DE SEPAHUA
ocds-dgv273-seacev3-1186932,ocds-dgv273-seacev3-1186932-2026-04-11T10:14:53.947986-05:00,PE-CONSUCODE-202945,20601122805,PE-RUC,MUNICIPALIDAD DISTRITAL DE LA MORADA
ocds-dgv273-seacev3-1193356,ocds-dgv273-seacev3-1193356-2026-04-11T10:14:44.007993-05:00,PE-CONSUCODE-204672,20607004430,PE-RUC,"CREACION Y MEJORAMIENTO DEL SERVICIO DE CATASTRO EN DISTRITOS SELECCIONADOS DE LAS PROVINCIAS DE LIMA, LAMBAYEQUE, CHICLAYO Y PIURA"
ocds-dgv273-seacev3-1191909,ocds-dgv273-seacev3-1191909-2026-04-11T10:14:43.757895-05:00,PE-CONSUCODE-522,20198964558,PE-RUC,MUNICIPALIDAD DISTRITAL DE MARIA PARADO DE BELLIDO
ocds-dgv273-seacev3-1186652,ocds-dgv273-seacev3-1186652-2026-04-11T10:14:42.818732-05:00,PE-CONSUCODE-10552,20315880069,PE-RUC,GOBIERNO REGIONAL DE PIURA - GERENCIA SUBREGIONAL  LUCIANO CASTILLO COLONNA
ocds-dgv273-seacev3-2026-1878-3,ocds-dgv273-seacev3-2026-1878-3-2026-04-11T10:14:38.285201-05:00,PE-CONSUCODE-1878,20186751613,PE-RUC,MUNICIPALIDAD DISTRITAL DE SEPAHUA
ocds-dgv273-seacev3-2026-1878-2,ocds-dgv273-seacev3-2026-1878-2-2026-04-11T10:14:38.270127-05:00,PE-CONSUCODE-1878,20186751613,PE-RUC,MUNICIPALIDAD DISTRITAL DE SEPAHUA
ocds-dgv273-seacev3-2026-1502-1,ocds-dgv273-seacev3-2026-1502-1-2026-04-11T10:14:38.245951-05:00,PE-CONSUCODE-1502,20195103101,PE-RUC,MUNICIPALIDAD DISTRITAL DE PEBAS
ocds-dgv273-seacev3-2026-323-1,ocds-dgv273-seacev3-2026-323-1-2026-04-11T10:14:36.836755-05:00,PE-CONSUCODE-323,20148182869,PE-RUC,MUNICIPALIDAD DISTRITAL DE PICHIRHUA
ocds-dgv273-seacev3-2026-1597-2,ocds-dgv273-seacev3-2026-1597-2-2026-04-11T10:14:36.822101-05:00,PE-CONSUCODE-1597,20168891998,PE-RUC,MUNICIPALIDAD DISTRITAL DE MONTERO
ocds-dgv273-seacev3-1194009,ocds-dgv273-seacev3-1194009-2026-04-11T10:14:36.575344-05:00,PE-CONSUCODE-204672,20607004430,PE-RUC,"CREACION Y MEJORAMIENTO DEL SERVICIO DE CATASTRO EN DISTRITOS SELECCIONADOS DE LAS PROVINCIAS DE LIMA, LAMBAYEQUE, CHICLAYO Y PIURA"
ocds-dgv273-seacev3-1190905,ocds-dgv273-seacev3-1190905-2026-04-11T10:14:35.603067-05:00,PE-CONSUCODE-1317,20131377909,PE-RUC,MUNICIPALIDAD DISTRITAL DE EL AGUSTINO
ocds-dgv273-seacev3-2026-231729-2,ocds-dgv273-seacev3-2026-231729-2-2026-04-11T10:14:34.575416-05:00,PE-CONSUCODE-204672,20607004430,PE-RUC,"CREACION Y MEJORAMIENTO DEL SERVICIO DE CATASTRO EN DISTRITOS SELECCIONADOS DE LAS PROVINCIAS DE LIMA, LAMBAYEQUE, CHICLAYO Y PIURA"
ocds-dgv273-seacev3-1193541,ocds-dgv273-seacev3-1193541-2026-04-11T10:14:32.400896-05:00,PE-CONSUCODE-204672,20607004430,PE-RUC,"CREACION Y MEJORAMIENTO DEL SERVICIO DE CATASTRO EN DISTRITOS SELECCIONADOS DE LAS PROVINCIAS DE LIMA, LAMBAYEQUE, CHICLAYO Y PIURA"
ocds-dgv273-seacev3-1189171,ocds-dgv273-seacev3-1189171-2026-04-11T10:14:32.022142-05:00,PE-CONSUCODE-1499,20318420000,PE-RUC,MUNICIPALIDAD DISTRITAL DE SANTA CRUZ - ALTO AMAZONAS
ocds-dgv273-seacev3-2026-1039-5,ocds-dgv273-seacev3-2026-1039-5-2026-04-11T10:14:26.616155-05:00,PE-CONSUCODE-1039,20146898697,PE-RUC,MUNICIPALIDAD PROVINCIAL DE CHINCHA - CHINCHA ALTA
ocds-dgv273-seacev3-2026-349-5,ocds-dgv273-seacev3-2026-349-5-2026-04-11T10:14:26.555676-05:00,PE-CONSUCODE-349,20203837632,PE-RUC,MUNICIPALIDAD DISTRITAL DE OROPESA - ANTABAMBA
ocds-dgv273-seacev3-2026-10248-66,ocds-dgv273-seacev3-2026-10248-66-2026-04-11T10:14:24.462806-05:00,PE-CONSUCODE-10248,20153408191,PE-RUC,MARINA DE GUERRA DEL PERU
ocds-dgv273-seacev3-2026-440-3,ocds-dgv273-seacev3-2026-440-3-2026-04-11T10:14:22.673269-05:00,PE-CONSUCODE-440,20212025098,PE-RUC,MUNICIPALIDAD DISTRITAL DE CHALA
ocds-dgv273-seacev3-1189117,ocds-dgv273-seacev3-1189117-2026-04-11T10:14:22.605935-05:00,PE-CONSUCODE-270,20163065330,PE-RUC,MUNICIPALIDAD PROVINCIAL DE SANTA - CHIMBOTE
ocds-dgv273-seacev3-1193820,ocds-dgv273-seacev3-1193820-2026-04-11T10:14:22.551326-05:00,PE-CONSUCODE-204672,20607004430,PE-RUC,"CREACION Y MEJORAMIENTO DEL SERVICIO DE CATASTRO EN DISTRITOS SELECCIONADOS DE LAS PROVINCIAS DE LIMA, LAMBAYEQUE, CHICLAYO Y PIURA"
ocds-dgv273-seacev3-2026-144-3,ocds-dgv273-seacev3-2026-144-3-2026-04-11T10:14:22.389957-05:00,PE-CONSUCODE-144,20146917314,PE-RUC,MUNICIPALIDAD PROVINCIAL DE UTCUBAMBA - BAGUA GRANDE
ocds-dgv273-seacev3-2026-1917-3,ocds-dgv273-seacev3-2026-1917-3-2026-04-11T10:14:22.290999-05:00,PE-CONSUCODE-1917,20131057823,PE-RUC,SUPERINTENDENCIA NACIONAL DE BIENES ESTATALES
ocds-dgv273-seacev3-1188976,ocds-dgv273-seacev3-1188976-2026-04-11T10:14:22.225275-05:00,PE-CONSUCODE-203286,20487671097,PE-RUC,GOBIERNO REGIONAL DE AMAZONAS  - DIRECCION DE RED DE SALUD CONDORCANQUI
ocds-dgv273-seacev3-1189779,ocds-dgv273-seacev3-1189779-2026-04-11T10:14:21.641460-05:00,PE-CONSUCODE-1496,20176689359,PE-RUC,MUNICIPALIDAD DISTRITAL DE MANSERICHE
ocds-dgv273-seacev3-1188641,ocds-dgv273-seacev3-1188641-2026-04-11T10:14:20.540462-05:00,PE-CONSUCODE-203686,20601845335,PE-RUC,GOBIERNO REGIONAL DE UCAYALI RED DE SALUD N° 01 CORONEL PORTILLO
ocds-dgv273-seacev3-2026-1199-1,ocds-dgv273-seacev3-2026-1199-1-2026-04-11T10:14:20.484352-05:00,PE-CONSUCODE-1199,20195198994,PE-RUC,MUNICIPALIDAD DISTRITAL DE SIMBAL
ocds-dgv273-seacev3-1188139,ocds-dgv273-seacev3-1188139-2026-04-11T10:14:20.262225-05:00,PE-CONSUCODE-1717,20156602524,PE-RUC,MUNICIPALIDAD DISTRITAL DE MACARI
ocds-dgv273-seacev3-2026-1301-11,ocds-dgv273-seacev3-2026-1301-11-2026-04-11T10:14:19.547206-05:00,PE-CONSUCODE-1301,20162368703,PE-RUC,MUNICIPALIDAD DISTRITAL DE MOTUPE
ocds-dgv273-seacev3-2026-161-6,ocds-dgv273-seacev3-2026-161-6-2026-04-11T10:14:19.489902-05:00,PE-CONSUCODE-161,20211220253,PE-RUC,MUNICIPALIDAD DISTRITAL DE TARICA
ocds-dgv273-seacev3-1186375,ocds-dgv273-seacev3-1186375-2026-04-11T10:14:19.380355-05:00,PE-CONSUCODE-1603,20147026529,PE-RUC,MUNICIPALIDAD PROVINCIAL DE HUANCABAMBA
ocds-dgv273-seacev3-2026-200498-2,ocds-dgv273-seacev3-2026-200498-2-2026-04-11T10:14:15.746790-05:00,PE-CONSUCODE-200498,20534750430,PE-RUC,CORTE SUPERIOR DE JUSTICIA DE ICA
ocds-dgv273-seacev3-1189977,ocds-dgv273-seacev3-1189977-2026-04-11T10:14:15.084248-05:00,PE-CONSUCODE-1833,20147797100,PE-RUC,MUNICIPALIDAD PROVINCIAL DE TACNA
ocds-dgv273-seacev3-1190448,ocds-dgv273-seacev3-1190448-2026-04-11T10:14:14.840491-05:00,PE-CONSUCODE-1678,20206921898,PE-RUC,MUNICIPALIDAD PROVINCIAL DE CARABAYA - MACUSANI
ocds-dgv273-seacev3-2026-231729-3,ocds-dgv273-seacev3-2026-231729-3-2026-04-11T10:14:13.491356-05:00,PE-CONSUCODE-204672,20607004430,PE-RUC,"CREACION Y MEJORAMIENTO DEL SERVICIO DE CATASTRO EN DISTRITOS SELECCIONADOS DE LAS PROVINCIAS DE LIMA, LAMBAYEQUE, CHICLAYO Y PIURA"
ocds-dgv273-seacev3-1193381,ocds-dgv273-seacev3-1193381-2026-04-11T10:14:11.212822-05:00,PE-CONSUCODE-204672,20607004430,PE-RUC,"CREACION Y MEJORAMIENTO DEL SERVICIO DE CATASTRO EN DISTRITOS SELECCIONADOS DE LAS PROVINCIAS DE LIMA, LAMBAYEQUE, CHICLAYO Y PIURA"
ocds-dgv273-seacev3-1189881,ocds-dgv273-seacev3-1189881-2026-04-11T10:14:10.464061-05:00,PE-CONSUCODE-20002,20172772278,PE-RUC,GOBIERNO REGIONAL DE AYACUCHO - HOSPITAL HUAMANGA
ocds-dgv273-seacev3-1188873,ocds-dgv273-seacev3-1188873-2026-04-11T10:14:09.544378-05:00,PE-CONSUCODE-203286,20487671097,PE-RUC,GOBIERNO REGIONAL DE AMAZONAS  - DIRECCION DE RED DE SALUD CONDORCANQUI
ocds-dgv273-seacev3-1186237,ocds-dgv273-seacev3-1186237-2026-04-11T10:14:08.876199-05:00,PE-CONSUCODE-1201,20170044844,PE-RUC,MUNICIPALIDAD DISTRITAL DE FLORENCIA DE MORA
ocds-dgv273-seacev3-2026-10159-5,ocds-dgv273-seacev3-2026-10159-5-2026-04-11T10:14:02.999667-05:00,PE-CONSUCODE-10159,20428696515,PE-RUC,POLICÍA NACIONAL DEL PERÚ - DIRECCIÓN DE AVIACIÓN
ocds-dgv273-seacev3-1188723,ocds-dgv273-seacev3-1188723-2026-04-11T10:14:02.355774-05:00,PE-CONSUCODE-1234,20187651361,PE-RUC,MUNICIPALIDAD DISTRITAL DE CHILIA
ocds-dgv273-seacev3-1190052,ocds-dgv273-seacev3-1190052-2026-04-11T10:14:02.057644-05:00,PE-CONSUCODE-822,20317337150,PE-RUC,MUNICIPALIDAD DISTRITAL DE PICHARI
ocds-dgv273-seacev3-1189069,ocds-dgv273-seacev3-1189069-2026-04-11T10:13:59.727434-05:00,PE-CONSUCODE-203286,20487671097,PE-RUC,GOBIERNO REGIONAL DE AMAZONAS  - DIRECCION DE RED DE SALUD CONDORCANQUI
ocds-dgv273-seacev3-2026-1153-1,ocds-dgv273-seacev3-2026-1153-1-2026-04-11T10:13:59.658094-05:00,PE-CONSUCODE-1153,20177653889,PE-RUC,MUNICIPALIDAD DISTRITAL DE ONDORES
ocds-dgv273-seacev3-1188295,ocds-dgv273-seacev3-1188295-2026-04-11T10:13:56.587948-05:00,PE-CONSUCODE-41,20486021692,PE-RUC,GOBIERNO REGIONAL DE JUNIN SEDE CENTRAL
ocds-dgv273-seacev3-1186403,ocds-dgv273-seacev3-1186403-2026-04-11T10:13:56.554783-05:00,PE-CONSUCODE-10552,20315880069,PE-RUC,GOBIERNO REGIONAL DE PIURA - GERENCIA SUBREGIONAL  LUCIANO CASTILLO COLONNA
ocds-dgv273-seacev3-1185704,ocds-dgv273-seacev3-1185704-2026-04-11T10:13:56.199999-05:00,PE-CONSUCODE-1825,20488965701,PE-RUC,MUNICIPALIDAD DISTRITAL DE POLVORA
ocds-dgv273-seacev3-1187678,ocds-dgv273-seacev3-1187678-2026-04-11T10:13:56.143439-05:00,PE-CONSUCODE-200430,20494013453,PE-RUC,GOBIERNO REGIONAL DE SAN MARTIN - UNIDAD EJECUTORA HOSPITAL II-2 TARAPOTO
ocds-dgv273-seacev3-1186271,ocds-dgv273-seacev3-1186271-2026-04-11T10:13:56.127970-05:00,PE-CONSUCODE-1603,20147026529,PE-RUC,MUNICIPALIDAD PROVINCIAL DE HUANCABAMBA
ocds-dgv273-seacev3-1187482,ocds-dgv273-seacev3-1187482-2026-04-11T10:13:56.112536-05:00,PE-CONSUCODE-200430,20494013453,PE-RUC,GOBIERNO REGIONAL DE SAN MARTIN - UNIDAD EJECUTORA HOSPITAL II-2 TARAPOTO
ocds-dgv273-seacev3-2026-941-4,ocds-dgv273-seacev3-2026-941-4-2026-04-10T10:15:56.056802-05:00,PE-CONSUCODE-941,20165762470,PE-RUC,MUNICIPALIDAD PROVINCIAL DE CHURCAMPA
ocds-dgv273-seacev3-1190141,ocds-dgv273-seacev3-1190141-2026-04-10T10:15:55.976208-05:00,PE-CONSUCODE-20002,20172772278,PE-RUC,GOBIERNO REGIONAL DE AYACUCHO - HOSPITAL HUAMANGA
ocds-dgv273-seacev3-1191286,ocds-dgv273-seacev3-1191286-2026-04-10T10:15:55.396271-05:00,PE-CONSUCODE-1496,20176689359,PE-RUC,MUNICIPALIDAD DISTRITAL DE MANSERICHE
ocds-dgv273-seacev3-1199361,ocds-dgv273-seacev3-1199361-2026-04-10T10:15:53.813393-05:00,PE-CONSUCODE-519,20143166717,PE-RUC,MUNICIPALIDAD PROVINCIAL DE CANGALLO
ocds-dgv273-seacev3-1191250,ocds-dgv273-seacev3-1191250-2026-04-10T10:15:52.908506-05:00,PE-CONSUCODE-200096,20519610214,PE-RUC,MUNICIPALIDAD DISTRITAL DE CORONEL GREGORIO ALBARRACIN LANCHIPA
ocds-dgv273-seacev3-2026-374-46,ocds-dgv273-seacev3-2026-374-46-2026-04-10T10:15:52.759889-05:00,PE-CONSUCODE-374,20288774553,PE-RUC,MUNICIPALIDAD DISTRITAL DE CHALLHUAHUACHO
ocds-dgv273-seacev3-1191383,ocds-dgv273-seacev3-1191383-2026-04-10T10:15:52.122224-05:00,PE-CONSUCODE-1089,20199818351,PE-RUC,MUNICIPALIDAD DISTRITAL DE SAN AGUSTIN DE CAJAS
ocds-dgv273-seacev3-1186610,ocds-dgv273-seacev3-1186610-2026-04-10T10:15:51.193584-05:00,PE-CONSUCODE-1267,20184048427,PE-RUC,MUNICIPALIDAD PROVINCIAL DE GRAN CHIMU - CASCAS
ocds-dgv273-seacev3-1187058,ocds-dgv273-seacev3-1187058-2026-04-10T10:15:51.059822-05:00,PE-CONSUCODE-1784,20148170933,PE-RUC,MUNICIPALIDAD PROVINCIAL DE RIOJA
ocds-dgv273-seacev3-2026-200025-2,ocds-dgv273-seacev3-2026-200025-2-2026-04-10T10:15:50.567193-05:00,PE-CONSUCODE-200025,20207553698,PE-RUC,PROGRAMA NACIONAL DE SANEAMIENTO URBANO
ocds-dgv273-seacev3-1186603,ocds-dgv273-seacev3-1186603-2026-04-10T10:15:50.539162-05:00,PE-CONSUCODE-1267,20184048427,PE-RUC,MUNICIPALIDAD PROVINCIAL DE GRAN CHIMU - CASCAS
ocds-dgv273-seacev3-1191009,ocds-dgv273-seacev3-1191009-2026-04-10T10:15:46.130449-05:00,PE-CONSUCODE-805,20147346434,PE-RUC,MUNICIPALIDAD PROVINCIAL DE ESPINAR
ocds-dgv273-seacev3-2026-200374-7,ocds-dgv273-seacev3-2026-200374-7-2026-04-10T10:15:45.617191-05:00,PE-CONSUCODE-200374,20450381731,PE-RUC,INSTITUTO VIAL PROVINCIAL MUNICIPAL DE PICOTA
ocds-dgv273-seacev3-1191285,ocds-dgv273-seacev3-1191285-2026-04-10T10:15:45.195479-05:00,PE-CONSUCODE-1496,20176689359,PE-RUC,MUNICIPALIDAD DISTRITAL DE MANSERICHE
ocds-dgv273-seacev3-2026-374-3,ocds-dgv273-seacev3-2026-374-3-2026-04-10T10:15:43.355944-05:00,PE-CONSUCODE-374,20288774553,PE-RUC,MUNICIPALIDAD DISTRITAL DE CHALLHUAHUACHO
ocds-dgv273-seacev3-1189868,ocds-dgv273-seacev3-1189868-2026-04-10T10:15:42.650777-05:00,PE-CONSUCODE-43,20479569780,PE-RUC,GOBIERNO REGIONAL DE LAMBAYEQUE SEDE CENTRAL
ocds-dgv273-seacev3-1189741,ocds-dgv273-seacev3-1189741-2026-04-10T10:15:42.313503-05:00,PE-CONSUCODE-1513,20206075997,PE-RUC,MUNICIPALIDAD DISTRITAL DE EMILIO SAN MARTIN
ocds-dgv273-seacev3-1187083,ocds-dgv273-seacev3-1187083-2026-04-10T10:15:38.945615-05:00,PE-CONSUCODE-270,20163065330,PE-RUC,MUNICIPALIDAD PROVINCIAL DE SANTA - CHIMBOTE
ocds-dgv273-seacev3-1190554,ocds-dgv273-seacev3-1190554-2026-04-10T10:15:33.590596-05:00,PE-CONSUCODE-855,20200737211,PE-RUC,MUNICIPALIDAD DISTRITAL DE OLLANTAYTAMBO
ocds-dgv273-seacev3-1189326,ocds-dgv273-seacev3-1189326-2026-04-10T10:15:33.251522-05:00,PE-CONSUCODE-200130,20393127431,PE-RUC,GOBIERNO REGIONAL DE UCAYALI - DIRECCION DE SALUD Nº 3 ATALAYA
ocds-dgv273-seacev3-1190140,ocds-dgv273-seacev3-1190140-2026-04-10T10:15:33.081287-05:00,PE-CONSUCODE-20002,20172772278,PE-RUC,GOBIERNO REGIONAL DE AYACUCHO - HOSPITAL HUAMANGA
ocds-dgv273-seacev3-2026-1264-3,ocds-dgv273-seacev3-2026-1264-3-2026-04-10T10:15:32.734744-05:00,PE-CONSUCODE-1264,20210717731,PE-RUC,MUNICIPALIDAD DISTRITAL DE CALAMARCA
ocds-dgv273-seacev3-1191989,ocds-dgv273-seacev3-1191989-2026-04-10T10:15:31.499375-05:00,PE-CONSUCODE-749,20177217043,PE-RUC,MUNICIPALIDAD PROVINCIAL DEL CUSCO
ocds-dgv273-seacev3-1188687,ocds-dgv273-seacev3-1188687-2026-04-10T10:15:31.252432-05:00,PE-CONSUCODE-424,20311886879,PE-RUC,MUNICIPALIDAD DISTRITAL DE ALTO SELVA ALEGRE
ocds-dgv273-seacev3-1189402,ocds-dgv273-seacev3-1189402-2026-04-10T10:15:29.486589-05:00,PE-CONSUCODE-920,20232724588,PE-RUC,MUNICIPALIDAD DISTRITAL DE SURCUBAMBA
ocds-dgv273-seacev3-1191260,ocds-dgv273-seacev3-1191260-2026-04-10T10:15:29.073322-05:00,PE-CONSUCODE-822,20317337150,PE-RUC,MUNICIPALIDAD DISTRITAL DE PICHARI
ocds-dgv273-seacev3-2026-1777-1,ocds-dgv273-seacev3-2026-1777-1-2026-04-10T10:15:28.478974-05:00,PE-CONSUCODE-1777,20531292341,PE-RUC,MUNICIPALIDAD DISTRITAL DE TABALOSOS
ocds-dgv273-seacev3-1187522,ocds-dgv273-seacev3-1187522-2026-04-10T10:15:28.445346-05:00,PE-CONSUCODE-1341,20131372427,PE-RUC,MUNICIPALIDAD DISTRITAL DE SAN MARTIN DE PORRES
ocds-dgv273-seacev3-1188089,ocds-dgv273-seacev3-1188089-2026-04-10T10:15:27.966772-05:00,PE-CONSUCODE-10567,20221107137,PE-RUC,GOBIERNO REGIONAL DE PUNO-AGRICULTURA
ocds-dgv273-seacev3-1187353,ocds-dgv273-seacev3-1187353-2026-04-10T10:15:27.848164-05:00,PE-CONSUCODE-1094,20172752323,PE-RUC,MUNICIPALIDAD DISTRITAL DE SICAYA
ocds-dgv273-seacev3-1203897,ocds-dgv273-seacev3-1203897-2026-04-10T10:15:22.803890-05:00,PE-CONSUCODE-519,20143166717,PE-RUC,MUNICIPALIDAD PROVINCIAL DE CANGALLO
ocds-dgv273-seacev3-1191733,ocds-dgv273-seacev3-1191733-2026-04-10T10:15:22.739078-05:00,PE-CONSUCODE-1271,20166028842,PE-RUC,MUNICIPALIDAD PROVINCIAL DE VIRU
ocds-dgv273-seacev3-1190009,ocds-dgv273-seacev3-1190009-2026-04-10T10:15:22.214576-05:00,PE-CONSUCODE-749,20177217043,PE-RUC,MUNICIPALIDAD PROVINCIAL DEL CUSCO
ocds-dgv273-seacev3-2026-1898-12,ocds-dgv273-seacev3-2026-1898-12-2026-04-10T10:15:21.957919-05:00,PE-CONSUCODE-1898,20138705944,PE-RUC,UNIVERSIDAD NACIONAL DEL CALLAO
ocds-dgv273-seacev3-2026-200077-1,ocds-dgv273-seacev3-2026-200077-1-2026-04-10T10:15:19.520299-05:00,PE-CONSUCODE-200077,20531320060,PE-RUC,GOBIERNO REGIONAL DE SAN MARTÍN-SALUD ALTO MAYO
ocds-dgv273-seacev3-2026-1607-1,ocds-dgv273-seacev3-2026-1607-1-2026-04-10T10:15:17.418605-05:00,PE-CONSUCODE-1607,20172619241,PE-RUC,MUNICIPALIDAD DISTRITAL DE HUARMACA
ocds-dgv273-seacev3-2026-1784-17,ocds-dgv273-seacev3-2026-1784-17-2026-04-10T10:15:16.547069-05:00,PE-CONSUCODE-1784,20148170933,PE-RUC,MUNICIPALIDAD PROVINCIAL DE RIOJA
ocds-dgv273-seacev3-1187317,ocds-dgv273-seacev3-1187317-2026-04-10T10:15:16.232505-05:00,PE-CONSUCODE-43,20479569780,PE-RUC,GOBIERNO REGIONAL DE LAMBAYEQUE SEDE CENTRAL
ocds-dgv273-seacev3-1191278,ocds-dgv273-seacev3-1191278-2026-04-10T10:15:11.229251-05:00,PE-CONSUCODE-1226,20203917407,PE-RUC,MUNICIPALIDAD DISTRITAL DE USQUIL
ocds-dgv273-seacev3-1191703,ocds-dgv273-seacev3-1191703-2026-04-10T10:15:11.144910-05:00,PE-CONSUCODE-43,20479569780,PE-RUC,GOBIERNO REGIONAL DE LAMBAYEQUE SEDE CENTRAL
ocds-dgv273-seacev3-2026-374-21,ocds-dgv273-seacev3-2026-374-21-2026-04-10T10:15:10.648678-05:00,PE-CONSUCODE-374,20288774553,PE-RUC,MUNICIPALIDAD DISTRITAL DE CHALLHUAHUACHO
ocds-dgv273-seacev3-1190413,ocds-dgv273-seacev3-1190413-2026-04-10T10:15:10.356339-05:00,PE-CONSUCODE-1324,20131371455,PE-RUC,MUNICIPALIDAD DISTRITAL DE LURIGANCHO (CHOSICA)
ocds-dgv273-seacev3-1190136,ocds-dgv273-seacev3-1190136-2026-04-10T10:15:07.211017-05:00,PE-CONSUCODE-51,20519752515,PE-RUC,GOBIERNO REGIONAL DE TACNA SEDE CENTRAL
ocds-dgv273-seacev3-1185712,ocds-dgv273-seacev3-1185712-2026-04-10T10:15:06.867775-05:00,PE-CONSUCODE-200286,20491553791,PE-RUC,GOBIERNO REGIONAL DE CAJAMARCA UNIDAD EJECUTORA PROGRAMAS REGIONALES - PROREGION
ocds-dgv273-seacev3-2026-200501-4,ocds-dgv273-seacev3-2026-200501-4-2026-04-10T10:15:05.971759-05:00,PE-CONSUCODE-200501,20550734223,PE-RUC,CORTE SUPERIOR DE JUSTICIA DE LIMA NORTE
ocds-dgv273-seacev3-2026-1593-4,ocds-dgv273-seacev3-2026-1593-4-2026-04-10T10:15:05.956301-05:00,PE-CONSUCODE-1593,20161350461,PE-RUC,MUNICIPALIDAD PROVINCIAL DE AYABACA
ocds-dgv273-seacev3-2026-168715-8,ocds-dgv273-seacev3-2026-168715-8-2026-04-10T10:15:05.866749-05:00,PE-CONSUCODE-203688,20602114075,PE-RUC,GOBIERNO REGIONAL DEL CUSCO UNIDAD EJECUTORA 411 SALUD CHUMBIVILCAS
ocds-dgv273-seacev3-1187955,ocds-dgv273-seacev3-1187955-2026-04-10T10:15:04.627078-05:00,PE-CONSUCODE-1899,20145561095,PE-RUC,UNIVERSIDAD NACIONAL DEL CENTRO DEL PERU
ocds-dgv273-seacev3-1185759,ocds-dgv273-seacev3-1185759-2026-04-10T10:15:04.435658-05:00,PE-CONSUCODE-724,20200367376,PE-RUC,MUNICIPALIDAD PROVINCIAL DE SANTA CRUZ
ocds-dgv273-seacev3-1190746,ocds-dgv273-seacev3-1190746-2026-04-10T10:15:00.352519-05:00,PE-CONSUCODE-1839,20147796987,PE-RUC,MUNICIPALIDAD DISTRITAL DE POCOLLAY
ocds-dgv273-seacev3-2026-200374-6,ocds-dgv273-seacev3-2026-200374-6-2026-04-10T10:14:59.532756-05:00,PE-CONSUCODE-200374,20450381731,PE-RUC,INSTITUTO VIAL PROVINCIAL MUNICIPAL DE PICOTA
ocds-dgv273-seacev3-2026-200374-2,ocds-dgv273-seacev3-2026-200374-2-2026-04-10T10:14:59.517470-05:00,PE-CONSUCODE-200374,20450381731,PE-RUC,INSTITUTO VIAL PROVINCIAL MUNICIPAL DE PICOTA
ocds-dgv273-seacev3-1192005,ocds-dgv273-seacev3-1192005-2026-04-10T10:14:58.247206-05:00,PE-CONSUCODE-749,20177217043,PE-RUC,MUNICIPALIDAD PROVINCIAL DEL CUSCO
ocds-dgv273-seacev3-1191537,ocds-dgv273-seacev3-1191537-2026-04-10T10:14:58.089446-05:00,PE-CONSUCODE-702,20143189091,PE-RUC,MUNICIPALIDAD DISTRITAL DE HUARANGO
ocds-dgv273-seacev3-2026-816-8,ocds-dgv273-seacev3-2026-816-8-2026-04-10T10:14:57.234385-05:00,PE-CONSUCODE-816,20166106746,PE-RUC,MUNICIPALIDAD DISTRITAL DE MARANURA
ocds-dgv273-seacev3-1191855,ocds-dgv273-seacev3-1191855-2026-04-10T10:14:57.099416-05:00,PE-CONSUCODE-822,20317337150,PE-RUC,MUNICIPALIDAD DISTRITAL DE PICHARI
ocds-dgv273-seacev3-1190762,ocds-dgv273-seacev3-1190762-2026-04-10T10:14:56.900837-05:00,PE-CONSUCODE-842,20226560824,PE-RUC,MUNICIPALIDAD DISTRITAL DE CCATCCA
ocds-dgv273-seacev3-1191927,ocds-dgv273-seacev3-1191927-2026-04-10T10:14:55.405510-05:00,PE-CONSUCODE-1972,20131365994,PE-RUC,INSTITUTO NACIONAL DE INNOVACION AGRARIA - INIA
ocds-dgv273-seacev3-1189163,ocds-dgv273-seacev3-1189163-2026-04-10T10:14:55.037804-05:00,PE-CONSUCODE-634,20191948093,PE-RUC,MUNICIPALIDAD DISTRITAL DE HUASMIN
ocds-dgv273-seacev3-2026-10141-52,ocds-dgv273-seacev3-2026-10141-52-2026-04-10T10:14:54.598170-05:00,PE-CONSUCODE-10141,20339267821,PE-RUC,COMISIÓN NACIONAL PARA EL DESARROLLO Y VIDA SIN DROGAS - DEVIDA
ocds-dgv273-seacev3-1188298,ocds-dgv273-seacev3-1188298-2026-04-10T10:14:48.011962-05:00,PE-CONSUCODE-1025,20142167744,PE-RUC,MUNICIPALIDAD PROVINCIAL DE ICA
ocds-dgv273-seacev3-2026-200374-9,ocds-dgv273-seacev3-2026-200374-9-2026-04-10T10:14:46.413503-05:00,PE-CONSUCODE-200374,20450381731,PE-RUC,INSTITUTO VIAL PROVINCIAL MUNICIPAL DE PICOTA
ocds-dgv273-seacev3-1189559,ocds-dgv273-seacev3-1189559-2026-04-10T10:14:46.151993-05:00,PE-CONSUCODE-10403,20185898343,PE-RUC,GOBIERNO REGIONAL DE APURIMAC-CHANKA
ocds-dgv273-seacev3-1199289,ocds-dgv273-seacev3-1199289-2026-04-10T10:14:45.508910-05:00,PE-CONSUCODE-1326,20131376848,PE-RUC,MUNICIPALIDAD DISTRITAL DE MAGDALENA DEL MAR
ocds-dgv273-seacev3-2026-1952-26,ocds-dgv273-seacev3-2026-1952-26-2026-04-10T10:14:45.054393-05:00,PE-CONSUCODE-1952,20419026809,PE-RUC,ORGANISMO ESPECIALIZADO PARA LAS CONTRATACIONES PUBLICAS EFICIENTES
ocds-dgv273-seacev3-2026-200374-3,ocds-dgv273-seacev3-2026-200374-3-2026-04-10T10:14:43.457132-05:00,PE-CONSUCODE-200374,20450381731,PE-RUC,INSTITUTO VIAL PROVINCIAL MUNICIPAL DE PICOTA
ocds-dgv273-seacev3-2026-488-1,ocds-dgv273-seacev3-2026-488-1-2026-04-10T10:14:43.027826-05:00,PE-CONSUCODE-488,20166164789,PE-RUC,MUNICIPALIDAD PROVINCIAL DE ISLAY - MOLLENDO
ocds-dgv273-seacev3-1186035,ocds-dgv273-seacev3-1186035-2026-04-10T10:14:41.691309-05:00,PE-CONSUCODE-244,20286854673,PE-RUC,MUNICIPALIDAD DISTRITAL DE ELEAZAR GUZMAN BARRON
ocds-dgv273-seacev3-1186164,ocds-dgv273-seacev3-1186164-2026-04-10T10:14:41.139912-05:00,PE-CONSUCODE-1916,20171781648,PE-RUC,INSTITUTO DE INVESTIGACIONES DE LA AMAZONIA PERUANA - I.I.A.P.
ocds-dgv273-seacev3-1186465,ocds-dgv273-seacev3-1186465-2026-04-10T10:14:41.045686-05:00,PE-CONSUCODE-651,20174691267,PE-RUC,MUNICIPALIDAD PROVINCIAL DE CUTERVO
ocds-dgv273-seacev3-2026-1473-3,ocds-dgv273-seacev3-2026-1473-3-2026-04-09T10:18:23.389556-05:00,PE-CONSUCODE-1473,20173189932,PE-RUC,MUNICIPALIDAD PROVINCIAL DE OYON
ocds-dgv273-seacev3-2026-1473-2,ocds-dgv273-seacev3-2026-1473-2-2026-04-09T10:18:23.371293-05:00,PE-CONSUCODE-1473,20173189932,PE-RUC,MUNICIPALIDAD PROVINCIAL DE OYON
ocds-dgv273-seacev3-1190444,ocds-dgv273-seacev3-1190444-2026-04-09T10:18:23.104993-05:00,PE-CONSUCODE-10549,20194048034,PE-RUC,GOBIERNO REGIONAL DE PASCO-SALUD AIS HOSPITAL DANIEL A.CARRION
ocds-dgv273-seacev3-1189506,ocds-dgv273-seacev3-1189506-2026-04-09T10:18:22.223443-05:00,PE-CONSUCODE-200432,20534461322,PE-RUC,MUNICIPALIDAD DISTRITAL DE SAMUGARI
ocds-dgv273-seacev3-1189787,ocds-dgv273-seacev3-1189787-2026-04-09T10:18:21.385627-05:00,PE-CONSUCODE-822,20317337150,PE-RUC,MUNICIPALIDAD DISTRITAL DE PICHARI
ocds-dgv273-seacev3-1188081,ocds-dgv273-seacev3-1188081-2026-04-09T10:18:18.143805-05:00,PE-CONSUCODE-10359,20148168955,PE-RUC,GOBIERNO REGIONAL DE SAN MARTIN - PROYECTO ESPECIAL HUALLAGA CENTRAL Y BAJO MAYO
ocds-dgv273-seacev3-2026-1673-1,ocds-dgv273-seacev3-2026-1673-1-2026-04-09T10:18:17.049370-05:00,PE-CONSUCODE-1673,20193989439,PE-RUC,MUNICIPALIDAD DISTRITAL DE SAN ANTON
ocds-dgv273-seacev3-1187635,ocds-dgv273-seacev3-1187635-2026-04-09T10:18:16.923794-05:00,PE-CONSUCODE-2433,20100128218,PE-RUC,PETROLEOS DEL PERU S.A.
ocds-dgv273-seacev3-1191261,ocds-dgv273-seacev3-1191261-2026-04-09T10:18:11.442966-05:00,PE-CONSUCODE-200096,20519610214,PE-RUC,MUNICIPALIDAD DISTRITAL DE CORONEL GREGORIO ALBARRACIN LANCHIPA
ocds-dgv273-seacev3-1189129,ocds-dgv273-seacev3-1189129-2026-04-09T10:18:02.427596-05:00,PE-CONSUCODE-1681,20159410499,PE-RUC,MUNICIPALIDAD DISTRITAL DE COAZA
ocds-dgv273-seacev3-1189400,ocds-dgv273-seacev3-1189400-2026-04-09T10:18:02.329855-05:00,PE-CONSUCODE-920,20232724588,PE-RUC,MUNICIPALIDAD DISTRITAL DE SURCUBAMBA
ocds-dgv273-seacev3-2026-1747-11,ocds-dgv273-seacev3-2026-1747-11-2026-04-09T10:18:02.177063-05:00,PE-CONSUCODE-1747,20181438364,PE-RUC,MUNICIPALIDAD PROVINCIAL DE EL COLLAO - ILAVE
ocds-dgv273-seacev3-1190534,ocds-dgv273-seacev3-1190534-2026-04-09T10:18:01.981775-05:00,PE-CONSUCODE-2388,20121796857,PE-RUC,SERVICIO DE AGUA POTABLE Y ALCANTARILLADO MUNICIPAL DE HUANCAYO
ocds-dgv273-seacev3-2026-10247-40,ocds-dgv273-seacev3-2026-10247-40-2026-04-09T10:18:01.893062-05:00,PE-CONSUCODE-10247,20131369124,PE-RUC,EJERCITO PERUANO
ocds-dgv273-seacev3-1197875,ocds-dgv273-seacev3-1197875-2026-04-09T10:18:00.879020-05:00,PE-CONSUCODE-218,20200033249,PE-RUC,MUNICIPALIDAD DISTRITAL DE HUANTAR
ocds-dgv273-seacev3-1190458,ocds-dgv273-seacev3-1190458-2026-04-09T10:18:00.616367-05:00,PE-CONSUCODE-49,20406325815,PE-RUC,GOBIERNO REGIONAL DE PUNO SEDE CENTRAL
ocds-dgv273-seacev3-2026-191147-1,ocds-dgv273-seacev3-2026-191147-1-2026-04-09T10:18:00.600325-05:00,PE-CONSUCODE-204266,20603799373,PE-RUC,SERVICIOS DE SANEAMIENTO TUMBES
ocds-dgv273-seacev3-1189169,ocds-dgv273-seacev3-1189169-2026-04-09T10:18:00.451240-05:00,PE-CONSUCODE-1337,20130534211,PE-RUC,MUNICIPALIDAD DISTRITAL DE SAN ISIDRO - LIMA
ocds-dgv273-seacev3-1191830,ocds-dgv273-seacev3-1191830-2026-04-09T10:18:00.272349-05:00,PE-CONSUCODE-1495,20197990938,PE-RUC,MUNICIPALIDAD DISTRITAL DE LAGUNAS - ALTO AMAZONAS
ocds-dgv273-seacev3-1190492,ocds-dgv273-seacev3-1190492-2026-04-09T10:18:00.133342-05:00,PE-CONSUCODE-754,20159308961,PE-RUC,MUNICIPALIDAD DISTRITAL DE SAN SEBASTIAN
ocds-dgv273-seacev3-1190332,ocds-dgv273-seacev3-1190332-2026-04-09T10:18:00.117321-05:00,PE-CONSUCODE-1326,20131376848,PE-RUC,MUNICIPALIDAD DISTRITAL DE MAGDALENA DEL MAR
ocds-dgv273-seacev3-1191605,ocds-dgv273-seacev3-1191605-2026-04-09T10:17:58.933569-05:00,PE-CONSUCODE-369,20161096068,PE-RUC,MUNICIPALIDAD PROVINCIAL DE COTABAMBAS - TAMBOBAMBA
ocds-dgv273-seacev3-1189303,ocds-dgv273-seacev3-1189303-2026-04-09T10:17:58.801907-05:00,PE-CONSUCODE-10553,20315959595,PE-RUC,GOBIERNO REGIONAL DE PIURA - DIRECCIÓN  REGIONAL DE AGRICULTURA
ocds-dgv273-seacev3-2026-623-2,ocds-dgv273-seacev3-2026-623-2-2026-04-09T10:17:58.094935-05:00,PE-CONSUCODE-623,20221772220,PE-RUC,MUNICIPALIDAD DISTRITAL DE MATARA
ocds-dgv273-seacev3-1191459,ocds-dgv273-seacev3-1191459-2026-04-09T10:17:57.685431-05:00,PE-CONSUCODE-1947,20307167442,PE-RUC,COMISION DE PROMOCION DEL PERU PARA LA EXPORTACION Y EL TURISMO - PROMPERU
ocds-dgv273-seacev3-2026-1514-5,ocds-dgv273-seacev3-2026-1514-5-2026-04-09T10:17:56.960149-05:00,PE-CONSUCODE-1514,20199428994,PE-RUC,MUNICIPALIDAD DISTRITAL DE MAQUIA
ocds-dgv273-seacev3-2026-1016-1,ocds-dgv273-seacev3-2026-1016-1-2026-04-09T10:17:56.753045-05:00,PE-CONSUCODE-1016,20178524349,PE-RUC,MUNICIPALIDAD DISTRITAL DE CHACABAMBA
ocds-dgv273-seacev3-1189935,ocds-dgv273-seacev3-1189935-2026-04-09T10:17:56.581841-05:00,PE-CONSUCODE-1495,20197990938,PE-RUC,MUNICIPALIDAD DISTRITAL DE LAGUNAS - ALTO AMAZONAS
ocds-dgv273-seacev3-1187510,ocds-dgv273-seacev3-1187510-2026-04-09T10:17:56.193365-05:00,PE-CONSUCODE-214,20198250199,PE-RUC,MUNICIPALIDAD DISTRITAL DE CHAVIN DE HUANTAR
ocds-dgv273-seacev3-2026-1003042270-3,ocds-dgv273-seacev3-2026-1003042270-3-2026-04-09T10:17:55.964220-05:00,PE-CONSUCODE-205410,20612415413,PE-RUC,GOBIERNO REGIONAL DE PUNO - SALUD SAN ANTONIO DE PUTINA
ocds-dgv273-seacev3-1186155,ocds-dgv273-seacev3-1186155-2026-04-09T10:17:55.614525-05:00,PE-CONSUCODE-1584,20154477374,PE-RUC,MUNICIPALIDAD PROVINCIAL DE PIURA
ocds-dgv273-seacev3-1190218,ocds-dgv273-seacev3-1190218-2026-04-09T10:17:51.816444-05:00,PE-CONSUCODE-1825,20488965701,PE-RUC,MUNICIPALIDAD DISTRITAL DE POLVORA
ocds-dgv273-seacev3-2026-200322-8,ocds-dgv273-seacev3-2026-200322-8-2026-04-09T10:17:50.783367-05:00,PE-CONSUCODE-200322,20393573725,PE-RUC,GOBIERNO REGIONAL DE UCAYALI - RED DE SALUD Nº 04 - AGUAYTIA- SAN ALEJANDRO
ocds-dgv273-seacev3-2026-1478-3,ocds-dgv273-seacev3-2026-1478-3-2026-04-09T10:17:50.137527-05:00,PE-CONSUCODE-1478,20179697069,PE-RUC,MUNICIPALIDAD DISTRITAL DE PACHANGARA
ocds-dgv273-seacev3-1189499,ocds-dgv273-seacev3-1189499-2026-04-09T10:17:48.992517-05:00,PE-CONSUCODE-1509,20197978725,PE-RUC,MUNICIPALIDAD DISTRITAL DE TROMPETEROS
ocds-dgv273-seacev3-2026-555-1,ocds-dgv273-seacev3-2026-555-1-2026-04-09T10:17:48.001882-05:00,PE-CONSUCODE-555,20287319810,PE-RUC,MUNICIPALIDAD DISTRITAL DE CARMEN SALCEDO
ocds-dgv273-seacev3-1193840,ocds-dgv273-seacev3-1193840-2026-04-09T10:17:47.195081-05:00,PE-CONSUCODE-1784,20148170933,PE-RUC,MUNICIPALIDAD PROVINCIAL DE RIOJA
ocds-dgv273-seacev3-1188999,ocds-dgv273-seacev3-1188999-2026-04-09T10:17:45.817894-05:00,PE-CONSUCODE-200096,20519610214,PE-RUC,MUNICIPALIDAD DISTRITAL DE CORONEL GREGORIO ALBARRACIN LANCHIPA
ocds-dgv273-seacev3-2026-422-24,ocds-dgv273-seacev3-2026-422-24-2026-04-09T10:17:45.794931-05:00,PE-CONSUCODE-422,20173809663,PE-RUC,MUNICIPALIDAD DISTRITAL DE YURA
ocds-dgv273-seacev3-2026-640-1,ocds-dgv273-seacev3-2026-640-1-2026-04-09T10:17:45.490385-05:00,PE-CONSUCODE-640,20202072489,PE-RUC,MUNICIPALIDAD DISTRITAL DE SUCRE
ocds-dgv273-seacev3-2026-49-12,ocds-dgv273-seacev3-2026-49-12-2026-04-09T10:17:45.390485-05:00,PE-CONSUCODE-49,20406325815,PE-RUC,GOBIERNO REGIONAL DE PUNO SEDE CENTRAL
ocds-dgv273-seacev3-2026-1250-4,ocds-dgv273-seacev3-2026-1250-4-2026-04-09T10:17:45.334574-05:00,PE-CONSUCODE-1250,20192751919,PE-RUC,MUNICIPALIDAD DISTRITAL DE QUIRUVILCA
ocds-dgv273-seacev3-1187039,ocds-dgv273-seacev3-1187039-2026-04-09T10:17:44.624037-05:00,PE-CONSUCODE-913,20188457178,PE-RUC,MUNICIPALIDAD DISTRITAL DE HUACHOCOLPA - TAYACAJA
ocds-dgv273-seacev3-1190735,ocds-dgv273-seacev3-1190735-2026-04-09T10:17:40.729932-05:00,PE-CONSUCODE-1346,20131367423,PE-RUC,MUNICIPALIDAD DISTRITAL DE SANTIAGO DE SURCO
ocds-dgv273-seacev3-1191738,ocds-dgv273-seacev3-1191738-2026-04-09T10:17:40.599921-05:00,PE-CONSUCODE-754,20159308961,PE-RUC,MUNICIPALIDAD DISTRITAL DE SAN SEBASTIAN
ocds-dgv273-seacev3-1191904,ocds-dgv273-seacev3-1191904-2026-04-09T10:17:39.647677-05:00,PE-CONSUCODE-200465,20529449705,PE-RUC,GOBIERNO REGIONAL DE CAJAMARCA - UNIDAD DE GESTION EDUCATIVA LOCAL SAN MIGUEL
ocds-dgv273-seacev3-2026-1607-6,ocds-dgv273-seacev3-2026-1607-6-2026-04-09T10:17:39.401423-05:00,PE-CONSUCODE-1607,20172619241,PE-RUC,MUNICIPALIDAD DISTRITAL DE HUARMACA
ocds-dgv273-seacev3-2026-1506-3,ocds-dgv273-seacev3-2026-1506-3-2026-04-09T10:17:38.133786-05:00,PE-CONSUCODE-1506,20195690988,PE-RUC,MUNICIPALIDAD DISTRITAL DE PARINARI
ocds-dgv273-seacev3-1186297,ocds-dgv273-seacev3-1186297-2026-04-09T10:17:34.212651-05:00,PE-CONSUCODE-263,20323083500,PE-RUC,MUNICIPALIDAD DISTRITAL DE HUAYLLAPAMPA
ocds-dgv273-seacev3-1188861,ocds-dgv273-seacev3-1188861-2026-04-09T10:17:28.876819-05:00,PE-CONSUCODE-1734,20172870873,PE-RUC,MUNICIPALIDAD DISTRITAL DE CARACOTO
ocds-dgv273-seacev3-1190076,ocds-dgv273-seacev3-1190076-2026-04-09T10:17:27.268490-05:00,PE-CONSUCODE-1337,20130534211,PE-RUC,MUNICIPALIDAD DISTRITAL DE SAN ISIDRO - LIMA
ocds-dgv273-seacev3-1191870,ocds-dgv273-seacev3-1191870-2026-04-09T10:17:26.688397-05:00,PE-CONSUCODE-10354,20156046974,PE-RUC,MINAG - PROYECTO ESPECIAL JEQUETEPEQUE - ZAÑA
ocds-dgv273-seacev3-1191337,ocds-dgv273-seacev3-1191337-2026-04-09T10:17:25.815624-05:00,PE-CONSUCODE-621,20191575718,PE-RUC,MUNICIPALIDAD DISTRITAL DE LLACANORA
ocds-dgv273-seacev3-1190302,ocds-dgv273-seacev3-1190302-2026-04-09T10:17:24.765664-05:00,PE-CONSUCODE-10247,20131369124,PE-RUC,EJERCITO PERUANO
ocds-dgv273-seacev3-1203128,ocds-dgv273-seacev3-1203128-2026-04-09T10:17:24.298636-05:00,PE-CONSUCODE-10015,20414868216,PE-RUC,PROGRAMA SUBSECTORIAL DE IRRIGACIONES - PSI
ocds-dgv273-seacev3-2026-1473-1,ocds-dgv273-seacev3-2026-1473-1-2026-04-09T10:17:24.219898-05:00,PE-CONSUCODE-1473,20173189932,PE-RUC,MUNICIPALIDAD PROVINCIAL DE OYON
ocds-dgv273-seacev3-2026-10248-79,ocds-dgv273-seacev3-2026-10248-79-2026-04-09T10:17:23.961140-05:00,PE-CONSUCODE-10248,20153408191,PE-RUC,MARINA DE GUERRA DEL PERU
ocds-dgv273-seacev3-2026-200170-13,ocds-dgv273-seacev3-2026-200170-13-2026-04-09T10:17:17.463532-05:00,PE-CONSUCODE-200170,20486391279,PE-RUC,GOBIERNO REGIONAL DE JUNIN  - RED DE SALUD DEL VALLE DEL MANTARO
ocds-dgv273-seacev3-1190744,ocds-dgv273-seacev3-1190744-2026-04-09T10:17:16.400194-05:00,PE-CONSUCODE-203786,20602217508,PE-RUC,DIRECCION DE REDES INTEGRADAS DE SALUD LIMA NORTE
ocds-dgv273-seacev3-1189547,ocds-dgv273-seacev3-1189547-2026-04-09T10:17:14.518551-05:00,PE-CONSUCODE-1981,20131371293,PE-RUC,INSTITUTO PERUANO DE ENERGIA NUCLEAR
ocds-dgv273-seacev3-2026-374-82,ocds-dgv273-seacev3-2026-374-82-2026-04-09T10:17:13.968312-05:00,PE-CONSUCODE-374,20288774553,PE-RUC,MUNICIPALIDAD DISTRITAL DE CHALLHUAHUACHO
ocds-dgv273-seacev3-1188506,ocds-dgv273-seacev3-1188506-2026-04-09T10:17:11.119216-05:00,PE-CONSUCODE-535,20223310517,PE-RUC,MUNICIPALIDAD DISTRITAL DE VILCANCHOS
ocds-dgv273-seacev3-2026-10249-47,ocds-dgv273-seacev3-2026-10249-47-2026-04-09T10:17:11.092503-05:00,PE-CONSUCODE-10249,20144364059,PE-RUC,FUERZA AEREA DEL PERU
ocds-dgv273-seacev3-2026-2397-38,ocds-dgv273-seacev3-2026-2397-38-2026-04-09T10:17:11.035338-05:00,PE-CONSUCODE-2397,20262221335,PE-RUC,EMPRESA DE GENERACION ELECTRICA SAN GABAN S.A.
ocds-dgv273-seacev3-1187973,ocds-dgv273-seacev3-1187973-2026-04-09T10:17:10.841408-05:00,PE-CONSUCODE-1495,20197990938,PE-RUC,MUNICIPALIDAD DISTRITAL DE LAGUNAS - ALTO AMAZONAS
ocds-dgv273-seacev3-1187625,ocds-dgv273-seacev3-1187625-2026-04-09T10:17:10.663573-05:00,PE-CONSUCODE-200266,20520711865,PE-RUC,AUTORIDAD NACIONAL DEL AGUA
ocds-dgv273-seacev3-1190033,ocds-dgv273-seacev3-1190033-2026-04-08T10:12:59.436940-05:00,PE-CONSUCODE-270,20163065330,PE-RUC,MUNICIPALIDAD PROVINCIAL DE SANTA - CHIMBOTE
ocds-dgv273-seacev3-2026-270-48,ocds-dgv273-seacev3-2026-270-48-2026-04-08T10:12:58.700645-05:00,PE-CONSUCODE-270,20163065330,PE-RUC,MUNICIPALIDAD PROVINCIAL DE SANTA - CHIMBOTE
ocds-dgv273-seacev3-1191987,ocds-dgv273-seacev3-1191987-2026-04-08T10:12:58.354025-05:00,PE-CONSUCODE-200363,20538298485,PE-RUC,CENTRO NACIONAL DE ABASTECIMIENTO DE RECURSOS ESTRATEGICOS EN SALUD
ocds-dgv273-seacev3-1190632,ocds-dgv273-seacev3-1190632-2026-04-08T10:12:58.286773-05:00,PE-CONSUCODE-1496,20176689359,PE-RUC,MUNICIPALIDAD DISTRITAL DE MANSERICHE
ocds-dgv273-seacev3-2026-10247-89,ocds-dgv273-seacev3-2026-10247-89-2026-04-08T10:12:57.444540-05:00,PE-CONSUCODE-10247,20131369124,PE-RUC,EJERCITO PERUANO
ocds-dgv273-seacev3-1192519,ocds-dgv273-seacev3-1192519-2026-04-08T10:12:56.186085-05:00,PE-CONSUCODE-203626,20602259065,PE-RUC,UNIDAD EJECUTORA MEJORAMIENTO DEL SISTEMA DE INFORMACION DE LA SUNAT - MSI
ocds-dgv273-seacev3-1188718,ocds-dgv273-seacev3-1188718-2026-04-08T10:12:55.145394-05:00,PE-CONSUCODE-278,20282911915,PE-RUC,MUNICIPALIDAD DISTRITAL DE NUEVO CHIMBOTE
ocds-dgv273-seacev3-2026-1166-6,ocds-dgv273-seacev3-2026-1166-6-2026-04-08T10:12:54.843626-05:00,PE-CONSUCODE-1166,20189998466,PE-RUC,MUNICIPALIDAD DISTRITAL DE HUASAHUASI
ocds-dgv273-seacev3-2026-1003042270-5,ocds-dgv273-seacev3-2026-1003042270-5-2026-04-08T10:12:54.164985-05:00,PE-CONSUCODE-205410,20612415413,PE-RUC,GOBIERNO REGIONAL DE PUNO - SALUD SAN ANTONIO DE PUTINA
ocds-dgv273-seacev3-1190040,ocds-dgv273-seacev3-1190040-2026-04-08T10:12:48.604435-05:00,PE-CONSUCODE-35,20452393493,PE-RUC,GOBIERNO REGIONAL DE AYACUCHO SEDE CENTRAL
ocds-dgv273-seacev3-1189344,ocds-dgv273-seacev3-1189344-2026-04-08T10:12:48.046260-05:00,PE-CONSUCODE-10567,20221107137,PE-RUC,GOBIERNO REGIONAL DE PUNO-AGRICULTURA
ocds-dgv273-seacev3-2026-2009-88,ocds-dgv273-seacev3-2026-2009-88-2026-04-08T10:12:47.307721-05:00,PE-CONSUCODE-2009,20527141762,PE-RUC,GOBIERNO REGIONAL DE APURIMAC SEDE CENTRAL
ocds-dgv273-seacev3-2026-10578-2,ocds-dgv273-seacev3-2026-10578-2-2026-04-08T10:12:46.832934-05:00,PE-CONSUCODE-10578,20185881700,PE-RUC,GOBIERNO REGIONAL DE PUNO-SALUD PUNO
ocds-dgv273-seacev3-1190823,ocds-dgv273-seacev3-1190823-2026-04-08T10:12:46.780961-05:00,PE-CONSUCODE-1053,20148420719,PE-RUC,MUNICIPALIDAD DISTRITAL DE MARCONA
ocds-dgv273-seacev3-2026-592-1,ocds-dgv273-seacev3-2026-592-1-2026-04-08T10:12:45.676406-05:00,PE-CONSUCODE-592,20213832361,PE-RUC,MUNICIPALIDAD DISTRITAL DE SANTIAGO DE LUCANAMARCA
ocds-dgv273-seacev3-1191406,ocds-dgv273-seacev3-1191406-2026-04-08T10:12:45.491645-05:00,PE-CONSUCODE-1904,20147796634,PE-RUC,UNIVERSIDAD NACIONAL JORGE BASADRE GROHMANN - TACNA
ocds-dgv273-seacev3-2026-10578-3,ocds-dgv273-seacev3-2026-10578-3-2026-04-08T10:12:45.208211-05:00,PE-CONSUCODE-10578,20185881700,PE-RUC,GOBIERNO REGIONAL DE PUNO-SALUD PUNO
ocds-dgv273-seacev3-1191581,ocds-dgv273-seacev3-1191581-2026-04-08T10:12:44.773789-05:00,PE-CONSUCODE-200332,20494981280,PE-RUC,GOBIERNO REGIONAL DE CUSCO - UNIDAD EJECUTORA 406 : RED DE SERVICIOS DE SALUD KIMBIRI-PICHARI
ocds-dgv273-seacev3-2026-10578-4,ocds-dgv273-seacev3-2026-10578-4-2026-04-08T10:12:44.666816-05:00,PE-CONSUCODE-10578,20185881700,PE-RUC,GOBIERNO REGIONAL DE PUNO-SALUD PUNO
ocds-dgv273-seacev3-2026-798-1,ocds-dgv273-seacev3-2026-798-1-2026-04-08T10:12:44.327780-05:00,PE-CONSUCODE-798,20224796014,PE-RUC,MUNICIPALIDAD DISTRITAL DE CCAPACMARCA
ocds-dgv273-seacev3-1191306,ocds-dgv273-seacev3-1191306-2026-04-08T10:12:40.337172-05:00,PE-CONSUCODE-1904,20147796634,PE-RUC,UNIVERSIDAD NACIONAL JORGE BASADRE GROHMANN - TACNA
ocds-dgv273-seacev3-1191331,ocds-dgv273-seacev3-1191331-2026-04-08T10:12:39.538640-05:00,PE-CONSUCODE-1536,20154469941,PE-RUC,MUNICIPALIDAD PROVINCIAL DE MARISCAL NIETO - MOQUEGUA
ocds-dgv273-seacev3-1191930,ocds-dgv273-seacev3-1191930-2026-04-08T10:12:38.798371-05:00,PE-CONSUCODE-10403,20185898343,PE-RUC,GOBIERNO REGIONAL DE APURIMAC-CHANKA
ocds-dgv273-seacev3-1191614,ocds-dgv273-seacev3-1191614-2026-04-08T10:12:38.585954-05:00,PE-CONSUCODE-1904,20147796634,PE-RUC,UNIVERSIDAD NACIONAL JORGE BASADRE GROHMANN - TACNA
ocds-dgv273-seacev3-1194965,ocds-dgv273-seacev3-1194965-2026-04-08T10:12:36.513441-05:00,PE-CONSUCODE-205210,20611816953,PE-RUC,AUTORIDAD NACIONAL DE INFRAESTRUCTURA
ocds-dgv273-seacev3-2026-375-1,ocds-dgv273-seacev3-2026-375-1-2026-04-08T10:12:35.993874-05:00,PE-CONSUCODE-375,20201962031,PE-RUC,MUNICIPALIDAD PROVINCIAL DE GRAU - CHUQUIBAMBILLA
ocds-dgv273-seacev3-1190683,ocds-dgv273-seacev3-1190683-2026-04-08T10:12:35.740314-05:00,PE-CONSUCODE-639,20211874296,PE-RUC,MUNICIPALIDAD DISTRITAL DE SOROCHUCO
ocds-dgv273-seacev3-2026-1522-1,ocds-dgv273-seacev3-2026-1522-1-2026-04-08T10:12:35.683751-05:00,PE-CONSUCODE-1522,20198298710,PE-RUC,MUNICIPALIDAD DISTRITAL DE PADRE MARQUEZ
ocds-dgv273-seacev3-1191574,ocds-dgv273-seacev3-1191574-2026-04-08T10:12:35.247561-05:00,PE-CONSUCODE-1904,20147796634,PE-RUC,UNIVERSIDAD NACIONAL JORGE BASADRE GROHMANN - TACNA
ocds-dgv273-seacev3-2026-757-1,ocds-dgv273-seacev3-2026-757-1-2026-04-08T10:12:33.943691-05:00,PE-CONSUCODE-757,20167768076,PE-RUC,MUNICIPALIDAD PROVINCIAL DE ACOMAYO
ocds-dgv273-seacev3-1187312,ocds-dgv273-seacev3-1187312-2026-04-08T10:12:33.396715-05:00,PE-CONSUCODE-40,20489250731,PE-RUC,GOBIERNO REGIONAL DE HUANUCO SEDE CENTRAL
ocds-dgv273-seacev3-1188988,ocds-dgv273-seacev3-1188988-2026-04-08T10:12:29.595585-05:00,PE-CONSUCODE-213,20166604347,PE-RUC,MUNICIPALIDAD DISTRITAL DE CAJAY
ocds-dgv273-seacev3-1191838,ocds-dgv273-seacev3-1191838-2026-04-08T10:12:29.460345-05:00,PE-CONSUCODE-270,20163065330,PE-RUC,MUNICIPALIDAD PROVINCIAL DE SANTA - CHIMBOTE
ocds-dgv273-seacev3-1191291,ocds-dgv273-seacev3-1191291-2026-04-08T10:12:28.822277-05:00,PE-CONSUCODE-199,20212196810,PE-RUC,MUNICIPALIDAD DISTRITAL DE YUNGAR
ocds-dgv273-seacev3-1189658,ocds-dgv273-seacev3-1189658-2026-04-08T10:12:27.244324-05:00,PE-CONSUCODE-200460,20534489413,PE-RUC,GOBIERNO REGIONAL DE AYACUCHO - UNIDAD GESTION EDUCATIVA VILCASHUAMAN
ocds-dgv273-seacev3-1191096,ocds-dgv273-seacev3-1191096-2026-04-08T10:12:25.929467-05:00,PE-CONSUCODE-270,20163065330,PE-RUC,MUNICIPALIDAD PROVINCIAL DE SANTA - CHIMBOTE
ocds-dgv273-seacev3-2026-270-36,ocds-dgv273-seacev3-2026-270-36-2026-04-08T10:12:22.561035-05:00,PE-CONSUCODE-270,20163065330,PE-RUC,MUNICIPALIDAD PROVINCIAL DE SANTA - CHIMBOTE
ocds-dgv273-seacev3-2026-200141-1,ocds-dgv273-seacev3-2026-200141-1-2026-04-08T10:12:18.758581-05:00,PE-CONSUCODE-200141,20365019879,PE-RUC,MUNICIPALIDAD DISTRITAL DE LLOCHEGUA
ocds-dgv273-seacev3-1190692,ocds-dgv273-seacev3-1190692-2026-04-08T10:12:18.568754-05:00,PE-CONSUCODE-10401,20286907467,PE-RUC,GOBIERNO REGIONAL DE ANCASH-TRANSPORTES
ocds-dgv273-seacev3-2026-10466-2,ocds-dgv273-seacev3-2026-10466-2-2026-04-08T10:12:17.790060-05:00,PE-CONSUCODE-10466,20146038329,PE-RUC,GOBIERNO REGIONAL DE HUANUCO-HOSPITAL DE HUANUCO HERMILIO VALDIZAN
ocds-dgv273-seacev3-2026-851-1,ocds-dgv273-seacev3-2026-851-1-2026-04-08T10:12:17.100017-05:00,PE-CONSUCODE-851,20164370349,PE-RUC,MUNICIPALIDAD DISTRITAL DE CHINCHERO
ocds-dgv273-seacev3-1191192,ocds-dgv273-seacev3-1191192-2026-04-08T10:12:17.000498-05:00,PE-CONSUCODE-1904,20147796634,PE-RUC,UNIVERSIDAD NACIONAL JORGE BASADRE GROHMANN - TACNA
ocds-dgv273-seacev3-1190054,ocds-dgv273-seacev3-1190054-2026-04-08T10:12:16.451830-05:00,PE-CONSUCODE-213,20166604347,PE-RUC,MUNICIPALIDAD DISTRITAL DE CAJAY
ocds-dgv273-seacev3-1190525,ocds-dgv273-seacev3-1190525-2026-04-08T10:12:14.921244-05:00,PE-CONSUCODE-1496,20176689359,PE-RUC,MUNICIPALIDAD DISTRITAL DE MANSERICHE
ocds-dgv273-seacev3-1188967,ocds-dgv273-seacev3-1188967-2026-04-08T10:12:14.280079-05:00,PE-CONSUCODE-821,20178199251,PE-RUC,MUNICIPALIDAD DISTRITAL DE KIMBIRI
ocds-dgv273-seacev3-1191883,ocds-dgv273-seacev3-1191883-2026-04-08T10:12:13.883065-05:00,PE-CONSUCODE-51,20519752515,PE-RUC,GOBIERNO REGIONAL DE TACNA SEDE CENTRAL
ocds-dgv273-seacev3-2026-1030-1,ocds-dgv273-seacev3-2026-1030-1-2026-04-08T10:12:12.219209-05:00,PE-CONSUCODE-1030,20368105563,PE-RUC,MUNICIPALIDAD DISTRITAL DE PUEBLO NUEVO - ICA
ocds-dgv273-seacev3-1187049,ocds-dgv273-seacev3-1187049-2026-04-08T10:12:11.745197-05:00,PE-CONSUCODE-270,20163065330,PE-RUC,MUNICIPALIDAD PROVINCIAL DE SANTA - CHIMBOTE
ocds-dgv273-seacev3-2026-1598-1,ocds-dgv273-seacev3-2026-1598-1-2026-04-08T10:12:11.687662-05:00,PE-CONSUCODE-1598,20165913788,PE-RUC,MUNICIPALIDAD DISTRITAL DE PACAIPAMPA
ocds-dgv273-seacev3-1191769,ocds-dgv273-seacev3-1191769-2026-04-08T10:12:07.930942-05:00,PE-CONSUCODE-1498,20191636016,PE-RUC,MUNICIPALIDAD DISTRITAL DE PASTAZA
ocds-dgv273-seacev3-2026-174-2,ocds-dgv273-seacev3-2026-174-2-2026-04-08T10:12:07.735664-05:00,PE-CONSUCODE-174,20166558051,PE-RUC,MUNICIPALIDAD PROVINCIAL DE BOLOGNESI - CHIQUIAN
ocds-dgv273-seacev3-1190761,ocds-dgv273-seacev3-1190761-2026-04-08T10:12:07.692732-05:00,PE-CONSUCODE-2430,20103030791,PE-RUC,EMPRESA ACTIVOS MINEROS SAC
ocds-dgv273-seacev3-1191320,ocds-dgv273-seacev3-1191320-2026-04-08T10:12:07.167022-05:00,PE-CONSUCODE-1904,20147796634,PE-RUC,UNIVERSIDAD NACIONAL JORGE BASADRE GROHMANN - TACNA
ocds-dgv273-seacev3-1192015,ocds-dgv273-seacev3-1192015-2026-04-08T10:12:06.758651-05:00,PE-CONSUCODE-607,20221115156,PE-RUC,MUNICIPALIDAD DISTRITAL DE SAN SALVADOR DE QUIJE
ocds-dgv273-seacev3-2026-711-2,ocds-dgv273-seacev3-2026-711-2-2026-04-08T10:12:06.722792-05:00,PE-CONSUCODE-711,20176288958,PE-RUC,MUNICIPALIDAD DISTRITAL DE NANCHOC
ocds-dgv273-seacev3-1199316,ocds-dgv273-seacev3-1199316-2026-04-08T10:12:06.390357-05:00,PE-CONSUCODE-519,20143166717,PE-RUC,MUNICIPALIDAD PROVINCIAL DE CANGALLO
ocds-dgv273-seacev3-1189608,ocds-dgv273-seacev3-1189608-2026-04-08T10:12:06.146757-05:00,PE-CONSUCODE-1327,20131377062,PE-RUC,MUNICIPALIDAD DISTRITAL DE PUEBLO LIBRE - LIMA
ocds-dgv273-seacev3-1191214,ocds-dgv273-seacev3-1191214-2026-04-08T10:12:05.839683-05:00,PE-CONSUCODE-1904,20147796634,PE-RUC,UNIVERSIDAD NACIONAL JORGE BASADRE GROHMANN - TACNA
ocds-dgv273-seacev3-1189818,ocds-dgv273-seacev3-1189818-2026-04-08T10:12:05.582582-05:00,PE-CONSUCODE-1659,20207208834,PE-RUC,MUNICIPALIDAD DISTRITAL DE PLATERIA
ocds-dgv273-seacev3-1191301,ocds-dgv273-seacev3-1191301-2026-04-08T10:12:05.458300-05:00,PE-CONSUCODE-10403,20185898343,PE-RUC,GOBIERNO REGIONAL DE APURIMAC-CHANKA
ocds-dgv273-seacev3-1188109,ocds-dgv273-seacev3-1188109-2026-04-08T10:12:05.259998-05:00,PE-CONSUCODE-1321,20131368071,PE-RUC,MUNICIPALIDAD DISTRITAL DE LA VICTORIA - LIMA
ocds-dgv273-seacev3-1190077,ocds-dgv273-seacev3-1190077-2026-04-08T10:12:03.772954-05:00,PE-CONSUCODE-200156,20530944817,PE-RUC,GOBIERNO REGIONAL DE LIMA - DIRECCIÓN REGIONAL DE AGRICULTURA DE LIMA PROVINCIAS
ocds-dgv273-seacev3-1191570,ocds-dgv273-seacev3-1191570-2026-04-08T10:12:03.654069-05:00,PE-CONSUCODE-151,20172268430,PE-RUC,MUNICIPALIDAD PROVINCIAL DE HUARAZ
ocds-dgv273-seacev3-1189412,ocds-dgv273-seacev3-1189412-2026-04-08T10:12:03.639337-05:00,PE-CONSUCODE-200019,20503503639,PE-RUC,MTC-PROYECTO ESPECIAL DE INFRAESTRUCTURA DE TRANSPORTE NACIONAL (PROVIAS NACIONAL)
ocds-dgv273-seacev3-1189481,ocds-dgv273-seacev3-1189481-2026-04-08T10:12:03.323568-05:00,PE-CONSUCODE-371,20205028600,PE-RUC,MUNICIPALIDAD DISTRITAL DE COYLLURQUI
ocds-dgv273-seacev3-1191197,ocds-dgv273-seacev3-1191197-2026-04-08T10:12:03.119486-05:00,PE-CONSUCODE-1904,20147796634,PE-RUC,UNIVERSIDAD NACIONAL JORGE BASADRE GROHMANN - TACNA
ocds-dgv273-seacev3-1191141,ocds-dgv273-seacev3-1191141-2026-04-08T10:12:03.016913-05:00,PE-CONSUCODE-10403,20185898343,PE-RUC,GOBIERNO REGIONAL DE APURIMAC-CHANKA
ocds-dgv273-seacev3-1191591,ocds-dgv273-seacev3-1191591-2026-04-08T10:12:02.732007-05:00,PE-CONSUCODE-278,20282911915,PE-RUC,MUNICIPALIDAD DISTRITAL DE NUEVO CHIMBOTE
ocds-dgv273-seacev3-1185298,ocds-dgv273-seacev3-1185298-2026-04-08T10:12:01.417941-05:00,PE-CONSUCODE-10247,20131369124,PE-RUC,EJERCITO PERUANO
ocds-dgv273-seacev3-1187574,ocds-dgv273-seacev3-1187574-2026-04-08T10:12:01.145919-05:00,PE-CONSUCODE-278,20282911915,PE-RUC,MUNICIPALIDAD DISTRITAL DE NUEVO CHIMBOTE
ocds-dgv273-seacev3-1187201,ocds-dgv273-seacev3-1187201-2026-04-08T10:12:00.451672-05:00,PE-CONSUCODE-200306,20532480397,PE-RUC,GOBIERNO REGIONAL DE MOQUEGUA UNIDAD EJECUTORA SUB REGION DE DESARROLLO ILO Nº 003
ocds-dgv273-seacev3-1188217,ocds-dgv273-seacev3-1188217-2026-04-08T10:12:00.378097-05:00,PE-CONSUCODE-224,20166544000,PE-RUC,MUNICIPALIDAD DISTRITAL DE SAN MARCOS
ocds-dgv273-seacev3-2026-270-40,ocds-dgv273-seacev3-2026-270-40-2026-04-08T10:12:00.318223-05:00,PE-CONSUCODE-270,20163065330,PE-RUC,MUNICIPALIDAD PROVINCIAL DE SANTA - CHIMBOTE
ocds-dgv273-seacev3-1199422,ocds-dgv273-seacev3-1199422-2026-04-08T10:11:56.551216-05:00,PE-CONSUCODE-519,20143166717,PE-RUC,MUNICIPALIDAD PROVINCIAL DE CANGALLO
ocds-dgv273-seacev3-2026-294-4,ocds-dgv273-seacev3-2026-294-4-2026-04-08T10:11:55.839480-05:00,PE-CONSUCODE-294,20213370210,PE-RUC,MUNICIPALIDAD DISTRITAL DE RANRAHIRCA
ocds-dgv273-seacev3-1190323,ocds-dgv273-seacev3-1190323-2026-04-08T10:11:54.226046-05:00,PE-CONSUCODE-270,20163065330,PE-RUC,MUNICIPALIDAD PROVINCIAL DE SANTA - CHIMBOTE
ocds-dgv273-seacev3-1188664,ocds-dgv273-seacev3-1188664-2026-04-08T10:11:51.642087-05:00,PE-CONSUCODE-278,20282911915,PE-RUC,MUNICIPALIDAD DISTRITAL DE NUEVO CHIMBOTE
ocds-dgv273-seacev3-1188827,ocds-dgv273-seacev3-1188827-2026-04-08T10:11:50.463428-05:00,PE-CONSUCODE-920,20232724588,PE-RUC,MUNICIPALIDAD DISTRITAL DE SURCUBAMBA
ocds-dgv273-seacev3-1189449,ocds-dgv273-seacev3-1189449-2026-04-08T10:11:46.809494-05:00,PE-CONSUCODE-1098,20191908547,PE-RUC,MUNICIPALIDAD DISTRITAL DE ANDAMARCA
ocds-dgv273-seacev3-2026-1231-1,ocds-dgv273-seacev3-2026-1231-1-2026-04-07T10:05:11.297442-05:00,PE-CONSUCODE-1231,20184047889,PE-RUC,MUNICIPALIDAD DISTRITAL DE SAN JOSE - PACASMAYO
ocds-dgv273-seacev3-1191477,ocds-dgv273-seacev3-1191477-2026-04-06T10:08:15.845543-05:00,PE-CONSUCODE-203966,20602398103,PE-RUC,POLICÍA NACIONAL DEL PERÚ - REGIÓN HUÁNUCO - SAN MARTÍN - UCAYALI
ocds-dgv273-seacev3-1191854,ocds-dgv273-seacev3-1191854-2026-04-04T09:51:06.460763-05:00,PE-CONSUCODE-20002,20172772278,PE-RUC,GOBIERNO REGIONAL DE AYACUCHO - HOSPITAL HUAMANGA
ocds-dgv273-seacev3-1192054,ocds-dgv273-seacev3-1192054-2026-04-03T10:07:28.425689-05:00,PE-CONSUCODE-10194,20514964778,PE-RUC,INSTITUTO NACIONAL DE ENFERMEDADES NEOPLASICAS
ocds-dgv273-seacev3-1192002,ocds-dgv273-seacev3-1192002-2026-04-03T10:07:28.398532-05:00,PE-CONSUCODE-631,20148289825,PE-RUC,MUNICIPALIDAD PROVINCIAL DE CELENDIN
ocds-dgv273-seacev3-1191356,ocds-dgv273-seacev3-1191356-2026-04-03T10:07:28.305256-05:00,PE-CONSUCODE-1513,20206075997,PE-RUC,MUNICIPALIDAD DISTRITAL DE EMILIO SAN MARTIN
ocds-dgv273-seacev3-2026-374-85,ocds-dgv273-seacev3-2026-374-85-2026-04-03T10:07:28.285012-05:00,PE-CONSUCODE-374,20288774553,PE-RUC,MUNICIPALIDAD DISTRITAL DE CHALLHUAHUACHO
ocds-dgv273-seacev3-2026-2407-31,ocds-dgv273-seacev3-2026-2407-31-2026-04-03T10:07:28.213575-05:00,PE-CONSUCODE-2407,20116544289,PE-RUC,EMPRESA REGIONAL DE SERVICIO PÚBLICO DE ELECTRICIDAD ELECTRO SUR ESTE S.A.A.
ocds-dgv273-seacev3-1188558,ocds-dgv273-seacev3-1188558-2026-04-03T10:07:28.132206-05:00,PE-CONSUCODE-200198,20527760314,PE-RUC,UNIVERSIDAD NACIONAL JOSE MARIA ARGUEDAS
ocds-dgv273-seacev3-1188085,ocds-dgv273-seacev3-1188085-2026-04-03T10:07:28.111427-05:00,PE-CONSUCODE-1191,20175639391,PE-RUC,MUNICIPALIDAD PROVINCIAL DE TRUJILLO
ocds-dgv273-seacev3-1190464,ocds-dgv273-seacev3-1190464-2026-04-03T10:07:26.610539-05:00,PE-CONSUCODE-34,20498390570,PE-RUC,GOBIERNO REGIONAL DE AREQUIPA Sede Central
ocds-dgv273-seacev3-2026-252439-1,ocds-dgv273-seacev3-2026-252439-1-2026-04-03T10:07:26.577583-05:00,PE-CONSUCODE-204990,20608738593,PE-RUC,GOBIERNO REGIONAL DE JUNÍN - INSTITUTO REGIONAL DE ENFERMEDADES NEOPLÁSICAS DEL CENTRO
ocds-dgv273-seacev3-1190843,ocds-dgv273-seacev3-1190843-2026-04-03T10:07:26.235011-05:00,PE-CONSUCODE-931,20199460456,PE-RUC,MUNICIPALIDAD DISTRITAL DE PILPICHACA
ocds-dgv273-seacev3-1194908,ocds-dgv273-seacev3-1194908-2026-04-03T10:07:25.790079-05:00,PE-CONSUCODE-800,20172494952,PE-RUC,MUNICIPALIDAD DISTRITAL DE CHAMACA
ocds-dgv273-seacev3-2026-200344-18,ocds-dgv273-seacev3-2026-200344-18-2026-04-03T10:07:25.308972-05:00,PE-CONSUCODE-200344,20537630222,PE-RUC,MINISTERIO DE CULTURA
ocds-dgv273-seacev3-1189127,ocds-dgv273-seacev3-1189127-2026-04-03T10:07:24.560916-05:00,PE-CONSUCODE-35,20452393493,PE-RUC,GOBIERNO REGIONAL DE AYACUCHO SEDE CENTRAL
ocds-dgv273-seacev3-1188494,ocds-dgv273-seacev3-1188494-2026-04-03T10:07:23.200846-05:00,PE-CONSUCODE-1191,20175639391,PE-RUC,MUNICIPALIDAD PROVINCIAL DE TRUJILLO
ocds-dgv273-seacev3-1188337,ocds-dgv273-seacev3-1188337-2026-04-03T10:07:22.349277-05:00,PE-CONSUCODE-907,20190345344,PE-RUC,MUNICIPALIDAD PROVINCIAL DE TAYACAJA - PAMPAS
ocds-dgv273-seacev3-1188335,ocds-dgv273-seacev3-1188335-2026-04-03T10:07:22.228128-05:00,PE-CONSUCODE-200092,20447367727,PE-RUC,MUNICIPALIDAD DISTRITAL DE PILLCO MARCA
ocds-dgv273-seacev3-1186454,ocds-dgv273-seacev3-1186454-2026-04-03T10:07:21.869342-05:00,PE-CONSUCODE-404,20163611512,PE-RUC,MUNICIPALIDAD DISTRITAL DE MIRAFLORES - AREQUIPA
ocds-dgv273-seacev3-1189986,ocds-dgv273-seacev3-1189986-2026-04-03T10:07:17.667688-05:00,PE-CONSUCODE-1191,20175639391,PE-RUC,MUNICIPALIDAD PROVINCIAL DE TRUJILLO
ocds-dgv273-seacev3-1190394,ocds-dgv273-seacev3-1190394-2026-04-03T10:07:16.709656-05:00,PE-CONSUCODE-1328,20131377224,PE-RUC,MUNICIPALIDAD DISTRITAL DE MIRAFLORES - LIMA
ocds-dgv273-seacev3-2026-10184-1,ocds-dgv273-seacev3-2026-10184-1-2026-04-03T10:07:16.396211-05:00,PE-CONSUCODE-10184,20167343652,PE-RUC,GOBIERNO REGIONAL DE CALLAO - COLEGIO MILITAR LEONCIO PRADO
ocds-dgv273-seacev3-2026-1995-68,ocds-dgv273-seacev3-2026-1995-68-2026-04-03T10:07:16.167244-05:00,PE-CONSUCODE-1995,20131373075,PE-RUC,SERVICIO NACIONAL DE SANIDAD AGRARIA
ocds-dgv273-seacev3-1191265,ocds-dgv273-seacev3-1191265-2026-04-03T10:07:14.884009-05:00,PE-CONSUCODE-2391,20100027705,PE-RUC,EMPRESA DE ELECTRICIDAD DEL PERÚ S.A. - ELECTROPERU
ocds-dgv273-seacev3-1189305,ocds-dgv273-seacev3-1189305-2026-04-03T10:07:14.350475-05:00,PE-CONSUCODE-1322,20131367857,PE-RUC,MUNICIPALIDAD DISTRITAL DE LINCE
ocds-dgv273-seacev3-2026-876-1,ocds-dgv273-seacev3-2026-876-1-2026-04-03T10:07:13.880093-05:00,PE-CONSUCODE-876,20191015925,PE-RUC,MUNICIPALIDAD DISTRITAL DE ANTA - ACOBAMBA
ocds-dgv273-seacev3-1191526,ocds-dgv273-seacev3-1191526-2026-04-03T10:07:13.656136-05:00,PE-CONSUCODE-2005,20337101276,PE-RUC,SERVICIO DE ADMINISTRACION TRIBUTARIA - LIMA
ocds-dgv273-seacev3-1190528,ocds-dgv273-seacev3-1190528-2026-04-03T10:07:13.031075-05:00,PE-CONSUCODE-200302,20480776250,PE-RUC,POLICÍA NACIONAL DEL PERÚ - II DIRECCIÓN TERRITORIAL CHICLAYO
ocds-dgv273-seacev3-1189942,ocds-dgv273-seacev3-1189942-2026-04-03T10:07:12.972460-05:00,PE-CONSUCODE-777,20147552506,PE-RUC,MUNICIPALIDAD DISTRITAL DE PISAC
ocds-dgv273-seacev3-1187976,ocds-dgv273-seacev3-1187976-2026-04-03T10:07:12.404864-05:00,PE-CONSUCODE-1731,20165195290,PE-RUC,MUNICIPALIDAD PROVINCIAL DE SAN ROMAN - JULIACA
ocds-dgv273-seacev3-1187117,ocds-dgv273-seacev3-1187117-2026-04-03T10:07:12.170425-05:00,PE-CONSUCODE-10359,20148168955,PE-RUC,GOBIERNO REGIONAL DE SAN MARTIN - PROYECTO ESPECIAL HUALLAGA CENTRAL Y BAJO MAYO
ocds-dgv273-seacev3-2026-28-85,ocds-dgv273-seacev3-2026-28-85-2026-04-03T10:07:12.138088-05:00,PE-CONSUCODE-28,20159981216,PE-RUC,PODER JUDICIAL
ocds-dgv273-seacev3-2026-1487-7,ocds-dgv273-seacev3-2026-1487-7-2026-04-03T10:07:12.077864-05:00,PE-CONSUCODE-1487,20174999393,PE-RUC,MUNICIPALIDAD DISTRITAL DE TORRES CAUSANA
ocds-dgv273-seacev3-1186842,ocds-dgv273-seacev3-1186842-2026-04-03T10:07:11.624103-05:00,PE-CONSUCODE-1640,20147047950,PE-RUC,MUNICIPALIDAD DISTRITAL DE LOS ORGANOS
ocds-dgv273-seacev3-2026-1487-5,ocds-dgv273-seacev3-2026-1487-5-2026-04-03T10:07:11.608699-05:00,PE-CONSUCODE-1487,20174999393,PE-RUC,MUNICIPALIDAD DISTRITAL DE TORRES CAUSANA
ocds-dgv273-seacev3-1192019,ocds-dgv273-seacev3-1192019-2026-04-03T10:07:07.400685-05:00,PE-CONSUCODE-779,20171146209,PE-RUC,MUNICIPALIDAD DISTRITAL DE TARAY
ocds-dgv273-seacev3-1191144,ocds-dgv273-seacev3-1191144-2026-04-03T10:07:07.069419-05:00,PE-CONSUCODE-693,20201570892,PE-RUC,MUNICIPALIDAD DISTRITAL DE POMAHUACA
ocds-dgv273-seacev3-2026-10151-17,ocds-dgv273-seacev3-2026-10151-17-2026-04-03T10:07:06.784545-05:00,PE-CONSUCODE-10151,20485931199,PE-RUC,POLICÍA NACIONAL DEL PERÚ - VIII DIRECCIÓN TERRITORIAL HUANCAYO
ocds-dgv273-seacev3-1191083,ocds-dgv273-seacev3-1191083-2026-04-03T10:07:06.155978-05:00,PE-CONSUCODE-10503,20223149635,PE-RUC,GOBIERNO REGIONAL DE LA LIBERTAD - HOSPITAL REGIONAL DOCENTE DE TRUJILLO
ocds-dgv273-seacev3-1188303,ocds-dgv273-seacev3-1188303-2026-04-03T10:07:06.017613-05:00,PE-CONSUCODE-1813,20154546953,PE-RUC,MUNICIPALIDAD PROVINCIAL DE PICOTA
ocds-dgv273-seacev3-1188266,ocds-dgv273-seacev3-1188266-2026-04-03T10:07:04.743263-05:00,PE-CONSUCODE-1315,20181109891,PE-RUC,MUNICIPALIDAD DISTRITAL DE CIENEGUILLA
ocds-dgv273-seacev3-1191193,ocds-dgv273-seacev3-1191193-2026-04-03T10:07:04.637428-05:00,PE-CONSUCODE-200156,20530944817,PE-RUC,GOBIERNO REGIONAL DE LIMA - DIRECCIÓN REGIONAL DE AGRICULTURA DE LIMA PROVINCIAS
ocds-dgv273-seacev3-1192287,ocds-dgv273-seacev3-1192287-2026-04-03T10:07:04.420746-05:00,PE-CONSUCODE-1614,20147030631,PE-RUC,MUNICIPALIDAD DISTRITAL DE LA MATANZA
ocds-dgv273-seacev3-1189858,ocds-dgv273-seacev3-1189858-2026-04-03T10:07:03.750653-05:00,PE-CONSUCODE-218,20200033249,PE-RUC,MUNICIPALIDAD DISTRITAL DE HUANTAR
ocds-dgv273-seacev3-1192122,ocds-dgv273-seacev3-1192122-2026-04-03T10:07:03.556612-05:00,PE-CONSUCODE-2543,20131257750,PE-RUC,SEGURO SOCIAL DE SALUD
ocds-dgv273-seacev3-1190676,ocds-dgv273-seacev3-1190676-2026-04-03T10:07:03.131419-05:00,PE-CONSUCODE-10401,20286907467,PE-RUC,GOBIERNO REGIONAL DE ANCASH-TRANSPORTES
ocds-dgv273-seacev3-2026-2386-4,ocds-dgv273-seacev3-2026-2386-4-2026-04-03T10:07:02.812265-05:00,PE-CONSUCODE-2386,20136341066,PE-RUC,"SERVICIO DE AGUA POTABLE Y ALCANTARILLADO DE CHIMBOTE, CASMA Y HUARMEY"
ocds-dgv273-seacev3-1186669,ocds-dgv273-seacev3-1186669-2026-04-03T10:07:02.749243-05:00,PE-CONSUCODE-10141,20339267821,PE-RUC,COMISIÓN NACIONAL PARA EL DESARROLLO Y VIDA SIN DROGAS - DEVIDA
ocds-dgv273-seacev3-1188193,ocds-dgv273-seacev3-1188193-2026-04-03T10:07:02.551963-05:00,PE-CONSUCODE-1033,20148420981,PE-RUC,MUNICIPALIDAD DISTRITAL DE SAN JUAN BAUTISTA - ICA
ocds-dgv273-seacev3-1187371,ocds-dgv273-seacev3-1187371-2026-04-03T10:07:02.209824-05:00,PE-CONSUCODE-773,20156074242,PE-RUC,MUNICIPALIDAD PROVINCIAL DE CALCA
ocds-dgv273-seacev3-1187723,ocds-dgv273-seacev3-1187723-2026-04-03T10:07:02.161703-05:00,PE-CONSUCODE-200190,20102708394,PE-RUC,EMPRESA DE SERVICIO PUBLICO DE ELECTRICIDAD DEL NOR OESTE DEL PERU S.A. ELECTRO NOR OESTE SA
ocds-dgv273-seacev3-1186008,ocds-dgv273-seacev3-1186008-2026-04-03T10:07:02.141611-05:00,PE-CONSUCODE-1228,20182029999,PE-RUC,MUNICIPALIDAD DISTRITAL DE GUADALUPE
ocds-dgv273-seacev3-2026-767-1,ocds-dgv273-seacev3-2026-767-1-2026-04-03T10:06:58.344176-05:00,PE-CONSUCODE-767,20200650442,PE-RUC,MUNICIPALIDAD DISTRITAL DE LIMATAMBO
ocds-dgv273-seacev3-2026-200501-1,ocds-dgv273-seacev3-2026-200501-1-2026-04-03T10:06:58.291428-05:00,PE-CONSUCODE-200501,20550734223,PE-RUC,CORTE SUPERIOR DE JUSTICIA DE LIMA NORTE
ocds-dgv273-seacev3-1191060,ocds-dgv273-seacev3-1191060-2026-04-03T10:06:58.276487-05:00,PE-CONSUCODE-1193,20167736468,PE-RUC,MUNICIPALIDAD DISTRITAL DE HUANCHACO
ocds-dgv273-seacev3-1190769,ocds-dgv273-seacev3-1190769-2026-04-03T10:06:57.392044-05:00,PE-CONSUCODE-1756,20146806679,PE-RUC,MUNICIPALIDAD PROVINCIAL DE MOYOBAMBA
ocds-dgv273-seacev3-1191409,ocds-dgv273-seacev3-1191409-2026-04-03T10:06:56.504812-05:00,PE-CONSUCODE-1513,20206075997,PE-RUC,MUNICIPALIDAD DISTRITAL DE EMILIO SAN MARTIN
ocds-dgv273-seacev3-2026-1947-43,ocds-dgv273-seacev3-2026-1947-43-2026-04-03T10:06:56.305592-05:00,PE-CONSUCODE-1947,20307167442,PE-RUC,COMISION DE PROMOCION DEL PERU PARA LA EXPORTACION Y EL TURISMO - PROMPERU
ocds-dgv273-seacev3-2026-1033-2,ocds-dgv273-seacev3-2026-1033-2-2026-04-03T10:06:53.428903-05:00,PE-CONSUCODE-1033,20148420981,PE-RUC,MUNICIPALIDAD DISTRITAL DE SAN JUAN BAUTISTA - ICA
ocds-dgv273-seacev3-2026-200422-2,ocds-dgv273-seacev3-2026-200422-2-2026-04-03T10:06:53.067097-05:00,PE-CONSUCODE-200422,20487872319,PE-RUC,CORTE SUPERIOR DE JUSTICIA DE LAMBAYEQUE
ocds-dgv273-seacev3-1187515,ocds-dgv273-seacev3-1187515-2026-04-03T10:06:53.058216-05:00,PE-CONSUCODE-1694,20165191464,PE-RUC,MUNICIPALIDAD DISTRITAL DE KELLUYO
ocds-dgv273-seacev3-1186622,ocds-dgv273-seacev3-1186622-2026-04-03T10:06:53.025612-05:00,PE-CONSUCODE-415,20162338545,PE-RUC,MUNICIPALIDAD DISTRITAL DE SANTA RITA DE SIGUAS
ocds-dgv273-seacev3-1188820,ocds-dgv273-seacev3-1188820-2026-04-03T10:06:52.973243-05:00,PE-CONSUCODE-1813,20154546953,PE-RUC,MUNICIPALIDAD PROVINCIAL DE PICOTA
ocds-dgv273-seacev3-2026-10231-6,ocds-dgv273-seacev3-2026-10231-6-2026-04-03T10:06:52.913889-05:00,PE-CONSUCODE-10231,20380419247,PE-RUC,MTC-PROYECTO ESPECIAL DE INFRAESTRUCTURA DE TRANSPORTE DESCENTRALIZADO - PROVIAS DESCENTRALIZADO
ocds-dgv273-seacev3-1186117,ocds-dgv273-seacev3-1186117-2026-04-03T10:06:52.464012-05:00,PE-CONSUCODE-10212,20162041291,PE-RUC,HOSPITAL DE APOYO DEPARTAMENTAL MARIA AUXILIADORA
ocds-dgv273-seacev3-2026-773-1,ocds-dgv273-seacev3-2026-773-1-2026-04-03T10:06:52.395385-05:00,PE-CONSUCODE-773,20156074242,PE-RUC,MUNICIPALIDAD PROVINCIAL DE CALCA
ocds-dgv273-seacev3-1186047,ocds-dgv273-seacev3-1186047-2026-04-03T10:06:52.374296-05:00,PE-CONSUCODE-1584,20154477374,PE-RUC,MUNICIPALIDAD PROVINCIAL DE PIURA
ocds-dgv273-seacev3-1186021,ocds-dgv273-seacev3-1186021-2026-04-03T10:06:52.368107-05:00,PE-CONSUCODE-203887,20602547443,PE-RUC,PROGRAMA AGUA SEGURA PARA LIMA Y CALLAO
ocds-dgv273-seacev3-2026-1487-8,ocds-dgv273-seacev3-2026-1487-8-2026-04-03T10:06:52.271632-05:00,PE-CONSUCODE-1487,20174999393,PE-RUC,MUNICIPALIDAD DISTRITAL DE TORRES CAUSANA
ocds-dgv273-seacev3-1191576,ocds-dgv273-seacev3-1191576-2026-04-02T10:15:18.459364-05:00,PE-CONSUCODE-2381,20102762925,PE-RUC,ENTIDAD PRESTADORA DE SERVICIO DE SANEAMIENTO GRAU S.A.
ocds-dgv273-seacev3-2026-20002-52,ocds-dgv273-seacev3-2026-20002-52-2026-04-02T10:15:16.937872-05:00,PE-CONSUCODE-20002,20172772278,PE-RUC,GOBIERNO REGIONAL DE AYACUCHO - HOSPITAL HUAMANGA
ocds-dgv273-seacev3-1190225,ocds-dgv273-seacev3-1190225-2026-04-02T10:15:16.221603-05:00,PE-CONSUCODE-373,20201520364,PE-RUC,MUNICIPALIDAD DISTRITAL DE MARA
ocds-dgv273-seacev3-2026-28-96,ocds-dgv273-seacev3-2026-28-96-2026-04-02T10:15:15.692067-05:00,PE-CONSUCODE-28,20159981216,PE-RUC,PODER JUDICIAL
ocds-dgv273-seacev3-2026-1952-27,ocds-dgv273-seacev3-2026-1952-27-2026-04-02T10:15:15.630488-05:00,PE-CONSUCODE-1952,20419026809,PE-RUC,ORGANISMO ESPECIALIZADO PARA LAS CONTRATACIONES PUBLICAS EFICIENTES
ocds-dgv273-seacev3-1190994,ocds-dgv273-seacev3-1190994-2026-04-02T10:15:15.406342-05:00,PE-CONSUCODE-20002,20172772278,PE-RUC,GOBIERNO REGIONAL DE AYACUCHO - HOSPITAL HUAMANGA
ocds-dgv273-seacev3-1191122,ocds-dgv273-seacev3-1191122-2026-04-02T10:15:12.634724-05:00,PE-CONSUCODE-10403,20185898343,PE-RUC,GOBIERNO REGIONAL DE APURIMAC-CHANKA
ocds-dgv273-seacev3-1187377,ocds-dgv273-seacev3-1187377-2026-04-02T10:15:12.028051-05:00,PE-CONSUCODE-200430,20494013453,PE-RUC,GOBIERNO REGIONAL DE SAN MARTIN - UNIDAD EJECUTORA HOSPITAL II-2 TARAPOTO
ocds-dgv273-seacev3-1189336,ocds-dgv273-seacev3-1189336-2026-04-02T10:15:07.079747-05:00,PE-CONSUCODE-1053,20148420719,PE-RUC,MUNICIPALIDAD DISTRITAL DE MARCONA
ocds-dgv273-seacev3-2026-1689-3,ocds-dgv273-seacev3-2026-1689-3-2026-04-02T10:15:06.395051-05:00,PE-CONSUCODE-1689,20181403064,PE-RUC,MUNICIPALIDAD DISTRITAL DE DESAGUADERO
ocds-dgv273-seacev3-1191190,ocds-dgv273-seacev3-1191190-2026-04-02T10:15:06.200539-05:00,PE-CONSUCODE-1768,20162983793,PE-RUC,MUNICIPALIDAD PROVINCIAL DE LAMAS
ocds-dgv273-seacev3-1187730,ocds-dgv273-seacev3-1187730-2026-04-02T10:15:01.587426-05:00,PE-CONSUCODE-2352,20158820260,PE-RUC,EMPRESA MUNICIPAL DE AGUA POTABLE Y ALCANTARILLADO DE HUACHO
ocds-dgv273-seacev3-1187381,ocds-dgv273-seacev3-1187381-2026-04-02T10:15:01.538695-05:00,PE-CONSUCODE-879,20175954661,PE-RUC,MUNICIPALIDAD DISTRITAL DE PAUCARA
ocds-dgv273-seacev3-1188388,ocds-dgv273-seacev3-1188388-2026-04-02T10:14:57.319162-05:00,PE-CONSUCODE-2540,20172299581,PE-RUC,EMPRESA MUNICIPAL DE AGUA POTABLE Y ALCANTARILLADO DE CHANCAY SAC
ocds-dgv273-seacev3-2026-808-2,ocds-dgv273-seacev3-2026-808-2-2026-04-02T10:14:57.292705-05:00,PE-CONSUCODE-808,20278022570,PE-RUC,MUNICIPALIDAD DISTRITAL DE OCORURO
ocds-dgv273-seacev3-1191065,ocds-dgv273-seacev3-1191065-2026-04-02T10:14:56.324978-05:00,PE-CONSUCODE-20002,20172772278,PE-RUC,GOBIERNO REGIONAL DE AYACUCHO - HOSPITAL HUAMANGA
ocds-dgv273-seacev3-2026-10211-9,ocds-dgv273-seacev3-2026-10211-9-2026-04-02T10:14:55.255018-05:00,PE-CONSUCODE-10211,20170983816,PE-RUC,GOBIERNO REGIONAL DE LIMA - HOSPITAL DE APOYO REZOLA
ocds-dgv273-seacev3-1190336,ocds-dgv273-seacev3-1190336-2026-04-02T10:14:54.873542-05:00,PE-CONSUCODE-1881,20188331581,PE-RUC,MUNICIPALIDAD PROVINCIAL DE PADRE ABAD - AGUAYTIA
ocds-dgv273-seacev3-1189919,ocds-dgv273-seacev3-1189919-2026-04-02T10:14:53.296647-05:00,PE-CONSUCODE-1029,20175239023,PE-RUC,MUNICIPALIDAD DISTRITAL DE PARCONA
ocds-dgv273-seacev3-2026-1952-43,ocds-dgv273-seacev3-2026-1952-43-2026-04-02T10:14:52.158477-05:00,PE-CONSUCODE-1952,20419026809,PE-RUC,ORGANISMO ESPECIALIZADO PARA LAS CONTRATACIONES PUBLICAS EFICIENTES
ocds-dgv273-seacev3-1186367,ocds-dgv273-seacev3-1186367-2026-04-02T10:14:50.664793-05:00,PE-CONSUCODE-1278,20162213254,PE-RUC,MUNICIPALIDAD DISTRITAL DE LAGUNAS - CHICLAYO
ocds-dgv273-seacev3-2026-10184-2,ocds-dgv273-seacev3-2026-10184-2-2026-04-02T10:14:45.852541-05:00,PE-CONSUCODE-10184,20167343652,PE-RUC,GOBIERNO REGIONAL DE CALLAO - COLEGIO MILITAR LEONCIO PRADO
ocds-dgv273-seacev3-1190284,ocds-dgv273-seacev3-1190284-2026-04-02T10:14:44.979868-05:00,PE-CONSUCODE-200198,20527760314,PE-RUC,UNIVERSIDAD NACIONAL JOSE MARIA ARGUEDAS
ocds-dgv273-seacev3-1191147,ocds-dgv273-seacev3-1191147-2026-04-02T10:14:43.383092-05:00,PE-CONSUCODE-1695,20185896723,PE-RUC,MUNICIPALIDAD PROVINCIAL DE HUANCANE
ocds-dgv273-seacev3-1189390,ocds-dgv273-seacev3-1189390-2026-04-02T10:14:42.647826-05:00,PE-CONSUCODE-1593,20161350461,PE-RUC,MUNICIPALIDAD PROVINCIAL DE AYABACA
ocds-dgv273-seacev3-1188573,ocds-dgv273-seacev3-1188573-2026-04-02T10:14:41.624594-05:00,PE-CONSUCODE-1899,20145561095,PE-RUC,UNIVERSIDAD NACIONAL DEL CENTRO DEL PERU
ocds-dgv273-seacev3-1185739,ocds-dgv273-seacev3-1185739-2026-04-02T10:14:39.682887-05:00,PE-CONSUCODE-1327,20131377062,PE-RUC,MUNICIPALIDAD DISTRITAL DE PUEBLO LIBRE - LIMA
ocds-dgv273-seacev3-2026-1593-32,ocds-dgv273-seacev3-2026-1593-32-2026-04-02T10:14:39.533407-05:00,PE-CONSUCODE-1593,20161350461,PE-RUC,MUNICIPALIDAD PROVINCIAL DE AYABACA
ocds-dgv273-seacev3-2026-2352-6,ocds-dgv273-seacev3-2026-2352-6-2026-04-02T10:14:38.985866-05:00,PE-CONSUCODE-2352,20158820260,PE-RUC,EMPRESA MUNICIPAL DE AGUA POTABLE Y ALCANTARILLADO DE HUACHO
ocds-dgv273-seacev3-1191462,ocds-dgv273-seacev3-1191462-2026-04-02T10:14:35.028483-05:00,PE-CONSUCODE-339,20172968253,PE-RUC,MUNICIPALIDAD DISTRITAL DE TALAVERA
ocds-dgv273-seacev3-2026-1922-19,ocds-dgv273-seacev3-2026-1922-19-2026-04-02T10:14:34.932626-05:00,PE-CONSUCODE-1922,20131370564,PE-RUC,"SUPERINTENDENCIA DE BANCA, SEGUROS Y AFP"
ocds-dgv273-seacev3-1190154,ocds-dgv273-seacev3-1190154-2026-04-02T10:14:34.789325-05:00,PE-CONSUCODE-10524,20450860621,PE-RUC,GOBIERNO REGIONAL DE LORETO - GERENCIA SUB REGIONAL DE UCAYALI - CONTAMANA
ocds-dgv273-seacev3-1188416,ocds-dgv273-seacev3-1188416-2026-04-02T10:14:34.775064-05:00,PE-CONSUCODE-1862,20190178189,PE-RUC,MUNICIPALIDAD DISTRITAL DE PAMPAS DE HOSPITAL
ocds-dgv273-seacev3-2026-200206-6,ocds-dgv273-seacev3-2026-200206-6-2026-04-02T10:14:34.670876-05:00,PE-CONSUCODE-200206,20187348341,PE-RUC,GOBIERNO REGIONAL DE SAN MARTIN - UNIDAD DE GESTION EDUCATIVA LOCAL SAN MARTIN TARAPOTO
ocds-dgv273-seacev3-1189091,ocds-dgv273-seacev3-1189091-2026-04-02T10:14:33.384292-05:00,PE-CONSUCODE-35,20452393493,PE-RUC,GOBIERNO REGIONAL DE AYACUCHO SEDE CENTRAL
ocds-dgv273-seacev3-1189108,ocds-dgv273-seacev3-1189108-2026-04-02T10:14:33.040659-05:00,PE-CONSUCODE-37,20527147612,PE-RUC,GOBIERNO REGIONAL DE CUSCO SEDE CENTRAL
ocds-dgv273-seacev3-1189110,ocds-dgv273-seacev3-1189110-2026-04-02T10:14:31.318444-05:00,PE-CONSUCODE-203286,20487671097,PE-RUC,GOBIERNO REGIONAL DE AMAZONAS  - DIRECCION DE RED DE SALUD CONDORCANQUI
ocds-dgv273-seacev3-2026-200302-10,ocds-dgv273-seacev3-2026-200302-10-2026-04-02T10:14:31.112433-05:00,PE-CONSUCODE-200302,20480776250,PE-RUC,POLICÍA NACIONAL DEL PERÚ - II DIRECCIÓN TERRITORIAL CHICLAYO
ocds-dgv273-seacev3-1189205,ocds-dgv273-seacev3-1189205-2026-04-02T10:14:29.915025-05:00,PE-CONSUCODE-200130,20393127431,PE-RUC,GOBIERNO REGIONAL DE UCAYALI - DIRECCION DE SALUD Nº 3 ATALAYA
ocds-dgv273-seacev3-1185975,ocds-dgv273-seacev3-1185975-2026-04-02T10:14:29.023956-05:00,PE-CONSUCODE-203306,20601625017,PE-RUC,MUNICIPALIDAD DISTRITAL DE MEGANTONI
ocds-dgv273-seacev3-1184406,ocds-dgv273-seacev3-1184406-2026-04-02T10:14:28.970153-05:00,PE-CONSUCODE-881,20202510770,PE-RUC,MUNICIPALIDAD DISTRITAL DE ROSARIO
ocds-dgv273-seacev3-1186737,ocds-dgv273-seacev3-1186737-2026-04-02T10:14:28.836657-05:00,PE-CONSUCODE-224,20166544000,PE-RUC,MUNICIPALIDAD DISTRITAL DE SAN MARCOS
ocds-dgv273-seacev3-2026-144-4,ocds-dgv273-seacev3-2026-144-4-2026-04-02T10:14:28.826303-05:00,PE-CONSUCODE-144,20146917314,PE-RUC,MUNICIPALIDAD PROVINCIAL DE UTCUBAMBA - BAGUA GRANDE
ocds-dgv273-seacev3-1186667,ocds-dgv273-seacev3-1186667-2026-04-02T10:14:28.768724-05:00,PE-CONSUCODE-1488,20147161574,PE-RUC,MUNICIPALIDAD DISTRITAL DE PUNCHANA
ocds-dgv273-seacev3-1187818,ocds-dgv273-seacev3-1187818-2026-04-02T10:14:28.388888-05:00,PE-CONSUCODE-389,20180001051,PE-RUC,MUNICIPALIDAD PROVINCIAL DE CHINCHEROS
ocds-dgv273-seacev3-2026-104-2,ocds-dgv273-seacev3-2026-104-2-2026-04-02T10:14:24.042624-05:00,PE-CONSUCODE-104,20165782233,PE-RUC,MUNICIPALIDAD DISTRITAL DE YAMBRASBAMBA
ocds-dgv273-seacev3-1189872,ocds-dgv273-seacev3-1189872-2026-04-02T10:14:23.816027-05:00,PE-CONSUCODE-1315,20181109891,PE-RUC,MUNICIPALIDAD DISTRITAL DE CIENEGUILLA
ocds-dgv273-seacev3-1189520,ocds-dgv273-seacev3-1189520-2026-04-02T10:14:23.800078-05:00,PE-CONSUCODE-10457,20444054400,PE-RUC,GOBIERNO REGIONAL DE HUANCAVELICA-HOSPITAL DEPARTAMENTAL DE HUANCAVELICA
ocds-dgv273-seacev3-2026-10601-1,ocds-dgv273-seacev3-2026-10601-1-2026-04-02T10:14:23.773448-05:00,PE-CONSUCODE-10601,20195189146,PE-RUC,GOBIERNO REGIONAL DE TACNA-SALUD
ocds-dgv273-seacev3-2026-1877-4,ocds-dgv273-seacev3-2026-1877-4-2026-04-02T10:14:23.439355-05:00,PE-CONSUCODE-1877,20171714371,PE-RUC,MUNICIPALIDAD PROVINCIAL DE ATALAYA - RAYMONDI
ocds-dgv273-seacev3-1191577,ocds-dgv273-seacev3-1191577-2026-04-02T10:14:22.977082-05:00,PE-CONSUCODE-1921,20376082114,PE-RUC,ORGANISMO SUPERVISOR DE LA INVERSION EN ENERGIA Y MINERIA
ocds-dgv273-seacev3-2026-926-1,ocds-dgv273-seacev3-2026-926-1-2026-04-02T10:14:22.495780-05:00,PE-CONSUCODE-926,20192215553,PE-RUC,MUNICIPALIDAD DISTRITAL DE AYAVI
ocds-dgv273-seacev3-1191934,ocds-dgv273-seacev3-1191934-2026-04-02T10:14:22.212247-05:00,PE-CONSUCODE-10247,20131369124,PE-RUC,EJERCITO PERUANO
ocds-dgv273-seacev3-1192124,ocds-dgv273-seacev3-1192124-2026-04-02T10:14:21.406576-05:00,PE-CONSUCODE-34,20498390570,PE-RUC,GOBIERNO REGIONAL DE AREQUIPA Sede Central
ocds-dgv273-seacev3-1195013,ocds-dgv273-seacev3-1195013-2026-04-02T10:14:21.362975-05:00,PE-CONSUCODE-1308,20131378468,PE-RUC,MUNICIPALIDAD DISTRITAL DE ANCON
ocds-dgv273-seacev3-1190186,ocds-dgv273-seacev3-1190186-2026-04-02T10:14:19.583340-05:00,PE-CONSUCODE-10357,20202348654,PE-RUC,MINAG - PROYECTO ESPECIAL ALTO HUALLAGA
ocds-dgv273-seacev3-1191195,ocds-dgv273-seacev3-1191195-2026-04-02T10:14:19.437652-05:00,PE-CONSUCODE-200684,20393567750,PE-RUC,GOBIERNO REGIONAL DE UCAYALI - UNIDAD DE GESTION EDUCATIVA LOCAL DE PURUS
ocds-dgv273-seacev3-1187472,ocds-dgv273-seacev3-1187472-2026-04-02T10:14:18.498000-05:00,PE-CONSUCODE-151,20172268430,PE-RUC,MUNICIPALIDAD PROVINCIAL DE HUARAZ
ocds-dgv273-seacev3-1187714,ocds-dgv273-seacev3-1187714-2026-04-02T10:14:18.059466-05:00,PE-CONSUCODE-1899,20145561095,PE-RUC,UNIVERSIDAD NACIONAL DEL CENTRO DEL PERU
ocds-dgv273-seacev3-1186265,ocds-dgv273-seacev3-1186265-2026-04-02T10:14:18.040819-05:00,PE-CONSUCODE-1509,20197978725,PE-RUC,MUNICIPALIDAD DISTRITAL DE TROMPETEROS
ocds-dgv273-seacev3-1190972,ocds-dgv273-seacev3-1190972-2026-04-02T10:14:12.424269-05:00,PE-CONSUCODE-403,20170422971,PE-RUC,MUNICIPALIDAD DISTRITAL DE MARIANO MELGAR
ocds-dgv273-seacev3-2026-713-1,ocds-dgv273-seacev3-2026-713-1-2026-04-02T10:14:12.409655-05:00,PE-CONSUCODE-713,20208735587,PE-RUC,MUNICIPALIDAD DISTRITAL DE SAN GREGORIO
ocds-dgv273-seacev3-1197476,ocds-dgv273-seacev3-1197476-2026-04-02T10:14:11.809526-05:00,PE-CONSUCODE-200025,20207553698,PE-RUC,PROGRAMA NACIONAL DE SANEAMIENTO URBANO
ocds-dgv273-seacev3-2026-2000-7,ocds-dgv273-seacev3-2026-2000-7-2026-04-02T10:14:11.616698-05:00,PE-CONSUCODE-2000,20131312955,PE-RUC,SUPERINTENDENCIA NACIONAL DE ADUANAS Y DE ADMINISTRACION TRIBUTARIA - SUNAT
ocds-dgv273-seacev3-1190853,ocds-dgv273-seacev3-1190853-2026-04-02T10:14:10.955030-05:00,PE-CONSUCODE-1374,20175307711,PE-RUC,MUNICIPALIDAD DISTRITAL DE QUILMANA
ocds-dgv273-seacev3-2026-1689-5,ocds-dgv273-seacev3-2026-1689-5-2026-04-02T10:14:10.422985-05:00,PE-CONSUCODE-1689,20181403064,PE-RUC,MUNICIPALIDAD DISTRITAL DE DESAGUADERO
ocds-dgv273-seacev3-2026-10049-16,ocds-dgv273-seacev3-2026-10049-16-2026-04-02T10:14:10.342060-05:00,PE-CONSUCODE-10049,20321735607,PE-RUC,GOBIERNO REGIONAL DE PUNO - PROGRAMA DE APOYO AL DESARROLLO RURAL ANDINO - PRADERA I
ocds-dgv273-seacev3-1191619,ocds-dgv273-seacev3-1191619-2026-04-02T10:14:10.102249-05:00,PE-CONSUCODE-35,20452393493,PE-RUC,GOBIERNO REGIONAL DE AYACUCHO SEDE CENTRAL
ocds-dgv273-seacev3-2026-90-2,ocds-dgv273-seacev3-2026-90-2-2026-04-02T10:14:09.469047-05:00,PE-CONSUCODE-90,20220669603,PE-RUC,MUNICIPALIDAD DISTRITAL DE ARAMANGO
ocds-dgv273-seacev3-2026-90229-0,ocds-dgv273-seacev3-2026-90229-0-2026-04-02T10:14:09.427433-05:00,PE-CONSUCODE-202366,20600739159,PE-RUC,ESCUELA NACIONAL SUPERIOR DE ARTE DRAMATICO - GUILLERMO UGARTE CHAMORRO
ocds-dgv273-seacev3-2026-1003000934-1,ocds-dgv273-seacev3-2026-1003000934-1-2026-04-02T10:14:09.316048-05:00,PE-CONSUCODE-200684,20393567750,PE-RUC,GOBIERNO REGIONAL DE UCAYALI - UNIDAD DE GESTION EDUCATIVA LOCAL DE PURUS
ocds-dgv273-seacev3-1188637,ocds-dgv273-seacev3-1188637-2026-04-02T10:14:05.803821-05:00,PE-CONSUCODE-1053,20148420719,PE-RUC,MUNICIPALIDAD DISTRITAL DE MARCONA
ocds-dgv273-seacev3-2026-1468-7,ocds-dgv273-seacev3-2026-1468-7-2026-04-01T10:15:21.640680-05:00,PE-CONSUCODE-1468,20142701597,PE-RUC,MUNICIPALIDAD PROVINCIAL DE BARRANCA
ocds-dgv273-seacev3-1189629,ocds-dgv273-seacev3-1189629-2026-04-01T10:15:21.239917-05:00,PE-CONSUCODE-2606,20496934866,PE-RUC,MUNICIPALIDAD DISTRITAL DE MAJES - VILLA EL PEDREGAL
ocds-dgv273-seacev3-1189581,ocds-dgv273-seacev3-1189581-2026-04-01T10:15:17.038355-05:00,PE-CONSUCODE-141,20178082222,PE-RUC,MUNICIPALIDAD PROVINCIAL DE CONDORCANQUI - NIEVA
ocds-dgv273-seacev3-2026-200374-4,ocds-dgv273-seacev3-2026-200374-4-2026-04-01T10:15:16.821764-05:00,PE-CONSUCODE-200374,20450381731,PE-RUC,INSTITUTO VIAL PROVINCIAL MUNICIPAL DE PICOTA
ocds-dgv273-seacev3-1190396,ocds-dgv273-seacev3-1190396-2026-04-01T10:15:16.577966-05:00,PE-CONSUCODE-200270,20494642078,PE-RUC,GOBIERNO REGIONAL DE AYACUCHO - PROGRAMA REGIONAL DE IRRIGACION Y DESARROLLO RURAL INTEGRADO
ocds-dgv273-seacev3-1187162,ocds-dgv273-seacev3-1187162-2026-04-01T10:15:16.158283-05:00,PE-CONSUCODE-200260,20478053178,PE-RUC,SERVICIO NACIONAL DE AREAS NATURALES PROTEGIDAS POR EL ESTADO - SERNANP
ocds-dgv273-seacev3-1186722,ocds-dgv273-seacev3-1186722-2026-04-01T10:15:14.952121-05:00,PE-CONSUCODE-203086,20601224624,PE-RUC,HOSPITAL DE EMERGENCIAS VILLA EL SALVADOR
ocds-dgv273-seacev3-1187781,ocds-dgv273-seacev3-1187781-2026-04-01T10:15:14.586267-05:00,PE-CONSUCODE-1498,20191636016,PE-RUC,MUNICIPALIDAD DISTRITAL DE PASTAZA
ocds-dgv273-seacev3-1187118,ocds-dgv273-seacev3-1187118-2026-04-01T10:15:14.532440-05:00,PE-CONSUCODE-696,20221770952,PE-RUC,MUNICIPALIDAD DISTRITAL DE SAN FELIPE
ocds-dgv273-seacev3-1191119,ocds-dgv273-seacev3-1191119-2026-04-01T10:15:10.358170-05:00,PE-CONSUCODE-1330,20131372699,PE-RUC,MUNICIPALIDAD DISTRITAL DE PUCUSANA
ocds-dgv273-seacev3-2026-127816-2,ocds-dgv273-seacev3-2026-127816-2-2026-04-01T10:15:10.143999-05:00,PE-CONSUCODE-203046,20601182662,PE-RUC,MUNICIPALIDAD DISTRITAL DE PUCAYACU
ocds-dgv273-seacev3-1190736,ocds-dgv273-seacev3-1190736-2026-04-01T10:15:09.580256-05:00,PE-CONSUCODE-1993,20131377810,PE-RUC,SERVICIO NACIONAL DE CAPACITACION PARA LA INDUSTRIA DE LA CONSTRUCCION
ocds-dgv273-seacev3-1188228,ocds-dgv273-seacev3-1188228-2026-04-01T10:15:08.523275-05:00,PE-CONSUCODE-1688,20161244512,PE-RUC,MUNICIPALIDAD PROVINCIAL DE CHUCUITO - JULI
ocds-dgv273-seacev3-1191766,ocds-dgv273-seacev3-1191766-2026-04-01T10:15:07.814190-05:00,PE-CONSUCODE-47,20489252270,PE-RUC,GOBIERNO REGIONAL DE PASCO SEDE CENTRAL
ocds-dgv273-seacev3-1191509,ocds-dgv273-seacev3-1191509-2026-04-01T10:15:06.938540-05:00,PE-CONSUCODE-1182,20174790320,PE-RUC,MUNICIPALIDAD PROVINCIAL DE CHUPACA
ocds-dgv273-seacev3-1190541,ocds-dgv273-seacev3-1190541-2026-04-01T10:15:05.539107-05:00,PE-CONSUCODE-1496,20176689359,PE-RUC,MUNICIPALIDAD DISTRITAL DE MANSERICHE
ocds-dgv273-seacev3-2026-1116-6,ocds-dgv273-seacev3-2026-1116-6-2026-04-01T10:15:03.757720-05:00,PE-CONSUCODE-1116,20195238961,PE-RUC,MUNICIPALIDAD DISTRITAL DE PERENE
ocds-dgv273-seacev3-1187894,ocds-dgv273-seacev3-1187894-2026-04-01T10:15:03.629377-05:00,PE-CONSUCODE-200388,20528442154,PE-RUC,GOBIERNO REGIONAL DE LORETO - RED DE SALUD DATEM DEL MARAÑON
ocds-dgv273-seacev3-1189831,ocds-dgv273-seacev3-1189831-2026-04-01T10:14:59.505419-05:00,PE-CONSUCODE-1246,20201403724,PE-RUC,MUNICIPALIDAD DISTRITAL DE ANGASMARCA
ocds-dgv273-seacev3-1189266,ocds-dgv273-seacev3-1189266-2026-04-01T10:14:58.289837-05:00,PE-CONSUCODE-51,20519752515,PE-RUC,GOBIERNO REGIONAL DE TACNA SEDE CENTRAL
ocds-dgv273-seacev3-1190834,ocds-dgv273-seacev3-1190834-2026-04-01T10:14:57.890046-05:00,PE-CONSUCODE-49,20406325815,PE-RUC,GOBIERNO REGIONAL DE PUNO SEDE CENTRAL
ocds-dgv273-seacev3-1190016,ocds-dgv273-seacev3-1190016-2026-04-01T10:14:57.635887-05:00,PE-CONSUCODE-203686,20601845335,PE-RUC,GOBIERNO REGIONAL DE UCAYALI RED DE SALUD N° 01 CORONEL PORTILLO
ocds-dgv273-seacev3-1189446,ocds-dgv273-seacev3-1189446-2026-04-01T10:14:57.201386-05:00,PE-CONSUCODE-805,20147346434,PE-RUC,MUNICIPALIDAD PROVINCIAL DE ESPINAR
ocds-dgv273-seacev3-1190410,ocds-dgv273-seacev3-1190410-2026-04-01T10:14:57.113094-05:00,PE-CONSUCODE-1430,20173990988,PE-RUC,MUNICIPALIDAD DISTRITAL DE SANTA EULALIA
ocds-dgv273-seacev3-2026-326-21,ocds-dgv273-seacev3-2026-326-21-2026-04-01T10:14:57.096016-05:00,PE-CONSUCODE-326,20156959783,PE-RUC,MUNICIPALIDAD PROVINCIAL DE ANDAHUAYLAS
ocds-dgv273-seacev3-1191686,ocds-dgv273-seacev3-1191686-2026-04-01T10:14:55.488396-05:00,PE-CONSUCODE-200370,20495122361,PE-RUC,GOBIERNO REGIONAL DE AYACUCHO - UNIDAD EJECUTORA RED DE SALUD HUAMANGA
ocds-dgv273-seacev3-2026-10536-4,ocds-dgv273-seacev3-2026-10536-4-2026-04-01T10:14:54.953284-05:00,PE-CONSUCODE-10536,20199189710,PE-RUC,GOBIERNO REGIONAL DE MADRE DE DIOS-DIRECCION REGIONAL DE TRANSPORTE Y COMUNICACIONES
ocds-dgv273-seacev3-1190772,ocds-dgv273-seacev3-1190772-2026-04-01T10:14:54.743581-05:00,PE-CONSUCODE-749,20177217043,PE-RUC,MUNICIPALIDAD PROVINCIAL DEL CUSCO
ocds-dgv273-seacev3-2026-1164-8,ocds-dgv273-seacev3-2026-1164-8-2026-04-01T10:14:54.725076-05:00,PE-CONSUCODE-1164,20185655441,PE-RUC,MUNICIPALIDAD DISTRITAL DE ACOBAMBA - TARMA
ocds-dgv273-seacev3-1190977,ocds-dgv273-seacev3-1190977-2026-04-01T10:14:54.511932-05:00,PE-CONSUCODE-983,20194118342,PE-RUC,MUNICIPALIDAD DISTRITAL DE MONZON
ocds-dgv273-seacev3-2026-200374-8,ocds-dgv273-seacev3-2026-200374-8-2026-04-01T10:14:54.410660-05:00,PE-CONSUCODE-200374,20450381731,PE-RUC,INSTITUTO VIAL PROVINCIAL MUNICIPAL DE PICOTA
ocds-dgv273-seacev3-1191511,ocds-dgv273-seacev3-1191511-2026-04-01T10:14:54.219696-05:00,PE-CONSUCODE-395,20163781949,PE-RUC,MUNICIPALIDAD DISTRITAL DE URANMARCA
ocds-dgv273-seacev3-1188661,ocds-dgv273-seacev3-1188661-2026-04-01T10:14:53.811926-05:00,PE-CONSUCODE-200386,20491363402,PE-RUC,UNIVERSIDAD NACIONAL DE CAÑETE
ocds-dgv273-seacev3-2026-803-2,ocds-dgv273-seacev3-2026-803-2-2026-04-01T10:14:53.486867-05:00,PE-CONSUCODE-803,20209184380,PE-RUC,MUNICIPALIDAD DISTRITAL DE QUIÑOTA
ocds-dgv273-seacev3-1190932,ocds-dgv273-seacev3-1190932-2026-04-01T10:14:53.265519-05:00,PE-CONSUCODE-1714,20198893359,PE-RUC,MUNICIPALIDAD DISTRITAL DE ANTAUTA
ocds-dgv273-seacev3-1188257,ocds-dgv273-seacev3-1188257-2026-04-01T10:14:52.860103-05:00,PE-CONSUCODE-1688,20161244512,PE-RUC,MUNICIPALIDAD PROVINCIAL DE CHUCUITO - JULI
ocds-dgv273-seacev3-1187805,ocds-dgv273-seacev3-1187805-2026-04-01T10:14:52.816404-05:00,PE-CONSUCODE-1191,20175639391,PE-RUC,MUNICIPALIDAD PROVINCIAL DE TRUJILLO
ocds-dgv273-seacev3-2026-1052-8,ocds-dgv273-seacev3-2026-1052-8-2026-04-01T10:14:52.798580-05:00,PE-CONSUCODE-1052,20162456408,PE-RUC,MUNICIPALIDAD DISTRITAL DE EL INGENIO
ocds-dgv273-seacev3-2026-1514-4,ocds-dgv273-seacev3-2026-1514-4-2026-04-01T10:14:52.755504-05:00,PE-CONSUCODE-1514,20199428994,PE-RUC,MUNICIPALIDAD DISTRITAL DE MAQUIA
ocds-dgv273-seacev3-1189053,ocds-dgv273-seacev3-1189053-2026-04-01T10:14:52.740181-05:00,PE-CONSUCODE-200262,20525832334,PE-RUC,GOBIERNO REGIONAL DE PIURA-HOSPITAL DE APOYO I SANTA ROSA PIURA
ocds-dgv273-seacev3-1188264,ocds-dgv273-seacev3-1188264-2026-04-01T10:14:52.488618-05:00,PE-CONSUCODE-1688,20161244512,PE-RUC,MUNICIPALIDAD PROVINCIAL DE CHUCUITO - JULI
ocds-dgv273-seacev3-1186883,ocds-dgv273-seacev3-1186883-2026-04-01T10:14:51.815205-05:00,PE-CONSUCODE-39,20486020882,PE-RUC,GOBIERNO REGIONAL DE HUANCAVELICA Sede Central
ocds-dgv273-seacev3-2026-1245-4,ocds-dgv273-seacev3-2026-1245-4-2026-04-01T10:14:51.537253-05:00,PE-CONSUCODE-1245,20187630101,PE-RUC,MUNICIPALIDAD PROVINCIAL DE SANTIAGO DE CHUCO
ocds-dgv273-seacev3-1188949,ocds-dgv273-seacev3-1188949-2026-04-01T10:14:48.273007-05:00,PE-CONSUCODE-805,20147346434,PE-RUC,MUNICIPALIDAD PROVINCIAL DE ESPINAR
ocds-dgv273-seacev3-2026-200124-1,ocds-dgv273-seacev3-2026-200124-1-2026-04-01T10:14:47.462575-05:00,PE-CONSUCODE-200124,20479590983,PE-RUC,GOBIERNO REGIONAL DE CAJAMARCA - UNIDAD DE GESTION EDUCATIVA SAN IGNACIO
ocds-dgv273-seacev3-2026-200374-5,ocds-dgv273-seacev3-2026-200374-5-2026-04-01T10:14:46.635364-05:00,PE-CONSUCODE-200374,20450381731,PE-RUC,INSTITUTO VIAL PROVINCIAL MUNICIPAL DE PICOTA
ocds-dgv273-seacev3-1190415,ocds-dgv273-seacev3-1190415-2026-04-01T10:14:44.498267-05:00,PE-CONSUCODE-10249,20144364059,PE-RUC,FUERZA AEREA DEL PERU
ocds-dgv273-seacev3-1189577,ocds-dgv273-seacev3-1189577-2026-04-01T10:14:44.429076-05:00,PE-CONSUCODE-49,20406325815,PE-RUC,GOBIERNO REGIONAL DE PUNO SEDE CENTRAL
ocds-dgv273-seacev3-1189517,ocds-dgv273-seacev3-1189517-2026-04-01T10:14:44.200168-05:00,PE-CONSUCODE-205010,20608197037,PE-RUC,MUNICIPALIDAD DISTRITAL DE SAN ANTONIO
ocds-dgv273-seacev3-2026-10151-18,ocds-dgv273-seacev3-2026-10151-18-2026-04-01T10:14:42.405860-05:00,PE-CONSUCODE-10151,20485931199,PE-RUC,POLICÍA NACIONAL DEL PERÚ - VIII DIRECCIÓN TERRITORIAL HUANCAYO
ocds-dgv273-seacev3-1188823,ocds-dgv273-seacev3-1188823-2026-04-01T10:14:42.293387-05:00,PE-CONSUCODE-297,20202020098,PE-RUC,MUNICIPALIDAD PROVINCIAL DE CARLOS FERMIN FITZCARRALD
ocds-dgv273-seacev3-1187670,ocds-dgv273-seacev3-1187670-2026-04-01T10:14:42.261148-05:00,PE-CONSUCODE-1294,20182126412,PE-RUC,MUNICIPALIDAD DISTRITAL DE PUEBLO NUEVO - FERRENAFE
ocds-dgv273-seacev3-2026-1714-1,ocds-dgv273-seacev3-2026-1714-1-2026-04-01T10:14:42.230406-05:00,PE-CONSUCODE-1714,20198893359,PE-RUC,MUNICIPALIDAD DISTRITAL DE ANTAUTA
ocds-dgv273-seacev3-2026-652-1,ocds-dgv273-seacev3-2026-652-1-2026-04-01T10:14:42.215523-05:00,PE-CONSUCODE-652,20207884619,PE-RUC,MUNICIPALIDAD DISTRITAL DE CALLAYUC
ocds-dgv273-seacev3-1187262,ocds-dgv273-seacev3-1187262-2026-04-01T10:14:36.633346-05:00,PE-CONSUCODE-10468,20409879161,PE-RUC,GOBIERNO REGIONAL DE ICA-AGRICULTURA
ocds-dgv273-seacev3-1190877,ocds-dgv273-seacev3-1190877-2026-04-01T10:14:34.523841-05:00,PE-CONSUCODE-20006,20414671773,PE-RUC,FONDO MIVIVIENDA S.A.
ocds-dgv273-seacev3-2026-1952-35,ocds-dgv273-seacev3-2026-1952-35-2026-04-01T10:14:32.828333-05:00,PE-CONSUCODE-1952,20419026809,PE-RUC,ORGANISMO ESPECIALIZADO PARA LAS CONTRATACIONES PUBLICAS EFICIENTES
ocds-dgv273-seacev3-2026-1717-2,ocds-dgv273-seacev3-2026-1717-2-2026-04-01T10:14:32.673805-05:00,PE-CONSUCODE-1717,20156602524,PE-RUC,MUNICIPALIDAD DISTRITAL DE MACARI
ocds-dgv273-seacev3-1190028,ocds-dgv273-seacev3-1190028-2026-04-01T10:14:31.958360-05:00,PE-CONSUCODE-10096,20143611893,PE-RUC,EMPRESA MUNICIPAL DE SERVICIO ELECTRICO DE TOCACHE S.A.
ocds-dgv273-seacev3-2026-552-3,ocds-dgv273-seacev3-2026-552-3-2026-04-01T10:14:31.561408-05:00,PE-CONSUCODE-552,20143082297,PE-RUC,MUNICIPALIDAD PROVINCIAL DE LUCANAS - PUQUIO
ocds-dgv273-seacev3-2026-1476-1,ocds-dgv273-seacev3-2026-1476-1-2026-04-01T10:14:30.843709-05:00,PE-CONSUCODE-1476,20210698095,PE-RUC,MUNICIPALIDAD DISTRITAL DE COCHAMARCA
ocds-dgv273-seacev3-1193482,ocds-dgv273-seacev3-1193482-2026-04-01T10:14:30.510344-05:00,PE-CONSUCODE-2426,20100003199,PE-RUC,EMPRESA NACIONAL DE PUERTOS S.A.
ocds-dgv273-seacev3-2026-696-2,ocds-dgv273-seacev3-2026-696-2-2026-04-01T10:14:30.400835-05:00,PE-CONSUCODE-696,20221770952,PE-RUC,MUNICIPALIDAD DISTRITAL DE SAN FELIPE
ocds-dgv273-seacev3-2026-51-108,ocds-dgv273-seacev3-2026-51-108-2026-04-01T10:14:25.345016-05:00,PE-CONSUCODE-51,20519752515,PE-RUC,GOBIERNO REGIONAL DE TACNA SEDE CENTRAL
ocds-dgv273-seacev3-2026-108794-5,ocds-dgv273-seacev3-2026-108794-5-2026-04-01T10:14:25.232977-05:00,PE-CONSUCODE-202785,20600982100,PE-RUC,MUNICIPALIDAD DISTRITAL LA YARADA LOS PALOS
ocds-dgv273-seacev3-1190670,ocds-dgv273-seacev3-1190670-2026-04-01T10:14:24.740714-05:00,PE-CONSUCODE-1054,20147706155,PE-RUC,MUNICIPALIDAD DISTRITAL DE VISTA ALEGRE - NAZCA
ocds-dgv273-seacev3-2026-51-16,ocds-dgv273-seacev3-2026-51-16-2026-04-01T10:14:24.372682-05:00,PE-CONSUCODE-51,20519752515,PE-RUC,GOBIERNO REGIONAL DE TACNA SEDE CENTRAL
ocds-dgv273-seacev3-2026-971-1,ocds-dgv273-seacev3-2026-971-1-2026-04-01T10:14:22.803629-05:00,PE-CONSUCODE-971,20194119403,PE-RUC,MUNICIPALIDAD DISTRITAL DE PACHAS
ocds-dgv273-seacev3-2026-816-1,ocds-dgv273-seacev3-2026-816-1-2026-04-01T10:14:22.722142-05:00,PE-CONSUCODE-816,20166106746,PE-RUC,MUNICIPALIDAD DISTRITAL DE MARANURA
ocds-dgv273-seacev3-2026-1295-6,ocds-dgv273-seacev3-2026-1295-6-2026-04-01T10:14:19.990834-05:00,PE-CONSUCODE-1295,20175975234,PE-RUC,MUNICIPALIDAD PROVINCIAL DE LAMBAYEQUE
ocds-dgv273-seacev3-1187321,ocds-dgv273-seacev3-1187321-2026-04-01T10:14:19.933877-05:00,PE-CONSUCODE-10045,20185665322,PE-RUC,GOBIERNO REGIONAL DE JUNIN - HOSPITAL DANIEL ALCIDES CARRION - HUANCAYO
ocds-dgv273-seacev3-2026-1542-1,ocds-dgv273-seacev3-2026-1542-1-2026-04-01T10:14:19.918761-05:00,PE-CONSUCODE-1542,20193063218,PE-RUC,MUNICIPALIDAD PROVINCIAL DE SANCHEZ CERRO - OMATE
ocds-dgv273-seacev3-2026-1339-4,ocds-dgv273-seacev3-2026-1339-4-2026-04-01T10:14:19.823421-05:00,PE-CONSUCODE-1339,20131378204,PE-RUC,MUNICIPALIDAD DISTRITAL DE SAN JUAN DE MIRAFLORES
ocds-dgv273-seacev3-1186172,ocds-dgv273-seacev3-1186172-2026-04-01T10:14:19.791280-05:00,PE-CONSUCODE-979,20204863769,PE-RUC,MUNICIPALIDAD DISTRITAL DE CHAVIN DE PARIARCA
ocds-dgv273-seacev3-2026-1116-3,ocds-dgv273-seacev3-2026-1116-3-2026-04-01T10:14:19.398689-05:00,PE-CONSUCODE-1116,20195238961,PE-RUC,MUNICIPALIDAD DISTRITAL DE PERENE
ocds-dgv273-seacev3-1191398,ocds-dgv273-seacev3-1191398-2026-04-01T10:14:17.598712-05:00,PE-CONSUCODE-1209,20141897935,PE-RUC,MUNICIPALIDAD PROVINCIAL DE SANCHEZ CARRION - HUAMACHUCO
ocds-dgv273-seacev3-2026-1717-1,ocds-dgv273-seacev3-2026-1717-1-2026-04-01T10:14:14.012404-05:00,PE-CONSUCODE-1717,20156602524,PE-RUC,MUNICIPALIDAD DISTRITAL DE MACARI
ocds-dgv273-seacev3-1189669,ocds-dgv273-seacev3-1189669-2026-04-01T10:14:12.817537-05:00,PE-CONSUCODE-203306,20601625017,PE-RUC,MUNICIPALIDAD DISTRITAL DE MEGANTONI
ocds-dgv273-seacev3-2026-10552-20,ocds-dgv273-seacev3-2026-10552-20-2026-04-01T10:14:11.421921-05:00,PE-CONSUCODE-10552,20315880069,PE-RUC,GOBIERNO REGIONAL DE PIURA - GERENCIA SUBREGIONAL  LUCIANO CASTILLO COLONNA
ocds-dgv273-seacev3-1191029,ocds-dgv273-seacev3-1191029-2026-04-01T10:14:09.997851-05:00,PE-CONSUCODE-319,20185897967,PE-RUC,MUNICIPALIDAD DISTRITAL DE CURAHUASI
ocds-dgv273-seacev3-2026-1034-3,ocds-dgv273-seacev3-2026-1034-3-2026-04-01T10:14:06.723626-05:00,PE-CONSUCODE-1034,20147711159,PE-RUC,MUNICIPALIDAD DISTRITAL DE SANTIAGO - ICA
ocds-dgv273-seacev3-2026-200223-4,ocds-dgv273-seacev3-2026-200223-4-2026-04-01T10:14:06.378759-05:00,PE-CONSUCODE-200223,20393356899,PE-RUC,MUNICIPALIDAD DISTRITAL DE MANANTAY
ocds-dgv273-seacev3-1187084,ocds-dgv273-seacev3-1187084-2026-04-01T10:14:06.249545-05:00,PE-CONSUCODE-49,20406325815,PE-RUC,GOBIERNO REGIONAL DE PUNO SEDE CENTRAL
ocds-dgv273-seacev3-2026-1003003359-12,ocds-dgv273-seacev3-2026-1003003359-12-2026-03-31T10:05:57.632299-05:00,PE-CONSUCODE-200825,20556118079,PE-RUC,POLICÍA NACIONAL DEL PERÚ - DIRECCIÓN EJECUTIVA DE INVESTIGACIÓN CRIMINAL Y APOYO A LA JUSTICIA
ocds-dgv273-seacev3-1201287,ocds-dgv273-seacev3-1201287-2026-03-31T10:05:26.544322-05:00,PE-CONSUCODE-983,20194118342,PE-RUC,MUNICIPALIDAD DISTRITAL DE MONZON
ocds-dgv273-seacev3-2026-1003003359-9,ocds-dgv273-seacev3-2026-1003003359-9-2026-03-30T09:55:57.127208-05:00,PE-CONSUCODE-200825,20556118079,PE-RUC,POLICÍA NACIONAL DEL PERÚ - DIRECCIÓN EJECUTIVA DE INVESTIGACIÓN CRIMINAL Y APOYO A LA JUSTICIA
ocds-dgv273-seacev3-1189401,ocds-dgv273-seacev3-1189401-2026-03-30T09:55:57.106165-05:00,PE-CONSUCODE-920,20232724588,PE-RUC,MUNICIPALIDAD DISTRITAL DE SURCUBAMBA
ocds-dgv273-seacev3-1190375,ocds-dgv273-seacev3-1190375-2026-03-30T09:55:55.509876-05:00,PE-CONSUCODE-10403,20185898343,PE-RUC,GOBIERNO REGIONAL DE APURIMAC-CHANKA
ocds-dgv273-seacev3-2026-1392-6,ocds-dgv273-seacev3-2026-1392-6-2026-03-29T10:02:52.616867-05:00,PE-CONSUCODE-1392,20163051118,PE-RUC,MUNICIPALIDAD DISTRITAL DE CHANCAY - HUARAL
ocds-dgv273-seacev3-2026-10378-5,ocds-dgv273-seacev3-2026-10378-5-2026-03-29T10:02:52.131639-05:00,PE-CONSUCODE-10378,20176217694,PE-RUC,GOBIERNO REGIONAL DE AMAZONAS - DIRECCION REGIONAL DE SALUD AMAZONAS
ocds-dgv273-seacev3-1189122,ocds-dgv273-seacev3-1189122-2026-03-29T10:02:51.971426-05:00,PE-CONSUCODE-201468,20600004001,PE-RUC,"PROYECTO ESPECIAL DE DESARROLLO DEL VALLE DE LOS RÍO APURIMAC, ENE Y MANTARO- PROVRAEM"
ocds-dgv273-seacev3-1187652,ocds-dgv273-seacev3-1187652-2026-03-29T10:02:51.848484-05:00,PE-CONSUCODE-1995,20131373075,PE-RUC,SERVICIO NACIONAL DE SANIDAD AGRARIA
ocds-dgv273-seacev3-1186495,ocds-dgv273-seacev3-1186495-2026-03-29T10:02:51.768828-05:00,PE-CONSUCODE-1926,20122476309,PE-RUC,BANCO CENTRAL DE RESERVA DEL PERÚ
ocds-dgv273-seacev3-1190740,ocds-dgv273-seacev3-1190740-2026-03-29T10:02:48.694650-05:00,PE-CONSUCODE-1871,20154572792,PE-RUC,MUNICIPALIDAD PROVINCIAL DE CORONEL PORTILLO
ocds-dgv273-seacev3-2026-374-34,ocds-dgv273-seacev3-2026-374-34-2026-03-29T10:02:47.961561-05:00,PE-CONSUCODE-374,20288774553,PE-RUC,MUNICIPALIDAD DISTRITAL DE CHALLHUAHUACHO
ocds-dgv273-seacev3-1190439,ocds-dgv273-seacev3-1190439-2026-03-29T10:02:47.717738-05:00,PE-CONSUCODE-634,20191948093,PE-RUC,MUNICIPALIDAD DISTRITAL DE HUASMIN
ocds-dgv273-seacev3-1190910,ocds-dgv273-seacev3-1190910-2026-03-29T10:02:46.734515-05:00,PE-CONSUCODE-10373,20392298895,PE-RUC,GOBIERNO REGIONAL DE AMAZONAS - GERENCIA SUBREGIONAL BAGUA
ocds-dgv273-seacev3-1191403,ocds-dgv273-seacev3-1191403-2026-03-29T10:02:46.442383-05:00,PE-CONSUCODE-1616,20171246092,PE-RUC,MUNICIPALIDAD DISTRITAL DE SALITRAL - MORROPON
ocds-dgv273-seacev3-1191680,ocds-dgv273-seacev3-1191680-2026-03-29T10:02:46.271051-05:00,PE-CONSUCODE-1553,20154491873,PE-RUC,MUNICIPALIDAD PROVINCIAL DE ILO
ocds-dgv273-seacev3-1187689,ocds-dgv273-seacev3-1187689-2026-03-29T10:02:43.889155-05:00,PE-CONSUCODE-544,20189212195,PE-RUC,MUNICIPALIDAD PROVINCIAL DE LA MAR - SAN MIGUEL
ocds-dgv273-seacev3-1186998,ocds-dgv273-seacev3-1186998-2026-03-29T10:02:43.856640-05:00,PE-CONSUCODE-943,20287884011,PE-RUC,MUNICIPALIDAD DISTRITAL DE CHINCHIHUASI
ocds-dgv273-seacev3-2026-296-1,ocds-dgv273-seacev3-2026-296-1-2026-03-29T10:02:43.802168-05:00,PE-CONSUCODE-296,20213928989,PE-RUC,MUNICIPALIDAD DISTRITAL DE YANAMA
ocds-dgv273-seacev3-2026-680-8,ocds-dgv273-seacev3-2026-680-8-2026-03-29T10:02:43.605129-05:00,PE-CONSUCODE-680,20220666418,PE-RUC,MUNICIPALIDAD DISTRITAL DE TACABAMBA
ocds-dgv273-seacev3-1189243,ocds-dgv273-seacev3-1189243-2026-03-29T10:02:41.644766-05:00,PE-CONSUCODE-1851,20193065938,PE-RUC,MUNICIPALIDAD DISTRITAL DE ITE
ocds-dgv273-seacev3-1188729,ocds-dgv273-seacev3-1188729-2026-03-29T10:02:41.315434-05:00,PE-CONSUCODE-1209,20141897935,PE-RUC,MUNICIPALIDAD PROVINCIAL DE SANCHEZ CARRION - HUAMACHUCO
ocds-dgv273-seacev3-2026-10248-68,ocds-dgv273-seacev3-2026-10248-68-2026-03-29T10:02:40.283634-05:00,PE-CONSUCODE-10248,20153408191,PE-RUC,MARINA DE GUERRA DEL PERU
ocds-dgv273-seacev3-1190997,ocds-dgv273-seacev3-1190997-2026-03-29T10:02:40.098808-05:00,PE-CONSUCODE-200206,20187348341,PE-RUC,GOBIERNO REGIONAL DE SAN MARTIN - UNIDAD DE GESTION EDUCATIVA LOCAL SAN MARTIN TARAPOTO
ocds-dgv273-seacev3-2026-2528-8,ocds-dgv273-seacev3-2026-2528-8-2026-03-29T10:02:40.091352-05:00,PE-CONSUCODE-2528,20425809882,PE-RUC,EMPRESA DE ADMINISTRACION DE INFRAESTRUCTURA ELECTRICA S.A.
ocds-dgv273-seacev3-2026-1683-4,ocds-dgv273-seacev3-2026-1683-4-2026-03-29T10:02:39.364877-05:00,PE-CONSUCODE-1683,20202703144,PE-RUC,MUNICIPALIDAD DISTRITAL DE CRUCERO
ocds-dgv273-seacev3-2026-563-1,ocds-dgv273-seacev3-2026-563-1-2026-03-29T10:02:39.041018-05:00,PE-CONSUCODE-563,20191030649,PE-RUC,MUNICIPALIDAD DISTRITAL DE OCAÑA
ocds-dgv273-seacev3-1190975,ocds-dgv273-seacev3-1190975-2026-03-29T10:02:37.790488-05:00,PE-CONSUCODE-10489,20219793252,PE-RUC,GOBIERNO REGIONAL DE LA LIBERTAD - GERENCIA  REGIONAL  DE AGRICULTURA
ocds-dgv273-seacev3-1189395,ocds-dgv273-seacev3-1189395-2026-03-29T10:02:37.233821-05:00,PE-CONSUCODE-1560,20168804343,PE-RUC,MUNICIPALIDAD DISTRITAL DE NINACACA
ocds-dgv273-seacev3-1191430,ocds-dgv273-seacev3-1191430-2026-03-29T10:02:36.905320-05:00,PE-CONSUCODE-402,20167246029,PE-RUC,MUNICIPALIDAD DISTRITAL LA JOYA
ocds-dgv273-seacev3-2026-200033-2,ocds-dgv273-seacev3-2026-200033-2-2026-03-29T10:02:36.845168-05:00,PE-CONSUCODE-200033,20451440625,PE-RUC,MUNICIPALIDAD DISTRITAL DE SAN JUAN BAUTISTA - LORETO
ocds-dgv273-seacev3-1191211,ocds-dgv273-seacev3-1191211-2026-03-29T10:02:36.710079-05:00,PE-CONSUCODE-10543,20171880891,PE-RUC,GOBIERNO REGIONAL DE MOQUEGUA-SALUD
ocds-dgv273-seacev3-1187650,ocds-dgv273-seacev3-1187650-2026-03-29T10:02:36.304521-05:00,PE-CONSUCODE-1298,20141785037,PE-RUC,MUNICIPALIDAD DISTRITAL DE JAYANCA
ocds-dgv273-seacev3-2026-1496-1,ocds-dgv273-seacev3-2026-1496-1-2026-03-29T10:02:36.289929-05:00,PE-CONSUCODE-1496,20176689359,PE-RUC,MUNICIPALIDAD DISTRITAL DE MANSERICHE
ocds-dgv273-seacev3-1190180,ocds-dgv273-seacev3-1190180-2026-03-29T10:02:36.275967-05:00,PE-CONSUCODE-548,20194772310,PE-RUC,MUNICIPALIDAD DISTRITAL DE CHUNGUI
ocds-dgv273-seacev3-2026-1860-1,ocds-dgv273-seacev3-2026-1860-1-2026-03-29T10:02:36.167880-05:00,PE-CONSUCODE-1860,20178689348,PE-RUC,MUNICIPALIDAD DISTRITAL DE CORRALES
ocds-dgv273-seacev3-2026-1852-15,ocds-dgv273-seacev3-2026-1852-15-2026-03-29T10:02:35.713052-05:00,PE-CONSUCODE-1852,20171895147,PE-RUC,MUNICIPALIDAD DISTRITAL DE ILABAYA
ocds-dgv273-seacev3-1187464,ocds-dgv273-seacev3-1187464-2026-03-29T10:02:35.686411-05:00,PE-CONSUCODE-200198,20527760314,PE-RUC,UNIVERSIDAD NACIONAL JOSE MARIA ARGUEDAS
ocds-dgv273-seacev3-1190380,ocds-dgv273-seacev3-1190380-2026-03-29T10:02:32.093247-05:00,PE-CONSUCODE-754,20159308961,PE-RUC,MUNICIPALIDAD DISTRITAL DE SAN SEBASTIAN
ocds-dgv273-seacev3-1190273,ocds-dgv273-seacev3-1190273-2026-03-29T10:02:30.826073-05:00,PE-CONSUCODE-621,20191575718,PE-RUC,MUNICIPALIDAD DISTRITAL DE LLACANORA
ocds-dgv273-seacev3-1190370,ocds-dgv273-seacev3-1190370-2026-03-29T10:02:30.362783-05:00,PE-CONSUCODE-10482,20146536787,PE-RUC,GOBIERNO REGIONAL DE JUNIN - HOSPITAL EL CARMEN
ocds-dgv273-seacev3-2026-80751-1,ocds-dgv273-seacev3-2026-80751-1-2026-03-29T10:02:30.243531-05:00,PE-CONSUCODE-202185,20393108488,PE-RUC,MUNICIPALIDAD DISTRITAL ALEXANDER VON HUMBOLDT
ocds-dgv273-seacev3-2026-1199-3,ocds-dgv273-seacev3-2026-1199-3-2026-03-29T10:02:29.435717-05:00,PE-CONSUCODE-1199,20195198994,PE-RUC,MUNICIPALIDAD DISTRITAL DE SIMBAL
ocds-dgv273-seacev3-1189314,ocds-dgv273-seacev3-1189314-2026-03-29T10:02:28.179683-05:00,PE-CONSUCODE-201185,20564327019,PE-RUC,GOBIERNO REGIONAL DE APURIMAC  - UNIDAD EJECUTORA GERENCIA SUB REGIONAL DE COTABAMBAS
ocds-dgv273-seacev3-1190414,ocds-dgv273-seacev3-1190414-2026-03-29T10:02:27.177629-05:00,PE-CONSUCODE-634,20191948093,PE-RUC,MUNICIPALIDAD DISTRITAL DE HUASMIN
ocds-dgv273-seacev3-1186893,ocds-dgv273-seacev3-1186893-2026-03-29T10:02:26.559400-05:00,PE-CONSUCODE-200190,20102708394,PE-RUC,EMPRESA DE SERVICIO PUBLICO DE ELECTRICIDAD DEL NOR OESTE DEL PERU S.A. ELECTRO NOR OESTE SA
ocds-dgv273-seacev3-1185573,ocds-dgv273-seacev3-1185573-2026-03-29T10:02:26.020315-05:00,PE-CONSUCODE-1580,20215430554,PE-RUC,MUNICIPALIDAD DISTRITAL DE PUERTO BERMUDEZ
ocds-dgv273-seacev3-1186768,ocds-dgv273-seacev3-1186768-2026-03-29T10:02:25.851460-05:00,PE-CONSUCODE-35,20452393493,PE-RUC,GOBIERNO REGIONAL DE AYACUCHO SEDE CENTRAL
ocds-dgv273-seacev3-1195951,ocds-dgv273-seacev3-1195951-2026-03-29T10:02:22.257986-05:00,PE-CONSUCODE-1498,20191636016,PE-RUC,MUNICIPALIDAD DISTRITAL DE PASTAZA
ocds-dgv273-seacev3-1193546,ocds-dgv273-seacev3-1193546-2026-03-29T10:02:22.073625-05:00,PE-CONSUCODE-1013,20176232227,PE-RUC,MUNICIPALIDAD DISTRITAL DE SAN MIGUEL DE CAURI
ocds-dgv273-seacev3-1187785,ocds-dgv273-seacev3-1187785-2026-03-29T10:02:21.153061-05:00,PE-CONSUCODE-1580,20215430554,PE-RUC,MUNICIPALIDAD DISTRITAL DE PUERTO BERMUDEZ
ocds-dgv273-seacev3-2026-1164-5,ocds-dgv273-seacev3-2026-1164-5-2026-03-29T10:02:21.015535-05:00,PE-CONSUCODE-1164,20185655441,PE-RUC,MUNICIPALIDAD DISTRITAL DE ACOBAMBA - TARMA
ocds-dgv273-seacev3-1191437,ocds-dgv273-seacev3-1191437-2026-03-29T10:02:19.769361-05:00,PE-CONSUCODE-629,20199984871,PE-RUC,MUNICIPALIDAD DISTRITAL DE CONDEBAMBA
ocds-dgv273-seacev3-1190720,ocds-dgv273-seacev3-1190720-2026-03-29T10:02:19.742316-05:00,PE-CONSUCODE-749,20177217043,PE-RUC,MUNICIPALIDAD PROVINCIAL DEL CUSCO
ocds-dgv273-seacev3-2026-104-1,ocds-dgv273-seacev3-2026-104-1-2026-03-29T10:02:19.692469-05:00,PE-CONSUCODE-104,20165782233,PE-RUC,MUNICIPALIDAD DISTRITAL DE YAMBRASBAMBA
ocds-dgv273-seacev3-2026-1510-15,ocds-dgv273-seacev3-2026-1510-15-2026-03-29T10:02:19.230005-05:00,PE-CONSUCODE-1510,20165979967,PE-RUC,MUNICIPALIDAD PROVINCIAL DE REQUENA
ocds-dgv273-seacev3-1191354,ocds-dgv273-seacev3-1191354-2026-03-29T10:02:17.937940-05:00,PE-CONSUCODE-1212,20205367994,PE-RUC,MUNICIPALIDAD DISTRITAL DE CHUGAY
ocds-dgv273-seacev3-2026-1029-4,ocds-dgv273-seacev3-2026-1029-4-2026-03-29T10:02:17.573639-05:00,PE-CONSUCODE-1029,20175239023,PE-RUC,MUNICIPALIDAD DISTRITAL DE PARCONA
ocds-dgv273-seacev3-2026-1659-1,ocds-dgv273-seacev3-2026-1659-1-2026-03-29T10:02:16.892803-05:00,PE-CONSUCODE-1659,20207208834,PE-RUC,MUNICIPALIDAD DISTRITAL DE PLATERIA
ocds-dgv273-seacev3-1191704,ocds-dgv273-seacev3-1191704-2026-03-29T10:02:16.811356-05:00,PE-CONSUCODE-200030,20530688390,PE-RUC,GOBIERNO REGIONAL DE LIMA SEDE CENTRAL
ocds-dgv273-seacev3-2026-1003023608-1,ocds-dgv273-seacev3-2026-1003023608-1-2026-03-29T10:02:16.386656-05:00,PE-CONSUCODE-205230,20611048921,PE-RUC,UNIVERSIDAD NACIONAL TECNOLÓGICA DE FRONTERA SAN IGNACIO DE LOYOLA
ocds-dgv273-seacev3-1188622,ocds-dgv273-seacev3-1188622-2026-03-29T10:02:16.302049-05:00,PE-CONSUCODE-1156,20146675124,PE-RUC,MUNICIPALIDAD DISTRITAL DE COVIRIALI
ocds-dgv273-seacev3-2026-1322-1,ocds-dgv273-seacev3-2026-1322-1-2026-03-29T10:02:16.286852-05:00,PE-CONSUCODE-1322,20131367857,PE-RUC,MUNICIPALIDAD DISTRITAL DE LINCE
ocds-dgv273-seacev3-2026-1686-1,ocds-dgv273-seacev3-2026-1686-1-2026-03-29T10:02:16.150944-05:00,PE-CONSUCODE-1686,20195270938,PE-RUC,MUNICIPALIDAD DISTRITAL DE SAN GABAN
ocds-dgv273-seacev3-1193188,ocds-dgv273-seacev3-1193188-2026-03-29T10:02:16.141329-05:00,PE-CONSUCODE-1851,20193065938,PE-RUC,MUNICIPALIDAD DISTRITAL DE ITE
ocds-dgv273-seacev3-1193210,ocds-dgv273-seacev3-1193210-2026-03-28T10:10:59.639168-05:00,PE-CONSUCODE-1852,20171895147,PE-RUC,MUNICIPALIDAD DISTRITAL DE ILABAYA
ocds-dgv273-seacev3-1188808,ocds-dgv273-seacev3-1188808-2026-03-28T10:10:58.015738-05:00,PE-CONSUCODE-200276,20521286769,PE-RUC,ORGANISMO DE EVALUACION Y FISCALIZACION AMBIENTAL
ocds-dgv273-seacev3-1195075,ocds-dgv273-seacev3-1195075-2026-03-28T10:10:56.216311-05:00,PE-CONSUCODE-800,20172494952,PE-RUC,MUNICIPALIDAD DISTRITAL DE CHAMACA
ocds-dgv273-seacev3-2026-1952-39,ocds-dgv273-seacev3-2026-1952-39-2026-03-28T10:10:55.773864-05:00,PE-CONSUCODE-1952,20419026809,PE-RUC,ORGANISMO ESPECIALIZADO PARA LAS CONTRATACIONES PUBLICAS EFICIENTES
ocds-dgv273-seacev3-1189000,ocds-dgv273-seacev3-1189000-2026-03-28T10:10:54.915681-05:00,PE-CONSUCODE-789,20147421070,PE-RUC,MUNICIPALIDAD PROVINCIAL DE CANCHIS - SICUANI
ocds-dgv273-seacev3-1187667,ocds-dgv273-seacev3-1187667-2026-03-28T10:10:54.322993-05:00,PE-CONSUCODE-546,20143159001,PE-RUC,MUNICIPALIDAD DISTRITAL DE AYNA SAN FRANCISCO
ocds-dgv273-seacev3-2026-533-1,ocds-dgv273-seacev3-2026-533-1-2026-03-28T10:10:50.858036-05:00,PE-CONSUCODE-533,20176704927,PE-RUC,MUNICIPALIDAD DISTRITAL DE HUALLA
ocds-dgv273-seacev3-1191821,ocds-dgv273-seacev3-1191821-2026-03-28T10:10:50.641619-05:00,PE-CONSUCODE-1511,20193443479,PE-RUC,MUNICIPALIDAD DISTRITAL DE ALTO TAPICHE
ocds-dgv273-seacev3-1191744,ocds-dgv273-seacev3-1191744-2026-03-28T10:10:50.310921-05:00,PE-CONSUCODE-2433,20100128218,PE-RUC,PETROLEOS DEL PERU S.A.
ocds-dgv273-seacev3-1190481,ocds-dgv273-seacev3-1190481-2026-03-28T10:10:49.949092-05:00,PE-CONSUCODE-10170,20331166830,PE-RUC,UNIDAD DE GESTION EDUCATIVA LOCAL UGEL 05 - SAN JUAN DE LURIGANCHO
ocds-dgv273-seacev3-1190463,ocds-dgv273-seacev3-1190463-2026-03-28T10:10:49.696915-05:00,PE-CONSUCODE-200199,20493465491,PE-RUC,MUNICIPALIDAD PROVINCIAL DEL DATEM DEL MARAÑON
ocds-dgv273-seacev3-1189174,ocds-dgv273-seacev3-1189174-2026-03-28T10:10:49.420367-05:00,PE-CONSUCODE-1626,20146992367,PE-RUC,MUNICIPALIDAD DISTRITAL DE TAMARINDO
ocds-dgv273-seacev3-2026-749-3,ocds-dgv273-seacev3-2026-749-3-2026-03-28T10:10:49.098707-05:00,PE-CONSUCODE-749,20177217043,PE-RUC,MUNICIPALIDAD PROVINCIAL DEL CUSCO
ocds-dgv273-seacev3-1190241,ocds-dgv273-seacev3-1190241-2026-03-28T10:10:48.729947-05:00,PE-CONSUCODE-10407,20443070819,PE-RUC,GOBIERNO REGIONAL DE APURIMAC-TRANSPORTES CHANKA
ocds-dgv273-seacev3-2026-27-26,ocds-dgv273-seacev3-2026-27-26-2026-03-28T10:10:48.269360-05:00,PE-CONSUCODE-27,20291973851,PE-RUC,OFICINA NACIONAL DE PROCESOS ELECTORALES
ocds-dgv273-seacev3-1189492,ocds-dgv273-seacev3-1189492-2026-03-28T10:10:47.641061-05:00,PE-CONSUCODE-144,20146917314,PE-RUC,MUNICIPALIDAD PROVINCIAL DE UTCUBAMBA - BAGUA GRANDE
ocds-dgv273-seacev3-2026-1695-6,ocds-dgv273-seacev3-2026-1695-6-2026-03-28T10:10:47.041612-05:00,PE-CONSUCODE-1695,20185896723,PE-RUC,MUNICIPALIDAD PROVINCIAL DE HUANCANE
ocds-dgv273-seacev3-1190291,ocds-dgv273-seacev3-1190291-2026-03-28T10:10:46.748335-05:00,PE-CONSUCODE-988,20200042744,PE-RUC,MUNICIPALIDAD PROVINCIAL DE LEONCIO PRADO - RUPA RUPA
ocds-dgv273-seacev3-1189121,ocds-dgv273-seacev3-1189121-2026-03-28T10:10:46.011959-05:00,PE-CONSUCODE-200276,20521286769,PE-RUC,ORGANISMO DE EVALUACION Y FISCALIZACION AMBIENTAL
ocds-dgv273-seacev3-1193035,ocds-dgv273-seacev3-1193035-2026-03-28T10:10:45.733646-05:00,PE-CONSUCODE-200509,20491174693,PE-RUC,ESTACION EXPERIMENTAL AGRARIA ANDENES-CUSCO
ocds-dgv273-seacev3-1187270,ocds-dgv273-seacev3-1187270-2026-03-28T10:10:44.666790-05:00,PE-CONSUCODE-753,20159386253,PE-RUC,MUNICIPALIDAD DISTRITAL DE SAN JERONIMO - CUSCO
ocds-dgv273-seacev3-1190974,ocds-dgv273-seacev3-1190974-2026-03-28T10:10:40.673766-05:00,PE-CONSUCODE-1511,20193443479,PE-RUC,MUNICIPALIDAD DISTRITAL DE ALTO TAPICHE
ocds-dgv273-seacev3-1189284,ocds-dgv273-seacev3-1189284-2026-03-28T10:10:40.370370-05:00,PE-CONSUCODE-2371,20162275012,PE-RUC,EMPRESA PRESTADORA DE SERVICIOS DE SANEAMIENTO DE MOYOBAMBA SOCIEDAD ANÓNIMA
ocds-dgv273-seacev3-1191816,ocds-dgv273-seacev3-1191816-2026-03-28T10:10:39.910436-05:00,PE-CONSUCODE-1053,20148420719,PE-RUC,MUNICIPALIDAD DISTRITAL DE MARCONA
ocds-dgv273-seacev3-2026-374-6,ocds-dgv273-seacev3-2026-374-6-2026-03-28T10:10:38.263287-05:00,PE-CONSUCODE-374,20288774553,PE-RUC,MUNICIPALIDAD DISTRITAL DE CHALLHUAHUACHO
ocds-dgv273-seacev3-1189951,ocds-dgv273-seacev3-1189951-2026-03-28T10:10:38.163411-05:00,PE-CONSUCODE-1983,20131369477,PE-RUC,INSTITUTO TECNOLOGICO DE LA PRODUCCION
ocds-dgv273-seacev3-2026-1568-2,ocds-dgv273-seacev3-2026-1568-2-2026-03-28T10:10:34.698581-05:00,PE-CONSUCODE-1568,20176736021,PE-RUC,MUNICIPALIDAD DISTRITAL DE YANACANCHA - PASCO
ocds-dgv273-seacev3-1188440,ocds-dgv273-seacev3-1188440-2026-03-28T10:10:34.598421-05:00,PE-CONSUCODE-200475,20548776920,PE-RUC,PROGRAMA NACIONAL DE SANEAMIENTO RURAL
ocds-dgv273-seacev3-2026-1172-1,ocds-dgv273-seacev3-2026-1172-1-2026-03-28T10:10:34.582211-05:00,PE-CONSUCODE-1172,20120385004,PE-RUC,MUNICIPALIDAD PROVINCIAL DE YAULI - LA OROYA
ocds-dgv273-seacev3-2026-276-3,ocds-dgv273-seacev3-2026-276-3-2026-03-28T10:10:30.613725-05:00,PE-CONSUCODE-276,20179525101,PE-RUC,MUNICIPALIDAD DISTRITAL DE SANTA
ocds-dgv273-seacev3-1191499,ocds-dgv273-seacev3-1191499-2026-03-28T10:10:30.462498-05:00,PE-CONSUCODE-200370,20495122361,PE-RUC,GOBIERNO REGIONAL DE AYACUCHO - UNIDAD EJECUTORA RED DE SALUD HUAMANGA
ocds-dgv273-seacev3-2026-106-3,ocds-dgv273-seacev3-2026-106-3-2026-03-28T10:10:29.360271-05:00,PE-CONSUCODE-106,20185609171,PE-RUC,MUNICIPALIDAD PROVINCIAL DE LUYA - LAMUD
ocds-dgv273-seacev3-1192055,ocds-dgv273-seacev3-1192055-2026-03-28T10:10:28.680618-05:00,PE-CONSUCODE-907,20190345344,PE-RUC,MUNICIPALIDAD PROVINCIAL DE TAYACAJA - PAMPAS
ocds-dgv273-seacev3-2026-1392-3,ocds-dgv273-seacev3-2026-1392-3-2026-03-28T10:10:27.715850-05:00,PE-CONSUCODE-1392,20163051118,PE-RUC,MUNICIPALIDAD DISTRITAL DE CHANCAY - HUARAL
ocds-dgv273-seacev3-1188171,ocds-dgv273-seacev3-1188171-2026-03-28T10:10:26.589788-05:00,PE-CONSUCODE-842,20226560824,PE-RUC,MUNICIPALIDAD DISTRITAL DE CCATCCA
ocds-dgv273-seacev3-2026-248030-1,ocds-dgv273-seacev3-2026-248030-1-2026-03-28T10:10:26.449496-05:00,PE-CONSUCODE-204871,20607661848,PE-RUC,GOBIERNO REGIONAL DE JUNIN - HOSPITAL REGIONAL DOCENTE DE MEDICINA TROPICAL DR. JULIO CESAR DEMARINI CARO
ocds-dgv273-seacev3-1189030,ocds-dgv273-seacev3-1189030-2026-03-28T10:10:25.584909-05:00,PE-CONSUCODE-200276,20521286769,PE-RUC,ORGANISMO DE EVALUACION Y FISCALIZACION AMBIENTAL
ocds-dgv273-seacev3-1188697,ocds-dgv273-seacev3-1188697-2026-03-28T10:10:25.543557-05:00,PE-CONSUCODE-200276,20521286769,PE-RUC,ORGANISMO DE EVALUACION Y FISCALIZACION AMBIENTAL
ocds-dgv273-seacev3-2026-10249-98,ocds-dgv273-seacev3-2026-10249-98-2026-03-28T10:10:25.219122-05:00,PE-CONSUCODE-10249,20144364059,PE-RUC,FUERZA AEREA DEL PERU
ocds-dgv273-seacev3-1188740,ocds-dgv273-seacev3-1188740-2026-03-28T10:10:24.483771-05:00,PE-CONSUCODE-233,20195410373,PE-RUC,MUNICIPALIDAD DISTRITAL DE PUEBLO LIBRE - HUAYLAS
ocds-dgv273-seacev3-2026-923-5,ocds-dgv273-seacev3-2026-923-5-2026-03-28T10:10:24.261326-05:00,PE-CONSUCODE-923,20230401820,PE-RUC,MUNICIPALIDAD DISTRITAL DE HUANDO
ocds-dgv273-seacev3-1188183,ocds-dgv273-seacev3-1188183-2026-03-28T10:10:24.209763-05:00,PE-CONSUCODE-34,20498390570,PE-RUC,GOBIERNO REGIONAL DE AREQUIPA Sede Central
ocds-dgv273-seacev3-2026-799-1,ocds-dgv273-seacev3-2026-799-1-2026-03-28T10:10:24.134970-05:00,PE-CONSUCODE-799,20214936519,PE-RUC,MUNICIPALIDAD DISTRITAL DE COLQUEMARCA
ocds-dgv273-seacev3-1194013,ocds-dgv273-seacev3-1194013-2026-03-28T10:10:23.649493-05:00,PE-CONSUCODE-50,20531375808,PE-RUC,GOBIERNO REGIONAL DE SAN MARTIN SEDE CENTRAL
ocds-dgv273-seacev3-1189397,ocds-dgv273-seacev3-1189397-2026-03-28T10:10:19.293667-05:00,PE-CONSUCODE-93,20178082141,PE-RUC,MUNICIPALIDAD DISTRITAL DE IMAZA
ocds-dgv273-seacev3-1190697,ocds-dgv273-seacev3-1190697-2026-03-28T10:10:18.999809-05:00,PE-CONSUCODE-1808,20199960939,PE-RUC,MUNICIPALIDAD DISTRITAL DE ALTO BIAVO
ocds-dgv273-seacev3-1190801,ocds-dgv273-seacev3-1190801-2026-03-28T10:10:18.133418-05:00,PE-CONSUCODE-1053,20148420719,PE-RUC,MUNICIPALIDAD DISTRITAL DE MARCONA
ocds-dgv273-seacev3-1190775,ocds-dgv273-seacev3-1190775-2026-03-28T10:10:18.021398-05:00,PE-CONSUCODE-369,20161096068,PE-RUC,MUNICIPALIDAD PROVINCIAL DE COTABAMBAS - TAMBOBAMBA
ocds-dgv273-seacev3-2026-10520-7,ocds-dgv273-seacev3-2026-10520-7-2026-03-28T10:10:17.407601-05:00,PE-CONSUCODE-10520,20163833094,PE-RUC,GOBIERNO REGIONAL DE LAMBAYEQUE-SALUD
ocds-dgv273-seacev3-1190719,ocds-dgv273-seacev3-1190719-2026-03-28T10:10:17.399666-05:00,PE-CONSUCODE-850,20147567449,PE-RUC,MUNICIPALIDAD PROVINCIAL DE URUBAMBA
ocds-dgv273-seacev3-1191859,ocds-dgv273-seacev3-1191859-2026-03-28T10:10:16.678914-05:00,PE-CONSUCODE-10249,20144364059,PE-RUC,FUERZA AEREA DEL PERU
ocds-dgv273-seacev3-2026-1295-7,ocds-dgv273-seacev3-2026-1295-7-2026-03-28T10:10:15.369911-05:00,PE-CONSUCODE-1295,20175975234,PE-RUC,MUNICIPALIDAD PROVINCIAL DE LAMBAYEQUE
ocds-dgv273-seacev3-1189716,ocds-dgv273-seacev3-1189716-2026-03-28T10:10:15.316189-05:00,PE-CONSUCODE-200108,20527179221,PE-RUC,GOBIERNO REGIONAL DE CUSCO - UNIDAD EJECUTORA 401:SALUD CANAS CANCHIS ESPINAR
ocds-dgv273-seacev3-1191774,ocds-dgv273-seacev3-1191774-2026-03-28T10:10:14.811645-05:00,PE-CONSUCODE-2364,20136353315,PE-RUC,ENTIDAD PRESTADORA DE SERVICIO DE SANEAMIENTO DE CUSCO S.A.
ocds-dgv273-seacev3-1189048,ocds-dgv273-seacev3-1189048-2026-03-28T10:10:14.641501-05:00,PE-CONSUCODE-200276,20521286769,PE-RUC,ORGANISMO DE EVALUACION Y FISCALIZACION AMBIENTAL
ocds-dgv273-seacev3-2026-2009-28,ocds-dgv273-seacev3-2026-2009-28-2026-03-28T10:10:14.570107-05:00,PE-CONSUCODE-2009,20527141762,PE-RUC,GOBIERNO REGIONAL DE APURIMAC SEDE CENTRAL
ocds-dgv273-seacev3-1188667,ocds-dgv273-seacev3-1188667-2026-03-28T10:10:13.899702-05:00,PE-CONSUCODE-203786,20602217508,PE-RUC,DIRECCION DE REDES INTEGRADAS DE SALUD LIMA NORTE
ocds-dgv273-seacev3-1188633,ocds-dgv273-seacev3-1188633-2026-03-28T10:10:13.842005-05:00,PE-CONSUCODE-203786,20602217508,PE-RUC,DIRECCION DE REDES INTEGRADAS DE SALUD LIMA NORTE
ocds-dgv273-seacev3-1187877,ocds-dgv273-seacev3-1187877-2026-03-28T10:10:13.818999-05:00,PE-CONSUCODE-1725,20191718683,PE-RUC,MUNICIPALIDAD DISTRITAL DE PATAMBUCO
ocds-dgv273-seacev3-1188136,ocds-dgv273-seacev3-1188136-2026-03-28T10:10:13.784309-05:00,PE-CONSUCODE-200096,20519610214,PE-RUC,MUNICIPALIDAD DISTRITAL DE CORONEL GREGORIO ALBARRACIN LANCHIPA
ocds-dgv273-seacev3-2026-49-87,ocds-dgv273-seacev3-2026-49-87-2026-03-28T10:10:13.676595-05:00,PE-CONSUCODE-49,20406325815,PE-RUC,GOBIERNO REGIONAL DE PUNO SEDE CENTRAL
ocds-dgv273-seacev3-2026-629-4,ocds-dgv273-seacev3-2026-629-4-2026-03-28T10:10:13.495861-05:00,PE-CONSUCODE-629,20199984871,PE-RUC,MUNICIPALIDAD DISTRITAL DE CONDEBAMBA
ocds-dgv273-seacev3-1187721,ocds-dgv273-seacev3-1187721-2026-03-28T10:10:12.910878-05:00,PE-CONSUCODE-220,20195406937,PE-RUC,MUNICIPALIDAD DISTRITAL DE PAUCAS
ocds-dgv273-seacev3-1187729,ocds-dgv273-seacev3-1187729-2026-03-28T10:10:12.896742-05:00,PE-CONSUCODE-220,20195406937,PE-RUC,MUNICIPALIDAD DISTRITAL DE PAUCAS
ocds-dgv273-seacev3-2026-399-17,ocds-dgv273-seacev3-2026-399-17-2026-03-28T10:10:12.816100-05:00,PE-CONSUCODE-399,20159515240,PE-RUC,MUNICIPALIDAD DISTRITAL DE CERRO COLORADO
ocds-dgv273-seacev3-1187465,ocds-dgv273-seacev3-1187465-2026-03-28T10:10:12.799514-05:00,PE-CONSUCODE-1479,20103845590,PE-RUC,MUNICIPALIDAD PROVINCIAL DE MAYNAS - IQUITOS
ocds-dgv273-seacev3-1191896,ocds-dgv273-seacev3-1191896-2026-03-28T10:10:08.965379-05:00,PE-CONSUCODE-1756,20146806679,PE-RUC,MUNICIPALIDAD PROVINCIAL DE MOYOBAMBA
ocds-dgv273-seacev3-2026-1922-23,ocds-dgv273-seacev3-2026-1922-23-2026-03-28T10:10:08.839401-05:00,PE-CONSUCODE-1922,20131370564,PE-RUC,"SUPERINTENDENCIA DE BANCA, SEGUROS Y AFP"
ocds-dgv273-seacev3-2026-20002-45,ocds-dgv273-seacev3-2026-20002-45-2026-03-28T10:10:08.759790-05:00,PE-CONSUCODE-20002,20172772278,PE-RUC,GOBIERNO REGIONAL DE AYACUCHO - HOSPITAL HUAMANGA
ocds-dgv273-seacev3-2026-2371-4,ocds-dgv273-seacev3-2026-2371-4-2026-03-28T10:10:08.418588-05:00,PE-CONSUCODE-2371,20162275012,PE-RUC,EMPRESA PRESTADORA DE SERVICIOS DE SANEAMIENTO DE MOYOBAMBA SOCIEDAD ANÓNIMA
ocds-dgv273-seacev3-2026-125-1,ocds-dgv273-seacev3-2026-125-1-2026-03-28T10:10:08.352578-05:00,PE-CONSUCODE-125,20183970055,PE-RUC,MUNICIPALIDAD DISTRITAL DE SANTO TOMAS - LUYA
ocds-dgv273-seacev3-2026-1808-1,ocds-dgv273-seacev3-2026-1808-1-2026-03-28T10:10:07.573699-05:00,PE-CONSUCODE-1808,20199960939,PE-RUC,MUNICIPALIDAD DISTRITAL DE ALTO BIAVO
ocds-dgv273-seacev3-1191378,ocds-dgv273-seacev3-1191378-2026-03-28T10:10:06.388425-05:00,PE-CONSUCODE-1511,20193443479,PE-RUC,MUNICIPALIDAD DISTRITAL DE ALTO TAPICHE
ocds-dgv273-seacev3-2026-968-1,ocds-dgv273-seacev3-2026-968-1-2026-03-28T10:10:04.274872-05:00,PE-CONSUCODE-968,20145850798,PE-RUC,MUNICIPALIDAD PROVINCIAL DE DOS DE MAYO - LA UNION
ocds-dgv273-seacev3-2026-619-2,ocds-dgv273-seacev3-2026-619-2-2026-03-28T10:10:02.502153-05:00,PE-CONSUCODE-619,20171779660,PE-RUC,MUNICIPALIDAD DISTRITAL DE JESUS
ocds-dgv273-seacev3-2026-492-1,ocds-dgv273-seacev3-2026-492-1-2026-03-28T10:10:02.026616-05:00,PE-CONSUCODE-492,20198022480,PE-RUC,MUNICIPALIDAD DISTRITAL DE MEJIA
ocds-dgv273-seacev3-2026-852-1,ocds-dgv273-seacev3-2026-852-1-2026-03-28T10:10:01.919931-05:00,PE-CONSUCODE-852,20159377696,PE-RUC,MUNICIPALIDAD DISTRITAL DE HUAYLLABAMBA - URUBAMBA
ocds-dgv273-seacev3-1190046,ocds-dgv273-seacev3-1190046-2026-03-28T10:09:57.064180-05:00,PE-CONSUCODE-1692,20146266208,PE-RUC,MUNICIPALIDAD DISTRITAL DE POMATA
ocds-dgv273-seacev3-2026-315-1,ocds-dgv273-seacev3-2026-315-1-2026-03-28T10:09:56.241177-05:00,PE-CONSUCODE-315,20364841109,PE-RUC,MUNICIPALIDAD DISTRITAL DE SAN PEDRO - OCROS
ocds-dgv273-seacev3-1189173,ocds-dgv273-seacev3-1189173-2026-03-28T10:09:56.097622-05:00,PE-CONSUCODE-423,20168918942,PE-RUC,MUNICIPALIDAD DISTRITAL DE JACOBO HUNTER
ocds-dgv273-seacev3-1190438,ocds-dgv273-seacev3-1190438-2026-03-28T10:09:56.053197-05:00,PE-CONSUCODE-1970,20131369981,PE-RUC,INSTITUTO NACIONAL DE ESTADISTICA
ocds-dgv273-seacev3-2026-993-2,ocds-dgv273-seacev3-2026-993-2-2026-03-28T10:09:54.945917-05:00,PE-CONSUCODE-993,20199856520,PE-RUC,MUNICIPALIDAD DISTRITAL DE MARIANO DAMASO BERAUN - LAS PALMAS
ocds-dgv273-seacev3-2026-1952-33,ocds-dgv273-seacev3-2026-1952-33-2026-03-28T10:09:54.114971-05:00,PE-CONSUCODE-1952,20419026809,PE-RUC,ORGANISMO ESPECIALIZADO PARA LAS CONTRATACIONES PUBLICAS EFICIENTES
ocds-dgv273-seacev3-2026-2371-6,ocds-dgv273-seacev3-2026-2371-6-2026-03-28T10:09:53.994441-05:00,PE-CONSUCODE-2371,20162275012,PE-RUC,EMPRESA PRESTADORA DE SERVICIOS DE SANEAMIENTO DE MOYOBAMBA SOCIEDAD ANÓNIMA
ocds-dgv273-seacev3-1192094,ocds-dgv273-seacev3-1192094-2026-03-28T10:09:52.203780-05:00,PE-CONSUCODE-34,20498390570,PE-RUC,GOBIERNO REGIONAL DE AREQUIPA Sede Central
ocds-dgv273-seacev3-1191460,ocds-dgv273-seacev3-1191460-2026-03-27T10:16:32.306730-05:00,PE-CONSUCODE-200261,20477936882,PE-RUC,PROGRAMA DE DESARROLLO PRODUCTIVO AGRARIO RURAL - AGRO RURAL
ocds-dgv273-seacev3-1192684,ocds-dgv273-seacev3-1192684-2026-03-27T10:16:30.340136-05:00,PE-CONSUCODE-1576,20163069831,PE-RUC,MUNICIPALIDAD DISTRITAL DE VILCABAMBA - DANIEL A. CARRION
ocds-dgv273-seacev3-1191036,ocds-dgv273-seacev3-1191036-2026-03-27T10:16:29.984280-05:00,PE-CONSUCODE-1982,20135897044,PE-RUC,INSTITUTO PERUANO DEL DEPORTE
ocds-dgv273-seacev3-1190037,ocds-dgv273-seacev3-1190037-2026-03-27T10:16:28.535971-05:00,PE-CONSUCODE-700,20148261572,PE-RUC,MUNICIPALIDAD PROVINCIAL DE SAN IGNACIO
ocds-dgv273-seacev3-2026-1003004403-1,ocds-dgv273-seacev3-2026-1003004403-1-2026-03-27T10:16:28.343532-05:00,PE-CONSUCODE-200865,20569238537,PE-RUC,GOBIERNO REGIONAL DE ANCASH - DIRECCION DE RED DE SALUD PACIFICO NORTE
ocds-dgv273-seacev3-2026-2381-31,ocds-dgv273-seacev3-2026-2381-31-2026-03-27T10:16:27.179455-05:00,PE-CONSUCODE-2381,20102762925,PE-RUC,ENTIDAD PRESTADORA DE SERVICIO DE SANEAMIENTO GRAU S.A.
ocds-dgv273-seacev3-1190150,ocds-dgv273-seacev3-1190150-2026-03-27T10:16:27.060953-05:00,PE-CONSUCODE-37,20527147612,PE-RUC,GOBIERNO REGIONAL DE CUSCO SEDE CENTRAL
ocds-dgv273-seacev3-1188377,ocds-dgv273-seacev3-1188377-2026-03-27T10:16:22.708036-05:00,PE-CONSUCODE-1648,20146247084,PE-RUC,MUNICIPALIDAD PROVINCIAL DE PUNO
ocds-dgv273-seacev3-2026-1585-5,ocds-dgv273-seacev3-2026-1585-5-2026-03-27T10:16:22.609410-05:00,PE-CONSUCODE-1585,20172618864,PE-RUC,MUNICIPALIDAD DISTRITAL DE CASTILLA
ocds-dgv273-seacev3-2026-1003026180-1,ocds-dgv273-seacev3-2026-1003026180-1-2026-03-27T10:16:22.587637-05:00,PE-CONSUCODE-205290,20481036420,PE-RUC,MUNICIPALIDAD DISTRITAL DE ALTO TRUJILLO
ocds-dgv273-seacev3-1189123,ocds-dgv273-seacev3-1189123-2026-03-27T10:16:22.090043-05:00,PE-CONSUCODE-1676,20227108691,PE-RUC,MUNICIPALIDAD DISTRITAL DE SANTIAGO DE PUPUJA
ocds-dgv273-seacev3-2026-1579-1,ocds-dgv273-seacev3-2026-1579-1-2026-03-27T10:16:20.110761-05:00,PE-CONSUCODE-1579,20288291595,PE-RUC,MUNICIPALIDAD DISTRITAL DE HUANCABAMBA
ocds-dgv273-seacev3-1190277,ocds-dgv273-seacev3-1190277-2026-03-27T10:16:19.816682-05:00,PE-CONSUCODE-218,20200033249,PE-RUC,MUNICIPALIDAD DISTRITAL DE HUANTAR
ocds-dgv273-seacev3-2026-10249-71,ocds-dgv273-seacev3-2026-10249-71-2026-03-27T10:16:19.450706-05:00,PE-CONSUCODE-10249,20144364059,PE-RUC,FUERZA AEREA DEL PERU
ocds-dgv273-seacev3-1188754,ocds-dgv273-seacev3-1188754-2026-03-27T10:16:17.192196-05:00,PE-CONSUCODE-200276,20521286769,PE-RUC,ORGANISMO DE EVALUACION Y FISCALIZACION AMBIENTAL
ocds-dgv273-seacev3-2026-847-11,ocds-dgv273-seacev3-2026-847-11-2026-03-27T10:16:16.141869-05:00,PE-CONSUCODE-847,20195499765,PE-RUC,MUNICIPALIDAD DISTRITAL DE OCONGATE
ocds-dgv273-seacev3-2026-10466-1,ocds-dgv273-seacev3-2026-10466-1-2026-03-27T10:16:12.650774-05:00,PE-CONSUCODE-10466,20146038329,PE-RUC,GOBIERNO REGIONAL DE HUANUCO-HOSPITAL DE HUANUCO HERMILIO VALDIZAN
ocds-dgv273-seacev3-1190070,ocds-dgv273-seacev3-1190070-2026-03-27T10:16:11.670676-05:00,PE-CONSUCODE-10403,20185898343,PE-RUC,GOBIERNO REGIONAL DE APURIMAC-CHANKA
ocds-dgv273-seacev3-1190782,ocds-dgv273-seacev3-1190782-2026-03-27T10:16:11.544918-05:00,PE-CONSUCODE-10403,20185898343,PE-RUC,GOBIERNO REGIONAL DE APURIMAC-CHANKA
ocds-dgv273-seacev3-2026-977-1,ocds-dgv273-seacev3-2026-977-1-2026-03-27T10:16:11.371277-05:00,PE-CONSUCODE-977,20175212095,PE-RUC,MUNICIPALIDAD PROVINCIAL DE HUAMALIES - LLATA
ocds-dgv273-seacev3-1190388,ocds-dgv273-seacev3-1190388-2026-03-27T10:16:11.201735-05:00,PE-CONSUCODE-200367,20490338773,PE-RUC,GOBIERNO REGIONAL DE APURIMAC-GERENCIA SUBREGIONAL CHINCHEROS
ocds-dgv273-seacev3-1189713,ocds-dgv273-seacev3-1189713-2026-03-27T10:16:11.135346-05:00,PE-CONSUCODE-10567,20221107137,PE-RUC,GOBIERNO REGIONAL DE PUNO-AGRICULTURA
ocds-dgv273-seacev3-1189556,ocds-dgv273-seacev3-1189556-2026-03-27T10:16:10.877490-05:00,PE-CONSUCODE-1679,20207352871,PE-RUC,MUNICIPALIDAD DISTRITAL DE AJOYANI
ocds-dgv273-seacev3-1189302,ocds-dgv273-seacev3-1189302-2026-03-27T10:16:10.794918-05:00,PE-CONSUCODE-754,20159308961,PE-RUC,MUNICIPALIDAD DISTRITAL DE SAN SEBASTIAN
ocds-dgv273-seacev3-1190738,ocds-dgv273-seacev3-1190738-2026-03-27T10:16:08.612755-05:00,PE-CONSUCODE-203686,20601845335,PE-RUC,GOBIERNO REGIONAL DE UCAYALI RED DE SALUD N° 01 CORONEL PORTILLO
ocds-dgv273-seacev3-2026-53-24,ocds-dgv273-seacev3-2026-53-24-2026-03-27T10:16:08.362593-05:00,PE-CONSUCODE-53,20393066386,PE-RUC,GOBIERNO REGIONAL DE UCAYALI SEDE CENTRAL
ocds-dgv273-seacev3-2026-200322-3,ocds-dgv273-seacev3-2026-200322-3-2026-03-27T10:16:07.086168-05:00,PE-CONSUCODE-200322,20393573725,PE-RUC,GOBIERNO REGIONAL DE UCAYALI - RED DE SALUD Nº 04 - AGUAYTIA- SAN ALEJANDRO
ocds-dgv273-seacev3-1186962,ocds-dgv273-seacev3-1186962-2026-03-27T10:16:06.984214-05:00,PE-CONSUCODE-805,20147346434,PE-RUC,MUNICIPALIDAD PROVINCIAL DE ESPINAR
ocds-dgv273-seacev3-2026-180125-2,ocds-dgv273-seacev3-2026-180125-2-2026-03-27T10:16:01.605342-05:00,PE-CONSUCODE-204066,20602789137,PE-RUC,CORTE SUPERIOR DE JUSTICIA DE HUAURA
ocds-dgv273-seacev3-1191288,ocds-dgv273-seacev3-1191288-2026-03-27T10:16:00.577880-05:00,PE-CONSUCODE-1555,20154491288,PE-RUC,MUNICIPALIDAD DISTRITAL DE EL ALGARROBAL
ocds-dgv273-seacev3-1191177,ocds-dgv273-seacev3-1191177-2026-03-27T10:16:00.123265-05:00,PE-CONSUCODE-1768,20162983793,PE-RUC,MUNICIPALIDAD PROVINCIAL DE LAMAS
ocds-dgv273-seacev3-1192385,ocds-dgv273-seacev3-1192385-2026-03-27T10:15:59.912469-05:00,PE-CONSUCODE-1598,20165913788,PE-RUC,MUNICIPALIDAD DISTRITAL DE PACAIPAMPA
ocds-dgv273-seacev3-1193044,ocds-dgv273-seacev3-1193044-2026-03-27T10:15:59.241557-05:00,PE-CONSUCODE-42,20440374248,PE-RUC,GOBIERNO REGIONAL DE LA LIBERTAD Sede Central
ocds-dgv273-seacev3-1189761,ocds-dgv273-seacev3-1189761-2026-03-27T10:15:58.693441-05:00,PE-CONSUCODE-726,20185117627,PE-RUC,MUNICIPALIDAD DISTRITAL DE CATACHE
ocds-dgv273-seacev3-2026-1925-4,ocds-dgv273-seacev3-2026-1925-4-2026-03-27T10:15:56.783102-05:00,PE-CONSUCODE-1925,20147797011,PE-RUC,GOBIERNO REGIONAL DE TACNA ZONA FRANCA Y ZONA COMERCIAL DE TACNA - ZOFRATACNA
ocds-dgv273-seacev3-1187112,ocds-dgv273-seacev3-1187112-2026-03-27T10:15:55.328284-05:00,PE-CONSUCODE-1811,20193188851,PE-RUC,MUNICIPALIDAD DISTRITAL DE SAN PABLO - BELLAVISTA
ocds-dgv273-seacev3-1187286,ocds-dgv273-seacev3-1187286-2026-03-27T10:15:55.091974-05:00,PE-CONSUCODE-753,20159386253,PE-RUC,MUNICIPALIDAD DISTRITAL DE SAN JERONIMO - CUSCO
ocds-dgv273-seacev3-2026-200386-4,ocds-dgv273-seacev3-2026-200386-4-2026-03-27T10:15:50.947505-05:00,PE-CONSUCODE-200386,20491363402,PE-RUC,UNIVERSIDAD NACIONAL DE CAÑETE
ocds-dgv273-seacev3-1189870,ocds-dgv273-seacev3-1189870-2026-03-27T10:15:50.043540-05:00,PE-CONSUCODE-1850,20194735384,PE-RUC,MUNICIPALIDAD PROVINCIAL DE JORGE BASADRE - LOCUMBA
ocds-dgv273-seacev3-1188691,ocds-dgv273-seacev3-1188691-2026-03-27T10:15:49.459651-05:00,PE-CONSUCODE-703,20192245461,PE-RUC,MUNICIPALIDAD DISTRITAL DE LA COIPA
ocds-dgv273-seacev3-1191815,ocds-dgv273-seacev3-1191815-2026-03-27T10:15:49.085364-05:00,PE-CONSUCODE-202685,20600985206,PE-RUC,GOBIERNO REGIONAL HUANCAVELICA UNIDAD EJECUTORA 406 RED DE SALUD HUANCAVELICA
ocds-dgv273-seacev3-2026-10561-1,ocds-dgv273-seacev3-2026-10561-1-2026-03-27T10:15:47.073326-05:00,PE-CONSUCODE-10561,20483721553,PE-RUC,GOBIERNO REGIONAL DE PIURA-SALUD MORROPON-CHULUCANAS
ocds-dgv273-seacev3-2026-1860-2,ocds-dgv273-seacev3-2026-1860-2-2026-03-27T10:15:46.553944-05:00,PE-CONSUCODE-1860,20178689348,PE-RUC,MUNICIPALIDAD DISTRITAL DE CORRALES
ocds-dgv273-seacev3-2026-1786-2,ocds-dgv273-seacev3-2026-1786-2-2026-03-27T10:15:45.699671-05:00,PE-CONSUCODE-1786,20187362840,PE-RUC,MUNICIPALIDAD DISTRITAL DE ELIAS SOPLIN VARGAS
ocds-dgv273-seacev3-2026-1025-5,ocds-dgv273-seacev3-2026-1025-5-2026-03-27T10:15:45.220113-05:00,PE-CONSUCODE-1025,20142167744,PE-RUC,MUNICIPALIDAD PROVINCIAL DE ICA
ocds-dgv273-seacev3-1187242,ocds-dgv273-seacev3-1187242-2026-03-27T10:15:44.779072-05:00,PE-CONSUCODE-278,20282911915,PE-RUC,MUNICIPALIDAD DISTRITAL DE NUEVO CHIMBOTE
ocds-dgv273-seacev3-2026-1003085953-2,ocds-dgv273-seacev3-2026-1003085953-2-2026-03-27T10:15:44.612704-05:00,PE-CONSUCODE-205792,20613491661,PE-RUC,UNIVERSIDAD NACIONAL DE CARABAYA
ocds-dgv273-seacev3-1189137,ocds-dgv273-seacev3-1189137-2026-03-27T10:15:40.312189-05:00,PE-CONSUCODE-1257,20207890261,PE-RUC,MUNICIPALIDAD DISTRITAL DE PAIJAN
ocds-dgv273-seacev3-1191172,ocds-dgv273-seacev3-1191172-2026-03-27T10:15:39.990137-05:00,PE-CONSUCODE-200332,20494981280,PE-RUC,GOBIERNO REGIONAL DE CUSCO - UNIDAD EJECUTORA 406 : RED DE SERVICIOS DE SALUD KIMBIRI-PICHARI
ocds-dgv273-seacev3-1189869,ocds-dgv273-seacev3-1189869-2026-03-27T10:15:38.761593-05:00,PE-CONSUCODE-651,20174691267,PE-RUC,MUNICIPALIDAD PROVINCIAL DE CUTERVO
ocds-dgv273-seacev3-2026-616-1,ocds-dgv273-seacev3-2026-616-1-2026-03-27T10:15:38.705700-05:00,PE-CONSUCODE-616,20190683070,PE-RUC,MUNICIPALIDAD DISTRITAL DE COSPAN
ocds-dgv273-seacev3-2026-810-1,ocds-dgv273-seacev3-2026-810-1-2026-03-27T10:15:38.550747-05:00,PE-CONSUCODE-810,20147419504,PE-RUC,MUNICIPALIDAD DISTRITAL DE PICHIGUA
ocds-dgv273-seacev3-1188483,ocds-dgv273-seacev3-1188483-2026-03-27T10:15:37.895908-05:00,PE-CONSUCODE-200276,20521286769,PE-RUC,ORGANISMO DE EVALUACION Y FISCALIZACION AMBIENTAL
ocds-dgv273-seacev3-1190721,ocds-dgv273-seacev3-1190721-2026-03-27T10:15:37.738281-05:00,PE-CONSUCODE-190,20193330861,PE-RUC,MUNICIPALIDAD DISTRITAL DE ACOPAMPA
ocds-dgv273-seacev3-2026-707-2,ocds-dgv273-seacev3-2026-707-2-2026-03-27T10:15:35.446980-05:00,PE-CONSUCODE-707,20143625843,PE-RUC,MUNICIPALIDAD PROVINCIAL DE SAN MIGUEL
ocds-dgv273-seacev3-1189624,ocds-dgv273-seacev3-1189624-2026-03-27T10:15:35.330683-05:00,PE-CONSUCODE-200276,20521286769,PE-RUC,ORGANISMO DE EVALUACION Y FISCALIZACION AMBIENTAL
ocds-dgv273-seacev3-2026-1834-7,ocds-dgv273-seacev3-2026-1834-7-2026-03-27T10:15:28.048922-05:00,PE-CONSUCODE-1834,20147796715,PE-RUC,MUNICIPALIDAD DISTRITAL DE ALTO DE LA ALIANZA
ocds-dgv273-seacev3-1189811,ocds-dgv273-seacev3-1189811-2026-03-27T10:15:28.021087-05:00,PE-CONSUCODE-923,20230401820,PE-RUC,MUNICIPALIDAD DISTRITAL DE HUANDO
ocds-dgv273-seacev3-1191188,ocds-dgv273-seacev3-1191188-2026-03-27T10:15:26.765179-05:00,PE-CONSUCODE-1784,20148170933,PE-RUC,MUNICIPALIDAD PROVINCIAL DE RIOJA
ocds-dgv273-seacev3-1190971,ocds-dgv273-seacev3-1190971-2026-03-27T10:15:26.597067-05:00,PE-CONSUCODE-1850,20194735384,PE-RUC,MUNICIPALIDAD PROVINCIAL DE JORGE BASADRE - LOCUMBA
ocds-dgv273-seacev3-2026-1003004403-3,ocds-dgv273-seacev3-2026-1003004403-3-2026-03-27T10:15:26.124758-05:00,PE-CONSUCODE-200865,20569238537,PE-RUC,GOBIERNO REGIONAL DE ANCASH - DIRECCION DE RED DE SALUD PACIFICO NORTE
ocds-dgv273-seacev3-1189681,ocds-dgv273-seacev3-1189681-2026-03-27T10:15:25.708605-05:00,PE-CONSUCODE-651,20174691267,PE-RUC,MUNICIPALIDAD PROVINCIAL DE CUTERVO
ocds-dgv273-seacev3-2026-1003003359-6,ocds-dgv273-seacev3-2026-1003003359-6-2026-03-27T10:15:25.585495-05:00,PE-CONSUCODE-200825,20556118079,PE-RUC,POLICÍA NACIONAL DEL PERÚ - DIRECCIÓN EJECUTIVA DE INVESTIGACIÓN CRIMINAL Y APOYO A LA JUSTICIA
ocds-dgv273-seacev3-1190599,ocds-dgv273-seacev3-1190599-2026-03-26T10:13:32.459721-05:00,PE-CONSUCODE-519,20143166717,PE-RUC,MUNICIPALIDAD PROVINCIAL DE CANGALLO
ocds-dgv273-seacev3-2026-63205-2,ocds-dgv273-seacev3-2026-63205-2-2026-03-26T10:13:31.522456-05:00,PE-CONSUCODE-201965,20600351118,PE-RUC,GOBIERNO REGIONAL DE JUNIN - UNIDAD EJECUTORA RED DE SALUD PICHANAKI
ocds-dgv273-seacev3-1190578,ocds-dgv273-seacev3-1190578-2026-03-26T10:13:30.669530-05:00,PE-CONSUCODE-1220,20164108539,PE-RUC,MUNICIPALIDAD DISTRITAL DE HUARANCHAL
ocds-dgv273-seacev3-2026-827-1,ocds-dgv273-seacev3-2026-827-1-2026-03-26T10:13:30.385268-05:00,PE-CONSUCODE-827,20159363121,PE-RUC,MUNICIPALIDAD DISTRITAL DE HUANOQUITE
ocds-dgv273-seacev3-1189835,ocds-dgv273-seacev3-1189835-2026-03-26T10:13:29.746501-05:00,PE-CONSUCODE-1881,20188331581,PE-RUC,MUNICIPALIDAD PROVINCIAL DE PADRE ABAD - AGUAYTIA
ocds-dgv273-seacev3-1189607,ocds-dgv273-seacev3-1189607-2026-03-26T10:13:29.673300-05:00,PE-CONSUCODE-200276,20521286769,PE-RUC,ORGANISMO DE EVALUACION Y FISCALIZACION AMBIENTAL
ocds-dgv273-seacev3-1190390,ocds-dgv273-seacev3-1190390-2026-03-26T10:13:28.774746-05:00,PE-CONSUCODE-519,20143166717,PE-RUC,MUNICIPALIDAD PROVINCIAL DE CANGALLO
ocds-dgv273-seacev3-1190350,ocds-dgv273-seacev3-1190350-2026-03-26T10:13:28.440281-05:00,PE-CONSUCODE-519,20143166717,PE-RUC,MUNICIPALIDAD PROVINCIAL DE CANGALLO
ocds-dgv273-seacev3-1189665,ocds-dgv273-seacev3-1189665-2026-03-26T10:13:28.235255-05:00,PE-CONSUCODE-200276,20521286769,PE-RUC,ORGANISMO DE EVALUACION Y FISCALIZACION AMBIENTAL
ocds-dgv273-seacev3-1189862,ocds-dgv273-seacev3-1189862-2026-03-26T10:13:28.214412-05:00,PE-CONSUCODE-200276,20521286769,PE-RUC,ORGANISMO DE EVALUACION Y FISCALIZACION AMBIENTAL
ocds-dgv273-seacev3-1189812,ocds-dgv273-seacev3-1189812-2026-03-26T10:13:28.180599-05:00,PE-CONSUCODE-200276,20521286769,PE-RUC,ORGANISMO DE EVALUACION Y FISCALIZACION AMBIENTAL
ocds-dgv273-seacev3-1190865,ocds-dgv273-seacev3-1190865-2026-03-26T10:13:27.753923-05:00,PE-CONSUCODE-374,20288774553,PE-RUC,MUNICIPALIDAD DISTRITAL DE CHALLHUAHUACHO
ocds-dgv273-seacev3-1186078,ocds-dgv273-seacev3-1186078-2026-03-26T10:13:27.051425-05:00,PE-CONSUCODE-1326,20131376848,PE-RUC,MUNICIPALIDAD DISTRITAL DE MAGDALENA DEL MAR
ocds-dgv273-seacev3-1188948,ocds-dgv273-seacev3-1188948-2026-03-26T10:13:26.937629-05:00,PE-CONSUCODE-200276,20521286769,PE-RUC,ORGANISMO DE EVALUACION Y FISCALIZACION AMBIENTAL
ocds-dgv273-seacev3-1188071,ocds-dgv273-seacev3-1188071-2026-03-26T10:13:26.846079-05:00,PE-CONSUCODE-749,20177217043,PE-RUC,MUNICIPALIDAD PROVINCIAL DEL CUSCO
ocds-dgv273-seacev3-1187591,ocds-dgv273-seacev3-1187591-2026-03-26T10:13:26.441995-05:00,PE-CONSUCODE-10247,20131369124,PE-RUC,EJERCITO PERUANO
ocds-dgv273-seacev3-1186750,ocds-dgv273-seacev3-1186750-2026-03-26T10:13:26.428030-05:00,PE-CONSUCODE-1762,20154546872,PE-RUC,MUNICIPALIDAD PROVINCIAL DE HUALLAGA - SAPOSOA
ocds-dgv273-seacev3-1187368,ocds-dgv273-seacev3-1187368-2026-03-26T10:13:26.324725-05:00,PE-CONSUCODE-907,20190345344,PE-RUC,MUNICIPALIDAD PROVINCIAL DE TAYACAJA - PAMPAS
ocds-dgv273-seacev3-2026-1250-6,ocds-dgv273-seacev3-2026-1250-6-2026-03-26T10:13:26.115968-05:00,PE-CONSUCODE-1250,20192751919,PE-RUC,MUNICIPALIDAD DISTRITAL DE QUIRUVILCA
ocds-dgv273-seacev3-1190366,ocds-dgv273-seacev3-1190366-2026-03-26T10:13:22.928971-05:00,PE-CONSUCODE-814,20159368271,PE-RUC,MUNICIPALIDAD DISTRITAL DE ECHARATI
ocds-dgv273-seacev3-1190371,ocds-dgv273-seacev3-1190371-2026-03-26T10:13:22.883806-05:00,PE-CONSUCODE-519,20143166717,PE-RUC,MUNICIPALIDAD PROVINCIAL DE CANGALLO
ocds-dgv273-seacev3-1191797,ocds-dgv273-seacev3-1191797-2026-03-26T10:13:22.229499-05:00,PE-CONSUCODE-200276,20521286769,PE-RUC,ORGANISMO DE EVALUACION Y FISCALIZACION AMBIENTAL
ocds-dgv273-seacev3-1189773,ocds-dgv273-seacev3-1189773-2026-03-26T10:13:21.460334-05:00,PE-CONSUCODE-200276,20521286769,PE-RUC,ORGANISMO DE EVALUACION Y FISCALIZACION AMBIENTAL
ocds-dgv273-seacev3-1189985,ocds-dgv273-seacev3-1189985-2026-03-26T10:13:21.388173-05:00,PE-CONSUCODE-651,20174691267,PE-RUC,MUNICIPALIDAD PROVINCIAL DE CUTERVO
ocds-dgv273-seacev3-1189631,ocds-dgv273-seacev3-1189631-2026-03-26T10:13:20.978208-05:00,PE-CONSUCODE-200276,20521286769,PE-RUC,ORGANISMO DE EVALUACION Y FISCALIZACION AMBIENTAL
ocds-dgv273-seacev3-2026-51-79,ocds-dgv273-seacev3-2026-51-79-2026-03-26T10:13:20.901667-05:00,PE-CONSUCODE-51,20519752515,PE-RUC,GOBIERNO REGIONAL DE TACNA SEDE CENTRAL
ocds-dgv273-seacev3-2026-1833-15,ocds-dgv273-seacev3-2026-1833-15-2026-03-26T10:13:20.624491-05:00,PE-CONSUCODE-1833,20147797100,PE-RUC,MUNICIPALIDAD PROVINCIAL DE TACNA
ocds-dgv273-seacev3-1190398,ocds-dgv273-seacev3-1190398-2026-03-26T10:13:20.386523-05:00,PE-CONSUCODE-814,20159368271,PE-RUC,MUNICIPALIDAD DISTRITAL DE ECHARATI
ocds-dgv273-seacev3-2026-1682-1,ocds-dgv273-seacev3-2026-1682-1-2026-03-26T10:13:20.226835-05:00,PE-CONSUCODE-1682,20205221353,PE-RUC,MUNICIPALIDAD DISTRITAL DE CORANI
ocds-dgv273-seacev3-1190219,ocds-dgv273-seacev3-1190219-2026-03-26T10:13:20.106122-05:00,PE-CONSUCODE-40,20489250731,PE-RUC,GOBIERNO REGIONAL DE HUANUCO SEDE CENTRAL
ocds-dgv273-seacev3-1188301,ocds-dgv273-seacev3-1188301-2026-03-26T10:13:19.298369-05:00,PE-CONSUCODE-200683,20508650451,PE-RUC,IAFAS DEL EJERCITO DEL PERU (FOSPEME)
ocds-dgv273-seacev3-1189527,ocds-dgv273-seacev3-1189527-2026-03-26T10:13:19.265736-05:00,PE-CONSUCODE-202725,20601012937,PE-RUC,MUNICIPALIDAD DISTRITAL DE VILLA KINTIARINA
ocds-dgv273-seacev3-1188587,ocds-dgv273-seacev3-1188587-2026-03-26T10:13:18.743829-05:00,PE-CONSUCODE-10351,20162554167,PE-RUC,GOBIERNO REGIONAL DE AREQUIPA - PROYECTO ESPECIAL MAJES-SIGUAS  AUTODEMA
ocds-dgv273-seacev3-1187141,ocds-dgv273-seacev3-1187141-2026-03-26T10:13:17.882377-05:00,PE-CONSUCODE-1717,20156602524,PE-RUC,MUNICIPALIDAD DISTRITAL DE MACARI
ocds-dgv273-seacev3-1188669,ocds-dgv273-seacev3-1188669-2026-03-26T10:13:17.836479-05:00,PE-CONSUCODE-835,20168076640,PE-RUC,MUNICIPALIDAD DISTRITAL DE CHALLABAMBA
ocds-dgv273-seacev3-1188924,ocds-dgv273-seacev3-1188924-2026-03-26T10:13:17.695708-05:00,PE-CONSUCODE-1879,20222295166,PE-RUC,MUNICIPALIDAD DISTRITAL DE TAHUANIA
ocds-dgv273-seacev3-2026-1952-41,ocds-dgv273-seacev3-2026-1952-41-2026-03-26T10:13:13.654645-05:00,PE-CONSUCODE-1952,20419026809,PE-RUC,ORGANISMO ESPECIALIZADO PARA LAS CONTRATACIONES PUBLICAS EFICIENTES
ocds-dgv273-seacev3-1190330,ocds-dgv273-seacev3-1190330-2026-03-26T10:13:13.517954-05:00,PE-CONSUCODE-1759,20208294947,PE-RUC,MUNICIPALIDAD DISTRITAL DE JEPELACIO
ocds-dgv273-seacev3-1189378,ocds-dgv273-seacev3-1189378-2026-03-26T10:13:12.595911-05:00,PE-CONSUCODE-1731,20165195290,PE-RUC,MUNICIPALIDAD PROVINCIAL DE SAN ROMAN - JULIACA
ocds-dgv273-seacev3-2026-10474-7,ocds-dgv273-seacev3-2026-10474-7-2026-03-26T10:13:12.523831-05:00,PE-CONSUCODE-10474,20410275768,PE-RUC,GOBIERNO REGIONAL DE ICA- SALUD CHINCHA - PISCO
ocds-dgv273-seacev3-1191367,ocds-dgv273-seacev3-1191367-2026-03-26T10:13:12.350799-05:00,PE-CONSUCODE-425,20312108284,PE-RUC,MUNICIPALIDAD DISTRITAL DE JOSE LUIS BUSTAMANTE Y RIVERO
ocds-dgv273-seacev3-2026-849-2,ocds-dgv273-seacev3-2026-849-2-2026-03-26T10:13:10.018195-05:00,PE-CONSUCODE-849,20159386415,PE-RUC,MUNICIPALIDAD DISTRITAL DE QUIQUIJANA
ocds-dgv273-seacev3-1190602,ocds-dgv273-seacev3-1190602-2026-03-26T10:13:09.578940-05:00,PE-CONSUCODE-519,20143166717,PE-RUC,MUNICIPALIDAD PROVINCIAL DE CANGALLO
ocds-dgv273-seacev3-1190423,ocds-dgv273-seacev3-1190423-2026-03-26T10:13:09.568741-05:00,PE-CONSUCODE-519,20143166717,PE-RUC,MUNICIPALIDAD PROVINCIAL DE CANGALLO
ocds-dgv273-seacev3-1190408,ocds-dgv273-seacev3-1190408-2026-03-26T10:13:09.538613-05:00,PE-CONSUCODE-519,20143166717,PE-RUC,MUNICIPALIDAD PROVINCIAL DE CANGALLO
ocds-dgv273-seacev3-1190402,ocds-dgv273-seacev3-1190402-2026-03-26T10:13:09.528557-05:00,PE-CONSUCODE-519,20143166717,PE-RUC,MUNICIPALIDAD PROVINCIAL DE CANGALLO
ocds-dgv273-seacev3-2026-1952-30,ocds-dgv273-seacev3-2026-1952-30-2026-03-26T10:13:09.445034-05:00,PE-CONSUCODE-1952,20419026809,PE-RUC,ORGANISMO ESPECIALIZADO PARA LAS CONTRATACIONES PUBLICAS EFICIENTES
ocds-dgv273-seacev3-1188912,ocds-dgv273-seacev3-1188912-2026-03-26T10:13:08.368773-05:00,PE-CONSUCODE-200276,20521286769,PE-RUC,ORGANISMO DE EVALUACION Y FISCALIZACION AMBIENTAL
ocds-dgv273-seacev3-1188895,ocds-dgv273-seacev3-1188895-2026-03-26T10:13:08.348566-05:00,PE-CONSUCODE-200276,20521286769,PE-RUC,ORGANISMO DE EVALUACION Y FISCALIZACION AMBIENTAL
ocds-dgv273-seacev3-1186759,ocds-dgv273-seacev3-1186759-2026-03-26T10:13:08.317104-05:00,PE-CONSUCODE-203086,20601224624,PE-RUC,HOSPITAL DE EMERGENCIAS VILLA EL SALVADOR
ocds-dgv273-seacev3-1186504,ocds-dgv273-seacev3-1186504-2026-03-26T10:13:08.175855-05:00,PE-CONSUCODE-834,20217203997,PE-RUC,MUNICIPALIDAD DISTRITAL DE COLQUEPATA
ocds-dgv273-seacev3-2026-1621-42,ocds-dgv273-seacev3-2026-1621-42-2026-03-26T10:13:08.137993-05:00,PE-CONSUCODE-1621,20162361440,PE-RUC,MUNICIPALIDAD PROVINCIAL DE PAITA
ocds-dgv273-seacev3-2026-1674-1,ocds-dgv273-seacev3-2026-1674-1-2026-03-26T10:13:07.556290-05:00,PE-CONSUCODE-1674,20214366747,PE-RUC,MUNICIPALIDAD DISTRITAL DE SAN JOSE - AZANGARO
ocds-dgv273-seacev3-1186786,ocds-dgv273-seacev3-1186786-2026-03-26T10:13:07.542548-05:00,PE-CONSUCODE-1344,20145420513,PE-RUC,MUNICIPALIDAD DISTRITAL DE SANTA MARIA DEL MAR
ocds-dgv273-seacev3-2026-1034-4,ocds-dgv273-seacev3-2026-1034-4-2026-03-26T10:13:07.522828-05:00,PE-CONSUCODE-1034,20147711159,PE-RUC,MUNICIPALIDAD DISTRITAL DE SANTIAGO - ICA
ocds-dgv273-seacev3-1186567,ocds-dgv273-seacev3-1186567-2026-03-26T10:13:07.188961-05:00,PE-CONSUCODE-10407,20443070819,PE-RUC,GOBIERNO REGIONAL DE APURIMAC-TRANSPORTES CHANKA
ocds-dgv273-seacev3-1190425,ocds-dgv273-seacev3-1190425-2026-03-26T10:13:04.024772-05:00,PE-CONSUCODE-519,20143166717,PE-RUC,MUNICIPALIDAD PROVINCIAL DE CANGALLO
ocds-dgv273-seacev3-1188382,ocds-dgv273-seacev3-1188382-2026-03-26T10:13:03.915977-05:00,PE-CONSUCODE-749,20177217043,PE-RUC,MUNICIPALIDAD PROVINCIAL DEL CUSCO
ocds-dgv273-seacev3-1189864,ocds-dgv273-seacev3-1189864-2026-03-26T10:13:03.699968-05:00,PE-CONSUCODE-631,20148289825,PE-RUC,MUNICIPALIDAD PROVINCIAL DE CELENDIN
ocds-dgv273-seacev3-2026-10368-13,ocds-dgv273-seacev3-2026-10368-13-2026-03-26T10:13:03.683695-05:00,PE-CONSUCODE-10368,20172237127,PE-RUC,GOBIERNO REGIONAL DE SAN MARTIN - PROYECTO ESPECIAL ALTO MAYO
ocds-dgv273-seacev3-1188935,ocds-dgv273-seacev3-1188935-2026-03-26T10:13:03.459670-05:00,PE-CONSUCODE-200430,20494013453,PE-RUC,GOBIERNO REGIONAL DE SAN MARTIN - UNIDAD EJECUTORA HOSPITAL II-2 TARAPOTO
ocds-dgv273-seacev3-1188776,ocds-dgv273-seacev3-1188776-2026-03-26T10:13:03.140813-05:00,PE-CONSUCODE-983,20194118342,PE-RUC,MUNICIPALIDAD DISTRITAL DE MONZON
ocds-dgv273-seacev3-1190172,ocds-dgv273-seacev3-1190172-2026-03-26T10:13:01.533791-05:00,PE-CONSUCODE-200276,20521286769,PE-RUC,ORGANISMO DE EVALUACION Y FISCALIZACION AMBIENTAL
ocds-dgv273-seacev3-1190177,ocds-dgv273-seacev3-1190177-2026-03-26T10:13:01.124982-05:00,PE-CONSUCODE-200683,20508650451,PE-RUC,IAFAS DEL EJERCITO DEL PERU (FOSPEME)
ocds-dgv273-seacev3-1190224,ocds-dgv273-seacev3-1190224-2026-03-26T10:12:59.473137-05:00,PE-CONSUCODE-10613,20182785611,PE-RUC,GOBIERNO REGIONAL DE UCAYALI - PROYECTO ESPECIAL CARRETERA FEDERICO BASADRE
ocds-dgv273-seacev3-1189126,ocds-dgv273-seacev3-1189126-2026-03-26T10:12:59.343393-05:00,PE-CONSUCODE-200683,20508650451,PE-RUC,IAFAS DEL EJERCITO DEL PERU (FOSPEME)
ocds-dgv273-seacev3-1191831,ocds-dgv273-seacev3-1191831-2026-03-26T10:12:59.040048-05:00,PE-CONSUCODE-200276,20521286769,PE-RUC,ORGANISMO DE EVALUACION Y FISCALIZACION AMBIENTAL
ocds-dgv273-seacev3-1187194,ocds-dgv273-seacev3-1187194-2026-03-26T10:12:57.621097-05:00,PE-CONSUCODE-200276,20521286769,PE-RUC,ORGANISMO DE EVALUACION Y FISCALIZACION AMBIENTAL
ocds-dgv273-seacev3-2026-10380-1,ocds-dgv273-seacev3-2026-10380-1-2026-03-26T10:12:57.550921-05:00,PE-CONSUCODE-10380,20437350800,PE-RUC,GOBIERNO REGIONAL DE AMAZONAS - HOSPITAL DE APOYO CHACHAPOYAS
ocds-dgv273-seacev3-1186728,ocds-dgv273-seacev3-1186728-2026-03-26T10:12:57.495296-05:00,PE-CONSUCODE-203086,20601224624,PE-RUC,HOSPITAL DE EMERGENCIAS VILLA EL SALVADOR
ocds-dgv273-seacev3-2026-1116-8,ocds-dgv273-seacev3-2026-1116-8-2026-03-26T10:12:57.456549-05:00,PE-CONSUCODE-1116,20195238961,PE-RUC,MUNICIPALIDAD DISTRITAL DE PERENE
ocds-dgv273-seacev3-2026-1108-1,ocds-dgv273-seacev3-2026-1108-1-2026-03-26T10:12:56.933336-05:00,PE-CONSUCODE-1108,20205376390,PE-RUC,MUNICIPALIDAD DISTRITAL DE ORCOTUNA
ocds-dgv273-seacev3-1187198,ocds-dgv273-seacev3-1187198-2026-03-26T10:12:56.806980-05:00,PE-CONSUCODE-200276,20521286769,PE-RUC,ORGANISMO DE EVALUACION Y FISCALIZACION AMBIENTAL
ocds-dgv273-seacev3-2026-49-123,ocds-dgv273-seacev3-2026-49-123-2026-03-26T10:12:56.760100-05:00,PE-CONSUCODE-49,20406325815,PE-RUC,GOBIERNO REGIONAL DE PUNO SEDE CENTRAL
ocds-dgv273-seacev3-1190096,ocds-dgv273-seacev3-1190096-2026-03-26T10:12:53.405310-05:00,PE-CONSUCODE-1468,20142701597,PE-RUC,MUNICIPALIDAD PROVINCIAL DE BARRANCA
ocds-dgv273-seacev3-2026-10398-7,ocds-dgv273-seacev3-2026-10398-7-2026-03-26T10:12:53.201480-05:00,PE-CONSUCODE-10398,20146925686,PE-RUC,GOBIERNO REGIONAL DE ANCASH-SALUD UTES CARAZ
ocds-dgv273-seacev3-1190556,ocds-dgv273-seacev3-1190556-2026-03-26T10:12:52.639133-05:00,PE-CONSUCODE-200276,20521286769,PE-RUC,ORGANISMO DE EVALUACION Y FISCALIZACION AMBIENTAL
ocds-dgv273-seacev3-1190420,ocds-dgv273-seacev3-1190420-2026-03-26T10:12:52.434395-05:00,PE-CONSUCODE-519,20143166717,PE-RUC,MUNICIPALIDAD PROVINCIAL DE CANGALLO
ocds-dgv273-seacev3-1192053,ocds-dgv273-seacev3-1192053-2026-03-26T10:12:52.236339-05:00,PE-CONSUCODE-1908,20163646499,PE-RUC,UNIVERSIDAD NACIONAL SAN AGUSTIN
ocds-dgv273-seacev3-1190263,ocds-dgv273-seacev3-1190263-2026-03-26T10:12:52.066302-05:00,PE-CONSUCODE-200276,20521286769,PE-RUC,ORGANISMO DE EVALUACION Y FISCALIZACION AMBIENTAL
ocds-dgv273-seacev3-2026-127816-1,ocds-dgv273-seacev3-2026-127816-1-2026-03-26T10:12:52.018997-05:00,PE-CONSUCODE-203046,20601182662,PE-RUC,MUNICIPALIDAD DISTRITAL DE PUCAYACU
ocds-dgv273-seacev3-1191822,ocds-dgv273-seacev3-1191822-2026-03-26T10:12:51.844755-05:00,PE-CONSUCODE-200276,20521286769,PE-RUC,ORGANISMO DE EVALUACION Y FISCALIZACION AMBIENTAL
ocds-dgv273-seacev3-1189795,ocds-dgv273-seacev3-1189795-2026-03-26T10:12:51.787784-05:00,PE-CONSUCODE-802,20209099510,PE-RUC,MUNICIPALIDAD DISTRITAL DE LLUSCO
ocds-dgv273-seacev3-1189802,ocds-dgv273-seacev3-1189802-2026-03-26T10:12:51.048516-05:00,PE-CONSUCODE-10432,20453383475,PE-RUC,GOBIERNO REGIONAL DE CAJAMARCA-GERENCIA SUB-REGIONAL CUTERVO
ocds-dgv273-seacev3-1189925,ocds-dgv273-seacev3-1189925-2026-03-26T10:12:50.988094-05:00,PE-CONSUCODE-200276,20521286769,PE-RUC,ORGANISMO DE EVALUACION Y FISCALIZACION AMBIENTAL
ocds-dgv273-seacev3-1191368,ocds-dgv273-seacev3-1191368-2026-03-26T10:12:50.096317-05:00,PE-CONSUCODE-49,20406325815,PE-RUC,GOBIERNO REGIONAL DE PUNO SEDE CENTRAL
ocds-dgv273-seacev3-1189899,ocds-dgv273-seacev3-1189899-2026-03-26T10:12:50.082004-05:00,PE-CONSUCODE-200276,20521286769,PE-RUC,ORGANISMO DE EVALUACION Y FISCALIZACION AMBIENTAL
ocds-dgv273-seacev3-1188385,ocds-dgv273-seacev3-1188385-2026-03-26T10:12:48.962723-05:00,PE-CONSUCODE-162,20146921427,PE-RUC,MUNICIPALIDAD DISTRITAL DE INDEPENDENCIA - HUARAZ
ocds-dgv273-seacev3-2026-1952-32,ocds-dgv273-seacev3-2026-1952-32-2026-03-26T10:12:48.918191-05:00,PE-CONSUCODE-1952,20419026809,PE-RUC,ORGANISMO ESPECIALIZADO PARA LAS CONTRATACIONES PUBLICAS EFICIENTES
ocds-dgv273-seacev3-1192092,ocds-dgv273-seacev3-1192092-2026-03-26T10:12:48.771456-05:00,PE-CONSUCODE-1908,20163646499,PE-RUC,UNIVERSIDAD NACIONAL SAN AGUSTIN
ocds-dgv273-seacev3-1189612,ocds-dgv273-seacev3-1189612-2026-03-26T10:12:48.132425-05:00,PE-CONSUCODE-200276,20521286769,PE-RUC,ORGANISMO DE EVALUACION Y FISCALIZACION AMBIENTAL
ocds-dgv273-seacev3-2026-10249-52,ocds-dgv273-seacev3-2026-10249-52-2026-03-26T10:12:48.004705-05:00,PE-CONSUCODE-10249,20144364059,PE-RUC,FUERZA AEREA DEL PERU
ocds-dgv273-seacev3-1188888,ocds-dgv273-seacev3-1188888-2026-03-26T10:12:47.990049-05:00,PE-CONSUCODE-1500,20218524819,PE-RUC,MUNICIPALIDAD DISTRITAL DE TENIENTE CESAR LOPEZ ROJAS
ocds-dgv273-seacev3-1189622,ocds-dgv273-seacev3-1189622-2026-03-26T10:12:47.467127-05:00,PE-CONSUCODE-200276,20521286769,PE-RUC,ORGANISMO DE EVALUACION Y FISCALIZACION AMBIENTAL
ocds-dgv273-seacev3-1187587,ocds-dgv273-seacev3-1187587-2026-03-26T10:12:47.222514-05:00,PE-CONSUCODE-278,20282911915,PE-RUC,MUNICIPALIDAD DISTRITAL DE NUEVO CHIMBOTE
ocds-dgv273-seacev3-2026-1683-2,ocds-dgv273-seacev3-2026-1683-2-2026-03-26T10:12:47.167556-05:00,PE-CONSUCODE-1683,20202703144,PE-RUC,MUNICIPALIDAD DISTRITAL DE CRUCERO
ocds-dgv273-seacev3-1189497,ocds-dgv273-seacev3-1189497-2026-03-26T10:12:46.998552-05:00,PE-CONSUCODE-1348,20187346488,PE-RUC,MUNICIPALIDAD DISTRITAL DE VILLA EL SALVADOR
ocds-dgv273-seacev3-1188148,ocds-dgv273-seacev3-1188148-2026-03-26T10:12:46.680394-05:00,PE-CONSUCODE-278,20282911915,PE-RUC,MUNICIPALIDAD DISTRITAL DE NUEVO CHIMBOTE
ocds-dgv273-seacev3-1187383,ocds-dgv273-seacev3-1187383-2026-03-26T10:12:46.162388-05:00,PE-CONSUCODE-10403,20185898343,PE-RUC,GOBIERNO REGIONAL DE APURIMAC-CHANKA
ocds-dgv273-seacev3-1187189,ocds-dgv273-seacev3-1187189-2026-03-26T10:12:46.120464-05:00,PE-CONSUCODE-1920,20216072155,PE-RUC,ORGANISMO SUPERVISOR DE INVERSION PRIVADA EN TELECOMUNICACIONES
ocds-dgv273-seacev3-1191043,ocds-dgv273-seacev3-1191043-2026-03-26T10:12:42.841922-05:00,PE-CONSUCODE-27,20291973851,PE-RUC,OFICINA NACIONAL DE PROCESOS ELECTORALES
ocds-dgv273-seacev3-1191488,ocds-dgv273-seacev3-1191488-2026-03-26T10:12:42.352521-05:00,PE-CONSUCODE-201185,20564327019,PE-RUC,GOBIERNO REGIONAL DE APURIMAC  - UNIDAD EJECUTORA GERENCIA SUB REGIONAL DE COTABAMBAS
ocds-dgv273-seacev3-1187351,ocds-dgv273-seacev3-1187351-2026-03-26T10:12:42.248989-05:00,PE-CONSUCODE-200683,20508650451,PE-RUC,IAFAS DEL EJERCITO DEL PERU (FOSPEME)
ocds-dgv273-seacev3-1190362,ocds-dgv273-seacev3-1190362-2026-03-26T10:12:42.023958-05:00,PE-CONSUCODE-519,20143166717,PE-RUC,MUNICIPALIDAD PROVINCIAL DE CANGALLO
ocds-dgv273-seacev3-1190095,ocds-dgv273-seacev3-1190095-2026-03-26T10:12:41.916186-05:00,PE-CONSUCODE-34,20498390570,PE-RUC,GOBIERNO REGIONAL DE AREQUIPA Sede Central
ocds-dgv273-seacev3-1191412,ocds-dgv273-seacev3-1191412-2026-03-26T10:12:41.016441-05:00,PE-CONSUCODE-10247,20131369124,PE-RUC,EJERCITO PERUANO
ocds-dgv273-seacev3-1190615,ocds-dgv273-seacev3-1190615-2026-03-26T10:12:40.547959-05:00,PE-CONSUCODE-1908,20163646499,PE-RUC,UNIVERSIDAD NACIONAL SAN AGUSTIN
ocds-dgv273-seacev3-1191905,ocds-dgv273-seacev3-1191905-2026-03-26T10:12:40.463712-05:00,PE-CONSUCODE-200276,20521286769,PE-RUC,ORGANISMO DE EVALUACION Y FISCALIZACION AMBIENTAL
ocds-dgv273-seacev3-2026-1952-31,ocds-dgv273-seacev3-2026-1952-31-2026-03-26T10:12:40.305572-05:00,PE-CONSUCODE-1952,20419026809,PE-RUC,ORGANISMO ESPECIALIZADO PARA LAS CONTRATACIONES PUBLICAS EFICIENTES
ocds-dgv273-seacev3-1189845,ocds-dgv273-seacev3-1189845-2026-03-26T10:12:39.517741-05:00,PE-CONSUCODE-1908,20163646499,PE-RUC,UNIVERSIDAD NACIONAL SAN AGUSTIN
ocds-dgv273-seacev3-2026-1155-1,ocds-dgv273-seacev3-2026-1155-1-2026-03-26T10:12:39.082805-05:00,PE-CONSUCODE-1155,20146674403,PE-RUC,MUNICIPALIDAD PROVINCIAL DE SATIPO
ocds-dgv273-seacev3-1189997,ocds-dgv273-seacev3-1189997-2026-03-26T10:12:38.266293-05:00,PE-CONSUCODE-1004,20172345876,PE-RUC,MUNICIPALIDAD DISTRITAL DE HONORIA
ocds-dgv273-seacev3-1190333,ocds-dgv273-seacev3-1190333-2026-03-26T10:12:37.984317-05:00,PE-CONSUCODE-519,20143166717,PE-RUC,MUNICIPALIDAD PROVINCIAL DE CANGALLO
ocds-dgv273-seacev3-1187105,ocds-dgv273-seacev3-1187105-2026-03-26T10:12:37.080944-05:00,PE-CONSUCODE-200276,20521286769,PE-RUC,ORGANISMO DE EVALUACION Y FISCALIZACION AMBIENTAL
ocds-dgv273-seacev3-1188431,ocds-dgv273-seacev3-1188431-2026-03-26T10:12:36.845570-05:00,PE-CONSUCODE-37,20527147612,PE-RUC,GOBIERNO REGIONAL DE CUSCO SEDE CENTRAL
ocds-dgv273-seacev3-1185742,ocds-dgv273-seacev3-1185742-2026-03-26T10:12:36.588664-05:00,PE-CONSUCODE-200683,20508650451,PE-RUC,IAFAS DEL EJERCITO DEL PERU (FOSPEME)
ocds-dgv273-seacev3-1190418,ocds-dgv273-seacev3-1190418-2026-03-26T10:12:31.373165-05:00,PE-CONSUCODE-519,20143166717,PE-RUC,MUNICIPALIDAD PROVINCIAL DE CANGALLO
ocds-dgv273-seacev3-2026-2009-27,ocds-dgv273-seacev3-2026-2009-27-2026-03-26T10:12:30.888070-05:00,PE-CONSUCODE-2009,20527141762,PE-RUC,GOBIERNO REGIONAL DE APURIMAC SEDE CENTRAL
ocds-dgv273-seacev3-2026-369-1,ocds-dgv273-seacev3-2026-369-1-2026-03-26T10:12:30.778283-05:00,PE-CONSUCODE-369,20161096068,PE-RUC,MUNICIPALIDAD PROVINCIAL DE COTABAMBAS - TAMBOBAMBA
ocds-dgv273-seacev3-2026-1383-1,ocds-dgv273-seacev3-2026-1383-1-2026-03-26T10:12:30.166328-05:00,PE-CONSUCODE-1383,20148241385,PE-RUC,MUNICIPALIDAD DISTRITAL DE HUALMAY
ocds-dgv273-seacev3-2026-1735-23,ocds-dgv273-seacev3-2026-1735-23-2026-03-26T10:12:29.999757-05:00,PE-CONSUCODE-1735,20192146641,PE-RUC,MUNICIPALIDAD PROVINCIAL DE YUNGUYO
ocds-dgv273-seacev3-1191064,ocds-dgv273-seacev3-1191064-2026-03-26T10:12:28.663052-05:00,PE-CONSUCODE-1687,20204176681,PE-RUC,MUNICIPALIDAD DISTRITAL DE USICAYOS
ocds-dgv273-seacev3-1191220,ocds-dgv273-seacev3-1191220-2026-03-26T10:12:28.559064-05:00,PE-CONSUCODE-1908,20163646499,PE-RUC,UNIVERSIDAD NACIONAL SAN AGUSTIN
ocds-dgv273-seacev3-1190392,ocds-dgv273-seacev3-1190392-2026-03-26T10:12:27.654210-05:00,PE-CONSUCODE-519,20143166717,PE-RUC,MUNICIPALIDAD PROVINCIAL DE CANGALLO
ocds-dgv273-seacev3-1190560,ocds-dgv273-seacev3-1190560-2026-03-26T10:12:26.283482-05:00,PE-CONSUCODE-1759,20208294947,PE-RUC,MUNICIPALIDAD DISTRITAL DE JEPELACIO
ocds-dgv273-seacev3-2026-740-11,ocds-dgv273-seacev3-2026-740-11-2026-03-26T10:12:25.438833-05:00,PE-CONSUCODE-740,20201596859,PE-RUC,MUNICIPALIDAD DISTRITAL DE JOSE SABOGAL
ocds-dgv273-seacev3-1187019,ocds-dgv273-seacev3-1187019-2026-03-26T10:12:25.258955-05:00,PE-CONSUCODE-1901,20174950971,PE-RUC,UNIVERSIDAD NACIONAL DE EDUCACION ENRIQUE GUZMAN Y VALLE
ocds-dgv273-seacev3-1186751,ocds-dgv273-seacev3-1186751-2026-03-26T10:12:24.634168-05:00,PE-CONSUCODE-907,20190345344,PE-RUC,MUNICIPALIDAD PROVINCIAL DE TAYACAJA - PAMPAS
ocds-dgv273-seacev3-2026-968-2,ocds-dgv273-seacev3-2026-968-2-2026-03-25T10:13:48.351635-05:00,PE-CONSUCODE-968,20145850798,PE-RUC,MUNICIPALIDAD PROVINCIAL DE DOS DE MAYO - LA UNION
ocds-dgv273-seacev3-1189762,ocds-dgv273-seacev3-1189762-2026-03-25T10:13:47.815206-05:00,PE-CONSUCODE-1593,20161350461,PE-RUC,MUNICIPALIDAD PROVINCIAL DE AYABACA
ocds-dgv273-seacev3-2026-200430-1,ocds-dgv273-seacev3-2026-200430-1-2026-03-25T10:13:47.739431-05:00,PE-CONSUCODE-200430,20494013453,PE-RUC,GOBIERNO REGIONAL DE SAN MARTIN - UNIDAD EJECUTORA HOSPITAL II-2 TARAPOTO
ocds-dgv273-seacev3-1189955,ocds-dgv273-seacev3-1189955-2026-03-25T10:13:47.234008-05:00,PE-CONSUCODE-1713,20145614121,PE-RUC,MUNICIPALIDAD PROVINCIAL DE MELGAR - AYAVIRI
ocds-dgv273-seacev3-2026-10521-1,ocds-dgv273-seacev3-2026-10521-1-2026-03-25T10:13:46.050624-05:00,PE-CONSUCODE-10521,20437300705,PE-RUC,GOBIERNO REGIONAL DE LAMBAYEQUE-HOSPITAL BELEN - LAMBAYEQUE
ocds-dgv273-seacev3-1189058,ocds-dgv273-seacev3-1189058-2026-03-25T10:13:45.892520-05:00,PE-CONSUCODE-1850,20194735384,PE-RUC,MUNICIPALIDAD PROVINCIAL DE JORGE BASADRE - LOCUMBA
ocds-dgv273-seacev3-1191294,ocds-dgv273-seacev3-1191294-2026-03-25T10:13:44.847692-05:00,PE-CONSUCODE-35,20452393493,PE-RUC,GOBIERNO REGIONAL DE AYACUCHO SEDE CENTRAL
ocds-dgv273-seacev3-2026-519-1,ocds-dgv273-seacev3-2026-519-1-2026-03-25T10:13:43.936699-05:00,PE-CONSUCODE-519,20143166717,PE-RUC,MUNICIPALIDAD PROVINCIAL DE CANGALLO
ocds-dgv273-seacev3-1188945,ocds-dgv273-seacev3-1188945-2026-03-25T10:13:43.893028-05:00,PE-CONSUCODE-49,20406325815,PE-RUC,GOBIERNO REGIONAL DE PUNO SEDE CENTRAL
ocds-dgv273-seacev3-2026-654-1,ocds-dgv273-seacev3-2026-654-1-2026-03-25T10:13:43.731693-05:00,PE-CONSUCODE-654,20283914802,PE-RUC,MUNICIPALIDAD DISTRITAL DE CHOROS
ocds-dgv273-seacev3-1188527,ocds-dgv273-seacev3-1188527-2026-03-25T10:13:43.674657-05:00,PE-CONSUCODE-1752,20199932561,PE-RUC,MUNICIPALIDAD PROVINCIAL DE MOHO
ocds-dgv273-seacev3-1189134,ocds-dgv273-seacev3-1189134-2026-03-25T10:13:43.634933-05:00,PE-CONSUCODE-10438,20326144852,PE-RUC,GOBIERNO REGIONAL DE CAJAMARCA-EDUCACION CUTERVO
ocds-dgv273-seacev3-1186636,ocds-dgv273-seacev3-1186636-2026-03-25T10:13:43.495708-05:00,PE-CONSUCODE-2384,20100211034,PE-RUC,SERVICIO DE AGUA POTABLE Y ALCANTARILLADO DE AREQUIPA
ocds-dgv273-seacev3-1188380,ocds-dgv273-seacev3-1188380-2026-03-25T10:13:43.443923-05:00,PE-CONSUCODE-1191,20175639391,PE-RUC,MUNICIPALIDAD PROVINCIAL DE TRUJILLO
ocds-dgv273-seacev3-2026-200426-3,ocds-dgv273-seacev3-2026-200426-3-2026-03-25T10:13:43.427412-05:00,PE-CONSUCODE-200426,20456310959,PE-RUC,CORTE SUPERIOR DE JUSTICIA DE AREQUIPA
ocds-dgv273-seacev3-1186674,ocds-dgv273-seacev3-1186674-2026-03-25T10:13:42.892258-05:00,PE-CONSUCODE-907,20190345344,PE-RUC,MUNICIPALIDAD PROVINCIAL DE TAYACAJA - PAMPAS
ocds-dgv273-seacev3-2026-1253-4,ocds-dgv273-seacev3-2026-1253-4-2026-03-25T10:13:38.889141-05:00,PE-CONSUCODE-1253,20187052221,PE-RUC,MUNICIPALIDAD PROVINCIAL DE ASCOPE
ocds-dgv273-seacev3-1189413,ocds-dgv273-seacev3-1189413-2026-03-25T10:13:38.572657-05:00,PE-CONSUCODE-568,20227231115,PE-RUC,MUNICIPALIDAD DISTRITAL DE SANCOS
ocds-dgv273-seacev3-2026-807-1,ocds-dgv273-seacev3-2026-807-1-2026-03-25T10:13:38.557709-05:00,PE-CONSUCODE-807,20147419687,PE-RUC,MUNICIPALIDAD DISTRITAL DE COPORAQUE - ESPINAR
ocds-dgv273-seacev3-2026-10211-6,ocds-dgv273-seacev3-2026-10211-6-2026-03-25T10:13:38.122554-05:00,PE-CONSUCODE-10211,20170983816,PE-RUC,GOBIERNO REGIONAL DE LIMA - HOSPITAL DE APOYO REZOLA
ocds-dgv273-seacev3-2026-200367-7,ocds-dgv273-seacev3-2026-200367-7-2026-03-25T10:13:38.108420-05:00,PE-CONSUCODE-200367,20490338773,PE-RUC,GOBIERNO REGIONAL DE APURIMAC-GERENCIA SUBREGIONAL CHINCHEROS
ocds-dgv273-seacev3-1186545,ocds-dgv273-seacev3-1186545-2026-03-25T10:13:37.231156-05:00,PE-CONSUCODE-205330,20611127511,PE-RUC,HOSPITAL DE LIMA ESTE - VITARTE
ocds-dgv273-seacev3-1189228,ocds-dgv273-seacev3-1189228-2026-03-25T10:13:36.334274-05:00,PE-CONSUCODE-10595,20154547259,PE-RUC,GOBIERNO REGIONAL DE SAN MARTIN-SALUD
ocds-dgv273-seacev3-1192155,ocds-dgv273-seacev3-1192155-2026-03-25T10:13:36.265647-05:00,PE-CONSUCODE-1781,20178498160,PE-RUC,MUNICIPALIDAD DISTRITAL DE HUICUNGO
ocds-dgv273-seacev3-1187524,ocds-dgv273-seacev3-1187524-2026-03-25T10:13:34.240997-05:00,PE-CONSUCODE-1271,20166028842,PE-RUC,MUNICIPALIDAD PROVINCIAL DE VIRU
ocds-dgv273-seacev3-1188066,ocds-dgv273-seacev3-1188066-2026-03-25T10:13:34.090393-05:00,PE-CONSUCODE-10564,20199860551,PE-RUC,GOBIERNO REGIONAL DE PUNO-PROGRAMA REGIONAL DE RIEGO Y DRENAJE
ocds-dgv273-seacev3-2026-955-1,ocds-dgv273-seacev3-2026-955-1-2026-03-25T10:13:33.977539-05:00,PE-CONSUCODE-955,20166913561,PE-RUC,MUNICIPALIDAD DISTRITAL DE KICHKI
ocds-dgv273-seacev3-2026-271-1,ocds-dgv273-seacev3-2026-271-1-2026-03-25T10:13:33.871516-05:00,PE-CONSUCODE-271,20198089801,PE-RUC,MUNICIPALIDAD DISTRITAL DE CACERES DEL PERU
ocds-dgv273-seacev3-1186424,ocds-dgv273-seacev3-1186424-2026-03-25T10:13:33.762492-05:00,PE-CONSUCODE-47,20489252270,PE-RUC,GOBIERNO REGIONAL DE PASCO SEDE CENTRAL
ocds-dgv273-seacev3-2026-10249-58,ocds-dgv273-seacev3-2026-10249-58-2026-03-25T10:13:30.121882-05:00,PE-CONSUCODE-10249,20144364059,PE-RUC,FUERZA AEREA DEL PERU
ocds-dgv273-seacev3-1190074,ocds-dgv273-seacev3-1190074-2026-03-25T10:13:29.784535-05:00,PE-CONSUCODE-1908,20163646499,PE-RUC,UNIVERSIDAD NACIONAL SAN AGUSTIN
ocds-dgv273-seacev3-2026-815-12,ocds-dgv273-seacev3-2026-815-12-2026-03-25T10:13:29.501893-05:00,PE-CONSUCODE-815,20202455817,PE-RUC,MUNICIPALIDAD DISTRITAL DE HUAYOPATA
ocds-dgv273-seacev3-1190644,ocds-dgv273-seacev3-1190644-2026-03-25T10:13:29.081835-05:00,PE-CONSUCODE-631,20148289825,PE-RUC,MUNICIPALIDAD PROVINCIAL DE CELENDIN
ocds-dgv273-seacev3-2026-1635-2,ocds-dgv273-seacev3-2026-1635-2-2026-03-25T10:13:29.050808-05:00,PE-CONSUCODE-1635,20165925794,PE-RUC,MUNICIPALIDAD DISTRITAL DE SALITRAL - SULLANA
ocds-dgv273-seacev3-1191239,ocds-dgv273-seacev3-1191239-2026-03-25T10:13:26.313412-05:00,PE-CONSUCODE-203306,20601625017,PE-RUC,MUNICIPALIDAD DISTRITAL DE MEGANTONI
ocds-dgv273-seacev3-1190657,ocds-dgv273-seacev3-1190657-2026-03-25T10:13:26.298916-05:00,PE-CONSUCODE-203688,20602114075,PE-RUC,GOBIERNO REGIONAL DEL CUSCO UNIDAD EJECUTORA 411 SALUD CHUMBIVILCAS
ocds-dgv273-seacev3-2026-10249-51,ocds-dgv273-seacev3-2026-10249-51-2026-03-25T10:13:25.961899-05:00,PE-CONSUCODE-10249,20144364059,PE-RUC,FUERZA AEREA DEL PERU
ocds-dgv273-seacev3-2026-1337-7,ocds-dgv273-seacev3-2026-1337-7-2026-03-25T10:13:25.562879-05:00,PE-CONSUCODE-1337,20130534211,PE-RUC,MUNICIPALIDAD DISTRITAL DE SAN ISIDRO - LIMA
ocds-dgv273-seacev3-1190223,ocds-dgv273-seacev3-1190223-2026-03-25T10:13:25.445158-05:00,PE-CONSUCODE-1834,20147796715,PE-RUC,MUNICIPALIDAD DISTRITAL DE ALTO DE LA ALIANZA
ocds-dgv273-seacev3-2026-1839-2,ocds-dgv273-seacev3-2026-1839-2-2026-03-25T10:13:24.548822-05:00,PE-CONSUCODE-1839,20147796987,PE-RUC,MUNICIPALIDAD DISTRITAL DE POCOLLAY
ocds-dgv273-seacev3-1186226,ocds-dgv273-seacev3-1186226-2026-03-25T10:13:24.310911-05:00,PE-CONSUCODE-1006,20190702988,PE-RUC,MUNICIPALIDAD DISTRITAL DE YUYAPICHIS
ocds-dgv273-seacev3-1189157,ocds-dgv273-seacev3-1189157-2026-03-25T10:13:20.245301-05:00,PE-CONSUCODE-12632,20381959997,PE-RUC,POLICÍA NACIONAL DEL PERÚ - DIRECCIÓN EJECUTIVA DE EDUCACIÓN Y DOCTRINA
ocds-dgv273-seacev3-2026-1003003359-2,ocds-dgv273-seacev3-2026-1003003359-2-2026-03-25T10:13:19.847184-05:00,PE-CONSUCODE-200825,20556118079,PE-RUC,POLICÍA NACIONAL DEL PERÚ - DIRECCIÓN EJECUTIVA DE INVESTIGACIÓN CRIMINAL Y APOYO A LA JUSTICIA
ocds-dgv273-seacev3-1191612,ocds-dgv273-seacev3-1191612-2026-03-25T10:13:19.564624-05:00,PE-CONSUCODE-35,20452393493,PE-RUC,GOBIERNO REGIONAL DE AYACUCHO SEDE CENTRAL
ocds-dgv273-seacev3-1190325,ocds-dgv273-seacev3-1190325-2026-03-25T10:13:19.481886-05:00,PE-CONSUCODE-1593,20161350461,PE-RUC,MUNICIPALIDAD PROVINCIAL DE AYABACA
ocds-dgv273-seacev3-2026-1615-1,ocds-dgv273-seacev3-2026-1615-1-2026-03-25T10:13:19.395988-05:00,PE-CONSUCODE-1615,20148445037,PE-RUC,MUNICIPALIDAD DISTRITAL DE MORROPON
ocds-dgv273-seacev3-2026-163-1,ocds-dgv273-seacev3-2026-163-1-2026-03-25T10:13:19.043280-05:00,PE-CONSUCODE-163,20191017201,PE-RUC,MUNICIPALIDAD PROVINCIAL DE AIJA
ocds-dgv273-seacev3-2026-10249-50,ocds-dgv273-seacev3-2026-10249-50-2026-03-25T10:13:16.101900-05:00,PE-CONSUCODE-10249,20144364059,PE-RUC,FUERZA AEREA DEL PERU
ocds-dgv273-seacev3-1190875,ocds-dgv273-seacev3-1190875-2026-03-25T10:13:16.057078-05:00,PE-CONSUCODE-28,20159981216,PE-RUC,PODER JUDICIAL
ocds-dgv273-seacev3-2026-970-1,ocds-dgv273-seacev3-2026-970-1-2026-03-25T10:13:15.650583-05:00,PE-CONSUCODE-970,20168795093,PE-RUC,MUNICIPALIDAD DISTRITAL DE MARIAS
ocds-dgv273-seacev3-1186605,ocds-dgv273-seacev3-1186605-2026-03-25T10:13:14.241160-05:00,PE-CONSUCODE-1267,20184048427,PE-RUC,MUNICIPALIDAD PROVINCIAL DE GRAN CHIMU - CASCAS
ocds-dgv273-seacev3-2026-13-25,ocds-dgv273-seacev3-2026-13-25-2026-03-25T10:13:14.204829-05:00,PE-CONSUCODE-13,20131370645,PE-RUC,MINISTERIO DE ECONOMIA Y FINANZAS
ocds-dgv273-seacev3-2026-200369-3,ocds-dgv273-seacev3-2026-200369-3-2026-03-25T10:13:14.116496-05:00,PE-CONSUCODE-200369,20495123091,PE-RUC,GOBIERNO REGIONAL DE AYACUCHO - UNIDAD EJECUTORA 305 EDUCACION HUANTA
ocds-dgv273-seacev3-1188657,ocds-dgv273-seacev3-1188657-2026-03-25T10:13:13.975670-05:00,PE-CONSUCODE-10403,20185898343,PE-RUC,GOBIERNO REGIONAL DE APURIMAC-CHANKA
ocds-dgv273-seacev3-1187972,ocds-dgv273-seacev3-1187972-2026-03-25T10:13:13.600281-05:00,PE-CONSUCODE-1562,20191043546,PE-RUC,MUNICIPALIDAD DISTRITAL DE PAUCARTAMBO
ocds-dgv273-seacev3-1190787,ocds-dgv273-seacev3-1190787-2026-03-25T10:13:09.510211-05:00,PE-CONSUCODE-1215,20207747204,PE-RUC,MUNICIPALIDAD DISTRITAL DE SARIN
ocds-dgv273-seacev3-2026-878-5,ocds-dgv273-seacev3-2026-878-5-2026-03-25T10:13:09.378513-05:00,PE-CONSUCODE-878,20202510699,PE-RUC,MUNICIPALIDAD DISTRITAL DE MARCAS
ocds-dgv273-seacev3-2026-1075-1,ocds-dgv273-seacev3-2026-1075-1-2026-03-25T10:13:08.905347-05:00,PE-CONSUCODE-1075,20318814717,PE-RUC,MUNICIPALIDAD DISTRITAL DE COLCA - HUANCAYO
ocds-dgv273-seacev3-2026-200374-1,ocds-dgv273-seacev3-2026-200374-1-2026-03-25T10:13:08.703570-05:00,PE-CONSUCODE-200374,20450381731,PE-RUC,INSTITUTO VIAL PROVINCIAL MUNICIPAL DE PICOTA
ocds-dgv273-seacev3-2026-1719-7,ocds-dgv273-seacev3-2026-1719-7-2026-03-25T10:13:08.328680-05:00,PE-CONSUCODE-1719,20180559885,PE-RUC,MUNICIPALIDAD DISTRITAL DE ORURILLO
ocds-dgv273-seacev3-1191683,ocds-dgv273-seacev3-1191683-2026-03-25T10:13:08.064747-05:00,PE-CONSUCODE-203306,20601625017,PE-RUC,MUNICIPALIDAD DISTRITAL DE MEGANTONI
ocds-dgv273-seacev3-1191118,ocds-dgv273-seacev3-1191118-2026-03-25T10:13:08.056803-05:00,PE-CONSUCODE-2433,20100128218,PE-RUC,PETROLEOS DEL PERU S.A.
ocds-dgv273-seacev3-1191137,ocds-dgv273-seacev3-1191137-2026-03-25T10:13:07.546763-05:00,PE-CONSUCODE-1908,20163646499,PE-RUC,UNIVERSIDAD NACIONAL SAN AGUSTIN
ocds-dgv273-seacev3-1189943,ocds-dgv273-seacev3-1189943-2026-03-25T10:13:06.603448-05:00,PE-CONSUCODE-10356,20156058719,PE-RUC,GOBIERNO REGIONAL DE LA LIBERTAD - PROYECTO ESPECIAL CHAVIMOCHIC
ocds-dgv273-seacev3-1189661,ocds-dgv273-seacev3-1189661-2026-03-25T10:13:06.507925-05:00,PE-CONSUCODE-201885,20600332059,PE-RUC,GOBIERNO REGIONAL DE JUNIN-RED DE SALUD SAN MARTIN DE PANGOA
ocds-dgv273-seacev3-1190574,ocds-dgv273-seacev3-1190574-2026-03-25T10:13:06.150694-05:00,PE-CONSUCODE-35,20452393493,PE-RUC,GOBIERNO REGIONAL DE AYACUCHO SEDE CENTRAL
ocds-dgv273-seacev3-1189525,ocds-dgv273-seacev3-1189525-2026-03-25T10:13:05.786323-05:00,PE-CONSUCODE-10530,20408454299,PE-RUC,GOBIERNO REGIONAL DE LORETO-SALUD LORETO Y PERIFERICOS
ocds-dgv273-seacev3-1188323,ocds-dgv273-seacev3-1188323-2026-03-25T10:13:05.601582-05:00,PE-CONSUCODE-805,20147346434,PE-RUC,MUNICIPALIDAD PROVINCIAL DE ESPINAR
ocds-dgv273-seacev3-1188239,ocds-dgv273-seacev3-1188239-2026-03-25T10:13:04.387558-05:00,PE-CONSUCODE-538,20143157301,PE-RUC,MUNICIPALIDAD DISTRITAL DE AYAHUANCO
ocds-dgv273-seacev3-1187101,ocds-dgv273-seacev3-1187101-2026-03-25T10:13:03.975033-05:00,PE-CONSUCODE-270,20163065330,PE-RUC,MUNICIPALIDAD PROVINCIAL DE SANTA - CHIMBOTE
ocds-dgv273-seacev3-2026-251427-10,ocds-dgv273-seacev3-2026-251427-10-2026-03-25T10:13:03.829477-05:00,PE-CONSUCODE-204970,20608861549,PE-RUC,SERVICIO DE MANTENIMIENTO DEL PERÚ SOCIEDAD ANÓNIMA CERRADA
ocds-dgv273-seacev3-1186461,ocds-dgv273-seacev3-1186461-2026-03-25T10:13:03.774174-05:00,PE-CONSUCODE-2543,20131257750,PE-RUC,SEGURO SOCIAL DE SALUD
ocds-dgv273-seacev3-1186353,ocds-dgv273-seacev3-1186353-2026-03-25T10:13:03.747245-05:00,PE-CONSUCODE-438,20147682469,PE-RUC,MUNICIPALIDAD DISTRITAL DE BELLA UNION
ocds-dgv273-seacev3-2026-1695-4,ocds-dgv273-seacev3-2026-1695-4-2026-03-25T10:13:03.244024-05:00,PE-CONSUCODE-1695,20185896723,PE-RUC,MUNICIPALIDAD PROVINCIAL DE HUANCANE
ocds-dgv273-seacev3-2026-1695-5,ocds-dgv273-seacev3-2026-1695-5-2026-03-25T10:13:03.022809-05:00,PE-CONSUCODE-1695,20185896723,PE-RUC,MUNICIPALIDAD PROVINCIAL DE HUANCANE
ocds-dgv273-seacev3-2026-200367-3,ocds-dgv273-seacev3-2026-200367-3-2026-03-25T10:13:03.003246-05:00,PE-CONSUCODE-200367,20490338773,PE-RUC,GOBIERNO REGIONAL DE APURIMAC-GERENCIA SUBREGIONAL CHINCHEROS
ocds-dgv273-seacev3-2026-2009-61,ocds-dgv273-seacev3-2026-2009-61-2026-03-25T10:12:59.318880-05:00,PE-CONSUCODE-2009,20527141762,PE-RUC,GOBIERNO REGIONAL DE APURIMAC SEDE CENTRAL
ocds-dgv273-seacev3-1191597,ocds-dgv273-seacev3-1191597-2026-03-25T10:12:58.282011-05:00,PE-CONSUCODE-202725,20601012937,PE-RUC,MUNICIPALIDAD DISTRITAL DE VILLA KINTIARINA
ocds-dgv273-seacev3-2026-168715-7,ocds-dgv273-seacev3-2026-168715-7-2026-03-25T10:12:57.980796-05:00,PE-CONSUCODE-203688,20602114075,PE-RUC,GOBIERNO REGIONAL DEL CUSCO UNIDAD EJECUTORA 411 SALUD CHUMBIVILCAS
ocds-dgv273-seacev3-1190083,ocds-dgv273-seacev3-1190083-2026-03-25T10:12:57.901915-05:00,PE-CONSUCODE-1908,20163646499,PE-RUC,UNIVERSIDAD NACIONAL SAN AGUSTIN
ocds-dgv273-seacev3-1192195,ocds-dgv273-seacev3-1192195-2026-03-25T10:12:57.816836-05:00,PE-CONSUCODE-1559,20190184821,PE-RUC,MUNICIPALIDAD DISTRITAL DE HUAYLLAY
ocds-dgv273-seacev3-1190606,ocds-dgv273-seacev3-1190606-2026-03-25T10:12:57.614675-05:00,PE-CONSUCODE-35,20452393493,PE-RUC,GOBIERNO REGIONAL DE AYACUCHO SEDE CENTRAL
ocds-dgv273-seacev3-2026-47-14,ocds-dgv273-seacev3-2026-47-14-2026-03-25T10:12:55.520935-05:00,PE-CONSUCODE-47,20489252270,PE-RUC,GOBIERNO REGIONAL DE PASCO SEDE CENTRAL
ocds-dgv273-seacev3-1186763,ocds-dgv273-seacev3-1186763-2026-03-25T10:12:54.206056-05:00,PE-CONSUCODE-537,20143099262,PE-RUC,MUNICIPALIDAD PROVINCIAL DE HUANTA
ocds-dgv273-seacev3-2026-251427-11,ocds-dgv273-seacev3-2026-251427-11-2026-03-25T10:12:53.309095-05:00,PE-CONSUCODE-204970,20608861549,PE-RUC,SERVICIO DE MANTENIMIENTO DEL PERÚ SOCIEDAD ANÓNIMA CERRADA
ocds-dgv273-seacev3-1187343,ocds-dgv273-seacev3-1187343-2026-03-25T10:12:53.294569-05:00,PE-CONSUCODE-10546,20365469301,PE-RUC,GOBIERNO REGIONAL DE PASCO - DIRECCION  REGIONAL  DE TRANSPORTES Y COMUNICACIONES
ocds-dgv273-seacev3-1187499,ocds-dgv273-seacev3-1187499-2026-03-25T10:12:53.182680-05:00,PE-CONSUCODE-657,20205390201,PE-RUC,MUNICIPALIDAD DISTRITAL DE QUEROCOTILLO
ocds-dgv273-seacev3-2026-519-4,ocds-dgv273-seacev3-2026-519-4-2026-03-25T10:12:50.187673-05:00,PE-CONSUCODE-519,20143166717,PE-RUC,MUNICIPALIDAD PROVINCIAL DE CANGALLO
ocds-dgv273-seacev3-1195205,ocds-dgv273-seacev3-1195205-2026-03-25T10:12:48.269579-05:00,PE-CONSUCODE-1271,20166028842,PE-RUC,MUNICIPALIDAD PROVINCIAL DE VIRU
ocds-dgv273-seacev3-1188892,ocds-dgv273-seacev3-1188892-2026-03-25T10:12:47.666644-05:00,PE-CONSUCODE-1319,20131366290,PE-RUC,MUNICIPALIDAD DISTRITAL DE JESUS MARIA
ocds-dgv273-seacev3-2026-200374-10,ocds-dgv273-seacev3-2026-200374-10-2026-03-25T10:12:47.595358-05:00,PE-CONSUCODE-200374,20450381731,PE-RUC,INSTITUTO VIAL PROVINCIAL MUNICIPAL DE PICOTA
ocds-dgv273-seacev3-2026-10249-59,ocds-dgv273-seacev3-2026-10249-59-2026-03-25T10:12:47.540457-05:00,PE-CONSUCODE-10249,20144364059,PE-RUC,FUERZA AEREA DEL PERU
ocds-dgv273-seacev3-1190913,ocds-dgv273-seacev3-1190913-2026-03-25T10:12:45.886660-05:00,PE-CONSUCODE-700,20148261572,PE-RUC,MUNICIPALIDAD PROVINCIAL DE SAN IGNACIO
ocds-dgv273-seacev3-1190190,ocds-dgv273-seacev3-1190190-2026-03-25T10:12:45.755369-05:00,PE-CONSUCODE-1540,20171880115,PE-RUC,MUNICIPALIDAD DISTRITAL DE TORATA
ocds-dgv273-seacev3-2026-23-8,ocds-dgv273-seacev3-2026-23-8-2026-03-25T10:12:44.721891-05:00,PE-CONSUCODE-23,20131023414,PE-RUC,MINISTERIO DE TRABAJO Y PROMOCION DEL EMPLEO
ocds-dgv273-seacev3-1188947,ocds-dgv273-seacev3-1188947-2026-03-25T10:12:43.459866-05:00,PE-CONSUCODE-1320,20131365722,PE-RUC,MUNICIPALIDAD DISTRITAL DE LA MOLINA
ocds-dgv273-seacev3-1188866,ocds-dgv273-seacev3-1188866-2026-03-25T10:12:42.970205-05:00,PE-CONSUCODE-22,20131373237,PE-RUC,MINISTERIO DE SALUD
ocds-dgv273-seacev3-1188528,ocds-dgv273-seacev3-1188528-2026-03-25T10:12:42.718849-05:00,PE-CONSUCODE-1752,20199932561,PE-RUC,MUNICIPALIDAD PROVINCIAL DE MOHO
ocds-dgv273-seacev3-2026-49-88,ocds-dgv273-seacev3-2026-49-88-2026-03-25T10:12:42.619359-05:00,PE-CONSUCODE-49,20406325815,PE-RUC,GOBIERNO REGIONAL DE PUNO SEDE CENTRAL
ocds-dgv273-seacev3-2026-795-3,ocds-dgv273-seacev3-2026-795-3-2026-03-25T10:12:42.071914-05:00,PE-CONSUCODE-795,20159345492,PE-RUC,MUNICIPALIDAD DISTRITAL DE SAN PEDRO - CANCHIS
ocds-dgv273-seacev3-2026-1649-1,ocds-dgv273-seacev3-2026-1649-1-2026-03-25T10:12:42.057578-05:00,PE-CONSUCODE-1649,20169031674,PE-RUC,MUNICIPALIDAD DISTRITAL DE ACORA
ocds-dgv273-seacev3-2026-1376-1,ocds-dgv273-seacev3-2026-1376-1-2026-03-25T10:12:41.973832-05:00,PE-CONSUCODE-1376,20158939402,PE-RUC,MUNICIPALIDAD DISTRITAL DE SAN LUIS - CANETE
ocds-dgv273-seacev3-2026-1965-6,ocds-dgv273-seacev3-2026-1965-6-2026-03-24T16:11:09.110212-05:00,PE-CONSUCODE-1965,20507920722,PE-RUC,UNIDAD EJECUTORA Nº 006 - INSTITUTO NACIONAL DE BIENESTAR FAMILIAR
ocds-dgv273-seacev3-2026-1137-1,ocds-dgv273-seacev3-2026-1137-1-2026-03-24T09:50:24.242972-05:00,PE-CONSUCODE-1137,20163707463,PE-RUC,MUNICIPALIDAD DISTRITAL DE MUQUIYAUYO
ocds-dgv273-seacev3-2026-433-3,ocds-dgv273-seacev3-2026-433-3-2026-03-24T09:50:23.734672-05:00,PE-CONSUCODE-433,20206805120,PE-RUC,MUNICIPALIDAD DISTRITAL DE SAMUEL PASTOR
ocds-dgv273-seacev3-1189391,ocds-dgv273-seacev3-1189391-2026-03-24T09:50:20.047110-05:00,PE-CONSUCODE-196,20198352781,PE-RUC,MUNICIPALIDAD DISTRITAL DE SAN MIGUEL DE ACO
ocds-dgv273-seacev3-2026-169-1,ocds-dgv273-seacev3-2026-169-1-2026-03-24T09:50:19.222316-05:00,PE-CONSUCODE-169,20219943599,PE-RUC,MUNICIPALIDAD DISTRITAL DE ACZO
ocds-dgv273-seacev3-1191633,ocds-dgv273-seacev3-1191633-2026-03-23T09:55:40.323562-05:00,PE-CONSUCODE-800,20172494952,PE-RUC,MUNICIPALIDAD DISTRITAL DE CHAMACA
ocds-dgv273-seacev3-1191978,ocds-dgv273-seacev3-1191978-2026-03-22T10:01:47.557016-05:00,PE-CONSUCODE-35,20452393493,PE-RUC,GOBIERNO REGIONAL DE AYACUCHO SEDE CENTRAL
ocds-dgv273-seacev3-1191789,ocds-dgv273-seacev3-1191789-2026-03-22T10:01:45.584654-05:00,PE-CONSUCODE-10247,20131369124,PE-RUC,EJERCITO PERUANO
ocds-dgv273-seacev3-2026-10141-32,ocds-dgv273-seacev3-2026-10141-32-2026-03-22T10:01:45.487505-05:00,PE-CONSUCODE-10141,20339267821,PE-RUC,COMISIÓN NACIONAL PARA EL DESARROLLO Y VIDA SIN DROGAS - DEVIDA
ocds-dgv273-seacev3-1191161,ocds-dgv273-seacev3-1191161-2026-03-22T10:01:45.456523-05:00,PE-CONSUCODE-666,20220499767,PE-RUC,MUNICIPALIDAD PROVINCIAL DE CHOTA
ocds-dgv273-seacev3-1190395,ocds-dgv273-seacev3-1190395-2026-03-22T10:01:44.662827-05:00,PE-CONSUCODE-10482,20146536787,PE-RUC,GOBIERNO REGIONAL DE JUNIN - HOSPITAL EL CARMEN
ocds-dgv273-seacev3-1194736,ocds-dgv273-seacev3-1194736-2026-03-22T10:01:44.244029-05:00,PE-CONSUCODE-1952,20419026809,PE-RUC,ORGANISMO ESPECIALIZADO PARA LAS CONTRATACIONES PUBLICAS EFICIENTES
ocds-dgv273-seacev3-1189359,ocds-dgv273-seacev3-1189359-2026-03-22T10:01:44.084401-05:00,PE-CONSUCODE-1731,20165195290,PE-RUC,MUNICIPALIDAD PROVINCIAL DE SAN ROMAN - JULIACA
ocds-dgv273-seacev3-2026-10508-2,ocds-dgv273-seacev3-2026-10508-2-2026-03-22T10:01:43.632730-05:00,PE-CONSUCODE-10508,20397867961,PE-RUC,GOBIERNO REGIONAL DE LA LIBERTAD - SALUD UTES SANTIAGO DE CHUCO
ocds-dgv273-seacev3-1188514,ocds-dgv273-seacev3-1188514-2026-03-22T10:01:43.409590-05:00,PE-CONSUCODE-200427,20486690349,PE-RUC,INSTITUTO VIAL PROVINCIAL CHUPACA
ocds-dgv273-seacev3-2026-51-81,ocds-dgv273-seacev3-2026-51-81-2026-03-22T10:01:42.820363-05:00,PE-CONSUCODE-51,20519752515,PE-RUC,GOBIERNO REGIONAL DE TACNA SEDE CENTRAL
ocds-dgv273-seacev3-1189719,ocds-dgv273-seacev3-1189719-2026-03-22T10:01:42.554955-05:00,PE-CONSUCODE-1731,20165195290,PE-RUC,MUNICIPALIDAD PROVINCIAL DE SAN ROMAN - JULIACA
ocds-dgv273-seacev3-2026-2384-50,ocds-dgv273-seacev3-2026-2384-50-2026-03-22T10:01:42.300376-05:00,PE-CONSUCODE-2384,20100211034,PE-RUC,SERVICIO DE AGUA POTABLE Y ALCANTARILLADO DE AREQUIPA
ocds-dgv273-seacev3-2026-552-5,ocds-dgv273-seacev3-2026-552-5-2026-03-22T10:01:42.256513-05:00,PE-CONSUCODE-552,20143082297,PE-RUC,MUNICIPALIDAD PROVINCIAL DE LUCANAS - PUQUIO
ocds-dgv273-seacev3-1186805,ocds-dgv273-seacev3-1186805-2026-03-22T10:01:42.065173-05:00,PE-CONSUCODE-35,20452393493,PE-RUC,GOBIERNO REGIONAL DE AYACUCHO SEDE CENTRAL
ocds-dgv273-seacev3-2026-200130-19,ocds-dgv273-seacev3-2026-200130-19-2026-03-22T10:01:41.950892-05:00,PE-CONSUCODE-200130,20393127431,PE-RUC,GOBIERNO REGIONAL DE UCAYALI - DIRECCION DE SALUD Nº 3 ATALAYA
ocds-dgv273-seacev3-1187016,ocds-dgv273-seacev3-1187016-2026-03-22T10:01:41.938866-05:00,PE-CONSUCODE-37,20527147612,PE-RUC,GOBIERNO REGIONAL DE CUSCO SEDE CENTRAL
ocds-dgv273-seacev3-1188865,ocds-dgv273-seacev3-1188865-2026-03-22T10:01:41.924463-05:00,PE-CONSUCODE-200209,20493452241,PE-RUC,MUNICIPALIDAD DISTRITAL DE ANDOAS
ocds-dgv273-seacev3-1186046,ocds-dgv273-seacev3-1186046-2026-03-22T10:01:41.556719-05:00,PE-CONSUCODE-2376,20163449669,PE-RUC,SERVICIO MUNICIPAL DE AGUA POTABLE Y ALCANTARILLADO DE CHINCHA S.A.
ocds-dgv273-seacev3-1190144,ocds-dgv273-seacev3-1190144-2026-03-22T10:01:38.499169-05:00,PE-CONSUCODE-1050,20147705850,PE-RUC,MUNICIPALIDAD PROVINCIAL DE NAZCA
ocds-dgv273-seacev3-1189758,ocds-dgv273-seacev3-1189758-2026-03-22T10:01:38.023200-05:00,PE-CONSUCODE-524,20143660169,PE-RUC,MUNICIPALIDAD DISTRITAL DE TOTOS
ocds-dgv273-seacev3-1190796,ocds-dgv273-seacev3-1190796-2026-03-22T10:01:37.953468-05:00,PE-CONSUCODE-789,20147421070,PE-RUC,MUNICIPALIDAD PROVINCIAL DE CANCHIS - SICUANI
ocds-dgv273-seacev3-1190818,ocds-dgv273-seacev3-1190818-2026-03-22T10:01:36.946588-05:00,PE-CONSUCODE-10394,20488336917,PE-RUC,GOBIERNO REGIONAL DE ANCASH-SALUD UTES RECUAY CARHUAZ
ocds-dgv273-seacev3-2026-51041-3,ocds-dgv273-seacev3-2026-51041-3-2026-03-22T10:01:36.766823-05:00,PE-CONSUCODE-201745,20600234880,PE-RUC,MUNICIPALIDAD DISTRITAL DE INKAWASI
ocds-dgv273-seacev3-2026-1807-2,ocds-dgv273-seacev3-2026-1807-2-2026-03-22T10:01:35.217782-05:00,PE-CONSUCODE-1807,20175467671,PE-RUC,MUNICIPALIDAD PROVINCIAL DE BELLAVISTA
ocds-dgv273-seacev3-1188367,ocds-dgv273-seacev3-1188367-2026-03-22T10:01:34.924685-05:00,PE-CONSUCODE-10398,20146925686,PE-RUC,GOBIERNO REGIONAL DE ANCASH-SALUD UTES CARAZ
ocds-dgv273-seacev3-1189960,ocds-dgv273-seacev3-1189960-2026-03-22T10:01:34.631613-05:00,PE-CONSUCODE-40,20489250731,PE-RUC,GOBIERNO REGIONAL DE HUANUCO SEDE CENTRAL
ocds-dgv273-seacev3-2026-10543-4,ocds-dgv273-seacev3-2026-10543-4-2026-03-22T10:01:33.042514-05:00,PE-CONSUCODE-10543,20171880891,PE-RUC,GOBIERNO REGIONAL DE MOQUEGUA-SALUD
ocds-dgv273-seacev3-2026-1807-3,ocds-dgv273-seacev3-2026-1807-3-2026-03-22T10:01:32.911562-05:00,PE-CONSUCODE-1807,20175467671,PE-RUC,MUNICIPALIDAD PROVINCIAL DE BELLAVISTA
ocds-dgv273-seacev3-1188802,ocds-dgv273-seacev3-1188802-2026-03-22T10:01:32.902288-05:00,PE-CONSUCODE-1391,20188948741,PE-RUC,MUNICIPALIDAD PROVINCIAL DE HUARAL
ocds-dgv273-seacev3-1187059,ocds-dgv273-seacev3-1187059-2026-03-22T10:01:32.854722-05:00,PE-CONSUCODE-43,20479569780,PE-RUC,GOBIERNO REGIONAL DE LAMBAYEQUE SEDE CENTRAL
ocds-dgv273-seacev3-1188333,ocds-dgv273-seacev3-1188333-2026-03-22T10:01:32.816460-05:00,PE-CONSUCODE-200266,20520711865,PE-RUC,AUTORIDAD NACIONAL DEL AGUA
ocds-dgv273-seacev3-1187266,ocds-dgv273-seacev3-1187266-2026-03-22T10:01:32.810016-05:00,PE-CONSUCODE-200260,20478053178,PE-RUC,SERVICIO NACIONAL DE AREAS NATURALES PROTEGIDAS POR EL ESTADO - SERNANP
ocds-dgv273-seacev3-2026-200367-12,ocds-dgv273-seacev3-2026-200367-12-2026-03-22T10:01:32.673522-05:00,PE-CONSUCODE-200367,20490338773,PE-RUC,GOBIERNO REGIONAL DE APURIMAC-GERENCIA SUBREGIONAL CHINCHEROS
ocds-dgv273-seacev3-1185397,ocds-dgv273-seacev3-1185397-2026-03-22T10:01:32.269955-05:00,PE-CONSUCODE-1209,20141897935,PE-RUC,MUNICIPALIDAD PROVINCIAL DE SANCHEZ CARRION - HUAMACHUCO
ocds-dgv273-seacev3-2026-615-1,ocds-dgv273-seacev3-2026-615-1-2026-03-22T10:01:32.248707-05:00,PE-CONSUCODE-615,20198642861,PE-RUC,MUNICIPALIDAD DISTRITAL DE ASUNCION - CAJAMARCA
ocds-dgv273-seacev3-2026-1485-2,ocds-dgv273-seacev3-2026-1485-2-2026-03-22T10:01:32.078304-05:00,PE-CONSUCODE-1485,20165973683,PE-RUC,MUNICIPALIDAD DISTRITAL DE NAPO
ocds-dgv273-seacev3-1189165,ocds-dgv273-seacev3-1189165-2026-03-22T10:01:28.822925-05:00,PE-CONSUCODE-1273,20275441857,PE-RUC,MUNICIPALIDAD DISTRITAL DE GUADALUPITO
ocds-dgv273-seacev3-1188376,ocds-dgv273-seacev3-1188376-2026-03-22T10:01:28.469691-05:00,PE-CONSUCODE-292,20210557432,PE-RUC,MUNICIPALIDAD DISTRITAL DE MATACOTO
ocds-dgv273-seacev3-2026-552-6,ocds-dgv273-seacev3-2026-552-6-2026-03-22T10:01:27.464127-05:00,PE-CONSUCODE-552,20143082297,PE-RUC,MUNICIPALIDAD PROVINCIAL DE LUCANAS - PUQUIO
ocds-dgv273-seacev3-2026-10247-144,ocds-dgv273-seacev3-2026-10247-144-2026-03-22T10:01:27.344303-05:00,PE-CONSUCODE-10247,20131369124,PE-RUC,EJERCITO PERUANO
ocds-dgv273-seacev3-2026-10457-14,ocds-dgv273-seacev3-2026-10457-14-2026-03-22T10:01:26.869218-05:00,PE-CONSUCODE-10457,20444054400,PE-RUC,GOBIERNO REGIONAL DE HUANCAVELICA-HOSPITAL DEPARTAMENTAL DE HUANCAVELICA
ocds-dgv273-seacev3-1189606,ocds-dgv273-seacev3-1189606-2026-03-22T10:01:26.855808-05:00,PE-CONSUCODE-200723,20573205678,PE-RUC,GOBIERNO REGIONAL DE HUANUCO - UNIDAD EJECUTORA EDUCACION UGEL HUANUCO
ocds-dgv273-seacev3-1191678,ocds-dgv273-seacev3-1191678-2026-03-22T10:01:26.709962-05:00,PE-CONSUCODE-926,20192215553,PE-RUC,MUNICIPALIDAD DISTRITAL DE AYAVI
ocds-dgv273-seacev3-1191452,ocds-dgv273-seacev3-1191452-2026-03-22T10:01:25.259115-05:00,PE-CONSUCODE-204990,20608738593,PE-RUC,GOBIERNO REGIONAL DE JUNÍN - INSTITUTO REGIONAL DE ENFERMEDADES NEOPLÁSICAS DEL CENTRO
ocds-dgv273-seacev3-1189678,ocds-dgv273-seacev3-1189678-2026-03-22T10:01:25.244899-05:00,PE-CONSUCODE-35,20452393493,PE-RUC,GOBIERNO REGIONAL DE AYACUCHO SEDE CENTRAL
ocds-dgv273-seacev3-2026-200014-2,ocds-dgv273-seacev3-2026-200014-2-2026-03-22T10:01:24.938359-05:00,PE-CONSUCODE-200014,20526917295,PE-RUC,UNIVERSIDAD NACIONAL AMAZONICA DE MADRE DE DIOS
ocds-dgv273-seacev3-1191820,ocds-dgv273-seacev3-1191820-2026-03-22T10:01:24.815181-05:00,PE-CONSUCODE-1886,20147897406,PE-RUC,UNIVERSIDAD NACIONAL AGRARIA LA MOLINA
ocds-dgv273-seacev3-1189766,ocds-dgv273-seacev3-1189766-2026-03-22T10:01:23.828024-05:00,PE-CONSUCODE-797,20181709066,PE-RUC,MUNICIPALIDAD PROVINCIAL DE CHUMBIVILCAS - SANTO TOMAS
ocds-dgv273-seacev3-2026-10543-3,ocds-dgv273-seacev3-2026-10543-3-2026-03-22T10:01:23.493821-05:00,PE-CONSUCODE-10543,20171880891,PE-RUC,GOBIERNO REGIONAL DE MOQUEGUA-SALUD
ocds-dgv273-seacev3-2026-552-7,ocds-dgv273-seacev3-2026-552-7-2026-03-22T10:01:23.476272-05:00,PE-CONSUCODE-552,20143082297,PE-RUC,MUNICIPALIDAD PROVINCIAL DE LUCANAS - PUQUIO
ocds-dgv273-seacev3-1187316,ocds-dgv273-seacev3-1187316-2026-03-22T10:01:23.385178-05:00,PE-CONSUCODE-10457,20444054400,PE-RUC,GOBIERNO REGIONAL DE HUANCAVELICA-HOSPITAL DEPARTAMENTAL DE HUANCAVELICA
ocds-dgv273-seacev3-2026-10457-18,ocds-dgv273-seacev3-2026-10457-18-2026-03-22T10:01:23.343210-05:00,PE-CONSUCODE-10457,20444054400,PE-RUC,GOBIERNO REGIONAL DE HUANCAVELICA-HOSPITAL DEPARTAMENTAL DE HUANCAVELICA
ocds-dgv273-seacev3-1187884,ocds-dgv273-seacev3-1187884-2026-03-22T10:01:22.629615-05:00,PE-CONSUCODE-34,20498390570,PE-RUC,GOBIERNO REGIONAL DE AREQUIPA Sede Central
ocds-dgv273-seacev3-2026-878-1,ocds-dgv273-seacev3-2026-878-1-2026-03-22T10:01:22.619900-05:00,PE-CONSUCODE-878,20202510699,PE-RUC,MUNICIPALIDAD DISTRITAL DE MARCAS
ocds-dgv273-seacev3-2026-10398-6,ocds-dgv273-seacev3-2026-10398-6-2026-03-22T10:01:22.603840-05:00,PE-CONSUCODE-10398,20146925686,PE-RUC,GOBIERNO REGIONAL DE ANCASH-SALUD UTES CARAZ
ocds-dgv273-seacev3-2026-1572-1,ocds-dgv273-seacev3-2026-1572-1-2026-03-22T10:01:22.562516-05:00,PE-CONSUCODE-1572,20162537319,PE-RUC,MUNICIPALIDAD DISTRITAL DE PAUCAR
ocds-dgv273-seacev3-2026-10180-2,ocds-dgv273-seacev3-2026-10180-2-2026-03-22T10:01:18.779593-05:00,PE-CONSUCODE-10180,20154768859,PE-RUC,GOBIERNO REGIONAL DE LIMA - UNIDAD DE GESTION EDUCATIVA LOCAL UGEL 15 - HUAROCHIRI
ocds-dgv273-seacev3-1188655,ocds-dgv273-seacev3-1188655-2026-03-22T10:01:18.693179-05:00,PE-CONSUCODE-10189,20380795907,PE-RUC,PROGRAMA EDUCACION BASICA PARA TODOS UE 026
ocds-dgv273-seacev3-1190639,ocds-dgv273-seacev3-1190639-2026-03-22T10:01:16.987115-05:00,PE-CONSUCODE-35,20452393493,PE-RUC,GOBIERNO REGIONAL DE AYACUCHO SEDE CENTRAL
ocds-dgv273-seacev3-1191811,ocds-dgv273-seacev3-1191811-2026-03-22T10:01:16.818421-05:00,PE-CONSUCODE-1065,20184022207,PE-RUC,MUNICIPALIDAD DISTRITAL DE SAN ANDRES
ocds-dgv273-seacev3-1190269,ocds-dgv273-seacev3-1190269-2026-03-22T10:01:16.631882-05:00,PE-CONSUCODE-1995,20131373075,PE-RUC,SERVICIO NACIONAL DE SANIDAD AGRARIA
ocds-dgv273-seacev3-2026-1952-44,ocds-dgv273-seacev3-2026-1952-44-2026-03-22T10:01:16.539821-05:00,PE-CONSUCODE-1952,20419026809,PE-RUC,ORGANISMO ESPECIALIZADO PARA LAS CONTRATACIONES PUBLICAS EFICIENTES
ocds-dgv273-seacev3-1187755,ocds-dgv273-seacev3-1187755-2026-03-22T10:01:15.927022-05:00,PE-CONSUCODE-204448,20604932964,PE-RUC,AUTORIDAD DE TRANSPORTE URBANO PARA LIMA Y CALLAO
ocds-dgv273-seacev3-2026-1289-2,ocds-dgv273-seacev3-2026-1289-2-2026-03-22T10:01:14.470617-05:00,PE-CONSUCODE-1289,20162368452,PE-RUC,MUNICIPALIDAD PROVINCIAL DE FERREÑAFE
ocds-dgv273-seacev3-1189316,ocds-dgv273-seacev3-1189316-2026-03-22T10:01:13.649006-05:00,PE-CONSUCODE-1485,20165973683,PE-RUC,MUNICIPALIDAD DISTRITAL DE NAPO
ocds-dgv273-seacev3-2026-200014-15,ocds-dgv273-seacev3-2026-200014-15-2026-03-22T10:01:13.532039-05:00,PE-CONSUCODE-200014,20526917295,PE-RUC,UNIVERSIDAD NACIONAL AMAZONICA DE MADRE DE DIOS
ocds-dgv273-seacev3-1188251,ocds-dgv273-seacev3-1188251-2026-03-22T10:01:12.868670-05:00,PE-CONSUCODE-419,20220889042,PE-RUC,MUNICIPALIDAD DISTRITAL DE VITOR
ocds-dgv273-seacev3-1186283,ocds-dgv273-seacev3-1186283-2026-03-22T10:01:12.181651-05:00,PE-CONSUCODE-1890,20168014962,PE-RUC,UNIVERSIDAD NACIONAL DE HUANCAVELICA
ocds-dgv273-seacev3-1187677,ocds-dgv273-seacev3-1187677-2026-03-22T10:01:12.116503-05:00,PE-CONSUCODE-201225,20563198240,PE-RUC,OFICINA GENERAL DE INFRAESTRUCTURA
ocds-dgv273-seacev3-1192081,ocds-dgv273-seacev3-1192081-2026-03-21T10:10:07.071220-05:00,PE-CONSUCODE-200528,20573020970,PE-RUC,GOBIERNO REGIONAL DE HUANUCO - RED DE SALUD HUAMALIES
ocds-dgv273-seacev3-1192037,ocds-dgv273-seacev3-1192037-2026-03-21T10:10:07.018284-05:00,PE-CONSUCODE-200332,20494981280,PE-RUC,GOBIERNO REGIONAL DE CUSCO - UNIDAD EJECUTORA 406 : RED DE SERVICIOS DE SALUD KIMBIRI-PICHARI
ocds-dgv273-seacev3-2026-1852-32,ocds-dgv273-seacev3-2026-1852-32-2026-03-21T10:10:06.701834-05:00,PE-CONSUCODE-1852,20171895147,PE-RUC,MUNICIPALIDAD DISTRITAL DE ILABAYA
ocds-dgv273-seacev3-2026-1877-3,ocds-dgv273-seacev3-2026-1877-3-2026-03-21T10:10:06.419594-05:00,PE-CONSUCODE-1877,20171714371,PE-RUC,MUNICIPALIDAD PROVINCIAL DE ATALAYA - RAYMONDI
ocds-dgv273-seacev3-2026-1877-1,ocds-dgv273-seacev3-2026-1877-1-2026-03-21T10:10:06.404737-05:00,PE-CONSUCODE-1877,20171714371,PE-RUC,MUNICIPALIDAD PROVINCIAL DE ATALAYA - RAYMONDI
ocds-dgv273-seacev3-2026-1722-1,ocds-dgv273-seacev3-2026-1722-1-2026-03-21T10:10:06.313139-05:00,PE-CONSUCODE-1722,20192145831,PE-RUC,MUNICIPALIDAD PROVINCIAL DE SANDIA
ocds-dgv273-seacev3-1191431,ocds-dgv273-seacev3-1191431-2026-03-21T10:10:03.462072-05:00,PE-CONSUCODE-755,20154432516,PE-RUC,MUNICIPALIDAD DISTRITAL DE SANTIAGO - CUSCO
ocds-dgv273-seacev3-1191690,ocds-dgv273-seacev3-1191690-2026-03-21T10:10:03.302487-05:00,PE-CONSUCODE-200370,20495122361,PE-RUC,GOBIERNO REGIONAL DE AYACUCHO - UNIDAD EJECUTORA RED DE SALUD HUAMANGA
ocds-dgv273-seacev3-2026-10249-12,ocds-dgv273-seacev3-2026-10249-12-2026-03-21T10:10:03.021068-05:00,PE-CONSUCODE-10249,20144364059,PE-RUC,FUERZA AEREA DEL PERU
ocds-dgv273-seacev3-1186041,ocds-dgv273-seacev3-1186041-2026-03-21T10:10:02.823927-05:00,PE-CONSUCODE-10523,20408560137,PE-RUC,GOBIERNO REGIONAL DE LORETO - GERENCIA SUB REGIONAL ALTO AMAZONAS YURIMAGUAS
ocds-dgv273-seacev3-1190182,ocds-dgv273-seacev3-1190182-2026-03-21T10:10:02.783965-05:00,PE-CONSUCODE-623,20221772220,PE-RUC,MUNICIPALIDAD DISTRITAL DE MATARA
ocds-dgv273-seacev3-2026-200210-3,ocds-dgv273-seacev3-2026-200210-3-2026-03-21T10:10:02.292164-05:00,PE-CONSUCODE-200210,20486112736,PE-RUC,INSTITUTO DE VIALIDAD MUNICIPAL DE LA PROVINCIA DE TAYACAJA
ocds-dgv273-seacev3-1188364,ocds-dgv273-seacev3-1188364-2026-03-21T10:10:00.994714-05:00,PE-CONSUCODE-10403,20185898343,PE-RUC,GOBIERNO REGIONAL DE APURIMAC-CHANKA
ocds-dgv273-seacev3-2026-10247-139,ocds-dgv273-seacev3-2026-10247-139-2026-03-21T10:10:00.822257-05:00,PE-CONSUCODE-10247,20131369124,PE-RUC,EJERCITO PERUANO
ocds-dgv273-seacev3-1188126,ocds-dgv273-seacev3-1188126-2026-03-21T10:10:00.574400-05:00,PE-CONSUCODE-10460,20321327231,PE-RUC,GOBIERNO REGIONAL DE HUANUCO - AGRICULTURA
ocds-dgv273-seacev3-2026-1784-9,ocds-dgv273-seacev3-2026-1784-9-2026-03-21T10:10:00.565136-05:00,PE-CONSUCODE-1784,20148170933,PE-RUC,MUNICIPALIDAD PROVINCIAL DE RIOJA
ocds-dgv273-seacev3-2026-959-1,ocds-dgv273-seacev3-2026-959-1-2026-03-21T10:10:00.236287-05:00,PE-CONSUCODE-959,20172372920,PE-RUC,MUNICIPALIDAD DISTRITAL DE YARUMAYO
ocds-dgv273-seacev3-1188608,ocds-dgv273-seacev3-1188608-2026-03-21T10:09:59.554596-05:00,PE-CONSUCODE-749,20177217043,PE-RUC,MUNICIPALIDAD PROVINCIAL DEL CUSCO
ocds-dgv273-seacev3-2026-141-6,ocds-dgv273-seacev3-2026-141-6-2026-03-21T10:09:59.512500-05:00,PE-CONSUCODE-141,20178082222,PE-RUC,MUNICIPALIDAD PROVINCIAL DE CONDORCANQUI - NIEVA
ocds-dgv273-seacev3-2026-1788-2,ocds-dgv273-seacev3-2026-1788-2-2026-03-21T10:09:59.449914-05:00,PE-CONSUCODE-1788,20148155381,PE-RUC,MUNICIPALIDAD DISTRITAL DE PARDO MIGUEL - NARANJOS
ocds-dgv273-seacev3-1186748,ocds-dgv273-seacev3-1186748-2026-03-21T10:09:59.432370-05:00,PE-CONSUCODE-1182,20174790320,PE-RUC,MUNICIPALIDAD PROVINCIAL DE CHUPACA
ocds-dgv273-seacev3-2026-51-85,ocds-dgv273-seacev3-2026-51-85-2026-03-21T10:09:54.058093-05:00,PE-CONSUCODE-51,20519752515,PE-RUC,GOBIERNO REGIONAL DE TACNA SEDE CENTRAL
ocds-dgv273-seacev3-2026-200261-10,ocds-dgv273-seacev3-2026-200261-10-2026-03-21T10:09:53.914720-05:00,PE-CONSUCODE-200261,20477936882,PE-RUC,PROGRAMA DE DESARROLLO PRODUCTIVO AGRARIO RURAL - AGRO RURAL
ocds-dgv273-seacev3-1190334,ocds-dgv273-seacev3-1190334-2026-03-21T10:09:53.063253-05:00,PE-CONSUCODE-1614,20147030631,PE-RUC,MUNICIPALIDAD DISTRITAL DE LA MATANZA
ocds-dgv273-seacev3-1190792,ocds-dgv273-seacev3-1190792-2026-03-21T10:09:52.957885-05:00,PE-CONSUCODE-203686,20601845335,PE-RUC,GOBIERNO REGIONAL DE UCAYALI RED DE SALUD N° 01 CORONEL PORTILLO
ocds-dgv273-seacev3-2026-200210-20,ocds-dgv273-seacev3-2026-200210-20-2026-03-21T10:09:52.893904-05:00,PE-CONSUCODE-200210,20486112736,PE-RUC,INSTITUTO DE VIALIDAD MUNICIPAL DE LA PROVINCIA DE TAYACAJA
ocds-dgv273-seacev3-2026-200210-1,ocds-dgv273-seacev3-2026-200210-1-2026-03-21T10:09:52.817443-05:00,PE-CONSUCODE-200210,20486112736,PE-RUC,INSTITUTO DE VIALIDAD MUNICIPAL DE LA PROVINCIA DE TAYACAJA
ocds-dgv273-seacev3-2026-141-2,ocds-dgv273-seacev3-2026-141-2-2026-03-21T10:09:52.753057-05:00,PE-CONSUCODE-141,20178082222,PE-RUC,MUNICIPALIDAD PROVINCIAL DE CONDORCANQUI - NIEVA
ocds-dgv273-seacev3-1188978,ocds-dgv273-seacev3-1188978-2026-03-21T10:09:49.625964-05:00,PE-CONSUCODE-200209,20493452241,PE-RUC,MUNICIPALIDAD DISTRITAL DE ANDOAS
ocds-dgv273-seacev3-1191748,ocds-dgv273-seacev3-1191748-2026-03-21T10:09:49.376440-05:00,PE-CONSUCODE-777,20147552506,PE-RUC,MUNICIPALIDAD DISTRITAL DE PISAC
ocds-dgv273-seacev3-1188345,ocds-dgv273-seacev3-1188345-2026-03-21T10:09:49.315648-05:00,PE-CONSUCODE-1695,20185896723,PE-RUC,MUNICIPALIDAD PROVINCIAL DE HUANCANE
ocds-dgv273-seacev3-1187193,ocds-dgv273-seacev3-1187193-2026-03-21T10:09:49.061028-05:00,PE-CONSUCODE-785,20209488419,PE-RUC,MUNICIPALIDAD DISTRITAL DE LAYO
ocds-dgv273-seacev3-1186916,ocds-dgv273-seacev3-1186916-2026-03-21T10:09:48.548721-05:00,PE-CONSUCODE-907,20190345344,PE-RUC,MUNICIPALIDAD PROVINCIAL DE TAYACAJA - PAMPAS
ocds-dgv273-seacev3-2026-1372-1,ocds-dgv273-seacev3-2026-1372-1-2026-03-21T10:09:44.098785-05:00,PE-CONSUCODE-1372,20148181544,PE-RUC,MUNICIPALIDAD DISTRITAL DE NUEVO IMPERIAL
ocds-dgv273-seacev3-2026-1877-2,ocds-dgv273-seacev3-2026-1877-2-2026-03-21T10:09:43.731918-05:00,PE-CONSUCODE-1877,20171714371,PE-RUC,MUNICIPALIDAD PROVINCIAL DE ATALAYA - RAYMONDI
ocds-dgv273-seacev3-2026-818-1,ocds-dgv273-seacev3-2026-818-1-2026-03-21T10:09:43.440438-05:00,PE-CONSUCODE-818,20159340008,PE-RUC,MUNICIPALIDAD DISTRITAL DE SANTA TERESA
ocds-dgv273-seacev3-1191725,ocds-dgv273-seacev3-1191725-2026-03-21T10:09:41.468076-05:00,PE-CONSUCODE-629,20199984871,PE-RUC,MUNICIPALIDAD DISTRITAL DE CONDEBAMBA
ocds-dgv273-seacev3-2026-1646-10,ocds-dgv273-seacev3-2026-1646-10-2026-03-21T10:09:40.898179-05:00,PE-CONSUCODE-1646,20159249779,PE-RUC,MUNICIPALIDAD DISTRITAL DE VICE
ocds-dgv273-seacev3-2026-41-105,ocds-dgv273-seacev3-2026-41-105-2026-03-21T10:09:40.018189-05:00,PE-CONSUCODE-41,20486021692,PE-RUC,GOBIERNO REGIONAL DE JUNIN SEDE CENTRAL
ocds-dgv273-seacev3-2026-1561-1,ocds-dgv273-seacev3-2026-1561-1-2026-03-21T10:09:38.214097-05:00,PE-CONSUCODE-1561,20205094068,PE-RUC,MUNICIPALIDAD DISTRITAL DE PALLANCHACRA
ocds-dgv273-seacev3-2026-200302-29,ocds-dgv273-seacev3-2026-200302-29-2026-03-21T10:09:31.081724-05:00,PE-CONSUCODE-200302,20480776250,PE-RUC,POLICÍA NACIONAL DEL PERÚ - II DIRECCIÓN TERRITORIAL CHICLAYO
ocds-dgv273-seacev3-1194978,ocds-dgv273-seacev3-1194978-2026-03-21T10:09:31.020222-05:00,PE-CONSUCODE-552,20143082297,PE-RUC,MUNICIPALIDAD PROVINCIAL DE LUCANAS - PUQUIO
ocds-dgv273-seacev3-2026-141-1,ocds-dgv273-seacev3-2026-141-1-2026-03-21T10:09:30.769453-05:00,PE-CONSUCODE-141,20178082222,PE-RUC,MUNICIPALIDAD PROVINCIAL DE CONDORCANQUI - NIEVA
ocds-dgv273-seacev3-1191508,ocds-dgv273-seacev3-1191508-2026-03-21T10:09:30.388431-05:00,PE-CONSUCODE-151,20172268430,PE-RUC,MUNICIPALIDAD PROVINCIAL DE HUARAZ
ocds-dgv273-seacev3-1186431,ocds-dgv273-seacev3-1186431-2026-03-21T10:09:27.795949-05:00,PE-CONSUCODE-1528,20213017871,PE-RUC,MUNICIPALIDAD DISTRITAL DE LAS PIEDRAS
ocds-dgv273-seacev3-1191332,ocds-dgv273-seacev3-1191332-2026-03-21T10:09:24.276033-05:00,PE-CONSUCODE-918,20170342519,PE-RUC,MUNICIPALIDAD DISTRITAL DE SALCABAMBA
ocds-dgv273-seacev3-1190050,ocds-dgv273-seacev3-1190050-2026-03-21T10:09:23.981095-05:00,PE-CONSUCODE-552,20143082297,PE-RUC,MUNICIPALIDAD PROVINCIAL DE LUCANAS - PUQUIO
ocds-dgv273-seacev3-2026-1877-13,ocds-dgv273-seacev3-2026-1877-13-2026-03-21T10:09:22.933634-05:00,PE-CONSUCODE-1877,20171714371,PE-RUC,MUNICIPALIDAD PROVINCIAL DE ATALAYA - RAYMONDI
ocds-dgv273-seacev3-1188223,ocds-dgv273-seacev3-1188223-2026-03-21T10:09:22.917779-05:00,PE-CONSUCODE-1182,20174790320,PE-RUC,MUNICIPALIDAD PROVINCIAL DE CHUPACA
ocds-dgv273-seacev3-1191717,ocds-dgv273-seacev3-1191717-2026-03-21T10:09:22.498793-05:00,PE-CONSUCODE-952,20166915181,PE-RUC,MUNICIPALIDAD DISTRITAL DE CHINCHAO
ocds-dgv273-seacev3-1190329,ocds-dgv273-seacev3-1190329-2026-03-21T10:09:22.030598-05:00,PE-CONSUCODE-1045,20147676574,PE-RUC,MUNICIPALIDAD DISTRITAL DE PUEBLO NUEVO - CHINCHA
ocds-dgv273-seacev3-1189357,ocds-dgv273-seacev3-1189357-2026-03-21T10:09:21.144624-05:00,PE-CONSUCODE-1876,20198772306,PE-RUC,MUNICIPALIDAD DISTRITAL DE NUEVA REQUENA
ocds-dgv273-seacev3-1191241,ocds-dgv273-seacev3-1191241-2026-03-21T10:09:20.996167-05:00,PE-CONSUCODE-1744,20195320111,PE-RUC,MUNICIPALIDAD DISTRITAL DE QUILCAPUNCU
ocds-dgv273-seacev3-1188373,ocds-dgv273-seacev3-1188373-2026-03-21T10:09:18.533732-05:00,PE-CONSUCODE-203686,20601845335,PE-RUC,GOBIERNO REGIONAL DE UCAYALI RED DE SALUD N° 01 CORONEL PORTILLO
ocds-dgv273-seacev3-2026-552-2,ocds-dgv273-seacev3-2026-552-2-2026-03-21T10:09:18.421645-05:00,PE-CONSUCODE-552,20143082297,PE-RUC,MUNICIPALIDAD PROVINCIAL DE LUCANAS - PUQUIO
ocds-dgv273-seacev3-1188350,ocds-dgv273-seacev3-1188350-2026-03-21T10:09:18.360376-05:00,PE-CONSUCODE-552,20143082297,PE-RUC,MUNICIPALIDAD PROVINCIAL DE LUCANAS - PUQUIO
ocds-dgv273-seacev3-2026-552-11,ocds-dgv273-seacev3-2026-552-11-2026-03-21T10:09:17.019726-05:00,PE-CONSUCODE-552,20143082297,PE-RUC,MUNICIPALIDAD PROVINCIAL DE LUCANAS - PUQUIO
ocds-dgv273-seacev3-2026-1369-1,ocds-dgv273-seacev3-2026-1369-1-2026-03-21T10:09:16.923463-05:00,PE-CONSUCODE-1369,20162290089,PE-RUC,MUNICIPALIDAD DISTRITAL DE IMPERIAL
ocds-dgv273-seacev3-1186889,ocds-dgv273-seacev3-1186889-2026-03-21T10:09:16.876874-05:00,PE-CONSUCODE-979,20204863769,PE-RUC,MUNICIPALIDAD DISTRITAL DE CHAVIN DE PARIARCA
ocds-dgv273-seacev3-1189045,ocds-dgv273-seacev3-1189045-2026-03-21T10:09:16.687628-05:00,PE-CONSUCODE-43,20479569780,PE-RUC,GOBIERNO REGIONAL DE LAMBAYEQUE SEDE CENTRAL
ocds-dgv273-seacev3-2026-200302-18,ocds-dgv273-seacev3-2026-200302-18-2026-03-21T10:09:13.020555-05:00,PE-CONSUCODE-200302,20480776250,PE-RUC,POLICÍA NACIONAL DEL PERÚ - II DIRECCIÓN TERRITORIAL CHICLAYO
ocds-dgv273-seacev3-2026-897-1,ocds-dgv273-seacev3-2026-897-1-2026-03-21T10:09:12.397693-05:00,PE-CONSUCODE-897,20191164173,PE-RUC,MUNICIPALIDAD DISTRITAL DE CAPILLAS
ocds-dgv273-seacev3-1191881,ocds-dgv273-seacev3-1191881-2026-03-21T10:09:12.132013-05:00,PE-CONSUCODE-200127,20519839807,PE-RUC,GOBIERNO REGIONAL DE MOQUEGUA - SALUD ILO
ocds-dgv273-seacev3-1191652,ocds-dgv273-seacev3-1191652-2026-03-21T10:09:10.535756-05:00,PE-CONSUCODE-200370,20495122361,PE-RUC,GOBIERNO REGIONAL DE AYACUCHO - UNIDAD EJECUTORA RED DE SALUD HUAMANGA
ocds-dgv273-seacev3-1187461,ocds-dgv273-seacev3-1187461-2026-03-21T10:09:07.342991-05:00,PE-CONSUCODE-1060,20148421103,PE-RUC,MUNICIPALIDAD PROVINCIAL DE PISCO
ocds-dgv273-seacev3-1188093,ocds-dgv273-seacev3-1188093-2026-03-21T10:09:07.227633-05:00,PE-CONSUCODE-726,20185117627,PE-RUC,MUNICIPALIDAD DISTRITAL DE CATACHE
ocds-dgv273-seacev3-1187748,ocds-dgv273-seacev3-1187748-2026-03-21T10:09:07.099578-05:00,PE-CONSUCODE-191,20200028083,PE-RUC,MUNICIPALIDAD DISTRITAL DE AMASHCA
ocds-dgv273-seacev3-2026-1295-5,ocds-dgv273-seacev3-2026-1295-5-2026-03-21T10:09:06.797223-05:00,PE-CONSUCODE-1295,20175975234,PE-RUC,MUNICIPALIDAD PROVINCIAL DE LAMBAYEQUE
ocds-dgv273-seacev3-1186546,ocds-dgv273-seacev3-1186546-2026-03-21T10:09:06.465877-05:00,PE-CONSUCODE-201185,20564327019,PE-RUC,GOBIERNO REGIONAL DE APURIMAC  - UNIDAD EJECUTORA GERENCIA SUB REGIONAL DE COTABAMBAS
ocds-dgv273-seacev3-1189721,ocds-dgv273-seacev3-1189721-2026-03-20T10:14:23.486148-05:00,PE-CONSUCODE-1679,20207352871,PE-RUC,MUNICIPALIDAD DISTRITAL DE AJOYANI
ocds-dgv273-seacev3-1190304,ocds-dgv273-seacev3-1190304-2026-03-20T10:14:22.392678-05:00,PE-CONSUCODE-2382,20131911310,PE-RUC,SERVICIO DE AGUA POTABLE Y ALCANTARILLADO DE LA LIBERTAD
ocds-dgv273-seacev3-1190327,ocds-dgv273-seacev3-1190327-2026-03-20T10:14:22.324738-05:00,PE-CONSUCODE-200035,20504007945,PE-RUC,PROGRAMA DE EMPLEO TEMPORAL - LLAMKASUN PERU
ocds-dgv273-seacev3-1187791,ocds-dgv273-seacev3-1187791-2026-03-20T10:14:22.102440-05:00,PE-CONSUCODE-191,20200028083,PE-RUC,MUNICIPALIDAD DISTRITAL DE AMASHCA
ocds-dgv273-seacev3-2026-200511-1,ocds-dgv273-seacev3-2026-200511-1-2026-03-20T10:14:21.638624-05:00,PE-CONSUCODE-200511,20539866843,PE-RUC,GOBIERNO REGIONAL DE LA LIBERTAD - UNIDAD DE GESTION EDUCATIVA LOCAL 01- EL PORVENIR
ocds-dgv273-seacev3-2026-1852-4,ocds-dgv273-seacev3-2026-1852-4-2026-03-20T10:14:20.392848-05:00,PE-CONSUCODE-1852,20171895147,PE-RUC,MUNICIPALIDAD DISTRITAL DE ILABAYA
ocds-dgv273-seacev3-1189353,ocds-dgv273-seacev3-1189353-2026-03-20T10:14:19.087911-05:00,PE-CONSUCODE-1983,20131369477,PE-RUC,INSTITUTO TECNOLOGICO DE LA PRODUCCION
ocds-dgv273-seacev3-2026-200303-13,ocds-dgv273-seacev3-2026-200303-13-2026-03-20T10:14:18.779887-05:00,PE-CONSUCODE-200303,20496162014,PE-RUC,INSTITUTO VIAL PROVINCIAL DE CHOTA
ocds-dgv273-seacev3-2026-200303-14,ocds-dgv273-seacev3-2026-200303-14-2026-03-20T10:14:18.764085-05:00,PE-CONSUCODE-200303,20496162014,PE-RUC,INSTITUTO VIAL PROVINCIAL DE CHOTA
ocds-dgv273-seacev3-2026-200303-12,ocds-dgv273-seacev3-2026-200303-12-2026-03-20T10:14:18.658022-05:00,PE-CONSUCODE-200303,20496162014,PE-RUC,INSTITUTO VIAL PROVINCIAL DE CHOTA
ocds-dgv273-seacev3-2026-1642-19,ocds-dgv273-seacev3-2026-1642-19-2026-03-20T10:14:18.430187-05:00,PE-CONSUCODE-1642,20146721410,PE-RUC,MUNICIPALIDAD PROVINCIAL DE SECHURA
ocds-dgv273-seacev3-1188445,ocds-dgv273-seacev3-1188445-2026-03-20T10:14:18.372411-05:00,PE-CONSUCODE-200396,20568019521,PE-RUC,UNIVERSIDAD NACIONAL INTERCULTURAL DE LA SELVA CENTRAL JUAN SANTOS ATAHUALPA
ocds-dgv273-seacev3-2026-200303-9,ocds-dgv273-seacev3-2026-200303-9-2026-03-20T10:14:17.461006-05:00,PE-CONSUCODE-200303,20496162014,PE-RUC,INSTITUTO VIAL PROVINCIAL DE CHOTA
ocds-dgv273-seacev3-1187887,ocds-dgv273-seacev3-1187887-2026-03-20T10:14:13.653101-05:00,PE-CONSUCODE-278,20282911915,PE-RUC,MUNICIPALIDAD DISTRITAL DE NUEVO CHIMBOTE
ocds-dgv273-seacev3-1190487,ocds-dgv273-seacev3-1190487-2026-03-20T10:14:13.292091-05:00,PE-CONSUCODE-337,20199906306,PE-RUC,MUNICIPALIDAD DISTRITAL DE SAN JERONIMO - ANDAHUAYLAS
ocds-dgv273-seacev3-1187708,ocds-dgv273-seacev3-1187708-2026-03-20T10:14:13.172537-05:00,PE-CONSUCODE-191,20200028083,PE-RUC,MUNICIPALIDAD DISTRITAL DE AMASHCA
ocds-dgv273-seacev3-1188154,ocds-dgv273-seacev3-1188154-2026-03-20T10:14:11.687828-05:00,PE-CONSUCODE-201365,20564325741,PE-RUC,UNIVERSIDAD NACIONAL INTERCULTURAL DE QUILLABAMBA
ocds-dgv273-seacev3-1187775,ocds-dgv273-seacev3-1187775-2026-03-20T10:14:11.355513-05:00,PE-CONSUCODE-191,20200028083,PE-RUC,MUNICIPALIDAD DISTRITAL DE AMASHCA
ocds-dgv273-seacev3-1189112,ocds-dgv273-seacev3-1189112-2026-03-20T10:14:09.144159-05:00,PE-CONSUCODE-1209,20141897935,PE-RUC,MUNICIPALIDAD PROVINCIAL DE SANCHEZ CARRION - HUAMACHUCO
ocds-dgv273-seacev3-2026-1299-1,ocds-dgv273-seacev3-2026-1299-1-2026-03-20T10:14:08.741714-05:00,PE-CONSUCODE-1299,20190384757,PE-RUC,MUNICIPALIDAD DISTRITAL DE MOCHUMI
ocds-dgv273-seacev3-1187025,ocds-dgv273-seacev3-1187025-2026-03-20T10:14:07.890220-05:00,PE-CONSUCODE-1430,20173990988,PE-RUC,MUNICIPALIDAD DISTRITAL DE SANTA EULALIA
ocds-dgv273-seacev3-2026-10556-4,ocds-dgv273-seacev3-2026-10556-4-2026-03-20T10:14:04.133565-05:00,PE-CONSUCODE-10556,20205443763,PE-RUC,GOBIERNO REGIONAL DE PIURA-COLEGIO MILITAR PEDRO RUIZ GALLO
ocds-dgv273-seacev3-2026-2370-1,ocds-dgv273-seacev3-2026-2370-1-2026-03-20T10:14:03.555174-05:00,PE-CONSUCODE-2370,20119147051,PE-RUC,ENTIDAD PRESTADORA DE SERVICIO DE SANEAMIENTO CHAVIN S.A.
ocds-dgv273-seacev3-2026-1285-2,ocds-dgv273-seacev3-2026-1285-2-2026-03-20T10:14:02.783701-05:00,PE-CONSUCODE-1285,20148364975,PE-RUC,MUNICIPALIDAD DISTRITAL DE JOSE LEONARDO ORTIZ
ocds-dgv273-seacev3-1190485,ocds-dgv273-seacev3-1190485-2026-03-20T10:14:01.334819-05:00,PE-CONSUCODE-337,20199906306,PE-RUC,MUNICIPALIDAD DISTRITAL DE SAN JERONIMO - ANDAHUAYLAS
ocds-dgv273-seacev3-2026-808-1,ocds-dgv273-seacev3-2026-808-1-2026-03-20T10:14:00.158822-05:00,PE-CONSUCODE-808,20278022570,PE-RUC,MUNICIPALIDAD DISTRITAL DE OCORURO
ocds-dgv273-seacev3-1189494,ocds-dgv273-seacev3-1189494-2026-03-20T10:13:59.728534-05:00,PE-CONSUCODE-10429,20181079968,PE-RUC,GOBIERNO REGIONAL DE AYACUCHO-SALUD
ocds-dgv273-seacev3-2026-805-10,ocds-dgv273-seacev3-2026-805-10-2026-03-20T10:13:59.636202-05:00,PE-CONSUCODE-805,20147346434,PE-RUC,MUNICIPALIDAD PROVINCIAL DE ESPINAR
ocds-dgv273-seacev3-1187517,ocds-dgv273-seacev3-1187517-2026-03-20T10:13:59.292605-05:00,PE-CONSUCODE-200035,20504007945,PE-RUC,PROGRAMA DE EMPLEO TEMPORAL - LLAMKASUN PERU
ocds-dgv273-seacev3-2026-200303-3,ocds-dgv273-seacev3-2026-200303-3-2026-03-20T10:13:58.738347-05:00,PE-CONSUCODE-200303,20496162014,PE-RUC,INSTITUTO VIAL PROVINCIAL DE CHOTA
ocds-dgv273-seacev3-1187004,ocds-dgv273-seacev3-1187004-2026-03-20T10:13:58.046971-05:00,PE-CONSUCODE-151,20172268430,PE-RUC,MUNICIPALIDAD PROVINCIAL DE HUARAZ
ocds-dgv273-seacev3-2026-386-1,ocds-dgv273-seacev3-2026-386-1-2026-03-20T10:13:53.886453-05:00,PE-CONSUCODE-386,20193220763,PE-RUC,MUNICIPALIDAD DISTRITAL DE VIRUNDO
ocds-dgv273-seacev3-1189792,ocds-dgv273-seacev3-1189792-2026-03-20T10:13:51.884744-05:00,PE-CONSUCODE-1679,20207352871,PE-RUC,MUNICIPALIDAD DISTRITAL DE AJOYANI
ocds-dgv273-seacev3-1189616,ocds-dgv273-seacev3-1189616-2026-03-20T10:13:51.056681-05:00,PE-CONSUCODE-200262,20525832334,PE-RUC,GOBIERNO REGIONAL DE PIURA-HOSPITAL DE APOYO I SANTA ROSA PIURA
ocds-dgv273-seacev3-1189501,ocds-dgv273-seacev3-1189501-2026-03-20T10:13:49.250824-05:00,PE-CONSUCODE-805,20147346434,PE-RUC,MUNICIPALIDAD PROVINCIAL DE ESPINAR
ocds-dgv273-seacev3-2026-200303-15,ocds-dgv273-seacev3-2026-200303-15-2026-03-20T10:13:48.630408-05:00,PE-CONSUCODE-200303,20496162014,PE-RUC,INSTITUTO VIAL PROVINCIAL DE CHOTA
ocds-dgv273-seacev3-2026-141-3,ocds-dgv273-seacev3-2026-141-3-2026-03-20T10:13:48.531249-05:00,PE-CONSUCODE-141,20178082222,PE-RUC,MUNICIPALIDAD PROVINCIAL DE CONDORCANQUI - NIEVA
ocds-dgv273-seacev3-1187582,ocds-dgv273-seacev3-1187582-2026-03-20T10:13:48.466027-05:00,PE-CONSUCODE-354,20208595041,PE-RUC,MUNICIPALIDAD DISTRITAL DE CARAYBAMBA
ocds-dgv273-seacev3-1186189,ocds-dgv273-seacev3-1186189-2026-03-20T10:13:48.384959-05:00,PE-CONSUCODE-22,20131373237,PE-RUC,MINISTERIO DE SALUD
ocds-dgv273-seacev3-2026-1599-1,ocds-dgv273-seacev3-2026-1599-1-2026-03-20T10:13:48.368891-05:00,PE-CONSUCODE-1599,20191570911,PE-RUC,MUNICIPALIDAD DISTRITAL DE PAIMAS
ocds-dgv273-seacev3-1197506,ocds-dgv273-seacev3-1197506-2026-03-20T10:13:43.136041-05:00,PE-CONSUCODE-337,20199906306,PE-RUC,MUNICIPALIDAD DISTRITAL DE SAN JERONIMO - ANDAHUAYLAS
ocds-dgv273-seacev3-2026-925-1,ocds-dgv273-seacev3-2026-925-1-2026-03-20T10:13:43.040641-05:00,PE-CONSUCODE-925,20162316495,PE-RUC,MUNICIPALIDAD PROVINCIAL DE HUAYTARA
ocds-dgv273-seacev3-2026-200303-16,ocds-dgv273-seacev3-2026-200303-16-2026-03-20T10:13:42.429937-05:00,PE-CONSUCODE-200303,20496162014,PE-RUC,INSTITUTO VIAL PROVINCIAL DE CHOTA
ocds-dgv273-seacev3-1188369,ocds-dgv273-seacev3-1188369-2026-03-20T10:13:42.414618-05:00,PE-CONSUCODE-505,20143137296,PE-RUC,MUNICIPALIDAD PROVINCIAL DE HUAMANGA
ocds-dgv273-seacev3-1187765,ocds-dgv273-seacev3-1187765-2026-03-20T10:13:41.750802-05:00,PE-CONSUCODE-191,20200028083,PE-RUC,MUNICIPALIDAD DISTRITAL DE AMASHCA
ocds-dgv273-seacev3-1189146,ocds-dgv273-seacev3-1189146-2026-03-20T10:13:41.704022-05:00,PE-CONSUCODE-200035,20504007945,PE-RUC,PROGRAMA DE EMPLEO TEMPORAL - LLAMKASUN PERU
ocds-dgv273-seacev3-2026-2365-6,ocds-dgv273-seacev3-2026-2365-6-2026-03-20T10:13:41.536961-05:00,PE-CONSUCODE-2365,20115851919,PE-RUC,EMPRESA PRESTADORA DE SERVICIOS DE SANEAMIENTO DE AGUA POTABLE Y ALCANTARILLADO DE ILO S.A.
ocds-dgv273-seacev3-2026-10524-2,ocds-dgv273-seacev3-2026-10524-2-2026-03-20T10:13:40.177144-05:00,PE-CONSUCODE-10524,20450860621,PE-RUC,GOBIERNO REGIONAL DE LORETO - GERENCIA SUB REGIONAL DE UCAYALI - CONTAMANA
ocds-dgv273-seacev3-1189615,ocds-dgv273-seacev3-1189615-2026-03-20T10:13:39.997635-05:00,PE-CONSUCODE-1850,20194735384,PE-RUC,MUNICIPALIDAD PROVINCIAL DE JORGE BASADRE - LOCUMBA
ocds-dgv273-seacev3-1187717,ocds-dgv273-seacev3-1187717-2026-03-20T10:13:39.422891-05:00,PE-CONSUCODE-191,20200028083,PE-RUC,MUNICIPALIDAD DISTRITAL DE AMASHCA
ocds-dgv273-seacev3-1191832,ocds-dgv273-seacev3-1191832-2026-03-20T10:13:39.349667-05:00,PE-CONSUCODE-201965,20600351118,PE-RUC,GOBIERNO REGIONAL DE JUNIN - UNIDAD EJECUTORA RED DE SALUD PICHANAKI
ocds-dgv273-seacev3-2026-275-11,ocds-dgv273-seacev3-2026-275-11-2026-03-20T10:13:39.125723-05:00,PE-CONSUCODE-275,20186461615,PE-RUC,MUNICIPALIDAD DISTRITAL DE SAMANCO
ocds-dgv273-seacev3-2026-1619-2,ocds-dgv273-seacev3-2026-1619-2-2026-03-20T10:13:38.398326-05:00,PE-CONSUCODE-1619,20170301596,PE-RUC,MUNICIPALIDAD DISTRITAL DE YAMANGO
ocds-dgv273-seacev3-1186896,ocds-dgv273-seacev3-1186896-2026-03-20T10:13:38.339757-05:00,PE-CONSUCODE-907,20190345344,PE-RUC,MUNICIPALIDAD PROVINCIAL DE TAYACAJA - PAMPAS
ocds-dgv273-seacev3-2026-10436-1,ocds-dgv273-seacev3-2026-10436-1-2026-03-20T10:13:38.249397-05:00,PE-CONSUCODE-10436,20368981355,PE-RUC,GOBIERNO REGIONAL DE CAJAMARCA-EDUCACION CAJAMARCA
ocds-dgv273-seacev3-1186979,ocds-dgv273-seacev3-1186979-2026-03-20T10:13:37.547198-05:00,PE-CONSUCODE-151,20172268430,PE-RUC,MUNICIPALIDAD PROVINCIAL DE HUARAZ
ocds-dgv273-seacev3-1187372,ocds-dgv273-seacev3-1187372-2026-03-20T10:13:37.479851-05:00,PE-CONSUCODE-45,20527143200,PE-RUC,GOBIERNO REGIONAL DE MADRE DE DIOS SEDE CENTRAL
ocds-dgv273-seacev3-2026-217-1,ocds-dgv273-seacev3-2026-217-1-2026-03-20T10:13:33.383271-05:00,PE-CONSUCODE-217,20166604266,PE-RUC,MUNICIPALIDAD DISTRITAL DE HUACHIS
ocds-dgv273-seacev3-1191413,ocds-dgv273-seacev3-1191413-2026-03-20T10:13:33.295664-05:00,PE-CONSUCODE-10194,20514964778,PE-RUC,INSTITUTO NACIONAL DE ENFERMEDADES NEOPLASICAS
ocds-dgv273-seacev3-1187852,ocds-dgv273-seacev3-1187852-2026-03-20T10:13:33.081854-05:00,PE-CONSUCODE-278,20282911915,PE-RUC,MUNICIPALIDAD DISTRITAL DE NUEVO CHIMBOTE
ocds-dgv273-seacev3-1190243,ocds-dgv273-seacev3-1190243-2026-03-20T10:13:31.134188-05:00,PE-CONSUCODE-339,20172968253,PE-RUC,MUNICIPALIDAD DISTRITAL DE TALAVERA
ocds-dgv273-seacev3-1189233,ocds-dgv273-seacev3-1189233-2026-03-20T10:13:30.725805-05:00,PE-CONSUCODE-1302,20175975315,PE-RUC,MUNICIPALIDAD DISTRITAL DE OLMOS
ocds-dgv273-seacev3-2026-1678-6,ocds-dgv273-seacev3-2026-1678-6-2026-03-20T10:13:30.611469-05:00,PE-CONSUCODE-1678,20206921898,PE-RUC,MUNICIPALIDAD PROVINCIAL DE CARABAYA - MACUSANI
ocds-dgv273-seacev3-2026-200303-6,ocds-dgv273-seacev3-2026-200303-6-2026-03-20T10:13:28.363104-05:00,PE-CONSUCODE-200303,20496162014,PE-RUC,INSTITUTO VIAL PROVINCIAL DE CHOTA
ocds-dgv273-seacev3-2026-2382-11,ocds-dgv273-seacev3-2026-2382-11-2026-03-20T10:13:28.348966-05:00,PE-CONSUCODE-2382,20131911310,PE-RUC,SERVICIO DE AGUA POTABLE Y ALCANTARILLADO DE LA LIBERTAD
ocds-dgv273-seacev3-2026-200303-10,ocds-dgv273-seacev3-2026-200303-10-2026-03-20T10:13:28.273981-05:00,PE-CONSUCODE-200303,20496162014,PE-RUC,INSTITUTO VIAL PROVINCIAL DE CHOTA
ocds-dgv273-seacev3-1186999,ocds-dgv273-seacev3-1186999-2026-03-20T10:13:27.777538-05:00,PE-CONSUCODE-1731,20165195290,PE-RUC,MUNICIPALIDAD PROVINCIAL DE SAN ROMAN - JULIACA
ocds-dgv273-seacev3-2026-1760-1,ocds-dgv273-seacev3-2026-1760-1-2026-03-20T10:13:27.109869-05:00,PE-CONSUCODE-1760,20148170771,PE-RUC,MUNICIPALIDAD DISTRITAL DE SORITOR
ocds-dgv273-seacev3-1187699,ocds-dgv273-seacev3-1187699-2026-03-20T10:13:27.052799-05:00,PE-CONSUCODE-200303,20496162014,PE-RUC,INSTITUTO VIAL PROVINCIAL DE CHOTA
ocds-dgv273-seacev3-1191117,ocds-dgv273-seacev3-1191117-2026-03-20T10:13:22.056300-05:00,PE-CONSUCODE-1888,20154605046,PE-RUC,UNIVERSIDAD NACIONAL DANIEL ALCIDES CARRION
ocds-dgv273-seacev3-1197029,ocds-dgv273-seacev3-1197029-2026-03-20T10:13:22.030408-05:00,PE-CONSUCODE-49,20406325815,PE-RUC,GOBIERNO REGIONAL DE PUNO SEDE CENTRAL
ocds-dgv273-seacev3-1189696,ocds-dgv273-seacev3-1189696-2026-03-20T10:13:19.560270-05:00,PE-CONSUCODE-35,20452393493,PE-RUC,GOBIERNO REGIONAL DE AYACUCHO SEDE CENTRAL
ocds-dgv273-seacev3-2026-10524-1,ocds-dgv273-seacev3-2026-10524-1-2026-03-20T10:13:19.383094-05:00,PE-CONSUCODE-10524,20450860621,PE-RUC,GOBIERNO REGIONAL DE LORETO - GERENCIA SUB REGIONAL DE UCAYALI - CONTAMANA
ocds-dgv273-seacev3-2026-200303-5,ocds-dgv273-seacev3-2026-200303-5-2026-03-20T10:13:16.768724-05:00,PE-CONSUCODE-200303,20496162014,PE-RUC,INSTITUTO VIAL PROVINCIAL DE CHOTA
ocds-dgv273-seacev3-2026-200303-4,ocds-dgv273-seacev3-2026-200303-4-2026-03-20T10:13:16.753271-05:00,PE-CONSUCODE-200303,20496162014,PE-RUC,INSTITUTO VIAL PROVINCIAL DE CHOTA
ocds-dgv273-seacev3-2026-200303-8,ocds-dgv273-seacev3-2026-200303-8-2026-03-20T10:13:16.676020-05:00,PE-CONSUCODE-200303,20496162014,PE-RUC,INSTITUTO VIAL PROVINCIAL DE CHOTA
ocds-dgv273-seacev3-2026-200303-7,ocds-dgv273-seacev3-2026-200303-7-2026-03-20T10:13:16.660713-05:00,PE-CONSUCODE-200303,20496162014,PE-RUC,INSTITUTO VIAL PROVINCIAL DE CHOTA
ocds-dgv273-seacev3-1188645,ocds-dgv273-seacev3-1188645-2026-03-20T10:13:16.417031-05:00,PE-CONSUCODE-1642,20146721410,PE-RUC,MUNICIPALIDAD PROVINCIAL DE SECHURA
ocds-dgv273-seacev3-1191387,ocds-dgv273-seacev3-1191387-2026-03-19T10:13:19.980459-05:00,PE-CONSUCODE-10421,20209556431,PE-RUC,GOBIERNO REGIONAL DE AREQUIPA - COLEGIO MILITAR FRANCISCO BOLOGNESI
ocds-dgv273-seacev3-2026-2370-2,ocds-dgv273-seacev3-2026-2370-2-2026-03-19T10:13:19.762015-05:00,PE-CONSUCODE-2370,20119147051,PE-RUC,ENTIDAD PRESTADORA DE SERVICIO DE SANEAMIENTO CHAVIN S.A.
ocds-dgv273-seacev3-1189824,ocds-dgv273-seacev3-1189824-2026-03-19T10:13:19.541908-05:00,PE-CONSUCODE-1088,20206723077,PE-RUC,MUNICIPALIDAD DISTRITAL DE QUILCAS
ocds-dgv273-seacev3-2026-1600-1,ocds-dgv273-seacev3-2026-1600-1-2026-03-19T10:13:19.423215-05:00,PE-CONSUCODE-1600,20205446789,PE-RUC,MUNICIPALIDAD DISTRITAL DE SAPILLICA
ocds-dgv273-seacev3-1189132,ocds-dgv273-seacev3-1189132-2026-03-19T10:13:19.332870-05:00,PE-CONSUCODE-773,20156074242,PE-RUC,MUNICIPALIDAD PROVINCIAL DE CALCA
ocds-dgv273-seacev3-1188315,ocds-dgv273-seacev3-1188315-2026-03-19T10:13:19.212699-05:00,PE-CONSUCODE-1884,20168778750,PE-RUC,MUNICIPALIDAD PROVINCIAL DE PURUS
ocds-dgv273-seacev3-1188140,ocds-dgv273-seacev3-1188140-2026-03-19T10:13:19.183548-05:00,PE-CONSUCODE-9,20304117142,PE-RUC,DEFENSORIA DEL PUEBLO
ocds-dgv273-seacev3-1187970,ocds-dgv273-seacev3-1187970-2026-03-19T10:13:19.097777-05:00,PE-CONSUCODE-1527,20170258216,PE-RUC,MUNICIPALIDAD DISTRITAL DE INAMBARI
ocds-dgv273-seacev3-1187940,ocds-dgv273-seacev3-1187940-2026-03-19T10:13:19.082626-05:00,PE-CONSUCODE-10524,20450860621,PE-RUC,GOBIERNO REGIONAL DE LORETO - GERENCIA SUB REGIONAL DE UCAYALI - CONTAMANA
ocds-dgv273-seacev3-1187535,ocds-dgv273-seacev3-1187535-2026-03-19T10:13:18.921280-05:00,PE-CONSUCODE-724,20200367376,PE-RUC,MUNICIPALIDAD PROVINCIAL DE SANTA CRUZ
ocds-dgv273-seacev3-2026-43-16,ocds-dgv273-seacev3-2026-43-16-2026-03-19T10:13:18.814327-05:00,PE-CONSUCODE-43,20479569780,PE-RUC,GOBIERNO REGIONAL DE LAMBAYEQUE SEDE CENTRAL
ocds-dgv273-seacev3-1192008,ocds-dgv273-seacev3-1192008-2026-03-19T10:13:14.801405-05:00,PE-CONSUCODE-151,20172268430,PE-RUC,MUNICIPALIDAD PROVINCIAL DE HUARAZ
ocds-dgv273-seacev3-1191031,ocds-dgv273-seacev3-1191031-2026-03-19T10:13:14.735642-05:00,PE-CONSUCODE-200433,20456318429,PE-RUC,MINISTERIO PUBLICO - GERENCIA ADMINISTRATIVA DE AREQUIPA
ocds-dgv273-seacev3-1191636,ocds-dgv273-seacev3-1191636-2026-03-19T10:13:14.179117-05:00,PE-CONSUCODE-1722,20192145831,PE-RUC,MUNICIPALIDAD PROVINCIAL DE SANDIA
ocds-dgv273-seacev3-1196016,ocds-dgv273-seacev3-1196016-2026-03-19T10:13:14.090094-05:00,PE-CONSUCODE-1493,20191636369,PE-RUC,MUNICIPALIDAD DISTRITAL DE CAHUAPANAS
ocds-dgv273-seacev3-2026-10556-5,ocds-dgv273-seacev3-2026-10556-5-2026-03-19T10:13:12.433552-05:00,PE-CONSUCODE-10556,20205443763,PE-RUC,GOBIERNO REGIONAL DE PIURA-COLEGIO MILITAR PEDRO RUIZ GALLO
ocds-dgv273-seacev3-2026-1557-4,ocds-dgv273-seacev3-2026-1557-4-2026-03-19T10:13:12.116841-05:00,PE-CONSUCODE-1557,20288350605,PE-RUC,MUNICIPALIDAD DISTRITAL DE HUACHON
ocds-dgv273-seacev3-1191037,ocds-dgv273-seacev3-1191037-2026-03-19T10:13:06.334113-05:00,PE-CONSUCODE-700,20148261572,PE-RUC,MUNICIPALIDAD PROVINCIAL DE SAN IGNACIO
ocds-dgv273-seacev3-2026-172018-2,ocds-dgv273-seacev3-2026-172018-2-2026-03-19T10:13:05.107355-05:00,PE-CONSUCODE-203806,20601750369,PE-RUC,MUNICIPALIDAD DISTRITAL DE SAN MIGUEL PUNO
ocds-dgv273-seacev3-1191518,ocds-dgv273-seacev3-1191518-2026-03-19T10:13:04.551009-05:00,PE-CONSUCODE-10421,20209556431,PE-RUC,GOBIERNO REGIONAL DE AREQUIPA - COLEGIO MILITAR FRANCISCO BOLOGNESI
ocds-dgv273-seacev3-1188614,ocds-dgv273-seacev3-1188614-2026-03-19T10:13:03.066460-05:00,PE-CONSUCODE-1257,20207890261,PE-RUC,MUNICIPALIDAD DISTRITAL DE PAIJAN
ocds-dgv273-seacev3-1188610,ocds-dgv273-seacev3-1188610-2026-03-19T10:13:00.912841-05:00,PE-CONSUCODE-1468,20142701597,PE-RUC,MUNICIPALIDAD PROVINCIAL DE BARRANCA
ocds-dgv273-seacev3-2026-1392-2,ocds-dgv273-seacev3-2026-1392-2-2026-03-19T10:13:00.298628-05:00,PE-CONSUCODE-1392,20163051118,PE-RUC,MUNICIPALIDAD DISTRITAL DE CHANCAY - HUARAL
ocds-dgv273-seacev3-1189295,ocds-dgv273-seacev3-1189295-2026-03-19T10:12:55.767247-05:00,PE-CONSUCODE-733,20186864906,PE-RUC,MUNICIPALIDAD DISTRITAL DE YAUYUCAN
ocds-dgv273-seacev3-1188073,ocds-dgv273-seacev3-1188073-2026-03-19T10:12:55.011836-05:00,PE-CONSUCODE-10403,20185898343,PE-RUC,GOBIERNO REGIONAL DE APURIMAC-CHANKA
ocds-dgv273-seacev3-1191853,ocds-dgv273-seacev3-1191853-2026-03-19T10:12:54.409632-05:00,PE-CONSUCODE-1793,20154544667,PE-RUC,MUNICIPALIDAD PROVINCIAL DE SAN MARTIN - TARAPOTO
ocds-dgv273-seacev3-2026-172018-1,ocds-dgv273-seacev3-2026-172018-1-2026-03-19T10:12:54.368305-05:00,PE-CONSUCODE-203806,20601750369,PE-RUC,MUNICIPALIDAD DISTRITAL DE SAN MIGUEL PUNO
ocds-dgv273-seacev3-1191472,ocds-dgv273-seacev3-1191472-2026-03-19T10:12:54.240291-05:00,PE-CONSUCODE-49,20406325815,PE-RUC,GOBIERNO REGIONAL DE PUNO SEDE CENTRAL
ocds-dgv273-seacev3-1191907,ocds-dgv273-seacev3-1191907-2026-03-19T10:12:52.279568-05:00,PE-CONSUCODE-20002,20172772278,PE-RUC,GOBIERNO REGIONAL DE AYACUCHO - HOSPITAL HUAMANGA
ocds-dgv273-seacev3-2026-200313-2,ocds-dgv273-seacev3-2026-200313-2-2026-03-19T10:12:52.109022-05:00,PE-CONSUCODE-200313,20408005656,PE-RUC,INSTITUTO VIAL PROVINCIAL MUNICIPAL DE RECUAY
ocds-dgv273-seacev3-2026-10355-2,ocds-dgv273-seacev3-2026-10355-2-2026-03-19T10:12:50.741848-05:00,PE-CONSUCODE-10355,20204060623,PE-RUC,MINAG - PROYECTO ESPECIAL PICHIS PALCAZU
ocds-dgv273-seacev3-1188898,ocds-dgv273-seacev3-1188898-2026-03-19T10:12:50.669628-05:00,PE-CONSUCODE-1760,20148170771,PE-RUC,MUNICIPALIDAD DISTRITAL DE SORITOR
ocds-dgv273-seacev3-1186690,ocds-dgv273-seacev3-1186690-2026-03-19T10:12:50.500257-05:00,PE-CONSUCODE-1909,20172474501,PE-RUC,UNIVERSIDAD NACIONAL DE SAN ANTONIO ABAD DEL CUSCO-UNSAAC
ocds-dgv273-seacev3-1191540,ocds-dgv273-seacev3-1191540-2026-03-19T10:12:45.783872-05:00,PE-CONSUCODE-805,20147346434,PE-RUC,MUNICIPALIDAD PROVINCIAL DE ESPINAR
ocds-dgv273-seacev3-1189442,ocds-dgv273-seacev3-1189442-2026-03-19T10:12:44.655715-05:00,PE-CONSUCODE-35,20452393493,PE-RUC,GOBIERNO REGIONAL DE AYACUCHO SEDE CENTRAL
ocds-dgv273-seacev3-2026-1839-1,ocds-dgv273-seacev3-2026-1839-1-2026-03-19T10:12:44.237112-05:00,PE-CONSUCODE-1839,20147796987,PE-RUC,MUNICIPALIDAD DISTRITAL DE POCOLLAY
ocds-dgv273-seacev3-1191795,ocds-dgv273-seacev3-1191795-2026-03-19T10:12:41.426711-05:00,PE-CONSUCODE-2000,20131312955,PE-RUC,SUPERINTENDENCIA NACIONAL DE ADUANAS Y DE ADMINISTRACION TRIBUTARIA - SUNAT
ocds-dgv273-seacev3-1187863,ocds-dgv273-seacev3-1187863-2026-03-19T10:12:40.549916-05:00,PE-CONSUCODE-10524,20450860621,PE-RUC,GOBIERNO REGIONAL DE LORETO - GERENCIA SUB REGIONAL DE UCAYALI - CONTAMANA
ocds-dgv273-seacev3-2026-962-1,ocds-dgv273-seacev3-2026-962-1-2026-03-19T10:12:40.493821-05:00,PE-CONSUCODE-962,20159008062,PE-RUC,MUNICIPALIDAD DISTRITAL DE COLPAS
ocds-dgv273-seacev3-1188412,ocds-dgv273-seacev3-1188412-2026-03-19T10:12:40.251280-05:00,PE-CONSUCODE-10249,20144364059,PE-RUC,FUERZA AEREA DEL PERU
ocds-dgv273-seacev3-2026-447-5,ocds-dgv273-seacev3-2026-447-5-2026-03-19T10:12:40.146883-05:00,PE-CONSUCODE-447,20208253086,PE-RUC,MUNICIPALIDAD PROVINCIAL DE CASTILLA - APLAO
ocds-dgv273-seacev3-1188165,ocds-dgv273-seacev3-1188165-2026-03-19T10:12:38.797135-05:00,PE-CONSUCODE-2009,20527141762,PE-RUC,GOBIERNO REGIONAL DE APURIMAC SEDE CENTRAL
ocds-dgv273-seacev3-1187833,ocds-dgv273-seacev3-1187833-2026-03-19T10:12:36.283331-05:00,PE-CONSUCODE-200092,20447367727,PE-RUC,MUNICIPALIDAD DISTRITAL DE PILLCO MARCA
ocds-dgv273-seacev3-1189330,ocds-dgv273-seacev3-1189330-2026-03-19T10:12:36.212577-05:00,PE-CONSUCODE-1949,20135727394,PE-RUC,"CONSEJO NACIONAL DE CIENCIA, TECNOLOGIA E INNOVACION"
ocds-dgv273-seacev3-1189144,ocds-dgv273-seacev3-1189144-2026-03-19T10:12:35.929356-05:00,PE-CONSUCODE-324,20172935673,PE-RUC,MUNICIPALIDAD DISTRITAL DE SAN PEDRO DE CACHORA
ocds-dgv273-seacev3-2026-10249-56,ocds-dgv273-seacev3-2026-10249-56-2026-03-19T10:12:35.882093-05:00,PE-CONSUCODE-10249,20144364059,PE-RUC,FUERZA AEREA DEL PERU
ocds-dgv273-seacev3-1184400,ocds-dgv273-seacev3-1184400-2026-03-19T10:12:33.597449-05:00,PE-CONSUCODE-1592,20146736875,PE-RUC,MUNICIPALIDAD DISTRITAL DE TAMBOGRANDE
ocds-dgv273-seacev3-1188591,ocds-dgv273-seacev3-1188591-2026-03-19T10:12:33.447275-05:00,PE-CONSUCODE-1769,20193184279,PE-RUC,MUNICIPALIDAD DISTRITAL DE ALONSO DE ALVARADO
ocds-dgv273-seacev3-1192450,ocds-dgv273-seacev3-1192450-2026-03-19T10:12:33.116576-05:00,PE-CONSUCODE-34,20498390570,PE-RUC,GOBIERNO REGIONAL DE AREQUIPA Sede Central
ocds-dgv273-seacev3-1187773,ocds-dgv273-seacev3-1187773-2026-03-19T10:12:31.016219-05:00,PE-CONSUCODE-1321,20131368071,PE-RUC,MUNICIPALIDAD DISTRITAL DE LA VICTORIA - LIMA
ocds-dgv273-seacev3-2026-1895-23,ocds-dgv273-seacev3-2026-1895-23-2026-03-19T10:12:30.946518-05:00,PE-CONSUCODE-1895,20177689051,PE-RUC,UNIVERSIDAD NACIONAL DE TUMBES
ocds-dgv273-seacev3-2026-178946-4,ocds-dgv273-seacev3-2026-178946-4-2026-03-19T10:12:30.698941-05:00,PE-CONSUCODE-204046,20602776604,PE-RUC,CORTE SUPERIOR DE JUSTICIA DE APURIMAC
ocds-dgv273-seacev3-1186813,ocds-dgv273-seacev3-1186813-2026-03-19T10:12:29.405018-05:00,PE-CONSUCODE-43,20479569780,PE-RUC,GOBIERNO REGIONAL DE LAMBAYEQUE SEDE CENTRAL
ocds-dgv273-seacev3-1187491,ocds-dgv273-seacev3-1187491-2026-03-19T10:12:29.229128-05:00,PE-CONSUCODE-1085,20199800061,PE-RUC,MUNICIPALIDAD DISTRITAL DE PILCOMAYO
ocds-dgv273-seacev3-1190631,ocds-dgv273-seacev3-1190631-2026-03-19T10:12:23.585363-05:00,PE-CONSUCODE-827,20159363121,PE-RUC,MUNICIPALIDAD DISTRITAL DE HUANOQUITE
ocds-dgv273-seacev3-2026-1852-30,ocds-dgv273-seacev3-2026-1852-30-2026-03-19T10:12:22.814470-05:00,PE-CONSUCODE-1852,20171895147,PE-RUC,MUNICIPALIDAD DISTRITAL DE ILABAYA
ocds-dgv273-seacev3-2026-1600-2,ocds-dgv273-seacev3-2026-1600-2-2026-03-19T10:12:21.493629-05:00,PE-CONSUCODE-1600,20205446789,PE-RUC,MUNICIPALIDAD DISTRITAL DE SAPILLICA
ocds-dgv273-seacev3-1191165,ocds-dgv273-seacev3-1191165-2026-03-19T10:12:21.406016-05:00,PE-CONSUCODE-10426,20407307292,PE-RUC,GOBIERNO REGIONAL DE AYACUCHO-AGRICULTURA
ocds-dgv273-seacev3-2026-815-4,ocds-dgv273-seacev3-2026-815-4-2026-03-19T10:12:21.245953-05:00,PE-CONSUCODE-815,20202455817,PE-RUC,MUNICIPALIDAD DISTRITAL DE HUAYOPATA
ocds-dgv273-seacev3-1187577,ocds-dgv273-seacev3-1187577-2026-03-19T10:12:19.582789-05:00,PE-CONSUCODE-921,20287820632,PE-RUC,MUNICIPALIDAD DISTRITAL DE TINTAY PUNCU
ocds-dgv273-seacev3-2026-747-5,ocds-dgv273-seacev3-2026-747-5-2026-03-19T10:12:19.321414-05:00,PE-CONSUCODE-747,20131369809,PE-RUC,MUNICIPALIDAD DISTRITAL DE VENTANILLA
ocds-dgv273-seacev3-1187041,ocds-dgv273-seacev3-1187041-2026-03-19T10:12:19.242953-05:00,PE-CONSUCODE-1290,20176249111,PE-RUC,MUNICIPALIDAD DISTRITAL DE KAÑARIS
ocds-dgv273-seacev3-2026-1215-2,ocds-dgv273-seacev3-2026-1215-2-2026-03-19T10:12:19.180115-05:00,PE-CONSUCODE-1215,20207747204,PE-RUC,MUNICIPALIDAD DISTRITAL DE SARIN
ocds-dgv273-seacev3-1186619,ocds-dgv273-seacev3-1186619-2026-03-19T10:12:18.633931-05:00,PE-CONSUCODE-49,20406325815,PE-RUC,GOBIERNO REGIONAL DE PUNO SEDE CENTRAL
ocds-dgv273-seacev3-2026-2528-32,ocds-dgv273-seacev3-2026-2528-32-2026-03-18T10:12:25.704562-05:00,PE-CONSUCODE-2528,20425809882,PE-RUC,EMPRESA DE ADMINISTRACION DE INFRAESTRUCTURA ELECTRICA S.A.
ocds-dgv273-seacev3-2026-1726-1,ocds-dgv273-seacev3-2026-1726-1-2026-03-18T10:12:25.678401-05:00,PE-CONSUCODE-1726,20175219421,PE-RUC,MUNICIPALIDAD DISTRITAL DE PHARA
ocds-dgv273-seacev3-1190909,ocds-dgv273-seacev3-1190909-2026-03-18T10:12:25.475242-05:00,PE-CONSUCODE-148,20190339450,PE-RUC,MUNICIPALIDAD DISTRITAL DE JAMALCA
ocds-dgv273-seacev3-2026-2375-2,ocds-dgv273-seacev3-2026-2375-2-2026-03-18T10:12:25.462669-05:00,PE-CONSUCODE-2375,20121876290,PE-RUC,ENTIDAD PRESTADORA DE SERVICIOS DE SANEAMIENTO SELVA CENTRAL S.A.
ocds-dgv273-seacev3-2026-923-3,ocds-dgv273-seacev3-2026-923-3-2026-03-18T10:12:25.224394-05:00,PE-CONSUCODE-923,20230401820,PE-RUC,MUNICIPALIDAD DISTRITAL DE HUANDO
ocds-dgv273-seacev3-1189677,ocds-dgv273-seacev3-1189677-2026-03-18T10:12:25.093691-05:00,PE-CONSUCODE-447,20208253086,PE-RUC,MUNICIPALIDAD PROVINCIAL DE CASTILLA - APLAO
ocds-dgv273-seacev3-1187534,ocds-dgv273-seacev3-1187534-2026-03-18T10:12:24.556772-05:00,PE-CONSUCODE-1850,20194735384,PE-RUC,MUNICIPALIDAD PROVINCIAL DE JORGE BASADRE - LOCUMBA
ocds-dgv273-seacev3-2026-200033-4,ocds-dgv273-seacev3-2026-200033-4-2026-03-18T10:12:24.525961-05:00,PE-CONSUCODE-200033,20451440625,PE-RUC,MUNICIPALIDAD DISTRITAL DE SAN JUAN BAUTISTA - LORETO
ocds-dgv273-seacev3-2026-10595-6,ocds-dgv273-seacev3-2026-10595-6-2026-03-18T10:12:24.469967-05:00,PE-CONSUCODE-10595,20154547259,PE-RUC,GOBIERNO REGIONAL DE SAN MARTIN-SALUD
ocds-dgv273-seacev3-2026-447-2,ocds-dgv273-seacev3-2026-447-2-2026-03-18T10:12:24.461002-05:00,PE-CONSUCODE-447,20208253086,PE-RUC,MUNICIPALIDAD PROVINCIAL DE CASTILLA - APLAO
ocds-dgv273-seacev3-1191833,ocds-dgv273-seacev3-1191833-2026-03-18T10:12:23.900413-05:00,PE-CONSUCODE-1116,20195238961,PE-RUC,MUNICIPALIDAD DISTRITAL DE PERENE
ocds-dgv273-seacev3-2026-200049-2,ocds-dgv273-seacev3-2026-200049-2-2026-03-18T10:12:23.602112-05:00,PE-CONSUCODE-200049,20452308992,PE-RUC,GOBIERNO REGIONAL DE AYACUCHO - UNIDAD EJECUTORA SALUD CENTRO AYACUCHO
ocds-dgv273-seacev3-2026-519-3,ocds-dgv273-seacev3-2026-519-3-2026-03-18T10:12:23.450466-05:00,PE-CONSUCODE-519,20143166717,PE-RUC,MUNICIPALIDAD PROVINCIAL DE CANGALLO
ocds-dgv273-seacev3-1191952,ocds-dgv273-seacev3-1191952-2026-03-18T10:12:23.292090-05:00,PE-CONSUCODE-2388,20121796857,PE-RUC,SERVICIO DE AGUA POTABLE Y ALCANTARILLADO MUNICIPAL DE HUANCAYO
ocds-dgv273-seacev3-2026-10501-3,ocds-dgv273-seacev3-2026-10501-3-2026-03-18T10:12:22.801160-05:00,PE-CONSUCODE-10501,20220805396,PE-RUC,GOBIERNO REGIONAL DE LA LIBERTAD - COLEGIO MILITAR GRAN MARISCAL  RAMON CASTILLA
ocds-dgv273-seacev3-1189918,ocds-dgv273-seacev3-1189918-2026-03-18T10:12:22.794252-05:00,PE-CONSUCODE-205010,20608197037,PE-RUC,MUNICIPALIDAD DISTRITAL DE SAN ANTONIO
ocds-dgv273-seacev3-1189152,ocds-dgv273-seacev3-1189152-2026-03-18T10:12:22.537151-05:00,PE-CONSUCODE-1983,20131369477,PE-RUC,INSTITUTO TECNOLOGICO DE LA PRODUCCION
ocds-dgv273-seacev3-1188702,ocds-dgv273-seacev3-1188702-2026-03-18T10:12:21.329953-05:00,PE-CONSUCODE-200332,20494981280,PE-RUC,GOBIERNO REGIONAL DE CUSCO - UNIDAD EJECUTORA 406 : RED DE SERVICIOS DE SALUD KIMBIRI-PICHARI
ocds-dgv273-seacev3-1189324,ocds-dgv273-seacev3-1189324-2026-03-18T10:12:20.822775-05:00,PE-CONSUCODE-201186,20562836927,PE-RUC,SERVICIO NACIONAL FORESTAL Y DE FAUNA SILVESTRE
ocds-dgv273-seacev3-1191565,ocds-dgv273-seacev3-1191565-2026-03-18T10:12:19.504561-05:00,PE-CONSUCODE-200276,20521286769,PE-RUC,ORGANISMO DE EVALUACION Y FISCALIZACION AMBIENTAL
ocds-dgv273-seacev3-2026-10595-14,ocds-dgv273-seacev3-2026-10595-14-2026-03-18T10:12:19.229270-05:00,PE-CONSUCODE-10595,20154547259,PE-RUC,GOBIERNO REGIONAL DE SAN MARTIN-SALUD
ocds-dgv273-seacev3-2026-447-3,ocds-dgv273-seacev3-2026-447-3-2026-03-18T10:12:18.842321-05:00,PE-CONSUCODE-447,20208253086,PE-RUC,MUNICIPALIDAD PROVINCIAL DE CASTILLA - APLAO
ocds-dgv273-seacev3-2026-752-1,ocds-dgv273-seacev3-2026-752-1-2026-03-18T10:12:18.160780-05:00,PE-CONSUCODE-752,20170060963,PE-RUC,MUNICIPALIDAD DISTRITAL DE POROY
ocds-dgv273-seacev3-1186809,ocds-dgv273-seacev3-1186809-2026-03-18T10:12:18.153821-05:00,PE-CONSUCODE-17,20131371617,PE-RUC,MINISTERIO DE JUSTICIA Y DERECHOS HUMANOS
ocds-dgv273-seacev3-2026-1068-2,ocds-dgv273-seacev3-2026-1068-2-2026-03-18T10:12:18.014800-05:00,PE-CONSUCODE-1068,20133696823,PE-RUC,MUNICIPALIDAD PROVINCIAL DE HUANCAYO
ocds-dgv273-seacev3-2026-1003-1,ocds-dgv273-seacev3-2026-1003-1-2026-03-18T10:12:10.558295-05:00,PE-CONSUCODE-1003,20227391155,PE-RUC,MUNICIPALIDAD DISTRITAL DE CODO DE POZUZO
ocds-dgv273-seacev3-1189656,ocds-dgv273-seacev3-1189656-2026-03-18T10:12:09.713265-05:00,PE-CONSUCODE-35,20452393493,PE-RUC,GOBIERNO REGIONAL DE AYACUCHO SEDE CENTRAL
ocds-dgv273-seacev3-1191497,ocds-dgv273-seacev3-1191497-2026-03-18T10:12:09.396497-05:00,PE-CONSUCODE-200276,20521286769,PE-RUC,ORGANISMO DE EVALUACION Y FISCALIZACION AMBIENTAL
ocds-dgv273-seacev3-1187274,ocds-dgv273-seacev3-1187274-2026-03-18T10:12:08.488464-05:00,PE-CONSUCODE-505,20143137296,PE-RUC,MUNICIPALIDAD PROVINCIAL DE HUAMANGA
ocds-dgv273-seacev3-2026-847-5,ocds-dgv273-seacev3-2026-847-5-2026-03-18T10:12:08.350493-05:00,PE-CONSUCODE-847,20195499765,PE-RUC,MUNICIPALIDAD DISTRITAL DE OCONGATE
ocds-dgv273-seacev3-1186530,ocds-dgv273-seacev3-1186530-2026-03-18T10:12:07.651504-05:00,PE-CONSUCODE-790,20216274459,PE-RUC,MUNICIPALIDAD DISTRITAL DE COMBAPATA
ocds-dgv273-seacev3-1188773,ocds-dgv273-seacev3-1188773-2026-03-18T10:12:03.049884-05:00,PE-CONSUCODE-773,20156074242,PE-RUC,MUNICIPALIDAD PROVINCIAL DE CALCA
ocds-dgv273-seacev3-1188960,ocds-dgv273-seacev3-1188960-2026-03-18T10:12:02.905715-05:00,PE-CONSUCODE-44,20493196902,PE-RUC,GOBIERNO REGIONAL DE LORETO SEDE CENTRAL
ocds-dgv273-seacev3-1191918,ocds-dgv273-seacev3-1191918-2026-03-18T10:12:01.281309-05:00,PE-CONSUCODE-10427,20365228109,PE-RUC,GOBIERNO REGIONAL DE AYACUCHO-TRANSPORTES
ocds-dgv273-seacev3-1190127,ocds-dgv273-seacev3-1190127-2026-03-18T10:12:00.365528-05:00,PE-CONSUCODE-524,20143660169,PE-RUC,MUNICIPALIDAD DISTRITAL DE TOTOS
ocds-dgv273-seacev3-1190999,ocds-dgv273-seacev3-1190999-2026-03-18T10:12:00.061762-05:00,PE-CONSUCODE-918,20170342519,PE-RUC,MUNICIPALIDAD DISTRITAL DE SALCABAMBA
ocds-dgv273-seacev3-1190187,ocds-dgv273-seacev3-1190187-2026-03-18T10:11:59.718621-05:00,PE-CONSUCODE-1091,20221788908,PE-RUC,MUNICIPALIDAD DISTRITAL DE SANTO DOMINGO DE ACOBAMBA
ocds-dgv273-seacev3-1191485,ocds-dgv273-seacev3-1191485-2026-03-18T10:11:59.329575-05:00,PE-CONSUCODE-200276,20521286769,PE-RUC,ORGANISMO DE EVALUACION Y FISCALIZACION AMBIENTAL
ocds-dgv273-seacev3-1191215,ocds-dgv273-seacev3-1191215-2026-03-18T10:11:59.260483-05:00,PE-CONSUCODE-200276,20521286769,PE-RUC,ORGANISMO DE EVALUACION Y FISCALIZACION AMBIENTAL
ocds-dgv273-seacev3-1191582,ocds-dgv273-seacev3-1191582-2026-03-18T10:11:59.054126-05:00,PE-CONSUCODE-1158,20190003541,PE-RUC,MUNICIPALIDAD DISTRITAL DE MAZAMARI
ocds-dgv273-seacev3-1190594,ocds-dgv273-seacev3-1190594-2026-03-18T10:11:58.239100-05:00,PE-CONSUCODE-2418,20100004675,PE-RUC,CORPORACION PERUANA DE AEROPUERTOS Y AVIACION COMERCIAL S.A.- CORPAC
ocds-dgv273-seacev3-2026-49-124,ocds-dgv273-seacev3-2026-49-124-2026-03-18T10:11:57.903273-05:00,PE-CONSUCODE-49,20406325815,PE-RUC,GOBIERNO REGIONAL DE PUNO SEDE CENTRAL
ocds-dgv273-seacev3-2026-99-1,ocds-dgv273-seacev3-2026-99-1-2026-03-18T10:11:57.773258-05:00,PE-CONSUCODE-99,20165784287,PE-RUC,MUNICIPALIDAD DISTRITAL DE FLORIDA - POMACOCHAS
ocds-dgv273-seacev3-2026-200-7,ocds-dgv273-seacev3-2026-200-7-2026-03-18T10:11:57.728277-05:00,PE-CONSUCODE-200,20174929697,PE-RUC,MUNICIPALIDAD PROVINCIAL DE CASMA
ocds-dgv273-seacev3-2026-240282-1,ocds-dgv273-seacev3-2026-240282-1-2026-03-18T10:11:57.493689-05:00,PE-CONSUCODE-204750,20608010212,PE-RUC,MUNICIPALIDAD DISTRITAL  DE KUMPIRUSHIATO
ocds-dgv273-seacev3-1187912,ocds-dgv273-seacev3-1187912-2026-03-18T10:11:57.179528-05:00,PE-CONSUCODE-2437,20256136865,PE-RUC,SERVICIOS POSTALES DEL PERU S.A.
ocds-dgv273-seacev3-2026-252439-6,ocds-dgv273-seacev3-2026-252439-6-2026-03-18T10:11:57.163572-05:00,PE-CONSUCODE-204990,20608738593,PE-RUC,GOBIERNO REGIONAL DE JUNÍN - INSTITUTO REGIONAL DE ENFERMEDADES NEOPLÁSICAS DEL CENTRO
ocds-dgv273-seacev3-2026-10595-7,ocds-dgv273-seacev3-2026-10595-7-2026-03-18T10:11:57.115892-05:00,PE-CONSUCODE-10595,20154547259,PE-RUC,GOBIERNO REGIONAL DE SAN MARTIN-SALUD
ocds-dgv273-seacev3-1186627,ocds-dgv273-seacev3-1186627-2026-03-18T10:11:57.036155-05:00,PE-CONSUCODE-1267,20184048427,PE-RUC,MUNICIPALIDAD PROVINCIAL DE GRAN CHIMU - CASCAS
ocds-dgv273-seacev3-1190638,ocds-dgv273-seacev3-1190638-2026-03-18T10:11:52.859581-05:00,PE-CONSUCODE-35,20452393493,PE-RUC,GOBIERNO REGIONAL DE AYACUCHO SEDE CENTRAL
ocds-dgv273-seacev3-1192128,ocds-dgv273-seacev3-1192128-2026-03-18T10:11:52.545441-05:00,PE-CONSUCODE-143,20182121453,PE-RUC,MUNICIPALIDAD DISTRITAL DE RIO SANTIAGO
ocds-dgv273-seacev3-2026-42031-10,ocds-dgv273-seacev3-2026-42031-10-2026-03-18T10:11:51.868427-05:00,PE-CONSUCODE-201585,20600283015,PE-RUC,INSTITUTO NACIONAL DE CALIDAD - INACAL
ocds-dgv273-seacev3-1190970,ocds-dgv273-seacev3-1190970-2026-03-18T10:11:51.387764-05:00,PE-CONSUCODE-200276,20521286769,PE-RUC,ORGANISMO DE EVALUACION Y FISCALIZACION AMBIENTAL
ocds-dgv273-seacev3-1189502,ocds-dgv273-seacev3-1189502-2026-03-18T10:11:50.224722-05:00,PE-CONSUCODE-1499,20318420000,PE-RUC,MUNICIPALIDAD DISTRITAL DE SANTA CRUZ - ALTO AMAZONAS
ocds-dgv273-seacev3-1189364,ocds-dgv273-seacev3-1189364-2026-03-18T10:11:49.655815-05:00,PE-CONSUCODE-544,20189212195,PE-RUC,MUNICIPALIDAD PROVINCIAL DE LA MAR - SAN MIGUEL
ocds-dgv273-seacev3-1190716,ocds-dgv273-seacev3-1190716-2026-03-18T10:11:48.741411-05:00,PE-CONSUCODE-10545,20288480568,PE-RUC,GOBIERNO REGIONAL DE PASCO - DIRECCION REGIONAL AGRARIA
ocds-dgv273-seacev3-2026-1068-14,ocds-dgv273-seacev3-2026-1068-14-2026-03-18T10:11:48.657727-05:00,PE-CONSUCODE-1068,20133696823,PE-RUC,MUNICIPALIDAD PROVINCIAL DE HUANCAYO
ocds-dgv273-seacev3-2026-10222-6,ocds-dgv273-seacev3-2026-10222-6-2026-03-18T10:11:48.051296-05:00,PE-CONSUCODE-10222,20473400473,PE-RUC,PROGRAMA NACIONAL PARA LA EMPLEABILIDAD
ocds-dgv273-seacev3-1188273,ocds-dgv273-seacev3-1188273-2026-03-18T10:11:47.896898-05:00,PE-CONSUCODE-488,20166164789,PE-RUC,MUNICIPALIDAD PROVINCIAL DE ISLAY - MOLLENDO
ocds-dgv273-seacev3-1186209,ocds-dgv273-seacev3-1186209-2026-03-18T10:11:47.660266-05:00,PE-CONSUCODE-1094,20172752323,PE-RUC,MUNICIPALIDAD DISTRITAL DE SICAYA
ocds-dgv273-seacev3-1188105,ocds-dgv273-seacev3-1188105-2026-03-18T10:11:47.380729-05:00,PE-CONSUCODE-46,20519752604,PE-RUC,GOBIERNO REGIONAL DE MOQUEGUA SEDE CENTRAL
ocds-dgv273-seacev3-1186557,ocds-dgv273-seacev3-1186557-2026-03-18T10:11:47.290848-05:00,PE-CONSUCODE-505,20143137296,PE-RUC,MUNICIPALIDAD PROVINCIAL DE HUAMANGA
ocds-dgv273-seacev3-1188049,ocds-dgv273-seacev3-1188049-2026-03-18T10:11:47.250168-05:00,PE-CONSUCODE-2383,20100152356,PE-RUC,SERVICIO DE AGUA POTABLE Y ALCANTARILLADO DE LIMA - SEDAPAL
ocds-dgv273-seacev3-1191501,ocds-dgv273-seacev3-1191501-2026-03-18T10:11:44.384106-05:00,PE-CONSUCODE-10447,20140266575,PE-RUC,GOBIERNO REGIONAL DE CUSCO - PROYECTO ESPECIAL PLAN MERISS INKA
ocds-dgv273-seacev3-2026-1507-1,ocds-dgv273-seacev3-2026-1507-1-2026-03-18T10:11:43.210910-05:00,PE-CONSUCODE-1507,20220897908,PE-RUC,MUNICIPALIDAD DISTRITAL EL TIGRE
ocds-dgv273-seacev3-1190618,ocds-dgv273-seacev3-1190618-2026-03-18T10:11:43.079882-05:00,PE-CONSUCODE-35,20452393493,PE-RUC,GOBIERNO REGIONAL DE AYACUCHO SEDE CENTRAL
ocds-dgv273-seacev3-1190642,ocds-dgv273-seacev3-1190642-2026-03-18T10:11:43.073659-05:00,PE-CONSUCODE-218,20200033249,PE-RUC,MUNICIPALIDAD DISTRITAL DE HUANTAR
ocds-dgv273-seacev3-1189507,ocds-dgv273-seacev3-1189507-2026-03-18T10:11:43.063916-05:00,PE-CONSUCODE-200191,20132023540,PE-RUC,EMPRESA REGIONAL DE SERVICIO PUBLICO DE ELECTRICIDAD ELECTRO NOR MEDIO SA HIDRANDINA
ocds-dgv273-seacev3-1191514,ocds-dgv273-seacev3-1191514-2026-03-18T10:11:42.904256-05:00,PE-CONSUCODE-200276,20521286769,PE-RUC,ORGANISMO DE EVALUACION Y FISCALIZACION AMBIENTAL
ocds-dgv273-seacev3-1189150,ocds-dgv273-seacev3-1189150-2026-03-18T10:11:42.403858-05:00,PE-CONSUCODE-1983,20131369477,PE-RUC,INSTITUTO TECNOLOGICO DE LA PRODUCCION
ocds-dgv273-seacev3-1189207,ocds-dgv273-seacev3-1189207-2026-03-18T10:11:42.022983-05:00,PE-CONSUCODE-10595,20154547259,PE-RUC,GOBIERNO REGIONAL DE SAN MARTIN-SALUD
ocds-dgv273-seacev3-1190064,ocds-dgv273-seacev3-1190064-2026-03-18T10:11:41.923662-05:00,PE-CONSUCODE-203306,20601625017,PE-RUC,MUNICIPALIDAD DISTRITAL DE MEGANTONI
ocds-dgv273-seacev3-2026-1867-1,ocds-dgv273-seacev3-2026-1867-1-2026-03-18T10:11:41.510190-05:00,PE-CONSUCODE-1867,20166679606,PE-RUC,MUNICIPALIDAD PROVINCIAL DE ZARUMILLA
ocds-dgv273-seacev3-2026-1913-2,ocds-dgv273-seacev3-2026-1913-2-2026-03-18T10:11:41.120904-05:00,PE-CONSUCODE-1913,20166550239,PE-RUC,UNIVERSIDAD NACIONAL SANTIAGO ANTUNEZ DE MAYOLO
ocds-dgv273-seacev3-1191922,ocds-dgv273-seacev3-1191922-2026-03-18T10:11:40.022265-05:00,PE-CONSUCODE-35,20452393493,PE-RUC,GOBIERNO REGIONAL DE AYACUCHO SEDE CENTRAL
ocds-dgv273-seacev3-1188202,ocds-dgv273-seacev3-1188202-2026-03-18T10:11:39.351928-05:00,PE-CONSUCODE-1068,20133696823,PE-RUC,MUNICIPALIDAD PROVINCIAL DE HUANCAYO
ocds-dgv273-seacev3-2026-1156-1,ocds-dgv273-seacev3-2026-1156-1-2026-03-18T10:11:39.149978-05:00,PE-CONSUCODE-1156,20146675124,PE-RUC,MUNICIPALIDAD DISTRITAL DE COVIRIALI
ocds-dgv273-seacev3-2026-10556-2,ocds-dgv273-seacev3-2026-10556-2-2026-03-18T10:11:38.973821-05:00,PE-CONSUCODE-10556,20205443763,PE-RUC,GOBIERNO REGIONAL DE PIURA-COLEGIO MILITAR PEDRO RUIZ GALLO
ocds-dgv273-seacev3-2026-1646-5,ocds-dgv273-seacev3-2026-1646-5-2026-03-18T10:11:38.957766-05:00,PE-CONSUCODE-1646,20159249779,PE-RUC,MUNICIPALIDAD DISTRITAL DE VICE
ocds-dgv273-seacev3-2026-612-1,ocds-dgv273-seacev3-2026-612-1-2026-03-18T10:11:38.854831-05:00,PE-CONSUCODE-612,20201620661,PE-RUC,MUNICIPALIDAD DISTRITAL DE SORAS
ocds-dgv273-seacev3-2026-200322-2,ocds-dgv273-seacev3-2026-200322-2-2026-03-18T10:11:38.818868-05:00,PE-CONSUCODE-200322,20393573725,PE-RUC,GOBIERNO REGIONAL DE UCAYALI - RED DE SALUD Nº 04 - AGUAYTIA- SAN ALEJANDRO
ocds-dgv273-seacev3-2026-1752-1,ocds-dgv273-seacev3-2026-1752-1-2026-03-18T10:11:38.649125-05:00,PE-CONSUCODE-1752,20199932561,PE-RUC,MUNICIPALIDAD PROVINCIAL DE MOHO
ocds-dgv273-seacev3-1188009,ocds-dgv273-seacev3-1188009-2026-03-18T10:11:37.692406-05:00,PE-CONSUCODE-1322,20131367857,PE-RUC,MUNICIPALIDAD DISTRITAL DE LINCE
ocds-dgv273-seacev3-2026-1972-17,ocds-dgv273-seacev3-2026-1972-17-2026-03-18T10:11:37.248742-05:00,PE-CONSUCODE-1972,20131365994,PE-RUC,INSTITUTO NACIONAL DE INNOVACION AGRARIA - INIA
ocds-dgv273-seacev3-1191186,ocds-dgv273-seacev3-1191186-2026-03-18T10:11:34.936991-05:00,PE-CONSUCODE-200276,20521286769,PE-RUC,ORGANISMO DE EVALUACION Y FISCALIZACION AMBIENTAL
ocds-dgv273-seacev3-1191198,ocds-dgv273-seacev3-1191198-2026-03-18T10:11:33.369189-05:00,PE-CONSUCODE-1559,20190184821,PE-RUC,MUNICIPALIDAD DISTRITAL DE HUAYLLAY
ocds-dgv273-seacev3-1189147,ocds-dgv273-seacev3-1189147-2026-03-18T10:11:33.355454-05:00,PE-CONSUCODE-1983,20131369477,PE-RUC,INSTITUTO TECNOLOGICO DE LA PRODUCCION
ocds-dgv273-seacev3-2026-200082-3,ocds-dgv273-seacev3-2026-200082-3-2026-03-18T10:11:32.984053-05:00,PE-CONSUCODE-200082,20505982259,PE-RUC,ZONA ARQUEOLOGICA CARAL
ocds-dgv273-seacev3-1189485,ocds-dgv273-seacev3-1189485-2026-03-18T10:11:32.880541-05:00,PE-CONSUCODE-10465,20201353875,PE-RUC,GOBIERNO REGIONAL DE HUANUCO-SALUD AIS UTES TINGO MARIA
ocds-dgv273-seacev3-1189184,ocds-dgv273-seacev3-1189184-2026-03-18T10:11:32.659837-05:00,PE-CONSUCODE-1983,20131369477,PE-RUC,INSTITUTO TECNOLOGICO DE LA PRODUCCION
ocds-dgv273-seacev3-2026-67-2,ocds-dgv273-seacev3-2026-67-2-2026-03-18T10:11:32.005118-05:00,PE-CONSUCODE-67,20168007168,PE-RUC,MUNICIPALIDAD PROVINCIAL DE CHACHAPOYAS
ocds-dgv273-seacev3-2026-10556-3,ocds-dgv273-seacev3-2026-10556-3-2026-03-18T10:11:27.906703-05:00,PE-CONSUCODE-10556,20205443763,PE-RUC,GOBIERNO REGIONAL DE PIURA-COLEGIO MILITAR PEDRO RUIZ GALLO
ocds-dgv273-seacev3-2026-1598-3,ocds-dgv273-seacev3-2026-1598-3-2026-03-17T16:00:49.577142-05:00,PE-CONSUCODE-1598,20165913788,PE-RUC,MUNICIPALIDAD DISTRITAL DE PACAIPAMPA
ocds-dgv273-seacev3-1191868,ocds-dgv273-seacev3-1191868-2026-03-16T12:25:17.044712-05:00,PE-CONSUCODE-405,20219316675,PE-RUC,MUNICIPALIDAD DISTRITAL DE MOLLEBAYA
ocds-dgv273-seacev3-2026-1066-4,ocds-dgv273-seacev3-2026-1066-4-2026-03-16T12:25:16.658022-05:00,PE-CONSUCODE-1066,20163579791,PE-RUC,MUNICIPALIDAD DISTRITAL DE SAN CLEMENTE
ocds-dgv273-seacev3-1191898,ocds-dgv273-seacev3-1191898-2026-03-16T12:25:16.573975-05:00,PE-CONSUCODE-1191,20175639391,PE-RUC,MUNICIPALIDAD PROVINCIAL DE TRUJILLO
ocds-dgv273-seacev3-1193981,ocds-dgv273-seacev3-1193981-2026-03-15T10:15:39.005128-05:00,PE-CONSUCODE-204448,20604932964,PE-RUC,AUTORIDAD DE TRANSPORTE URBANO PARA LIMA Y CALLAO
ocds-dgv273-seacev3-1189203,ocds-dgv273-seacev3-1189203-2026-03-15T10:15:37.894217-05:00,PE-CONSUCODE-1852,20171895147,PE-RUC,MUNICIPALIDAD DISTRITAL DE ILABAYA
ocds-dgv273-seacev3-1189292,ocds-dgv273-seacev3-1189292-2026-03-15T10:15:37.806993-05:00,PE-CONSUCODE-203686,20601845335,PE-RUC,GOBIERNO REGIONAL DE UCAYALI RED DE SALUD N° 01 CORONEL PORTILLO
ocds-dgv273-seacev3-1191737,ocds-dgv273-seacev3-1191737-2026-03-15T10:15:37.691678-05:00,PE-CONSUCODE-200276,20521286769,PE-RUC,ORGANISMO DE EVALUACION Y FISCALIZACION AMBIENTAL
ocds-dgv273-seacev3-2026-200161-1,ocds-dgv273-seacev3-2026-200161-1-2026-03-15T10:15:37.542177-05:00,PE-CONSUCODE-200161,20493394704,PE-RUC,MUNICIPALIDAD DISTRITAL DE TENIENTE MANUEL CLAVERO
ocds-dgv273-seacev3-1187991,ocds-dgv273-seacev3-1187991-2026-03-15T10:15:37.344257-05:00,PE-CONSUCODE-200261,20477936882,PE-RUC,PROGRAMA DE DESARROLLO PRODUCTIVO AGRARIO RURAL - AGRO RURAL
ocds-dgv273-seacev3-1190749,ocds-dgv273-seacev3-1190749-2026-03-15T10:15:37.268600-05:00,PE-CONSUCODE-1927,20260998898,PE-RUC,ZONA REGISTRAL N° IX SEDE LIMA - UNIDAD EJECUTORA Nº 002-SUNARP Sede Lima
ocds-dgv273-seacev3-1189334,ocds-dgv273-seacev3-1189334-2026-03-15T10:15:37.261240-05:00,PE-CONSUCODE-10549,20194048034,PE-RUC,GOBIERNO REGIONAL DE PASCO-SALUD AIS HOSPITAL DANIEL A.CARRION
ocds-dgv273-seacev3-1190217,ocds-dgv273-seacev3-1190217-2026-03-15T10:15:36.980549-05:00,PE-CONSUCODE-200276,20521286769,PE-RUC,ORGANISMO DE EVALUACION Y FISCALIZACION AMBIENTAL
ocds-dgv273-seacev3-1190620,ocds-dgv273-seacev3-1190620-2026-03-15T10:15:36.510137-05:00,PE-CONSUCODE-1271,20166028842,PE-RUC,MUNICIPALIDAD PROVINCIAL DE VIRU
ocds-dgv273-seacev3-1190226,ocds-dgv273-seacev3-1190226-2026-03-15T10:15:36.152259-05:00,PE-CONSUCODE-204870,20608305808,PE-RUC,MUNICIPALIDAD DISTRITAL DE UNIÓN ASHÁNINKA
ocds-dgv273-seacev3-1191747,ocds-dgv273-seacev3-1191747-2026-03-15T10:15:35.743053-05:00,PE-CONSUCODE-200276,20521286769,PE-RUC,ORGANISMO DE EVALUACION Y FISCALIZACION AMBIENTAL
ocds-dgv273-seacev3-1190041,ocds-dgv273-seacev3-1190041-2026-03-15T10:15:35.728255-05:00,PE-CONSUCODE-200276,20521286769,PE-RUC,ORGANISMO DE EVALUACION Y FISCALIZACION AMBIENTAL
ocds-dgv273-seacev3-1189972,ocds-dgv273-seacev3-1189972-2026-03-15T10:15:35.620749-05:00,PE-CONSUCODE-200276,20521286769,PE-RUC,ORGANISMO DE EVALUACION Y FISCALIZACION AMBIENTAL
ocds-dgv273-seacev3-2026-12-3,ocds-dgv273-seacev3-2026-12-3-2026-03-15T10:15:35.484765-05:00,PE-CONSUCODE-12,20131367938,PE-RUC,MINISTERIO DE DEFENSA
ocds-dgv273-seacev3-1191873,ocds-dgv273-seacev3-1191873-2026-03-15T10:15:35.251517-05:00,PE-CONSUCODE-200276,20521286769,PE-RUC,ORGANISMO DE EVALUACION Y FISCALIZACION AMBIENTAL
ocds-dgv273-seacev3-1190959,ocds-dgv273-seacev3-1190959-2026-03-15T10:15:35.231357-05:00,PE-CONSUCODE-1053,20148420719,PE-RUC,MUNICIPALIDAD DISTRITAL DE MARCONA
ocds-dgv273-seacev3-1190831,ocds-dgv273-seacev3-1190831-2026-03-15T10:15:34.985690-05:00,PE-CONSUCODE-202705,20601068681,PE-RUC,MUNICIPALIDAD DISTRITAL DE VIZCATAN DEL ENE
ocds-dgv273-seacev3-1191920,ocds-dgv273-seacev3-1191920-2026-03-15T10:15:34.885647-05:00,PE-CONSUCODE-200276,20521286769,PE-RUC,ORGANISMO DE EVALUACION Y FISCALIZACION AMBIENTAL
ocds-dgv273-seacev3-1189981,ocds-dgv273-seacev3-1189981-2026-03-15T10:15:34.867448-05:00,PE-CONSUCODE-202225,20141814312,PE-RUC,EMPRESA PRESTADORA DE SERVICIOS DE SANEAMIENTO MARAÑON S.A.
ocds-dgv273-seacev3-1191722,ocds-dgv273-seacev3-1191722-2026-03-15T10:15:34.753112-05:00,PE-CONSUCODE-204366,20604496021,PE-RUC,UNIDAD DE GESTIÓN DE APOYO AL DESARROLLO SOSTENIBLE DEL VRAEM
ocds-dgv273-seacev3-1190255,ocds-dgv273-seacev3-1190255-2026-03-15T10:15:34.574433-05:00,PE-CONSUCODE-200276,20521286769,PE-RUC,ORGANISMO DE EVALUACION Y FISCALIZACION AMBIENTAL
ocds-dgv273-seacev3-1187883,ocds-dgv273-seacev3-1187883-2026-03-15T10:15:33.356097-05:00,PE-CONSUCODE-354,20208595041,PE-RUC,MUNICIPALIDAD DISTRITAL DE CARAYBAMBA
ocds-dgv273-seacev3-2026-800-11,ocds-dgv273-seacev3-2026-800-11-2026-03-15T10:15:33.306336-05:00,PE-CONSUCODE-800,20172494952,PE-RUC,MUNICIPALIDAD DISTRITAL DE CHAMACA
ocds-dgv273-seacev3-1187759,ocds-dgv273-seacev3-1187759-2026-03-15T10:15:33.291350-05:00,PE-CONSUCODE-1419,20217254125,PE-RUC,MUNICIPALIDAD DISTRITAL DE SAN ANTONIO - HUAROCHIRI
ocds-dgv273-seacev3-2026-270-46,ocds-dgv273-seacev3-2026-270-46-2026-03-15T10:15:33.008299-05:00,PE-CONSUCODE-270,20163065330,PE-RUC,MUNICIPALIDAD PROVINCIAL DE SANTA - CHIMBOTE
ocds-dgv273-seacev3-1188258,ocds-dgv273-seacev3-1188258-2026-03-15T10:15:32.993943-05:00,PE-CONSUCODE-1540,20171880115,PE-RUC,MUNICIPALIDAD DISTRITAL DE TORATA
ocds-dgv273-seacev3-1187066,ocds-dgv273-seacev3-1187066-2026-03-15T10:15:32.907826-05:00,PE-CONSUCODE-200547,20539637909,PE-RUC,GOBIERNO REGIONAL DE MOQUEGUA - SUB REGION DE DESARROLLO GENERAL SANCHEZ CERRO
ocds-dgv273-seacev3-2026-51041-2,ocds-dgv273-seacev3-2026-51041-2-2026-03-15T10:15:32.853471-05:00,PE-CONSUCODE-201745,20600234880,PE-RUC,MUNICIPALIDAD DISTRITAL DE INKAWASI
ocds-dgv273-seacev3-1187637,ocds-dgv273-seacev3-1187637-2026-03-15T10:15:32.807089-05:00,PE-CONSUCODE-200276,20521286769,PE-RUC,ORGANISMO DE EVALUACION Y FISCALIZACION AMBIENTAL
ocds-dgv273-seacev3-2026-2009-42,ocds-dgv273-seacev3-2026-2009-42-2026-03-15T10:15:32.791453-05:00,PE-CONSUCODE-2009,20527141762,PE-RUC,GOBIERNO REGIONAL DE APURIMAC SEDE CENTRAL
ocds-dgv273-seacev3-2026-130903-1,ocds-dgv273-seacev3-2026-130903-1-2026-03-15T10:15:32.741594-05:00,PE-CONSUCODE-203126,20601448026,PE-RUC,MUNICIPALIDAD DISTRITAL DE PUEBLO NUEVO
ocds-dgv273-seacev3-2026-552-10,ocds-dgv273-seacev3-2026-552-10-2026-03-15T10:15:32.705134-05:00,PE-CONSUCODE-552,20143082297,PE-RUC,MUNICIPALIDAD PROVINCIAL DE LUCANAS - PUQUIO
ocds-dgv273-seacev3-1187968,ocds-dgv273-seacev3-1187968-2026-03-15T10:15:32.114488-05:00,PE-CONSUCODE-10249,20144364059,PE-RUC,FUERZA AEREA DEL PERU
ocds-dgv273-seacev3-2026-1731-13,ocds-dgv273-seacev3-2026-1731-13-2026-03-15T10:15:32.046948-05:00,PE-CONSUCODE-1731,20165195290,PE-RUC,MUNICIPALIDAD PROVINCIAL DE SAN ROMAN - JULIACA
ocds-dgv273-seacev3-1187276,ocds-dgv273-seacev3-1187276-2026-03-15T10:15:32.008030-05:00,PE-CONSUCODE-35,20452393493,PE-RUC,GOBIERNO REGIONAL DE AYACUCHO SEDE CENTRAL
ocds-dgv273-seacev3-1187175,ocds-dgv273-seacev3-1187175-2026-03-15T10:15:31.993710-05:00,PE-CONSUCODE-200276,20521286769,PE-RUC,ORGANISMO DE EVALUACION Y FISCALIZACION AMBIENTAL
ocds-dgv273-seacev3-1188122,ocds-dgv273-seacev3-1188122-2026-03-15T10:15:31.957524-05:00,PE-CONSUCODE-35,20452393493,PE-RUC,GOBIERNO REGIONAL DE AYACUCHO SEDE CENTRAL
ocds-dgv273-seacev3-1187110,ocds-dgv273-seacev3-1187110-2026-03-15T10:15:31.922224-05:00,PE-CONSUCODE-200276,20521286769,PE-RUC,ORGANISMO DE EVALUACION Y FISCALIZACION AMBIENTAL
ocds-dgv273-seacev3-2026-1852-16,ocds-dgv273-seacev3-2026-1852-16-2026-03-15T10:15:31.285529-05:00,PE-CONSUCODE-1852,20171895147,PE-RUC,MUNICIPALIDAD DISTRITAL DE ILABAYA
ocds-dgv273-seacev3-1186947,ocds-dgv273-seacev3-1186947-2026-03-15T10:15:31.264704-05:00,PE-CONSUCODE-200276,20521286769,PE-RUC,ORGANISMO DE EVALUACION Y FISCALIZACION AMBIENTAL
ocds-dgv273-seacev3-1186894,ocds-dgv273-seacev3-1186894-2026-03-15T10:15:31.237782-05:00,PE-CONSUCODE-200276,20521286769,PE-RUC,ORGANISMO DE EVALUACION Y FISCALIZACION AMBIENTAL
ocds-dgv273-seacev3-1186483,ocds-dgv273-seacev3-1186483-2026-03-15T10:15:30.817905-05:00,PE-CONSUCODE-1515,20201315949,PE-RUC,MUNICIPALIDAD DISTRITAL DE PUINAHUA
ocds-dgv273-seacev3-1189543,ocds-dgv273-seacev3-1189543-2026-03-15T10:15:27.242493-05:00,PE-CONSUCODE-200209,20493452241,PE-RUC,MUNICIPALIDAD DISTRITAL DE ANDOAS
ocds-dgv273-seacev3-2026-1331-7,ocds-dgv273-seacev3-2026-1331-7-2026-03-15T10:15:27.033667-05:00,PE-CONSUCODE-1331,20131366702,PE-RUC,MUNICIPALIDAD DISTRITAL DE PUENTE PIEDRA
ocds-dgv273-seacev3-1191476,ocds-dgv273-seacev3-1191476-2026-03-15T10:15:26.992260-05:00,PE-CONSUCODE-200276,20521286769,PE-RUC,ORGANISMO DE EVALUACION Y FISCALIZACION AMBIENTAL
ocds-dgv273-seacev3-1188024,ocds-dgv273-seacev3-1188024-2026-03-15T10:15:26.810180-05:00,PE-CONSUCODE-278,20282911915,PE-RUC,MUNICIPALIDAD DISTRITAL DE NUEVO CHIMBOTE
ocds-dgv273-seacev3-2026-1287-3,ocds-dgv273-seacev3-2026-1287-3-2026-03-15T10:15:26.686167-05:00,PE-CONSUCODE-1287,20185129129,PE-RUC,MUNICIPALIDAD DISTRITAL DE ZAÑA
ocds-dgv273-seacev3-1191776,ocds-dgv273-seacev3-1191776-2026-03-15T10:15:26.451106-05:00,PE-CONSUCODE-1320,20131365722,PE-RUC,MUNICIPALIDAD DISTRITAL DE LA MOLINA
ocds-dgv273-seacev3-1189848,ocds-dgv273-seacev3-1189848-2026-03-15T10:15:26.054446-05:00,PE-CONSUCODE-200276,20521286769,PE-RUC,ORGANISMO DE EVALUACION Y FISCALIZACION AMBIENTAL
ocds-dgv273-seacev3-1190253,ocds-dgv273-seacev3-1190253-2026-03-15T10:15:25.602397-05:00,PE-CONSUCODE-200276,20521286769,PE-RUC,ORGANISMO DE EVALUACION Y FISCALIZACION AMBIENTAL
ocds-dgv273-seacev3-2026-1852-17,ocds-dgv273-seacev3-2026-1852-17-2026-03-15T10:15:24.926442-05:00,PE-CONSUCODE-1852,20171895147,PE-RUC,MUNICIPALIDAD DISTRITAL DE ILABAYA
ocds-dgv273-seacev3-2026-200423-1,ocds-dgv273-seacev3-2026-200423-1-2026-03-15T10:15:24.656371-05:00,PE-CONSUCODE-200423,20542421585,PE-RUC,GOBIERNO REGIONAL DE HUANUCO - UNIDAD EJECUTORA 304 EDUCACION UGEL PACHITEA
ocds-dgv273-seacev3-2026-1166-1,ocds-dgv273-seacev3-2026-1166-1-2026-03-15T10:15:24.627672-05:00,PE-CONSUCODE-1166,20189998466,PE-RUC,MUNICIPALIDAD DISTRITAL DE HUASAHUASI
ocds-dgv273-seacev3-1189529,ocds-dgv273-seacev3-1189529-2026-03-15T10:15:24.089378-05:00,PE-CONSUCODE-10457,20444054400,PE-RUC,GOBIERNO REGIONAL DE HUANCAVELICA-HOSPITAL DEPARTAMENTAL DE HUANCAVELICA
ocds-dgv273-seacev3-2026-752-3,ocds-dgv273-seacev3-2026-752-3-2026-03-15T10:15:24.075348-05:00,PE-CONSUCODE-752,20170060963,PE-RUC,MUNICIPALIDAD DISTRITAL DE POROY
ocds-dgv273-seacev3-1188586,ocds-dgv273-seacev3-1188586-2026-03-15T10:15:23.939101-05:00,PE-CONSUCODE-1803,20148157325,PE-RUC,MUNICIPALIDAD DISTRITAL DE MORALES
ocds-dgv273-seacev3-1190299,ocds-dgv273-seacev3-1190299-2026-03-15T10:15:23.889761-05:00,PE-CONSUCODE-1309,20131378620,PE-RUC,MUNICIPALIDAD DISTRITAL DE ATE - VITARTE
ocds-dgv273-seacev3-1190270,ocds-dgv273-seacev3-1190270-2026-03-15T10:15:23.828155-05:00,PE-CONSUCODE-200276,20521286769,PE-RUC,ORGANISMO DE EVALUACION Y FISCALIZACION AMBIENTAL
ocds-dgv273-seacev3-1191493,ocds-dgv273-seacev3-1191493-2026-03-15T10:15:23.278109-05:00,PE-CONSUCODE-200276,20521286769,PE-RUC,ORGANISMO DE EVALUACION Y FISCALIZACION AMBIENTAL
ocds-dgv273-seacev3-1188598,ocds-dgv273-seacev3-1188598-2026-03-15T10:15:22.744721-05:00,PE-CONSUCODE-837,20222954623,PE-RUC,MUNICIPALIDAD DISTRITAL DE HUANCARANI
ocds-dgv273-seacev3-1188682,ocds-dgv273-seacev3-1188682-2026-03-15T10:15:22.473591-05:00,PE-CONSUCODE-2391,20100027705,PE-RUC,EMPRESA DE ELECTRICIDAD DEL PERÚ S.A. - ELECTROPERU
ocds-dgv273-seacev3-1187402,ocds-dgv273-seacev3-1187402-2026-03-15T10:15:22.452885-05:00,PE-CONSUCODE-200276,20521286769,PE-RUC,ORGANISMO DE EVALUACION Y FISCALIZACION AMBIENTAL
ocds-dgv273-seacev3-1186990,ocds-dgv273-seacev3-1186990-2026-03-15T10:15:22.284863-05:00,PE-CONSUCODE-1841,20227623544,PE-RUC,MUNICIPALIDAD DISTRITAL DE CIUDAD NUEVA
ocds-dgv273-seacev3-2026-200395-4,ocds-dgv273-seacev3-2026-200395-4-2026-03-15T10:15:22.270794-05:00,PE-CONSUCODE-200395,20493998472,PE-RUC,GOBIERNO REGIONAL DE LORETO - HOSPITAL DE APOYO SANTA GEMA DE YURIMAGUAS
ocds-dgv273-seacev3-1186341,ocds-dgv273-seacev3-1186341-2026-03-15T10:15:22.177902-05:00,PE-CONSUCODE-1841,20227623544,PE-RUC,MUNICIPALIDAD DISTRITAL DE CIUDAD NUEVA
ocds-dgv273-seacev3-1188032,ocds-dgv273-seacev3-1188032-2026-03-15T10:15:21.755743-05:00,PE-CONSUCODE-200322,20393573725,PE-RUC,GOBIERNO REGIONAL DE UCAYALI - RED DE SALUD Nº 04 - AGUAYTIA- SAN ALEJANDRO
ocds-dgv273-seacev3-1187545,ocds-dgv273-seacev3-1187545-2026-03-15T10:15:21.741812-05:00,PE-CONSUCODE-200276,20521286769,PE-RUC,ORGANISMO DE EVALUACION Y FISCALIZACION AMBIENTAL
ocds-dgv273-seacev3-1187385,ocds-dgv273-seacev3-1187385-2026-03-15T10:15:21.728083-05:00,PE-CONSUCODE-200276,20521286769,PE-RUC,ORGANISMO DE EVALUACION Y FISCALIZACION AMBIENTAL
ocds-dgv273-seacev3-2026-1926-10,ocds-dgv273-seacev3-2026-1926-10-2026-03-15T10:15:21.714392-05:00,PE-CONSUCODE-1926,20122476309,PE-RUC,BANCO CENTRAL DE RESERVA DEL PERÚ
ocds-dgv273-seacev3-2026-849-1,ocds-dgv273-seacev3-2026-849-1-2026-03-15T10:15:21.699665-05:00,PE-CONSUCODE-849,20159386415,PE-RUC,MUNICIPALIDAD DISTRITAL DE QUIQUIJANA
ocds-dgv273-seacev3-1187255,ocds-dgv273-seacev3-1187255-2026-03-15T10:15:21.685665-05:00,PE-CONSUCODE-200276,20521286769,PE-RUC,ORGANISMO DE EVALUACION Y FISCALIZACION AMBIENTAL
ocds-dgv273-seacev3-1187177,ocds-dgv273-seacev3-1187177-2026-03-15T10:15:21.636430-05:00,PE-CONSUCODE-200276,20521286769,PE-RUC,ORGANISMO DE EVALUACION Y FISCALIZACION AMBIENTAL
ocds-dgv273-seacev3-1186807,ocds-dgv273-seacev3-1186807-2026-03-15T10:15:21.548527-05:00,PE-CONSUCODE-1841,20227623544,PE-RUC,MUNICIPALIDAD DISTRITAL DE CIUDAD NUEVA
ocds-dgv273-seacev3-1187495,ocds-dgv273-seacev3-1187495-2026-03-15T10:15:21.459094-05:00,PE-CONSUCODE-200276,20521286769,PE-RUC,ORGANISMO DE EVALUACION Y FISCALIZACION AMBIENTAL
ocds-dgv273-seacev3-1186509,ocds-dgv273-seacev3-1186509-2026-03-15T10:15:21.447576-05:00,PE-CONSUCODE-960,20146008926,PE-RUC,MUNICIPALIDAD PROVINCIAL DE AMBO
ocds-dgv273-seacev3-2026-200385-1,ocds-dgv273-seacev3-2026-200385-1-2026-03-15T10:15:21.399586-05:00,PE-CONSUCODE-200385,20541376136,PE-RUC,MUNICIPALIDAD DISTRITAL DE COSME
ocds-dgv273-seacev3-1187222,ocds-dgv273-seacev3-1187222-2026-03-15T10:15:21.371133-05:00,PE-CONSUCODE-200276,20521286769,PE-RUC,ORGANISMO DE EVALUACION Y FISCALIZACION AMBIENTAL
ocds-dgv273-seacev3-1187081,ocds-dgv273-seacev3-1187081-2026-03-15T10:15:21.300039-05:00,PE-CONSUCODE-43,20479569780,PE-RUC,GOBIERNO REGIONAL DE LAMBAYEQUE SEDE CENTRAL
ocds-dgv273-seacev3-1187638,ocds-dgv273-seacev3-1187638-2026-03-15T10:15:20.999915-05:00,PE-CONSUCODE-200276,20521286769,PE-RUC,ORGANISMO DE EVALUACION Y FISCALIZACION AMBIENTAL
ocds-dgv273-seacev3-2026-761-1,ocds-dgv273-seacev3-2026-761-1-2026-03-15T10:15:16.401074-05:00,PE-CONSUCODE-761,20159329535,PE-RUC,MUNICIPALIDAD DISTRITAL DE POMACANCHI
ocds-dgv273-seacev3-1188995,ocds-dgv273-seacev3-1188995-2026-03-15T10:15:16.332959-05:00,PE-CONSUCODE-204870,20608305808,PE-RUC,MUNICIPALIDAD DISTRITAL DE UNIÓN ASHÁNINKA
ocds-dgv273-seacev3-1191794,ocds-dgv273-seacev3-1191794-2026-03-15T10:15:16.107419-05:00,PE-CONSUCODE-200276,20521286769,PE-RUC,ORGANISMO DE EVALUACION Y FISCALIZACION AMBIENTAL
ocds-dgv273-seacev3-1190828,ocds-dgv273-seacev3-1190828-2026-03-15T10:15:16.073032-05:00,PE-CONSUCODE-1320,20131365722,PE-RUC,MUNICIPALIDAD DISTRITAL DE LA MOLINA
ocds-dgv273-seacev3-1188262,ocds-dgv273-seacev3-1188262-2026-03-15T10:15:16.057001-05:00,PE-CONSUCODE-1096,20187806667,PE-RUC,MUNICIPALIDAD PROVINCIAL DE CONCEPCION
ocds-dgv273-seacev3-1190184,ocds-dgv273-seacev3-1190184-2026-03-15T10:15:15.980308-05:00,PE-CONSUCODE-200276,20521286769,PE-RUC,ORGANISMO DE EVALUACION Y FISCALIZACION AMBIENTAL
ocds-dgv273-seacev3-2026-821-4,ocds-dgv273-seacev3-2026-821-4-2026-03-15T10:15:15.896955-05:00,PE-CONSUCODE-821,20178199251,PE-RUC,MUNICIPALIDAD DISTRITAL DE KIMBIRI
ocds-dgv273-seacev3-1190331,ocds-dgv273-seacev3-1190331-2026-03-15T10:15:15.828113-05:00,PE-CONSUCODE-200430,20494013453,PE-RUC,GOBIERNO REGIONAL DE SAN MARTIN - UNIDAD EJECUTORA HOSPITAL II-2 TARAPOTO
ocds-dgv273-seacev3-1190357,ocds-dgv273-seacev3-1190357-2026-03-15T10:15:15.820119-05:00,PE-CONSUCODE-34,20498390570,PE-RUC,GOBIERNO REGIONAL DE AREQUIPA Sede Central
ocds-dgv273-seacev3-1195637,ocds-dgv273-seacev3-1195637-2026-03-15T10:15:15.725210-05:00,PE-CONSUCODE-200276,20521286769,PE-RUC,ORGANISMO DE EVALUACION Y FISCALIZACION AMBIENTAL
ocds-dgv273-seacev3-2026-1899-49,ocds-dgv273-seacev3-2026-1899-49-2026-03-15T10:15:15.647431-05:00,PE-CONSUCODE-1899,20145561095,PE-RUC,UNIVERSIDAD NACIONAL DEL CENTRO DEL PERU
ocds-dgv273-seacev3-1189523,ocds-dgv273-seacev3-1189523-2026-03-15T10:15:15.417535-05:00,PE-CONSUCODE-10457,20444054400,PE-RUC,GOBIERNO REGIONAL DE HUANCAVELICA-HOSPITAL DEPARTAMENTAL DE HUANCAVELICA
ocds-dgv273-seacev3-2026-589-1,ocds-dgv273-seacev3-2026-589-1-2026-03-15T10:15:14.964064-05:00,PE-CONSUCODE-589,20223028765,PE-RUC,MUNICIPALIDAD PROVINCIAL DE HUANCA SANCOS - SANCOS
ocds-dgv273-seacev3-2026-1509-6,ocds-dgv273-seacev3-2026-1509-6-2026-03-15T10:15:14.565978-05:00,PE-CONSUCODE-1509,20197978725,PE-RUC,MUNICIPALIDAD DISTRITAL DE TROMPETEROS
ocds-dgv273-seacev3-1189281,ocds-dgv273-seacev3-1189281-2026-03-15T10:15:14.416773-05:00,PE-CONSUCODE-1232,20226962892,PE-RUC,MUNICIPALIDAD PROVINCIAL DE PATAZ - TAYABAMBA
ocds-dgv273-seacev3-1188160,ocds-dgv273-seacev3-1188160-2026-03-15T10:15:14.401859-05:00,PE-CONSUCODE-1681,20159410499,PE-RUC,MUNICIPALIDAD DISTRITAL DE COAZA
ocds-dgv273-seacev3-1191438,ocds-dgv273-seacev3-1191438-2026-03-15T10:15:14.060263-05:00,PE-CONSUCODE-203646,20602250602,PE-RUC,DIRECCION DE REDES INTEGRADAS DE SALUD LIMA CENTRO
ocds-dgv273-seacev3-1191343,ocds-dgv273-seacev3-1191343-2026-03-15T10:15:13.897276-05:00,PE-CONSUCODE-200276,20521286769,PE-RUC,ORGANISMO DE EVALUACION Y FISCALIZACION AMBIENTAL
ocds-dgv273-seacev3-1188639,ocds-dgv273-seacev3-1188639-2026-03-15T10:15:13.092497-05:00,PE-CONSUCODE-10146,20481772550,PE-RUC,POLICÍA NACIONAL DEL PERÚ - III REGIÓN TERRITORIAL TRUJILLO
ocds-dgv273-seacev3-1194752,ocds-dgv273-seacev3-1194752-2026-03-15T10:15:12.914809-05:00,PE-CONSUCODE-1983,20131369477,PE-RUC,INSTITUTO TECNOLOGICO DE LA PRODUCCION
ocds-dgv273-seacev3-2026-1227-4,ocds-dgv273-seacev3-2026-1227-4-2026-03-15T10:15:12.711891-05:00,PE-CONSUCODE-1227,20164091466,PE-RUC,MUNICIPALIDAD PROVINCIAL DE PACASMAYO - SAN PEDRO DE LLOC
ocds-dgv273-seacev3-1191164,ocds-dgv273-seacev3-1191164-2026-03-15T10:15:12.678075-05:00,PE-CONSUCODE-200157,20512311122,PE-RUC,DIRECCION DE SALUD IV L.E. - UNIDAD EJECUTORA HOSPITAL SAN JUAN DE LURIGANCHO
ocds-dgv273-seacev3-1191866,ocds-dgv273-seacev3-1191866-2026-03-15T10:15:12.638902-05:00,PE-CONSUCODE-200276,20521286769,PE-RUC,ORGANISMO DE EVALUACION Y FISCALIZACION AMBIENTAL
ocds-dgv273-seacev3-1190728,ocds-dgv273-seacev3-1190728-2026-03-15T10:15:12.472731-05:00,PE-CONSUCODE-12632,20381959997,PE-RUC,POLICÍA NACIONAL DEL PERÚ - DIRECCIÓN EJECUTIVA DE EDUCACIÓN Y DOCTRINA
ocds-dgv273-seacev3-2026-1780-4,ocds-dgv273-seacev3-2026-1780-4-2026-03-15T10:15:12.183160-05:00,PE-CONSUCODE-1780,20222291845,PE-RUC,MUNICIPALIDAD DISTRITAL DE CAMPANILLA
ocds-dgv273-seacev3-1191138,ocds-dgv273-seacev3-1191138-2026-03-15T10:15:11.838578-05:00,PE-CONSUCODE-1156,20146675124,PE-RUC,MUNICIPALIDAD DISTRITAL DE COVIRIALI
ocds-dgv273-seacev3-1187435,ocds-dgv273-seacev3-1187435-2026-03-15T10:15:10.863587-05:00,PE-CONSUCODE-200276,20521286769,PE-RUC,ORGANISMO DE EVALUACION Y FISCALIZACION AMBIENTAL
ocds-dgv273-seacev3-1187843,ocds-dgv273-seacev3-1187843-2026-03-15T10:15:10.780719-05:00,PE-CONSUCODE-389,20180001051,PE-RUC,MUNICIPALIDAD PROVINCIAL DE CHINCHEROS
ocds-dgv273-seacev3-2026-1090-1,ocds-dgv273-seacev3-2026-1090-1-2026-03-15T10:15:10.680707-05:00,PE-CONSUCODE-1090,20185716172,PE-RUC,MUNICIPALIDAD DISTRITAL DE SAN JERONIMO DE TUNAN
ocds-dgv273-seacev3-1187780,ocds-dgv273-seacev3-1187780-2026-03-15T10:15:10.622873-05:00,PE-CONSUCODE-42,20440374248,PE-RUC,GOBIERNO REGIONAL DE LA LIBERTAD Sede Central
ocds-dgv273-seacev3-2026-1862-2,ocds-dgv273-seacev3-2026-1862-2-2026-03-15T10:15:10.588729-05:00,PE-CONSUCODE-1862,20190178189,PE-RUC,MUNICIPALIDAD DISTRITAL DE PAMPAS DE HOSPITAL
ocds-dgv273-seacev3-1188053,ocds-dgv273-seacev3-1188053-2026-03-15T10:15:10.566772-05:00,PE-CONSUCODE-10042,20159316981,PE-RUC,GOBIERNO REGIONAL DE CUSCO-INSTITUTO DE MANEJO DE AGUA Y MEDIO AMBIENTE( IMA)
ocds-dgv273-seacev3-1187216,ocds-dgv273-seacev3-1187216-2026-03-15T10:15:10.503330-05:00,PE-CONSUCODE-1671,20198476243,PE-RUC,MUNICIPALIDAD DISTRITAL DE POTONI
ocds-dgv273-seacev3-1187244,ocds-dgv273-seacev3-1187244-2026-03-15T10:15:10.416665-05:00,PE-CONSUCODE-200276,20521286769,PE-RUC,ORGANISMO DE EVALUACION Y FISCALIZACION AMBIENTAL
ocds-dgv273-seacev3-1186687,ocds-dgv273-seacev3-1186687-2026-03-15T10:15:10.302192-05:00,PE-CONSUCODE-1979,20131263130,PE-RUC,INSTITUTO NACIONAL DE SALUD
ocds-dgv273-seacev3-2026-1268-1,ocds-dgv273-seacev3-2026-1268-1-2026-03-15T10:15:10.286763-05:00,PE-CONSUCODE-1268,20274239906,PE-RUC,MUNICIPALIDAD DISTRITAL DE LUCMA - GRAN CHIMU
ocds-dgv273-seacev3-1186806,ocds-dgv273-seacev3-1186806-2026-03-15T10:15:10.207064-05:00,PE-CONSUCODE-226,20223022210,PE-RUC,MUNICIPALIDAD DISTRITAL DE UCO
ocds-dgv273-seacev3-2026-188-1,ocds-dgv273-seacev3-2026-188-1-2026-03-15T10:15:09.779878-05:00,PE-CONSUCODE-188,20222304921,PE-RUC,MUNICIPALIDAD DISTRITAL DE HUALLANCA - BOLOGNESI
ocds-dgv273-seacev3-1187548,ocds-dgv273-seacev3-1187548-2026-03-15T10:15:09.737304-05:00,PE-CONSUCODE-200276,20521286769,PE-RUC,ORGANISMO DE EVALUACION Y FISCALIZACION AMBIENTAL
ocds-dgv273-seacev3-1187203,ocds-dgv273-seacev3-1187203-2026-03-15T10:15:09.666455-05:00,PE-CONSUCODE-200276,20521286769,PE-RUC,ORGANISMO DE EVALUACION Y FISCALIZACION AMBIENTAL
ocds-dgv273-seacev3-1186808,ocds-dgv273-seacev3-1186808-2026-03-15T10:15:09.533729-05:00,PE-CONSUCODE-17,20131371617,PE-RUC,MINISTERIO DE JUSTICIA Y DERECHOS HUMANOS
ocds-dgv273-seacev3-2026-1809-3,ocds-dgv273-seacev3-2026-1809-3-2026-03-15T10:15:09.506385-05:00,PE-CONSUCODE-1809,20531290306,PE-RUC,MUNICIPALIDAD DISTRITAL DE BAJO BIAVO
ocds-dgv273-seacev3-1187631,ocds-dgv273-seacev3-1187631-2026-03-15T10:15:09.399867-05:00,PE-CONSUCODE-1514,20199428994,PE-RUC,MUNICIPALIDAD DISTRITAL DE MAQUIA
ocds-dgv273-seacev3-2026-2009-40,ocds-dgv273-seacev3-2026-2009-40-2026-03-15T10:15:09.015288-05:00,PE-CONSUCODE-2009,20527141762,PE-RUC,GOBIERNO REGIONAL DE APURIMAC SEDE CENTRAL
ocds-dgv273-seacev3-1191741,ocds-dgv273-seacev3-1191741-2026-03-15T10:15:04.796766-05:00,PE-CONSUCODE-200276,20521286769,PE-RUC,ORGANISMO DE EVALUACION Y FISCALIZACION AMBIENTAL
ocds-dgv273-seacev3-1189605,ocds-dgv273-seacev3-1189605-2026-03-15T10:15:04.560790-05:00,PE-CONSUCODE-203306,20601625017,PE-RUC,MUNICIPALIDAD DISTRITAL DE MEGANTONI
ocds-dgv273-seacev3-2026-200430-4,ocds-dgv273-seacev3-2026-200430-4-2026-03-15T10:15:04.171357-05:00,PE-CONSUCODE-200430,20494013453,PE-RUC,GOBIERNO REGIONAL DE SAN MARTIN - UNIDAD EJECUTORA HOSPITAL II-2 TARAPOTO
ocds-dgv273-seacev3-2026-1206-2,ocds-dgv273-seacev3-2026-1206-2-2026-03-15T10:15:03.592815-05:00,PE-CONSUCODE-1206,20216644990,PE-RUC,MUNICIPALIDAD DISTRITAL DE LONGOTEA
ocds-dgv273-seacev3-1187294,ocds-dgv273-seacev3-1187294-2026-03-15T10:15:03.476717-05:00,PE-CONSUCODE-793,20159345573,PE-RUC,MUNICIPALIDAD DISTRITAL DE PITUMARCA
ocds-dgv273-seacev3-1190232,ocds-dgv273-seacev3-1190232-2026-03-15T10:15:02.992928-05:00,PE-CONSUCODE-200276,20521286769,PE-RUC,ORGANISMO DE EVALUACION Y FISCALIZACION AMBIENTAL
ocds-dgv273-seacev3-1190228,ocds-dgv273-seacev3-1190228-2026-03-15T10:15:02.978820-05:00,PE-CONSUCODE-200276,20521286769,PE-RUC,ORGANISMO DE EVALUACION Y FISCALIZACION AMBIENTAL
ocds-dgv273-seacev3-1191799,ocds-dgv273-seacev3-1191799-2026-03-15T10:15:02.768987-05:00,PE-CONSUCODE-200276,20521286769,PE-RUC,ORGANISMO DE EVALUACION Y FISCALIZACION AMBIENTAL
ocds-dgv273-seacev3-1191454,ocds-dgv273-seacev3-1191454-2026-03-15T10:15:02.546059-05:00,PE-CONSUCODE-200276,20521286769,PE-RUC,ORGANISMO DE EVALUACION Y FISCALIZACION AMBIENTAL
ocds-dgv273-seacev3-1191350,ocds-dgv273-seacev3-1191350-2026-03-15T10:15:01.596027-05:00,PE-CONSUCODE-200276,20521286769,PE-RUC,ORGANISMO DE EVALUACION Y FISCALIZACION AMBIENTAL
ocds-dgv273-seacev3-1191876,ocds-dgv273-seacev3-1191876-2026-03-15T10:15:01.305980-05:00,PE-CONSUCODE-200276,20521286769,PE-RUC,ORGANISMO DE EVALUACION Y FISCALIZACION AMBIENTAL
ocds-dgv273-seacev3-1190242,ocds-dgv273-seacev3-1190242-2026-03-15T10:15:01.014523-05:00,PE-CONSUCODE-200276,20521286769,PE-RUC,ORGANISMO DE EVALUACION Y FISCALIZACION AMBIENTAL
ocds-dgv273-seacev3-2026-10249-35,ocds-dgv273-seacev3-2026-10249-35-2026-03-15T10:15:00.999606-05:00,PE-CONSUCODE-10249,20144364059,PE-RUC,FUERZA AEREA DEL PERU
ocds-dgv273-seacev3-1189813,ocds-dgv273-seacev3-1189813-2026-03-15T10:15:00.832456-05:00,PE-CONSUCODE-1983,20131369477,PE-RUC,INSTITUTO TECNOLOGICO DE LA PRODUCCION
ocds-dgv273-seacev3-1189202,ocds-dgv273-seacev3-1189202-2026-03-15T10:15:00.679383-05:00,PE-CONSUCODE-1332,20131366451,PE-RUC,MUNICIPALIDAD DISTRITAL DE PUNTA HERMOSA
ocds-dgv273-seacev3-1195184,ocds-dgv273-seacev3-1195184-2026-03-15T10:15:00.338512-05:00,PE-CONSUCODE-1983,20131369477,PE-RUC,INSTITUTO TECNOLOGICO DE LA PRODUCCION
ocds-dgv273-seacev3-1187480,ocds-dgv273-seacev3-1187480-2026-03-15T10:14:59.713816-05:00,PE-CONSUCODE-200276,20521286769,PE-RUC,ORGANISMO DE EVALUACION Y FISCALIZACION AMBIENTAL
ocds-dgv273-seacev3-2026-200322-7,ocds-dgv273-seacev3-2026-200322-7-2026-03-15T10:14:59.671482-05:00,PE-CONSUCODE-200322,20393573725,PE-RUC,GOBIERNO REGIONAL DE UCAYALI - RED DE SALUD Nº 04 - AGUAYTIA- SAN ALEJANDRO
ocds-dgv273-seacev3-1188663,ocds-dgv273-seacev3-1188663-2026-03-15T10:14:59.646300-05:00,PE-CONSUCODE-1578,20232520745,PE-RUC,MUNICIPALIDAD DISTRITAL DE CHONTABAMBA
ocds-dgv273-seacev3-1187260,ocds-dgv273-seacev3-1187260-2026-03-15T10:14:59.630311-05:00,PE-CONSUCODE-749,20177217043,PE-RUC,MUNICIPALIDAD PROVINCIAL DEL CUSCO
ocds-dgv273-seacev3-1188404,ocds-dgv273-seacev3-1188404-2026-03-15T10:14:59.602775-05:00,PE-CONSUCODE-10249,20144364059,PE-RUC,FUERZA AEREA DEL PERU
ocds-dgv273-seacev3-2026-747-7,ocds-dgv273-seacev3-2026-747-7-2026-03-15T10:14:59.569011-05:00,PE-CONSUCODE-747,20131369809,PE-RUC,MUNICIPALIDAD DISTRITAL DE VENTANILLA
ocds-dgv273-seacev3-1188521,ocds-dgv273-seacev3-1188521-2026-03-15T10:14:59.518678-05:00,PE-CONSUCODE-200078,20531319991,PE-RUC,GOBIERNO REGIONAL DE SAN MARTÍN - DIRECCION SUB REGIONAL DE SALUD HUALLAGA C.
ocds-dgv273-seacev3-1188142,ocds-dgv273-seacev3-1188142-2026-03-15T10:14:59.370849-05:00,PE-CONSUCODE-416,20190520286,PE-RUC,MUNICIPALIDAD DISTRITAL DE SOCABAYA
ocds-dgv273-seacev3-2026-2364-49,ocds-dgv273-seacev3-2026-2364-49-2026-03-15T10:14:59.274344-05:00,PE-CONSUCODE-2364,20136353315,PE-RUC,ENTIDAD PRESTADORA DE SERVICIO DE SANEAMIENTO DE CUSCO S.A.
ocds-dgv273-seacev3-1188092,ocds-dgv273-seacev3-1188092-2026-03-15T10:14:59.244462-05:00,PE-CONSUCODE-1468,20142701597,PE-RUC,MUNICIPALIDAD PROVINCIAL DE BARRANCA
ocds-dgv273-seacev3-1189867,ocds-dgv273-seacev3-1189867-2026-03-15T10:14:59.163761-05:00,PE-CONSUCODE-200983,20573200366,PE-RUC,GOBIERNO REGIONAL DE HUANUCO - UNIDAD EJECUTORA 310 EDUCACION YAROWILCA
ocds-dgv273-seacev3-1187804,ocds-dgv273-seacev3-1187804-2026-03-15T10:14:59.145988-05:00,PE-CONSUCODE-10466,20146038329,PE-RUC,GOBIERNO REGIONAL DE HUANUCO-HOSPITAL DE HUANUCO HERMILIO VALDIZAN
ocds-dgv273-seacev3-1186715,ocds-dgv273-seacev3-1186715-2026-03-15T10:14:59.130375-05:00,PE-CONSUCODE-907,20190345344,PE-RUC,MUNICIPALIDAD PROVINCIAL DE TAYACAJA - PAMPAS
ocds-dgv273-seacev3-2026-1288-7,ocds-dgv273-seacev3-2026-1288-7-2026-03-15T10:14:59.061007-05:00,PE-CONSUCODE-1288,20173119641,PE-RUC,MUNICIPALIDAD DISTRITAL DE LA VICTORIA - CHICLAYO
ocds-dgv273-seacev3-2026-1117-1,ocds-dgv273-seacev3-2026-1117-1-2026-03-15T10:14:58.975391-05:00,PE-CONSUCODE-1117,20183093941,PE-RUC,MUNICIPALIDAD PROVINCIAL DE JAUJA
ocds-dgv273-seacev3-1187207,ocds-dgv273-seacev3-1187207-2026-03-15T10:14:58.414338-05:00,PE-CONSUCODE-200276,20521286769,PE-RUC,ORGANISMO DE EVALUACION Y FISCALIZACION AMBIENTAL
ocds-dgv273-seacev3-1187837,ocds-dgv273-seacev3-1187837-2026-03-15T10:14:58.360256-05:00,PE-CONSUCODE-278,20282911915,PE-RUC,MUNICIPALIDAD DISTRITAL DE NUEVO CHIMBOTE
ocds-dgv273-seacev3-2026-130903-2,ocds-dgv273-seacev3-2026-130903-2-2026-03-15T10:14:58.303445-05:00,PE-CONSUCODE-203126,20601448026,PE-RUC,MUNICIPALIDAD DISTRITAL DE PUEBLO NUEVO
ocds-dgv273-seacev3-2026-1320-18,ocds-dgv273-seacev3-2026-1320-18-2026-03-15T10:14:58.223571-05:00,PE-CONSUCODE-1320,20131365722,PE-RUC,MUNICIPALIDAD DISTRITAL DE LA MOLINA
ocds-dgv273-seacev3-1187393,ocds-dgv273-seacev3-1187393-2026-03-15T10:14:58.202731-05:00,PE-CONSUCODE-200276,20521286769,PE-RUC,ORGANISMO DE EVALUACION Y FISCALIZACION AMBIENTAL
ocds-dgv273-seacev3-1186928,ocds-dgv273-seacev3-1186928-2026-03-15T10:14:58.130756-05:00,PE-CONSUCODE-200276,20521286769,PE-RUC,ORGANISMO DE EVALUACION Y FISCALIZACION AMBIENTAL
ocds-dgv273-seacev3-1190084,ocds-dgv273-seacev3-1190084-2026-03-15T10:14:54.671425-05:00,PE-CONSUCODE-205010,20608197037,PE-RUC,MUNICIPALIDAD DISTRITAL DE SAN ANTONIO
ocds-dgv273-seacev3-1191450,ocds-dgv273-seacev3-1191450-2026-03-15T10:14:54.460468-05:00,PE-CONSUCODE-200276,20521286769,PE-RUC,ORGANISMO DE EVALUACION Y FISCALIZACION AMBIENTAL
ocds-dgv273-seacev3-2026-10249-36,ocds-dgv273-seacev3-2026-10249-36-2026-03-15T10:14:53.542396-05:00,PE-CONSUCODE-10249,20144364059,PE-RUC,FUERZA AEREA DEL PERU
ocds-dgv273-seacev3-1191956,ocds-dgv273-seacev3-1191956-2026-03-15T10:14:53.346373-05:00,PE-CONSUCODE-10146,20481772550,PE-RUC,POLICÍA NACIONAL DEL PERÚ - III REGIÓN TERRITORIAL TRUJILLO
ocds-dgv273-seacev3-1189708,ocds-dgv273-seacev3-1189708-2026-03-15T10:14:53.267936-05:00,PE-CONSUCODE-1315,20181109891,PE-RUC,MUNICIPALIDAD DISTRITAL DE CIENEGUILLA
ocds-dgv273-seacev3-1188863,ocds-dgv273-seacev3-1188863-2026-03-15T10:14:53.227348-05:00,PE-CONSUCODE-10353,20148346055,PE-RUC,GOBIERNO REGIONAL DE LAMBAYEQUE - PROYECTO ESPECIAL OLMOS - TINAJONES
ocds-dgv273-seacev3-1190121,ocds-dgv273-seacev3-1190121-2026-03-15T10:14:53.065204-05:00,PE-CONSUCODE-200430,20494013453,PE-RUC,GOBIERNO REGIONAL DE SAN MARTIN - UNIDAD EJECUTORA HOSPITAL II-2 TARAPOTO
ocds-dgv273-seacev3-2026-10507-10,ocds-dgv273-seacev3-2026-10507-10-2026-03-15T10:14:53.051072-05:00,PE-CONSUCODE-10507,20222308080,PE-RUC,GOBIERNO REGIONAL DE LA LIBERTAD - RED SALUD SANCHEZ CARRION - HOSPITAL LEONCIO PRADO
ocds-dgv273-seacev3-1188700,ocds-dgv273-seacev3-1188700-2026-03-15T10:14:52.938139-05:00,PE-CONSUCODE-200549,20447954266,PE-RUC,INSTITUTO VIAL PROVINCIAL MUNICIPAL DE AZANGARO
ocds-dgv273-seacev3-1190197,ocds-dgv273-seacev3-1190197-2026-03-15T10:14:52.809117-05:00,PE-CONSUCODE-200276,20521286769,PE-RUC,ORGANISMO DE EVALUACION Y FISCALIZACION AMBIENTAL
ocds-dgv273-seacev3-1189528,ocds-dgv273-seacev3-1189528-2026-03-15T10:14:52.540077-05:00,PE-CONSUCODE-200209,20493452241,PE-RUC,MUNICIPALIDAD DISTRITAL DE ANDOAS
ocds-dgv273-seacev3-1189155,ocds-dgv273-seacev3-1189155-2026-03-15T10:14:52.526007-05:00,PE-CONSUCODE-200262,20525832334,PE-RUC,GOBIERNO REGIONAL DE PIURA-HOSPITAL DE APOYO I SANTA ROSA PIURA
ocds-dgv273-seacev3-1191539,ocds-dgv273-seacev3-1191539-2026-03-15T10:14:52.422943-05:00,PE-CONSUCODE-200276,20521286769,PE-RUC,ORGANISMO DE EVALUACION Y FISCALIZACION AMBIENTAL
ocds-dgv273-seacev3-1190239,ocds-dgv273-seacev3-1190239-2026-03-15T10:14:52.376755-05:00,PE-CONSUCODE-200276,20521286769,PE-RUC,ORGANISMO DE EVALUACION Y FISCALIZACION AMBIENTAL
ocds-dgv273-seacev3-1189901,ocds-dgv273-seacev3-1189901-2026-03-15T10:14:52.313690-05:00,PE-CONSUCODE-202225,20141814312,PE-RUC,EMPRESA PRESTADORA DE SERVICIOS DE SANEAMIENTO MARAÑON S.A.
ocds-dgv273-seacev3-2026-1701-1,ocds-dgv273-seacev3-2026-1701-1-2026-03-15T10:14:52.094222-05:00,PE-CONSUCODE-1701,20161266753,PE-RUC,MUNICIPALIDAD DISTRITAL DE VILQUECHICO
ocds-dgv273-seacev3-1191802,ocds-dgv273-seacev3-1191802-2026-03-15T10:14:51.432694-05:00,PE-CONSUCODE-200276,20521286769,PE-RUC,ORGANISMO DE EVALUACION Y FISCALIZACION AMBIENTAL
ocds-dgv273-seacev3-1190251,ocds-dgv273-seacev3-1190251-2026-03-15T10:14:51.420538-05:00,PE-CONSUCODE-200276,20521286769,PE-RUC,ORGANISMO DE EVALUACION Y FISCALIZACION AMBIENTAL
ocds-dgv273-seacev3-1189995,ocds-dgv273-seacev3-1189995-2026-03-15T10:14:51.209457-05:00,PE-CONSUCODE-10436,20368981355,PE-RUC,GOBIERNO REGIONAL DE CAJAMARCA-EDUCACION CAJAMARCA
ocds-dgv273-seacev3-1187707,ocds-dgv273-seacev3-1187707-2026-03-15T10:14:50.018399-05:00,PE-CONSUCODE-403,20170422971,PE-RUC,MUNICIPALIDAD DISTRITAL DE MARIANO MELGAR
ocds-dgv273-seacev3-2026-2009-52,ocds-dgv273-seacev3-2026-2009-52-2026-03-15T10:14:49.881977-05:00,PE-CONSUCODE-2009,20527141762,PE-RUC,GOBIERNO REGIONAL DE APURIMAC SEDE CENTRAL
ocds-dgv273-seacev3-1189876,ocds-dgv273-seacev3-1189876-2026-03-15T10:14:49.428111-05:00,PE-CONSUCODE-200276,20521286769,PE-RUC,ORGANISMO DE EVALUACION Y FISCALIZACION AMBIENTAL
ocds-dgv273-seacev3-1189860,ocds-dgv273-seacev3-1189860-2026-03-15T10:14:49.414063-05:00,PE-CONSUCODE-200276,20521286769,PE-RUC,ORGANISMO DE EVALUACION Y FISCALIZACION AMBIENTAL
ocds-dgv273-seacev3-1191895,ocds-dgv273-seacev3-1191895-2026-03-15T10:14:49.317352-05:00,PE-CONSUCODE-200276,20521286769,PE-RUC,ORGANISMO DE EVALUACION Y FISCALIZACION AMBIENTAL
ocds-dgv273-seacev3-2026-10249-32,ocds-dgv273-seacev3-2026-10249-32-2026-03-15T10:14:48.850300-05:00,PE-CONSUCODE-10249,20144364059,PE-RUC,FUERZA AEREA DEL PERU
ocds-dgv273-seacev3-1187897,ocds-dgv273-seacev3-1187897-2026-03-15T10:14:48.459607-05:00,PE-CONSUCODE-278,20282911915,PE-RUC,MUNICIPALIDAD DISTRITAL DE NUEVO CHIMBOTE
ocds-dgv273-seacev3-1187691,ocds-dgv273-seacev3-1187691-2026-03-15T10:14:48.436804-05:00,PE-CONSUCODE-200303,20496162014,PE-RUC,INSTITUTO VIAL PROVINCIAL DE CHOTA
ocds-dgv273-seacev3-1187462,ocds-dgv273-seacev3-1187462-2026-03-15T10:14:48.308542-05:00,PE-CONSUCODE-200276,20521286769,PE-RUC,ORGANISMO DE EVALUACION Y FISCALIZACION AMBIENTAL
ocds-dgv273-seacev3-1188628,ocds-dgv273-seacev3-1188628-2026-03-15T10:14:47.915974-05:00,PE-CONSUCODE-541,20143109241,PE-RUC,MUNICIPALIDAD DISTRITAL DE LURICOCHA
ocds-dgv273-seacev3-1187612,ocds-dgv273-seacev3-1187612-2026-03-15T10:14:47.719848-05:00,PE-CONSUCODE-200276,20521286769,PE-RUC,ORGANISMO DE EVALUACION Y FISCALIZACION AMBIENTAL
ocds-dgv273-seacev3-1187140,ocds-dgv273-seacev3-1187140-2026-03-15T10:14:47.705788-05:00,PE-CONSUCODE-200276,20521286769,PE-RUC,ORGANISMO DE EVALUACION Y FISCALIZACION AMBIENTAL
ocds-dgv273-seacev3-1186258,ocds-dgv273-seacev3-1186258-2026-03-15T10:14:47.647162-05:00,PE-CONSUCODE-1584,20154477374,PE-RUC,MUNICIPALIDAD PROVINCIAL DE PIURA
ocds-dgv273-seacev3-2026-286-1,ocds-dgv273-seacev3-2026-286-1-2026-03-15T10:14:47.632715-05:00,PE-CONSUCODE-286,20200034211,PE-RUC,MUNICIPALIDAD DISTRITAL DE RAGASH
ocds-dgv273-seacev3-2026-850-5,ocds-dgv273-seacev3-2026-850-5-2026-03-15T10:14:47.602666-05:00,PE-CONSUCODE-850,20147567449,PE-RUC,MUNICIPALIDAD PROVINCIAL DE URUBAMBA
ocds-dgv273-seacev3-1190450,ocds-dgv273-seacev3-1190450-2026-03-15T10:14:47.585978-05:00,PE-CONSUCODE-212,20206179695,PE-RUC,MUNICIPALIDAD DISTRITAL DE ANRA
ocds-dgv273-seacev3-1187352,ocds-dgv273-seacev3-1187352-2026-03-15T10:14:47.268557-05:00,PE-CONSUCODE-1182,20174790320,PE-RUC,MUNICIPALIDAD PROVINCIAL DE CHUPACA
ocds-dgv273-seacev3-1187342,ocds-dgv273-seacev3-1187342-2026-03-15T10:14:47.172865-05:00,PE-CONSUCODE-544,20189212195,PE-RUC,MUNICIPALIDAD PROVINCIAL DE LA MAR - SAN MIGUEL
ocds-dgv273-seacev3-1186253,ocds-dgv273-seacev3-1186253-2026-03-15T10:14:47.142954-05:00,PE-CONSUCODE-200306,20532480397,PE-RUC,GOBIERNO REGIONAL DE MOQUEGUA UNIDAD EJECUTORA SUB REGION DE DESARROLLO ILO Nº 003
ocds-dgv273-seacev3-1186503,ocds-dgv273-seacev3-1186503-2026-03-15T10:14:46.984241-05:00,PE-CONSUCODE-202725,20601012937,PE-RUC,MUNICIPALIDAD DISTRITAL DE VILLA KINTIARINA
ocds-dgv273-seacev3-2026-1819-2,ocds-dgv273-seacev3-2026-1819-2-2026-03-15T10:14:46.970542-05:00,PE-CONSUCODE-1819,20154547411,PE-RUC,MUNICIPALIDAD DISTRITAL DE SAN HILARION
ocds-dgv273-seacev3-2026-1731-5,ocds-dgv273-seacev3-2026-1731-5-2026-03-15T10:14:46.956207-05:00,PE-CONSUCODE-1731,20165195290,PE-RUC,MUNICIPALIDAD PROVINCIAL DE SAN ROMAN - JULIACA
ocds-dgv273-seacev3-2026-1330-3,ocds-dgv273-seacev3-2026-1330-3-2026-03-15T10:14:46.923495-05:00,PE-CONSUCODE-1330,20131372699,PE-RUC,MUNICIPALIDAD DISTRITAL DE PUCUSANA
ocds-dgv273-seacev3-2026-49-60,ocds-dgv273-seacev3-2026-49-60-2026-03-15T10:14:46.846169-05:00,PE-CONSUCODE-49,20406325815,PE-RUC,GOBIERNO REGIONAL DE PUNO SEDE CENTRAL
ocds-dgv273-seacev3-2026-10457-10,ocds-dgv273-seacev3-2026-10457-10-2026-03-15T10:14:46.795564-05:00,PE-CONSUCODE-10457,20444054400,PE-RUC,GOBIERNO REGIONAL DE HUANCAVELICA-HOSPITAL DEPARTAMENTAL DE HUANCAVELICA
ocds-dgv273-seacev3-2026-1995-79,ocds-dgv273-seacev3-2026-1995-79-2026-03-15T10:14:42.515621-05:00,PE-CONSUCODE-1995,20131373075,PE-RUC,SERVICIO NACIONAL DE SANIDAD AGRARIA
ocds-dgv273-seacev3-2026-1160-5,ocds-dgv273-seacev3-2026-1160-5-2026-03-15T10:14:42.456103-05:00,PE-CONSUCODE-1160,20146673776,PE-RUC,MUNICIPALIDAD DISTRITAL DE PANGOA
ocds-dgv273-seacev3-2026-2009-62,ocds-dgv273-seacev3-2026-2009-62-2026-03-15T10:14:41.967995-05:00,PE-CONSUCODE-2009,20527141762,PE-RUC,GOBIERNO REGIONAL DE APURIMAC SEDE CENTRAL
ocds-dgv273-seacev3-2026-200145-1,ocds-dgv273-seacev3-2026-200145-1-2026-03-15T10:14:41.817557-05:00,PE-CONSUCODE-200145,20511035997,PE-RUC,MINCETUR - UNIDAD EJECUTORA DE INVERSIÓN EN COMERCIO EXTERIOR Y TURISMO
ocds-dgv273-seacev3-1191666,ocds-dgv273-seacev3-1191666-2026-03-15T10:14:41.724523-05:00,PE-CONSUCODE-200276,20521286769,PE-RUC,ORGANISMO DE EVALUACION Y FISCALIZACION AMBIENTAL
ocds-dgv273-seacev3-2026-200191-132,ocds-dgv273-seacev3-2026-200191-132-2026-03-15T10:14:41.568554-05:00,PE-CONSUCODE-200191,20132023540,PE-RUC,EMPRESA REGIONAL DE SERVICIO PUBLICO DE ELECTRICIDAD ELECTRO NOR MEDIO SA HIDRANDINA
ocds-dgv273-seacev3-1189723,ocds-dgv273-seacev3-1189723-2026-03-15T10:14:41.526886-05:00,PE-CONSUCODE-10567,20221107137,PE-RUC,GOBIERNO REGIONAL DE PUNO-AGRICULTURA
ocds-dgv273-seacev3-1190245,ocds-dgv273-seacev3-1190245-2026-03-15T10:14:41.447747-05:00,PE-CONSUCODE-200276,20521286769,PE-RUC,ORGANISMO DE EVALUACION Y FISCALIZACION AMBIENTAL
ocds-dgv273-seacev3-1189883,ocds-dgv273-seacev3-1189883-2026-03-15T10:14:40.936499-05:00,PE-CONSUCODE-1713,20145614121,PE-RUC,MUNICIPALIDAD PROVINCIAL DE MELGAR - AYAVIRI
ocds-dgv273-seacev3-2026-200170-12,ocds-dgv273-seacev3-2026-200170-12-2026-03-15T10:14:40.517662-05:00,PE-CONSUCODE-200170,20486391279,PE-RUC,GOBIERNO REGIONAL DE JUNIN  - RED DE SALUD DEL VALLE DEL MANTARO
ocds-dgv273-seacev3-1190199,ocds-dgv273-seacev3-1190199-2026-03-15T10:14:40.477872-05:00,PE-CONSUCODE-200276,20521286769,PE-RUC,ORGANISMO DE EVALUACION Y FISCALIZACION AMBIENTAL
ocds-dgv273-seacev3-1191088,ocds-dgv273-seacev3-1191088-2026-03-15T10:14:40.436703-05:00,PE-CONSUCODE-2381,20102762925,PE-RUC,ENTIDAD PRESTADORA DE SERVICIO DE SANEAMIENTO GRAU S.A.
ocds-dgv273-seacev3-1190387,ocds-dgv273-seacev3-1190387-2026-03-15T10:14:40.122995-05:00,PE-CONSUCODE-35,20452393493,PE-RUC,GOBIERNO REGIONAL DE AYACUCHO SEDE CENTRAL
ocds-dgv273-seacev3-1191885,ocds-dgv273-seacev3-1191885-2026-03-15T10:14:40.050562-05:00,PE-CONSUCODE-200276,20521286769,PE-RUC,ORGANISMO DE EVALUACION Y FISCALIZACION AMBIENTAL
ocds-dgv273-seacev3-1191787,ocds-dgv273-seacev3-1191787-2026-03-15T10:14:39.792240-05:00,PE-CONSUCODE-200276,20521286769,PE-RUC,ORGANISMO DE EVALUACION Y FISCALIZACION AMBIENTAL
ocds-dgv273-seacev3-1191875,ocds-dgv273-seacev3-1191875-2026-03-15T10:14:39.637150-05:00,PE-CONSUCODE-200276,20521286769,PE-RUC,ORGANISMO DE EVALUACION Y FISCALIZACION AMBIENTAL
ocds-dgv273-seacev3-1191867,ocds-dgv273-seacev3-1191867-2026-03-15T10:14:39.623211-05:00,PE-CONSUCODE-200276,20521286769,PE-RUC,ORGANISMO DE EVALUACION Y FISCALIZACION AMBIENTAL
ocds-dgv273-seacev3-1191947,ocds-dgv273-seacev3-1191947-2026-03-15T10:14:39.322970-05:00,PE-CONSUCODE-200262,20525832334,PE-RUC,GOBIERNO REGIONAL DE PIURA-HOSPITAL DE APOYO I SANTA ROSA PIURA
ocds-dgv273-seacev3-2026-1584-35,ocds-dgv273-seacev3-2026-1584-35-2026-03-15T10:14:39.263672-05:00,PE-CONSUCODE-1584,20154477374,PE-RUC,MUNICIPALIDAD PROVINCIAL DE PIURA
ocds-dgv273-seacev3-2026-557-1,ocds-dgv273-seacev3-2026-557-1-2026-03-15T10:14:39.249474-05:00,PE-CONSUCODE-557,20226228200,PE-RUC,MUNICIPALIDAD DISTRITAL DE CHIPAO
ocds-dgv273-seacev3-1190256,ocds-dgv273-seacev3-1190256-2026-03-15T10:14:39.222272-05:00,PE-CONSUCODE-1493,20191636369,PE-RUC,MUNICIPALIDAD DISTRITAL DE CAHUAPANAS
ocds-dgv273-seacev3-1191809,ocds-dgv273-seacev3-1191809-2026-03-15T10:14:39.166164-05:00,PE-CONSUCODE-200276,20521286769,PE-RUC,ORGANISMO DE EVALUACION Y FISCALIZACION AMBIENTAL
ocds-dgv273-seacev3-1190960,ocds-dgv273-seacev3-1190960-2026-03-15T10:14:38.464373-05:00,PE-CONSUCODE-1376,20158939402,PE-RUC,MUNICIPALIDAD DISTRITAL DE SAN LUIS - CANETE
ocds-dgv273-seacev3-1194376,ocds-dgv273-seacev3-1194376-2026-03-15T10:14:38.403488-05:00,PE-CONSUCODE-763,20168076216,PE-RUC,MUNICIPALIDAD DISTRITAL DE SANGARARA
ocds-dgv273-seacev3-1191942,ocds-dgv273-seacev3-1191942-2026-03-15T10:14:38.196707-05:00,PE-CONSUCODE-203646,20602250602,PE-RUC,DIRECCION DE REDES INTEGRADAS DE SALUD LIMA CENTRO
ocds-dgv273-seacev3-1189941,ocds-dgv273-seacev3-1189941-2026-03-15T10:14:38.107579-05:00,PE-CONSUCODE-200276,20521286769,PE-RUC,ORGANISMO DE EVALUACION Y FISCALIZACION AMBIENTAL
ocds-dgv273-seacev3-1188448,ocds-dgv273-seacev3-1188448-2026-03-15T10:14:37.052937-05:00,PE-CONSUCODE-203966,20602398103,PE-RUC,POLICÍA NACIONAL DEL PERÚ - REGIÓN HUÁNUCO - SAN MARTÍN - UCAYALI
ocds-dgv273-seacev3-1187821,ocds-dgv273-seacev3-1187821-2026-03-15T10:14:37.034193-05:00,PE-CONSUCODE-10466,20146038329,PE-RUC,GOBIERNO REGIONAL DE HUANUCO-HOSPITAL DE HUANUCO HERMILIO VALDIZAN
ocds-dgv273-seacev3-1187503,ocds-dgv273-seacev3-1187503-2026-03-15T10:14:37.020044-05:00,PE-CONSUCODE-200276,20521286769,PE-RUC,ORGANISMO DE EVALUACION Y FISCALIZACION AMBIENTAL
ocds-dgv273-seacev3-1187135,ocds-dgv273-seacev3-1187135-2026-03-15T10:14:36.808560-05:00,PE-CONSUCODE-1981,20131371293,PE-RUC,INSTITUTO PERUANO DE ENERGIA NUCLEAR
ocds-dgv273-seacev3-2026-1330-2,ocds-dgv273-seacev3-2026-1330-2-2026-03-15T10:14:36.791701-05:00,PE-CONSUCODE-1330,20131372699,PE-RUC,MUNICIPALIDAD DISTRITAL DE PUCUSANA
ocds-dgv273-seacev3-1187838,ocds-dgv273-seacev3-1187838-2026-03-15T10:14:36.719011-05:00,PE-CONSUCODE-1970,20131369981,PE-RUC,INSTITUTO NACIONAL DE ESTADISTICA
ocds-dgv273-seacev3-2026-270-47,ocds-dgv273-seacev3-2026-270-47-2026-03-15T10:14:36.595621-05:00,PE-CONSUCODE-270,20163065330,PE-RUC,MUNICIPALIDAD PROVINCIAL DE SANTA - CHIMBOTE
ocds-dgv273-seacev3-1187532,ocds-dgv273-seacev3-1187532-2026-03-15T10:14:36.464213-05:00,PE-CONSUCODE-200276,20521286769,PE-RUC,ORGANISMO DE EVALUACION Y FISCALIZACION AMBIENTAL
ocds-dgv273-seacev3-2026-1895-18,ocds-dgv273-seacev3-2026-1895-18-2026-03-15T10:14:36.449873-05:00,PE-CONSUCODE-1895,20177689051,PE-RUC,UNIVERSIDAD NACIONAL DE TUMBES
ocds-dgv273-seacev3-1185826,ocds-dgv273-seacev3-1185826-2026-03-15T10:14:36.115219-05:00,PE-CONSUCODE-793,20159345573,PE-RUC,MUNICIPALIDAD DISTRITAL DE PITUMARCA
ocds-dgv273-seacev3-1187855,ocds-dgv273-seacev3-1187855-2026-03-15T10:14:35.681757-05:00,PE-CONSUCODE-200332,20494981280,PE-RUC,GOBIERNO REGIONAL DE CUSCO - UNIDAD EJECUTORA 406 : RED DE SERVICIOS DE SALUD KIMBIRI-PICHARI
ocds-dgv273-seacev3-2026-993-1,ocds-dgv273-seacev3-2026-993-1-2026-03-15T10:14:35.625170-05:00,PE-CONSUCODE-993,20199856520,PE-RUC,MUNICIPALIDAD DISTRITAL DE MARIANO DAMASO BERAUN - LAS PALMAS
ocds-dgv273-seacev3-2026-1731-11,ocds-dgv273-seacev3-2026-1731-11-2026-03-15T10:14:35.585120-05:00,PE-CONSUCODE-1731,20165195290,PE-RUC,MUNICIPALIDAD PROVINCIAL DE SAN ROMAN - JULIACA
ocds-dgv273-seacev3-1187213,ocds-dgv273-seacev3-1187213-2026-03-15T10:14:35.542552-05:00,PE-CONSUCODE-200276,20521286769,PE-RUC,ORGANISMO DE EVALUACION Y FISCALIZACION AMBIENTAL
ocds-dgv273-seacev3-1187158,ocds-dgv273-seacev3-1187158-2026-03-15T10:14:35.528647-05:00,PE-CONSUCODE-200276,20521286769,PE-RUC,ORGANISMO DE EVALUACION Y FISCALIZACION AMBIENTAL
ocds-dgv273-seacev3-1187113,ocds-dgv273-seacev3-1187113-2026-03-15T10:14:35.514736-05:00,PE-CONSUCODE-200276,20521286769,PE-RUC,ORGANISMO DE EVALUACION Y FISCALIZACION AMBIENTAL
ocds-dgv273-seacev3-2026-1731-21,ocds-dgv273-seacev3-2026-1731-21-2026-03-15T10:14:35.411910-05:00,PE-CONSUCODE-1731,20165195290,PE-RUC,MUNICIPALIDAD PROVINCIAL DE SAN ROMAN - JULIACA
ocds-dgv273-seacev3-2026-1788-1,ocds-dgv273-seacev3-2026-1788-1-2026-03-15T10:14:35.397162-05:00,PE-CONSUCODE-1788,20148155381,PE-RUC,MUNICIPALIDAD DISTRITAL DE PARDO MIGUEL - NARANJOS
ocds-dgv273-seacev3-1187639,ocds-dgv273-seacev3-1187639-2026-03-15T10:14:35.383222-05:00,PE-CONSUCODE-200276,20521286769,PE-RUC,ORGANISMO DE EVALUACION Y FISCALIZACION AMBIENTAL
ocds-dgv273-seacev3-1187636,ocds-dgv273-seacev3-1187636-2026-03-15T10:14:34.909140-05:00,PE-CONSUCODE-200276,20521286769,PE-RUC,ORGANISMO DE EVALUACION Y FISCALIZACION AMBIENTAL
ocds-dgv273-seacev3-1191677,ocds-dgv273-seacev3-1191677-2026-03-15T10:14:30.949812-05:00,PE-CONSUCODE-318,20173249421,PE-RUC,MUNICIPALIDAD DISTRITAL DE CIRCA
ocds-dgv273-seacev3-1190089,ocds-dgv273-seacev3-1190089-2026-03-15T10:14:30.750428-05:00,PE-CONSUCODE-1756,20146806679,PE-RUC,MUNICIPALIDAD PROVINCIAL DE MOYOBAMBA
ocds-dgv273-seacev3-2026-270-28,ocds-dgv273-seacev3-2026-270-28-2026-03-15T10:14:30.727698-05:00,PE-CONSUCODE-270,20163065330,PE-RUC,MUNICIPALIDAD PROVINCIAL DE SANTA - CHIMBOTE
ocds-dgv273-seacev3-2026-10249-39,ocds-dgv273-seacev3-2026-10249-39-2026-03-15T10:14:30.443970-05:00,PE-CONSUCODE-10249,20144364059,PE-RUC,FUERZA AEREA DEL PERU
ocds-dgv273-seacev3-1189424,ocds-dgv273-seacev3-1189424-2026-03-15T10:14:30.343523-05:00,PE-CONSUCODE-200276,20521286769,PE-RUC,ORGANISMO DE EVALUACION Y FISCALIZACION AMBIENTAL
ocds-dgv273-seacev3-1191308,ocds-dgv273-seacev3-1191308-2026-03-15T10:14:30.169290-05:00,PE-CONSUCODE-10468,20409879161,PE-RUC,GOBIERNO REGIONAL DE ICA-AGRICULTURA
ocds-dgv273-seacev3-1190992,ocds-dgv273-seacev3-1190992-2026-03-15T10:14:30.121738-05:00,PE-CONSUCODE-608,20185780342,PE-RUC,MUNICIPALIDAD DISTRITAL DE PAICO
ocds-dgv273-seacev3-1189104,ocds-dgv273-seacev3-1189104-2026-03-15T10:14:29.980161-05:00,PE-CONSUCODE-204810,20108068281,PE-RUC,CAJA DE PENSIONES MILITAR - POLICIAL
ocds-dgv273-seacev3-2026-746-2,ocds-dgv273-seacev3-2026-746-2-2026-03-15T10:14:29.651185-05:00,PE-CONSUCODE-746,20172022279,PE-RUC,MUNICIPALIDAD DISTRITAL DE CARMEN DE LA LEGUA REYNOSO
ocds-dgv273-seacev3-1189711,ocds-dgv273-seacev3-1189711-2026-03-15T10:14:29.414876-05:00,PE-CONSUCODE-10567,20221107137,PE-RUC,GOBIERNO REGIONAL DE PUNO-AGRICULTURA
ocds-dgv273-seacev3-1191523,ocds-dgv273-seacev3-1191523-2026-03-15T10:14:29.347123-05:00,PE-CONSUCODE-200276,20521286769,PE-RUC,ORGANISMO DE EVALUACION Y FISCALIZACION AMBIENTAL
ocds-dgv273-seacev3-1184439,ocds-dgv273-seacev3-1184439-2026-03-15T10:14:28.960565-05:00,PE-CONSUCODE-1309,20131378620,PE-RUC,MUNICIPALIDAD DISTRITAL DE ATE - VITARTE
ocds-dgv273-seacev3-1191419,ocds-dgv273-seacev3-1191419-2026-03-15T10:14:28.900732-05:00,PE-CONSUCODE-10008,20203531550,PE-RUC,HOSPITAL PUENTE PIEDRA - CARLOS LANFRANCO LA HOZ - CLL4
ocds-dgv273-seacev3-2026-90-1,ocds-dgv273-seacev3-2026-90-1-2026-03-15T10:14:28.261596-05:00,PE-CONSUCODE-90,20220669603,PE-RUC,MUNICIPALIDAD DISTRITAL DE ARAMANGO
ocds-dgv273-seacev3-1189828,ocds-dgv273-seacev3-1189828-2026-03-15T10:14:28.089031-05:00,PE-CONSUCODE-200276,20521286769,PE-RUC,ORGANISMO DE EVALUACION Y FISCALIZACION AMBIENTAL
ocds-dgv273-seacev3-1190168,ocds-dgv273-seacev3-1190168-2026-03-15T10:14:27.769131-05:00,PE-CONSUCODE-200276,20521286769,PE-RUC,ORGANISMO DE EVALUACION Y FISCALIZACION AMBIENTAL
ocds-dgv273-seacev3-2026-1609-1,ocds-dgv273-seacev3-2026-1609-1-2026-03-15T10:14:25.975598-05:00,PE-CONSUCODE-1609,20146733698,PE-RUC,MUNICIPALIDAD DISTRITAL DE SONDOR
ocds-dgv273-seacev3-2026-42031-9,ocds-dgv273-seacev3-2026-42031-9-2026-03-15T10:14:25.961426-05:00,PE-CONSUCODE-201585,20600283015,PE-RUC,INSTITUTO NACIONAL DE CALIDAD - INACAL
ocds-dgv273-seacev3-1188102,ocds-dgv273-seacev3-1188102-2026-03-15T10:14:25.759980-05:00,PE-CONSUCODE-541,20143109241,PE-RUC,MUNICIPALIDAD DISTRITAL DE LURICOCHA
ocds-dgv273-seacev3-2026-10438-3,ocds-dgv273-seacev3-2026-10438-3-2026-03-15T10:14:25.738922-05:00,PE-CONSUCODE-10438,20326144852,PE-RUC,GOBIERNO REGIONAL DE CAJAMARCA-EDUCACION CUTERVO
ocds-dgv273-seacev3-1188320,ocds-dgv273-seacev3-1188320-2026-03-15T10:14:25.644758-05:00,PE-CONSUCODE-1336,20131373741,PE-RUC,MUNICIPALIDAD DISTRITAL DE SAN BORJA
ocds-dgv273-seacev3-1187149,ocds-dgv273-seacev3-1187149-2026-03-15T10:14:25.623731-05:00,PE-CONSUCODE-200276,20521286769,PE-RUC,ORGANISMO DE EVALUACION Y FISCALIZACION AMBIENTAL
ocds-dgv273-seacev3-1186977,ocds-dgv273-seacev3-1186977-2026-03-15T10:14:25.599602-05:00,PE-CONSUCODE-200276,20521286769,PE-RUC,ORGANISMO DE EVALUACION Y FISCALIZACION AMBIENTAL
ocds-dgv273-seacev3-2026-10249-72,ocds-dgv273-seacev3-2026-10249-72-2026-03-15T10:14:25.532134-05:00,PE-CONSUCODE-10249,20144364059,PE-RUC,FUERZA AEREA DEL PERU
ocds-dgv273-seacev3-1187950,ocds-dgv273-seacev3-1187950-2026-03-15T10:14:25.486053-05:00,PE-CONSUCODE-42,20440374248,PE-RUC,GOBIERNO REGIONAL DE LA LIBERTAD Sede Central
ocds-dgv273-seacev3-2026-200130-4,ocds-dgv273-seacev3-2026-200130-4-2026-03-15T10:14:25.478936-05:00,PE-CONSUCODE-200130,20393127431,PE-RUC,GOBIERNO REGIONAL DE UCAYALI - DIRECCION DE SALUD Nº 3 ATALAYA
ocds-dgv273-seacev3-2026-192-3,ocds-dgv273-seacev3-2026-192-3-2026-03-15T10:14:24.827170-05:00,PE-CONSUCODE-192,20222120951,PE-RUC,MUNICIPALIDAD DISTRITAL DE ANTA - CARHUAZ
ocds-dgv273-seacev3-1187179,ocds-dgv273-seacev3-1187179-2026-03-15T10:14:24.784286-05:00,PE-CONSUCODE-200276,20521286769,PE-RUC,ORGANISMO DE EVALUACION Y FISCALIZACION AMBIENTAL
ocds-dgv273-seacev3-2026-10457-13,ocds-dgv273-seacev3-2026-10457-13-2026-03-15T10:14:24.770578-05:00,PE-CONSUCODE-10457,20444054400,PE-RUC,GOBIERNO REGIONAL DE HUANCAVELICA-HOSPITAL DEPARTAMENTAL DE HUANCAVELICA
ocds-dgv273-seacev3-2026-1485-1,ocds-dgv273-seacev3-2026-1485-1-2026-03-15T10:14:24.664483-05:00,PE-CONSUCODE-1485,20165973683,PE-RUC,MUNICIPALIDAD DISTRITAL DE NAPO
ocds-dgv273-seacev3-2026-2356-6,ocds-dgv273-seacev3-2026-2356-6-2026-03-15T10:14:24.649420-05:00,PE-CONSUCODE-2356,20162483715,PE-RUC,EMPRESA MUNICIPAL DE AGUA POTABLE Y ALCANTARILLADO DE PISCO
ocds-dgv273-seacev3-1187559,ocds-dgv273-seacev3-1187559-2026-03-15T10:14:24.593079-05:00,PE-CONSUCODE-200276,20521286769,PE-RUC,ORGANISMO DE EVALUACION Y FISCALIZACION AMBIENTAL
ocds-dgv273-seacev3-1187644,ocds-dgv273-seacev3-1187644-2026-03-15T10:14:24.179757-05:00,PE-CONSUCODE-200276,20521286769,PE-RUC,ORGANISMO DE EVALUACION Y FISCALIZACION AMBIENTAL
ocds-dgv273-seacev3-1187641,ocds-dgv273-seacev3-1187641-2026-03-15T10:14:24.165769-05:00,PE-CONSUCODE-200276,20521286769,PE-RUC,ORGANISMO DE EVALUACION Y FISCALIZACION AMBIENTAL
ocds-dgv273-seacev3-1190837,ocds-dgv273-seacev3-1190837-2026-03-15T10:14:19.632613-05:00,PE-CONSUCODE-318,20173249421,PE-RUC,MUNICIPALIDAD DISTRITAL DE CIRCA
ocds-dgv273-seacev3-1190204,ocds-dgv273-seacev3-1190204-2026-03-15T10:14:19.142943-05:00,PE-CONSUCODE-200276,20521286769,PE-RUC,ORGANISMO DE EVALUACION Y FISCALIZACION AMBIENTAL
ocds-dgv273-seacev3-1190739,ocds-dgv273-seacev3-1190739-2026-03-15T10:14:18.990618-05:00,PE-CONSUCODE-422,20173809663,PE-RUC,MUNICIPALIDAD DISTRITAL DE YURA
ocds-dgv273-seacev3-1190220,ocds-dgv273-seacev3-1190220-2026-03-15T10:14:18.860393-05:00,PE-CONSUCODE-200276,20521286769,PE-RUC,ORGANISMO DE EVALUACION Y FISCALIZACION AMBIENTAL
ocds-dgv273-seacev3-1190211,ocds-dgv273-seacev3-1190211-2026-03-15T10:14:18.695949-05:00,PE-CONSUCODE-200276,20521286769,PE-RUC,ORGANISMO DE EVALUACION Y FISCALIZACION AMBIENTAL
ocds-dgv273-seacev3-1189866,ocds-dgv273-seacev3-1189866-2026-03-15T10:14:18.512819-05:00,PE-CONSUCODE-200276,20521286769,PE-RUC,ORGANISMO DE EVALUACION Y FISCALIZACION AMBIENTAL
ocds-dgv273-seacev3-2026-1279-2,ocds-dgv273-seacev3-2026-1279-2-2026-03-15T10:14:18.471064-05:00,PE-CONSUCODE-1279,20191711328,PE-RUC,MUNICIPALIDAD DISTRITAL DE MONSEFU
ocds-dgv273-seacev3-1188245,ocds-dgv273-seacev3-1188245-2026-03-15T10:14:18.463495-05:00,PE-CONSUCODE-202925,20601218471,PE-RUC,GOBIERNO REGIONAL CAJAMARCA SALUD SAN IGNACIO
ocds-dgv273-seacev3-2026-1003042270-1,ocds-dgv273-seacev3-2026-1003042270-1-2026-03-15T10:14:18.330489-05:00,PE-CONSUCODE-205410,20612415413,PE-RUC,GOBIERNO REGIONAL DE PUNO - SALUD SAN ANTONIO DE PUTINA
ocds-dgv273-seacev3-1188038,ocds-dgv273-seacev3-1188038-2026-03-15T10:14:18.309738-05:00,PE-CONSUCODE-205310,20608974661,PE-RUC,GOBIERNO REGIONAL DE AMAZONAS - UGEL INTERCULTURAL BILINGÜE Y RURAL IMAZA - BAGUA
ocds-dgv273-seacev3-1191814,ocds-dgv273-seacev3-1191814-2026-03-15T10:14:18.116450-05:00,PE-CONSUCODE-200276,20521286769,PE-RUC,ORGANISMO DE EVALUACION Y FISCALIZACION AMBIENTAL
ocds-dgv273-seacev3-1191596,ocds-dgv273-seacev3-1191596-2026-03-15T10:14:17.534121-05:00,PE-CONSUCODE-201365,20564325741,PE-RUC,UNIVERSIDAD NACIONAL INTERCULTURAL DE QUILLABAMBA
ocds-dgv273-seacev3-2026-2009-72,ocds-dgv273-seacev3-2026-2009-72-2026-03-15T10:14:17.033433-05:00,PE-CONSUCODE-2009,20527141762,PE-RUC,GOBIERNO REGIONAL DE APURIMAC SEDE CENTRAL
ocds-dgv273-seacev3-1191788,ocds-dgv273-seacev3-1191788-2026-03-15T10:14:16.773089-05:00,PE-CONSUCODE-200276,20521286769,PE-RUC,ORGANISMO DE EVALUACION Y FISCALIZACION AMBIENTAL
ocds-dgv273-seacev3-1187364,ocds-dgv273-seacev3-1187364-2026-03-15T10:14:16.442499-05:00,PE-CONSUCODE-10391,20175865994,PE-RUC,GOBIERNO REGIONAL DE ANCASH-EDUCACION USE HUARI
ocds-dgv273-seacev3-1190431,ocds-dgv273-seacev3-1190431-2026-03-15T10:14:16.369133-05:00,PE-CONSUCODE-10366,20162117379,PE-RUC,PROYECTO ESPECIAL BINACIONAL LAGO TITICACA
ocds-dgv273-seacev3-2026-1471-2,ocds-dgv273-seacev3-2026-1471-2-2026-03-15T10:14:16.327787-05:00,PE-CONSUCODE-1471,20177901963,PE-RUC,MUNICIPALIDAD DISTRITAL DE SUPE
ocds-dgv273-seacev3-1188673,ocds-dgv273-seacev3-1188673-2026-03-15T10:14:16.270849-05:00,PE-CONSUCODE-1713,20145614121,PE-RUC,MUNICIPALIDAD PROVINCIAL DE MELGAR - AYAVIRI
ocds-dgv273-seacev3-1189902,ocds-dgv273-seacev3-1189902-2026-03-15T10:14:16.156884-05:00,PE-CONSUCODE-200276,20521286769,PE-RUC,ORGANISMO DE EVALUACION Y FISCALIZACION AMBIENTAL
ocds-dgv273-seacev3-2026-1216-4,ocds-dgv273-seacev3-2026-1216-4-2026-03-15T10:14:16.103053-05:00,PE-CONSUCODE-1216,20275306721,PE-RUC,MUNICIPALIDAD DISTRITAL DE SARTIMBAMBA
ocds-dgv273-seacev3-2026-10249-34,ocds-dgv273-seacev3-2026-10249-34-2026-03-15T10:14:16.032026-05:00,PE-CONSUCODE-10249,20144364059,PE-RUC,FUERZA AEREA DEL PERU
ocds-dgv273-seacev3-2026-807-2,ocds-dgv273-seacev3-2026-807-2-2026-03-15T10:14:15.357480-05:00,PE-CONSUCODE-807,20147419687,PE-RUC,MUNICIPALIDAD DISTRITAL DE COPORAQUE - ESPINAR
ocds-dgv273-seacev3-1187919,ocds-dgv273-seacev3-1187919-2026-03-15T10:14:14.777710-05:00,PE-CONSUCODE-1305,20163164401,PE-RUC,MUNICIPALIDAD DISTRITAL DE SAN JOSE - LAMBAYEQUE
ocds-dgv273-seacev3-2026-200377-1,ocds-dgv273-seacev3-2026-200377-1-2026-03-15T10:14:14.653618-05:00,PE-CONSUCODE-200377,20529085401,PE-RUC,MUNICIPALIDAD DISTRITAL DE YACUS
ocds-dgv273-seacev3-2026-1645-1,ocds-dgv273-seacev3-2026-1645-1-2026-03-15T10:14:14.517885-05:00,PE-CONSUCODE-1645,20171665141,PE-RUC,MUNICIPALIDAD DISTRITAL DE CRISTO NOS VALGA
ocds-dgv273-seacev3-1188987,ocds-dgv273-seacev3-1188987-2026-03-15T10:14:14.469091-05:00,PE-CONSUCODE-278,20282911915,PE-RUC,MUNICIPALIDAD DISTRITAL DE NUEVO CHIMBOTE
ocds-dgv273-seacev3-2026-878-4,ocds-dgv273-seacev3-2026-878-4-2026-03-15T10:14:14.371554-05:00,PE-CONSUCODE-878,20202510699,PE-RUC,MUNICIPALIDAD DISTRITAL DE MARCAS
ocds-dgv273-seacev3-2026-200405-1,ocds-dgv273-seacev3-2026-200405-1-2026-03-15T10:14:14.343965-05:00,PE-CONSUCODE-200405,20207763820,PE-RUC,MUNICIPALIDAD DISTRITAL CONSTITUCION - PASCO
ocds-dgv273-seacev3-1188696,ocds-dgv273-seacev3-1188696-2026-03-15T10:14:14.239271-05:00,PE-CONSUCODE-200209,20493452241,PE-RUC,MUNICIPALIDAD DISTRITAL DE ANDOAS
ocds-dgv273-seacev3-2026-2436-12,ocds-dgv273-seacev3-2026-2436-12-2026-03-15T10:14:14.168817-05:00,PE-CONSUCODE-2436,20100072751,PE-RUC,EMPRESA PERUANA DE SERVICIO EDITORIALES
ocds-dgv273-seacev3-1188164,ocds-dgv273-seacev3-1188164-2026-03-15T10:14:14.133573-05:00,PE-CONSUCODE-200547,20539637909,PE-RUC,GOBIERNO REGIONAL DE MOQUEGUA - SUB REGION DE DESARROLLO GENERAL SANCHEZ CERRO
ocds-dgv273-seacev3-1186995,ocds-dgv273-seacev3-1186995-2026-03-15T10:14:14.105095-05:00,PE-CONSUCODE-200276,20521286769,PE-RUC,ORGANISMO DE EVALUACION Y FISCALIZACION AMBIENTAL
ocds-dgv273-seacev3-1186336,ocds-dgv273-seacev3-1186336-2026-03-15T10:14:13.831095-05:00,PE-CONSUCODE-371,20205028600,PE-RUC,MUNICIPALIDAD DISTRITAL DE COYLLURQUI
ocds-dgv273-seacev3-1187597,ocds-dgv273-seacev3-1187597-2026-03-15T10:14:13.463983-05:00,PE-CONSUCODE-200276,20521286769,PE-RUC,ORGANISMO DE EVALUACION Y FISCALIZACION AMBIENTAL
ocds-dgv273-seacev3-1187613,ocds-dgv273-seacev3-1187613-2026-03-15T10:14:13.449261-05:00,PE-CONSUCODE-1498,20191636016,PE-RUC,MUNICIPALIDAD DISTRITAL DE PASTAZA
ocds-dgv273-seacev3-1187093,ocds-dgv273-seacev3-1187093-2026-03-15T10:14:13.425878-05:00,PE-CONSUCODE-1825,20488965701,PE-RUC,MUNICIPALIDAD DISTRITAL DE POLVORA
ocds-dgv273-seacev3-1187176,ocds-dgv273-seacev3-1187176-2026-03-15T10:14:13.366954-05:00,PE-CONSUCODE-200276,20521286769,PE-RUC,ORGANISMO DE EVALUACION Y FISCALIZACION AMBIENTAL
ocds-dgv273-seacev3-1187165,ocds-dgv273-seacev3-1187165-2026-03-15T10:14:13.352472-05:00,PE-CONSUCODE-1527,20170258216,PE-RUC,MUNICIPALIDAD DISTRITAL DE INAMBARI
ocds-dgv273-seacev3-1186653,ocds-dgv273-seacev3-1186653-2026-03-15T10:14:13.270302-05:00,PE-CONSUCODE-1606,20147028491,PE-RUC,MUNICIPALIDAD DISTRITAL DE EL CARMEN DE LA FRONTERA - SAPALACHE
ocds-dgv273-seacev3-1187421,ocds-dgv273-seacev3-1187421-2026-03-15T10:14:13.038147-05:00,PE-CONSUCODE-200276,20521286769,PE-RUC,ORGANISMO DE EVALUACION Y FISCALIZACION AMBIENTAL
ocds-dgv273-seacev3-1186114,ocds-dgv273-seacev3-1186114-2026-03-15T10:14:12.825066-05:00,PE-CONSUCODE-850,20147567449,PE-RUC,MUNICIPALIDAD PROVINCIAL DE URUBAMBA
ocds-dgv273-seacev3-1187642,ocds-dgv273-seacev3-1187642-2026-03-15T10:14:12.710052-05:00,PE-CONSUCODE-200276,20521286769,PE-RUC,ORGANISMO DE EVALUACION Y FISCALIZACION AMBIENTAL
ocds-dgv273-seacev3-2026-1903-13,ocds-dgv273-seacev3-2026-1903-13-2026-03-13T10:13:26.255818-05:00,PE-CONSUCODE-1903,20172383531,PE-RUC,UNIVERSIDAD NACIONAL HERMILIO VALDIZAN
ocds-dgv273-seacev3-1189027,ocds-dgv273-seacev3-1189027-2026-03-13T10:12:43.979166-05:00,PE-CONSUCODE-201468,20600004001,PE-RUC,"PROYECTO ESPECIAL DE DESARROLLO DEL VALLE DE LOS RÍO APURIMAC, ENE Y MANTARO- PROVRAEM"
ocds-dgv273-seacev3-1191216,ocds-dgv273-seacev3-1191216-2026-03-12T10:14:59.531646-05:00,PE-CONSUCODE-592,20213832361,PE-RUC,MUNICIPALIDAD DISTRITAL DE SANTIAGO DE LUCANAMARCA
ocds-dgv273-seacev3-1190165,ocds-dgv273-seacev3-1190165-2026-03-12T10:14:58.791907-05:00,PE-CONSUCODE-10351,20162554167,PE-RUC,GOBIERNO REGIONAL DE AREQUIPA - PROYECTO ESPECIAL MAJES-SIGUAS  AUTODEMA
ocds-dgv273-seacev3-1189346,ocds-dgv273-seacev3-1189346-2026-03-12T10:14:58.368931-05:00,PE-CONSUCODE-200014,20526917295,PE-RUC,UNIVERSIDAD NACIONAL AMAZONICA DE MADRE DE DIOS
ocds-dgv273-seacev3-1189853,ocds-dgv273-seacev3-1189853-2026-03-12T10:14:57.677419-05:00,PE-CONSUCODE-1690,20214364612,PE-RUC,MUNICIPALIDAD DISTRITAL DE HUACULLANI
ocds-dgv273-seacev3-1187525,ocds-dgv273-seacev3-1187525-2026-03-12T10:14:54.022702-05:00,PE-CONSUCODE-794,20159340181,PE-RUC,MUNICIPALIDAD DISTRITAL DE SAN PABLO - CANCHIS
ocds-dgv273-seacev3-2026-1374-3,ocds-dgv273-seacev3-2026-1374-3-2026-03-12T10:14:53.807155-05:00,PE-CONSUCODE-1374,20175307711,PE-RUC,MUNICIPALIDAD DISTRITAL DE QUILMANA
ocds-dgv273-seacev3-1188034,ocds-dgv273-seacev3-1188034-2026-03-12T10:14:53.755222-05:00,PE-CONSUCODE-10403,20185898343,PE-RUC,GOBIERNO REGIONAL DE APURIMAC-CHANKA
ocds-dgv273-seacev3-2026-307-15,ocds-dgv273-seacev3-2026-307-15-2026-03-12T10:14:53.745495-05:00,PE-CONSUCODE-307,20189313544,PE-RUC,MUNICIPALIDAD PROVINCIAL DE OCROS
ocds-dgv273-seacev3-1188137,ocds-dgv273-seacev3-1188137-2026-03-12T10:14:53.520469-05:00,PE-CONSUCODE-1307,20131380951,PE-RUC,MUNICIPALIDAD METROPOLITANA DE LIMA
ocds-dgv273-seacev3-1187332,ocds-dgv273-seacev3-1187332-2026-03-12T10:14:53.512205-05:00,PE-CONSUCODE-1718,20230612014,PE-RUC,MUNICIPALIDAD DISTRITAL DE NUÑOA
ocds-dgv273-seacev3-2026-10581-2,ocds-dgv273-seacev3-2026-10581-2-2026-03-12T10:14:53.497817-05:00,PE-CONSUCODE-10581,20363928197,PE-RUC,GOBIERNO REGIONAL DE PUNO-SALUD COLLAO
ocds-dgv273-seacev3-1187001,ocds-dgv273-seacev3-1187001-2026-03-12T10:14:53.458446-05:00,PE-CONSUCODE-842,20226560824,PE-RUC,MUNICIPALIDAD DISTRITAL DE CCATCCA
ocds-dgv273-seacev3-2026-1593-31,ocds-dgv273-seacev3-2026-1593-31-2026-03-12T10:14:52.391156-05:00,PE-CONSUCODE-1593,20161350461,PE-RUC,MUNICIPALIDAD PROVINCIAL DE AYABACA
ocds-dgv273-seacev3-2026-1730-2,ocds-dgv273-seacev3-2026-1730-2-2026-03-12T10:14:52.354020-05:00,PE-CONSUCODE-1730,20321809813,PE-RUC,MUNICIPALIDAD DISTRITAL DE ALTO INAMBARI
ocds-dgv273-seacev3-2026-232-7,ocds-dgv273-seacev3-2026-232-7-2026-03-12T10:14:52.132707-05:00,PE-CONSUCODE-232,20146925848,PE-RUC,MUNICIPALIDAD DISTRITAL DE PAMPAROMAS
ocds-dgv273-seacev3-1190809,ocds-dgv273-seacev3-1190809-2026-03-12T10:14:46.205712-05:00,PE-CONSUCODE-224,20166544000,PE-RUC,MUNICIPALIDAD DISTRITAL DE SAN MARCOS
ocds-dgv273-seacev3-2026-1651-1,ocds-dgv273-seacev3-2026-1651-1-2026-03-12T10:14:46.049717-05:00,PE-CONSUCODE-1651,20161255638,PE-RUC,MUNICIPALIDAD DISTRITAL DE ATUNCOLLA
ocds-dgv273-seacev3-1188984,ocds-dgv273-seacev3-1188984-2026-03-12T10:14:43.301749-05:00,PE-CONSUCODE-2360,20126850680,PE-RUC,EMPRESA MUNICIPAL DE SERVICIO DE AGUA POTABLE Y ALCANTARILLADO DE HUANUCO
ocds-dgv273-seacev3-2026-809-9,ocds-dgv273-seacev3-2026-809-9-2026-03-12T10:14:43.171832-05:00,PE-CONSUCODE-809,20222360677,PE-RUC,MUNICIPALIDAD DISTRITAL DE PALLPATA
ocds-dgv273-seacev3-2026-823-1,ocds-dgv273-seacev3-2026-823-1-2026-03-12T10:14:42.933764-05:00,PE-CONSUCODE-823,20159308708,PE-RUC,MUNICIPALIDAD PROVINCIAL DE PARURO
ocds-dgv273-seacev3-1187363,ocds-dgv273-seacev3-1187363-2026-03-12T10:14:42.485153-05:00,PE-CONSUCODE-964,20189021764,PE-RUC,MUNICIPALIDAD DISTRITAL DE HUACAR
ocds-dgv273-seacev3-2026-307-2,ocds-dgv273-seacev3-2026-307-2-2026-03-12T10:14:42.355159-05:00,PE-CONSUCODE-307,20189313544,PE-RUC,MUNICIPALIDAD PROVINCIAL DE OCROS
ocds-dgv273-seacev3-2026-279-1,ocds-dgv273-seacev3-2026-279-1-2026-03-12T10:14:37.138590-05:00,PE-CONSUCODE-279,20188754890,PE-RUC,MUNICIPALIDAD PROVINCIAL DE SIHUAS
ocds-dgv273-seacev3-2026-241-1,ocds-dgv273-seacev3-2026-241-1-2026-03-12T10:14:35.568675-05:00,PE-CONSUCODE-241,20286864806,PE-RUC,MUNICIPALIDAD DISTRITAL DE LLAMA - MARISCAL LUZURIAGA
ocds-dgv273-seacev3-1188986,ocds-dgv273-seacev3-1188986-2026-03-12T10:14:33.531253-05:00,PE-CONSUCODE-2360,20126850680,PE-RUC,EMPRESA MUNICIPAL DE SERVICIO DE AGUA POTABLE Y ALCANTARILLADO DE HUANUCO
ocds-dgv273-seacev3-1188470,ocds-dgv273-seacev3-1188470-2026-03-12T10:14:33.047765-05:00,PE-CONSUCODE-753,20159386253,PE-RUC,MUNICIPALIDAD DISTRITAL DE SAN JERONIMO - CUSCO
ocds-dgv273-seacev3-1188013,ocds-dgv273-seacev3-1188013-2026-03-12T10:14:31.968992-05:00,PE-CONSUCODE-764,20200953691,PE-RUC,MUNICIPALIDAD PROVINCIAL DE ANTA
ocds-dgv273-seacev3-1187908,ocds-dgv273-seacev3-1187908-2026-03-12T10:14:31.836134-05:00,PE-CONSUCODE-704,20326259081,PE-RUC,MUNICIPALIDAD DISTRITAL DE NAMBALLE
ocds-dgv273-seacev3-1186032,ocds-dgv273-seacev3-1186032-2026-03-12T10:14:31.487589-05:00,PE-CONSUCODE-10353,20148346055,PE-RUC,GOBIERNO REGIONAL DE LAMBAYEQUE - PROYECTO ESPECIAL OLMOS - TINAJONES
ocds-dgv273-seacev3-2026-1333-4,ocds-dgv273-seacev3-2026-1333-4-2026-03-12T10:14:26.016307-05:00,PE-CONSUCODE-1333,20131366532,PE-RUC,MUNICIPALIDAD DISTRITAL DE PUNTA NEGRA
ocds-dgv273-seacev3-2026-200070-1,ocds-dgv273-seacev3-2026-200070-1-2026-03-12T10:14:25.696961-05:00,PE-CONSUCODE-200070,20483997541,PE-RUC,GOBIERNO REGIONAL DE PIURA-HOSPITAL DE APOYO I CHULUCANAS
ocds-dgv273-seacev3-1190188,ocds-dgv273-seacev3-1190188-2026-03-12T10:14:25.230396-05:00,PE-CONSUCODE-941,20165762470,PE-RUC,MUNICIPALIDAD PROVINCIAL DE CHURCAMPA
ocds-dgv273-seacev3-1191671,ocds-dgv273-seacev3-1191671-2026-03-12T10:14:21.428477-05:00,PE-CONSUCODE-1710,20198827054,PE-RUC,MUNICIPALIDAD DISTRITAL DE PUCARA - LAMPA
ocds-dgv273-seacev3-1188284,ocds-dgv273-seacev3-1188284-2026-03-12T10:14:20.758817-05:00,PE-CONSUCODE-369,20161096068,PE-RUC,MUNICIPALIDAD PROVINCIAL DE COTABAMBAS - TAMBOBAMBA
ocds-dgv273-seacev3-2026-1752-2,ocds-dgv273-seacev3-2026-1752-2-2026-03-12T10:14:20.726671-05:00,PE-CONSUCODE-1752,20199932561,PE-RUC,MUNICIPALIDAD PROVINCIAL DE MOHO
ocds-dgv273-seacev3-1187560,ocds-dgv273-seacev3-1187560-2026-03-12T10:14:20.434488-05:00,PE-CONSUCODE-35,20452393493,PE-RUC,GOBIERNO REGIONAL DE AYACUCHO SEDE CENTRAL
ocds-dgv273-seacev3-2026-307-3,ocds-dgv273-seacev3-2026-307-3-2026-03-12T10:14:20.261790-05:00,PE-CONSUCODE-307,20189313544,PE-RUC,MUNICIPALIDAD PROVINCIAL DE OCROS
ocds-dgv273-seacev3-1186362,ocds-dgv273-seacev3-1186362-2026-03-12T10:14:20.217116-05:00,PE-CONSUCODE-1690,20214364612,PE-RUC,MUNICIPALIDAD DISTRITAL DE HUACULLANI
ocds-dgv273-seacev3-2026-2356-7,ocds-dgv273-seacev3-2026-2356-7-2026-03-12T10:14:19.686084-05:00,PE-CONSUCODE-2356,20162483715,PE-RUC,EMPRESA MUNICIPAL DE AGUA POTABLE Y ALCANTARILLADO DE PISCO
ocds-dgv273-seacev3-1186702,ocds-dgv273-seacev3-1186702-2026-03-12T10:14:19.545168-05:00,PE-CONSUCODE-894,20146911979,PE-RUC,MUNICIPALIDAD PROVINCIAL DE CASTROVIRREYNA
ocds-dgv273-seacev3-1186370,ocds-dgv273-seacev3-1186370-2026-03-12T10:14:19.537784-05:00,PE-CONSUCODE-205210,20611816953,PE-RUC,AUTORIDAD NACIONAL DE INFRAESTRUCTURA
ocds-dgv273-seacev3-1189772,ocds-dgv273-seacev3-1189772-2026-03-12T10:14:16.424845-05:00,PE-CONSUCODE-1983,20131369477,PE-RUC,INSTITUTO TECNOLOGICO DE LA PRODUCCION
ocds-dgv273-seacev3-2026-552-4,ocds-dgv273-seacev3-2026-552-4-2026-03-12T10:14:14.697133-05:00,PE-CONSUCODE-552,20143082297,PE-RUC,MUNICIPALIDAD PROVINCIAL DE LUCANAS - PUQUIO
ocds-dgv273-seacev3-1188555,ocds-dgv273-seacev3-1188555-2026-03-12T10:14:14.205826-05:00,PE-CONSUCODE-1206,20216644990,PE-RUC,MUNICIPALIDAD DISTRITAL DE LONGOTEA
ocds-dgv273-seacev3-1187530,ocds-dgv273-seacev3-1187530-2026-03-12T10:14:10.768529-05:00,PE-CONSUCODE-1663,20172499679,PE-RUC,MUNICIPALIDAD PROVINCIAL DE AZANGARO
ocds-dgv273-seacev3-2026-1303-1,ocds-dgv273-seacev3-2026-1303-1-2026-03-12T10:14:10.552490-05:00,PE-CONSUCODE-1303,20147103370,PE-RUC,MUNICIPALIDAD DISTRITAL DE PACORA
ocds-dgv273-seacev3-2026-10466-18,ocds-dgv273-seacev3-2026-10466-18-2026-03-12T10:14:10.544737-05:00,PE-CONSUCODE-10466,20146038329,PE-RUC,GOBIERNO REGIONAL DE HUANUCO-HOSPITAL DE HUANUCO HERMILIO VALDIZAN
ocds-dgv273-seacev3-1187478,ocds-dgv273-seacev3-1187478-2026-03-12T10:14:09.602571-05:00,PE-CONSUCODE-10466,20146038329,PE-RUC,GOBIERNO REGIONAL DE HUANUCO-HOSPITAL DE HUANUCO HERMILIO VALDIZAN
ocds-dgv273-seacev3-1187878,ocds-dgv273-seacev3-1187878-2026-03-12T10:14:09.251010-05:00,PE-CONSUCODE-10212,20162041291,PE-RUC,HOSPITAL DE APOYO DEPARTAMENTAL MARIA AUXILIADORA
ocds-dgv273-seacev3-1187727,ocds-dgv273-seacev3-1187727-2026-03-12T10:14:09.182655-05:00,PE-CONSUCODE-10204,20153219118,PE-RUC,HOSPITAL NACIONAL HIPOLITO UNANUE
ocds-dgv273-seacev3-1187645,ocds-dgv273-seacev3-1187645-2026-03-12T10:14:09.148536-05:00,PE-CONSUCODE-1998,20131016396,PE-RUC,SUPERINTENDENCIA DEL MERCADO DE VALORES
ocds-dgv273-seacev3-1186850,ocds-dgv273-seacev3-1186850-2026-03-12T10:14:08.872078-05:00,PE-CONSUCODE-35,20452393493,PE-RUC,GOBIERNO REGIONAL DE AYACUCHO SEDE CENTRAL
ocds-dgv273-seacev3-2026-1129-1,ocds-dgv273-seacev3-2026-1129-1-2026-03-12T10:14:04.194839-05:00,PE-CONSUCODE-1129,20280881326,PE-RUC,MUNICIPALIDAD DISTRITAL DE LEONOR ORDO¥EZ
ocds-dgv273-seacev3-1189842,ocds-dgv273-seacev3-1189842-2026-03-12T10:14:03.893372-05:00,PE-CONSUCODE-1690,20214364612,PE-RUC,MUNICIPALIDAD DISTRITAL DE HUACULLANI
ocds-dgv273-seacev3-1188017,ocds-dgv273-seacev3-1188017-2026-03-12T10:14:01.922155-05:00,PE-CONSUCODE-1593,20161350461,PE-RUC,MUNICIPALIDAD PROVINCIAL DE AYABACA
ocds-dgv273-seacev3-1187147,ocds-dgv273-seacev3-1187147-2026-03-12T10:13:59.868440-05:00,PE-CONSUCODE-204950,20608551698,PE-RUC,PROGRAMA NACIONAL DE INVESTIGACIÓN CIENTÍFICA Y ESTUDIOS AVANZADOS
ocds-dgv273-seacev3-1188833,ocds-dgv273-seacev3-1188833-2026-03-12T10:13:59.846864-05:00,PE-CONSUCODE-1983,20131369477,PE-RUC,INSTITUTO TECNOLOGICO DE LA PRODUCCION
ocds-dgv273-seacev3-1187474,ocds-dgv273-seacev3-1187474-2026-03-12T10:13:59.171242-05:00,PE-CONSUCODE-10466,20146038329,PE-RUC,GOBIERNO REGIONAL DE HUANUCO-HOSPITAL DE HUANUCO HERMILIO VALDIZAN
ocds-dgv273-seacev3-2026-307-14,ocds-dgv273-seacev3-2026-307-14-2026-03-12T10:13:59.015348-05:00,PE-CONSUCODE-307,20189313544,PE-RUC,MUNICIPALIDAD PROVINCIAL DE OCROS
ocds-dgv273-seacev3-1186755,ocds-dgv273-seacev3-1186755-2026-03-12T10:13:59.002591-05:00,PE-CONSUCODE-17,20131371617,PE-RUC,MINISTERIO DE JUSTICIA Y DERECHOS HUMANOS
ocds-dgv273-seacev3-1186572,ocds-dgv273-seacev3-1186572-2026-03-12T10:13:58.985872-05:00,PE-CONSUCODE-10407,20443070819,PE-RUC,GOBIERNO REGIONAL DE APURIMAC-TRANSPORTES CHANKA
ocds-dgv273-seacev3-1187761,ocds-dgv273-seacev3-1187761-2026-03-12T10:13:58.943253-05:00,PE-CONSUCODE-35,20452393493,PE-RUC,GOBIERNO REGIONAL DE AYACUCHO SEDE CENTRAL
ocds-dgv273-seacev3-1186513,ocds-dgv273-seacev3-1186513-2026-03-12T10:13:58.879991-05:00,PE-CONSUCODE-1955,20131366885,PE-RUC,INTENDENCIA NACIONAL DE BOMBEROS DEL PERÚ
ocds-dgv273-seacev3-1191025,ocds-dgv273-seacev3-1191025-2026-03-11T10:13:30.524890-05:00,PE-CONSUCODE-20002,20172772278,PE-RUC,GOBIERNO REGIONAL DE AYACUCHO - HOSPITAL HUAMANGA
ocds-dgv273-seacev3-1190535,ocds-dgv273-seacev3-1190535-2026-03-11T10:13:30.133050-05:00,PE-CONSUCODE-1873,20170164408,PE-RUC,MUNICIPALIDAD DISTRITAL DE MASISEA
ocds-dgv273-seacev3-1191515,ocds-dgv273-seacev3-1191515-2026-03-11T10:13:29.488983-05:00,PE-CONSUCODE-200276,20521286769,PE-RUC,ORGANISMO DE EVALUACION Y FISCALIZACION AMBIENTAL
ocds-dgv273-seacev3-1189704,ocds-dgv273-seacev3-1189704-2026-03-11T10:13:29.133135-05:00,PE-CONSUCODE-10394,20488336917,PE-RUC,GOBIERNO REGIONAL DE ANCASH-SALUD UTES RECUAY CARHUAZ
ocds-dgv273-seacev3-1189705,ocds-dgv273-seacev3-1189705-2026-03-11T10:13:29.026507-05:00,PE-CONSUCODE-10394,20488336917,PE-RUC,GOBIERNO REGIONAL DE ANCASH-SALUD UTES RECUAY CARHUAZ
ocds-dgv273-seacev3-1188175,ocds-dgv273-seacev3-1188175-2026-03-11T10:13:28.910507-05:00,PE-CONSUCODE-200307,20480780877,PE-RUC,GOBIERNO REGIONAL DE AMAZONAS - UNIDAD EJECUTORA 404 - SALUD UTCUBAMBA
ocds-dgv273-seacev3-1189026,ocds-dgv273-seacev3-1189026-2026-03-11T10:13:27.011683-05:00,PE-CONSUCODE-822,20317337150,PE-RUC,MUNICIPALIDAD DISTRITAL DE PICHARI
ocds-dgv273-seacev3-1191066,ocds-dgv273-seacev3-1191066-2026-03-11T10:13:26.336193-05:00,PE-CONSUCODE-2541,20405479592,PE-RUC,EMPRESA DE SERVICIOS PUBLICOS DE ELECTRICIDAD PUNO  S.A.A.
ocds-dgv273-seacev3-1186847,ocds-dgv273-seacev3-1186847-2026-03-11T10:13:25.596751-05:00,PE-CONSUCODE-10438,20326144852,PE-RUC,GOBIERNO REGIONAL DE CAJAMARCA-EDUCACION CUTERVO
ocds-dgv273-seacev3-2026-1947-164,ocds-dgv273-seacev3-2026-1947-164-2026-03-11T10:13:25.292496-05:00,PE-CONSUCODE-1947,20307167442,PE-RUC,COMISION DE PROMOCION DEL PERU PARA LA EXPORTACION Y EL TURISMO - PROMPERU
ocds-dgv273-seacev3-1187288,ocds-dgv273-seacev3-1187288-2026-03-11T10:13:25.225097-05:00,PE-CONSUCODE-200030,20530688390,PE-RUC,GOBIERNO REGIONAL DE LIMA SEDE CENTRAL
ocds-dgv273-seacev3-1188379,ocds-dgv273-seacev3-1188379-2026-03-11T10:13:25.007619-05:00,PE-CONSUCODE-274,20198090647,PE-RUC,MUNICIPALIDAD DISTRITAL DE NEPEÑA
ocds-dgv273-seacev3-1188611,ocds-dgv273-seacev3-1188611-2026-03-11T10:13:24.892774-05:00,PE-CONSUCODE-339,20172968253,PE-RUC,MUNICIPALIDAD DISTRITAL DE TALAVERA
ocds-dgv273-seacev3-1187173,ocds-dgv273-seacev3-1187173-2026-03-11T10:13:24.744246-05:00,PE-CONSUCODE-1584,20154477374,PE-RUC,MUNICIPALIDAD PROVINCIAL DE PIURA
ocds-dgv273-seacev3-1187907,ocds-dgv273-seacev3-1187907-2026-03-11T10:13:23.647732-05:00,PE-CONSUCODE-204870,20608305808,PE-RUC,MUNICIPALIDAD DISTRITAL DE UNIÓN ASHÁNINKA
ocds-dgv273-seacev3-2026-977-3,ocds-dgv273-seacev3-2026-977-3-2026-03-11T10:13:23.111801-05:00,PE-CONSUCODE-977,20175212095,PE-RUC,MUNICIPALIDAD PROVINCIAL DE HUAMALIES - LLATA
ocds-dgv273-seacev3-2026-987-1,ocds-dgv273-seacev3-2026-987-1-2026-03-11T10:13:23.033622-05:00,PE-CONSUCODE-987,20210735390,PE-RUC,MUNICIPALIDAD DISTRITAL DE TANTAMAYO
ocds-dgv273-seacev3-1190367,ocds-dgv273-seacev3-1190367-2026-03-11T10:13:19.223662-05:00,PE-CONSUCODE-519,20143166717,PE-RUC,MUNICIPALIDAD PROVINCIAL DE CANGALLO
ocds-dgv273-seacev3-1188926,ocds-dgv273-seacev3-1188926-2026-03-11T10:13:16.771065-05:00,PE-CONSUCODE-200262,20525832334,PE-RUC,GOBIERNO REGIONAL DE PIURA-HOSPITAL DE APOYO I SANTA ROSA PIURA
ocds-dgv273-seacev3-1190286,ocds-dgv273-seacev3-1190286-2026-03-11T10:13:16.404720-05:00,PE-CONSUCODE-1793,20154544667,PE-RUC,MUNICIPALIDAD PROVINCIAL DE SAN MARTIN - TARAPOTO
ocds-dgv273-seacev3-1187476,ocds-dgv273-seacev3-1187476-2026-03-11T10:13:15.092257-05:00,PE-CONSUCODE-1718,20230612014,PE-RUC,MUNICIPALIDAD DISTRITAL DE NUÑOA
ocds-dgv273-seacev3-1187811,ocds-dgv273-seacev3-1187811-2026-03-11T10:13:15.014836-05:00,PE-CONSUCODE-200262,20525832334,PE-RUC,GOBIERNO REGIONAL DE PIURA-HOSPITAL DE APOYO I SANTA ROSA PIURA
ocds-dgv273-seacev3-2026-252439-5,ocds-dgv273-seacev3-2026-252439-5-2026-03-11T10:13:13.264287-05:00,PE-CONSUCODE-204990,20608738593,PE-RUC,GOBIERNO REGIONAL DE JUNÍN - INSTITUTO REGIONAL DE ENFERMEDADES NEOPLÁSICAS DEL CENTRO
ocds-dgv273-seacev3-1189175,ocds-dgv273-seacev3-1189175-2026-03-11T10:13:07.704878-05:00,PE-CONSUCODE-1983,20131369477,PE-RUC,INSTITUTO TECNOLOGICO DE LA PRODUCCION
ocds-dgv273-seacev3-1190373,ocds-dgv273-seacev3-1190373-2026-03-11T10:13:04.101996-05:00,PE-CONSUCODE-519,20143166717,PE-RUC,MUNICIPALIDAD PROVINCIAL DE CANGALLO
ocds-dgv273-seacev3-1187862,ocds-dgv273-seacev3-1187862-2026-03-11T10:13:03.427757-05:00,PE-CONSUCODE-200513,20529629355,PE-RUC,CORTE SUPERIOR DE JUSTICIA DE CAJAMARCA
ocds-dgv273-seacev3-1187197,ocds-dgv273-seacev3-1187197-2026-03-11T10:13:02.350448-05:00,PE-CONSUCODE-1341,20131372427,PE-RUC,MUNICIPALIDAD DISTRITAL DE SAN MARTIN DE PORRES
ocds-dgv273-seacev3-1190428,ocds-dgv273-seacev3-1190428-2026-03-11T10:12:58.297528-05:00,PE-CONSUCODE-519,20143166717,PE-RUC,MUNICIPALIDAD PROVINCIAL DE CANGALLO
ocds-dgv273-seacev3-1189854,ocds-dgv273-seacev3-1189854-2026-03-11T10:12:57.353977-05:00,PE-CONSUCODE-1983,20131369477,PE-RUC,INSTITUTO TECNOLOGICO DE LA PRODUCCION
ocds-dgv273-seacev3-1191804,ocds-dgv273-seacev3-1191804-2026-03-11T10:12:56.855217-05:00,PE-CONSUCODE-200276,20521286769,PE-RUC,ORGANISMO DE EVALUACION Y FISCALIZACION AMBIENTAL
ocds-dgv273-seacev3-1191711,ocds-dgv273-seacev3-1191711-2026-03-11T10:12:56.228448-05:00,PE-CONSUCODE-200276,20521286769,PE-RUC,ORGANISMO DE EVALUACION Y FISCALIZACION AMBIENTAL
ocds-dgv273-seacev3-1191464,ocds-dgv273-seacev3-1191464-2026-03-11T10:12:56.019620-05:00,PE-CONSUCODE-200276,20521286769,PE-RUC,ORGANISMO DE EVALUACION Y FISCALIZACION AMBIENTAL
ocds-dgv273-seacev3-1190048,ocds-dgv273-seacev3-1190048-2026-03-11T10:12:55.790189-05:00,PE-CONSUCODE-10436,20368981355,PE-RUC,GOBIERNO REGIONAL DE CAJAMARCA-EDUCACION CAJAMARCA
ocds-dgv273-seacev3-1190063,ocds-dgv273-seacev3-1190063-2026-03-11T10:12:55.608142-05:00,PE-CONSUCODE-1983,20131369477,PE-RUC,INSTITUTO TECNOLOGICO DE LA PRODUCCION
ocds-dgv273-seacev3-1189594,ocds-dgv273-seacev3-1189594-2026-03-11T10:12:55.533774-05:00,PE-CONSUCODE-1328,20131377224,PE-RUC,MUNICIPALIDAD DISTRITAL DE MIRAFLORES - LIMA
ocds-dgv273-seacev3-1189261,ocds-dgv273-seacev3-1189261-2026-03-11T10:12:55.420894-05:00,PE-CONSUCODE-1345,20135890112,PE-RUC,MUNICIPALIDAD DISTRITAL DE SANTA ROSA - LIMA
ocds-dgv273-seacev3-1188026,ocds-dgv273-seacev3-1188026-2026-03-11T10:12:54.730892-05:00,PE-CONSUCODE-1052,20162456408,PE-RUC,MUNICIPALIDAD DISTRITAL DE EL INGENIO
ocds-dgv273-seacev3-1191790,ocds-dgv273-seacev3-1191790-2026-03-11T10:12:54.628658-05:00,PE-CONSUCODE-200276,20521286769,PE-RUC,ORGANISMO DE EVALUACION Y FISCALIZACION AMBIENTAL
ocds-dgv273-seacev3-2026-1172-5,ocds-dgv273-seacev3-2026-1172-5-2026-03-11T10:12:52.169427-05:00,PE-CONSUCODE-1172,20120385004,PE-RUC,MUNICIPALIDAD PROVINCIAL DE YAULI - LA OROYA
ocds-dgv273-seacev3-1187654,ocds-dgv273-seacev3-1187654-2026-03-11T10:12:52.033768-05:00,PE-CONSUCODE-10159,20428696515,PE-RUC,POLICÍA NACIONAL DEL PERÚ - DIRECCIÓN DE AVIACIÓN
ocds-dgv273-seacev3-1186031,ocds-dgv273-seacev3-1186031-2026-03-11T10:12:51.864360-05:00,PE-CONSUCODE-10249,20144364059,PE-RUC,FUERZA AEREA DEL PERU
ocds-dgv273-seacev3-2026-1780-3,ocds-dgv273-seacev3-2026-1780-3-2026-03-11T10:12:51.413162-05:00,PE-CONSUCODE-1780,20222291845,PE-RUC,MUNICIPALIDAD DISTRITAL DE CAMPANILLA
ocds-dgv273-seacev3-2026-1495-1,ocds-dgv273-seacev3-2026-1495-1-2026-03-11T10:12:51.217651-05:00,PE-CONSUCODE-1495,20197990938,PE-RUC,MUNICIPALIDAD DISTRITAL DE LAGUNAS - ALTO AMAZONAS
ocds-dgv273-seacev3-1191519,ocds-dgv273-seacev3-1191519-2026-03-11T10:12:48.290597-05:00,PE-CONSUCODE-200276,20521286769,PE-RUC,ORGANISMO DE EVALUACION Y FISCALIZACION AMBIENTAL
ocds-dgv273-seacev3-2026-413-1,ocds-dgv273-seacev3-2026-413-1-2026-03-11T10:12:48.156790-05:00,PE-CONSUCODE-413,20206428741,PE-RUC,MUNICIPALIDAD DISTRITAL DE SAN JUAN DE TARUCANI
ocds-dgv273-seacev3-2026-1300-4,ocds-dgv273-seacev3-2026-1300-4-2026-03-11T10:12:47.661966-05:00,PE-CONSUCODE-1300,20198667260,PE-RUC,MUNICIPALIDAD DISTRITAL DE MORROPE
ocds-dgv273-seacev3-1191823,ocds-dgv273-seacev3-1191823-2026-03-11T10:12:46.332955-05:00,PE-CONSUCODE-200276,20521286769,PE-RUC,ORGANISMO DE EVALUACION Y FISCALIZACION AMBIENTAL
ocds-dgv273-seacev3-2026-747-4,ocds-dgv273-seacev3-2026-747-4-2026-03-11T10:12:46.320183-05:00,PE-CONSUCODE-747,20131369809,PE-RUC,MUNICIPALIDAD DISTRITAL DE VENTANILLA
ocds-dgv273-seacev3-1188207,ocds-dgv273-seacev3-1188207-2026-03-11T10:12:46.277758-05:00,PE-CONSUCODE-200307,20480780877,PE-RUC,GOBIERNO REGIONAL DE AMAZONAS - UNIDAD EJECUTORA 404 - SALUD UTCUBAMBA
ocds-dgv273-seacev3-1191486,ocds-dgv273-seacev3-1191486-2026-03-11T10:12:46.050678-05:00,PE-CONSUCODE-200276,20521286769,PE-RUC,ORGANISMO DE EVALUACION Y FISCALIZACION AMBIENTAL
ocds-dgv273-seacev3-2026-10579-5,ocds-dgv273-seacev3-2026-10579-5-2026-03-11T10:12:45.084382-05:00,PE-CONSUCODE-10579,20363734074,PE-RUC,GOBIERNO REGIONAL DE PUNO-SALUD CHUCUITO
ocds-dgv273-seacev3-1188438,ocds-dgv273-seacev3-1188438-2026-03-11T10:12:42.555211-05:00,PE-CONSUCODE-544,20189212195,PE-RUC,MUNICIPALIDAD PROVINCIAL DE LA MAR - SAN MIGUEL
ocds-dgv273-seacev3-1187017,ocds-dgv273-seacev3-1187017-2026-03-11T10:12:42.483049-05:00,PE-CONSUCODE-907,20190345344,PE-RUC,MUNICIPALIDAD PROVINCIAL DE TAYACAJA - PAMPAS
ocds-dgv273-seacev3-1186392,ocds-dgv273-seacev3-1186392-2026-03-11T10:12:42.124004-05:00,PE-CONSUCODE-369,20161096068,PE-RUC,MUNICIPALIDAD PROVINCIAL DE COTABAMBAS - TAMBOBAMBA
ocds-dgv273-seacev3-2026-1339-1,ocds-dgv273-seacev3-2026-1339-1-2026-03-11T10:12:42.066005-05:00,PE-CONSUCODE-1339,20131378204,PE-RUC,MUNICIPALIDAD DISTRITAL DE SAN JUAN DE MIRAFLORES
ocds-dgv273-seacev3-1186600,ocds-dgv273-seacev3-1186600-2026-03-11T10:12:41.354367-05:00,PE-CONSUCODE-1182,20174790320,PE-RUC,MUNICIPALIDAD PROVINCIAL DE CHUPACA
ocds-dgv273-seacev3-1188036,ocds-dgv273-seacev3-1188036-2026-03-11T10:12:41.319135-05:00,PE-CONSUCODE-202366,20600739159,PE-RUC,ESCUELA NACIONAL SUPERIOR DE ARTE DRAMATICO - GUILLERMO UGARTE CHAMORRO
ocds-dgv273-seacev3-1187963,ocds-dgv273-seacev3-1187963-2026-03-11T10:12:41.220569-05:00,PE-CONSUCODE-200513,20529629355,PE-RUC,CORTE SUPERIOR DE JUSTICIA DE CAJAMARCA
ocds-dgv273-seacev3-2026-200-1,ocds-dgv273-seacev3-2026-200-1-2026-03-11T10:12:40.844591-05:00,PE-CONSUCODE-200,20174929697,PE-RUC,MUNICIPALIDAD PROVINCIAL DE CASMA
ocds-dgv273-seacev3-1187348,ocds-dgv273-seacev3-1187348-2026-03-11T10:12:40.746271-05:00,PE-CONSUCODE-227,20146925767,PE-RUC,MUNICIPALIDAD PROVINCIAL DE HUAYLAS - CARAZ
ocds-dgv273-seacev3-2026-10465-2,ocds-dgv273-seacev3-2026-10465-2-2026-03-11T10:12:36.802407-05:00,PE-CONSUCODE-10465,20201353875,PE-RUC,GOBIERNO REGIONAL DE HUANUCO-SALUD AIS UTES TINGO MARIA
ocds-dgv273-seacev3-1189907,ocds-dgv273-seacev3-1189907-2026-03-11T10:12:35.091360-05:00,PE-CONSUCODE-721,20194799781,PE-RUC,MUNICIPALIDAD DISTRITAL DE SAN BERNARDINO
ocds-dgv273-seacev3-2026-168713-3,ocds-dgv273-seacev3-2026-168713-3-2026-03-11T10:12:34.677529-05:00,PE-CONSUCODE-203687,20602141625,PE-RUC,GOBIERNO REGIONAL DEL CUSCO UNIDAD DE GESTION EDUCATIVA LOCAL CANAS
ocds-dgv273-seacev3-1188218,ocds-dgv273-seacev3-1188218-2026-03-11T10:12:32.192959-05:00,PE-CONSUCODE-200307,20480780877,PE-RUC,GOBIERNO REGIONAL DE AMAZONAS - UNIDAD EJECUTORA 404 - SALUD UTCUBAMBA
ocds-dgv273-seacev3-1188419,ocds-dgv273-seacev3-1188419-2026-03-11T10:12:31.775492-05:00,PE-CONSUCODE-200344,20537630222,PE-RUC,MINISTERIO DE CULTURA
ocds-dgv273-seacev3-1187788,ocds-dgv273-seacev3-1187788-2026-03-11T10:12:31.476733-05:00,PE-CONSUCODE-814,20159368271,PE-RUC,MUNICIPALIDAD DISTRITAL DE ECHARATI
ocds-dgv273-seacev3-1187857,ocds-dgv273-seacev3-1187857-2026-03-11T10:12:31.014086-05:00,PE-CONSUCODE-1241,20201991057,PE-RUC,MUNICIPALIDAD DISTRITAL DE PIAS
ocds-dgv273-seacev3-1187784,ocds-dgv273-seacev3-1187784-2026-03-11T10:12:30.986893-05:00,PE-CONSUCODE-20002,20172772278,PE-RUC,GOBIERNO REGIONAL DE AYACUCHO - HOSPITAL HUAMANGA
ocds-dgv273-seacev3-2026-10503-4,ocds-dgv273-seacev3-2026-10503-4-2026-03-11T10:12:30.894440-05:00,PE-CONSUCODE-10503,20223149635,PE-RUC,GOBIERNO REGIONAL DE LA LIBERTAD - HOSPITAL REGIONAL DOCENTE DE TRUJILLO
ocds-dgv273-seacev3-2026-977-5,ocds-dgv273-seacev3-2026-977-5-2026-03-11T10:12:30.751754-05:00,PE-CONSUCODE-977,20175212095,PE-RUC,MUNICIPALIDAD PROVINCIAL DE HUAMALIES - LLATA
ocds-dgv273-seacev3-2026-1666-1,ocds-dgv273-seacev3-2026-1666-1-2026-03-11T10:12:30.651653-05:00,PE-CONSUCODE-1666,20200712146,PE-RUC,MUNICIPALIDAD DISTRITAL DE ASILLO
ocds-dgv273-seacev3-1191893,ocds-dgv273-seacev3-1191893-2026-03-08T09:59:30.654973-05:00,PE-CONSUCODE-10249,20144364059,PE-RUC,FUERZA AEREA DEL PERU
ocds-dgv273-seacev3-1191483,ocds-dgv273-seacev3-1191483-2026-03-08T09:59:30.491883-05:00,PE-CONSUCODE-10478,20402597918,PE-RUC,GOBIERNO REGIONAL DE JUNIN-AGRICULTURA
ocds-dgv273-seacev3-2026-1003003359-4,ocds-dgv273-seacev3-2026-1003003359-4-2026-03-08T09:59:29.931744-05:00,PE-CONSUCODE-200825,20556118079,PE-RUC,POLICÍA NACIONAL DEL PERÚ - DIRECCIÓN EJECUTIVA DE INVESTIGACIÓN CRIMINAL Y APOYO A LA JUSTICIA
ocds-dgv273-seacev3-2026-98382-2,ocds-dgv273-seacev3-2026-98382-2-2026-03-08T09:59:29.888592-05:00,PE-CONSUCODE-202525,20569029377,PE-RUC,GOBIERNO REGIONAL HUANCAVELICA-UNIDAD DE GESTION EDUCATIVA LOCAL SURCUBAMBA
ocds-dgv273-seacev3-1188887,ocds-dgv273-seacev3-1188887-2026-03-08T09:59:29.806594-05:00,PE-CONSUCODE-488,20166164789,PE-RUC,MUNICIPALIDAD PROVINCIAL DE ISLAY - MOLLENDO
ocds-dgv273-seacev3-1188357,ocds-dgv273-seacev3-1188357-2026-03-08T09:59:29.725964-05:00,PE-CONSUCODE-753,20159386253,PE-RUC,MUNICIPALIDAD DISTRITAL DE SAN JERONIMO - CUSCO
ocds-dgv273-seacev3-2026-1784-8,ocds-dgv273-seacev3-2026-1784-8-2026-03-08T09:59:29.604700-05:00,PE-CONSUCODE-1784,20148170933,PE-RUC,MUNICIPALIDAD PROVINCIAL DE RIOJA
ocds-dgv273-seacev3-1189307,ocds-dgv273-seacev3-1189307-2026-03-08T09:59:26.021479-05:00,PE-CONSUCODE-1983,20131369477,PE-RUC,INSTITUTO TECNOLOGICO DE LA PRODUCCION
ocds-dgv273-seacev3-1189441,ocds-dgv273-seacev3-1189441-2026-03-08T09:59:25.964422-05:00,PE-CONSUCODE-10521,20437300705,PE-RUC,GOBIERNO REGIONAL DE LAMBAYEQUE-HOSPITAL BELEN - LAMBAYEQUE
ocds-dgv273-seacev3-1188312,ocds-dgv273-seacev3-1188312-2026-03-08T09:59:25.071380-05:00,PE-CONSUCODE-753,20159386253,PE-RUC,MUNICIPALIDAD DISTRITAL DE SAN JERONIMO - CUSCO
ocds-dgv273-seacev3-1191533,ocds-dgv273-seacev3-1191533-2026-03-08T09:59:24.109880-05:00,PE-CONSUCODE-10564,20199860551,PE-RUC,GOBIERNO REGIONAL DE PUNO-PROGRAMA REGIONAL DE RIEGO Y DRENAJE
ocds-dgv273-seacev3-1189209,ocds-dgv273-seacev3-1189209-2026-03-08T09:59:23.124105-05:00,PE-CONSUCODE-44,20493196902,PE-RUC,GOBIERNO REGIONAL DE LORETO SEDE CENTRAL
ocds-dgv273-seacev3-1188716,ocds-dgv273-seacev3-1188716-2026-03-08T09:59:22.780801-05:00,PE-CONSUCODE-10427,20365228109,PE-RUC,GOBIERNO REGIONAL DE AYACUCHO-TRANSPORTES
ocds-dgv273-seacev3-2026-10248-46,ocds-dgv273-seacev3-2026-10248-46-2026-03-08T09:59:22.250580-05:00,PE-CONSUCODE-10248,20153408191,PE-RUC,MARINA DE GUERRA DEL PERU
ocds-dgv273-seacev3-2026-1018-1,ocds-dgv273-seacev3-2026-1018-1-2026-03-08T09:59:22.184026-05:00,PE-CONSUCODE-1018,20198440052,PE-RUC,MUNICIPALIDAD DISTRITAL DE JACAS CHICO
ocds-dgv273-seacev3-2026-1852-2,ocds-dgv273-seacev3-2026-1852-2-2026-03-08T09:59:22.096171-05:00,PE-CONSUCODE-1852,20171895147,PE-RUC,MUNICIPALIDAD DISTRITAL DE ILABAYA
ocds-dgv273-seacev3-1187013,ocds-dgv273-seacev3-1187013-2026-03-08T09:59:21.893836-05:00,PE-CONSUCODE-907,20190345344,PE-RUC,MUNICIPALIDAD PROVINCIAL DE TAYACAJA - PAMPAS
ocds-dgv273-seacev3-1187279,ocds-dgv273-seacev3-1187279-2026-03-08T09:59:21.143502-05:00,PE-CONSUCODE-200575,20393274655,PE-RUC,GOBIERNO REGIONAL DE UCAYALI - UNIDAD EJECUTORA 303 EDUCACION CORONEL PORTILLO
ocds-dgv273-seacev3-1186473,ocds-dgv273-seacev3-1186473-2026-03-08T09:59:20.967844-05:00,PE-CONSUCODE-200560,20551239692,PE-RUC,SUPERINTENDENCIA NACIONAL DE MIGRACIONES
ocds-dgv273-seacev3-2026-168711-2,ocds-dgv273-seacev3-2026-168711-2-2026-03-08T09:59:20.908648-05:00,PE-CONSUCODE-203686,20601845335,PE-RUC,GOBIERNO REGIONAL DE UCAYALI RED DE SALUD N° 01 CORONEL PORTILLO
ocds-dgv273-seacev3-1190022,ocds-dgv273-seacev3-1190022-2026-03-08T09:59:17.840831-05:00,PE-CONSUCODE-10208,20154528971,PE-RUC,HOSPITAL CAYETANO HEREDIA
ocds-dgv273-seacev3-1189799,ocds-dgv273-seacev3-1189799-2026-03-08T09:59:17.548795-05:00,PE-CONSUCODE-203286,20487671097,PE-RUC,GOBIERNO REGIONAL DE AMAZONAS  - DIRECCION DE RED DE SALUD CONDORCANQUI
ocds-dgv273-seacev3-1190417,ocds-dgv273-seacev3-1190417-2026-03-08T09:59:17.157037-05:00,PE-CONSUCODE-882,20154441779,PE-RUC,MUNICIPALIDAD PROVINCIAL DE ANGARAES - LIRCAY
ocds-dgv273-seacev3-2026-168715-9,ocds-dgv273-seacev3-2026-168715-9-2026-03-08T09:59:17.049634-05:00,PE-CONSUCODE-203688,20602114075,PE-RUC,GOBIERNO REGIONAL DEL CUSCO UNIDAD EJECUTORA 411 SALUD CHUMBIVILCAS
ocds-dgv273-seacev3-2026-10249-70,ocds-dgv273-seacev3-2026-10249-70-2026-03-08T09:59:16.324026-05:00,PE-CONSUCODE-10249,20144364059,PE-RUC,FUERZA AEREA DEL PERU
ocds-dgv273-seacev3-1188240,ocds-dgv273-seacev3-1188240-2026-03-08T09:59:15.846950-05:00,PE-CONSUCODE-753,20159386253,PE-RUC,MUNICIPALIDAD DISTRITAL DE SAN JERONIMO - CUSCO
ocds-dgv273-seacev3-1190354,ocds-dgv273-seacev3-1190354-2026-03-08T09:59:14.205074-05:00,PE-CONSUCODE-10479,20401788990,PE-RUC,GOBIERNO REGIONAL DE JUNIN-TRANSPORTES
ocds-dgv273-seacev3-1189142,ocds-dgv273-seacev3-1189142-2026-03-08T09:59:14.184625-05:00,PE-CONSUCODE-2408,20119205949,PE-RUC,EMPRESA REGIONAL DE SERVICIO PUBLICO DE ELECTRICIDAD - ELECTROSUR S.A.
ocds-dgv273-seacev3-2026-763-3,ocds-dgv273-seacev3-2026-763-3-2026-03-08T09:59:14.142627-05:00,PE-CONSUCODE-763,20168076216,PE-RUC,MUNICIPALIDAD DISTRITAL DE SANGARARA
ocds-dgv273-seacev3-1189187,ocds-dgv273-seacev3-1189187-2026-03-08T09:59:14.122940-05:00,PE-CONSUCODE-40,20489250731,PE-RUC,GOBIERNO REGIONAL DE HUANUCO SEDE CENTRAL
ocds-dgv273-seacev3-2026-200097-27,ocds-dgv273-seacev3-2026-200097-27-2026-03-08T09:59:13.064926-05:00,PE-CONSUCODE-200097,20518396332,PE-RUC,GOBIERNO REGIONAL METROPOLITANO DE LIMA
ocds-dgv273-seacev3-1188880,ocds-dgv273-seacev3-1188880-2026-03-08T09:59:12.958591-05:00,PE-CONSUCODE-1983,20131369477,PE-RUC,INSTITUTO TECNOLOGICO DE LA PRODUCCION
ocds-dgv273-seacev3-1187858,ocds-dgv273-seacev3-1187858-2026-03-08T09:59:12.647965-05:00,PE-CONSUCODE-10170,20331166830,PE-RUC,UNIDAD DE GESTION EDUCATIVA LOCAL UGEL 05 - SAN JUAN DE LURIGANCHO
ocds-dgv273-seacev3-1186676,ocds-dgv273-seacev3-1186676-2026-03-08T09:59:12.613736-05:00,PE-CONSUCODE-786,20220549292,PE-RUC,MUNICIPALIDAD DISTRITAL DE PAMPAMARCA - CANAS
ocds-dgv273-seacev3-2026-10397-1,ocds-dgv273-seacev3-2026-10397-1-2026-03-08T09:59:12.593008-05:00,PE-CONSUCODE-10397,20186206852,PE-RUC,GOBIERNO REGIONAL DE ANCASH-SALUD UTES LA CALETA
ocds-dgv273-seacev3-1187882,ocds-dgv273-seacev3-1187882-2026-03-08T09:59:11.988183-05:00,PE-CONSUCODE-369,20161096068,PE-RUC,MUNICIPALIDAD PROVINCIAL DE COTABAMBAS - TAMBOBAMBA
ocds-dgv273-seacev3-2026-1272-9,ocds-dgv273-seacev3-2026-1272-9-2026-03-08T09:59:11.708946-05:00,PE-CONSUCODE-1272,20204639028,PE-RUC,MUNICIPALIDAD DISTRITAL DE CHAO
ocds-dgv273-seacev3-1186435,ocds-dgv273-seacev3-1186435-2026-03-08T09:59:08.712979-05:00,PE-CONSUCODE-200150,20489252601,PE-RUC,GOBIERNO REGIONAL DE HUANUCO - UNIDAD EJECUTORA 403 SALUD LEONCIO PRADO
ocds-dgv273-seacev3-1189128,ocds-dgv273-seacev3-1189128-2026-03-08T09:59:07.932042-05:00,PE-CONSUCODE-1983,20131369477,PE-RUC,INSTITUTO TECNOLOGICO DE LA PRODUCCION
ocds-dgv273-seacev3-2026-200152-1,ocds-dgv273-seacev3-2026-200152-1-2026-03-08T09:59:07.580588-05:00,PE-CONSUCODE-200152,20232820111,PE-RUC,MUNICIPALIDAD DISTRITAL DE HUEPETUHE
ocds-dgv273-seacev3-1190625,ocds-dgv273-seacev3-1190625-2026-03-08T09:59:06.615520-05:00,PE-CONSUCODE-204448,20604932964,PE-RUC,AUTORIDAD DE TRANSPORTE URBANO PARA LIMA Y CALLAO
ocds-dgv273-seacev3-2026-2543-114,ocds-dgv273-seacev3-2026-2543-114-2026-03-08T09:59:04.927526-05:00,PE-CONSUCODE-2543,20131257750,PE-RUC,SEGURO SOCIAL DE SALUD
ocds-dgv273-seacev3-1186811,ocds-dgv273-seacev3-1186811-2026-03-08T09:59:03.886178-05:00,PE-CONSUCODE-797,20181709066,PE-RUC,MUNICIPALIDAD PROVINCIAL DE CHUMBIVILCAS - SANTO TOMAS
ocds-dgv273-seacev3-2026-520-1,ocds-dgv273-seacev3-2026-520-1-2026-03-08T09:59:03.710491-05:00,PE-CONSUCODE-520,20232797038,PE-RUC,MUNICIPALIDAD DISTRITAL DE CHUSCHI
ocds-dgv273-seacev3-1186520,ocds-dgv273-seacev3-1186520-2026-03-08T09:59:03.621921-05:00,PE-CONSUCODE-2406,20103795631,PE-RUC,EMPRESA REGIONAL DE SERVICIOS PUBLICOS DE ELECTRICIDAD DEL ORIENTE
ocds-dgv273-seacev3-1187544,ocds-dgv273-seacev3-1187544-2026-03-08T09:59:03.076790-05:00,PE-CONSUCODE-721,20194799781,PE-RUC,MUNICIPALIDAD DISTRITAL DE SAN BERNARDINO
ocds-dgv273-seacev3-1186948,ocds-dgv273-seacev3-1186948-2026-03-08T09:59:02.760707-05:00,PE-CONSUCODE-49,20406325815,PE-RUC,GOBIERNO REGIONAL DE PUNO SEDE CENTRAL
ocds-dgv273-seacev3-1186234,ocds-dgv273-seacev3-1186234-2026-03-08T09:59:02.687761-05:00,PE-CONSUCODE-1247,20219792957,PE-RUC,MUNICIPALIDAD DISTRITAL DE CACHICADAN
ocds-dgv273-seacev3-1186754,ocds-dgv273-seacev3-1186754-2026-03-08T09:59:02.574826-05:00,PE-CONSUCODE-907,20190345344,PE-RUC,MUNICIPALIDAD PROVINCIAL DE TAYACAJA - PAMPAS
ocds-dgv273-seacev3-1186544,ocds-dgv273-seacev3-1186544-2026-03-08T09:59:02.453526-05:00,PE-CONSUCODE-403,20170422971,PE-RUC,MUNICIPALIDAD DISTRITAL DE MARIANO MELGAR
ocds-dgv273-seacev3-1191422,ocds-dgv273-seacev3-1191422-2026-03-07T10:05:22.345561-05:00,PE-CONSUCODE-10249,20144364059,PE-RUC,FUERZA AEREA DEL PERU
ocds-dgv273-seacev3-1191078,ocds-dgv273-seacev3-1191078-2026-03-07T10:05:21.834543-05:00,PE-CONSUCODE-1271,20166028842,PE-RUC,MUNICIPALIDAD PROVINCIAL DE VIRU
ocds-dgv273-seacev3-1188099,ocds-dgv273-seacev3-1188099-2026-03-07T10:05:20.674066-05:00,PE-CONSUCODE-10354,20156046974,PE-RUC,MINAG - PROYECTO ESPECIAL JEQUETEPEQUE - ZAÑA
ocds-dgv273-seacev3-2026-1735-18,ocds-dgv273-seacev3-2026-1735-18-2026-03-07T10:05:20.619701-05:00,PE-CONSUCODE-1735,20192146641,PE-RUC,MUNICIPALIDAD PROVINCIAL DE YUNGUYO
ocds-dgv273-seacev3-2026-200367-4,ocds-dgv273-seacev3-2026-200367-4-2026-03-07T10:05:20.542492-05:00,PE-CONSUCODE-200367,20490338773,PE-RUC,GOBIERNO REGIONAL DE APURIMAC-GERENCIA SUBREGIONAL CHINCHEROS
ocds-dgv273-seacev3-2026-1877-6,ocds-dgv273-seacev3-2026-1877-6-2026-03-07T10:05:20.366878-05:00,PE-CONSUCODE-1877,20171714371,PE-RUC,MUNICIPALIDAD PROVINCIAL DE ATALAYA - RAYMONDI
ocds-dgv273-seacev3-2026-302-19,ocds-dgv273-seacev3-2026-302-19-2026-03-07T10:05:20.231335-05:00,PE-CONSUCODE-302,20142747155,PE-RUC,MUNICIPALIDAD PROVINCIAL DE HUARMEY
ocds-dgv273-seacev3-1189570,ocds-dgv273-seacev3-1189570-2026-03-07T10:05:18.596473-05:00,PE-CONSUCODE-204266,20603799373,PE-RUC,SERVICIOS DE SANEAMIENTO TUMBES
ocds-dgv273-seacev3-1187926,ocds-dgv273-seacev3-1187926-2026-03-07T10:05:14.780688-05:00,PE-CONSUCODE-41,20486021692,PE-RUC,GOBIERNO REGIONAL DE JUNIN SEDE CENTRAL
ocds-dgv273-seacev3-2026-1995-74,ocds-dgv273-seacev3-2026-1995-74-2026-03-07T10:05:14.555039-05:00,PE-CONSUCODE-1995,20131373075,PE-RUC,SERVICIO NACIONAL DE SANIDAD AGRARIA
ocds-dgv273-seacev3-1186182,ocds-dgv273-seacev3-1186182-2026-03-07T10:05:14.536855-05:00,PE-CONSUCODE-200367,20490338773,PE-RUC,GOBIERNO REGIONAL DE APURIMAC-GERENCIA SUBREGIONAL CHINCHEROS
ocds-dgv273-seacev3-2026-200367-11,ocds-dgv273-seacev3-2026-200367-11-2026-03-07T10:05:14.521969-05:00,PE-CONSUCODE-200367,20490338773,PE-RUC,GOBIERNO REGIONAL DE APURIMAC-GERENCIA SUBREGIONAL CHINCHEROS
ocds-dgv273-seacev3-2026-847-13,ocds-dgv273-seacev3-2026-847-13-2026-03-07T10:05:13.818779-05:00,PE-CONSUCODE-847,20195499765,PE-RUC,MUNICIPALIDAD DISTRITAL DE OCONGATE
ocds-dgv273-seacev3-1187269,ocds-dgv273-seacev3-1187269-2026-03-07T10:05:13.714739-05:00,PE-CONSUCODE-200642,20555195444,PE-RUC,SUPERINTENDENCIA NACIONAL DE FISCALIZACION LABORAL
ocds-dgv273-seacev3-2026-1982-11,ocds-dgv273-seacev3-2026-1982-11-2026-03-07T10:05:13.661130-05:00,PE-CONSUCODE-1982,20135897044,PE-RUC,INSTITUTO PERUANO DEL DEPORTE
ocds-dgv273-seacev3-1190982,ocds-dgv273-seacev3-1190982-2026-03-07T10:05:08.346198-05:00,PE-CONSUCODE-200276,20521286769,PE-RUC,ORGANISMO DE EVALUACION Y FISCALIZACION AMBIENTAL
ocds-dgv273-seacev3-1188997,ocds-dgv273-seacev3-1188997-2026-03-07T10:05:08.183771-05:00,PE-CONSUCODE-797,20181709066,PE-RUC,MUNICIPALIDAD PROVINCIAL DE CHUMBIVILCAS - SANTO TOMAS
ocds-dgv273-seacev3-1188877,ocds-dgv273-seacev3-1188877-2026-03-07T10:05:08.177249-05:00,PE-CONSUCODE-797,20181709066,PE-RUC,MUNICIPALIDAD PROVINCIAL DE CHUMBIVILCAS - SANTO TOMAS
ocds-dgv273-seacev3-1190957,ocds-dgv273-seacev3-1190957-2026-03-07T10:05:07.033244-05:00,PE-CONSUCODE-200276,20521286769,PE-RUC,ORGANISMO DE EVALUACION Y FISCALIZACION AMBIENTAL
ocds-dgv273-seacev3-1188390,ocds-dgv273-seacev3-1188390-2026-03-07T10:05:06.328796-05:00,PE-CONSUCODE-10478,20402597918,PE-RUC,GOBIERNO REGIONAL DE JUNIN-AGRICULTURA
ocds-dgv273-seacev3-1188381,ocds-dgv273-seacev3-1188381-2026-03-07T10:05:06.314125-05:00,PE-CONSUCODE-10478,20402597918,PE-RUC,GOBIERNO REGIONAL DE JUNIN-AGRICULTURA
ocds-dgv273-seacev3-2026-1768-6,ocds-dgv273-seacev3-2026-1768-6-2026-03-07T10:05:04.514194-05:00,PE-CONSUCODE-1768,20162983793,PE-RUC,MUNICIPALIDAD PROVINCIAL DE LAMAS
ocds-dgv273-seacev3-1188715,ocds-dgv273-seacev3-1188715-2026-03-07T10:05:04.244927-05:00,PE-CONSUCODE-10427,20365228109,PE-RUC,GOBIERNO REGIONAL DE AYACUCHO-TRANSPORTES
ocds-dgv273-seacev3-1191020,ocds-dgv273-seacev3-1191020-2026-03-07T10:05:04.099486-05:00,PE-CONSUCODE-200276,20521286769,PE-RUC,ORGANISMO DE EVALUACION Y FISCALIZACION AMBIENTAL
ocds-dgv273-seacev3-1189002,ocds-dgv273-seacev3-1189002-2026-03-07T10:05:03.105187-05:00,PE-CONSUCODE-200130,20393127431,PE-RUC,GOBIERNO REGIONAL DE UCAYALI - DIRECCION DE SALUD Nº 3 ATALAYA
ocds-dgv273-seacev3-1186604,ocds-dgv273-seacev3-1186604-2026-03-07T10:05:02.975189-05:00,PE-CONSUCODE-204870,20608305808,PE-RUC,MUNICIPALIDAD DISTRITAL DE UNIÓN ASHÁNINKA
ocds-dgv273-seacev3-1188816,ocds-dgv273-seacev3-1188816-2026-03-07T10:05:02.791396-05:00,PE-CONSUCODE-10545,20288480568,PE-RUC,GOBIERNO REGIONAL DE PASCO - DIRECCION REGIONAL AGRARIA
ocds-dgv273-seacev3-1187191,ocds-dgv273-seacev3-1187191-2026-03-07T10:05:02.416447-05:00,PE-CONSUCODE-1731,20165195290,PE-RUC,MUNICIPALIDAD PROVINCIAL DE SAN ROMAN - JULIACA
ocds-dgv273-seacev3-2026-1635-1,ocds-dgv273-seacev3-2026-1635-1-2026-03-07T10:05:02.024310-05:00,PE-CONSUCODE-1635,20165925794,PE-RUC,MUNICIPALIDAD DISTRITAL DE SALITRAL - SULLANA
ocds-dgv273-seacev3-2026-755-9,ocds-dgv273-seacev3-2026-755-9-2026-03-07T10:05:01.925148-05:00,PE-CONSUCODE-755,20154432516,PE-RUC,MUNICIPALIDAD DISTRITAL DE SANTIAGO - CUSCO
ocds-dgv273-seacev3-1190965,ocds-dgv273-seacev3-1190965-2026-03-07T10:04:58.114277-05:00,PE-CONSUCODE-200276,20521286769,PE-RUC,ORGANISMO DE EVALUACION Y FISCALIZACION AMBIENTAL
ocds-dgv273-seacev3-1188387,ocds-dgv273-seacev3-1188387-2026-03-07T10:04:57.912418-05:00,PE-CONSUCODE-10478,20402597918,PE-RUC,GOBIERNO REGIONAL DE JUNIN-AGRICULTURA
ocds-dgv273-seacev3-1191327,ocds-dgv273-seacev3-1191327-2026-03-07T10:04:57.708175-05:00,PE-CONSUCODE-1947,20307167442,PE-RUC,COMISION DE PROMOCION DEL PERU PARA LA EXPORTACION Y EL TURISMO - PROMPERU
ocds-dgv273-seacev3-1189139,ocds-dgv273-seacev3-1189139-2026-03-07T10:04:57.296036-05:00,PE-CONSUCODE-1331,20131366702,PE-RUC,MUNICIPALIDAD DISTRITAL DE PUENTE PIEDRA
ocds-dgv273-seacev3-1188717,ocds-dgv273-seacev3-1188717-2026-03-07T10:04:57.086823-05:00,PE-CONSUCODE-10427,20365228109,PE-RUC,GOBIERNO REGIONAL DE AYACUCHO-TRANSPORTES
ocds-dgv273-seacev3-1186882,ocds-dgv273-seacev3-1186882-2026-03-07T10:04:55.123693-05:00,PE-CONSUCODE-200013,20479393568,PE-RUC,UNIVERSIDAD NACIONAL TORIBIO RODRIGUEZ DE MENDOZA DE AMAZONAS
ocds-dgv273-seacev3-2026-240-1,ocds-dgv273-seacev3-2026-240-1-2026-03-07T10:04:54.341396-05:00,PE-CONSUCODE-240,20218909109,PE-RUC,MUNICIPALIDAD DISTRITAL DE LUCMA - MARISCAL LUZURIAGA
ocds-dgv273-seacev3-2026-878-2,ocds-dgv273-seacev3-2026-878-2-2026-03-07T10:04:53.155104-05:00,PE-CONSUCODE-878,20202510699,PE-RUC,MUNICIPALIDAD DISTRITAL DE MARCAS
ocds-dgv273-seacev3-1187698,ocds-dgv273-seacev3-1187698-2026-03-07T10:04:53.141492-05:00,PE-CONSUCODE-35,20452393493,PE-RUC,GOBIERNO REGIONAL DE AYACUCHO SEDE CENTRAL
ocds-dgv273-seacev3-1184828,ocds-dgv273-seacev3-1184828-2026-03-07T10:04:47.133168-05:00,PE-CONSUCODE-10427,20365228109,PE-RUC,GOBIERNO REGIONAL DE AYACUCHO-TRANSPORTES
ocds-dgv273-seacev3-1188731,ocds-dgv273-seacev3-1188731-2026-03-07T10:04:46.854606-05:00,PE-CONSUCODE-1908,20163646499,PE-RUC,UNIVERSIDAD NACIONAL SAN AGUSTIN
ocds-dgv273-seacev3-1190980,ocds-dgv273-seacev3-1190980-2026-03-07T10:04:45.820881-05:00,PE-CONSUCODE-200276,20521286769,PE-RUC,ORGANISMO DE EVALUACION Y FISCALIZACION AMBIENTAL
ocds-dgv273-seacev3-1189382,ocds-dgv273-seacev3-1189382-2026-03-07T10:04:45.607660-05:00,PE-CONSUCODE-204890,20607827983,PE-RUC,MUNICIPALIDAD DISTRITAL DE BOQUERÓN
ocds-dgv273-seacev3-2026-248315-3,ocds-dgv273-seacev3-2026-248315-3-2026-03-07T10:04:45.593783-05:00,PE-CONSUCODE-204890,20607827983,PE-RUC,MUNICIPALIDAD DISTRITAL DE BOQUERÓN
ocds-dgv273-seacev3-1190988,ocds-dgv273-seacev3-1190988-2026-03-07T10:04:42.895505-05:00,PE-CONSUCODE-200276,20521286769,PE-RUC,ORGANISMO DE EVALUACION Y FISCALIZACION AMBIENTAL
ocds-dgv273-seacev3-1190227,ocds-dgv273-seacev3-1190227-2026-03-07T10:04:42.760901-05:00,PE-CONSUCODE-1593,20161350461,PE-RUC,MUNICIPALIDAD PROVINCIAL DE AYABACA
ocds-dgv273-seacev3-1191326,ocds-dgv273-seacev3-1191326-2026-03-07T10:04:42.248838-05:00,PE-CONSUCODE-1508,20188775111,PE-RUC,MUNICIPALIDAD DISTRITAL DE URARINAS
ocds-dgv273-seacev3-2026-1747-29,ocds-dgv273-seacev3-2026-1747-29-2026-03-07T10:04:41.193475-05:00,PE-CONSUCODE-1747,20181438364,PE-RUC,MUNICIPALIDAD PROVINCIAL DE EL COLLAO - ILAVE
ocds-dgv273-seacev3-1188461,ocds-dgv273-seacev3-1188461-2026-03-07T10:04:41.127289-05:00,PE-CONSUCODE-858,20154442155,PE-RUC,MUNICIPALIDAD DISTRITAL DE ACOBAMBILLA
ocds-dgv273-seacev3-2026-1731-9,ocds-dgv273-seacev3-2026-1731-9-2026-03-07T10:04:41.096279-05:00,PE-CONSUCODE-1731,20165195290,PE-RUC,MUNICIPALIDAD PROVINCIAL DE SAN ROMAN - JULIACA
ocds-dgv273-seacev3-2026-200367-1,ocds-dgv273-seacev3-2026-200367-1-2026-03-07T10:04:40.988600-05:00,PE-CONSUCODE-200367,20490338773,PE-RUC,GOBIERNO REGIONAL DE APURIMAC-GERENCIA SUBREGIONAL CHINCHEROS
ocds-dgv273-seacev3-1186790,ocds-dgv273-seacev3-1186790-2026-03-07T10:04:40.948985-05:00,PE-CONSUCODE-842,20226560824,PE-RUC,MUNICIPALIDAD DISTRITAL DE CCATCCA
ocds-dgv273-seacev3-1187233,ocds-dgv273-seacev3-1187233-2026-03-07T10:04:40.566690-05:00,PE-CONSUCODE-966,20200197357,PE-RUC,MUNICIPALIDAD DISTRITAL DE SAN RAFAEL - AMBO
ocds-dgv273-seacev3-1186214,ocds-dgv273-seacev3-1186214-2026-03-07T10:04:40.424186-05:00,PE-CONSUCODE-10212,20162041291,PE-RUC,HOSPITAL DE APOYO DEPARTAMENTAL MARIA AUXILIADORA
ocds-dgv273-seacev3-2026-200367-14,ocds-dgv273-seacev3-2026-200367-14-2026-03-07T10:04:40.321779-05:00,PE-CONSUCODE-200367,20490338773,PE-RUC,GOBIERNO REGIONAL DE APURIMAC-GERENCIA SUBREGIONAL CHINCHEROS
ocds-dgv273-seacev3-1190983,ocds-dgv273-seacev3-1190983-2026-03-07T10:04:36.619189-05:00,PE-CONSUCODE-200276,20521286769,PE-RUC,ORGANISMO DE EVALUACION Y FISCALIZACION AMBIENTAL
ocds-dgv273-seacev3-1190995,ocds-dgv273-seacev3-1190995-2026-03-07T10:04:36.520449-05:00,PE-CONSUCODE-200276,20521286769,PE-RUC,ORGANISMO DE EVALUACION Y FISCALIZACION AMBIENTAL
ocds-dgv273-seacev3-1189322,ocds-dgv273-seacev3-1189322-2026-03-07T10:04:36.161608-05:00,PE-CONSUCODE-2381,20102762925,PE-RUC,ENTIDAD PRESTADORA DE SERVICIO DE SANEAMIENTO GRAU S.A.
ocds-dgv273-seacev3-1188244,ocds-dgv273-seacev3-1188244-2026-03-07T10:04:35.941486-05:00,PE-CONSUCODE-1044,20188808817,PE-RUC,MUNICIPALIDAD DISTRITAL DE GROCIO PRADO
ocds-dgv273-seacev3-1190991,ocds-dgv273-seacev3-1190991-2026-03-07T10:04:35.264828-05:00,PE-CONSUCODE-200276,20521286769,PE-RUC,ORGANISMO DE EVALUACION Y FISCALIZACION AMBIENTAL
ocds-dgv273-seacev3-1188452,ocds-dgv273-seacev3-1188452-2026-03-07T10:04:34.941901-05:00,PE-CONSUCODE-10427,20365228109,PE-RUC,GOBIERNO REGIONAL DE AYACUCHO-TRANSPORTES
ocds-dgv273-seacev3-1186033,ocds-dgv273-seacev3-1186033-2026-03-07T10:04:32.545107-05:00,PE-CONSUCODE-371,20205028600,PE-RUC,MUNICIPALIDAD DISTRITAL DE COYLLURQUI
ocds-dgv273-seacev3-1187866,ocds-dgv273-seacev3-1187866-2026-03-07T10:04:32.329513-05:00,PE-CONSUCODE-35,20452393493,PE-RUC,GOBIERNO REGIONAL DE AYACUCHO SEDE CENTRAL
ocds-dgv273-seacev3-2026-2000-8,ocds-dgv273-seacev3-2026-2000-8-2026-03-07T10:04:31.984621-05:00,PE-CONSUCODE-2000,20131312955,PE-RUC,SUPERINTENDENCIA NACIONAL DE ADUANAS Y DE ADMINISTRACION TRIBUTARIA - SUNAT
ocds-dgv273-seacev3-1186753,ocds-dgv273-seacev3-1186753-2026-03-07T10:04:31.865692-05:00,PE-CONSUCODE-200098,20507151320,PE-RUC,HOSPITAL JOSE AGURTO TELLO DE CHOSICA
ocds-dgv273-seacev3-1188151,ocds-dgv273-seacev3-1188151-2026-03-07T10:04:31.823937-05:00,PE-CONSUCODE-35,20452393493,PE-RUC,GOBIERNO REGIONAL DE AYACUCHO SEDE CENTRAL
ocds-dgv273-seacev3-1186228,ocds-dgv273-seacev3-1186228-2026-03-07T10:04:31.667986-05:00,PE-CONSUCODE-200266,20520711865,PE-RUC,AUTORIDAD NACIONAL DEL AGUA
ocds-dgv273-seacev3-2026-200040-1,ocds-dgv273-seacev3-2026-200040-1-2026-03-07T10:04:31.612575-05:00,PE-CONSUCODE-200040,20527004269,PE-RUC,GOBIERNO REGIONAL DE APURIMAC - HOSPITAL GUILLERMO DIAZ DE LA VEGA ABANCAY
ocds-dgv273-seacev3-2026-1646-12,ocds-dgv273-seacev3-2026-1646-12-2026-03-07T10:04:30.436832-05:00,PE-CONSUCODE-1646,20159249779,PE-RUC,MUNICIPALIDAD DISTRITAL DE VICE
ocds-dgv273-seacev3-2026-1731-32,ocds-dgv273-seacev3-2026-1731-32-2026-03-07T10:04:30.392421-05:00,PE-CONSUCODE-1731,20165195290,PE-RUC,MUNICIPALIDAD PROVINCIAL DE SAN ROMAN - JULIACA
ocds-dgv273-seacev3-2026-1608-5,ocds-dgv273-seacev3-2026-1608-5-2026-03-07T10:04:30.345857-05:00,PE-CONSUCODE-1608,20171659842,PE-RUC,MUNICIPALIDAD DISTRITAL DE SAN MIGUEL DE EL FAIQUE
ocds-dgv273-seacev3-1186584,ocds-dgv273-seacev3-1186584-2026-03-07T10:04:30.335127-05:00,PE-CONSUCODE-797,20181709066,PE-RUC,MUNICIPALIDAD PROVINCIAL DE CHUMBIVILCAS - SANTO TOMAS
ocds-dgv273-seacev3-1186547,ocds-dgv273-seacev3-1186547-2026-03-07T10:04:30.035299-05:00,PE-CONSUCODE-10407,20443070819,PE-RUC,GOBIERNO REGIONAL DE APURIMAC-TRANSPORTES CHANKA
ocds-dgv273-seacev3-1191710,ocds-dgv273-seacev3-1191710-2026-03-06T10:10:20.600875-05:00,PE-CONSUCODE-200276,20521286769,PE-RUC,ORGANISMO DE EVALUACION Y FISCALIZACION AMBIENTAL
ocds-dgv273-seacev3-1191911,ocds-dgv273-seacev3-1191911-2026-03-06T10:10:19.735521-05:00,PE-CONSUCODE-200276,20521286769,PE-RUC,ORGANISMO DE EVALUACION Y FISCALIZACION AMBIENTAL
ocds-dgv273-seacev3-1190888,ocds-dgv273-seacev3-1190888-2026-03-06T10:10:19.203056-05:00,PE-CONSUCODE-325,20175824619,PE-RUC,MUNICIPALIDAD DISTRITAL DE TAMBURCO
ocds-dgv273-seacev3-1187879,ocds-dgv273-seacev3-1187879-2026-03-06T10:10:18.776672-05:00,PE-CONSUCODE-205210,20611816953,PE-RUC,AUTORIDAD NACIONAL DE INFRAESTRUCTURA
ocds-dgv273-seacev3-1188642,ocds-dgv273-seacev3-1188642-2026-03-06T10:10:18.727598-05:00,PE-CONSUCODE-200130,20393127431,PE-RUC,GOBIERNO REGIONAL DE UCAYALI - DIRECCION DE SALUD Nº 3 ATALAYA
ocds-dgv273-seacev3-1188260,ocds-dgv273-seacev3-1188260-2026-03-06T10:10:18.305431-05:00,PE-CONSUCODE-25,20131366966,PE-RUC,MINISTERIO DEL INTERIOR - PNP UE 001 OGA
ocds-dgv273-seacev3-2026-1160-9,ocds-dgv273-seacev3-2026-1160-9-2026-03-06T10:10:18.277114-05:00,PE-CONSUCODE-1160,20146673776,PE-RUC,MUNICIPALIDAD DISTRITAL DE PANGOA
ocds-dgv273-seacev3-1186738,ocds-dgv273-seacev3-1186738-2026-03-06T10:10:18.108667-05:00,PE-CONSUCODE-10466,20146038329,PE-RUC,GOBIERNO REGIONAL DE HUANUCO-HOSPITAL DE HUANUCO HERMILIO VALDIZAN
ocds-dgv273-seacev3-2026-1838-2,ocds-dgv273-seacev3-2026-1838-2-2026-03-06T10:10:17.137012-05:00,PE-CONSUCODE-1838,20186788886,PE-RUC,MUNICIPALIDAD DISTRITAL DE PALCA - TACNA
ocds-dgv273-seacev3-1186993,ocds-dgv273-seacev3-1186993-2026-03-06T10:10:16.855000-05:00,PE-CONSUCODE-1161,20146678221,PE-RUC,MUNICIPALIDAD DISTRITAL DE RIO NEGRO
ocds-dgv273-seacev3-2026-1922-33,ocds-dgv273-seacev3-2026-1922-33-2026-03-06T10:10:14.413596-05:00,PE-CONSUCODE-1922,20131370564,PE-RUC,"SUPERINTENDENCIA DE BANCA, SEGUROS Y AFP"
ocds-dgv273-seacev3-2026-1922-12,ocds-dgv273-seacev3-2026-1922-12-2026-03-06T10:10:14.109711-05:00,PE-CONSUCODE-1922,20131370564,PE-RUC,"SUPERINTENDENCIA DE BANCA, SEGUROS Y AFP"
ocds-dgv273-seacev3-1191531,ocds-dgv273-seacev3-1191531-2026-03-06T10:10:13.539588-05:00,PE-CONSUCODE-200276,20521286769,PE-RUC,ORGANISMO DE EVALUACION Y FISCALIZACION AMBIENTAL
ocds-dgv273-seacev3-1191521,ocds-dgv273-seacev3-1191521-2026-03-06T10:10:13.167353-05:00,PE-CONSUCODE-200276,20521286769,PE-RUC,ORGANISMO DE EVALUACION Y FISCALIZACION AMBIENTAL
ocds-dgv273-seacev3-1191491,ocds-dgv273-seacev3-1191491-2026-03-06T10:10:12.906087-05:00,PE-CONSUCODE-200276,20521286769,PE-RUC,ORGANISMO DE EVALUACION Y FISCALIZACION AMBIENTAL
ocds-dgv273-seacev3-1191713,ocds-dgv273-seacev3-1191713-2026-03-06T10:10:12.634105-05:00,PE-CONSUCODE-200276,20521286769,PE-RUC,ORGANISMO DE EVALUACION Y FISCALIZACION AMBIENTAL
ocds-dgv273-seacev3-1191461,ocds-dgv273-seacev3-1191461-2026-03-06T10:10:12.588087-05:00,PE-CONSUCODE-200276,20521286769,PE-RUC,ORGANISMO DE EVALUACION Y FISCALIZACION AMBIENTAL
ocds-dgv273-seacev3-1189067,ocds-dgv273-seacev3-1189067-2026-03-06T10:10:11.628113-05:00,PE-CONSUCODE-307,20189313544,PE-RUC,MUNICIPALIDAD PROVINCIAL DE OCROS
ocds-dgv273-seacev3-1191510,ocds-dgv273-seacev3-1191510-2026-03-06T10:10:11.588840-05:00,PE-CONSUCODE-200276,20521286769,PE-RUC,ORGANISMO DE EVALUACION Y FISCALIZACION AMBIENTAL
ocds-dgv273-seacev3-1191848,ocds-dgv273-seacev3-1191848-2026-03-06T10:10:10.805401-05:00,PE-CONSUCODE-200276,20521286769,PE-RUC,ORGANISMO DE EVALUACION Y FISCALIZACION AMBIENTAL
ocds-dgv273-seacev3-1188581,ocds-dgv273-seacev3-1188581-2026-03-06T10:10:10.727333-05:00,PE-CONSUCODE-200130,20393127431,PE-RUC,GOBIERNO REGIONAL DE UCAYALI - DIRECCION DE SALUD Nº 3 ATALAYA
ocds-dgv273-seacev3-1191938,ocds-dgv273-seacev3-1191938-2026-03-06T10:10:10.713267-05:00,PE-CONSUCODE-200276,20521286769,PE-RUC,ORGANISMO DE EVALUACION Y FISCALIZACION AMBIENTAL
ocds-dgv273-seacev3-1191897,ocds-dgv273-seacev3-1191897-2026-03-06T10:10:10.132436-05:00,PE-CONSUCODE-200276,20521286769,PE-RUC,ORGANISMO DE EVALUACION Y FISCALIZACION AMBIENTAL
ocds-dgv273-seacev3-1187648,ocds-dgv273-seacev3-1187648-2026-03-06T10:10:09.269876-05:00,PE-CONSUCODE-369,20161096068,PE-RUC,MUNICIPALIDAD PROVINCIAL DE COTABAMBAS - TAMBOBAMBA
ocds-dgv273-seacev3-1186029,ocds-dgv273-seacev3-1186029-2026-03-06T10:10:09.201438-05:00,PE-CONSUCODE-571,20287284099,PE-RUC,MUNICIPALIDAD DISTRITAL DE SANTA LUCIA - LUCANAS
ocds-dgv273-seacev3-2026-1160-8,ocds-dgv273-seacev3-2026-1160-8-2026-03-06T10:10:08.723054-05:00,PE-CONSUCODE-1160,20146673776,PE-RUC,MUNICIPALIDAD DISTRITAL DE PANGOA
ocds-dgv273-seacev3-1187313,ocds-dgv273-seacev3-1187313-2026-03-06T10:10:07.971559-05:00,PE-CONSUCODE-1283,20164032613,PE-RUC,MUNICIPALIDAD DISTRITAL DE PIMENTEL
ocds-dgv273-seacev3-1188897,ocds-dgv273-seacev3-1188897-2026-03-06T10:10:04.348113-05:00,PE-CONSUCODE-1244,20354035589,PE-RUC,MUNICIPALIDAD DISTRITAL DE SANTIAGO DE CHALLAS
ocds-dgv273-seacev3-1188825,ocds-dgv273-seacev3-1188825-2026-03-06T10:10:02.709011-05:00,PE-CONSUCODE-1983,20131369477,PE-RUC,INSTITUTO TECNOLOGICO DE LA PRODUCCION
ocds-dgv273-seacev3-2026-1947-163,ocds-dgv273-seacev3-2026-1947-163-2026-03-06T10:10:02.638380-05:00,PE-CONSUCODE-1947,20307167442,PE-RUC,COMISION DE PROMOCION DEL PERU PARA LA EXPORTACION Y EL TURISMO - PROMPERU
ocds-dgv273-seacev3-1191902,ocds-dgv273-seacev3-1191902-2026-03-06T10:10:02.408761-05:00,PE-CONSUCODE-200276,20521286769,PE-RUC,ORGANISMO DE EVALUACION Y FISCALIZACION AMBIENTAL
ocds-dgv273-seacev3-1191268,ocds-dgv273-seacev3-1191268-2026-03-06T10:10:01.394083-05:00,PE-CONSUCODE-1648,20146247084,PE-RUC,MUNICIPALIDAD PROVINCIAL DE PUNO
ocds-dgv273-seacev3-1188819,ocds-dgv273-seacev3-1188819-2026-03-06T10:10:00.184463-05:00,PE-CONSUCODE-10478,20402597918,PE-RUC,GOBIERNO REGIONAL DE JUNIN-AGRICULTURA
ocds-dgv273-seacev3-1188503,ocds-dgv273-seacev3-1188503-2026-03-06T10:10:00.012736-05:00,PE-CONSUCODE-1338,20131378034,PE-RUC,MUNICIPALIDAD DISTRITAL DE SAN JUAN DE LURIGANCHO
ocds-dgv273-seacev3-1187546,ocds-dgv273-seacev3-1187546-2026-03-06T10:09:59.814418-05:00,PE-CONSUCODE-821,20178199251,PE-RUC,MUNICIPALIDAD DISTRITAL DE KIMBIRI
ocds-dgv273-seacev3-2026-10503-1,ocds-dgv273-seacev3-2026-10503-1-2026-03-06T10:09:59.779362-05:00,PE-CONSUCODE-10503,20223149635,PE-RUC,GOBIERNO REGIONAL DE LA LIBERTAD - HOSPITAL REGIONAL DOCENTE DE TRUJILLO
ocds-dgv273-seacev3-1186455,ocds-dgv273-seacev3-1186455-2026-03-06T10:09:59.703772-05:00,PE-CONSUCODE-26,20131370301,PE-RUC,MINISTERIO PUBLICO
ocds-dgv273-seacev3-1188420,ocds-dgv273-seacev3-1188420-2026-03-06T10:09:59.519136-05:00,PE-CONSUCODE-34,20498390570,PE-RUC,GOBIERNO REGIONAL DE AREQUIPA Sede Central
ocds-dgv273-seacev3-2026-10096-5,ocds-dgv273-seacev3-2026-10096-5-2026-03-06T10:09:59.425024-05:00,PE-CONSUCODE-10096,20143611893,PE-RUC,EMPRESA MUNICIPAL DE SERVICIO ELECTRICO DE TOCACHE S.A.
ocds-dgv273-seacev3-1188129,ocds-dgv273-seacev3-1188129-2026-03-06T10:09:59.386046-05:00,PE-CONSUCODE-2452,20100063337,PE-RUC,EMPRESA MUNICIPAL ADMINISTRADORA DE PEAJE DE LIMA S.A.
ocds-dgv273-seacev3-2026-1160-10,ocds-dgv273-seacev3-2026-1160-10-2026-03-06T10:09:59.246445-05:00,PE-CONSUCODE-1160,20146673776,PE-RUC,MUNICIPALIDAD DISTRITAL DE PANGOA
ocds-dgv273-seacev3-1187223,ocds-dgv273-seacev3-1187223-2026-03-06T10:09:58.090112-05:00,PE-CONSUCODE-50,20531375808,PE-RUC,GOBIERNO REGIONAL DE SAN MARTIN SEDE CENTRAL
ocds-dgv273-seacev3-1186300,ocds-dgv273-seacev3-1186300-2026-03-06T10:09:57.677061-05:00,PE-CONSUCODE-941,20165762470,PE-RUC,MUNICIPALIDAD PROVINCIAL DE CHURCAMPA
ocds-dgv273-seacev3-2026-302-3,ocds-dgv273-seacev3-2026-302-3-2026-03-06T10:09:57.667056-05:00,PE-CONSUCODE-302,20142747155,PE-RUC,MUNICIPALIDAD PROVINCIAL DE HUARMEY
ocds-dgv273-seacev3-2026-1310-3,ocds-dgv273-seacev3-2026-1310-3-2026-03-06T10:09:57.288188-05:00,PE-CONSUCODE-1310,20131367776,PE-RUC,MUNICIPALIDAD DISTRITAL DE BARRANCO
ocds-dgv273-seacev3-1191857,ocds-dgv273-seacev3-1191857-2026-03-06T10:09:53.102725-05:00,PE-CONSUCODE-200276,20521286769,PE-RUC,ORGANISMO DE EVALUACION Y FISCALIZACION AMBIENTAL
ocds-dgv273-seacev3-1191845,ocds-dgv273-seacev3-1191845-2026-03-06T10:09:52.730362-05:00,PE-CONSUCODE-200276,20521286769,PE-RUC,ORGANISMO DE EVALUACION Y FISCALIZACION AMBIENTAL
ocds-dgv273-seacev3-1191933,ocds-dgv273-seacev3-1191933-2026-03-06T10:09:51.657092-05:00,PE-CONSUCODE-2365,20115851919,PE-RUC,EMPRESA PRESTADORA DE SERVICIOS DE SANEAMIENTO DE AGUA POTABLE Y ALCANTARILLADO DE ILO S.A.
ocds-dgv273-seacev3-2026-1308-2,ocds-dgv273-seacev3-2026-1308-2-2026-03-06T10:09:51.157718-05:00,PE-CONSUCODE-1308,20131378468,PE-RUC,MUNICIPALIDAD DISTRITAL DE ANCON
ocds-dgv273-seacev3-1191184,ocds-dgv273-seacev3-1191184-2026-03-06T10:09:50.800893-05:00,PE-CONSUCODE-200276,20521286769,PE-RUC,ORGANISMO DE EVALUACION Y FISCALIZACION AMBIENTAL
ocds-dgv273-seacev3-1188059,ocds-dgv273-seacev3-1188059-2026-03-06T10:09:49.070008-05:00,PE-CONSUCODE-1826,20531291965,PE-RUC,MUNICIPALIDAD DISTRITAL DE SHUNTE
ocds-dgv273-seacev3-1187487,ocds-dgv273-seacev3-1187487-2026-03-06T10:09:48.781177-05:00,PE-CONSUCODE-10,20131378549,PE-RUC,JURADO NACIONAL DE ELECCIONES
ocds-dgv273-seacev3-1187527,ocds-dgv273-seacev3-1187527-2026-03-06T10:09:48.723516-05:00,PE-CONSUCODE-821,20178199251,PE-RUC,MUNICIPALIDAD DISTRITAL DE KIMBIRI
ocds-dgv273-seacev3-1186131,ocds-dgv273-seacev3-1186131-2026-03-06T10:09:48.337935-05:00,PE-CONSUCODE-850,20147567449,PE-RUC,MUNICIPALIDAD PROVINCIAL DE URUBAMBA
ocds-dgv273-seacev3-1190849,ocds-dgv273-seacev3-1190849-2026-03-06T10:09:43.034964-05:00,PE-CONSUCODE-31,20217267618,PE-RUC,TRIBUNAL CONSTITUCIONAL
ocds-dgv273-seacev3-1191718,ocds-dgv273-seacev3-1191718-2026-03-06T10:09:42.527210-05:00,PE-CONSUCODE-200276,20521286769,PE-RUC,ORGANISMO DE EVALUACION Y FISCALIZACION AMBIENTAL
ocds-dgv273-seacev3-1191482,ocds-dgv273-seacev3-1191482-2026-03-06T10:09:42.302604-05:00,PE-CONSUCODE-200276,20521286769,PE-RUC,ORGANISMO DE EVALUACION Y FISCALIZACION AMBIENTAL
ocds-dgv273-seacev3-2026-2436-9,ocds-dgv273-seacev3-2026-2436-9-2026-03-06T10:09:42.104106-05:00,PE-CONSUCODE-2436,20100072751,PE-RUC,EMPRESA PERUANA DE SERVICIO EDITORIALES
ocds-dgv273-seacev3-1191837,ocds-dgv273-seacev3-1191837-2026-03-06T10:09:41.965018-05:00,PE-CONSUCODE-200276,20521286769,PE-RUC,ORGANISMO DE EVALUACION Y FISCALIZACION AMBIENTAL
ocds-dgv273-seacev3-1191434,ocds-dgv273-seacev3-1191434-2026-03-06T10:09:41.932506-05:00,PE-CONSUCODE-200276,20521286769,PE-RUC,ORGANISMO DE EVALUACION Y FISCALIZACION AMBIENTAL
ocds-dgv273-seacev3-1191715,ocds-dgv273-seacev3-1191715-2026-03-06T10:09:41.287516-05:00,PE-CONSUCODE-200276,20521286769,PE-RUC,ORGANISMO DE EVALUACION Y FISCALIZACION AMBIENTAL
ocds-dgv273-seacev3-1191712,ocds-dgv273-seacev3-1191712-2026-03-06T10:09:41.273983-05:00,PE-CONSUCODE-200276,20521286769,PE-RUC,ORGANISMO DE EVALUACION Y FISCALIZACION AMBIENTAL
ocds-dgv273-seacev3-1191014,ocds-dgv273-seacev3-1191014-2026-03-06T10:09:40.948822-05:00,PE-CONSUCODE-749,20177217043,PE-RUC,MUNICIPALIDAD PROVINCIAL DEL CUSCO
ocds-dgv273-seacev3-1191120,ocds-dgv273-seacev3-1191120-2026-03-06T10:09:40.397350-05:00,PE-CONSUCODE-1962,20112919377,PE-RUC,"INSTITUTO GEOLOGICO, MINERO Y METALURGICO"
ocds-dgv273-seacev3-1191807,ocds-dgv273-seacev3-1191807-2026-03-06T10:09:38.615953-05:00,PE-CONSUCODE-200276,20521286769,PE-RUC,ORGANISMO DE EVALUACION Y FISCALIZACION AMBIENTAL
ocds-dgv273-seacev3-2026-516-2,ocds-dgv273-seacev3-2026-516-2-2026-03-06T10:09:38.569212-05:00,PE-CONSUCODE-516,20143659829,PE-RUC,MUNICIPALIDAD DISTRITAL DE TAMBILLO
ocds-dgv273-seacev3-1189460,ocds-dgv273-seacev3-1189460-2026-03-06T10:09:38.469675-05:00,PE-CONSUCODE-202705,20601068681,PE-RUC,MUNICIPALIDAD DISTRITAL DE VIZCATAN DEL ENE
ocds-dgv273-seacev3-1188831,ocds-dgv273-seacev3-1188831-2026-03-06T10:09:37.929868-05:00,PE-CONSUCODE-10478,20402597918,PE-RUC,GOBIERNO REGIONAL DE JUNIN-AGRICULTURA
ocds-dgv273-seacev3-1187812,ocds-dgv273-seacev3-1187812-2026-03-06T10:09:37.485650-05:00,PE-CONSUCODE-200130,20393127431,PE-RUC,GOBIERNO REGIONAL DE UCAYALI - DIRECCION DE SALUD Nº 3 ATALAYA
ocds-dgv273-seacev3-2026-10356-17,ocds-dgv273-seacev3-2026-10356-17-2026-03-06T10:09:37.345086-05:00,PE-CONSUCODE-42,20440374248,PE-RUC,GOBIERNO REGIONAL DE LA LIBERTAD Sede Central
ocds-dgv273-seacev3-1188080,ocds-dgv273-seacev3-1188080-2026-03-06T10:09:37.279174-05:00,PE-CONSUCODE-1883,20232953421,PE-RUC,MUNICIPALIDAD DISTRITAL DE CURIMANA
ocds-dgv273-seacev3-1188518,ocds-dgv273-seacev3-1188518-2026-03-06T10:09:37.215249-05:00,PE-CONSUCODE-200191,20132023540,PE-RUC,EMPRESA REGIONAL DE SERVICIO PUBLICO DE ELECTRICIDAD ELECTRO NOR MEDIO SA HIDRANDINA
ocds-dgv273-seacev3-1188371,ocds-dgv273-seacev3-1188371-2026-03-06T10:09:37.116098-05:00,PE-CONSUCODE-200262,20525832334,PE-RUC,GOBIERNO REGIONAL DE PIURA-HOSPITAL DE APOYO I SANTA ROSA PIURA
ocds-dgv273-seacev3-2026-10466-28,ocds-dgv273-seacev3-2026-10466-28-2026-03-06T10:09:36.474309-05:00,PE-CONSUCODE-10466,20146038329,PE-RUC,GOBIERNO REGIONAL DE HUANUCO-HOSPITAL DE HUANUCO HERMILIO VALDIZAN
ocds-dgv273-seacev3-1186169,ocds-dgv273-seacev3-1186169-2026-03-06T10:09:36.065709-05:00,PE-CONSUCODE-842,20226560824,PE-RUC,MUNICIPALIDAD DISTRITAL DE CCATCCA
ocds-dgv273-seacev3-2026-521-2,ocds-dgv273-seacev3-2026-521-2-2026-03-06T10:09:35.933582-05:00,PE-CONSUCODE-521,20166868247,PE-RUC,MUNICIPALIDAD DISTRITAL DE LOS MOROCHUCOS
ocds-dgv273-seacev3-2026-49-48,ocds-dgv273-seacev3-2026-49-48-2026-03-06T10:09:35.725296-05:00,PE-CONSUCODE-49,20406325815,PE-RUC,GOBIERNO REGIONAL DE PUNO SEDE CENTRAL
ocds-dgv273-seacev3-1191180,ocds-dgv273-seacev3-1191180-2026-03-06T10:09:32.013895-05:00,PE-CONSUCODE-200175,20452726999,PE-RUC,GOBIERNO REGIONAL DE ICA - RED DE SALUD ICA
ocds-dgv273-seacev3-1192078,ocds-dgv273-seacev3-1192078-2026-03-06T10:09:31.801768-05:00,PE-CONSUCODE-1947,20307167442,PE-RUC,COMISION DE PROMOCION DEL PERU PARA LA EXPORTACION Y EL TURISMO - PROMPERU
ocds-dgv273-seacev3-2026-10096-6,ocds-dgv273-seacev3-2026-10096-6-2026-03-06T10:09:31.636206-05:00,PE-CONSUCODE-10096,20143611893,PE-RUC,EMPRESA MUNICIPAL DE SERVICIO ELECTRICO DE TOCACHE S.A.
ocds-dgv273-seacev3-2026-1852-5,ocds-dgv273-seacev3-2026-1852-5-2026-03-06T10:09:30.937416-05:00,PE-CONSUCODE-1852,20171895147,PE-RUC,MUNICIPALIDAD DISTRITAL DE ILABAYA
ocds-dgv273-seacev3-1188513,ocds-dgv273-seacev3-1188513-2026-03-06T10:09:28.765739-05:00,PE-CONSUCODE-10507,20222308080,PE-RUC,GOBIERNO REGIONAL DE LA LIBERTAD - RED SALUD SANCHEZ CARRION - HOSPITAL LEONCIO PRADO
ocds-dgv273-seacev3-1188030,ocds-dgv273-seacev3-1188030-2026-03-06T10:09:27.354816-05:00,PE-CONSUCODE-202805,20601131812,PE-RUC,MUNICIPALIDAD DISTRITAL DE SAN PABLO DE PILLAO
ocds-dgv273-seacev3-1186873,ocds-dgv273-seacev3-1186873-2026-03-06T10:09:26.361023-05:00,PE-CONSUCODE-203286,20487671097,PE-RUC,GOBIERNO REGIONAL DE AMAZONAS  - DIRECCION DE RED DE SALUD CONDORCANQUI
ocds-dgv273-seacev3-2026-200130-11,ocds-dgv273-seacev3-2026-200130-11-2026-03-06T10:09:26.129405-05:00,PE-CONSUCODE-200130,20393127431,PE-RUC,GOBIERNO REGIONAL DE UCAYALI - DIRECCION DE SALUD Nº 3 ATALAYA
ocds-dgv273-seacev3-1191353,ocds-dgv273-seacev3-1191353-2026-03-05T10:11:24.441029-05:00,PE-CONSUCODE-200276,20521286769,PE-RUC,ORGANISMO DE EVALUACION Y FISCALIZACION AMBIENTAL
ocds-dgv273-seacev3-1191199,ocds-dgv273-seacev3-1191199-2026-03-05T10:11:24.357115-05:00,PE-CONSUCODE-200276,20521286769,PE-RUC,ORGANISMO DE EVALUACION Y FISCALIZACION AMBIENTAL
ocds-dgv273-seacev3-2026-2388-17,ocds-dgv273-seacev3-2026-2388-17-2026-03-05T10:11:23.424164-05:00,PE-CONSUCODE-2388,20121796857,PE-RUC,SERVICIO DE AGUA POTABLE Y ALCANTARILLADO MUNICIPAL DE HUANCAYO
ocds-dgv273-seacev3-1188178,ocds-dgv273-seacev3-1188178-2026-03-05T10:11:23.054630-05:00,PE-CONSUCODE-874,20191121954,PE-RUC,MUNICIPALIDAD PROVINCIAL DE ACOBAMBA
ocds-dgv273-seacev3-1186727,ocds-dgv273-seacev3-1186727-2026-03-05T10:11:22.439276-05:00,PE-CONSUCODE-2418,20100004675,PE-RUC,CORPORACION PERUANA DE AEROPUERTOS Y AVIACION COMERCIAL S.A.- CORPAC
ocds-dgv273-seacev3-1186247,ocds-dgv273-seacev3-1186247-2026-03-05T10:11:22.305868-05:00,PE-CONSUCODE-200420,20490770683,PE-RUC,CORTE SUPERIOR DE JUSTICIA DE CUSCO
ocds-dgv273-seacev3-1190250,ocds-dgv273-seacev3-1190250-2026-03-05T10:11:18.407284-05:00,PE-CONSUCODE-12632,20381959997,PE-RUC,POLICÍA NACIONAL DEL PERÚ - DIRECCIÓN EJECUTIVA DE EDUCACIÓN Y DOCTRINA
ocds-dgv273-seacev3-1191980,ocds-dgv273-seacev3-1191980-2026-03-05T10:11:18.046933-05:00,PE-CONSUCODE-1013,20176232227,PE-RUC,MUNICIPALIDAD DISTRITAL DE SAN MIGUEL DE CAURI
ocds-dgv273-seacev3-1191345,ocds-dgv273-seacev3-1191345-2026-03-05T10:11:17.926785-05:00,PE-CONSUCODE-200276,20521286769,PE-RUC,ORGANISMO DE EVALUACION Y FISCALIZACION AMBIENTAL
ocds-dgv273-seacev3-1189208,ocds-dgv273-seacev3-1189208-2026-03-05T10:11:17.795623-05:00,PE-CONSUCODE-2388,20121796857,PE-RUC,SERVICIO DE AGUA POTABLE Y ALCANTARILLADO MUNICIPAL DE HUANCAYO
ocds-dgv273-seacev3-1189315,ocds-dgv273-seacev3-1189315-2026-03-05T10:11:16.978049-05:00,PE-CONSUCODE-1768,20162983793,PE-RUC,MUNICIPALIDAD PROVINCIAL DE LAMAS
ocds-dgv273-seacev3-1191302,ocds-dgv273-seacev3-1191302-2026-03-05T10:11:15.215980-05:00,PE-CONSUCODE-200276,20521286769,PE-RUC,ORGANISMO DE EVALUACION Y FISCALIZACION AMBIENTAL
ocds-dgv273-seacev3-1191208,ocds-dgv273-seacev3-1191208-2026-03-05T10:11:14.559189-05:00,PE-CONSUCODE-200276,20521286769,PE-RUC,ORGANISMO DE EVALUACION Y FISCALIZACION AMBIENTAL
ocds-dgv273-seacev3-1191142,ocds-dgv273-seacev3-1191142-2026-03-05T10:11:14.173134-05:00,PE-CONSUCODE-200276,20521286769,PE-RUC,ORGANISMO DE EVALUACION Y FISCALIZACION AMBIENTAL
ocds-dgv273-seacev3-1188790,ocds-dgv273-seacev3-1188790-2026-03-05T10:11:13.374105-05:00,PE-CONSUCODE-1983,20131369477,PE-RUC,INSTITUTO TECNOLOGICO DE LA PRODUCCION
ocds-dgv273-seacev3-1188204,ocds-dgv273-seacev3-1188204-2026-03-05T10:11:13.367736-05:00,PE-CONSUCODE-34,20498390570,PE-RUC,GOBIERNO REGIONAL DE AREQUIPA Sede Central
ocds-dgv273-seacev3-1186976,ocds-dgv273-seacev3-1186976-2026-03-05T10:11:13.309348-05:00,PE-CONSUCODE-43,20479569780,PE-RUC,GOBIERNO REGIONAL DE LAMBAYEQUE SEDE CENTRAL
ocds-dgv273-seacev3-1187565,ocds-dgv273-seacev3-1187565-2026-03-05T10:11:12.484089-05:00,PE-CONSUCODE-822,20317337150,PE-RUC,MUNICIPALIDAD DISTRITAL DE PICHARI
ocds-dgv273-seacev3-1186548,ocds-dgv273-seacev3-1186548-2026-03-05T10:11:11.957676-05:00,PE-CONSUCODE-1430,20173990988,PE-RUC,MUNICIPALIDAD DISTRITAL DE SANTA EULALIA
ocds-dgv273-seacev3-1189418,ocds-dgv273-seacev3-1189418-2026-03-05T10:11:08.975400-05:00,PE-CONSUCODE-873,20183984196,PE-RUC,MUNICIPALIDAD DISTRITAL DE YAULI - HUANCAVELICA
ocds-dgv273-seacev3-1188410,ocds-dgv273-seacev3-1188410-2026-03-05T10:11:08.638164-05:00,PE-CONSUCODE-1768,20162983793,PE-RUC,MUNICIPALIDAD PROVINCIAL DE LAMAS
ocds-dgv273-seacev3-1190088,ocds-dgv273-seacev3-1190088-2026-03-05T10:11:07.432396-05:00,PE-CONSUCODE-162,20146921427,PE-RUC,MUNICIPALIDAD DISTRITAL DE INDEPENDENCIA - HUARAZ
ocds-dgv273-seacev3-1191168,ocds-dgv273-seacev3-1191168-2026-03-05T10:11:06.688274-05:00,PE-CONSUCODE-200276,20521286769,PE-RUC,ORGANISMO DE EVALUACION Y FISCALIZACION AMBIENTAL
ocds-dgv273-seacev3-1191152,ocds-dgv273-seacev3-1191152-2026-03-05T10:11:05.831536-05:00,PE-CONSUCODE-1947,20307167442,PE-RUC,COMISION DE PROMOCION DEL PERU PARA LA EXPORTACION Y EL TURISMO - PROMPERU
ocds-dgv273-seacev3-1191210,ocds-dgv273-seacev3-1191210-2026-03-05T10:11:05.638288-05:00,PE-CONSUCODE-200276,20521286769,PE-RUC,ORGANISMO DE EVALUACION Y FISCALIZACION AMBIENTAL
ocds-dgv273-seacev3-1187320,ocds-dgv273-seacev3-1187320-2026-03-05T10:11:04.933358-05:00,PE-CONSUCODE-1213,20208154428,PE-RUC,MUNICIPALIDAD DISTRITAL DE MARCABAL
ocds-dgv273-seacev3-1188646,ocds-dgv273-seacev3-1188646-2026-03-05T10:11:04.896419-05:00,PE-CONSUCODE-203306,20601625017,PE-RUC,MUNICIPALIDAD DISTRITAL DE MEGANTONI
ocds-dgv273-seacev3-1188786,ocds-dgv273-seacev3-1188786-2026-03-05T10:11:04.381264-05:00,PE-CONSUCODE-200277,20528134760,PE-RUC,GOBIERNO REGIONAL DE LORETO - ORGANISMO PUBLICO INFRAESTRUCTURA PARA LA PRODUCTIVIDAD
ocds-dgv273-seacev3-2026-200201-2,ocds-dgv273-seacev3-2026-200201-2-2026-03-05T10:11:04.316160-05:00,PE-CONSUCODE-200201,20450124177,PE-RUC,EMPRESA PRESTADORA DE SERVICIOS RIOJA SA
ocds-dgv273-seacev3-1186798,ocds-dgv273-seacev3-1186798-2026-03-05T10:11:04.037210-05:00,PE-CONSUCODE-200363,20538298485,PE-RUC,CENTRO NACIONAL DE ABASTECIMIENTO DE RECURSOS ESTRATEGICOS EN SALUD
ocds-dgv273-seacev3-1186537,ocds-dgv273-seacev3-1186537-2026-03-05T10:11:03.620349-05:00,PE-CONSUCODE-1523,20192061491,PE-RUC,MUNICIPALIDAD DISTRITAL DE PAMPA HERMOZA - LORETO
ocds-dgv273-seacev3-2026-2426-26,ocds-dgv273-seacev3-2026-2426-26-2026-03-05T10:11:02.443513-05:00,PE-CONSUCODE-2426,20100003199,PE-RUC,EMPRESA NACIONAL DE PUERTOS S.A.
ocds-dgv273-seacev3-2026-1523-5,ocds-dgv273-seacev3-2026-1523-5-2026-03-05T10:11:01.844454-05:00,PE-CONSUCODE-1523,20192061491,PE-RUC,MUNICIPALIDAD DISTRITAL DE PAMPA HERMOZA - LORETO
ocds-dgv273-seacev3-1191204,ocds-dgv273-seacev3-1191204-2026-03-05T10:10:56.040885-05:00,PE-CONSUCODE-200276,20521286769,PE-RUC,ORGANISMO DE EVALUACION Y FISCALIZACION AMBIENTAL
ocds-dgv273-seacev3-1191330,ocds-dgv273-seacev3-1191330-2026-03-05T10:10:55.440439-05:00,PE-CONSUCODE-200276,20521286769,PE-RUC,ORGANISMO DE EVALUACION Y FISCALIZACION AMBIENTAL
ocds-dgv273-seacev3-1189684,ocds-dgv273-seacev3-1189684-2026-03-05T10:10:54.177084-05:00,PE-CONSUCODE-874,20191121954,PE-RUC,MUNICIPALIDAD PROVINCIAL DE ACOBAMBA
ocds-dgv273-seacev3-1188423,ocds-dgv273-seacev3-1188423-2026-03-05T10:10:53.368479-05:00,PE-CONSUCODE-382,20219345004,PE-RUC,MUNICIPALIDAD DISTRITAL DE PROGRESO
ocds-dgv273-seacev3-2026-10249-99,ocds-dgv273-seacev3-2026-10249-99-2026-03-05T10:10:53.335129-05:00,PE-CONSUCODE-10249,20144364059,PE-RUC,FUERZA AEREA DEL PERU
ocds-dgv273-seacev3-1186997,ocds-dgv273-seacev3-1186997-2026-03-05T10:10:53.307855-05:00,PE-CONSUCODE-1158,20190003541,PE-RUC,MUNICIPALIDAD DISTRITAL DE MAZAMARI
ocds-dgv273-seacev3-1187394,ocds-dgv273-seacev3-1187394-2026-03-05T10:10:52.150008-05:00,PE-CONSUCODE-634,20191948093,PE-RUC,MUNICIPALIDAD DISTRITAL DE HUASMIN
ocds-dgv273-seacev3-1186522,ocds-dgv273-seacev3-1186522-2026-03-05T10:10:52.055293-05:00,PE-CONSUCODE-1687,20204176681,PE-RUC,MUNICIPALIDAD DISTRITAL DE USICAYOS
ocds-dgv273-seacev3-1188413,ocds-dgv273-seacev3-1188413-2026-03-05T10:10:46.746138-05:00,PE-CONSUCODE-200503,20529808446,PE-RUC,CORTE SUPERIOR DE JUSTICIA DE PIURA
ocds-dgv273-seacev3-1190445,ocds-dgv273-seacev3-1190445-2026-03-05T10:10:46.075108-05:00,PE-CONSUCODE-1684,20185850570,PE-RUC,MUNICIPALIDAD DISTRITAL DE ITUATA
ocds-dgv273-seacev3-1191183,ocds-dgv273-seacev3-1191183-2026-03-05T10:10:45.581322-05:00,PE-CONSUCODE-200276,20521286769,PE-RUC,ORGANISMO DE EVALUACION Y FISCALIZACION AMBIENTAL
ocds-dgv273-seacev3-2026-1710-1,ocds-dgv273-seacev3-2026-1710-1-2026-03-05T10:10:45.381464-05:00,PE-CONSUCODE-1710,20198827054,PE-RUC,MUNICIPALIDAD DISTRITAL DE PUCARA - LAMPA
ocds-dgv273-seacev3-1191218,ocds-dgv273-seacev3-1191218-2026-03-05T10:10:45.204439-05:00,PE-CONSUCODE-200276,20521286769,PE-RUC,ORGANISMO DE EVALUACION Y FISCALIZACION AMBIENTAL
ocds-dgv273-seacev3-1188777,ocds-dgv273-seacev3-1188777-2026-03-05T10:10:45.056493-05:00,PE-CONSUCODE-1567,20183850823,PE-RUC,MUNICIPALIDAD DISTRITAL DE VICCO
ocds-dgv273-seacev3-1190031,ocds-dgv273-seacev3-1190031-2026-03-05T10:10:45.042639-05:00,PE-CONSUCODE-200139,20479801275,PE-RUC,SERVICIO DE ADMINISTRACIÓN TRIBUTARIA DE CHICLAYO
ocds-dgv273-seacev3-1190120,ocds-dgv273-seacev3-1190120-2026-03-05T10:10:43.947798-05:00,PE-CONSUCODE-200097,20518396332,PE-RUC,GOBIERNO REGIONAL METROPOLITANO DE LIMA
ocds-dgv273-seacev3-1191304,ocds-dgv273-seacev3-1191304-2026-03-05T10:10:43.150095-05:00,PE-CONSUCODE-200276,20521286769,PE-RUC,ORGANISMO DE EVALUACION Y FISCALIZACION AMBIENTAL
ocds-dgv273-seacev3-1191167,ocds-dgv273-seacev3-1191167-2026-03-05T10:10:43.060669-05:00,PE-CONSUCODE-200276,20521286769,PE-RUC,ORGANISMO DE EVALUACION Y FISCALIZACION AMBIENTAL
ocds-dgv273-seacev3-2026-1578-1,ocds-dgv273-seacev3-2026-1578-1-2026-03-05T10:10:42.144238-05:00,PE-CONSUCODE-1578,20232520745,PE-RUC,MUNICIPALIDAD DISTRITAL DE CHONTABAMBA
ocds-dgv273-seacev3-2026-200575-2,ocds-dgv273-seacev3-2026-200575-2-2026-03-05T10:10:40.901638-05:00,PE-CONSUCODE-200575,20393274655,PE-RUC,GOBIERNO REGIONAL DE UCAYALI - UNIDAD EJECUTORA 303 EDUCACION CORONEL PORTILLO
ocds-dgv273-seacev3-2026-811-2,ocds-dgv273-seacev3-2026-811-2-2026-03-05T10:10:40.074179-05:00,PE-CONSUCODE-811,20202175024,PE-RUC,MUNICIPALIDAD DISTRITAL DE SUYKUTAMBO
ocds-dgv273-seacev3-2026-593-6,ocds-dgv273-seacev3-2026-593-6-2026-03-05T10:10:39.711567-05:00,PE-CONSUCODE-593,20194058854,PE-RUC,MUNICIPALIDAD PROVINCIAL DE PAUCAR DEL SARA SARA - PAUSA
ocds-dgv273-seacev3-1191297,ocds-dgv273-seacev3-1191297-2026-03-05T10:10:36.432634-05:00,PE-CONSUCODE-200276,20521286769,PE-RUC,ORGANISMO DE EVALUACION Y FISCALIZACION AMBIENTAL
ocds-dgv273-seacev3-1189611,ocds-dgv273-seacev3-1189611-2026-03-05T10:10:35.360295-05:00,PE-CONSUCODE-1062,20206518571,PE-RUC,MUNICIPALIDAD DISTRITAL DE HUMAY
ocds-dgv273-seacev3-1191360,ocds-dgv273-seacev3-1191360-2026-03-05T10:10:34.915961-05:00,PE-CONSUCODE-200276,20521286769,PE-RUC,ORGANISMO DE EVALUACION Y FISCALIZACION AMBIENTAL
ocds-dgv273-seacev3-1191328,ocds-dgv273-seacev3-1191328-2026-03-05T10:10:34.453317-05:00,PE-CONSUCODE-200276,20521286769,PE-RUC,ORGANISMO DE EVALUACION Y FISCALIZACION AMBIENTAL
ocds-dgv273-seacev3-1189149,ocds-dgv273-seacev3-1189149-2026-03-05T10:10:33.187862-05:00,PE-CONSUCODE-10170,20331166830,PE-RUC,UNIDAD DE GESTION EDUCATIVA LOCAL UGEL 05 - SAN JUAN DE LURIGANCHO
ocds-dgv273-seacev3-2026-1753-1,ocds-dgv273-seacev3-2026-1753-1-2026-03-05T10:10:32.989073-05:00,PE-CONSUCODE-1753,20215043861,PE-RUC,MUNICIPALIDAD DISTRITAL DE CONIMA
ocds-dgv273-seacev3-2026-1116-7,ocds-dgv273-seacev3-2026-1116-7-2026-03-05T10:10:32.734763-05:00,PE-CONSUCODE-1116,20195238961,PE-RUC,MUNICIPALIDAD DISTRITAL DE PERENE
ocds-dgv273-seacev3-1187793,ocds-dgv273-seacev3-1187793-2026-03-05T10:10:30.099587-05:00,PE-CONSUCODE-2452,20100063337,PE-RUC,EMPRESA MUNICIPAL ADMINISTRADORA DE PEAJE DE LIMA S.A.
ocds-dgv273-seacev3-1186654,ocds-dgv273-seacev3-1186654-2026-03-05T10:10:29.934014-05:00,PE-CONSUCODE-45,20527143200,PE-RUC,GOBIERNO REGIONAL DE MADRE DE DIOS SEDE CENTRAL
ocds-dgv273-seacev3-2026-200509-2,ocds-dgv273-seacev3-2026-200509-2-2026-03-04T10:08:49.351752-05:00,PE-CONSUCODE-200509,20491174693,PE-RUC,ESTACION EXPERIMENTAL AGRARIA ANDENES-CUSCO
ocds-dgv273-seacev3-1188242,ocds-dgv273-seacev3-1188242-2026-03-04T10:08:48.306398-05:00,PE-CONSUCODE-416,20190520286,PE-RUC,MUNICIPALIDAD DISTRITAL DE SOCABAYA
ocds-dgv273-seacev3-1191506,ocds-dgv273-seacev3-1191506-2026-03-04T10:08:47.754098-05:00,PE-CONSUCODE-200276,20521286769,PE-RUC,ORGANISMO DE EVALUACION Y FISCALIZACION AMBIENTAL
ocds-dgv273-seacev3-1188855,ocds-dgv273-seacev3-1188855-2026-03-04T10:08:45.077257-05:00,PE-CONSUCODE-1983,20131369477,PE-RUC,INSTITUTO TECNOLOGICO DE LA PRODUCCION
ocds-dgv273-seacev3-1188818,ocds-dgv273-seacev3-1188818-2026-03-04T10:08:45.050226-05:00,PE-CONSUCODE-1983,20131369477,PE-RUC,INSTITUTO TECNOLOGICO DE LA PRODUCCION
ocds-dgv273-seacev3-1187844,ocds-dgv273-seacev3-1187844-2026-03-04T10:08:43.090383-05:00,PE-CONSUCODE-202945,20601122805,PE-RUC,MUNICIPALIDAD DISTRITAL DE LA MORADA
ocds-dgv273-seacev3-1187439,ocds-dgv273-seacev3-1187439-2026-03-04T10:08:42.734831-05:00,PE-CONSUCODE-200033,20451440625,PE-RUC,MUNICIPALIDAD DISTRITAL DE SAN JUAN BAUTISTA - LORETO
ocds-dgv273-seacev3-1187278,ocds-dgv273-seacev3-1187278-2026-03-04T10:08:42.720567-05:00,PE-CONSUCODE-2393,20216293593,PE-RUC,EMPRESA DE GENERACION ELECTRICA DE AREQUIPA S.A. - EGASA
ocds-dgv273-seacev3-1186585,ocds-dgv273-seacev3-1186585-2026-03-04T10:08:42.564773-05:00,PE-CONSUCODE-10506,20223966684,PE-RUC,GOBIERNO REGIONAL DE LA LIBERTAD-SALUD UTES PACASMAYO
ocds-dgv273-seacev3-1191991,ocds-dgv273-seacev3-1191991-2026-03-04T10:08:38.275615-05:00,PE-CONSUCODE-1947,20307167442,PE-RUC,COMISION DE PROMOCION DEL PERU PARA LA EXPORTACION Y EL TURISMO - PROMPERU
ocds-dgv273-seacev3-1190876,ocds-dgv273-seacev3-1190876-2026-03-04T10:08:37.736306-05:00,PE-CONSUCODE-200170,20486391279,PE-RUC,GOBIERNO REGIONAL DE JUNIN  - RED DE SALUD DEL VALLE DEL MANTARO
ocds-dgv273-seacev3-1191469,ocds-dgv273-seacev3-1191469-2026-03-04T10:08:34.862499-05:00,PE-CONSUCODE-200276,20521286769,PE-RUC,ORGANISMO DE EVALUACION Y FISCALIZACION AMBIENTAL
ocds-dgv273-seacev3-1189546,ocds-dgv273-seacev3-1189546-2026-03-04T10:08:34.732614-05:00,PE-CONSUCODE-1850,20194735384,PE-RUC,MUNICIPALIDAD PROVINCIAL DE JORGE BASADRE - LOCUMBA
ocds-dgv273-seacev3-1191492,ocds-dgv273-seacev3-1191492-2026-03-04T10:08:34.707160-05:00,PE-CONSUCODE-200276,20521286769,PE-RUC,ORGANISMO DE EVALUACION Y FISCALIZACION AMBIENTAL
ocds-dgv273-seacev3-1192284,ocds-dgv273-seacev3-1192284-2026-03-04T10:08:34.497073-05:00,PE-CONSUCODE-200446,20546871330,PE-RUC,UNIDAD EJECUTORA 002 CONSERVACION DE BOSQUES
ocds-dgv273-seacev3-1187889,ocds-dgv273-seacev3-1187889-2026-03-04T10:08:32.822226-05:00,PE-CONSUCODE-278,20282911915,PE-RUC,MUNICIPALIDAD DISTRITAL DE NUEVO CHIMBOTE
ocds-dgv273-seacev3-1187080,ocds-dgv273-seacev3-1187080-2026-03-04T10:08:32.710347-05:00,PE-CONSUCODE-2452,20100063337,PE-RUC,EMPRESA MUNICIPAL ADMINISTRADORA DE PEAJE DE LIMA S.A.
ocds-dgv273-seacev3-2026-1419-5,ocds-dgv273-seacev3-2026-1419-5-2026-03-04T10:08:32.518467-05:00,PE-CONSUCODE-1419,20217254125,PE-RUC,MUNICIPALIDAD DISTRITAL DE SAN ANTONIO - HUAROCHIRI
ocds-dgv273-seacev3-1185720,ocds-dgv273-seacev3-1185720-2026-03-04T10:08:31.559258-05:00,PE-CONSUCODE-10217,20138100015,PE-RUC,HOSPITAL DE EMERGENCIAS - JOSÉ CASIMIRO ULLOA
ocds-dgv273-seacev3-1188899,ocds-dgv273-seacev3-1188899-2026-03-04T10:08:28.597155-05:00,PE-CONSUCODE-1983,20131369477,PE-RUC,INSTITUTO TECNOLOGICO DE LA PRODUCCION
ocds-dgv273-seacev3-1191502,ocds-dgv273-seacev3-1191502-2026-03-04T10:08:28.126158-05:00,PE-CONSUCODE-200276,20521286769,PE-RUC,ORGANISMO DE EVALUACION Y FISCALIZACION AMBIENTAL
ocds-dgv273-seacev3-1192035,ocds-dgv273-seacev3-1192035-2026-03-04T10:08:27.584983-05:00,PE-CONSUCODE-1947,20307167442,PE-RUC,COMISION DE PROMOCION DEL PERU PARA LA EXPORTACION Y EL TURISMO - PROMPERU
ocds-dgv273-seacev3-1190949,ocds-dgv273-seacev3-1190949-2026-03-04T10:08:27.155063-05:00,PE-CONSUCODE-627,20148288853,PE-RUC,MUNICIPALIDAD PROVINCIAL DE CAJABAMBA
ocds-dgv273-seacev3-2026-816-7,ocds-dgv273-seacev3-2026-816-7-2026-03-04T10:08:26.739873-05:00,PE-CONSUCODE-816,20166106746,PE-RUC,MUNICIPALIDAD DISTRITAL DE MARANURA
ocds-dgv273-seacev3-2026-1028-1,ocds-dgv273-seacev3-2026-1028-1-2026-03-04T10:08:26.720010-05:00,PE-CONSUCODE-1028,20194063939,PE-RUC,MUNICIPALIDAD DISTRITAL DE PACHACUTEC
ocds-dgv273-seacev3-1188982,ocds-dgv273-seacev3-1188982-2026-03-04T10:08:24.243331-05:00,PE-CONSUCODE-45,20527143200,PE-RUC,GOBIERNO REGIONAL DE MADRE DE DIOS SEDE CENTRAL
ocds-dgv273-seacev3-1188334,ocds-dgv273-seacev3-1188334-2026-03-04T10:08:24.057481-05:00,PE-CONSUCODE-200077,20531320060,PE-RUC,GOBIERNO REGIONAL DE SAN MARTÍN-SALUD ALTO MAYO
ocds-dgv273-seacev3-1187586,ocds-dgv273-seacev3-1187586-2026-03-04T10:08:24.043747-05:00,PE-CONSUCODE-2452,20100063337,PE-RUC,EMPRESA MUNICIPAL ADMINISTRADORA DE PEAJE DE LIMA S.A.
ocds-dgv273-seacev3-2026-1851-2,ocds-dgv273-seacev3-2026-1851-2-2026-03-04T10:08:23.851344-05:00,PE-CONSUCODE-1851,20193065938,PE-RUC,MUNICIPALIDAD DISTRITAL DE ITE
ocds-dgv273-seacev3-2026-351-1,ocds-dgv273-seacev3-2026-351-1-2026-03-04T10:08:23.712430-05:00,PE-CONSUCODE-351,20177892441,PE-RUC,MUNICIPALIDAD DISTRITAL DE SABAINO
ocds-dgv273-seacev3-2026-10388-1,ocds-dgv273-seacev3-2026-10388-1-2026-03-04T10:08:23.524671-05:00,PE-CONSUCODE-10388,20449282648,PE-RUC,GOBIERNO REGIONAL DE ANCASH-EDUCACION USE POMABAMBA
ocds-dgv273-seacev3-2026-109133-2,ocds-dgv273-seacev3-2026-109133-2-2026-03-04T10:08:22.565362-05:00,PE-CONSUCODE-202805,20601131812,PE-RUC,MUNICIPALIDAD DISTRITAL DE SAN PABLO DE PILLAO
ocds-dgv273-seacev3-1186623,ocds-dgv273-seacev3-1186623-2026-03-04T10:08:21.534883-05:00,PE-CONSUCODE-10466,20146038329,PE-RUC,GOBIERNO REGIONAL DE HUANUCO-HOSPITAL DE HUANUCO HERMILIO VALDIZAN
ocds-dgv273-seacev3-2026-1152-1,ocds-dgv273-seacev3-2026-1152-1-2026-03-04T10:08:21.520840-05:00,PE-CONSUCODE-1152,20185644830,PE-RUC,MUNICIPALIDAD DISTRITAL DE CARHUAMAYO
ocds-dgv273-seacev3-2026-1947-7,ocds-dgv273-seacev3-2026-1947-7-2026-03-04T10:08:16.511608-05:00,PE-CONSUCODE-1947,20307167442,PE-RUC,COMISION DE PROMOCION DEL PERU PARA LA EXPORTACION Y EL TURISMO - PROMPERU
ocds-dgv273-seacev3-1189252,ocds-dgv273-seacev3-1189252-2026-03-04T10:08:16.083998-05:00,PE-CONSUCODE-996,20321337547,PE-RUC,MUNICIPALIDAD DISTRITAL DE CHOLON
ocds-dgv273-seacev3-1192014,ocds-dgv273-seacev3-1192014-2026-03-04T10:08:15.791330-05:00,PE-CONSUCODE-1947,20307167442,PE-RUC,COMISION DE PROMOCION DEL PERU PARA LA EXPORTACION Y EL TURISMO - PROMPERU
ocds-dgv273-seacev3-1191541,ocds-dgv273-seacev3-1191541-2026-03-04T10:08:14.904532-05:00,PE-CONSUCODE-200276,20521286769,PE-RUC,ORGANISMO DE EVALUACION Y FISCALIZACION AMBIENTAL
ocds-dgv273-seacev3-1191456,ocds-dgv273-seacev3-1191456-2026-03-04T10:08:13.516255-05:00,PE-CONSUCODE-200276,20521286769,PE-RUC,ORGANISMO DE EVALUACION Y FISCALIZACION AMBIENTAL
ocds-dgv273-seacev3-1191442,ocds-dgv273-seacev3-1191442-2026-03-04T10:08:13.502614-05:00,PE-CONSUCODE-200276,20521286769,PE-RUC,ORGANISMO DE EVALUACION Y FISCALIZACION AMBIENTAL
ocds-dgv273-seacev3-1188197,ocds-dgv273-seacev3-1188197-2026-03-04T10:08:11.638609-05:00,PE-CONSUCODE-10508,20397867961,PE-RUC,GOBIERNO REGIONAL DE LA LIBERTAD - SALUD UTES SANTIAGO DE CHUCO
ocds-dgv273-seacev3-1188706,ocds-dgv273-seacev3-1188706-2026-03-04T10:08:11.349805-05:00,PE-CONSUCODE-2009,20527141762,PE-RUC,GOBIERNO REGIONAL DE APURIMAC SEDE CENTRAL
ocds-dgv273-seacev3-2026-10211-5,ocds-dgv273-seacev3-2026-10211-5-2026-03-04T10:08:11.330828-05:00,PE-CONSUCODE-10211,20170983816,PE-RUC,GOBIERNO REGIONAL DE LIMA - HOSPITAL DE APOYO REZOLA
ocds-dgv273-seacev3-1186880,ocds-dgv273-seacev3-1186880-2026-03-04T10:08:10.312672-05:00,PE-CONSUCODE-203286,20487671097,PE-RUC,GOBIERNO REGIONAL DE AMAZONAS  - DIRECCION DE RED DE SALUD CONDORCANQUI
ocds-dgv273-seacev3-1186640,ocds-dgv273-seacev3-1186640-2026-03-04T10:08:10.292430-05:00,PE-CONSUCODE-10466,20146038329,PE-RUC,GOBIERNO REGIONAL DE HUANUCO-HOSPITAL DE HUANUCO HERMILIO VALDIZAN
ocds-dgv273-seacev3-1174244,ocds-dgv273-seacev3-1174244-2026-03-04T10:08:07.616880-05:00,PE-CONSUCODE-25,20131366966,PE-RUC,MINISTERIO DEL INTERIOR - PNP UE 001 OGA
ocds-dgv273-seacev3-1188998,ocds-dgv273-seacev3-1188998-2026-03-04T10:08:04.437773-05:00,PE-CONSUCODE-278,20282911915,PE-RUC,MUNICIPALIDAD DISTRITAL DE NUEVO CHIMBOTE
ocds-dgv273-seacev3-1187344,ocds-dgv273-seacev3-1187344-2026-03-04T10:08:04.355936-05:00,PE-CONSUCODE-10457,20444054400,PE-RUC,GOBIERNO REGIONAL DE HUANCAVELICA-HOSPITAL DEPARTAMENTAL DE HUANCAVELICA
ocds-dgv273-seacev3-1186298,ocds-dgv273-seacev3-1186298-2026-03-04T10:08:02.913766-05:00,PE-CONSUCODE-819,20170327391,PE-RUC,MUNICIPALIDAD DISTRITAL DE VILCABAMBA - LA CONVENCION
ocds-dgv273-seacev3-2026-1886-2,ocds-dgv273-seacev3-2026-1886-2-2026-03-04T10:08:02.826442-05:00,PE-CONSUCODE-1886,20147897406,PE-RUC,UNIVERSIDAD NACIONAL AGRARIA LA MOLINA
ocds-dgv273-seacev3-2026-119558-6,ocds-dgv273-seacev3-2026-119558-6-2026-03-04T10:08:01.860450-05:00,PE-CONSUCODE-202925,20601218471,PE-RUC,GOBIERNO REGIONAL CAJAMARCA SALUD SAN IGNACIO
ocds-dgv273-seacev3-1187768,ocds-dgv273-seacev3-1187768-2026-03-04T10:08:01.638654-05:00,PE-CONSUCODE-397,20154489895,PE-RUC,MUNICIPALIDAD PROVINCIAL DE AREQUIPA
ocds-dgv273-seacev3-2026-1587-4,ocds-dgv273-seacev3-2026-1587-4-2026-03-04T10:08:01.464121-05:00,PE-CONSUCODE-1587,20146721924,PE-RUC,MUNICIPALIDAD DISTRITAL DE CURA MORI
ocds-dgv273-seacev3-1186845,ocds-dgv273-seacev3-1186845-2026-03-04T10:08:01.187474-05:00,PE-CONSUCODE-2452,20100063337,PE-RUC,EMPRESA MUNICIPAL ADMINISTRADORA DE PEAJE DE LIMA S.A.
ocds-dgv273-seacev3-1190068,ocds-dgv273-seacev3-1190068-2026-03-03T10:15:37.671871-05:00,PE-CONSUCODE-270,20163065330,PE-RUC,MUNICIPALIDAD PROVINCIAL DE SANTA - CHIMBOTE
ocds-dgv273-seacev3-2026-10564-22,ocds-dgv273-seacev3-2026-10564-22-2026-03-03T10:15:37.002695-05:00,PE-CONSUCODE-10564,20199860551,PE-RUC,GOBIERNO REGIONAL DE PUNO-PROGRAMA REGIONAL DE RIEGO Y DRENAJE
ocds-dgv273-seacev3-1192098,ocds-dgv273-seacev3-1192098-2026-03-03T10:15:35.188716-05:00,PE-CONSUCODE-2543,20131257750,PE-RUC,SEGURO SOCIAL DE SALUD
ocds-dgv273-seacev3-1188097,ocds-dgv273-seacev3-1188097-2026-03-03T10:15:24.353835-05:00,PE-CONSUCODE-979,20204863769,PE-RUC,MUNICIPALIDAD DISTRITAL DE CHAVIN DE PARIARCA
ocds-dgv273-seacev3-1191149,ocds-dgv273-seacev3-1191149-2026-03-03T10:15:23.086931-05:00,PE-CONSUCODE-10503,20223149635,PE-RUC,GOBIERNO REGIONAL DE LA LIBERTAD - HOSPITAL REGIONAL DOCENTE DE TRUJILLO
ocds-dgv273-seacev3-2026-1576-1,ocds-dgv273-seacev3-2026-1576-1-2026-03-03T10:15:16.607245-05:00,PE-CONSUCODE-1576,20163069831,PE-RUC,MUNICIPALIDAD DISTRITAL DE VILCABAMBA - DANIEL A. CARRION
ocds-dgv273-seacev3-1191339,ocds-dgv273-seacev3-1191339-2026-03-02T09:52:57.566062-05:00,PE-CONSUCODE-10446,20159311598,PE-RUC,GOBIERNO REGIONAL DE CUSCO - PROYECTO ESPECIAL REGIONAL PLAN COPESCO
ocds-dgv273-seacev3-1191232,ocds-dgv273-seacev3-1191232-2026-03-02T09:52:55.662571-05:00,PE-CONSUCODE-1559,20190184821,PE-RUC,MUNICIPALIDAD DISTRITAL DE HUAYLLAY
ocds-dgv273-seacev3-1190433,ocds-dgv273-seacev3-1190433-2026-03-02T09:52:54.973778-05:00,PE-CONSUCODE-10401,20286907467,PE-RUC,GOBIERNO REGIONAL DE ANCASH-TRANSPORTES
ocds-dgv273-seacev3-2026-1614-2,ocds-dgv273-seacev3-2026-1614-2-2026-03-02T09:52:54.245031-05:00,PE-CONSUCODE-1614,20147030631,PE-RUC,MUNICIPALIDAD DISTRITAL DE LA MATANZA
ocds-dgv273-seacev3-2026-1983-35,ocds-dgv273-seacev3-2026-1983-35-2026-03-02T09:52:53.396630-05:00,PE-CONSUCODE-1983,20131369477,PE-RUC,INSTITUTO TECNOLOGICO DE LA PRODUCCION
ocds-dgv273-seacev3-1187027,ocds-dgv273-seacev3-1187027-2026-03-02T09:52:52.305111-05:00,PE-CONSUCODE-10567,20221107137,PE-RUC,GOBIERNO REGIONAL DE PUNO-AGRICULTURA
ocds-dgv273-seacev3-1186973,ocds-dgv273-seacev3-1186973-2026-03-02T09:52:52.290194-05:00,PE-CONSUCODE-10567,20221107137,PE-RUC,GOBIERNO REGIONAL DE PUNO-AGRICULTURA
ocds-dgv273-seacev3-1191693,ocds-dgv273-seacev3-1191693-2026-03-01T09:59:22.431724-05:00,PE-CONSUCODE-15,20131368829,PE-RUC,MINISTERIO DE ENERGIA Y MINAS
ocds-dgv273-seacev3-1191623,ocds-dgv273-seacev3-1191623-2026-03-01T09:59:22.394528-05:00,PE-CONSUCODE-15,20131368829,PE-RUC,MINISTERIO DE ENERGIA Y MINAS
ocds-dgv273-seacev3-1189861,ocds-dgv273-seacev3-1189861-2026-03-01T09:59:21.700206-05:00,PE-CONSUCODE-200276,20521286769,PE-RUC,ORGANISMO DE EVALUACION Y FISCALIZACION AMBIENTAL
ocds-dgv273-seacev3-1189557,ocds-dgv273-seacev3-1189557-2026-03-01T09:59:21.557813-05:00,PE-CONSUCODE-200276,20521286769,PE-RUC,ORGANISMO DE EVALUACION Y FISCALIZACION AMBIENTAL
ocds-dgv273-seacev3-1189552,ocds-dgv273-seacev3-1189552-2026-03-01T09:59:21.539697-05:00,PE-CONSUCODE-200276,20521286769,PE-RUC,ORGANISMO DE EVALUACION Y FISCALIZACION AMBIENTAL
ocds-dgv273-seacev3-1189097,ocds-dgv273-seacev3-1189097-2026-03-01T09:59:21.332855-05:00,PE-CONSUCODE-1227,20164091466,PE-RUC,MUNICIPALIDAD PROVINCIAL DE PACASMAYO - SAN PEDRO DE LLOC
ocds-dgv273-seacev3-2026-957-2,ocds-dgv273-seacev3-2026-957-2-2026-03-01T09:59:20.980303-05:00,PE-CONSUCODE-957,20203976756,PE-RUC,MUNICIPALIDAD DISTRITAL DE SAN PEDRO DE CHAULAN
ocds-dgv273-seacev3-1187466,ocds-dgv273-seacev3-1187466-2026-03-01T09:59:20.906443-05:00,PE-CONSUCODE-200033,20451440625,PE-RUC,MUNICIPALIDAD DISTRITAL DE SAN JUAN BAUTISTA - LORETO
ocds-dgv273-seacev3-2026-900-1,ocds-dgv273-seacev3-2026-900-1-2026-03-01T09:59:20.803156-05:00,PE-CONSUCODE-900,20207341089,PE-RUC,MUNICIPALIDAD DISTRITAL DE HUACHOS
ocds-dgv273-seacev3-1186449,ocds-dgv273-seacev3-1186449-2026-03-01T09:59:20.719919-05:00,PE-CONSUCODE-1832,20167987118,PE-RUC,MUNICIPALIDAD DISTRITAL DE SAN MARTIN ALAO
ocds-dgv273-seacev3-1191672,ocds-dgv273-seacev3-1191672-2026-03-01T09:59:18.429450-05:00,PE-CONSUCODE-15,20131368829,PE-RUC,MINISTERIO DE ENERGIA Y MINAS
ocds-dgv273-seacev3-1191688,ocds-dgv273-seacev3-1191688-2026-03-01T09:59:18.122290-05:00,PE-CONSUCODE-15,20131368829,PE-RUC,MINISTERIO DE ENERGIA Y MINAS
ocds-dgv273-seacev3-1189297,ocds-dgv273-seacev3-1189297-2026-03-01T09:59:18.048896-05:00,PE-CONSUCODE-200424,20487879241,PE-RUC,MINISTERIO PUBLICO - GERENCIA ADMINISTRATIVA DE LAMBAYEQUE
ocds-dgv273-seacev3-1190945,ocds-dgv273-seacev3-1190945-2026-03-01T09:59:17.578200-05:00,PE-CONSUCODE-1949,20135727394,PE-RUC,"CONSEJO NACIONAL DE CIENCIA, TECNOLOGIA E INNOVACION"
ocds-dgv273-seacev3-1189865,ocds-dgv273-seacev3-1189865-2026-03-01T09:59:16.401067-05:00,PE-CONSUCODE-200276,20521286769,PE-RUC,ORGANISMO DE EVALUACION Y FISCALIZACION AMBIENTAL
ocds-dgv273-seacev3-1191593,ocds-dgv273-seacev3-1191593-2026-03-01T09:59:16.325575-05:00,PE-CONSUCODE-15,20131368829,PE-RUC,MINISTERIO DE ENERGIA Y MINAS
ocds-dgv273-seacev3-1191102,ocds-dgv273-seacev3-1191102-2026-03-01T09:59:14.667204-05:00,PE-CONSUCODE-200276,20521286769,PE-RUC,ORGANISMO DE EVALUACION Y FISCALIZACION AMBIENTAL
ocds-dgv273-seacev3-2026-685-7,ocds-dgv273-seacev3-2026-685-7-2026-03-01T09:59:13.777188-05:00,PE-CONSUCODE-685,20148260843,PE-RUC,MUNICIPALIDAD PROVINCIAL DE HUALGAYOC - BAMBAMARCA
ocds-dgv273-seacev3-1187817,ocds-dgv273-seacev3-1187817-2026-03-01T09:59:13.213679-05:00,PE-CONSUCODE-34,20498390570,PE-RUC,GOBIERNO REGIONAL DE AREQUIPA Sede Central
ocds-dgv273-seacev3-1187164,ocds-dgv273-seacev3-1187164-2026-03-01T09:59:13.196005-05:00,PE-CONSUCODE-1785,20531272405,PE-RUC,MUNICIPALIDAD DISTRITAL DE AWAJUN
ocds-dgv273-seacev3-1185977,ocds-dgv273-seacev3-1185977-2026-03-01T09:59:13.066819-05:00,PE-CONSUCODE-1329,20174614271,PE-RUC,MUNICIPALIDAD DISTRITAL DE PACHACAMAC
ocds-dgv273-seacev3-2026-1096-1,ocds-dgv273-seacev3-2026-1096-1-2026-03-01T09:59:12.718218-05:00,PE-CONSUCODE-1096,20187806667,PE-RUC,MUNICIPALIDAD PROVINCIAL DE CONCEPCION
ocds-dgv273-seacev3-1186282,ocds-dgv273-seacev3-1186282-2026-03-01T09:59:12.508190-05:00,PE-CONSUCODE-1096,20187806667,PE-RUC,MUNICIPALIDAD PROVINCIAL DE CONCEPCION
ocds-dgv273-seacev3-1191691,ocds-dgv273-seacev3-1191691-2026-03-01T09:59:09.478132-05:00,PE-CONSUCODE-15,20131368829,PE-RUC,MINISTERIO DE ENERGIA Y MINAS
ocds-dgv273-seacev3-1189922,ocds-dgv273-seacev3-1189922-2026-03-01T09:59:09.080762-05:00,PE-CONSUCODE-777,20147552506,PE-RUC,MUNICIPALIDAD DISTRITAL DE PISAC
ocds-dgv273-seacev3-1190616,ocds-dgv273-seacev3-1190616-2026-03-01T09:59:07.229078-05:00,PE-CONSUCODE-1781,20178498160,PE-RUC,MUNICIPALIDAD DISTRITAL DE HUICUNGO
ocds-dgv273-seacev3-1189601,ocds-dgv273-seacev3-1189601-2026-03-01T09:59:07.179644-05:00,PE-CONSUCODE-200276,20521286769,PE-RUC,ORGANISMO DE EVALUACION Y FISCALIZACION AMBIENTAL
ocds-dgv273-seacev3-1191203,ocds-dgv273-seacev3-1191203-2026-03-01T09:59:06.929657-05:00,PE-CONSUCODE-859,20176705061,PE-RUC,MUNICIPALIDAD DISTRITAL DE ACORIA
ocds-dgv273-seacev3-1191762,ocds-dgv273-seacev3-1191762-2026-03-01T09:59:06.716620-05:00,PE-CONSUCODE-1075,20318814717,PE-RUC,MUNICIPALIDAD DISTRITAL DE COLCA - HUANCAYO
ocds-dgv273-seacev3-1187705,ocds-dgv273-seacev3-1187705-2026-03-01T09:59:05.190168-05:00,PE-CONSUCODE-196,20198352781,PE-RUC,MUNICIPALIDAD DISTRITAL DE SAN MIGUEL DE ACO
ocds-dgv273-seacev3-2026-10572-1,ocds-dgv273-seacev3-2026-10572-1-2026-03-01T09:59:04.881292-05:00,PE-CONSUCODE-10572,20364021489,PE-RUC,GOBIERNO REGIONAL DE PUNO-EDUCACION ADE AZANGARO
ocds-dgv273-seacev3-1186037,ocds-dgv273-seacev3-1186037-2026-03-01T09:59:04.247696-05:00,PE-CONSUCODE-1679,20207352871,PE-RUC,MUNICIPALIDAD DISTRITAL DE AJOYANI
ocds-dgv273-seacev3-2026-643-1,ocds-dgv273-seacev3-2026-643-1-2026-03-01T09:59:04.170069-05:00,PE-CONSUCODE-643,20191657447,PE-RUC,MUNICIPALIDAD PROVINCIAL DE CONTUMAZA
ocds-dgv273-seacev3-1186191,ocds-dgv273-seacev3-1186191-2026-03-01T09:59:04.090826-05:00,PE-CONSUCODE-1655,20172856960,PE-RUC,MUNICIPALIDAD DISTRITAL DE HUATA - PUNO
ocds-dgv273-seacev3-2026-629-3,ocds-dgv273-seacev3-2026-629-3-2026-03-01T09:59:03.546495-05:00,PE-CONSUCODE-629,20199984871,PE-RUC,MUNICIPALIDAD DISTRITAL DE CONDEBAMBA
ocds-dgv273-seacev3-2026-1170-1,ocds-dgv273-seacev3-2026-1170-1-2026-03-01T09:59:03.386483-05:00,PE-CONSUCODE-1170,20199817893,PE-RUC,MUNICIPALIDAD DISTRITAL DE SAN PEDRO DE CAJAS
ocds-dgv273-seacev3-1187479,ocds-dgv273-seacev3-1187479-2026-03-01T09:59:03.235476-05:00,PE-CONSUCODE-397,20154489895,PE-RUC,MUNICIPALIDAD PROVINCIAL DE AREQUIPA
ocds-dgv273-seacev3-2026-1889-16,ocds-dgv273-seacev3-2026-1889-16-2026-03-01T09:59:03.136589-05:00,PE-CONSUCODE-1889,20148258601,PE-RUC,UNIVERSIDAD NACIONAL DE CAJAMARCA
ocds-dgv273-seacev3-1187192,ocds-dgv273-seacev3-1187192-2026-03-01T09:59:02.907558-05:00,PE-CONSUCODE-803,20209184380,PE-RUC,MUNICIPALIDAD DISTRITAL DE QUIÑOTA
ocds-dgv273-seacev3-2026-1316-6,ocds-dgv273-seacev3-2026-1316-6-2026-03-01T09:59:02.691009-05:00,PE-CONSUCODE-1316,20168737565,PE-RUC,MUNICIPALIDAD DISTRITAL DE COMAS - LIMA
ocds-dgv273-seacev3-2026-1952-80,ocds-dgv273-seacev3-2026-1952-80-2026-03-01T09:58:59.573445-05:00,PE-CONSUCODE-1952,20419026809,PE-RUC,ORGANISMO ESPECIALIZADO PARA LAS CONTRATACIONES PUBLICAS EFICIENTES
ocds-dgv273-seacev3-1189630,ocds-dgv273-seacev3-1189630-2026-03-01T09:58:58.674260-05:00,PE-CONSUCODE-200276,20521286769,PE-RUC,ORGANISMO DE EVALUACION Y FISCALIZACION AMBIENTAL
ocds-dgv273-seacev3-1191178,ocds-dgv273-seacev3-1191178-2026-03-01T09:58:58.566194-05:00,PE-CONSUCODE-200276,20521286769,PE-RUC,ORGANISMO DE EVALUACION Y FISCALIZACION AMBIENTAL
ocds-dgv273-seacev3-2026-1499-1,ocds-dgv273-seacev3-2026-1499-1-2026-03-01T09:58:58.308025-05:00,PE-CONSUCODE-1499,20318420000,PE-RUC,MUNICIPALIDAD DISTRITAL DE SANTA CRUZ - ALTO AMAZONAS
ocds-dgv273-seacev3-2026-1886-3,ocds-dgv273-seacev3-2026-1886-3-2026-03-01T09:58:57.801084-05:00,PE-CONSUCODE-1886,20147897406,PE-RUC,UNIVERSIDAD NACIONAL AGRARIA LA MOLINA
ocds-dgv273-seacev3-2026-200344-34,ocds-dgv273-seacev3-2026-200344-34-2026-03-01T09:58:57.727960-05:00,PE-CONSUCODE-200344,20537630222,PE-RUC,MINISTERIO DE CULTURA
ocds-dgv273-seacev3-1189582,ocds-dgv273-seacev3-1189582-2026-03-01T09:58:57.698103-05:00,PE-CONSUCODE-200276,20521286769,PE-RUC,ORGANISMO DE EVALUACION Y FISCALIZACION AMBIENTAL
ocds-dgv273-seacev3-1189590,ocds-dgv273-seacev3-1189590-2026-03-01T09:58:57.080948-05:00,PE-CONSUCODE-200276,20521286769,PE-RUC,ORGANISMO DE EVALUACION Y FISCALIZACION AMBIENTAL
ocds-dgv273-seacev3-1188324,ocds-dgv273-seacev3-1188324-2026-03-01T09:58:54.891569-05:00,PE-CONSUCODE-607,20221115156,PE-RUC,MUNICIPALIDAD DISTRITAL DE SAN SALVADOR DE QUIJE
ocds-dgv273-seacev3-2026-405-1,ocds-dgv273-seacev3-2026-405-1-2026-03-01T09:58:54.872517-05:00,PE-CONSUCODE-405,20219316675,PE-RUC,MUNICIPALIDAD DISTRITAL DE MOLLEBAYA
ocds-dgv273-seacev3-1187941,ocds-dgv273-seacev3-1187941-2026-03-01T09:58:54.850213-05:00,PE-CONSUCODE-952,20166915181,PE-RUC,MUNICIPALIDAD DISTRITAL DE CHINCHAO
ocds-dgv273-seacev3-2026-200130-17,ocds-dgv273-seacev3-2026-200130-17-2026-03-01T09:58:54.709893-05:00,PE-CONSUCODE-200130,20393127431,PE-RUC,GOBIERNO REGIONAL DE UCAYALI - DIRECCION DE SALUD Nº 3 ATALAYA
ocds-dgv273-seacev3-1187484,ocds-dgv273-seacev3-1187484-2026-03-01T09:58:54.703650-05:00,PE-CONSUCODE-907,20190345344,PE-RUC,MUNICIPALIDAD PROVINCIAL DE TAYACAJA - PAMPAS
ocds-dgv273-seacev3-1187129,ocds-dgv273-seacev3-1187129-2026-03-01T09:58:54.120757-05:00,PE-CONSUCODE-35,20452393493,PE-RUC,GOBIERNO REGIONAL DE AYACUCHO SEDE CENTRAL
ocds-dgv273-seacev3-1191053,ocds-dgv273-seacev3-1191053-2026-02-28T10:11:23.988504-05:00,PE-CONSUCODE-200276,20521286769,PE-RUC,ORGANISMO DE EVALUACION Y FISCALIZACION AMBIENTAL
ocds-dgv273-seacev3-1190524,ocds-dgv273-seacev3-1190524-2026-02-28T10:11:23.649963-05:00,PE-CONSUCODE-200276,20521286769,PE-RUC,ORGANISMO DE EVALUACION Y FISCALIZACION AMBIENTAL
ocds-dgv273-seacev3-1190102,ocds-dgv273-seacev3-1190102-2026-02-28T10:11:23.561130-05:00,PE-CONSUCODE-200276,20521286769,PE-RUC,ORGANISMO DE EVALUACION Y FISCALIZACION AMBIENTAL
ocds-dgv273-seacev3-1189998,ocds-dgv273-seacev3-1189998-2026-02-28T10:11:23.525644-05:00,PE-CONSUCODE-200276,20521286769,PE-RUC,ORGANISMO DE EVALUACION Y FISCALIZACION AMBIENTAL
ocds-dgv273-seacev3-1188944,ocds-dgv273-seacev3-1188944-2026-02-28T10:11:23.449662-05:00,PE-CONSUCODE-200276,20521286769,PE-RUC,ORGANISMO DE EVALUACION Y FISCALIZACION AMBIENTAL
ocds-dgv273-seacev3-1190545,ocds-dgv273-seacev3-1190545-2026-02-28T10:11:23.421681-05:00,PE-CONSUCODE-1947,20307167442,PE-RUC,COMISION DE PROMOCION DEL PERU PARA LA EXPORTACION Y EL TURISMO - PROMPERU
ocds-dgv273-seacev3-1189855,ocds-dgv273-seacev3-1189855-2026-02-28T10:11:23.373116-05:00,PE-CONSUCODE-200276,20521286769,PE-RUC,ORGANISMO DE EVALUACION Y FISCALIZACION AMBIENTAL
ocds-dgv273-seacev3-1188507,ocds-dgv273-seacev3-1188507-2026-02-28T10:11:23.353221-05:00,PE-CONSUCODE-1500,20218524819,PE-RUC,MUNICIPALIDAD DISTRITAL DE TENIENTE CESAR LOPEZ ROJAS
ocds-dgv273-seacev3-1190562,ocds-dgv273-seacev3-1190562-2026-02-28T10:11:23.286358-05:00,PE-CONSUCODE-200276,20521286769,PE-RUC,ORGANISMO DE EVALUACION Y FISCALIZACION AMBIENTAL
ocds-dgv273-seacev3-1190547,ocds-dgv273-seacev3-1190547-2026-02-28T10:11:23.232153-05:00,PE-CONSUCODE-200276,20521286769,PE-RUC,ORGANISMO DE EVALUACION Y FISCALIZACION AMBIENTAL
ocds-dgv273-seacev3-1190549,ocds-dgv273-seacev3-1190549-2026-02-28T10:11:23.156694-05:00,PE-CONSUCODE-200276,20521286769,PE-RUC,ORGANISMO DE EVALUACION Y FISCALIZACION AMBIENTAL
ocds-dgv273-seacev3-1189890,ocds-dgv273-seacev3-1189890-2026-02-28T10:11:22.883899-05:00,PE-CONSUCODE-200276,20521286769,PE-RUC,ORGANISMO DE EVALUACION Y FISCALIZACION AMBIENTAL
ocds-dgv273-seacev3-1190543,ocds-dgv273-seacev3-1190543-2026-02-28T10:11:22.810883-05:00,PE-CONSUCODE-200276,20521286769,PE-RUC,ORGANISMO DE EVALUACION Y FISCALIZACION AMBIENTAL
ocds-dgv273-seacev3-1190656,ocds-dgv273-seacev3-1190656-2026-02-28T10:11:22.526989-05:00,PE-CONSUCODE-200276,20521286769,PE-RUC,ORGANISMO DE EVALUACION Y FISCALIZACION AMBIENTAL
ocds-dgv273-seacev3-1188722,ocds-dgv273-seacev3-1188722-2026-02-28T10:11:22.264208-05:00,PE-CONSUCODE-200276,20521286769,PE-RUC,ORGANISMO DE EVALUACION Y FISCALIZACION AMBIENTAL
ocds-dgv273-seacev3-1190946,ocds-dgv273-seacev3-1190946-2026-02-28T10:11:22.188543-05:00,PE-CONSUCODE-200276,20521286769,PE-RUC,ORGANISMO DE EVALUACION Y FISCALIZACION AMBIENTAL
ocds-dgv273-seacev3-1189850,ocds-dgv273-seacev3-1189850-2026-02-28T10:11:22.155260-05:00,PE-CONSUCODE-200119,20527180318,PE-RUC,GOBIERNO REGIONAL DE CUSCO - HOSPITAL REGIONAL CUSCO
ocds-dgv273-seacev3-1188868,ocds-dgv273-seacev3-1188868-2026-02-28T10:11:21.715864-05:00,PE-CONSUCODE-200276,20521286769,PE-RUC,ORGANISMO DE EVALUACION Y FISCALIZACION AMBIENTAL
ocds-dgv273-seacev3-1190499,ocds-dgv273-seacev3-1190499-2026-02-28T10:11:21.591379-05:00,PE-CONSUCODE-200276,20521286769,PE-RUC,ORGANISMO DE EVALUACION Y FISCALIZACION AMBIENTAL
ocds-dgv273-seacev3-1188830,ocds-dgv273-seacev3-1188830-2026-02-28T10:11:21.501348-05:00,PE-CONSUCODE-200276,20521286769,PE-RUC,ORGANISMO DE EVALUACION Y FISCALIZACION AMBIENTAL
ocds-dgv273-seacev3-2026-1156-2,ocds-dgv273-seacev3-2026-1156-2-2026-02-28T10:11:21.461452-05:00,PE-CONSUCODE-1156,20146675124,PE-RUC,MUNICIPALIDAD DISTRITAL DE COVIRIALI
ocds-dgv273-seacev3-1190124,ocds-dgv273-seacev3-1190124-2026-02-28T10:11:21.289088-05:00,PE-CONSUCODE-200276,20521286769,PE-RUC,ORGANISMO DE EVALUACION Y FISCALIZACION AMBIENTAL
ocds-dgv273-seacev3-1189194,ocds-dgv273-seacev3-1189194-2026-02-28T10:11:21.203446-05:00,PE-CONSUCODE-34,20498390570,PE-RUC,GOBIERNO REGIONAL DE AREQUIPA Sede Central
ocds-dgv273-seacev3-1189454,ocds-dgv273-seacev3-1189454-2026-02-28T10:11:20.959510-05:00,PE-CONSUCODE-200276,20521286769,PE-RUC,ORGANISMO DE EVALUACION Y FISCALIZACION AMBIENTAL
ocds-dgv273-seacev3-1189991,ocds-dgv273-seacev3-1189991-2026-02-28T10:11:20.913073-05:00,PE-CONSUCODE-200276,20521286769,PE-RUC,ORGANISMO DE EVALUACION Y FISCALIZACION AMBIENTAL
ocds-dgv273-seacev3-1188560,ocds-dgv273-seacev3-1188560-2026-02-28T10:11:19.777881-05:00,PE-CONSUCODE-200276,20521286769,PE-RUC,ORGANISMO DE EVALUACION Y FISCALIZACION AMBIENTAL
ocds-dgv273-seacev3-1186173,ocds-dgv273-seacev3-1186173-2026-02-28T10:11:19.740786-05:00,PE-CONSUCODE-1744,20195320111,PE-RUC,MUNICIPALIDAD DISTRITAL DE QUILCAPUNCU
ocds-dgv273-seacev3-1188832,ocds-dgv273-seacev3-1188832-2026-02-28T10:11:19.517160-05:00,PE-CONSUCODE-200276,20521286769,PE-RUC,ORGANISMO DE EVALUACION Y FISCALIZACION AMBIENTAL
ocds-dgv273-seacev3-1188812,ocds-dgv273-seacev3-1188812-2026-02-28T10:11:19.021947-05:00,PE-CONSUCODE-10354,20156046974,PE-RUC,MINAG - PROYECTO ESPECIAL JEQUETEPEQUE - ZAÑA
ocds-dgv273-seacev3-1187160,ocds-dgv273-seacev3-1187160-2026-02-28T10:11:18.059539-05:00,PE-CONSUCODE-200276,20521286769,PE-RUC,ORGANISMO DE EVALUACION Y FISCALIZACION AMBIENTAL
ocds-dgv273-seacev3-1187036,ocds-dgv273-seacev3-1187036-2026-02-28T10:11:17.972812-05:00,PE-CONSUCODE-1559,20190184821,PE-RUC,MUNICIPALIDAD DISTRITAL DE HUAYLLAY
ocds-dgv273-seacev3-2026-252439-4,ocds-dgv273-seacev3-2026-252439-4-2026-02-28T10:11:17.754299-05:00,PE-CONSUCODE-204990,20608738593,PE-RUC,GOBIERNO REGIONAL DE JUNÍN - INSTITUTO REGIONAL DE ENFERMEDADES NEOPLÁSICAS DEL CENTRO
ocds-dgv273-seacev3-1187215,ocds-dgv273-seacev3-1187215-2026-02-28T10:11:17.623345-05:00,PE-CONSUCODE-200276,20521286769,PE-RUC,ORGANISMO DE EVALUACION Y FISCALIZACION AMBIENTAL
ocds-dgv273-seacev3-1186890,ocds-dgv273-seacev3-1186890-2026-02-28T10:11:17.141488-05:00,PE-CONSUCODE-1053,20148420719,PE-RUC,MUNICIPALIDAD DISTRITAL DE MARCONA
ocds-dgv273-seacev3-1190128,ocds-dgv273-seacev3-1190128-2026-02-28T10:11:13.060795-05:00,PE-CONSUCODE-200276,20521286769,PE-RUC,ORGANISMO DE EVALUACION Y FISCALIZACION AMBIENTAL
ocds-dgv273-seacev3-1190004,ocds-dgv273-seacev3-1190004-2026-02-28T10:11:13.040288-05:00,PE-CONSUCODE-200276,20521286769,PE-RUC,ORGANISMO DE EVALUACION Y FISCALIZACION AMBIENTAL
ocds-dgv273-seacev3-1191116,ocds-dgv273-seacev3-1191116-2026-02-28T10:11:13.000141-05:00,PE-CONSUCODE-1947,20307167442,PE-RUC,COMISION DE PROMOCION DEL PERU PARA LA EXPORTACION Y EL TURISMO - PROMPERU
ocds-dgv273-seacev3-1189643,ocds-dgv273-seacev3-1189643-2026-02-28T10:11:12.972137-05:00,PE-CONSUCODE-200276,20521286769,PE-RUC,ORGANISMO DE EVALUACION Y FISCALIZACION AMBIENTAL
ocds-dgv273-seacev3-1189118,ocds-dgv273-seacev3-1189118-2026-02-28T10:11:12.841071-05:00,PE-CONSUCODE-200276,20521286769,PE-RUC,ORGANISMO DE EVALUACION Y FISCALIZACION AMBIENTAL
ocds-dgv273-seacev3-1188900,ocds-dgv273-seacev3-1188900-2026-02-28T10:11:12.827120-05:00,PE-CONSUCODE-200276,20521286769,PE-RUC,ORGANISMO DE EVALUACION Y FISCALIZACION AMBIENTAL
ocds-dgv273-seacev3-1188917,ocds-dgv273-seacev3-1188917-2026-02-28T10:11:12.813078-05:00,PE-CONSUCODE-200276,20521286769,PE-RUC,ORGANISMO DE EVALUACION Y FISCALIZACION AMBIENTAL
ocds-dgv273-seacev3-1189921,ocds-dgv273-seacev3-1189921-2026-02-28T10:11:12.520150-05:00,PE-CONSUCODE-200276,20521286769,PE-RUC,ORGANISMO DE EVALUACION Y FISCALIZACION AMBIENTAL
ocds-dgv273-seacev3-1189245,ocds-dgv273-seacev3-1189245-2026-02-28T10:11:12.314215-05:00,PE-CONSUCODE-608,20185780342,PE-RUC,MUNICIPALIDAD DISTRITAL DE PAICO
ocds-dgv273-seacev3-1189145,ocds-dgv273-seacev3-1189145-2026-02-28T10:11:11.886761-05:00,PE-CONSUCODE-200276,20521286769,PE-RUC,ORGANISMO DE EVALUACION Y FISCALIZACION AMBIENTAL
ocds-dgv273-seacev3-1188841,ocds-dgv273-seacev3-1188841-2026-02-28T10:11:11.611529-05:00,PE-CONSUCODE-200276,20521286769,PE-RUC,ORGANISMO DE EVALUACION Y FISCALIZACION AMBIENTAL
ocds-dgv273-seacev3-1188876,ocds-dgv273-seacev3-1188876-2026-02-28T10:11:11.536740-05:00,PE-CONSUCODE-200276,20521286769,PE-RUC,ORGANISMO DE EVALUACION Y FISCALIZACION AMBIENTAL
ocds-dgv273-seacev3-1190533,ocds-dgv273-seacev3-1190533-2026-02-28T10:11:11.388988-05:00,PE-CONSUCODE-200276,20521286769,PE-RUC,ORGANISMO DE EVALUACION Y FISCALIZACION AMBIENTAL
ocds-dgv273-seacev3-1189810,ocds-dgv273-seacev3-1189810-2026-02-28T10:11:11.322076-05:00,PE-CONSUCODE-200276,20521286769,PE-RUC,ORGANISMO DE EVALUACION Y FISCALIZACION AMBIENTAL
ocds-dgv273-seacev3-1188713,ocds-dgv273-seacev3-1188713-2026-02-28T10:11:11.307783-05:00,PE-CONSUCODE-200276,20521286769,PE-RUC,ORGANISMO DE EVALUACION Y FISCALIZACION AMBIENTAL
ocds-dgv273-seacev3-1188875,ocds-dgv273-seacev3-1188875-2026-02-28T10:11:11.101540-05:00,PE-CONSUCODE-200276,20521286769,PE-RUC,ORGANISMO DE EVALUACION Y FISCALIZACION AMBIENTAL
ocds-dgv273-seacev3-1189558,ocds-dgv273-seacev3-1189558-2026-02-28T10:11:10.430322-05:00,PE-CONSUCODE-200276,20521286769,PE-RUC,ORGANISMO DE EVALUACION Y FISCALIZACION AMBIENTAL
ocds-dgv273-seacev3-1188859,ocds-dgv273-seacev3-1188859-2026-02-28T10:11:10.377772-05:00,PE-CONSUCODE-200276,20521286769,PE-RUC,ORGANISMO DE EVALUACION Y FISCALIZACION AMBIENTAL
ocds-dgv273-seacev3-1188761,ocds-dgv273-seacev3-1188761-2026-02-28T10:11:10.363607-05:00,PE-CONSUCODE-200276,20521286769,PE-RUC,ORGANISMO DE EVALUACION Y FISCALIZACION AMBIENTAL
ocds-dgv273-seacev3-1188932,ocds-dgv273-seacev3-1188932-2026-02-28T10:11:10.131341-05:00,PE-CONSUCODE-200276,20521286769,PE-RUC,ORGANISMO DE EVALUACION Y FISCALIZACION AMBIENTAL
ocds-dgv273-seacev3-1190519,ocds-dgv273-seacev3-1190519-2026-02-28T10:11:10.103755-05:00,PE-CONSUCODE-200276,20521286769,PE-RUC,ORGANISMO DE EVALUACION Y FISCALIZACION AMBIENTAL
ocds-dgv273-seacev3-1190001,ocds-dgv273-seacev3-1190001-2026-02-28T10:11:09.174598-05:00,PE-CONSUCODE-200276,20521286769,PE-RUC,ORGANISMO DE EVALUACION Y FISCALIZACION AMBIENTAL
ocds-dgv273-seacev3-1188579,ocds-dgv273-seacev3-1188579-2026-02-28T10:11:08.844066-05:00,PE-CONSUCODE-200276,20521286769,PE-RUC,ORGANISMO DE EVALUACION Y FISCALIZACION AMBIENTAL
ocds-dgv273-seacev3-1188930,ocds-dgv273-seacev3-1188930-2026-02-28T10:11:08.606762-05:00,PE-CONSUCODE-200276,20521286769,PE-RUC,ORGANISMO DE EVALUACION Y FISCALIZACION AMBIENTAL
ocds-dgv273-seacev3-2026-820-21,ocds-dgv273-seacev3-2026-820-21-2026-02-28T10:11:08.183734-05:00,PE-CONSUCODE-820,20170327129,PE-RUC,MUNICIPALIDAD DISTRITAL DE QUELLOUNO
ocds-dgv273-seacev3-1187403,ocds-dgv273-seacev3-1187403-2026-02-28T10:11:07.463869-05:00,PE-CONSUCODE-10479,20401788990,PE-RUC,GOBIERNO REGIONAL DE JUNIN-TRANSPORTES
ocds-dgv273-seacev3-1186867,ocds-dgv273-seacev3-1186867-2026-02-28T10:11:07.239898-05:00,PE-CONSUCODE-1193,20167736468,PE-RUC,MUNICIPALIDAD DISTRITAL DE HUANCHACO
ocds-dgv273-seacev3-2026-785-2,ocds-dgv273-seacev3-2026-785-2-2026-02-28T10:11:07.015451-05:00,PE-CONSUCODE-785,20209488419,PE-RUC,MUNICIPALIDAD DISTRITAL DE LAYO
ocds-dgv273-seacev3-1187235,ocds-dgv273-seacev3-1187235-2026-02-28T10:11:06.989500-05:00,PE-CONSUCODE-200276,20521286769,PE-RUC,ORGANISMO DE EVALUACION Y FISCALIZACION AMBIENTAL
ocds-dgv273-seacev3-1190617,ocds-dgv273-seacev3-1190617-2026-02-28T10:11:02.655641-05:00,PE-CONSUCODE-200276,20521286769,PE-RUC,ORGANISMO DE EVALUACION Y FISCALIZACION AMBIENTAL
ocds-dgv273-seacev3-1189550,ocds-dgv273-seacev3-1189550-2026-02-28T10:11:02.541758-05:00,PE-CONSUCODE-200276,20521286769,PE-RUC,ORGANISMO DE EVALUACION Y FISCALIZACION AMBIENTAL
ocds-dgv273-seacev3-1190002,ocds-dgv273-seacev3-1190002-2026-02-28T10:11:02.470391-05:00,PE-CONSUCODE-200276,20521286769,PE-RUC,ORGANISMO DE EVALUACION Y FISCALIZACION AMBIENTAL
ocds-dgv273-seacev3-1189420,ocds-dgv273-seacev3-1189420-2026-02-28T10:11:02.151558-05:00,PE-CONSUCODE-200276,20521286769,PE-RUC,ORGANISMO DE EVALUACION Y FISCALIZACION AMBIENTAL
ocds-dgv273-seacev3-1188727,ocds-dgv273-seacev3-1188727-2026-02-28T10:11:02.111950-05:00,PE-CONSUCODE-200276,20521286769,PE-RUC,ORGANISMO DE EVALUACION Y FISCALIZACION AMBIENTAL
ocds-dgv273-seacev3-1189125,ocds-dgv273-seacev3-1189125-2026-02-28T10:11:01.917644-05:00,PE-CONSUCODE-200276,20521286769,PE-RUC,ORGANISMO DE EVALUACION Y FISCALIZACION AMBIENTAL
ocds-dgv273-seacev3-1189423,ocds-dgv273-seacev3-1189423-2026-02-28T10:11:01.779813-05:00,PE-CONSUCODE-200276,20521286769,PE-RUC,ORGANISMO DE EVALUACION Y FISCALIZACION AMBIENTAL
ocds-dgv273-seacev3-1189584,ocds-dgv273-seacev3-1189584-2026-02-28T10:11:01.724734-05:00,PE-CONSUCODE-14,20131370998,PE-RUC,MINISTERIO DE EDUCACION
ocds-dgv273-seacev3-1188200,ocds-dgv273-seacev3-1188200-2026-02-28T10:11:01.410616-05:00,PE-CONSUCODE-1496,20176689359,PE-RUC,MUNICIPALIDAD DISTRITAL DE MANSERICHE
ocds-dgv273-seacev3-1188782,ocds-dgv273-seacev3-1188782-2026-02-28T10:11:01.144902-05:00,PE-CONSUCODE-200276,20521286769,PE-RUC,ORGANISMO DE EVALUACION Y FISCALIZACION AMBIENTAL
ocds-dgv273-seacev3-1190624,ocds-dgv273-seacev3-1190624-2026-02-28T10:11:00.900924-05:00,PE-CONSUCODE-200276,20521286769,PE-RUC,ORGANISMO DE EVALUACION Y FISCALIZACION AMBIENTAL
ocds-dgv273-seacev3-1189095,ocds-dgv273-seacev3-1189095-2026-02-28T10:11:00.781060-05:00,PE-CONSUCODE-200276,20521286769,PE-RUC,ORGANISMO DE EVALUACION Y FISCALIZACION AMBIENTAL
ocds-dgv273-seacev3-1190532,ocds-dgv273-seacev3-1190532-2026-02-28T10:11:00.747180-05:00,PE-CONSUCODE-200276,20521286769,PE-RUC,ORGANISMO DE EVALUACION Y FISCALIZACION AMBIENTAL
ocds-dgv273-seacev3-1188176,ocds-dgv273-seacev3-1188176-2026-02-28T10:11:00.603141-05:00,PE-CONSUCODE-1496,20176689359,PE-RUC,MUNICIPALIDAD DISTRITAL DE MANSERICHE
ocds-dgv273-seacev3-1188127,ocds-dgv273-seacev3-1188127-2026-02-28T10:11:00.383462-05:00,PE-CONSUCODE-1583,20156656021,PE-RUC,MUNICIPALIDAD DISTRITAL DE PALCAZU
ocds-dgv273-seacev3-1189436,ocds-dgv273-seacev3-1189436-2026-02-28T10:11:00.348966-05:00,PE-CONSUCODE-200276,20521286769,PE-RUC,ORGANISMO DE EVALUACION Y FISCALIZACION AMBIENTAL
ocds-dgv273-seacev3-1188327,ocds-dgv273-seacev3-1188327-2026-02-28T10:11:00.309111-05:00,PE-CONSUCODE-1888,20154605046,PE-RUC,UNIVERSIDAD NACIONAL DANIEL ALCIDES CARRION
ocds-dgv273-seacev3-1188921,ocds-dgv273-seacev3-1188921-2026-02-28T10:10:59.022989-05:00,PE-CONSUCODE-200276,20521286769,PE-RUC,ORGANISMO DE EVALUACION Y FISCALIZACION AMBIENTAL
ocds-dgv273-seacev3-1188829,ocds-dgv273-seacev3-1188829-2026-02-28T10:10:59.009184-05:00,PE-CONSUCODE-200276,20521286769,PE-RUC,ORGANISMO DE EVALUACION Y FISCALIZACION AMBIENTAL
ocds-dgv273-seacev3-2026-10465-1,ocds-dgv273-seacev3-2026-10465-1-2026-02-28T10:10:58.751585-05:00,PE-CONSUCODE-10465,20201353875,PE-RUC,GOBIERNO REGIONAL DE HUANUCO-SALUD AIS UTES TINGO MARIA
ocds-dgv273-seacev3-1186952,ocds-dgv273-seacev3-1186952-2026-02-28T10:10:58.616418-05:00,PE-CONSUCODE-1286,20162368614,PE-RUC,MUNICIPALIDAD DISTRITAL DE SANTA ROSA - CHICLAYO
ocds-dgv273-seacev3-2026-1212-12,ocds-dgv273-seacev3-2026-1212-12-2026-02-28T10:10:58.256680-05:00,PE-CONSUCODE-1212,20205367994,PE-RUC,MUNICIPALIDAD DISTRITAL DE CHUGAY
ocds-dgv273-seacev3-1186799,ocds-dgv273-seacev3-1186799-2026-02-28T10:10:58.240415-05:00,PE-CONSUCODE-10570,20208128184,PE-RUC,GOBIERNO REGIONAL DE PUNO-EDUCACION ADE SAN ROMAN
ocds-dgv273-seacev3-1186846,ocds-dgv273-seacev3-1186846-2026-02-28T10:10:58.184880-05:00,PE-CONSUCODE-200190,20102708394,PE-RUC,EMPRESA DE SERVICIO PUBLICO DE ELECTRICIDAD DEL NOR OESTE DEL PERU S.A. ELECTRO NOR OESTE SA
ocds-dgv273-seacev3-1188261,ocds-dgv273-seacev3-1188261-2026-02-28T10:10:58.092368-05:00,PE-CONSUCODE-608,20185780342,PE-RUC,MUNICIPALIDAD DISTRITAL DE PAICO
ocds-dgv273-seacev3-2026-1834-6,ocds-dgv273-seacev3-2026-1834-6-2026-02-28T10:10:57.722748-05:00,PE-CONSUCODE-1834,20147796715,PE-RUC,MUNICIPALIDAD DISTRITAL DE ALTO DE LA ALIANZA
ocds-dgv273-seacev3-1186285,ocds-dgv273-seacev3-1186285-2026-02-28T10:10:57.599171-05:00,PE-CONSUCODE-200190,20102708394,PE-RUC,EMPRESA DE SERVICIO PUBLICO DE ELECTRICIDAD DEL NOR OESTE DEL PERU S.A. ELECTRO NOR OESTE SA
ocds-dgv273-seacev3-1186048,ocds-dgv273-seacev3-1186048-2026-02-28T10:10:57.559103-05:00,PE-CONSUCODE-317,20148182788,PE-RUC,MUNICIPALIDAD PROVINCIAL DE ABANCAY
ocds-dgv273-seacev3-1186216,ocds-dgv273-seacev3-1186216-2026-02-28T10:10:57.391477-05:00,PE-CONSUCODE-203286,20487671097,PE-RUC,GOBIERNO REGIONAL DE AMAZONAS  - DIRECCION DE RED DE SALUD CONDORCANQUI
ocds-dgv273-seacev3-1186385,ocds-dgv273-seacev3-1186385-2026-02-28T10:10:56.939406-05:00,PE-CONSUCODE-1314,20131368152,PE-RUC,MUNICIPALIDAD DISTRITAL DE CHORRILLOS
ocds-dgv273-seacev3-2026-1346-5,ocds-dgv273-seacev3-2026-1346-5-2026-02-28T10:10:56.891243-05:00,PE-CONSUCODE-1346,20131367423,PE-RUC,MUNICIPALIDAD DISTRITAL DE SANTIAGO DE SURCO
ocds-dgv273-seacev3-1187231,ocds-dgv273-seacev3-1187231-2026-02-28T10:10:56.818116-05:00,PE-CONSUCODE-200276,20521286769,PE-RUC,ORGANISMO DE EVALUACION Y FISCALIZACION AMBIENTAL
ocds-dgv273-seacev3-1186210,ocds-dgv273-seacev3-1186210-2026-02-28T10:10:56.762900-05:00,PE-CONSUCODE-200020,20527056579,PE-RUC,UNIVERSIDAD NACIONAL MICAELA BASTIDAS DE APURIMAC
ocds-dgv273-seacev3-1187156,ocds-dgv273-seacev3-1187156-2026-02-28T10:10:56.684177-05:00,PE-CONSUCODE-200276,20521286769,PE-RUC,ORGANISMO DE EVALUACION Y FISCALIZACION AMBIENTAL
ocds-dgv273-seacev3-1186606,ocds-dgv273-seacev3-1186606-2026-02-28T10:10:56.673182-05:00,PE-CONSUCODE-371,20205028600,PE-RUC,MUNICIPALIDAD DISTRITAL DE COYLLURQUI
ocds-dgv273-seacev3-2026-1226-1,ocds-dgv273-seacev3-2026-1226-1-2026-02-28T10:10:56.620484-05:00,PE-CONSUCODE-1226,20203917407,PE-RUC,MUNICIPALIDAD DISTRITAL DE USQUIL
ocds-dgv273-seacev3-2026-957-1,ocds-dgv273-seacev3-2026-957-1-2026-02-28T10:10:56.478468-05:00,PE-CONSUCODE-957,20203976756,PE-RUC,MUNICIPALIDAD DISTRITAL DE SAN PEDRO DE CHAULAN
ocds-dgv273-seacev3-1186953,ocds-dgv273-seacev3-1186953-2026-02-28T10:10:56.424194-05:00,PE-CONSUCODE-200276,20521286769,PE-RUC,ORGANISMO DE EVALUACION Y FISCALIZACION AMBIENTAL
ocds-dgv273-seacev3-2026-10496-1,ocds-dgv273-seacev3-2026-10496-1-2026-02-28T10:10:56.326145-05:00,PE-CONSUCODE-10496,20397492037,PE-RUC,GOBIERNO REGIONAL DE LA LIBERTAD-EDUCACION USE OTUZCO
ocds-dgv273-seacev3-1187152,ocds-dgv273-seacev3-1187152-2026-02-28T10:10:55.996143-05:00,PE-CONSUCODE-200276,20521286769,PE-RUC,ORGANISMO DE EVALUACION Y FISCALIZACION AMBIENTAL
ocds-dgv273-seacev3-1186913,ocds-dgv273-seacev3-1186913-2026-02-28T10:10:55.900364-05:00,PE-CONSUCODE-200276,20521286769,PE-RUC,ORGANISMO DE EVALUACION Y FISCALIZACION AMBIENTAL
ocds-dgv273-seacev3-1186198,ocds-dgv273-seacev3-1186198-2026-02-28T10:10:55.743800-05:00,PE-CONSUCODE-698,20215744907,PE-RUC,MUNICIPALIDAD DISTRITAL DE SANTA ROSA - JAEN
ocds-dgv273-seacev3-1186098,ocds-dgv273-seacev3-1186098-2026-02-28T10:10:55.723186-05:00,PE-CONSUCODE-402,20167246029,PE-RUC,MUNICIPALIDAD DISTRITAL LA JOYA
ocds-dgv273-seacev3-1190062,ocds-dgv273-seacev3-1190062-2026-02-28T10:10:51.193540-05:00,PE-CONSUCODE-200276,20521286769,PE-RUC,ORGANISMO DE EVALUACION Y FISCALIZACION AMBIENTAL
ocds-dgv273-seacev3-1190007,ocds-dgv273-seacev3-1190007-2026-02-28T10:10:51.179734-05:00,PE-CONSUCODE-200276,20521286769,PE-RUC,ORGANISMO DE EVALUACION Y FISCALIZACION AMBIENTAL
ocds-dgv273-seacev3-1190536,ocds-dgv273-seacev3-1190536-2026-02-28T10:10:50.824446-05:00,PE-CONSUCODE-200276,20521286769,PE-RUC,ORGANISMO DE EVALUACION Y FISCALIZACION AMBIENTAL
ocds-dgv273-seacev3-1189908,ocds-dgv273-seacev3-1189908-2026-02-28T10:10:50.699220-05:00,PE-CONSUCODE-200276,20521286769,PE-RUC,ORGANISMO DE EVALUACION Y FISCALIZACION AMBIENTAL
ocds-dgv273-seacev3-1189786,ocds-dgv273-seacev3-1189786-2026-02-28T10:10:50.499569-05:00,PE-CONSUCODE-200276,20521286769,PE-RUC,ORGANISMO DE EVALUACION Y FISCALIZACION AMBIENTAL
ocds-dgv273-seacev3-1191100,ocds-dgv273-seacev3-1191100-2026-02-28T10:10:50.453518-05:00,PE-CONSUCODE-1947,20307167442,PE-RUC,COMISION DE PROMOCION DEL PERU PARA LA EXPORTACION Y EL TURISMO - PROMPERU
ocds-dgv273-seacev3-2026-1598-4,ocds-dgv273-seacev3-2026-1598-4-2026-02-28T10:10:50.380854-05:00,PE-CONSUCODE-1598,20165913788,PE-RUC,MUNICIPALIDAD DISTRITAL DE PACAIPAMPA
ocds-dgv273-seacev3-1189936,ocds-dgv273-seacev3-1189936-2026-02-28T10:10:50.310437-05:00,PE-CONSUCODE-200276,20521286769,PE-RUC,ORGANISMO DE EVALUACION Y FISCALIZACION AMBIENTAL
ocds-dgv273-seacev3-1188906,ocds-dgv273-seacev3-1188906-2026-02-28T10:10:50.159923-05:00,PE-CONSUCODE-200276,20521286769,PE-RUC,ORGANISMO DE EVALUACION Y FISCALIZACION AMBIENTAL
ocds-dgv273-seacev3-1189133,ocds-dgv273-seacev3-1189133-2026-02-28T10:10:50.145997-05:00,PE-CONSUCODE-200276,20521286769,PE-RUC,ORGANISMO DE EVALUACION Y FISCALIZACION AMBIENTAL
ocds-dgv273-seacev3-1189489,ocds-dgv273-seacev3-1189489-2026-02-28T10:10:50.094082-05:00,PE-CONSUCODE-200276,20521286769,PE-RUC,ORGANISMO DE EVALUACION Y FISCALIZACION AMBIENTAL
ocds-dgv273-seacev3-1191022,ocds-dgv273-seacev3-1191022-2026-02-28T10:10:49.925848-05:00,PE-CONSUCODE-200276,20521286769,PE-RUC,ORGANISMO DE EVALUACION Y FISCALIZACION AMBIENTAL
ocds-dgv273-seacev3-1189968,ocds-dgv273-seacev3-1189968-2026-02-28T10:10:49.866247-05:00,PE-CONSUCODE-200276,20521286769,PE-RUC,ORGANISMO DE EVALUACION Y FISCALIZACION AMBIENTAL
ocds-dgv273-seacev3-1188864,ocds-dgv273-seacev3-1188864-2026-02-28T10:10:49.600755-05:00,PE-CONSUCODE-200276,20521286769,PE-RUC,ORGANISMO DE EVALUACION Y FISCALIZACION AMBIENTAL
ocds-dgv273-seacev3-1189798,ocds-dgv273-seacev3-1189798-2026-02-28T10:10:49.453120-05:00,PE-CONSUCODE-200276,20521286769,PE-RUC,ORGANISMO DE EVALUACION Y FISCALIZACION AMBIENTAL
ocds-dgv273-seacev3-1190741,ocds-dgv273-seacev3-1190741-2026-02-28T10:10:49.253072-05:00,PE-CONSUCODE-200276,20521286769,PE-RUC,ORGANISMO DE EVALUACION Y FISCALIZACION AMBIENTAL
ocds-dgv273-seacev3-1188867,ocds-dgv273-seacev3-1188867-2026-02-28T10:10:47.182253-05:00,PE-CONSUCODE-25,20131366966,PE-RUC,MINISTERIO DEL INTERIOR - PNP UE 001 OGA
ocds-dgv273-seacev3-2026-711-1,ocds-dgv273-seacev3-2026-711-1-2026-02-28T10:10:46.939502-05:00,PE-CONSUCODE-711,20176288958,PE-RUC,MUNICIPALIDAD DISTRITAL DE NANCHOC
ocds-dgv273-seacev3-1187831,ocds-dgv273-seacev3-1187831-2026-02-28T10:10:46.843327-05:00,PE-CONSUCODE-1883,20232953421,PE-RUC,MUNICIPALIDAD DISTRITAL DE CURIMANA
ocds-dgv273-seacev3-2026-1251-1,ocds-dgv273-seacev3-2026-1251-1-2026-02-28T10:10:46.597931-05:00,PE-CONSUCODE-1251,20192420998,PE-RUC,MUNICIPALIDAD DISTRITAL DE SANTA CRUZ DE CHUCA
ocds-dgv273-seacev3-2026-1302-5,ocds-dgv273-seacev3-2026-1302-5-2026-02-28T10:10:45.594046-05:00,PE-CONSUCODE-1302,20175975315,PE-RUC,MUNICIPALIDAD DISTRITAL DE OLMOS
ocds-dgv273-seacev3-1190529,ocds-dgv273-seacev3-1190529-2026-02-28T10:10:42.954800-05:00,PE-CONSUCODE-200276,20521286769,PE-RUC,ORGANISMO DE EVALUACION Y FISCALIZACION AMBIENTAL
ocds-dgv273-seacev3-1189567,ocds-dgv273-seacev3-1189567-2026-02-28T10:10:39.548207-05:00,PE-CONSUCODE-200276,20521286769,PE-RUC,ORGANISMO DE EVALUACION Y FISCALIZACION AMBIENTAL
ocds-dgv273-seacev3-1188889,ocds-dgv273-seacev3-1188889-2026-02-28T10:10:39.383387-05:00,PE-CONSUCODE-200276,20521286769,PE-RUC,ORGANISMO DE EVALUACION Y FISCALIZACION AMBIENTAL
ocds-dgv273-seacev3-1189445,ocds-dgv273-seacev3-1189445-2026-02-28T10:10:39.234205-05:00,PE-CONSUCODE-200276,20521286769,PE-RUC,ORGANISMO DE EVALUACION Y FISCALIZACION AMBIENTAL
ocds-dgv273-seacev3-1188725,ocds-dgv273-seacev3-1188725-2026-02-28T10:10:38.814844-05:00,PE-CONSUCODE-200276,20521286769,PE-RUC,ORGANISMO DE EVALUACION Y FISCALIZACION AMBIENTAL
ocds-dgv273-seacev3-1189949,ocds-dgv273-seacev3-1189949-2026-02-28T10:10:38.683748-05:00,PE-CONSUCODE-200276,20521286769,PE-RUC,ORGANISMO DE EVALUACION Y FISCALIZACION AMBIENTAL
ocds-dgv273-seacev3-1189512,ocds-dgv273-seacev3-1189512-2026-02-28T10:10:38.617995-05:00,PE-CONSUCODE-200276,20521286769,PE-RUC,ORGANISMO DE EVALUACION Y FISCALIZACION AMBIENTAL
ocds-dgv273-seacev3-1188711,ocds-dgv273-seacev3-1188711-2026-02-28T10:10:38.175417-05:00,PE-CONSUCODE-200276,20521286769,PE-RUC,ORGANISMO DE EVALUACION Y FISCALIZACION AMBIENTAL
ocds-dgv273-seacev3-1188842,ocds-dgv273-seacev3-1188842-2026-02-28T10:10:38.089737-05:00,PE-CONSUCODE-200276,20521286769,PE-RUC,ORGANISMO DE EVALUACION Y FISCALIZACION AMBIENTAL
ocds-dgv273-seacev3-1189620,ocds-dgv273-seacev3-1189620-2026-02-28T10:10:38.012180-05:00,PE-CONSUCODE-200276,20521286769,PE-RUC,ORGANISMO DE EVALUACION Y FISCALIZACION AMBIENTAL
ocds-dgv273-seacev3-1188884,ocds-dgv273-seacev3-1188884-2026-02-28T10:10:37.956883-05:00,PE-CONSUCODE-200276,20521286769,PE-RUC,ORGANISMO DE EVALUACION Y FISCALIZACION AMBIENTAL
ocds-dgv273-seacev3-1189443,ocds-dgv273-seacev3-1189443-2026-02-28T10:10:37.894608-05:00,PE-CONSUCODE-200276,20521286769,PE-RUC,ORGANISMO DE EVALUACION Y FISCALIZACION AMBIENTAL
ocds-dgv273-seacev3-1189116,ocds-dgv273-seacev3-1189116-2026-02-28T10:10:37.842527-05:00,PE-CONSUCODE-200276,20521286769,PE-RUC,ORGANISMO DE EVALUACION Y FISCALIZACION AMBIENTAL
ocds-dgv273-seacev3-1189826,ocds-dgv273-seacev3-1189826-2026-02-28T10:10:37.575816-05:00,PE-CONSUCODE-200276,20521286769,PE-RUC,ORGANISMO DE EVALUACION Y FISCALIZACION AMBIENTAL
ocds-dgv273-seacev3-1190923,ocds-dgv273-seacev3-1190923-2026-02-28T10:10:37.504305-05:00,PE-CONSUCODE-200276,20521286769,PE-RUC,ORGANISMO DE EVALUACION Y FISCALIZACION AMBIENTAL
ocds-dgv273-seacev3-1190793,ocds-dgv273-seacev3-1190793-2026-02-28T10:10:37.390440-05:00,PE-CONSUCODE-1594,20146728007,PE-RUC,MUNICIPALIDAD DISTRITAL DE FRIAS
ocds-dgv273-seacev3-1189823,ocds-dgv273-seacev3-1189823-2026-02-28T10:10:37.368392-05:00,PE-CONSUCODE-200276,20521286769,PE-RUC,ORGANISMO DE EVALUACION Y FISCALIZACION AMBIENTAL
ocds-dgv273-seacev3-1188941,ocds-dgv273-seacev3-1188941-2026-02-28T10:10:37.250397-05:00,PE-CONSUCODE-200276,20521286769,PE-RUC,ORGANISMO DE EVALUACION Y FISCALIZACION AMBIENTAL
ocds-dgv273-seacev3-1191104,ocds-dgv273-seacev3-1191104-2026-02-28T10:10:37.069064-05:00,PE-CONSUCODE-1947,20307167442,PE-RUC,COMISION DE PROMOCION DEL PERU PARA LA EXPORTACION Y EL TURISMO - PROMPERU
ocds-dgv273-seacev3-2026-200332-2,ocds-dgv273-seacev3-2026-200332-2-2026-02-28T10:10:35.508293-05:00,PE-CONSUCODE-200332,20494981280,PE-RUC,GOBIERNO REGIONAL DE CUSCO - UNIDAD EJECUTORA 406 : RED DE SERVICIOS DE SALUD KIMBIRI-PICHARI
ocds-dgv273-seacev3-2026-176869-2,ocds-dgv273-seacev3-2026-176869-2-2026-02-28T10:10:35.301113-05:00,PE-CONSUCODE-203966,20602398103,PE-RUC,POLICÍA NACIONAL DEL PERÚ - REGIÓN HUÁNUCO - SAN MARTÍN - UCAYALI
ocds-dgv273-seacev3-1188950,ocds-dgv273-seacev3-1188950-2026-02-28T10:10:34.780378-05:00,PE-CONSUCODE-200276,20521286769,PE-RUC,ORGANISMO DE EVALUACION Y FISCALIZACION AMBIENTAL
ocds-dgv273-seacev3-2026-200206-3,ocds-dgv273-seacev3-2026-200206-3-2026-02-28T10:10:34.760187-05:00,PE-CONSUCODE-200206,20187348341,PE-RUC,GOBIERNO REGIONAL DE SAN MARTIN - UNIDAD DE GESTION EDUCATIVA LOCAL SAN MARTIN TARAPOTO
ocds-dgv273-seacev3-1187130,ocds-dgv273-seacev3-1187130-2026-02-28T10:10:34.576536-05:00,PE-CONSUCODE-200276,20521286769,PE-RUC,ORGANISMO DE EVALUACION Y FISCALIZACION AMBIENTAL
ocds-dgv273-seacev3-1186719,ocds-dgv273-seacev3-1186719-2026-02-28T10:10:34.523575-05:00,PE-CONSUCODE-333,20201967423,PE-RUC,MUNICIPALIDAD DISTRITAL DE PACUCHA
ocds-dgv273-seacev3-2026-10507-7,ocds-dgv273-seacev3-2026-10507-7-2026-02-28T10:10:33.158478-05:00,PE-CONSUCODE-10507,20222308080,PE-RUC,GOBIERNO REGIONAL DE LA LIBERTAD - RED SALUD SANCHEZ CARRION - HOSPITAL LEONCIO PRADO
ocds-dgv273-seacev3-1187447,ocds-dgv273-seacev3-1187447-2026-02-28T10:10:32.946512-05:00,PE-CONSUCODE-1494,20205141163,PE-RUC,MUNICIPALIDAD DISTRITAL DE JEBEROS
ocds-dgv273-seacev3-1186711,ocds-dgv273-seacev3-1186711-2026-02-28T10:10:32.745220-05:00,PE-CONSUCODE-1328,20131377224,PE-RUC,MUNICIPALIDAD DISTRITAL DE MIRAFLORES - LIMA
ocds-dgv273-seacev3-1190497,ocds-dgv273-seacev3-1190497-2026-02-28T10:10:27.893798-05:00,PE-CONSUCODE-200276,20521286769,PE-RUC,ORGANISMO DE EVALUACION Y FISCALIZACION AMBIENTAL
ocds-dgv273-seacev3-1189479,ocds-dgv273-seacev3-1189479-2026-02-28T10:10:27.826387-05:00,PE-CONSUCODE-200276,20521286769,PE-RUC,ORGANISMO DE EVALUACION Y FISCALIZACION AMBIENTAL
ocds-dgv273-seacev3-1189474,ocds-dgv273-seacev3-1189474-2026-02-28T10:10:27.281316-05:00,PE-CONSUCODE-200276,20521286769,PE-RUC,ORGANISMO DE EVALUACION Y FISCALIZACION AMBIENTAL
ocds-dgv273-seacev3-1190633,ocds-dgv273-seacev3-1190633-2026-02-28T10:10:27.241124-05:00,PE-CONSUCODE-200276,20521286769,PE-RUC,ORGANISMO DE EVALUACION Y FISCALIZACION AMBIENTAL
ocds-dgv273-seacev3-1190958,ocds-dgv273-seacev3-1190958-2026-02-28T10:10:27.227053-05:00,PE-CONSUCODE-200276,20521286769,PE-RUC,ORGANISMO DE EVALUACION Y FISCALIZACION AMBIENTAL
ocds-dgv273-seacev3-1188726,ocds-dgv273-seacev3-1188726-2026-02-28T10:10:26.818100-05:00,PE-CONSUCODE-200276,20521286769,PE-RUC,ORGANISMO DE EVALUACION Y FISCALIZACION AMBIENTAL
ocds-dgv273-seacev3-1188869,ocds-dgv273-seacev3-1188869-2026-02-28T10:10:26.635147-05:00,PE-CONSUCODE-200276,20521286769,PE-RUC,ORGANISMO DE EVALUACION Y FISCALIZACION AMBIENTAL
ocds-dgv273-seacev3-1189973,ocds-dgv273-seacev3-1189973-2026-02-28T10:10:26.614657-05:00,PE-CONSUCODE-200276,20521286769,PE-RUC,ORGANISMO DE EVALUACION Y FISCALIZACION AMBIENTAL
ocds-dgv273-seacev3-1188844,ocds-dgv273-seacev3-1188844-2026-02-28T10:10:26.574808-05:00,PE-CONSUCODE-200276,20521286769,PE-RUC,ORGANISMO DE EVALUACION Y FISCALIZACION AMBIENTAL
ocds-dgv273-seacev3-1189838,ocds-dgv273-seacev3-1189838-2026-02-28T10:10:26.528121-05:00,PE-CONSUCODE-200276,20521286769,PE-RUC,ORGANISMO DE EVALUACION Y FISCALIZACION AMBIENTAL
ocds-dgv273-seacev3-1190727,ocds-dgv273-seacev3-1190727-2026-02-28T10:10:26.383589-05:00,PE-CONSUCODE-1947,20307167442,PE-RUC,COMISION DE PROMOCION DEL PERU PARA LA EXPORTACION Y EL TURISMO - PROMPERU
ocds-dgv273-seacev3-1188212,ocds-dgv273-seacev3-1188212-2026-02-28T10:10:26.332097-05:00,PE-CONSUCODE-859,20176705061,PE-RUC,MUNICIPALIDAD DISTRITAL DE ACORIA
ocds-dgv273-seacev3-1190389,ocds-dgv273-seacev3-1190389-2026-02-28T10:10:26.318195-05:00,PE-CONSUCODE-1947,20307167442,PE-RUC,COMISION DE PROMOCION DEL PERU PARA LA EXPORTACION Y EL TURISMO - PROMPERU
ocds-dgv273-seacev3-1190126,ocds-dgv273-seacev3-1190126-2026-02-28T10:10:26.254289-05:00,PE-CONSUCODE-200276,20521286769,PE-RUC,ORGANISMO DE EVALUACION Y FISCALIZACION AMBIENTAL
ocds-dgv273-seacev3-1190129,ocds-dgv273-seacev3-1190129-2026-02-28T10:10:26.240291-05:00,PE-CONSUCODE-200276,20521286769,PE-RUC,ORGANISMO DE EVALUACION Y FISCALIZACION AMBIENTAL
ocds-dgv273-seacev3-1189976,ocds-dgv273-seacev3-1189976-2026-02-28T10:10:26.226401-05:00,PE-CONSUCODE-200276,20521286769,PE-RUC,ORGANISMO DE EVALUACION Y FISCALIZACION AMBIENTAL
ocds-dgv273-seacev3-1189563,ocds-dgv273-seacev3-1189563-2026-02-28T10:10:26.212391-05:00,PE-CONSUCODE-200276,20521286769,PE-RUC,ORGANISMO DE EVALUACION Y FISCALIZACION AMBIENTAL
ocds-dgv273-seacev3-1189472,ocds-dgv273-seacev3-1189472-2026-02-28T10:10:26.040722-05:00,PE-CONSUCODE-200276,20521286769,PE-RUC,ORGANISMO DE EVALUACION Y FISCALIZACION AMBIENTAL
ocds-dgv273-seacev3-1189138,ocds-dgv273-seacev3-1189138-2026-02-28T10:10:26.013871-05:00,PE-CONSUCODE-200276,20521286769,PE-RUC,ORGANISMO DE EVALUACION Y FISCALIZACION AMBIENTAL
ocds-dgv273-seacev3-1187285,ocds-dgv273-seacev3-1187285-2026-02-28T10:10:24.973704-05:00,PE-CONSUCODE-35,20452393493,PE-RUC,GOBIERNO REGIONAL DE AYACUCHO SEDE CENTRAL
ocds-dgv273-seacev3-1188936,ocds-dgv273-seacev3-1188936-2026-02-28T10:10:24.484016-05:00,PE-CONSUCODE-200276,20521286769,PE-RUC,ORGANISMO DE EVALUACION Y FISCALIZACION AMBIENTAL
ocds-dgv273-seacev3-1188966,ocds-dgv273-seacev3-1188966-2026-02-28T10:10:24.469785-05:00,PE-CONSUCODE-200276,20521286769,PE-RUC,ORGANISMO DE EVALUACION Y FISCALIZACION AMBIENTAL
ocds-dgv273-seacev3-1186984,ocds-dgv273-seacev3-1186984-2026-02-28T10:10:22.579396-05:00,PE-CONSUCODE-10465,20201353875,PE-RUC,GOBIERNO REGIONAL DE HUANUCO-SALUD AIS UTES TINGO MARIA
ocds-dgv273-seacev3-2026-200367-2,ocds-dgv273-seacev3-2026-200367-2-2026-02-28T10:10:22.032469-05:00,PE-CONSUCODE-200367,20490338773,PE-RUC,GOBIERNO REGIONAL DE APURIMAC-GERENCIA SUBREGIONAL CHINCHEROS
ocds-dgv273-seacev3-1190451,ocds-dgv273-seacev3-1190451-2026-02-28T10:10:15.967697-05:00,PE-CONSUCODE-200512,20491232057,PE-RUC,MINISTERIO PUBLICO - GERENCIA ADMINISTRATIVA DEL CUSCO
ocds-dgv273-seacev3-1190012,ocds-dgv273-seacev3-1190012-2026-02-28T10:10:15.845571-05:00,PE-CONSUCODE-200276,20521286769,PE-RUC,ORGANISMO DE EVALUACION Y FISCALIZACION AMBIENTAL
ocds-dgv273-seacev3-1191379,ocds-dgv273-seacev3-1191379-2026-02-28T10:10:15.456160-05:00,PE-CONSUCODE-1026,20175231987,PE-RUC,MUNICIPALIDAD DISTRITAL DE LA TINGUIÑA
ocds-dgv273-seacev3-1189458,ocds-dgv273-seacev3-1189458-2026-02-28T10:10:14.845667-05:00,PE-CONSUCODE-200276,20521286769,PE-RUC,ORGANISMO DE EVALUACION Y FISCALIZACION AMBIENTAL
ocds-dgv273-seacev3-1188724,ocds-dgv273-seacev3-1188724-2026-02-28T10:10:14.703951-05:00,PE-CONSUCODE-200276,20521286769,PE-RUC,ORGANISMO DE EVALUACION Y FISCALIZACION AMBIENTAL
ocds-dgv273-seacev3-1189541,ocds-dgv273-seacev3-1189541-2026-02-28T10:10:14.670566-05:00,PE-CONSUCODE-200276,20521286769,PE-RUC,ORGANISMO DE EVALUACION Y FISCALIZACION AMBIENTAL
ocds-dgv273-seacev3-1189159,ocds-dgv273-seacev3-1189159-2026-02-28T10:10:14.583904-05:00,PE-CONSUCODE-200276,20521286769,PE-RUC,ORGANISMO DE EVALUACION Y FISCALIZACION AMBIENTAL
ocds-dgv273-seacev3-1189500,ocds-dgv273-seacev3-1189500-2026-02-28T10:10:14.570182-05:00,PE-CONSUCODE-200276,20521286769,PE-RUC,ORGANISMO DE EVALUACION Y FISCALIZACION AMBIENTAL
ocds-dgv273-seacev3-1188840,ocds-dgv273-seacev3-1188840-2026-02-28T10:10:14.492725-05:00,PE-CONSUCODE-200276,20521286769,PE-RUC,ORGANISMO DE EVALUACION Y FISCALIZACION AMBIENTAL
ocds-dgv273-seacev3-1189964,ocds-dgv273-seacev3-1189964-2026-02-28T10:10:14.274394-05:00,PE-CONSUCODE-200276,20521286769,PE-RUC,ORGANISMO DE EVALUACION Y FISCALIZACION AMBIENTAL
ocds-dgv273-seacev3-1188853,ocds-dgv273-seacev3-1188853-2026-02-28T10:10:14.221981-05:00,PE-CONSUCODE-200276,20521286769,PE-RUC,ORGANISMO DE EVALUACION Y FISCALIZACION AMBIENTAL
ocds-dgv273-seacev3-1190133,ocds-dgv273-seacev3-1190133-2026-02-28T10:10:14.201847-05:00,PE-CONSUCODE-200276,20521286769,PE-RUC,ORGANISMO DE EVALUACION Y FISCALIZACION AMBIENTAL
ocds-dgv273-seacev3-1190104,ocds-dgv273-seacev3-1190104-2026-02-28T10:10:14.188085-05:00,PE-CONSUCODE-200276,20521286769,PE-RUC,ORGANISMO DE EVALUACION Y FISCALIZACION AMBIENTAL
ocds-dgv273-seacev3-1190034,ocds-dgv273-seacev3-1190034-2026-02-28T10:10:14.174277-05:00,PE-CONSUCODE-200276,20521286769,PE-RUC,ORGANISMO DE EVALUACION Y FISCALIZACION AMBIENTAL
ocds-dgv273-seacev3-1189561,ocds-dgv273-seacev3-1189561-2026-02-28T10:10:14.160168-05:00,PE-CONSUCODE-200276,20521286769,PE-RUC,ORGANISMO DE EVALUACION Y FISCALIZACION AMBIENTAL
ocds-dgv273-seacev3-1189167,ocds-dgv273-seacev3-1189167-2026-02-28T10:10:13.885690-05:00,PE-CONSUCODE-200276,20521286769,PE-RUC,ORGANISMO DE EVALUACION Y FISCALIZACION AMBIENTAL
ocds-dgv273-seacev3-1189452,ocds-dgv273-seacev3-1189452-2026-02-28T10:10:13.671204-05:00,PE-CONSUCODE-200276,20521286769,PE-RUC,ORGANISMO DE EVALUACION Y FISCALIZACION AMBIENTAL
ocds-dgv273-seacev3-1189871,ocds-dgv273-seacev3-1189871-2026-02-28T10:10:13.600502-05:00,PE-CONSUCODE-200276,20521286769,PE-RUC,ORGANISMO DE EVALUACION Y FISCALIZACION AMBIENTAL
ocds-dgv273-seacev3-1187241,ocds-dgv273-seacev3-1187241-2026-02-28T10:10:12.738348-05:00,PE-CONSUCODE-200276,20521286769,PE-RUC,ORGANISMO DE EVALUACION Y FISCALIZACION AMBIENTAL
ocds-dgv273-seacev3-1188847,ocds-dgv273-seacev3-1188847-2026-02-28T10:10:12.663659-05:00,PE-CONSUCODE-200276,20521286769,PE-RUC,ORGANISMO DE EVALUACION Y FISCALIZACION AMBIENTAL
ocds-dgv273-seacev3-1187104,ocds-dgv273-seacev3-1187104-2026-02-28T10:10:12.624588-05:00,PE-CONSUCODE-200276,20521286769,PE-RUC,ORGANISMO DE EVALUACION Y FISCALIZACION AMBIENTAL
ocds-dgv273-seacev3-1188878,ocds-dgv273-seacev3-1188878-2026-02-28T10:10:12.396479-05:00,PE-CONSUCODE-200276,20521286769,PE-RUC,ORGANISMO DE EVALUACION Y FISCALIZACION AMBIENTAL
ocds-dgv273-seacev3-1186934,ocds-dgv273-seacev3-1186934-2026-02-28T10:10:12.369033-05:00,PE-CONSUCODE-25,20131366966,PE-RUC,MINISTERIO DEL INTERIOR - PNP UE 001 OGA
ocds-dgv273-seacev3-1186580,ocds-dgv273-seacev3-1186580-2026-02-28T10:10:11.980263-05:00,PE-CONSUCODE-688,20201987297,PE-RUC,MUNICIPALIDAD PROVINCIAL DE JAEN
ocds-dgv273-seacev3-1186147,ocds-dgv273-seacev3-1186147-2026-02-28T10:10:11.200033-05:00,PE-CONSUCODE-10552,20315880069,PE-RUC,GOBIERNO REGIONAL DE PIURA - GERENCIA SUBREGIONAL  LUCIANO CASTILLO COLONNA
ocds-dgv273-seacev3-2026-371-4,ocds-dgv273-seacev3-2026-371-4-2026-02-28T10:10:11.113183-05:00,PE-CONSUCODE-371,20205028600,PE-RUC,MUNICIPALIDAD DISTRITAL DE COYLLURQUI
ocds-dgv273-seacev3-1186405,ocds-dgv273-seacev3-1186405-2026-02-28T10:10:10.364269-05:00,PE-CONSUCODE-287,20200034997,PE-RUC,MUNICIPALIDAD DISTRITAL DE SAN JUAN - SIHUAS
ocds-dgv273-seacev3-1186061,ocds-dgv273-seacev3-1186061-2026-02-28T10:10:10.096341-05:00,PE-CONSUCODE-200033,20451440625,PE-RUC,MUNICIPALIDAD DISTRITAL DE SAN JUAN BAUTISTA - LORETO
ocds-dgv273-seacev3-1190405,ocds-dgv273-seacev3-1190405-2026-02-27T10:08:49.423867-05:00,PE-CONSUCODE-220,20195406937,PE-RUC,MUNICIPALIDAD DISTRITAL DE PAUCAS
ocds-dgv273-seacev3-1189244,ocds-dgv273-seacev3-1189244-2026-02-27T10:08:49.360848-05:00,PE-CONSUCODE-779,20171146209,PE-RUC,MUNICIPALIDAD DISTRITAL DE TARAY
ocds-dgv273-seacev3-1187671,ocds-dgv273-seacev3-1187671-2026-02-27T10:08:45.389086-05:00,PE-CONSUCODE-1007,20182308952,PE-RUC,MUNICIPALIDAD PROVINCIAL DE LAURICOCHA
ocds-dgv273-seacev3-2026-200030-9,ocds-dgv273-seacev3-2026-200030-9-2026-02-27T10:08:38.496119-05:00,PE-CONSUCODE-200030,20530688390,PE-RUC,GOBIERNO REGIONAL DE LIMA SEDE CENTRAL
ocds-dgv273-seacev3-1189417,ocds-dgv273-seacev3-1189417-2026-02-26T10:09:40.653298-05:00,PE-CONSUCODE-200276,20521286769,PE-RUC,ORGANISMO DE EVALUACION Y FISCALIZACION AMBIENTAL
ocds-dgv273-seacev3-1189090,ocds-dgv273-seacev3-1189090-2026-02-26T10:09:40.490403-05:00,PE-CONSUCODE-200276,20521286769,PE-RUC,ORGANISMO DE EVALUACION Y FISCALIZACION AMBIENTAL
ocds-dgv273-seacev3-1189088,ocds-dgv273-seacev3-1189088-2026-02-26T10:09:40.476818-05:00,PE-CONSUCODE-200276,20521286769,PE-RUC,ORGANISMO DE EVALUACION Y FISCALIZACION AMBIENTAL
ocds-dgv273-seacev3-1189078,ocds-dgv273-seacev3-1189078-2026-02-26T10:09:40.463349-05:00,PE-CONSUCODE-200276,20521286769,PE-RUC,ORGANISMO DE EVALUACION Y FISCALIZACION AMBIENTAL
ocds-dgv273-seacev3-1189036,ocds-dgv273-seacev3-1189036-2026-02-26T10:09:40.437434-05:00,PE-CONSUCODE-200276,20521286769,PE-RUC,ORGANISMO DE EVALUACION Y FISCALIZACION AMBIENTAL
ocds-dgv273-seacev3-1189033,ocds-dgv273-seacev3-1189033-2026-02-26T10:09:40.423892-05:00,PE-CONSUCODE-200276,20521286769,PE-RUC,ORGANISMO DE EVALUACION Y FISCALIZACION AMBIENTAL
ocds-dgv273-seacev3-1188839,ocds-dgv273-seacev3-1188839-2026-02-26T10:09:40.280190-05:00,PE-CONSUCODE-200276,20521286769,PE-RUC,ORGANISMO DE EVALUACION Y FISCALIZACION AMBIENTAL
ocds-dgv273-seacev3-1188755,ocds-dgv273-seacev3-1188755-2026-02-26T10:09:40.203742-05:00,PE-CONSUCODE-200276,20521286769,PE-RUC,ORGANISMO DE EVALUACION Y FISCALIZACION AMBIENTAL
ocds-dgv273-seacev3-1187310,ocds-dgv273-seacev3-1187310-2026-02-26T10:09:39.150136-05:00,PE-CONSUCODE-10049,20321735607,PE-RUC,GOBIERNO REGIONAL DE PUNO - PROGRAMA DE APOYO AL DESARROLLO RURAL ANDINO - PRADERA I
ocds-dgv273-seacev3-1187123,ocds-dgv273-seacev3-1187123-2026-02-26T10:09:39.043094-05:00,PE-CONSUCODE-200276,20521286769,PE-RUC,ORGANISMO DE EVALUACION Y FISCALIZACION AMBIENTAL
ocds-dgv273-seacev3-2026-966-2,ocds-dgv273-seacev3-2026-966-2-2026-02-26T10:09:38.765034-05:00,PE-CONSUCODE-966,20200197357,PE-RUC,MUNICIPALIDAD DISTRITAL DE SAN RAFAEL - AMBO
ocds-dgv273-seacev3-2026-345-2,ocds-dgv273-seacev3-2026-345-2-2026-02-26T10:09:38.713406-05:00,PE-CONSUCODE-345,20177891127,PE-RUC,MUNICIPALIDAD PROVINCIAL DE ANTABAMBA
ocds-dgv273-seacev3-1186106,ocds-dgv273-seacev3-1186106-2026-02-26T10:09:38.645845-05:00,PE-CONSUCODE-2381,20102762925,PE-RUC,ENTIDAD PRESTADORA DE SERVICIO DE SANEAMIENTO GRAU S.A.
ocds-dgv273-seacev3-1190666,ocds-dgv273-seacev3-1190666-2026-02-26T10:09:35.993023-05:00,PE-CONSUCODE-425,20312108284,PE-RUC,MUNICIPALIDAD DISTRITAL DE JOSE LUIS BUSTAMANTE Y RIVERO
ocds-dgv273-seacev3-1189063,ocds-dgv273-seacev3-1189063-2026-02-26T10:09:35.550918-05:00,PE-CONSUCODE-200276,20521286769,PE-RUC,ORGANISMO DE EVALUACION Y FISCALIZACION AMBIENTAL
ocds-dgv273-seacev3-1189087,ocds-dgv273-seacev3-1189087-2026-02-26T10:09:34.966671-05:00,PE-CONSUCODE-200276,20521286769,PE-RUC,ORGANISMO DE EVALUACION Y FISCALIZACION AMBIENTAL
ocds-dgv273-seacev3-1189047,ocds-dgv273-seacev3-1189047-2026-02-26T10:09:34.247435-05:00,PE-CONSUCODE-200276,20521286769,PE-RUC,ORGANISMO DE EVALUACION Y FISCALIZACION AMBIENTAL
ocds-dgv273-seacev3-1189025,ocds-dgv273-seacev3-1189025-2026-02-26T10:09:33.877772-05:00,PE-CONSUCODE-200276,20521286769,PE-RUC,ORGANISMO DE EVALUACION Y FISCALIZACION AMBIENTAL
ocds-dgv273-seacev3-1186287,ocds-dgv273-seacev3-1186287-2026-02-26T10:09:32.339487-05:00,PE-CONSUCODE-202705,20601068681,PE-RUC,MUNICIPALIDAD DISTRITAL DE VIZCATAN DEL ENE
ocds-dgv273-seacev3-1189064,ocds-dgv273-seacev3-1189064-2026-02-26T10:09:26.093706-05:00,PE-CONSUCODE-200276,20521286769,PE-RUC,ORGANISMO DE EVALUACION Y FISCALIZACION AMBIENTAL
ocds-dgv273-seacev3-1189079,ocds-dgv273-seacev3-1189079-2026-02-26T10:09:26.074073-05:00,PE-CONSUCODE-200276,20521286769,PE-RUC,ORGANISMO DE EVALUACION Y FISCALIZACION AMBIENTAL
ocds-dgv273-seacev3-1188811,ocds-dgv273-seacev3-1188811-2026-02-26T10:09:25.940040-05:00,PE-CONSUCODE-200276,20521286769,PE-RUC,ORGANISMO DE EVALUACION Y FISCALIZACION AMBIENTAL
ocds-dgv273-seacev3-1189055,ocds-dgv273-seacev3-1189055-2026-02-26T10:09:25.619119-05:00,PE-CONSUCODE-200276,20521286769,PE-RUC,ORGANISMO DE EVALUACION Y FISCALIZACION AMBIENTAL
ocds-dgv273-seacev3-1189092,ocds-dgv273-seacev3-1189092-2026-02-26T10:09:25.605360-05:00,PE-CONSUCODE-200276,20521286769,PE-RUC,ORGANISMO DE EVALUACION Y FISCALIZACION AMBIENTAL
ocds-dgv273-seacev3-1189081,ocds-dgv273-seacev3-1189081-2026-02-26T10:09:24.925214-05:00,PE-CONSUCODE-200276,20521286769,PE-RUC,ORGANISMO DE EVALUACION Y FISCALIZACION AMBIENTAL
ocds-dgv273-seacev3-1189034,ocds-dgv273-seacev3-1189034-2026-02-26T10:09:24.842172-05:00,PE-CONSUCODE-200276,20521286769,PE-RUC,ORGANISMO DE EVALUACION Y FISCALIZACION AMBIENTAL
ocds-dgv273-seacev3-1188746,ocds-dgv273-seacev3-1188746-2026-02-26T10:09:24.640798-05:00,PE-CONSUCODE-200276,20521286769,PE-RUC,ORGANISMO DE EVALUACION Y FISCALIZACION AMBIENTAL
ocds-dgv273-seacev3-2026-1922-10,ocds-dgv273-seacev3-2026-1922-10-2026-02-26T10:09:24.325630-05:00,PE-CONSUCODE-1922,20131370564,PE-RUC,"SUPERINTENDENCIA DE BANCA, SEGUROS Y AFP"
ocds-dgv273-seacev3-1188703,ocds-dgv273-seacev3-1188703-2026-02-26T10:09:24.128859-05:00,PE-CONSUCODE-200276,20521286769,PE-RUC,ORGANISMO DE EVALUACION Y FISCALIZACION AMBIENTAL
ocds-dgv273-seacev3-1188801,ocds-dgv273-seacev3-1188801-2026-02-26T10:09:23.976068-05:00,PE-CONSUCODE-200276,20521286769,PE-RUC,ORGANISMO DE EVALUACION Y FISCALIZACION AMBIENTAL
ocds-dgv273-seacev3-1189074,ocds-dgv273-seacev3-1189074-2026-02-26T10:09:23.962479-05:00,PE-CONSUCODE-200276,20521286769,PE-RUC,ORGANISMO DE EVALUACION Y FISCALIZACION AMBIENTAL
ocds-dgv273-seacev3-1188785,ocds-dgv273-seacev3-1188785-2026-02-26T10:09:23.948769-05:00,PE-CONSUCODE-200276,20521286769,PE-RUC,ORGANISMO DE EVALUACION Y FISCALIZACION AMBIENTAL
ocds-dgv273-seacev3-2026-270-38,ocds-dgv273-seacev3-2026-270-38-2026-02-26T10:09:21.836926-05:00,PE-CONSUCODE-270,20163065330,PE-RUC,MUNICIPALIDAD PROVINCIAL DE SANTA - CHIMBOTE
ocds-dgv273-seacev3-1186166,ocds-dgv273-seacev3-1186166-2026-02-26T10:09:21.442891-05:00,PE-CONSUCODE-10472,20410275849,PE-RUC,GOBIERNO REGIONAL DE ICA- EDUCACION CHINCHA- PISCO
ocds-dgv273-seacev3-1187401,ocds-dgv273-seacev3-1187401-2026-02-26T10:09:19.685931-05:00,PE-CONSUCODE-1685,20162161866,PE-RUC,MUNICIPALIDAD DISTRITAL DE OLLACHEA
ocds-dgv273-seacev3-1186991,ocds-dgv273-seacev3-1186991-2026-02-26T10:09:19.561522-05:00,PE-CONSUCODE-369,20161096068,PE-RUC,MUNICIPALIDAD PROVINCIAL DE COTABAMBAS - TAMBOBAMBA
ocds-dgv273-seacev3-1186199,ocds-dgv273-seacev3-1186199-2026-02-26T10:09:19.328584-05:00,PE-CONSUCODE-1666,20200712146,PE-RUC,MUNICIPALIDAD DISTRITAL DE ASILLO
ocds-dgv273-seacev3-2026-1686-2,ocds-dgv273-seacev3-2026-1686-2-2026-02-26T10:09:19.114566-05:00,PE-CONSUCODE-1686,20195270938,PE-RUC,MUNICIPALIDAD DISTRITAL DE SAN GABAN
ocds-dgv273-seacev3-1189035,ocds-dgv273-seacev3-1189035-2026-02-26T10:09:15.798394-05:00,PE-CONSUCODE-200276,20521286769,PE-RUC,ORGANISMO DE EVALUACION Y FISCALIZACION AMBIENTAL
ocds-dgv273-seacev3-1189066,ocds-dgv273-seacev3-1189066-2026-02-26T10:09:15.281378-05:00,PE-CONSUCODE-200276,20521286769,PE-RUC,ORGANISMO DE EVALUACION Y FISCALIZACION AMBIENTAL
ocds-dgv273-seacev3-1189029,ocds-dgv273-seacev3-1189029-2026-02-26T10:09:14.844971-05:00,PE-CONSUCODE-200276,20521286769,PE-RUC,ORGANISMO DE EVALUACION Y FISCALIZACION AMBIENTAL
ocds-dgv273-seacev3-1188788,ocds-dgv273-seacev3-1188788-2026-02-26T10:09:14.514348-05:00,PE-CONSUCODE-200276,20521286769,PE-RUC,ORGANISMO DE EVALUACION Y FISCALIZACION AMBIENTAL
ocds-dgv273-seacev3-1189037,ocds-dgv273-seacev3-1189037-2026-02-26T10:09:14.344772-05:00,PE-CONSUCODE-200276,20521286769,PE-RUC,ORGANISMO DE EVALUACION Y FISCALIZACION AMBIENTAL
ocds-dgv273-seacev3-1189421,ocds-dgv273-seacev3-1189421-2026-02-26T10:09:14.288165-05:00,PE-CONSUCODE-200276,20521286769,PE-RUC,ORGANISMO DE EVALUACION Y FISCALIZACION AMBIENTAL
ocds-dgv273-seacev3-1187122,ocds-dgv273-seacev3-1187122-2026-02-26T10:09:10.450913-05:00,PE-CONSUCODE-200276,20521286769,PE-RUC,ORGANISMO DE EVALUACION Y FISCALIZACION AMBIENTAL
ocds-dgv273-seacev3-1189051,ocds-dgv273-seacev3-1189051-2026-02-26T10:09:04.136824-05:00,PE-CONSUCODE-200276,20521286769,PE-RUC,ORGANISMO DE EVALUACION Y FISCALIZACION AMBIENTAL
ocds-dgv273-seacev3-1189168,ocds-dgv273-seacev3-1189168-2026-02-26T10:09:03.805961-05:00,PE-CONSUCODE-226,20223022210,PE-RUC,MUNICIPALIDAD DISTRITAL DE UCO
ocds-dgv273-seacev3-1189223,ocds-dgv273-seacev3-1189223-2026-02-26T10:09:03.695444-05:00,PE-CONSUCODE-200049,20452308992,PE-RUC,GOBIERNO REGIONAL DE AYACUCHO - UNIDAD EJECUTORA SALUD CENTRO AYACUCHO
ocds-dgv273-seacev3-1188815,ocds-dgv273-seacev3-1188815-2026-02-26T10:09:03.359486-05:00,PE-CONSUCODE-200276,20521286769,PE-RUC,ORGANISMO DE EVALUACION Y FISCALIZACION AMBIENTAL
ocds-dgv273-seacev3-1188791,ocds-dgv273-seacev3-1188791-2026-02-26T10:09:03.345790-05:00,PE-CONSUCODE-200276,20521286769,PE-RUC,ORGANISMO DE EVALUACION Y FISCALIZACION AMBIENTAL
ocds-dgv273-seacev3-1188781,ocds-dgv273-seacev3-1188781-2026-02-26T10:09:03.031663-05:00,PE-CONSUCODE-200276,20521286769,PE-RUC,ORGANISMO DE EVALUACION Y FISCALIZACION AMBIENTAL
ocds-dgv273-seacev3-1188747,ocds-dgv273-seacev3-1188747-2026-02-26T10:09:02.935469-05:00,PE-CONSUCODE-200276,20521286769,PE-RUC,ORGANISMO DE EVALUACION Y FISCALIZACION AMBIENTAL
ocds-dgv273-seacev3-1189534,ocds-dgv273-seacev3-1189534-2026-02-26T10:09:02.772399-05:00,PE-CONSUCODE-200276,20521286769,PE-RUC,ORGANISMO DE EVALUACION Y FISCALIZACION AMBIENTAL
ocds-dgv273-seacev3-1189085,ocds-dgv273-seacev3-1189085-2026-02-26T10:09:02.758692-05:00,PE-CONSUCODE-200276,20521286769,PE-RUC,ORGANISMO DE EVALUACION Y FISCALIZACION AMBIENTAL
ocds-dgv273-seacev3-1189082,ocds-dgv273-seacev3-1189082-2026-02-26T10:09:02.744906-05:00,PE-CONSUCODE-200276,20521286769,PE-RUC,ORGANISMO DE EVALUACION Y FISCALIZACION AMBIENTAL
ocds-dgv273-seacev3-1189032,ocds-dgv273-seacev3-1189032-2026-02-26T10:09:02.274426-05:00,PE-CONSUCODE-200276,20521286769,PE-RUC,ORGANISMO DE EVALUACION Y FISCALIZACION AMBIENTAL
ocds-dgv273-seacev3-1189077,ocds-dgv273-seacev3-1189077-2026-02-26T10:09:02.177352-05:00,PE-CONSUCODE-200276,20521286769,PE-RUC,ORGANISMO DE EVALUACION Y FISCALIZACION AMBIENTAL
ocds-dgv273-seacev3-1189028,ocds-dgv273-seacev3-1189028-2026-02-26T10:09:02.056298-05:00,PE-CONSUCODE-200276,20521286769,PE-RUC,ORGANISMO DE EVALUACION Y FISCALIZACION AMBIENTAL
ocds-dgv273-seacev3-1189411,ocds-dgv273-seacev3-1189411-2026-02-26T10:09:01.921770-05:00,PE-CONSUCODE-200049,20452308992,PE-RUC,GOBIERNO REGIONAL DE AYACUCHO - UNIDAD EJECUTORA SALUD CENTRO AYACUCHO
ocds-dgv273-seacev3-1186007,ocds-dgv273-seacev3-1186007-2026-02-26T10:08:59.463474-05:00,PE-CONSUCODE-1158,20190003541,PE-RUC,MUNICIPALIDAD DISTRITAL DE MAZAMARI
ocds-dgv273-seacev3-2026-1494-1,ocds-dgv273-seacev3-2026-1494-1-2026-02-26T10:08:58.119638-05:00,PE-CONSUCODE-1494,20205141163,PE-RUC,MUNICIPALIDAD DISTRITAL DE JEBEROS
ocds-dgv273-seacev3-1186617,ocds-dgv273-seacev3-1186617-2026-02-26T10:08:57.959540-05:00,PE-CONSUCODE-1666,20200712146,PE-RUC,MUNICIPALIDAD DISTRITAL DE ASILLO
ocds-dgv273-seacev3-2026-1838-1,ocds-dgv273-seacev3-2026-1838-1-2026-02-26T10:08:57.932207-05:00,PE-CONSUCODE-1838,20186788886,PE-RUC,MUNICIPALIDAD DISTRITAL DE PALCA - TACNA
ocds-dgv273-seacev3-1189065,ocds-dgv273-seacev3-1189065-2026-02-26T10:08:53.954200-05:00,PE-CONSUCODE-200276,20521286769,PE-RUC,ORGANISMO DE EVALUACION Y FISCALIZACION AMBIENTAL
ocds-dgv273-seacev3-1188822,ocds-dgv273-seacev3-1188822-2026-02-26T10:08:53.834224-05:00,PE-CONSUCODE-200276,20521286769,PE-RUC,ORGANISMO DE EVALUACION Y FISCALIZACION AMBIENTAL
ocds-dgv273-seacev3-1188828,ocds-dgv273-seacev3-1188828-2026-02-26T10:08:53.291326-05:00,PE-CONSUCODE-200276,20521286769,PE-RUC,ORGANISMO DE EVALUACION Y FISCALIZACION AMBIENTAL
ocds-dgv273-seacev3-1189515,ocds-dgv273-seacev3-1189515-2026-02-26T10:08:52.742505-05:00,PE-CONSUCODE-200276,20521286769,PE-RUC,ORGANISMO DE EVALUACION Y FISCALIZACION AMBIENTAL
ocds-dgv273-seacev3-1189062,ocds-dgv273-seacev3-1189062-2026-02-26T10:08:52.632820-05:00,PE-CONSUCODE-200276,20521286769,PE-RUC,ORGANISMO DE EVALUACION Y FISCALIZACION AMBIENTAL
ocds-dgv273-seacev3-1189050,ocds-dgv273-seacev3-1189050-2026-02-26T10:08:52.619054-05:00,PE-CONSUCODE-200276,20521286769,PE-RUC,ORGANISMO DE EVALUACION Y FISCALIZACION AMBIENTAL
ocds-dgv273-seacev3-1189311,ocds-dgv273-seacev3-1189311-2026-02-26T10:08:52.367373-05:00,PE-CONSUCODE-1585,20172618864,PE-RUC,MUNICIPALIDAD DISTRITAL DE CASTILLA
ocds-dgv273-seacev3-1185895,ocds-dgv273-seacev3-1185895-2026-02-26T10:08:50.560784-05:00,PE-CONSUCODE-205210,20611816953,PE-RUC,AUTORIDAD NACIONAL DE INFRAESTRUCTURA
ocds-dgv273-seacev3-1186592,ocds-dgv273-seacev3-1186592-2026-02-26T10:08:50.540569-05:00,PE-CONSUCODE-369,20161096068,PE-RUC,MUNICIPALIDAD PROVINCIAL DE COTABAMBAS - TAMBOBAMBA
ocds-dgv273-seacev3-1188033,ocds-dgv273-seacev3-1188033-2026-02-26T10:08:50.160847-05:00,PE-CONSUCODE-200522,20539910842,PE-RUC,GOBIERNO REGIONAL DE LA LIBERTAD - UNIDAD EJECUTORA EDUCACION 314 - LA ESPERANZA
ocds-dgv273-seacev3-2026-1808-2,ocds-dgv273-seacev3-2026-1808-2-2026-02-26T10:08:48.157571-05:00,PE-CONSUCODE-1808,20199960939,PE-RUC,MUNICIPALIDAD DISTRITAL DE ALTO BIAVO
ocds-dgv273-seacev3-1190170,ocds-dgv273-seacev3-1190170-2026-02-25T10:09:16.472564-05:00,PE-CONSUCODE-2426,20100003199,PE-RUC,EMPRESA NACIONAL DE PUERTOS S.A.
ocds-dgv273-seacev3-2026-218-1,ocds-dgv273-seacev3-2026-218-1-2026-02-25T10:09:13.263319-05:00,PE-CONSUCODE-218,20200033249,PE-RUC,MUNICIPALIDAD DISTRITAL DE HUANTAR
ocds-dgv273-seacev3-1187917,ocds-dgv273-seacev3-1187917-2026-02-25T10:09:12.531842-05:00,PE-CONSUCODE-204870,20608305808,PE-RUC,MUNICIPALIDAD DISTRITAL DE UNIÓN ASHÁNINKA
ocds-dgv273-seacev3-1189012,ocds-dgv273-seacev3-1189012-2026-02-25T10:09:04.361450-05:00,PE-CONSUCODE-200512,20491232057,PE-RUC,MINISTERIO PUBLICO - GERENCIA ADMINISTRATIVA DEL CUSCO
ocds-dgv273-seacev3-1190158,ocds-dgv273-seacev3-1190158-2026-02-25T10:09:03.321670-05:00,PE-CONSUCODE-2433,20100128218,PE-RUC,PETROLEOS DEL PERU S.A.
ocds-dgv273-seacev3-1187153,ocds-dgv273-seacev3-1187153-2026-02-25T10:09:02.213055-05:00,PE-CONSUCODE-1983,20131369477,PE-RUC,INSTITUTO TECNOLOGICO DE LA PRODUCCION
ocds-dgv273-seacev3-1187620,ocds-dgv273-seacev3-1187620-2026-02-25T10:09:00.998621-05:00,PE-CONSUCODE-220,20195406937,PE-RUC,MUNICIPALIDAD DISTRITAL DE PAUCAS
ocds-dgv273-seacev3-1187934,ocds-dgv273-seacev3-1187934-2026-02-25T10:09:00.928289-05:00,PE-CONSUCODE-1540,20171880115,PE-RUC,MUNICIPALIDAD DISTRITAL DE TORATA
ocds-dgv273-seacev3-1186779,ocds-dgv273-seacev3-1186779-2026-02-25T10:09:00.914168-05:00,PE-CONSUCODE-339,20172968253,PE-RUC,MUNICIPALIDAD DISTRITAL DE TALAVERA
ocds-dgv273-seacev3-1188496,ocds-dgv273-seacev3-1188496-2026-02-25T10:08:55.985393-05:00,PE-CONSUCODE-200170,20486391279,PE-RUC,GOBIERNO REGIONAL DE JUNIN  - RED DE SALUD DEL VALLE DEL MANTARO
ocds-dgv273-seacev3-1189101,ocds-dgv273-seacev3-1189101-2026-02-25T10:08:55.012297-05:00,PE-CONSUCODE-1288,20173119641,PE-RUC,MUNICIPALIDAD DISTRITAL DE LA VICTORIA - CHICLAYO
ocds-dgv273-seacev3-1186949,ocds-dgv273-seacev3-1186949-2026-02-25T10:08:52.306880-05:00,PE-CONSUCODE-1834,20147796715,PE-RUC,MUNICIPALIDAD DISTRITAL DE ALTO DE LA ALIANZA
ocds-dgv273-seacev3-2026-200033-13,ocds-dgv273-seacev3-2026-200033-13-2026-02-25T10:08:51.515804-05:00,PE-CONSUCODE-200033,20451440625,PE-RUC,MUNICIPALIDAD DISTRITAL DE SAN JUAN BAUTISTA - LORETO
ocds-dgv273-seacev3-2026-2452-32,ocds-dgv273-seacev3-2026-2452-32-2026-02-25T10:08:51.318706-05:00,PE-CONSUCODE-2452,20100063337,PE-RUC,EMPRESA MUNICIPAL ADMINISTRADORA DE PEAJE DE LIMA S.A.
ocds-dgv273-seacev3-1187133,ocds-dgv273-seacev3-1187133-2026-02-25T10:08:50.149464-05:00,PE-CONSUCODE-1983,20131369477,PE-RUC,INSTITUTO TECNOLOGICO DE LA PRODUCCION
ocds-dgv273-seacev3-1186139,ocds-dgv273-seacev3-1186139-2026-02-25T10:08:49.016050-05:00,PE-CONSUCODE-1324,20131371455,PE-RUC,MUNICIPALIDAD DISTRITAL DE LURIGANCHO (CHOSICA)
ocds-dgv273-seacev3-1188630,ocds-dgv273-seacev3-1188630-2026-02-25T10:08:42.560182-05:00,PE-CONSUCODE-200405,20207763820,PE-RUC,MUNICIPALIDAD DISTRITAL CONSTITUCION - PASCO
ocds-dgv273-seacev3-1188215,ocds-dgv273-seacev3-1188215-2026-02-25T10:08:42.553854-05:00,PE-CONSUCODE-1986,20125645039,PE-RUC,PATRONATO DEL PARQUE DE LAS LEYENDAS - FELIPE BENAVIDES BARREDA
ocds-dgv273-seacev3-2026-374-53,ocds-dgv273-seacev3-2026-374-53-2026-02-25T10:08:42.523591-05:00,PE-CONSUCODE-374,20288774553,PE-RUC,MUNICIPALIDAD DISTRITAL DE CHALLHUAHUACHO
ocds-dgv273-seacev3-2026-1493-1,ocds-dgv273-seacev3-2026-1493-1-2026-02-25T10:08:40.501835-05:00,PE-CONSUCODE-1493,20191636369,PE-RUC,MUNICIPALIDAD DISTRITAL DE CAHUAPANAS
ocds-dgv273-seacev3-1188688,ocds-dgv273-seacev3-1188688-2026-02-25T10:08:40.343930-05:00,PE-CONSUCODE-780,20177429229,PE-RUC,MUNICIPALIDAD DISTRITAL DE YANATILE
ocds-dgv273-seacev3-2026-1733-2,ocds-dgv273-seacev3-2026-1733-2-2026-02-25T10:08:38.817081-05:00,PE-CONSUCODE-1733,20205942921,PE-RUC,MUNICIPALIDAD DISTRITAL DE CABANILLAS
ocds-dgv273-seacev3-1188465,ocds-dgv273-seacev3-1188465-2026-02-25T10:08:33.918919-05:00,PE-CONSUCODE-10475,20410275504,PE-RUC,GOBIERNO REGIONAL DE ICA- SALUD PALPA- NASCA
ocds-dgv273-seacev3-1187053,ocds-dgv273-seacev3-1187053-2026-02-25T10:08:31.700895-05:00,PE-CONSUCODE-200332,20494981280,PE-RUC,GOBIERNO REGIONAL DE CUSCO - UNIDAD EJECUTORA 406 : RED DE SERVICIOS DE SALUD KIMBIRI-PICHARI
ocds-dgv273-seacev3-2026-2437-47,ocds-dgv273-seacev3-2026-2437-47-2026-02-25T10:08:31.155737-05:00,PE-CONSUCODE-2437,20256136865,PE-RUC,SERVICIOS POSTALES DEL PERU S.A.
ocds-dgv273-seacev3-2026-10170-1,ocds-dgv273-seacev3-2026-10170-1-2026-02-24T10:02:20.674821-05:00,PE-CONSUCODE-10170,20331166830,PE-RUC,UNIDAD DE GESTION EDUCATIVA LOCAL UGEL 05 - SAN JUAN DE LURIGANCHO
ocds-dgv273-seacev3-1187417,ocds-dgv273-seacev3-1187417-2026-02-24T10:02:10.883218-05:00,PE-CONSUCODE-1986,20125645039,PE-RUC,PATRONATO DEL PARQUE DE LAS LEYENDAS - FELIPE BENAVIDES BARREDA
ocds-dgv273-seacev3-1190359,ocds-dgv273-seacev3-1190359-2026-02-24T10:02:04.447587-05:00,PE-CONSUCODE-1155,20146674403,PE-RUC,MUNICIPALIDAD PROVINCIAL DE SATIPO
ocds-dgv273-seacev3-1188766,ocds-dgv273-seacev3-1188766-2026-02-23T09:52:49.525967-05:00,PE-CONSUCODE-37,20527147612,PE-RUC,GOBIERNO REGIONAL DE CUSCO SEDE CENTRAL
ocds-dgv273-seacev3-1188680,ocds-dgv273-seacev3-1188680-2026-02-22T09:58:50.838394-05:00,PE-CONSUCODE-1233,20231574116,PE-RUC,MUNICIPALIDAD DISTRITAL DE BULDIBUYO
ocds-dgv273-seacev3-1185017,ocds-dgv273-seacev3-1185017-2026-02-22T09:58:49.970736-05:00,PE-CONSUCODE-955,20166913561,PE-RUC,MUNICIPALIDAD DISTRITAL DE KICHKI
ocds-dgv273-seacev3-1187300,ocds-dgv273-seacev3-1187300-2026-02-22T09:58:49.906147-05:00,PE-CONSUCODE-544,20189212195,PE-RUC,MUNICIPALIDAD PROVINCIAL DE LA MAR - SAN MIGUEL
ocds-dgv273-seacev3-2026-1191-4,ocds-dgv273-seacev3-2026-1191-4-2026-02-22T09:58:48.449587-05:00,PE-CONSUCODE-1191,20175639391,PE-RUC,MUNICIPALIDAD PROVINCIAL DE TRUJILLO
ocds-dgv273-seacev3-1186218,ocds-dgv273-seacev3-1186218-2026-02-22T09:58:47.973759-05:00,PE-CONSUCODE-200016,20504774288,PE-RUC,MINISTERIO DE COMERCIO EXTERIOR Y TURISMO
ocds-dgv273-seacev3-1186325,ocds-dgv273-seacev3-1186325-2026-02-22T09:58:47.465610-05:00,PE-CONSUCODE-402,20167246029,PE-RUC,MUNICIPALIDAD DISTRITAL LA JOYA
ocds-dgv273-seacev3-1189435,ocds-dgv273-seacev3-1189435-2026-02-22T09:58:44.782034-05:00,PE-CONSUCODE-1960,20131367008,PE-RUC,INSTITUTO GEOFISICO DEL PERU
ocds-dgv273-seacev3-1186249,ocds-dgv273-seacev3-1186249-2026-02-22T09:58:42.248920-05:00,PE-CONSUCODE-1330,20131372699,PE-RUC,MUNICIPALIDAD DISTRITAL DE PUCUSANA
ocds-dgv273-seacev3-1188762,ocds-dgv273-seacev3-1188762-2026-02-22T09:58:41.359728-05:00,PE-CONSUCODE-548,20194772310,PE-RUC,MUNICIPALIDAD DISTRITAL DE CHUNGUI
ocds-dgv273-seacev3-2026-1805-1,ocds-dgv273-seacev3-2026-1805-1-2026-02-22T09:58:40.847582-05:00,PE-CONSUCODE-1805,20167987207,PE-RUC,MUNICIPALIDAD DISTRITAL DE SAUCE
ocds-dgv273-seacev3-2026-345-1,ocds-dgv273-seacev3-2026-345-1-2026-02-22T09:58:40.742307-05:00,PE-CONSUCODE-345,20177891127,PE-RUC,MUNICIPALIDAD PROVINCIAL DE ANTABAMBA
ocds-dgv273-seacev3-1187263,ocds-dgv273-seacev3-1187263-2026-02-22T09:58:40.477193-05:00,PE-CONSUCODE-200073,20406266380,PE-RUC,GOBIERNO REGIONAL DE PUNO-EDUCACIÓN CHUCUITO JULI
ocds-dgv273-seacev3-1187710,ocds-dgv273-seacev3-1187710-2026-02-22T09:58:39.312544-05:00,PE-CONSUCODE-218,20200033249,PE-RUC,MUNICIPALIDAD DISTRITAL DE HUANTAR
ocds-dgv273-seacev3-1187442,ocds-dgv273-seacev3-1187442-2026-02-22T09:58:39.130505-05:00,PE-CONSUCODE-1690,20214364612,PE-RUC,MUNICIPALIDAD DISTRITAL DE HUACULLANI
ocds-dgv273-seacev3-1188401,ocds-dgv273-seacev3-1188401-2026-02-22T09:58:33.224864-05:00,PE-CONSUCODE-162,20146921427,PE-RUC,MUNICIPALIDAD DISTRITAL DE INDEPENDENCIA - HUARAZ
ocds-dgv273-seacev3-1187327,ocds-dgv273-seacev3-1187327-2026-02-22T09:58:31.270087-05:00,PE-CONSUCODE-200096,20519610214,PE-RUC,MUNICIPALIDAD DISTRITAL DE CORONEL GREGORIO ALBARRACIN LANCHIPA
ocds-dgv273-seacev3-1186818,ocds-dgv273-seacev3-1186818-2026-02-22T09:58:29.992051-05:00,PE-CONSUCODE-1690,20214364612,PE-RUC,MUNICIPALIDAD DISTRITAL DE HUACULLANI
ocds-dgv273-seacev3-1186937,ocds-dgv273-seacev3-1186937-2026-02-22T09:58:29.888329-05:00,PE-CONSUCODE-746,20172022279,PE-RUC,MUNICIPALIDAD DISTRITAL DE CARMEN DE LA LEGUA REYNOSO
ocds-dgv273-seacev3-2026-1246-2,ocds-dgv273-seacev3-2026-1246-2-2026-02-22T09:58:29.431937-05:00,PE-CONSUCODE-1246,20201403724,PE-RUC,MUNICIPALIDAD DISTRITAL DE ANGASMARCA
ocds-dgv273-seacev3-2026-200066-4,ocds-dgv273-seacev3-2026-200066-4-2026-02-22T09:58:28.892501-05:00,PE-CONSUCODE-200066,20493197461,PE-RUC,GOBIERNO REGIONAL DE LORETO-EDUCACIÓN MARISCAL RAMÓN CASTILLA
ocds-dgv273-seacev3-1188860,ocds-dgv273-seacev3-1188860-2026-02-21T10:03:20.522344-05:00,PE-CONSUCODE-1947,20307167442,PE-RUC,COMISION DE PROMOCION DEL PERU PARA LA EXPORTACION Y EL TURISMO - PROMPERU
ocds-dgv273-seacev3-1188846,ocds-dgv273-seacev3-1188846-2026-02-21T10:03:20.490487-05:00,PE-CONSUCODE-10394,20488336917,PE-RUC,GOBIERNO REGIONAL DE ANCASH-SALUD UTES RECUAY CARHUAZ
ocds-dgv273-seacev3-1189342,ocds-dgv273-seacev3-1189342-2026-02-21T10:03:19.032024-05:00,PE-CONSUCODE-1155,20146674403,PE-RUC,MUNICIPALIDAD PROVINCIAL DE SATIPO
ocds-dgv273-seacev3-1189486,ocds-dgv273-seacev3-1189486-2026-02-21T10:03:12.109862-05:00,PE-CONSUCODE-200448,20541487477,PE-RUC,GOBIERNO REGIONAL DE HUANCAVELICA - EDUCACION UGEL ANGARAES
ocds-dgv273-seacev3-2026-275294-62,ocds-dgv273-seacev3-2026-275294-62-2026-02-21T10:03:08.628829-05:00,PE-CONSUCODE-205150,20609530279,PE-RUC,FOMENTO Y GESTIÓN SOSTENIBLE DE LA PRODUCCIÓN FORESTAL EN EL PERÚ
ocds-dgv273-seacev3-2026-200348-1,ocds-dgv273-seacev3-2026-200348-1-2026-02-21T10:03:07.377052-05:00,PE-CONSUCODE-200348,20528292918,PE-RUC,GOBIERNO REGIONAL DE LORETO-UNIDAD DE GESTION EDUCATIVA LOCAL DATEM DEL MARAÑON
ocds-dgv273-seacev3-1188656,ocds-dgv273-seacev3-1188656-2026-02-21T10:03:00.752514-05:00,PE-CONSUCODE-200276,20521286769,PE-RUC,ORGANISMO DE EVALUACION Y FISCALIZACION AMBIENTAL
ocds-dgv273-seacev3-1188721,ocds-dgv273-seacev3-1188721-2026-02-21T10:03:00.444035-05:00,PE-CONSUCODE-2322,20396073791,PE-RUC,MUNICIPALIDAD DISTRITAL DE TUMAN
ocds-dgv273-seacev3-2026-200348-5,ocds-dgv273-seacev3-2026-200348-5-2026-02-21T10:02:57.053156-05:00,PE-CONSUCODE-200348,20528292918,PE-RUC,GOBIERNO REGIONAL DE LORETO-UNIDAD DE GESTION EDUCATIVA LOCAL DATEM DEL MARAÑON
ocds-dgv273-seacev3-1186390,ocds-dgv273-seacev3-1186390-2026-02-21T10:02:56.999059-05:00,PE-CONSUCODE-369,20161096068,PE-RUC,MUNICIPALIDAD PROVINCIAL DE COTABAMBAS - TAMBOBAMBA
ocds-dgv273-seacev3-1187324,ocds-dgv273-seacev3-1187324-2026-02-21T10:02:56.909703-05:00,PE-CONSUCODE-747,20131369809,PE-RUC,MUNICIPALIDAD DISTRITAL DE VENTANILLA
ocds-dgv273-seacev3-1186566,ocds-dgv273-seacev3-1186566-2026-02-21T10:02:55.829305-05:00,PE-CONSUCODE-10449,20189975920,PE-RUC,GOBIERNO REGIONAL DE CUSCO - DIRECCION REGIONAL DE TRANSPORTES Y COMUNICACIONES CUSCO
ocds-dgv273-seacev3-2026-200348-2,ocds-dgv273-seacev3-2026-200348-2-2026-02-21T10:02:54.707860-05:00,PE-CONSUCODE-200348,20528292918,PE-RUC,GOBIERNO REGIONAL DE LORETO-UNIDAD DE GESTION EDUCATIVA LOCAL DATEM DEL MARAÑON
ocds-dgv273-seacev3-1188473,ocds-dgv273-seacev3-1188473-2026-02-21T10:02:51.702144-05:00,PE-CONSUCODE-200276,20521286769,PE-RUC,ORGANISMO DE EVALUACION Y FISCALIZACION AMBIENTAL
ocds-dgv273-seacev3-1188478,ocds-dgv273-seacev3-1188478-2026-02-21T10:02:51.688960-05:00,PE-CONSUCODE-200276,20521286769,PE-RUC,ORGANISMO DE EVALUACION Y FISCALIZACION AMBIENTAL
ocds-dgv273-seacev3-1188467,ocds-dgv273-seacev3-1188467-2026-02-21T10:02:51.675811-05:00,PE-CONSUCODE-200276,20521286769,PE-RUC,ORGANISMO DE EVALUACION Y FISCALIZACION AMBIENTAL
ocds-dgv273-seacev3-1189689,ocds-dgv273-seacev3-1189689-2026-02-21T10:02:51.101969-05:00,PE-CONSUCODE-10394,20488336917,PE-RUC,GOBIERNO REGIONAL DE ANCASH-SALUD UTES RECUAY CARHUAZ
ocds-dgv273-seacev3-1188654,ocds-dgv273-seacev3-1188654-2026-02-21T10:02:50.869856-05:00,PE-CONSUCODE-200276,20521286769,PE-RUC,ORGANISMO DE EVALUACION Y FISCALIZACION AMBIENTAL
ocds-dgv273-seacev3-1189521,ocds-dgv273-seacev3-1189521-2026-02-21T10:02:50.331860-05:00,PE-CONSUCODE-200276,20521286769,PE-RUC,ORGANISMO DE EVALUACION Y FISCALIZACION AMBIENTAL
ocds-dgv273-seacev3-2026-200348-4,ocds-dgv273-seacev3-2026-200348-4-2026-02-21T10:02:48.902823-05:00,PE-CONSUCODE-200348,20528292918,PE-RUC,GOBIERNO REGIONAL DE LORETO-UNIDAD DE GESTION EDUCATIVA LOCAL DATEM DEL MARAÑON
ocds-dgv273-seacev3-1186789,ocds-dgv273-seacev3-1186789-2026-02-21T10:02:47.774689-05:00,PE-CONSUCODE-201246,20574742545,PE-RUC,MUNICIPALIDAD DISTRITAL DE ANDRES AVELINO CACERES DORREGARAY
ocds-dgv273-seacev3-1186493,ocds-dgv273-seacev3-1186493-2026-02-21T10:02:47.557770-05:00,PE-CONSUCODE-1580,20215430554,PE-RUC,MUNICIPALIDAD DISTRITAL DE PUERTO BERMUDEZ
ocds-dgv273-seacev3-2026-1926-4,ocds-dgv273-seacev3-2026-1926-4-2026-02-21T10:02:47.501243-05:00,PE-CONSUCODE-1926,20122476309,PE-RUC,BANCO CENTRAL DE RESERVA DEL PERÚ
ocds-dgv273-seacev3-1186290,ocds-dgv273-seacev3-1186290-2026-02-21T10:02:45.979956-05:00,PE-CONSUCODE-10505,20221373449,PE-RUC,GOBIERNO REGIONAL DE LA LIBERTAD-SALUD UTES CHEPEN
ocds-dgv273-seacev3-1188474,ocds-dgv273-seacev3-1188474-2026-02-21T10:02:41.542788-05:00,PE-CONSUCODE-200276,20521286769,PE-RUC,ORGANISMO DE EVALUACION Y FISCALIZACION AMBIENTAL
ocds-dgv273-seacev3-1186338,ocds-dgv273-seacev3-1186338-2026-02-21T10:02:38.367868-05:00,PE-CONSUCODE-1182,20174790320,PE-RUC,MUNICIPALIDAD PROVINCIAL DE CHUPACA
ocds-dgv273-seacev3-1187020,ocds-dgv273-seacev3-1187020-2026-02-21T10:02:36.082094-05:00,PE-CONSUCODE-1829,20191635630,PE-RUC,MUNICIPALIDAD DISTRITAL DE AGUA BLANCA
ocds-dgv273-seacev3-1187202,ocds-dgv273-seacev3-1187202-2026-02-21T10:02:35.935321-05:00,PE-CONSUCODE-1735,20192146641,PE-RUC,MUNICIPALIDAD PROVINCIAL DE YUNGUYO
ocds-dgv273-seacev3-2026-200348-3,ocds-dgv273-seacev3-2026-200348-3-2026-02-21T10:02:35.655535-05:00,PE-CONSUCODE-200348,20528292918,PE-RUC,GOBIERNO REGIONAL DE LORETO-UNIDAD DE GESTION EDUCATIVA LOCAL DATEM DEL MARAÑON
ocds-dgv273-seacev3-2026-1947-348,ocds-dgv273-seacev3-2026-1947-348-2026-02-21T10:02:33.776964-05:00,PE-CONSUCODE-1947,20307167442,PE-RUC,COMISION DE PROMOCION DEL PERU PARA LA EXPORTACION Y EL TURISMO - PROMPERU
ocds-dgv273-seacev3-2026-1172-2,ocds-dgv273-seacev3-2026-1172-2-2026-02-20T10:10:25.461502-05:00,PE-CONSUCODE-1172,20120385004,PE-RUC,MUNICIPALIDAD PROVINCIAL DE YAULI - LA OROYA
ocds-dgv273-seacev3-1187336,ocds-dgv273-seacev3-1187336-2026-02-20T10:10:25.153751-05:00,PE-CONSUCODE-1331,20131366702,PE-RUC,MUNICIPALIDAD DISTRITAL DE PUENTE PIEDRA
ocds-dgv273-seacev3-2026-874-28,ocds-dgv273-seacev3-2026-874-28-2026-02-20T10:10:25.147065-05:00,PE-CONSUCODE-874,20191121954,PE-RUC,MUNICIPALIDAD PROVINCIAL DE ACOBAMBA
ocds-dgv273-seacev3-2026-200066-1,ocds-dgv273-seacev3-2026-200066-1-2026-02-20T10:10:24.043441-05:00,PE-CONSUCODE-200066,20493197461,PE-RUC,GOBIERNO REGIONAL DE LORETO-EDUCACIÓN MARISCAL RAMÓN CASTILLA
ocds-dgv273-seacev3-1187752,ocds-dgv273-seacev3-1187752-2026-02-20T10:10:23.356952-05:00,PE-CONSUCODE-10394,20488336917,PE-RUC,GOBIERNO REGIONAL DE ANCASH-SALUD UTES RECUAY CARHUAZ
ocds-dgv273-seacev3-2026-1517-1,ocds-dgv273-seacev3-2026-1517-1-2026-02-20T10:10:17.101678-05:00,PE-CONSUCODE-1517,20205141830,PE-RUC,MUNICIPALIDAD DISTRITAL DE SOPLIN
ocds-dgv273-seacev3-1187338,ocds-dgv273-seacev3-1187338-2026-02-20T10:10:16.270589-05:00,PE-CONSUCODE-1273,20275441857,PE-RUC,MUNICIPALIDAD DISTRITAL DE GUADALUPITO
ocds-dgv273-seacev3-1188751,ocds-dgv273-seacev3-1188751-2026-02-20T10:10:04.790481-05:00,PE-CONSUCODE-1947,20307167442,PE-RUC,COMISION DE PROMOCION DEL PERU PARA LA EXPORTACION Y EL TURISMO - PROMPERU
ocds-dgv273-seacev3-1186070,ocds-dgv273-seacev3-1186070-2026-02-20T10:10:04.592627-05:00,PE-CONSUCODE-200277,20528134760,PE-RUC,GOBIERNO REGIONAL DE LORETO - ORGANISMO PUBLICO INFRAESTRUCTURA PARA LA PRODUCTIVIDAD
ocds-dgv273-seacev3-2026-212-7,ocds-dgv273-seacev3-2026-212-7-2026-02-20T10:10:04.407255-05:00,PE-CONSUCODE-212,20206179695,PE-RUC,MUNICIPALIDAD DISTRITAL DE ANRA
ocds-dgv273-seacev3-2026-1003007555-1,ocds-dgv273-seacev3-2026-1003007555-1-2026-02-20T10:10:04.201215-05:00,PE-CONSUCODE-200983,20573200366,PE-RUC,GOBIERNO REGIONAL DE HUANUCO - UNIDAD EJECUTORA 310 EDUCACION YAROWILCA
ocds-dgv273-seacev3-1186305,ocds-dgv273-seacev3-1186305-2026-02-20T10:10:01.891573-05:00,PE-CONSUCODE-203286,20487671097,PE-RUC,GOBIERNO REGIONAL DE AMAZONAS  - DIRECCION DE RED DE SALUD CONDORCANQUI
ocds-dgv273-seacev3-2026-200066-2,ocds-dgv273-seacev3-2026-200066-2-2026-02-20T10:10:01.876789-05:00,PE-CONSUCODE-200066,20493197461,PE-RUC,GOBIERNO REGIONAL DE LORETO-EDUCACIÓN MARISCAL RAMÓN CASTILLA
ocds-dgv273-seacev3-2026-2371-1,ocds-dgv273-seacev3-2026-2371-1-2026-02-20T10:10:01.457831-05:00,PE-CONSUCODE-2371,20162275012,PE-RUC,EMPRESA PRESTADORA DE SERVICIOS DE SANEAMIENTO DE MOYOBAMBA SOCIEDAD ANÓNIMA
ocds-dgv273-seacev3-1187820,ocds-dgv273-seacev3-1187820-2026-02-20T10:09:55.938978-05:00,PE-CONSUCODE-10394,20488336917,PE-RUC,GOBIERNO REGIONAL DE ANCASH-SALUD UTES RECUAY CARHUAZ
ocds-dgv273-seacev3-1187273,ocds-dgv273-seacev3-1187273-2026-02-20T10:09:55.912875-05:00,PE-CONSUCODE-1569,20154623290,PE-RUC,MUNICIPALIDAD PROVINCIAL DE DANIEL CARRION - YANAHUANCA
ocds-dgv273-seacev3-2026-1345-5,ocds-dgv273-seacev3-2026-1345-5-2026-02-20T10:09:55.505816-05:00,PE-CONSUCODE-1345,20135890112,PE-RUC,MUNICIPALIDAD DISTRITAL DE SANTA ROSA - LIMA
ocds-dgv273-seacev3-1188185,ocds-dgv273-seacev3-1188185-2026-02-20T10:09:54.081846-05:00,PE-CONSUCODE-733,20186864906,PE-RUC,MUNICIPALIDAD DISTRITAL DE YAUYUCAN
ocds-dgv273-seacev3-2026-1626-2,ocds-dgv273-seacev3-2026-1626-2-2026-02-20T10:09:44.314584-05:00,PE-CONSUCODE-1626,20146992367,PE-RUC,MUNICIPALIDAD DISTRITAL DE TAMARINDO
ocds-dgv273-seacev3-2026-200066-3,ocds-dgv273-seacev3-2026-200066-3-2026-02-20T10:09:40.476302-05:00,PE-CONSUCODE-200066,20493197461,PE-RUC,GOBIERNO REGIONAL DE LORETO-EDUCACIÓN MARISCAL RAMÓN CASTILLA
ocds-dgv273-seacev3-1188736,ocds-dgv273-seacev3-1188736-2026-02-19T10:07:00.391627-05:00,PE-CONSUCODE-2426,20100003199,PE-RUC,EMPRESA NACIONAL DE PUERTOS S.A.
ocds-dgv273-seacev3-1187896,ocds-dgv273-seacev3-1187896-2026-02-19T10:06:59.977864-05:00,PE-CONSUCODE-34,20498390570,PE-RUC,GOBIERNO REGIONAL DE AREQUIPA Sede Central
ocds-dgv273-seacev3-1186985,ocds-dgv273-seacev3-1186985-2026-02-19T10:06:59.435097-05:00,PE-CONSUCODE-2360,20126850680,PE-RUC,EMPRESA MUNICIPAL DE SERVICIO DE AGUA POTABLE Y ALCANTARILLADO DE HUANUCO
ocds-dgv273-seacev3-2026-1683-1,ocds-dgv273-seacev3-2026-1683-1-2026-02-19T10:06:59.174452-05:00,PE-CONSUCODE-1683,20202703144,PE-RUC,MUNICIPALIDAD DISTRITAL DE CRUCERO
ocds-dgv273-seacev3-1188213,ocds-dgv273-seacev3-1188213-2026-02-19T10:06:54.337586-05:00,PE-CONSUCODE-1035,20175229907,PE-RUC,MUNICIPALIDAD DISTRITAL DE SUBTANJALLA
ocds-dgv273-seacev3-1186360,ocds-dgv273-seacev3-1186360-2026-02-19T10:06:51.822203-05:00,PE-CONSUCODE-1348,20187346488,PE-RUC,MUNICIPALIDAD DISTRITAL DE VILLA EL SALVADOR
ocds-dgv273-seacev3-1186975,ocds-dgv273-seacev3-1186975-2026-02-19T10:06:49.002127-05:00,PE-CONSUCODE-2360,20126850680,PE-RUC,EMPRESA MUNICIPAL DE SERVICIO DE AGUA POTABLE Y ALCANTARILLADO DE HUANUCO
ocds-dgv273-seacev3-1187540,ocds-dgv273-seacev3-1187540-2026-02-19T10:06:43.474830-05:00,PE-CONSUCODE-200140,20509510149,PE-RUC,SISTEMA METROPOLITANO DE LA SOLIDARIDAD
ocds-dgv273-seacev3-2026-425-14,ocds-dgv273-seacev3-2026-425-14-2026-02-19T10:06:40.935893-05:00,PE-CONSUCODE-425,20312108284,PE-RUC,MUNICIPALIDAD DISTRITAL DE JOSE LUIS BUSTAMANTE Y RIVERO
ocds-dgv273-seacev3-1186097,ocds-dgv273-seacev3-1186097-2026-02-19T10:06:38.704119-05:00,PE-CONSUCODE-2433,20100128218,PE-RUC,PETROLEOS DEL PERU S.A.
ocds-dgv273-seacev3-1186248,ocds-dgv273-seacev3-1186248-2026-02-19T10:06:38.109694-05:00,PE-CONSUCODE-544,20189212195,PE-RUC,MUNICIPALIDAD PROVINCIAL DE LA MAR - SAN MIGUEL
ocds-dgv273-seacev3-1188708,ocds-dgv273-seacev3-1188708-2026-02-19T10:06:33.837142-05:00,PE-CONSUCODE-10394,20488336917,PE-RUC,GOBIERNO REGIONAL DE ANCASH-SALUD UTES RECUAY CARHUAZ
ocds-dgv273-seacev3-1187379,ocds-dgv273-seacev3-1187379-2026-02-19T10:06:31.868205-05:00,PE-CONSUCODE-32,20479569861,PE-RUC,GOBIERNO REGIONAL DE AMAZONAS SEDE CENTRAL
ocds-dgv273-seacev3-1186981,ocds-dgv273-seacev3-1186981-2026-02-19T10:06:21.184393-05:00,PE-CONSUCODE-200528,20573020970,PE-RUC,GOBIERNO REGIONAL DE HUANUCO - RED DE SALUD HUAMALIES
ocds-dgv273-seacev3-2026-729-1,ocds-dgv273-seacev3-2026-729-1-2026-02-19T10:06:20.185430-05:00,PE-CONSUCODE-729,20186865384,PE-RUC,MUNICIPALIDAD DISTRITAL DE NINABAMBA
ocds-dgv273-seacev3-2026-10552-1,ocds-dgv273-seacev3-2026-10552-1-2026-02-19T10:06:17.140390-05:00,PE-CONSUCODE-10552,20315880069,PE-RUC,GOBIERNO REGIONAL DE PIURA - GERENCIA SUBREGIONAL  LUCIANO CASTILLO COLONNA
ocds-dgv273-seacev3-2026-1471-1,ocds-dgv273-seacev3-2026-1471-1-2026-02-19T10:06:16.744757-05:00,PE-CONSUCODE-1471,20177901963,PE-RUC,MUNICIPALIDAD DISTRITAL DE SUPE
ocds-dgv273-seacev3-1186819,ocds-dgv273-seacev3-1186819-2026-02-18T10:06:34.849605-05:00,PE-CONSUCODE-200528,20573020970,PE-RUC,GOBIERNO REGIONAL DE HUANUCO - RED DE SALUD HUAMALIES
ocds-dgv273-seacev3-1188088,ocds-dgv273-seacev3-1188088-2026-02-18T10:06:30.381267-05:00,PE-CONSUCODE-2322,20396073791,PE-RUC,MUNICIPALIDAD DISTRITAL DE TUMAN
ocds-dgv273-seacev3-1188159,ocds-dgv273-seacev3-1188159-2026-02-18T10:06:22.122278-05:00,PE-CONSUCODE-2322,20396073791,PE-RUC,MUNICIPALIDAD DISTRITAL DE TUMAN
ocds-dgv273-seacev3-2026-647-2,ocds-dgv273-seacev3-2026-647-2-2026-02-18T10:06:20.165595-05:00,PE-CONSUCODE-647,20182901386,PE-RUC,MUNICIPALIDAD DISTRITAL DE SAN BENITO
ocds-dgv273-seacev3-2026-10438-2,ocds-dgv273-seacev3-2026-10438-2-2026-02-18T10:06:19.368791-05:00,PE-CONSUCODE-10438,20326144852,PE-RUC,GOBIERNO REGIONAL DE CAJAMARCA-EDUCACION CUTERVO
ocds-dgv273-seacev3-1187082,ocds-dgv273-seacev3-1187082-2026-02-18T10:06:17.563377-05:00,PE-CONSUCODE-200528,20573020970,PE-RUC,GOBIERNO REGIONAL DE HUANUCO - RED DE SALUD HUAMALIES
ocds-dgv273-seacev3-1187046,ocds-dgv273-seacev3-1187046-2026-02-18T10:06:17.350057-05:00,PE-CONSUCODE-200528,20573020970,PE-RUC,GOBIERNO REGIONAL DE HUANUCO - RED DE SALUD HUAMALIES
ocds-dgv273-seacev3-1188351,ocds-dgv273-seacev3-1188351-2026-02-18T10:06:08.981936-05:00,PE-CONSUCODE-10475,20410275504,PE-RUC,GOBIERNO REGIONAL DE ICA- SALUD PALPA- NASCA
ocds-dgv273-seacev3-1188497,ocds-dgv273-seacev3-1188497-2026-02-18T10:06:00.776349-05:00,PE-CONSUCODE-10507,20222308080,PE-RUC,GOBIERNO REGIONAL DE LA LIBERTAD - RED SALUD SANCHEZ CARRION - HOSPITAL LEONCIO PRADO
ocds-dgv273-seacev3-1186315,ocds-dgv273-seacev3-1186315-2026-02-18T10:05:54.928681-05:00,PE-CONSUCODE-200169,20479951757,PE-RUC,GOBIERNO REGIONAL DE AMAZONAS - UGEL CONDORCANQUI
ocds-dgv273-seacev3-1186909,ocds-dgv273-seacev3-1186909-2026-02-17T09:59:22.961291-05:00,PE-CONSUCODE-43,20479569780,PE-RUC,GOBIERNO REGIONAL DE LAMBAYEQUE SEDE CENTRAL
ocds-dgv273-seacev3-1186703,ocds-dgv273-seacev3-1186703-2026-02-17T09:59:16.825384-05:00,PE-CONSUCODE-673,20224199946,PE-RUC,MUNICIPALIDAD DISTRITAL DE HUAMBOS
ocds-dgv273-seacev3-2026-1986-15,ocds-dgv273-seacev3-2026-1986-15-2026-02-17T09:59:14.288778-05:00,PE-CONSUCODE-1986,20125645039,PE-RUC,PATRONATO DEL PARQUE DE LAS LEYENDAS - FELIPE BENAVIDES BARREDA
ocds-dgv273-seacev3-1186942,ocds-dgv273-seacev3-1186942-2026-02-17T09:59:13.584571-05:00,PE-CONSUCODE-43,20479569780,PE-RUC,GOBIERNO REGIONAL DE LAMBAYEQUE SEDE CENTRAL
ocds-dgv273-seacev3-1187071,ocds-dgv273-seacev3-1187071-2026-02-17T09:59:07.086964-05:00,PE-CONSUCODE-43,20479569780,PE-RUC,GOBIERNO REGIONAL DE LAMBAYEQUE SEDE CENTRAL
ocds-dgv273-seacev3-1187074,ocds-dgv273-seacev3-1187074-2026-02-17T09:59:06.811821-05:00,PE-CONSUCODE-43,20479569780,PE-RUC,GOBIERNO REGIONAL DE LAMBAYEQUE SEDE CENTRAL
ocds-dgv273-seacev3-1186065,ocds-dgv273-seacev3-1186065-2026-02-17T09:59:05.981824-05:00,PE-CONSUCODE-211,20193046551,PE-RUC,MUNICIPALIDAD PROVINCIAL DE HUARI
ocds-dgv273-seacev3-1188436,ocds-dgv273-seacev3-1188436-2026-02-16T09:52:23.805443-05:00,PE-CONSUCODE-747,20131369809,PE-RUC,MUNICIPALIDAD DISTRITAL DE VENTANILLA
ocds-dgv273-seacev3-1188396,ocds-dgv273-seacev3-1188396-2026-02-16T09:52:23.742908-05:00,PE-CONSUCODE-747,20131369809,PE-RUC,MUNICIPALIDAD DISTRITAL DE VENTANILLA
ocds-dgv273-seacev3-1184836,ocds-dgv273-seacev3-1184836-2026-02-16T09:52:20.526885-05:00,PE-CONSUCODE-747,20131369809,PE-RUC,MUNICIPALIDAD DISTRITAL DE VENTANILLA
ocds-dgv273-seacev3-1188238,ocds-dgv273-seacev3-1188238-2026-02-15T09:57:30.402650-05:00,PE-CONSUCODE-2433,20100128218,PE-RUC,PETROLEOS DEL PERU S.A.
ocds-dgv273-seacev3-1186885,ocds-dgv273-seacev3-1186885-2026-02-15T09:57:28.992718-05:00,PE-CONSUCODE-1947,20307167442,PE-RUC,COMISION DE PROMOCION DEL PERU PARA LA EXPORTACION Y EL TURISMO - PROMPERU
ocds-dgv273-seacev3-1186704,ocds-dgv273-seacev3-1186704-2026-02-15T09:57:28.795387-05:00,PE-CONSUCODE-1926,20122476309,PE-RUC,BANCO CENTRAL DE RESERVA DEL PERÚ
ocds-dgv273-seacev3-1186574,ocds-dgv273-seacev3-1186574-2026-02-15T09:57:28.711589-05:00,PE-CONSUCODE-2381,20102762925,PE-RUC,ENTIDAD PRESTADORA DE SERVICIO DE SANEAMIENTO GRAU S.A.
ocds-dgv273-seacev3-1186023,ocds-dgv273-seacev3-1186023-2026-02-15T09:57:28.476805-05:00,PE-CONSUCODE-2364,20136353315,PE-RUC,ENTIDAD PRESTADORA DE SERVICIO DE SANEAMIENTO DE CUSCO S.A.
ocds-dgv273-seacev3-2026-10507-11,ocds-dgv273-seacev3-2026-10507-11-2026-02-15T09:57:23.683110-05:00,PE-CONSUCODE-10507,20222308080,PE-RUC,GOBIERNO REGIONAL DE LA LIBERTAD - RED SALUD SANCHEZ CARRION - HOSPITAL LEONCIO PRADO
ocds-dgv273-seacev3-2026-339-1,ocds-dgv273-seacev3-2026-339-1-2026-02-15T09:57:21.273328-05:00,PE-CONSUCODE-339,20172968253,PE-RUC,MUNICIPALIDAD DISTRITAL DE TALAVERA
ocds-dgv273-seacev3-1186330,ocds-dgv273-seacev3-1186330-2026-02-15T09:57:18.437256-05:00,PE-CONSUCODE-292,20210557432,PE-RUC,MUNICIPALIDAD DISTRITAL DE MATACOTO
ocds-dgv273-seacev3-1186823,ocds-dgv273-seacev3-1186823-2026-02-15T09:57:18.285263-05:00,PE-CONSUCODE-200307,20480780877,PE-RUC,GOBIERNO REGIONAL DE AMAZONAS - UNIDAD EJECUTORA 404 - SALUD UTCUBAMBA
ocds-dgv273-seacev3-1188247,ocds-dgv273-seacev3-1188247-2026-02-15T09:57:11.430318-05:00,PE-CONSUCODE-1983,20131369477,PE-RUC,INSTITUTO TECNOLOGICO DE LA PRODUCCION
ocds-dgv273-seacev3-1185802,ocds-dgv273-seacev3-1185802-2026-02-15T09:57:10.675682-05:00,PE-CONSUCODE-793,20159345573,PE-RUC,MUNICIPALIDAD DISTRITAL DE PITUMARCA
ocds-dgv273-seacev3-1185933,ocds-dgv273-seacev3-1185933-2026-02-15T09:57:10.557832-05:00,PE-CONSUCODE-200307,20480780877,PE-RUC,GOBIERNO REGIONAL DE AMAZONAS - UNIDAD EJECUTORA 404 - SALUD UTCUBAMBA
ocds-dgv273-seacev3-1187318,ocds-dgv273-seacev3-1187318-2026-02-15T09:57:08.515184-05:00,PE-CONSUCODE-749,20177217043,PE-RUC,MUNICIPALIDAD PROVINCIAL DEL CUSCO
ocds-dgv273-seacev3-1186618,ocds-dgv273-seacev3-1186618-2026-02-15T09:57:08.127794-05:00,PE-CONSUCODE-1959,20148138886,PE-RUC,INSTITUTO DEL MAR DEL PERU
ocds-dgv273-seacev3-2026-1947-41,ocds-dgv273-seacev3-2026-1947-41-2026-02-15T09:57:07.183489-05:00,PE-CONSUCODE-1947,20307167442,PE-RUC,COMISION DE PROMOCION DEL PERU PARA LA EXPORTACION Y EL TURISMO - PROMPERU
ocds-dgv273-seacev3-1186043,ocds-dgv273-seacev3-1186043-2026-02-15T09:57:07.156618-05:00,PE-CONSUCODE-200220,20481592063,PE-RUC,SERVICIO DE GESTION AMBIENTAL DE TRUJILLO - SEGAT
ocds-dgv273-seacev3-1188027,ocds-dgv273-seacev3-1188027-2026-02-14T10:03:00.463522-05:00,PE-CONSUCODE-2433,20100128218,PE-RUC,PETROLEOS DEL PERU S.A.
ocds-dgv273-seacev3-1186235,ocds-dgv273-seacev3-1186235-2026-02-14T10:02:53.305094-05:00,PE-CONSUCODE-1593,20161350461,PE-RUC,MUNICIPALIDAD PROVINCIAL DE AYABACA
ocds-dgv273-seacev3-1186409,ocds-dgv273-seacev3-1186409-2026-02-14T10:02:50.469910-05:00,PE-CONSUCODE-203966,20602398103,PE-RUC,POLICÍA NACIONAL DEL PERÚ - REGIÓN HUÁNUCO - SAN MARTÍN - UCAYALI
ocds-dgv273-seacev3-1186938,ocds-dgv273-seacev3-1186938-2026-02-14T10:02:40.231134-05:00,PE-CONSUCODE-200522,20539910842,PE-RUC,GOBIERNO REGIONAL DE LA LIBERTAD - UNIDAD EJECUTORA EDUCACION 314 - LA ESPERANZA
ocds-dgv273-seacev3-1185067,ocds-dgv273-seacev3-1185067-2026-02-14T10:02:31.591141-05:00,PE-CONSUCODE-391,20288789313,PE-RUC,MUNICIPALIDAD DISTRITAL DE COCHARCAS
ocds-dgv273-seacev3-2026-1947-324,ocds-dgv273-seacev3-2026-1947-324-2026-02-14T10:02:21.798367-05:00,PE-CONSUCODE-1947,20307167442,PE-RUC,COMISION DE PROMOCION DEL PERU PARA LA EXPORTACION Y EL TURISMO - PROMPERU
ocds-dgv273-seacev3-2026-212-9,ocds-dgv273-seacev3-2026-212-9-2026-02-14T10:02:19.872601-05:00,PE-CONSUCODE-212,20206179695,PE-RUC,MUNICIPALIDAD DISTRITAL DE ANRA
ocds-dgv273-seacev3-1186358,ocds-dgv273-seacev3-1186358-2026-02-14T10:02:19.808906-05:00,PE-CONSUCODE-1096,20187806667,PE-RUC,MUNICIPALIDAD PROVINCIAL DE CONCEPCION
ocds-dgv273-seacev3-1187794,ocds-dgv273-seacev3-1187794-2026-02-13T10:05:48.902053-05:00,PE-CONSUCODE-224,20166544000,PE-RUC,MUNICIPALIDAD DISTRITAL DE SAN MARCOS
ocds-dgv273-seacev3-1186601,ocds-dgv273-seacev3-1186601-2026-02-13T10:05:48.244602-05:00,PE-CONSUCODE-369,20161096068,PE-RUC,MUNICIPALIDAD PROVINCIAL DE COTABAMBAS - TAMBOBAMBA
ocds-dgv273-seacev3-1186770,ocds-dgv273-seacev3-1186770-2026-02-13T10:05:32.158572-05:00,PE-CONSUCODE-196,20198352781,PE-RUC,MUNICIPALIDAD DISTRITAL DE SAN MIGUEL DE ACO
ocds-dgv273-seacev3-2026-1646-7,ocds-dgv273-seacev3-2026-1646-7-2026-02-13T10:05:20.737917-05:00,PE-CONSUCODE-1646,20159249779,PE-RUC,MUNICIPALIDAD DISTRITAL DE VICE
ocds-dgv273-seacev3-1186911,ocds-dgv273-seacev3-1186911-2026-02-13T10:05:09.231726-05:00,PE-CONSUCODE-200475,20548776920,PE-RUC,PROGRAMA NACIONAL DE SANEAMIENTO RURAL
ocds-dgv273-seacev3-1187542,ocds-dgv273-seacev3-1187542-2026-02-13T10:05:09.102000-05:00,PE-CONSUCODE-1947,20307167442,PE-RUC,COMISION DE PROMOCION DEL PERU PARA LA EXPORTACION Y EL TURISMO - PROMPERU
ocds-dgv273-seacev3-1186108,ocds-dgv273-seacev3-1186108-2026-02-13T10:05:08.838627-05:00,PE-CONSUCODE-200262,20525832334,PE-RUC,GOBIERNO REGIONAL DE PIURA-HOSPITAL DE APOYO I SANTA ROSA PIURA
ocds-dgv273-seacev3-1187720,ocds-dgv273-seacev3-1187720-2026-02-13T10:05:05.848658-05:00,PE-CONSUCODE-196,20198352781,PE-RUC,MUNICIPALIDAD DISTRITAL DE SAN MIGUEL DE ACO
ocds-dgv273-seacev3-1187697,ocds-dgv273-seacev3-1187697-2026-02-13T10:05:05.842223-05:00,PE-CONSUCODE-196,20198352781,PE-RUC,MUNICIPALIDAD DISTRITAL DE SAN MIGUEL DE ACO
ocds-dgv273-seacev3-1186408,ocds-dgv273-seacev3-1186408-2026-02-12T10:06:45.985316-05:00,PE-CONSUCODE-47,20489252270,PE-RUC,GOBIERNO REGIONAL DE PASCO SEDE CENTRAL
ocds-dgv273-seacev3-1185695,ocds-dgv273-seacev3-1185695-2026-02-12T10:06:45.651117-05:00,PE-CONSUCODE-200683,20508650451,PE-RUC,IAFAS DEL EJERCITO DEL PERU (FOSPEME)
ocds-dgv273-seacev3-1187507,ocds-dgv273-seacev3-1187507-2026-02-12T10:06:42.937973-05:00,PE-CONSUCODE-200140,20509510149,PE-RUC,SISTEMA METROPOLITANO DE LA SOLIDARIDAD
ocds-dgv273-seacev3-2026-733-1,ocds-dgv273-seacev3-2026-733-1-2026-02-12T10:06:42.336197-05:00,PE-CONSUCODE-733,20186864906,PE-RUC,MUNICIPALIDAD DISTRITAL DE YAUYUCAN
ocds-dgv273-seacev3-1186349,ocds-dgv273-seacev3-1186349-2026-02-12T10:06:40.047893-05:00,PE-CONSUCODE-821,20178199251,PE-RUC,MUNICIPALIDAD DISTRITAL DE KIMBIRI
ocds-dgv273-seacev3-1187331,ocds-dgv273-seacev3-1187331-2026-02-12T10:06:08.940805-05:00,PE-CONSUCODE-34,20498390570,PE-RUC,GOBIERNO REGIONAL DE AREQUIPA Sede Central
ocds-dgv273-seacev3-1187281,ocds-dgv273-seacev3-1187281-2026-02-12T10:06:06.252002-05:00,PE-CONSUCODE-1947,20307167442,PE-RUC,COMISION DE PROMOCION DEL PERU PARA LA EXPORTACION Y EL TURISMO - PROMPERU
ocds-dgv273-seacev3-1187516,ocds-dgv273-seacev3-1187516-2026-02-11T10:04:20.693244-05:00,PE-CONSUCODE-2452,20100063337,PE-RUC,EMPRESA MUNICIPAL ADMINISTRADORA DE PEAJE DE LIMA S.A.
ocds-dgv273-seacev3-1186866,ocds-dgv273-seacev3-1186866-2026-02-11T10:04:19.102507-05:00,PE-CONSUCODE-1947,20307167442,PE-RUC,COMISION DE PROMOCION DEL PERU PARA LA EXPORTACION Y EL TURISMO - PROMPERU
ocds-dgv273-seacev3-1186853,ocds-dgv273-seacev3-1186853-2026-02-11T10:04:15.491871-05:00,PE-CONSUCODE-1947,20307167442,PE-RUC,COMISION DE PROMOCION DEL PERU PARA LA EXPORTACION Y EL TURISMO - PROMPERU
ocds-dgv273-seacev3-1186844,ocds-dgv273-seacev3-1186844-2026-02-11T10:04:07.316042-05:00,PE-CONSUCODE-1007,20182308952,PE-RUC,MUNICIPALIDAD PROVINCIAL DE LAURICOCHA
ocds-dgv273-seacev3-2026-1922-17,ocds-dgv273-seacev3-2026-1922-17-2026-02-11T10:04:04.319030-05:00,PE-CONSUCODE-1922,20131370564,PE-RUC,"SUPERINTENDENCIA DE BANCA, SEGUROS Y AFP"
ocds-dgv273-seacev3-1186835,ocds-dgv273-seacev3-1186835-2026-02-11T10:03:45.441957-05:00,PE-CONSUCODE-1947,20307167442,PE-RUC,COMISION DE PROMOCION DEL PERU PARA LA EXPORTACION Y EL TURISMO - PROMPERU
ocds-dgv273-seacev3-1186054,ocds-dgv273-seacev3-1186054-2026-02-10T09:58:46.681350-05:00,PE-CONSUCODE-151,20172268430,PE-RUC,MUNICIPALIDAD PROVINCIAL DE HUARAZ
ocds-dgv273-seacev3-1187038,ocds-dgv273-seacev3-1187038-2026-02-09T09:53:35.426509-05:00,PE-CONSUCODE-35,20452393493,PE-RUC,GOBIERNO REGIONAL DE AYACUCHO SEDE CENTRAL
ocds-dgv273-seacev3-2026-200575-1,ocds-dgv273-seacev3-2026-200575-1-2026-02-09T09:53:33.766268-05:00,PE-CONSUCODE-200575,20393274655,PE-RUC,GOBIERNO REGIONAL DE UCAYALI - UNIDAD EJECUTORA 303 EDUCACION CORONEL PORTILLO
ocds-dgv273-seacev3-1187098,ocds-dgv273-seacev3-1187098-2026-02-08T10:00:21.978939-05:00,PE-CONSUCODE-270,20163065330,PE-RUC,MUNICIPALIDAD PROVINCIAL DE SANTA - CHIMBOTE
ocds-dgv273-seacev3-2026-1053-2,ocds-dgv273-seacev3-2026-1053-2-2026-02-08T10:00:21.746287-05:00,PE-CONSUCODE-1053,20148420719,PE-RUC,MUNICIPALIDAD DISTRITAL DE MARCONA
ocds-dgv273-seacev3-2026-1947-293,ocds-dgv273-seacev3-2026-1947-293-2026-02-08T10:00:21.569477-05:00,PE-CONSUCODE-1947,20307167442,PE-RUC,COMISION DE PROMOCION DEL PERU PARA LA EXPORTACION Y EL TURISMO - PROMPERU
ocds-dgv273-seacev3-2026-1785-1,ocds-dgv273-seacev3-2026-1785-1-2026-02-08T10:00:21.219608-05:00,PE-CONSUCODE-1785,20531272405,PE-RUC,MUNICIPALIDAD DISTRITAL DE AWAJUN
ocds-dgv273-seacev3-2026-1947-322,ocds-dgv273-seacev3-2026-1947-322-2026-02-08T10:00:15.901349-05:00,PE-CONSUCODE-1947,20307167442,PE-RUC,COMISION DE PROMOCION DEL PERU PARA LA EXPORTACION Y EL TURISMO - PROMPERU
ocds-dgv273-seacev3-1186791,ocds-dgv273-seacev3-1186791-2026-02-08T10:00:11.503309-05:00,PE-CONSUCODE-1947,20307167442,PE-RUC,COMISION DE PROMOCION DEL PERU PARA LA EXPORTACION Y EL TURISMO - PROMPERU
ocds-dgv273-seacev3-2026-1811-1,ocds-dgv273-seacev3-2026-1811-1-2026-02-08T10:00:02.422553-05:00,PE-CONSUCODE-1811,20193188851,PE-RUC,MUNICIPALIDAD DISTRITAL DE SAN PABLO - BELLAVISTA
ocds-dgv273-seacev3-1186810,ocds-dgv273-seacev3-1186810-2026-02-07T10:00:05.540665-05:00,PE-CONSUCODE-34,20498390570,PE-RUC,GOBIERNO REGIONAL DE AREQUIPA Sede Central
ocds-dgv273-seacev3-1186124,ocds-dgv273-seacev3-1186124-2026-02-06T10:03:47.420313-05:00,PE-CONSUCODE-1947,20307167442,PE-RUC,COMISION DE PROMOCION DEL PERU PARA LA EXPORTACION Y EL TURISMO - PROMPERU
ocds-dgv273-seacev3-2026-399-58,ocds-dgv273-seacev3-2026-399-58-2026-02-06T10:03:40.327574-05:00,PE-CONSUCODE-399,20159515240,PE-RUC,MUNICIPALIDAD DISTRITAL DE CERRO COLORADO
ocds-dgv273-seacev3-1186187,ocds-dgv273-seacev3-1186187-2026-02-05T10:04:02.729524-05:00,PE-CONSUCODE-1265,20206513005,PE-RUC,MUNICIPALIDAD DISTRITAL DE CARABAMBA
ocds-dgv273-seacev3-1186168,ocds-dgv273-seacev3-1186168-2026-02-05T10:04:02.723414-05:00,PE-CONSUCODE-733,20186864906,PE-RUC,MUNICIPALIDAD DISTRITAL DE YAUYUCAN
ocds-dgv273-seacev3-1186371,ocds-dgv273-seacev3-1186371-2026-02-05T10:04:00.471286-05:00,PE-CONSUCODE-2433,20100128218,PE-RUC,PETROLEOS DEL PERU S.A.
ocds-dgv273-seacev3-1186391,ocds-dgv273-seacev3-1186391-2026-02-05T10:03:50.113609-05:00,PE-CONSUCODE-2433,20100128218,PE-RUC,PETROLEOS DEL PERU S.A.
ocds-dgv273-seacev3-1185328,ocds-dgv273-seacev3-1185328-2026-02-05T10:03:38.052635-05:00,PE-CONSUCODE-10353,20148346055,PE-RUC,GOBIERNO REGIONAL DE LAMBAYEQUE - PROYECTO ESPECIAL OLMOS - TINAJONES
ocds-dgv273-seacev3-1185511,ocds-dgv273-seacev3-1185511-2026-02-04T10:04:23.020745-05:00,PE-CONSUCODE-1265,20206513005,PE-RUC,MUNICIPALIDAD DISTRITAL DE CARABAMBA
ocds-dgv273-seacev3-2026-47-4,ocds-dgv273-seacev3-2026-47-4-2026-02-04T10:04:15.750474-05:00,PE-CONSUCODE-47,20489252270,PE-RUC,GOBIERNO REGIONAL DE PASCO SEDE CENTRAL
