Open Contracting ID,Entrega compilada:ID de Entrega,Entrega compilada:Licitación:ID de licitación,Entrega compilada:Licitación:Artículos que se adquirirán:ID,Entrega compilada:Licitación:Artículos que se adquirirán:Clasificaciones adicionales:ID,Entrega compilada:Licitación:Artículos que se adquirirán:Clasificaciones adicionales:Descripción,Entrega compilada:Licitación:Artículos que se adquirirán:Clasificaciones adicionales:Esquema
ocds-dgv273-seacev3-1234860,ocds-dgv273-seacev3-1234860-2026-09-23T10:18:06.084926-05:00,1234860,21332687,72141001,Servicios de construcción de pistas y carreteras nuevas,UNSPSC
ocds-dgv273-seacev3-1205085,ocds-dgv273-seacev3-1205085-2026-09-23T10:18:02.703959-05:00,1205085,21248241,72121101,Servicios de construcción de nuevos edificios comerciales y de oficinas,UNSPSC
ocds-dgv273-seacev3-1188293,ocds-dgv273-seacev3-1188293-2026-09-23T10:18:02.453935-05:00,1188293,21203308,72141001,Servicios de construcción de pistas y carreteras nuevas,UNSPSC
ocds-dgv273-seacev3-1187725,ocds-dgv273-seacev3-1187725-2026-09-23T10:18:02.437183-05:00,1187725,21201762,72141128,Servicio de remodelación  y/o construcción de plazas públicas,UNSPSC
ocds-dgv273-seacev3-1187256,ocds-dgv273-seacev3-1187256-2026-09-23T10:18:02.325694-05:00,1187256,21198368,48101517,Hornos de uso comercial,UNSPSC
ocds-dgv273-seacev3-2026-1612-1,ocds-dgv273-seacev3-2026-1612-1-2026-09-23T10:18:02.293227-05:00,1186709,21200302,72121406,Servicios de construcción de escuelas,UNSPSC
ocds-dgv273-seacev3-1186562,ocds-dgv273-seacev3-1186562-2026-09-23T10:18:02.273224-05:00,1186562,21197864,72141003,Servicios de mantenimiento de pistas y carreteras,UNSPSC
ocds-dgv273-seacev3-2026-1731-36,ocds-dgv273-seacev3-2026-1731-36-2026-09-23T10:17:52.886472-05:00,1186943,21198144,72141003,Servicios de mantenimiento de pistas y carreteras,UNSPSC
ocds-dgv273-seacev3-2026-200-8,ocds-dgv273-seacev3-2026-200-8-2026-09-23T10:17:52.814238-05:00,1186734,21200337,72121508,Servicio de construcción de preparación de planta,UNSPSC
ocds-dgv273-seacev3-2026-200145-7,ocds-dgv273-seacev3-2026-200145-7-2026-09-23T10:17:52.720765-05:00,1186637,21200291,72121411,Servicio de construcción de centros para convenciones,UNSPSC
ocds-dgv273-seacev3-1192077,ocds-dgv273-seacev3-1192077-2026-09-23T10:17:41.628879-05:00,1192077,21212821,72121411,Servicio de construcción de centros para convenciones,UNSPSC
ocds-dgv273-seacev3-2026-1471-3,ocds-dgv273-seacev3-2026-1471-3-2026-09-23T10:17:41.202834-05:00,1186817,21198043,81101508,Ingeniería arquitectónica,UNSPSC
ocds-dgv273-seacev3-1187541,ocds-dgv273-seacev3-1187541-2026-09-23T10:17:41.169207-05:00,1187541,21201374,72121203,Servicios de construcción de silos y de edificaciones para servicio agrícola,UNSPSC
ocds-dgv273-seacev3-1241869,ocds-dgv273-seacev3-1241869-2026-09-23T10:17:22.338248-05:00,1241869,21349027,72141701,Servicio de arrendamiento o alquiler de maquinaria de construcción,UNSPSC
ocds-dgv273-seacev3-2026-1343-33,ocds-dgv273-seacev3-2026-1343-33-2026-09-23T10:17:19.216357-05:00,1187680,21201512,25101610,Camiones cisternas,UNSPSC
ocds-dgv273-seacev3-1185530,ocds-dgv273-seacev3-1185530-2026-09-23T10:17:19.100762-05:00,1185530,21199061,72141002,Servicios de construcción y reparación de señales o barandas de pistas y carreteras,UNSPSC
ocds-dgv273-seacev3-2026-1608-4,ocds-dgv273-seacev3-2026-1608-4-2026-09-23T10:17:19.086534-05:00,1186515,21197860,15101505,Diesel,UNSPSC
ocds-dgv273-seacev3-1187816,ocds-dgv273-seacev3-1187816-2026-09-23T10:17:18.985416-05:00,1187816,21202142,30111601,Cemento,UNSPSC
ocds-dgv273-seacev3-2026-425-24,ocds-dgv273-seacev3-2026-425-24-2026-09-23T10:17:15.313302-05:00,1250977,21371822,72141003,Servicios de mantenimiento de pistas y carreteras,UNSPSC
ocds-dgv273-seacev3-2026-423-2,ocds-dgv273-seacev3-2026-423-2-2026-09-23T10:17:09.304671-05:00,1189646,21206363,72152705,Servicios de construcción de veredas o rampas,UNSPSC
ocds-dgv273-seacev3-2026-1160-3,ocds-dgv273-seacev3-2026-1160-3-2026-09-23T10:17:09.072434-05:00,1191986,21212847,15101505,Diesel,UNSPSC
ocds-dgv273-seacev3-1186109,ocds-dgv273-seacev3-1186109-2026-09-23T10:17:08.962841-05:00,1186109,21199630,72141120,Servicios de construcción de líneas de alcantarillado,UNSPSC
ocds-dgv273-seacev3-1186423,ocds-dgv273-seacev3-1186423-2026-09-23T10:17:08.746211-05:00,1186423,21197777,81112102,Proveedor de servicio de correo electrónico,UNSPSC
ocds-dgv273-seacev3-2026-1196-5,ocds-dgv273-seacev3-2026-1196-5-2026-09-23T10:16:57.008196-05:00,1189565,21206368,72141001,Servicios de construcción de pistas y carreteras nuevas,UNSPSC
ocds-dgv273-seacev3-1201704,ocds-dgv273-seacev3-1201704-2026-09-22T10:12:29.884518-05:00,1201704,21238596,72141121,Servicios de construcción de tuberías principales de agua,UNSPSC
ocds-dgv273-seacev3-1188870,ocds-dgv273-seacev3-1188870-2026-09-22T10:12:29.664474-05:00,1188870,21204569,72121101,Servicios de construcción de nuevos edificios comerciales y de oficinas,UNSPSC
ocds-dgv273-seacev3-2026-1731-38,ocds-dgv273-seacev3-2026-1731-38-2026-09-21T09:59:26.436569-05:00,1187045,21198216,72141003,Servicios de mantenimiento de pistas y carreteras,UNSPSC
ocds-dgv273-seacev3-1213192,ocds-dgv273-seacev3-1213192-2026-09-18T10:23:18.111244-05:00,1213192,21270185,81101508,Ingeniería arquitectónica,UNSPSC
ocds-dgv273-seacev3-2026-1545-3,ocds-dgv273-seacev3-2026-1545-3-2026-09-18T10:23:17.989308-05:00,1190303,21208359,72141001,Servicios de construcción de pistas y carreteras nuevas,UNSPSC
ocds-dgv273-seacev3-1189599,ocds-dgv273-seacev3-1189599-2026-09-18T10:23:17.931722-05:00,1189599,21206292,15101505,Diesel,UNSPSC
ocds-dgv273-seacev3-1190797,ocds-dgv273-seacev3-1190797-2026-09-18T10:23:17.820750-05:00,1190797,21209966,81101508,Ingeniería arquitectónica,UNSPSC
ocds-dgv273-seacev3-2026-174-1,ocds-dgv273-seacev3-2026-174-1-2026-09-18T10:23:17.187296-05:00,1186211,21197606,72141106,Servicios de construcción de caminos de grava o tierra,UNSPSC
ocds-dgv273-seacev3-1195068,ocds-dgv273-seacev3-1195068-2026-09-18T10:23:06.896226-05:00,1195068,21220871,72141128,Servicio de remodelación  y/o construcción de plazas públicas,UNSPSC
ocds-dgv273-seacev3-2026-227-13,ocds-dgv273-seacev3-2026-227-13-2026-09-18T10:23:06.846551-05:00,1190861,21210127,72121406,Servicios de construcción de escuelas,UNSPSC
ocds-dgv273-seacev3-1188268,ocds-dgv273-seacev3-1188268-2026-09-18T10:23:06.831945-05:00,1188268,21203248,84101501,Asistencia financiera,UNSPSC
ocds-dgv273-seacev3-2026-1760-2,ocds-dgv273-seacev3-2026-1760-2-2026-09-18T10:23:06.020529-05:00,1187687,21201525,72141001,Servicios de construcción de pistas y carreteras nuevas,UNSPSC
ocds-dgv273-seacev3-2026-10466-23,ocds-dgv273-seacev3-2026-10466-23-2026-09-18T10:23:06.005198-05:00,1187437,21201218,76122003,Disposición final para desechos peligrosos,UNSPSC
ocds-dgv273-seacev3-2026-200-13,ocds-dgv273-seacev3-2026-200-13-2026-09-18T10:22:55.689999-05:00,1189640,21206352,81101509,Ingeniería de aeropuertos,UNSPSC
ocds-dgv273-seacev3-2026-521-1,ocds-dgv273-seacev3-2026-521-1-2026-09-18T10:22:55.642897-05:00,1187924,21202014,50131702,Leche o productos de mantequilla estables sin refrigerar,UNSPSC
ocds-dgv273-seacev3-2026-521-1,ocds-dgv273-seacev3-2026-521-1-2026-09-18T10:22:55.642897-05:00,1187924,21202015,50221102,Harina de cereales,UNSPSC
ocds-dgv273-seacev3-2026-200-10,ocds-dgv273-seacev3-2026-200-10-2026-09-18T10:22:55.363027-05:00,1186073,21199609,72121203,Servicios de construcción de silos y de edificaciones para servicio agrícola,UNSPSC
ocds-dgv273-seacev3-1215893,ocds-dgv273-seacev3-1215893-2026-09-18T10:22:45.130645-05:00,1215893,21278074,80131502,Alquiler de instalaciones comerciales o industriales,UNSPSC
ocds-dgv273-seacev3-1189017,ocds-dgv273-seacev3-1189017-2026-09-18T10:22:44.352275-05:00,1189017,21204812,30111601,Cemento,UNSPSC
ocds-dgv273-seacev3-1190691,ocds-dgv273-seacev3-1190691-2026-09-18T10:22:44.214302-05:00,1190691,21209810,39111709,Unidad de iluminación para salida de emergencia,UNSPSC
ocds-dgv273-seacev3-2026-200-17,ocds-dgv273-seacev3-2026-200-17-2026-09-18T10:22:44.093916-05:00,1191224,21210754,81101508,Ingeniería arquitectónica,UNSPSC
ocds-dgv273-seacev3-1212190,ocds-dgv273-seacev3-1212190-2026-09-18T10:22:33.072323-05:00,1212190,21267715,72153102,Servicios de construcción de campos deportivos interiores,UNSPSC
ocds-dgv273-seacev3-2026-1319-1,ocds-dgv273-seacev3-2026-1319-1-2026-09-18T10:22:32.766065-05:00,1190539,21209127,72141128,Servicio de remodelación  y/o construcción de plazas públicas,UNSPSC
ocds-dgv273-seacev3-1190868,ocds-dgv273-seacev3-1190868-2026-09-18T10:22:32.749892-05:00,1190868,21210134,81101515,Ingeniería de infraestructura de plantas o instalaciones,UNSPSC
ocds-dgv273-seacev3-1189057,ocds-dgv273-seacev3-1189057-2026-09-18T10:22:32.651699-05:00,1189057,21204961,81101509,Ingeniería de aeropuertos,UNSPSC
ocds-dgv273-seacev3-1188937,ocds-dgv273-seacev3-1188937-2026-09-18T10:22:32.494512-05:00,1188937,21204842,72121203,Servicios de construcción de silos y de edificaciones para servicio agrícola,UNSPSC
ocds-dgv273-seacev3-2026-1158-1,ocds-dgv273-seacev3-2026-1158-1-2026-09-18T10:22:32.407326-05:00,1186368,21197758,15101505,Diesel,UNSPSC
ocds-dgv273-seacev3-1240633,ocds-dgv273-seacev3-1240633-2026-09-18T10:22:26.344122-05:00,1240633,21346540,81101510,Ingeniería de carreteras,UNSPSC
ocds-dgv273-seacev3-1215830,ocds-dgv273-seacev3-1215830-2026-09-18T10:22:22.488213-05:00,1215830,21277375,80131502,Alquiler de instalaciones comerciales o industriales,UNSPSC
ocds-dgv273-seacev3-1216070,ocds-dgv273-seacev3-1216070-2026-09-18T10:22:22.412940-05:00,1216070,21278733,80131502,Alquiler de instalaciones comerciales o industriales,UNSPSC
ocds-dgv273-seacev3-1215875,ocds-dgv273-seacev3-1215875-2026-09-18T10:22:22.234860-05:00,1215875,21277410,80131502,Alquiler de instalaciones comerciales o industriales,UNSPSC
ocds-dgv273-seacev3-2026-200199-10,ocds-dgv273-seacev3-2026-200199-10-2026-09-18T10:22:22.059017-05:00,1188414,21203651,72121101,Servicios de construcción de nuevos edificios comerciales y de oficinas,UNSPSC
ocds-dgv273-seacev3-2026-1731-7,ocds-dgv273-seacev3-2026-1731-7-2026-09-18T10:22:22.010547-05:00,1188425,21203461,30111505,Hormigón premezclado,UNSPSC
ocds-dgv273-seacev3-2026-685-5,ocds-dgv273-seacev3-2026-685-5-2026-09-18T10:22:21.903155-05:00,1190145,21208198,72153102,Servicios de construcción de campos deportivos interiores,UNSPSC
ocds-dgv273-seacev3-1187572,ocds-dgv273-seacev3-1187572-2026-09-18T10:22:21.747476-05:00,1187572,21201425,12142105,Aire industrial,UNSPSC
ocds-dgv273-seacev3-1186829,ocds-dgv273-seacev3-1186829-2026-09-18T10:22:21.390695-05:00,1186829,21200410,72154013,Servicios de construcción de cercos,UNSPSC
ocds-dgv273-seacev3-1247456,ocds-dgv273-seacev3-1247456-2026-09-18T10:22:11.420063-05:00,1247456,21363280,81101508,Ingeniería arquitectónica,UNSPSC
ocds-dgv273-seacev3-1215876,ocds-dgv273-seacev3-1215876-2026-09-18T10:22:11.210423-05:00,1215876,21277880,80131502,Alquiler de instalaciones comerciales o industriales,UNSPSC
ocds-dgv273-seacev3-1189234,ocds-dgv273-seacev3-1189234-2026-09-18T10:22:10.541546-05:00,1189234,21205421,72121203,Servicios de construcción de silos y de edificaciones para servicio agrícola,UNSPSC
ocds-dgv273-seacev3-1187904,ocds-dgv273-seacev3-1187904-2026-09-18T10:22:10.180163-05:00,1187904,21202232,15101505,Diesel,UNSPSC
ocds-dgv273-seacev3-1197767,ocds-dgv273-seacev3-1197767-2026-09-17T10:19:55.539137-05:00,1197767,21228524,72121403,Servicios de construcción de hospitales,UNSPSC
ocds-dgv273-seacev3-2026-685-1,ocds-dgv273-seacev3-2026-685-1-2026-09-17T10:19:55.372442-05:00,1189428,21205907,72153102,Servicios de construcción de campos deportivos interiores,UNSPSC
ocds-dgv273-seacev3-2026-1584-5,ocds-dgv273-seacev3-2026-1584-5-2026-09-17T10:19:55.065523-05:00,1187219,21200776,72153102,Servicios de construcción de campos deportivos interiores,UNSPSC
ocds-dgv273-seacev3-1249495,ocds-dgv273-seacev3-1249495-2026-09-17T10:19:47.583121-05:00,1249495,21368388,72121103,Servicios de renovación y reparación de edificios comerciales y de oficinas,UNSPSC
ocds-dgv273-seacev3-1197346,ocds-dgv273-seacev3-1197346-2026-09-17T10:19:32.643806-05:00,1197346,21225849,81101515,Ingeniería de infraestructura de plantas o instalaciones,UNSPSC
ocds-dgv273-seacev3-2026-200145-6,ocds-dgv273-seacev3-2026-200145-6-2026-09-17T10:19:32.455865-05:00,1190984,21210353,72121101,Servicios de construcción de nuevos edificios comerciales y de oficinas,UNSPSC
ocds-dgv273-seacev3-2026-1890-10,ocds-dgv273-seacev3-2026-1890-10-2026-09-17T10:19:32.400061-05:00,1186102,21199617,15101505,Diesel,UNSPSC
ocds-dgv273-seacev3-1188353,ocds-dgv273-seacev3-1188353-2026-09-17T10:19:21.905725-05:00,1188353,21203568,72141120,Servicios de construcción de líneas de alcantarillado,UNSPSC
ocds-dgv273-seacev3-1186175,ocds-dgv273-seacev3-1186175-2026-09-17T10:19:09.942849-05:00,1186175,21197563,15101505,Diesel,UNSPSC
ocds-dgv273-seacev3-1186175,ocds-dgv273-seacev3-1186175-2026-09-17T10:19:09.942849-05:00,1186175,21197562,15101506,Gasolina o Petróleo,UNSPSC
ocds-dgv273-seacev3-1217953,ocds-dgv273-seacev3-1217953-2026-09-16T10:19:09.861197-05:00,1217953,21284733,72141001,Servicios de construcción de pistas y carreteras nuevas,UNSPSC
ocds-dgv273-seacev3-1188462,ocds-dgv273-seacev3-1188462-2026-09-16T10:19:09.295776-05:00,1188462,21203526,72121406,Servicios de construcción de escuelas,UNSPSC
ocds-dgv273-seacev3-1246483,ocds-dgv273-seacev3-1246483-2026-09-16T10:18:29.845524-05:00,1246483,21361165,72121103,Servicios de renovación y reparación de edificios comerciales y de oficinas,UNSPSC
ocds-dgv273-seacev3-2026-1908-25,ocds-dgv273-seacev3-2026-1908-25-2026-09-16T10:18:14.394256-05:00,1191950,21212592,72121406,Servicios de construcción de escuelas,UNSPSC
ocds-dgv273-seacev3-2026-10553-4,ocds-dgv273-seacev3-2026-10553-4-2026-09-16T10:18:13.654234-05:00,1186081,21199590,30121702,Geotextil,UNSPSC
ocds-dgv273-seacev3-2026-10553-4,ocds-dgv273-seacev3-2026-10553-4-2026-09-16T10:18:13.654234-05:00,1186081,21199589,30121702,Geotextil,UNSPSC
ocds-dgv273-seacev3-2026-505-9,ocds-dgv273-seacev3-2026-505-9-2026-09-16T10:18:13.338420-05:00,1187290,21200849,50192111,Carnes secas o procesadas,UNSPSC
ocds-dgv273-seacev3-2026-505-9,ocds-dgv273-seacev3-2026-505-9-2026-09-16T10:18:13.338420-05:00,1187290,21200853,50192902,Fideos o pastas simples estables sin refrigerar,UNSPSC
ocds-dgv273-seacev3-2026-505-9,ocds-dgv273-seacev3-2026-505-9-2026-09-16T10:18:13.338420-05:00,1187290,21200845,50192902,Fideos o pastas simples estables sin refrigerar,UNSPSC
ocds-dgv273-seacev3-2026-505-9,ocds-dgv273-seacev3-2026-505-9-2026-09-16T10:18:13.338420-05:00,1187290,21200854,50221101,Granos de cereal,UNSPSC
ocds-dgv273-seacev3-2026-505-9,ocds-dgv273-seacev3-2026-505-9-2026-09-16T10:18:13.338420-05:00,1187290,21200851,50221108,Grano de arroz,UNSPSC
ocds-dgv273-seacev3-2026-505-9,ocds-dgv273-seacev3-2026-505-9-2026-09-16T10:18:13.338420-05:00,1187290,21200850,50151513,Aceites comestibles vegetales o de plantas,UNSPSC
ocds-dgv273-seacev3-2026-505-9,ocds-dgv273-seacev3-2026-505-9-2026-09-16T10:18:13.338420-05:00,1187290,21200847,50121538,Pescado estable sin refrigerar,UNSPSC
ocds-dgv273-seacev3-2026-505-9,ocds-dgv273-seacev3-2026-505-9-2026-09-16T10:18:13.338420-05:00,1187290,21200844,50421819,Habas secas,UNSPSC
ocds-dgv273-seacev3-2026-505-9,ocds-dgv273-seacev3-2026-505-9-2026-09-16T10:18:13.338420-05:00,1187290,21200852,50426818,Garbanzos secos,UNSPSC
ocds-dgv273-seacev3-2026-505-9,ocds-dgv273-seacev3-2026-505-9-2026-09-16T10:18:13.338420-05:00,1187290,21200848,50424003,Arvejas secas de jardín,UNSPSC
ocds-dgv273-seacev3-2026-505-9,ocds-dgv273-seacev3-2026-505-9-2026-09-16T10:18:13.338420-05:00,1187290,21200846,50424501,Lentejas secas,UNSPSC
ocds-dgv273-seacev3-2026-505-9,ocds-dgv273-seacev3-2026-505-9-2026-09-16T10:18:13.338420-05:00,1187290,21242230,50151513,Aceites comestibles vegetales o de plantas,UNSPSC
ocds-dgv273-seacev3-1191993,ocds-dgv273-seacev3-1191993-2026-09-16T10:18:02.605191-05:00,1191993,21212859,81101515,Ingeniería de infraestructura de plantas o instalaciones,UNSPSC
ocds-dgv273-seacev3-2026-1038-4,ocds-dgv273-seacev3-2026-1038-4-2026-09-16T10:18:02.436256-05:00,1186334,21197720,72141128,Servicio de remodelación  y/o construcción de plazas públicas,UNSPSC
ocds-dgv273-seacev3-2026-617-1,ocds-dgv273-seacev3-2026-617-1-2026-09-13T12:05:37.327055-05:00,1187258,21198360,72141121,Servicios de construcción de tuberías principales de agua,UNSPSC
ocds-dgv273-seacev3-1187146,ocds-dgv273-seacev3-1187146-2026-09-13T12:05:37.093404-05:00,1187146,21200714,72141003,Servicios de mantenimiento de pistas y carreteras,UNSPSC
ocds-dgv273-seacev3-1239720,ocds-dgv273-seacev3-1239720-2026-09-13T12:05:29.035237-05:00,1239720,21344292,81101510,Ingeniería de carreteras,UNSPSC
ocds-dgv273-seacev3-1191408,ocds-dgv273-seacev3-1191408-2026-09-13T12:05:27.222546-05:00,1191408,21211346,72153102,Servicios de construcción de campos deportivos interiores,UNSPSC
ocds-dgv273-seacev3-2026-167507-1,ocds-dgv273-seacev3-2026-167507-1-2026-09-13T12:05:27.198069-05:00,1191473,21211459,83121703,Servicios relacionados con Internet,UNSPSC
ocds-dgv273-seacev3-1187326,ocds-dgv273-seacev3-1187326-2026-09-13T12:05:26.215703-05:00,1187326,21200946,72141003,Servicios de mantenimiento de pistas y carreteras,UNSPSC
ocds-dgv273-seacev3-1187643,ocds-dgv273-seacev3-1187643-2026-09-13T12:05:14.809921-05:00,1187643,21201485,24102402,Compactador estacionario para basura,UNSPSC
ocds-dgv273-seacev3-2026-743-6,ocds-dgv273-seacev3-2026-743-6-2026-09-13T12:05:14.655545-05:00,1186436,21197798,70111713,Servicios de gestión o mantenimiento de parques,UNSPSC
ocds-dgv273-seacev3-1190538,ocds-dgv273-seacev3-1190538-2026-09-13T12:05:03.972774-05:00,1190538,21209116,72141001,Servicios de construcción de pistas y carreteras nuevas,UNSPSC
ocds-dgv273-seacev3-1187282,ocds-dgv273-seacev3-1187282-2026-09-13T12:05:03.631047-05:00,1187282,21200836,72153102,Servicios de construcción de campos deportivos interiores,UNSPSC
ocds-dgv273-seacev3-1220959,ocds-dgv273-seacev3-1220959-2026-09-13T12:04:53.971697-05:00,1220959,21294523,72141001,Servicios de construcción de pistas y carreteras nuevas,UNSPSC
ocds-dgv273-seacev3-1189878,ocds-dgv273-seacev3-1189878-2026-09-13T12:04:52.291465-05:00,1189878,21207341,72141128,Servicio de remodelación  y/o construcción de plazas públicas,UNSPSC
ocds-dgv273-seacev3-1186088,ocds-dgv273-seacev3-1186088-2026-09-13T12:04:52.026696-05:00,1186088,21199600,72141121,Servicios de construcción de tuberías principales de agua,UNSPSC
ocds-dgv273-seacev3-2026-20002-64,ocds-dgv273-seacev3-2026-20002-64-2026-09-13T12:04:51.970368-05:00,1186836,21198078,15111510,Gas de petróleo licuefactado,UNSPSC
ocds-dgv273-seacev3-1187881,ocds-dgv273-seacev3-1187881-2026-09-13T12:04:51.749393-05:00,1187881,21202187,72141106,Servicios de construcción de caminos de grava o tierra,UNSPSC
ocds-dgv273-seacev3-1223145,ocds-dgv273-seacev3-1223145-2026-09-13T12:04:42.551275-05:00,1223145,21300783,92101501,Servicios de vigilancia,UNSPSC
ocds-dgv273-seacev3-1189809,ocds-dgv273-seacev3-1189809-2026-09-13T12:04:41.852194-05:00,1189809,21206909,72121408,Servicios de construcción de estadios,UNSPSC
ocds-dgv273-seacev3-2026-1631-2,ocds-dgv273-seacev3-2026-1631-2-2026-09-13T12:04:41.685907-05:00,1186470,21200018,72141121,Servicios de construcción de tuberías principales de agua,UNSPSC
ocds-dgv273-seacev3-1188365,ocds-dgv273-seacev3-1188365-2026-09-13T12:04:29.892993-05:00,1188365,21203613,30111601,Cemento,UNSPSC
ocds-dgv273-seacev3-1187275,ocds-dgv273-seacev3-1187275-2026-09-13T12:04:29.680498-05:00,1187275,21198383,81101510,Ingeniería de carreteras,UNSPSC
ocds-dgv273-seacev3-2026-200055-1,ocds-dgv273-seacev3-2026-200055-1-2026-09-11T10:24:15.026593-05:00,1187037,21200629,72121406,Servicios de construcción de escuelas,UNSPSC
ocds-dgv273-seacev3-1190267,ocds-dgv273-seacev3-1190267-2026-09-11T10:24:14.953296-05:00,1190267,21208501,72121406,Servicios de construcción de escuelas,UNSPSC
ocds-dgv273-seacev3-1189516,ocds-dgv273-seacev3-1189516-2026-09-11T10:24:04.533108-05:00,1189516,21206217,72153102,Servicios de construcción de campos deportivos interiores,UNSPSC
ocds-dgv273-seacev3-1189852,ocds-dgv273-seacev3-1189852-2026-09-11T10:23:52.066379-05:00,1189852,21207471,82101701,Servicios de publicidad en banners,UNSPSC
ocds-dgv273-seacev3-1189852,ocds-dgv273-seacev3-1189852-2026-09-11T10:23:52.066379-05:00,1189852,21207470,82101701,Servicios de publicidad en banners,UNSPSC
ocds-dgv273-seacev3-1189852,ocds-dgv273-seacev3-1189852-2026-09-11T10:23:52.066379-05:00,1189852,21207204,82101701,Servicios de publicidad en banners,UNSPSC
ocds-dgv273-seacev3-1189852,ocds-dgv273-seacev3-1189852-2026-09-11T10:23:52.066379-05:00,1189852,21207203,82101701,Servicios de publicidad en banners,UNSPSC
ocds-dgv273-seacev3-1189852,ocds-dgv273-seacev3-1189852-2026-09-11T10:23:52.066379-05:00,1189852,21207167,82101601,Publicidad en radio,UNSPSC
ocds-dgv273-seacev3-1189852,ocds-dgv273-seacev3-1189852-2026-09-11T10:23:52.066379-05:00,1189852,21207129,82121506,Impresión de publicaciones,UNSPSC
ocds-dgv273-seacev3-1189852,ocds-dgv273-seacev3-1189852-2026-09-11T10:23:52.066379-05:00,1189852,21207196,82101601,Publicidad en radio,UNSPSC
ocds-dgv273-seacev3-1189852,ocds-dgv273-seacev3-1189852-2026-09-11T10:23:52.066379-05:00,1189852,21207482,82101701,Servicios de publicidad en banners,UNSPSC
ocds-dgv273-seacev3-1189852,ocds-dgv273-seacev3-1189852-2026-09-11T10:23:52.066379-05:00,1189852,21207481,82101701,Servicios de publicidad en banners,UNSPSC
ocds-dgv273-seacev3-1189852,ocds-dgv273-seacev3-1189852-2026-09-11T10:23:52.066379-05:00,1189852,21207473,82101701,Servicios de publicidad en banners,UNSPSC
ocds-dgv273-seacev3-1189852,ocds-dgv273-seacev3-1189852-2026-09-11T10:23:52.066379-05:00,1189852,21207472,82101701,Servicios de publicidad en banners,UNSPSC
ocds-dgv273-seacev3-1189852,ocds-dgv273-seacev3-1189852-2026-09-11T10:23:52.066379-05:00,1189852,21207446,82101701,Servicios de publicidad en banners,UNSPSC
ocds-dgv273-seacev3-1189852,ocds-dgv273-seacev3-1189852-2026-09-11T10:23:52.066379-05:00,1189852,21207144,82121506,Impresión de publicaciones,UNSPSC
ocds-dgv273-seacev3-1189852,ocds-dgv273-seacev3-1189852-2026-09-11T10:23:52.066379-05:00,1189852,21207143,82121506,Impresión de publicaciones,UNSPSC
ocds-dgv273-seacev3-1189852,ocds-dgv273-seacev3-1189852-2026-09-11T10:23:52.066379-05:00,1189852,21207161,82101601,Publicidad en radio,UNSPSC
ocds-dgv273-seacev3-1189852,ocds-dgv273-seacev3-1189852-2026-09-11T10:23:52.066379-05:00,1189852,21207429,82101801,Servicios de campañas publicitarias,UNSPSC
ocds-dgv273-seacev3-1189852,ocds-dgv273-seacev3-1189852-2026-09-11T10:23:52.066379-05:00,1189852,21207419,82101802,Servicio de producción de publicidad,UNSPSC
ocds-dgv273-seacev3-1189852,ocds-dgv273-seacev3-1189852-2026-09-11T10:23:52.066379-05:00,1189852,21207418,82101802,Servicio de producción de publicidad,UNSPSC
ocds-dgv273-seacev3-1189852,ocds-dgv273-seacev3-1189852-2026-09-11T10:23:52.066379-05:00,1189852,21207409,82101701,Servicios de publicidad en banners,UNSPSC
ocds-dgv273-seacev3-1189852,ocds-dgv273-seacev3-1189852-2026-09-11T10:23:52.066379-05:00,1189852,21207387,82101701,Servicios de publicidad en banners,UNSPSC
ocds-dgv273-seacev3-1189852,ocds-dgv273-seacev3-1189852-2026-09-11T10:23:52.066379-05:00,1189852,21207386,82101701,Servicios de publicidad en banners,UNSPSC
ocds-dgv273-seacev3-1189852,ocds-dgv273-seacev3-1189852-2026-09-11T10:23:52.066379-05:00,1189852,21207385,82101701,Servicios de publicidad en banners,UNSPSC
ocds-dgv273-seacev3-1189852,ocds-dgv273-seacev3-1189852-2026-09-11T10:23:52.066379-05:00,1189852,21207384,82101701,Servicios de publicidad en banners,UNSPSC
ocds-dgv273-seacev3-1189852,ocds-dgv273-seacev3-1189852-2026-09-11T10:23:52.066379-05:00,1189852,21207378,82101701,Servicios de publicidad en banners,UNSPSC
ocds-dgv273-seacev3-1189852,ocds-dgv273-seacev3-1189852-2026-09-11T10:23:52.066379-05:00,1189852,21207377,82101701,Servicios de publicidad en banners,UNSPSC
ocds-dgv273-seacev3-1189852,ocds-dgv273-seacev3-1189852-2026-09-11T10:23:52.066379-05:00,1189852,21207037,82121506,Impresión de publicaciones,UNSPSC
ocds-dgv273-seacev3-1189852,ocds-dgv273-seacev3-1189852-2026-09-11T10:23:52.066379-05:00,1189852,21207328,82101601,Publicidad en radio,UNSPSC
ocds-dgv273-seacev3-1189852,ocds-dgv273-seacev3-1189852-2026-09-11T10:23:52.066379-05:00,1189852,21207376,82101701,Servicios de publicidad en banners,UNSPSC
ocds-dgv273-seacev3-1189852,ocds-dgv273-seacev3-1189852-2026-09-11T10:23:52.066379-05:00,1189852,21207375,82101701,Servicios de publicidad en banners,UNSPSC
ocds-dgv273-seacev3-1189852,ocds-dgv273-seacev3-1189852-2026-09-11T10:23:52.066379-05:00,1189852,21207374,82101701,Servicios de publicidad en banners,UNSPSC
ocds-dgv273-seacev3-1189852,ocds-dgv273-seacev3-1189852-2026-09-11T10:23:52.066379-05:00,1189852,21207030,82121506,Impresión de publicaciones,UNSPSC
ocds-dgv273-seacev3-1189852,ocds-dgv273-seacev3-1189852-2026-09-11T10:23:52.066379-05:00,1189852,21207077,82101601,Publicidad en radio,UNSPSC
ocds-dgv273-seacev3-1189852,ocds-dgv273-seacev3-1189852-2026-09-11T10:23:52.066379-05:00,1189852,21207056,82101601,Publicidad en radio,UNSPSC
ocds-dgv273-seacev3-1189852,ocds-dgv273-seacev3-1189852-2026-09-11T10:23:52.066379-05:00,1189852,21207080,82101601,Publicidad en radio,UNSPSC
ocds-dgv273-seacev3-1189852,ocds-dgv273-seacev3-1189852-2026-09-11T10:23:52.066379-05:00,1189852,21207079,82101601,Publicidad en radio,UNSPSC
ocds-dgv273-seacev3-1189852,ocds-dgv273-seacev3-1189852-2026-09-11T10:23:52.066379-05:00,1189852,21207049,82121506,Impresión de publicaciones,UNSPSC
ocds-dgv273-seacev3-1189852,ocds-dgv273-seacev3-1189852-2026-09-11T10:23:52.066379-05:00,1189852,21207427,82101801,Servicios de campañas publicitarias,UNSPSC
ocds-dgv273-seacev3-1189852,ocds-dgv273-seacev3-1189852-2026-09-11T10:23:52.066379-05:00,1189852,21207426,82101801,Servicios de campañas publicitarias,UNSPSC
ocds-dgv273-seacev3-1189852,ocds-dgv273-seacev3-1189852-2026-09-11T10:23:52.066379-05:00,1189852,21207416,82101701,Servicios de publicidad en banners,UNSPSC
ocds-dgv273-seacev3-1189852,ocds-dgv273-seacev3-1189852-2026-09-11T10:23:52.066379-05:00,1189852,21207075,82101601,Publicidad en radio,UNSPSC
ocds-dgv273-seacev3-1189852,ocds-dgv273-seacev3-1189852-2026-09-11T10:23:52.066379-05:00,1189852,21207491,82101601,Publicidad en radio,UNSPSC
ocds-dgv273-seacev3-1189852,ocds-dgv273-seacev3-1189852-2026-09-11T10:23:52.066379-05:00,1189852,21207490,82101802,Servicio de producción de publicidad,UNSPSC
ocds-dgv273-seacev3-1189852,ocds-dgv273-seacev3-1189852-2026-09-11T10:23:52.066379-05:00,1189852,21207166,82101601,Publicidad en radio,UNSPSC
ocds-dgv273-seacev3-1189852,ocds-dgv273-seacev3-1189852-2026-09-11T10:23:52.066379-05:00,1189852,21207136,82121506,Impresión de publicaciones,UNSPSC
ocds-dgv273-seacev3-2026-1172-3,ocds-dgv273-seacev3-2026-1172-3-2026-09-11T10:23:51.079825-05:00,1187143,21200711,72141107,Servicios de construcción y reparación de puentes,UNSPSC
ocds-dgv273-seacev3-2026-212-8,ocds-dgv273-seacev3-2026-212-8-2026-09-11T10:23:40.796766-05:00,1187528,21201378,81101515,Ingeniería de infraestructura de plantas o instalaciones,UNSPSC
ocds-dgv273-seacev3-1185679,ocds-dgv273-seacev3-1185679-2026-09-11T10:23:28.812784-05:00,1185679,21199182,50131702,Leche o productos de mantequilla estables sin refrigerar,UNSPSC
ocds-dgv273-seacev3-1185679,ocds-dgv273-seacev3-1185679-2026-09-11T10:23:28.812784-05:00,1185679,21199183,50192109,"Papas fritas en hojuelas y al hilo, mix de bocaditos o galletas saladas",UNSPSC
ocds-dgv273-seacev3-1189566,ocds-dgv273-seacev3-1189566-2026-09-11T10:23:18.447940-05:00,1189566,21206372,72141121,Servicios de construcción de tuberías principales de agua,UNSPSC
ocds-dgv273-seacev3-1191516,ocds-dgv273-seacev3-1191516-2026-09-11T10:23:18.141620-05:00,1191516,21211582,72141120,Servicios de construcción de líneas de alcantarillado,UNSPSC
ocds-dgv273-seacev3-2026-1731-31,ocds-dgv273-seacev3-2026-1731-31-2026-09-11T10:23:17.652620-05:00,1187287,21200840,78101805,Servicio de alquiler de camión pipa y tráiler,UNSPSC
ocds-dgv273-seacev3-1248060,ocds-dgv273-seacev3-1248060-2026-09-10T10:20:31.425577-05:00,1248060,21364874,60121008,Carteles,UNSPSC
ocds-dgv273-seacev3-1244568,ocds-dgv273-seacev3-1244568-2026-09-10T10:20:26.220442-05:00,1244568,21356085,81101508,Ingeniería arquitectónica,UNSPSC
ocds-dgv273-seacev3-1190781,ocds-dgv273-seacev3-1190781-2026-09-10T10:20:23.360913-05:00,1190781,21209889,72121411,Servicio de construcción de centros para convenciones,UNSPSC
ocds-dgv273-seacev3-2026-176869-3,ocds-dgv273-seacev3-2026-176869-3-2026-09-10T10:20:01.324475-05:00,1188553,21203805,91111603,Servicios de cocina o preparación de comidas,UNSPSC
ocds-dgv273-seacev3-1190521,ocds-dgv273-seacev3-1190521-2026-09-10T10:20:00.891303-05:00,1190521,21209117,70111601,Servicios de plantación,UNSPSC
ocds-dgv273-seacev3-2026-200-12,ocds-dgv273-seacev3-2026-200-12-2026-09-10T10:19:50.295858-05:00,1190404,21208765,72153102,Servicios de construcción de campos deportivos interiores,UNSPSC
ocds-dgv273-seacev3-1229434,ocds-dgv273-seacev3-1229434-2026-09-10T10:19:43.042292-05:00,1229434,21317983,72151502,Servicios de instalación de sistemas de energía eléctrica,UNSPSC
ocds-dgv273-seacev3-1247828,ocds-dgv273-seacev3-1247828-2026-09-10T10:19:40.646401-05:00,1247828,21364418,78101802,Servicios de transporte regional o nacional en camión,UNSPSC
ocds-dgv273-seacev3-2026-1694-1,ocds-dgv273-seacev3-2026-1694-1-2026-09-10T10:19:38.798056-05:00,1190989,21210365,50131702,Leche o productos de mantequilla estables sin refrigerar,UNSPSC
ocds-dgv273-seacev3-2026-1694-1,ocds-dgv273-seacev3-2026-1694-1-2026-09-10T10:19:38.798056-05:00,1190989,21210364,50221101,Granos de cereal,UNSPSC
ocds-dgv273-seacev3-1186598,ocds-dgv273-seacev3-1186598-2026-09-10T10:19:38.534927-05:00,1186598,21197897,72141003,Servicios de mantenimiento de pistas y carreteras,UNSPSC
ocds-dgv273-seacev3-1187808,ocds-dgv273-seacev3-1187808-2026-09-10T10:19:38.359247-05:00,1187808,21201949,72121411,Servicio de construcción de centros para convenciones,UNSPSC
ocds-dgv273-seacev3-2026-1313-2,ocds-dgv273-seacev3-2026-1313-2-2026-09-10T10:19:15.461436-05:00,1191939,21212569,15101506,Gasolina o Petróleo,UNSPSC
ocds-dgv273-seacev3-2026-1313-2,ocds-dgv273-seacev3-2026-1313-2-2026-09-10T10:19:15.461436-05:00,1191939,21212568,15101505,Diesel,UNSPSC
ocds-dgv273-seacev3-1244204,ocds-dgv273-seacev3-1244204-2026-09-09T10:24:31.716630-05:00,1244204,21355287,81161801,Servicio de arrendamiento o alquiler de plataforma o equipo de comunicación de datos,UNSPSC
ocds-dgv273-seacev3-1214612,ocds-dgv273-seacev3-1214612-2026-09-09T10:24:27.297155-05:00,1214612,21273918,70171709,Servicios de administración de sistemas de riego,UNSPSC
ocds-dgv273-seacev3-1190734,ocds-dgv273-seacev3-1190734-2026-09-09T10:24:27.256211-05:00,1190734,21209646,72141128,Servicio de remodelación  y/o construcción de plazas públicas,UNSPSC
ocds-dgv273-seacev3-1194048,ocds-dgv273-seacev3-1194048-2026-09-09T10:24:27.239525-05:00,1194048,21218049,81101508,Ingeniería arquitectónica,UNSPSC
ocds-dgv273-seacev3-2026-99-2,ocds-dgv273-seacev3-2026-99-2-2026-09-09T10:24:27.005938-05:00,1190163,21199834,15101505,Diesel,UNSPSC
ocds-dgv273-seacev3-2026-99-2,ocds-dgv273-seacev3-2026-99-2-2026-09-09T10:24:27.005938-05:00,1190163,21208372,15101505,Diesel,UNSPSC
ocds-dgv273-seacev3-2026-2384-4,ocds-dgv273-seacev3-2026-2384-4-2026-09-09T10:24:26.929073-05:00,1189889,21207205,12352311,Alúmina y otros compuestos de aluminio,UNSPSC
ocds-dgv273-seacev3-2026-1735-17,ocds-dgv273-seacev3-2026-1735-17-2026-09-09T10:24:04.945734-05:00,1186793,21200395,72141106,Servicios de construcción de caminos de grava o tierra,UNSPSC
ocds-dgv273-seacev3-1198436,ocds-dgv273-seacev3-1198436-2026-09-09T10:23:54.084412-05:00,1198436,21228582,30161503,"Placa, plancha o panel para Drywall",UNSPSC
ocds-dgv273-seacev3-1247442,ocds-dgv273-seacev3-1247442-2026-09-09T10:23:49.448931-05:00,1247442,21363181,78101802,Servicios de transporte regional o nacional en camión,UNSPSC
ocds-dgv273-seacev3-1243948,ocds-dgv273-seacev3-1243948-2026-09-09T10:23:23.303337-05:00,1243948,21354599,72101511,Servicio de reparación o mantenimiento o instalación de aire acondicionado,UNSPSC
ocds-dgv273-seacev3-1187297,ocds-dgv273-seacev3-1187297-2026-09-09T10:23:19.287195-05:00,1187297,21200902,76111501,Servicios de limpieza de edificios,UNSPSC
ocds-dgv273-seacev3-1187297,ocds-dgv273-seacev3-1187297-2026-09-09T10:23:19.287195-05:00,1187297,21200901,76111501,Servicios de limpieza de edificios,UNSPSC
ocds-dgv273-seacev3-1187297,ocds-dgv273-seacev3-1187297-2026-09-09T10:23:19.287195-05:00,1187297,21200906,76111501,Servicios de limpieza de edificios,UNSPSC
ocds-dgv273-seacev3-1187297,ocds-dgv273-seacev3-1187297-2026-09-09T10:23:19.287195-05:00,1187297,21200905,76111501,Servicios de limpieza de edificios,UNSPSC
ocds-dgv273-seacev3-1187297,ocds-dgv273-seacev3-1187297-2026-09-09T10:23:19.287195-05:00,1187297,21200904,76111501,Servicios de limpieza de edificios,UNSPSC
ocds-dgv273-seacev3-1187297,ocds-dgv273-seacev3-1187297-2026-09-09T10:23:19.287195-05:00,1187297,21200903,76111501,Servicios de limpieza de edificios,UNSPSC
ocds-dgv273-seacev3-1187297,ocds-dgv273-seacev3-1187297-2026-09-09T10:23:19.287195-05:00,1187297,21200917,76111501,Servicios de limpieza de edificios,UNSPSC
ocds-dgv273-seacev3-1187297,ocds-dgv273-seacev3-1187297-2026-09-09T10:23:19.287195-05:00,1187297,21200916,76111501,Servicios de limpieza de edificios,UNSPSC
ocds-dgv273-seacev3-1187297,ocds-dgv273-seacev3-1187297-2026-09-09T10:23:19.287195-05:00,1187297,21200915,76111501,Servicios de limpieza de edificios,UNSPSC
ocds-dgv273-seacev3-1187297,ocds-dgv273-seacev3-1187297-2026-09-09T10:23:19.287195-05:00,1187297,21200914,76111501,Servicios de limpieza de edificios,UNSPSC
ocds-dgv273-seacev3-1187297,ocds-dgv273-seacev3-1187297-2026-09-09T10:23:19.287195-05:00,1187297,21200913,76111501,Servicios de limpieza de edificios,UNSPSC
ocds-dgv273-seacev3-1187297,ocds-dgv273-seacev3-1187297-2026-09-09T10:23:19.287195-05:00,1187297,21200911,76111501,Servicios de limpieza de edificios,UNSPSC
ocds-dgv273-seacev3-1187297,ocds-dgv273-seacev3-1187297-2026-09-09T10:23:19.287195-05:00,1187297,21200910,76111501,Servicios de limpieza de edificios,UNSPSC
ocds-dgv273-seacev3-1187297,ocds-dgv273-seacev3-1187297-2026-09-09T10:23:19.287195-05:00,1187297,21200909,76111501,Servicios de limpieza de edificios,UNSPSC
ocds-dgv273-seacev3-1187297,ocds-dgv273-seacev3-1187297-2026-09-09T10:23:19.287195-05:00,1187297,21200908,76111501,Servicios de limpieza de edificios,UNSPSC
ocds-dgv273-seacev3-1187297,ocds-dgv273-seacev3-1187297-2026-09-09T10:23:19.287195-05:00,1187297,21200907,76111501,Servicios de limpieza de edificios,UNSPSC
ocds-dgv273-seacev3-1187297,ocds-dgv273-seacev3-1187297-2026-09-09T10:23:19.287195-05:00,1187297,21200900,76111501,Servicios de limpieza de edificios,UNSPSC
ocds-dgv273-seacev3-1187297,ocds-dgv273-seacev3-1187297-2026-09-09T10:23:19.287195-05:00,1187297,21200899,76111501,Servicios de limpieza de edificios,UNSPSC
ocds-dgv273-seacev3-1187297,ocds-dgv273-seacev3-1187297-2026-09-09T10:23:19.287195-05:00,1187297,21200898,76111501,Servicios de limpieza de edificios,UNSPSC
ocds-dgv273-seacev3-1187297,ocds-dgv273-seacev3-1187297-2026-09-09T10:23:19.287195-05:00,1187297,21200897,76111501,Servicios de limpieza de edificios,UNSPSC
ocds-dgv273-seacev3-1187297,ocds-dgv273-seacev3-1187297-2026-09-09T10:23:19.287195-05:00,1187297,21200896,76111501,Servicios de limpieza de edificios,UNSPSC
ocds-dgv273-seacev3-1187297,ocds-dgv273-seacev3-1187297-2026-09-09T10:23:19.287195-05:00,1187297,21200895,76111501,Servicios de limpieza de edificios,UNSPSC
ocds-dgv273-seacev3-1187297,ocds-dgv273-seacev3-1187297-2026-09-09T10:23:19.287195-05:00,1187297,21200894,76111501,Servicios de limpieza de edificios,UNSPSC
ocds-dgv273-seacev3-1187297,ocds-dgv273-seacev3-1187297-2026-09-09T10:23:19.287195-05:00,1187297,21200893,76111501,Servicios de limpieza de edificios,UNSPSC
ocds-dgv273-seacev3-1187297,ocds-dgv273-seacev3-1187297-2026-09-09T10:23:19.287195-05:00,1187297,21200892,76111501,Servicios de limpieza de edificios,UNSPSC
ocds-dgv273-seacev3-1187297,ocds-dgv273-seacev3-1187297-2026-09-09T10:23:19.287195-05:00,1187297,21200912,76111501,Servicios de limpieza de edificios,UNSPSC
ocds-dgv273-seacev3-1187297,ocds-dgv273-seacev3-1187297-2026-09-09T10:23:19.287195-05:00,1187297,21200871,76111501,Servicios de limpieza de edificios,UNSPSC
ocds-dgv273-seacev3-1187297,ocds-dgv273-seacev3-1187297-2026-09-09T10:23:19.287195-05:00,1187297,21200870,76111501,Servicios de limpieza de edificios,UNSPSC
ocds-dgv273-seacev3-1187297,ocds-dgv273-seacev3-1187297-2026-09-09T10:23:19.287195-05:00,1187297,21200869,76111501,Servicios de limpieza de edificios,UNSPSC
ocds-dgv273-seacev3-1187297,ocds-dgv273-seacev3-1187297-2026-09-09T10:23:19.287195-05:00,1187297,21200868,76111501,Servicios de limpieza de edificios,UNSPSC
ocds-dgv273-seacev3-1187297,ocds-dgv273-seacev3-1187297-2026-09-09T10:23:19.287195-05:00,1187297,21200867,76111501,Servicios de limpieza de edificios,UNSPSC
ocds-dgv273-seacev3-1189293,ocds-dgv273-seacev3-1189293-2026-09-07T10:14:49.144418-05:00,1189293,21205545,81101508,Ingeniería arquitectónica,UNSPSC
ocds-dgv273-seacev3-1189513,ocds-dgv273-seacev3-1189513-2026-09-07T10:14:49.110773-05:00,1189513,21206121,72141128,Servicio de remodelación  y/o construcción de plazas públicas,UNSPSC
ocds-dgv273-seacev3-1208055,ocds-dgv273-seacev3-1208055-2026-09-07T10:14:39.639844-05:00,1208055,21255666,81101508,Ingeniería arquitectónica,UNSPSC
ocds-dgv273-seacev3-1187750,ocds-dgv273-seacev3-1187750-2026-09-07T10:14:39.295394-05:00,1187750,21201752,7210,Servicios de mantenimiento y reparación de instalaciones y edificios,UNSPSC
ocds-dgv273-seacev3-2026-200269-3,ocds-dgv273-seacev3-2026-200269-3-2026-09-07T10:14:19.518427-05:00,1190317,21208645,78101802,Servicios de transporte regional o nacional en camión,UNSPSC
ocds-dgv273-seacev3-2026-1111-6,ocds-dgv273-seacev3-2026-1111-6-2026-09-07T10:14:19.253829-05:00,1186050,21197462,15101505,Diesel,UNSPSC
ocds-dgv273-seacev3-2026-1111-6,ocds-dgv273-seacev3-2026-1111-6-2026-09-07T10:14:19.253829-05:00,1186050,21197461,15101506,Gasolina o Petróleo,UNSPSC
ocds-dgv273-seacev3-1190098,ocds-dgv273-seacev3-1190098-2026-09-07T10:14:08.608901-05:00,1190098,21208041,26121634,Cable de cobre,UNSPSC
ocds-dgv273-seacev3-2026-1731-42,ocds-dgv273-seacev3-2026-1731-42-2026-09-07T10:14:08.404831-05:00,1186964,21200503,72141128,Servicio de remodelación  y/o construcción de plazas públicas,UNSPSC
ocds-dgv273-seacev3-1216952,ocds-dgv273-seacev3-1216952-2026-09-05T13:37:01.883141-05:00,1216952,21281800,72151203,Servicios de construcción de energía solar para CVAA,UNSPSC
ocds-dgv273-seacev3-1214829,ocds-dgv273-seacev3-1214829-2026-09-05T13:37:01.647570-05:00,1214829,21274883,72121403,Servicios de construcción de hospitales,UNSPSC
ocds-dgv273-seacev3-1187002,ocds-dgv273-seacev3-1187002-2026-09-05T13:36:49.900416-05:00,1187002,21200579,72152605,Servicios de montaje y reparación de techos,UNSPSC
ocds-dgv273-seacev3-1217065,ocds-dgv273-seacev3-1217065-2026-09-05T13:36:39.075957-05:00,1217065,21282201,82101601,Publicidad en radio,UNSPSC
ocds-dgv273-seacev3-1217085,ocds-dgv273-seacev3-1217085-2026-09-05T13:36:38.901966-05:00,1217085,21282109,82101701,Servicios de publicidad en banners,UNSPSC
ocds-dgv273-seacev3-1191151,ocds-dgv273-seacev3-1191151-2026-09-05T13:36:38.357914-05:00,1191151,21210652,72121102,Servicios de construcción de edificios comerciales y de oficinas prefabricadas,UNSPSC
ocds-dgv273-seacev3-1186645,ocds-dgv273-seacev3-1186645-2026-09-05T13:36:38.010862-05:00,1186645,21197937,72121102,Servicios de construcción de edificios comerciales y de oficinas prefabricadas,UNSPSC
ocds-dgv273-seacev3-1187749,ocds-dgv273-seacev3-1187749-2026-09-05T13:36:37.979062-05:00,1187749,21201823,72121101,Servicios de construcción de nuevos edificios comerciales y de oficinas,UNSPSC
ocds-dgv273-seacev3-2026-1890-15,ocds-dgv273-seacev3-2026-1890-15-2026-09-05T13:36:27.350473-05:00,1188019,21203004,91111603,Servicios de cocina o preparación de comidas,UNSPSC
ocds-dgv273-seacev3-1192051,ocds-dgv273-seacev3-1192051-2026-09-05T13:36:27.156679-05:00,1192051,21213143,81101701,Servicios de ingeniería eléctrica,UNSPSC
ocds-dgv273-seacev3-1187865,ocds-dgv273-seacev3-1187865-2026-09-05T13:36:27.009318-05:00,1187865,21201966,84131512,Seguro de equipos electrónicos,UNSPSC
ocds-dgv273-seacev3-1188714,ocds-dgv273-seacev3-1188714-2026-09-05T13:36:26.954152-05:00,1188714,21204267,72141003,Servicios de mantenimiento de pistas y carreteras,UNSPSC
ocds-dgv273-seacev3-2026-1852-23,ocds-dgv273-seacev3-2026-1852-23-2026-09-05T13:36:26.896159-05:00,1186781,21200373,15101505,Diesel,UNSPSC
ocds-dgv273-seacev3-1216750,ocds-dgv273-seacev3-1216750-2026-09-05T13:36:06.349340-05:00,1216750,21281031,82101601,Publicidad en radio,UNSPSC
ocds-dgv273-seacev3-1216566,ocds-dgv273-seacev3-1216566-2026-09-05T13:36:06.139299-05:00,1216566,21280294,82101701,Servicios de publicidad en banners,UNSPSC
ocds-dgv273-seacev3-1216409,ocds-dgv273-seacev3-1216409-2026-09-05T13:36:05.664221-05:00,1216409,21279934,82101701,Servicios de publicidad en banners,UNSPSC
ocds-dgv273-seacev3-1217014,ocds-dgv273-seacev3-1217014-2026-09-05T13:36:05.565500-05:00,1217014,21282159,82101601,Publicidad en radio,UNSPSC
ocds-dgv273-seacev3-1187911,ocds-dgv273-seacev3-1187911-2026-09-05T13:35:53.259579-05:00,1187911,21202002,11111611,Grava,UNSPSC
ocds-dgv273-seacev3-1187911,ocds-dgv273-seacev3-1187911-2026-09-05T13:35:53.259579-05:00,1187911,21202001,11111701,Arena silícea,UNSPSC
ocds-dgv273-seacev3-1191995,ocds-dgv273-seacev3-1191995-2026-09-04T13:58:05.701116-05:00,1191995,21212860,72121403,Servicios de construcción de hospitales,UNSPSC
ocds-dgv273-seacev3-1188561,ocds-dgv273-seacev3-1188561-2026-09-04T13:57:54.733813-05:00,1188561,21203935,41115807,Analizadores químicos,UNSPSC
ocds-dgv273-seacev3-1190830,ocds-dgv273-seacev3-1190830-2026-09-04T13:57:54.054461-05:00,1190830,21210043,72141121,Servicios de construcción de tuberías principales de agua,UNSPSC
ocds-dgv273-seacev3-1216530,ocds-dgv273-seacev3-1216530-2026-09-04T13:57:21.272517-05:00,1216530,21280182,82101501,Publicidad en carteles,UNSPSC
ocds-dgv273-seacev3-1216501,ocds-dgv273-seacev3-1216501-2026-09-04T13:57:21.161500-05:00,1216501,21280142,82101701,Servicios de publicidad en banners,UNSPSC
ocds-dgv273-seacev3-1216546,ocds-dgv273-seacev3-1216546-2026-09-04T13:56:57.580336-05:00,1216546,21280239,82101501,Publicidad en carteles,UNSPSC
ocds-dgv273-seacev3-1243081,ocds-dgv273-seacev3-1243081-2026-09-03T10:50:51.335369-05:00,1243081,21352019,81101701,Servicios de ingeniería eléctrica,UNSPSC
ocds-dgv273-seacev3-2026-1322-2,ocds-dgv273-seacev3-2026-1322-2-2026-09-03T10:50:36.115011-05:00,1188343,21202961,84131512,Seguro de equipos electrónicos,UNSPSC
ocds-dgv273-seacev3-2026-1320-14,ocds-dgv273-seacev3-2026-1320-14-2026-09-03T10:50:22.565446-05:00,1189325,21205560,72141001,Servicios de construcción de pistas y carreteras nuevas,UNSPSC
ocds-dgv273-seacev3-2026-177645-1,ocds-dgv273-seacev3-2026-177645-1-2026-09-03T10:50:13.260668-05:00,1188110,21203121,93141808,Servicios de seguridad o salud ocupacional,UNSPSC
ocds-dgv273-seacev3-1233447,ocds-dgv273-seacev3-1233447-2026-09-03T10:49:39.451249-05:00,1233447,21328612,24102402,Compactador estacionario para basura,UNSPSC
ocds-dgv273-seacev3-2026-399-64,ocds-dgv273-seacev3-2026-399-64-2026-09-03T10:49:23.349474-05:00,1188318,21203361,72153102,Servicios de construcción de campos deportivos interiores,UNSPSC
ocds-dgv273-seacev3-1220691,ocds-dgv273-seacev3-1220691-2026-09-03T10:49:11.343602-05:00,1220691,21293604,81101510,Ingeniería de carreteras,UNSPSC
ocds-dgv273-seacev3-2026-200-14,ocds-dgv273-seacev3-2026-200-14-2026-09-03T10:49:10.507516-05:00,1191228,21210794,81101508,Ingeniería arquitectónica,UNSPSC
ocds-dgv273-seacev3-1189694,ocds-dgv273-seacev3-1189694-2026-08-30T10:02:47.964556-05:00,1189694,21206512,72141701,Servicio de arrendamiento o alquiler de maquinaria de construcción,UNSPSC
ocds-dgv273-seacev3-1188595,ocds-dgv273-seacev3-1188595-2026-08-30T10:02:47.915819-05:00,1188595,21204041,30111505,Hormigón premezclado,UNSPSC
ocds-dgv273-seacev3-1229695,ocds-dgv273-seacev3-1229695-2026-08-30T10:02:37.857917-05:00,1229695,21318710,78111812,Arrendamiento vehicular de combis o minicombus para pasajeros,UNSPSC
ocds-dgv273-seacev3-2026-203-10,ocds-dgv273-seacev3-2026-203-10-2026-08-30T10:02:37.059372-05:00,1191012,21210411,72121104,Servicios de construcción de restaurantes,UNSPSC
ocds-dgv273-seacev3-1228652,ocds-dgv273-seacev3-1228652-2026-08-30T10:02:31.038518-05:00,1228652,21315993,72141701,Servicio de arrendamiento o alquiler de maquinaria de construcción,UNSPSC
ocds-dgv273-seacev3-2026-127819-5,ocds-dgv273-seacev3-2026-127819-5-2026-08-30T10:02:26.375036-05:00,1186564,21200183,15101505,Diesel,UNSPSC
ocds-dgv273-seacev3-1189829,ocds-dgv273-seacev3-1189829-2026-08-30T10:02:15.661672-05:00,1189829,21207099,72141701,Servicio de arrendamiento o alquiler de maquinaria de construcción,UNSPSC
ocds-dgv273-seacev3-2026-1868-3,ocds-dgv273-seacev3-2026-1868-3-2026-08-30T10:02:15.624232-05:00,1191961,21212637,72141001,Servicios de construcción de pistas y carreteras nuevas,UNSPSC
ocds-dgv273-seacev3-1188313,ocds-dgv273-seacev3-1188313-2026-08-30T10:02:15.470293-05:00,1188313,21203366,72153103,Servicios de construcción de patios de recreo e instalación de equipos,UNSPSC
ocds-dgv273-seacev3-1190743,ocds-dgv273-seacev3-1190743-2026-08-29T10:11:39.778050-05:00,1190743,21209831,25101507,Camiones ligeros o vehículos de utilidad deportiva,UNSPSC
ocds-dgv273-seacev3-1190743,ocds-dgv273-seacev3-1190743-2026-08-29T10:11:39.778050-05:00,1190743,21209830,25101601,Camiones volquete,UNSPSC
ocds-dgv273-seacev3-1189638,ocds-dgv273-seacev3-1189638-2026-08-29T10:11:30.015367-05:00,1189638,21206361,78101805,Servicio de alquiler de camión pipa y tráiler,UNSPSC
ocds-dgv273-seacev3-1194513,ocds-dgv273-seacev3-1194513-2026-08-29T10:11:29.977885-05:00,1194513,21219399,81101508,Ingeniería arquitectónica,UNSPSC
ocds-dgv273-seacev3-1190460,ocds-dgv273-seacev3-1190460-2026-08-29T10:11:29.938751-05:00,1190460,21208958,72141003,Servicios de mantenimiento de pistas y carreteras,UNSPSC
ocds-dgv273-seacev3-1186712,ocds-dgv273-seacev3-1186712-2026-08-29T10:11:29.457104-05:00,1186712,21197975,72141128,Servicio de remodelación  y/o construcción de plazas públicas,UNSPSC
ocds-dgv273-seacev3-2026-2386-9,ocds-dgv273-seacev3-2026-2386-9-2026-08-29T10:11:18.059313-05:00,1190711,21209602,41116105,Reactivos o soluciones químicos,UNSPSC
ocds-dgv273-seacev3-2026-1003048448-9,ocds-dgv273-seacev3-2026-1003048448-9-2026-08-29T10:11:17.958736-05:00,1190006,21207635,91111603,Servicios de cocina o preparación de comidas,UNSPSC
ocds-dgv273-seacev3-2026-2397-22,ocds-dgv273-seacev3-2026-2397-22-2026-08-29T10:11:17.836156-05:00,1188951,21204860,72152605,Servicios de montaje y reparación de techos,UNSPSC
ocds-dgv273-seacev3-1191481,ocds-dgv273-seacev3-1191481-2026-08-29T10:11:06.952469-05:00,1191481,21211504,22101502,Niveladoras,UNSPSC
ocds-dgv273-seacev3-1191481,ocds-dgv273-seacev3-1191481-2026-08-29T10:11:06.952469-05:00,1191481,21211509,22101522,Tractor sobre orugas,UNSPSC
ocds-dgv273-seacev3-1191481,ocds-dgv273-seacev3-1191481-2026-08-29T10:11:06.952469-05:00,1191481,21211481,22101526,Excavadoras sobre orugas,UNSPSC
ocds-dgv273-seacev3-1191481,ocds-dgv273-seacev3-1191481-2026-08-29T10:11:06.952469-05:00,1191481,21211479,22101528,Cargadores sobre ruedas,UNSPSC
ocds-dgv273-seacev3-1191481,ocds-dgv273-seacev3-1191481-2026-08-29T10:11:06.952469-05:00,1191481,21211477,22101602,Equipo de apisonamiento,UNSPSC
ocds-dgv273-seacev3-1191481,ocds-dgv273-seacev3-1191481-2026-08-29T10:11:06.952469-05:00,1191481,21211474,25101601,Camiones volquete,UNSPSC
ocds-dgv273-seacev3-1191481,ocds-dgv273-seacev3-1191481-2026-08-29T10:11:06.952469-05:00,1191481,21211496,25101610,Camiones cisternas,UNSPSC
ocds-dgv273-seacev3-1190339,ocds-dgv273-seacev3-1190339-2026-08-29T10:11:06.652538-05:00,1190339,21208647,51341599,Idursulfase,UNSPSC
ocds-dgv273-seacev3-2026-10196-4,ocds-dgv273-seacev3-2026-10196-4-2026-08-29T10:10:45.488584-05:00,1190285,21208559,84121806,Servicios de custodia de valores,UNSPSC
ocds-dgv273-seacev3-1189102,ocds-dgv273-seacev3-1189102-2026-08-29T10:10:45.470267-05:00,1189102,21205030,73181004,Servicios de fresado químico,UNSPSC
ocds-dgv273-seacev3-1189368,ocds-dgv273-seacev3-1189368-2026-08-29T10:10:45.153948-05:00,1189368,21205703,72141701,Servicio de arrendamiento o alquiler de maquinaria de construcción,UNSPSC
ocds-dgv273-seacev3-1193129,ocds-dgv273-seacev3-1193129-2026-08-29T10:10:45.072586-05:00,1193129,21215552,72141001,Servicios de construcción de pistas y carreteras nuevas,UNSPSC
ocds-dgv273-seacev3-1187398,ocds-dgv273-seacev3-1187398-2026-08-28T10:30:20.797825-05:00,1187398,21200999,72121406,Servicios de construcción de escuelas,UNSPSC
ocds-dgv273-seacev3-1191417,ocds-dgv273-seacev3-1191417-2026-08-28T10:30:10.629921-05:00,1191417,21211369,72141121,Servicios de construcción de tuberías principales de agua,UNSPSC
ocds-dgv273-seacev3-1187684,ocds-dgv273-seacev3-1187684-2026-08-28T10:30:10.286368-05:00,1187684,21201518,72121101,Servicios de construcción de nuevos edificios comerciales y de oficinas,UNSPSC
ocds-dgv273-seacev3-1214260,ocds-dgv273-seacev3-1214260-2026-08-28T10:29:59.427589-05:00,1214260,21272874,81101508,Ingeniería arquitectónica,UNSPSC
ocds-dgv273-seacev3-1211234,ocds-dgv273-seacev3-1211234-2026-08-28T10:29:59.263268-05:00,1211234,21265080,72121101,Servicios de construcción de nuevos edificios comerciales y de oficinas,UNSPSC
ocds-dgv273-seacev3-2026-1852-13,ocds-dgv273-seacev3-2026-1852-13-2026-08-28T10:29:47.510600-05:00,1189617,21206344,15101505,Diesel,UNSPSC
ocds-dgv273-seacev3-2026-1731-41,ocds-dgv273-seacev3-2026-1731-41-2026-08-28T10:29:12.353291-05:00,1186959,21200494,72141003,Servicios de mantenimiento de pistas y carreteras,UNSPSC
ocds-dgv273-seacev3-2026-10-6,ocds-dgv273-seacev3-2026-10-6-2026-08-27T10:33:13.246702-05:00,1216292,21279620,72101511,Servicio de reparación o mantenimiento o instalación de aire acondicionado,UNSPSC
ocds-dgv273-seacev3-2026-274-1,ocds-dgv273-seacev3-2026-274-1-2026-08-27T10:33:12.987343-05:00,1191062,21210475,72151502,Servicios de instalación de sistemas de energía eléctrica,UNSPSC
ocds-dgv273-seacev3-1216442,ocds-dgv273-seacev3-1216442-2026-08-27T10:32:50.324239-05:00,1216442,21280030,90111501,Hoteles,UNSPSC
ocds-dgv273-seacev3-1188392,ocds-dgv273-seacev3-1188392-2026-08-27T10:32:38.500601-05:00,1188392,21203436,30111601,Cemento,UNSPSC
ocds-dgv273-seacev3-1186244,ocds-dgv273-seacev3-1186244-2026-08-27T10:32:38.443933-05:00,1186244,21197627,80101601,Estudios de factibilidad o evaluación de ideas de proyectos,UNSPSC
ocds-dgv273-seacev3-2026-1903-16,ocds-dgv273-seacev3-2026-1903-16-2026-08-27T10:32:38.211112-05:00,1186769,21200357,72101507,Servicio de mantenimiento de edificios,UNSPSC
ocds-dgv273-seacev3-2026-10-14,ocds-dgv273-seacev3-2026-10-14-2026-08-27T10:32:16.049409-05:00,1216303,21279706,80141607,Gestión de eventos,UNSPSC
ocds-dgv273-seacev3-1216533,ocds-dgv273-seacev3-1216533-2026-08-27T10:32:15.973219-05:00,1216533,21280204,82101505,Publicidad en volantes o cupones,UNSPSC
ocds-dgv273-seacev3-2026-273-2,ocds-dgv273-seacev3-2026-273-2-2026-08-27T10:32:15.736245-05:00,1185375,21196838,72152707,Servicios de construcción de muros de retención,UNSPSC
ocds-dgv273-seacev3-1216413,ocds-dgv273-seacev3-1216413-2026-08-26T10:29:02.794166-05:00,1216413,21279906,56101504,Sillas,UNSPSC
ocds-dgv273-seacev3-1185264,ocds-dgv273-seacev3-1185264-2026-08-26T10:28:05.425222-05:00,1185264,21198601,81101508,Ingeniería arquitectónica,UNSPSC
ocds-dgv273-seacev3-1186036,ocds-dgv273-seacev3-1186036-2026-08-26T10:28:05.408092-05:00,1186036,21197465,72141001,Servicios de construcción de pistas y carreteras nuevas,UNSPSC
ocds-dgv273-seacev3-2026-1852-1,ocds-dgv273-seacev3-2026-1852-1-2026-08-26T10:28:05.299620-05:00,1186686,21197966,93142001,Servicios de planificación de desarrollo urbano,UNSPSC
ocds-dgv273-seacev3-1191615,ocds-dgv273-seacev3-1191615-2026-08-24T10:04:50.874461-05:00,1191615,21211710,72141001,Servicios de construcción de pistas y carreteras nuevas,UNSPSC
ocds-dgv273-seacev3-1185831,ocds-dgv273-seacev3-1185831-2026-08-23T10:35:12.435409-05:00,1185831,21199418,72121406,Servicios de construcción de escuelas,UNSPSC
ocds-dgv273-seacev3-2026-2344-32,ocds-dgv273-seacev3-2026-2344-32-2026-08-23T10:34:53.619366-05:00,1191439,21211370,84131502,Seguros de propietarios de viviendas o arrendatarios,UNSPSC
ocds-dgv273-seacev3-1238236,ocds-dgv273-seacev3-1238236-2026-08-23T10:34:15.772811-05:00,1238236,21341231,81101510,Ingeniería de carreteras,UNSPSC
ocds-dgv273-seacev3-1238238,ocds-dgv273-seacev3-1238238-2026-08-23T10:34:14.824501-05:00,1238238,21341244,81101510,Ingeniería de carreteras,UNSPSC
ocds-dgv273-seacev3-1225825,ocds-dgv273-seacev3-1225825-2026-08-23T10:33:40.155250-05:00,1225825,21308406,72153102,Servicios de construcción de campos deportivos interiores,UNSPSC
ocds-dgv273-seacev3-1219718,ocds-dgv273-seacev3-1219718-2026-08-23T10:33:40.009995-05:00,1219718,21290492,10151704,Semillas o plántulas de césped,UNSPSC
ocds-dgv273-seacev3-2026-488-3,ocds-dgv273-seacev3-2026-488-3-2026-08-22T10:45:01.420342-05:00,1188014,21202671,50221108,Grano de arroz,UNSPSC
ocds-dgv273-seacev3-1192018,ocds-dgv273-seacev3-1192018-2026-08-22T10:44:43.486273-05:00,1192018,21212683,25161503,Triciclos,UNSPSC
ocds-dgv273-seacev3-1191090,ocds-dgv273-seacev3-1191090-2026-08-22T10:44:21.950787-05:00,1191090,21210527,15101505,Diesel,UNSPSC
ocds-dgv273-seacev3-2026-1852-11,ocds-dgv273-seacev3-2026-1852-11-2026-08-22T10:44:21.889540-05:00,1191390,21211257,26131507,Centrales solares,UNSPSC
ocds-dgv273-seacev3-2026-10141-39,ocds-dgv273-seacev3-2026-10141-39-2026-08-22T10:44:03.123361-05:00,1189426,21205885,10171605,Mezclas Nitrógeno Fósforo Potasio,UNSPSC
ocds-dgv273-seacev3-2026-10141-39,ocds-dgv273-seacev3-2026-10141-39-2026-08-22T10:44:03.123361-05:00,1189426,21205884,10171605,Mezclas Nitrógeno Fósforo Potasio,UNSPSC
ocds-dgv273-seacev3-2026-10141-39,ocds-dgv273-seacev3-2026-10141-39-2026-08-22T10:44:03.123361-05:00,1189426,21205883,10171605,Mezclas Nitrógeno Fósforo Potasio,UNSPSC
ocds-dgv273-seacev3-2026-10141-39,ocds-dgv273-seacev3-2026-10141-39-2026-08-22T10:44:03.123361-05:00,1189426,21205882,10171605,Mezclas Nitrógeno Fósforo Potasio,UNSPSC
ocds-dgv273-seacev3-1189239,ocds-dgv273-seacev3-1189239-2026-08-22T10:44:02.907145-05:00,1189239,21205367,80101604,Administración o planificación de proyectos,UNSPSC
ocds-dgv273-seacev3-1185552,ocds-dgv273-seacev3-1185552-2026-08-22T10:44:02.587519-05:00,1185552,21201671,91111603,Servicios de cocina o preparación de comidas,UNSPSC
ocds-dgv273-seacev3-1185552,ocds-dgv273-seacev3-1185552-2026-08-22T10:44:02.587519-05:00,1185552,21196946,91111603,Servicios de cocina o preparación de comidas,UNSPSC
ocds-dgv273-seacev3-1187092,ocds-dgv273-seacev3-1187092-2026-08-22T10:44:02.553735-05:00,1187092,21198273,15101505,Diesel,UNSPSC
ocds-dgv273-seacev3-1187092,ocds-dgv273-seacev3-1187092-2026-08-22T10:44:02.553735-05:00,1187092,21198272,15101505,Diesel,UNSPSC
ocds-dgv273-seacev3-1189671,ocds-dgv273-seacev3-1189671-2026-08-22T10:43:44.018549-05:00,1189671,21206472,81101510,Ingeniería de carreteras,UNSPSC
ocds-dgv273-seacev3-1187443,ocds-dgv273-seacev3-1187443-2026-08-22T10:43:43.769958-05:00,1187443,21201221,15101505,Diesel,UNSPSC
ocds-dgv273-seacev3-1191369,ocds-dgv273-seacev3-1191369-2026-08-22T10:43:24.444026-05:00,1191369,21211184,72141003,Servicios de mantenimiento de pistas y carreteras,UNSPSC
ocds-dgv273-seacev3-1242607,ocds-dgv273-seacev3-1242607-2026-08-22T10:43:14.198030-05:00,1242607,21350749,81101508,Ingeniería arquitectónica,UNSPSC
ocds-dgv273-seacev3-1185801,ocds-dgv273-seacev3-1185801-2026-08-22T10:42:45.087665-05:00,1185801,21199346,72121411,Servicio de construcción de centros para convenciones,UNSPSC
ocds-dgv273-seacev3-1219930,ocds-dgv273-seacev3-1219930-2026-08-21T10:30:54.988892-05:00,1219930,21291554,72141003,Servicios de mantenimiento de pistas y carreteras,UNSPSC
ocds-dgv273-seacev3-1187933,ocds-dgv273-seacev3-1187933-2026-08-21T10:30:53.452810-05:00,1187933,21202043,72141001,Servicios de construcción de pistas y carreteras nuevas,UNSPSC
ocds-dgv273-seacev3-1187426,ocds-dgv273-seacev3-1187426-2026-08-21T10:30:53.423782-05:00,1187426,21201094,15101505,Diesel,UNSPSC
ocds-dgv273-seacev3-1218706,ocds-dgv273-seacev3-1218706-2026-08-21T10:30:41.956519-05:00,1218706,21286627,72121103,Servicios de renovación y reparación de edificios comerciales y de oficinas,UNSPSC
ocds-dgv273-seacev3-2026-751-4,ocds-dgv273-seacev3-2026-751-4-2026-08-21T10:30:41.617994-05:00,1191697,21211888,30111505,Hormigón premezclado,UNSPSC
ocds-dgv273-seacev3-1191039,ocds-dgv273-seacev3-1191039-2026-08-21T10:30:41.423854-05:00,1191039,21210433,72121411,Servicio de construcción de centros para convenciones,UNSPSC
ocds-dgv273-seacev3-2026-200386-3,ocds-dgv273-seacev3-2026-200386-3-2026-08-21T10:30:18.900911-05:00,1191826,21212338,91111603,Servicios de cocina o preparación de comidas,UNSPSC
ocds-dgv273-seacev3-1187566,ocds-dgv273-seacev3-1187566-2026-08-21T10:30:18.139828-05:00,1187566,21201558,15101506,Gasolina o Petróleo,UNSPSC
ocds-dgv273-seacev3-2026-1903-14,ocds-dgv273-seacev3-2026-1903-14-2026-08-21T10:30:18.119628-05:00,1187455,21201056,72153202,Servicios de recubrimiento de estructuras metálicas,UNSPSC
ocds-dgv273-seacev3-2026-200462-2,ocds-dgv273-seacev3-2026-200462-2-2026-08-21T10:30:07.264154-05:00,1191764,21212137,91111601,Servicios de limpieza y mantenimiento,UNSPSC
ocds-dgv273-seacev3-2026-200462-2,ocds-dgv273-seacev3-2026-200462-2-2026-08-21T10:30:07.264154-05:00,1191764,21212272,91111601,Servicios de limpieza y mantenimiento,UNSPSC
ocds-dgv273-seacev3-2026-200462-2,ocds-dgv273-seacev3-2026-200462-2-2026-08-21T10:30:07.264154-05:00,1191764,21212271,91111601,Servicios de limpieza y mantenimiento,UNSPSC
ocds-dgv273-seacev3-2026-200462-2,ocds-dgv273-seacev3-2026-200462-2-2026-08-21T10:30:07.264154-05:00,1191764,21212270,91111601,Servicios de limpieza y mantenimiento,UNSPSC
ocds-dgv273-seacev3-2026-200462-2,ocds-dgv273-seacev3-2026-200462-2-2026-08-21T10:30:07.264154-05:00,1191764,21212269,91111601,Servicios de limpieza y mantenimiento,UNSPSC
ocds-dgv273-seacev3-1189301,ocds-dgv273-seacev3-1189301-2026-08-21T10:30:07.145212-05:00,1189301,21205521,72121406,Servicios de construcción de escuelas,UNSPSC
ocds-dgv273-seacev3-1239896,ocds-dgv273-seacev3-1239896-2026-08-21T10:29:58.691247-05:00,1239896,21344756,72151502,Servicios de instalación de sistemas de energía eléctrica,UNSPSC
ocds-dgv273-seacev3-1191551,ocds-dgv273-seacev3-1191551-2026-08-21T10:29:55.219747-05:00,1191551,21211644,81101508,Ingeniería arquitectónica,UNSPSC
ocds-dgv273-seacev3-1190023,ocds-dgv273-seacev3-1190023-2026-08-21T10:29:55.186309-05:00,1190023,21207896,72121408,Servicios de construcción de estadios,UNSPSC
ocds-dgv273-seacev3-2026-1229-2,ocds-dgv273-seacev3-2026-1229-2-2026-08-21T10:29:54.905930-05:00,1188783,21204365,15101505,Diesel,UNSPSC
ocds-dgv273-seacev3-1188028,ocds-dgv273-seacev3-1188028-2026-08-21T10:29:54.883365-05:00,1188028,21204459,81101508,Ingeniería arquitectónica,UNSPSC
ocds-dgv273-seacev3-1191594,ocds-dgv273-seacev3-1191594-2026-08-20T10:31:16.026857-05:00,1191594,21211718,30111505,Hormigón premezclado,UNSPSC
ocds-dgv273-seacev3-2026-1111-2,ocds-dgv273-seacev3-2026-1111-2-2026-08-20T10:30:53.882265-05:00,1186020,21197397,15101505,Diesel,UNSPSC
ocds-dgv273-seacev3-2026-161-3,ocds-dgv273-seacev3-2026-161-3-2026-08-20T10:30:42.494126-05:00,1187898,21202219,72153102,Servicios de construcción de campos deportivos interiores,UNSPSC
ocds-dgv273-seacev3-1192097,ocds-dgv273-seacev3-1192097-2026-08-20T10:30:32.472251-05:00,1192097,21213168,72151502,Servicios de instalación de sistemas de energía eléctrica,UNSPSC
ocds-dgv273-seacev3-1186432,ocds-dgv273-seacev3-1186432-2026-08-20T10:30:20.433903-05:00,1186432,21199980,81101508,Ingeniería arquitectónica,UNSPSC
ocds-dgv273-seacev3-1237526,ocds-dgv273-seacev3-1237526-2026-08-20T10:30:14.001812-05:00,1237526,21339575,81101510,Ingeniería de carreteras,UNSPSC
ocds-dgv273-seacev3-1193518,ocds-dgv273-seacev3-1193518-2026-08-19T10:31:35.786119-05:00,1193518,21216573,72141701,Servicio de arrendamiento o alquiler de maquinaria de construcción,UNSPSC
ocds-dgv273-seacev3-1186152,ocds-dgv273-seacev3-1186152-2026-08-19T10:31:35.561092-05:00,1186152,21199644,72121403,Servicios de construcción de hospitales,UNSPSC
ocds-dgv273-seacev3-1189947,ocds-dgv273-seacev3-1189947-2026-08-19T10:31:23.679796-05:00,1189947,21207526,30121702,Geotextil,UNSPSC
ocds-dgv273-seacev3-2026-1733-3,ocds-dgv273-seacev3-2026-1733-3-2026-08-19T10:31:13.814494-05:00,1190580,21209393,72141121,Servicios de construcción de tuberías principales de agua,UNSPSC
ocds-dgv273-seacev3-1190473,ocds-dgv273-seacev3-1190473-2026-08-19T10:31:13.492976-05:00,1190473,21209035,81101515,Ingeniería de infraestructura de plantas o instalaciones,UNSPSC
ocds-dgv273-seacev3-1186128,ocds-dgv273-seacev3-1186128-2026-08-19T10:31:13.021223-05:00,1186128,21199635,72141120,Servicios de construcción de líneas de alcantarillado,UNSPSC
ocds-dgv273-seacev3-2026-200-5,ocds-dgv273-seacev3-2026-200-5-2026-08-19T10:30:51.148458-05:00,1188031,21203035,72153102,Servicios de construcción de campos deportivos interiores,UNSPSC
ocds-dgv273-seacev3-1226518,ocds-dgv273-seacev3-1226518-2026-08-18T10:20:27.099105-05:00,1226518,21310227,72141001,Servicios de construcción de pistas y carreteras nuevas,UNSPSC
ocds-dgv273-seacev3-1187891,ocds-dgv273-seacev3-1187891-2026-08-16T10:08:08.284726-05:00,1187891,21202210,15101505,Diesel,UNSPSC
ocds-dgv273-seacev3-1186550,ocds-dgv273-seacev3-1186550-2026-08-16T10:08:08.027528-05:00,1186550,21200204,30121601,Asfalto,UNSPSC
ocds-dgv273-seacev3-1187271,ocds-dgv273-seacev3-1187271-2026-08-16T10:07:58.076402-05:00,1187271,21198370,30111601,Cemento,UNSPSC
ocds-dgv273-seacev3-1190703,ocds-dgv273-seacev3-1190703-2026-08-16T10:07:48.748430-05:00,1190703,21209782,72121406,Servicios de construcción de escuelas,UNSPSC
ocds-dgv273-seacev3-2026-10466-22,ocds-dgv273-seacev3-2026-10466-22-2026-08-16T10:07:37.783045-05:00,1188959,21204697,92101501,Servicios de vigilancia,UNSPSC
ocds-dgv273-seacev3-2026-10461-21,ocds-dgv273-seacev3-2026-10461-21-2026-08-15T10:17:27.331766-05:00,1191627,21211767,15101505,Diesel,UNSPSC
ocds-dgv273-seacev3-1190500,ocds-dgv273-seacev3-1190500-2026-08-15T10:17:27.002513-05:00,1190500,21209089,78111808,Alquiler de vehículos,UNSPSC
ocds-dgv273-seacev3-1190500,ocds-dgv273-seacev3-1190500-2026-08-15T10:17:27.002513-05:00,1190500,21209088,78111808,Alquiler de vehículos,UNSPSC
ocds-dgv273-seacev3-1190500,ocds-dgv273-seacev3-1190500-2026-08-15T10:17:27.002513-05:00,1190500,21209087,78111808,Alquiler de vehículos,UNSPSC
ocds-dgv273-seacev3-1190500,ocds-dgv273-seacev3-1190500-2026-08-15T10:17:27.002513-05:00,1190500,21209086,78111808,Alquiler de vehículos,UNSPSC
ocds-dgv273-seacev3-1190500,ocds-dgv273-seacev3-1190500-2026-08-15T10:17:27.002513-05:00,1190500,21209044,78111808,Alquiler de vehículos,UNSPSC
ocds-dgv273-seacev3-1190500,ocds-dgv273-seacev3-1190500-2026-08-15T10:17:27.002513-05:00,1190500,21209045,78111812,Arrendamiento vehicular de combis o minicombus para pasajeros,UNSPSC
ocds-dgv273-seacev3-1187827,ocds-dgv273-seacev3-1187827-2026-08-15T10:17:15.748390-05:00,1187827,21202120,72153102,Servicios de construcción de campos deportivos interiores,UNSPSC
ocds-dgv273-seacev3-1186761,ocds-dgv273-seacev3-1186761-2026-08-15T10:17:03.790397-05:00,1186761,21200348,15101505,Diesel,UNSPSC
ocds-dgv273-seacev3-1201030,ocds-dgv273-seacev3-1201030-2026-08-15T10:16:53.711380-05:00,1201030,21236692,81101510,Ingeniería de carreteras,UNSPSC
ocds-dgv273-seacev3-1187121,ocds-dgv273-seacev3-1187121-2026-08-15T10:16:52.690090-05:00,1187121,21200691,72141121,Servicios de construcción de tuberías principales de agua,UNSPSC
ocds-dgv273-seacev3-1214418,ocds-dgv273-seacev3-1214418-2026-08-14T10:33:24.490944-05:00,1214418,21273240,72141001,Servicios de construcción de pistas y carreteras nuevas,UNSPSC
ocds-dgv273-seacev3-1191314,ocds-dgv273-seacev3-1191314-2026-08-14T10:33:22.906131-05:00,1191314,21211017,72121406,Servicios de construcción de escuelas,UNSPSC
ocds-dgv273-seacev3-1232040,ocds-dgv273-seacev3-1232040-2026-08-14T10:32:58.036607-05:00,1232040,21325078,81111811,Servicios de asistencia o soporte técnico,UNSPSC
ocds-dgv273-seacev3-2026-31-5,ocds-dgv273-seacev3-2026-31-5-2026-08-14T10:32:49.742297-05:00,1186413,21199972,91111601,Servicios de limpieza y mantenimiento,UNSPSC
ocds-dgv273-seacev3-1191498,ocds-dgv273-seacev3-1191498-2026-08-14T10:32:38.593869-05:00,1191498,21211490,77101805,Servicios de control de calidad ambiental,UNSPSC
ocds-dgv273-seacev3-2026-1834-4,ocds-dgv273-seacev3-2026-1834-4-2026-08-14T10:32:38.313327-05:00,1186275,21199826,50192109,"Papas fritas en hojuelas y al hilo, mix de bocaditos o galletas saladas",UNSPSC
ocds-dgv273-seacev3-2026-847-6,ocds-dgv273-seacev3-2026-847-6-2026-08-14T10:32:28.416386-05:00,1188067,21203072,30111601,Cemento,UNSPSC
ocds-dgv273-seacev3-1187100,ocds-dgv273-seacev3-1187100-2026-08-14T10:32:16.066359-05:00,1187100,21200686,81101510,Ingeniería de carreteras,UNSPSC
ocds-dgv273-seacev3-2026-436-2,ocds-dgv273-seacev3-2026-436-2-2026-08-13T10:28:31.351327-05:00,1187783,21201854,72141106,Servicios de construcción de caminos de grava o tierra,UNSPSC
ocds-dgv273-seacev3-1237648,ocds-dgv273-seacev3-1237648-2026-08-13T10:28:25.236866-05:00,1237648,21339899,82101603,Publicidad en Internet,UNSPSC
ocds-dgv273-seacev3-1240349,ocds-dgv273-seacev3-1240349-2026-08-13T10:28:23.583414-05:00,1240349,21346036,72151302,Servicios de pintado comercial,UNSPSC
ocds-dgv273-seacev3-1189697,ocds-dgv273-seacev3-1189697-2026-08-13T10:28:20.809976-05:00,1189697,21206757,72151302,Servicios de pintado comercial,UNSPSC
ocds-dgv273-seacev3-1188938,ocds-dgv273-seacev3-1188938-2026-08-13T10:28:20.792797-05:00,1188938,21204836,72121403,Servicios de construcción de hospitales,UNSPSC
ocds-dgv273-seacev3-1189980,ocds-dgv273-seacev3-1189980-2026-08-13T10:28:09.978268-05:00,1189980,21207580,85161501,Mantenimiento o reparación de bienes de equipo médico,UNSPSC
ocds-dgv273-seacev3-2026-1530-5,ocds-dgv273-seacev3-2026-1530-5-2026-08-13T10:28:09.970062-05:00,1188309,21202898,30111601,Cemento,UNSPSC
ocds-dgv273-seacev3-1218696,ocds-dgv273-seacev3-1218696-2026-08-13T10:28:00.139358-05:00,1218696,21286618,81101508,Ingeniería arquitectónica,UNSPSC
ocds-dgv273-seacev3-1191351,ocds-dgv273-seacev3-1191351-2026-08-13T10:27:58.203209-05:00,1191351,21211686,73121606,Servicios de forjado de metales,UNSPSC
ocds-dgv273-seacev3-1186695,ocds-dgv273-seacev3-1186695-2026-08-13T10:27:57.729938-05:00,1186695,21197977,72141003,Servicios de mantenimiento de pistas y carreteras,UNSPSC
ocds-dgv273-seacev3-2026-1834-3,ocds-dgv273-seacev3-2026-1834-3-2026-08-13T10:27:57.690342-05:00,1186281,21197663,50131702,Leche o productos de mantequilla estables sin refrigerar,UNSPSC
ocds-dgv273-seacev3-1191622,ocds-dgv273-seacev3-1191622-2026-08-13T10:27:47.386362-05:00,1191622,21211719,72111003,Servicios de reparación casas rodantes en el sitio,UNSPSC
ocds-dgv273-seacev3-1186148,ocds-dgv273-seacev3-1186148-2026-08-13T10:27:35.942064-05:00,1186148,21199640,15101505,Diesel,UNSPSC
ocds-dgv273-seacev3-1186148,ocds-dgv273-seacev3-1186148-2026-08-13T10:27:35.942064-05:00,1186148,21199641,15101506,Gasolina o Petróleo,UNSPSC
ocds-dgv273-seacev3-1239873,ocds-dgv273-seacev3-1239873-2026-08-12T10:30:45.320032-05:00,1239873,21344776,72151502,Servicios de instalación de sistemas de energía eléctrica,UNSPSC
ocds-dgv273-seacev3-1186739,ocds-dgv273-seacev3-1186739-2026-08-12T10:30:37.921926-05:00,1186739,21197980,72141505,Servicios de movimientos de tierras,UNSPSC
ocds-dgv273-seacev3-1187739,ocds-dgv273-seacev3-1187739-2026-08-12T10:30:16.328583-05:00,1187739,21201741,78131603,Almacenamiento de muebles,UNSPSC
ocds-dgv273-seacev3-1189437,ocds-dgv273-seacev3-1189437-2026-08-12T10:30:04.973623-05:00,1189437,21205941,81141801,Análisis de riesgos o seguridad,UNSPSC
ocds-dgv273-seacev3-1205710,ocds-dgv273-seacev3-1205710-2026-08-12T10:30:04.928369-05:00,1205710,21250012,72153102,Servicios de construcción de campos deportivos interiores,UNSPSC
ocds-dgv273-seacev3-1188439,ocds-dgv273-seacev3-1188439-2026-08-12T10:30:04.554260-05:00,1188439,21203498,15101505,Diesel,UNSPSC
ocds-dgv273-seacev3-2026-2009-98,ocds-dgv273-seacev3-2026-2009-98-2026-08-12T10:29:43.580432-05:00,1187579,21201560,72141503,Servicios de remoción de rocas,UNSPSC
ocds-dgv273-seacev3-1187032,ocds-dgv273-seacev3-1187032-2026-08-10T10:05:32.106589-05:00,1187032,21200625,30111601,Cemento,UNSPSC
ocds-dgv273-seacev3-2026-200302-2,ocds-dgv273-seacev3-2026-200302-2-2026-08-07T10:22:33.571774-05:00,1188599,21204033,91111603,Servicios de cocina o preparación de comidas,UNSPSC
ocds-dgv273-seacev3-2026-1621-44,ocds-dgv273-seacev3-2026-1621-44-2026-08-07T10:22:33.379235-05:00,1187453,21201054,72141207,Servicios de construcción de puertos,UNSPSC
ocds-dgv273-seacev3-2026-1623-5,ocds-dgv273-seacev3-2026-1623-5-2026-08-07T10:22:33.362927-05:00,1187701,21201701,72141003,Servicios de mantenimiento de pistas y carreteras,UNSPSC
ocds-dgv273-seacev3-1187264,ocds-dgv273-seacev3-1187264-2026-08-07T10:22:33.347159-05:00,1187264,21200829,72121203,Servicios de construcción de silos y de edificaciones para servicio agrícola,UNSPSC
ocds-dgv273-seacev3-1190725,ocds-dgv273-seacev3-1190725-2026-08-07T10:22:24.042887-05:00,1190725,21209807,81101515,Ingeniería de infraestructura de plantas o instalaciones,UNSPSC
ocds-dgv273-seacev3-2026-161-2,ocds-dgv273-seacev3-2026-161-2-2026-08-07T10:22:23.801366-05:00,1187921,21202000,72141128,Servicio de remodelación  y/o construcción de plazas públicas,UNSPSC
ocds-dgv273-seacev3-1191267,ocds-dgv273-seacev3-1191267-2026-08-07T10:22:04.268558-05:00,1191267,21210892,72153102,Servicios de construcción de campos deportivos interiores,UNSPSC
ocds-dgv273-seacev3-1186708,ocds-dgv273-seacev3-1186708-2026-08-07T10:22:03.961661-05:00,1186708,21197971,72141001,Servicios de construcción de pistas y carreteras nuevas,UNSPSC
ocds-dgv273-seacev3-1217682,ocds-dgv273-seacev3-1217682-2026-08-07T10:21:53.993424-05:00,1217682,21284064,72121101,Servicios de construcción de nuevos edificios comerciales y de oficinas,UNSPSC
ocds-dgv273-seacev3-2026-2543-394,ocds-dgv273-seacev3-2026-2543-394-2026-08-07T10:21:53.176157-05:00,1191846,21212220,85161502,Mantenimiento o reparación de equipo médico menor,UNSPSC
ocds-dgv273-seacev3-1194503,ocds-dgv273-seacev3-1194503-2026-08-07T10:21:52.707598-05:00,1194503,21219386,72121203,Servicios de construcción de silos y de edificaciones para servicio agrícola,UNSPSC
ocds-dgv273-seacev3-2026-629-1,ocds-dgv273-seacev3-2026-629-1-2026-08-06T10:27:39.500203-05:00,1186241,21197622,72141106,Servicios de construcción de caminos de grava o tierra,UNSPSC
ocds-dgv273-seacev3-1191562,ocds-dgv273-seacev3-1191562-2026-08-06T10:27:18.956365-05:00,1191562,21211615,30121601,Asfalto,UNSPSC
ocds-dgv273-seacev3-1189191,ocds-dgv273-seacev3-1189191-2026-08-06T10:27:18.929219-05:00,1189191,21205222,72121406,Servicios de construcción de escuelas,UNSPSC
ocds-dgv273-seacev3-1189632,ocds-dgv273-seacev3-1189632-2026-08-06T10:27:18.620660-05:00,1189632,21206356,24112006,"Cestas, papeleras no metálicas",UNSPSC
ocds-dgv273-seacev3-2026-216-2,ocds-dgv273-seacev3-2026-216-2-2026-08-06T10:27:07.151248-05:00,1188086,21202708,72154013,Servicios de construcción de cercos,UNSPSC
ocds-dgv273-seacev3-1206721,ocds-dgv273-seacev3-1206721-2026-08-06T10:26:55.769234-05:00,1206721,21252297,92101501,Servicios de vigilancia,UNSPSC
ocds-dgv273-seacev3-1206721,ocds-dgv273-seacev3-1206721-2026-08-06T10:26:55.769234-05:00,1206721,21252298,92101501,Servicios de vigilancia,UNSPSC
ocds-dgv273-seacev3-1206721,ocds-dgv273-seacev3-1206721-2026-08-06T10:26:55.769234-05:00,1206721,21252299,92101501,Servicios de vigilancia,UNSPSC
ocds-dgv273-seacev3-1206721,ocds-dgv273-seacev3-1206721-2026-08-06T10:26:55.769234-05:00,1206721,21252300,92101501,Servicios de vigilancia,UNSPSC
ocds-dgv273-seacev3-2026-200393-2,ocds-dgv273-seacev3-2026-200393-2-2026-08-06T10:26:55.638062-05:00,1185963,21197303,91111603,Servicios de cocina o preparación de comidas,UNSPSC
ocds-dgv273-seacev3-1186135,ocds-dgv273-seacev3-1186135-2026-08-06T10:26:44.411738-05:00,1186135,21197530,72141001,Servicios de construcción de pistas y carreteras nuevas,UNSPSC
ocds-dgv273-seacev3-1188643,ocds-dgv273-seacev3-1188643-2026-08-06T10:26:33.203222-05:00,1188643,21204112,72141121,Servicios de construcción de tuberías principales de agua,UNSPSC
ocds-dgv273-seacev3-1187526,ocds-dgv273-seacev3-1187526-2026-08-06T10:26:33.084607-05:00,1187526,21201377,77101601,Plan de desarrollo urbano ambiental,UNSPSC
ocds-dgv273-seacev3-1237330,ocds-dgv273-seacev3-1237330-2026-08-05T10:26:11.608527-05:00,1237330,21339245,72141003,Servicios de mantenimiento de pistas y carreteras,UNSPSC
ocds-dgv273-seacev3-1191444,ocds-dgv273-seacev3-1191444-2026-08-05T10:25:46.020662-05:00,1191444,21211374,72153103,Servicios de construcción de patios de recreo e instalación de equipos,UNSPSC
ocds-dgv273-seacev3-2026-22-15,ocds-dgv273-seacev3-2026-22-15-2026-08-05T10:25:35.012507-05:00,1187886,21202193,92101501,Servicios de vigilancia,UNSPSC
ocds-dgv273-seacev3-1188399,ocds-dgv273-seacev3-1188399-2026-08-05T10:25:34.993220-05:00,1188399,21203441,92101501,Servicios de vigilancia,UNSPSC
ocds-dgv273-seacev3-1237401,ocds-dgv273-seacev3-1237401-2026-08-05T10:25:29.727693-05:00,1237401,21339323,72141001,Servicios de construcción de pistas y carreteras nuevas,UNSPSC
ocds-dgv273-seacev3-1235727,ocds-dgv273-seacev3-1235727-2026-08-03T10:03:35.236285-05:00,1235727,21334928,81161801,Servicio de arrendamiento o alquiler de plataforma o equipo de comunicación de datos,UNSPSC
ocds-dgv273-seacev3-1236428,ocds-dgv273-seacev3-1236428-2026-08-03T10:03:34.218776-05:00,1236428,21336615,82111701,Servicios de redactores de artículos,UNSPSC
ocds-dgv273-seacev3-1237539,ocds-dgv273-seacev3-1237539-2026-08-02T10:09:29.068805-05:00,1237539,21339621,81101508,Ingeniería arquitectónica,UNSPSC
ocds-dgv273-seacev3-2026-1488-3,ocds-dgv273-seacev3-2026-1488-3-2026-08-02T10:09:24.668860-05:00,1189277,21205479,81101510,Ingeniería de carreteras,UNSPSC
ocds-dgv273-seacev3-2026-1003023443-22,ocds-dgv273-seacev3-2026-1003023443-22-2026-08-02T10:09:24.543143-05:00,1190238,21208296,83121703,Servicios relacionados con Internet,UNSPSC
ocds-dgv273-seacev3-2026-1606-2,ocds-dgv273-seacev3-2026-1606-2-2026-08-02T10:09:15.798594-05:00,1189765,21206812,50131702,Leche o productos de mantequilla estables sin refrigerar,UNSPSC
ocds-dgv273-seacev3-2026-1983-4,ocds-dgv273-seacev3-2026-1983-4-2026-08-02T10:09:15.773692-05:00,1191963,21212640,78111802,Servicios programados de autobús,UNSPSC
ocds-dgv273-seacev3-2026-1274-7,ocds-dgv273-seacev3-2026-1274-7-2026-08-02T10:09:15.738742-05:00,1188651,21204149,50192109,"Papas fritas en hojuelas y al hilo, mix de bocaditos o galletas saladas",UNSPSC
ocds-dgv273-seacev3-2026-10141-37,ocds-dgv273-seacev3-2026-10141-37-2026-08-02T10:09:15.520352-05:00,1190931,21210267,10171603,Fertilizante fosfático,UNSPSC
ocds-dgv273-seacev3-2026-10141-37,ocds-dgv273-seacev3-2026-10141-37-2026-08-02T10:09:15.520352-05:00,1190931,21210262,10171603,Fertilizante fosfático,UNSPSC
ocds-dgv273-seacev3-2026-10141-37,ocds-dgv273-seacev3-2026-10141-37-2026-08-02T10:09:15.520352-05:00,1190931,21210261,10171603,Fertilizante fosfático,UNSPSC
ocds-dgv273-seacev3-2026-10141-37,ocds-dgv273-seacev3-2026-10141-37-2026-08-02T10:09:15.520352-05:00,1190931,21210260,10171603,Fertilizante fosfático,UNSPSC
ocds-dgv273-seacev3-2026-10141-37,ocds-dgv273-seacev3-2026-10141-37-2026-08-02T10:09:15.520352-05:00,1190931,21210259,10171603,Fertilizante fosfático,UNSPSC
ocds-dgv273-seacev3-2026-10141-37,ocds-dgv273-seacev3-2026-10141-37-2026-08-02T10:09:15.520352-05:00,1190931,21210225,10171603,Fertilizante fosfático,UNSPSC
ocds-dgv273-seacev3-2026-1634-1,ocds-dgv273-seacev3-2026-1634-1-2026-08-02T10:09:15.189782-05:00,1188634,21204119,50192109,"Papas fritas en hojuelas y al hilo, mix de bocaditos o galletas saladas",UNSPSC
ocds-dgv273-seacev3-2026-1634-1,ocds-dgv273-seacev3-2026-1634-1-2026-08-02T10:09:15.189782-05:00,1188634,21204120,50131702,Leche o productos de mantequilla estables sin refrigerar,UNSPSC
ocds-dgv273-seacev3-1190005,ocds-dgv273-seacev3-1190005-2026-08-02T10:09:03.346498-05:00,1190005,21207610,12141904,Oxígeno (O),UNSPSC
ocds-dgv273-seacev3-1189970,ocds-dgv273-seacev3-1189970-2026-08-02T10:08:54.496975-05:00,1189970,21207542,72141106,Servicios de construcción de caminos de grava o tierra,UNSPSC
ocds-dgv273-seacev3-2026-51-105,ocds-dgv273-seacev3-2026-51-105-2026-08-02T10:08:54.135661-05:00,1190192,21208243,30111601,Cemento,UNSPSC
ocds-dgv273-seacev3-2026-425-3,ocds-dgv273-seacev3-2026-425-3-2026-08-02T10:08:42.549414-05:00,1190696,21209784,72141128,Servicio de remodelación  y/o construcción de plazas públicas,UNSPSC
ocds-dgv273-seacev3-2026-1606-1,ocds-dgv273-seacev3-2026-1606-1-2026-08-02T10:08:42.520909-05:00,1189763,21206811,50192109,"Papas fritas en hojuelas y al hilo, mix de bocaditos o galletas saladas",UNSPSC
ocds-dgv273-seacev3-1188956,ocds-dgv273-seacev3-1188956-2026-08-02T10:08:42.450976-05:00,1188956,21204879,50192109,"Papas fritas en hojuelas y al hilo, mix de bocaditos o galletas saladas",UNSPSC
ocds-dgv273-seacev3-1188956,ocds-dgv273-seacev3-1188956-2026-08-02T10:08:42.450976-05:00,1188956,21204878,50131702,Leche o productos de mantequilla estables sin refrigerar,UNSPSC
ocds-dgv273-seacev3-1209336,ocds-dgv273-seacev3-1209336-2026-08-01T10:19:27.045380-05:00,1209336,21259130,72141701,Servicio de arrendamiento o alquiler de maquinaria de construcción,UNSPSC
ocds-dgv273-seacev3-1190080,ocds-dgv273-seacev3-1190080-2026-08-01T10:19:16.290836-05:00,1190080,21207991,72141106,Servicios de construcción de caminos de grava o tierra,UNSPSC
ocds-dgv273-seacev3-1226878,ocds-dgv273-seacev3-1226878-2026-08-01T10:18:56.050036-05:00,1226878,21311281,91111603,Servicios de cocina o preparación de comidas,UNSPSC
ocds-dgv273-seacev3-1188943,ocds-dgv273-seacev3-1188943-2026-08-01T10:18:52.974580-05:00,1188943,21204704,81101508,Ingeniería arquitectónica,UNSPSC
ocds-dgv273-seacev3-1191522,ocds-dgv273-seacev3-1191522-2026-08-01T10:18:41.121725-05:00,1191522,21211501,72141106,Servicios de construcción de caminos de grava o tierra,UNSPSC
ocds-dgv273-seacev3-2026-200512-4,ocds-dgv273-seacev3-2026-200512-4-2026-08-01T10:18:30.310416-05:00,1188733,21204258,92101501,Servicios de vigilancia,UNSPSC
ocds-dgv273-seacev3-2026-2009-106,ocds-dgv273-seacev3-2026-2009-106-2026-08-01T10:18:16.530026-05:00,1189649,21206447,21102401,Equipo para apicultura,UNSPSC
ocds-dgv273-seacev3-2026-1890-16,ocds-dgv273-seacev3-2026-1890-16-2026-08-01T10:18:16.267258-05:00,1188123,21202725,91111603,Servicios de cocina o preparación de comidas,UNSPSC
ocds-dgv273-seacev3-2026-2366-15,ocds-dgv273-seacev3-2026-2366-15-2026-07-30T10:06:39.343467-05:00,1188923,21204685,70171602,Servicios de ensayos del agua,UNSPSC
ocds-dgv273-seacev3-1186137,ocds-dgv273-seacev3-1186137-2026-07-30T10:06:39.299694-05:00,1186137,21197533,80171801,Servicio de monitoreo de los medios de comunicación,UNSPSC
ocds-dgv273-seacev3-1190825,ocds-dgv273-seacev3-1190825-2026-07-26T10:08:23.239390-05:00,1190825,21210024,72152602,Servicios de canaletas y bajadas de agua,UNSPSC
ocds-dgv273-seacev3-2026-289-4,ocds-dgv273-seacev3-2026-289-4-2026-07-26T10:08:14.366933-05:00,1190652,21209723,72153102,Servicios de construcción de campos deportivos interiores,UNSPSC
ocds-dgv273-seacev3-1190493,ocds-dgv273-seacev3-1190493-2026-07-26T10:08:14.350986-05:00,1190493,21209101,72153102,Servicios de construcción de campos deportivos interiores,UNSPSC
ocds-dgv273-seacev3-1211109,ocds-dgv273-seacev3-1211109-2026-07-26T10:08:03.143117-05:00,1211109,21264593,78141804,Administración de instalación terminal de carga,UNSPSC
ocds-dgv273-seacev3-2026-10378-4,ocds-dgv273-seacev3-2026-10378-4-2026-07-26T10:08:02.228052-05:00,1190832,21210048,85101503,Servicio para administrar consultorios médicos,UNSPSC
ocds-dgv273-seacev3-2026-10378-4,ocds-dgv273-seacev3-2026-10378-4-2026-07-26T10:08:02.228052-05:00,1190832,21210047,85101503,Servicio para administrar consultorios médicos,UNSPSC
ocds-dgv273-seacev3-2026-10378-4,ocds-dgv273-seacev3-2026-10378-4-2026-07-26T10:08:02.228052-05:00,1190832,21210046,85101503,Servicio para administrar consultorios médicos,UNSPSC
ocds-dgv273-seacev3-2026-10378-4,ocds-dgv273-seacev3-2026-10378-4-2026-07-26T10:08:02.228052-05:00,1190832,21210045,85101503,Servicio para administrar consultorios médicos,UNSPSC
ocds-dgv273-seacev3-2026-317-2,ocds-dgv273-seacev3-2026-317-2-2026-07-26T10:08:01.653504-05:00,1186223,21199751,15101505,Diesel,UNSPSC
ocds-dgv273-seacev3-2026-1003057621-12,ocds-dgv273-seacev3-2026-1003057621-12-2026-07-26T10:07:57.677656-05:00,1231922,21324632,82101504,Publicidad en periódicos,UNSPSC
ocds-dgv273-seacev3-1193657,ocds-dgv273-seacev3-1193657-2026-07-26T10:07:53.517842-05:00,1193657,21216936,81101510,Ingeniería de carreteras,UNSPSC
ocds-dgv273-seacev3-1191872,ocds-dgv273-seacev3-1191872-2026-07-26T10:07:42.359593-05:00,1191872,21212432,30111601,Cemento,UNSPSC
ocds-dgv273-seacev3-2026-10247-56,ocds-dgv273-seacev3-2026-10247-56-2026-07-26T10:07:42.150163-05:00,1192090,21213142,84131607,Seguro de responsabilidad general,UNSPSC
ocds-dgv273-seacev3-1185694,ocds-dgv273-seacev3-1185694-2026-07-25T10:12:33.975104-05:00,1185694,21197144,72141701,Servicio de arrendamiento o alquiler de maquinaria de construcción,UNSPSC
ocds-dgv273-seacev3-1190665,ocds-dgv273-seacev3-1190665-2026-07-25T10:12:25.037949-05:00,1190665,21209542,72141121,Servicios de construcción de tuberías principales de agua,UNSPSC
ocds-dgv273-seacev3-1187069,ocds-dgv273-seacev3-1187069-2026-07-25T10:12:23.972393-05:00,1187069,21200643,72141701,Servicio de arrendamiento o alquiler de maquinaria de construcción,UNSPSC
ocds-dgv273-seacev3-1185696,ocds-dgv273-seacev3-1185696-2026-07-25T10:12:12.660898-05:00,1185696,21197145,72141701,Servicio de arrendamiento o alquiler de maquinaria de construcción,UNSPSC
ocds-dgv273-seacev3-2026-2543-205,ocds-dgv273-seacev3-2026-2543-205-2026-07-24T10:24:36.557990-05:00,1192068,21212747,51161525,Beclometasona,UNSPSC
ocds-dgv273-seacev3-2026-2543-205,ocds-dgv273-seacev3-2026-2543-205-2026-07-24T10:24:36.557990-05:00,1192068,21212748,51161705,Bromuro de ipratropio,UNSPSC
ocds-dgv273-seacev3-2026-2543-205,ocds-dgv273-seacev3-2026-2543-205-2026-07-24T10:24:36.557990-05:00,1192068,21212749,51161630,Maleato de clorfeniramina,UNSPSC
ocds-dgv273-seacev3-2026-2543-205,ocds-dgv273-seacev3-2026-2543-205-2026-07-24T10:24:36.557990-05:00,1192068,21212750,51101549,Linezolida,UNSPSC
ocds-dgv273-seacev3-2026-2543-205,ocds-dgv273-seacev3-2026-2543-205-2026-07-24T10:24:36.557990-05:00,1192068,21212751,51181722,Fluticasona,UNSPSC
ocds-dgv273-seacev3-2026-2543-205,ocds-dgv273-seacev3-2026-2543-205-2026-07-24T10:24:36.557990-05:00,1192068,21212752,51162030,Fluticasona/salmeterol,UNSPSC
ocds-dgv273-seacev3-2026-2543-205,ocds-dgv273-seacev3-2026-2543-205-2026-07-24T10:24:36.557990-05:00,1192068,21212753,51422410,Fludrocortisona,UNSPSC
ocds-dgv273-seacev3-2026-774-1,ocds-dgv273-seacev3-2026-774-1-2026-07-24T10:24:27.725489-05:00,1191900,21212417,80101604,Administración o planificación de proyectos,UNSPSC
ocds-dgv273-seacev3-2026-891-1,ocds-dgv273-seacev3-2026-891-1-2026-07-24T10:24:17.342523-05:00,1186663,21200270,10101516,Ganado vacuno,UNSPSC
ocds-dgv273-seacev3-1187009,ocds-dgv273-seacev3-1187009-2026-07-24T10:24:07.633076-05:00,1187009,21198194,73152108,Servicio de reparación y mantenimiento de equipo eléctrico,UNSPSC
ocds-dgv273-seacev3-1186683,ocds-dgv273-seacev3-1186683-2026-07-24T10:24:07.579204-05:00,1186683,21197964,72141121,Servicios de construcción de tuberías principales de agua,UNSPSC
ocds-dgv273-seacev3-1186165,ocds-dgv273-seacev3-1186165-2026-07-24T10:24:07.502927-05:00,1186165,21199662,72141121,Servicios de construcción de tuberías principales de agua,UNSPSC
ocds-dgv273-seacev3-1203462,ocds-dgv273-seacev3-1203462-2026-07-24T10:23:55.762402-05:00,1203462,21243791,72141701,Servicio de arrendamiento o alquiler de maquinaria de construcción,UNSPSC
ocds-dgv273-seacev3-2026-2432-6,ocds-dgv273-seacev3-2026-2432-6-2026-07-24T10:23:55.648691-05:00,1188006,21202651,80111501,Desarrollo de gestión,UNSPSC
ocds-dgv273-seacev3-2026-774-2,ocds-dgv273-seacev3-2026-774-2-2026-07-24T10:23:45.862081-05:00,1191962,21212638,81101515,Ingeniería de infraestructura de plantas o instalaciones,UNSPSC
ocds-dgv273-seacev3-1186697,ocds-dgv273-seacev3-1186697-2026-07-24T10:23:45.682443-05:00,1186697,21197978,92101805,Procesos de apelación o revisiones judiciales,UNSPSC
ocds-dgv273-seacev3-1189756,ocds-dgv273-seacev3-1189756-2026-07-23T10:30:26.933866-05:00,1189756,21206606,72141128,Servicio de remodelación  y/o construcción de plazas públicas,UNSPSC
ocds-dgv273-seacev3-1191616,ocds-dgv273-seacev3-1191616-2026-07-23T10:30:26.564020-05:00,1191616,21211740,84111501,Servicio de contabilidad de costos,UNSPSC
ocds-dgv273-seacev3-1191616,ocds-dgv273-seacev3-1191616-2026-07-23T10:30:26.564020-05:00,1191616,21211741,84111501,Servicio de contabilidad de costos,UNSPSC
ocds-dgv273-seacev3-1191616,ocds-dgv273-seacev3-1191616-2026-07-23T10:30:26.564020-05:00,1191616,21211742,84111501,Servicio de contabilidad de costos,UNSPSC
ocds-dgv273-seacev3-1191616,ocds-dgv273-seacev3-1191616-2026-07-23T10:30:26.564020-05:00,1191616,21211743,84111501,Servicio de contabilidad de costos,UNSPSC
ocds-dgv273-seacev3-2026-1648-10,ocds-dgv273-seacev3-2026-1648-10-2026-07-23T10:30:26.164158-05:00,1189038,21204923,15101505,Diesel,UNSPSC
ocds-dgv273-seacev3-2026-10047-2,ocds-dgv273-seacev3-2026-10047-2-2026-07-23T10:30:15.795380-05:00,1190403,21208749,42295121,Microscopios o magnificadores quirúrgicos o accesorios,UNSPSC
ocds-dgv273-seacev3-2026-10047-2,ocds-dgv273-seacev3-2026-10047-2-2026-07-23T10:30:15.795380-05:00,1190403,21208857,,,UNSPSC
ocds-dgv273-seacev3-1193723,ocds-dgv273-seacev3-1193723-2026-07-23T10:30:15.630022-05:00,1193723,21216945,81101510,Ingeniería de carreteras,UNSPSC
ocds-dgv273-seacev3-2026-200125-1,ocds-dgv273-seacev3-2026-200125-1-2026-07-23T10:30:14.880643-05:00,1186961,21200501,15101505,Diesel,UNSPSC
ocds-dgv273-seacev3-1192239,ocds-dgv273-seacev3-1192239-2026-07-23T10:29:40.704312-05:00,1192239,21213347,81101508,Ingeniería arquitectónica,UNSPSC
ocds-dgv273-seacev3-2026-1648-11,ocds-dgv273-seacev3-2026-1648-11-2026-07-23T10:29:40.503896-05:00,1189041,21204926,15101506,Gasolina o Petróleo,UNSPSC
ocds-dgv273-seacev3-1188817,ocds-dgv273-seacev3-1188817-2026-07-23T10:29:28.891832-05:00,1188817,21204515,72141121,Servicios de construcción de tuberías principales de agua,UNSPSC
ocds-dgv273-seacev3-1186268,ocds-dgv273-seacev3-1186268-2026-07-23T10:29:04.691509-05:00,1186268,21199814,80121704,Servicios legales de contratos,UNSPSC
ocds-dgv273-seacev3-2026-10141-50,ocds-dgv273-seacev3-2026-10141-50-2026-07-22T10:31:53.528688-05:00,1191767,21212146,10171602,Fertilizante potásico,UNSPSC
ocds-dgv273-seacev3-2026-10141-50,ocds-dgv273-seacev3-2026-10141-50-2026-07-22T10:31:53.528688-05:00,1191767,21212147,10171602,Fertilizante potásico,UNSPSC
ocds-dgv273-seacev3-2026-10141-50,ocds-dgv273-seacev3-2026-10141-50-2026-07-22T10:31:53.528688-05:00,1191767,21212204,10171602,Fertilizante potásico,UNSPSC
ocds-dgv273-seacev3-2026-10141-50,ocds-dgv273-seacev3-2026-10141-50-2026-07-22T10:31:53.528688-05:00,1191767,21212205,10171602,Fertilizante potásico,UNSPSC
ocds-dgv273-seacev3-2026-10141-50,ocds-dgv273-seacev3-2026-10141-50-2026-07-22T10:31:53.528688-05:00,1191767,21212143,10171602,Fertilizante potásico,UNSPSC
ocds-dgv273-seacev3-2026-10141-50,ocds-dgv273-seacev3-2026-10141-50-2026-07-22T10:31:53.528688-05:00,1191767,21212145,10171602,Fertilizante potásico,UNSPSC
ocds-dgv273-seacev3-2026-742-59,ocds-dgv273-seacev3-2026-742-59-2026-07-22T10:31:51.959860-05:00,1187502,21201290,78111808,Alquiler de vehículos,UNSPSC
ocds-dgv273-seacev3-1233778,ocds-dgv273-seacev3-1233778-2026-07-22T10:31:48.524783-05:00,1233778,21329507,81101508,Ingeniería arquitectónica,UNSPSC
ocds-dgv273-seacev3-1202735,ocds-dgv273-seacev3-1202735-2026-07-22T10:31:29.874732-05:00,1202735,21242808,81101515,Ingeniería de infraestructura de plantas o instalaciones,UNSPSC
ocds-dgv273-seacev3-1224019,ocds-dgv273-seacev3-1224019-2026-07-22T10:31:09.267610-05:00,1224019,21303066,31151705,Cable de acero no eléctrico,UNSPSC
ocds-dgv273-seacev3-1190047,ocds-dgv273-seacev3-1190047-2026-07-19T10:08:34.422847-05:00,1190047,21207917,72141001,Servicios de construcción de pistas y carreteras nuevas,UNSPSC
ocds-dgv273-seacev3-2026-399-83,ocds-dgv273-seacev3-2026-399-83-2026-07-19T10:08:34.125828-05:00,1187663,21201679,72121406,Servicios de construcción de escuelas,UNSPSC
ocds-dgv273-seacev3-1188358,ocds-dgv273-seacev3-1188358-2026-07-19T10:08:34.091125-05:00,1188358,21203578,72121403,Servicios de construcción de hospitales,UNSPSC
ocds-dgv273-seacev3-2026-10001-21,ocds-dgv273-seacev3-2026-10001-21-2026-07-19T10:08:33.794854-05:00,1186086,21199599,83111502,Servicios telefónicos de larga distancia,UNSPSC
ocds-dgv273-seacev3-2026-2543-200,ocds-dgv273-seacev3-2026-2543-200-2026-07-19T10:08:24.124019-05:00,1192021,21212890,51101572,Azitromicina,UNSPSC
ocds-dgv273-seacev3-2026-2543-200,ocds-dgv273-seacev3-2026-2543-200-2026-07-19T10:08:24.124019-05:00,1192021,21212889,51101810,Itraconazol,UNSPSC
ocds-dgv273-seacev3-2026-2543-200,ocds-dgv273-seacev3-2026-2543-200-2026-07-19T10:08:24.124019-05:00,1192021,21212888,51101594,Cefepime,UNSPSC
ocds-dgv273-seacev3-2026-2543-200,ocds-dgv273-seacev3-2026-2543-200-2026-07-19T10:08:24.124019-05:00,1192021,21212887,51101811,Ketoconazol,UNSPSC
ocds-dgv273-seacev3-2026-2543-200,ocds-dgv273-seacev3-2026-2543-200-2026-07-19T10:08:24.124019-05:00,1192021,21212886,51101584,Gentamicina,UNSPSC
ocds-dgv273-seacev3-2026-2543-200,ocds-dgv273-seacev3-2026-2543-200-2026-07-19T10:08:24.124019-05:00,1192021,21212885,51342309,Aciclovir o aciclovir,UNSPSC
ocds-dgv273-seacev3-2026-2543-200,ocds-dgv273-seacev3-2026-2543-200-2026-07-19T10:08:24.124019-05:00,1192021,21212884,51102206,Nitrofurantoina,UNSPSC
ocds-dgv273-seacev3-2026-2543-200,ocds-dgv273-seacev3-2026-2543-200-2026-07-19T10:08:24.124019-05:00,1192021,21212883,51283505,Oxacilina,UNSPSC
ocds-dgv273-seacev3-2026-2543-200,ocds-dgv273-seacev3-2026-2543-200-2026-07-19T10:08:24.124019-05:00,1192021,21212882,51101591,Vancomicina,UNSPSC
ocds-dgv273-seacev3-2026-2543-200,ocds-dgv273-seacev3-2026-2543-200-2026-07-19T10:08:24.124019-05:00,1192021,21212881,51101807,Fluconazol,UNSPSC
ocds-dgv273-seacev3-2026-2543-200,ocds-dgv273-seacev3-2026-2543-200-2026-07-19T10:08:24.124019-05:00,1192021,21212880,51101508,Antibióticos sulfonamidas,UNSPSC
ocds-dgv273-seacev3-2026-2543-200,ocds-dgv273-seacev3-2026-2543-200-2026-07-19T10:08:24.124019-05:00,1192021,21212879,51342309,Aciclovir o aciclovir,UNSPSC
ocds-dgv273-seacev3-2026-2543-200,ocds-dgv273-seacev3-2026-2543-200-2026-07-19T10:08:24.124019-05:00,1192021,21212878,51101573,Cefuroxima,UNSPSC
ocds-dgv273-seacev3-2026-2543-200,ocds-dgv273-seacev3-2026-2543-200-2026-07-19T10:08:24.124019-05:00,1192021,21212876,51303002,Voriconazol,UNSPSC
ocds-dgv273-seacev3-2026-2543-200,ocds-dgv273-seacev3-2026-2543-200-2026-07-19T10:08:24.124019-05:00,1192021,21212875,51283104,Colistimetato,UNSPSC
ocds-dgv273-seacev3-2026-2543-200,ocds-dgv273-seacev3-2026-2543-200-2026-07-19T10:08:24.124019-05:00,1192021,21212874,51101542,Ciprofloxacina,UNSPSC
ocds-dgv273-seacev3-2026-2543-200,ocds-dgv273-seacev3-2026-2543-200-2026-07-19T10:08:24.124019-05:00,1192021,21212873,51101550,Cefalexina,UNSPSC
ocds-dgv273-seacev3-2026-2543-200,ocds-dgv273-seacev3-2026-2543-200-2026-07-19T10:08:24.124019-05:00,1192021,21212872,51101552,Ceftazidima,UNSPSC
ocds-dgv273-seacev3-2026-2543-200,ocds-dgv273-seacev3-2026-2543-200-2026-07-19T10:08:24.124019-05:00,1192021,21212716,51101551,Ceftriaxona,UNSPSC
ocds-dgv273-seacev3-2026-847-12,ocds-dgv273-seacev3-2026-847-12-2026-07-19T10:08:23.996033-05:00,1189257,21205512,30111601,Cemento,UNSPSC
ocds-dgv273-seacev3-1188626,ocds-dgv273-seacev3-1188626-2026-07-19T10:08:23.760627-05:00,1188626,21204113,81101508,Ingeniería arquitectónica,UNSPSC
ocds-dgv273-seacev3-1191768,ocds-dgv273-seacev3-1191768-2026-07-18T10:18:24.903804-05:00,1191768,21212155,72141001,Servicios de construcción de pistas y carreteras nuevas,UNSPSC
ocds-dgv273-seacev3-1190335,ocds-dgv273-seacev3-1190335-2026-07-18T10:18:13.956728-05:00,1190335,21208836,78102203,"Servicios de envío, recojo o entrega de correspondencia",UNSPSC
ocds-dgv273-seacev3-1186205,ocds-dgv273-seacev3-1186205-2026-07-18T10:18:13.806182-05:00,1186205,21199742,72141701,Servicio de arrendamiento o alquiler de maquinaria de construcción,UNSPSC
ocds-dgv273-seacev3-1186648,ocds-dgv273-seacev3-1186648-2026-07-18T10:18:02.709671-05:00,1186648,21200474,80131502,Alquiler de instalaciones comerciales o industriales,UNSPSC
ocds-dgv273-seacev3-1188141,ocds-dgv273-seacev3-1188141-2026-07-18T10:17:51.399237-05:00,1188141,21202723,72153102,Servicios de construcción de campos deportivos interiores,UNSPSC
ocds-dgv273-seacev3-1197833,ocds-dgv273-seacev3-1197833-2026-07-18T10:17:40.290813-05:00,1197833,21227109,85151508,Servicios de análisis de alimentos,UNSPSC
ocds-dgv273-seacev3-2026-1852-19,ocds-dgv273-seacev3-2026-1852-19-2026-07-18T10:17:30.027479-05:00,1187204,21198339,15101505,Diesel,UNSPSC
ocds-dgv273-seacev3-1187657,ocds-dgv273-seacev3-1187657-2026-07-18T10:17:17.230336-05:00,1187657,21201505,72153102,Servicios de construcción de campos deportivos interiores,UNSPSC
ocds-dgv273-seacev3-2026-1984-2,ocds-dgv273-seacev3-2026-1984-2-2026-07-17T10:26:59.632763-05:00,1189298,21205514,92101501,Servicios de vigilancia,UNSPSC
ocds-dgv273-seacev3-1223540,ocds-dgv273-seacev3-1223540-2026-07-17T10:26:49.980454-05:00,1223540,21302122,72153102,Servicios de construcción de campos deportivos interiores,UNSPSC
ocds-dgv273-seacev3-1189188,ocds-dgv273-seacev3-1189188-2026-07-17T10:26:25.721340-05:00,1189188,21205195,72141213,Servicios de construcción de vías fluviales,UNSPSC
ocds-dgv273-seacev3-1188035,ocds-dgv273-seacev3-1188035-2026-07-17T10:26:25.106228-05:00,1188035,21203044,72121406,Servicios de construcción de escuelas,UNSPSC
ocds-dgv273-seacev3-2026-20-17,ocds-dgv273-seacev3-2026-20-17-2026-07-17T10:26:15.221529-05:00,1191529,21211508,83111603,Servicios de telefonía móvil,UNSPSC
ocds-dgv273-seacev3-1187205,ocds-dgv273-seacev3-1187205-2026-07-16T10:26:06.120019-05:00,1187205,21198340,91111603,Servicios de cocina o preparación de comidas,UNSPSC
ocds-dgv273-seacev3-1190700,ocds-dgv273-seacev3-1190700-2026-07-16T10:25:56.794157-05:00,1190700,21209779,72153303,Servicio de mantenimiento y reparación de equipo de estación de servicio,UNSPSC
ocds-dgv273-seacev3-2026-200303-11,ocds-dgv273-seacev3-2026-200303-11-2026-07-16T10:25:56.154603-05:00,1187733,21201825,72141003,Servicios de mantenimiento de pistas y carreteras,UNSPSC
ocds-dgv273-seacev3-2026-200168-129,ocds-dgv273-seacev3-2026-200168-129-2026-07-16T10:25:49.055137-05:00,1227266,21312005,80101706,Servicios profesionales de abastecimiento,UNSPSC
ocds-dgv273-seacev3-2026-2370-3,ocds-dgv273-seacev3-2026-2370-3-2026-07-16T10:25:45.626943-05:00,1190941,21210286,83101501,Suministro de agua,UNSPSC
ocds-dgv273-seacev3-1213384,ocds-dgv273-seacev3-1213384-2026-07-16T10:25:36.807863-05:00,1213384,21270552,72141121,Servicios de construcción de tuberías principales de agua,UNSPSC
ocds-dgv273-seacev3-2026-200168-131,ocds-dgv273-seacev3-2026-200168-131-2026-07-16T10:25:36.072100-05:00,1227600,21312742,80101706,Servicios profesionales de abastecimiento,UNSPSC
ocds-dgv273-seacev3-1189722,ocds-dgv273-seacev3-1189722-2026-07-16T10:25:33.387085-05:00,1189722,21206765,81101508,Ingeniería arquitectónica,UNSPSC
ocds-dgv273-seacev3-1191385,ocds-dgv273-seacev3-1191385-2026-07-16T10:25:12.402089-05:00,1191385,21211218,78111808,Alquiler de vehículos,UNSPSC
ocds-dgv273-seacev3-2026-1834-8,ocds-dgv273-seacev3-2026-1834-8-2026-07-16T10:25:11.457273-05:00,1188048,21202690,30111601,Cemento,UNSPSC
ocds-dgv273-seacev3-1187753,ocds-dgv273-seacev3-1187753-2026-07-16T10:25:11.249700-05:00,1187753,21201739,80131502,Alquiler de instalaciones comerciales o industriales,UNSPSC
ocds-dgv273-seacev3-2026-200168-130,ocds-dgv273-seacev3-2026-200168-130-2026-07-16T10:25:04.677517-05:00,1227532,21312630,80121704,Servicios legales de contratos,UNSPSC
ocds-dgv273-seacev3-1189784,ocds-dgv273-seacev3-1189784-2026-07-15T10:30:50.888276-05:00,1189784,21206661,15101505,Diesel,UNSPSC
ocds-dgv273-seacev3-1218922,ocds-dgv273-seacev3-1218922-2026-07-15T10:30:42.597618-05:00,1218922,21287818,24102402,Compactador estacionario para basura,UNSPSC
ocds-dgv273-seacev3-2026-754-5,ocds-dgv273-seacev3-2026-754-5-2026-07-15T10:30:39.294761-05:00,1186922,21200475,15101505,Diesel,UNSPSC
ocds-dgv273-seacev3-1191656,ocds-dgv273-seacev3-1191656-2026-07-15T10:30:27.794790-05:00,1191656,21211803,30121601,Asfalto,UNSPSC
ocds-dgv273-seacev3-2026-2364-17,ocds-dgv273-seacev3-2026-2364-17-2026-07-15T10:30:16.536863-05:00,1191169,21210642,81101505,Ingeniería estructural,UNSPSC
ocds-dgv273-seacev3-1189221,ocds-dgv273-seacev3-1189221-2026-07-15T10:30:16.281365-05:00,1189221,21205281,81101508,Ingeniería arquitectónica,UNSPSC
ocds-dgv273-seacev3-1189560,ocds-dgv273-seacev3-1189560-2026-07-15T10:30:06.157479-05:00,1189560,21206099,81101505,Ingeniería estructural,UNSPSC
ocds-dgv273-seacev3-1188546,ocds-dgv273-seacev3-1188546-2026-07-15T10:29:54.388848-05:00,1188546,21203792,30151803,Juntas a tope para revestimiento de paredes,UNSPSC
ocds-dgv273-seacev3-1190798,ocds-dgv273-seacev3-1190798-2026-07-15T10:29:54.346796-05:00,1190798,21209946,80101604,Administración o planificación de proyectos,UNSPSC
ocds-dgv273-seacev3-1191782,ocds-dgv273-seacev3-1191782-2026-07-15T10:29:54.053857-05:00,1191782,21212187,72152801,Servicios de perforación de pozos de agua domésticos,UNSPSC
ocds-dgv273-seacev3-1187564,ocds-dgv273-seacev3-1187564-2026-07-13T10:20:28.758402-05:00,1187564,21201405,72141101,Servicios de construcción de pistas de aterrizaje en aeropuerto,UNSPSC
ocds-dgv273-seacev3-2026-2009-10,ocds-dgv273-seacev3-2026-2009-10-2026-07-13T10:20:12.944806-05:00,1189676,21206475,31201601,Adhesivos químicos,UNSPSC
ocds-dgv273-seacev3-1190318,ocds-dgv273-seacev3-1190318-2026-07-13T10:20:12.855907-05:00,1190318,21208799,73152108,Servicio de reparación y mantenimiento de equipo eléctrico,UNSPSC
ocds-dgv273-seacev3-1186348,ocds-dgv273-seacev3-1186348-2026-07-13T10:20:12.376897-05:00,1186348,21199908,15101505,Diesel,UNSPSC
ocds-dgv273-seacev3-1187068,ocds-dgv273-seacev3-1187068-2026-07-13T10:20:12.075729-05:00,1187068,21200641,30111601,Cemento,UNSPSC
ocds-dgv273-seacev3-2026-680-7,ocds-dgv273-seacev3-2026-680-7-2026-07-13T10:20:01.399161-05:00,1185736,21199287,72141001,Servicios de construcción de pistas y carreteras nuevas,UNSPSC
ocds-dgv273-seacev3-1212978,ocds-dgv273-seacev3-1212978-2026-07-13T10:19:53.565666-05:00,1212978,21269541,72153102,Servicios de construcción de campos deportivos interiores,UNSPSC
ocds-dgv273-seacev3-1189833,ocds-dgv273-seacev3-1189833-2026-07-11T10:22:10.995768-05:00,1189833,21207127,72141701,Servicio de arrendamiento o alquiler de maquinaria de construcción,UNSPSC
ocds-dgv273-seacev3-1188143,ocds-dgv273-seacev3-1188143-2026-07-11T10:22:10.489173-05:00,1188143,21203141,80131502,Alquiler de instalaciones comerciales o industriales,UNSPSC
ocds-dgv273-seacev3-2026-1034-5,ocds-dgv273-seacev3-2026-1034-5-2026-07-11T10:21:59.052294-05:00,1186387,21199940,72121406,Servicios de construcción de escuelas,UNSPSC
ocds-dgv273-seacev3-2026-399-3,ocds-dgv273-seacev3-2026-399-3-2026-07-11T10:21:38.048565-05:00,1189258,21205427,72152605,Servicios de montaje y reparación de techos,UNSPSC
ocds-dgv273-seacev3-2026-2543-202,ocds-dgv273-seacev3-2026-2543-202-2026-07-11T10:21:37.938748-05:00,1192033,21212922,51343503,Tenofovir,UNSPSC
ocds-dgv273-seacev3-2026-2543-202,ocds-dgv273-seacev3-2026-2543-202-2026-07-11T10:21:37.938748-05:00,1192033,21212921,51342308,Valganciclovir,UNSPSC
ocds-dgv273-seacev3-2026-2543-202,ocds-dgv273-seacev3-2026-2543-202-2026-07-11T10:21:37.938748-05:00,1192033,21212920,51343201,Raltegravir,UNSPSC
ocds-dgv273-seacev3-2026-2543-202,ocds-dgv273-seacev3-2026-2543-202-2026-07-11T10:21:37.938748-05:00,1192033,21212919,51102326,Efavirenz,UNSPSC
ocds-dgv273-seacev3-2026-2543-202,ocds-dgv273-seacev3-2026-2543-202-2026-07-11T10:21:37.938748-05:00,1192033,21212918,51341801,Darunavir,UNSPSC
ocds-dgv273-seacev3-2026-2543-202,ocds-dgv273-seacev3-2026-2543-202-2026-07-11T10:21:37.938748-05:00,1192033,21212917,51102314,Ritonavir,UNSPSC
ocds-dgv273-seacev3-2026-2543-202,ocds-dgv273-seacev3-2026-2543-202-2026-07-11T10:21:37.938748-05:00,1192033,21212916,51343201,Raltegravir,UNSPSC
ocds-dgv273-seacev3-2026-374-16,ocds-dgv273-seacev3-2026-374-16-2026-07-11T10:21:37.823089-05:00,1189961,21207530,30111601,Cemento,UNSPSC
ocds-dgv273-seacev3-1189730,ocds-dgv273-seacev3-1189730-2026-07-11T10:21:37.442700-05:00,1189730,21206770,81101510,Ingeniería de carreteras,UNSPSC
ocds-dgv273-seacev3-1189954,ocds-dgv273-seacev3-1189954-2026-07-11T10:21:26.507595-05:00,1189954,21207554,15101505,Diesel,UNSPSC
ocds-dgv273-seacev3-2026-1952-55,ocds-dgv273-seacev3-2026-1952-55-2026-07-10T10:41:53.096861-05:00,1190579,21209243,81112002,Servicios de preparación o procesamiento de datos,UNSPSC
ocds-dgv273-seacev3-2026-1952-55,ocds-dgv273-seacev3-2026-1952-55-2026-07-10T10:41:53.096861-05:00,1190579,21209244,81112002,Servicios de preparación o procesamiento de datos,UNSPSC
ocds-dgv273-seacev3-1204491,ocds-dgv273-seacev3-1204491-2026-07-10T10:41:30.819852-05:00,1204491,21246927,72154032,"Servicios de instalación y reparación de ventanas, puertas y paneles divisorios",UNSPSC
ocds-dgv273-seacev3-1213962,ocds-dgv273-seacev3-1213962-2026-07-10T10:41:26.944753-05:00,1213962,21272247,72151502,Servicios de instalación de sistemas de energía eléctrica,UNSPSC
ocds-dgv273-seacev3-1190506,ocds-dgv273-seacev3-1190506-2026-07-10T10:41:18.957550-05:00,1190506,21209092,72153103,Servicios de construcción de patios de recreo e instalación de equipos,UNSPSC
ocds-dgv273-seacev3-2026-2543-277,ocds-dgv273-seacev3-2026-2543-277-2026-07-10T10:41:09.364815-05:00,1192534,21214233,51112701,Carboplatin,UNSPSC
ocds-dgv273-seacev3-2026-2543-277,ocds-dgv273-seacev3-2026-2543-277-2026-07-10T10:41:09.364815-05:00,1192534,21214234,51111716,Rituximab,UNSPSC
ocds-dgv273-seacev3-2026-1034-1,ocds-dgv273-seacev3-2026-1034-1-2026-07-10T10:40:56.679656-05:00,1186038,21199545,72141121,Servicios de construcción de tuberías principales de agua,UNSPSC
ocds-dgv273-seacev3-2026-614-8,ocds-dgv273-seacev3-2026-614-8-2026-07-10T10:40:56.660265-05:00,1186926,21200480,72141106,Servicios de construcción de caminos de grava o tierra,UNSPSC
ocds-dgv273-seacev3-2026-2372-1,ocds-dgv273-seacev3-2026-2372-1-2026-07-09T10:39:12.490166-05:00,1191791,21212202,40171512,Tubería comercial de hierro fundido,UNSPSC
ocds-dgv273-seacev3-1221424,ocds-dgv273-seacev3-1221424-2026-07-09T10:38:40.463105-05:00,1221424,21295936,72141106,Servicios de construcción de caminos de grava o tierra,UNSPSC
ocds-dgv273-seacev3-1190724,ocds-dgv273-seacev3-1190724-2026-07-09T10:38:37.835604-05:00,1190724,21209815,81101510,Ingeniería de carreteras,UNSPSC
ocds-dgv273-seacev3-1187842,ocds-dgv273-seacev3-1187842-2026-07-09T10:38:37.454114-05:00,1187842,21202174,72121406,Servicios de construcción de escuelas,UNSPSC
ocds-dgv273-seacev3-2026-127819-1,ocds-dgv273-seacev3-2026-127819-1-2026-07-09T10:38:25.665721-05:00,1187692,21201793,91111603,Servicios de cocina o preparación de comidas,UNSPSC
ocds-dgv273-seacev3-1227106,ocds-dgv273-seacev3-1227106-2026-07-09T10:38:10.334728-05:00,1227106,21311592,81101515,Ingeniería de infraestructura de plantas o instalaciones,UNSPSC
ocds-dgv273-seacev3-2026-1155-33,ocds-dgv273-seacev3-2026-1155-33-2026-07-09T10:38:02.525942-05:00,1188113,21203132,81101508,Ingeniería arquitectónica,UNSPSC
ocds-dgv273-seacev3-1187369,ocds-dgv273-seacev3-1187369-2026-07-09T10:38:02.353334-05:00,1187369,21200981,72141121,Servicios de construcción de tuberías principales de agua,UNSPSC
ocds-dgv273-seacev3-2026-200168-127,ocds-dgv273-seacev3-2026-200168-127-2026-07-08T12:25:34.275037-05:00,1228042,21314105,80101513,Servicio de consultoría para la gestión de procesos y procedimientos,UNSPSC
ocds-dgv273-seacev3-1191595,ocds-dgv273-seacev3-1191595-2026-07-08T12:25:23.868180-05:00,1191595,21211748,73181004,Servicios de fresado químico,UNSPSC
ocds-dgv273-seacev3-1186181,ocds-dgv273-seacev3-1186181-2026-07-08T12:25:22.907000-05:00,1186181,21197569,72141001,Servicios de construcción de pistas y carreteras nuevas,UNSPSC
ocds-dgv273-seacev3-2026-1996-1,ocds-dgv273-seacev3-2026-1996-1-2026-07-08T12:25:22.619064-05:00,1186484,21200103,76111501,Servicios de limpieza de edificios,UNSPSC
ocds-dgv273-seacev3-1186780,ocds-dgv273-seacev3-1186780-2026-07-08T12:25:22.601842-05:00,1186780,21200376,81101510,Ingeniería de carreteras,UNSPSC
ocds-dgv273-seacev3-1190710,ocds-dgv273-seacev3-1190710-2026-07-08T12:25:02.279077-05:00,1190710,21209797,72141120,Servicios de construcción de líneas de alcantarillado,UNSPSC
ocds-dgv273-seacev3-2026-2388-15,ocds-dgv273-seacev3-2026-2388-15-2026-07-08T12:25:01.717395-05:00,1189214,21205282,83101501,Suministro de agua,UNSPSC
ocds-dgv273-seacev3-1187448,ocds-dgv273-seacev3-1187448-2026-07-08T12:25:00.256356-05:00,1187448,21201043,81101508,Ingeniería arquitectónica,UNSPSC
ocds-dgv273-seacev3-1194740,ocds-dgv273-seacev3-1194740-2026-07-08T12:24:35.947237-05:00,1194740,21219808,81111602,Programación de Java,UNSPSC
ocds-dgv273-seacev3-1194740,ocds-dgv273-seacev3-1194740-2026-07-08T12:24:35.947237-05:00,1194740,21219807,81111602,Programación de Java,UNSPSC
ocds-dgv273-seacev3-2026-200060-2,ocds-dgv273-seacev3-2026-200060-2-2026-07-08T12:24:35.556148-05:00,1188406,21203636,83121703,Servicios relacionados con Internet,UNSPSC
ocds-dgv273-seacev3-1190353,ocds-dgv273-seacev3-1190353-2026-07-08T12:24:35.512149-05:00,1190353,21208670,81101508,Ingeniería arquitectónica,UNSPSC
ocds-dgv273-seacev3-1186616,ocds-dgv273-seacev3-1186616-2026-07-08T12:24:34.831954-05:00,1186616,21197925,72121411,Servicio de construcción de centros para convenciones,UNSPSC
ocds-dgv273-seacev3-2026-2439-33,ocds-dgv273-seacev3-2026-2439-33-2026-07-08T12:24:34.503743-05:00,1187554,21201545,20102302,Vagones grúa,UNSPSC
ocds-dgv273-seacev3-2026-2439-33,ocds-dgv273-seacev3-2026-2439-33-2026-07-08T12:24:34.503743-05:00,1187554,21201544,20102302,Vagones grúa,UNSPSC
ocds-dgv273-seacev3-2026-1731-37,ocds-dgv273-seacev3-2026-1731-37-2026-07-08T12:24:34.450511-05:00,1187232,21200793,72141003,Servicios de mantenimiento de pistas y carreteras,UNSPSC
ocds-dgv273-seacev3-1191721,ocds-dgv273-seacev3-1191721-2026-07-08T12:24:18.540218-05:00,1191721,21211892,72141120,Servicios de construcción de líneas de alcantarillado,UNSPSC
ocds-dgv273-seacev3-1191513,ocds-dgv273-seacev3-1191513-2026-07-08T12:24:16.615169-05:00,1191513,21211525,81111602,Programación de Java,UNSPSC
ocds-dgv273-seacev3-1191513,ocds-dgv273-seacev3-1191513-2026-07-08T12:24:16.615169-05:00,1191513,21211524,81111602,Programación de Java,UNSPSC
ocds-dgv273-seacev3-1187471,ocds-dgv273-seacev3-1187471-2026-07-08T12:24:15.924638-05:00,1187471,21201258,80101604,Administración o planificación de proyectos,UNSPSC
ocds-dgv273-seacev3-1230097,ocds-dgv273-seacev3-1230097-2026-07-08T12:24:11.978534-05:00,1230097,21319845,81101701,Servicios de ingeniería eléctrica,UNSPSC
ocds-dgv273-seacev3-1191061,ocds-dgv273-seacev3-1191061-2026-07-08T12:23:55.088592-05:00,1191061,21210474,72152801,Servicios de perforación de pozos de agua domésticos,UNSPSC
ocds-dgv273-seacev3-2026-2409-8,ocds-dgv273-seacev3-2026-2409-8-2026-07-08T12:23:29.237541-05:00,1187661,21202281,83111507,Servicios del centro de atención telefónica,UNSPSC
ocds-dgv273-seacev3-2026-1512-3,ocds-dgv273-seacev3-2026-1512-3-2026-07-08T12:23:28.726953-05:00,1188469,21196695,72153102,Servicios de construcción de campos deportivos interiores,UNSPSC
ocds-dgv273-seacev3-2026-1512-3,ocds-dgv273-seacev3-2026-1512-3-2026-07-08T12:23:28.726953-05:00,1188469,21203683,72153102,Servicios de construcción de campos deportivos interiores,UNSPSC
ocds-dgv273-seacev3-2026-1160-6,ocds-dgv273-seacev3-2026-1160-6-2026-07-08T12:23:10.743016-05:00,1192030,21212914,72121101,Servicios de construcción de nuevos edificios comerciales y de oficinas,UNSPSC
ocds-dgv273-seacev3-2026-1922-13,ocds-dgv273-seacev3-2026-1922-13-2026-07-08T12:23:10.409910-05:00,1190655,21209727,46181543,Chaqueta a prueba de agua o impermeable,UNSPSC
ocds-dgv273-seacev3-1191163,ocds-dgv273-seacev3-1191163-2026-07-08T12:23:10.383958-05:00,1191163,21210657,81111811,Servicios de asistencia o soporte técnico,UNSPSC
ocds-dgv273-seacev3-1187618,ocds-dgv273-seacev3-1187618-2026-07-08T12:23:09.782768-05:00,1187618,21201459,72141106,Servicios de construcción de caminos de grava o tierra,UNSPSC
ocds-dgv273-seacev3-2026-2543-194,ocds-dgv273-seacev3-2026-2543-194-2026-07-08T12:22:49.198329-05:00,1192040,21212937,51451801,Albendazol,UNSPSC
ocds-dgv273-seacev3-2026-2543-194,ocds-dgv273-seacev3-2026-2543-194-2026-07-08T12:22:49.198329-05:00,1192040,21212936,51171820,Dimenhidrinato,UNSPSC
ocds-dgv273-seacev3-2026-2543-194,ocds-dgv273-seacev3-2026-2543-194-2026-07-08T12:22:49.198329-05:00,1192040,21212935,51171502,Magaldrato,UNSPSC
ocds-dgv273-seacev3-2026-2543-194,ocds-dgv273-seacev3-2026-2543-194-2026-07-08T12:22:49.198329-05:00,1192040,21212934,51171505,Simeticona,UNSPSC
ocds-dgv273-seacev3-2026-2543-194,ocds-dgv273-seacev3-2026-2543-194-2026-07-08T12:22:49.198329-05:00,1192040,21212933,51171909,Omeprazol,UNSPSC
ocds-dgv273-seacev3-2026-2543-194,ocds-dgv273-seacev3-2026-2543-194-2026-07-08T12:22:49.198329-05:00,1192040,21212932,51171911,Sucralfato,UNSPSC
ocds-dgv273-seacev3-2026-2543-194,ocds-dgv273-seacev3-2026-2543-194-2026-07-08T12:22:49.198329-05:00,1192040,21212931,51171614,Bisacodil,UNSPSC
ocds-dgv273-seacev3-2026-2543-194,ocds-dgv273-seacev3-2026-2543-194-2026-07-08T12:22:49.198329-05:00,1192040,21212930,51101508,Antibióticos sulfonamidas,UNSPSC
ocds-dgv273-seacev3-1191554,ocds-dgv273-seacev3-1191554-2026-07-08T12:22:48.629049-05:00,1191554,21211746,91111603,Servicios de cocina o preparación de comidas,UNSPSC
ocds-dgv273-seacev3-1191554,ocds-dgv273-seacev3-1191554-2026-07-08T12:22:48.629049-05:00,1191554,21211745,91111603,Servicios de cocina o preparación de comidas,UNSPSC
ocds-dgv273-seacev3-1191375,ocds-dgv273-seacev3-1191375-2026-07-08T12:22:48.157841-05:00,1191375,21211289,81101508,Ingeniería arquitectónica,UNSPSC
ocds-dgv273-seacev3-2026-10357-1,ocds-dgv273-seacev3-2026-10357-1-2026-07-08T12:22:46.513392-05:00,1188051,21202692,72121103,Servicios de renovación y reparación de edificios comerciales y de oficinas,UNSPSC
ocds-dgv273-seacev3-2026-1830-1,ocds-dgv273-seacev3-2026-1830-1-2026-07-08T12:22:46.424756-05:00,1186208,21195317,15101505,Diesel,UNSPSC
ocds-dgv273-seacev3-2026-1830-1,ocds-dgv273-seacev3-2026-1830-1-2026-07-08T12:22:46.424756-05:00,1186208,21197605,15101505,Diesel,UNSPSC
ocds-dgv273-seacev3-1187978,ocds-dgv273-seacev3-1187978-2026-07-08T12:22:46.407344-05:00,1187978,21202288,78101802,Servicios de transporte regional o nacional en camión,UNSPSC
ocds-dgv273-seacev3-1187085,ocds-dgv273-seacev3-1187085-2026-07-08T12:22:45.970985-05:00,1187085,21198248,50192109,"Papas fritas en hojuelas y al hilo, mix de bocaditos o galletas saladas",UNSPSC
ocds-dgv273-seacev3-1192118,ocds-dgv273-seacev3-1192118-2026-06-25T10:28:35.844739-05:00,1192118,21212823,72141128,Servicio de remodelación  y/o construcción de plazas públicas,UNSPSC
ocds-dgv273-seacev3-1188748,ocds-dgv273-seacev3-1188748-2026-06-25T10:28:35.472849-05:00,1188748,21204332,85101707,Servicios de evaluación de sistemas de salud,UNSPSC
ocds-dgv273-seacev3-2026-1160-2,ocds-dgv273-seacev3-2026-1160-2-2026-06-25T10:28:35.301896-05:00,1191610,21211683,78111808,Alquiler de vehículos,UNSPSC
ocds-dgv273-seacev3-1189933,ocds-dgv273-seacev3-1189933-2026-06-25T10:28:35.292403-05:00,1189933,21207510,24101602,Tecle o elevador de cadenas,UNSPSC
ocds-dgv273-seacev3-2026-1479-8,ocds-dgv273-seacev3-2026-1479-8-2026-06-25T10:28:35.159286-05:00,1191063,21210477,72141003,Servicios de mantenimiento de pistas y carreteras,UNSPSC
ocds-dgv273-seacev3-2026-1952-105,ocds-dgv273-seacev3-2026-1952-105-2026-06-25T10:28:25.547567-05:00,1195617,21222194,81111819,Servicios de aseguramiento de calidad,UNSPSC
ocds-dgv273-seacev3-2026-1952-105,ocds-dgv273-seacev3-2026-1952-105-2026-06-25T10:28:25.547567-05:00,1195617,21222193,81111819,Servicios de aseguramiento de calidad,UNSPSC
ocds-dgv273-seacev3-1190406,ocds-dgv273-seacev3-1190406-2026-06-25T10:28:24.820662-05:00,1190406,21208862,41111903,Detectores de metales,UNSPSC
ocds-dgv273-seacev3-1186868,ocds-dgv273-seacev3-1186868-2026-06-25T10:28:24.384853-05:00,1186868,21200448,72103301,"Servicios, reparación o mantenimiento de vías o de áreas de estacionamientos",UNSPSC
ocds-dgv273-seacev3-2026-1302-26,ocds-dgv273-seacev3-2026-1302-26-2026-06-25T10:28:14.489679-05:00,1188166,21204210,72154013,Servicios de construcción de cercos,UNSPSC
ocds-dgv273-seacev3-2026-206330-1,ocds-dgv273-seacev3-2026-206330-1-2026-06-25T10:28:13.872646-05:00,1186832,21198068,78102203,"Servicios de envío, recojo o entrega de correspondencia",UNSPSC
ocds-dgv273-seacev3-2026-1922-18,ocds-dgv273-seacev3-2026-1922-18-2026-06-25T10:28:03.482700-05:00,1188810,21204460,80131502,Alquiler de instalaciones comerciales o industriales,UNSPSC
ocds-dgv273-seacev3-1189780,ocds-dgv273-seacev3-1189780-2026-06-25T10:28:03.117753-05:00,1189780,21206643,83121703,Servicios relacionados con Internet,UNSPSC
ocds-dgv273-seacev3-2026-1313-1,ocds-dgv273-seacev3-2026-1313-1-2026-06-25T10:28:03.092411-05:00,1191234,21210801,78111808,Alquiler de vehículos,UNSPSC
ocds-dgv273-seacev3-1190401,ocds-dgv273-seacev3-1190401-2026-06-25T10:28:02.688606-05:00,1190401,21208774,31162503,Puntales,UNSPSC
ocds-dgv273-seacev3-2026-20006-3,ocds-dgv273-seacev3-2026-20006-3-2026-06-25T10:28:02.640482-05:00,1189859,21207033,84131601,Seguro de vida,UNSPSC
ocds-dgv273-seacev3-2026-20006-3,ocds-dgv273-seacev3-2026-20006-3-2026-06-25T10:28:02.640482-05:00,1189859,21207032,84131502,Seguros de propietarios de viviendas o arrendatarios,UNSPSC
ocds-dgv273-seacev3-1216608,ocds-dgv273-seacev3-1216608-2026-06-25T10:27:58.696009-05:00,1216608,21280479,52131501,Cortinas,UNSPSC
ocds-dgv273-seacev3-1190289,ocds-dgv273-seacev3-1190289-2026-06-25T10:27:53.021916-05:00,1190289,21208631,72141003,Servicios de mantenimiento de pistas y carreteras,UNSPSC
ocds-dgv273-seacev3-1192141,ocds-dgv273-seacev3-1192141-2026-06-25T10:27:52.928943-05:00,1192141,21213264,15101505,Diesel,UNSPSC
ocds-dgv273-seacev3-1196190,ocds-dgv273-seacev3-1196190-2026-06-25T10:27:52.699372-05:00,1196190,21223120,72121102,Servicios de construcción de edificios comerciales y de oficinas prefabricadas,UNSPSC
ocds-dgv273-seacev3-1190753,ocds-dgv273-seacev3-1190753-2026-06-25T10:27:52.365878-05:00,1190753,21209675,72141121,Servicios de construcción de tuberías principales de agua,UNSPSC
ocds-dgv273-seacev3-2026-2009-23,ocds-dgv273-seacev3-2026-2009-23-2026-06-25T10:27:51.779207-05:00,1188144,21203142,30111601,Cemento,UNSPSC
ocds-dgv273-seacev3-2026-821-2,ocds-dgv273-seacev3-2026-821-2-2026-06-24T10:31:10.033092-05:00,1190393,21208860,72141003,Servicios de mantenimiento de pistas y carreteras,UNSPSC
ocds-dgv273-seacev3-1187719,ocds-dgv273-seacev3-1187719-2026-06-24T10:30:58.817585-05:00,1187719,21201799,80131502,Alquiler de instalaciones comerciales o industriales,UNSPSC
ocds-dgv273-seacev3-2026-870-3,ocds-dgv273-seacev3-2026-870-3-2026-06-24T10:30:48.683688-05:00,1190904,21210182,81101510,Ingeniería de carreteras,UNSPSC
ocds-dgv273-seacev3-1224233,ocds-dgv273-seacev3-1224233-2026-06-24T10:30:44.970576-05:00,1224233,21303515,81101515,Ingeniería de infraestructura de plantas o instalaciones,UNSPSC
ocds-dgv273-seacev3-1199199,ocds-dgv273-seacev3-1199199-2026-06-24T10:30:38.450363-05:00,1199199,21230941,72152605,Servicios de montaje y reparación de techos,UNSPSC
ocds-dgv273-seacev3-1189609,ocds-dgv273-seacev3-1189609-2026-06-24T10:30:37.837409-05:00,1189609,21206393,81101515,Ingeniería de infraestructura de plantas o instalaciones,UNSPSC
ocds-dgv273-seacev3-1185165,ocds-dgv273-seacev3-1185165-2026-06-24T10:30:37.616222-05:00,1185165,21196601,77101601,Plan de desarrollo urbano ambiental,UNSPSC
ocds-dgv273-seacev3-1187776,ocds-dgv273-seacev3-1187776-2026-06-24T10:30:26.186562-05:00,1187776,21201942,80101506,Consultoría de estructura organizacional,UNSPSC
ocds-dgv273-seacev3-1190597,ocds-dgv273-seacev3-1190597-2026-06-24T10:30:17.068388-05:00,1190597,21209341,72121403,Servicios de construcción de hospitales,UNSPSC
ocds-dgv273-seacev3-1186220,ocds-dgv273-seacev3-1186220-2026-06-21T10:12:25.215232-05:00,1186220,21197612,82101801,Servicios de campañas publicitarias,UNSPSC
ocds-dgv273-seacev3-1219747,ocds-dgv273-seacev3-1219747-2026-06-21T10:12:17.306639-05:00,1219747,21290841,30121601,Asfalto,UNSPSC
ocds-dgv273-seacev3-1208742,ocds-dgv273-seacev3-1208742-2026-06-21T10:12:15.750747-05:00,1208742,21257589,72141107,Servicios de construcción y reparación de puentes,UNSPSC
ocds-dgv273-seacev3-2026-1300-3,ocds-dgv273-seacev3-2026-1300-3-2026-06-21T10:12:05.952405-05:00,1190264,21208497,72153102,Servicios de construcción de campos deportivos interiores,UNSPSC
ocds-dgv273-seacev3-1217965,ocds-dgv273-seacev3-1217965-2026-06-20T10:19:16.300256-05:00,1217965,21284776,72121406,Servicios de construcción de escuelas,UNSPSC
ocds-dgv273-seacev3-2026-200302-1,ocds-dgv273-seacev3-2026-200302-1-2026-06-20T10:19:02.834405-05:00,1191899,21212416,91111603,Servicios de cocina o preparación de comidas,UNSPSC
ocds-dgv273-seacev3-1195860,ocds-dgv273-seacev3-1195860-2026-06-20T10:18:52.674672-05:00,1195860,21222583,92101501,Servicios de vigilancia,UNSPSC
ocds-dgv273-seacev3-1195860,ocds-dgv273-seacev3-1195860-2026-06-20T10:18:52.674672-05:00,1195860,21222582,92101501,Servicios de vigilancia,UNSPSC
ocds-dgv273-seacev3-1192708,ocds-dgv273-seacev3-1192708-2026-06-20T10:18:52.173939-05:00,1192708,21214468,72141001,Servicios de construcción de pistas y carreteras nuevas,UNSPSC
ocds-dgv273-seacev3-1187619,ocds-dgv273-seacev3-1187619-2026-06-20T10:18:51.603778-05:00,1187619,21201629,50221102,Harina de cereales,UNSPSC
ocds-dgv273-seacev3-1188120,ocds-dgv273-seacev3-1188120-2026-06-20T10:18:51.370475-05:00,1188120,21203148,15101505,Diesel,UNSPSC
ocds-dgv273-seacev3-1187920,ocds-dgv273-seacev3-1187920-2026-06-20T10:18:40.840970-05:00,1187920,21202235,15101505,Diesel,UNSPSC
ocds-dgv273-seacev3-2026-49-3,ocds-dgv273-seacev3-2026-49-3-2026-06-20T10:18:30.463902-05:00,1189679,21206489,30131602,Ladrillos de cerámica,UNSPSC
ocds-dgv273-seacev3-1192043,ocds-dgv273-seacev3-1192043-2026-06-20T10:18:30.348634-05:00,1192043,21212706,72121406,Servicios de construcción de escuelas,UNSPSC
ocds-dgv273-seacev3-1202978,ocds-dgv273-seacev3-1202978-2026-06-20T10:18:21.199108-05:00,1202978,21243963,72141106,Servicios de construcción de caminos de grava o tierra,UNSPSC
ocds-dgv273-seacev3-2026-1389-3,ocds-dgv273-seacev3-2026-1389-3-2026-06-20T10:18:09.535016-05:00,1188441,21203497,72121406,Servicios de construcción de escuelas,UNSPSC
ocds-dgv273-seacev3-2026-1246-1,ocds-dgv273-seacev3-2026-1246-1-2026-06-20T10:18:08.587724-05:00,1186527,21200153,81101508,Ingeniería arquitectónica,UNSPSC
ocds-dgv273-seacev3-2026-10248-11,ocds-dgv273-seacev3-2026-10248-11-2026-06-19T10:30:07.989522-05:00,1191976,21212658,46151601,Esposas,UNSPSC
ocds-dgv273-seacev3-1202569,ocds-dgv273-seacev3-1202569-2026-06-19T10:29:44.781294-05:00,1202569,21242545,81101508,Ingeniería arquitectónica,UNSPSC
ocds-dgv273-seacev3-1190866,ocds-dgv273-seacev3-1190866-2026-06-19T10:29:35.136023-05:00,1190866,21210133,50131702,Leche o productos de mantequilla estables sin refrigerar,UNSPSC
ocds-dgv273-seacev3-1187022,ocds-dgv273-seacev3-1187022-2026-06-19T10:29:33.382297-05:00,1187022,21198212,81101508,Ingeniería arquitectónica,UNSPSC
ocds-dgv273-seacev3-1188138,ocds-dgv273-seacev3-1188138-2026-06-19T10:29:33.300161-05:00,1188138,21203137,26121613,Cable aislado o forrado,UNSPSC
ocds-dgv273-seacev3-1209700,ocds-dgv273-seacev3-1209700-2026-06-19T10:29:23.029154-05:00,1209700,21260033,72121101,Servicios de construcción de nuevos edificios comerciales y de oficinas,UNSPSC
ocds-dgv273-seacev3-2026-108794-1,ocds-dgv273-seacev3-2026-108794-1-2026-06-19T10:29:22.885215-05:00,1187925,21202016,72141001,Servicios de construcción de pistas y carreteras nuevas,UNSPSC
ocds-dgv273-seacev3-1205767,ocds-dgv273-seacev3-1205767-2026-06-18T10:26:23.566702-05:00,1205767,21250156,83121703,Servicios relacionados con Internet,UNSPSC
ocds-dgv273-seacev3-1219223,ocds-dgv273-seacev3-1219223-2026-06-18T10:26:19.705792-05:00,1219223,21288731,72153103,Servicios de construcción de patios de recreo e instalación de equipos,UNSPSC
ocds-dgv273-seacev3-1187851,ocds-dgv273-seacev3-1187851-2026-06-18T10:26:11.655916-05:00,1187851,21201974,72153102,Servicios de construcción de campos deportivos interiores,UNSPSC
ocds-dgv273-seacev3-2026-227-12,ocds-dgv273-seacev3-2026-227-12-2026-06-18T10:26:02.921759-05:00,1190123,21208049,72141001,Servicios de construcción de pistas y carreteras nuevas,UNSPSC
ocds-dgv273-seacev3-1190706,ocds-dgv273-seacev3-1190706-2026-06-18T10:25:49.809433-05:00,1190706,21209600,72141128,Servicio de remodelación  y/o construcción de plazas públicas,UNSPSC
ocds-dgv273-seacev3-1215041,ocds-dgv273-seacev3-1215041-2026-06-18T10:25:30.783375-05:00,1215041,21275346,42295121,Microscopios o magnificadores quirúrgicos o accesorios,UNSPSC
ocds-dgv273-seacev3-2026-2392-2,ocds-dgv273-seacev3-2026-2392-2-2026-06-18T10:25:16.451332-05:00,1189940,21207506,15101505,Diesel,UNSPSC
ocds-dgv273-seacev3-2026-23-18,ocds-dgv273-seacev3-2026-23-18-2026-06-18T10:25:16.267074-05:00,1191970,21212653,85121803,Servicios de laboratorios biológicos,UNSPSC
ocds-dgv273-seacev3-1191874,ocds-dgv273-seacev3-1191874-2026-06-17T10:34:02.460213-05:00,1191874,21212430,15101505,Diesel,UNSPSC
ocds-dgv273-seacev3-1188077,ocds-dgv273-seacev3-1188077-2026-06-17T10:34:02.213877-05:00,1188077,21203099,30111505,Hormigón premezclado,UNSPSC
ocds-dgv273-seacev3-1186733,ocds-dgv273-seacev3-1186733-2026-06-17T10:34:02.138579-05:00,1186733,21200336,72121403,Servicios de construcción de hospitales,UNSPSC
ocds-dgv273-seacev3-1216910,ocds-dgv273-seacev3-1216910-2026-06-17T10:33:57.123242-05:00,1216910,21281657,72151508,Servicios de instalación de controles computarizados,UNSPSC
ocds-dgv273-seacev3-2026-404-15,ocds-dgv273-seacev3-2026-404-15-2026-06-17T10:33:51.116452-05:00,1187653,21201498,81101510,Ingeniería de carreteras,UNSPSC
ocds-dgv273-seacev3-1189360,ocds-dgv273-seacev3-1189360-2026-06-17T10:33:30.745697-05:00,1189360,21205653,81101508,Ingeniería arquitectónica,UNSPSC
ocds-dgv273-seacev3-1189683,ocds-dgv273-seacev3-1189683-2026-06-17T10:33:19.783790-05:00,1189683,21206503,80131502,Alquiler de instalaciones comerciales o industriales,UNSPSC
ocds-dgv273-seacev3-1191495,ocds-dgv273-seacev3-1191495-2026-06-17T10:33:19.527759-05:00,1191495,21211503,15101505,Diesel,UNSPSC
ocds-dgv273-seacev3-1191495,ocds-dgv273-seacev3-1191495-2026-06-17T10:33:19.527759-05:00,1191495,21211502,15101506,Gasolina o Petróleo,UNSPSC
ocds-dgv273-seacev3-1191495,ocds-dgv273-seacev3-1191495-2026-06-17T10:33:19.527759-05:00,1191495,21211491,15101506,Gasolina o Petróleo,UNSPSC
ocds-dgv273-seacev3-1189318,ocds-dgv273-seacev3-1189318-2026-06-17T10:33:19.345479-05:00,1189318,21205557,30111601,Cemento,UNSPSC
ocds-dgv273-seacev3-1216841,ocds-dgv273-seacev3-1216841-2026-06-17T10:33:11.222169-05:00,1216841,21281333,80161801,Servicio de arrendamiento o alquiler de fotocopia,UNSPSC
ocds-dgv273-seacev3-1191550,ocds-dgv273-seacev3-1191550-2026-06-17T10:33:08.394349-05:00,1191550,21211617,25101505,Camioneta rural o furgoneta,UNSPSC
ocds-dgv273-seacev3-1190938,ocds-dgv273-seacev3-1190938-2026-06-17T10:33:08.271188-05:00,1190938,21210220,81101508,Ingeniería arquitectónica,UNSPSC
ocds-dgv273-seacev3-1188101,ocds-dgv273-seacev3-1188101-2026-06-17T10:32:54.958184-05:00,1188101,21203109,50131702,Leche o productos de mantequilla estables sin refrigerar,UNSPSC
ocds-dgv273-seacev3-1188101,ocds-dgv273-seacev3-1188101-2026-06-17T10:32:54.958184-05:00,1188101,21203110,50192109,"Papas fritas en hojuelas y al hilo, mix de bocaditos o galletas saladas",UNSPSC
ocds-dgv273-seacev3-1212865,ocds-dgv273-seacev3-1212865-2026-06-15T10:04:58.984518-05:00,1212865,21269469,70171709,Servicios de administración de sistemas de riego,UNSPSC
ocds-dgv273-seacev3-1208591,ocds-dgv273-seacev3-1208591-2026-06-14T10:13:32.407691-05:00,1208591,21257350,81101515,Ingeniería de infraestructura de plantas o instalaciones,UNSPSC
ocds-dgv273-seacev3-1189251,ocds-dgv273-seacev3-1189251-2026-06-14T10:13:31.410947-05:00,1189251,21205547,84141602,Proveedores de servicios de tarjetas de crédito,UNSPSC
ocds-dgv273-seacev3-1190360,ocds-dgv273-seacev3-1190360-2026-06-14T10:13:23.149985-05:00,1190360,21208682,81101515,Ingeniería de infraestructura de plantas o instalaciones,UNSPSC
ocds-dgv273-seacev3-1191657,ocds-dgv273-seacev3-1191657-2026-06-14T10:13:23.126610-05:00,1191657,21211805,72141003,Servicios de mantenimiento de pistas y carreteras,UNSPSC
ocds-dgv273-seacev3-1203036,ocds-dgv273-seacev3-1203036-2026-06-14T10:13:22.834194-05:00,1203036,21244056,81101510,Ingeniería de carreteras,UNSPSC
ocds-dgv273-seacev3-1189510,ocds-dgv273-seacev3-1189510-2026-06-14T10:13:22.508757-05:00,1189510,21206090,11111611,Grava,UNSPSC
ocds-dgv273-seacev3-2026-2366-14,ocds-dgv273-seacev3-2026-2366-14-2026-06-14T10:13:22.332625-05:00,1189635,21206414,70171602,Servicios de ensayos del agua,UNSPSC
ocds-dgv273-seacev3-1193049,ocds-dgv273-seacev3-1193049-2026-06-14T10:13:22.314861-05:00,1193049,21215428,81111602,Programación de Java,UNSPSC
ocds-dgv273-seacev3-1193049,ocds-dgv273-seacev3-1193049-2026-06-14T10:13:22.314861-05:00,1193049,21215427,81111602,Programación de Java,UNSPSC
ocds-dgv273-seacev3-1188879,ocds-dgv273-seacev3-1188879-2026-06-14T10:13:22.273187-05:00,1188879,21204543,81101508,Ingeniería arquitectónica,UNSPSC
ocds-dgv273-seacev3-1191099,ocds-dgv273-seacev3-1191099-2026-06-14T10:13:13.353068-05:00,1191099,21210520,15101506,Gasolina o Petróleo,UNSPSC
ocds-dgv273-seacev3-1188665,ocds-dgv273-seacev3-1188665-2026-06-14T10:13:13.006161-05:00,1188665,21204172,72152705,Servicios de construcción de veredas o rampas,UNSPSC
ocds-dgv273-seacev3-1188398,ocds-dgv273-seacev3-1188398-2026-06-14T10:13:04.440937-05:00,1188398,21203627,92101501,Servicios de vigilancia,UNSPSC
ocds-dgv273-seacev3-2026-216-5,ocds-dgv273-seacev3-2026-216-5-2026-06-14T10:13:04.262121-05:00,1188118,21202720,72141106,Servicios de construcción de caminos de grava o tierra,UNSPSC
ocds-dgv273-seacev3-1188891,ocds-dgv273-seacev3-1188891-2026-06-14T10:13:04.245939-05:00,1188891,21204605,72141121,Servicios de construcción de tuberías principales de agua,UNSPSC
ocds-dgv273-seacev3-2026-49-28,ocds-dgv273-seacev3-2026-49-28-2026-06-14T10:13:03.850254-05:00,1189430,21205909,15101505,Diesel,UNSPSC
ocds-dgv273-seacev3-2026-80751-3,ocds-dgv273-seacev3-2026-80751-3-2026-06-14T10:13:03.778603-05:00,1190732,21209809,30102403,Varillas de hierro,UNSPSC
ocds-dgv273-seacev3-2026-10009-4,ocds-dgv273-seacev3-2026-10009-4-2026-06-14T10:12:53.658722-05:00,1192089,21213141,91111601,Servicios de limpieza y mantenimiento,UNSPSC
ocds-dgv273-seacev3-2026-2392-41,ocds-dgv273-seacev3-2026-2392-41-2026-06-14T10:12:52.986146-05:00,1191906,21212510,72153505,Servicios de limpieza del área de construcción,UNSPSC
ocds-dgv273-seacev3-2026-2392-41,ocds-dgv273-seacev3-2026-2392-41-2026-06-14T10:12:52.986146-05:00,1191906,21212509,72153505,Servicios de limpieza del área de construcción,UNSPSC
ocds-dgv273-seacev3-1188277,ocds-dgv273-seacev3-1188277-2026-06-14T10:12:52.231056-05:00,1188277,21203263,30111601,Cemento,UNSPSC
ocds-dgv273-seacev3-1188221,ocds-dgv273-seacev3-1188221-2026-06-14T10:12:52.217676-05:00,1188221,21203203,80131502,Alquiler de instalaciones comerciales o industriales,UNSPSC
ocds-dgv273-seacev3-1206801,ocds-dgv273-seacev3-1206801-2026-06-13T10:20:26.644154-05:00,1206801,21252585,81101508,Ingeniería arquitectónica,UNSPSC
ocds-dgv273-seacev3-2026-10490-24,ocds-dgv273-seacev3-2026-10490-24-2026-06-13T10:20:24.909617-05:00,1186707,21200301,84131510,Seguro contra todo riesgo del Contratista,UNSPSC
ocds-dgv273-seacev3-2026-10490-24,ocds-dgv273-seacev3-2026-10490-24-2026-06-13T10:20:24.909617-05:00,1186707,21200300,84131503,Seguro de automóviles o camiones,UNSPSC
ocds-dgv273-seacev3-1191966,ocds-dgv273-seacev3-1191966-2026-06-13T10:20:13.758869-05:00,1191966,21212846,72121403,Servicios de construcción de hospitales,UNSPSC
ocds-dgv273-seacev3-2026-10167-1,ocds-dgv273-seacev3-2026-10167-1-2026-06-13T10:20:04.076405-05:00,1191599,21211669,92101501,Servicios de vigilancia,UNSPSC
ocds-dgv273-seacev3-2026-200-4,ocds-dgv273-seacev3-2026-200-4-2026-06-13T10:20:02.599753-05:00,1185638,21196985,72152605,Servicios de montaje y reparación de techos,UNSPSC
ocds-dgv273-seacev3-2026-422-14,ocds-dgv273-seacev3-2026-422-14-2026-06-13T10:20:02.574276-05:00,1186357,21199927,72153102,Servicios de construcción de campos deportivos interiores,UNSPSC
ocds-dgv273-seacev3-1186820,ocds-dgv273-seacev3-1186820-2026-06-13T10:20:02.559558-05:00,1186820,21198046,15101505,Diesel,UNSPSC
ocds-dgv273-seacev3-2026-200-9,ocds-dgv273-seacev3-2026-200-9-2026-06-13T10:20:02.236321-05:00,1185585,21196961,72121408,Servicios de construcción de estadios,UNSPSC
ocds-dgv273-seacev3-1209299,ocds-dgv273-seacev3-1209299-2026-06-13T10:19:29.984641-05:00,1209299,21259011,41113309,Analizadores de enzimas,UNSPSC
ocds-dgv273-seacev3-2026-2009-8,ocds-dgv273-seacev3-2026-2009-8-2026-06-13T10:19:28.980814-05:00,1187558,21201396,76101602,Encapsulación o eliminación de asbestos,UNSPSC
ocds-dgv273-seacev3-1213153,ocds-dgv273-seacev3-1213153-2026-06-12T10:33:14.622368-05:00,1213153,21269980,81101510,Ingeniería de carreteras,UNSPSC
ocds-dgv273-seacev3-1216344,ocds-dgv273-seacev3-1216344-2026-06-12T10:33:12.681159-05:00,1216344,21279784,83121703,Servicios relacionados con Internet,UNSPSC
ocds-dgv273-seacev3-1204982,ocds-dgv273-seacev3-1204982-2026-06-12T10:33:07.775739-05:00,1204982,21247951,72121406,Servicios de construcción de escuelas,UNSPSC
ocds-dgv273-seacev3-1205779,ocds-dgv273-seacev3-1205779-2026-06-12T10:33:07.182064-05:00,1205779,21250231,78101502,Transporte de carga aérea internacional,UNSPSC
ocds-dgv273-seacev3-2026-20002-54,ocds-dgv273-seacev3-2026-20002-54-2026-06-12T10:33:07.156998-05:00,1189256,21205506,78101501,Transporte de carga aérea nacional,UNSPSC
ocds-dgv273-seacev3-1190466,ocds-dgv273-seacev3-1190466-2026-06-12T10:33:07.005786-05:00,1190466,21208961,76101602,Encapsulación o eliminación de asbestos,UNSPSC
ocds-dgv273-seacev3-1189736,ocds-dgv273-seacev3-1189736-2026-06-12T10:32:56.945012-05:00,1189736,21206785,72141107,Servicios de construcción y reparación de puentes,UNSPSC
ocds-dgv273-seacev3-2026-2407-47,ocds-dgv273-seacev3-2026-2407-47-2026-06-12T10:32:54.750850-05:00,1186802,21198021,83101804,Servicios de transmisión de energía eléctrica,UNSPSC
ocds-dgv273-seacev3-1188084,ocds-dgv273-seacev3-1188084-2026-06-12T10:32:44.128039-05:00,1188084,21202712,30102204,Plancha de acero,UNSPSC
ocds-dgv273-seacev3-1187057,ocds-dgv273-seacev3-1187057-2026-06-12T10:32:43.113204-05:00,1187057,21198238,72154032,"Servicios de instalación y reparación de ventanas, puertas y paneles divisorios",UNSPSC
ocds-dgv273-seacev3-2026-1041-6,ocds-dgv273-seacev3-2026-1041-6-2026-06-12T10:32:32.516612-05:00,1186448,21197816,31151705,Cable de acero no eléctrico,UNSPSC
ocds-dgv273-seacev3-2026-295-2,ocds-dgv273-seacev3-2026-295-2-2026-06-12T10:32:21.016487-05:00,1186440,21197796,72141503,Servicios de remoción de rocas,UNSPSC
ocds-dgv273-seacev3-1186422,ocds-dgv273-seacev3-1186422-2026-06-12T10:32:09.839802-05:00,1186422,21197800,12141901,Cloro (Cl),UNSPSC
ocds-dgv273-seacev3-1186201,ocds-dgv273-seacev3-1186201-2026-06-12T10:32:09.816128-05:00,1186201,21197584,78111808,Alquiler de vehículos,UNSPSC
ocds-dgv273-seacev3-1186201,ocds-dgv273-seacev3-1186201-2026-06-12T10:32:09.816128-05:00,1186201,21197583,78111808,Alquiler de vehículos,UNSPSC
ocds-dgv273-seacev3-1186201,ocds-dgv273-seacev3-1186201-2026-06-12T10:32:09.816128-05:00,1186201,21197581,78111808,Alquiler de vehículos,UNSPSC
ocds-dgv273-seacev3-1186201,ocds-dgv273-seacev3-1186201-2026-06-12T10:32:09.816128-05:00,1186201,21197580,78111808,Alquiler de vehículos,UNSPSC
ocds-dgv273-seacev3-1186201,ocds-dgv273-seacev3-1186201-2026-06-12T10:32:09.816128-05:00,1186201,21197579,78111808,Alquiler de vehículos,UNSPSC
ocds-dgv273-seacev3-1186201,ocds-dgv273-seacev3-1186201-2026-06-12T10:32:09.816128-05:00,1186201,21197578,78111808,Alquiler de vehículos,UNSPSC
ocds-dgv273-seacev3-1186201,ocds-dgv273-seacev3-1186201-2026-06-12T10:32:09.816128-05:00,1186201,21197575,78111808,Alquiler de vehículos,UNSPSC
ocds-dgv273-seacev3-2026-1320-9,ocds-dgv273-seacev3-2026-1320-9-2026-06-12T10:31:58.282505-05:00,1186679,21197955,72141001,Servicios de construcción de pistas y carreteras nuevas,UNSPSC
ocds-dgv273-seacev3-1186378,ocds-dgv273-seacev3-1186378-2026-06-12T10:31:58.222404-05:00,1186378,21199930,30111601,Cemento,UNSPSC
ocds-dgv273-seacev3-1189429,ocds-dgv273-seacev3-1189429-2026-06-11T10:26:20.371514-05:00,1189429,21205908,72141003,Servicios de mantenimiento de pistas y carreteras,UNSPSC
ocds-dgv273-seacev3-1188972,ocds-dgv273-seacev3-1188972-2026-06-11T10:26:19.521509-05:00,1188972,21204740,72121203,Servicios de construcción de silos y de edificaciones para servicio agrícola,UNSPSC
ocds-dgv273-seacev3-1190434,ocds-dgv273-seacev3-1190434-2026-06-11T10:26:19.159387-05:00,1190434,21208928,72141003,Servicios de mantenimiento de pistas y carreteras,UNSPSC
ocds-dgv273-seacev3-2026-200422-1,ocds-dgv273-seacev3-2026-200422-1-2026-06-11T10:26:18.664485-05:00,1186870,21198095,15101506,Gasolina o Petróleo,UNSPSC
ocds-dgv273-seacev3-2026-1003013323-3,ocds-dgv273-seacev3-2026-1003013323-3-2026-06-11T10:26:17.773731-05:00,1187959,21202076,80101513,Servicio de consultoría para la gestión de procesos y procedimientos,UNSPSC
ocds-dgv273-seacev3-2026-1031-3,ocds-dgv273-seacev3-2026-1031-3-2026-06-11T10:26:17.711658-05:00,1187828,21202121,81101508,Ingeniería arquitectónica,UNSPSC
ocds-dgv273-seacev3-1190383,ocds-dgv273-seacev3-1190383-2026-06-11T10:26:07.466358-05:00,1190383,21208745,72141003,Servicios de mantenimiento de pistas y carreteras,UNSPSC
ocds-dgv273-seacev3-1189692,ocds-dgv273-seacev3-1189692-2026-06-11T10:25:56.903309-05:00,1189692,21206510,82121599,Impresión,UNSPSC
ocds-dgv273-seacev3-1189166,ocds-dgv273-seacev3-1189166-2026-06-11T10:25:56.784329-05:00,1189166,21205138,72121103,Servicios de renovación y reparación de edificios comerciales y de oficinas,UNSPSC
ocds-dgv273-seacev3-1190407,ocds-dgv273-seacev3-1190407-2026-06-11T10:25:56.386239-05:00,1190407,21208870,72141003,Servicios de mantenimiento de pistas y carreteras,UNSPSC
ocds-dgv273-seacev3-1188400,ocds-dgv273-seacev3-1188400-2026-06-11T10:25:55.481220-05:00,1188400,21203452,81101509,Ingeniería de aeropuertos,UNSPSC
ocds-dgv273-seacev3-2026-651-2,ocds-dgv273-seacev3-2026-651-2-2026-06-11T10:25:44.344166-05:00,1186344,21199885,50151513,Aceites comestibles vegetales o de plantas,UNSPSC
ocds-dgv273-seacev3-2026-651-2,ocds-dgv273-seacev3-2026-651-2-2026-06-11T10:25:44.344166-05:00,1186344,21199884,50121538,Pescado estable sin refrigerar,UNSPSC
ocds-dgv273-seacev3-2026-651-2,ocds-dgv273-seacev3-2026-651-2-2026-06-11T10:25:44.344166-05:00,1186344,21199882,50221102,Harina de cereales,UNSPSC
ocds-dgv273-seacev3-2026-651-2,ocds-dgv273-seacev3-2026-651-2-2026-06-11T10:25:44.344166-05:00,1186344,21199886,50221108,Grano de arroz,UNSPSC
ocds-dgv273-seacev3-2026-651-2,ocds-dgv273-seacev3-2026-651-2-2026-06-11T10:25:44.344166-05:00,1186344,21199883,50424501,Lentejas secas,UNSPSC
ocds-dgv273-seacev3-1186414,ocds-dgv273-seacev3-1186414-2026-06-11T10:25:44.319875-05:00,1186414,21199974,30111601,Cemento,UNSPSC
ocds-dgv273-seacev3-1211886,ocds-dgv273-seacev3-1211886-2026-06-11T10:25:34.507606-05:00,1211886,21267162,72153102,Servicios de construcción de campos deportivos interiores,UNSPSC
ocds-dgv273-seacev3-1190378,ocds-dgv273-seacev3-1190378-2026-06-11T10:25:33.548063-05:00,1190378,21208841,72141003,Servicios de mantenimiento de pistas y carreteras,UNSPSC
ocds-dgv273-seacev3-1189372,ocds-dgv273-seacev3-1189372-2026-06-11T10:25:32.985538-05:00,1189372,21205722,81101508,Ingeniería arquitectónica,UNSPSC
ocds-dgv273-seacev3-1190424,ocds-dgv273-seacev3-1190424-2026-06-11T10:25:32.819271-05:00,1190424,21208898,72141003,Servicios de mantenimiento de pistas y carreteras,UNSPSC
ocds-dgv273-seacev3-2026-200190-99,ocds-dgv273-seacev3-2026-200190-99-2026-06-11T10:25:32.202607-05:00,1186426,21199968,72151502,Servicios de instalación de sistemas de energía eléctrica,UNSPSC
ocds-dgv273-seacev3-1192087,ocds-dgv273-seacev3-1192087-2026-06-11T10:25:22.656315-05:00,1192087,21212757,72151901,Servicios de cimentación,UNSPSC
ocds-dgv273-seacev3-1191148,ocds-dgv273-seacev3-1191148-2026-06-11T10:25:17.298466-05:00,1191148,21210651,83121703,Servicios relacionados con Internet,UNSPSC
ocds-dgv273-seacev3-1203413,ocds-dgv273-seacev3-1203413-2026-06-11T10:25:10.695315-05:00,1203413,21244554,72121203,Servicios de construcción de silos y de edificaciones para servicio agrícola,UNSPSC
ocds-dgv273-seacev3-1189625,ocds-dgv273-seacev3-1189625-2026-06-11T10:25:10.246316-05:00,1189625,21206342,72141003,Servicios de mantenimiento de pistas y carreteras,UNSPSC
ocds-dgv273-seacev3-1191878,ocds-dgv273-seacev3-1191878-2026-06-10T10:33:15.061140-05:00,1191878,21212234,51141530,Valproato sódico,UNSPSC
ocds-dgv273-seacev3-2026-200404-5,ocds-dgv273-seacev3-2026-200404-5-2026-06-10T10:33:13.355136-05:00,1188946,21204850,92101501,Servicios de vigilancia,UNSPSC
ocds-dgv273-seacev3-1187683,ocds-dgv273-seacev3-1187683-2026-06-10T10:33:13.144779-05:00,1187683,21201517,30111601,Cemento,UNSPSC
ocds-dgv273-seacev3-1191624,ocds-dgv273-seacev3-1191624-2026-06-10T10:32:40.903884-05:00,1191624,21211752,81111602,Programación de Java,UNSPSC
ocds-dgv273-seacev3-1191624,ocds-dgv273-seacev3-1191624-2026-06-10T10:32:40.903884-05:00,1191624,21211751,81111602,Programación de Java,UNSPSC
ocds-dgv273-seacev3-1187956,ocds-dgv273-seacev3-1187956-2026-06-10T10:32:39.558321-05:00,1187956,21202285,30111601,Cemento,UNSPSC
ocds-dgv273-seacev3-1190954,ocds-dgv273-seacev3-1190954-2026-06-10T10:32:30.161924-05:00,1190954,21210306,53102799,Uniformes,UNSPSC
ocds-dgv273-seacev3-1190954,ocds-dgv273-seacev3-1190954-2026-06-10T10:32:30.161924-05:00,1190954,21210308,53111601,Zapatos para caballero,UNSPSC
ocds-dgv273-seacev3-2026-200022-44,ocds-dgv273-seacev3-2026-200022-44-2026-06-10T10:32:29.482787-05:00,1189896,21207464,92101501,Servicios de vigilancia,UNSPSC
ocds-dgv273-seacev3-1191496,ocds-dgv273-seacev3-1191496-2026-06-10T10:32:29.324021-05:00,1191496,21211473,80111501,Desarrollo de gestión,UNSPSC
ocds-dgv273-seacev3-2026-1620-3,ocds-dgv273-seacev3-2026-1620-3-2026-06-10T10:32:18.339292-05:00,1189366,21205712,15101505,Diesel,UNSPSC
ocds-dgv273-seacev3-2026-428-1,ocds-dgv273-seacev3-2026-428-1-2026-06-10T10:32:17.732914-05:00,1186919,21200470,15101505,Diesel,UNSPSC
ocds-dgv273-seacev3-2026-428-1,ocds-dgv273-seacev3-2026-428-1-2026-06-10T10:32:17.732914-05:00,1186919,21200473,15101506,Gasolina o Petróleo,UNSPSC
ocds-dgv273-seacev3-1211906,ocds-dgv273-seacev3-1211906-2026-06-10T10:32:13.026078-05:00,1211906,21267200,25101507,Camiones ligeros o vehículos de utilidad deportiva,UNSPSC
ocds-dgv273-seacev3-1192103,ocds-dgv273-seacev3-1192103-2026-06-10T10:32:06.111694-05:00,1192103,21213407,72121203,Servicios de construcción de silos y de edificaciones para servicio agrícola,UNSPSC
ocds-dgv273-seacev3-1191643,ocds-dgv273-seacev3-1191643-2026-06-08T10:03:48.974563-05:00,1191643,21211766,84121701,Asesores en inversiones,UNSPSC
ocds-dgv273-seacev3-2026-1952-81,ocds-dgv273-seacev3-2026-1952-81-2026-06-08T10:03:48.793945-05:00,1191555,21211639,81111602,Programación de Java,UNSPSC
ocds-dgv273-seacev3-2026-1952-81,ocds-dgv273-seacev3-2026-1952-81-2026-06-08T10:03:48.793945-05:00,1191555,21211638,81111602,Programación de Java,UNSPSC
ocds-dgv273-seacev3-1190591,ocds-dgv273-seacev3-1190591-2026-06-07T10:10:52.399459-05:00,1190591,21209419,84121701,Asesores en inversiones,UNSPSC
ocds-dgv273-seacev3-1191798,ocds-dgv273-seacev3-1191798-2026-06-07T10:10:43.924887-05:00,1191798,21212281,30111601,Cemento,UNSPSC
ocds-dgv273-seacev3-2026-10248-59,ocds-dgv273-seacev3-2026-10248-59-2026-06-07T10:10:32.763094-05:00,1190592,21209418,81111805,Mantenimiento o soporte de sistemas propietarios o con licencia,UNSPSC
ocds-dgv273-seacev3-1210437,ocds-dgv273-seacev3-1210437-2026-06-07T10:10:29.543069-05:00,1210437,21262330,25101703,Ambulancias,UNSPSC
ocds-dgv273-seacev3-2026-1983-16,ocds-dgv273-seacev3-2026-1983-16-2026-06-07T10:10:24.414757-05:00,1191505,21211527,92101501,Servicios de vigilancia,UNSPSC
ocds-dgv273-seacev3-2026-10249-46,ocds-dgv273-seacev3-2026-10249-46-2026-06-07T10:10:23.204757-05:00,1188008,21202661,72121103,Servicios de renovación y reparación de edificios comerciales y de oficinas,UNSPSC
ocds-dgv273-seacev3-2026-1295-9,ocds-dgv273-seacev3-2026-1295-9-2026-06-07T10:10:23.180371-05:00,1187073,21200677,50121538,Pescado estable sin refrigerar,UNSPSC
ocds-dgv273-seacev3-2026-1295-9,ocds-dgv273-seacev3-2026-1295-9-2026-06-07T10:10:23.180371-05:00,1187073,21200676,50121538,Pescado estable sin refrigerar,UNSPSC
ocds-dgv273-seacev3-1190872,ocds-dgv273-seacev3-1190872-2026-06-07T10:10:13.439843-05:00,1190872,21210138,72101507,Servicio de mantenimiento de edificios,UNSPSC
ocds-dgv273-seacev3-2026-1349-5,ocds-dgv273-seacev3-2026-1349-5-2026-06-07T10:10:13.163274-05:00,1189195,21205260,72152709,Servicios de bombeo de concreto,UNSPSC
ocds-dgv273-seacev3-2026-1952-74,ocds-dgv273-seacev3-2026-1952-74-2026-06-07T10:10:12.691292-05:00,1191468,21211446,81111602,Programación de Java,UNSPSC
ocds-dgv273-seacev3-2026-1952-74,ocds-dgv273-seacev3-2026-1952-74-2026-06-07T10:10:12.691292-05:00,1191468,21211425,81111602,Programación de Java,UNSPSC
ocds-dgv273-seacev3-2026-10510-7,ocds-dgv273-seacev3-2026-10510-7-2026-06-07T10:10:12.297204-05:00,1187936,21202048,85101503,Servicio para administrar consultorios médicos,UNSPSC
ocds-dgv273-seacev3-2026-42031-1,ocds-dgv273-seacev3-2026-42031-1-2026-06-06T10:22:01.034192-05:00,1191478,21211429,81112001,Servicio de procesamiento de datos en línea,UNSPSC
ocds-dgv273-seacev3-2026-200210-19,ocds-dgv273-seacev3-2026-200210-19-2026-06-06T10:22:01.017704-05:00,1191073,21210510,72141003,Servicios de mantenimiento de pistas y carreteras,UNSPSC
ocds-dgv273-seacev3-1222362,ocds-dgv273-seacev3-1222362-2026-06-06T10:21:55.620387-05:00,1222362,21298660,70171709,Servicios de administración de sistemas de riego,UNSPSC
ocds-dgv273-seacev3-1216335,ocds-dgv273-seacev3-1216335-2026-06-06T10:21:48.905789-05:00,1216335,21279731,81111513,Servicio de almacenamiento en la nube de Internet,UNSPSC
ocds-dgv273-seacev3-1191156,ocds-dgv273-seacev3-1191156-2026-06-06T10:21:39.784377-05:00,1191156,21210663,81101515,Ingeniería de infraestructura de plantas o instalaciones,UNSPSC
ocds-dgv273-seacev3-2026-200210-6,ocds-dgv273-seacev3-2026-200210-6-2026-06-06T10:21:39.406814-05:00,1191016,21210413,72141003,Servicios de mantenimiento de pistas y carreteras,UNSPSC
ocds-dgv273-seacev3-2026-1995-69,ocds-dgv273-seacev3-2026-1995-69-2026-06-06T10:21:39.107940-05:00,1191771,21212157,15101505,Diesel,UNSPSC
ocds-dgv273-seacev3-2026-200404-4,ocds-dgv273-seacev3-2026-200404-4-2026-06-06T10:21:37.918680-05:00,1188849,21204527,76111501,Servicios de limpieza de edificios,UNSPSC
ocds-dgv273-seacev3-2026-200210-18,ocds-dgv273-seacev3-2026-200210-18-2026-06-06T10:21:27.989427-05:00,1191082,21210495,72141003,Servicios de mantenimiento de pistas y carreteras,UNSPSC
ocds-dgv273-seacev3-1189231,ocds-dgv273-seacev3-1189231-2026-06-06T10:21:27.948369-05:00,1189231,21205371,72141003,Servicios de mantenimiento de pistas y carreteras,UNSPSC
ocds-dgv273-seacev3-1187415,ocds-dgv273-seacev3-1187415-2026-06-06T10:21:26.916193-05:00,1187415,21201189,72141003,Servicios de mantenimiento de pistas y carreteras,UNSPSC
ocds-dgv273-seacev3-1216352,ocds-dgv273-seacev3-1216352-2026-06-06T10:21:17.939971-05:00,1216352,21279838,83111603,Servicios de telefonía móvil,UNSPSC
ocds-dgv273-seacev3-1189023,ocds-dgv273-seacev3-1189023-2026-06-06T10:21:15.670107-05:00,1189023,21204948,81101515,Ingeniería de infraestructura de plantas o instalaciones,UNSPSC
ocds-dgv273-seacev3-2026-2543-395,ocds-dgv273-seacev3-2026-2543-395-2026-06-06T10:21:05.532015-05:00,1190709,21209601,73152101,Servicios de mantenimiento de equipos de fabricación,UNSPSC
ocds-dgv273-seacev3-1188686,ocds-dgv273-seacev3-1188686-2026-06-06T10:21:04.211407-05:00,1188686,21204194,72154032,"Servicios de instalación y reparación de ventanas, puertas y paneles divisorios",UNSPSC
ocds-dgv273-seacev3-1191475,ocds-dgv273-seacev3-1191475-2026-06-06T10:20:53.645877-05:00,1191475,21211486,91111603,Servicios de cocina o preparación de comidas,UNSPSC
ocds-dgv273-seacev3-1210324,ocds-dgv273-seacev3-1210324-2026-06-05T10:31:02.996516-05:00,1210324,21261840,81101515,Ingeniería de infraestructura de plantas o instalaciones,UNSPSC
ocds-dgv273-seacev3-1221528,ocds-dgv273-seacev3-1221528-2026-06-05T10:30:58.062381-05:00,1221528,21296154,72141121,Servicios de construcción de tuberías principales de agua,UNSPSC
ocds-dgv273-seacev3-2026-1952-64,ocds-dgv273-seacev3-2026-1952-64-2026-06-05T10:30:57.029585-05:00,1190361,21208679,81111602,Programación de Java,UNSPSC
ocds-dgv273-seacev3-2026-1952-64,ocds-dgv273-seacev3-2026-1952-64-2026-06-05T10:30:57.029585-05:00,1190361,21208680,81111602,Programación de Java,UNSPSC
ocds-dgv273-seacev3-2026-1952-64,ocds-dgv273-seacev3-2026-1952-64-2026-06-05T10:30:57.029585-05:00,1190361,21208681,81111602,Programación de Java,UNSPSC
ocds-dgv273-seacev3-1203401,ocds-dgv273-seacev3-1203401-2026-06-05T10:30:49.768304-05:00,1203401,21244541,72141121,Servicios de construcción de tuberías principales de agua,UNSPSC
ocds-dgv273-seacev3-2026-200210-13,ocds-dgv273-seacev3-2026-200210-13-2026-06-05T10:30:49.721689-05:00,1191051,21210456,72141003,Servicios de mantenimiento de pistas y carreteras,UNSPSC
ocds-dgv273-seacev3-1190322,ocds-dgv273-seacev3-1190322-2026-06-05T10:30:49.417532-05:00,1190322,21208808,15101505,Diesel,UNSPSC
ocds-dgv273-seacev3-1191426,ocds-dgv273-seacev3-1191426-2026-06-05T10:30:38.541280-05:00,1191426,21211377,72141003,Servicios de mantenimiento de pistas y carreteras,UNSPSC
ocds-dgv273-seacev3-1191602,ocds-dgv273-seacev3-1191602-2026-06-05T10:30:38.199417-05:00,1191602,21211673,78111808,Alquiler de vehículos,UNSPSC
ocds-dgv273-seacev3-1193703,ocds-dgv273-seacev3-1193703-2026-06-05T10:30:37.682275-05:00,1193703,21217193,50131702,Leche o productos de mantequilla estables sin refrigerar,UNSPSC
ocds-dgv273-seacev3-1193703,ocds-dgv273-seacev3-1193703-2026-06-05T10:30:37.682275-05:00,1193703,21217194,50192109,"Papas fritas en hojuelas y al hilo, mix de bocaditos o galletas saladas",UNSPSC
ocds-dgv273-seacev3-2026-1983-5,ocds-dgv273-seacev3-2026-1983-5-2026-06-05T10:30:37.509114-05:00,1191951,21212595,92101501,Servicios de vigilancia,UNSPSC
ocds-dgv273-seacev3-1189670,ocds-dgv273-seacev3-1189670-2026-06-05T10:30:27.349086-05:00,1189670,21206464,84131602,Seguros de salud u hospitalización,UNSPSC
ocds-dgv273-seacev3-1189670,ocds-dgv273-seacev3-1189670-2026-06-05T10:30:27.349086-05:00,1189670,21206463,84131601,Seguro de vida,UNSPSC
ocds-dgv273-seacev3-1190569,ocds-dgv273-seacev3-1190569-2026-06-05T10:30:27.029882-05:00,1190569,21209308,72141701,Servicio de arrendamiento o alquiler de maquinaria de construcción,UNSPSC
ocds-dgv273-seacev3-1188918,ocds-dgv273-seacev3-1188918-2026-06-05T10:30:26.230103-05:00,1188918,21204827,72141121,Servicios de construcción de tuberías principales de agua,UNSPSC
ocds-dgv273-seacev3-1190694,ocds-dgv273-seacev3-1190694-2026-06-05T10:30:04.252981-05:00,1190694,21209778,15101505,Diesel,UNSPSC
ocds-dgv273-seacev3-2026-1952-50,ocds-dgv273-seacev3-2026-1952-50-2026-06-05T10:30:03.837150-05:00,1189519,21206044,81111602,Programación de Java,UNSPSC
ocds-dgv273-seacev3-2026-1952-111,ocds-dgv273-seacev3-2026-1952-111-2026-06-05T10:30:03.465080-05:00,1190185,21208227,81111602,Programación de Java,UNSPSC
ocds-dgv273-seacev3-2026-1952-111,ocds-dgv273-seacev3-2026-1952-111-2026-06-05T10:30:03.465080-05:00,1190185,21208226,81111602,Programación de Java,UNSPSC
ocds-dgv273-seacev3-2026-1952-111,ocds-dgv273-seacev3-2026-1952-111-2026-06-05T10:30:03.465080-05:00,1190185,21208225,81111602,Programación de Java,UNSPSC
ocds-dgv273-seacev3-1189709,ocds-dgv273-seacev3-1189709-2026-06-05T10:30:03.004532-05:00,1189709,21206763,92101501,Servicios de vigilancia,UNSPSC
ocds-dgv273-seacev3-1186587,ocds-dgv273-seacev3-1186587-2026-06-05T10:30:02.650785-05:00,1186587,21200218,72141003,Servicios de mantenimiento de pistas y carreteras,UNSPSC
ocds-dgv273-seacev3-2026-729-2,ocds-dgv273-seacev3-2026-729-2-2026-06-05T10:29:52.308963-05:00,1184894,21195728,72141003,Servicios de mantenimiento de pistas y carreteras,UNSPSC
ocds-dgv273-seacev3-1212748,ocds-dgv273-seacev3-1212748-2026-06-05T10:29:47.335757-05:00,1212748,21268980,72153605,Servicios de remodelación de cocinas y servicios higiénicos,UNSPSC
ocds-dgv273-seacev3-1222143,ocds-dgv273-seacev3-1222143-2026-06-05T10:29:45.624024-05:00,1222143,21297922,70171709,Servicios de administración de sistemas de riego,UNSPSC
ocds-dgv273-seacev3-2026-374-19,ocds-dgv273-seacev3-2026-374-19-2026-06-05T10:29:42.042359-05:00,1190045,21207913,30111601,Cemento,UNSPSC
ocds-dgv273-seacev3-1216770,ocds-dgv273-seacev3-1216770-2026-06-04T10:35:35.899786-05:00,1216770,21281050,72121103,Servicios de renovación y reparación de edificios comerciales y de oficinas,UNSPSC
ocds-dgv273-seacev3-1190296,ocds-dgv273-seacev3-1190296-2026-06-04T10:35:29.864532-05:00,1190296,21209684,81101508,Ingeniería arquitectónica,UNSPSC
ocds-dgv273-seacev3-1191637,ocds-dgv273-seacev3-1191637-2026-06-04T10:35:28.940324-05:00,1191637,21211804,80101505,Desarrollo de objetivos o políticas corporativas,UNSPSC
ocds-dgv273-seacev3-1187048,ocds-dgv273-seacev3-1187048-2026-06-04T10:35:28.423517-05:00,1187048,21198224,15101505,Diesel,UNSPSC
ocds-dgv273-seacev3-1190212,ocds-dgv273-seacev3-1190212-2026-06-04T10:35:22.013313-05:00,1190212,21208477,80101706,Servicios profesionales de abastecimiento,UNSPSC
ocds-dgv273-seacev3-2026-2413-11,ocds-dgv273-seacev3-2026-2413-11-2026-06-04T10:35:21.767356-05:00,1188267,21203245,76111501,Servicios de limpieza de edificios,UNSPSC
ocds-dgv273-seacev3-1216793,ocds-dgv273-seacev3-1216793-2026-06-04T10:34:49.461126-05:00,1216793,21281242,90121502,Agencias de viajes,UNSPSC
ocds-dgv273-seacev3-1189386,ocds-dgv273-seacev3-1189386-2026-06-04T10:34:48.880225-05:00,1189386,21205687,72141106,Servicios de construcción de caminos de grava o tierra,UNSPSC
ocds-dgv273-seacev3-2026-256-3,ocds-dgv273-seacev3-2026-256-3-2026-06-04T10:34:47.852007-05:00,1191578,21211642,72141121,Servicios de construcción de tuberías principales de agua,UNSPSC
ocds-dgv273-seacev3-1186900,ocds-dgv273-seacev3-1186900-2026-06-04T10:34:47.301219-05:00,1186900,21198110,72154024,Servicios de trabajos en hierro y metal ornamental,UNSPSC
ocds-dgv273-seacev3-2026-425-5,ocds-dgv273-seacev3-2026-425-5-2026-06-04T10:34:37.698942-05:00,1190795,21209961,72141128,Servicio de remodelación  y/o construcción de plazas públicas,UNSPSC
ocds-dgv273-seacev3-2026-364-1,ocds-dgv273-seacev3-2026-364-1-2026-06-04T10:34:12.668758-05:00,1184942,21195815,50131702,Leche o productos de mantequilla estables sin refrigerar,UNSPSC
ocds-dgv273-seacev3-1216734,ocds-dgv273-seacev3-1216734-2026-06-03T10:35:02.670155-05:00,1216734,21281004,72121103,Servicios de renovación y reparación de edificios comerciales y de oficinas,UNSPSC
ocds-dgv273-seacev3-1190627,ocds-dgv273-seacev3-1190627-2026-06-03T10:34:55.990321-05:00,1190627,21209440,72152707,Servicios de construcción de muros de retención,UNSPSC
ocds-dgv273-seacev3-1189225,ocds-dgv273-seacev3-1189225-2026-06-03T10:34:47.191759-05:00,1189225,21205462,22101502,Niveladoras,UNSPSC
ocds-dgv273-seacev3-1189225,ocds-dgv273-seacev3-1189225-2026-06-03T10:34:47.191759-05:00,1189225,21205497,22101526,Excavadoras sobre orugas,UNSPSC
ocds-dgv273-seacev3-1189225,ocds-dgv273-seacev3-1189225-2026-06-03T10:34:47.191759-05:00,1189225,21205460,22101522,Tractor sobre orugas,UNSPSC
ocds-dgv273-seacev3-1189225,ocds-dgv273-seacev3-1189225-2026-06-03T10:34:47.191759-05:00,1189225,21205461,22101528,Cargadores sobre ruedas,UNSPSC
ocds-dgv273-seacev3-1189225,ocds-dgv273-seacev3-1189225-2026-06-03T10:34:47.191759-05:00,1189225,21205508,22101602,Equipo de apisonamiento,UNSPSC
ocds-dgv273-seacev3-1189225,ocds-dgv273-seacev3-1189225-2026-06-03T10:34:47.191759-05:00,1189225,21205513,22101509,Retroexcavadoras,UNSPSC
ocds-dgv273-seacev3-1189225,ocds-dgv273-seacev3-1189225-2026-06-03T10:34:47.191759-05:00,1189225,21205529,22101539,Accesorios y piezas de maquinaria de movimiento de tierras,UNSPSC
ocds-dgv273-seacev3-1221046,ocds-dgv273-seacev3-1221046-2026-06-03T10:34:37.848183-05:00,1221046,21295074,72141106,Servicios de construcción de caminos de grava o tierra,UNSPSC
ocds-dgv273-seacev3-2026-2005-10,ocds-dgv273-seacev3-2026-2005-10-2026-06-03T10:34:37.110871-05:00,1193363,21207372,92101501,Servicios de vigilancia,UNSPSC
ocds-dgv273-seacev3-2026-2005-10,ocds-dgv273-seacev3-2026-2005-10-2026-06-03T10:34:37.110871-05:00,1193363,21216203,92101501,Servicios de vigilancia,UNSPSC
ocds-dgv273-seacev3-1191639,ocds-dgv273-seacev3-1191639-2026-06-03T10:34:35.980571-05:00,1191639,21211725,30121601,Asfalto,UNSPSC
ocds-dgv273-seacev3-1191109,ocds-dgv273-seacev3-1191109-2026-06-03T10:34:26.047271-05:00,1191109,21210602,78111808,Alquiler de vehículos,UNSPSC
ocds-dgv273-seacev3-1191274,ocds-dgv273-seacev3-1191274-2026-06-03T10:34:26.012018-05:00,1191274,21210922,72141402,Remodelación y reparación de centros de detención,UNSPSC
ocds-dgv273-seacev3-2026-1339-14,ocds-dgv273-seacev3-2026-1339-14-2026-06-03T10:34:25.813327-05:00,1189240,21205374,25101610,Camiones cisternas,UNSPSC
ocds-dgv273-seacev3-2026-200502-2,ocds-dgv273-seacev3-2026-200502-2-2026-06-03T10:34:24.639981-05:00,1189464,21205967,76111501,Servicios de limpieza de edificios,UNSPSC
ocds-dgv273-seacev3-1188189,ocds-dgv273-seacev3-1188189-2026-06-03T10:34:24.370352-05:00,1188189,21202788,85161502,Mantenimiento o reparación de equipo médico menor,UNSPSC
ocds-dgv273-seacev3-1216760,ocds-dgv273-seacev3-1216760-2026-06-03T10:34:16.912184-05:00,1216760,21281022,82101501,Publicidad en carteles,UNSPSC
ocds-dgv273-seacev3-1189350,ocds-dgv273-seacev3-1189350-2026-06-03T10:34:14.534361-05:00,1189350,21205633,72141003,Servicios de mantenimiento de pistas y carreteras,UNSPSC
ocds-dgv273-seacev3-1186839,ocds-dgv273-seacev3-1186839-2026-06-03T10:34:13.446976-05:00,1186839,21200478,81101510,Ingeniería de carreteras,UNSPSC
ocds-dgv273-seacev3-1188235,ocds-dgv273-seacev3-1188235-2026-06-03T10:34:03.006105-05:00,1188235,21203224,72121406,Servicios de construcción de escuelas,UNSPSC
ocds-dgv273-seacev3-1203468,ocds-dgv273-seacev3-1203468-2026-06-03T10:33:52.109395-05:00,1203468,21243799,72121406,Servicios de construcción de escuelas,UNSPSC
ocds-dgv273-seacev3-1187640,ocds-dgv273-seacev3-1187640-2026-06-03T10:33:51.025078-05:00,1187640,21201500,50121538,Pescado estable sin refrigerar,UNSPSC
ocds-dgv273-seacev3-1195983,ocds-dgv273-seacev3-1195983-2026-06-03T10:33:41.203117-05:00,1195983,21222754,80101604,Administración o planificación de proyectos,UNSPSC
ocds-dgv273-seacev3-1191620,ocds-dgv273-seacev3-1191620-2026-06-03T10:33:40.394492-05:00,1191620,21211749,30121601,Asfalto,UNSPSC
ocds-dgv273-seacev3-1196447,ocds-dgv273-seacev3-1196447-2026-06-01T10:02:56.479373-05:00,1196447,21223893,92101501,Servicios de vigilancia,UNSPSC
ocds-dgv273-seacev3-1190099,ocds-dgv273-seacev3-1190099-2026-05-31T10:14:57.736956-05:00,1190099,21207807,72141001,Servicios de construcción de pistas y carreteras nuevas,UNSPSC
ocds-dgv273-seacev3-1192357,ocds-dgv273-seacev3-1192357-2026-05-31T10:14:57.701119-05:00,1192357,21213779,72141003,Servicios de mantenimiento de pistas y carreteras,UNSPSC
ocds-dgv273-seacev3-2026-1041-11,ocds-dgv273-seacev3-2026-1041-11-2026-05-31T10:14:57.398833-05:00,1186481,21200100,11121620,Madera tornillo,UNSPSC
ocds-dgv273-seacev3-2026-141-4,ocds-dgv273-seacev3-2026-141-4-2026-05-31T10:14:49.451949-05:00,1189306,21205523,50192109,"Papas fritas en hojuelas y al hilo, mix de bocaditos o galletas saladas",UNSPSC
ocds-dgv273-seacev3-2026-2541-38,ocds-dgv273-seacev3-2026-2541-38-2026-05-31T10:14:40.301322-05:00,1189693,21206511,83121703,Servicios relacionados con Internet,UNSPSC
ocds-dgv273-seacev3-2026-200190-20,ocds-dgv273-seacev3-2026-200190-20-2026-05-31T10:14:38.191854-05:00,1188015,21202672,72151514,Servicio de mantenimiento de energía de emergencia o de espera,UNSPSC
ocds-dgv273-seacev3-1190786,ocds-dgv273-seacev3-1190786-2026-05-31T10:14:29.546459-05:00,1190786,21209876,42161613,Filtros dializadores de colodión para hemodiálisis,UNSPSC
ocds-dgv273-seacev3-1190847,ocds-dgv273-seacev3-1190847-2026-05-31T10:14:20.938701-05:00,1190847,21210083,85121504,Servicios médicos de emergencia de médicos de atenciòn primaria,UNSPSC
ocds-dgv273-seacev3-1188484,ocds-dgv273-seacev3-1188484-2026-05-31T10:14:20.355345-05:00,1188484,21203840,72141128,Servicio de remodelación  y/o construcción de plazas públicas,UNSPSC
ocds-dgv273-seacev3-2026-1339-11,ocds-dgv273-seacev3-2026-1339-11-2026-05-31T10:14:19.865956-05:00,1191937,21212567,24102402,Compactador estacionario para basura,UNSPSC
ocds-dgv273-seacev3-1190411,ocds-dgv273-seacev3-1190411-2026-05-31T10:14:19.733184-05:00,1190411,21208881,72141003,Servicios de mantenimiento de pistas y carreteras,UNSPSC
ocds-dgv273-seacev3-1188061,ocds-dgv273-seacev3-1188061-2026-05-31T10:14:19.643166-05:00,1188061,21203068,72141128,Servicio de remodelación  y/o construcción de plazas públicas,UNSPSC
ocds-dgv273-seacev3-1188203,ocds-dgv273-seacev3-1188203-2026-05-31T10:14:19.623455-05:00,1188203,21203187,81101510,Ingeniería de carreteras,UNSPSC
ocds-dgv273-seacev3-2026-20002-63,ocds-dgv273-seacev3-2026-20002-63-2026-05-31T10:14:19.491232-05:00,1187965,21202608,72151514,Servicio de mantenimiento de energía de emergencia o de espera,UNSPSC
ocds-dgv273-seacev3-1216580,ocds-dgv273-seacev3-1216580-2026-05-30T10:23:15.405937-05:00,1216580,21280336,82101601,Publicidad en radio,UNSPSC
ocds-dgv273-seacev3-1190778,ocds-dgv273-seacev3-1190778-2026-05-30T10:23:01.534563-05:00,1190778,21209843,7210,Servicios de mantenimiento y reparación de instalaciones y edificios,UNSPSC
ocds-dgv273-seacev3-2026-200210-11,ocds-dgv273-seacev3-2026-200210-11-2026-05-30T10:23:01.095313-05:00,1191032,21210443,72141003,Servicios de mantenimiento de pistas y carreteras,UNSPSC
ocds-dgv273-seacev3-2026-1731-6,ocds-dgv273-seacev3-2026-1731-6-2026-05-30T10:22:59.808934-05:00,1186795,21200398,30111505,Hormigón premezclado,UNSPSC
ocds-dgv273-seacev3-1211702,ocds-dgv273-seacev3-1211702-2026-05-30T10:22:52.467012-05:00,1211702,21266878,82101603,Publicidad en Internet,UNSPSC
ocds-dgv273-seacev3-1218355,ocds-dgv273-seacev3-1218355-2026-05-30T10:22:51.800170-05:00,1218355,21285794,72141106,Servicios de construcción de caminos de grava o tierra,UNSPSC
ocds-dgv273-seacev3-1196443,ocds-dgv273-seacev3-1196443-2026-05-30T10:22:50.205761-05:00,1196443,21223888,72154013,Servicios de construcción de cercos,UNSPSC
ocds-dgv273-seacev3-2026-2381-3,ocds-dgv273-seacev3-2026-2381-3-2026-05-30T10:22:48.911247-05:00,1190247,21208313,81101515,Ingeniería de infraestructura de plantas o instalaciones,UNSPSC
ocds-dgv273-seacev3-1186701,ocds-dgv273-seacev3-1186701-2026-05-30T10:22:48.647218-05:00,1186701,21200295,72153103,Servicios de construcción de patios de recreo e instalación de equipos,UNSPSC
ocds-dgv273-seacev3-2026-200210-21,ocds-dgv273-seacev3-2026-200210-21-2026-05-30T10:22:39.141131-05:00,1191089,21210504,72141003,Servicios de mantenimiento de pistas y carreteras,UNSPSC
ocds-dgv273-seacev3-1191926,ocds-dgv273-seacev3-1191926-2026-05-30T10:22:39.050050-05:00,1191926,21212520,30131602,Ladrillos de cerámica,UNSPSC
ocds-dgv273-seacev3-1190352,ocds-dgv273-seacev3-1190352-2026-05-30T10:22:38.798145-05:00,1190352,21208829,72141003,Servicios de mantenimiento de pistas y carreteras,UNSPSC
ocds-dgv273-seacev3-2026-2381-1,ocds-dgv273-seacev3-2026-2381-1-2026-05-30T10:22:37.906456-05:00,1186074,21197496,15101505,Diesel,UNSPSC
ocds-dgv273-seacev3-2026-2381-1,ocds-dgv273-seacev3-2026-2381-1-2026-05-30T10:22:37.906456-05:00,1186074,21197495,15101506,Gasolina o Petróleo,UNSPSC
ocds-dgv273-seacev3-1187148,ocds-dgv273-seacev3-1187148-2026-05-30T10:22:37.776542-05:00,1187148,21198309,30111601,Cemento,UNSPSC
ocds-dgv273-seacev3-1216367,ocds-dgv273-seacev3-1216367-2026-05-30T10:22:33.890439-05:00,1216367,21279792,81161801,Servicio de arrendamiento o alquiler de plataforma o equipo de comunicación de datos,UNSPSC
ocds-dgv273-seacev3-1216322,ocds-dgv273-seacev3-1216322-2026-05-30T10:22:28.886023-05:00,1216322,21279741,81141801,Análisis de riesgos o seguridad,UNSPSC
ocds-dgv273-seacev3-1200814,ocds-dgv273-seacev3-1200814-2026-05-30T10:22:28.231682-05:00,1200814,21236171,72121203,Servicios de construcción de silos y de edificaciones para servicio agrícola,UNSPSC
ocds-dgv273-seacev3-2026-200210-15,ocds-dgv273-seacev3-2026-200210-15-2026-05-30T10:22:28.012020-05:00,1191057,21210487,72141003,Servicios de mantenimiento de pistas y carreteras,UNSPSC
ocds-dgv273-seacev3-2026-1555-5,ocds-dgv273-seacev3-2026-1555-5-2026-05-30T10:22:27.325378-05:00,1189465,21205968,72141106,Servicios de construcción de caminos de grava o tierra,UNSPSC
ocds-dgv273-seacev3-2026-200018-6,ocds-dgv273-seacev3-2026-200018-6-2026-05-30T10:22:27.297529-05:00,1192079,21213100,84131502,Seguros de propietarios de viviendas o arrendatarios,UNSPSC
ocds-dgv273-seacev3-2026-200018-6,ocds-dgv273-seacev3-2026-200018-6-2026-05-30T10:22:27.297529-05:00,1192079,21213099,84131502,Seguros de propietarios de viviendas o arrendatarios,UNSPSC
ocds-dgv273-seacev3-1187293,ocds-dgv273-seacev3-1187293-2026-05-30T10:22:26.614241-05:00,1187293,21200862,50192703,Comidas combinadas estables sin refrigerar,UNSPSC
ocds-dgv273-seacev3-1190432,ocds-dgv273-seacev3-1190432-2026-05-30T10:22:16.852067-05:00,1190432,21208917,72141003,Servicios de mantenimiento de pistas y carreteras,UNSPSC
ocds-dgv273-seacev3-2026-200020-16,ocds-dgv273-seacev3-2026-200020-16-2026-05-30T10:22:16.612493-05:00,1191544,21211626,72121104,Servicios de construcción de restaurantes,UNSPSC
ocds-dgv273-seacev3-1190379,ocds-dgv273-seacev3-1190379-2026-05-30T10:22:16.505358-05:00,1190379,21208840,72141003,Servicios de mantenimiento de pistas y carreteras,UNSPSC
ocds-dgv273-seacev3-2026-200210-22,ocds-dgv273-seacev3-2026-200210-22-2026-05-30T10:22:06.345312-05:00,1191098,21210518,72141003,Servicios de mantenimiento de pistas y carreteras,UNSPSC
ocds-dgv273-seacev3-1190397,ocds-dgv273-seacev3-1190397-2026-05-30T10:22:05.462270-05:00,1190397,21208878,72141003,Servicios de mantenimiento de pistas y carreteras,UNSPSC
ocds-dgv273-seacev3-2026-200210-17,ocds-dgv273-seacev3-2026-200210-17-2026-05-30T10:21:55.092308-05:00,1191081,21210494,72141003,Servicios de mantenimiento de pistas y carreteras,UNSPSC
ocds-dgv273-seacev3-2026-776-3,ocds-dgv273-seacev3-2026-776-3-2026-05-30T10:21:55.074229-05:00,1191201,21210701,72121102,Servicios de construcción de edificios comerciales y de oficinas prefabricadas,UNSPSC
ocds-dgv273-seacev3-2026-200210-23,ocds-dgv273-seacev3-2026-200210-23-2026-05-30T10:21:55.028326-05:00,1191095,21210532,72141003,Servicios de mantenimiento de pistas y carreteras,UNSPSC
ocds-dgv273-seacev3-2026-200210-16,ocds-dgv273-seacev3-2026-200210-16-2026-05-30T10:21:55.012102-05:00,1191080,21210492,72141003,Servicios de mantenimiento de pistas y carreteras,UNSPSC
ocds-dgv273-seacev3-2026-2379-38,ocds-dgv273-seacev3-2026-2379-38-2026-05-30T10:21:54.209035-05:00,1191257,21210949,41112504,Medidor de agua,UNSPSC
ocds-dgv273-seacev3-2026-1993-10,ocds-dgv273-seacev3-2026-1993-10-2026-05-30T10:21:54.194408-05:00,1189320,21205554,84131603,Seguros de lesiones accidentales,UNSPSC
ocds-dgv273-seacev3-2026-1750-1,ocds-dgv273-seacev3-2026-1750-1-2026-05-30T10:21:53.696130-05:00,1186318,21197695,50131702,Leche o productos de mantequilla estables sin refrigerar,UNSPSC
ocds-dgv273-seacev3-1187806,ocds-dgv273-seacev3-1187806-2026-05-30T10:21:53.612948-05:00,1187806,21201950,30151501,Techado prearmado,UNSPSC
ocds-dgv273-seacev3-2026-200417-7,ocds-dgv273-seacev3-2026-200417-7-2026-05-29T10:32:53.932860-05:00,1189926,21207494,80161801,Servicio de arrendamiento o alquiler de fotocopia,UNSPSC
ocds-dgv273-seacev3-1191827,ocds-dgv273-seacev3-1191827-2026-05-29T10:32:53.886376-05:00,1191827,21212341,72141121,Servicios de construcción de tuberías principales de agua,UNSPSC
ocds-dgv273-seacev3-2026-200210-9,ocds-dgv273-seacev3-2026-200210-9-2026-05-29T10:32:53.572786-05:00,1191040,21210417,72141003,Servicios de mantenimiento de pistas y carreteras,UNSPSC
ocds-dgv273-seacev3-2026-200210-5,ocds-dgv273-seacev3-2026-200210-5-2026-05-29T10:32:53.556252-05:00,1191013,21210412,72141003,Servicios de mantenimiento de pistas y carreteras,UNSPSC
ocds-dgv273-seacev3-1197327,ocds-dgv273-seacev3-1197327-2026-05-29T10:32:53.296899-05:00,1197327,21225914,72141001,Servicios de construcción de pistas y carreteras nuevas,UNSPSC
ocds-dgv273-seacev3-2026-2370-4,ocds-dgv273-seacev3-2026-2370-4-2026-05-29T10:32:52.149868-05:00,1190860,21210123,92101501,Servicios de vigilancia,UNSPSC
ocds-dgv273-seacev3-1208873,ocds-dgv273-seacev3-1208873-2026-05-29T10:32:44.250315-05:00,1208873,21258088,50121538,Pescado estable sin refrigerar,UNSPSC
ocds-dgv273-seacev3-1206546,ocds-dgv273-seacev3-1206546-2026-05-29T10:32:31.761063-05:00,1206546,21251991,50131702,Leche o productos de mantequilla estables sin refrigerar,UNSPSC
ocds-dgv273-seacev3-1188199,ocds-dgv273-seacev3-1188199-2026-05-29T10:32:31.048452-05:00,1188199,21203185,81101701,Servicios de ingeniería eléctrica,UNSPSC
ocds-dgv273-seacev3-2026-239043-1,ocds-dgv273-seacev3-2026-239043-1-2026-05-29T10:32:21.065460-05:00,1188192,21203189,78141501,Servicios de expedición de carga,UNSPSC
ocds-dgv273-seacev3-2026-49-22,ocds-dgv273-seacev3-2026-49-22-2026-05-29T10:32:19.900332-05:00,1186746,21197988,30121601,Asfalto,UNSPSC
ocds-dgv273-seacev3-1187550,ocds-dgv273-seacev3-1187550-2026-05-29T10:32:19.890647-05:00,1187550,21201535,81101510,Ingeniería de carreteras,UNSPSC
ocds-dgv273-seacev3-2026-1041-5,ocds-dgv273-seacev3-2026-1041-5-2026-05-29T10:32:08.524065-05:00,1186828,21198060,15101505,Diesel,UNSPSC
ocds-dgv273-seacev3-2026-10-8,ocds-dgv273-seacev3-2026-10-8-2026-05-29T10:32:03.974754-05:00,1216422,21279937,80131502,Alquiler de instalaciones comerciales o industriales,UNSPSC
ocds-dgv273-seacev3-1190550,ocds-dgv273-seacev3-1190550-2026-05-29T10:31:59.474501-05:00,1190550,21209139,72121203,Servicios de construcción de silos y de edificaciones para servicio agrícola,UNSPSC
ocds-dgv273-seacev3-1191884,ocds-dgv273-seacev3-1191884-2026-05-29T10:31:59.359240-05:00,1191884,21212242,81101508,Ingeniería arquitectónica,UNSPSC
ocds-dgv273-seacev3-2026-2452-25,ocds-dgv273-seacev3-2026-2452-25-2026-05-29T10:31:59.331080-05:00,1189642,21206353,10151704,Semillas o plántulas de césped,UNSPSC
ocds-dgv273-seacev3-2026-2543-308,ocds-dgv273-seacev3-2026-2543-308-2026-05-29T10:31:58.687020-05:00,1191924,21212490,72121403,Servicios de construcción de hospitales,UNSPSC
ocds-dgv273-seacev3-1189905,ocds-dgv273-seacev3-1189905-2026-05-29T10:31:58.591295-05:00,1189905,21207390,72141003,Servicios de mantenimiento de pistas y carreteras,UNSPSC
ocds-dgv273-seacev3-1216505,ocds-dgv273-seacev3-1216505-2026-05-29T10:31:53.344929-05:00,1216505,21280162,82101603,Publicidad en Internet,UNSPSC
ocds-dgv273-seacev3-1217731,ocds-dgv273-seacev3-1217731-2026-05-29T10:31:52.216779-05:00,1217731,21284224,80161801,Servicio de arrendamiento o alquiler de fotocopia,UNSPSC
ocds-dgv273-seacev3-2026-10009-5,ocds-dgv273-seacev3-2026-10009-5-2026-05-29T10:31:49.383427-05:00,1192082,21213136,92101501,Servicios de vigilancia,UNSPSC
ocds-dgv273-seacev3-1189958,ocds-dgv273-seacev3-1189958-2026-05-29T10:31:49.081069-05:00,1189958,21207528,72141003,Servicios de mantenimiento de pistas y carreteras,UNSPSC
ocds-dgv273-seacev3-2026-200210-4,ocds-dgv273-seacev3-2026-200210-4-2026-05-29T10:31:48.881854-05:00,1191010,21210408,72141003,Servicios de mantenimiento de pistas y carreteras,UNSPSC
ocds-dgv273-seacev3-2026-200210-14,ocds-dgv273-seacev3-2026-200210-14-2026-05-29T10:31:48.746806-05:00,1191035,21210445,72141003,Servicios de mantenimiento de pistas y carreteras,UNSPSC
ocds-dgv273-seacev3-1191401,ocds-dgv273-seacev3-1191401-2026-05-29T10:31:48.054962-05:00,1191401,21211309,72141003,Servicios de mantenimiento de pistas y carreteras,UNSPSC
ocds-dgv273-seacev3-2026-200210-10,ocds-dgv273-seacev3-2026-200210-10-2026-05-29T10:31:37.759084-05:00,1191045,21210420,72141003,Servicios de mantenimiento de pistas y carreteras,UNSPSC
ocds-dgv273-seacev3-2026-200210-7,ocds-dgv273-seacev3-2026-200210-7-2026-05-29T10:31:37.742467-05:00,1191028,21210432,72141003,Servicios de mantenimiento de pistas y carreteras,UNSPSC
ocds-dgv273-seacev3-2026-200210-8,ocds-dgv273-seacev3-2026-200210-8-2026-05-29T10:31:37.093583-05:00,1191030,21210434,72141003,Servicios de mantenimiento de pistas y carreteras,UNSPSC
ocds-dgv273-seacev3-1208136,ocds-dgv273-seacev3-1208136-2026-05-29T10:31:36.966053-05:00,1208136,21255768,72141121,Servicios de construcción de tuberías principales de agua,UNSPSC
ocds-dgv273-seacev3-1198367,ocds-dgv273-seacev3-1198367-2026-05-29T10:31:36.758059-05:00,1198367,21228407,72141003,Servicios de mantenimiento de pistas y carreteras,UNSPSC
ocds-dgv273-seacev3-2026-1379-1,ocds-dgv273-seacev3-2026-1379-1-2026-05-29T10:31:35.662415-05:00,1187330,21200950,50192109,"Papas fritas en hojuelas y al hilo, mix de bocaditos o galletas saladas",UNSPSC
ocds-dgv273-seacev3-1191226,ocds-dgv273-seacev3-1191226-2026-05-28T10:20:42.069289-05:00,1191226,21210789,50131702,Leche o productos de mantequilla estables sin refrigerar,UNSPSC
ocds-dgv273-seacev3-2026-1952-112,ocds-dgv273-seacev3-2026-1952-112-2026-05-28T10:20:41.960209-05:00,1190271,21208506,81111602,Programación de Java,UNSPSC
ocds-dgv273-seacev3-2026-1952-112,ocds-dgv273-seacev3-2026-1952-112-2026-05-28T10:20:41.960209-05:00,1190271,21208507,81111602,Programación de Java,UNSPSC
ocds-dgv273-seacev3-2026-1952-112,ocds-dgv273-seacev3-2026-1952-112-2026-05-28T10:20:41.960209-05:00,1190271,21208508,81111602,Programación de Java,UNSPSC
ocds-dgv273-seacev3-1187937,ocds-dgv273-seacev3-1187937-2026-05-28T10:20:39.684456-05:00,1187937,21202287,81101505,Ingeniería estructural,UNSPSC
ocds-dgv273-seacev3-2026-977-4,ocds-dgv273-seacev3-2026-977-4-2026-05-28T10:20:39.572692-05:00,1186681,21197958,50121538,Pescado estable sin refrigerar,UNSPSC
ocds-dgv273-seacev3-1213484,ocds-dgv273-seacev3-1213484-2026-05-28T10:20:32.985250-05:00,1213484,21270882,91111603,Servicios de cocina o preparación de comidas,UNSPSC
ocds-dgv273-seacev3-1189300,ocds-dgv273-seacev3-1189300-2026-05-28T10:20:30.452155-05:00,1189300,21205520,72121406,Servicios de construcción de escuelas,UNSPSC
ocds-dgv273-seacev3-2026-1731-40,ocds-dgv273-seacev3-2026-1731-40-2026-05-28T10:20:29.668508-05:00,1187292,21200858,72121101,Servicios de construcción de nuevos edificios comerciales y de oficinas,UNSPSC
ocds-dgv273-seacev3-1188535,ocds-dgv273-seacev3-1188535-2026-05-28T10:20:19.805634-05:00,1188535,21203926,39121570,Reconectador,UNSPSC
ocds-dgv273-seacev3-1189153,ocds-dgv273-seacev3-1189153-2026-05-28T10:20:10.685603-05:00,1189153,21205162,81111814,Servicio de co-ubicación,UNSPSC
ocds-dgv273-seacev3-2026-1952-62,ocds-dgv273-seacev3-2026-1952-62-2026-05-28T10:20:10.053196-05:00,1190195,21208248,80101507,Servicios de consultoría de informática,UNSPSC
ocds-dgv273-seacev3-1215839,ocds-dgv273-seacev3-1215839-2026-05-28T10:20:04.522415-05:00,1215839,21277804,78102202,Servicios de casilla postal,UNSPSC
ocds-dgv273-seacev3-1200873,ocds-dgv273-seacev3-1200873-2026-05-28T10:19:59.311667-05:00,1200873,21236241,72121406,Servicios de construcción de escuelas,UNSPSC
ocds-dgv273-seacev3-1189493,ocds-dgv273-seacev3-1189493-2026-05-28T10:19:59.297892-05:00,1189493,21206033,25101611,Camiones de transporte,UNSPSC
ocds-dgv273-seacev3-2026-2528-31,ocds-dgv273-seacev3-2026-2528-31-2026-05-28T10:19:58.610743-05:00,1191006,21210402,80161504,Servicios de oficina,UNSPSC
ocds-dgv273-seacev3-1187169,ocds-dgv273-seacev3-1187169-2026-05-28T10:19:57.821240-05:00,1187169,21198321,72121103,Servicios de renovación y reparación de edificios comerciales y de oficinas,UNSPSC
ocds-dgv273-seacev3-1202023,ocds-dgv273-seacev3-1202023-2026-05-28T10:19:48.779079-05:00,1202023,21239657,72153103,Servicios de construcción de patios de recreo e instalación de equipos,UNSPSC
ocds-dgv273-seacev3-1188422,ocds-dgv273-seacev3-1188422-2026-05-28T10:19:48.619412-05:00,1188422,21203459,50221108,Grano de arroz,UNSPSC
ocds-dgv273-seacev3-2026-683-1,ocds-dgv273-seacev3-2026-683-1-2026-05-28T10:19:47.990593-05:00,1188670,21204180,50192109,"Papas fritas en hojuelas y al hilo, mix de bocaditos o galletas saladas",UNSPSC
ocds-dgv273-seacev3-1199563,ocds-dgv273-seacev3-1199563-2026-05-28T10:19:37.565933-05:00,1199563,21231781,76111501,Servicios de limpieza de edificios,UNSPSC
ocds-dgv273-seacev3-1189217,ocds-dgv273-seacev3-1189217-2026-05-28T10:19:37.023385-05:00,1189217,21205341,81101515,Ingeniería de infraestructura de plantas o instalaciones,UNSPSC
ocds-dgv273-seacev3-2026-2528-37,ocds-dgv273-seacev3-2026-2528-37-2026-05-28T10:19:36.867096-05:00,1191418,21211294,80101508,Servicios de consultoría de inteligencia empresarial,UNSPSC
ocds-dgv273-seacev3-1188489,ocds-dgv273-seacev3-1188489-2026-05-28T10:19:36.749236-05:00,1188489,21203866,72141118,Servicios de construcción de torres de transmisión de telecomunicaciones,UNSPSC
ocds-dgv273-seacev3-1186204,ocds-dgv273-seacev3-1186204-2026-05-28T10:19:35.619372-05:00,1186204,21197603,30111601,Cemento,UNSPSC
ocds-dgv273-seacev3-1213485,ocds-dgv273-seacev3-1213485-2026-05-28T10:19:28.443444-05:00,1213485,21270886,91111603,Servicios de cocina o preparación de comidas,UNSPSC
ocds-dgv273-seacev3-1202565,ocds-dgv273-seacev3-1202565-2026-05-28T10:19:25.496324-05:00,1202565,21242535,72121105,Servicios de construcción de centros comerciales y galerías,UNSPSC
ocds-dgv273-seacev3-2026-1952-93,ocds-dgv273-seacev3-2026-1952-93-2026-05-28T10:19:25.303326-05:00,1188316,21202911,81112002,Servicios de preparación o procesamiento de datos,UNSPSC
ocds-dgv273-seacev3-1191796,ocds-dgv273-seacev3-1191796-2026-05-27T10:40:16.729758-05:00,1191796,21212594,25101901,Tractores agrícolas,UNSPSC
ocds-dgv273-seacev3-1191796,ocds-dgv273-seacev3-1191796-2026-05-27T10:40:16.729758-05:00,1191796,21212833,25101901,Tractores agrícolas,UNSPSC
ocds-dgv273-seacev3-1191796,ocds-dgv273-seacev3-1191796-2026-05-27T10:40:16.729758-05:00,1191796,21212599,25101901,Tractores agrícolas,UNSPSC
ocds-dgv273-seacev3-1191796,ocds-dgv273-seacev3-1191796-2026-05-27T10:40:16.729758-05:00,1191796,21212598,25101901,Tractores agrícolas,UNSPSC
ocds-dgv273-seacev3-1191796,ocds-dgv273-seacev3-1191796-2026-05-27T10:40:16.729758-05:00,1191796,21212593,25101901,Tractores agrícolas,UNSPSC
ocds-dgv273-seacev3-1191796,ocds-dgv273-seacev3-1191796-2026-05-27T10:40:16.729758-05:00,1191796,21212588,25101901,Tractores agrícolas,UNSPSC
ocds-dgv273-seacev3-1191796,ocds-dgv273-seacev3-1191796-2026-05-27T10:40:16.729758-05:00,1191796,21212840,25101901,Tractores agrícolas,UNSPSC
ocds-dgv273-seacev3-1191796,ocds-dgv273-seacev3-1191796-2026-05-27T10:40:16.729758-05:00,1191796,21212645,25101901,Tractores agrícolas,UNSPSC
ocds-dgv273-seacev3-1191796,ocds-dgv273-seacev3-1191796-2026-05-27T10:40:16.729758-05:00,1191796,21212644,25101901,Tractores agrícolas,UNSPSC
ocds-dgv273-seacev3-1191796,ocds-dgv273-seacev3-1191796-2026-05-27T10:40:16.729758-05:00,1191796,21212650,25101901,Tractores agrícolas,UNSPSC
ocds-dgv273-seacev3-2026-857-3,ocds-dgv273-seacev3-2026-857-3-2026-05-27T10:40:16.646859-05:00,1191173,21210687,50221108,Grano de arroz,UNSPSC
ocds-dgv273-seacev3-2026-10454-1,ocds-dgv273-seacev3-2026-10454-1-2026-05-27T10:40:06.961877-05:00,1188896,21204832,15101505,Diesel,UNSPSC
ocds-dgv273-seacev3-2026-200-22,ocds-dgv273-seacev3-2026-200-22-2026-05-27T10:40:06.163442-05:00,1189682,21206501,24102402,Compactador estacionario para basura,UNSPSC
ocds-dgv273-seacev3-2026-200018-18,ocds-dgv273-seacev3-2026-200018-18-2026-05-27T10:39:55.953802-05:00,1192044,21212938,83111603,Servicios de telefonía móvil,UNSPSC
ocds-dgv273-seacev3-1211565,ocds-dgv273-seacev3-1211565-2026-05-27T10:39:45.683251-05:00,1211565,21266077,25101601,Camiones volquete,UNSPSC
ocds-dgv273-seacev3-1189312,ocds-dgv273-seacev3-1189312-2026-05-27T10:39:22.777730-05:00,1189312,21205569,72121403,Servicios de construcción de hospitales,UNSPSC
ocds-dgv273-seacev3-1191729,ocds-dgv273-seacev3-1191729-2026-05-27T10:39:21.954648-05:00,1191729,21211964,72141106,Servicios de construcción de caminos de grava o tierra,UNSPSC
ocds-dgv273-seacev3-1190326,ocds-dgv273-seacev3-1190326-2026-05-24T10:09:04.402310-05:00,1190326,21208669,72121203,Servicios de construcción de silos y de edificaciones para servicio agrícola,UNSPSC
ocds-dgv273-seacev3-1191106,ocds-dgv273-seacev3-1191106-2026-05-24T10:09:03.705245-05:00,1191106,21210597,81101508,Ingeniería arquitectónica,UNSPSC
ocds-dgv273-seacev3-2026-1346-13,ocds-dgv273-seacev3-2026-1346-13-2026-05-24T10:09:03.218204-05:00,1186782,21200375,81112102,Proveedor de servicio de correo electrónico,UNSPSC
ocds-dgv273-seacev3-1189362,ocds-dgv273-seacev3-1189362-2026-05-24T10:08:56.404598-05:00,1189362,21205678,30111505,Hormigón premezclado,UNSPSC
ocds-dgv273-seacev3-1189484,ocds-dgv273-seacev3-1189484-2026-05-24T10:08:56.248124-05:00,1189484,21205990,76111501,Servicios de limpieza de edificios,UNSPSC
ocds-dgv273-seacev3-1191411,ocds-dgv273-seacev3-1191411-2026-05-24T10:08:56.070406-05:00,1191411,21211329,91111603,Servicios de cocina o preparación de comidas,UNSPSC
ocds-dgv273-seacev3-2026-37-127,ocds-dgv273-seacev3-2026-37-127-2026-05-24T10:08:55.067078-05:00,1186765,21200351,72121103,Servicios de renovación y reparación de edificios comerciales y de oficinas,UNSPSC
ocds-dgv273-seacev3-1186726,ocds-dgv273-seacev3-1186726-2026-05-24T10:08:54.917201-05:00,1186726,21200332,81101508,Ingeniería arquitectónica,UNSPSC
ocds-dgv273-seacev3-2026-307-1,ocds-dgv273-seacev3-2026-307-1-2026-05-24T10:08:54.745049-05:00,1186620,21200241,72141003,Servicios de mantenimiento de pistas y carreteras,UNSPSC
ocds-dgv273-seacev3-1188961,ocds-dgv273-seacev3-1188961-2026-05-24T10:08:46.742723-05:00,1188961,21204877,81101505,Ingeniería estructural,UNSPSC
ocds-dgv273-seacev3-2026-2381-4,ocds-dgv273-seacev3-2026-2381-4-2026-05-24T10:08:46.504482-05:00,1190237,21208295,81101515,Ingeniería de infraestructura de plantas o instalaciones,UNSPSC
ocds-dgv273-seacev3-2026-1998-18,ocds-dgv273-seacev3-2026-1998-18-2026-05-24T10:08:46.338782-05:00,1190558,21209226,93141808,Servicios de seguridad o salud ocupacional,UNSPSC
ocds-dgv273-seacev3-1190817,ocds-dgv273-seacev3-1190817-2026-05-24T10:08:46.132628-05:00,1190817,21210188,81111811,Servicios de asistencia o soporte técnico,UNSPSC
ocds-dgv273-seacev3-1205845,ocds-dgv273-seacev3-1205845-2026-05-24T10:08:45.098527-05:00,1205845,21250479,53102799,Uniformes,UNSPSC
ocds-dgv273-seacev3-2026-614-10,ocds-dgv273-seacev3-2026-614-10-2026-05-24T10:08:44.532522-05:00,1185857,21199402,72141001,Servicios de construcción de pistas y carreteras nuevas,UNSPSC
ocds-dgv273-seacev3-1190729,ocds-dgv273-seacev3-1190729-2026-05-24T10:08:36.531586-05:00,1190729,21209802,91111603,Servicios de cocina o preparación de comidas,UNSPSC
ocds-dgv273-seacev3-2026-1295-8,ocds-dgv273-seacev3-2026-1295-8-2026-05-24T10:08:36.113062-05:00,1188615,21204096,78141501,Servicios de expedición de carga,UNSPSC
ocds-dgv273-seacev3-1191572,ocds-dgv273-seacev3-1191572-2026-05-24T10:08:35.928384-05:00,1191572,21211623,78111808,Alquiler de vehículos,UNSPSC
ocds-dgv273-seacev3-1192108,ocds-dgv273-seacev3-1192108-2026-05-24T10:08:35.908933-05:00,1192108,21213418,80131502,Alquiler de instalaciones comerciales o industriales,UNSPSC
ocds-dgv273-seacev3-2026-127942-11,ocds-dgv273-seacev3-2026-127942-11-2026-05-24T10:08:35.694873-05:00,1186125,21197508,76122003,Disposición final para desechos peligrosos,UNSPSC
ocds-dgv273-seacev3-2026-2439-32,ocds-dgv273-seacev3-2026-2439-32-2026-05-24T10:08:27.995879-05:00,1191561,21211607,41112422,Probador de presión hidraulica,UNSPSC
ocds-dgv273-seacev3-2026-10602-3,ocds-dgv273-seacev3-2026-10602-3-2026-05-24T10:08:26.061785-05:00,1188803,21204448,76122003,Disposición final para desechos peligrosos,UNSPSC
ocds-dgv273-seacev3-2026-680-3,ocds-dgv273-seacev3-2026-680-3-2026-05-24T10:08:25.698933-05:00,1186053,21199571,72141106,Servicios de construcción de caminos de grava o tierra,UNSPSC
ocds-dgv273-seacev3-1186863,ocds-dgv273-seacev3-1186863-2026-05-24T10:08:25.510336-05:00,1186863,21198090,72141003,Servicios de mantenimiento de pistas y carreteras,UNSPSC
ocds-dgv273-seacev3-1186758,ocds-dgv273-seacev3-1186758-2026-05-24T10:08:25.485578-05:00,1186758,21200345,72141121,Servicios de construcción de tuberías principales de agua,UNSPSC
ocds-dgv273-seacev3-2026-2385-1,ocds-dgv273-seacev3-2026-2385-1-2026-05-23T10:25:11.078103-05:00,1188835,21204547,41112504,Medidor de agua,UNSPSC
ocds-dgv273-seacev3-1191108,ocds-dgv273-seacev3-1191108-2026-05-23T10:25:11.061823-05:00,1191108,21210585,12352302,Sales metálicas inorgánicas,UNSPSC
ocds-dgv273-seacev3-2026-2407-37,ocds-dgv273-seacev3-2026-2407-37-2026-05-23T10:25:04.303560-05:00,1190596,21209425,83101804,Servicios de transmisión de energía eléctrica,UNSPSC
ocds-dgv273-seacev3-1189967,ocds-dgv273-seacev3-1189967-2026-05-23T10:25:03.381792-05:00,1189967,21207535,51202804,Tacrolimus,UNSPSC
ocds-dgv273-seacev3-1207629,ocds-dgv273-seacev3-1207629-2026-05-23T10:25:02.627132-05:00,1207629,21254381,72121406,Servicios de construcción de escuelas,UNSPSC
ocds-dgv273-seacev3-2026-307-7,ocds-dgv273-seacev3-2026-307-7-2026-05-23T10:25:02.004308-05:00,1186630,21200252,72141003,Servicios de mantenimiento de pistas y carreteras,UNSPSC
ocds-dgv273-seacev3-1211914,ocds-dgv273-seacev3-1211914-2026-05-23T10:24:56.296583-05:00,1211914,21267206,72141106,Servicios de construcción de caminos de grava o tierra,UNSPSC
ocds-dgv273-seacev3-1189158,ocds-dgv273-seacev3-1189158-2026-05-23T10:24:52.502051-05:00,1189158,21205094,72141107,Servicios de construcción y reparación de puentes,UNSPSC
ocds-dgv273-seacev3-1190576,ocds-dgv273-seacev3-1190576-2026-05-23T10:24:52.037784-05:00,1190576,21209330,72121403,Servicios de construcción de hospitales,UNSPSC
ocds-dgv273-seacev3-2026-307-9,ocds-dgv273-seacev3-2026-307-9-2026-05-23T10:24:50.488654-05:00,1186615,21197923,72141003,Servicios de mantenimiento de pistas y carreteras,UNSPSC
ocds-dgv273-seacev3-2026-51-17,ocds-dgv273-seacev3-2026-51-17-2026-05-23T10:24:31.327379-05:00,1190679,21208599,30111801,Agregado natural,UNSPSC
ocds-dgv273-seacev3-2026-51-17,ocds-dgv273-seacev3-2026-51-17-2026-05-23T10:24:31.327379-05:00,1190679,21209732,11111611,Grava,UNSPSC
ocds-dgv273-seacev3-1191992,ocds-dgv273-seacev3-1191992-2026-05-23T10:24:30.664684-05:00,1191992,21212669,81101515,Ingeniería de infraestructura de plantas o instalaciones,UNSPSC
ocds-dgv273-seacev3-1190443,ocds-dgv273-seacev3-1190443-2026-05-23T10:24:29.750015-05:00,1190443,21208954,72141003,Servicios de mantenimiento de pistas y carreteras,UNSPSC
ocds-dgv273-seacev3-1204503,ocds-dgv273-seacev3-1204503-2026-05-23T10:24:29.625649-05:00,1204503,21246910,81101515,Ingeniería de infraestructura de plantas o instalaciones,UNSPSC
ocds-dgv273-seacev3-2026-874-21,ocds-dgv273-seacev3-2026-874-21-2026-05-23T10:24:19.341862-05:00,1191640,21211756,50121538,Pescado estable sin refrigerar,UNSPSC
ocds-dgv273-seacev3-1191185,ocds-dgv273-seacev3-1191185-2026-05-23T10:24:18.876507-05:00,1191185,21210675,39122103,Poste de servicios públicos,UNSPSC
ocds-dgv273-seacev3-1192093,ocds-dgv273-seacev3-1192093-2026-05-23T10:23:58.040556-05:00,1192093,21213148,23152902,"Maquinaria de formar, rellenar o sellar",UNSPSC
ocds-dgv273-seacev3-2026-307-6,ocds-dgv273-seacev3-2026-307-6-2026-05-23T10:23:56.247834-05:00,1186597,21200235,72141003,Servicios de mantenimiento de pistas y carreteras,UNSPSC
ocds-dgv273-seacev3-1200660,ocds-dgv273-seacev3-1200660-2026-05-23T10:23:55.941971-05:00,1200660,21235462,72141001,Servicios de construcción de pistas y carreteras nuevas,UNSPSC
ocds-dgv273-seacev3-1205771,ocds-dgv273-seacev3-1205771-2026-05-22T10:33:29.082632-05:00,1205771,21250159,72121101,Servicios de construcción de nuevos edificios comerciales y de oficinas,UNSPSC
ocds-dgv273-seacev3-1188520,ocds-dgv273-seacev3-1188520-2026-05-22T10:33:26.887912-05:00,1188520,21203736,72141128,Servicio de remodelación  y/o construcción de plazas públicas,UNSPSC
ocds-dgv273-seacev3-1190896,ocds-dgv273-seacev3-1190896-2026-05-22T10:33:18.821967-05:00,1190896,21210213,81101508,Ingeniería arquitectónica,UNSPSC
ocds-dgv273-seacev3-2026-1517-2,ocds-dgv273-seacev3-2026-1517-2-2026-05-22T10:33:16.520149-05:00,1189728,21206769,81101508,Ingeniería arquitectónica,UNSPSC
ocds-dgv273-seacev3-1190588,ocds-dgv273-seacev3-1190588-2026-05-22T10:33:05.598215-05:00,1190588,21209407,41115807,Analizadores químicos,UNSPSC
ocds-dgv273-seacev3-1188668,ocds-dgv273-seacev3-1188668-2026-05-22T10:33:04.676880-05:00,1188668,21204181,41114620,Aparatos para ensayos de choques,UNSPSC
ocds-dgv273-seacev3-1190613,ocds-dgv273-seacev3-1190613-2026-05-22T10:32:55.228379-05:00,1190613,21209699,83121703,Servicios relacionados con Internet,UNSPSC
ocds-dgv273-seacev3-1191458,ocds-dgv273-seacev3-1191458-2026-05-22T10:32:54.248220-05:00,1191458,21211406,91111603,Servicios de cocina o preparación de comidas,UNSPSC
ocds-dgv273-seacev3-1188331,ocds-dgv273-seacev3-1188331-2026-05-22T10:32:53.463186-05:00,1188331,21203554,30171609,Ventanas fijas,UNSPSC
ocds-dgv273-seacev3-1217522,ocds-dgv273-seacev3-1217522-2026-05-22T10:32:49.332931-05:00,1217522,21283586,43211503,Computadora portatil,UNSPSC
ocds-dgv273-seacev3-1191309,ocds-dgv273-seacev3-1191309-2026-05-22T10:32:45.594102-05:00,1191309,21211043,15121520,Lubricantes de uso general,UNSPSC
ocds-dgv273-seacev3-1189015,ocds-dgv273-seacev3-1189015-2026-05-22T10:32:45.372633-05:00,1189015,21204899,72141001,Servicios de construcción de pistas y carreteras nuevas,UNSPSC
ocds-dgv273-seacev3-1189304,ocds-dgv273-seacev3-1189304-2026-05-22T10:32:43.928027-05:00,1189304,21205555,91111601,Servicios de limpieza y mantenimiento,UNSPSC
ocds-dgv273-seacev3-2026-270-37,ocds-dgv273-seacev3-2026-270-37-2026-05-22T10:32:43.264770-05:00,1191635,21211777,72153102,Servicios de construcción de campos deportivos interiores,UNSPSC
ocds-dgv273-seacev3-1211604,ocds-dgv273-seacev3-1211604-2026-05-22T10:32:25.147571-05:00,1211604,21266142,72121203,Servicios de construcción de silos y de edificaciones para servicio agrícola,UNSPSC
ocds-dgv273-seacev3-1190883,ocds-dgv273-seacev3-1190883-2026-05-22T10:32:21.779217-05:00,1190883,21210173,50221102,Harina de cereales,UNSPSC
ocds-dgv273-seacev3-1188890,ocds-dgv273-seacev3-1188890-2026-05-22T10:32:21.364685-05:00,1188890,21204681,72141106,Servicios de construcción de caminos de grava o tierra,UNSPSC
ocds-dgv273-seacev3-2026-1533-1,ocds-dgv273-seacev3-2026-1533-1-2026-05-22T10:32:10.497440-05:00,1191571,21211622,50221108,Grano de arroz,UNSPSC
ocds-dgv273-seacev3-1214016,ocds-dgv273-seacev3-1214016-2026-05-21T10:32:38.693307-05:00,1214016,21272346,50192109,"Papas fritas en hojuelas y al hilo, mix de bocaditos o galletas saladas",UNSPSC
ocds-dgv273-seacev3-2026-200030-10,ocds-dgv273-seacev3-2026-200030-10-2026-05-21T10:32:34.053348-05:00,1186077,21197501,78111808,Alquiler de vehículos,UNSPSC
ocds-dgv273-seacev3-1187272,ocds-dgv273-seacev3-1187272-2026-05-21T10:32:33.840145-05:00,1187272,21198384,15101505,Diesel,UNSPSC
ocds-dgv273-seacev3-1184775,ocds-dgv273-seacev3-1184775-2026-05-21T10:32:23.580164-05:00,1184775,21195531,72141121,Servicios de construcción de tuberías principales de agua,UNSPSC
ocds-dgv273-seacev3-1190765,ocds-dgv273-seacev3-1190765-2026-05-21T10:32:14.505787-05:00,1190765,21209835,41111931,Sensores de caudal,UNSPSC
ocds-dgv273-seacev3-1191999,ocds-dgv273-seacev3-1191999-2026-05-21T10:32:14.350460-05:00,1191999,21212661,72152502,Servicios de instalación de losetas de asfalto,UNSPSC
ocds-dgv273-seacev3-2026-1998-1,ocds-dgv273-seacev3-2026-1998-1-2026-05-21T10:32:03.827064-05:00,1189757,21206607,90121502,Agencias de viajes,UNSPSC
ocds-dgv273-seacev3-2026-80812-25,ocds-dgv273-seacev3-2026-80812-25-2026-05-21T10:32:02.816840-05:00,1190315,21208644,83101501,Suministro de agua,UNSPSC
ocds-dgv273-seacev3-1188769,ocds-dgv273-seacev3-1188769-2026-05-21T10:32:02.056334-05:00,1188769,21204410,72152605,Servicios de montaje y reparación de techos,UNSPSC
ocds-dgv273-seacev3-1209005,ocds-dgv273-seacev3-1209005-2026-05-21T10:32:01.709842-05:00,1209005,21258471,72141121,Servicios de construcción de tuberías principales de agua,UNSPSC
ocds-dgv273-seacev3-1187796,ocds-dgv273-seacev3-1187796-2026-05-21T10:32:00.969013-05:00,1187796,21201934,81101508,Ingeniería arquitectónica,UNSPSC
ocds-dgv273-seacev3-1189965,ocds-dgv273-seacev3-1189965-2026-05-21T10:31:52.766216-05:00,1189965,21207560,15101505,Diesel,UNSPSC
ocds-dgv273-seacev3-1191960,ocds-dgv273-seacev3-1191960-2026-05-21T10:31:40.498503-05:00,1191960,21212597,30111601,Cemento,UNSPSC
ocds-dgv273-seacev3-1200602,ocds-dgv273-seacev3-1200602-2026-05-21T10:31:19.387060-05:00,1200602,21235296,72141001,Servicios de construcción de pistas y carreteras nuevas,UNSPSC
ocds-dgv273-seacev3-1189836,ocds-dgv273-seacev3-1189836-2026-05-21T10:31:17.971459-05:00,1189836,21207139,84121806,Servicios de custodia de valores,UNSPSC
ocds-dgv273-seacev3-1190191,ocds-dgv273-seacev3-1190191-2026-05-20T10:31:35.729581-05:00,1190191,21208678,30102403,Varillas de hierro,UNSPSC
ocds-dgv273-seacev3-1188857,ocds-dgv273-seacev3-1188857-2026-05-20T10:31:27.798114-05:00,1188857,21204556,56101504,Sillas,UNSPSC
ocds-dgv273-seacev3-1192032,ocds-dgv273-seacev3-1192032-2026-05-20T10:31:26.848641-05:00,1192032,21212926,72141128,Servicio de remodelación  y/o construcción de plazas públicas,UNSPSC
ocds-dgv273-seacev3-2026-49-91,ocds-dgv273-seacev3-2026-49-91-2026-05-20T10:31:17.400623-05:00,1188952,21204868,30111505,Hormigón premezclado,UNSPSC
ocds-dgv273-seacev3-1189751,ocds-dgv273-seacev3-1189751-2026-05-20T10:31:17.156339-05:00,1189751,21206596,72121406,Servicios de construcción de escuelas,UNSPSC
ocds-dgv273-seacev3-1190718,ocds-dgv273-seacev3-1190718-2026-05-20T10:31:16.667594-05:00,1190718,21209789,30121803,Césped artificial,UNSPSC
ocds-dgv273-seacev3-1189381,ocds-dgv273-seacev3-1189381-2026-05-20T10:31:15.304030-05:00,1189381,21205677,15101505,Diesel,UNSPSC
ocds-dgv273-seacev3-1189381,ocds-dgv273-seacev3-1189381-2026-05-20T10:31:15.304030-05:00,1189381,21205676,15101506,Gasolina o Petróleo,UNSPSC
ocds-dgv273-seacev3-1189268,ocds-dgv273-seacev3-1189268-2026-05-20T10:31:15.288358-05:00,1189268,21205443,81101515,Ingeniería de infraestructura de plantas o instalaciones,UNSPSC
ocds-dgv273-seacev3-1201248,ocds-dgv273-seacev3-1201248-2026-05-20T10:31:15.111822-05:00,1201248,21237133,15101505,Diesel,UNSPSC
ocds-dgv273-seacev3-1201248,ocds-dgv273-seacev3-1201248-2026-05-20T10:31:15.111822-05:00,1201248,21237134,15101506,Gasolina o Petróleo,UNSPSC
ocds-dgv273-seacev3-1189733,ocds-dgv273-seacev3-1189733-2026-05-20T10:31:15.078639-05:00,1189733,21206572,72121203,Servicios de construcción de silos y de edificaciones para servicio agrícola,UNSPSC
ocds-dgv273-seacev3-2026-1506-1,ocds-dgv273-seacev3-2026-1506-1-2026-05-20T10:31:06.124628-05:00,1190479,21209050,72121406,Servicios de construcción de escuelas,UNSPSC
ocds-dgv273-seacev3-1191971,ocds-dgv273-seacev3-1191971-2026-05-20T10:31:05.797427-05:00,1191971,21212654,72141001,Servicios de construcción de pistas y carreteras nuevas,UNSPSC
ocds-dgv273-seacev3-1189994,ocds-dgv273-seacev3-1189994-2026-05-20T10:31:05.483770-05:00,1189994,21207615,25101611,Camiones de transporte,UNSPSC
ocds-dgv273-seacev3-1189196,ocds-dgv273-seacev3-1189196-2026-05-20T10:31:04.404343-05:00,1189196,21205280,72121406,Servicios de construcción de escuelas,UNSPSC
ocds-dgv273-seacev3-2026-999-4,ocds-dgv273-seacev3-2026-999-4-2026-05-20T10:31:03.359657-05:00,1186042,21199549,81101508,Ingeniería arquitectónica,UNSPSC
ocds-dgv273-seacev3-1188269,ocds-dgv273-seacev3-1188269-2026-05-20T10:30:55.138349-05:00,1188269,21202853,15101505,Diesel,UNSPSC
ocds-dgv273-seacev3-2026-10184-7,ocds-dgv273-seacev3-2026-10184-7-2026-05-20T10:30:54.665925-05:00,1190115,21207880,50111513,Carne de res mínimamente procesada sin aditivos,UNSPSC
ocds-dgv273-seacev3-2026-10184-7,ocds-dgv273-seacev3-2026-10184-7-2026-05-20T10:30:54.665925-05:00,1190115,21207879,50111513,Carne de res mínimamente procesada sin aditivos,UNSPSC
ocds-dgv273-seacev3-2026-10184-7,ocds-dgv273-seacev3-2026-10184-7-2026-05-20T10:30:54.665925-05:00,1190115,21207881,50111514,Cerdo mínimamente procesado sin aditivos,UNSPSC
ocds-dgv273-seacev3-2026-200190-161,ocds-dgv273-seacev3-2026-200190-161-2026-05-20T10:30:53.619269-05:00,1188942,21204841,72152602,Servicios de canaletas y bajadas de agua,UNSPSC
ocds-dgv273-seacev3-2026-1091-1,ocds-dgv273-seacev3-2026-1091-1-2026-05-20T10:30:52.533010-05:00,1187252,21200823,50192109,"Papas fritas en hojuelas y al hilo, mix de bocaditos o galletas saladas",UNSPSC
ocds-dgv273-seacev3-2026-1091-1,ocds-dgv273-seacev3-2026-1091-1-2026-05-20T10:30:52.533010-05:00,1187252,21200822,50131702,Leche o productos de mantequilla estables sin refrigerar,UNSPSC
ocds-dgv273-seacev3-1190925,ocds-dgv273-seacev3-1190925-2026-05-20T10:30:44.492696-05:00,1190925,21210248,81101701,Servicios de ingeniería eléctrica,UNSPSC
ocds-dgv273-seacev3-2026-1886-1,ocds-dgv273-seacev3-2026-1886-1-2026-05-20T10:30:44.132127-05:00,1187942,21202258,84131603,Seguros de lesiones accidentales,UNSPSC
ocds-dgv273-seacev3-1189054,ocds-dgv273-seacev3-1189054-2026-05-20T10:30:41.884650-05:00,1189054,21204938,43212110,Impresoras multifuncionales,UNSPSC
ocds-dgv273-seacev3-1186897,ocds-dgv273-seacev3-1186897-2026-05-20T10:30:41.855076-05:00,1186897,21198120,15101505,Diesel,UNSPSC
ocds-dgv273-seacev3-2026-1052-9,ocds-dgv273-seacev3-2026-1052-9-2026-05-20T10:30:31.331668-05:00,1186538,21197863,72151502,Servicios de instalación de sistemas de energía eléctrica,UNSPSC
ocds-dgv273-seacev3-1190634,ocds-dgv273-seacev3-1190634-2026-05-20T10:30:20.047508-05:00,1190634,21209448,81101508,Ingeniería arquitectónica,UNSPSC
ocds-dgv273-seacev3-1207538,ocds-dgv273-seacev3-1207538-2026-05-18T10:06:21.638967-05:00,1207538,21254279,15101505,Diesel,UNSPSC
ocds-dgv273-seacev3-1207538,ocds-dgv273-seacev3-1207538-2026-05-18T10:06:21.638967-05:00,1207538,21254280,15101506,Gasolina o Petróleo,UNSPSC
ocds-dgv273-seacev3-2026-1695-3,ocds-dgv273-seacev3-2026-1695-3-2026-05-17T10:13:09.376049-05:00,1186453,21197826,30111601,Cemento,UNSPSC
ocds-dgv273-seacev3-1191679,ocds-dgv273-seacev3-1191679-2026-05-17T10:13:03.168118-05:00,1191679,21211826,72141503,Servicios de remoción de rocas,UNSPSC
ocds-dgv273-seacev3-1188958,ocds-dgv273-seacev3-1188958-2026-05-17T10:13:02.293899-05:00,1188958,21204838,25101502,Autobuses,UNSPSC
ocds-dgv273-seacev3-2026-923-1,ocds-dgv273-seacev3-2026-923-1-2026-05-17T10:13:01.340557-05:00,1191001,21210344,72141001,Servicios de construcción de pistas y carreteras nuevas,UNSPSC
ocds-dgv273-seacev3-1189271,ocds-dgv273-seacev3-1189271-2026-05-17T10:13:00.980774-05:00,1189271,21205447,81112209,Mantenimiento del software de desarrollo,UNSPSC
ocds-dgv273-seacev3-1188205,ocds-dgv273-seacev3-1188205-2026-05-17T10:13:00.659188-05:00,1188205,21203188,15101505,Diesel,UNSPSC
ocds-dgv273-seacev3-2026-1034-6,ocds-dgv273-seacev3-2026-1034-6-2026-05-17T10:13:00.576754-05:00,1186292,21197674,72141121,Servicios de construcción de tuberías principales de agua,UNSPSC
ocds-dgv273-seacev3-1205056,ocds-dgv273-seacev3-1205056-2026-05-17T10:12:51.994678-05:00,1205056,21248440,81141807,Servicio de inspección de instalaciones sanitarias o alcantarillado,UNSPSC
ocds-dgv273-seacev3-1206506,ocds-dgv273-seacev3-1206506-2026-05-17T10:12:51.641845-05:00,1206506,21251953,40141613,Válvulas de compuerta,UNSPSC
ocds-dgv273-seacev3-2026-14-20,ocds-dgv273-seacev3-2026-14-20-2026-05-17T10:12:51.291096-05:00,1186420,21199965,92101501,Servicios de vigilancia,UNSPSC
ocds-dgv273-seacev3-1186543,ocds-dgv273-seacev3-1186543-2026-05-17T10:12:51.274416-05:00,1186543,21197874,78141501,Servicios de expedición de carga,UNSPSC
ocds-dgv273-seacev3-2026-1003026180-2,ocds-dgv273-seacev3-2026-1003026180-2-2026-05-17T10:12:44.297183-05:00,1190467,21208984,15101505,Diesel,UNSPSC
ocds-dgv273-seacev3-2026-1003026180-2,ocds-dgv273-seacev3-2026-1003026180-2-2026-05-17T10:12:44.297183-05:00,1190467,21208985,15101506,Gasolina o Petróleo,UNSPSC
ocds-dgv273-seacev3-1195096,ocds-dgv273-seacev3-1195096-2026-05-17T10:12:43.657484-05:00,1195096,21221013,50192703,Comidas combinadas estables sin refrigerar,UNSPSC
ocds-dgv273-seacev3-2026-2452-12,ocds-dgv273-seacev3-2026-2452-12-2026-05-17T10:12:43.426498-05:00,1189598,21206285,30121601,Asfalto,UNSPSC
ocds-dgv273-seacev3-1200966,ocds-dgv273-seacev3-1200966-2026-05-17T10:12:43.137932-05:00,1200966,21236358,50111515,Pollo mínimamente procesado sin aditivos,UNSPSC
ocds-dgv273-seacev3-1192119,ocds-dgv273-seacev3-1192119-2026-05-17T10:12:42.761388-05:00,1192119,21212825,30111505,Hormigón premezclado,UNSPSC
ocds-dgv273-seacev3-2026-1970-27,ocds-dgv273-seacev3-2026-1970-27-2026-05-17T10:12:42.004537-05:00,1187238,21200800,80141607,Gestión de eventos,UNSPSC
ocds-dgv273-seacev3-1191856,ocds-dgv273-seacev3-1191856-2026-05-17T10:12:34.839964-05:00,1191856,21212233,91111603,Servicios de cocina o preparación de comidas,UNSPSC
ocds-dgv273-seacev3-1189783,ocds-dgv273-seacev3-1189783-2026-05-17T10:12:34.342419-05:00,1189783,21206660,81101508,Ingeniería arquitectónica,UNSPSC
ocds-dgv273-seacev3-1190254,ocds-dgv273-seacev3-1190254-2026-05-17T10:12:32.966495-05:00,1190254,21208331,80141504,Preparación estudios de mercado de commodities,UNSPSC
ocds-dgv273-seacev3-1186499,ocds-dgv273-seacev3-1186499-2026-05-17T10:12:32.173090-05:00,1186499,21197835,72121101,Servicios de construcción de nuevos edificios comerciales y de oficinas,UNSPSC
ocds-dgv273-seacev3-2026-334-1,ocds-dgv273-seacev3-2026-334-1-2026-05-17T10:12:32.145736-05:00,1186510,21197849,72152605,Servicios de montaje y reparación de techos,UNSPSC
ocds-dgv273-seacev3-1211371,ocds-dgv273-seacev3-1211371-2026-05-16T10:22:34.003761-05:00,1211371,21265626,81101508,Ingeniería arquitectónica,UNSPSC
ocds-dgv273-seacev3-2026-10137-10,ocds-dgv273-seacev3-2026-10137-10-2026-05-16T10:22:30.084641-05:00,1191455,21211405,81112001,Servicio de procesamiento de datos en línea,UNSPSC
ocds-dgv273-seacev3-2026-200373-2,ocds-dgv273-seacev3-2026-200373-2-2026-05-16T10:22:26.646242-05:00,1187675,21201696,30111601,Cemento,UNSPSC
ocds-dgv273-seacev3-1190583,ocds-dgv273-seacev3-1190583-2026-05-16T10:22:18.331430-05:00,1190583,21209309,72121101,Servicios de construcción de nuevos edificios comerciales y de oficinas,UNSPSC
ocds-dgv273-seacev3-1186994,ocds-dgv273-seacev3-1186994-2026-05-16T10:22:15.311574-05:00,1186994,21200605,80131502,Alquiler de instalaciones comerciales o industriales,UNSPSC
ocds-dgv273-seacev3-2026-200393-1,ocds-dgv273-seacev3-2026-200393-1-2026-05-16T10:22:15.268825-05:00,1186554,21197894,92101501,Servicios de vigilancia,UNSPSC
ocds-dgv273-seacev3-1190886,ocds-dgv273-seacev3-1190886-2026-05-16T10:22:08.515132-05:00,1190886,21210180,15101505,Diesel,UNSPSC
ocds-dgv273-seacev3-1204013,ocds-dgv273-seacev3-1204013-2026-05-16T10:22:07.297150-05:00,1204013,21245945,78101802,Servicios de transporte regional o nacional en camión,UNSPSC
ocds-dgv273-seacev3-1191945,ocds-dgv273-seacev3-1191945-2026-05-16T10:22:07.169593-05:00,1191945,21212639,46171621,Grabadoras de sonido o video de vigilancia,UNSPSC
ocds-dgv273-seacev3-1207116,ocds-dgv273-seacev3-1207116-2026-05-16T10:22:07.038548-05:00,1207116,21253059,72153102,Servicios de construcción de campos deportivos interiores,UNSPSC
ocds-dgv273-seacev3-2026-822-23,ocds-dgv273-seacev3-2026-822-23-2026-05-16T10:22:06.825678-05:00,1189215,21205360,72141001,Servicios de construcción de pistas y carreteras nuevas,UNSPSC
ocds-dgv273-seacev3-2026-374-91,ocds-dgv273-seacev3-2026-374-91-2026-05-16T10:22:06.005894-05:00,1192026,21212905,30131602,Ladrillos de cerámica,UNSPSC
ocds-dgv273-seacev3-1190097,ocds-dgv273-seacev3-1190097-2026-05-16T10:21:56.556640-05:00,1190097,21208033,30111601,Cemento,UNSPSC
ocds-dgv273-seacev3-1188701,ocds-dgv273-seacev3-1188701-2026-05-16T10:21:55.813764-05:00,1188701,21204216,56101519,Mesas,UNSPSC
ocds-dgv273-seacev3-2026-2385-4,ocds-dgv273-seacev3-2026-2385-4-2026-05-16T10:21:54.372299-05:00,1185732,21199812,92101501,Servicios de vigilancia,UNSPSC
ocds-dgv273-seacev3-1190176,ocds-dgv273-seacev3-1190176-2026-05-16T10:21:46.504316-05:00,1190176,21208439,21101503,Cultivadoras,UNSPSC
ocds-dgv273-seacev3-2026-200302-12,ocds-dgv273-seacev3-2026-200302-12-2026-05-16T10:21:46.068045-05:00,1189700,21206482,91111603,Servicios de cocina o preparación de comidas,UNSPSC
ocds-dgv273-seacev3-2026-403-4,ocds-dgv273-seacev3-2026-403-4-2026-05-16T10:21:45.145986-05:00,1191150,21210659,81101508,Ingeniería arquitectónica,UNSPSC
ocds-dgv273-seacev3-2026-1646-11,ocds-dgv273-seacev3-2026-1646-11-2026-05-16T10:21:44.830876-05:00,1191070,21210485,25101610,Camiones cisternas,UNSPSC
ocds-dgv273-seacev3-1191191,ocds-dgv273-seacev3-1191191-2026-05-16T10:21:43.766647-05:00,1191191,21210740,72141003,Servicios de mantenimiento de pistas y carreteras,UNSPSC
ocds-dgv273-seacev3-1191669,ocds-dgv273-seacev3-1191669-2026-05-16T10:21:43.455648-05:00,1191669,21211836,72101507,Servicio de mantenimiento de edificios,UNSPSC
ocds-dgv273-seacev3-1190663,ocds-dgv273-seacev3-1190663-2026-05-16T10:21:43.288159-05:00,1190663,21209545,72141003,Servicios de mantenimiento de pistas y carreteras,UNSPSC
ocds-dgv273-seacev3-1188548,ocds-dgv273-seacev3-1188548-2026-05-16T10:21:42.748151-05:00,1188548,21203801,81101508,Ingeniería arquitectónica,UNSPSC
ocds-dgv273-seacev3-1188534,ocds-dgv273-seacev3-1188534-2026-05-16T10:21:34.059515-05:00,1188534,21203950,81101508,Ingeniería arquitectónica,UNSPSC
ocds-dgv273-seacev3-1191097,ocds-dgv273-seacev3-1191097-2026-05-16T10:21:33.959657-05:00,1191097,21210542,72153102,Servicios de construcción de campos deportivos interiores,UNSPSC
ocds-dgv273-seacev3-2026-168-3,ocds-dgv273-seacev3-2026-168-3-2026-05-16T10:21:33.769642-05:00,1189730,21206770,81101510,Ingeniería de carreteras,UNSPSC
ocds-dgv273-seacev3-1189096,ocds-dgv273-seacev3-1189096-2026-05-16T10:21:22.511663-05:00,1189096,21205014,72141121,Servicios de construcción de tuberías principales de agua,UNSPSC
ocds-dgv273-seacev3-2026-552-1,ocds-dgv273-seacev3-2026-552-1-2026-05-15T10:34:18.490962-05:00,1188287,21203297,50221108,Grano de arroz,UNSPSC
ocds-dgv273-seacev3-1205532,ocds-dgv273-seacev3-1205532-2026-05-15T10:34:18.330844-05:00,1205532,21249583,81101508,Ingeniería arquitectónica,UNSPSC
ocds-dgv273-seacev3-1191524,ocds-dgv273-seacev3-1191524-2026-05-15T10:34:17.608737-05:00,1191524,21211780,81101508,Ingeniería arquitectónica,UNSPSC
ocds-dgv273-seacev3-2026-627-7,ocds-dgv273-seacev3-2026-627-7-2026-05-15T10:34:15.758234-05:00,1191812,21199971,81101510,Ingeniería de carreteras,UNSPSC
ocds-dgv273-seacev3-2026-627-7,ocds-dgv273-seacev3-2026-627-7-2026-05-15T10:34:15.758234-05:00,1191812,21212298,81101510,Ingeniería de carreteras,UNSPSC
ocds-dgv273-seacev3-2026-1607-4,ocds-dgv273-seacev3-2026-1607-4-2026-05-15T10:34:14.912534-05:00,1187583,21201563,81101515,Ingeniería de infraestructura de plantas o instalaciones,UNSPSC
ocds-dgv273-seacev3-2026-1041-9,ocds-dgv273-seacev3-2026-1041-9-2026-05-15T10:34:14.803900-05:00,1186396,21199961,72141121,Servicios de construcción de tuberías principales de agua,UNSPSC
ocds-dgv273-seacev3-2026-1607-3,ocds-dgv273-seacev3-2026-1607-3-2026-05-15T10:34:14.610240-05:00,1187562,21201397,81101515,Ingeniería de infraestructura de plantas o instalaciones,UNSPSC
ocds-dgv273-seacev3-2026-1590-3,ocds-dgv273-seacev3-2026-1590-3-2026-05-15T10:34:08.478446-05:00,1186923,21200476,50131702,Leche o productos de mantequilla estables sin refrigerar,UNSPSC
ocds-dgv273-seacev3-1190590,ocds-dgv273-seacev3-1190590-2026-05-15T10:33:57.899503-05:00,1190590,21209417,50131701,Leche fresca y productos de mantequilla,UNSPSC
ocds-dgv273-seacev3-1190236,ocds-dgv273-seacev3-1190236-2026-05-15T10:33:57.132973-05:00,1190236,21208294,83111502,Servicios telefónicos de larga distancia,UNSPSC
ocds-dgv273-seacev3-2026-755-28,ocds-dgv273-seacev3-2026-755-28-2026-05-15T10:33:56.097566-05:00,1190248,21208314,25101611,Camiones de transporte,UNSPSC
ocds-dgv273-seacev3-2026-1731-23,ocds-dgv273-seacev3-2026-1731-23-2026-05-15T10:33:55.230248-05:00,1192106,21213412,26111607,Generadores solares,UNSPSC
ocds-dgv273-seacev3-1186634,ocds-dgv273-seacev3-1186634-2026-05-15T10:33:54.358041-05:00,1186634,21197928,72121406,Servicios de construcción de escuelas,UNSPSC
ocds-dgv273-seacev3-1190294,ocds-dgv273-seacev3-1190294-2026-05-15T10:33:46.599557-05:00,1190294,21208642,11111611,Grava,UNSPSC
ocds-dgv273-seacev3-2026-200153-1,ocds-dgv273-seacev3-2026-200153-1-2026-05-15T10:33:45.523426-05:00,1190514,21209100,92101501,Servicios de vigilancia,UNSPSC
ocds-dgv273-seacev3-1191618,ocds-dgv273-seacev3-1191618-2026-05-15T10:33:45.354094-05:00,1191618,21211716,51191509,Manitol,UNSPSC
ocds-dgv273-seacev3-2026-1041-12,ocds-dgv273-seacev3-2026-1041-12-2026-05-15T10:33:42.965039-05:00,1186437,21199987,72141001,Servicios de construcción de pistas y carreteras nuevas,UNSPSC
ocds-dgv273-seacev3-2026-10564-20,ocds-dgv273-seacev3-2026-10564-20-2026-05-15T10:33:34.430722-05:00,1190148,21208201,40141613,Válvulas de compuerta,UNSPSC
ocds-dgv273-seacev3-2026-200382-2,ocds-dgv273-seacev3-2026-200382-2-2026-05-15T10:33:32.609813-05:00,1191702,21211871,91111603,Servicios de cocina o preparación de comidas,UNSPSC
ocds-dgv273-seacev3-2026-1041-8,ocds-dgv273-seacev3-2026-1041-8-2026-05-15T10:33:32.199859-05:00,1186478,21200097,24101665,Carro de viga,UNSPSC
ocds-dgv273-seacev3-2026-1041-10,ocds-dgv273-seacev3-2026-1041-10-2026-05-15T10:33:32.174983-05:00,1186397,21199962,72102905,Mantenimiento de terrenos externos,UNSPSC
ocds-dgv273-seacev3-2026-232-12,ocds-dgv273-seacev3-2026-232-12-2026-05-15T10:33:31.953349-05:00,1187982,21202974,50131702,Leche o productos de mantequilla estables sin refrigerar,UNSPSC
ocds-dgv273-seacev3-2026-232-12,ocds-dgv273-seacev3-2026-232-12-2026-05-15T10:33:31.953349-05:00,1187982,21202975,50192109,"Papas fritas en hojuelas y al hilo, mix de bocaditos o galletas saladas",UNSPSC
ocds-dgv273-seacev3-2026-200035-12,ocds-dgv273-seacev3-2026-200035-12-2026-05-15T10:33:24.065340-05:00,1189975,21207586,92101501,Servicios de vigilancia,UNSPSC
ocds-dgv273-seacev3-1189707,ocds-dgv273-seacev3-1189707-2026-05-15T10:33:21.149277-05:00,1189707,21206559,72141003,Servicios de mantenimiento de pistas y carreteras,UNSPSC
ocds-dgv273-seacev3-1186967,ocds-dgv273-seacev3-1186967-2026-05-15T10:33:20.533964-05:00,1186967,21198187,81101510,Ingeniería de carreteras,UNSPSC
ocds-dgv273-seacev3-2026-1041-3,ocds-dgv273-seacev3-2026-1041-3-2026-05-15T10:33:20.481691-05:00,1186399,21197768,72154013,Servicios de construcción de cercos,UNSPSC
ocds-dgv273-seacev3-2026-15-1,ocds-dgv273-seacev3-2026-15-1-2026-05-15T10:33:13.658049-05:00,1188922,21204831,81121505,Consultoría de desarrollo económico,UNSPSC
ocds-dgv273-seacev3-1195303,ocds-dgv273-seacev3-1195303-2026-05-15T10:33:12.163013-05:00,1195303,21221301,72141003,Servicios de mantenimiento de pistas y carreteras,UNSPSC
ocds-dgv273-seacev3-2026-1890-17,ocds-dgv273-seacev3-2026-1890-17-2026-05-15T10:33:09.769586-05:00,1188042,21202682,91111603,Servicios de cocina o preparación de comidas,UNSPSC
ocds-dgv273-seacev3-1187737,ocds-dgv273-seacev3-1187737-2026-05-15T10:33:09.498213-05:00,1187737,21201753,50151513,Aceites comestibles vegetales o de plantas,UNSPSC
ocds-dgv273-seacev3-1187592,ocds-dgv273-seacev3-1187592-2026-05-15T10:32:58.109639-05:00,1187592,21201603,72153102,Servicios de construcción de campos deportivos interiores,UNSPSC
ocds-dgv273-seacev3-2026-1041-7,ocds-dgv273-seacev3-2026-1041-7-2026-05-15T10:32:58.093613-05:00,1186472,21200021,10171605,Mezclas Nitrógeno Fósforo Potasio,UNSPSC
ocds-dgv273-seacev3-2026-1590-2,ocds-dgv273-seacev3-2026-1590-2-2026-05-15T10:32:58.015758-05:00,1186714,21200313,50221101,Granos de cereal,UNSPSC
ocds-dgv273-seacev3-1187087,ocds-dgv273-seacev3-1187087-2026-05-15T10:32:57.990170-05:00,1187087,21200680,77111602,Servicios de descontaminación ambiental,UNSPSC
ocds-dgv273-seacev3-2026-1041-2,ocds-dgv273-seacev3-2026-1041-2-2026-05-15T10:32:57.961693-05:00,1186395,21199960,81101505,Ingeniería estructural,UNSPSC
ocds-dgv273-seacev3-2026-813-51,ocds-dgv273-seacev3-2026-813-51-2026-05-14T10:36:46.334876-05:00,1191765,21212141,12352302,Sales metálicas inorgánicas,UNSPSC
ocds-dgv273-seacev3-2026-10552-5,ocds-dgv273-seacev3-2026-10552-5-2026-05-14T10:36:44.948009-05:00,1186293,21197675,72141001,Servicios de construcción de pistas y carreteras nuevas,UNSPSC
ocds-dgv273-seacev3-1191384,ocds-dgv273-seacev3-1191384-2026-05-14T10:36:37.467869-05:00,1191384,21211217,72141003,Servicios de mantenimiento de pistas y carreteras,UNSPSC
ocds-dgv273-seacev3-1191373,ocds-dgv273-seacev3-1191373-2026-05-14T10:36:37.101954-05:00,1191373,21211281,72141003,Servicios de mantenimiento de pistas y carreteras,UNSPSC
ocds-dgv273-seacev3-1187826,ocds-dgv273-seacev3-1187826-2026-05-14T10:36:36.129144-05:00,1187826,21202123,80101604,Administración o planificación de proyectos,UNSPSC
ocds-dgv273-seacev3-2026-1065-2,ocds-dgv273-seacev3-2026-1065-2-2026-05-14T10:36:26.185386-05:00,1191941,21212571,81101515,Ingeniería de infraestructura de plantas o instalaciones,UNSPSC
ocds-dgv273-seacev3-2026-535-2,ocds-dgv273-seacev3-2026-535-2-2026-05-14T10:36:25.960023-05:00,1184871,21195692,50221102,Harina de cereales,UNSPSC
ocds-dgv273-seacev3-1189946,ocds-dgv273-seacev3-1189946-2026-05-14T10:36:25.915600-05:00,1189946,21207439,52161524,Receptores de radio,UNSPSC
ocds-dgv273-seacev3-2026-1562-6,ocds-dgv273-seacev3-2026-1562-6-2026-05-14T10:36:25.284471-05:00,1187470,21201249,83121703,Servicios relacionados con Internet,UNSPSC
ocds-dgv273-seacev3-1188650,ocds-dgv273-seacev3-1188650-2026-05-14T10:36:25.250188-05:00,1188650,21204148,81101510,Ingeniería de carreteras,UNSPSC
ocds-dgv273-seacev3-1190369,ocds-dgv273-seacev3-1190369-2026-05-14T10:36:17.210775-05:00,1190369,21208743,80131502,Alquiler de instalaciones comerciales o industriales,UNSPSC
ocds-dgv273-seacev3-1191271,ocds-dgv273-seacev3-1191271-2026-05-14T10:36:17.174882-05:00,1191271,21210919,72141003,Servicios de mantenimiento de pistas y carreteras,UNSPSC
ocds-dgv273-seacev3-1186878,ocds-dgv273-seacev3-1186878-2026-05-14T10:36:13.939868-05:00,1186878,21200442,83121703,Servicios relacionados con Internet,UNSPSC
ocds-dgv273-seacev3-1191548,ocds-dgv273-seacev3-1191548-2026-05-14T10:36:05.472395-05:00,1191548,21211634,72141701,Servicio de arrendamiento o alquiler de maquinaria de construcción,UNSPSC
ocds-dgv273-seacev3-1191429,ocds-dgv273-seacev3-1191429-2026-05-14T10:36:04.048462-05:00,1191429,21211390,56101520,Casilleros,UNSPSC
ocds-dgv273-seacev3-2026-1962-1,ocds-dgv273-seacev3-2026-1962-1-2026-05-14T10:36:03.035152-05:00,1186969,21200529,84131503,Seguro de automóviles o camiones,UNSPSC
ocds-dgv273-seacev3-2026-1962-1,ocds-dgv273-seacev3-2026-1962-1-2026-05-14T10:36:03.035152-05:00,1186969,21200528,84131512,Seguro de equipos electrónicos,UNSPSC
ocds-dgv273-seacev3-1187715,ocds-dgv273-seacev3-1187715-2026-05-14T10:36:02.995095-05:00,1187715,21201815,72121406,Servicios de construcción de escuelas,UNSPSC
ocds-dgv273-seacev3-1195215,ocds-dgv273-seacev3-1195215-2026-05-14T10:35:55.680694-05:00,1195215,21221125,50131702,Leche o productos de mantequilla estables sin refrigerar,UNSPSC
ocds-dgv273-seacev3-1190356,ocds-dgv273-seacev3-1190356-2026-05-14T10:35:52.792191-05:00,1190356,21208675,25101703,Ambulancias,UNSPSC
ocds-dgv273-seacev3-1188134,ocds-dgv273-seacev3-1188134-2026-05-14T10:35:51.932322-05:00,1188134,21202743,72141003,Servicios de mantenimiento de pistas y carreteras,UNSPSC
ocds-dgv273-seacev3-2026-1852-27,ocds-dgv273-seacev3-2026-1852-27-2026-05-14T10:35:51.413486-05:00,1187328,21200948,73152101,Servicios de mantenimiento de equipos de fabricación,UNSPSC
ocds-dgv273-seacev3-2026-1596-8,ocds-dgv273-seacev3-2026-1596-8-2026-05-14T10:35:42.667209-05:00,1191219,21210720,15101505,Diesel,UNSPSC
ocds-dgv273-seacev3-1189712,ocds-dgv273-seacev3-1189712-2026-05-14T10:35:41.264146-05:00,1189712,21206568,81101508,Ingeniería arquitectónica,UNSPSC
ocds-dgv273-seacev3-1188752,ocds-dgv273-seacev3-1188752-2026-05-14T10:35:40.691882-05:00,1188752,21204337,15101505,Diesel,UNSPSC
ocds-dgv273-seacev3-1186412,ocds-dgv273-seacev3-1186412-2026-05-14T10:35:39.506600-05:00,1186412,21199973,51201806,Gamma IGG o immunoglobulina,UNSPSC
ocds-dgv273-seacev3-1191377,ocds-dgv273-seacev3-1191377-2026-05-14T10:35:31.289583-05:00,1191377,21211295,72141003,Servicios de mantenimiento de pistas y carreteras,UNSPSC
ocds-dgv273-seacev3-1191709,ocds-dgv273-seacev3-1191709-2026-05-14T10:35:30.313639-05:00,1191709,21211877,72152605,Servicios de montaje y reparación de techos,UNSPSC
ocds-dgv273-seacev3-2026-1034-2,ocds-dgv273-seacev3-2026-1034-2-2026-05-14T10:35:28.375944-05:00,1186039,21199546,72141121,Servicios de construcción de tuberías principales de agua,UNSPSC
ocds-dgv273-seacev3-2026-41-33,ocds-dgv273-seacev3-2026-41-33-2026-05-14T10:35:28.186000-05:00,1187366,21200977,81101508,Ingeniería arquitectónica,UNSPSC
ocds-dgv273-seacev3-1191706,ocds-dgv273-seacev3-1191706-2026-05-13T10:35:39.604731-05:00,1191706,21211873,78131603,Almacenamiento de muebles,UNSPSC
ocds-dgv273-seacev3-1187355,ocds-dgv273-seacev3-1187355-2026-05-13T10:35:38.013668-05:00,1187355,21200994,72121203,Servicios de construcción de silos y de edificaciones para servicio agrícola,UNSPSC
ocds-dgv273-seacev3-1189775,ocds-dgv273-seacev3-1189775-2026-05-13T10:35:31.208521-05:00,1189775,21206658,85121803,Servicios de laboratorios biológicos,UNSPSC
ocds-dgv273-seacev3-1188585,ocds-dgv273-seacev3-1188585-2026-05-13T10:35:31.120870-05:00,1188585,21203978,83111502,Servicios telefónicos de larga distancia,UNSPSC
ocds-dgv273-seacev3-1206550,ocds-dgv273-seacev3-1206550-2026-05-13T10:35:29.055550-05:00,1206550,21251995,81101515,Ingeniería de infraestructura de plantas o instalaciones,UNSPSC
ocds-dgv273-seacev3-2026-1628-1,ocds-dgv273-seacev3-2026-1628-1-2026-05-13T10:35:27.392157-05:00,1187651,21201496,50192109,"Papas fritas en hojuelas y al hilo, mix de bocaditos o galletas saladas",UNSPSC
ocds-dgv273-seacev3-1188106,ocds-dgv273-seacev3-1188106-2026-05-13T10:35:27.297103-05:00,1188106,21203118,72141128,Servicio de remodelación  y/o construcción de plazas públicas,UNSPSC
ocds-dgv273-seacev3-1188145,ocds-dgv273-seacev3-1188145-2026-05-13T10:35:27.281408-05:00,1188145,21203147,85161505,Tarifas de envío y alquiler de equipo médico o quirúrgico o implantes,UNSPSC
ocds-dgv273-seacev3-2026-1926-7,ocds-dgv273-seacev3-2026-1926-7-2026-05-13T10:35:19.978722-05:00,1189136,21205092,72151514,Servicio de mantenimiento de energía de emergencia o de espera,UNSPSC
ocds-dgv273-seacev3-2026-200382-1,ocds-dgv273-seacev3-2026-200382-1-2026-05-13T10:35:16.986183-05:00,1186827,21198059,15101505,Diesel,UNSPSC
ocds-dgv273-seacev3-1188493,ocds-dgv273-seacev3-1188493-2026-05-13T10:35:08.585407-05:00,1188493,21203870,53101902,Ternos para caballeros,UNSPSC
ocds-dgv273-seacev3-1190498,ocds-dgv273-seacev3-1190498-2026-05-13T10:35:08.379819-05:00,1190498,21209041,30161705,Pisos de caucho,UNSPSC
ocds-dgv273-seacev3-2026-200260-6,ocds-dgv273-seacev3-2026-200260-6-2026-05-13T10:35:07.878380-05:00,1191792,21212203,92101501,Servicios de vigilancia,UNSPSC
ocds-dgv273-seacev3-1193467,ocds-dgv273-seacev3-1193467-2026-05-13T10:35:05.444923-05:00,1193467,21216494,72141121,Servicios de construcción de tuberías principales de agua,UNSPSC
ocds-dgv273-seacev3-1190091,ocds-dgv273-seacev3-1190091-2026-05-13T10:34:57.119412-05:00,1190091,21207800,72151515,Servicio de inspección eléctrica,UNSPSC
ocds-dgv273-seacev3-2026-200395-3,ocds-dgv273-seacev3-2026-200395-3-2026-05-13T10:34:55.659548-05:00,1191079,21210491,15101505,Diesel,UNSPSC
ocds-dgv273-seacev3-1189927,ocds-dgv273-seacev3-1189927-2026-05-13T10:34:54.726691-05:00,1189927,21207430,72121403,Servicios de construcción de hospitales,UNSPSC
ocds-dgv273-seacev3-1213156,ocds-dgv273-seacev3-1213156-2026-05-13T10:34:48.607128-05:00,1213156,21270762,70171709,Servicios de administración de sistemas de riego,UNSPSC
ocds-dgv273-seacev3-1191179,ocds-dgv273-seacev3-1191179-2026-05-13T10:34:45.642213-05:00,1191179,21210671,78111804,Servicios de taxi,UNSPSC
ocds-dgv273-seacev3-2026-200139-2,ocds-dgv273-seacev3-2026-200139-2-2026-05-13T10:34:45.459491-05:00,1191664,21211811,84121806,Servicios de custodia de valores,UNSPSC
ocds-dgv273-seacev3-1189103,ocds-dgv273-seacev3-1189103-2026-05-13T10:34:43.988820-05:00,1189103,21205031,72152707,Servicios de construcción de muros de retención,UNSPSC
ocds-dgv273-seacev3-2026-80812-17,ocds-dgv273-seacev3-2026-80812-17-2026-05-13T10:34:33.977047-05:00,1189806,21206902,41112504,Medidor de agua,UNSPSC
ocds-dgv273-seacev3-2026-10427-6,ocds-dgv273-seacev3-2026-10427-6-2026-05-13T10:34:33.815283-05:00,1190510,21209096,72141003,Servicios de mantenimiento de pistas y carreteras,UNSPSC
ocds-dgv273-seacev3-2026-1155-42,ocds-dgv273-seacev3-2026-1155-42-2026-05-13T10:34:32.728327-05:00,1189338,21205571,83121703,Servicios relacionados con Internet,UNSPSC
ocds-dgv273-seacev3-1189160,ocds-dgv273-seacev3-1189160-2026-05-10T21:37:55.719169-05:00,1189160,21205112,15101505,Diesel,UNSPSC
ocds-dgv273-seacev3-1191617,ocds-dgv273-seacev3-1191617-2026-05-10T21:37:54.142112-05:00,1191617,21211744,72141121,Servicios de construcción de tuberías principales de agua,UNSPSC
ocds-dgv273-seacev3-2026-953-1,ocds-dgv273-seacev3-2026-953-1-2026-05-10T21:37:52.262610-05:00,1187054,21198233,50192109,"Papas fritas en hojuelas y al hilo, mix de bocaditos o galletas saladas",UNSPSC
ocds-dgv273-seacev3-2026-953-1,ocds-dgv273-seacev3-2026-953-1-2026-05-10T21:37:52.262610-05:00,1187054,21198232,50131702,Leche o productos de mantequilla estables sin refrigerar,UNSPSC
ocds-dgv273-seacev3-2026-200130-8,ocds-dgv273-seacev3-2026-200130-8-2026-05-10T21:37:52.034175-05:00,1187413,21201018,81101605,Servicios electromecánicos,UNSPSC
ocds-dgv273-seacev3-2026-200130-7,ocds-dgv273-seacev3-2026-200130-7-2026-05-10T21:37:52.017234-05:00,1187209,21198344,85161502,Mantenimiento o reparación de equipo médico menor,UNSPSC
ocds-dgv273-seacev3-2026-411-2,ocds-dgv273-seacev3-2026-411-2-2026-05-10T21:37:51.971613-05:00,1186056,21197470,81101510,Ingeniería de carreteras,UNSPSC
ocds-dgv273-seacev3-1190770,ocds-dgv273-seacev3-1190770-2026-05-10T21:37:46.237432-05:00,1190770,21212232,95131603,Oficina de emplazamiento,UNSPSC
ocds-dgv273-seacev3-2026-10153-26,ocds-dgv273-seacev3-2026-10153-26-2026-05-10T21:37:45.865943-05:00,1191453,21211404,91111603,Servicios de cocina o preparación de comidas,UNSPSC
ocds-dgv273-seacev3-1203034,ocds-dgv273-seacev3-1203034-2026-05-10T21:37:45.219568-05:00,1203034,21244054,81101508,Ingeniería arquitectónica,UNSPSC
ocds-dgv273-seacev3-2026-403-3,ocds-dgv273-seacev3-2026-403-3-2026-05-10T21:37:43.231085-05:00,1191281,21210973,72121105,Servicios de construcción de centros comerciales y galerías,UNSPSC
ocds-dgv273-seacev3-1188908,ocds-dgv273-seacev3-1188908-2026-05-10T21:37:42.127474-05:00,1188908,21204670,80131502,Alquiler de instalaciones comerciales o industriales,UNSPSC
ocds-dgv273-seacev3-2026-49-25,ocds-dgv273-seacev3-2026-49-25-2026-05-10T21:37:42.119301-05:00,1186441,21197797,30111601,Cemento,UNSPSC
ocds-dgv273-seacev3-2026-200130-6,ocds-dgv273-seacev3-2026-200130-6-2026-05-10T21:37:42.027583-05:00,1186144,21199636,72121103,Servicios de renovación y reparación de edificios comerciales y de oficinas,UNSPSC
ocds-dgv273-seacev3-2026-200130-21,ocds-dgv273-seacev3-2026-200130-21-2026-05-10T21:37:42.011818-05:00,1186694,21197976,92101501,Servicios de vigilancia,UNSPSC
ocds-dgv273-seacev3-1195230,ocds-dgv273-seacev3-1195230-2026-05-10T21:37:34.937096-05:00,1195230,21221151,72153102,Servicios de construcción de campos deportivos interiores,UNSPSC
ocds-dgv273-seacev3-2026-1031-5,ocds-dgv273-seacev3-2026-1031-5-2026-05-10T21:37:34.841667-05:00,1189290,21205541,81101510,Ingeniería de carreteras,UNSPSC
ocds-dgv273-seacev3-2026-1065-1,ocds-dgv273-seacev3-2026-1065-1-2026-05-10T21:37:34.186580-05:00,1191641,21211757,72141121,Servicios de construcción de tuberías principales de agua,UNSPSC
ocds-dgv273-seacev3-1187932,ocds-dgv273-seacev3-1187932-2026-05-10T21:37:30.661597-05:00,1187932,21202278,72141001,Servicios de construcción de pistas y carreteras nuevas,UNSPSC
ocds-dgv273-seacev3-2026-200130-20,ocds-dgv273-seacev3-2026-200130-20-2026-05-10T21:37:30.630496-05:00,1186740,21197981,92101501,Servicios de vigilancia,UNSPSC
ocds-dgv273-seacev3-1191863,ocds-dgv273-seacev3-1191863-2026-05-10T21:37:24.435552-05:00,1191863,21212363,91111603,Servicios de cocina o preparación de comidas,UNSPSC
ocds-dgv273-seacev3-2026-1320-19,ocds-dgv273-seacev3-2026-1320-19-2026-05-10T21:37:23.686275-05:00,1192070,21212760,81101510,Ingeniería de carreteras,UNSPSC
ocds-dgv273-seacev3-2026-1320-15,ocds-dgv273-seacev3-2026-1320-15-2026-05-10T21:37:23.611979-05:00,1192012,21212693,81101510,Ingeniería de carreteras,UNSPSC
ocds-dgv273-seacev3-1190760,ocds-dgv273-seacev3-1190760-2026-05-10T21:37:23.391906-05:00,1190760,21209885,72121101,Servicios de construcción de nuevos edificios comerciales y de oficinas,UNSPSC
ocds-dgv273-seacev3-1190132,ocds-dgv273-seacev3-1190132-2026-05-10T21:37:22.703306-05:00,1190132,21208055,72152605,Servicios de montaje y reparación de techos,UNSPSC
ocds-dgv273-seacev3-2026-1209-6,ocds-dgv273-seacev3-2026-1209-6-2026-05-10T21:37:22.595470-05:00,1181831,21210191,72151502,Servicios de instalación de sistemas de energía eléctrica,UNSPSC
ocds-dgv273-seacev3-2026-200502-1,ocds-dgv273-seacev3-2026-200502-1-2026-05-10T21:37:21.529630-05:00,1188509,21203729,92101501,Servicios de vigilancia,UNSPSC
ocds-dgv273-seacev3-1198142,ocds-dgv273-seacev3-1198142-2026-05-10T21:37:21.513857-05:00,1198142,21227870,50192109,"Papas fritas en hojuelas y al hilo, mix de bocaditos o galletas saladas",UNSPSC
ocds-dgv273-seacev3-1198142,ocds-dgv273-seacev3-1198142-2026-05-10T21:37:21.513857-05:00,1198142,21227871,50131702,Leche o productos de mantequilla estables sin refrigerar,UNSPSC
ocds-dgv273-seacev3-1203427,ocds-dgv273-seacev3-1203427-2026-05-10T21:37:20.668494-05:00,1203427,21243761,72141003,Servicios de mantenimiento de pistas y carreteras,UNSPSC
ocds-dgv273-seacev3-2026-200130-15,ocds-dgv273-seacev3-2026-200130-15-2026-05-10T21:37:20.155887-05:00,1188039,21202676,83121703,Servicios relacionados con Internet,UNSPSC
ocds-dgv273-seacev3-1187632,ocds-dgv273-seacev3-1187632-2026-05-10T21:37:20.099195-05:00,1187632,21201477,72152301,Servicios de carpintería rústica,UNSPSC
ocds-dgv273-seacev3-1187880,ocds-dgv273-seacev3-1187880-2026-05-10T21:37:20.004411-05:00,1187880,21202185,72141121,Servicios de construcción de tuberías principales de agua,UNSPSC
ocds-dgv273-seacev3-2026-200130-18,ocds-dgv273-seacev3-2026-200130-18-2026-05-10T21:37:19.980138-05:00,1186342,21199870,91111601,Servicios de limpieza y mantenimiento,UNSPSC
ocds-dgv273-seacev3-2026-251427-25,ocds-dgv273-seacev3-2026-251427-25-2026-05-10T21:37:19.806685-05:00,1187682,21201515,72121103,Servicios de renovación y reparación de edificios comerciales y de oficinas,UNSPSC
ocds-dgv273-seacev3-1186692,ocds-dgv273-seacev3-1186692-2026-05-10T21:37:19.666898-05:00,1186692,21197972,81101510,Ingeniería de carreteras,UNSPSC
ocds-dgv273-seacev3-1185550,ocds-dgv273-seacev3-1185550-2026-05-10T21:37:19.640311-05:00,1185550,21196941,72141003,Servicios de mantenimiento de pistas y carreteras,UNSPSC
ocds-dgv273-seacev3-1192073,ocds-dgv273-seacev3-1192073-2026-05-10T21:37:14.641183-05:00,1192073,21212764,81101508,Ingeniería arquitectónica,UNSPSC
ocds-dgv273-seacev3-1190893,ocds-dgv273-seacev3-1190893-2026-05-10T21:37:13.406428-05:00,1190893,21210209,15101505,Diesel,UNSPSC
ocds-dgv273-seacev3-1189014,ocds-dgv273-seacev3-1189014-2026-05-10T21:37:09.937196-05:00,1189014,21204896,81101510,Ingeniería de carreteras,UNSPSC
ocds-dgv273-seacev3-1187923,ocds-dgv273-seacev3-1187923-2026-05-10T21:37:09.484738-05:00,1187923,21202261,72141128,Servicio de remodelación  y/o construcción de plazas públicas,UNSPSC
ocds-dgv273-seacev3-2026-200130-16,ocds-dgv273-seacev3-2026-200130-16-2026-05-10T21:37:09.419658-05:00,1186100,21197502,76111505,Servicios de limpieza de telas y muebles,UNSPSC
ocds-dgv273-seacev3-2026-10153-25,ocds-dgv273-seacev3-2026-10153-25-2026-05-10T21:37:02.827417-05:00,1191415,21211339,91111603,Servicios de cocina o preparación de comidas,UNSPSC
ocds-dgv273-seacev3-1187860,ocds-dgv273-seacev3-1187860-2026-05-10T21:36:59.146400-05:00,1187860,21202145,72121101,Servicios de construcción de nuevos edificios comerciales y de oficinas,UNSPSC
ocds-dgv273-seacev3-2026-32-4,ocds-dgv273-seacev3-2026-32-4-2026-05-10T21:36:51.768218-05:00,1191892,21212457,81101508,Ingeniería arquitectónica,UNSPSC
ocds-dgv273-seacev3-1191793,ocds-dgv273-seacev3-1191793-2026-05-10T21:36:50.260180-05:00,1191793,21212336,53102102,Overoles o mamelucos para caballeros,UNSPSC
ocds-dgv273-seacev3-1189182,ocds-dgv273-seacev3-1189182-2026-05-10T21:36:50.181917-05:00,1189182,21205187,84121703,Análisis de inversiones,UNSPSC
ocds-dgv273-seacev3-2026-10249-115,ocds-dgv273-seacev3-2026-10249-115-2026-05-08T10:37:53.120821-05:00,1191871,21212410,78181507,Reparación y mantenimiento de camión ligero automotriz,UNSPSC
ocds-dgv273-seacev3-2026-1039-4,ocds-dgv273-seacev3-2026-1039-4-2026-05-08T10:37:51.171293-05:00,1189580,21206252,72153605,Servicios de remodelación de cocinas y servicios higiénicos,UNSPSC
ocds-dgv273-seacev3-1188931,ocds-dgv273-seacev3-1188931-2026-05-08T10:37:50.445448-05:00,1188931,21204693,72141003,Servicios de mantenimiento de pistas y carreteras,UNSPSC
ocds-dgv273-seacev3-1187915,ocds-dgv273-seacev3-1187915-2026-05-08T10:37:40.362642-05:00,1187915,21202244,30111601,Cemento,UNSPSC
ocds-dgv273-seacev3-2026-227-2,ocds-dgv273-seacev3-2026-227-2-2026-05-08T10:37:40.143105-05:00,1187335,21200957,50131702,Leche o productos de mantequilla estables sin refrigerar,UNSPSC
ocds-dgv273-seacev3-2026-275-10,ocds-dgv273-seacev3-2026-275-10-2026-05-08T10:37:33.177668-05:00,1189224,21205327,72121505,Servicios de construcción de plantas para tratamiento de aguas residuales y aguas servidas,UNSPSC
ocds-dgv273-seacev3-1191359,ocds-dgv273-seacev3-1191359-2026-05-08T10:37:32.969635-05:00,1191359,21211150,72121101,Servicios de construcción de nuevos edificios comerciales y de oficinas,UNSPSC
ocds-dgv273-seacev3-1189323,ocds-dgv273-seacev3-1189323-2026-05-08T10:37:32.126095-05:00,1189323,21205525,81101508,Ingeniería arquitectónica,UNSPSC
ocds-dgv273-seacev3-2026-1203-1,ocds-dgv273-seacev3-2026-1203-1-2026-05-08T10:37:30.239193-05:00,1187387,21201176,15101505,Diesel,UNSPSC
ocds-dgv273-seacev3-2026-1731-33,ocds-dgv273-seacev3-2026-1731-33-2026-05-08T10:37:29.636586-05:00,1190039,21207908,50101716,Nueces y semillas enteras,UNSPSC
ocds-dgv273-seacev3-2026-200018-17,ocds-dgv273-seacev3-2026-200018-17-2026-05-08T10:37:29.359564-05:00,1190282,21208527,72101511,Servicio de reparación o mantenimiento o instalación de aire acondicionado,UNSPSC
ocds-dgv273-seacev3-2026-270-34,ocds-dgv273-seacev3-2026-270-34-2026-05-08T10:37:28.738205-05:00,1188173,21202780,72153102,Servicios de construcción de campos deportivos interiores,UNSPSC
ocds-dgv273-seacev3-1186650,ocds-dgv273-seacev3-1186650-2026-05-08T10:37:28.721028-05:00,1186650,21197942,81101509,Ingeniería de aeropuertos,UNSPSC
ocds-dgv273-seacev3-1191247,ocds-dgv273-seacev3-1191247-2026-05-08T10:37:22.192170-05:00,1191247,21210916,72153102,Servicios de construcción de campos deportivos interiores,UNSPSC
ocds-dgv273-seacev3-1207892,ocds-dgv273-seacev3-1207892-2026-05-08T10:37:12.094254-05:00,1207892,21255323,72141003,Servicios de mantenimiento de pistas y carreteras,UNSPSC
ocds-dgv273-seacev3-2026-20002-13,ocds-dgv273-seacev3-2026-20002-13-2026-05-08T10:37:11.846614-05:00,1190143,21208176,42294925,Punzones o agujas endoscópicas,UNSPSC
ocds-dgv273-seacev3-1204186,ocds-dgv273-seacev3-1204186-2026-05-08T10:37:08.881306-05:00,1204186,21246313,78101807,Servicio de transporte de carga química o petróleo,UNSPSC
ocds-dgv273-seacev3-1188565,ocds-dgv273-seacev3-1188565-2026-05-08T10:37:07.113963-05:00,1188565,21203972,72141207,Servicios de construcción de puertos,UNSPSC
ocds-dgv273-seacev3-2026-694-1,ocds-dgv273-seacev3-2026-694-1-2026-05-08T10:37:06.887029-05:00,1186861,21198082,15101505,Diesel,UNSPSC
ocds-dgv273-seacev3-2026-505-10,ocds-dgv273-seacev3-2026-505-10-2026-05-08T10:36:58.533057-05:00,1191134,21210581,78141501,Servicios de expedición de carga,UNSPSC
ocds-dgv273-seacev3-1198149,ocds-dgv273-seacev3-1198149-2026-05-08T10:36:58.037832-05:00,1198149,21227901,81101515,Ingeniería de infraestructura de plantas o instalaciones,UNSPSC
ocds-dgv273-seacev3-2026-10585-1,ocds-dgv273-seacev3-2026-10585-1-2026-05-08T10:36:57.050789-05:00,1188720,21204246,83121703,Servicios relacionados con Internet,UNSPSC
ocds-dgv273-seacev3-1187126,ocds-dgv273-seacev3-1187126-2026-05-08T10:36:56.731495-05:00,1187126,21200698,83101804,Servicios de transmisión de energía eléctrica,UNSPSC
ocds-dgv273-seacev3-1187126,ocds-dgv273-seacev3-1187126-2026-05-08T10:36:56.731495-05:00,1187126,21200697,83101804,Servicios de transmisión de energía eléctrica,UNSPSC
ocds-dgv273-seacev3-1187126,ocds-dgv273-seacev3-1187126-2026-05-08T10:36:56.731495-05:00,1187126,21200696,83101804,Servicios de transmisión de energía eléctrica,UNSPSC
ocds-dgv273-seacev3-1187126,ocds-dgv273-seacev3-1187126-2026-05-08T10:36:56.731495-05:00,1187126,21200695,83101804,Servicios de transmisión de energía eléctrica,UNSPSC
ocds-dgv273-seacev3-2026-168715-1,ocds-dgv273-seacev3-2026-168715-1-2026-05-08T10:36:49.615970-05:00,1190300,21208356,81112101,Proveedores de servicios de Internet,UNSPSC
ocds-dgv273-seacev3-1189729,ocds-dgv273-seacev3-1189729-2026-05-08T10:36:49.592243-05:00,1189729,21206569,70171709,Servicios de administración de sistemas de riego,UNSPSC
ocds-dgv273-seacev3-1189585,ocds-dgv273-seacev3-1189585-2026-05-08T10:36:49.138982-05:00,1189585,21206259,15101505,Diesel,UNSPSC
ocds-dgv273-seacev3-2026-200424-3,ocds-dgv273-seacev3-2026-200424-3-2026-05-08T10:36:48.046608-05:00,1191726,21211897,76111501,Servicios de limpieza de edificios,UNSPSC
ocds-dgv273-seacev3-1190973,ocds-dgv273-seacev3-1190973-2026-05-08T10:36:47.156049-05:00,1190973,21210339,81112208,Mantenimiento del software de protección y seguridad,UNSPSC
ocds-dgv273-seacev3-2026-397-19,ocds-dgv273-seacev3-2026-397-19-2026-05-08T10:36:45.414342-05:00,1188915,21204679,42131713,Aislamiento quirúrgico o mascarillas quirúrgicas,UNSPSC
ocds-dgv273-seacev3-1187302,ocds-dgv273-seacev3-1187302-2026-05-08T10:36:45.136475-05:00,1187302,21200926,15101505,Diesel,UNSPSC
ocds-dgv273-seacev3-1190684,ocds-dgv273-seacev3-1190684-2026-05-07T10:36:29.235303-05:00,1190684,21209572,72153102,Servicios de construcción de campos deportivos interiores,UNSPSC
ocds-dgv273-seacev3-1208959,ocds-dgv273-seacev3-1208959-2026-05-07T10:36:21.753937-05:00,1208959,21258470,43222615,Conmutador de red de área de almacenamiento (SAN),UNSPSC
ocds-dgv273-seacev3-1190671,ocds-dgv273-seacev3-1190671-2026-05-07T10:36:19.148346-05:00,1190671,21209552,72121403,Servicios de construcción de hospitales,UNSPSC
ocds-dgv273-seacev3-1192007,ocds-dgv273-seacev3-1192007-2026-05-07T10:36:18.369277-05:00,1192007,21212891,81101515,Ingeniería de infraestructura de plantas o instalaciones,UNSPSC
ocds-dgv273-seacev3-1191047,ocds-dgv273-seacev3-1191047-2026-05-07T10:36:18.351094-05:00,1191047,21210457,72153102,Servicios de construcción de campos deportivos interiores,UNSPSC
ocds-dgv273-seacev3-1187561,ocds-dgv273-seacev3-1187561-2026-05-07T10:36:17.105737-05:00,1187561,21201406,81101515,Ingeniería de infraestructura de plantas o instalaciones,UNSPSC
ocds-dgv273-seacev3-1189162,ocds-dgv273-seacev3-1189162-2026-05-07T10:36:16.409914-05:00,1189162,21205110,24101601,Ascensores,UNSPSC
ocds-dgv273-seacev3-1205869,ocds-dgv273-seacev3-1205869-2026-05-07T10:36:15.426754-05:00,1205869,21250314,81101512,Servicios de sistemas de información geográfica GIS,UNSPSC
ocds-dgv273-seacev3-1186352,ocds-dgv273-seacev3-1186352-2026-05-07T10:36:15.003139-05:00,1186352,21199914,81101508,Ingeniería arquitectónica,UNSPSC
ocds-dgv273-seacev3-2026-685-2,ocds-dgv273-seacev3-2026-685-2-2026-05-07T10:36:07.408682-05:00,1189636,21206429,72153102,Servicios de construcción de campos deportivos interiores,UNSPSC
ocds-dgv273-seacev3-1188929,ocds-dgv273-seacev3-1188929-2026-05-07T10:36:06.968500-05:00,1188929,21204688,72141121,Servicios de construcción de tuberías principales de agua,UNSPSC
ocds-dgv273-seacev3-2026-1719-8,ocds-dgv273-seacev3-2026-1719-8-2026-05-07T10:36:04.608315-05:00,1187432,21201212,50192109,"Papas fritas en hojuelas y al hilo, mix de bocaditos o galletas saladas",UNSPSC
ocds-dgv273-seacev3-1210668,ocds-dgv273-seacev3-1210668-2026-05-07T10:35:58.515862-05:00,1210668,21262950,48101702,Dispensador de bebidas sin gas,UNSPSC
ocds-dgv273-seacev3-2026-822-18,ocds-dgv273-seacev3-2026-822-18-2026-05-07T10:35:56.889557-05:00,1189282,21205528,81101515,Ingeniería de infraestructura de plantas o instalaciones,UNSPSC
ocds-dgv273-seacev3-1189969,ocds-dgv273-seacev3-1189969-2026-05-07T10:35:56.781890-05:00,1189969,21207543,81101515,Ingeniería de infraestructura de plantas o instalaciones,UNSPSC
ocds-dgv273-seacev3-1190430,ocds-dgv273-seacev3-1190430-2026-05-07T10:35:55.571556-05:00,1190430,21208905,72153102,Servicios de construcción de campos deportivos interiores,UNSPSC
ocds-dgv273-seacev3-1188095,ocds-dgv273-seacev3-1188095-2026-05-07T10:35:55.209801-05:00,1188095,21202895,72152602,Servicios de canaletas y bajadas de agua,UNSPSC
ocds-dgv273-seacev3-1191638,ocds-dgv273-seacev3-1191638-2026-05-07T10:35:53.936480-05:00,1191638,21211723,92101501,Servicios de vigilancia,UNSPSC
ocds-dgv273-seacev3-2026-1926-8,ocds-dgv273-seacev3-2026-1926-8-2026-05-07T10:35:51.716307-05:00,1186507,21197846,72151514,Servicio de mantenimiento de energía de emergencia o de espera,UNSPSC
ocds-dgv273-seacev3-1189734,ocds-dgv273-seacev3-1189734-2026-05-07T10:35:42.096616-05:00,1189734,21206783,30111601,Cemento,UNSPSC
ocds-dgv273-seacev3-1208453,ocds-dgv273-seacev3-1208453-2026-05-07T10:35:34.194692-05:00,1208453,21256859,80101513,Servicio de consultoría para la gestión de procesos y procedimientos,UNSPSC
ocds-dgv273-seacev3-1208753,ocds-dgv273-seacev3-1208753-2026-05-07T10:35:31.061889-05:00,1208753,21257655,80101513,Servicio de consultoría para la gestión de procesos y procedimientos,UNSPSC
ocds-dgv273-seacev3-2026-168-2,ocds-dgv273-seacev3-2026-168-2-2026-05-07T10:35:27.952952-05:00,1188804,21204452,72121203,Servicios de construcción de silos y de edificaciones para servicio agrícola,UNSPSC
ocds-dgv273-seacev3-2026-1490-9,ocds-dgv273-seacev3-2026-1490-9-2026-05-07T10:35:21.086700-05:00,1191580,21211653,81101508,Ingeniería arquitectónica,UNSPSC
ocds-dgv273-seacev3-1188933,ocds-dgv273-seacev3-1188933-2026-05-07T10:35:18.004939-05:00,1188933,21204692,72141121,Servicios de construcción de tuberías principales de agua,UNSPSC
ocds-dgv273-seacev3-2026-2371-3,ocds-dgv273-seacev3-2026-2371-3-2026-05-07T10:35:17.815381-05:00,1190288,21208561,92101501,Servicios de vigilancia,UNSPSC
ocds-dgv273-seacev3-2026-1490-8,ocds-dgv273-seacev3-2026-1490-8-2026-05-07T10:35:16.556152-05:00,1186024,21197401,72121403,Servicios de construcción de hospitales,UNSPSC
ocds-dgv273-seacev3-2026-1080-4,ocds-dgv273-seacev3-2026-1080-4-2026-05-07T10:35:16.537641-05:00,1186512,21197859,72121407,Servicios de construcción de mausoleos,UNSPSC
ocds-dgv273-seacev3-1210484,ocds-dgv273-seacev3-1210484-2026-05-07T10:35:12.297308-05:00,1210484,21262404,43222609,Enrutadores de red,UNSPSC
ocds-dgv273-seacev3-2026-2543-695,ocds-dgv273-seacev3-2026-2543-695-2026-05-07T10:35:08.789281-05:00,1191746,21212012,42271701,Cilindros de gas médicos o dispositivos relacionados,UNSPSC
ocds-dgv273-seacev3-2026-2543-694,ocds-dgv273-seacev3-2026-2543-694-2026-05-07T10:35:04.278739-05:00,1190790,21209926,42271701,Cilindros de gas médicos o dispositivos relacionados,UNSPSC
ocds-dgv273-seacev3-1187236,ocds-dgv273-seacev3-1187236-2026-05-07T10:35:03.668445-05:00,1187236,21200797,15101505,Diesel,UNSPSC
ocds-dgv273-seacev3-1205486,ocds-dgv273-seacev3-1205486-2026-05-06T10:33:42.108209-05:00,1205486,21249499,81111510,Servicios de desarrollo de aplicaciones de servidor para Internet o intranet,UNSPSC
ocds-dgv273-seacev3-1189255,ocds-dgv273-seacev3-1189255-2026-05-06T10:33:37.674169-05:00,1189255,21205499,25101801,Motocicletas,UNSPSC
ocds-dgv273-seacev3-1191110,ocds-dgv273-seacev3-1191110-2026-05-06T10:33:36.945311-05:00,1191110,21210603,81101510,Ingeniería de carreteras,UNSPSC
ocds-dgv273-seacev3-2026-10049-25,ocds-dgv273-seacev3-2026-10049-25-2026-05-06T10:33:35.302595-05:00,1189990,21207608,10111304,Tazones y equipos para comida de animales domésticos,UNSPSC
ocds-dgv273-seacev3-2026-1339-2,ocds-dgv273-seacev3-2026-1339-2-2026-05-06T10:33:34.031870-05:00,1187668,21201682,72141106,Servicios de construcción de caminos de grava o tierra,UNSPSC
ocds-dgv273-seacev3-1188108,ocds-dgv273-seacev3-1188108-2026-05-06T10:33:33.148252-05:00,1188108,21203120,81101508,Ingeniería arquitectónica,UNSPSC
ocds-dgv273-seacev3-1188288,ocds-dgv273-seacev3-1188288-2026-05-06T10:33:32.988622-05:00,1188288,21203304,50131702,Leche o productos de mantequilla estables sin refrigerar,UNSPSC
ocds-dgv273-seacev3-1187766,ocds-dgv273-seacev3-1187766-2026-05-06T10:33:32.283221-05:00,1187766,21201867,15101505,Diesel,UNSPSC
ocds-dgv273-seacev3-1191648,ocds-dgv273-seacev3-1191648-2026-05-06T10:33:26.578573-05:00,1191648,21211791,72121105,Servicios de construcción de centros comerciales y galerías,UNSPSC
ocds-dgv273-seacev3-1205383,ocds-dgv273-seacev3-1205383-2026-05-06T10:33:26.191372-05:00,1205383,21249017,81111510,Servicios de desarrollo de aplicaciones de servidor para Internet o intranet,UNSPSC
ocds-dgv273-seacev3-2026-200198-3,ocds-dgv273-seacev3-2026-200198-3-2026-05-06T10:33:25.102395-05:00,1189574,21206298,91111603,Servicios de cocina o preparación de comidas,UNSPSC
ocds-dgv273-seacev3-1190650,ocds-dgv273-seacev3-1190650-2026-05-06T10:33:23.601536-05:00,1190650,21209533,72121203,Servicios de construcción de silos y de edificaciones para servicio agrícola,UNSPSC
ocds-dgv273-seacev3-2026-67-1,ocds-dgv273-seacev3-2026-67-1-2026-05-06T10:33:22.187374-05:00,1187551,21201538,15101505,Diesel,UNSPSC
ocds-dgv273-seacev3-2026-1786-1,ocds-dgv273-seacev3-2026-1786-1-2026-05-06T10:33:17.546274-05:00,1188271,21203251,30102403,Varillas de hierro,UNSPSC
ocds-dgv273-seacev3-1187977,ocds-dgv273-seacev3-1187977-2026-05-06T10:33:17.314273-05:00,1187977,21203006,72141003,Servicios de mantenimiento de pistas y carreteras,UNSPSC
ocds-dgv273-seacev3-1192001,ocds-dgv273-seacev3-1192001-2026-05-06T10:33:15.197951-05:00,1192001,21212663,91111603,Servicios de cocina o preparación de comidas,UNSPSC
ocds-dgv273-seacev3-2026-422-22,ocds-dgv273-seacev3-2026-422-22-2026-05-06T10:33:12.641952-05:00,1186016,21197392,30111801,Agregado natural,UNSPSC
ocds-dgv273-seacev3-1204556,ocds-dgv273-seacev3-1204556-2026-05-06T10:33:06.427815-05:00,1204556,21247068,81111510,Servicios de desarrollo de aplicaciones de servidor para Internet o intranet,UNSPSC
ocds-dgv273-seacev3-1189776,ocds-dgv273-seacev3-1189776-2026-05-06T10:33:05.936395-05:00,1189776,21206834,72153102,Servicios de construcción de campos deportivos interiores,UNSPSC
ocds-dgv273-seacev3-2026-1515-4,ocds-dgv273-seacev3-2026-1515-4-2026-05-06T10:33:03.298513-05:00,1189235,21205396,72141121,Servicios de construcción de tuberías principales de agua,UNSPSC
ocds-dgv273-seacev3-1193704,ocds-dgv273-seacev3-1193704-2026-05-06T10:33:02.221210-05:00,1193704,21217195,81101515,Ingeniería de infraestructura de plantas o instalaciones,UNSPSC
ocds-dgv273-seacev3-1188793,ocds-dgv273-seacev3-1188793-2026-05-06T10:33:02.204074-05:00,1188793,21204428,72141105,Servicios de construcción y reparación de veredas,UNSPSC
ocds-dgv273-seacev3-2026-89261-1,ocds-dgv273-seacev3-2026-89261-1-2026-05-06T10:32:52.375959-05:00,1189917,21207425,92101501,Servicios de vigilancia,UNSPSC
ocds-dgv273-seacev3-2026-49-147,ocds-dgv273-seacev3-2026-49-147-2026-05-06T10:32:50.859721-05:00,1188428,21203465,25101507,Camiones ligeros o vehículos de utilidad deportiva,UNSPSC
ocds-dgv273-seacev3-1188957,ocds-dgv273-seacev3-1188957-2026-05-06T10:32:49.779121-05:00,1188957,21204880,30111601,Cemento,UNSPSC
ocds-dgv273-seacev3-1191723,ocds-dgv273-seacev3-1191723-2026-05-06T10:32:42.872961-05:00,1191723,21211893,80131502,Alquiler de instalaciones comerciales o industriales,UNSPSC
ocds-dgv273-seacev3-1196286,ocds-dgv273-seacev3-1196286-2026-05-06T10:32:40.633468-05:00,1196286,21223313,72101507,Servicio de mantenimiento de edificios,UNSPSC
ocds-dgv273-seacev3-1191114,ocds-dgv273-seacev3-1191114-2026-05-06T10:32:30.426258-05:00,1191114,21210627,30111601,Cemento,UNSPSC
ocds-dgv273-seacev3-1188047,ocds-dgv273-seacev3-1188047-2026-05-06T10:32:29.541921-05:00,1188047,21203070,72141128,Servicio de remodelación  y/o construcción de plazas públicas,UNSPSC
ocds-dgv273-seacev3-1186355,ocds-dgv273-seacev3-1186355-2026-05-06T10:32:28.993467-05:00,1186355,21199924,15101505,Diesel,UNSPSC
ocds-dgv273-seacev3-1186355,ocds-dgv273-seacev3-1186355-2026-05-06T10:32:28.993467-05:00,1186355,21199923,15101505,Diesel,UNSPSC
ocds-dgv273-seacev3-1186355,ocds-dgv273-seacev3-1186355-2026-05-06T10:32:28.993467-05:00,1186355,21199925,15101506,Gasolina o Petróleo,UNSPSC
ocds-dgv273-seacev3-1198570,ocds-dgv273-seacev3-1198570-2026-05-04T10:04:03.742382-05:00,1198570,21229058,72141121,Servicios de construcción de tuberías principales de agua,UNSPSC
ocds-dgv273-seacev3-1210961,ocds-dgv273-seacev3-1210961-2026-05-02T10:08:50.870536-05:00,1210961,21264324,80101606,Evaluación y monitoreo de proyectos,UNSPSC
ocds-dgv273-seacev3-2026-10550-1,ocds-dgv273-seacev3-2026-10550-1-2026-05-02T10:08:50.461818-05:00,1191140,21210613,83121703,Servicios relacionados con Internet,UNSPSC
ocds-dgv273-seacev3-1189578,ocds-dgv273-seacev3-1189578-2026-05-02T10:08:49.208913-05:00,1189578,21206256,72151602,Servicios de instalación de cables de fibra óptica,UNSPSC
ocds-dgv273-seacev3-2026-10550-3,ocds-dgv273-seacev3-2026-10550-3-2026-05-02T10:08:48.090640-05:00,1191166,21210638,83121703,Servicios relacionados con Internet,UNSPSC
ocds-dgv273-seacev3-1189491,ocds-dgv273-seacev3-1189491-2026-05-02T10:08:41.882387-05:00,1189491,21206036,30111505,Hormigón premezclado,UNSPSC
ocds-dgv273-seacev3-1190859,ocds-dgv273-seacev3-1190859-2026-05-02T10:08:41.580425-05:00,1190859,21210122,72151903,Servicios de albañilería,UNSPSC
ocds-dgv273-seacev3-1201108,ocds-dgv273-seacev3-1201108-2026-05-02T10:08:40.414961-05:00,1201108,21236790,81101515,Ingeniería de infraestructura de plantas o instalaciones,UNSPSC
ocds-dgv273-seacev3-2026-10248-63,ocds-dgv273-seacev3-2026-10248-63-2026-05-02T10:08:40.192333-05:00,1190811,21210168,81111805,Mantenimiento o soporte de sistemas propietarios o con licencia,UNSPSC
ocds-dgv273-seacev3-1191772,ocds-dgv273-seacev3-1191772-2026-05-02T10:08:40.153914-05:00,1191772,21212158,47131811,"Productos de lavandería (Cloro, Detergente, Suavizante)",UNSPSC
ocds-dgv273-seacev3-2026-1334-6,ocds-dgv273-seacev3-2026-1334-6-2026-05-02T10:08:39.922436-05:00,1188954,21204873,25101601,Camiones volquete,UNSPSC
ocds-dgv273-seacev3-1188524,ocds-dgv273-seacev3-1188524-2026-05-02T10:08:39.197022-05:00,1188524,21203804,81101508,Ingeniería arquitectónica,UNSPSC
ocds-dgv273-seacev3-1188515,ocds-dgv273-seacev3-1188515-2026-05-02T10:08:39.186103-05:00,1188515,21203758,72141001,Servicios de construcción de pistas y carreteras nuevas,UNSPSC
ocds-dgv273-seacev3-1192235,ocds-dgv273-seacev3-1192235-2026-05-02T10:08:33.344336-05:00,1192235,21213543,72141701,Servicio de arrendamiento o alquiler de maquinaria de construcción,UNSPSC
ocds-dgv273-seacev3-2026-10561-22,ocds-dgv273-seacev3-2026-10561-22-2026-05-02T10:08:32.512104-05:00,1191935,21212544,92101501,Servicios de vigilancia,UNSPSC
ocds-dgv273-seacev3-1189247,ocds-dgv273-seacev3-1189247-2026-05-02T10:08:32.333071-05:00,1189247,21205446,50192703,Comidas combinadas estables sin refrigerar,UNSPSC
ocds-dgv273-seacev3-1189247,ocds-dgv273-seacev3-1189247-2026-05-02T10:08:32.333071-05:00,1189247,21205425,50192703,Comidas combinadas estables sin refrigerar,UNSPSC
ocds-dgv273-seacev3-1191665,ocds-dgv273-seacev3-1191665-2026-05-02T10:08:28.491075-05:00,1191665,21211812,81101508,Ingeniería arquitectónica,UNSPSC
ocds-dgv273-seacev3-1188603,ocds-dgv273-seacev3-1188603-2026-05-02T10:08:27.893329-05:00,1188603,21204044,72121203,Servicios de construcción de silos y de edificaciones para servicio agrícola,UNSPSC
ocds-dgv273-seacev3-1190851,ocds-dgv273-seacev3-1190851-2026-05-02T10:08:23.190163-05:00,1190851,21210088,15101505,Diesel,UNSPSC
ocds-dgv273-seacev3-2026-1942-14,ocds-dgv273-seacev3-2026-1942-14-2026-05-02T10:08:21.657967-05:00,1192061,21212710,81101508,Ingeniería arquitectónica,UNSPSC
ocds-dgv273-seacev3-1190441,ocds-dgv273-seacev3-1190441-2026-05-02T10:08:19.619131-05:00,1190441,21208934,72153102,Servicios de construcción de campos deportivos interiores,UNSPSC
ocds-dgv273-seacev3-2026-200302-4,ocds-dgv273-seacev3-2026-200302-4-2026-05-02T10:08:19.502698-05:00,1188983,21204776,91111603,Servicios de cocina o preparación de comidas,UNSPSC
ocds-dgv273-seacev3-1190008,ocds-dgv273-seacev3-1190008-2026-05-02T10:08:14.819791-05:00,1190008,21207616,78101501,Transporte de carga aérea nacional,UNSPSC
ocds-dgv273-seacev3-2026-714-1,ocds-dgv273-seacev3-2026-714-1-2026-05-02T10:08:13.398139-05:00,1191133,21210580,81101505,Ingeniería estructural,UNSPSC
ocds-dgv273-seacev3-2026-20002-20,ocds-dgv273-seacev3-2026-20002-20-2026-05-02T10:08:13.169530-05:00,1190108,21207825,42271701,Cilindros de gas médicos o dispositivos relacionados,UNSPSC
ocds-dgv273-seacev3-1188158,ocds-dgv273-seacev3-1188158-2026-05-02T10:08:12.847170-05:00,1188158,21202754,72141003,Servicios de mantenimiento de pistas y carreteras,UNSPSC
ocds-dgv273-seacev3-2026-10550-2,ocds-dgv273-seacev3-2026-10550-2-2026-05-02T10:08:11.499636-05:00,1191157,21210665,83121703,Servicios relacionados con Internet,UNSPSC
ocds-dgv273-seacev3-1189341,ocds-dgv273-seacev3-1189341-2026-05-02T10:08:11.139798-05:00,1189341,21205625,27112005,Hachas,UNSPSC
ocds-dgv273-seacev3-1186815,ocds-dgv273-seacev3-1186815-2026-05-02T10:08:09.553320-05:00,1186815,21198040,81101515,Ingeniería de infraestructura de plantas o instalaciones,UNSPSC
ocds-dgv273-seacev3-1186393,ocds-dgv273-seacev3-1186393-2026-05-02T10:08:09.535688-05:00,1186393,21199956,15101505,Diesel,UNSPSC
ocds-dgv273-seacev3-1186393,ocds-dgv273-seacev3-1186393-2026-05-02T10:08:09.535688-05:00,1186393,21199955,15101505,Diesel,UNSPSC
ocds-dgv273-seacev3-1187999,ocds-dgv273-seacev3-1187999-2026-05-02T10:08:09.445612-05:00,1187999,21202640,30151501,Techado prearmado,UNSPSC
ocds-dgv273-seacev3-1187396,ocds-dgv273-seacev3-1187396-2026-05-02T10:08:09.164002-05:00,1187396,21201183,72141213,Servicios de construcción de vías fluviales,UNSPSC
ocds-dgv273-seacev3-2026-200514-1,ocds-dgv273-seacev3-2026-200514-1-2026-05-01T10:34:12.868639-05:00,1190066,21207787,92101501,Servicios de vigilancia,UNSPSC
ocds-dgv273-seacev3-2026-374-94,ocds-dgv273-seacev3-2026-374-94-2026-05-01T10:34:12.830179-05:00,1191311,21211032,39111609,Poste de iluminación o poste y hardware,UNSPSC
ocds-dgv273-seacev3-2026-990-1,ocds-dgv273-seacev3-2026-990-1-2026-05-01T10:34:11.172335-05:00,1189748,21206590,50192109,"Papas fritas en hojuelas y al hilo, mix de bocaditos o galletas saladas",UNSPSC
ocds-dgv273-seacev3-2026-990-1,ocds-dgv273-seacev3-2026-990-1-2026-05-01T10:34:11.172335-05:00,1189748,21206591,50131702,Leche o productos de mantequilla estables sin refrigerar,UNSPSC
ocds-dgv273-seacev3-1190161,ocds-dgv273-seacev3-1190161-2026-05-01T10:34:08.277490-05:00,1190161,21208200,72141107,Servicios de construcción y reparación de puentes,UNSPSC
ocds-dgv273-seacev3-1189759,ocds-dgv273-seacev3-1189759-2026-05-01T10:34:07.692486-05:00,1189759,21206791,72141107,Servicios de construcción y reparación de puentes,UNSPSC
ocds-dgv273-seacev3-2026-505-8,ocds-dgv273-seacev3-2026-505-8-2026-05-01T10:34:07.239883-05:00,1187295,21200863,50101716,Nueces y semillas enteras,UNSPSC
ocds-dgv273-seacev3-2026-505-8,ocds-dgv273-seacev3-2026-505-8-2026-05-01T10:34:07.239883-05:00,1187295,21200864,50221101,Granos de cereal,UNSPSC
ocds-dgv273-seacev3-2026-505-8,ocds-dgv273-seacev3-2026-505-8-2026-05-01T10:34:07.239883-05:00,1187295,21200865,50131702,Leche o productos de mantequilla estables sin refrigerar,UNSPSC
ocds-dgv273-seacev3-1188672,ocds-dgv273-seacev3-1188672-2026-05-01T10:34:07.218383-05:00,1188672,21204187,72141107,Servicios de construcción y reparación de puentes,UNSPSC
ocds-dgv273-seacev3-1191474,ocds-dgv273-seacev3-1191474-2026-05-01T10:33:59.277405-05:00,1191474,21211463,82151504,Servicios de escultores,UNSPSC
ocds-dgv273-seacev3-2026-20003-3,ocds-dgv273-seacev3-2026-20003-3-2026-05-01T10:33:57.559411-05:00,1191158,21210630,78101802,Servicios de transporte regional o nacional en camión,UNSPSC
ocds-dgv273-seacev3-2026-200206-2,ocds-dgv273-seacev3-2026-200206-2-2026-05-01T10:33:56.288766-05:00,1187420,21201196,50201706,Café,UNSPSC
ocds-dgv273-seacev3-2026-231-1,ocds-dgv273-seacev3-2026-231-1-2026-05-01T10:33:56.071181-05:00,1186528,21200155,72121101,Servicios de construcción de nuevos edificios comerciales y de oficinas,UNSPSC
ocds-dgv273-seacev3-1189690,ocds-dgv273-seacev3-1189690-2026-05-01T10:33:38.571161-05:00,1189690,21206508,85101503,Servicio para administrar consultorios médicos,UNSPSC
ocds-dgv273-seacev3-1189690,ocds-dgv273-seacev3-1189690-2026-05-01T10:33:38.571161-05:00,1189690,21206520,85101503,Servicio para administrar consultorios médicos,UNSPSC
ocds-dgv273-seacev3-1189690,ocds-dgv273-seacev3-1189690-2026-05-01T10:33:38.571161-05:00,1189690,21206519,85101503,Servicio para administrar consultorios médicos,UNSPSC
ocds-dgv273-seacev3-1186571,ocds-dgv273-seacev3-1186571-2026-05-01T10:33:33.954959-05:00,1186571,21200194,85161502,Mantenimiento o reparación de equipo médico menor,UNSPSC
ocds-dgv273-seacev3-1199631,ocds-dgv273-seacev3-1199631-2026-05-01T10:33:28.181816-05:00,1199631,21232248,83121703,Servicios relacionados con Internet,UNSPSC
ocds-dgv273-seacev3-2026-49-105,ocds-dgv273-seacev3-2026-49-105-2026-05-01T10:33:16.450266-05:00,1190626,21209438,42296213,Simuladores robotizados quirúrgicos o consolas de entrenamiento,UNSPSC
ocds-dgv273-seacev3-2026-853-3,ocds-dgv273-seacev3-2026-853-3-2026-05-01T10:33:15.676565-05:00,1189526,21206118,30111601,Cemento,UNSPSC
ocds-dgv273-seacev3-1203891,ocds-dgv273-seacev3-1203891-2026-05-01T10:33:15.399076-05:00,1203891,21245567,50161509,Azúcares naturales o productos edulcorantes,UNSPSC
ocds-dgv273-seacev3-2026-234-3,ocds-dgv273-seacev3-2026-234-3-2026-05-01T10:33:14.382964-05:00,1189177,21205198,50192109,"Papas fritas en hojuelas y al hilo, mix de bocaditos o galletas saladas",UNSPSC
ocds-dgv273-seacev3-1189604,ocds-dgv273-seacev3-1189604-2026-05-01T10:33:12.946362-05:00,1189604,21206305,25101601,Camiones volquete,UNSPSC
ocds-dgv273-seacev3-1190449,ocds-dgv273-seacev3-1190449-2026-05-01T10:33:06.549301-05:00,1190449,21209007,72153102,Servicios de construcción de campos deportivos interiores,UNSPSC
ocds-dgv273-seacev3-1188037,ocds-dgv273-seacev3-1188037-2026-05-01T10:33:00.904495-05:00,1188037,21203045,15101505,Diesel,UNSPSC
ocds-dgv273-seacev3-2026-1034-10,ocds-dgv273-seacev3-2026-1034-10-2026-05-01T10:33:00.717663-05:00,1185981,21199509,78141804,Administración de instalación terminal de carga,UNSPSC
ocds-dgv273-seacev3-1203007,ocds-dgv273-seacev3-1203007-2026-04-30T10:19:53.251645-05:00,1203007,21243441,72121103,Servicios de renovación y reparación de edificios comerciales y de oficinas,UNSPSC
ocds-dgv273-seacev3-2026-80812-1,ocds-dgv273-seacev3-2026-80812-1-2026-04-30T10:19:50.440488-05:00,1190686,21209758,15101505,Diesel,UNSPSC
ocds-dgv273-seacev3-2026-80812-1,ocds-dgv273-seacev3-2026-80812-1-2026-04-30T10:19:50.440488-05:00,1190686,21209759,15101506,Gasolina o Petróleo,UNSPSC
ocds-dgv273-seacev3-2026-289-3,ocds-dgv273-seacev3-2026-289-3-2026-04-30T10:19:49.991048-05:00,1190641,21209459,72141121,Servicios de construcción de tuberías principales de agua,UNSPSC
ocds-dgv273-seacev3-1191786,ocds-dgv273-seacev3-1191786-2026-04-30T10:19:49.016370-05:00,1191786,21212201,72141003,Servicios de mantenimiento de pistas y carreteras,UNSPSC
ocds-dgv273-seacev3-2026-23-1,ocds-dgv273-seacev3-2026-23-1-2026-04-30T10:19:47.749188-05:00,1191527,21211483,50202301,Agua,UNSPSC
ocds-dgv273-seacev3-1189355,ocds-dgv273-seacev3-1189355-2026-04-30T10:19:47.508458-05:00,1189355,21205624,72154022,Servicios de instalación y mantenimiento de equipos hidráulicos,UNSPSC
ocds-dgv273-seacev3-2026-10427-1,ocds-dgv273-seacev3-2026-10427-1-2026-04-30T10:19:47.173855-05:00,1188446,21203524,72141003,Servicios de mantenimiento de pistas y carreteras,UNSPSC
ocds-dgv273-seacev3-2026-855-2,ocds-dgv273-seacev3-2026-855-2-2026-04-30T10:19:46.602599-05:00,1190540,21209115,30111601,Cemento,UNSPSC
ocds-dgv273-seacev3-2026-10427-8,ocds-dgv273-seacev3-2026-10427-8-2026-04-30T10:19:45.842311-05:00,1190512,21209098,72141003,Servicios de mantenimiento de pistas y carreteras,UNSPSC
ocds-dgv273-seacev3-2026-10427-3,ocds-dgv273-seacev3-2026-10427-3-2026-04-30T10:19:45.622159-05:00,1190507,21209093,72141003,Servicios de mantenimiento de pistas y carreteras,UNSPSC
ocds-dgv273-seacev3-2026-1689-4,ocds-dgv273-seacev3-2026-1689-4-2026-04-30T10:19:45.550635-05:00,1191490,21211469,72141001,Servicios de construcción de pistas y carreteras nuevas,UNSPSC
ocds-dgv273-seacev3-1189001,ocds-dgv273-seacev3-1189001-2026-04-30T10:19:44.856587-05:00,1189001,21204762,42272501,Aparatos de anestesia con gas,UNSPSC
ocds-dgv273-seacev3-1189001,ocds-dgv273-seacev3-1189001-2026-04-30T10:19:44.856587-05:00,1189001,21204763,42295112,Mesas de procedimiento de la sala de operaciones o accesorios o productos relacionados,UNSPSC
ocds-dgv273-seacev3-1189001,ocds-dgv273-seacev3-1189001-2026-04-30T10:19:44.856587-05:00,1189001,21204764,42295112,Mesas de procedimiento de la sala de operaciones o accesorios o productos relacionados,UNSPSC
ocds-dgv273-seacev3-1189001,ocds-dgv273-seacev3-1189001-2026-04-30T10:19:44.856587-05:00,1189001,21204765,42295104,Equipo electroquirúrgico o electrocauterio,UNSPSC
ocds-dgv273-seacev3-1189001,ocds-dgv273-seacev3-1189001-2026-04-30T10:19:44.856587-05:00,1189001,21204766,42295121,Microscopios o magnificadores quirúrgicos o accesorios,UNSPSC
ocds-dgv273-seacev3-1189001,ocds-dgv273-seacev3-1189001-2026-04-30T10:19:44.856587-05:00,1189001,21204767,42295121,Microscopios o magnificadores quirúrgicos o accesorios,UNSPSC
ocds-dgv273-seacev3-1187743,ocds-dgv273-seacev3-1187743-2026-04-30T10:19:43.617136-05:00,1187743,21201731,85101503,Servicio para administrar consultorios médicos,UNSPSC
ocds-dgv273-seacev3-1199557,ocds-dgv273-seacev3-1199557-2026-04-30T10:19:39.672162-05:00,1199557,21232298,78111808,Alquiler de vehículos,UNSPSC
ocds-dgv273-seacev3-1191049,ocds-dgv273-seacev3-1191049-2026-04-30T10:19:39.435776-05:00,1191049,21210447,80131505,Servicio de alquiler de oficina modular o portátil,UNSPSC
ocds-dgv273-seacev3-2026-10427-5,ocds-dgv273-seacev3-2026-10427-5-2026-04-30T10:19:36.745025-05:00,1190509,21209095,72141003,Servicios de mantenimiento de pistas y carreteras,UNSPSC
ocds-dgv273-seacev3-1190939,ocds-dgv273-seacev3-1190939-2026-04-30T10:19:36.587183-05:00,1190939,21210221,72141003,Servicios de mantenimiento de pistas y carreteras,UNSPSC
ocds-dgv273-seacev3-1189542,ocds-dgv273-seacev3-1189542-2026-04-30T10:19:36.571433-05:00,1189542,21206199,72103302,Mantenimiento o soporte de equipos de telecomunicaciones,UNSPSC
ocds-dgv273-seacev3-1188652,ocds-dgv273-seacev3-1188652-2026-04-30T10:19:34.314584-05:00,1188652,21204125,30111601,Cemento,UNSPSC
ocds-dgv273-seacev3-1186111,ocds-dgv273-seacev3-1186111-2026-04-30T10:19:34.206761-05:00,1186111,21199627,72154032,"Servicios de instalación y reparación de ventanas, puertas y paneles divisorios",UNSPSC
ocds-dgv273-seacev3-2026-10427-4,ocds-dgv273-seacev3-2026-10427-4-2026-04-30T10:19:28.106297-05:00,1190508,21209094,72141003,Servicios de mantenimiento de pistas y carreteras,UNSPSC
ocds-dgv273-seacev3-1198554,ocds-dgv273-seacev3-1198554-2026-04-30T10:19:25.956494-05:00,1198554,21228867,81101515,Ingeniería de infraestructura de plantas o instalaciones,UNSPSC
ocds-dgv273-seacev3-1188522,ocds-dgv273-seacev3-1188522-2026-04-30T10:19:25.001252-05:00,1188522,21203887,42272501,Aparatos de anestesia con gas,UNSPSC
ocds-dgv273-seacev3-1192125,ocds-dgv273-seacev3-1192125-2026-04-30T10:19:24.568166-05:00,1192125,21213415,53102902,Ropa deportiva para caballero,UNSPSC
ocds-dgv273-seacev3-2026-251427-2,ocds-dgv273-seacev3-2026-251427-2-2026-04-30T10:19:23.800140-05:00,1188292,21203307,85121803,Servicios de laboratorios biológicos,UNSPSC
ocds-dgv273-seacev3-2026-2432-15,ocds-dgv273-seacev3-2026-2432-15-2026-04-30T10:19:23.419316-05:00,1185692,21197135,78111804,Servicios de taxi,UNSPSC
ocds-dgv273-seacev3-2026-10505-2,ocds-dgv273-seacev3-2026-10505-2-2026-04-30T10:19:23.273974-05:00,1187520,21201363,91111603,Servicios de cocina o preparación de comidas,UNSPSC
ocds-dgv273-seacev3-2026-14-5,ocds-dgv273-seacev3-2026-14-5-2026-04-30T10:19:17.382547-05:00,1188753,21204360,85121803,Servicios de laboratorios biológicos,UNSPSC
ocds-dgv273-seacev3-2026-961-1,ocds-dgv273-seacev3-2026-961-1-2026-04-30T10:19:17.231353-05:00,1189685,21206479,50192109,"Papas fritas en hojuelas y al hilo, mix de bocaditos o galletas saladas",UNSPSC
ocds-dgv273-seacev3-2026-961-1,ocds-dgv273-seacev3-2026-961-1-2026-04-30T10:19:17.231353-05:00,1189685,21206478,50131702,Leche o productos de mantequilla estables sin refrigerar,UNSPSC
ocds-dgv273-seacev3-1190628,ocds-dgv273-seacev3-1190628-2026-04-30T10:19:16.735133-05:00,1190628,21209441,30181801,Cabezal de la ducha,UNSPSC
ocds-dgv273-seacev3-1190667,ocds-dgv273-seacev3-1190667-2026-04-30T10:19:14.732981-05:00,1190667,21209770,51101597,Mupirocina,UNSPSC
ocds-dgv273-seacev3-1190667,ocds-dgv273-seacev3-1190667-2026-04-30T10:19:14.732981-05:00,1190667,21209765,51102899,Amoxicilina y sus combinaciones,UNSPSC
ocds-dgv273-seacev3-1190667,ocds-dgv273-seacev3-1190667-2026-04-30T10:19:14.732981-05:00,1190667,21209766,51171605,Lactulosa,UNSPSC
ocds-dgv273-seacev3-1190667,ocds-dgv273-seacev3-1190667-2026-04-30T10:19:14.732981-05:00,1190667,21209767,51171707,Subsalicilato de bismuto,UNSPSC
ocds-dgv273-seacev3-1190667,ocds-dgv273-seacev3-1190667-2026-04-30T10:19:14.732981-05:00,1190667,21209769,51181740,Dexametasona fosfato sódico,UNSPSC
ocds-dgv273-seacev3-1190667,ocds-dgv273-seacev3-1190667-2026-04-30T10:19:14.732981-05:00,1190667,21209768,51472802,Gluconato de clorhexidina,UNSPSC
ocds-dgv273-seacev3-2026-200441-8,ocds-dgv273-seacev3-2026-200441-8-2026-04-30T10:19:11.991137-05:00,1187014,21198200,92101501,Servicios de vigilancia,UNSPSC
ocds-dgv273-seacev3-1189647,ocds-dgv273-seacev3-1189647-2026-04-30T10:19:06.938759-05:00,1189647,21206428,25101703,Ambulancias,UNSPSC
ocds-dgv273-seacev3-1191694,ocds-dgv273-seacev3-1191694-2026-04-30T10:19:06.464327-05:00,1191694,21211857,72141003,Servicios de mantenimiento de pistas y carreteras,UNSPSC
ocds-dgv273-seacev3-1201788,ocds-dgv273-seacev3-1201788-2026-04-30T10:19:05.237517-05:00,1201788,21238786,81101510,Ingeniería de carreteras,UNSPSC
ocds-dgv273-seacev3-1189387,ocds-dgv273-seacev3-1189387-2026-04-30T10:19:02.157551-05:00,1189387,21205689,80131502,Alquiler de instalaciones comerciales o industriales,UNSPSC
ocds-dgv273-seacev3-1191692,ocds-dgv273-seacev3-1191692-2026-04-30T10:19:01.623973-05:00,1191692,21211822,72141003,Servicios de mantenimiento de pistas y carreteras,UNSPSC
ocds-dgv273-seacev3-2026-1485-3,ocds-dgv273-seacev3-2026-1485-3-2026-04-30T10:19:01.191348-05:00,1187347,21201139,30111601,Cemento,UNSPSC
ocds-dgv273-seacev3-2026-751-6,ocds-dgv273-seacev3-2026-751-6-2026-04-30T10:19:01.089111-05:00,1188119,21202722,15101506,Gasolina o Petróleo,UNSPSC
ocds-dgv273-seacev3-2026-958-2,ocds-dgv273-seacev3-2026-958-2-2026-04-30T10:19:00.849071-05:00,1187746,21201734,15101505,Diesel,UNSPSC
ocds-dgv273-seacev3-2026-958-2,ocds-dgv273-seacev3-2026-958-2-2026-04-30T10:19:00.849071-05:00,1187746,21201735,15101506,Gasolina o Petróleo,UNSPSC
ocds-dgv273-seacev3-1186933,ocds-dgv273-seacev3-1186933-2026-04-30T10:19:00.833579-05:00,1186933,21200489,60102704,Set de actividades o juegos con bloques,UNSPSC
ocds-dgv273-seacev3-1191810,ocds-dgv273-seacev3-1191810-2026-04-30T10:18:56.763091-05:00,1191810,21212294,81101508,Ingeniería arquitectónica,UNSPSC
ocds-dgv273-seacev3-1189509,ocds-dgv273-seacev3-1189509-2026-04-30T10:18:56.449724-05:00,1189509,21206114,81112006,Servicio de almacenamiento de datos,UNSPSC
ocds-dgv273-seacev3-1191034,ocds-dgv273-seacev3-1191034-2026-04-30T10:18:53.030805-05:00,1191034,21210425,91111603,Servicios de cocina o preparación de comidas,UNSPSC
ocds-dgv273-seacev3-2026-10427-7,ocds-dgv273-seacev3-2026-10427-7-2026-04-30T10:18:51.774589-05:00,1190511,21209097,72141003,Servicios de mantenimiento de pistas y carreteras,UNSPSC
ocds-dgv273-seacev3-1186581,ocds-dgv273-seacev3-1186581-2026-04-30T10:18:50.952380-05:00,1186581,21200212,72121406,Servicios de construcción de escuelas,UNSPSC
ocds-dgv273-seacev3-1186141,ocds-dgv273-seacev3-1186141-2026-04-30T10:18:50.825563-05:00,1186141,21197516,72153102,Servicios de construcción de campos deportivos interiores,UNSPSC
ocds-dgv273-seacev3-2026-870-2,ocds-dgv273-seacev3-2026-870-2-2026-04-30T10:18:45.545369-05:00,1189131,21205087,72141001,Servicios de construcción de pistas y carreteras nuevas,UNSPSC
ocds-dgv273-seacev3-1191181,ocds-dgv273-seacev3-1191181-2026-04-30T10:18:43.264263-05:00,1191181,21210668,90121502,Agencias de viajes,UNSPSC
ocds-dgv273-seacev3-1200977,ocds-dgv273-seacev3-1200977-2026-04-30T10:18:43.214829-05:00,1200977,21236504,50221101,Granos de cereal,UNSPSC
ocds-dgv273-seacev3-1200977,ocds-dgv273-seacev3-1200977-2026-04-30T10:18:43.214829-05:00,1200977,21236503,50131702,Leche o productos de mantequilla estables sin refrigerar,UNSPSC
ocds-dgv273-seacev3-2026-10427-10,ocds-dgv273-seacev3-2026-10427-10-2026-04-30T10:18:41.146700-05:00,1190513,21209099,72141003,Servicios de mantenimiento de pistas y carreteras,UNSPSC
ocds-dgv273-seacev3-1191402,ocds-dgv273-seacev3-1191402-2026-04-30T10:18:41.110221-05:00,1191402,21211375,72141213,Servicios de construcción de vías fluviales,UNSPSC
ocds-dgv273-seacev3-2026-1160-4,ocds-dgv273-seacev3-2026-1160-4-2026-04-30T10:18:40.456814-05:00,1192013,21212698,15101505,Diesel,UNSPSC
ocds-dgv273-seacev3-2026-1160-4,ocds-dgv273-seacev3-2026-1160-4-2026-04-30T10:18:40.456814-05:00,1192013,21212697,15101506,Gasolina o Petróleo,UNSPSC
ocds-dgv273-seacev3-2026-21-30,ocds-dgv273-seacev3-2026-21-30-2026-04-29T10:19:06.016300-05:00,1192080,21213135,72101511,Servicio de reparación o mantenimiento o instalación de aire acondicionado,UNSPSC
ocds-dgv273-seacev3-1186075,ocds-dgv273-seacev3-1186075-2026-04-29T10:19:03.831647-05:00,1186075,21199618,23141605,Prensadoras de cuero,UNSPSC
ocds-dgv273-seacev3-1188605,ocds-dgv273-seacev3-1188605-2026-04-29T10:18:59.528227-05:00,1188605,21204045,80121609,Servicios de investigación legal,UNSPSC
ocds-dgv273-seacev3-2026-677-1,ocds-dgv273-seacev3-2026-677-1-2026-04-29T10:18:54.771186-05:00,1189285,21205534,50192109,"Papas fritas en hojuelas y al hilo, mix de bocaditos o galletas saladas",UNSPSC
ocds-dgv273-seacev3-1191851,ocds-dgv273-seacev3-1191851-2026-04-29T10:18:49.263878-05:00,1191851,21212227,30111505,Hormigón premezclado,UNSPSC
ocds-dgv273-seacev3-1191719,ocds-dgv273-seacev3-1191719-2026-04-29T10:18:49.098889-05:00,1191719,21211890,72121406,Servicios de construcción de escuelas,UNSPSC
ocds-dgv273-seacev3-1190036,ocds-dgv273-seacev3-1190036-2026-04-29T10:18:48.389551-05:00,1190036,21207761,15101505,Diesel,UNSPSC
ocds-dgv273-seacev3-1190036,ocds-dgv273-seacev3-1190036-2026-04-29T10:18:48.389551-05:00,1190036,21207760,15101506,Gasolina o Petróleo,UNSPSC
ocds-dgv273-seacev3-1192039,ocds-dgv273-seacev3-1192039-2026-04-29T10:18:45.656532-05:00,1192039,21212701,15111510,Gas de petróleo licuefactado,UNSPSC
ocds-dgv273-seacev3-2026-270-39,ocds-dgv273-seacev3-2026-270-39-2026-04-29T10:18:42.950911-05:00,1187052,21198230,72153102,Servicios de construcción de campos deportivos interiores,UNSPSC
ocds-dgv273-seacev3-1195781,ocds-dgv273-seacev3-1195781-2026-04-29T10:18:34.572227-05:00,1195781,21222412,53102799,Uniformes,UNSPSC
ocds-dgv273-seacev3-1189645,ocds-dgv273-seacev3-1189645-2026-04-29T10:18:34.551390-05:00,1189645,21206420,30111601,Cemento,UNSPSC
ocds-dgv273-seacev3-1188826,ocds-dgv273-seacev3-1188826-2026-04-29T10:18:33.473700-05:00,1188826,21204451,50111515,Pollo mínimamente procesado sin aditivos,UNSPSC
ocds-dgv273-seacev3-2026-10483-2,ocds-dgv273-seacev3-2026-10483-2-2026-04-29T10:18:27.956915-05:00,1188617,21204098,50111513,Carne de res mínimamente procesada sin aditivos,UNSPSC
ocds-dgv273-seacev3-1204842,ocds-dgv273-seacev3-1204842-2026-04-29T10:18:17.892813-05:00,1204842,21247650,78111808,Alquiler de vehículos,UNSPSC
ocds-dgv273-seacev3-1186176,ocds-dgv273-seacev3-1186176-2026-04-29T10:18:12.557918-05:00,1186176,21197568,70141707,Manejo de sistemas de cultivo agrícola,UNSPSC
ocds-dgv273-seacev3-1190889,ocds-dgv273-seacev3-1190889-2026-04-29T10:18:06.529254-05:00,1190889,21210181,25101801,Motocicletas,UNSPSC
ocds-dgv273-seacev3-1189365,ocds-dgv273-seacev3-1189365-2026-04-29T10:18:06.393147-05:00,1189365,21205690,72121101,Servicios de construcción de nuevos edificios comerciales y de oficinas,UNSPSC
ocds-dgv273-seacev3-1190531,ocds-dgv273-seacev3-1190531-2026-04-29T10:18:05.270472-05:00,1190531,21209143,41111808,Equipo de examinación radiográfica por rayos X,UNSPSC
ocds-dgv273-seacev3-2026-200454-1,ocds-dgv273-seacev3-2026-200454-1-2026-04-29T10:18:04.990446-05:00,1188592,21204007,91111603,Servicios de cocina o preparación de comidas,UNSPSC
ocds-dgv273-seacev3-1192072,ocds-dgv273-seacev3-1192072-2026-04-28T10:07:26.301805-05:00,1192072,21212765,10101518,Alpaca,UNSPSC
ocds-dgv273-seacev3-1186184,ocds-dgv273-seacev3-1186184-2026-04-27T10:00:30.871248-05:00,1186184,21199678,70141707,Manejo de sistemas de cultivo agrícola,UNSPSC
ocds-dgv273-seacev3-2026-209149-5,ocds-dgv273-seacev3-2026-209149-5-2026-04-26T10:13:44.469343-05:00,1209234,21252355,81111805,Mantenimiento o soporte de sistemas propietarios o con licencia,UNSPSC
ocds-dgv273-seacev3-2026-209149-5,ocds-dgv273-seacev3-2026-209149-5-2026-04-26T10:13:44.469343-05:00,1209234,21258867,81111805,Mantenimiento o soporte de sistemas propietarios o con licencia,UNSPSC
ocds-dgv273-seacev3-1191825,ocds-dgv273-seacev3-1191825-2026-04-26T10:13:44.134317-05:00,1191825,21212335,81111602,Programación de Java,UNSPSC
ocds-dgv273-seacev3-2026-397-11,ocds-dgv273-seacev3-2026-397-11-2026-04-26T10:13:38.009699-05:00,1188577,21204066,53131609,Productos para la protección contra el sol,UNSPSC
ocds-dgv273-seacev3-2026-2600-8,ocds-dgv273-seacev3-2026-2600-8-2026-04-26T10:13:36.063059-05:00,1191569,21211620,81112102,Proveedor de servicio de correo electrónico,UNSPSC
ocds-dgv273-seacev3-1191520,ocds-dgv273-seacev3-1191520-2026-04-26T10:13:34.094421-05:00,1191520,21211475,15101505,Diesel,UNSPSC
ocds-dgv273-seacev3-2026-343-2,ocds-dgv273-seacev3-2026-343-2-2026-04-26T10:13:30.314140-05:00,1187124,21198286,72141701,Servicio de arrendamiento o alquiler de maquinaria de construcción,UNSPSC
ocds-dgv273-seacev3-1186862,ocds-dgv273-seacev3-1186862-2026-04-26T10:13:29.958661-05:00,1186862,21198083,72141003,Servicios de mantenimiento de pistas y carreteras,UNSPSC
ocds-dgv273-seacev3-2026-912-2,ocds-dgv273-seacev3-2026-912-2-2026-04-26T10:13:29.899027-05:00,1187067,21200639,50131702,Leche o productos de mantequilla estables sin refrigerar,UNSPSC
ocds-dgv273-seacev3-2026-1628-4,ocds-dgv273-seacev3-2026-1628-4-2026-04-26T10:13:29.881549-05:00,1185195,21198555,53102799,Uniformes,UNSPSC
ocds-dgv273-seacev3-1189915,ocds-dgv273-seacev3-1189915-2026-04-26T10:13:25.366486-05:00,1189915,21207414,80101601,Estudios de factibilidad o evaluación de ideas de proyectos,UNSPSC
ocds-dgv273-seacev3-1191445,ocds-dgv273-seacev3-1191445-2026-04-26T10:13:24.189014-05:00,1191445,21211392,43221705,Equipo de acceso de radio,UNSPSC
ocds-dgv273-seacev3-1187864,ocds-dgv273-seacev3-1187864-2026-04-26T10:13:19.135557-05:00,1187864,21202149,81101510,Ingeniería de carreteras,UNSPSC
ocds-dgv273-seacev3-1184858,ocds-dgv273-seacev3-1184858-2026-04-26T10:13:18.562047-05:00,1184858,21195679,72141121,Servicios de construcción de tuberías principales de agua,UNSPSC
ocds-dgv273-seacev3-1190160,ocds-dgv273-seacev3-1190160-2026-04-26T10:13:15.816018-05:00,1190160,21208199,78102203,"Servicios de envío, recojo o entrega de correspondencia",UNSPSC
ocds-dgv273-seacev3-1190049,ocds-dgv273-seacev3-1190049-2026-04-26T10:13:15.539851-05:00,1190049,21207919,80131502,Alquiler de instalaciones comerciales o industriales,UNSPSC
ocds-dgv273-seacev3-1190527,ocds-dgv273-seacev3-1190527-2026-04-26T10:13:14.331941-05:00,1190527,21209137,95101901,Granja,UNSPSC
ocds-dgv273-seacev3-1191908,ocds-dgv273-seacev3-1191908-2026-04-26T10:13:14.050826-05:00,1191908,21212498,85101503,Servicio para administrar consultorios médicos,UNSPSC
ocds-dgv273-seacev3-1191908,ocds-dgv273-seacev3-1191908-2026-04-26T10:13:14.050826-05:00,1191908,21212497,85101503,Servicio para administrar consultorios médicos,UNSPSC
ocds-dgv273-seacev3-1191908,ocds-dgv273-seacev3-1191908-2026-04-26T10:13:14.050826-05:00,1191908,21212496,85101503,Servicio para administrar consultorios médicos,UNSPSC
ocds-dgv273-seacev3-1191908,ocds-dgv273-seacev3-1191908-2026-04-26T10:13:14.050826-05:00,1191908,21212495,85101503,Servicio para administrar consultorios médicos,UNSPSC
ocds-dgv273-seacev3-1191908,ocds-dgv273-seacev3-1191908-2026-04-26T10:13:14.050826-05:00,1191908,21212494,85101503,Servicio para administrar consultorios médicos,UNSPSC
ocds-dgv273-seacev3-2026-248315-2,ocds-dgv273-seacev3-2026-248315-2-2026-04-26T10:13:11.661588-05:00,1189993,21207613,31163401,Gavión,UNSPSC
ocds-dgv273-seacev3-1188003,ocds-dgv273-seacev3-1188003-2026-04-26T10:13:11.185793-05:00,1188003,21203161,84131512,Seguro de equipos electrónicos,UNSPSC
ocds-dgv273-seacev3-2026-167507-10,ocds-dgv273-seacev3-2026-167507-10-2026-04-26T10:13:10.944442-05:00,1187452,21201053,41113309,Analizadores de enzimas,UNSPSC
ocds-dgv273-seacev3-1191480,ocds-dgv273-seacev3-1191480-2026-04-26T10:13:06.992812-05:00,1191480,21211431,80131502,Alquiler de instalaciones comerciales o industriales,UNSPSC
ocds-dgv273-seacev3-1191494,ocds-dgv273-seacev3-1191494-2026-04-26T10:13:06.387910-05:00,1191494,21211464,93151507,Servicios o procedimientos administrativos,UNSPSC
ocds-dgv273-seacev3-1190768,ocds-dgv273-seacev3-1190768-2026-04-26T10:13:04.907097-05:00,1190768,21209838,82101802,Servicio de producción de publicidad,UNSPSC
ocds-dgv273-seacev3-1189987,ocds-dgv273-seacev3-1189987-2026-04-26T10:13:04.758740-05:00,1189987,21207584,78111808,Alquiler de vehículos,UNSPSC
ocds-dgv273-seacev3-2026-10141-21,ocds-dgv273-seacev3-2026-10141-21-2026-04-26T10:13:03.845079-05:00,1190899,21210175,92101501,Servicios de vigilancia,UNSPSC
ocds-dgv273-seacev3-1189317,ocds-dgv273-seacev3-1189317-2026-04-26T10:13:01.512739-05:00,1189317,21205570,72152605,Servicios de montaje y reparación de techos,UNSPSC
ocds-dgv273-seacev3-1188040,ocds-dgv273-seacev3-1188040-2026-04-26T10:13:00.682659-05:00,1188040,21202681,72121103,Servicios de renovación y reparación de edificios comerciales y de oficinas,UNSPSC
ocds-dgv273-seacev3-2026-519-2,ocds-dgv273-seacev3-2026-519-2-2026-04-25T10:20:40.700827-05:00,1189518,21206042,50221101,Granos de cereal,UNSPSC
ocds-dgv273-seacev3-2026-10549-7,ocds-dgv273-seacev3-2026-10549-7-2026-04-25T10:20:36.875157-05:00,1189725,21206766,72154010,"Servicios de instalación, mantenimiento y reparación de ascensores",UNSPSC
ocds-dgv273-seacev3-1190465,ocds-dgv273-seacev3-1190465-2026-04-25T10:20:36.715659-05:00,1190465,21208976,80131502,Alquiler de instalaciones comerciales o industriales,UNSPSC
ocds-dgv273-seacev3-2026-1585-3,ocds-dgv273-seacev3-2026-1585-3-2026-04-25T10:20:34.589204-05:00,1188975,21204747,72141121,Servicios de construcción de tuberías principales de agua,UNSPSC
ocds-dgv273-seacev3-2026-1301-3,ocds-dgv273-seacev3-2026-1301-3-2026-04-25T10:20:34.539603-05:00,1188243,21202829,72141128,Servicio de remodelación  y/o construcción de plazas públicas,UNSPSC
ocds-dgv273-seacev3-2026-912-3,ocds-dgv273-seacev3-2026-912-3-2026-04-25T10:20:34.384697-05:00,1186415,21197790,50192109,"Papas fritas en hojuelas y al hilo, mix de bocaditos o galletas saladas",UNSPSC
ocds-dgv273-seacev3-2026-822-14,ocds-dgv273-seacev3-2026-822-14-2026-04-25T10:20:34.320547-05:00,1186316,21199859,81101510,Ingeniería de carreteras,UNSPSC
ocds-dgv273-seacev3-1189727,ocds-dgv273-seacev3-1189727-2026-04-25T10:20:31.302830-05:00,1189727,21206566,30111601,Cemento,UNSPSC
ocds-dgv273-seacev3-2026-200507-2,ocds-dgv273-seacev3-2026-200507-2-2026-04-25T10:20:31.174469-05:00,1190891,21210199,76111501,Servicios de limpieza de edificios,UNSPSC
ocds-dgv273-seacev3-2026-1309-12,ocds-dgv273-seacev3-2026-1309-12-2026-04-25T10:20:30.126599-05:00,1188939,21204837,24111503,Bolsas de plástico,UNSPSC
ocds-dgv273-seacev3-1191240,ocds-dgv273-seacev3-1191240-2026-04-25T10:20:29.171688-05:00,1191240,21210823,50131702,Leche o productos de mantequilla estables sin refrigerar,UNSPSC
ocds-dgv273-seacev3-2026-35859-2,ocds-dgv273-seacev3-2026-35859-2-2026-04-25T10:20:24.953523-05:00,1185948,21199494,70151507,Servicios de reforestación,UNSPSC
ocds-dgv273-seacev3-2026-49-1,ocds-dgv273-seacev3-2026-49-1-2026-04-25T10:20:13.197008-05:00,1187700,21201700,30111601,Cemento,UNSPSC
ocds-dgv273-seacev3-2026-10461-8,ocds-dgv273-seacev3-2026-10461-8-2026-04-25T10:20:04.594688-05:00,1188779,21204362,11111611,Grava,UNSPSC
ocds-dgv273-seacev3-1188538,ocds-dgv273-seacev3-1188538-2026-04-25T10:20:04.453801-05:00,1188538,21206209,30111505,Hormigón premezclado,UNSPSC
ocds-dgv273-seacev3-2026-49-32,ocds-dgv273-seacev3-2026-49-32-2026-04-25T10:20:03.850531-05:00,1189130,21205083,72141701,Servicio de arrendamiento o alquiler de maquinaria de construcción,UNSPSC
ocds-dgv273-seacev3-2026-21-25,ocds-dgv273-seacev3-2026-21-25-2026-04-25T10:20:03.489452-05:00,1192095,21213165,50201706,Café,UNSPSC
ocds-dgv273-seacev3-2026-200507-1,ocds-dgv273-seacev3-2026-200507-1-2026-04-25T10:20:02.836263-05:00,1188272,21203252,92101501,Servicios de vigilancia,UNSPSC
ocds-dgv273-seacev3-2026-838-6,ocds-dgv273-seacev3-2026-838-6-2026-04-25T10:19:53.039296-05:00,1190311,21208634,72121102,Servicios de construcción de edificios comerciales y de oficinas prefabricadas,UNSPSC
ocds-dgv273-seacev3-2026-1731-10,ocds-dgv273-seacev3-2026-1731-10-2026-04-25T10:19:51.329880-05:00,1188052,21202693,11111611,Grava,UNSPSC
ocds-dgv273-seacev3-1189011,ocds-dgv273-seacev3-1189011-2026-04-25T10:19:51.254740-05:00,1189011,21204784,70151504,Servicios de administración forestal,UNSPSC
ocds-dgv273-seacev3-1188112,ocds-dgv273-seacev3-1188112-2026-04-25T10:19:51.177725-05:00,1188112,21203128,15101505,Diesel,UNSPSC
ocds-dgv273-seacev3-1191093,ocds-dgv273-seacev3-1191093-2026-04-25T10:19:47.971633-05:00,1191093,21210528,81101508,Ingeniería arquitectónica,UNSPSC
ocds-dgv273-seacev3-2026-108794-7,ocds-dgv273-seacev3-2026-108794-7-2026-04-25T10:19:45.572640-05:00,1190978,21210318,15101505,Diesel,UNSPSC
ocds-dgv273-seacev3-1188858,ocds-dgv273-seacev3-1188858-2026-04-25T10:19:43.077325-05:00,1188858,21204553,72152905,Servicios de trabajo con hierro estructural,UNSPSC
ocds-dgv273-seacev3-1191547,ocds-dgv273-seacev3-1191547-2026-04-25T10:19:42.591409-05:00,1191547,21211616,15101506,Gasolina o Petróleo,UNSPSC
ocds-dgv273-seacev3-2026-10526-4,ocds-dgv273-seacev3-2026-10526-4-2026-04-25T10:19:42.557483-05:00,1188845,21204522,72141003,Servicios de mantenimiento de pistas y carreteras,UNSPSC
ocds-dgv273-seacev3-2026-822-21,ocds-dgv273-seacev3-2026-822-21-2026-04-25T10:19:41.210216-05:00,1188584,21203965,48101525,Tostadores de uso comercial,UNSPSC
ocds-dgv273-seacev3-2026-189-2,ocds-dgv273-seacev3-2026-189-2-2026-04-25T10:19:41.128478-05:00,1187391,21201179,72141107,Servicios de construcción y reparación de puentes,UNSPSC
ocds-dgv273-seacev3-1187458,ocds-dgv273-seacev3-1187458-2026-04-25T10:19:40.899888-05:00,1187458,21201039,30161705,Pisos de caucho,UNSPSC
ocds-dgv273-seacev3-1189046,ocds-dgv273-seacev3-1189046-2026-04-25T10:19:36.042433-05:00,1189046,21204931,70151504,Servicios de administración forestal,UNSPSC
ocds-dgv273-seacev3-2026-1324-13,ocds-dgv273-seacev3-2026-1324-13-2026-04-25T10:19:35.737293-05:00,1191628,21211768,25101801,Motocicletas,UNSPSC
ocds-dgv273-seacev3-1190426,ocds-dgv273-seacev3-1190426-2026-04-25T10:19:35.173189-05:00,1190426,21208900,50121538,Pescado estable sin refrigerar,UNSPSC
ocds-dgv273-seacev3-1191590,ocds-dgv273-seacev3-1191590-2026-04-25T10:19:34.947867-05:00,1191590,21211715,76111501,Servicios de limpieza de edificios,UNSPSC
ocds-dgv273-seacev3-2026-707-1,ocds-dgv273-seacev3-2026-707-1-2026-04-25T10:19:34.028874-05:00,1191566,21211614,15101505,Diesel,UNSPSC
ocds-dgv273-seacev3-1189098,ocds-dgv273-seacev3-1189098-2026-04-25T10:19:33.776117-05:00,1189098,21205008,30111601,Cemento,UNSPSC
ocds-dgv273-seacev3-2026-2406-167,ocds-dgv273-seacev3-2026-2406-167-2026-04-25T10:19:31.854669-05:00,1190295,21208797,80161504,Servicios de oficina,UNSPSC
ocds-dgv273-seacev3-1186628,ocds-dgv273-seacev3-1186628-2026-04-25T10:19:30.246130-05:00,1186628,21200247,15101505,Diesel,UNSPSC
ocds-dgv273-seacev3-2026-200302-5,ocds-dgv273-seacev3-2026-200302-5-2026-04-24T10:19:44.613036-05:00,1189595,21206275,91111603,Servicios de cocina o preparación de comidas,UNSPSC
ocds-dgv273-seacev3-1190427,ocds-dgv273-seacev3-1190427-2026-04-24T10:19:43.628190-05:00,1190427,21208901,80161801,Servicio de arrendamiento o alquiler de fotocopia,UNSPSC
ocds-dgv273-seacev3-1192048,ocds-dgv273-seacev3-1192048-2026-04-24T10:19:43.296743-05:00,1192048,21213055,23181599,Maquinaria para la elaboración de alimentos,UNSPSC
ocds-dgv273-seacev3-1188925,ocds-dgv273-seacev3-1188925-2026-04-24T10:19:42.101151-05:00,1188925,21205448,72121101,Servicios de construcción de nuevos edificios comerciales y de oficinas,UNSPSC
ocds-dgv273-seacev3-1190400,ocds-dgv273-seacev3-1190400-2026-04-24T10:19:41.207925-05:00,1190400,21208859,30111601,Cemento,UNSPSC
ocds-dgv273-seacev3-2026-200466-7,ocds-dgv273-seacev3-2026-200466-7-2026-04-24T10:19:40.393223-05:00,1187399,21201000,76111501,Servicios de limpieza de edificios,UNSPSC
ocds-dgv273-seacev3-1186129,ocds-dgv273-seacev3-1186129-2026-04-24T10:19:40.245800-05:00,1186129,21199632,82141505,Servicios de diseño generado por computadora,UNSPSC
ocds-dgv273-seacev3-2026-49-142,ocds-dgv273-seacev3-2026-49-142-2026-04-24T10:19:38.598614-05:00,1190933,21210264,72151502,Servicios de instalación de sistemas de energía eléctrica,UNSPSC
ocds-dgv273-seacev3-2026-1598-7,ocds-dgv273-seacev3-2026-1598-7-2026-04-24T10:19:38.575162-05:00,1190614,21209499,72141121,Servicios de construcción de tuberías principales de agua,UNSPSC
ocds-dgv273-seacev3-2026-651-20,ocds-dgv273-seacev3-2026-651-20-2026-04-24T10:19:33.774310-05:00,1191928,21212493,72152602,Servicios de canaletas y bajadas de agua,UNSPSC
ocds-dgv273-seacev3-1187774,ocds-dgv273-seacev3-1187774-2026-04-24T10:19:32.552570-05:00,1187774,21201932,81101515,Ingeniería de infraestructura de plantas o instalaciones,UNSPSC
ocds-dgv273-seacev3-1188283,ocds-dgv273-seacev3-1188283-2026-04-24T10:19:19.873804-05:00,1188283,21203291,72121406,Servicios de construcción de escuelas,UNSPSC
ocds-dgv273-seacev3-2026-1143-1,ocds-dgv273-seacev3-2026-1143-1-2026-04-24T10:19:19.661320-05:00,1187823,21202118,50131702,Leche o productos de mantequilla estables sin refrigerar,UNSPSC
ocds-dgv273-seacev3-2026-1143-1,ocds-dgv273-seacev3-2026-1143-1-2026-04-24T10:19:19.661320-05:00,1187823,21202117,50192109,"Papas fritas en hojuelas y al hilo, mix de bocaditos o galletas saladas",UNSPSC
ocds-dgv273-seacev3-2026-10526-1,ocds-dgv273-seacev3-2026-10526-1-2026-04-24T10:19:14.163706-05:00,1190575,21209328,72141003,Servicios de mantenimiento de pistas y carreteras,UNSPSC
ocds-dgv273-seacev3-1189634,ocds-dgv273-seacev3-1189634-2026-04-24T10:19:13.432136-05:00,1189634,21206362,81101510,Ingeniería de carreteras,UNSPSC
ocds-dgv273-seacev3-2026-10526-8,ocds-dgv273-seacev3-2026-10526-8-2026-04-24T10:19:13.282904-05:00,1189790,21206679,72141003,Servicios de mantenimiento de pistas y carreteras,UNSPSC
ocds-dgv273-seacev3-1191205,ocds-dgv273-seacev3-1191205-2026-04-24T10:19:13.239714-05:00,1191205,21210706,50221108,Grano de arroz,UNSPSC
ocds-dgv273-seacev3-1191342,ocds-dgv273-seacev3-1191342-2026-04-24T10:19:12.625722-05:00,1191342,21211126,80101604,Administración o planificación de proyectos,UNSPSC
ocds-dgv273-seacev3-1192074,ocds-dgv273-seacev3-1192074-2026-04-24T10:19:09.253966-05:00,1192074,21212763,93141808,Servicios de seguridad o salud ocupacional,UNSPSC
ocds-dgv273-seacev3-1187498,ocds-dgv273-seacev3-1187498-2026-04-24T10:19:08.544313-05:00,1187498,21201278,80131502,Alquiler de instalaciones comerciales o industriales,UNSPSC
ocds-dgv273-seacev3-2026-10001-23,ocds-dgv273-seacev3-2026-10001-23-2026-04-24T10:19:08.352205-05:00,1186079,21199584,93151603,Gestión de inversiones públicas o presupuestarias,UNSPSC
ocds-dgv273-seacev3-1187508,ocds-dgv273-seacev3-1187508-2026-04-24T10:19:08.018949-05:00,1187508,21201367,25101507,Camiones ligeros o vehículos de utilidad deportiva,UNSPSC
ocds-dgv273-seacev3-1186229,ocds-dgv273-seacev3-1186229-2026-04-24T10:19:07.944396-05:00,1186229,21199761,72141503,Servicios de remoción de rocas,UNSPSC
ocds-dgv273-seacev3-2026-178951-8,ocds-dgv273-seacev3-2026-178951-8-2026-04-24T10:19:02.720225-05:00,1189219,21205308,24102004,Estanterías para almacenaje,UNSPSC
ocds-dgv273-seacev3-1191536,ocds-dgv273-seacev3-1191536-2026-04-24T10:19:02.645913-05:00,1191536,21211583,50131612,Huevos de gallina con cáscara para consumo,UNSPSC
ocds-dgv273-seacev3-1191275,ocds-dgv273-seacev3-1191275-2026-04-24T10:18:57.697130-05:00,1191275,21210900,80131502,Alquiler de instalaciones comerciales o industriales,UNSPSC
ocds-dgv273-seacev3-1187107,ocds-dgv273-seacev3-1187107-2026-04-24T10:18:57.154769-05:00,1187107,21198290,90121502,Agencias de viajes,UNSPSC
ocds-dgv273-seacev3-1186906,ocds-dgv273-seacev3-1186906-2026-04-24T10:18:56.506706-05:00,1186906,21198124,81101515,Ingeniería de infraestructura de plantas o instalaciones,UNSPSC
ocds-dgv273-seacev3-1190210,ocds-dgv273-seacev3-1190210-2026-04-24T10:18:52.467815-05:00,1190210,21208473,78101701,Servicios de transporte nacional en barco,UNSPSC
ocds-dgv273-seacev3-2026-200302-35,ocds-dgv273-seacev3-2026-200302-35-2026-04-24T10:18:51.679921-05:00,1189724,21206764,91111603,Servicios de cocina o preparación de comidas,UNSPSC
ocds-dgv273-seacev3-1202018,ocds-dgv273-seacev3-1202018-2026-04-24T10:18:51.497136-05:00,1202018,21239653,81101510,Ingeniería de carreteras,UNSPSC
ocds-dgv273-seacev3-1189201,ocds-dgv273-seacev3-1189201-2026-04-24T10:18:50.884382-05:00,1189201,21205237,72141003,Servicios de mantenimiento de pistas y carreteras,UNSPSC
ocds-dgv273-seacev3-2026-1598-8,ocds-dgv273-seacev3-2026-1598-8-2026-04-24T10:18:49.728724-05:00,1191068,21210482,81101515,Ingeniería de infraestructura de plantas o instalaciones,UNSPSC
ocds-dgv273-seacev3-1188281,ocds-dgv273-seacev3-1188281-2026-04-24T10:18:49.551165-05:00,1188281,21203288,72121406,Servicios de construcción de escuelas,UNSPSC
ocds-dgv273-seacev3-1190582,ocds-dgv273-seacev3-1190582-2026-04-24T10:18:46.853211-05:00,1190582,21209395,12352307,Halogenuros ácidos o sus sustitutos,UNSPSC
ocds-dgv273-seacev3-1188314,ocds-dgv273-seacev3-1188314-2026-04-24T10:18:46.087378-05:00,1188314,21204260,30121601,Asfalto,UNSPSC
ocds-dgv273-seacev3-2026-200370-4,ocds-dgv273-seacev3-2026-200370-4-2026-04-24T10:18:45.904628-05:00,1186673,21200285,93141808,Servicios de seguridad o salud ocupacional,UNSPSC
ocds-dgv273-seacev3-2026-200370-4,ocds-dgv273-seacev3-2026-200370-4-2026-04-24T10:18:45.904628-05:00,1186673,21200312,93141808,Servicios de seguridad o salud ocupacional,UNSPSC
ocds-dgv273-seacev3-1186796,ocds-dgv273-seacev3-1186796-2026-04-24T10:18:45.867070-05:00,1186796,21200399,73181004,Servicios de fresado químico,UNSPSC
ocds-dgv273-seacev3-1190374,ocds-dgv273-seacev3-1190374-2026-04-24T10:18:39.937801-05:00,1190374,21208869,72121203,Servicios de construcción de silos y de edificaciones para servicio agrícola,UNSPSC
ocds-dgv273-seacev3-1191914,ocds-dgv273-seacev3-1191914-2026-04-24T10:18:36.438054-05:00,1191914,21212572,30102204,Plancha de acero,UNSPSC
ocds-dgv273-seacev3-2026-200302-26,ocds-dgv273-seacev3-2026-200302-26-2026-04-24T10:18:29.831870-05:00,1189906,21207391,91111603,Servicios de cocina o preparación de comidas,UNSPSC
ocds-dgv273-seacev3-1191077,ocds-dgv273-seacev3-1191077-2026-04-24T10:18:29.228528-05:00,1191077,21210569,92101501,Servicios de vigilancia,UNSPSC
ocds-dgv273-seacev3-1190346,ocds-dgv273-seacev3-1190346-2026-04-24T10:18:29.114927-05:00,1190346,21208668,81101508,Ingeniería arquitectónica,UNSPSC
ocds-dgv273-seacev3-1190061,ocds-dgv273-seacev3-1190061-2026-04-24T10:18:27.604493-05:00,1190061,21207781,30111601,Cemento,UNSPSC
ocds-dgv273-seacev3-1202857,ocds-dgv273-seacev3-1202857-2026-04-24T10:18:24.675135-05:00,1202857,21243238,72153605,Servicios de remodelación de cocinas y servicios higiénicos,UNSPSC
ocds-dgv273-seacev3-2026-21-1,ocds-dgv273-seacev3-2026-21-1-2026-04-24T10:18:23.947503-05:00,1191994,21212856,80141607,Gestión de eventos,UNSPSC
ocds-dgv273-seacev3-2026-178951-9,ocds-dgv273-seacev3-2026-178951-9-2026-04-24T10:18:23.357274-05:00,1189106,21205023,72121103,Servicios de renovación y reparación de edificios comerciales y de oficinas,UNSPSC
ocds-dgv273-seacev3-2026-743-7,ocds-dgv273-seacev3-2026-743-7-2026-04-24T10:18:23.298206-05:00,1191087,21210502,78111808,Alquiler de vehículos,UNSPSC
ocds-dgv273-seacev3-2026-743-7,ocds-dgv273-seacev3-2026-743-7-2026-04-24T10:18:23.298206-05:00,1191087,21210501,78111808,Alquiler de vehículos,UNSPSC
ocds-dgv273-seacev3-2026-743-7,ocds-dgv273-seacev3-2026-743-7-2026-04-24T10:18:23.298206-05:00,1191087,21210519,78111808,Alquiler de vehículos,UNSPSC
ocds-dgv273-seacev3-1190265,ocds-dgv273-seacev3-1190265-2026-04-23T10:37:07.604365-05:00,1190265,21208315,43222634,Dispositivo de manejo y monitoreo de redes,UNSPSC
ocds-dgv273-seacev3-1186696,ocds-dgv273-seacev3-1186696-2026-04-23T10:37:07.429141-05:00,1186696,21200323,72141003,Servicios de mantenimiento de pistas y carreteras,UNSPSC
ocds-dgv273-seacev3-1190151,ocds-dgv273-seacev3-1190151-2026-04-23T10:37:05.933064-05:00,1190151,21208204,92101805,Procesos de apelación o revisiones judiciales,UNSPSC
ocds-dgv273-seacev3-1187943,ocds-dgv273-seacev3-1187943-2026-04-23T10:37:02.239180-05:00,1187943,21202266,72152502,Servicios de instalación de losetas de asfalto,UNSPSC
ocds-dgv273-seacev3-2026-1034-9,ocds-dgv273-seacev3-2026-1034-9-2026-04-23T10:37:02.124429-05:00,1186377,21197766,81101508,Ingeniería arquitectónica,UNSPSC
ocds-dgv273-seacev3-2026-1917-1,ocds-dgv273-seacev3-2026-1917-1-2026-04-23T10:37:01.871450-05:00,1187798,21201933,78102203,"Servicios de envío, recojo o entrega de correspondencia",UNSPSC
ocds-dgv273-seacev3-1186917,ocds-dgv273-seacev3-1186917-2026-04-23T10:37:01.821592-05:00,1186917,21198130,50131702,Leche o productos de mantequilla estables sin refrigerar,UNSPSC
ocds-dgv273-seacev3-2026-1060-5,ocds-dgv273-seacev3-2026-1060-5-2026-04-23T10:37:01.723173-05:00,1187459,21201219,72141128,Servicio de remodelación  y/o construcción de plazas públicas,UNSPSC
ocds-dgv273-seacev3-1189928,ocds-dgv273-seacev3-1189928-2026-04-23T10:37:00.394932-05:00,1189928,21207495,41116205,Kits de ensayos rápidos,UNSPSC
ocds-dgv273-seacev3-2026-10154-2,ocds-dgv273-seacev3-2026-10154-2-2026-04-23T10:36:59.529308-05:00,1190646,21209701,91111603,Servicios de cocina o preparación de comidas,UNSPSC
ocds-dgv273-seacev3-2026-973-1,ocds-dgv273-seacev3-2026-973-1-2026-04-23T10:36:59.435141-05:00,1189462,21205924,50131702,Leche o productos de mantequilla estables sin refrigerar,UNSPSC
ocds-dgv273-seacev3-2026-973-1,ocds-dgv273-seacev3-2026-973-1-2026-04-23T10:36:59.435141-05:00,1189462,21205925,50192109,"Papas fritas en hojuelas y al hilo, mix de bocaditos o galletas saladas",UNSPSC
ocds-dgv273-seacev3-2026-10526-5,ocds-dgv273-seacev3-2026-10526-5-2026-04-23T10:36:58.404561-05:00,1189212,21205278,72141003,Servicios de mantenimiento de pistas y carreteras,UNSPSC
ocds-dgv273-seacev3-2026-1621-16,ocds-dgv273-seacev3-2026-1621-16-2026-04-23T10:36:58.013917-05:00,1191259,21210847,50131702,Leche o productos de mantequilla estables sin refrigerar,UNSPSC
ocds-dgv273-seacev3-2026-10045-13,ocds-dgv273-seacev3-2026-10045-13-2026-04-23T10:36:56.034253-05:00,1190056,21207978,50111515,Pollo mínimamente procesado sin aditivos,UNSPSC
ocds-dgv273-seacev3-1191865,ocds-dgv273-seacev3-1191865-2026-04-23T10:36:55.925384-05:00,1191865,21212387,72154013,Servicios de construcción de cercos,UNSPSC
ocds-dgv273-seacev3-2026-200302-8,ocds-dgv273-seacev3-2026-200302-8-2026-04-23T10:36:54.634346-05:00,1190010,21207645,91111603,Servicios de cocina o preparación de comidas,UNSPSC
ocds-dgv273-seacev3-2026-1162-2,ocds-dgv273-seacev3-2026-1162-2-2026-04-23T10:36:45.655839-05:00,1190854,21210082,50131702,Leche o productos de mantequilla estables sin refrigerar,UNSPSC
ocds-dgv273-seacev3-1188813,ocds-dgv273-seacev3-1188813-2026-04-23T10:36:45.415854-05:00,1188813,21204511,72153103,Servicios de construcción de patios de recreo e instalación de equipos,UNSPSC
ocds-dgv273-seacev3-2026-1485-6,ocds-dgv273-seacev3-2026-1485-6-2026-04-23T10:36:44.460156-05:00,1188542,21203786,15101506,Gasolina o Petróleo,UNSPSC
ocds-dgv273-seacev3-1187429,ocds-dgv273-seacev3-1187429-2026-04-23T10:36:41.929125-05:00,1187429,21201036,81101505,Ingeniería estructural,UNSPSC
ocds-dgv273-seacev3-1188172,ocds-dgv273-seacev3-1188172-2026-04-23T10:36:36.045509-05:00,1188172,21202779,72153102,Servicios de construcción de campos deportivos interiores,UNSPSC
ocds-dgv273-seacev3-2026-1908-37,ocds-dgv273-seacev3-2026-1908-37-2026-04-23T10:36:35.406199-05:00,1188796,21204418,84131502,Seguros de propietarios de viviendas o arrendatarios,UNSPSC
ocds-dgv273-seacev3-1191446,ocds-dgv273-seacev3-1191446-2026-04-23T10:36:34.233741-05:00,1191446,21211379,51191601,Dextrosa,UNSPSC
ocds-dgv273-seacev3-2026-1039-2,ocds-dgv273-seacev3-2026-1039-2-2026-04-23T10:36:31.155882-05:00,1187395,21201182,22101526,Excavadoras sobre orugas,UNSPSC
ocds-dgv273-seacev3-1192076,ocds-dgv273-seacev3-1192076-2026-04-23T10:36:27.128717-05:00,1192076,21212822,30102403,Varillas de hierro,UNSPSC
ocds-dgv273-seacev3-1191381,ocds-dgv273-seacev3-1191381-2026-04-23T10:36:24.701274-05:00,1191381,21211214,30131602,Ladrillos de cerámica,UNSPSC
ocds-dgv273-seacev3-2026-1077-1,ocds-dgv273-seacev3-2026-1077-1-2026-04-23T10:36:20.886927-05:00,1186553,21197893,81101509,Ingeniería de aeropuertos,UNSPSC
ocds-dgv273-seacev3-2026-1598-2,ocds-dgv273-seacev3-2026-1598-2-2026-04-23T10:36:20.368007-05:00,1186680,21197957,50131702,Leche o productos de mantequilla estables sin refrigerar,UNSPSC
ocds-dgv273-seacev3-2026-822-7,ocds-dgv273-seacev3-2026-822-7-2026-04-23T10:36:14.207710-05:00,1189477,21206016,40141739,Cubiertas de drenaje,UNSPSC
ocds-dgv273-seacev3-1190695,ocds-dgv273-seacev3-1190695-2026-04-23T10:36:11.245037-05:00,1190695,21209781,72141003,Servicios de mantenimiento de pistas y carreteras,UNSPSC
ocds-dgv273-seacev3-1190651,ocds-dgv273-seacev3-1190651-2026-04-23T10:36:10.203946-05:00,1190651,21209722,49141504,Instrumentos o accesorios para buceo,UNSPSC
ocds-dgv273-seacev3-1186594,ocds-dgv273-seacev3-1186594-2026-04-23T10:36:09.341851-05:00,1186594,21200228,78111808,Alquiler de vehículos,UNSPSC
ocds-dgv273-seacev3-2026-1485-5,ocds-dgv273-seacev3-2026-1485-5-2026-04-23T10:36:08.871416-05:00,1187378,21201158,15101505,Diesel,UNSPSC
ocds-dgv273-seacev3-1190747,ocds-dgv273-seacev3-1190747-2026-04-23T10:36:04.677737-05:00,1190747,21209665,26111601,Generadores diesel,UNSPSC
ocds-dgv273-seacev3-1189388,ocds-dgv273-seacev3-1189388-2026-04-23T10:36:04.336116-05:00,1189388,21205711,42131608,Uniformes para el personal médico,UNSPSC
ocds-dgv273-seacev3-1189808,ocds-dgv273-seacev3-1189808-2026-04-23T10:35:59.923568-05:00,1189808,21206692,72121008,Servicios de construcción y remodelación de almacenes,UNSPSC
ocds-dgv273-seacev3-1191217,ocds-dgv273-seacev3-1191217-2026-04-23T10:35:59.251931-05:00,1191217,21210753,50181901,Pan fresco,UNSPSC
ocds-dgv273-seacev3-1190024,ocds-dgv273-seacev3-1190024-2026-04-23T10:35:54.668134-05:00,1190024,21207746,81151601,Mapeo,UNSPSC
ocds-dgv273-seacev3-1191504,ocds-dgv273-seacev3-1191504-2026-04-23T10:35:54.606810-05:00,1191504,21211526,81101508,Ingeniería arquitectónica,UNSPSC
ocds-dgv273-seacev3-1207095,ocds-dgv273-seacev3-1207095-2026-04-23T10:35:53.197303-05:00,1207095,21253247,72154002,Servicios de instalación de césped artificial,UNSPSC
ocds-dgv273-seacev3-1190078,ocds-dgv273-seacev3-1190078-2026-04-23T10:35:51.429958-05:00,1190078,21207982,82151504,Servicios de escultores,UNSPSC
ocds-dgv273-seacev3-2026-1162-3,ocds-dgv273-seacev3-2026-1162-3-2026-04-23T10:35:51.287948-05:00,1190802,21209883,50192109,"Papas fritas en hojuelas y al hilo, mix de bocaditos o galletas saladas",UNSPSC
ocds-dgv273-seacev3-1189335,ocds-dgv273-seacev3-1189335-2026-04-23T10:35:49.229749-05:00,1189335,21205631,92101501,Servicios de vigilancia,UNSPSC
ocds-dgv273-seacev3-2026-1160-1,ocds-dgv273-seacev3-2026-1160-1-2026-04-23T10:35:48.758029-05:00,1192036,21212923,15101505,Diesel,UNSPSC
ocds-dgv273-seacev3-1190934,ocds-dgv273-seacev3-1190934-2026-04-23T10:35:47.344846-05:00,1190934,21210222,30111601,Cemento,UNSPSC
ocds-dgv273-seacev3-1206445,ocds-dgv273-seacev3-1206445-2026-04-22T10:36:00.530444-05:00,1206445,21251667,81161501,Servicio de administración de aplicaciones de software,UNSPSC
ocds-dgv273-seacev3-1206541,ocds-dgv273-seacev3-1206541-2026-04-22T10:35:58.541351-05:00,1206541,21251751,81111819,Servicios de aseguramiento de calidad,UNSPSC
ocds-dgv273-seacev3-1191613,ocds-dgv273-seacev3-1191613-2026-04-22T10:35:57.642987-05:00,1191613,21211732,51101511,Amoxicilina,UNSPSC
ocds-dgv273-seacev3-1191613,ocds-dgv273-seacev3-1191613-2026-04-22T10:35:57.642987-05:00,1191613,21211733,51171909,Omeprazol,UNSPSC
ocds-dgv273-seacev3-1191613,ocds-dgv273-seacev3-1191613-2026-04-22T10:35:57.642987-05:00,1191613,21211734,51181713,Prednisona,UNSPSC
ocds-dgv273-seacev3-1189514,ocds-dgv273-seacev3-1189514-2026-04-22T10:35:56.304200-05:00,1189514,21206095,26101515,Motor fuera de borda a gasolina,UNSPSC
ocds-dgv273-seacev3-2026-10526-7,ocds-dgv273-seacev3-2026-10526-7-2026-04-22T10:35:54.446329-05:00,1189539,21206194,72141003,Servicios de mantenimiento de pistas y carreteras,UNSPSC
ocds-dgv273-seacev3-2026-27-28,ocds-dgv273-seacev3-2026-27-28-2026-04-22T10:35:52.842517-05:00,1189674,21206474,83111603,Servicios de telefonía móvil,UNSPSC
ocds-dgv273-seacev3-1190595,ocds-dgv273-seacev3-1190595-2026-04-22T10:35:52.060126-05:00,1190595,21209420,81112001,Servicio de procesamiento de datos en línea,UNSPSC
ocds-dgv273-seacev3-2026-1926-9,ocds-dgv273-seacev3-2026-1926-9-2026-04-22T10:35:51.381759-05:00,1188557,21203949,81111805,Mantenimiento o soporte de sistemas propietarios o con licencia,UNSPSC
ocds-dgv273-seacev3-2026-216-1,ocds-dgv273-seacev3-2026-216-1-2026-04-22T10:35:51.183864-05:00,1188069,21203079,55101502,Guías,UNSPSC
ocds-dgv273-seacev3-1190293,ocds-dgv273-seacev3-1190293-2026-04-22T10:35:45.491802-05:00,1190293,21208795,10121507,Alimentación compuesta,UNSPSC
ocds-dgv273-seacev3-1189283,ocds-dgv273-seacev3-1189283-2026-04-22T10:35:43.098592-05:00,1189283,21205517,72121102,Servicios de construcción de edificios comerciales y de oficinas prefabricadas,UNSPSC
ocds-dgv273-seacev3-2026-1003042270-4,ocds-dgv273-seacev3-2026-1003042270-4-2026-04-22T10:35:41.294220-05:00,1188529,21203919,91111601,Servicios de limpieza y mantenimiento,UNSPSC
ocds-dgv273-seacev3-1186826,ocds-dgv273-seacev3-1186826-2026-04-22T10:35:40.912824-05:00,1186826,21198054,50192109,"Papas fritas en hojuelas y al hilo, mix de bocaditos o galletas saladas",UNSPSC
ocds-dgv273-seacev3-2026-259-2,ocds-dgv273-seacev3-2026-259-2-2026-04-22T10:35:40.886289-05:00,1184867,21195688,81101505,Ingeniería estructural,UNSPSC
ocds-dgv273-seacev3-2026-119558-7,ocds-dgv273-seacev3-2026-119558-7-2026-04-22T10:35:40.797824-05:00,1187115,21198296,85101503,Servicio para administrar consultorios médicos,UNSPSC
ocds-dgv273-seacev3-2026-1926-25,ocds-dgv273-seacev3-2026-1926-25-2026-04-22T10:35:36.736590-05:00,1191071,21210506,81112002,Servicios de preparación o procesamiento de datos,UNSPSC
ocds-dgv273-seacev3-2026-1585-8,ocds-dgv273-seacev3-2026-1585-8-2026-04-22T10:35:36.483778-05:00,1190841,21210056,72141001,Servicios de construcción de pistas y carreteras nuevas,UNSPSC
ocds-dgv273-seacev3-2026-10404-4,ocds-dgv273-seacev3-2026-10404-4-2026-04-22T10:35:35.141788-05:00,1189583,21206257,72153606,Servicio de instalación o reconfiguración de muebles de oficina,UNSPSC
ocds-dgv273-seacev3-2026-1279-1,ocds-dgv273-seacev3-2026-1279-1-2026-04-22T10:35:35.086060-05:00,1189974,21207544,81101508,Ingeniería arquitectónica,UNSPSC
ocds-dgv273-seacev3-1190171,ocds-dgv273-seacev3-1190171-2026-04-22T10:35:33.325393-05:00,1190171,21208228,72121203,Servicios de construcción de silos y de edificaciones para servicio agrícola,UNSPSC
ocds-dgv273-seacev3-1190324,ocds-dgv273-seacev3-1190324-2026-04-22T10:35:32.836853-05:00,1190324,21208826,81101508,Ingeniería arquitectónica,UNSPSC
ocds-dgv273-seacev3-2026-942-1,ocds-dgv273-seacev3-2026-942-1-2026-04-22T10:35:32.303652-05:00,1189076,21205007,50192109,"Papas fritas en hojuelas y al hilo, mix de bocaditos o galletas saladas",UNSPSC
ocds-dgv273-seacev3-2026-10526-6,ocds-dgv273-seacev3-2026-10526-6-2026-04-22T10:35:31.546432-05:00,1190178,21208215,72141003,Servicios de mantenimiento de pistas y carreteras,UNSPSC
ocds-dgv273-seacev3-2026-396-2,ocds-dgv273-seacev3-2026-396-2-2026-04-22T10:35:31.235181-05:00,1188780,21204363,50221102,Harina de cereales,UNSPSC
ocds-dgv273-seacev3-1195968,ocds-dgv273-seacev3-1195968-2026-04-22T10:35:30.818997-05:00,1195968,21222728,81101510,Ingeniería de carreteras,UNSPSC
ocds-dgv273-seacev3-1191689,ocds-dgv273-seacev3-1191689-2026-04-22T10:35:30.803927-05:00,1191689,21211823,14121901,Papel prensa estándar,UNSPSC
ocds-dgv273-seacev3-1190675,ocds-dgv273-seacev3-1190675-2026-04-22T10:35:30.748642-05:00,1190675,21209573,83101801,Suministro de energía eléctrica monofásica,UNSPSC
ocds-dgv273-seacev3-2026-200437-2,ocds-dgv273-seacev3-2026-200437-2-2026-04-22T10:35:30.376400-05:00,1188025,21203032,91111601,Servicios de limpieza y mantenimiento,UNSPSC
ocds-dgv273-seacev3-2026-742-57,ocds-dgv273-seacev3-2026-742-57-2026-04-22T10:35:30.146363-05:00,1186312,21199853,10151704,Semillas o plántulas de césped,UNSPSC
ocds-dgv273-seacev3-2026-10249-75,ocds-dgv273-seacev3-2026-10249-75-2026-04-22T10:35:26.200278-05:00,1191957,21212831,78101501,Transporte de carga aérea nacional,UNSPSC
ocds-dgv273-seacev3-2026-10141-34,ocds-dgv273-seacev3-2026-10141-34-2026-04-22T10:35:26.023450-05:00,1190745,21209663,10191509,Insecticidas,UNSPSC
ocds-dgv273-seacev3-2026-10141-34,ocds-dgv273-seacev3-2026-10141-34-2026-04-22T10:35:26.023450-05:00,1190745,21209664,10191509,Insecticidas,UNSPSC
ocds-dgv273-seacev3-1191682,ocds-dgv273-seacev3-1191682-2026-04-22T10:35:25.867055-05:00,1191682,21211810,78101805,Servicio de alquiler de camión pipa y tráiler,UNSPSC
ocds-dgv273-seacev3-1189422,ocds-dgv273-seacev3-1189422-2026-04-22T10:35:25.482368-05:00,1189422,21205831,81101508,Ingeniería arquitectónica,UNSPSC
ocds-dgv273-seacev3-1190043,ocds-dgv273-seacev3-1190043-2026-04-22T10:35:24.697242-05:00,1190043,21207767,46182306,Correas o arneses de seguridad,UNSPSC
ocds-dgv273-seacev3-1193154,ocds-dgv273-seacev3-1193154-2026-04-22T10:35:22.026461-05:00,1193154,21215690,72121406,Servicios de construcción de escuelas,UNSPSC
ocds-dgv273-seacev3-1188408,ocds-dgv273-seacev3-1188408-2026-04-22T10:35:21.937770-05:00,1188408,21203644,81101508,Ingeniería arquitectónica,UNSPSC
ocds-dgv273-seacev3-1190947,ocds-dgv273-seacev3-1190947-2026-04-22T10:35:20.638647-05:00,1190947,21210297,15101505,Diesel,UNSPSC
ocds-dgv273-seacev3-1187799,ocds-dgv273-seacev3-1187799-2026-04-22T10:35:19.258673-05:00,1187799,21201937,72121406,Servicios de construcción de escuelas,UNSPSC
ocds-dgv273-seacev3-1186142,ocds-dgv273-seacev3-1186142-2026-04-22T10:35:19.219824-05:00,1186142,21197532,30111601,Cemento,UNSPSC
ocds-dgv273-seacev3-1191589,ocds-dgv273-seacev3-1191589-2026-04-22T10:35:14.946923-05:00,1191589,21211709,81101508,Ingeniería arquitectónica,UNSPSC
ocds-dgv273-seacev3-2026-10137-1,ocds-dgv273-seacev3-2026-10137-1-2026-04-22T10:35:13.042864-05:00,1191011,21210409,50111515,Pollo mínimamente procesado sin aditivos,UNSPSC
ocds-dgv273-seacev3-1197681,ocds-dgv273-seacev3-1197681-2026-04-22T10:35:10.076947-05:00,1197681,21226563,15101505,Diesel,UNSPSC
ocds-dgv273-seacev3-1187964,ocds-dgv273-seacev3-1187964-2026-04-22T10:35:08.783720-05:00,1187964,21202972,81101505,Ingeniería estructural,UNSPSC
ocds-dgv273-seacev3-1190166,ocds-dgv273-seacev3-1190166-2026-04-22T10:35:03.798296-05:00,1190166,21208401,72152605,Servicios de montaje y reparación de techos,UNSPSC
ocds-dgv273-seacev3-1190698,ocds-dgv273-seacev3-1190698-2026-04-22T10:35:02.681828-05:00,1190698,21209793,80131502,Alquiler de instalaciones comerciales o industriales,UNSPSC
ocds-dgv273-seacev3-1190698,ocds-dgv273-seacev3-1190698-2026-04-22T10:35:02.681828-05:00,1190698,21209792,80131502,Alquiler de instalaciones comerciales o industriales,UNSPSC
ocds-dgv273-seacev3-2026-10172-1,ocds-dgv273-seacev3-2026-10172-1-2026-04-22T10:35:01.508995-05:00,1190873,21210139,83121703,Servicios relacionados con Internet,UNSPSC
ocds-dgv273-seacev3-1190381,ocds-dgv273-seacev3-1190381-2026-04-22T10:35:01.376158-05:00,1190381,21208843,15101505,Diesel,UNSPSC
ocds-dgv273-seacev3-1190381,ocds-dgv273-seacev3-1190381-2026-04-22T10:35:01.376158-05:00,1190381,21208844,15101506,Gasolina o Petróleo,UNSPSC
ocds-dgv273-seacev3-2026-1530-6,ocds-dgv273-seacev3-2026-1530-6-2026-04-22T10:34:53.208713-05:00,1188394,21203438,30102403,Varillas de hierro,UNSPSC
ocds-dgv273-seacev3-2026-1211-1,ocds-dgv273-seacev3-2026-1211-1-2026-04-22T10:34:52.198404-05:00,1190813,21210170,72121406,Servicios de construcción de escuelas,UNSPSC
ocds-dgv273-seacev3-2026-49-107,ocds-dgv273-seacev3-2026-49-107-2026-04-22T10:34:51.625341-05:00,1190559,21209388,60121151,Accesorios o tableros de dibujo,UNSPSC
ocds-dgv273-seacev3-1191209,ocds-dgv273-seacev3-1191209-2026-04-22T10:34:51.074796-05:00,1191209,21210711,81101510,Ingeniería de carreteras,UNSPSC
ocds-dgv273-seacev3-1191159,ocds-dgv273-seacev3-1191159-2026-04-22T10:34:51.037655-05:00,1191159,21210653,50131702,Leche o productos de mantequilla estables sin refrigerar,UNSPSC
ocds-dgv273-seacev3-1188837,ocds-dgv273-seacev3-1188837-2026-04-22T10:34:48.282582-05:00,1188837,21204549,72154010,"Servicios de instalación, mantenimiento y reparación de ascensores",UNSPSC
ocds-dgv273-seacev3-2026-74929-4,ocds-dgv273-seacev3-2026-74929-4-2026-04-22T10:34:46.637385-05:00,1186122,21197506,80101505,Desarrollo de objetivos o políticas corporativas,UNSPSC
ocds-dgv273-seacev3-1190125,ocds-dgv273-seacev3-1190125-2026-04-19T10:08:39.830001-05:00,1190125,21207809,77101805,Servicios de control de calidad ambiental,UNSPSC
ocds-dgv273-seacev3-2026-1585-7,ocds-dgv273-seacev3-2026-1585-7-2026-04-19T10:08:39.755824-05:00,1190822,21210004,72141001,Servicios de construcción de pistas y carreteras nuevas,UNSPSC
ocds-dgv273-seacev3-1204930,ocds-dgv273-seacev3-1204930-2026-04-19T10:08:38.843322-05:00,1204930,21247869,86101807,Desarrollo de fuerza de trabajo del sector administrativo,UNSPSC
ocds-dgv273-seacev3-1202363,ocds-dgv273-seacev3-1202363-2026-04-19T10:08:38.188260-05:00,1202363,21242235,30111601,Cemento,UNSPSC
ocds-dgv273-seacev3-1202363,ocds-dgv273-seacev3-1202363-2026-04-19T10:08:38.188260-05:00,1202363,21242236,30111601,Cemento,UNSPSC
ocds-dgv273-seacev3-1202363,ocds-dgv273-seacev3-1202363-2026-04-19T10:08:38.188260-05:00,1202363,21242237,30111601,Cemento,UNSPSC
ocds-dgv273-seacev3-1202363,ocds-dgv273-seacev3-1202363-2026-04-19T10:08:38.188260-05:00,1202363,21242238,30111601,Cemento,UNSPSC
ocds-dgv273-seacev3-1202363,ocds-dgv273-seacev3-1202363-2026-04-19T10:08:38.188260-05:00,1202363,21242239,30111601,Cemento,UNSPSC
ocds-dgv273-seacev3-1202363,ocds-dgv273-seacev3-1202363-2026-04-19T10:08:38.188260-05:00,1202363,21242240,30111601,Cemento,UNSPSC
ocds-dgv273-seacev3-1189839,ocds-dgv273-seacev3-1189839-2026-04-19T10:08:37.646201-05:00,1189839,21206720,15111599,Combustibles gaseosos,UNSPSC
ocds-dgv273-seacev3-1205327,ocds-dgv273-seacev3-1205327-2026-04-19T10:08:37.372796-05:00,1205327,21248975,81151502,Servicios meteorológicos,UNSPSC
ocds-dgv273-seacev3-1188541,ocds-dgv273-seacev3-1188541-2026-04-19T10:08:35.445026-05:00,1188541,21204143,50131702,Leche o productos de mantequilla estables sin refrigerar,UNSPSC
ocds-dgv273-seacev3-1188541,ocds-dgv273-seacev3-1188541-2026-04-19T10:08:35.445026-05:00,1188541,21204144,50192109,"Papas fritas en hojuelas y al hilo, mix de bocaditos o galletas saladas",UNSPSC
ocds-dgv273-seacev3-1188582,ocds-dgv273-seacev3-1188582-2026-04-19T10:08:35.427371-05:00,1188582,21203961,72141003,Servicios de mantenimiento de pistas y carreteras,UNSPSC
ocds-dgv273-seacev3-1188368,ocds-dgv273-seacev3-1188368-2026-04-19T10:08:35.337913-05:00,1188368,21203616,30111601,Cemento,UNSPSC
ocds-dgv273-seacev3-1191293,ocds-dgv273-seacev3-1191293-2026-04-19T10:08:33.764362-05:00,1191293,21211042,78181507,Reparación y mantenimiento de camión ligero automotriz,UNSPSC
ocds-dgv273-seacev3-1189971,ocds-dgv273-seacev3-1189971-2026-04-19T10:08:33.064726-05:00,1189971,21207540,72151502,Servicios de instalación de sistemas de energía eléctrica,UNSPSC
ocds-dgv273-seacev3-1189296,ocds-dgv273-seacev3-1189296-2026-04-19T10:08:32.751711-05:00,1189296,21205548,72152707,Servicios de construcción de muros de retención,UNSPSC
ocds-dgv273-seacev3-1190548,ocds-dgv273-seacev3-1190548-2026-04-19T10:08:31.402379-05:00,1190548,21209138,77101805,Servicios de control de calidad ambiental,UNSPSC
ocds-dgv273-seacev3-1190131,ocds-dgv273-seacev3-1190131-2026-04-19T10:08:30.434733-05:00,1190131,21208054,77101805,Servicios de control de calidad ambiental,UNSPSC
ocds-dgv273-seacev3-1188843,ocds-dgv273-seacev3-1188843-2026-04-19T10:08:30.197534-05:00,1188843,21204520,77101805,Servicios de control de calidad ambiental,UNSPSC
ocds-dgv273-seacev3-2026-191147-12,ocds-dgv273-seacev3-2026-191147-12-2026-04-19T10:08:29.931723-05:00,1192006,21212682,78111808,Alquiler de vehículos,UNSPSC
ocds-dgv273-seacev3-2026-47-5,ocds-dgv273-seacev3-2026-47-5-2026-04-19T10:08:28.964300-05:00,1190409,21208867,81101508,Ingeniería arquitectónica,UNSPSC
ocds-dgv273-seacev3-1190208,ocds-dgv273-seacev3-1190208-2026-04-19T10:08:28.637826-05:00,1190208,21208470,72153102,Servicios de construcción de campos deportivos interiores,UNSPSC
ocds-dgv273-seacev3-1188764,ocds-dgv273-seacev3-1188764-2026-04-19T10:08:28.505927-05:00,1188764,21204356,77101805,Servicios de control de calidad ambiental,UNSPSC
ocds-dgv273-seacev3-1188549,ocds-dgv273-seacev3-1188549-2026-04-19T10:08:28.312166-05:00,1188549,21203798,82121504,Impresión tipográfica o serigrafía,UNSPSC
ocds-dgv273-seacev3-1188881,ocds-dgv273-seacev3-1188881-2026-04-19T10:08:27.956896-05:00,1188881,21204586,72121203,Servicios de construcción de silos y de edificaciones para servicio agrícola,UNSPSC
ocds-dgv273-seacev3-1188453,ocds-dgv273-seacev3-1188453-2026-04-19T10:08:27.176291-05:00,1188453,21203538,15101505,Diesel,UNSPSC
ocds-dgv273-seacev3-2026-200202-16,ocds-dgv273-seacev3-2026-200202-16-2026-04-19T10:08:27.147650-05:00,1188068,21203073,82121504,Impresión tipográfica o serigrafía,UNSPSC
ocds-dgv273-seacev3-1187384,ocds-dgv273-seacev3-1187384-2026-04-19T10:08:26.888639-05:00,1187384,21201169,72141107,Servicios de construcción y reparación de puentes,UNSPSC
ocds-dgv273-seacev3-2026-49-137,ocds-dgv273-seacev3-2026-49-137-2026-04-19T10:08:26.769485-05:00,1187787,21201868,15101505,Diesel,UNSPSC
ocds-dgv273-seacev3-1190135,ocds-dgv273-seacev3-1190135-2026-04-19T10:08:22.662483-05:00,1190135,21207820,77101805,Servicios de control de calidad ambiental,UNSPSC
ocds-dgv273-seacev3-1189675,ocds-dgv273-seacev3-1189675-2026-04-19T10:08:22.299992-05:00,1189675,21206495,15101506,Gasolina o Petróleo,UNSPSC
ocds-dgv273-seacev3-1205282,ocds-dgv273-seacev3-1205282-2026-04-19T10:08:21.533024-05:00,1205282,21248911,77101705,Servicios de consultoría en economía ambiental,UNSPSC
ocds-dgv273-seacev3-2026-1209-3,ocds-dgv273-seacev3-2026-1209-3-2026-04-19T10:08:20.633408-05:00,1195841,21210194,72153102,Servicios de construcción de campos deportivos interiores,UNSPSC
ocds-dgv273-seacev3-2026-1209-3,ocds-dgv273-seacev3-2026-1209-3-2026-04-19T10:08:20.633408-05:00,1195841,21222507,72153102,Servicios de construcción de campos deportivos interiores,UNSPSC
ocds-dgv273-seacev3-1188660,ocds-dgv273-seacev3-1188660-2026-04-19T10:08:19.949015-05:00,1188660,21204153,77101805,Servicios de control de calidad ambiental,UNSPSC
ocds-dgv273-seacev3-1191773,ocds-dgv273-seacev3-1191773-2026-04-19T10:08:19.569242-05:00,1191773,21212159,77101805,Servicios de control de calidad ambiental,UNSPSC
ocds-dgv273-seacev3-1196516,ocds-dgv273-seacev3-1196516-2026-04-19T10:08:19.388694-05:00,1196516,21224007,72151501,Servicios de instalación de iluminación,UNSPSC
ocds-dgv273-seacev3-1190060,ocds-dgv273-seacev3-1190060-2026-04-19T10:08:18.450156-05:00,1190060,21207915,77101805,Servicios de control de calidad ambiental,UNSPSC
ocds-dgv273-seacev3-2026-847-9,ocds-dgv273-seacev3-2026-847-9-2026-04-19T10:08:16.681244-05:00,1188046,21202685,30111601,Cemento,UNSPSC
ocds-dgv273-seacev3-1187210,ocds-dgv273-seacev3-1187210-2026-04-19T10:08:16.430423-05:00,1187210,21198346,72151702,Servicios de instalación de sistemas de televisión de circuito cerrado,UNSPSC
ocds-dgv273-seacev3-2026-10141-22,ocds-dgv273-seacev3-2026-10141-22-2026-04-19T10:08:14.166392-05:00,1189992,21207611,92101501,Servicios de vigilancia,UNSPSC
ocds-dgv273-seacev3-2026-1209-25,ocds-dgv273-seacev3-2026-1209-25-2026-04-19T10:08:13.308206-05:00,1189143,21205064,15101505,Diesel,UNSPSC
ocds-dgv273-seacev3-2026-191147-13,ocds-dgv273-seacev3-2026-191147-13-2026-04-19T10:08:12.627109-05:00,1191660,21211806,78111808,Alquiler de vehículos,UNSPSC
ocds-dgv273-seacev3-1188491,ocds-dgv273-seacev3-1188491-2026-04-19T10:08:12.026947-05:00,1188491,21203869,77101805,Servicios de control de calidad ambiental,UNSPSC
ocds-dgv273-seacev3-1190134,ocds-dgv273-seacev3-1190134-2026-04-19T10:08:10.514987-05:00,1190134,21207817,77101805,Servicios de control de calidad ambiental,UNSPSC
ocds-dgv273-seacev3-1188836,ocds-dgv273-seacev3-1188836-2026-04-19T10:08:10.202198-05:00,1188836,21204548,77101805,Servicios de control de calidad ambiental,UNSPSC
ocds-dgv273-seacev3-1204983,ocds-dgv273-seacev3-1204983-2026-04-19T10:08:09.297993-05:00,1204983,21247953,86101807,Desarrollo de fuerza de trabajo del sector administrativo,UNSPSC
ocds-dgv273-seacev3-2026-102627-18,ocds-dgv273-seacev3-2026-102627-18-2026-04-19T10:08:08.762984-05:00,1188210,21202801,78181507,Reparación y mantenimiento de camión ligero automotriz,UNSPSC
ocds-dgv273-seacev3-1190292,ocds-dgv273-seacev3-1190292-2026-04-19T10:08:04.170140-05:00,1190292,21208792,31162503,Puntales,UNSPSC
ocds-dgv273-seacev3-1205375,ocds-dgv273-seacev3-1205375-2026-04-19T10:08:03.973020-05:00,1205375,21249069,81151502,Servicios meteorológicos,UNSPSC
ocds-dgv273-seacev3-1190018,ocds-dgv273-seacev3-1190018-2026-04-19T10:08:03.941600-05:00,1190018,21207663,77101805,Servicios de control de calidad ambiental,UNSPSC
ocds-dgv273-seacev3-1189287,ocds-dgv273-seacev3-1189287-2026-04-19T10:08:02.894202-05:00,1189287,21205539,72153102,Servicios de construcción de campos deportivos interiores,UNSPSC
ocds-dgv273-seacev3-1188911,ocds-dgv273-seacev3-1188911-2026-04-19T10:07:59.548460-05:00,1188911,21204676,77101805,Servicios de control de calidad ambiental,UNSPSC
ocds-dgv273-seacev3-2026-1287-4,ocds-dgv273-seacev3-2026-1287-4-2026-04-19T10:07:57.671496-05:00,1186452,21197825,72153102,Servicios de construcción de campos deportivos interiores,UNSPSC
ocds-dgv273-seacev3-2026-1160-7,ocds-dgv273-seacev3-2026-1160-7-2026-04-19T10:07:57.598390-05:00,1188116,21203135,83121703,Servicios relacionados con Internet,UNSPSC
ocds-dgv273-seacev3-1188064,ocds-dgv273-seacev3-1188064-2026-04-19T10:07:57.416315-05:00,1188064,21203069,72141121,Servicios de construcción de tuberías principales de agua,UNSPSC
ocds-dgv273-seacev3-1189068,ocds-dgv273-seacev3-1189068-2026-04-18T10:19:58.890736-05:00,1189068,21204979,77101805,Servicios de control de calidad ambiental,UNSPSC
ocds-dgv273-seacev3-1190943,ocds-dgv273-seacev3-1190943-2026-04-18T10:19:57.285767-05:00,1190943,21210271,77101805,Servicios de control de calidad ambiental,UNSPSC
ocds-dgv273-seacev3-1190662,ocds-dgv273-seacev3-1190662-2026-04-18T10:19:56.528432-05:00,1190662,21209517,77101805,Servicios de control de calidad ambiental,UNSPSC
ocds-dgv273-seacev3-1189151,ocds-dgv273-seacev3-1189151-2026-04-18T10:19:55.505218-05:00,1189151,21205129,77101805,Servicios de control de calidad ambiental,UNSPSC
ocds-dgv273-seacev3-1188902,ocds-dgv273-seacev3-1188902-2026-04-18T10:19:54.619078-05:00,1188902,21204658,77101805,Servicios de control de calidad ambiental,UNSPSC
ocds-dgv273-seacev3-1188712,ocds-dgv273-seacev3-1188712-2026-04-18T10:19:52.987988-05:00,1188712,21204252,77101805,Servicios de control de calidad ambiental,UNSPSC
ocds-dgv273-seacev3-2026-1593-27,ocds-dgv273-seacev3-2026-1593-27-2026-04-18T10:19:51.966375-05:00,1187604,21201636,72141106,Servicios de construcción de caminos de grava o tierra,UNSPSC
ocds-dgv273-seacev3-2026-10398-5,ocds-dgv273-seacev3-2026-10398-5-2026-04-18T10:19:51.359373-05:00,1187835,21202139,91111603,Servicios de cocina o preparación de comidas,UNSPSC
ocds-dgv273-seacev3-2026-1731-4,ocds-dgv273-seacev3-2026-1731-4-2026-04-18T10:19:50.939289-05:00,1186777,21200371,30111601,Cemento,UNSPSC
ocds-dgv273-seacev3-1187239,ocds-dgv273-seacev3-1187239-2026-04-18T10:19:50.905245-05:00,1187239,21200807,77101805,Servicios de control de calidad ambiental,UNSPSC
ocds-dgv273-seacev3-1187174,ocds-dgv273-seacev3-1187174-2026-04-18T10:19:50.891325-05:00,1187174,21198326,77101805,Servicios de control de calidad ambiental,UNSPSC
ocds-dgv273-seacev3-1187251,ocds-dgv273-seacev3-1187251-2026-04-18T10:19:50.851185-05:00,1187251,21200821,77101805,Servicios de control de calidad ambiental,UNSPSC
ocds-dgv273-seacev3-1188578,ocds-dgv273-seacev3-1188578-2026-04-18T10:19:47.832039-05:00,1188578,21203960,81111811,Servicios de asistencia o soporte técnico,UNSPSC
ocds-dgv273-seacev3-1195449,ocds-dgv273-seacev3-1195449-2026-04-18T10:19:47.675514-05:00,1195449,21221898,72121411,Servicio de construcción de centros para convenciones,UNSPSC
ocds-dgv273-seacev3-1190660,ocds-dgv273-seacev3-1190660-2026-04-18T10:19:44.749901-05:00,1190660,21209510,15101505,Diesel,UNSPSC
ocds-dgv273-seacev3-1190457,ocds-dgv273-seacev3-1190457-2026-04-18T10:19:44.031460-05:00,1190457,21209036,77101805,Servicios de control de calidad ambiental,UNSPSC
ocds-dgv273-seacev3-1189887,ocds-dgv273-seacev3-1189887-2026-04-18T10:19:42.121470-05:00,1189887,21207197,77101805,Servicios de control de calidad ambiental,UNSPSC
ocds-dgv273-seacev3-1189148,ocds-dgv273-seacev3-1189148-2026-04-18T10:19:42.107601-05:00,1189148,21205127,77101805,Servicios de control de calidad ambiental,UNSPSC
ocds-dgv273-seacev3-1187589,ocds-dgv273-seacev3-1187589-2026-04-18T10:19:40.834323-05:00,1187589,21201601,80131502,Alquiler de instalaciones comerciales o industriales,UNSPSC
ocds-dgv273-seacev3-1189863,ocds-dgv273-seacev3-1189863-2026-04-18T10:19:36.662028-05:00,1189863,21207046,81101703,Servicios de pruebas de ingeniería,UNSPSC
ocds-dgv273-seacev3-1191092,ocds-dgv273-seacev3-1191092-2026-04-18T10:19:35.706529-05:00,1191092,21210521,80101604,Administración o planificación de proyectos,UNSPSC
ocds-dgv273-seacev3-2026-200302-28,ocds-dgv273-seacev3-2026-200302-28-2026-04-18T10:19:35.352686-05:00,1188996,21204921,91111603,Servicios de cocina o preparación de comidas,UNSPSC
ocds-dgv273-seacev3-1190986,ocds-dgv273-seacev3-1190986-2026-04-18T10:19:34.992803-05:00,1190986,21210360,77101805,Servicios de control de calidad ambiental,UNSPSC
ocds-dgv273-seacev3-1190503,ocds-dgv273-seacev3-1190503-2026-04-18T10:19:32.763936-05:00,1190503,21209091,77101805,Servicios de control de calidad ambiental,UNSPSC
ocds-dgv273-seacev3-2026-203-6,ocds-dgv273-seacev3-2026-203-6-2026-04-18T10:19:31.114762-05:00,1190384,21208842,72153102,Servicios de construcción de campos deportivos interiores,UNSPSC
ocds-dgv273-seacev3-1191917,ocds-dgv273-seacev3-1191917-2026-04-18T10:19:30.938776-05:00,1191917,21212591,50131702,Leche o productos de mantequilla estables sin refrigerar,UNSPSC
ocds-dgv273-seacev3-1190855,ocds-dgv273-seacev3-1190855-2026-04-18T10:19:30.042248-05:00,1190855,21210120,77101805,Servicios de control de calidad ambiental,UNSPSC
ocds-dgv273-seacev3-1187518,ocds-dgv273-seacev3-1187518-2026-04-18T10:19:29.565746-05:00,1187518,21201092,30131507,Bloque de concreto ligero,UNSPSC
ocds-dgv273-seacev3-2026-200202-19,ocds-dgv273-seacev3-2026-200202-19-2026-04-18T10:19:29.459753-05:00,1187981,21202970,91111603,Servicios de cocina o preparación de comidas,UNSPSC
ocds-dgv273-seacev3-2026-200202-19,ocds-dgv273-seacev3-2026-200202-19-2026-04-18T10:19:29.459753-05:00,1187981,21202971,91111603,Servicios de cocina o preparación de comidas,UNSPSC
ocds-dgv273-seacev3-1187168,ocds-dgv273-seacev3-1187168-2026-04-18T10:19:29.390222-05:00,1187168,21200724,77101805,Servicios de control de calidad ambiental,UNSPSC
ocds-dgv273-seacev3-1189073,ocds-dgv273-seacev3-1189073-2026-04-18T10:19:25.386860-05:00,1189073,21204983,77101805,Servicios de control de calidad ambiental,UNSPSC
ocds-dgv273-seacev3-1190484,ocds-dgv273-seacev3-1190484-2026-04-18T10:19:23.316798-05:00,1190484,21209066,77101805,Servicios de control de calidad ambiental,UNSPSC
ocds-dgv273-seacev3-1189061,ocds-dgv273-seacev3-1189061-2026-04-18T10:19:23.129310-05:00,1189061,21204971,77101805,Servicios de control de calidad ambiental,UNSPSC
ocds-dgv273-seacev3-1190055,ocds-dgv273-seacev3-1190055-2026-04-18T10:19:22.294452-05:00,1190055,21207796,41121701,Tubos de ensayo multipropósito o generales,UNSPSC
ocds-dgv273-seacev3-2026-1636-1,ocds-dgv273-seacev3-2026-1636-1-2026-04-18T10:19:21.013591-05:00,1190552,21209124,50192109,"Papas fritas en hojuelas y al hilo, mix de bocaditos o galletas saladas",UNSPSC
ocds-dgv273-seacev3-1189183,ocds-dgv273-seacev3-1189183-2026-04-18T10:19:20.400065-05:00,1189183,21205213,30111801,Agregado natural,UNSPSC
ocds-dgv273-seacev3-1187521,ocds-dgv273-seacev3-1187521-2026-04-18T10:19:19.242636-05:00,1187521,21201370,77101805,Servicios de control de calidad ambiental,UNSPSC
ocds-dgv273-seacev3-1189010,ocds-dgv273-seacev3-1189010-2026-04-18T10:19:19.013364-05:00,1189010,21204893,81101515,Ingeniería de infraestructura de plantas o instalaciones,UNSPSC
ocds-dgv273-seacev3-2026-1725-2,ocds-dgv273-seacev3-2026-1725-2-2026-04-18T10:19:18.438494-05:00,1187888,21202206,72152605,Servicios de montaje y reparación de techos,UNSPSC
ocds-dgv273-seacev3-1187533,ocds-dgv273-seacev3-1187533-2026-04-18T10:19:18.319906-05:00,1187533,21201385,77101805,Servicios de control de calidad ambiental,UNSPSC
ocds-dgv273-seacev3-1188426,ocds-dgv273-seacev3-1188426-2026-04-18T10:19:13.812036-05:00,1188426,21203463,80161801,Servicio de arrendamiento o alquiler de fotocopia,UNSPSC
ocds-dgv273-seacev3-1190682,ocds-dgv273-seacev3-1190682-2026-04-18T10:19:11.831142-05:00,1190682,21209746,77101805,Servicios de control de calidad ambiental,UNSPSC
ocds-dgv273-seacev3-1188739,ocds-dgv273-seacev3-1188739-2026-04-18T10:19:11.412866-05:00,1188739,21204293,77101805,Servicios de control de calidad ambiental,UNSPSC
ocds-dgv273-seacev3-1188486,ocds-dgv273-seacev3-1188486-2026-04-18T10:19:10.598100-05:00,1188486,21203861,77101805,Servicios de control de calidad ambiental,UNSPSC
ocds-dgv273-seacev3-1189796,ocds-dgv273-seacev3-1189796-2026-04-18T10:19:08.705542-05:00,1189796,21206930,77101805,Servicios de control de calidad ambiental,UNSPSC
ocds-dgv273-seacev3-1187457,ocds-dgv273-seacev3-1187457-2026-04-18T10:19:07.866454-05:00,1187457,21201272,77101805,Servicios de control de calidad ambiental,UNSPSC
ocds-dgv273-seacev3-1188675,ocds-dgv273-seacev3-1188675-2026-04-18T10:19:07.701661-05:00,1188675,21204208,30111601,Cemento,UNSPSC
ocds-dgv273-seacev3-1187010,ocds-dgv273-seacev3-1187010-2026-04-18T10:19:07.379129-05:00,1187010,21200597,77101805,Servicios de control de calidad ambiental,UNSPSC
ocds-dgv273-seacev3-2026-1921-7,ocds-dgv273-seacev3-2026-1921-7-2026-04-18T10:19:07.354509-05:00,1187790,21201869,81112002,Servicios de preparación o procesamiento de datos,UNSPSC
ocds-dgv273-seacev3-1191329,ocds-dgv273-seacev3-1191329-2026-04-18T10:19:03.285866-05:00,1191329,21211124,72141128,Servicio de remodelación  y/o construcción de plazas públicas,UNSPSC
ocds-dgv273-seacev3-1190455,ocds-dgv273-seacev3-1190455-2026-04-18T10:19:02.503547-05:00,1190455,21209032,77101805,Servicios de control de calidad ambiental,UNSPSC
ocds-dgv273-seacev3-2026-2365-11,ocds-dgv273-seacev3-2026-2365-11-2026-04-18T10:19:02.330088-05:00,1189655,21206487,40141613,Válvulas de compuerta,UNSPSC
ocds-dgv273-seacev3-1190677,ocds-dgv273-seacev3-1190677-2026-04-18T10:19:01.882401-05:00,1190677,21209761,77101805,Servicios de control de calidad ambiental,UNSPSC
ocds-dgv273-seacev3-1188821,ocds-dgv273-seacev3-1188821-2026-04-18T10:19:00.030262-05:00,1188821,21204434,81101508,Ingeniería arquitectónica,UNSPSC
ocds-dgv273-seacev3-1202050,ocds-dgv273-seacev3-1202050-2026-04-18T10:18:58.385717-05:00,1202050,21241482,80101604,Administración o planificación de proyectos,UNSPSC
ocds-dgv273-seacev3-1192888,ocds-dgv273-seacev3-1192888-2026-04-18T10:18:57.998720-05:00,1192888,21214929,81101510,Ingeniería de carreteras,UNSPSC
ocds-dgv273-seacev3-1191128,ocds-dgv273-seacev3-1191128-2026-04-18T10:18:57.904674-05:00,1191128,21210523,41115806,Accesorios o suministros de analizadores de gases sanguíneos,UNSPSC
ocds-dgv273-seacev3-2026-923-4,ocds-dgv273-seacev3-2026-923-4-2026-04-18T10:18:57.330546-05:00,1188190,21203186,50131702,Leche o productos de mantequilla estables sin refrigerar,UNSPSC
ocds-dgv273-seacev3-1187199,ocds-dgv273-seacev3-1187199-2026-04-18T10:18:57.316811-05:00,1187199,21198332,77101805,Servicios de control de calidad ambiental,UNSPSC
ocds-dgv273-seacev3-1184289,ocds-dgv273-seacev3-1184289-2026-04-18T10:18:57.105718-05:00,1184289,21193572,72141128,Servicio de remodelación  y/o construcción de plazas públicas,UNSPSC
ocds-dgv273-seacev3-2026-273-1,ocds-dgv273-seacev3-2026-273-1-2026-04-18T10:18:57.076253-05:00,1187483,21201070,15101505,Diesel,UNSPSC
ocds-dgv273-seacev3-1190799,ocds-dgv273-seacev3-1190799-2026-04-18T10:18:52.247485-05:00,1190799,21209878,72141105,Servicios de construcción y reparación de veredas,UNSPSC
ocds-dgv273-seacev3-2026-200302-17,ocds-dgv273-seacev3-2026-200302-17-2026-04-18T10:18:52.202549-05:00,1188994,21204919,91111603,Servicios de cocina o preparación de comidas,UNSPSC
ocds-dgv273-seacev3-2026-685-4,ocds-dgv273-seacev3-2026-685-4-2026-04-18T10:18:51.559260-05:00,1189827,21207097,72153102,Servicios de construcción de campos deportivos interiores,UNSPSC
ocds-dgv273-seacev3-1189895,ocds-dgv273-seacev3-1189895-2026-04-18T10:18:50.762179-05:00,1189895,21207465,77101805,Servicios de control de calidad ambiental,UNSPSC
ocds-dgv273-seacev3-1190699,ocds-dgv273-seacev3-1190699-2026-04-18T10:18:50.592413-05:00,1190699,21209780,77101805,Servicios de control de calidad ambiental,UNSPSC
ocds-dgv273-seacev3-1189893,ocds-dgv273-seacev3-1189893-2026-04-18T10:18:50.411022-05:00,1189893,21207371,77101805,Servicios de control de calidad ambiental,UNSPSC
ocds-dgv273-seacev3-1190502,ocds-dgv273-seacev3-1190502-2026-04-18T10:18:49.203015-05:00,1190502,21209090,77101805,Servicios de control de calidad ambiental,UNSPSC
ocds-dgv273-seacev3-1189911,ocds-dgv273-seacev3-1189911-2026-04-18T10:18:47.139066-05:00,1189911,21207401,30111601,Cemento,UNSPSC
ocds-dgv273-seacev3-1189498,ocds-dgv273-seacev3-1189498-2026-04-18T10:18:46.715044-05:00,1189498,21206018,81101515,Ingeniería de infraestructura de plantas o instalaciones,UNSPSC
ocds-dgv273-seacev3-1187446,ocds-dgv273-seacev3-1187446-2026-04-18T10:18:45.872164-05:00,1187446,21201261,77101805,Servicios de control de calidad ambiental,UNSPSC
ocds-dgv273-seacev3-2026-286-4,ocds-dgv273-seacev3-2026-286-4-2026-04-18T10:18:45.836312-05:00,1186236,21199779,72121203,Servicios de construcción de silos y de edificaciones para servicio agrícola,UNSPSC
ocds-dgv273-seacev3-2026-80812-16,ocds-dgv273-seacev3-2026-80812-16-2026-04-18T10:18:45.806080-05:00,1188562,21203934,72154013,Servicios de construcción de cercos,UNSPSC
ocds-dgv273-seacev3-1187006,ocds-dgv273-seacev3-1187006-2026-04-18T10:18:45.744410-05:00,1187006,21198191,81112303,Mantenimiento de la computadora central,UNSPSC
ocds-dgv273-seacev3-2026-200199-7,ocds-dgv273-seacev3-2026-200199-7-2026-04-18T10:18:45.635288-05:00,1186351,21199913,39121103,Tableros de control,UNSPSC
ocds-dgv273-seacev3-1186787,ocds-dgv273-seacev3-1186787-2026-04-18T10:18:45.371406-05:00,1186787,21198013,80131502,Alquiler de instalaciones comerciales o industriales,UNSPSC
ocds-dgv273-seacev3-1187599,ocds-dgv273-seacev3-1187599-2026-04-18T10:18:45.196684-05:00,1187599,21201480,77101805,Servicios de control de calidad ambiental,UNSPSC
ocds-dgv273-seacev3-2026-399-40,ocds-dgv273-seacev3-2026-399-40-2026-04-17T10:29:16.033839-05:00,1190520,21209129,53102799,Uniformes,UNSPSC
ocds-dgv273-seacev3-2026-51-93,ocds-dgv273-seacev3-2026-51-93-2026-04-17T10:29:13.336110-05:00,1190518,21209126,25101801,Motocicletas,UNSPSC
ocds-dgv273-seacev3-2026-828-1,ocds-dgv273-seacev3-2026-828-1-2026-04-17T10:29:10.299781-05:00,1190887,21210195,50131702,Leche o productos de mantequilla estables sin refrigerar,UNSPSC
ocds-dgv273-seacev3-2026-828-1,ocds-dgv273-seacev3-2026-828-1-2026-04-17T10:29:10.299781-05:00,1190887,21210196,50221102,Harina de cereales,UNSPSC
ocds-dgv273-seacev3-1187359,ocds-dgv273-seacev3-1187359-2026-04-17T10:29:09.248401-05:00,1187359,21200962,50131702,Leche o productos de mantequilla estables sin refrigerar,UNSPSC
ocds-dgv273-seacev3-1187380,ocds-dgv273-seacev3-1187380-2026-04-17T10:29:09.089058-05:00,1187380,21201162,72141128,Servicio de remodelación  y/o construcción de plazas públicas,UNSPSC
ocds-dgv273-seacev3-2026-1301-14,ocds-dgv273-seacev3-2026-1301-14-2026-04-17T10:29:08.995367-05:00,1186682,21197959,30111601,Cemento,UNSPSC
ocds-dgv273-seacev3-1187740,ocds-dgv273-seacev3-1187740-2026-04-17T10:29:08.143712-05:00,1187740,21201726,72153102,Servicios de construcción de campos deportivos interiores,UNSPSC
ocds-dgv273-seacev3-1191007,ocds-dgv273-seacev3-1191007-2026-04-17T10:29:05.286191-05:00,1191007,21210404,30111601,Cemento,UNSPSC
ocds-dgv273-seacev3-2026-1760-3,ocds-dgv273-seacev3-2026-1760-3-2026-04-17T10:29:03.315118-05:00,1190586,21209405,81101510,Ingeniería de carreteras,UNSPSC
ocds-dgv273-seacev3-1188757,ocds-dgv273-seacev3-1188757-2026-04-17T10:29:00.232406-05:00,1188757,21204342,72153102,Servicios de construcción de campos deportivos interiores,UNSPSC
ocds-dgv273-seacev3-1190879,ocds-dgv273-seacev3-1190879-2026-04-17T10:29:00.050599-05:00,1190879,21210163,51191602,Electrolitos de cloruro de sodio,UNSPSC
ocds-dgv273-seacev3-1190879,ocds-dgv273-seacev3-1190879-2026-04-17T10:29:00.050599-05:00,1190879,21210161,51171707,Subsalicilato de bismuto,UNSPSC
ocds-dgv273-seacev3-1190879,ocds-dgv273-seacev3-1190879-2026-04-17T10:29:00.050599-05:00,1190879,21210162,51183505,Metformina,UNSPSC
ocds-dgv273-seacev3-2026-1952-28,ocds-dgv273-seacev3-2026-1952-28-2026-04-17T10:28:59.413777-05:00,1195402,21221444,80122101,Servicio de consultoría sobre derecho administrativo,UNSPSC
ocds-dgv273-seacev3-2026-200302-24,ocds-dgv273-seacev3-2026-200302-24-2026-04-17T10:28:58.276296-05:00,1188619,21204068,91111603,Servicios de cocina o preparación de comidas,UNSPSC
ocds-dgv273-seacev3-2026-1379-7,ocds-dgv273-seacev3-2026-1379-7-2026-04-17T10:28:58.165515-05:00,1187021,21200612,50421801,Fréjoles secos,UNSPSC
ocds-dgv273-seacev3-1191055,ocds-dgv273-seacev3-1191055-2026-04-17T10:28:54.004200-05:00,1191055,21210464,50131702,Leche o productos de mantequilla estables sin refrigerar,UNSPSC
ocds-dgv273-seacev3-2026-200554-4,ocds-dgv273-seacev3-2026-200554-4-2026-04-17T10:28:53.915170-05:00,1190869,21210135,84131503,Seguro de automóviles o camiones,UNSPSC
ocds-dgv273-seacev3-1191414,ocds-dgv273-seacev3-1191414-2026-04-17T10:28:50.860806-05:00,1191414,21211352,46181802,Gafas de seguridad,UNSPSC
ocds-dgv273-seacev3-2026-815-13,ocds-dgv273-seacev3-2026-815-13-2026-04-17T10:28:50.517406-05:00,1190338,21208646,30111505,Hormigón premezclado,UNSPSC
ocds-dgv273-seacev3-1200587,ocds-dgv273-seacev3-1200587-2026-04-17T10:28:49.001894-05:00,1200587,21235305,72141121,Servicios de construcción de tuberías principales de agua,UNSPSC
ocds-dgv273-seacev3-2026-1807-15,ocds-dgv273-seacev3-2026-1807-15-2026-04-17T10:28:48.907972-05:00,1189427,21205906,72121101,Servicios de construcción de nuevos edificios comerciales y de oficinas,UNSPSC
ocds-dgv273-seacev3-1189393,ocds-dgv273-seacev3-1189393-2026-04-17T10:28:48.499424-05:00,1189393,21205699,72141701,Servicio de arrendamiento o alquiler de maquinaria de construcción,UNSPSC
ocds-dgv273-seacev3-2026-574-1,ocds-dgv273-seacev3-2026-574-1-2026-04-17T10:28:48.417612-05:00,1191784,21198671,50221101,Granos de cereal,UNSPSC
ocds-dgv273-seacev3-2026-574-1,ocds-dgv273-seacev3-2026-574-1-2026-04-17T10:28:48.417612-05:00,1191784,21212186,50221101,Granos de cereal,UNSPSC
ocds-dgv273-seacev3-1187909,ocds-dgv273-seacev3-1187909-2026-04-17T10:28:47.237363-05:00,1187909,21202236,30111601,Cemento,UNSPSC
ocds-dgv273-seacev3-1187829,ocds-dgv273-seacev3-1187829-2026-04-17T10:28:47.175447-05:00,1187829,21202124,81101508,Ingeniería arquitectónica,UNSPSC
ocds-dgv273-seacev3-2026-200302-30,ocds-dgv273-seacev3-2026-200302-30-2026-04-17T10:28:47.142293-05:00,1189040,21204925,91111603,Servicios de cocina o preparación de comidas,UNSPSC
ocds-dgv273-seacev3-2026-1593-1,ocds-dgv273-seacev3-2026-1593-1-2026-04-17T10:28:46.565137-05:00,1186092,21199605,50131702,Leche o productos de mantequilla estables sin refrigerar,UNSPSC
ocds-dgv273-seacev3-1185688,ocds-dgv273-seacev3-1185688-2026-04-17T10:28:46.551553-05:00,1185688,21197048,72101507,Servicio de mantenimiento de edificios,UNSPSC
ocds-dgv273-seacev3-2026-1678-2,ocds-dgv273-seacev3-2026-1678-2-2026-04-17T10:28:41.989223-05:00,1191607,21211680,50131702,Leche o productos de mantequilla estables sin refrigerar,UNSPSC
ocds-dgv273-seacev3-1188179,ocds-dgv273-seacev3-1188179-2026-04-17T10:28:36.705276-05:00,1188179,21203167,15101505,Diesel,UNSPSC
ocds-dgv273-seacev3-2026-551-1,ocds-dgv273-seacev3-2026-551-1-2026-04-17T10:28:36.639664-05:00,1186242,21197624,50192109,"Papas fritas en hojuelas y al hilo, mix de bocaditos o galletas saladas",UNSPSC
ocds-dgv273-seacev3-2026-551-1,ocds-dgv273-seacev3-2026-551-1-2026-04-17T10:28:36.639664-05:00,1186242,21197623,50131701,Leche fresca y productos de mantequilla,UNSPSC
ocds-dgv273-seacev3-2026-1034-7,ocds-dgv273-seacev3-2026-1034-7-2026-04-17T10:28:36.600578-05:00,1186040,21199547,72141121,Servicios de construcción de tuberías principales de agua,UNSPSC
ocds-dgv273-seacev3-2026-1274-8,ocds-dgv273-seacev3-2026-1274-8-2026-04-17T10:28:35.959908-05:00,1187178,21200737,50131701,Leche fresca y productos de mantequilla,UNSPSC
ocds-dgv273-seacev3-1191021,ocds-dgv273-seacev3-1191021-2026-04-17T10:28:31.678283-05:00,1191021,21210382,30131602,Ladrillos de cerámica,UNSPSC
ocds-dgv273-seacev3-1187945,ocds-dgv273-seacev3-1187945-2026-04-17T10:28:30.193686-05:00,1187945,21202273,72141107,Servicios de construcción y reparación de puentes,UNSPSC
ocds-dgv273-seacev3-2026-754-1,ocds-dgv273-seacev3-2026-754-1-2026-04-17T10:28:29.204939-05:00,1191919,21212462,50131702,Leche o productos de mantequilla estables sin refrigerar,UNSPSC
ocds-dgv273-seacev3-1191316,ocds-dgv273-seacev3-1191316-2026-04-17T10:28:27.850253-05:00,1191316,21211074,50221101,Granos de cereal,UNSPSC
ocds-dgv273-seacev3-1191316,ocds-dgv273-seacev3-1191316-2026-04-17T10:28:27.850253-05:00,1191316,21211075,50131702,Leche o productos de mantequilla estables sin refrigerar,UNSPSC
ocds-dgv273-seacev3-2026-1683-3,ocds-dgv273-seacev3-2026-1683-3-2026-04-17T10:28:27.734583-05:00,1189618,21206389,72141121,Servicios de construcción de tuberías principales de agua,UNSPSC
ocds-dgv273-seacev3-2026-10526-2,ocds-dgv273-seacev3-2026-10526-2-2026-04-17T10:28:27.547911-05:00,1189471,21205979,72141003,Servicios de mantenimiento de pistas y carreteras,UNSPSC
ocds-dgv273-seacev3-1190924,ocds-dgv273-seacev3-1190924-2026-04-17T10:28:27.170729-05:00,1190924,21210245,72141106,Servicios de construcción de caminos de grava o tierra,UNSPSC
ocds-dgv273-seacev3-1190777,ocds-dgv273-seacev3-1190777-2026-04-17T10:28:26.320455-05:00,1190777,21209891,78101805,Servicio de alquiler de camión pipa y tráiler,UNSPSC
ocds-dgv273-seacev3-1190777,ocds-dgv273-seacev3-1190777-2026-04-17T10:28:26.320455-05:00,1190777,21209890,78101805,Servicio de alquiler de camión pipa y tráiler,UNSPSC
ocds-dgv273-seacev3-1185580,ocds-dgv273-seacev3-1185580-2026-04-17T10:28:25.848500-05:00,1185580,21196957,76111505,Servicios de limpieza de telas y muebles,UNSPSC
ocds-dgv273-seacev3-1188792,ocds-dgv273-seacev3-1188792-2026-04-17T10:28:25.831730-05:00,1188792,21204416,72153102,Servicios de construcción de campos deportivos interiores,UNSPSC
ocds-dgv273-seacev3-2026-1678-1,ocds-dgv273-seacev3-2026-1678-1-2026-04-17T10:28:25.627000-05:00,1187456,21201059,50131702,Leche o productos de mantequilla estables sin refrigerar,UNSPSC
ocds-dgv273-seacev3-2026-10189-1,ocds-dgv273-seacev3-2026-10189-1-2026-04-17T10:28:25.604484-05:00,1186446,21197808,92101501,Servicios de vigilancia,UNSPSC
ocds-dgv273-seacev3-2026-10189-1,ocds-dgv273-seacev3-2026-10189-1-2026-04-17T10:28:25.604484-05:00,1186446,21197807,92101501,Servicios de vigilancia,UNSPSC
ocds-dgv273-seacev3-2026-10189-1,ocds-dgv273-seacev3-2026-10189-1-2026-04-17T10:28:25.604484-05:00,1186446,21197805,92101501,Servicios de vigilancia,UNSPSC
ocds-dgv273-seacev3-2026-10189-1,ocds-dgv273-seacev3-2026-10189-1-2026-04-17T10:28:25.604484-05:00,1186446,21197806,92101501,Servicios de vigilancia,UNSPSC
ocds-dgv273-seacev3-1186140,ocds-dgv273-seacev3-1186140-2026-04-17T10:28:25.323478-05:00,1186140,21197528,92101501,Servicios de vigilancia,UNSPSC
ocds-dgv273-seacev3-2026-374-52,ocds-dgv273-seacev3-2026-374-52-2026-04-17T10:28:20.292014-05:00,1190800,21209882,30111601,Cemento,UNSPSC
ocds-dgv273-seacev3-2026-1320-11,ocds-dgv273-seacev3-2026-1320-11-2026-04-17T10:28:19.286706-05:00,1189830,21207100,81101510,Ingeniería de carreteras,UNSPSC
ocds-dgv273-seacev3-1190842,ocds-dgv273-seacev3-1190842-2026-04-17T10:28:09.238484-05:00,1190842,21210086,72121411,Servicio de construcción de centros para convenciones,UNSPSC
ocds-dgv273-seacev3-1188133,ocds-dgv273-seacev3-1188133-2026-04-17T10:28:07.491844-05:00,1188133,21202737,50121538,Pescado estable sin refrigerar,UNSPSC
ocds-dgv273-seacev3-2026-1034-11,ocds-dgv273-seacev3-2026-1034-11-2026-04-17T10:28:03.314497-05:00,1186376,21197765,81101508,Ingeniería arquitectónica,UNSPSC
ocds-dgv273-seacev3-2026-1392-1,ocds-dgv273-seacev3-2026-1392-1-2026-04-16T10:37:00.969163-05:00,1189379,21205657,53102703,Uniformes de policía,UNSPSC
ocds-dgv273-seacev3-1191227,ocds-dgv273-seacev3-1191227-2026-04-16T10:37:00.908579-05:00,1191227,21210793,30121702,Geotextil,UNSPSC
ocds-dgv273-seacev3-1191847,ocds-dgv273-seacev3-1191847-2026-04-16T10:36:59.025353-05:00,1191847,21212223,51191602,Electrolitos de cloruro de sodio,UNSPSC
ocds-dgv273-seacev3-1195114,ocds-dgv273-seacev3-1195114-2026-04-16T10:36:58.635660-05:00,1195114,21220924,50421827,Pallares secos,UNSPSC
ocds-dgv273-seacev3-2026-2601-6,ocds-dgv273-seacev3-2026-2601-6-2026-04-16T10:36:58.143057-05:00,1188750,21204352,92101501,Servicios de vigilancia,UNSPSC
ocds-dgv273-seacev3-2026-10042-7,ocds-dgv273-seacev3-2026-10042-7-2026-04-16T10:36:57.356725-05:00,1189495,21206034,30111601,Cemento,UNSPSC
ocds-dgv273-seacev3-1191154,ocds-dgv273-seacev3-1191154-2026-04-16T10:36:57.221749-05:00,1191154,21210661,72153102,Servicios de construcción de campos deportivos interiores,UNSPSC
ocds-dgv273-seacev3-1187658,ocds-dgv273-seacev3-1187658-2026-04-16T10:36:55.847947-05:00,1187658,21201665,72121203,Servicios de construcción de silos y de edificaciones para servicio agrícola,UNSPSC
ocds-dgv273-seacev3-1187024,ocds-dgv273-seacev3-1187024-2026-04-16T10:36:55.747321-05:00,1187024,21198217,72153102,Servicios de construcción de campos deportivos interiores,UNSPSC
ocds-dgv273-seacev3-1186306,ocds-dgv273-seacev3-1186306-2026-04-16T10:36:55.050812-05:00,1186306,21199841,72121406,Servicios de construcción de escuelas,UNSPSC
ocds-dgv273-seacev3-1196401,ocds-dgv273-seacev3-1196401-2026-04-16T10:36:50.723334-05:00,1196401,21223753,72141003,Servicios de mantenimiento de pistas y carreteras,UNSPSC
ocds-dgv273-seacev3-2026-552-8,ocds-dgv273-seacev3-2026-552-8-2026-04-16T10:36:50.467925-05:00,1188395,21203439,50121538,Pescado estable sin refrigerar,UNSPSC
ocds-dgv273-seacev3-1191054,ocds-dgv273-seacev3-1191054-2026-04-16T10:36:50.451143-05:00,1191054,21210463,81141807,Servicio de inspección de instalaciones sanitarias o alcantarillado,UNSPSC
ocds-dgv273-seacev3-1190862,ocds-dgv273-seacev3-1190862-2026-04-16T10:36:50.010335-05:00,1190862,21210089,30102215,Plancha de plástico,UNSPSC
ocds-dgv273-seacev3-1192104,ocds-dgv273-seacev3-1192104-2026-04-16T10:36:44.456196-05:00,1192104,21213409,80131502,Alquiler de instalaciones comerciales o industriales,UNSPSC
ocds-dgv273-seacev3-1191532,ocds-dgv273-seacev3-1191532-2026-04-16T10:36:38.511554-05:00,1191532,21211519,72141128,Servicio de remodelación  y/o construcción de plazas públicas,UNSPSC
ocds-dgv273-seacev3-1196045,ocds-dgv273-seacev3-1196045-2026-04-16T10:36:37.148939-05:00,1196045,21222816,15101506,Gasolina o Petróleo,UNSPSC
ocds-dgv273-seacev3-1191629,ocds-dgv273-seacev3-1191629-2026-04-16T10:36:36.963715-05:00,1191629,21211769,15101505,Diesel,UNSPSC
ocds-dgv273-seacev3-2026-488-2,ocds-dgv273-seacev3-2026-488-2-2026-04-16T10:36:33.995549-05:00,1191842,21212216,42131608,Uniformes para el personal médico,UNSPSC
ocds-dgv273-seacev3-2026-200302-27,ocds-dgv273-seacev3-2026-200302-27-2026-04-16T10:36:33.867828-05:00,1189021,21204946,91111603,Servicios de cocina o preparación de comidas,UNSPSC
ocds-dgv273-seacev3-1191965,ocds-dgv273-seacev3-1191965-2026-04-16T10:36:32.092304-05:00,1191965,21212836,91111603,Servicios de cocina o preparación de comidas,UNSPSC
ocds-dgv273-seacev3-1188016,ocds-dgv273-seacev3-1188016-2026-04-16T10:36:31.314954-05:00,1188016,21202683,72121406,Servicios de construcción de escuelas,UNSPSC
ocds-dgv273-seacev3-1187840,ocds-dgv273-seacev3-1187840-2026-04-16T10:36:30.829010-05:00,1187840,21202146,50424501,Lentejas secas,UNSPSC
ocds-dgv273-seacev3-2026-1392-4,ocds-dgv273-seacev3-2026-1392-4-2026-04-16T10:36:26.687672-05:00,1189749,21206592,50192109,"Papas fritas en hojuelas y al hilo, mix de bocaditos o galletas saladas",UNSPSC
ocds-dgv273-seacev3-2026-10184-8,ocds-dgv273-seacev3-2026-10184-8-2026-04-16T10:36:25.808843-05:00,1190116,21207884,50111513,Carne de res mínimamente procesada sin aditivos,UNSPSC
ocds-dgv273-seacev3-2026-10184-8,ocds-dgv273-seacev3-2026-10184-8-2026-04-16T10:36:25.808843-05:00,1190116,21207882,50111513,Carne de res mínimamente procesada sin aditivos,UNSPSC
ocds-dgv273-seacev3-2026-10184-8,ocds-dgv273-seacev3-2026-10184-8-2026-04-16T10:36:25.808843-05:00,1190116,21207883,50111515,Pollo mínimamente procesado sin aditivos,UNSPSC
ocds-dgv273-seacev3-1190803,ocds-dgv273-seacev3-1190803-2026-04-16T10:36:25.296516-05:00,1190803,21209884,15101505,Diesel,UNSPSC
ocds-dgv273-seacev3-1190998,ocds-dgv273-seacev3-1190998-2026-04-16T10:36:24.116639-05:00,1190998,21210345,91111603,Servicios de cocina o preparación de comidas,UNSPSC
ocds-dgv273-seacev3-1195767,ocds-dgv273-seacev3-1195767-2026-04-16T10:36:22.388453-05:00,1195767,21222426,21101801,Aspersores,UNSPSC
ocds-dgv273-seacev3-1188070,ocds-dgv273-seacev3-1188070-2026-04-16T10:36:20.827209-05:00,1188070,21203081,80131502,Alquiler de instalaciones comerciales o industriales,UNSPSC
ocds-dgv273-seacev3-2026-1031-2,ocds-dgv273-seacev3-2026-1031-2-2026-04-16T10:36:20.580011-05:00,1189549,21206216,80101604,Administración o planificación de proyectos,UNSPSC
ocds-dgv273-seacev3-2026-422-13,ocds-dgv273-seacev3-2026-422-13-2026-04-16T10:36:18.781484-05:00,1187608,21201641,72153102,Servicios de construcción de campos deportivos interiores,UNSPSC
ocds-dgv273-seacev3-1188625,ocds-dgv273-seacev3-1188625-2026-04-16T10:36:18.747023-05:00,1188625,21204084,30111601,Cemento,UNSPSC
ocds-dgv273-seacev3-1186361,ocds-dgv273-seacev3-1186361-2026-04-16T10:36:18.450284-05:00,1186361,21197735,15101505,Diesel,UNSPSC
ocds-dgv273-seacev3-1191420,ocds-dgv273-seacev3-1191420-2026-04-16T10:36:06.369372-05:00,1191420,21211310,30111601,Cemento,UNSPSC
ocds-dgv273-seacev3-1189294,ocds-dgv273-seacev3-1189294-2026-04-16T10:36:06.275756-05:00,1189294,21205542,92101501,Servicios de vigilancia,UNSPSC
ocds-dgv273-seacev3-2026-705-40,ocds-dgv273-seacev3-2026-705-40-2026-04-16T10:36:06.155772-05:00,1190619,21209343,15101505,Diesel,UNSPSC
ocds-dgv273-seacev3-2026-705-40,ocds-dgv273-seacev3-2026-705-40-2026-04-16T10:36:06.155772-05:00,1190619,21209342,15101506,Gasolina o Petróleo,UNSPSC
ocds-dgv273-seacev3-1191243,ocds-dgv273-seacev3-1191243-2026-04-16T10:36:05.581300-05:00,1191243,21210889,72141128,Servicio de remodelación  y/o construcción de plazas públicas,UNSPSC
ocds-dgv273-seacev3-1189280,ocds-dgv273-seacev3-1189280-2026-04-16T10:36:02.201422-05:00,1189280,21205455,15101505,Diesel,UNSPSC
ocds-dgv273-seacev3-1189280,ocds-dgv273-seacev3-1189280-2026-04-16T10:36:02.201422-05:00,1189280,21205456,15101506,Gasolina o Petróleo,UNSPSC
ocds-dgv273-seacev3-1187529,ocds-dgv273-seacev3-1187529-2026-04-16T10:36:00.321074-05:00,1187529,21201380,72121406,Servicios de construcción de escuelas,UNSPSC
ocds-dgv273-seacev3-1186774,ocds-dgv273-seacev3-1186774-2026-04-16T10:36:00.235930-05:00,1186774,21200366,42161632,Unidades de hemodiálisis,UNSPSC
ocds-dgv273-seacev3-2026-88-2,ocds-dgv273-seacev3-2026-88-2-2026-04-16T10:35:59.578677-05:00,1186591,21200224,24102402,Compactador estacionario para basura,UNSPSC
ocds-dgv273-seacev3-1190501,ocds-dgv273-seacev3-1190501-2026-04-16T10:35:54.691188-05:00,1190501,21209072,72141128,Servicio de remodelación  y/o construcción de plazas públicas,UNSPSC
ocds-dgv273-seacev3-1192091,ocds-dgv273-seacev3-1192091-2026-04-16T10:35:54.618742-05:00,1192091,21212759,81101508,Ingeniería arquitectónica,UNSPSC
ocds-dgv273-seacev3-2026-1031-10,ocds-dgv273-seacev3-2026-1031-10-2026-04-16T10:35:54.089874-05:00,1190783,21209899,50131702,Leche o productos de mantequilla estables sin refrigerar,UNSPSC
ocds-dgv273-seacev3-2026-845-2,ocds-dgv273-seacev3-2026-845-2-2026-04-16T10:35:53.854988-05:00,1189370,21205719,30111601,Cemento,UNSPSC
ocds-dgv273-seacev3-1189504,ocds-dgv273-seacev3-1189504-2026-04-16T10:35:52.983894-05:00,1189504,21206081,91111601,Servicios de limpieza y mantenimiento,UNSPSC
ocds-dgv273-seacev3-1190704,ocds-dgv273-seacev3-1190704-2026-04-16T10:35:52.717391-05:00,1190704,21209790,72141003,Servicios de mantenimiento de pistas y carreteras,UNSPSC
ocds-dgv273-seacev3-2026-1175-1,ocds-dgv273-seacev3-2026-1175-1-2026-04-16T10:35:51.286314-05:00,1189339,21205578,30111601,Cemento,UNSPSC
ocds-dgv273-seacev3-1190864,ocds-dgv273-seacev3-1190864-2026-04-16T10:35:49.656454-05:00,1190864,21210132,72141121,Servicios de construcción de tuberías principales de agua,UNSPSC
ocds-dgv273-seacev3-1191362,ocds-dgv273-seacev3-1191362-2026-04-16T10:35:49.411156-05:00,1191362,21211171,81101510,Ingeniería de carreteras,UNSPSC
ocds-dgv273-seacev3-2026-107-2,ocds-dgv273-seacev3-2026-107-2-2026-04-16T10:35:48.243145-05:00,1187900,21202225,15101505,Diesel,UNSPSC
ocds-dgv273-seacev3-1187814,ocds-dgv273-seacev3-1187814-2026-04-16T10:35:47.972515-05:00,1187814,21201956,50221108,Grano de arroz,UNSPSC
ocds-dgv273-seacev3-1191651,ocds-dgv273-seacev3-1191651-2026-04-16T10:35:42.250591-05:00,1191651,21211781,30111601,Cemento,UNSPSC
ocds-dgv273-seacev3-2026-10466-26,ocds-dgv273-seacev3-2026-10466-26-2026-04-16T10:35:42.208272-05:00,1190751,21209673,42161654,Dializadores para hemodiálisis con flujo paralelo,UNSPSC
ocds-dgv273-seacev3-2026-1526-9,ocds-dgv273-seacev3-2026-1526-9-2026-04-16T10:35:41.470899-05:00,1189248,21205453,15101505,Diesel,UNSPSC
ocds-dgv273-seacev3-2026-10184-10,ocds-dgv273-seacev3-2026-10184-10-2026-04-16T10:35:40.751481-05:00,1190114,21207877,50221102,Harina de cereales,UNSPSC
ocds-dgv273-seacev3-2026-10184-10,ocds-dgv273-seacev3-2026-10184-10-2026-04-16T10:35:40.751481-05:00,1190114,21207876,50221108,Grano de arroz,UNSPSC
ocds-dgv273-seacev3-2026-10184-10,ocds-dgv273-seacev3-2026-10184-10-2026-04-16T10:35:40.751481-05:00,1190114,21207874,50192902,Fideos o pastas simples estables sin refrigerar,UNSPSC
ocds-dgv273-seacev3-2026-10184-10,ocds-dgv273-seacev3-2026-10184-10-2026-04-16T10:35:40.751481-05:00,1190114,21207878,50161509,Azúcares naturales o productos edulcorantes,UNSPSC
ocds-dgv273-seacev3-2026-10184-10,ocds-dgv273-seacev3-2026-10184-10-2026-04-16T10:35:40.751481-05:00,1190114,21207875,50151513,Aceites comestibles vegetales o de plantas,UNSPSC
ocds-dgv273-seacev3-1190894,ocds-dgv273-seacev3-1190894-2026-04-16T10:35:40.613583-05:00,1190894,21210203,72121508,Servicio de construcción de preparación de planta,UNSPSC
ocds-dgv273-seacev3-1190845,ocds-dgv273-seacev3-1190845-2026-04-16T10:35:40.551350-05:00,1190845,21210075,72151903,Servicios de albañilería,UNSPSC
ocds-dgv273-seacev3-2026-798-3,ocds-dgv273-seacev3-2026-798-3-2026-04-16T10:35:37.646648-05:00,1191512,21211545,50221102,Harina de cereales,UNSPSC
ocds-dgv273-seacev3-2026-798-3,ocds-dgv273-seacev3-2026-798-3-2026-04-16T10:35:37.646648-05:00,1191512,21211544,50131702,Leche o productos de mantequilla estables sin refrigerar,UNSPSC
ocds-dgv273-seacev3-1191662,ocds-dgv273-seacev3-1191662-2026-04-16T10:35:37.393353-05:00,1191662,21211830,15111510,Gas de petróleo licuefactado,UNSPSC
ocds-dgv273-seacev3-1189699,ocds-dgv273-seacev3-1189699-2026-04-16T10:35:37.208287-05:00,1189699,21206483,15101505,Diesel,UNSPSC
ocds-dgv273-seacev3-1188806,ocds-dgv273-seacev3-1188806-2026-04-16T10:35:36.498646-05:00,1188806,21204455,72121101,Servicios de construcción de nuevos edificios comerciales y de oficinas,UNSPSC
ocds-dgv273-seacev3-2026-49-113,ocds-dgv273-seacev3-2026-49-113-2026-04-16T10:35:36.181469-05:00,1188511,21203731,30131602,Ladrillos de cerámica,UNSPSC
ocds-dgv273-seacev3-1188977,ocds-dgv273-seacev3-1188977-2026-04-16T10:35:36.166332-05:00,1188977,21204750,30111601,Cemento,UNSPSC
ocds-dgv273-seacev3-1188131,ocds-dgv273-seacev3-1188131-2026-04-16T10:35:36.058471-05:00,1188131,21202730,72121101,Servicios de construcción de nuevos edificios comerciales y de oficinas,UNSPSC
ocds-dgv273-seacev3-2026-49-68,ocds-dgv273-seacev3-2026-49-68-2026-04-16T10:35:35.641906-05:00,1187983,21202977,30111801,Agregado natural,UNSPSC
ocds-dgv273-seacev3-1190774,ocds-dgv273-seacev3-1190774-2026-04-16T10:35:31.874256-05:00,1190774,21209850,81101508,Ingeniería arquitectónica,UNSPSC
ocds-dgv273-seacev3-2026-1490-1,ocds-dgv273-seacev3-2026-1490-1-2026-04-16T10:35:30.290491-05:00,1191556,21211641,15101505,Diesel,UNSPSC
ocds-dgv273-seacev3-2026-1490-1,ocds-dgv273-seacev3-2026-1490-1-2026-04-16T10:35:30.290491-05:00,1191556,21211640,15101506,Gasolina o Petróleo,UNSPSC
ocds-dgv273-seacev3-2026-680-9,ocds-dgv273-seacev3-2026-680-9-2026-04-16T10:35:30.080471-05:00,1191503,21196527,72141121,Servicios de construcción de tuberías principales de agua,UNSPSC
ocds-dgv273-seacev3-2026-680-9,ocds-dgv273-seacev3-2026-680-9-2026-04-16T10:35:30.080471-05:00,1191503,21211505,72141121,Servicios de construcción de tuberías principales de agua,UNSPSC
ocds-dgv273-seacev3-1191985,ocds-dgv273-seacev3-1191985-2026-04-16T10:35:29.114281-05:00,1191985,21212660,30111601,Cemento,UNSPSC
ocds-dgv273-seacev3-2026-200405-2,ocds-dgv273-seacev3-2026-200405-2-2026-04-16T10:35:28.550651-05:00,1189651,21206453,15101505,Diesel,UNSPSC
ocds-dgv273-seacev3-2026-200405-2,ocds-dgv273-seacev3-2026-200405-2-2026-04-16T10:35:28.550651-05:00,1189651,21206454,15101506,Gasolina o Petróleo,UNSPSC
ocds-dgv273-seacev3-2026-1392-5,ocds-dgv273-seacev3-2026-1392-5-2026-04-16T10:35:28.302999-05:00,1189747,21206589,50131702,Leche o productos de mantequilla estables sin refrigerar,UNSPSC
ocds-dgv273-seacev3-1191728,ocds-dgv273-seacev3-1191728-2026-04-16T10:35:27.614302-05:00,1191728,21211909,72152707,Servicios de construcción de muros de retención,UNSPSC
ocds-dgv273-seacev3-1191834,ocds-dgv273-seacev3-1191834-2026-04-16T10:35:27.486713-05:00,1191834,21212226,81101508,Ingeniería arquitectónica,UNSPSC
ocds-dgv273-seacev3-2026-1890-18,ocds-dgv273-seacev3-2026-1890-18-2026-04-16T10:35:26.720184-05:00,1188074,21203096,91111603,Servicios de cocina o preparación de comidas,UNSPSC
ocds-dgv273-seacev3-2026-447-4,ocds-dgv273-seacev3-2026-447-4-2026-04-16T10:35:25.415073-05:00,1190689,21209773,50221108,Grano de arroz,UNSPSC
ocds-dgv273-seacev3-2026-1568-3,ocds-dgv273-seacev3-2026-1568-3-2026-04-16T10:35:24.794627-05:00,1190681,21209738,81101508,Ingeniería arquitectónica,UNSPSC
ocds-dgv273-seacev3-1188689,ocds-dgv273-seacev3-1188689-2026-04-16T10:35:23.945513-05:00,1188689,21204196,72141701,Servicio de arrendamiento o alquiler de maquinaria de construcción,UNSPSC
ocds-dgv273-seacev3-1204903,ocds-dgv273-seacev3-1204903-2026-04-12T10:05:12.182887-05:00,1204903,21247852,72141003,Servicios de mantenimiento de pistas y carreteras,UNSPSC
ocds-dgv273-seacev3-1202216,ocds-dgv273-seacev3-1202216-2026-04-12T10:05:11.090106-05:00,1202216,21242046,72141003,Servicios de mantenimiento de pistas y carreteras,UNSPSC
ocds-dgv273-seacev3-1192410,ocds-dgv273-seacev3-1192410-2026-04-12T10:05:08.753999-05:00,1192410,21213847,72141003,Servicios de mantenimiento de pistas y carreteras,UNSPSC
ocds-dgv273-seacev3-1191634,ocds-dgv273-seacev3-1191634-2026-04-12T10:05:08.671016-05:00,1191634,21211778,78131603,Almacenamiento de muebles,UNSPSC
ocds-dgv273-seacev3-1190246,ocds-dgv273-seacev3-1190246-2026-04-12T10:05:08.592502-05:00,1190246,21209800,15101506,Gasolina o Petróleo,UNSPSC
ocds-dgv273-seacev3-2026-67-3,ocds-dgv273-seacev3-2026-67-3-2026-04-12T10:05:08.577694-05:00,1190093,21208021,50131702,Leche o productos de mantequilla estables sin refrigerar,UNSPSC
ocds-dgv273-seacev3-1188705,ocds-dgv273-seacev3-1188705-2026-04-12T10:05:08.503002-05:00,1188705,21204220,50131702,Leche o productos de mantequilla estables sin refrigerar,UNSPSC
ocds-dgv273-seacev3-1188224,ocds-dgv273-seacev3-1188224-2026-04-12T10:05:08.471063-05:00,1188224,21202800,72154032,"Servicios de instalación y reparación de ventanas, puertas y paneles divisorios",UNSPSC
ocds-dgv273-seacev3-1199353,ocds-dgv273-seacev3-1199353-2026-04-12T10:05:06.598337-05:00,1199353,21231267,72141003,Servicios de mantenimiento de pistas y carreteras,UNSPSC
ocds-dgv273-seacev3-1199393,ocds-dgv273-seacev3-1199393-2026-04-12T10:05:05.612020-05:00,1199393,21231338,72141003,Servicios de mantenimiento de pistas y carreteras,UNSPSC
ocds-dgv273-seacev3-1199342,ocds-dgv273-seacev3-1199342-2026-04-12T10:05:05.279810-05:00,1199342,21231196,72141003,Servicios de mantenimiento de pistas y carreteras,UNSPSC
ocds-dgv273-seacev3-2026-191147-16,ocds-dgv273-seacev3-2026-191147-16-2026-04-12T10:05:05.135361-05:00,1189059,21204966,15101506,Gasolina o Petróleo,UNSPSC
ocds-dgv273-seacev3-2026-191147-16,ocds-dgv273-seacev3-2026-191147-16-2026-04-12T10:05:05.135361-05:00,1189059,21204945,15101505,Diesel,UNSPSC
ocds-dgv273-seacev3-1199394,ocds-dgv273-seacev3-1199394-2026-04-12T10:05:03.660072-05:00,1199394,21231341,72141003,Servicios de mantenimiento de pistas y carreteras,UNSPSC
ocds-dgv273-seacev3-1189817,ocds-dgv273-seacev3-1189817-2026-04-12T10:05:03.070989-05:00,1189817,21206716,39121011,Fuente de energía ininterrumpida UPS,UNSPSC
ocds-dgv273-seacev3-1190567,ocds-dgv273-seacev3-1190567-2026-04-12T10:05:02.451781-05:00,1190567,21209305,72121203,Servicios de construcción de silos y de edificaciones para servicio agrícola,UNSPSC
ocds-dgv273-seacev3-1190567,ocds-dgv273-seacev3-1190567-2026-04-12T10:05:02.451781-05:00,1190567,21209304,72121203,Servicios de construcción de silos y de edificaciones para servicio agrícola,UNSPSC
ocds-dgv273-seacev3-1191246,ocds-dgv273-seacev3-1191246-2026-04-12T10:05:02.018828-05:00,1191246,21210891,80131502,Alquiler de instalaciones comerciales o industriales,UNSPSC
ocds-dgv273-seacev3-1199365,ocds-dgv273-seacev3-1199365-2026-04-12T10:05:01.800006-05:00,1199365,21231280,72141003,Servicios de mantenimiento de pistas y carreteras,UNSPSC
ocds-dgv273-seacev3-2026-1209-5,ocds-dgv273-seacev3-2026-1209-5-2026-04-12T10:05:01.151098-05:00,1190900,21210176,72151502,Servicios de instalación de sistemas de energía eléctrica,UNSPSC
ocds-dgv273-seacev3-2026-1003048448-3,ocds-dgv273-seacev3-2026-1003048448-3-2026-04-12T10:05:00.484866-05:00,1192083,21213138,92101501,Servicios de vigilancia,UNSPSC
ocds-dgv273-seacev3-1188191,ocds-dgv273-seacev3-1188191-2026-04-12T10:04:59.860978-05:00,1188191,21202794,72121505,Servicios de construcción de plantas para tratamiento de aguas residuales y aguas servidas,UNSPSC
ocds-dgv273-seacev3-1191707,ocds-dgv273-seacev3-1191707-2026-04-12T10:04:56.831971-05:00,1191707,21211875,78131603,Almacenamiento de muebles,UNSPSC
ocds-dgv273-seacev3-1186299,ocds-dgv273-seacev3-1186299-2026-04-12T10:04:52.024987-05:00,1186299,21197668,81101515,Ingeniería de infraestructura de plantas o instalaciones,UNSPSC
ocds-dgv273-seacev3-2026-165038-2,ocds-dgv273-seacev3-2026-165038-2-2026-04-12T10:04:52.005960-05:00,1188559,21203929,80131502,Alquiler de instalaciones comerciales o industriales,UNSPSC
ocds-dgv273-seacev3-1191535,ocds-dgv273-seacev3-1191535-2026-04-12T10:04:47.707924-05:00,1191535,21211608,72141003,Servicios de mantenimiento de pistas y carreteras,UNSPSC
ocds-dgv273-seacev3-1191600,ocds-dgv273-seacev3-1191600-2026-04-12T10:04:47.629881-05:00,1191600,21211750,80131502,Alquiler de instalaciones comerciales o industriales,UNSPSC
ocds-dgv273-seacev3-1191632,ocds-dgv273-seacev3-1191632-2026-04-12T10:04:47.613254-05:00,1191632,21211776,80131502,Alquiler de instalaciones comerciales o industriales,UNSPSC
ocds-dgv273-seacev3-2026-1003085139-1,ocds-dgv273-seacev3-2026-1003085139-1-2026-04-12T10:04:47.357065-05:00,1189394,21205700,78111808,Alquiler de vehículos,UNSPSC
ocds-dgv273-seacev3-1188460,ocds-dgv273-seacev3-1188460-2026-04-12T10:04:45.900404-05:00,1188460,21203673,72141001,Servicios de construcción de pistas y carreteras nuevas,UNSPSC
ocds-dgv273-seacev3-1188964,ocds-dgv273-seacev3-1188964-2026-04-12T10:04:45.257609-05:00,1188964,21204843,72141003,Servicios de mantenimiento de pistas y carreteras,UNSPSC
ocds-dgv273-seacev3-1191813,ocds-dgv273-seacev3-1191813-2026-04-12T10:04:45.127766-05:00,1191813,21212199,86101808,Desarrollo de fuerza de trabajo del sector público,UNSPSC
ocds-dgv273-seacev3-1192544,ocds-dgv273-seacev3-1192544-2026-04-12T10:04:43.254070-05:00,1192544,21214020,42161613,Filtros dializadores de colodión para hemodiálisis,UNSPSC
ocds-dgv273-seacev3-1192544,ocds-dgv273-seacev3-1192544-2026-04-12T10:04:43.254070-05:00,1192544,21214021,42161608,Soluciones de dializados para hemodiálisis,UNSPSC
ocds-dgv273-seacev3-1188010,ocds-dgv273-seacev3-1188010-2026-04-12T10:04:42.143791-05:00,1188010,21202663,15101506,Gasolina o Petróleo,UNSPSC
ocds-dgv273-seacev3-1188010,ocds-dgv273-seacev3-1188010-2026-04-12T10:04:42.143791-05:00,1188010,21202664,15101505,Diesel,UNSPSC
ocds-dgv273-seacev3-1188156,ocds-dgv273-seacev3-1188156-2026-04-12T10:04:42.127520-05:00,1188156,21202761,81101508,Ingeniería arquitectónica,UNSPSC
ocds-dgv273-seacev3-1186742,ocds-dgv273-seacev3-1186742-2026-04-12T10:04:42.075309-05:00,1186742,21197983,72153102,Servicios de construcción de campos deportivos interiores,UNSPSC
ocds-dgv273-seacev3-1186136,ocds-dgv273-seacev3-1186136-2026-04-12T10:04:41.882885-05:00,1186136,21197531,81101510,Ingeniería de carreteras,UNSPSC
ocds-dgv273-seacev3-1199432,ocds-dgv273-seacev3-1199432-2026-04-12T10:04:38.193021-05:00,1199432,21231418,72141003,Servicios de mantenimiento de pistas y carreteras,UNSPSC
ocds-dgv273-seacev3-1199343,ocds-dgv273-seacev3-1199343-2026-04-12T10:04:37.121048-05:00,1199343,21231197,72141003,Servicios de mantenimiento de pistas y carreteras,UNSPSC
ocds-dgv273-seacev3-1199355,ocds-dgv273-seacev3-1199355-2026-04-12T10:04:36.935725-05:00,1199355,21231277,72141003,Servicios de mantenimiento de pistas y carreteras,UNSPSC
ocds-dgv273-seacev3-1199397,ocds-dgv273-seacev3-1199397-2026-04-12T10:04:36.219363-05:00,1199397,21231343,72141003,Servicios de mantenimiento de pistas y carreteras,UNSPSC
ocds-dgv273-seacev3-1199387,ocds-dgv273-seacev3-1199387-2026-04-12T10:04:35.876259-05:00,1199387,21231315,72141003,Servicios de mantenimiento de pistas y carreteras,UNSPSC
ocds-dgv273-seacev3-1199409,ocds-dgv273-seacev3-1199409-2026-04-12T10:04:33.738866-05:00,1199409,21231581,72141003,Servicios de mantenimiento de pistas y carreteras,UNSPSC
ocds-dgv273-seacev3-1191592,ocds-dgv273-seacev3-1191592-2026-04-12T10:04:33.261699-05:00,1191592,21211711,80131502,Alquiler de instalaciones comerciales o industriales,UNSPSC
ocds-dgv273-seacev3-2026-822-9,ocds-dgv273-seacev3-2026-822-9-2026-04-12T10:04:32.495068-05:00,1188719,21204203,72141701,Servicio de arrendamiento o alquiler de maquinaria de construcción,UNSPSC
ocds-dgv273-seacev3-1191685,ocds-dgv273-seacev3-1191685-2026-04-12T10:04:32.229692-05:00,1191685,21211834,72141106,Servicios de construcción de caminos de grava o tierra,UNSPSC
ocds-dgv273-seacev3-1193374,ocds-dgv273-seacev3-1193374-2026-04-11T10:15:11.235490-05:00,1193374,21216381,81151604,Levantamiento del terreno,UNSPSC
ocds-dgv273-seacev3-2026-200199-4,ocds-dgv273-seacev3-2026-200199-4-2026-04-11T10:15:11.086491-05:00,1190856,21210085,72151502,Servicios de instalación de sistemas de energía eléctrica,UNSPSC
ocds-dgv273-seacev3-1186639,ocds-dgv273-seacev3-1186639-2026-04-11T10:15:08.216271-05:00,1186639,21197929,48101818,Esterilizador de vajillas y cubiertos,UNSPSC
ocds-dgv273-seacev3-1189331,ocds-dgv273-seacev3-1189331-2026-04-11T10:15:07.918131-05:00,1189331,21205627,50192703,Comidas combinadas estables sin refrigerar,UNSPSC
ocds-dgv273-seacev3-1189190,ocds-dgv273-seacev3-1189190-2026-04-11T10:15:05.402076-05:00,1189190,21205197,78141501,Servicios de expedición de carga,UNSPSC
ocds-dgv273-seacev3-1186800,ocds-dgv273-seacev3-1186800-2026-04-11T10:15:04.931160-05:00,1186800,21198016,78101802,Servicios de transporte regional o nacional en camión,UNSPSC
ocds-dgv273-seacev3-1186363,ocds-dgv273-seacev3-1186363-2026-04-11T10:15:04.665457-05:00,1186363,21199909,72141107,Servicios de construcción y reparación de puentes,UNSPSC
ocds-dgv273-seacev3-1189172,ocds-dgv273-seacev3-1189172-2026-04-11T10:15:00.465426-05:00,1189172,21205419,81101505,Ingeniería estructural,UNSPSC
ocds-dgv273-seacev3-2026-2381-12,ocds-dgv273-seacev3-2026-2381-12-2026-04-11T10:14:59.914016-05:00,1189369,21206759,41112504,Medidor de agua,UNSPSC
ocds-dgv273-seacev3-2026-2381-12,ocds-dgv273-seacev3-2026-2381-12-2026-04-11T10:14:59.914016-05:00,1189369,21206760,41112504,Medidor de agua,UNSPSC
ocds-dgv273-seacev3-1189004,ocds-dgv273-seacev3-1189004-2026-04-11T10:14:59.652918-05:00,1189004,21204885,81112001,Servicio de procesamiento de datos en línea,UNSPSC
ocds-dgv273-seacev3-2026-10475-3,ocds-dgv273-seacev3-2026-10475-3-2026-04-11T10:14:59.576697-05:00,1190328,21208830,15101505,Diesel,UNSPSC
ocds-dgv273-seacev3-2026-231729-4,ocds-dgv273-seacev3-2026-231729-4-2026-04-11T10:14:59.052908-05:00,1193474,21216551,80101507,Servicios de consultoría de informática,UNSPSC
ocds-dgv273-seacev3-1191042,ocds-dgv273-seacev3-1191042-2026-04-11T10:14:57.477823-05:00,1191042,21210419,50131702,Leche o productos de mantequilla estables sin refrigerar,UNSPSC
ocds-dgv273-seacev3-1191967,ocds-dgv273-seacev3-1191967-2026-04-11T10:14:56.911311-05:00,1191967,21212837,90121502,Agencias de viajes,UNSPSC
ocds-dgv273-seacev3-2026-49-8,ocds-dgv273-seacev3-2026-49-8-2026-04-11T10:14:56.825000-05:00,1189218,21205305,30121601,Asfalto,UNSPSC
ocds-dgv273-seacev3-2026-1940-1,ocds-dgv273-seacev3-2026-1940-1-2026-04-11T10:14:54.725088-05:00,1191132,21210579,81111811,Servicios de asistencia o soporte técnico,UNSPSC
ocds-dgv273-seacev3-2026-1878-4,ocds-dgv273-seacev3-2026-1878-4-2026-04-11T10:14:54.264224-05:00,1190664,21209526,30111801,Agregado natural,UNSPSC
ocds-dgv273-seacev3-1186932,ocds-dgv273-seacev3-1186932-2026-04-11T10:14:53.947986-05:00,1186932,21200488,72141003,Servicios de mantenimiento de pistas y carreteras,UNSPSC
ocds-dgv273-seacev3-1193356,ocds-dgv273-seacev3-1193356-2026-04-11T10:14:44.007993-05:00,1193356,21216211,81151604,Levantamiento del terreno,UNSPSC
ocds-dgv273-seacev3-1191909,ocds-dgv273-seacev3-1191909-2026-04-11T10:14:43.757895-05:00,1191909,21212513,50192109,"Papas fritas en hojuelas y al hilo, mix de bocaditos o galletas saladas",UNSPSC
ocds-dgv273-seacev3-1186652,ocds-dgv273-seacev3-1186652-2026-04-11T10:14:42.818732-05:00,1186652,21197946,81101508,Ingeniería arquitectónica,UNSPSC
ocds-dgv273-seacev3-2026-1878-3,ocds-dgv273-seacev3-2026-1878-3-2026-04-11T10:14:38.285201-05:00,1190668,21209547,30131507,Bloque de concreto ligero,UNSPSC
ocds-dgv273-seacev3-2026-1878-2,ocds-dgv273-seacev3-2026-1878-2-2026-04-11T10:14:38.270127-05:00,1190647,21209703,30111601,Cemento,UNSPSC
ocds-dgv273-seacev3-2026-1502-1,ocds-dgv273-seacev3-2026-1502-1-2026-04-11T10:14:38.245951-05:00,1188325,21203372,72141003,Servicios de mantenimiento de pistas y carreteras,UNSPSC
ocds-dgv273-seacev3-2026-1597-2,ocds-dgv273-seacev3-2026-1597-2-2026-04-11T10:14:36.822101-05:00,1190298,21208353,15101505,Diesel,UNSPSC
ocds-dgv273-seacev3-1194009,ocds-dgv273-seacev3-1194009-2026-04-11T10:14:36.575344-05:00,1194009,21217930,81101512,Servicios de sistemas de información geográfica GIS,UNSPSC
ocds-dgv273-seacev3-1190905,ocds-dgv273-seacev3-1190905-2026-04-11T10:14:35.603067-05:00,1190905,21210197,72154013,Servicios de construcción de cercos,UNSPSC
ocds-dgv273-seacev3-2026-231729-2,ocds-dgv273-seacev3-2026-231729-2-2026-04-11T10:14:34.575416-05:00,1193835,21217660,81151604,Levantamiento del terreno,UNSPSC
ocds-dgv273-seacev3-1193541,ocds-dgv273-seacev3-1193541-2026-04-11T10:14:32.400896-05:00,1193541,21216634,80101505,Desarrollo de objetivos o políticas corporativas,UNSPSC
ocds-dgv273-seacev3-1189171,ocds-dgv273-seacev3-1189171-2026-04-11T10:14:32.022142-05:00,1189171,21205192,72121403,Servicios de construcción de hospitales,UNSPSC
ocds-dgv273-seacev3-2026-1039-5,ocds-dgv273-seacev3-2026-1039-5-2026-04-11T10:14:26.616155-05:00,1189524,21206112,72121406,Servicios de construcción de escuelas,UNSPSC
ocds-dgv273-seacev3-1189117,ocds-dgv273-seacev3-1189117-2026-04-11T10:14:22.605935-05:00,1189117,21205059,78111808,Alquiler de vehículos,UNSPSC
ocds-dgv273-seacev3-1193820,ocds-dgv273-seacev3-1193820-2026-04-11T10:14:22.551326-05:00,1193820,21217436,80101505,Desarrollo de objetivos o políticas corporativas,UNSPSC
ocds-dgv273-seacev3-2026-144-3,ocds-dgv273-seacev3-2026-144-3-2026-04-11T10:14:22.389957-05:00,1189652,21206456,72121103,Servicios de renovación y reparación de edificios comerciales y de oficinas,UNSPSC
ocds-dgv273-seacev3-1188976,ocds-dgv273-seacev3-1188976-2026-04-11T10:14:22.225275-05:00,1188976,21204748,72121103,Servicios de renovación y reparación de edificios comerciales y de oficinas,UNSPSC
ocds-dgv273-seacev3-1189779,ocds-dgv273-seacev3-1189779-2026-04-11T10:14:21.641460-05:00,1189779,21206635,81101508,Ingeniería arquitectónica,UNSPSC
ocds-dgv273-seacev3-1188641,ocds-dgv273-seacev3-1188641-2026-04-11T10:14:20.540462-05:00,1188641,21204109,15101506,Gasolina o Petróleo,UNSPSC
ocds-dgv273-seacev3-2026-1199-1,ocds-dgv273-seacev3-2026-1199-1-2026-04-11T10:14:20.484352-05:00,1188409,21203641,72152605,Servicios de montaje y reparación de techos,UNSPSC
ocds-dgv273-seacev3-1188139,ocds-dgv273-seacev3-1188139-2026-04-11T10:14:20.262225-05:00,1188139,21203143,81101508,Ingeniería arquitectónica,UNSPSC
ocds-dgv273-seacev3-2026-1301-11,ocds-dgv273-seacev3-2026-1301-11-2026-04-11T10:14:19.547206-05:00,1188012,21202670,72121406,Servicios de construcción de escuelas,UNSPSC
ocds-dgv273-seacev3-2026-161-6,ocds-dgv273-seacev3-2026-161-6-2026-04-11T10:14:19.489902-05:00,1187914,21202243,72154013,Servicios de construcción de cercos,UNSPSC
ocds-dgv273-seacev3-1186375,ocds-dgv273-seacev3-1186375-2026-04-11T10:14:19.380355-05:00,1186375,21199946,50131701,Leche fresca y productos de mantequilla,UNSPSC
ocds-dgv273-seacev3-2026-200498-2,ocds-dgv273-seacev3-2026-200498-2-2026-04-11T10:14:15.746790-05:00,1189135,21205091,78102203,"Servicios de envío, recojo o entrega de correspondencia",UNSPSC
ocds-dgv273-seacev3-1190448,ocds-dgv273-seacev3-1190448-2026-04-11T10:14:14.840491-05:00,1190448,21209010,25101601,Camiones volquete,UNSPSC
ocds-dgv273-seacev3-1190448,ocds-dgv273-seacev3-1190448-2026-04-11T10:14:14.840491-05:00,1190448,21209013,25101610,Camiones cisternas,UNSPSC
ocds-dgv273-seacev3-2026-231729-3,ocds-dgv273-seacev3-2026-231729-3-2026-04-11T10:14:13.491356-05:00,1193500,21216562,80101507,Servicios de consultoría de informática,UNSPSC
ocds-dgv273-seacev3-1193381,ocds-dgv273-seacev3-1193381-2026-04-11T10:14:11.212822-05:00,1193381,21216218,81151604,Levantamiento del terreno,UNSPSC
ocds-dgv273-seacev3-1189881,ocds-dgv273-seacev3-1189881-2026-04-11T10:14:10.464061-05:00,1189881,21207156,76122003,Disposición final para desechos peligrosos,UNSPSC
ocds-dgv273-seacev3-1188873,ocds-dgv273-seacev3-1188873-2026-04-11T10:14:09.544378-05:00,1188873,21204587,72121103,Servicios de renovación y reparación de edificios comerciales y de oficinas,UNSPSC
ocds-dgv273-seacev3-2026-10159-5,ocds-dgv273-seacev3-2026-10159-5-2026-04-11T10:14:02.999667-05:00,1189593,21206274,78101807,Servicio de transporte de carga química o petróleo,UNSPSC
ocds-dgv273-seacev3-1188723,ocds-dgv273-seacev3-1188723-2026-04-11T10:14:02.355774-05:00,1188723,21204245,72121101,Servicios de construcción de nuevos edificios comerciales y de oficinas,UNSPSC
ocds-dgv273-seacev3-1189069,ocds-dgv273-seacev3-1189069-2026-04-11T10:13:59.727434-05:00,1189069,21204993,72121103,Servicios de renovación y reparación de edificios comerciales y de oficinas,UNSPSC
ocds-dgv273-seacev3-1186403,ocds-dgv273-seacev3-1186403-2026-04-11T10:13:56.554783-05:00,1186403,21197774,81101508,Ingeniería arquitectónica,UNSPSC
ocds-dgv273-seacev3-1185704,ocds-dgv273-seacev3-1185704-2026-04-11T10:13:56.199999-05:00,1185704,21199236,50131702,Leche o productos de mantequilla estables sin refrigerar,UNSPSC
ocds-dgv273-seacev3-1185704,ocds-dgv273-seacev3-1185704-2026-04-11T10:13:56.199999-05:00,1185704,21199237,50192109,"Papas fritas en hojuelas y al hilo, mix de bocaditos o galletas saladas",UNSPSC
ocds-dgv273-seacev3-1187678,ocds-dgv273-seacev3-1187678-2026-04-11T10:13:56.143439-05:00,1187678,21201506,41116101,Kits de ensayo de banco de sangre o suministros,UNSPSC
ocds-dgv273-seacev3-1186271,ocds-dgv273-seacev3-1186271-2026-04-11T10:13:56.127970-05:00,1186271,21197666,50221101,Granos de cereal,UNSPSC
ocds-dgv273-seacev3-1187482,ocds-dgv273-seacev3-1187482-2026-04-11T10:13:56.112536-05:00,1187482,21201069,42294610,Accesorios de depósito de autotransfusión,UNSPSC
ocds-dgv273-seacev3-1190141,ocds-dgv273-seacev3-1190141-2026-04-10T10:15:55.976208-05:00,1190141,21208174,42132203,Guantes para procedimiento no quirúrgico o para examen médico,UNSPSC
ocds-dgv273-seacev3-1191286,ocds-dgv273-seacev3-1191286-2026-04-10T10:15:55.396271-05:00,1191286,21210981,72121406,Servicios de construcción de escuelas,UNSPSC
ocds-dgv273-seacev3-1199361,ocds-dgv273-seacev3-1199361-2026-04-10T10:15:53.813393-05:00,1199361,21231249,72141003,Servicios de mantenimiento de pistas y carreteras,UNSPSC
ocds-dgv273-seacev3-1191250,ocds-dgv273-seacev3-1191250-2026-04-10T10:15:52.908506-05:00,1191250,21210896,72141128,Servicio de remodelación  y/o construcción de plazas públicas,UNSPSC
ocds-dgv273-seacev3-2026-374-46,ocds-dgv273-seacev3-2026-374-46-2026-04-10T10:15:52.759889-05:00,1191925,21212492,11111701,Arena silícea,UNSPSC
ocds-dgv273-seacev3-1186610,ocds-dgv273-seacev3-1186610-2026-04-10T10:15:51.193584-05:00,1186610,21200242,50421828,Fréjoles secos zarandajas,UNSPSC
ocds-dgv273-seacev3-1187058,ocds-dgv273-seacev3-1187058-2026-04-10T10:15:51.059822-05:00,1187058,21200630,72152605,Servicios de montaje y reparación de techos,UNSPSC
ocds-dgv273-seacev3-2026-200025-2,ocds-dgv273-seacev3-2026-200025-2-2026-04-10T10:15:50.567193-05:00,1186217,21199753,92101501,Servicios de vigilancia,UNSPSC
ocds-dgv273-seacev3-1186603,ocds-dgv273-seacev3-1186603-2026-04-10T10:15:50.539162-05:00,1186603,21197904,50221108,Grano de arroz,UNSPSC
ocds-dgv273-seacev3-2026-200374-7,ocds-dgv273-seacev3-2026-200374-7-2026-04-10T10:15:45.617191-05:00,1189274,21205445,72141003,Servicios de mantenimiento de pistas y carreteras,UNSPSC
ocds-dgv273-seacev3-1191285,ocds-dgv273-seacev3-1191285-2026-04-10T10:15:45.195479-05:00,1191285,21210980,72121406,Servicios de construcción de escuelas,UNSPSC
ocds-dgv273-seacev3-2026-374-3,ocds-dgv273-seacev3-2026-374-3-2026-04-10T10:15:43.355944-05:00,1190878,21210159,47101538,Digestores de lodos o aguas residuales,UNSPSC
ocds-dgv273-seacev3-1189868,ocds-dgv273-seacev3-1189868-2026-04-10T10:15:42.650777-05:00,1189868,21207076,81101508,Ingeniería arquitectónica,UNSPSC
ocds-dgv273-seacev3-1189741,ocds-dgv273-seacev3-1189741-2026-04-10T10:15:42.313503-05:00,1189741,21206580,72121406,Servicios de construcción de escuelas,UNSPSC
ocds-dgv273-seacev3-1187083,ocds-dgv273-seacev3-1187083-2026-04-10T10:15:38.945615-05:00,1187083,21198245,50131701,Leche fresca y productos de mantequilla,UNSPSC
ocds-dgv273-seacev3-1190554,ocds-dgv273-seacev3-1190554-2026-04-10T10:15:33.590596-05:00,1190554,21209224,30111601,Cemento,UNSPSC
ocds-dgv273-seacev3-1190140,ocds-dgv273-seacev3-1190140-2026-04-10T10:15:33.081287-05:00,1190140,21208173,51191601,Dextrosa,UNSPSC
ocds-dgv273-seacev3-2026-1264-3,ocds-dgv273-seacev3-2026-1264-3-2026-04-10T10:15:32.734744-05:00,1191466,21211423,81141807,Servicio de inspección de instalaciones sanitarias o alcantarillado,UNSPSC
ocds-dgv273-seacev3-1188687,ocds-dgv273-seacev3-1188687-2026-04-10T10:15:31.252432-05:00,1188687,21204212,81101508,Ingeniería arquitectónica,UNSPSC
ocds-dgv273-seacev3-1189402,ocds-dgv273-seacev3-1189402-2026-04-10T10:15:29.486589-05:00,1189402,21205731,72141121,Servicios de construcción de tuberías principales de agua,UNSPSC
ocds-dgv273-seacev3-1191260,ocds-dgv273-seacev3-1191260-2026-04-10T10:15:29.073322-05:00,1191260,21210841,11111701,Arena silícea,UNSPSC
ocds-dgv273-seacev3-1187522,ocds-dgv273-seacev3-1187522-2026-04-10T10:15:28.445346-05:00,1187522,21201539,72152705,Servicios de construcción de veredas o rampas,UNSPSC
ocds-dgv273-seacev3-1188089,ocds-dgv273-seacev3-1188089-2026-04-10T10:15:27.966772-05:00,1188089,21202713,21102301,Equipo de riego para invernadero,UNSPSC
ocds-dgv273-seacev3-1187353,ocds-dgv273-seacev3-1187353-2026-04-10T10:15:27.848164-05:00,1187353,21201160,50131702,Leche o productos de mantequilla estables sin refrigerar,UNSPSC
ocds-dgv273-seacev3-1187353,ocds-dgv273-seacev3-1187353-2026-04-10T10:15:27.848164-05:00,1187353,21201159,50221101,Granos de cereal,UNSPSC
ocds-dgv273-seacev3-1203897,ocds-dgv273-seacev3-1203897-2026-04-10T10:15:22.803890-05:00,1203897,21245594,72141003,Servicios de mantenimiento de pistas y carreteras,UNSPSC
ocds-dgv273-seacev3-1191733,ocds-dgv273-seacev3-1191733-2026-04-10T10:15:22.739078-05:00,1191733,21211928,95101901,Granja,UNSPSC
ocds-dgv273-seacev3-2026-1898-12,ocds-dgv273-seacev3-2026-1898-12-2026-04-10T10:15:21.957919-05:00,1189197,21205292,72121103,Servicios de renovación y reparación de edificios comerciales y de oficinas,UNSPSC
ocds-dgv273-seacev3-2026-200077-1,ocds-dgv273-seacev3-2026-200077-1-2026-04-10T10:15:19.520299-05:00,1190674,21209562,85101503,Servicio para administrar consultorios médicos,UNSPSC
ocds-dgv273-seacev3-2026-200077-1,ocds-dgv273-seacev3-2026-200077-1-2026-04-10T10:15:19.520299-05:00,1190674,21209561,85101503,Servicio para administrar consultorios médicos,UNSPSC
ocds-dgv273-seacev3-2026-200077-1,ocds-dgv273-seacev3-2026-200077-1-2026-04-10T10:15:19.520299-05:00,1190674,21209560,85101503,Servicio para administrar consultorios médicos,UNSPSC
ocds-dgv273-seacev3-2026-1607-1,ocds-dgv273-seacev3-2026-1607-1-2026-04-10T10:15:17.418605-05:00,1186583,21200214,72121203,Servicios de construcción de silos y de edificaciones para servicio agrícola,UNSPSC
ocds-dgv273-seacev3-2026-1784-17,ocds-dgv273-seacev3-2026-1784-17-2026-04-10T10:15:16.547069-05:00,1187571,21201419,50121538,Pescado estable sin refrigerar,UNSPSC
ocds-dgv273-seacev3-2026-1784-17,ocds-dgv273-seacev3-2026-1784-17-2026-04-10T10:15:16.547069-05:00,1187571,21201418,50151513,Aceites comestibles vegetales o de plantas,UNSPSC
ocds-dgv273-seacev3-2026-1784-17,ocds-dgv273-seacev3-2026-1784-17-2026-04-10T10:15:16.547069-05:00,1187571,21201420,50424501,Lentejas secas,UNSPSC
ocds-dgv273-seacev3-1187317,ocds-dgv273-seacev3-1187317-2026-04-10T10:15:16.232505-05:00,1187317,21200943,12162305,Aditivo de concreto,UNSPSC
ocds-dgv273-seacev3-1191278,ocds-dgv273-seacev3-1191278-2026-04-10T10:15:11.229251-05:00,1191278,21210931,15101505,Diesel,UNSPSC
ocds-dgv273-seacev3-1191703,ocds-dgv273-seacev3-1191703-2026-04-10T10:15:11.144910-05:00,1191703,21211889,78131603,Almacenamiento de muebles,UNSPSC
ocds-dgv273-seacev3-1190413,ocds-dgv273-seacev3-1190413-2026-04-10T10:15:10.356339-05:00,1190413,21208903,81101515,Ingeniería de infraestructura de plantas o instalaciones,UNSPSC
ocds-dgv273-seacev3-1190136,ocds-dgv273-seacev3-1190136-2026-04-10T10:15:07.211017-05:00,1190136,21208057,42311531,Coberturas para apósitos,UNSPSC
ocds-dgv273-seacev3-1185712,ocds-dgv273-seacev3-1185712-2026-04-10T10:15:06.867775-05:00,1185712,21197133,15101505,Diesel,UNSPSC
ocds-dgv273-seacev3-2026-1593-4,ocds-dgv273-seacev3-2026-1593-4-2026-04-10T10:15:05.956301-05:00,1191333,21211125,50221101,Granos de cereal,UNSPSC
ocds-dgv273-seacev3-1185759,ocds-dgv273-seacev3-1185759-2026-04-10T10:15:04.435658-05:00,1185759,21197185,72153102,Servicios de construcción de campos deportivos interiores,UNSPSC
ocds-dgv273-seacev3-1190746,ocds-dgv273-seacev3-1190746-2026-04-10T10:15:00.352519-05:00,1190746,21210005,72151502,Servicios de instalación de sistemas de energía eléctrica,UNSPSC
ocds-dgv273-seacev3-2026-200374-6,ocds-dgv273-seacev3-2026-200374-6-2026-04-10T10:14:59.532756-05:00,1189260,21205428,72141003,Servicios de mantenimiento de pistas y carreteras,UNSPSC
ocds-dgv273-seacev3-2026-200374-2,ocds-dgv273-seacev3-2026-200374-2-2026-04-10T10:14:59.517470-05:00,1189222,21205325,72141003,Servicios de mantenimiento de pistas y carreteras,UNSPSC
ocds-dgv273-seacev3-1191537,ocds-dgv273-seacev3-1191537-2026-04-10T10:14:58.089446-05:00,1191537,21211587,72141121,Servicios de construcción de tuberías principales de agua,UNSPSC
ocds-dgv273-seacev3-1190762,ocds-dgv273-seacev3-1190762-2026-04-10T10:14:56.900837-05:00,1190762,21209833,10151999,"Semillas, bulbos, plántulas y esquejes de Flores",UNSPSC
ocds-dgv273-seacev3-1191927,ocds-dgv273-seacev3-1191927-2026-04-10T10:14:55.405510-05:00,1191927,21212511,80141612,Programas de ventas o marketing,UNSPSC
ocds-dgv273-seacev3-1189163,ocds-dgv273-seacev3-1189163-2026-04-10T10:14:55.037804-05:00,1189163,21205113,50161509,Azúcares naturales o productos edulcorantes,UNSPSC
ocds-dgv273-seacev3-2026-10141-52,ocds-dgv273-seacev3-2026-10141-52-2026-04-10T10:14:54.598170-05:00,1191990,21212664,10171702,Fungicidas,UNSPSC
ocds-dgv273-seacev3-1188298,ocds-dgv273-seacev3-1188298-2026-04-10T10:14:48.011962-05:00,1188298,21202862,81101508,Ingeniería arquitectónica,UNSPSC
ocds-dgv273-seacev3-2026-200374-9,ocds-dgv273-seacev3-2026-200374-9-2026-04-10T10:14:46.413503-05:00,1189254,21205465,72141003,Servicios de mantenimiento de pistas y carreteras,UNSPSC
ocds-dgv273-seacev3-1189559,ocds-dgv273-seacev3-1189559-2026-04-10T10:14:46.151993-05:00,1189559,21206222,30111601,Cemento,UNSPSC
ocds-dgv273-seacev3-1199289,ocds-dgv273-seacev3-1199289-2026-04-10T10:14:45.508910-05:00,1199289,21231103,72153103,Servicios de construcción de patios de recreo e instalación de equipos,UNSPSC
ocds-dgv273-seacev3-2026-1952-26,ocds-dgv273-seacev3-2026-1952-26-2026-04-10T10:14:45.054393-05:00,1194764,21219818,82141501,Servicios de edición de gráficos o diseños,UNSPSC
ocds-dgv273-seacev3-2026-200374-3,ocds-dgv273-seacev3-2026-200374-3-2026-04-10T10:14:43.457132-05:00,1189238,21205366,72141003,Servicios de mantenimiento de pistas y carreteras,UNSPSC
ocds-dgv273-seacev3-1186035,ocds-dgv273-seacev3-1186035-2026-04-10T10:14:41.691309-05:00,1186035,21197464,81101508,Ingeniería arquitectónica,UNSPSC
ocds-dgv273-seacev3-1186164,ocds-dgv273-seacev3-1186164-2026-04-10T10:14:41.139912-05:00,1186164,21197544,92101501,Servicios de vigilancia,UNSPSC
ocds-dgv273-seacev3-1186465,ocds-dgv273-seacev3-1186465-2026-04-10T10:14:41.045686-05:00,1186465,21197817,72141128,Servicio de remodelación  y/o construcción de plazas públicas,UNSPSC
ocds-dgv273-seacev3-2026-1473-2,ocds-dgv273-seacev3-2026-1473-2-2026-04-09T10:18:23.371293-05:00,1189648,21206364,50221108,Grano de arroz,UNSPSC
ocds-dgv273-seacev3-1190444,ocds-dgv273-seacev3-1190444-2026-04-09T10:18:23.104993-05:00,1190444,21208957,85121803,Servicios de laboratorios biológicos,UNSPSC
ocds-dgv273-seacev3-1189506,ocds-dgv273-seacev3-1189506-2026-04-09T10:18:22.223443-05:00,1189506,21206087,50192109,"Papas fritas en hojuelas y al hilo, mix de bocaditos o galletas saladas",UNSPSC
ocds-dgv273-seacev3-1189506,ocds-dgv273-seacev3-1189506-2026-04-09T10:18:22.223443-05:00,1189506,21206088,50131702,Leche o productos de mantequilla estables sin refrigerar,UNSPSC
ocds-dgv273-seacev3-1188081,ocds-dgv273-seacev3-1188081-2026-04-09T10:18:18.143805-05:00,1188081,21202702,81101515,Ingeniería de infraestructura de plantas o instalaciones,UNSPSC
ocds-dgv273-seacev3-2026-1673-1,ocds-dgv273-seacev3-2026-1673-1-2026-04-09T10:18:17.049370-05:00,1186632,21200256,50221101,Granos de cereal,UNSPSC
ocds-dgv273-seacev3-2026-1673-1,ocds-dgv273-seacev3-2026-1673-1-2026-04-09T10:18:17.049370-05:00,1186632,21200257,50131702,Leche o productos de mantequilla estables sin refrigerar,UNSPSC
ocds-dgv273-seacev3-1187635,ocds-dgv273-seacev3-1187635-2026-04-09T10:18:16.923794-05:00,1187635,21201479,80101604,Administración o planificación de proyectos,UNSPSC
ocds-dgv273-seacev3-1191261,ocds-dgv273-seacev3-1191261-2026-04-09T10:18:11.442966-05:00,1191261,21210849,72121406,Servicios de construcción de escuelas,UNSPSC
ocds-dgv273-seacev3-1189129,ocds-dgv273-seacev3-1189129-2026-04-09T10:18:02.427596-05:00,1189129,21205075,72152605,Servicios de montaje y reparación de techos,UNSPSC
ocds-dgv273-seacev3-1189400,ocds-dgv273-seacev3-1189400-2026-04-09T10:18:02.329855-05:00,1189400,21205729,72141001,Servicios de construcción de pistas y carreteras nuevas,UNSPSC
ocds-dgv273-seacev3-2026-1747-11,ocds-dgv273-seacev3-2026-1747-11-2026-04-09T10:18:02.177063-05:00,1188434,21203486,30121803,Césped artificial,UNSPSC
ocds-dgv273-seacev3-1190534,ocds-dgv273-seacev3-1190534-2026-04-09T10:18:01.981775-05:00,1190534,21209229,72121505,Servicios de construcción de plantas para tratamiento de aguas residuales y aguas servidas,UNSPSC
ocds-dgv273-seacev3-2026-10247-40,ocds-dgv273-seacev3-2026-10247-40-2026-04-09T10:18:01.893062-05:00,1191749,21212014,83121703,Servicios relacionados con Internet,UNSPSC
ocds-dgv273-seacev3-1197875,ocds-dgv273-seacev3-1197875-2026-04-09T10:18:00.879020-05:00,1197875,21227175,72121203,Servicios de construcción de silos y de edificaciones para servicio agrícola,UNSPSC
ocds-dgv273-seacev3-1190458,ocds-dgv273-seacev3-1190458-2026-04-09T10:18:00.616367-05:00,1190458,21208937,15101505,Diesel,UNSPSC
ocds-dgv273-seacev3-2026-191147-1,ocds-dgv273-seacev3-2026-191147-1-2026-04-09T10:18:00.600325-05:00,1189673,21206473,12352302,Sales metálicas inorgánicas,UNSPSC
ocds-dgv273-seacev3-1189169,ocds-dgv273-seacev3-1189169-2026-04-09T10:18:00.451240-05:00,1189169,21205186,50131701,Leche fresca y productos de mantequilla,UNSPSC
ocds-dgv273-seacev3-1191830,ocds-dgv273-seacev3-1191830-2026-04-09T10:18:00.272349-05:00,1191830,21212347,81101508,Ingeniería arquitectónica,UNSPSC
ocds-dgv273-seacev3-1190492,ocds-dgv273-seacev3-1190492-2026-04-09T10:18:00.133342-05:00,1190492,21209082,30111601,Cemento,UNSPSC
ocds-dgv273-seacev3-1189303,ocds-dgv273-seacev3-1189303-2026-04-09T10:17:58.801907-05:00,1189303,21205522,15101505,Diesel,UNSPSC
ocds-dgv273-seacev3-2026-623-2,ocds-dgv273-seacev3-2026-623-2-2026-04-09T10:17:58.094935-05:00,1191248,21210894,50192109,"Papas fritas en hojuelas y al hilo, mix de bocaditos o galletas saladas",UNSPSC
ocds-dgv273-seacev3-1191459,ocds-dgv273-seacev3-1191459-2026-04-09T10:17:57.685431-05:00,1191459,21211415,80121707,Servicios legales por conflictos laborales,UNSPSC
ocds-dgv273-seacev3-2026-1514-5,ocds-dgv273-seacev3-2026-1514-5-2026-04-09T10:17:56.960149-05:00,1188589,21203996,72121103,Servicios de renovación y reparación de edificios comerciales y de oficinas,UNSPSC
ocds-dgv273-seacev3-1189935,ocds-dgv273-seacev3-1189935-2026-04-09T10:17:56.581841-05:00,1189935,21207438,81101508,Ingeniería arquitectónica,UNSPSC
ocds-dgv273-seacev3-1187510,ocds-dgv273-seacev3-1187510-2026-04-09T10:17:56.193365-05:00,1187510,21201295,81101508,Ingeniería arquitectónica,UNSPSC
ocds-dgv273-seacev3-2026-1003042270-3,ocds-dgv273-seacev3-2026-1003042270-3-2026-04-09T10:17:55.964220-05:00,1188547,21203796,92101501,Servicios de vigilancia,UNSPSC
ocds-dgv273-seacev3-1186155,ocds-dgv273-seacev3-1186155-2026-04-09T10:17:55.614525-05:00,1186155,21199646,70131705,Clasificación de suelos,UNSPSC
ocds-dgv273-seacev3-1190218,ocds-dgv273-seacev3-1190218-2026-04-09T10:17:51.816444-05:00,1190218,21208259,72141128,Servicio de remodelación  y/o construcción de plazas públicas,UNSPSC
ocds-dgv273-seacev3-2026-200322-8,ocds-dgv273-seacev3-2026-200322-8-2026-04-09T10:17:50.783367-05:00,1190717,21209643,15101505,Diesel,UNSPSC
ocds-dgv273-seacev3-2026-200322-8,ocds-dgv273-seacev3-2026-200322-8-2026-04-09T10:17:50.783367-05:00,1190717,21209644,15101506,Gasolina o Petróleo,UNSPSC
ocds-dgv273-seacev3-1193840,ocds-dgv273-seacev3-1193840-2026-04-09T10:17:47.195081-05:00,1193840,21217457,56112106,Asiento tipo banco,UNSPSC
ocds-dgv273-seacev3-1188999,ocds-dgv273-seacev3-1188999-2026-04-09T10:17:45.817894-05:00,1188999,21204881,72151502,Servicios de instalación de sistemas de energía eléctrica,UNSPSC
ocds-dgv273-seacev3-2026-422-24,ocds-dgv273-seacev3-2026-422-24-2026-04-09T10:17:45.794931-05:00,1188709,21204238,72141701,Servicio de arrendamiento o alquiler de maquinaria de construcción,UNSPSC
ocds-dgv273-seacev3-2026-640-1,ocds-dgv273-seacev3-2026-640-1-2026-04-09T10:17:45.490385-05:00,1185915,21199459,50192109,"Papas fritas en hojuelas y al hilo, mix de bocaditos o galletas saladas",UNSPSC
ocds-dgv273-seacev3-2026-49-12,ocds-dgv273-seacev3-2026-49-12-2026-04-09T10:17:45.390485-05:00,1187986,21202616,15101505,Diesel,UNSPSC
ocds-dgv273-seacev3-2026-1250-4,ocds-dgv273-seacev3-2026-1250-4-2026-04-09T10:17:45.334574-05:00,1186400,21197769,72121406,Servicios de construcción de escuelas,UNSPSC
ocds-dgv273-seacev3-1187039,ocds-dgv273-seacev3-1187039-2026-04-09T10:17:44.624037-05:00,1187039,21200611,72121504,Servicios de construcción de plantas para la eliminación de residuos,UNSPSC
ocds-dgv273-seacev3-1190735,ocds-dgv273-seacev3-1190735-2026-04-09T10:17:40.729932-05:00,1190735,21209662,30111601,Cemento,UNSPSC
ocds-dgv273-seacev3-1191904,ocds-dgv273-seacev3-1191904-2026-04-09T10:17:39.647677-05:00,1191904,21212486,80131502,Alquiler de instalaciones comerciales o industriales,UNSPSC
ocds-dgv273-seacev3-2026-1607-6,ocds-dgv273-seacev3-2026-1607-6-2026-04-09T10:17:39.401423-05:00,1191236,21210805,50192109,"Papas fritas en hojuelas y al hilo, mix de bocaditos o galletas saladas",UNSPSC
ocds-dgv273-seacev3-2026-1506-3,ocds-dgv273-seacev3-2026-1506-3-2026-04-09T10:17:38.133786-05:00,1190489,21209076,72141003,Servicios de mantenimiento de pistas y carreteras,UNSPSC
ocds-dgv273-seacev3-1186297,ocds-dgv273-seacev3-1186297-2026-04-09T10:17:34.212651-05:00,1186297,21197694,72121101,Servicios de construcción de nuevos edificios comerciales y de oficinas,UNSPSC
ocds-dgv273-seacev3-1188861,ocds-dgv273-seacev3-1188861-2026-04-09T10:17:28.876819-05:00,1188861,21204563,72121408,Servicios de construcción de estadios,UNSPSC
ocds-dgv273-seacev3-1190076,ocds-dgv273-seacev3-1190076-2026-04-09T10:17:27.268490-05:00,1190076,21207801,80131502,Alquiler de instalaciones comerciales o industriales,UNSPSC
ocds-dgv273-seacev3-1191870,ocds-dgv273-seacev3-1191870-2026-04-09T10:17:26.688397-05:00,1191870,21212409,78111808,Alquiler de vehículos,UNSPSC
ocds-dgv273-seacev3-1191337,ocds-dgv273-seacev3-1191337-2026-04-09T10:17:25.815624-05:00,1191337,21211153,81101515,Ingeniería de infraestructura de plantas o instalaciones,UNSPSC
ocds-dgv273-seacev3-1190302,ocds-dgv273-seacev3-1190302-2026-04-09T10:17:24.765664-05:00,1190302,21208358,83121703,Servicios relacionados con Internet,UNSPSC
ocds-dgv273-seacev3-1203128,ocds-dgv273-seacev3-1203128-2026-04-09T10:17:24.298636-05:00,1203128,21244253,80169999,Soporte en actividades administrativas,UNSPSC
ocds-dgv273-seacev3-2026-1473-1,ocds-dgv273-seacev3-2026-1473-1-2026-04-09T10:17:24.219898-05:00,1187792,21201873,15101505,Diesel,UNSPSC
ocds-dgv273-seacev3-2026-200170-13,ocds-dgv273-seacev3-2026-200170-13-2026-04-09T10:17:17.463532-05:00,1189702,21206556,91111603,Servicios de cocina o preparación de comidas,UNSPSC
ocds-dgv273-seacev3-1190744,ocds-dgv273-seacev3-1190744-2026-04-09T10:17:16.400194-05:00,1190744,21209829,51121818,Atorvastatina,UNSPSC
ocds-dgv273-seacev3-1189547,ocds-dgv273-seacev3-1189547-2026-04-09T10:17:14.518551-05:00,1189547,21206208,41111929,Detectores de radiaciones,UNSPSC
ocds-dgv273-seacev3-2026-374-82,ocds-dgv273-seacev3-2026-374-82-2026-04-09T10:17:13.968312-05:00,1190815,21210171,30111601,Cemento,UNSPSC
ocds-dgv273-seacev3-1188506,ocds-dgv273-seacev3-1188506-2026-04-09T10:17:11.119216-05:00,1188506,21203871,72121406,Servicios de construcción de escuelas,UNSPSC
ocds-dgv273-seacev3-2026-10249-47,ocds-dgv273-seacev3-2026-10249-47-2026-04-09T10:17:11.092503-05:00,1188903,21204659,72151502,Servicios de instalación de sistemas de energía eléctrica,UNSPSC
ocds-dgv273-seacev3-2026-2397-38,ocds-dgv273-seacev3-2026-2397-38-2026-04-09T10:17:11.035338-05:00,1188354,21203570,82121504,Impresión tipográfica o serigrafía,UNSPSC
ocds-dgv273-seacev3-1187973,ocds-dgv273-seacev3-1187973-2026-04-09T10:17:10.841408-05:00,1187973,21202623,15101505,Diesel,UNSPSC
ocds-dgv273-seacev3-1187973,ocds-dgv273-seacev3-1187973-2026-04-09T10:17:10.841408-05:00,1187973,21202624,15101506,Gasolina o Petróleo,UNSPSC
ocds-dgv273-seacev3-1187625,ocds-dgv273-seacev3-1187625-2026-04-09T10:17:10.663573-05:00,1187625,21201472,15101505,Diesel,UNSPSC
ocds-dgv273-seacev3-1190033,ocds-dgv273-seacev3-1190033-2026-04-08T10:12:59.436940-05:00,1190033,21207909,72153102,Servicios de construcción de campos deportivos interiores,UNSPSC
ocds-dgv273-seacev3-2026-270-48,ocds-dgv273-seacev3-2026-270-48-2026-04-08T10:12:58.700645-05:00,1189837,21207135,72141128,Servicio de remodelación  y/o construcción de plazas públicas,UNSPSC
ocds-dgv273-seacev3-1191987,ocds-dgv273-seacev3-1191987-2026-04-08T10:12:58.354025-05:00,1191987,21212855,51111784,Atezolizumab,UNSPSC
ocds-dgv273-seacev3-1190632,ocds-dgv273-seacev3-1190632-2026-04-08T10:12:58.286773-05:00,1190632,21209447,72121406,Servicios de construcción de escuelas,UNSPSC
ocds-dgv273-seacev3-1192519,ocds-dgv273-seacev3-1192519-2026-04-08T10:12:56.186085-05:00,1192519,21214216,80169999,Soporte en actividades administrativas,UNSPSC
ocds-dgv273-seacev3-1188718,ocds-dgv273-seacev3-1188718-2026-04-08T10:12:55.145394-05:00,1188718,21204205,15101505,Diesel,UNSPSC
ocds-dgv273-seacev3-2026-1166-6,ocds-dgv273-seacev3-2026-1166-6-2026-04-08T10:12:54.843626-05:00,1188694,21204201,72121406,Servicios de construcción de escuelas,UNSPSC
ocds-dgv273-seacev3-2026-1003042270-5,ocds-dgv273-seacev3-2026-1003042270-5-2026-04-08T10:12:54.164985-05:00,1188540,21203782,72121103,Servicios de renovación y reparación de edificios comerciales y de oficinas,UNSPSC
ocds-dgv273-seacev3-1190040,ocds-dgv273-seacev3-1190040-2026-04-08T10:12:48.604435-05:00,1190040,21207980,81101515,Ingeniería de infraestructura de plantas o instalaciones,UNSPSC
ocds-dgv273-seacev3-2026-2009-88,ocds-dgv273-seacev3-2026-2009-88-2026-04-08T10:12:47.307721-05:00,1190462,21208968,72141503,Servicios de remoción de rocas,UNSPSC
ocds-dgv273-seacev3-2026-10578-2,ocds-dgv273-seacev3-2026-10578-2-2026-04-08T10:12:46.832934-05:00,1190471,21209029,85121701,Servicios de psicoterapeutas,UNSPSC
ocds-dgv273-seacev3-1190823,ocds-dgv273-seacev3-1190823-2026-04-08T10:12:46.780961-05:00,1190823,21210006,81101508,Ingeniería arquitectónica,UNSPSC
ocds-dgv273-seacev3-2026-592-1,ocds-dgv273-seacev3-2026-592-1-2026-04-08T10:12:45.676406-05:00,1191207,21210707,50192109,"Papas fritas en hojuelas y al hilo, mix de bocaditos o galletas saladas",UNSPSC
ocds-dgv273-seacev3-2026-10578-3,ocds-dgv273-seacev3-2026-10578-3-2026-04-08T10:12:45.208211-05:00,1190474,21209037,85121701,Servicios de psicoterapeutas,UNSPSC
ocds-dgv273-seacev3-1191581,ocds-dgv273-seacev3-1191581-2026-04-08T10:12:44.773789-05:00,1191581,21211654,78101802,Servicios de transporte regional o nacional en camión,UNSPSC
ocds-dgv273-seacev3-2026-10578-4,ocds-dgv273-seacev3-2026-10578-4-2026-04-08T10:12:44.666816-05:00,1190476,21209039,85121701,Servicios de psicoterapeutas,UNSPSC
ocds-dgv273-seacev3-2026-798-1,ocds-dgv273-seacev3-2026-798-1-2026-04-08T10:12:44.327780-05:00,1189923,21207484,30111601,Cemento,UNSPSC
ocds-dgv273-seacev3-1191331,ocds-dgv273-seacev3-1191331-2026-04-08T10:12:39.538640-05:00,1191331,21211122,11111701,Arena silícea,UNSPSC
ocds-dgv273-seacev3-1194965,ocds-dgv273-seacev3-1194965-2026-04-08T10:12:36.513441-05:00,1194965,21220553,72141001,Servicios de construcción de pistas y carreteras nuevas,UNSPSC
ocds-dgv273-seacev3-1190683,ocds-dgv273-seacev3-1190683-2026-04-08T10:12:35.740314-05:00,1190683,21209783,72141107,Servicios de construcción y reparación de puentes,UNSPSC
ocds-dgv273-seacev3-1187312,ocds-dgv273-seacev3-1187312-2026-04-08T10:12:33.396715-05:00,1187312,21200928,72152605,Servicios de montaje y reparación de techos,UNSPSC
ocds-dgv273-seacev3-1188988,ocds-dgv273-seacev3-1188988-2026-04-08T10:12:29.595585-05:00,1188988,21204897,81101505,Ingeniería estructural,UNSPSC
ocds-dgv273-seacev3-1191838,ocds-dgv273-seacev3-1191838-2026-04-08T10:12:29.460345-05:00,1191838,21212206,72121203,Servicios de construcción de silos y de edificaciones para servicio agrícola,UNSPSC
ocds-dgv273-seacev3-1189658,ocds-dgv273-seacev3-1189658-2026-04-08T10:12:27.244324-05:00,1189658,21206430,80131502,Alquiler de instalaciones comerciales o industriales,UNSPSC
ocds-dgv273-seacev3-1191096,ocds-dgv273-seacev3-1191096-2026-04-08T10:12:25.929467-05:00,1191096,21210558,72154013,Servicios de construcción de cercos,UNSPSC
ocds-dgv273-seacev3-2026-270-36,ocds-dgv273-seacev3-2026-270-36-2026-04-08T10:12:22.561035-05:00,1187061,21200633,72121504,Servicios de construcción de plantas para la eliminación de residuos,UNSPSC
ocds-dgv273-seacev3-2026-200141-1,ocds-dgv273-seacev3-2026-200141-1-2026-04-08T10:12:18.758581-05:00,1191263,21210881,50131702,Leche o productos de mantequilla estables sin refrigerar,UNSPSC
ocds-dgv273-seacev3-2026-200141-1,ocds-dgv273-seacev3-2026-200141-1-2026-04-08T10:12:18.758581-05:00,1191263,21210880,50221102,Harina de cereales,UNSPSC
ocds-dgv273-seacev3-1190692,ocds-dgv273-seacev3-1190692-2026-04-08T10:12:18.568754-05:00,1190692,21209777,72141003,Servicios de mantenimiento de pistas y carreteras,UNSPSC
ocds-dgv273-seacev3-2026-10466-2,ocds-dgv273-seacev3-2026-10466-2-2026-04-08T10:12:17.790060-05:00,1190750,21209671,15111510,Gas de petróleo licuefactado,UNSPSC
ocds-dgv273-seacev3-1190525,ocds-dgv273-seacev3-1190525-2026-04-08T10:12:14.921244-05:00,1190525,21209135,50131702,Leche o productos de mantequilla estables sin refrigerar,UNSPSC
ocds-dgv273-seacev3-1188967,ocds-dgv273-seacev3-1188967-2026-04-08T10:12:14.280079-05:00,1188967,21204845,72141106,Servicios de construcción de caminos de grava o tierra,UNSPSC
ocds-dgv273-seacev3-1191883,ocds-dgv273-seacev3-1191883-2026-04-08T10:12:13.883065-05:00,1191883,21212241,72154028,Servicios de instalación y mantenimiento de señales,UNSPSC
ocds-dgv273-seacev3-2026-1030-1,ocds-dgv273-seacev3-2026-1030-1-2026-04-08T10:12:12.219209-05:00,1186675,21200286,50131702,Leche o productos de mantequilla estables sin refrigerar,UNSPSC
ocds-dgv273-seacev3-1187049,ocds-dgv273-seacev3-1187049-2026-04-08T10:12:11.745197-05:00,1187049,21200624,81101701,Servicios de ingeniería eléctrica,UNSPSC
ocds-dgv273-seacev3-2026-1598-1,ocds-dgv273-seacev3-2026-1598-1-2026-04-08T10:12:11.687662-05:00,1187906,21202233,50192109,"Papas fritas en hojuelas y al hilo, mix de bocaditos o galletas saladas",UNSPSC
ocds-dgv273-seacev3-1191769,ocds-dgv273-seacev3-1191769-2026-04-08T10:12:07.930942-05:00,1191769,21212246,81101508,Ingeniería arquitectónica,UNSPSC
ocds-dgv273-seacev3-2026-174-2,ocds-dgv273-seacev3-2026-174-2-2026-04-08T10:12:07.735664-05:00,1191170,21210645,81101510,Ingeniería de carreteras,UNSPSC
ocds-dgv273-seacev3-1190761,ocds-dgv273-seacev3-1190761-2026-04-08T10:12:07.692732-05:00,1190761,21209834,12352305,Hidróxidos inorgánicos,UNSPSC
ocds-dgv273-seacev3-1192015,ocds-dgv273-seacev3-1192015-2026-04-08T10:12:06.758651-05:00,1192015,21212700,81101508,Ingeniería arquitectónica,UNSPSC
ocds-dgv273-seacev3-2026-711-2,ocds-dgv273-seacev3-2026-711-2-2026-04-08T10:12:06.722792-05:00,1188447,21203525,81101510,Ingeniería de carreteras,UNSPSC
ocds-dgv273-seacev3-1199316,ocds-dgv273-seacev3-1199316-2026-04-08T10:12:06.390357-05:00,1199316,21231186,72141003,Servicios de mantenimiento de pistas y carreteras,UNSPSC
ocds-dgv273-seacev3-1189608,ocds-dgv273-seacev3-1189608-2026-04-08T10:12:06.146757-05:00,1189608,21206311,72151702,Servicios de instalación de sistemas de televisión de circuito cerrado,UNSPSC
ocds-dgv273-seacev3-1189818,ocds-dgv273-seacev3-1189818-2026-04-08T10:12:05.582582-05:00,1189818,21206940,72141125,Servicios de construcción de estaciones de bombeo,UNSPSC
ocds-dgv273-seacev3-1188109,ocds-dgv273-seacev3-1188109-2026-04-08T10:12:05.259998-05:00,1188109,21203129,72141003,Servicios de mantenimiento de pistas y carreteras,UNSPSC
ocds-dgv273-seacev3-1190077,ocds-dgv273-seacev3-1190077-2026-04-08T10:12:03.772954-05:00,1190077,21207803,15101505,Diesel,UNSPSC
ocds-dgv273-seacev3-1191570,ocds-dgv273-seacev3-1191570-2026-04-08T10:12:03.654069-05:00,1191570,21211621,81101510,Ingeniería de carreteras,UNSPSC
ocds-dgv273-seacev3-1189412,ocds-dgv273-seacev3-1189412-2026-04-08T10:12:03.639337-05:00,1189412,21205794,15101505,Diesel,UNSPSC
ocds-dgv273-seacev3-1189481,ocds-dgv273-seacev3-1189481-2026-04-08T10:12:03.323568-05:00,1189481,21206013,72152902,Servicios de colocación de refuerzos de concreto,UNSPSC
ocds-dgv273-seacev3-1191591,ocds-dgv273-seacev3-1191591-2026-04-08T10:12:02.732007-05:00,1191591,21211739,72154028,Servicios de instalación y mantenimiento de señales,UNSPSC
ocds-dgv273-seacev3-1187574,ocds-dgv273-seacev3-1187574-2026-04-08T10:12:01.145919-05:00,1187574,21201605,72141128,Servicio de remodelación  y/o construcción de plazas públicas,UNSPSC
ocds-dgv273-seacev3-1187201,ocds-dgv273-seacev3-1187201-2026-04-08T10:12:00.451672-05:00,1187201,21200759,42201712,Unidades de ecografía o ecografía de pulso o doppler o ultrasonido médico para uso diagnóstico general,UNSPSC
ocds-dgv273-seacev3-1188217,ocds-dgv273-seacev3-1188217-2026-04-08T10:12:00.378097-05:00,1188217,21202816,72141213,Servicios de construcción de vías fluviales,UNSPSC
ocds-dgv273-seacev3-2026-270-40,ocds-dgv273-seacev3-2026-270-40-2026-04-08T10:12:00.318223-05:00,1187062,21200634,72153102,Servicios de construcción de campos deportivos interiores,UNSPSC
ocds-dgv273-seacev3-1199422,ocds-dgv273-seacev3-1199422-2026-04-08T10:11:56.551216-05:00,1199422,21231402,72141003,Servicios de mantenimiento de pistas y carreteras,UNSPSC
ocds-dgv273-seacev3-2026-294-4,ocds-dgv273-seacev3-2026-294-4-2026-04-08T10:11:55.839480-05:00,1189308,21205524,72153605,Servicios de remodelación de cocinas y servicios higiénicos,UNSPSC
ocds-dgv273-seacev3-1190323,ocds-dgv273-seacev3-1190323-2026-04-08T10:11:54.226046-05:00,1190323,21208663,24111503,Bolsas de plástico,UNSPSC
ocds-dgv273-seacev3-1188664,ocds-dgv273-seacev3-1188664-2026-04-08T10:11:51.642087-05:00,1188664,21204154,15101506,Gasolina o Petróleo,UNSPSC
ocds-dgv273-seacev3-1188827,ocds-dgv273-seacev3-1188827-2026-04-08T10:11:50.463428-05:00,1188827,21204457,72153102,Servicios de construcción de campos deportivos interiores,UNSPSC
ocds-dgv273-seacev3-2026-1231-1,ocds-dgv273-seacev3-2026-1231-1-2026-04-07T10:05:11.297442-05:00,1190981,21210346,15101505,Diesel,UNSPSC
ocds-dgv273-seacev3-1191477,ocds-dgv273-seacev3-1191477-2026-04-06T10:08:15.845543-05:00,1191477,21211487,91111603,Servicios de cocina o preparación de comidas,UNSPSC
ocds-dgv273-seacev3-1191477,ocds-dgv273-seacev3-1191477-2026-04-06T10:08:15.845543-05:00,1191477,21211488,91111603,Servicios de cocina o preparación de comidas,UNSPSC
ocds-dgv273-seacev3-1191854,ocds-dgv273-seacev3-1191854-2026-04-04T09:51:06.460763-05:00,1191854,21212231,51191602,Electrolitos de cloruro de sodio,UNSPSC
ocds-dgv273-seacev3-1192054,ocds-dgv273-seacev3-1192054-2026-04-03T10:07:28.425689-05:00,1192054,21213080,42201712,Unidades de ecografía o ecografía de pulso o doppler o ultrasonido médico para uso diagnóstico general,UNSPSC
ocds-dgv273-seacev3-1192002,ocds-dgv273-seacev3-1192002-2026-04-03T10:07:28.398532-05:00,1192002,21212849,12141901,Cloro (Cl),UNSPSC
ocds-dgv273-seacev3-1191356,ocds-dgv273-seacev3-1191356-2026-04-03T10:07:28.305256-05:00,1191356,21211209,72121406,Servicios de construcción de escuelas,UNSPSC
ocds-dgv273-seacev3-2026-2407-31,ocds-dgv273-seacev3-2026-2407-31-2026-04-03T10:07:28.213575-05:00,1190653,21209724,83101804,Servicios de transmisión de energía eléctrica,UNSPSC
ocds-dgv273-seacev3-1188558,ocds-dgv273-seacev3-1188558-2026-04-03T10:07:28.132206-05:00,1188558,21203930,26111601,Generadores diesel,UNSPSC
ocds-dgv273-seacev3-1190464,ocds-dgv273-seacev3-1190464-2026-04-03T10:07:26.610539-05:00,1190464,21208978,72121102,Servicios de construcción de edificios comerciales y de oficinas prefabricadas,UNSPSC
ocds-dgv273-seacev3-2026-252439-1,ocds-dgv273-seacev3-2026-252439-1-2026-04-03T10:07:26.577583-05:00,1189463,21205966,50111549,Llama o alpaca mínimamente procesada sin aditivos,UNSPSC
ocds-dgv273-seacev3-1194908,ocds-dgv273-seacev3-1194908-2026-04-03T10:07:25.790079-05:00,1194908,21220275,72121406,Servicios de construcción de escuelas,UNSPSC
ocds-dgv273-seacev3-2026-200344-18,ocds-dgv273-seacev3-2026-200344-18-2026-04-03T10:07:25.308972-05:00,1190206,21208453,81111805,Mantenimiento o soporte de sistemas propietarios o con licencia,UNSPSC
ocds-dgv273-seacev3-1188337,ocds-dgv273-seacev3-1188337-2026-04-03T10:07:22.349277-05:00,1188337,21203385,72141121,Servicios de construcción de tuberías principales de agua,UNSPSC
ocds-dgv273-seacev3-1188335,ocds-dgv273-seacev3-1188335-2026-04-03T10:07:22.228128-05:00,1188335,21203384,72152605,Servicios de montaje y reparación de techos,UNSPSC
ocds-dgv273-seacev3-1190394,ocds-dgv273-seacev3-1190394-2026-04-03T10:07:16.709656-05:00,1190394,21208863,50131702,Leche o productos de mantequilla estables sin refrigerar,UNSPSC
ocds-dgv273-seacev3-2026-10184-1,ocds-dgv273-seacev3-2026-10184-1-2026-04-03T10:07:16.396211-05:00,1187125,21198289,53102701,Uniformes militares,UNSPSC
ocds-dgv273-seacev3-2026-10184-1,ocds-dgv273-seacev3-2026-10184-1-2026-04-03T10:07:16.396211-05:00,1187125,21198288,53102701,Uniformes militares,UNSPSC
ocds-dgv273-seacev3-2026-10184-1,ocds-dgv273-seacev3-2026-10184-1-2026-04-03T10:07:16.396211-05:00,1187125,21198287,53102701,Uniformes militares,UNSPSC
ocds-dgv273-seacev3-2026-10184-1,ocds-dgv273-seacev3-2026-10184-1-2026-04-03T10:07:16.396211-05:00,1187125,21221844,53102701,Uniformes militares,UNSPSC
ocds-dgv273-seacev3-2026-1995-68,ocds-dgv273-seacev3-2026-1995-68-2026-04-03T10:07:16.167244-05:00,1190522,21209130,92101501,Servicios de vigilancia,UNSPSC
ocds-dgv273-seacev3-1191265,ocds-dgv273-seacev3-1191265-2026-04-03T10:07:14.884009-05:00,1191265,21210915,83121703,Servicios relacionados con Internet,UNSPSC
ocds-dgv273-seacev3-1189305,ocds-dgv273-seacev3-1189305-2026-04-03T10:07:14.350475-05:00,1189305,21205556,30121601,Asfalto,UNSPSC
ocds-dgv273-seacev3-2026-876-1,ocds-dgv273-seacev3-2026-876-1-2026-04-03T10:07:13.880093-05:00,1191568,21211619,50131702,Leche o productos de mantequilla estables sin refrigerar,UNSPSC
ocds-dgv273-seacev3-2026-876-1,ocds-dgv273-seacev3-2026-876-1-2026-04-03T10:07:13.880093-05:00,1191568,21211618,50192109,"Papas fritas en hojuelas y al hilo, mix de bocaditos o galletas saladas",UNSPSC
ocds-dgv273-seacev3-1191526,ocds-dgv273-seacev3-1191526-2026-04-03T10:07:13.656136-05:00,1191526,21211482,80131502,Alquiler de instalaciones comerciales o industriales,UNSPSC
ocds-dgv273-seacev3-1190528,ocds-dgv273-seacev3-1190528-2026-04-03T10:07:13.031075-05:00,1190528,21209516,91111603,Servicios de cocina o preparación de comidas,UNSPSC
ocds-dgv273-seacev3-1189942,ocds-dgv273-seacev3-1189942-2026-04-03T10:07:12.972460-05:00,1189942,21207572,72151909,Servicios de mampostería de piedras,UNSPSC
ocds-dgv273-seacev3-1187976,ocds-dgv273-seacev3-1187976-2026-04-03T10:07:12.404864-05:00,1187976,21202635,81101508,Ingeniería arquitectónica,UNSPSC
ocds-dgv273-seacev3-1187117,ocds-dgv273-seacev3-1187117-2026-04-03T10:07:12.170425-05:00,1187117,21198299,72153102,Servicios de construcción de campos deportivos interiores,UNSPSC
ocds-dgv273-seacev3-2026-28-85,ocds-dgv273-seacev3-2026-28-85-2026-04-03T10:07:12.138088-05:00,1188090,21202714,80161801,Servicio de arrendamiento o alquiler de fotocopia,UNSPSC
ocds-dgv273-seacev3-2026-1487-7,ocds-dgv273-seacev3-2026-1487-7-2026-04-03T10:07:12.077864-05:00,1184840,21195585,72153102,Servicios de construcción de campos deportivos interiores,UNSPSC
ocds-dgv273-seacev3-1186842,ocds-dgv273-seacev3-1186842-2026-04-03T10:07:11.624103-05:00,1186842,21200406,30131507,Bloque de concreto ligero,UNSPSC
ocds-dgv273-seacev3-2026-1487-5,ocds-dgv273-seacev3-2026-1487-5-2026-04-03T10:07:11.608699-05:00,1185381,21198876,72121406,Servicios de construcción de escuelas,UNSPSC
ocds-dgv273-seacev3-2026-10151-17,ocds-dgv273-seacev3-2026-10151-17-2026-04-03T10:07:06.784545-05:00,1188346,21203548,15111510,Gas de petróleo licuefactado,UNSPSC
ocds-dgv273-seacev3-1188303,ocds-dgv273-seacev3-1188303-2026-04-03T10:07:06.017613-05:00,1188303,21202879,50221108,Grano de arroz,UNSPSC
ocds-dgv273-seacev3-1191193,ocds-dgv273-seacev3-1191193-2026-04-03T10:07:04.637428-05:00,1191193,21210814,30111601,Cemento,UNSPSC
ocds-dgv273-seacev3-1191193,ocds-dgv273-seacev3-1191193-2026-04-03T10:07:04.637428-05:00,1191193,21210813,30111601,Cemento,UNSPSC
ocds-dgv273-seacev3-1191193,ocds-dgv273-seacev3-1191193-2026-04-03T10:07:04.637428-05:00,1191193,21210809,30111601,Cemento,UNSPSC
ocds-dgv273-seacev3-1191193,ocds-dgv273-seacev3-1191193-2026-04-03T10:07:04.637428-05:00,1191193,21210808,30111601,Cemento,UNSPSC
ocds-dgv273-seacev3-1191193,ocds-dgv273-seacev3-1191193-2026-04-03T10:07:04.637428-05:00,1191193,21210802,30111601,Cemento,UNSPSC
ocds-dgv273-seacev3-1191193,ocds-dgv273-seacev3-1191193-2026-04-03T10:07:04.637428-05:00,1191193,21210804,30111601,Cemento,UNSPSC
ocds-dgv273-seacev3-1192287,ocds-dgv273-seacev3-1192287-2026-04-03T10:07:04.420746-05:00,1192287,21213396,72153102,Servicios de construcción de campos deportivos interiores,UNSPSC
ocds-dgv273-seacev3-1189858,ocds-dgv273-seacev3-1189858-2026-04-03T10:07:03.750653-05:00,1189858,21207028,81101508,Ingeniería arquitectónica,UNSPSC
ocds-dgv273-seacev3-1192122,ocds-dgv273-seacev3-1192122-2026-04-03T10:07:03.556612-05:00,1192122,21213408,51183603,Insulina,UNSPSC
ocds-dgv273-seacev3-1192122,ocds-dgv273-seacev3-1192122-2026-04-03T10:07:03.556612-05:00,1192122,21213410,51183603,Insulina,UNSPSC
ocds-dgv273-seacev3-1190676,ocds-dgv273-seacev3-1190676-2026-04-03T10:07:03.131419-05:00,1190676,21209576,81101510,Ingeniería de carreteras,UNSPSC
ocds-dgv273-seacev3-2026-2386-4,ocds-dgv273-seacev3-2026-2386-4-2026-04-03T10:07:02.812265-05:00,1187771,21201774,81111811,Servicios de asistencia o soporte técnico,UNSPSC
ocds-dgv273-seacev3-1186669,ocds-dgv273-seacev3-1186669-2026-04-03T10:07:02.749243-05:00,1186669,21200279,10171603,Fertilizante fosfático,UNSPSC
ocds-dgv273-seacev3-1188193,ocds-dgv273-seacev3-1188193-2026-04-03T10:07:02.551963-05:00,1188193,21203190,15101505,Diesel,UNSPSC
ocds-dgv273-seacev3-1187723,ocds-dgv273-seacev3-1187723-2026-04-03T10:07:02.161703-05:00,1187723,21201723,92101805,Procesos de apelación o revisiones judiciales,UNSPSC
ocds-dgv273-seacev3-1186008,ocds-dgv273-seacev3-1186008-2026-04-03T10:07:02.141611-05:00,1186008,21197385,15101505,Diesel,UNSPSC
ocds-dgv273-seacev3-1186008,ocds-dgv273-seacev3-1186008-2026-04-03T10:07:02.141611-05:00,1186008,21197386,15101506,Gasolina o Petróleo,UNSPSC
ocds-dgv273-seacev3-2026-200501-1,ocds-dgv273-seacev3-2026-200501-1-2026-04-03T10:06:58.291428-05:00,1190990,21210366,80161801,Servicio de arrendamiento o alquiler de fotocopia,UNSPSC
ocds-dgv273-seacev3-1191060,ocds-dgv273-seacev3-1191060-2026-04-03T10:06:58.276487-05:00,1191060,21210468,81101509,Ingeniería de aeropuertos,UNSPSC
ocds-dgv273-seacev3-1190769,ocds-dgv273-seacev3-1190769-2026-04-03T10:06:57.392044-05:00,1190769,21209841,50221108,Grano de arroz,UNSPSC
ocds-dgv273-seacev3-1191409,ocds-dgv273-seacev3-1191409-2026-04-03T10:06:56.504812-05:00,1191409,21211330,72121406,Servicios de construcción de escuelas,UNSPSC
ocds-dgv273-seacev3-2026-1947-43,ocds-dgv273-seacev3-2026-1947-43-2026-04-03T10:06:56.305592-05:00,1190546,21209122,80141607,Gestión de eventos,UNSPSC
ocds-dgv273-seacev3-2026-1033-2,ocds-dgv273-seacev3-2026-1033-2-2026-04-03T10:06:53.428903-05:00,1189754,21206602,72121407,Servicios de construcción de mausoleos,UNSPSC
ocds-dgv273-seacev3-2026-200422-2,ocds-dgv273-seacev3-2026-200422-2-2026-04-03T10:06:53.067097-05:00,1188814,21204512,93141808,Servicios de seguridad o salud ocupacional,UNSPSC
ocds-dgv273-seacev3-1187515,ocds-dgv273-seacev3-1187515-2026-04-03T10:06:53.058216-05:00,1187515,21201302,50161509,Azúcares naturales o productos edulcorantes,UNSPSC
ocds-dgv273-seacev3-1186622,ocds-dgv273-seacev3-1186622-2026-04-03T10:06:53.025612-05:00,1186622,21197924,72121102,Servicios de construcción de edificios comerciales y de oficinas prefabricadas,UNSPSC
ocds-dgv273-seacev3-1188820,ocds-dgv273-seacev3-1188820-2026-04-03T10:06:52.973243-05:00,1188820,21204435,15101505,Diesel,UNSPSC
ocds-dgv273-seacev3-2026-10231-6,ocds-dgv273-seacev3-2026-10231-6-2026-04-03T10:06:52.913889-05:00,1186662,21200269,83111603,Servicios de telefonía móvil,UNSPSC
ocds-dgv273-seacev3-1186117,ocds-dgv273-seacev3-1186117-2026-04-03T10:06:52.464012-05:00,1186117,21197513,76122001,Disposición final de desechos genéricos no peligrosos,UNSPSC
ocds-dgv273-seacev3-2026-773-1,ocds-dgv273-seacev3-2026-773-1-2026-04-03T10:06:52.395385-05:00,1186511,21197851,72121105,Servicios de construcción de centros comerciales y galerías,UNSPSC
ocds-dgv273-seacev3-1186047,ocds-dgv273-seacev3-1186047-2026-04-03T10:06:52.374296-05:00,1186047,21197460,81101510,Ingeniería de carreteras,UNSPSC
ocds-dgv273-seacev3-1186021,ocds-dgv273-seacev3-1186021-2026-04-03T10:06:52.368107-05:00,1186021,21197398,81101515,Ingeniería de infraestructura de plantas o instalaciones,UNSPSC
ocds-dgv273-seacev3-2026-1487-8,ocds-dgv273-seacev3-2026-1487-8-2026-04-03T10:06:52.271632-05:00,1185382,21198877,72152705,Servicios de construcción de veredas o rampas,UNSPSC
ocds-dgv273-seacev3-1191576,ocds-dgv273-seacev3-1191576-2026-04-02T10:15:18.459364-05:00,1191576,21211672,80131502,Alquiler de instalaciones comerciales o industriales,UNSPSC
ocds-dgv273-seacev3-2026-20002-52,ocds-dgv273-seacev3-2026-20002-52-2026-04-02T10:15:16.937872-05:00,1190901,21210177,51101611,Meropenem,UNSPSC
ocds-dgv273-seacev3-1190225,ocds-dgv273-seacev3-1190225-2026-04-02T10:15:16.221603-05:00,1190225,21208269,72141701,Servicio de arrendamiento o alquiler de maquinaria de construcción,UNSPSC
ocds-dgv273-seacev3-2026-28-96,ocds-dgv273-seacev3-2026-28-96-2026-04-02T10:15:15.692067-05:00,1190767,21209837,81112101,Proveedores de servicios de Internet,UNSPSC
ocds-dgv273-seacev3-2026-1952-27,ocds-dgv273-seacev3-2026-1952-27-2026-04-02T10:15:15.630488-05:00,1193349,21216204,80122101,Servicio de consultoría sobre derecho administrativo,UNSPSC
ocds-dgv273-seacev3-1190994,ocds-dgv273-seacev3-1190994-2026-04-02T10:15:15.406342-05:00,1190994,21210398,51141517,Gabapentin,UNSPSC
ocds-dgv273-seacev3-1187377,ocds-dgv273-seacev3-1187377-2026-04-02T10:15:12.028051-05:00,1187377,21201161,41115806,Accesorios o suministros de analizadores de gases sanguíneos,UNSPSC
ocds-dgv273-seacev3-1189336,ocds-dgv273-seacev3-1189336-2026-04-02T10:15:07.079747-05:00,1189336,21205632,81101510,Ingeniería de carreteras,UNSPSC
ocds-dgv273-seacev3-2026-1689-3,ocds-dgv273-seacev3-2026-1689-3-2026-04-02T10:15:06.395051-05:00,1185056,21197164,72141001,Servicios de construcción de pistas y carreteras nuevas,UNSPSC
ocds-dgv273-seacev3-1187730,ocds-dgv273-seacev3-1187730-2026-04-02T10:15:01.587426-05:00,1187730,21201740,41112504,Medidor de agua,UNSPSC
ocds-dgv273-seacev3-1187381,ocds-dgv273-seacev3-1187381-2026-04-02T10:15:01.538695-05:00,1187381,21201058,30111601,Cemento,UNSPSC
ocds-dgv273-seacev3-1188388,ocds-dgv273-seacev3-1188388-2026-04-02T10:14:57.319162-05:00,1188388,21203417,72152801,Servicios de perforación de pozos de agua domésticos,UNSPSC
ocds-dgv273-seacev3-1191065,ocds-dgv273-seacev3-1191065-2026-04-02T10:14:56.324978-05:00,1191065,21210478,51142942,Sevofluorano,UNSPSC
ocds-dgv273-seacev3-2026-10211-9,ocds-dgv273-seacev3-2026-10211-9-2026-04-02T10:14:55.255018-05:00,1188435,21203487,51161812,Combinación clorfeniramina acetaminofeina,UNSPSC
ocds-dgv273-seacev3-1190336,ocds-dgv273-seacev3-1190336-2026-04-02T10:14:54.873542-05:00,1190336,21208770,10101601,Pollos vivos,UNSPSC
ocds-dgv273-seacev3-1190336,ocds-dgv273-seacev3-1190336-2026-04-02T10:14:54.873542-05:00,1190336,21208772,50221001,Granos de legumbres,UNSPSC
ocds-dgv273-seacev3-1190336,ocds-dgv273-seacev3-1190336-2026-04-02T10:14:54.873542-05:00,1190336,21208771,50221001,Granos de legumbres,UNSPSC
ocds-dgv273-seacev3-1190336,ocds-dgv273-seacev3-1190336-2026-04-02T10:14:54.873542-05:00,1190336,21208769,50221108,Grano de arroz,UNSPSC
ocds-dgv273-seacev3-1189919,ocds-dgv273-seacev3-1189919-2026-04-02T10:14:53.296647-05:00,1189919,21207394,81101510,Ingeniería de carreteras,UNSPSC
ocds-dgv273-seacev3-2026-1952-43,ocds-dgv273-seacev3-2026-1952-43-2026-04-02T10:14:52.158477-05:00,1194759,21219814,81111509,Servicios de desarrollo de aplicaciones cliente de Internet o intranet,UNSPSC
ocds-dgv273-seacev3-1186367,ocds-dgv273-seacev3-1186367-2026-04-02T10:14:50.664793-05:00,1186367,21197759,72141106,Servicios de construcción de caminos de grava o tierra,UNSPSC
ocds-dgv273-seacev3-2026-10184-2,ocds-dgv273-seacev3-2026-10184-2-2026-04-02T10:14:45.852541-05:00,1189544,21206200,52121509,Sábanas,UNSPSC
ocds-dgv273-seacev3-1189390,ocds-dgv273-seacev3-1189390-2026-04-02T10:14:42.647826-05:00,1189390,21205691,72141701,Servicio de arrendamiento o alquiler de maquinaria de construcción,UNSPSC
ocds-dgv273-seacev3-1185739,ocds-dgv273-seacev3-1185739-2026-04-02T10:14:39.682887-05:00,1185739,21197160,72121101,Servicios de construcción de nuevos edificios comerciales y de oficinas,UNSPSC
ocds-dgv273-seacev3-2026-1593-32,ocds-dgv273-seacev3-2026-1593-32-2026-04-02T10:14:39.533407-05:00,1187681,21201514,72141701,Servicio de arrendamiento o alquiler de maquinaria de construcción,UNSPSC
ocds-dgv273-seacev3-2026-2352-6,ocds-dgv273-seacev3-2026-2352-6-2026-04-02T10:14:38.985866-05:00,1186551,21197888,12141901,Cloro (Cl),UNSPSC
ocds-dgv273-seacev3-2026-1922-19,ocds-dgv273-seacev3-2026-1922-19-2026-04-02T10:14:34.932626-05:00,1191843,21212217,83111508,Servicios telefónicos de llamadas ingresantes sin costo de conexión,UNSPSC
ocds-dgv273-seacev3-1190154,ocds-dgv273-seacev3-1190154-2026-04-02T10:14:34.789325-05:00,1190154,21208402,72141106,Servicios de construcción de caminos de grava o tierra,UNSPSC
ocds-dgv273-seacev3-2026-200206-6,ocds-dgv273-seacev3-2026-200206-6-2026-04-02T10:14:34.670876-05:00,1189989,21207607,50201706,Café,UNSPSC
ocds-dgv273-seacev3-1189091,ocds-dgv273-seacev3-1189091-2026-04-02T10:14:33.384292-05:00,1189091,21205027,30111601,Cemento,UNSPSC
ocds-dgv273-seacev3-1189108,ocds-dgv273-seacev3-1189108-2026-04-02T10:14:33.040659-05:00,1189108,21205034,30111601,Cemento,UNSPSC
ocds-dgv273-seacev3-1189110,ocds-dgv273-seacev3-1189110-2026-04-02T10:14:31.318444-05:00,1189110,21205035,15101505,Diesel,UNSPSC
ocds-dgv273-seacev3-2026-200302-10,ocds-dgv273-seacev3-2026-200302-10-2026-04-02T10:14:31.112433-05:00,1189653,21206457,91111603,Servicios de cocina o preparación de comidas,UNSPSC
ocds-dgv273-seacev3-1185975,ocds-dgv273-seacev3-1185975-2026-04-02T10:14:29.023956-05:00,1185975,21197332,10101516,Ganado vacuno,UNSPSC
ocds-dgv273-seacev3-1184406,ocds-dgv273-seacev3-1184406-2026-04-02T10:14:28.970153-05:00,1184406,21194335,72153102,Servicios de construcción de campos deportivos interiores,UNSPSC
ocds-dgv273-seacev3-2026-144-4,ocds-dgv273-seacev3-2026-144-4-2026-04-02T10:14:28.826303-05:00,1186721,21200322,72153103,Servicios de construcción de patios de recreo e instalación de equipos,UNSPSC
ocds-dgv273-seacev3-1186667,ocds-dgv273-seacev3-1186667-2026-04-02T10:14:28.768724-05:00,1186667,21200276,72141001,Servicios de construcción de pistas y carreteras nuevas,UNSPSC
ocds-dgv273-seacev3-1187818,ocds-dgv273-seacev3-1187818-2026-04-02T10:14:28.388888-05:00,1187818,21201936,50192902,Fideos o pastas simples estables sin refrigerar,UNSPSC
ocds-dgv273-seacev3-2026-104-2,ocds-dgv273-seacev3-2026-104-2-2026-04-02T10:14:24.042624-05:00,1190475,21209038,50131702,Leche o productos de mantequilla estables sin refrigerar,UNSPSC
ocds-dgv273-seacev3-1189520,ocds-dgv273-seacev3-1189520-2026-04-02T10:14:23.800078-05:00,1189520,21206045,81101508,Ingeniería arquitectónica,UNSPSC
ocds-dgv273-seacev3-1191577,ocds-dgv273-seacev3-1191577-2026-04-02T10:14:22.977082-05:00,1191577,21211670,81112501,Servicio de licencias para software de computadoras,UNSPSC
ocds-dgv273-seacev3-2026-926-1,ocds-dgv273-seacev3-2026-926-1-2026-04-02T10:14:22.495780-05:00,1191507,21211511,72151502,Servicios de instalación de sistemas de energía eléctrica,UNSPSC
ocds-dgv273-seacev3-1191934,ocds-dgv273-seacev3-1191934-2026-04-02T10:14:22.212247-05:00,1191934,21212566,15111510,Gas de petróleo licuefactado,UNSPSC
ocds-dgv273-seacev3-1192124,ocds-dgv273-seacev3-1192124-2026-04-02T10:14:21.406576-05:00,1192124,21213243,30111505,Hormigón premezclado,UNSPSC
ocds-dgv273-seacev3-1195013,ocds-dgv273-seacev3-1195013-2026-04-02T10:14:21.362975-05:00,1195013,21220432,72153605,Servicios de remodelación de cocinas y servicios higiénicos,UNSPSC
ocds-dgv273-seacev3-1191195,ocds-dgv273-seacev3-1191195-2026-04-02T10:14:19.437652-05:00,1191195,21210821,72121406,Servicios de construcción de escuelas,UNSPSC
ocds-dgv273-seacev3-1187472,ocds-dgv273-seacev3-1187472-2026-04-02T10:14:18.498000-05:00,1187472,21201052,72141001,Servicios de construcción de pistas y carreteras nuevas,UNSPSC
ocds-dgv273-seacev3-1186265,ocds-dgv273-seacev3-1186265-2026-04-02T10:14:18.040819-05:00,1186265,21199811,72152705,Servicios de construcción de veredas o rampas,UNSPSC
ocds-dgv273-seacev3-1197476,ocds-dgv273-seacev3-1197476-2026-04-02T10:14:11.809526-05:00,1197476,21226390,91111601,Servicios de limpieza y mantenimiento,UNSPSC
ocds-dgv273-seacev3-2026-2000-7,ocds-dgv273-seacev3-2026-2000-7-2026-04-02T10:14:11.616698-05:00,1188501,21203716,86101804,Desarrollo de fuerza de trabajo del sector comercial,UNSPSC
ocds-dgv273-seacev3-1190853,ocds-dgv273-seacev3-1190853-2026-04-02T10:14:10.955030-05:00,1190853,21210084,81101510,Ingeniería de carreteras,UNSPSC
ocds-dgv273-seacev3-2026-1689-5,ocds-dgv273-seacev3-2026-1689-5-2026-04-02T10:14:10.422985-05:00,1191890,21212455,81101510,Ingeniería de carreteras,UNSPSC
ocds-dgv273-seacev3-2026-10049-16,ocds-dgv273-seacev3-2026-10049-16-2026-04-02T10:14:10.342060-05:00,1189988,21207585,24131516,Cámara frigorífica de conservación,UNSPSC
ocds-dgv273-seacev3-2026-90-2,ocds-dgv273-seacev3-2026-90-2-2026-04-02T10:14:09.469047-05:00,1190157,21208214,50221101,Granos de cereal,UNSPSC
ocds-dgv273-seacev3-2026-90229-0,ocds-dgv273-seacev3-2026-90229-0-2026-04-02T10:14:09.427433-05:00,1190364,21208685,91111601,Servicios de limpieza y mantenimiento,UNSPSC
ocds-dgv273-seacev3-2026-1003000934-1,ocds-dgv273-seacev3-2026-1003000934-1-2026-04-02T10:14:09.316048-05:00,1191245,21210888,72121406,Servicios de construcción de escuelas,UNSPSC
ocds-dgv273-seacev3-1188637,ocds-dgv273-seacev3-1188637-2026-04-02T10:14:05.803821-05:00,1188637,21204124,81101510,Ingeniería de carreteras,UNSPSC
ocds-dgv273-seacev3-2026-1468-7,ocds-dgv273-seacev3-2026-1468-7-2026-04-01T10:15:21.640680-05:00,1191861,21212385,50131702,Leche o productos de mantequilla estables sin refrigerar,UNSPSC
ocds-dgv273-seacev3-1189629,ocds-dgv273-seacev3-1189629-2026-04-01T10:15:21.239917-05:00,1189629,21206406,50131702,Leche o productos de mantequilla estables sin refrigerar,UNSPSC
ocds-dgv273-seacev3-1189581,ocds-dgv273-seacev3-1189581-2026-04-01T10:15:17.038355-05:00,1189581,21206262,78111808,Alquiler de vehículos,UNSPSC
ocds-dgv273-seacev3-2026-200374-4,ocds-dgv273-seacev3-2026-200374-4-2026-04-01T10:15:16.821764-05:00,1189241,21205381,72141003,Servicios de mantenimiento de pistas y carreteras,UNSPSC
ocds-dgv273-seacev3-1190396,ocds-dgv273-seacev3-1190396-2026-04-01T10:15:16.577966-05:00,1190396,21208887,30111601,Cemento,UNSPSC
ocds-dgv273-seacev3-1187162,ocds-dgv273-seacev3-1187162-2026-04-01T10:15:16.158283-05:00,1187162,21198308,15101505,Diesel,UNSPSC
ocds-dgv273-seacev3-1186722,ocds-dgv273-seacev3-1186722-2026-04-01T10:15:14.952121-05:00,1186722,21200326,42132205,Guantes quirúrgicos,UNSPSC
ocds-dgv273-seacev3-1187781,ocds-dgv273-seacev3-1187781-2026-04-01T10:15:14.586267-05:00,1187781,21202983,72121406,Servicios de construcción de escuelas,UNSPSC
ocds-dgv273-seacev3-1187118,ocds-dgv273-seacev3-1187118-2026-04-01T10:15:14.532440-05:00,1187118,21198280,50221101,Granos de cereal,UNSPSC
ocds-dgv273-seacev3-1190736,ocds-dgv273-seacev3-1190736-2026-04-01T10:15:09.580256-05:00,1190736,21209818,81112006,Servicio de almacenamiento de datos,UNSPSC
ocds-dgv273-seacev3-1191766,ocds-dgv273-seacev3-1191766-2026-04-01T10:15:07.814190-05:00,1191766,21212013,91111603,Servicios de cocina o preparación de comidas,UNSPSC
ocds-dgv273-seacev3-1191509,ocds-dgv273-seacev3-1191509-2026-04-01T10:15:06.938540-05:00,1191509,21211551,50192109,"Papas fritas en hojuelas y al hilo, mix de bocaditos o galletas saladas",UNSPSC
ocds-dgv273-seacev3-1191509,ocds-dgv273-seacev3-1191509-2026-04-01T10:15:06.938540-05:00,1191509,21211550,50131702,Leche o productos de mantequilla estables sin refrigerar,UNSPSC
ocds-dgv273-seacev3-1190541,ocds-dgv273-seacev3-1190541-2026-04-01T10:15:05.539107-05:00,1190541,21209131,72121406,Servicios de construcción de escuelas,UNSPSC
ocds-dgv273-seacev3-2026-1116-6,ocds-dgv273-seacev3-2026-1116-6-2026-04-01T10:15:03.757720-05:00,1187895,21201996,78111808,Alquiler de vehículos,UNSPSC
ocds-dgv273-seacev3-2026-1116-6,ocds-dgv273-seacev3-2026-1116-6-2026-04-01T10:15:03.757720-05:00,1187895,21201995,78111808,Alquiler de vehículos,UNSPSC
ocds-dgv273-seacev3-2026-1116-6,ocds-dgv273-seacev3-2026-1116-6-2026-04-01T10:15:03.757720-05:00,1187895,21201994,78111808,Alquiler de vehículos,UNSPSC
ocds-dgv273-seacev3-2026-1116-6,ocds-dgv273-seacev3-2026-1116-6-2026-04-01T10:15:03.757720-05:00,1187895,21201993,78111808,Alquiler de vehículos,UNSPSC
ocds-dgv273-seacev3-2026-1116-6,ocds-dgv273-seacev3-2026-1116-6-2026-04-01T10:15:03.757720-05:00,1187895,21201992,78111808,Alquiler de vehículos,UNSPSC
ocds-dgv273-seacev3-2026-1116-6,ocds-dgv273-seacev3-2026-1116-6-2026-04-01T10:15:03.757720-05:00,1187895,21201991,78111808,Alquiler de vehículos,UNSPSC
ocds-dgv273-seacev3-2026-1116-6,ocds-dgv273-seacev3-2026-1116-6-2026-04-01T10:15:03.757720-05:00,1187895,21201990,78111808,Alquiler de vehículos,UNSPSC
ocds-dgv273-seacev3-2026-1116-6,ocds-dgv273-seacev3-2026-1116-6-2026-04-01T10:15:03.757720-05:00,1187895,21202215,78111808,Alquiler de vehículos,UNSPSC
ocds-dgv273-seacev3-1187894,ocds-dgv273-seacev3-1187894-2026-04-01T10:15:03.629377-05:00,1187894,21202231,82121504,Impresión tipográfica o serigrafía,UNSPSC
ocds-dgv273-seacev3-1189831,ocds-dgv273-seacev3-1189831-2026-04-01T10:14:59.505419-05:00,1189831,21207108,15101505,Diesel,UNSPSC
ocds-dgv273-seacev3-1190834,ocds-dgv273-seacev3-1190834-2026-04-01T10:14:57.890046-05:00,1190834,21210052,11111608,Piedra caliza,UNSPSC
ocds-dgv273-seacev3-1190016,ocds-dgv273-seacev3-1190016-2026-04-01T10:14:57.635887-05:00,1190016,21207897,76122003,Disposición final para desechos peligrosos,UNSPSC
ocds-dgv273-seacev3-1191686,ocds-dgv273-seacev3-1191686-2026-04-01T10:14:55.488396-05:00,1191686,21211818,42132203,Guantes para procedimiento no quirúrgico o para examen médico,UNSPSC
ocds-dgv273-seacev3-2026-10536-4,ocds-dgv273-seacev3-2026-10536-4-2026-04-01T10:14:54.953284-05:00,1188449,21203528,72121102,Servicios de construcción de edificios comerciales y de oficinas prefabricadas,UNSPSC
ocds-dgv273-seacev3-2026-1164-8,ocds-dgv273-seacev3-2026-1164-8-2026-04-01T10:14:54.725076-05:00,1190376,21208746,72154032,"Servicios de instalación y reparación de ventanas, puertas y paneles divisorios",UNSPSC
ocds-dgv273-seacev3-1190977,ocds-dgv273-seacev3-1190977-2026-04-01T10:14:54.511932-05:00,1190977,21210368,72141121,Servicios de construcción de tuberías principales de agua,UNSPSC
ocds-dgv273-seacev3-2026-200374-8,ocds-dgv273-seacev3-2026-200374-8-2026-04-01T10:14:54.410660-05:00,1189249,21205454,72141003,Servicios de mantenimiento de pistas y carreteras,UNSPSC
ocds-dgv273-seacev3-1191511,ocds-dgv273-seacev3-1191511-2026-04-01T10:14:54.219696-05:00,1191511,21211548,50192109,"Papas fritas en hojuelas y al hilo, mix de bocaditos o galletas saladas",UNSPSC
ocds-dgv273-seacev3-1188661,ocds-dgv273-seacev3-1188661-2026-04-01T10:14:53.811926-05:00,1188661,21204169,80131502,Alquiler de instalaciones comerciales o industriales,UNSPSC
ocds-dgv273-seacev3-1188661,ocds-dgv273-seacev3-1188661-2026-04-01T10:14:53.811926-05:00,1188661,21204168,80131502,Alquiler de instalaciones comerciales o industriales,UNSPSC
ocds-dgv273-seacev3-2026-803-2,ocds-dgv273-seacev3-2026-803-2-2026-04-01T10:14:53.486867-05:00,1191399,21211306,72141106,Servicios de construcción de caminos de grava o tierra,UNSPSC
ocds-dgv273-seacev3-1190932,ocds-dgv273-seacev3-1190932-2026-04-01T10:14:53.265519-05:00,1190932,21210224,81101508,Ingeniería arquitectónica,UNSPSC
ocds-dgv273-seacev3-2026-1052-8,ocds-dgv273-seacev3-2026-1052-8-2026-04-01T10:14:52.798580-05:00,1186859,21198080,72121101,Servicios de construcción de nuevos edificios comerciales y de oficinas,UNSPSC
ocds-dgv273-seacev3-2026-1514-4,ocds-dgv273-seacev3-2026-1514-4-2026-04-01T10:14:52.755504-05:00,1187628,21201473,72121103,Servicios de renovación y reparación de edificios comerciales y de oficinas,UNSPSC
ocds-dgv273-seacev3-1189053,ocds-dgv273-seacev3-1189053-2026-04-01T10:14:52.740181-05:00,1189053,21204937,51201806,Gamma IGG o immunoglobulina,UNSPSC
ocds-dgv273-seacev3-1186883,ocds-dgv273-seacev3-1186883-2026-04-01T10:14:51.815205-05:00,1186883,21200446,72141701,Servicio de arrendamiento o alquiler de maquinaria de construcción,UNSPSC
ocds-dgv273-seacev3-2026-200124-1,ocds-dgv273-seacev3-2026-200124-1-2026-04-01T10:14:47.462575-05:00,1190630,21209444,83121703,Servicios relacionados con Internet,UNSPSC
ocds-dgv273-seacev3-2026-200124-1,ocds-dgv273-seacev3-2026-200124-1-2026-04-01T10:14:47.462575-05:00,1190630,21209443,83121703,Servicios relacionados con Internet,UNSPSC
ocds-dgv273-seacev3-2026-200374-5,ocds-dgv273-seacev3-2026-200374-5-2026-04-01T10:14:46.635364-05:00,1189237,21205426,72141003,Servicios de mantenimiento de pistas y carreteras,UNSPSC
ocds-dgv273-seacev3-1189517,ocds-dgv273-seacev3-1189517-2026-04-01T10:14:44.200168-05:00,1189517,21206218,30111601,Cemento,UNSPSC
ocds-dgv273-seacev3-2026-10151-18,ocds-dgv273-seacev3-2026-10151-18-2026-04-01T10:14:42.405860-05:00,1187718,21201798,10121505,Heno,UNSPSC
ocds-dgv273-seacev3-2026-10151-18,ocds-dgv273-seacev3-2026-10151-18-2026-04-01T10:14:42.405860-05:00,1187718,21201797,10121507,Alimentación compuesta,UNSPSC
ocds-dgv273-seacev3-1188823,ocds-dgv273-seacev3-1188823-2026-04-01T10:14:42.293387-05:00,1188823,21204442,50221001,Granos de legumbres,UNSPSC
ocds-dgv273-seacev3-1188823,ocds-dgv273-seacev3-1188823-2026-04-01T10:14:42.293387-05:00,1188823,21204440,50221101,Granos de cereal,UNSPSC
ocds-dgv273-seacev3-1188823,ocds-dgv273-seacev3-1188823-2026-04-01T10:14:42.293387-05:00,1188823,21204439,50221108,Grano de arroz,UNSPSC
ocds-dgv273-seacev3-1188823,ocds-dgv273-seacev3-1188823-2026-04-01T10:14:42.293387-05:00,1188823,21204444,50121538,Pescado estable sin refrigerar,UNSPSC
ocds-dgv273-seacev3-1188823,ocds-dgv273-seacev3-1188823-2026-04-01T10:14:42.293387-05:00,1188823,21204443,50121538,Pescado estable sin refrigerar,UNSPSC
ocds-dgv273-seacev3-1188823,ocds-dgv273-seacev3-1188823-2026-04-01T10:14:42.293387-05:00,1188823,21204445,50151513,Aceites comestibles vegetales o de plantas,UNSPSC
ocds-dgv273-seacev3-1188823,ocds-dgv273-seacev3-1188823-2026-04-01T10:14:42.293387-05:00,1188823,21204441,50421801,Fréjoles secos,UNSPSC
ocds-dgv273-seacev3-2026-1714-1,ocds-dgv273-seacev3-2026-1714-1-2026-04-01T10:14:42.230406-05:00,1188596,21204026,72121105,Servicios de construcción de centros comerciales y galerías,UNSPSC
ocds-dgv273-seacev3-2026-652-1,ocds-dgv273-seacev3-2026-652-1-2026-04-01T10:14:42.215523-05:00,1188556,21203948,15101505,Diesel,UNSPSC
ocds-dgv273-seacev3-1187262,ocds-dgv273-seacev3-1187262-2026-04-01T10:14:36.633346-05:00,1187262,21207120,72141505,Servicios de movimientos de tierras,UNSPSC
ocds-dgv273-seacev3-1187262,ocds-dgv273-seacev3-1187262-2026-04-01T10:14:36.633346-05:00,1187262,21207119,72141505,Servicios de movimientos de tierras,UNSPSC
ocds-dgv273-seacev3-1187262,ocds-dgv273-seacev3-1187262-2026-04-01T10:14:36.633346-05:00,1187262,21207118,72141505,Servicios de movimientos de tierras,UNSPSC
ocds-dgv273-seacev3-1187262,ocds-dgv273-seacev3-1187262-2026-04-01T10:14:36.633346-05:00,1187262,21207117,72141505,Servicios de movimientos de tierras,UNSPSC
ocds-dgv273-seacev3-1187262,ocds-dgv273-seacev3-1187262-2026-04-01T10:14:36.633346-05:00,1187262,21207107,72141505,Servicios de movimientos de tierras,UNSPSC
ocds-dgv273-seacev3-1187262,ocds-dgv273-seacev3-1187262-2026-04-01T10:14:36.633346-05:00,1187262,21207106,72141505,Servicios de movimientos de tierras,UNSPSC
ocds-dgv273-seacev3-1187262,ocds-dgv273-seacev3-1187262-2026-04-01T10:14:36.633346-05:00,1187262,21207105,72141505,Servicios de movimientos de tierras,UNSPSC
ocds-dgv273-seacev3-1187262,ocds-dgv273-seacev3-1187262-2026-04-01T10:14:36.633346-05:00,1187262,21207092,72141505,Servicios de movimientos de tierras,UNSPSC
ocds-dgv273-seacev3-1187262,ocds-dgv273-seacev3-1187262-2026-04-01T10:14:36.633346-05:00,1187262,21207095,72141505,Servicios de movimientos de tierras,UNSPSC
ocds-dgv273-seacev3-1187262,ocds-dgv273-seacev3-1187262-2026-04-01T10:14:36.633346-05:00,1187262,21207094,72141505,Servicios de movimientos de tierras,UNSPSC
ocds-dgv273-seacev3-1187262,ocds-dgv273-seacev3-1187262-2026-04-01T10:14:36.633346-05:00,1187262,21207093,72141505,Servicios de movimientos de tierras,UNSPSC
ocds-dgv273-seacev3-1187262,ocds-dgv273-seacev3-1187262-2026-04-01T10:14:36.633346-05:00,1187262,21206182,72141505,Servicios de movimientos de tierras,UNSPSC
ocds-dgv273-seacev3-1187262,ocds-dgv273-seacev3-1187262-2026-04-01T10:14:36.633346-05:00,1187262,21206181,72141505,Servicios de movimientos de tierras,UNSPSC
ocds-dgv273-seacev3-1187262,ocds-dgv273-seacev3-1187262-2026-04-01T10:14:36.633346-05:00,1187262,21206180,72141505,Servicios de movimientos de tierras,UNSPSC
ocds-dgv273-seacev3-1187262,ocds-dgv273-seacev3-1187262-2026-04-01T10:14:36.633346-05:00,1187262,21206179,72141505,Servicios de movimientos de tierras,UNSPSC
ocds-dgv273-seacev3-1187262,ocds-dgv273-seacev3-1187262-2026-04-01T10:14:36.633346-05:00,1187262,21206993,72141505,Servicios de movimientos de tierras,UNSPSC
ocds-dgv273-seacev3-1187262,ocds-dgv273-seacev3-1187262-2026-04-01T10:14:36.633346-05:00,1187262,21206992,72141505,Servicios de movimientos de tierras,UNSPSC
ocds-dgv273-seacev3-1187262,ocds-dgv273-seacev3-1187262-2026-04-01T10:14:36.633346-05:00,1187262,21206991,72141505,Servicios de movimientos de tierras,UNSPSC
ocds-dgv273-seacev3-1187262,ocds-dgv273-seacev3-1187262-2026-04-01T10:14:36.633346-05:00,1187262,21206990,72141505,Servicios de movimientos de tierras,UNSPSC
ocds-dgv273-seacev3-1187262,ocds-dgv273-seacev3-1187262-2026-04-01T10:14:36.633346-05:00,1187262,21206989,72141505,Servicios de movimientos de tierras,UNSPSC
ocds-dgv273-seacev3-1187262,ocds-dgv273-seacev3-1187262-2026-04-01T10:14:36.633346-05:00,1187262,21206988,72141505,Servicios de movimientos de tierras,UNSPSC
ocds-dgv273-seacev3-1187262,ocds-dgv273-seacev3-1187262-2026-04-01T10:14:36.633346-05:00,1187262,21207320,72141505,Servicios de movimientos de tierras,UNSPSC
ocds-dgv273-seacev3-1187262,ocds-dgv273-seacev3-1187262-2026-04-01T10:14:36.633346-05:00,1187262,21207029,72141505,Servicios de movimientos de tierras,UNSPSC
ocds-dgv273-seacev3-1187262,ocds-dgv273-seacev3-1187262-2026-04-01T10:14:36.633346-05:00,1187262,21207083,72141505,Servicios de movimientos de tierras,UNSPSC
ocds-dgv273-seacev3-1187262,ocds-dgv273-seacev3-1187262-2026-04-01T10:14:36.633346-05:00,1187262,21207082,72141505,Servicios de movimientos de tierras,UNSPSC
ocds-dgv273-seacev3-1187262,ocds-dgv273-seacev3-1187262-2026-04-01T10:14:36.633346-05:00,1187262,21207081,72141505,Servicios de movimientos de tierras,UNSPSC
ocds-dgv273-seacev3-1187262,ocds-dgv273-seacev3-1187262-2026-04-01T10:14:36.633346-05:00,1187262,21207051,72141505,Servicios de movimientos de tierras,UNSPSC
ocds-dgv273-seacev3-1187262,ocds-dgv273-seacev3-1187262-2026-04-01T10:14:36.633346-05:00,1187262,21207050,72141505,Servicios de movimientos de tierras,UNSPSC
ocds-dgv273-seacev3-1187262,ocds-dgv273-seacev3-1187262-2026-04-01T10:14:36.633346-05:00,1187262,21207202,72141505,Servicios de movimientos de tierras,UNSPSC
ocds-dgv273-seacev3-1187262,ocds-dgv273-seacev3-1187262-2026-04-01T10:14:36.633346-05:00,1187262,21207195,72141505,Servicios de movimientos de tierras,UNSPSC
ocds-dgv273-seacev3-1187262,ocds-dgv273-seacev3-1187262-2026-04-01T10:14:36.633346-05:00,1187262,21207194,72141505,Servicios de movimientos de tierras,UNSPSC
ocds-dgv273-seacev3-1190877,ocds-dgv273-seacev3-1190877-2026-04-01T10:14:34.523841-05:00,1190877,21210192,84131607,Seguro de responsabilidad general,UNSPSC
ocds-dgv273-seacev3-2026-1952-35,ocds-dgv273-seacev3-2026-1952-35-2026-04-01T10:14:32.828333-05:00,1195662,21222226,80101511,Servicio de consultoría de recursos humanos,UNSPSC
ocds-dgv273-seacev3-2026-1952-35,ocds-dgv273-seacev3-2026-1952-35-2026-04-01T10:14:32.828333-05:00,1195662,21222225,80101511,Servicio de consultoría de recursos humanos,UNSPSC
ocds-dgv273-seacev3-2026-1952-35,ocds-dgv273-seacev3-2026-1952-35-2026-04-01T10:14:32.828333-05:00,1195662,21222224,80101511,Servicio de consultoría de recursos humanos,UNSPSC
ocds-dgv273-seacev3-2026-1952-35,ocds-dgv273-seacev3-2026-1952-35-2026-04-01T10:14:32.828333-05:00,1195662,21222223,80101511,Servicio de consultoría de recursos humanos,UNSPSC
ocds-dgv273-seacev3-2026-1952-35,ocds-dgv273-seacev3-2026-1952-35-2026-04-01T10:14:32.828333-05:00,1195662,21222222,80101511,Servicio de consultoría de recursos humanos,UNSPSC
ocds-dgv273-seacev3-2026-1952-35,ocds-dgv273-seacev3-2026-1952-35-2026-04-01T10:14:32.828333-05:00,1195662,21222221,80101511,Servicio de consultoría de recursos humanos,UNSPSC
ocds-dgv273-seacev3-2026-1717-2,ocds-dgv273-seacev3-2026-1717-2-2026-04-01T10:14:32.673805-05:00,1191601,21211671,50131702,Leche o productos de mantequilla estables sin refrigerar,UNSPSC
ocds-dgv273-seacev3-1190028,ocds-dgv273-seacev3-1190028-2026-04-01T10:14:31.958360-05:00,1190028,21207910,39121570,Reconectador,UNSPSC
ocds-dgv273-seacev3-2026-552-3,ocds-dgv273-seacev3-2026-552-3-2026-04-01T10:14:31.561408-05:00,1190058,21207768,50221101,Granos de cereal,UNSPSC
ocds-dgv273-seacev3-2026-1476-1,ocds-dgv273-seacev3-2026-1476-1-2026-04-01T10:14:30.843709-05:00,1187901,21202226,72154013,Servicios de construcción de cercos,UNSPSC
ocds-dgv273-seacev3-1193482,ocds-dgv273-seacev3-1193482-2026-04-01T10:14:30.510344-05:00,1193482,21216502,84131502,Seguros de propietarios de viviendas o arrendatarios,UNSPSC
ocds-dgv273-seacev3-2026-696-2,ocds-dgv273-seacev3-2026-696-2-2026-04-01T10:14:30.400835-05:00,1187512,21201296,50131702,Leche o productos de mantequilla estables sin refrigerar,UNSPSC
ocds-dgv273-seacev3-2026-108794-5,ocds-dgv273-seacev3-2026-108794-5-2026-04-01T10:14:25.232977-05:00,1190252,21208323,15101505,Diesel,UNSPSC
ocds-dgv273-seacev3-2026-51-16,ocds-dgv273-seacev3-2026-51-16-2026-04-01T10:14:24.372682-05:00,1189478,21205957,30111601,Cemento,UNSPSC
ocds-dgv273-seacev3-2026-1295-6,ocds-dgv273-seacev3-2026-1295-6-2026-04-01T10:14:19.990834-05:00,1187537,21201389,10161899,Plantas sin flor,UNSPSC
ocds-dgv273-seacev3-1187321,ocds-dgv273-seacev3-1187321-2026-04-01T10:14:19.933877-05:00,1187321,21201115,55121802,Tarjetas o carnets de identificación o productos similares,UNSPSC
ocds-dgv273-seacev3-2026-1339-4,ocds-dgv273-seacev3-2026-1339-4-2026-04-01T10:14:19.823421-05:00,1185080,21198416,72141003,Servicios de mantenimiento de pistas y carreteras,UNSPSC
ocds-dgv273-seacev3-1186172,ocds-dgv273-seacev3-1186172-2026-04-01T10:14:19.791280-05:00,1186172,21197559,81101508,Ingeniería arquitectónica,UNSPSC
ocds-dgv273-seacev3-2026-1717-1,ocds-dgv273-seacev3-2026-1717-1-2026-04-01T10:14:14.012404-05:00,1191534,21211522,50192109,"Papas fritas en hojuelas y al hilo, mix de bocaditos o galletas saladas",UNSPSC
ocds-dgv273-seacev3-1189669,ocds-dgv273-seacev3-1189669-2026-04-01T10:14:12.817537-05:00,1189669,21206471,78101703,Servicios de transporte nacional por barcaza,UNSPSC
ocds-dgv273-seacev3-2026-10552-20,ocds-dgv273-seacev3-2026-10552-20-2026-04-01T10:14:11.421921-05:00,1189610,21206315,15101505,Diesel,UNSPSC
ocds-dgv273-seacev3-2026-10552-20,ocds-dgv273-seacev3-2026-10552-20-2026-04-01T10:14:11.421921-05:00,1189610,21206314,15101506,Gasolina o Petróleo,UNSPSC
ocds-dgv273-seacev3-1191029,ocds-dgv273-seacev3-1191029-2026-04-01T10:14:09.997851-05:00,1191029,21210435,30131507,Bloque de concreto ligero,UNSPSC
ocds-dgv273-seacev3-2026-1034-3,ocds-dgv273-seacev3-2026-1034-3-2026-04-01T10:14:06.723626-05:00,1186343,21199869,72141001,Servicios de construcción de pistas y carreteras nuevas,UNSPSC
ocds-dgv273-seacev3-2026-200223-4,ocds-dgv273-seacev3-2026-200223-4-2026-04-01T10:14:06.378759-05:00,1187166,21198312,15101505,Diesel,UNSPSC
ocds-dgv273-seacev3-2026-200223-4,ocds-dgv273-seacev3-2026-200223-4-2026-04-01T10:14:06.378759-05:00,1187166,21198313,15101506,Gasolina o Petróleo,UNSPSC
ocds-dgv273-seacev3-1187084,ocds-dgv273-seacev3-1187084-2026-04-01T10:14:06.249545-05:00,1187084,21198246,81101508,Ingeniería arquitectónica,UNSPSC
ocds-dgv273-seacev3-1201287,ocds-dgv273-seacev3-1201287-2026-03-31T10:05:26.544322-05:00,1201287,21237252,72141121,Servicios de construcción de tuberías principales de agua,UNSPSC
ocds-dgv273-seacev3-1189401,ocds-dgv273-seacev3-1189401-2026-03-30T09:55:57.106165-05:00,1189401,21205730,72141128,Servicio de remodelación  y/o construcción de plazas públicas,UNSPSC
ocds-dgv273-seacev3-2026-1392-6,ocds-dgv273-seacev3-2026-1392-6-2026-03-29T10:02:52.616867-05:00,1191670,21211848,50192902,Fideos o pastas simples estables sin refrigerar,UNSPSC
ocds-dgv273-seacev3-2026-10378-5,ocds-dgv273-seacev3-2026-10378-5-2026-03-29T10:02:52.131639-05:00,1190838,21210054,85101503,Servicio para administrar consultorios médicos,UNSPSC
ocds-dgv273-seacev3-2026-10378-5,ocds-dgv273-seacev3-2026-10378-5-2026-03-29T10:02:52.131639-05:00,1190838,21210055,85101503,Servicio para administrar consultorios médicos,UNSPSC
ocds-dgv273-seacev3-1189122,ocds-dgv273-seacev3-1189122-2026-03-29T10:02:51.971426-05:00,1189122,21205042,70151504,Servicios de administración forestal,UNSPSC
ocds-dgv273-seacev3-1187652,ocds-dgv273-seacev3-1187652-2026-03-29T10:02:51.848484-05:00,1187652,21201497,72154032,"Servicios de instalación y reparación de ventanas, puertas y paneles divisorios",UNSPSC
ocds-dgv273-seacev3-1186495,ocds-dgv273-seacev3-1186495-2026-03-29T10:02:51.768828-05:00,1186495,21200129,73152101,Servicios de mantenimiento de equipos de fabricación,UNSPSC
ocds-dgv273-seacev3-1190740,ocds-dgv273-seacev3-1190740-2026-03-29T10:02:48.694650-05:00,1190740,21209658,81101508,Ingeniería arquitectónica,UNSPSC
ocds-dgv273-seacev3-1190439,ocds-dgv273-seacev3-1190439-2026-03-29T10:02:47.717738-05:00,1190439,21208923,78111808,Alquiler de vehículos,UNSPSC
ocds-dgv273-seacev3-1190910,ocds-dgv273-seacev3-1190910-2026-03-29T10:02:46.734515-05:00,1190910,21210363,30131704,Azulejos o baldosas de cerámica,UNSPSC
ocds-dgv273-seacev3-1191403,ocds-dgv273-seacev3-1191403-2026-03-29T10:02:46.442383-05:00,1191403,21211303,81101515,Ingeniería de infraestructura de plantas o instalaciones,UNSPSC
ocds-dgv273-seacev3-1191680,ocds-dgv273-seacev3-1191680-2026-03-29T10:02:46.271051-05:00,1191680,21211827,30111601,Cemento,UNSPSC
ocds-dgv273-seacev3-1187689,ocds-dgv273-seacev3-1187689-2026-03-29T10:02:43.889155-05:00,1187689,21201528,50131702,Leche o productos de mantequilla estables sin refrigerar,UNSPSC
ocds-dgv273-seacev3-1186998,ocds-dgv273-seacev3-1186998-2026-03-29T10:02:43.856640-05:00,1186998,21198188,50192109,"Papas fritas en hojuelas y al hilo, mix de bocaditos o galletas saladas",UNSPSC
ocds-dgv273-seacev3-2026-296-1,ocds-dgv273-seacev3-2026-296-1-2026-03-29T10:02:43.802168-05:00,1186611,21197914,50131702,Leche o productos de mantequilla estables sin refrigerar,UNSPSC
ocds-dgv273-seacev3-2026-296-1,ocds-dgv273-seacev3-2026-296-1-2026-03-29T10:02:43.802168-05:00,1186611,21197913,50221101,Granos de cereal,UNSPSC
ocds-dgv273-seacev3-2026-680-8,ocds-dgv273-seacev3-2026-680-8-2026-03-29T10:02:43.605129-05:00,1186939,21198141,81101510,Ingeniería de carreteras,UNSPSC
ocds-dgv273-seacev3-1189243,ocds-dgv273-seacev3-1189243-2026-03-29T10:02:41.644766-05:00,1189243,21205420,15101505,Diesel,UNSPSC
ocds-dgv273-seacev3-1188729,ocds-dgv273-seacev3-1188729-2026-03-29T10:02:41.315434-05:00,1188729,21204256,15101505,Diesel,UNSPSC
ocds-dgv273-seacev3-1190997,ocds-dgv273-seacev3-1190997-2026-03-29T10:02:40.098808-05:00,1190997,21210376,50111515,Pollo mínimamente procesado sin aditivos,UNSPSC
ocds-dgv273-seacev3-2026-2528-8,ocds-dgv273-seacev3-2026-2528-8-2026-03-29T10:02:40.091352-05:00,1190912,21210214,81101701,Servicios de ingeniería eléctrica,UNSPSC
ocds-dgv273-seacev3-2026-1683-4,ocds-dgv273-seacev3-2026-1683-4-2026-03-29T10:02:39.364877-05:00,1190478,21209048,72141121,Servicios de construcción de tuberías principales de agua,UNSPSC
ocds-dgv273-seacev3-1190975,ocds-dgv273-seacev3-1190975-2026-03-29T10:02:37.790488-05:00,1190975,21210341,81101505,Ingeniería estructural,UNSPSC
ocds-dgv273-seacev3-1189395,ocds-dgv273-seacev3-1189395-2026-03-29T10:02:37.233821-05:00,1189395,21205701,72121406,Servicios de construcción de escuelas,UNSPSC
ocds-dgv273-seacev3-2026-200033-2,ocds-dgv273-seacev3-2026-200033-2-2026-03-29T10:02:36.845168-05:00,1190201,21208441,82101701,Servicios de publicidad en banners,UNSPSC
ocds-dgv273-seacev3-1191211,ocds-dgv273-seacev3-1191211-2026-03-29T10:02:36.710079-05:00,1191211,21210712,77111602,Servicios de descontaminación ambiental,UNSPSC
ocds-dgv273-seacev3-2026-1496-1,ocds-dgv273-seacev3-2026-1496-1-2026-03-29T10:02:36.289929-05:00,1185405,21196859,50131702,Leche o productos de mantequilla estables sin refrigerar,UNSPSC
ocds-dgv273-seacev3-2026-1496-1,ocds-dgv273-seacev3-2026-1496-1-2026-03-29T10:02:36.289929-05:00,1185405,21196858,50192109,"Papas fritas en hojuelas y al hilo, mix de bocaditos o galletas saladas",UNSPSC
ocds-dgv273-seacev3-2026-1852-15,ocds-dgv273-seacev3-2026-1852-15-2026-03-29T10:02:35.713052-05:00,1186924,21200477,30111601,Cemento,UNSPSC
ocds-dgv273-seacev3-1190273,ocds-dgv273-seacev3-1190273-2026-03-29T10:02:30.826073-05:00,1190273,21208516,72141121,Servicios de construcción de tuberías principales de agua,UNSPSC
ocds-dgv273-seacev3-2026-80751-1,ocds-dgv273-seacev3-2026-80751-1-2026-03-29T10:02:30.243531-05:00,1190421,21208888,30131507,Bloque de concreto ligero,UNSPSC
ocds-dgv273-seacev3-2026-1199-3,ocds-dgv273-seacev3-2026-1199-3-2026-03-29T10:02:29.435717-05:00,1188366,21203612,72141121,Servicios de construcción de tuberías principales de agua,UNSPSC
ocds-dgv273-seacev3-1190414,ocds-dgv273-seacev3-1190414-2026-03-29T10:02:27.177629-05:00,1190414,21208910,78111808,Alquiler de vehículos,UNSPSC
ocds-dgv273-seacev3-1186893,ocds-dgv273-seacev3-1186893-2026-03-29T10:02:26.559400-05:00,1186893,21200462,72141122,Servicios de construcción de líneas de energía eléctrica,UNSPSC
ocds-dgv273-seacev3-1185573,ocds-dgv273-seacev3-1185573-2026-03-29T10:02:26.020315-05:00,1185573,21199094,72121101,Servicios de construcción de nuevos edificios comerciales y de oficinas,UNSPSC
ocds-dgv273-seacev3-1195951,ocds-dgv273-seacev3-1195951-2026-03-29T10:02:22.257986-05:00,1195951,21222721,72121406,Servicios de construcción de escuelas,UNSPSC
ocds-dgv273-seacev3-1193546,ocds-dgv273-seacev3-1193546-2026-03-29T10:02:22.073625-05:00,1193546,21216636,72121101,Servicios de construcción de nuevos edificios comerciales y de oficinas,UNSPSC
ocds-dgv273-seacev3-1190720,ocds-dgv273-seacev3-1190720-2026-03-29T10:02:19.742316-05:00,1190720,21209795,24101601,Ascensores,UNSPSC
ocds-dgv273-seacev3-2026-104-1,ocds-dgv273-seacev3-2026-104-1-2026-03-29T10:02:19.692469-05:00,1190100,21207805,15101505,Diesel,UNSPSC
ocds-dgv273-seacev3-2026-1510-15,ocds-dgv273-seacev3-2026-1510-15-2026-03-29T10:02:19.230005-05:00,1189272,21205444,81101515,Ingeniería de infraestructura de plantas o instalaciones,UNSPSC
ocds-dgv273-seacev3-1191354,ocds-dgv273-seacev3-1191354-2026-03-29T10:02:17.937940-05:00,1191354,21211206,53121603,Mochilas,UNSPSC
ocds-dgv273-seacev3-2026-1029-4,ocds-dgv273-seacev3-2026-1029-4-2026-03-29T10:02:17.573639-05:00,1189849,21207004,15101506,Gasolina o Petróleo,UNSPSC
ocds-dgv273-seacev3-2026-1659-1,ocds-dgv273-seacev3-2026-1659-1-2026-03-29T10:02:16.892803-05:00,1189627,21206400,50192109,"Papas fritas en hojuelas y al hilo, mix de bocaditos o galletas saladas",UNSPSC
ocds-dgv273-seacev3-2026-1659-1,ocds-dgv273-seacev3-2026-1659-1-2026-03-29T10:02:16.892803-05:00,1189627,21206399,50131702,Leche o productos de mantequilla estables sin refrigerar,UNSPSC
ocds-dgv273-seacev3-1191704,ocds-dgv273-seacev3-1191704-2026-03-29T10:02:16.811356-05:00,1191704,21211872,15101505,Diesel,UNSPSC
ocds-dgv273-seacev3-2026-1003023608-1,ocds-dgv273-seacev3-2026-1003023608-1-2026-03-29T10:02:16.386656-05:00,1187103,21200690,78111808,Alquiler de vehículos,UNSPSC
ocds-dgv273-seacev3-1188622,ocds-dgv273-seacev3-1188622-2026-03-29T10:02:16.302049-05:00,1188622,21204095,15101505,Diesel,UNSPSC
ocds-dgv273-seacev3-2026-1322-1,ocds-dgv273-seacev3-2026-1322-1-2026-03-29T10:02:16.286852-05:00,1188570,21204008,83111510,Servicio de respuesta de voz interactiva,UNSPSC
ocds-dgv273-seacev3-1193188,ocds-dgv273-seacev3-1193188-2026-03-29T10:02:16.141329-05:00,1193188,21215722,72121203,Servicios de construcción de silos y de edificaciones para servicio agrícola,UNSPSC
ocds-dgv273-seacev3-1193210,ocds-dgv273-seacev3-1193210-2026-03-28T10:10:59.639168-05:00,1193210,21215934,15101505,Diesel,UNSPSC
ocds-dgv273-seacev3-1188808,ocds-dgv273-seacev3-1188808-2026-03-28T10:10:58.015738-05:00,1188808,21204458,77101805,Servicios de control de calidad ambiental,UNSPSC
ocds-dgv273-seacev3-2026-1952-39,ocds-dgv273-seacev3-2026-1952-39-2026-03-28T10:10:55.773864-05:00,1194788,21220126,81111509,Servicios de desarrollo de aplicaciones cliente de Internet o intranet,UNSPSC
ocds-dgv273-seacev3-1187667,ocds-dgv273-seacev3-1187667-2026-03-28T10:10:54.322993-05:00,1187667,21201519,50131702,Leche o productos de mantequilla estables sin refrigerar,UNSPSC
ocds-dgv273-seacev3-1187667,ocds-dgv273-seacev3-1187667-2026-03-28T10:10:54.322993-05:00,1187667,21201520,50192109,"Papas fritas en hojuelas y al hilo, mix de bocaditos o galletas saladas",UNSPSC
ocds-dgv273-seacev3-2026-533-1,ocds-dgv273-seacev3-2026-533-1-2026-03-28T10:10:50.858036-05:00,1189579,21206251,50221101,Granos de cereal,UNSPSC
ocds-dgv273-seacev3-1191821,ocds-dgv273-seacev3-1191821-2026-03-28T10:10:50.641619-05:00,1191821,21212331,73111505,Servicios de fabricación de muebles,UNSPSC
ocds-dgv273-seacev3-1191744,ocds-dgv273-seacev3-1191744-2026-03-28T10:10:50.310921-05:00,1191744,21212140,72101507,Servicio de mantenimiento de edificios,UNSPSC
ocds-dgv273-seacev3-1191744,ocds-dgv273-seacev3-1191744-2026-03-28T10:10:50.310921-05:00,1191744,21212139,72101507,Servicio de mantenimiento de edificios,UNSPSC
ocds-dgv273-seacev3-1191744,ocds-dgv273-seacev3-1191744-2026-03-28T10:10:50.310921-05:00,1191744,21212138,72101507,Servicio de mantenimiento de edificios,UNSPSC
ocds-dgv273-seacev3-1190481,ocds-dgv273-seacev3-1190481-2026-03-28T10:10:49.949092-05:00,1190481,21209060,76111501,Servicios de limpieza de edificios,UNSPSC
ocds-dgv273-seacev3-1190463,ocds-dgv273-seacev3-1190463-2026-03-28T10:10:49.696915-05:00,1190463,21208970,72141003,Servicios de mantenimiento de pistas y carreteras,UNSPSC
ocds-dgv273-seacev3-1189174,ocds-dgv273-seacev3-1189174-2026-03-28T10:10:49.420367-05:00,1189174,21205196,15101505,Diesel,UNSPSC
ocds-dgv273-seacev3-2026-749-3,ocds-dgv273-seacev3-2026-749-3-2026-03-28T10:10:49.098707-05:00,1191975,21212657,50101716,Nueces y semillas enteras,UNSPSC
ocds-dgv273-seacev3-1190241,ocds-dgv273-seacev3-1190241-2026-03-28T10:10:48.729947-05:00,1190241,21208303,30111601,Cemento,UNSPSC
ocds-dgv273-seacev3-2026-27-26,ocds-dgv273-seacev3-2026-27-26-2026-03-28T10:10:48.269360-05:00,1188386,21203410,78102203,"Servicios de envío, recojo o entrega de correspondencia",UNSPSC
ocds-dgv273-seacev3-2026-1695-6,ocds-dgv273-seacev3-2026-1695-6-2026-03-28T10:10:47.041612-05:00,1188336,21203383,50192109,"Papas fritas en hojuelas y al hilo, mix de bocaditos o galletas saladas",UNSPSC
ocds-dgv273-seacev3-1190291,ocds-dgv273-seacev3-1190291-2026-03-28T10:10:46.748335-05:00,1190291,21208624,72141107,Servicios de construcción y reparación de puentes,UNSPSC
ocds-dgv273-seacev3-1189121,ocds-dgv273-seacev3-1189121-2026-03-28T10:10:46.011959-05:00,1189121,21205053,77101805,Servicios de control de calidad ambiental,UNSPSC
ocds-dgv273-seacev3-1193035,ocds-dgv273-seacev3-1193035-2026-03-28T10:10:45.733646-05:00,1193035,21215408,92101501,Servicios de vigilancia,UNSPSC
ocds-dgv273-seacev3-1187270,ocds-dgv273-seacev3-1187270-2026-03-28T10:10:44.666790-05:00,1187270,21200833,30111601,Cemento,UNSPSC
ocds-dgv273-seacev3-1190974,ocds-dgv273-seacev3-1190974-2026-03-28T10:10:40.673766-05:00,1190974,21210362,55101524,Libros de consulta,UNSPSC
ocds-dgv273-seacev3-1189284,ocds-dgv273-seacev3-1189284-2026-03-28T10:10:40.370370-05:00,1189284,21205531,15101505,Diesel,UNSPSC
ocds-dgv273-seacev3-1191816,ocds-dgv273-seacev3-1191816-2026-03-28T10:10:39.910436-05:00,1191816,21212302,81101508,Ingeniería arquitectónica,UNSPSC
ocds-dgv273-seacev3-1189951,ocds-dgv273-seacev3-1189951-2026-03-28T10:10:38.163411-05:00,1189951,21207606,31161610,Pernos de ojo,UNSPSC
ocds-dgv273-seacev3-1189951,ocds-dgv273-seacev3-1189951-2026-03-28T10:10:38.163411-05:00,1189951,21207614,24102011,Accesorio para estantería,UNSPSC
ocds-dgv273-seacev3-1189951,ocds-dgv273-seacev3-1189951-2026-03-28T10:10:38.163411-05:00,1189951,21207609,26111504,Transmisión de correa,UNSPSC
ocds-dgv273-seacev3-1189951,ocds-dgv273-seacev3-1189951-2026-03-28T10:10:38.163411-05:00,1189951,21207578,40161505,Filtros de aire,UNSPSC
ocds-dgv273-seacev3-1189951,ocds-dgv273-seacev3-1189951-2026-03-28T10:10:38.163411-05:00,1189951,21207612,24101613,Bloques o poleas,UNSPSC
ocds-dgv273-seacev3-1189951,ocds-dgv273-seacev3-1189951-2026-03-28T10:10:38.163411-05:00,1189951,21207617,24101613,Bloques o poleas,UNSPSC
ocds-dgv273-seacev3-1189951,ocds-dgv273-seacev3-1189951-2026-03-28T10:10:38.163411-05:00,1189951,21207643,26111504,Transmisión de correa,UNSPSC
ocds-dgv273-seacev3-1189951,ocds-dgv273-seacev3-1189951-2026-03-28T10:10:38.163411-05:00,1189951,21207598,30102306,Perfiles de aluminio,UNSPSC
ocds-dgv273-seacev3-1189951,ocds-dgv273-seacev3-1189951-2026-03-28T10:10:38.163411-05:00,1189951,21207597,31161506,Tornillos para metal,UNSPSC
ocds-dgv273-seacev3-1189951,ocds-dgv273-seacev3-1189951-2026-03-28T10:10:38.163411-05:00,1189951,21207594,30102204,Plancha de acero,UNSPSC
ocds-dgv273-seacev3-1189951,ocds-dgv273-seacev3-1189951-2026-03-28T10:10:38.163411-05:00,1189951,21207590,26111532,Soportes o conjuntos del eje,UNSPSC
ocds-dgv273-seacev3-1189951,ocds-dgv273-seacev3-1189951-2026-03-28T10:10:38.163411-05:00,1189951,21207588,52151601,Rodillos de cocina de uso doméstico,UNSPSC
ocds-dgv273-seacev3-1189951,ocds-dgv273-seacev3-1189951-2026-03-28T10:10:38.163411-05:00,1189951,21207633,24101799,Transportadores y accesorios,UNSPSC
ocds-dgv273-seacev3-1189951,ocds-dgv273-seacev3-1189951-2026-03-28T10:10:38.163411-05:00,1189951,21207642,26111515,Servocontrolador,UNSPSC
ocds-dgv273-seacev3-1189951,ocds-dgv273-seacev3-1189951-2026-03-28T10:10:38.163411-05:00,1189951,21207539,39122231,Interruptor de dispositivo de combinación,UNSPSC
ocds-dgv273-seacev3-2026-1568-2,ocds-dgv273-seacev3-2026-1568-2-2026-03-28T10:10:34.698581-05:00,1186849,21200414,15101505,Diesel,UNSPSC
ocds-dgv273-seacev3-1188440,ocds-dgv273-seacev3-1188440-2026-03-28T10:10:34.598421-05:00,1188440,21203492,81141807,Servicio de inspección de instalaciones sanitarias o alcantarillado,UNSPSC
ocds-dgv273-seacev3-2026-1172-1,ocds-dgv273-seacev3-2026-1172-1-2026-03-28T10:10:34.582211-05:00,1187155,21200725,72141505,Servicios de movimientos de tierras,UNSPSC
ocds-dgv273-seacev3-2026-276-3,ocds-dgv273-seacev3-2026-276-3-2026-03-28T10:10:30.613725-05:00,1191336,21211129,72153102,Servicios de construcción de campos deportivos interiores,UNSPSC
ocds-dgv273-seacev3-1191499,ocds-dgv273-seacev3-1191499-2026-03-28T10:10:30.462498-05:00,1191499,21211507,51171502,Magaldrato,UNSPSC
ocds-dgv273-seacev3-2026-106-3,ocds-dgv273-seacev3-2026-106-3-2026-03-28T10:10:29.360271-05:00,1190907,21210207,15101505,Diesel,UNSPSC
ocds-dgv273-seacev3-2026-1392-3,ocds-dgv273-seacev3-2026-1392-3-2026-03-28T10:10:27.715850-05:00,1189743,21206581,50161509,Azúcares naturales o productos edulcorantes,UNSPSC
ocds-dgv273-seacev3-2026-248030-1,ocds-dgv273-seacev3-2026-248030-1-2026-03-28T10:10:26.449496-05:00,1186460,21199990,15101505,Diesel,UNSPSC
ocds-dgv273-seacev3-1189030,ocds-dgv273-seacev3-1189030-2026-03-28T10:10:25.584909-05:00,1189030,21204958,77101805,Servicios de control de calidad ambiental,UNSPSC
ocds-dgv273-seacev3-1188697,ocds-dgv273-seacev3-1188697-2026-03-28T10:10:25.543557-05:00,1188697,21204237,77101805,Servicios de control de calidad ambiental,UNSPSC
ocds-dgv273-seacev3-2026-10249-98,ocds-dgv273-seacev3-2026-10249-98-2026-03-28T10:10:25.219122-05:00,1188498,21203710,81141504,Calibración o reparación de equipos de prueba,UNSPSC
ocds-dgv273-seacev3-1188740,ocds-dgv273-seacev3-1188740-2026-03-28T10:10:24.483771-05:00,1188740,21204295,50221101,Granos de cereal,UNSPSC
ocds-dgv273-seacev3-1188740,ocds-dgv273-seacev3-1188740-2026-03-28T10:10:24.483771-05:00,1188740,21204294,50131702,Leche o productos de mantequilla estables sin refrigerar,UNSPSC
ocds-dgv273-seacev3-2026-923-5,ocds-dgv273-seacev3-2026-923-5-2026-03-28T10:10:24.261326-05:00,1188177,21202783,50192109,"Papas fritas en hojuelas y al hilo, mix de bocaditos o galletas saladas",UNSPSC
ocds-dgv273-seacev3-1188183,ocds-dgv273-seacev3-1188183-2026-03-28T10:10:24.209763-05:00,1188183,21203171,15101505,Diesel,UNSPSC
ocds-dgv273-seacev3-1194013,ocds-dgv273-seacev3-1194013-2026-03-28T10:10:23.649493-05:00,1194013,21217963,72121403,Servicios de construcción de hospitales,UNSPSC
ocds-dgv273-seacev3-1189397,ocds-dgv273-seacev3-1189397-2026-03-28T10:10:19.293667-05:00,1189397,21205704,72141001,Servicios de construcción de pistas y carreteras nuevas,UNSPSC
ocds-dgv273-seacev3-1190801,ocds-dgv273-seacev3-1190801-2026-03-28T10:10:18.133418-05:00,1190801,21209991,81101508,Ingeniería arquitectónica,UNSPSC
ocds-dgv273-seacev3-2026-10520-7,ocds-dgv273-seacev3-2026-10520-7-2026-03-28T10:10:17.407601-05:00,1190863,21210128,15101505,Diesel,UNSPSC
ocds-dgv273-seacev3-1190719,ocds-dgv273-seacev3-1190719-2026-03-28T10:10:17.399666-05:00,1190719,21209791,11111701,Arena silícea,UNSPSC
ocds-dgv273-seacev3-2026-1295-7,ocds-dgv273-seacev3-2026-1295-7-2026-03-28T10:10:15.369911-05:00,1189957,21200952,50221108,Grano de arroz,UNSPSC
ocds-dgv273-seacev3-2026-1295-7,ocds-dgv273-seacev3-2026-1295-7-2026-03-28T10:10:15.369911-05:00,1189957,21207562,50221108,Grano de arroz,UNSPSC
ocds-dgv273-seacev3-1189716,ocds-dgv273-seacev3-1189716-2026-03-28T10:10:15.316189-05:00,1189716,21206571,77111602,Servicios de descontaminación ambiental,UNSPSC
ocds-dgv273-seacev3-1191774,ocds-dgv273-seacev3-1191774-2026-03-28T10:10:14.811645-05:00,1191774,21212163,14111802,Recibos o libros de recibos,UNSPSC
ocds-dgv273-seacev3-1189048,ocds-dgv273-seacev3-1189048-2026-03-28T10:10:14.641501-05:00,1189048,21204952,77101805,Servicios de control de calidad ambiental,UNSPSC
ocds-dgv273-seacev3-1188667,ocds-dgv273-seacev3-1188667-2026-03-28T10:10:13.899702-05:00,1188667,21204176,51141517,Gabapentin,UNSPSC
ocds-dgv273-seacev3-1188633,ocds-dgv273-seacev3-1188633-2026-03-28T10:10:13.842005-05:00,1188633,21204121,51171707,Subsalicilato de bismuto,UNSPSC
ocds-dgv273-seacev3-1187877,ocds-dgv273-seacev3-1187877-2026-03-28T10:10:13.818999-05:00,1187877,21202181,72152605,Servicios de montaje y reparación de techos,UNSPSC
ocds-dgv273-seacev3-1188136,ocds-dgv273-seacev3-1188136-2026-03-28T10:10:13.784309-05:00,1188136,21202745,72151502,Servicios de instalación de sistemas de energía eléctrica,UNSPSC
ocds-dgv273-seacev3-2026-49-87,ocds-dgv273-seacev3-2026-49-87-2026-03-28T10:10:13.676595-05:00,1188263,21203236,30111601,Cemento,UNSPSC
ocds-dgv273-seacev3-2026-629-4,ocds-dgv273-seacev3-2026-629-4-2026-03-28T10:10:13.495861-05:00,1186273,21199824,81101510,Ingeniería de carreteras,UNSPSC
ocds-dgv273-seacev3-1187721,ocds-dgv273-seacev3-1187721-2026-03-28T10:10:12.910878-05:00,1187721,21201713,72121203,Servicios de construcción de silos y de edificaciones para servicio agrícola,UNSPSC
ocds-dgv273-seacev3-1187729,ocds-dgv273-seacev3-1187729-2026-03-28T10:10:12.896742-05:00,1187729,21201855,50131702,Leche o productos de mantequilla estables sin refrigerar,UNSPSC
ocds-dgv273-seacev3-2026-399-17,ocds-dgv273-seacev3-2026-399-17-2026-03-28T10:10:12.816100-05:00,1187500,21201279,86131503,Escultura,UNSPSC
ocds-dgv273-seacev3-1191896,ocds-dgv273-seacev3-1191896-2026-03-28T10:10:08.965379-05:00,1191896,21212461,50121538,Pescado estable sin refrigerar,UNSPSC
ocds-dgv273-seacev3-2026-1922-23,ocds-dgv273-seacev3-2026-1922-23-2026-03-28T10:10:08.839401-05:00,1190935,21210266,81162103,Software de plataforma como servicio,UNSPSC
ocds-dgv273-seacev3-2026-20002-45,ocds-dgv273-seacev3-2026-20002-45-2026-03-28T10:10:08.759790-05:00,1190111,21207835,41115804,Accesorios o suministros de analizadores de banco de sangre,UNSPSC
ocds-dgv273-seacev3-2026-2371-4,ocds-dgv273-seacev3-2026-2371-4-2026-03-28T10:10:08.418588-05:00,1189834,21207116,12352311,Alúmina y otros compuestos de aluminio,UNSPSC
ocds-dgv273-seacev3-2026-125-1,ocds-dgv273-seacev3-2026-125-1-2026-03-28T10:10:08.352578-05:00,1190585,21209404,50131702,Leche o productos de mantequilla estables sin refrigerar,UNSPSC
ocds-dgv273-seacev3-2026-1808-1,ocds-dgv273-seacev3-2026-1808-1-2026-03-28T10:10:07.573699-05:00,1189857,21207023,15101505,Diesel,UNSPSC
ocds-dgv273-seacev3-1191378,ocds-dgv273-seacev3-1191378-2026-03-28T10:10:06.388425-05:00,1191378,21211210,50131702,Leche o productos de mantequilla estables sin refrigerar,UNSPSC
ocds-dgv273-seacev3-2026-968-1,ocds-dgv273-seacev3-2026-968-1-2026-03-28T10:10:04.274872-05:00,1188662,21204170,50131702,Leche o productos de mantequilla estables sin refrigerar,UNSPSC
ocds-dgv273-seacev3-2026-968-1,ocds-dgv273-seacev3-2026-968-1-2026-03-28T10:10:04.274872-05:00,1188662,21204171,50192109,"Papas fritas en hojuelas y al hilo, mix de bocaditos o galletas saladas",UNSPSC
ocds-dgv273-seacev3-2026-619-2,ocds-dgv273-seacev3-2026-619-2-2026-03-28T10:10:02.502153-05:00,1186398,21197767,50161509,Azúcares naturales o productos edulcorantes,UNSPSC
ocds-dgv273-seacev3-2026-492-1,ocds-dgv273-seacev3-2026-492-1-2026-03-28T10:10:02.026616-05:00,1187995,21202638,30111601,Cemento,UNSPSC
ocds-dgv273-seacev3-2026-315-1,ocds-dgv273-seacev3-2026-315-1-2026-03-28T10:09:56.241177-05:00,1189710,21206564,72153102,Servicios de construcción de campos deportivos interiores,UNSPSC
ocds-dgv273-seacev3-1189173,ocds-dgv273-seacev3-1189173-2026-03-28T10:09:56.097622-05:00,1189173,21205194,72141001,Servicios de construcción de pistas y carreteras nuevas,UNSPSC
ocds-dgv273-seacev3-1190438,ocds-dgv273-seacev3-1190438-2026-03-28T10:09:56.053197-05:00,1190438,21208924,45111812,Pantalla de información visual,UNSPSC
ocds-dgv273-seacev3-2026-993-2,ocds-dgv273-seacev3-2026-993-2-2026-03-28T10:09:54.945917-05:00,1191579,21211646,15101505,Diesel,UNSPSC
ocds-dgv273-seacev3-2026-993-2,ocds-dgv273-seacev3-2026-993-2-2026-03-28T10:09:54.945917-05:00,1191579,21211645,15101506,Gasolina o Petróleo,UNSPSC
ocds-dgv273-seacev3-2026-1952-33,ocds-dgv273-seacev3-2026-1952-33-2026-03-28T10:09:54.114971-05:00,1195136,21221051,80101505,Desarrollo de objetivos o políticas corporativas,UNSPSC
ocds-dgv273-seacev3-2026-2371-6,ocds-dgv273-seacev3-2026-2371-6-2026-03-28T10:09:53.994441-05:00,1189880,21207151,12352302,Sales metálicas inorgánicas,UNSPSC
ocds-dgv273-seacev3-1192094,ocds-dgv273-seacev3-1192094-2026-03-28T10:09:52.203780-05:00,1192094,21213169,30111505,Hormigón premezclado,UNSPSC
ocds-dgv273-seacev3-1191460,ocds-dgv273-seacev3-1191460-2026-03-27T10:16:32.306730-05:00,1191460,21211422,10161503,Cacaos,UNSPSC
ocds-dgv273-seacev3-1192684,ocds-dgv273-seacev3-1192684-2026-03-27T10:16:30.340136-05:00,1192684,21214447,50131702,Leche o productos de mantequilla estables sin refrigerar,UNSPSC
ocds-dgv273-seacev3-1191036,ocds-dgv273-seacev3-1191036-2026-03-27T10:16:29.984280-05:00,1191036,21210489,15111510,Gas de petróleo licuefactado,UNSPSC
ocds-dgv273-seacev3-1190037,ocds-dgv273-seacev3-1190037-2026-03-27T10:16:28.535971-05:00,1190037,21207764,72141003,Servicios de mantenimiento de pistas y carreteras,UNSPSC
ocds-dgv273-seacev3-2026-1003004403-1,ocds-dgv273-seacev3-2026-1003004403-1-2026-03-27T10:16:28.343532-05:00,1189910,21207396,85101503,Servicio para administrar consultorios médicos,UNSPSC
ocds-dgv273-seacev3-2026-1003004403-1,ocds-dgv273-seacev3-2026-1003004403-1-2026-03-27T10:16:28.343532-05:00,1189910,21207397,85101503,Servicio para administrar consultorios médicos,UNSPSC
ocds-dgv273-seacev3-2026-1003004403-1,ocds-dgv273-seacev3-2026-1003004403-1-2026-03-27T10:16:28.343532-05:00,1189910,21207398,85101503,Servicio para administrar consultorios médicos,UNSPSC
ocds-dgv273-seacev3-2026-1003004403-1,ocds-dgv273-seacev3-2026-1003004403-1-2026-03-27T10:16:28.343532-05:00,1189910,21207399,85101503,Servicio para administrar consultorios médicos,UNSPSC
ocds-dgv273-seacev3-2026-2381-31,ocds-dgv273-seacev3-2026-2381-31-2026-03-27T10:16:27.179455-05:00,1187556,21201549,72141121,Servicios de construcción de tuberías principales de agua,UNSPSC
ocds-dgv273-seacev3-1188377,ocds-dgv273-seacev3-1188377-2026-03-27T10:16:22.708036-05:00,1188377,21203626,30111601,Cemento,UNSPSC
ocds-dgv273-seacev3-2026-1585-5,ocds-dgv273-seacev3-2026-1585-5-2026-03-27T10:16:22.609410-05:00,1188734,21204259,72141128,Servicio de remodelación  y/o construcción de plazas públicas,UNSPSC
ocds-dgv273-seacev3-2026-1003026180-1,ocds-dgv273-seacev3-2026-1003026180-1-2026-03-27T10:16:22.587637-05:00,1190537,21209390,81101510,Ingeniería de carreteras,UNSPSC
ocds-dgv273-seacev3-1189123,ocds-dgv273-seacev3-1189123-2026-03-27T10:16:22.090043-05:00,1189123,21205040,50131702,Leche o productos de mantequilla estables sin refrigerar,UNSPSC
ocds-dgv273-seacev3-1189123,ocds-dgv273-seacev3-1189123-2026-03-27T10:16:22.090043-05:00,1189123,21205041,50192109,"Papas fritas en hojuelas y al hilo, mix de bocaditos o galletas saladas",UNSPSC
ocds-dgv273-seacev3-1190277,ocds-dgv273-seacev3-1190277-2026-03-27T10:16:19.816682-05:00,1190277,21208513,50131702,Leche o productos de mantequilla estables sin refrigerar,UNSPSC
ocds-dgv273-seacev3-2026-10249-71,ocds-dgv273-seacev3-2026-10249-71-2026-03-27T10:16:19.450706-05:00,1192011,21212692,15111510,Gas de petróleo licuefactado,UNSPSC
ocds-dgv273-seacev3-1188754,ocds-dgv273-seacev3-1188754-2026-03-27T10:16:17.192196-05:00,1188754,21204355,77101805,Servicios de control de calidad ambiental,UNSPSC
ocds-dgv273-seacev3-2026-847-11,ocds-dgv273-seacev3-2026-847-11-2026-03-27T10:16:16.141869-05:00,1188055,21202697,30111601,Cemento,UNSPSC
ocds-dgv273-seacev3-2026-10466-1,ocds-dgv273-seacev3-2026-10466-1-2026-03-27T10:16:12.650774-05:00,1190742,21209659,15101505,Diesel,UNSPSC
ocds-dgv273-seacev3-1190070,ocds-dgv273-seacev3-1190070-2026-03-27T10:16:11.670676-05:00,1190070,21207975,30111601,Cemento,UNSPSC
ocds-dgv273-seacev3-1190782,ocds-dgv273-seacev3-1190782-2026-03-27T10:16:11.544918-05:00,1190782,21209898,30111601,Cemento,UNSPSC
ocds-dgv273-seacev3-2026-977-1,ocds-dgv273-seacev3-2026-977-1-2026-03-27T10:16:11.371277-05:00,1189071,21204981,15101505,Diesel,UNSPSC
ocds-dgv273-seacev3-1189713,ocds-dgv273-seacev3-1189713-2026-03-27T10:16:11.135346-05:00,1189713,21206567,60141012,Juguetes inflables,UNSPSC
ocds-dgv273-seacev3-1189556,ocds-dgv273-seacev3-1189556-2026-03-27T10:16:10.877490-05:00,1189556,21206250,41111931,Sensores de caudal,UNSPSC
ocds-dgv273-seacev3-1190738,ocds-dgv273-seacev3-1190738-2026-03-27T10:16:08.612755-05:00,1190738,21209645,51131518,Sulfato ferroso y ácido folico,UNSPSC
ocds-dgv273-seacev3-2026-53-24,ocds-dgv273-seacev3-2026-53-24-2026-03-27T10:16:08.362593-05:00,1191609,21211682,90121502,Agencias de viajes,UNSPSC
ocds-dgv273-seacev3-2026-200322-3,ocds-dgv273-seacev3-2026-200322-3-2026-03-27T10:16:07.086168-05:00,1187008,21198190,72121403,Servicios de construcción de hospitales,UNSPSC
ocds-dgv273-seacev3-2026-180125-2,ocds-dgv273-seacev3-2026-180125-2-2026-03-27T10:16:01.605342-05:00,1192056,21213085,15101506,Gasolina o Petróleo,UNSPSC
ocds-dgv273-seacev3-1191288,ocds-dgv273-seacev3-1191288-2026-03-27T10:16:00.577880-05:00,1191288,21210957,30141701,Capa de sellado de plancha de asfalto,UNSPSC
ocds-dgv273-seacev3-1191177,ocds-dgv273-seacev3-1191177-2026-03-27T10:16:00.123265-05:00,1191177,21210676,30111601,Cemento,UNSPSC
ocds-dgv273-seacev3-1192385,ocds-dgv273-seacev3-1192385-2026-03-27T10:15:59.912469-05:00,1192385,21213806,15101505,Diesel,UNSPSC
ocds-dgv273-seacev3-1193044,ocds-dgv273-seacev3-1193044-2026-03-27T10:15:59.241557-05:00,1193044,21215382,72141121,Servicios de construcción de tuberías principales de agua,UNSPSC
ocds-dgv273-seacev3-1189761,ocds-dgv273-seacev3-1189761-2026-03-27T10:15:58.693441-05:00,1189761,21206809,78111808,Alquiler de vehículos,UNSPSC
ocds-dgv273-seacev3-1189761,ocds-dgv273-seacev3-1189761-2026-03-27T10:15:58.693441-05:00,1189761,21206808,78111808,Alquiler de vehículos,UNSPSC
ocds-dgv273-seacev3-1187112,ocds-dgv273-seacev3-1187112-2026-03-27T10:15:55.328284-05:00,1187112,21200701,50221101,Granos de cereal,UNSPSC
ocds-dgv273-seacev3-1187112,ocds-dgv273-seacev3-1187112-2026-03-27T10:15:55.328284-05:00,1187112,21200700,50131702,Leche o productos de mantequilla estables sin refrigerar,UNSPSC
ocds-dgv273-seacev3-1187286,ocds-dgv273-seacev3-1187286-2026-03-27T10:15:55.091974-05:00,1187286,21200839,30111601,Cemento,UNSPSC
ocds-dgv273-seacev3-2026-200386-4,ocds-dgv273-seacev3-2026-200386-4-2026-03-27T10:15:50.947505-05:00,1188927,21204686,15101505,Diesel,UNSPSC
ocds-dgv273-seacev3-1189870,ocds-dgv273-seacev3-1189870-2026-03-27T10:15:50.043540-05:00,1189870,21207199,30111601,Cemento,UNSPSC
ocds-dgv273-seacev3-1188691,ocds-dgv273-seacev3-1188691-2026-03-27T10:15:49.459651-05:00,1188691,21204219,30111601,Cemento,UNSPSC
ocds-dgv273-seacev3-1191815,ocds-dgv273-seacev3-1191815-2026-03-27T10:15:49.085364-05:00,1191815,21212306,80131505,Servicio de alquiler de oficina modular o portátil,UNSPSC
ocds-dgv273-seacev3-2026-10561-1,ocds-dgv273-seacev3-2026-10561-1-2026-03-27T10:15:47.073326-05:00,1190259,21208488,15101505,Diesel,UNSPSC
ocds-dgv273-seacev3-2026-10561-1,ocds-dgv273-seacev3-2026-10561-1-2026-03-27T10:15:47.073326-05:00,1190259,21208487,15101506,Gasolina o Petróleo,UNSPSC
ocds-dgv273-seacev3-2026-1860-2,ocds-dgv273-seacev3-2026-1860-2-2026-03-27T10:15:46.553944-05:00,1187150,21200718,50131702,Leche o productos de mantequilla estables sin refrigerar,UNSPSC
ocds-dgv273-seacev3-2026-1786-2,ocds-dgv273-seacev3-2026-1786-2-2026-03-27T10:15:45.699671-05:00,1188291,21203306,30111601,Cemento,UNSPSC
ocds-dgv273-seacev3-2026-1025-5,ocds-dgv273-seacev3-2026-1025-5-2026-03-27T10:15:45.220113-05:00,1186310,21199843,72121008,Servicios de construcción y remodelación de almacenes,UNSPSC
ocds-dgv273-seacev3-1187242,ocds-dgv273-seacev3-1187242-2026-03-27T10:15:44.779072-05:00,1187242,21198359,72141128,Servicio de remodelación  y/o construcción de plazas públicas,UNSPSC
ocds-dgv273-seacev3-2026-1003085953-2,ocds-dgv273-seacev3-2026-1003085953-2-2026-03-27T10:15:44.612704-05:00,1187610,21201646,80101505,Desarrollo de objetivos o políticas corporativas,UNSPSC
ocds-dgv273-seacev3-1189137,ocds-dgv273-seacev3-1189137-2026-03-27T10:15:40.312189-05:00,1189137,21205098,81101508,Ingeniería arquitectónica,UNSPSC
ocds-dgv273-seacev3-1191172,ocds-dgv273-seacev3-1191172-2026-03-27T10:15:39.990137-05:00,1191172,21210667,91111603,Servicios de cocina o preparación de comidas,UNSPSC
ocds-dgv273-seacev3-1189869,ocds-dgv273-seacev3-1189869-2026-03-27T10:15:38.761593-05:00,1189869,21207327,30102403,Varillas de hierro,UNSPSC
ocds-dgv273-seacev3-2026-616-1,ocds-dgv273-seacev3-2026-616-1-2026-03-27T10:15:38.705700-05:00,1191770,21212156,15101505,Diesel,UNSPSC
ocds-dgv273-seacev3-1188483,ocds-dgv273-seacev3-1188483-2026-03-27T10:15:37.895908-05:00,1188483,21203693,77101805,Servicios de control de calidad ambiental,UNSPSC
ocds-dgv273-seacev3-1190721,ocds-dgv273-seacev3-1190721-2026-03-27T10:15:37.738281-05:00,1190721,21209794,72152605,Servicios de montaje y reparación de techos,UNSPSC
ocds-dgv273-seacev3-2026-707-2,ocds-dgv273-seacev3-2026-707-2-2026-03-27T10:15:35.446980-05:00,1190027,21195520,81101510,Ingeniería de carreteras,UNSPSC
ocds-dgv273-seacev3-2026-707-2,ocds-dgv273-seacev3-2026-707-2-2026-03-27T10:15:35.446980-05:00,1190027,21207898,81101510,Ingeniería de carreteras,UNSPSC
ocds-dgv273-seacev3-1189624,ocds-dgv273-seacev3-1189624-2026-03-27T10:15:35.330683-05:00,1189624,21206341,77101805,Servicios de control de calidad ambiental,UNSPSC
ocds-dgv273-seacev3-1189811,ocds-dgv273-seacev3-1189811-2026-03-27T10:15:28.021087-05:00,1189811,21206699,72121411,Servicio de construcción de centros para convenciones,UNSPSC
ocds-dgv273-seacev3-1191188,ocds-dgv273-seacev3-1191188-2026-03-27T10:15:26.765179-05:00,1191188,21210716,10101601,Pollos vivos,UNSPSC
ocds-dgv273-seacev3-1191188,ocds-dgv273-seacev3-1191188-2026-03-27T10:15:26.765179-05:00,1191188,21210714,50221108,Grano de arroz,UNSPSC
ocds-dgv273-seacev3-1191188,ocds-dgv273-seacev3-1191188-2026-03-27T10:15:26.765179-05:00,1191188,21210715,50421806,Fréjoles secos negros,UNSPSC
ocds-dgv273-seacev3-2026-1003004403-3,ocds-dgv273-seacev3-2026-1003004403-3-2026-03-27T10:15:26.124758-05:00,1189909,21207395,76122001,Disposición final de desechos genéricos no peligrosos,UNSPSC
ocds-dgv273-seacev3-1189681,ocds-dgv273-seacev3-1189681-2026-03-27T10:15:25.708605-05:00,1189681,21206500,30111601,Cemento,UNSPSC
ocds-dgv273-seacev3-1190599,ocds-dgv273-seacev3-1190599-2026-03-26T10:13:32.459721-05:00,1190599,21209333,72141003,Servicios de mantenimiento de pistas y carreteras,UNSPSC
ocds-dgv273-seacev3-2026-63205-2,ocds-dgv273-seacev3-2026-63205-2-2026-03-26T10:13:31.522456-05:00,1191860,21212362,15101505,Diesel,UNSPSC
ocds-dgv273-seacev3-1190578,ocds-dgv273-seacev3-1190578-2026-03-26T10:13:30.669530-05:00,1190578,21209392,15101505,Diesel,UNSPSC
ocds-dgv273-seacev3-1189607,ocds-dgv273-seacev3-1189607-2026-03-26T10:13:29.673300-05:00,1189607,21206312,77101805,Servicios de control de calidad ambiental,UNSPSC
ocds-dgv273-seacev3-1190390,ocds-dgv273-seacev3-1190390-2026-03-26T10:13:28.774746-05:00,1190390,21208856,72141003,Servicios de mantenimiento de pistas y carreteras,UNSPSC
ocds-dgv273-seacev3-1190350,ocds-dgv273-seacev3-1190350-2026-03-26T10:13:28.440281-05:00,1190350,21208814,72141003,Servicios de mantenimiento de pistas y carreteras,UNSPSC
ocds-dgv273-seacev3-1189665,ocds-dgv273-seacev3-1189665-2026-03-26T10:13:28.235255-05:00,1189665,21206452,77101805,Servicios de control de calidad ambiental,UNSPSC
ocds-dgv273-seacev3-1189862,ocds-dgv273-seacev3-1189862-2026-03-26T10:13:28.214412-05:00,1189862,21207158,77101805,Servicios de control de calidad ambiental,UNSPSC
ocds-dgv273-seacev3-1189812,ocds-dgv273-seacev3-1189812-2026-03-26T10:13:28.180599-05:00,1189812,21206918,77101805,Servicios de control de calidad ambiental,UNSPSC
ocds-dgv273-seacev3-1186078,ocds-dgv273-seacev3-1186078-2026-03-26T10:13:27.051425-05:00,1186078,21199604,72153103,Servicios de construcción de patios de recreo e instalación de equipos,UNSPSC
ocds-dgv273-seacev3-1188948,ocds-dgv273-seacev3-1188948-2026-03-26T10:13:26.937629-05:00,1188948,21204858,77101805,Servicios de control de calidad ambiental,UNSPSC
ocds-dgv273-seacev3-1187591,ocds-dgv273-seacev3-1187591-2026-03-26T10:13:26.441995-05:00,1187591,21201426,78102101,Transporte de productos petroleros,UNSPSC
ocds-dgv273-seacev3-1186750,ocds-dgv273-seacev3-1186750-2026-03-26T10:13:26.428030-05:00,1186750,21200358,30111601,Cemento,UNSPSC
ocds-dgv273-seacev3-1187368,ocds-dgv273-seacev3-1187368-2026-03-26T10:13:26.324725-05:00,1187368,21200980,72141121,Servicios de construcción de tuberías principales de agua,UNSPSC
ocds-dgv273-seacev3-2026-1250-6,ocds-dgv273-seacev3-2026-1250-6-2026-03-26T10:13:26.115968-05:00,1187031,21200621,72121203,Servicios de construcción de silos y de edificaciones para servicio agrícola,UNSPSC
ocds-dgv273-seacev3-1190371,ocds-dgv273-seacev3-1190371-2026-03-26T10:13:22.883806-05:00,1190371,21208744,72141003,Servicios de mantenimiento de pistas y carreteras,UNSPSC
ocds-dgv273-seacev3-1191797,ocds-dgv273-seacev3-1191797-2026-03-26T10:13:22.229499-05:00,1191797,21212340,77101805,Servicios de control de calidad ambiental,UNSPSC
ocds-dgv273-seacev3-1189773,ocds-dgv273-seacev3-1189773-2026-03-26T10:13:21.460334-05:00,1189773,21206829,77101805,Servicios de control de calidad ambiental,UNSPSC
ocds-dgv273-seacev3-1189985,ocds-dgv273-seacev3-1189985-2026-03-26T10:13:21.388173-05:00,1189985,21207583,11111611,Grava,UNSPSC
ocds-dgv273-seacev3-1189631,ocds-dgv273-seacev3-1189631-2026-03-26T10:13:20.978208-05:00,1189631,21206349,77101805,Servicios de control de calidad ambiental,UNSPSC
ocds-dgv273-seacev3-1190398,ocds-dgv273-seacev3-1190398-2026-03-26T10:13:20.386523-05:00,1190398,21208748,30111601,Cemento,UNSPSC
ocds-dgv273-seacev3-1190219,ocds-dgv273-seacev3-1190219-2026-03-26T10:13:20.106122-05:00,1190219,21208262,15101505,Diesel,UNSPSC
ocds-dgv273-seacev3-1188301,ocds-dgv273-seacev3-1188301-2026-03-26T10:13:19.298369-05:00,1188301,21202870,42191807,Camas de cuidado del paciente o accesorios de uso general,UNSPSC
ocds-dgv273-seacev3-1189527,ocds-dgv273-seacev3-1189527-2026-03-26T10:13:19.265736-05:00,1189527,21206122,15101505,Diesel,UNSPSC
ocds-dgv273-seacev3-1188587,ocds-dgv273-seacev3-1188587-2026-03-26T10:13:18.743829-05:00,1188587,21203979,10122199,Comida para animales variados,UNSPSC
ocds-dgv273-seacev3-1187141,ocds-dgv273-seacev3-1187141-2026-03-26T10:13:17.882377-05:00,1187141,21198302,72141128,Servicio de remodelación  y/o construcción de plazas públicas,UNSPSC
ocds-dgv273-seacev3-1188669,ocds-dgv273-seacev3-1188669-2026-03-26T10:13:17.836479-05:00,1188669,21204178,50221102,Harina de cereales,UNSPSC
ocds-dgv273-seacev3-1188669,ocds-dgv273-seacev3-1188669-2026-03-26T10:13:17.836479-05:00,1188669,21204179,50131702,Leche o productos de mantequilla estables sin refrigerar,UNSPSC
ocds-dgv273-seacev3-1188924,ocds-dgv273-seacev3-1188924-2026-03-26T10:13:17.695708-05:00,1188924,21204834,83121703,Servicios relacionados con Internet,UNSPSC
ocds-dgv273-seacev3-2026-1952-41,ocds-dgv273-seacev3-2026-1952-41-2026-03-26T10:13:13.654645-05:00,1194814,21219871,80101511,Servicio de consultoría de recursos humanos,UNSPSC
ocds-dgv273-seacev3-1190330,ocds-dgv273-seacev3-1190330-2026-03-26T10:13:13.517954-05:00,1190330,21208831,50131702,Leche o productos de mantequilla estables sin refrigerar,UNSPSC
ocds-dgv273-seacev3-1189378,ocds-dgv273-seacev3-1189378-2026-03-26T10:13:12.595911-05:00,1189378,21205641,30121601,Asfalto,UNSPSC
ocds-dgv273-seacev3-2026-10474-7,ocds-dgv273-seacev3-2026-10474-7-2026-03-26T10:13:12.523831-05:00,1186772,21200361,76111501,Servicios de limpieza de edificios,UNSPSC
ocds-dgv273-seacev3-1191367,ocds-dgv273-seacev3-1191367-2026-03-26T10:13:12.350799-05:00,1191367,21211177,53111601,Zapatos para caballero,UNSPSC
ocds-dgv273-seacev3-2026-849-2,ocds-dgv273-seacev3-2026-849-2-2026-03-26T10:13:10.018195-05:00,1188209,21202799,30111903,Lámina de malla de alambre,UNSPSC
ocds-dgv273-seacev3-1190602,ocds-dgv273-seacev3-1190602-2026-03-26T10:13:09.578940-05:00,1190602,21209340,72141003,Servicios de mantenimiento de pistas y carreteras,UNSPSC
ocds-dgv273-seacev3-1190423,ocds-dgv273-seacev3-1190423-2026-03-26T10:13:09.568741-05:00,1190423,21208896,72141003,Servicios de mantenimiento de pistas y carreteras,UNSPSC
ocds-dgv273-seacev3-1190408,ocds-dgv273-seacev3-1190408-2026-03-26T10:13:09.538613-05:00,1190408,21208864,72141003,Servicios de mantenimiento de pistas y carreteras,UNSPSC
ocds-dgv273-seacev3-1190402,ocds-dgv273-seacev3-1190402-2026-03-26T10:13:09.528557-05:00,1190402,21208850,72141003,Servicios de mantenimiento de pistas y carreteras,UNSPSC
ocds-dgv273-seacev3-2026-1952-30,ocds-dgv273-seacev3-2026-1952-30-2026-03-26T10:13:09.445034-05:00,1191659,21211784,81102702,Servicio de ingeniería y diseño de sistema de control de proceso,UNSPSC
ocds-dgv273-seacev3-2026-1952-30,ocds-dgv273-seacev3-2026-1952-30-2026-03-26T10:13:09.445034-05:00,1191659,21211783,81102702,Servicio de ingeniería y diseño de sistema de control de proceso,UNSPSC
ocds-dgv273-seacev3-1188912,ocds-dgv273-seacev3-1188912-2026-03-26T10:13:08.368773-05:00,1188912,21204601,77101805,Servicios de control de calidad ambiental,UNSPSC
ocds-dgv273-seacev3-1188895,ocds-dgv273-seacev3-1188895-2026-03-26T10:13:08.348566-05:00,1188895,21204833,77101805,Servicios de control de calidad ambiental,UNSPSC
ocds-dgv273-seacev3-1186759,ocds-dgv273-seacev3-1186759-2026-03-26T10:13:08.317104-05:00,1186759,21200347,51262404,Labetalol,UNSPSC
ocds-dgv273-seacev3-2026-1621-42,ocds-dgv273-seacev3-2026-1621-42-2026-03-26T10:13:08.137993-05:00,1188168,21202767,81101508,Ingeniería arquitectónica,UNSPSC
ocds-dgv273-seacev3-2026-1034-4,ocds-dgv273-seacev3-2026-1034-4-2026-03-26T10:13:07.522828-05:00,1185899,21199438,72141003,Servicios de mantenimiento de pistas y carreteras,UNSPSC
ocds-dgv273-seacev3-1190425,ocds-dgv273-seacev3-1190425-2026-03-26T10:13:04.024772-05:00,1190425,21208883,72141003,Servicios de mantenimiento de pistas y carreteras,UNSPSC
ocds-dgv273-seacev3-1189864,ocds-dgv273-seacev3-1189864-2026-03-26T10:13:03.699968-05:00,1189864,21207160,72141701,Servicio de arrendamiento o alquiler de maquinaria de construcción,UNSPSC
ocds-dgv273-seacev3-2026-10368-13,ocds-dgv273-seacev3-2026-10368-13-2026-03-26T10:13:03.683695-05:00,1189405,21205733,30111601,Cemento,UNSPSC
ocds-dgv273-seacev3-1188935,ocds-dgv273-seacev3-1188935-2026-03-26T10:13:03.459670-05:00,1188935,21204698,42222008,Kits o accesorios de bombas de infusión,UNSPSC
ocds-dgv273-seacev3-1188776,ocds-dgv273-seacev3-1188776-2026-03-26T10:13:03.140813-05:00,1188776,21204423,78111808,Alquiler de vehículos,UNSPSC
ocds-dgv273-seacev3-1190172,ocds-dgv273-seacev3-1190172-2026-03-26T10:13:01.533791-05:00,1190172,21208244,77101805,Servicios de control de calidad ambiental,UNSPSC
ocds-dgv273-seacev3-1190224,ocds-dgv273-seacev3-1190224-2026-03-26T10:12:59.473137-05:00,1190224,21208275,81101510,Ingeniería de carreteras,UNSPSC
ocds-dgv273-seacev3-1191831,ocds-dgv273-seacev3-1191831-2026-03-26T10:12:59.040048-05:00,1191831,21212346,77101805,Servicios de control de calidad ambiental,UNSPSC
ocds-dgv273-seacev3-1187194,ocds-dgv273-seacev3-1187194-2026-03-26T10:12:57.621097-05:00,1187194,21200758,77101805,Servicios de control de calidad ambiental,UNSPSC
ocds-dgv273-seacev3-2026-10380-1,ocds-dgv273-seacev3-2026-10380-1-2026-03-26T10:12:57.550921-05:00,1187674,21201695,15101505,Diesel,UNSPSC
ocds-dgv273-seacev3-1186728,ocds-dgv273-seacev3-1186728-2026-03-26T10:12:57.495296-05:00,1186728,21200331,51121904,Nifedipina,UNSPSC
ocds-dgv273-seacev3-2026-1116-8,ocds-dgv273-seacev3-2026-1116-8-2026-03-26T10:12:57.456549-05:00,1186904,21198113,72151501,Servicios de instalación de iluminación,UNSPSC
ocds-dgv273-seacev3-1187198,ocds-dgv273-seacev3-1187198-2026-03-26T10:12:56.806980-05:00,1187198,21198330,77101805,Servicios de control de calidad ambiental,UNSPSC
ocds-dgv273-seacev3-1190096,ocds-dgv273-seacev3-1190096-2026-03-26T10:12:53.405310-05:00,1190096,21207804,72153102,Servicios de construcción de campos deportivos interiores,UNSPSC
ocds-dgv273-seacev3-2026-10398-7,ocds-dgv273-seacev3-2026-10398-7-2026-03-26T10:12:53.201480-05:00,1190196,21208249,78101802,Servicios de transporte regional o nacional en camión,UNSPSC
ocds-dgv273-seacev3-1190556,ocds-dgv273-seacev3-1190556-2026-03-26T10:12:52.639133-05:00,1190556,21209223,77101805,Servicios de control de calidad ambiental,UNSPSC
ocds-dgv273-seacev3-1190420,ocds-dgv273-seacev3-1190420-2026-03-26T10:12:52.434395-05:00,1190420,21208889,72141003,Servicios de mantenimiento de pistas y carreteras,UNSPSC
ocds-dgv273-seacev3-1192053,ocds-dgv273-seacev3-1192053-2026-03-26T10:12:52.236339-05:00,1192053,21213058,80101702,Estudios o implementación de productividad o eficiencia,UNSPSC
ocds-dgv273-seacev3-1190263,ocds-dgv273-seacev3-1190263-2026-03-26T10:12:52.066302-05:00,1190263,21208496,77101805,Servicios de control de calidad ambiental,UNSPSC
ocds-dgv273-seacev3-1191822,ocds-dgv273-seacev3-1191822-2026-03-26T10:12:51.844755-05:00,1191822,21212311,77101805,Servicios de control de calidad ambiental,UNSPSC
ocds-dgv273-seacev3-1189802,ocds-dgv273-seacev3-1189802-2026-03-26T10:12:51.048516-05:00,1189802,21206665,72152605,Servicios de montaje y reparación de techos,UNSPSC
ocds-dgv273-seacev3-1189925,ocds-dgv273-seacev3-1189925-2026-03-26T10:12:50.988094-05:00,1189925,21207488,77101805,Servicios de control de calidad ambiental,UNSPSC
ocds-dgv273-seacev3-1191368,ocds-dgv273-seacev3-1191368-2026-03-26T10:12:50.096317-05:00,1191368,21211180,30131704,Azulejos o baldosas de cerámica,UNSPSC
ocds-dgv273-seacev3-1189899,ocds-dgv273-seacev3-1189899-2026-03-26T10:12:50.082004-05:00,1189899,21207454,77101805,Servicios de control de calidad ambiental,UNSPSC
ocds-dgv273-seacev3-1188385,ocds-dgv273-seacev3-1188385-2026-03-26T10:12:48.962723-05:00,1188385,21203401,81101508,Ingeniería arquitectónica,UNSPSC
ocds-dgv273-seacev3-2026-1952-32,ocds-dgv273-seacev3-2026-1952-32-2026-03-26T10:12:48.918191-05:00,1191661,21211809,80101506,Consultoría de estructura organizacional,UNSPSC
ocds-dgv273-seacev3-2026-1952-32,ocds-dgv273-seacev3-2026-1952-32-2026-03-26T10:12:48.918191-05:00,1191661,21211808,80101506,Consultoría de estructura organizacional,UNSPSC
ocds-dgv273-seacev3-1192092,ocds-dgv273-seacev3-1192092-2026-03-26T10:12:48.771456-05:00,1192092,21213147,80101702,Estudios o implementación de productividad o eficiencia,UNSPSC
ocds-dgv273-seacev3-1189612,ocds-dgv273-seacev3-1189612-2026-03-26T10:12:48.132425-05:00,1189612,21206326,77101805,Servicios de control de calidad ambiental,UNSPSC
ocds-dgv273-seacev3-1188888,ocds-dgv273-seacev3-1188888-2026-03-26T10:12:47.990049-05:00,1188888,21204599,72141701,Servicio de arrendamiento o alquiler de maquinaria de construcción,UNSPSC
ocds-dgv273-seacev3-1189622,ocds-dgv273-seacev3-1189622-2026-03-26T10:12:47.467127-05:00,1189622,21206328,77101805,Servicios de control de calidad ambiental,UNSPSC
ocds-dgv273-seacev3-1187587,ocds-dgv273-seacev3-1187587-2026-03-26T10:12:47.222514-05:00,1187587,21201599,72153102,Servicios de construcción de campos deportivos interiores,UNSPSC
ocds-dgv273-seacev3-1188148,ocds-dgv273-seacev3-1188148-2026-03-26T10:12:46.680394-05:00,1188148,21203150,72154028,Servicios de instalación y mantenimiento de señales,UNSPSC
ocds-dgv273-seacev3-1187383,ocds-dgv273-seacev3-1187383-2026-03-26T10:12:46.162388-05:00,1187383,21201168,30111601,Cemento,UNSPSC
ocds-dgv273-seacev3-1187189,ocds-dgv273-seacev3-1187189-2026-03-26T10:12:46.120464-05:00,1187189,21200754,81111805,Mantenimiento o soporte de sistemas propietarios o con licencia,UNSPSC
ocds-dgv273-seacev3-1191043,ocds-dgv273-seacev3-1191043-2026-03-26T10:12:42.841922-05:00,1191043,21210421,80131502,Alquiler de instalaciones comerciales o industriales,UNSPSC
ocds-dgv273-seacev3-1191488,ocds-dgv273-seacev3-1191488-2026-03-26T10:12:42.352521-05:00,1191488,21211470,31162503,Puntales,UNSPSC
ocds-dgv273-seacev3-1187351,ocds-dgv273-seacev3-1187351-2026-03-26T10:12:42.248989-05:00,1187351,21203797,41115815,Analizadores hematológicos,UNSPSC
ocds-dgv273-seacev3-1190362,ocds-dgv273-seacev3-1190362-2026-03-26T10:12:42.023958-05:00,1190362,21208683,72141003,Servicios de mantenimiento de pistas y carreteras,UNSPSC
ocds-dgv273-seacev3-1190095,ocds-dgv273-seacev3-1190095-2026-03-26T10:12:41.916186-05:00,1190095,21207802,72141701,Servicio de arrendamiento o alquiler de maquinaria de construcción,UNSPSC
ocds-dgv273-seacev3-1191412,ocds-dgv273-seacev3-1191412-2026-03-26T10:12:41.016441-05:00,1191412,21212685,15111510,Gas de petróleo licuefactado,UNSPSC
ocds-dgv273-seacev3-1190615,ocds-dgv273-seacev3-1190615-2026-03-26T10:12:40.547959-05:00,1190615,21209501,70122001,Nutrición de animales,UNSPSC
ocds-dgv273-seacev3-1191905,ocds-dgv273-seacev3-1191905-2026-03-26T10:12:40.463712-05:00,1191905,21212489,77101805,Servicios de control de calidad ambiental,UNSPSC
ocds-dgv273-seacev3-2026-1952-31,ocds-dgv273-seacev3-2026-1952-31-2026-03-26T10:12:40.305572-05:00,1193390,21216238,81111504,Servicios de programación de aplicaciones,UNSPSC
ocds-dgv273-seacev3-2026-1952-31,ocds-dgv273-seacev3-2026-1952-31-2026-03-26T10:12:40.305572-05:00,1193390,21216237,81111504,Servicios de programación de aplicaciones,UNSPSC
ocds-dgv273-seacev3-1189845,ocds-dgv273-seacev3-1189845-2026-03-26T10:12:39.517741-05:00,1189845,21207960,81141902,Servicio de desarrollo e investigación de tecnología o aplicación,UNSPSC
ocds-dgv273-seacev3-2026-1155-1,ocds-dgv273-seacev3-2026-1155-1-2026-03-26T10:12:39.082805-05:00,1191048,21210446,82121504,Impresión tipográfica o serigrafía,UNSPSC
ocds-dgv273-seacev3-1189997,ocds-dgv273-seacev3-1189997-2026-03-26T10:12:38.266293-05:00,1189997,21208050,15101505,Diesel,UNSPSC
ocds-dgv273-seacev3-1190333,ocds-dgv273-seacev3-1190333-2026-03-26T10:12:37.984317-05:00,1190333,21208687,72141003,Servicios de mantenimiento de pistas y carreteras,UNSPSC
ocds-dgv273-seacev3-1187105,ocds-dgv273-seacev3-1187105-2026-03-26T10:12:37.080944-05:00,1187105,21200693,77101805,Servicios de control de calidad ambiental,UNSPSC
ocds-dgv273-seacev3-1188431,ocds-dgv273-seacev3-1188431-2026-03-26T10:12:36.845570-05:00,1188431,21203470,30111601,Cemento,UNSPSC
ocds-dgv273-seacev3-1190418,ocds-dgv273-seacev3-1190418-2026-03-26T10:12:31.373165-05:00,1190418,21208877,72141003,Servicios de mantenimiento de pistas y carreteras,UNSPSC
ocds-dgv273-seacev3-2026-1383-1,ocds-dgv273-seacev3-2026-1383-1-2026-03-26T10:12:30.166328-05:00,1190871,21210137,15101505,Diesel,UNSPSC
ocds-dgv273-seacev3-1191064,ocds-dgv273-seacev3-1191064-2026-03-26T10:12:28.663052-05:00,1191064,21210479,30121803,Césped artificial,UNSPSC
ocds-dgv273-seacev3-1191220,ocds-dgv273-seacev3-1191220-2026-03-26T10:12:28.559064-05:00,1191220,21210751,70122001,Nutrición de animales,UNSPSC
ocds-dgv273-seacev3-1190392,ocds-dgv273-seacev3-1190392-2026-03-26T10:12:27.654210-05:00,1190392,21208773,72141003,Servicios de mantenimiento de pistas y carreteras,UNSPSC
ocds-dgv273-seacev3-1190560,ocds-dgv273-seacev3-1190560-2026-03-26T10:12:26.283482-05:00,1190560,21209296,50221101,Granos de cereal,UNSPSC
ocds-dgv273-seacev3-2026-740-11,ocds-dgv273-seacev3-2026-740-11-2026-03-26T10:12:25.438833-05:00,1188968,21204705,15101505,Diesel,UNSPSC
ocds-dgv273-seacev3-1186751,ocds-dgv273-seacev3-1186751-2026-03-26T10:12:24.634168-05:00,1186751,21200362,72121408,Servicios de construcción de estadios,UNSPSC
ocds-dgv273-seacev3-1189762,ocds-dgv273-seacev3-1189762-2026-03-25T10:13:47.815206-05:00,1189762,21206810,15101505,Diesel,UNSPSC
ocds-dgv273-seacev3-2026-200430-1,ocds-dgv273-seacev3-2026-200430-1-2026-03-25T10:13:47.739431-05:00,1190416,21208915,50111515,Pollo mínimamente procesado sin aditivos,UNSPSC
ocds-dgv273-seacev3-1189955,ocds-dgv273-seacev3-1189955-2026-03-25T10:13:47.234008-05:00,1189955,21207561,51181901,Gonadotropina coriónica,UNSPSC
ocds-dgv273-seacev3-1189058,ocds-dgv273-seacev3-1189058-2026-03-25T10:13:45.892520-05:00,1189058,21204944,30111601,Cemento,UNSPSC
ocds-dgv273-seacev3-2026-654-1,ocds-dgv273-seacev3-2026-654-1-2026-03-25T10:13:43.731693-05:00,1187245,21200812,50131702,Leche o productos de mantequilla estables sin refrigerar,UNSPSC
ocds-dgv273-seacev3-2026-654-1,ocds-dgv273-seacev3-2026-654-1-2026-03-25T10:13:43.731693-05:00,1187245,21200813,50221102,Harina de cereales,UNSPSC
ocds-dgv273-seacev3-1189134,ocds-dgv273-seacev3-1189134-2026-03-25T10:13:43.634933-05:00,1189134,21205088,83121703,Servicios relacionados con Internet,UNSPSC
ocds-dgv273-seacev3-1189134,ocds-dgv273-seacev3-1189134-2026-03-25T10:13:43.634933-05:00,1189134,21205089,83121703,Servicios relacionados con Internet,UNSPSC
ocds-dgv273-seacev3-1188380,ocds-dgv273-seacev3-1188380-2026-03-25T10:13:43.443923-05:00,1188380,21203389,72121103,Servicios de renovación y reparación de edificios comerciales y de oficinas,UNSPSC
ocds-dgv273-seacev3-2026-200426-3,ocds-dgv273-seacev3-2026-200426-3-2026-03-25T10:13:43.427412-05:00,1186066,21197486,50131702,Leche o productos de mantequilla estables sin refrigerar,UNSPSC
ocds-dgv273-seacev3-1189413,ocds-dgv273-seacev3-1189413-2026-03-25T10:13:38.572657-05:00,1189413,21205801,50131702,Leche o productos de mantequilla estables sin refrigerar,UNSPSC
ocds-dgv273-seacev3-2026-10211-6,ocds-dgv273-seacev3-2026-10211-6-2026-03-25T10:13:38.122554-05:00,1190836,21210051,50131612,Huevos de gallina con cáscara para consumo,UNSPSC
ocds-dgv273-seacev3-1186545,ocds-dgv273-seacev3-1186545-2026-03-25T10:13:37.231156-05:00,1186545,21197884,84141602,Proveedores de servicios de tarjetas de crédito,UNSPSC
ocds-dgv273-seacev3-1192155,ocds-dgv273-seacev3-1192155-2026-03-25T10:13:36.265647-05:00,1192155,21213483,50131702,Leche o productos de mantequilla estables sin refrigerar,UNSPSC
ocds-dgv273-seacev3-1192155,ocds-dgv273-seacev3-1192155-2026-03-25T10:13:36.265647-05:00,1192155,21213484,50221101,Granos de cereal,UNSPSC
ocds-dgv273-seacev3-1187524,ocds-dgv273-seacev3-1187524-2026-03-25T10:13:34.240997-05:00,1187524,21201104,15101505,Diesel,UNSPSC
ocds-dgv273-seacev3-1188066,ocds-dgv273-seacev3-1188066-2026-03-25T10:13:34.090393-05:00,1188066,21203074,30111503,Hormigón aislante,UNSPSC
ocds-dgv273-seacev3-2026-955-1,ocds-dgv273-seacev3-2026-955-1-2026-03-25T10:13:33.977539-05:00,1189060,21204969,50192109,"Papas fritas en hojuelas y al hilo, mix de bocaditos o galletas saladas",UNSPSC
ocds-dgv273-seacev3-2026-955-1,ocds-dgv273-seacev3-2026-955-1-2026-03-25T10:13:33.977539-05:00,1189060,21204970,50131702,Leche o productos de mantequilla estables sin refrigerar,UNSPSC
ocds-dgv273-seacev3-2026-271-1,ocds-dgv273-seacev3-2026-271-1-2026-03-25T10:13:33.871516-05:00,1186988,21200594,50131702,Leche o productos de mantequilla estables sin refrigerar,UNSPSC
ocds-dgv273-seacev3-2026-271-1,ocds-dgv273-seacev3-2026-271-1-2026-03-25T10:13:33.871516-05:00,1186988,21200593,50192109,"Papas fritas en hojuelas y al hilo, mix de bocaditos o galletas saladas",UNSPSC
ocds-dgv273-seacev3-1186424,ocds-dgv273-seacev3-1186424-2026-03-25T10:13:33.762492-05:00,1186424,21199967,81101508,Ingeniería arquitectónica,UNSPSC
ocds-dgv273-seacev3-1190074,ocds-dgv273-seacev3-1190074-2026-03-25T10:13:29.784535-05:00,1190074,21207798,70122001,Nutrición de animales,UNSPSC
ocds-dgv273-seacev3-1190644,ocds-dgv273-seacev3-1190644-2026-03-25T10:13:29.081835-05:00,1190644,21209697,72141701,Servicio de arrendamiento o alquiler de maquinaria de construcción,UNSPSC
ocds-dgv273-seacev3-2026-1635-2,ocds-dgv273-seacev3-2026-1635-2-2026-03-25T10:13:29.050808-05:00,1189267,21205437,81101515,Ingeniería de infraestructura de plantas o instalaciones,UNSPSC
ocds-dgv273-seacev3-1191239,ocds-dgv273-seacev3-1191239-2026-03-25T10:13:26.313412-05:00,1191239,21210822,30264204,Lámina de acero corrugado,UNSPSC
ocds-dgv273-seacev3-2026-1337-7,ocds-dgv273-seacev3-2026-1337-7-2026-03-25T10:13:25.562879-05:00,1191545,21211627,10121801,Alimento seco para perros,UNSPSC
ocds-dgv273-seacev3-1190223,ocds-dgv273-seacev3-1190223-2026-03-25T10:13:25.445158-05:00,1190223,21208267,30111505,Hormigón premezclado,UNSPSC
ocds-dgv273-seacev3-2026-1839-2,ocds-dgv273-seacev3-2026-1839-2-2026-03-25T10:13:24.548822-05:00,1189083,21204990,50192109,"Papas fritas en hojuelas y al hilo, mix de bocaditos o galletas saladas",UNSPSC
ocds-dgv273-seacev3-1186226,ocds-dgv273-seacev3-1186226-2026-03-25T10:13:24.310911-05:00,1186226,21199758,15101505,Diesel,UNSPSC
ocds-dgv273-seacev3-1186226,ocds-dgv273-seacev3-1186226-2026-03-25T10:13:24.310911-05:00,1186226,21199759,15101506,Gasolina o Petróleo,UNSPSC
ocds-dgv273-seacev3-1189157,ocds-dgv273-seacev3-1189157-2026-03-25T10:13:20.245301-05:00,1189157,21205167,86121702,Programas de postgrado,UNSPSC
ocds-dgv273-seacev3-1191612,ocds-dgv273-seacev3-1191612-2026-03-25T10:13:19.564624-05:00,1191612,21211727,30161601,Azulejos para techos acústicos,UNSPSC
ocds-dgv273-seacev3-1190325,ocds-dgv273-seacev3-1190325-2026-03-25T10:13:19.481886-05:00,1190325,21208827,15101505,Diesel,UNSPSC
ocds-dgv273-seacev3-2026-1615-1,ocds-dgv273-seacev3-2026-1615-1-2026-03-25T10:13:19.395988-05:00,1189680,21206491,15101505,Diesel,UNSPSC
ocds-dgv273-seacev3-2026-1615-1,ocds-dgv273-seacev3-2026-1615-1-2026-03-25T10:13:19.395988-05:00,1189680,21206490,15101506,Gasolina o Petróleo,UNSPSC
ocds-dgv273-seacev3-2026-163-1,ocds-dgv273-seacev3-2026-163-1-2026-03-25T10:13:19.043280-05:00,1191298,21210951,50221108,Grano de arroz,UNSPSC
ocds-dgv273-seacev3-1190875,ocds-dgv273-seacev3-1190875-2026-03-25T10:13:16.057078-05:00,1190875,21210155,80131502,Alquiler de instalaciones comerciales o industriales,UNSPSC
ocds-dgv273-seacev3-2026-970-1,ocds-dgv273-seacev3-2026-970-1-2026-03-25T10:13:15.650583-05:00,1188693,21204200,50131702,Leche o productos de mantequilla estables sin refrigerar,UNSPSC
ocds-dgv273-seacev3-2026-970-1,ocds-dgv273-seacev3-2026-970-1-2026-03-25T10:13:15.650583-05:00,1188693,21204199,50221101,Granos de cereal,UNSPSC
ocds-dgv273-seacev3-1186605,ocds-dgv273-seacev3-1186605-2026-03-25T10:13:14.241160-05:00,1186605,21197912,50151513,Aceites comestibles vegetales o de plantas,UNSPSC
ocds-dgv273-seacev3-2026-13-25,ocds-dgv273-seacev3-2026-13-25-2026-03-25T10:13:14.204829-05:00,1186569,21200191,93131608,Servicios de suministro de alimentos,UNSPSC
ocds-dgv273-seacev3-2026-200369-3,ocds-dgv273-seacev3-2026-200369-3-2026-03-25T10:13:14.116496-05:00,1187060,21200631,81112101,Proveedores de servicios de Internet,UNSPSC
ocds-dgv273-seacev3-1190787,ocds-dgv273-seacev3-1190787-2026-03-25T10:13:09.510211-05:00,1190787,21209932,72121406,Servicios de construcción de escuelas,UNSPSC
ocds-dgv273-seacev3-2026-200374-1,ocds-dgv273-seacev3-2026-200374-1-2026-03-25T10:13:08.703570-05:00,1189093,21205005,72141003,Servicios de mantenimiento de pistas y carreteras,UNSPSC
ocds-dgv273-seacev3-2026-1719-7,ocds-dgv273-seacev3-2026-1719-7-2026-03-25T10:13:08.328680-05:00,1189482,21205964,50131702,Leche o productos de mantequilla estables sin refrigerar,UNSPSC
ocds-dgv273-seacev3-1191118,ocds-dgv273-seacev3-1191118-2026-03-25T10:13:08.056803-05:00,1191118,21210567,72151001,Servicios de mantenimiento de calderas,UNSPSC
ocds-dgv273-seacev3-1191137,ocds-dgv273-seacev3-1191137-2026-03-25T10:13:07.546763-05:00,1191137,21210599,70122001,Nutrición de animales,UNSPSC
ocds-dgv273-seacev3-1189943,ocds-dgv273-seacev3-1189943-2026-03-25T10:13:06.603448-05:00,1189943,21207511,53102701,Uniformes militares,UNSPSC
ocds-dgv273-seacev3-1189661,ocds-dgv273-seacev3-1189661-2026-03-25T10:13:06.507925-05:00,1189661,21206436,15101505,Diesel,UNSPSC
ocds-dgv273-seacev3-1189661,ocds-dgv273-seacev3-1189661-2026-03-25T10:13:06.507925-05:00,1189661,21206435,15101506,Gasolina o Petróleo,UNSPSC
ocds-dgv273-seacev3-1189525,ocds-dgv273-seacev3-1189525-2026-03-25T10:13:05.786323-05:00,1189525,21206120,77101902,Investigaciones de sitio de desechos industriales,UNSPSC
ocds-dgv273-seacev3-1188239,ocds-dgv273-seacev3-1188239-2026-03-25T10:13:04.387558-05:00,1188239,21203230,30111601,Cemento,UNSPSC
ocds-dgv273-seacev3-1187101,ocds-dgv273-seacev3-1187101-2026-03-25T10:13:03.975033-05:00,1187101,21200685,72153102,Servicios de construcción de campos deportivos interiores,UNSPSC
ocds-dgv273-seacev3-2026-251427-10,ocds-dgv273-seacev3-2026-251427-10-2026-03-25T10:13:03.829477-05:00,1188124,21202727,72101516,Servicio de mantenimiento y reparación de inspección de extinguidor de fuego,UNSPSC
ocds-dgv273-seacev3-1186461,ocds-dgv273-seacev3-1186461-2026-03-25T10:13:03.774174-05:00,1186461,21199993,46171624,Sistema de inspección de equipaje por rayos x,UNSPSC
ocds-dgv273-seacev3-2026-1695-4,ocds-dgv273-seacev3-2026-1695-4-2026-03-25T10:13:03.244024-05:00,1186471,21200020,30111601,Cemento,UNSPSC
ocds-dgv273-seacev3-2026-1695-5,ocds-dgv273-seacev3-2026-1695-5-2026-03-25T10:13:03.022809-05:00,1186488,21200111,30111601,Cemento,UNSPSC
ocds-dgv273-seacev3-1191597,ocds-dgv273-seacev3-1191597-2026-03-25T10:12:58.282011-05:00,1191597,21211755,72154032,"Servicios de instalación y reparación de ventanas, puertas y paneles divisorios",UNSPSC
ocds-dgv273-seacev3-1190083,ocds-dgv273-seacev3-1190083-2026-03-25T10:12:57.901915-05:00,1190083,21208010,70122001,Nutrición de animales,UNSPSC
ocds-dgv273-seacev3-1192195,ocds-dgv273-seacev3-1192195-2026-03-25T10:12:57.816836-05:00,1192195,21213505,31152002,Alambre de púas,UNSPSC
ocds-dgv273-seacev3-2026-47-14,ocds-dgv273-seacev3-2026-47-14-2026-03-25T10:12:55.520935-05:00,1188115,21203133,83121703,Servicios relacionados con Internet,UNSPSC
ocds-dgv273-seacev3-1186763,ocds-dgv273-seacev3-1186763-2026-03-25T10:12:54.206056-05:00,1186763,21200354,72153102,Servicios de construcción de campos deportivos interiores,UNSPSC
ocds-dgv273-seacev3-2026-251427-11,ocds-dgv273-seacev3-2026-251427-11-2026-03-25T10:12:53.309095-05:00,1187536,21201388,78111503,Vuelo chárter,UNSPSC
ocds-dgv273-seacev3-1195205,ocds-dgv273-seacev3-1195205-2026-03-25T10:12:48.269579-05:00,1195205,21221112,81101508,Ingeniería arquitectónica,UNSPSC
ocds-dgv273-seacev3-1188892,ocds-dgv273-seacev3-1188892-2026-03-25T10:12:47.666644-05:00,1188892,21204830,12162305,Aditivo de concreto,UNSPSC
ocds-dgv273-seacev3-2026-200374-10,ocds-dgv273-seacev3-2026-200374-10-2026-03-25T10:12:47.595358-05:00,1189367,21205713,72141003,Servicios de mantenimiento de pistas y carreteras,UNSPSC
ocds-dgv273-seacev3-1190913,ocds-dgv273-seacev3-1190913-2026-03-25T10:12:45.886660-05:00,1190913,21210242,72141003,Servicios de mantenimiento de pistas y carreteras,UNSPSC
ocds-dgv273-seacev3-1190190,ocds-dgv273-seacev3-1190190-2026-03-25T10:12:45.755369-05:00,1190190,21208236,30103603,Madera para uso estructural,UNSPSC
ocds-dgv273-seacev3-2026-23-8,ocds-dgv273-seacev3-2026-23-8-2026-03-25T10:12:44.721891-05:00,1191017,21210415,90121502,Agencias de viajes,UNSPSC
ocds-dgv273-seacev3-1188947,ocds-dgv273-seacev3-1188947-2026-03-25T10:12:43.459866-05:00,1188947,21204857,84111507,Servicio de contabilidad de inventarios,UNSPSC
ocds-dgv273-seacev3-1188866,ocds-dgv273-seacev3-1188866-2026-03-25T10:12:42.970205-05:00,1188866,21204564,90111501,Hoteles,UNSPSC
ocds-dgv273-seacev3-2026-49-88,ocds-dgv273-seacev3-2026-49-88-2026-03-25T10:12:42.619359-05:00,1188111,21203127,15101505,Diesel,UNSPSC
ocds-dgv273-seacev3-2026-795-3,ocds-dgv273-seacev3-2026-795-3-2026-03-25T10:12:42.071914-05:00,1187801,21201940,50221102,Harina de cereales,UNSPSC
ocds-dgv273-seacev3-2026-1965-6,ocds-dgv273-seacev3-2026-1965-6-2026-03-24T16:11:09.110212-05:00,1190122,21208048,83121703,Servicios relacionados con Internet,UNSPSC
ocds-dgv273-seacev3-2026-1137-1,ocds-dgv273-seacev3-2026-1137-1-2026-03-24T09:50:24.242972-05:00,1191484,21211528,30111601,Cemento,UNSPSC
ocds-dgv273-seacev3-1189391,ocds-dgv273-seacev3-1189391-2026-03-24T09:50:20.047110-05:00,1189391,21205714,50192109,"Papas fritas en hojuelas y al hilo, mix de bocaditos o galletas saladas",UNSPSC
ocds-dgv273-seacev3-2026-169-1,ocds-dgv273-seacev3-2026-169-1-2026-03-24T09:50:19.222316-05:00,1186389,21195579,50221101,Granos de cereal,UNSPSC
ocds-dgv273-seacev3-2026-169-1,ocds-dgv273-seacev3-2026-169-1-2026-03-24T09:50:19.222316-05:00,1186389,21199945,50221101,Granos de cereal,UNSPSC
ocds-dgv273-seacev3-1191633,ocds-dgv273-seacev3-1191633-2026-03-23T09:55:40.323562-05:00,1191633,21211792,47101538,Digestores de lodos o aguas residuales,UNSPSC
ocds-dgv273-seacev3-1191978,ocds-dgv273-seacev3-1191978-2026-03-22T10:01:47.557016-05:00,1191978,21212838,40172804,Codo de tubería de hierro dúctil,UNSPSC
ocds-dgv273-seacev3-2026-10141-32,ocds-dgv273-seacev3-2026-10141-32-2026-03-22T10:01:45.487505-05:00,1189453,21205954,10171702,Fungicidas,UNSPSC
ocds-dgv273-seacev3-1191161,ocds-dgv273-seacev3-1191161-2026-03-22T10:01:45.456523-05:00,1191161,21210631,53102701,Uniformes militares,UNSPSC
ocds-dgv273-seacev3-1194736,ocds-dgv273-seacev3-1194736-2026-03-22T10:01:44.244029-05:00,1194736,21219809,93151507,Servicios o procedimientos administrativos,UNSPSC
ocds-dgv273-seacev3-1189359,ocds-dgv273-seacev3-1189359-2026-03-22T10:01:44.084401-05:00,1189359,21205640,30121601,Asfalto,UNSPSC
ocds-dgv273-seacev3-2026-10508-2,ocds-dgv273-seacev3-2026-10508-2-2026-03-22T10:01:43.632730-05:00,1189080,21204987,78101802,Servicios de transporte regional o nacional en camión,UNSPSC
ocds-dgv273-seacev3-2026-51-81,ocds-dgv273-seacev3-2026-51-81-2026-03-22T10:01:42.820363-05:00,1188451,21203533,30111801,Agregado natural,UNSPSC
ocds-dgv273-seacev3-1189719,ocds-dgv273-seacev3-1189719-2026-03-22T10:01:42.554955-05:00,1189719,21206560,30121601,Asfalto,UNSPSC
ocds-dgv273-seacev3-2026-2384-50,ocds-dgv273-seacev3-2026-2384-50-2026-03-22T10:01:42.300376-05:00,1187685,21201522,81101515,Ingeniería de infraestructura de plantas o instalaciones,UNSPSC
ocds-dgv273-seacev3-2026-552-5,ocds-dgv273-seacev3-2026-552-5-2026-03-22T10:01:42.256513-05:00,1188328,21203375,50424501,Lentejas secas,UNSPSC
ocds-dgv273-seacev3-1186805,ocds-dgv273-seacev3-1186805-2026-03-22T10:01:42.065173-05:00,1186805,21200393,30111601,Cemento,UNSPSC
ocds-dgv273-seacev3-2026-200130-19,ocds-dgv273-seacev3-2026-200130-19-2026-03-22T10:01:41.950892-05:00,1187181,21200739,76111501,Servicios de limpieza de edificios,UNSPSC
ocds-dgv273-seacev3-1187016,ocds-dgv273-seacev3-1187016-2026-03-22T10:01:41.938866-05:00,1187016,21198201,72121406,Servicios de construcción de escuelas,UNSPSC
ocds-dgv273-seacev3-1188865,ocds-dgv273-seacev3-1188865-2026-03-22T10:01:41.924463-05:00,1188865,21204572,72141128,Servicio de remodelación  y/o construcción de plazas públicas,UNSPSC
ocds-dgv273-seacev3-1186046,ocds-dgv273-seacev3-1186046-2026-03-22T10:01:41.556719-05:00,1186046,21199560,53102701,Uniformes militares,UNSPSC
ocds-dgv273-seacev3-1190144,ocds-dgv273-seacev3-1190144-2026-03-22T10:01:38.499169-05:00,1190144,21208368,72141121,Servicios de construcción de tuberías principales de agua,UNSPSC
ocds-dgv273-seacev3-1190818,ocds-dgv273-seacev3-1190818-2026-03-22T10:01:36.946588-05:00,1190818,21209985,50151513,Aceites comestibles vegetales o de plantas,UNSPSC
ocds-dgv273-seacev3-2026-1807-2,ocds-dgv273-seacev3-2026-1807-2-2026-03-22T10:01:35.217782-05:00,1189198,21205199,50221108,Grano de arroz,UNSPSC
ocds-dgv273-seacev3-1188367,ocds-dgv273-seacev3-1188367-2026-03-22T10:01:34.924685-05:00,1188367,21203615,76111505,Servicios de limpieza de telas y muebles,UNSPSC
ocds-dgv273-seacev3-1189960,ocds-dgv273-seacev3-1189960-2026-03-22T10:01:34.631613-05:00,1189960,21207534,15101505,Diesel,UNSPSC
ocds-dgv273-seacev3-2026-10543-4,ocds-dgv273-seacev3-2026-10543-4-2026-03-22T10:01:33.042514-05:00,1188613,21204094,15101505,Diesel,UNSPSC
ocds-dgv273-seacev3-2026-1807-3,ocds-dgv273-seacev3-2026-1807-3-2026-03-22T10:01:32.911562-05:00,1188934,21204695,10101601,Pollos vivos,UNSPSC
ocds-dgv273-seacev3-1188802,ocds-dgv273-seacev3-1188802-2026-03-22T10:01:32.902288-05:00,1188802,21204436,81101510,Ingeniería de carreteras,UNSPSC
ocds-dgv273-seacev3-1187059,ocds-dgv273-seacev3-1187059-2026-03-22T10:01:32.854722-05:00,1187059,21200632,30121601,Asfalto,UNSPSC
ocds-dgv273-seacev3-1188333,ocds-dgv273-seacev3-1188333-2026-03-22T10:01:32.816460-05:00,1188333,21203386,22101703,Cuchillas o bordes dentados o de corte,UNSPSC
ocds-dgv273-seacev3-1187266,ocds-dgv273-seacev3-1187266-2026-03-22T10:01:32.810016-05:00,1187266,21198364,15101505,Diesel,UNSPSC
ocds-dgv273-seacev3-1185397,ocds-dgv273-seacev3-1185397-2026-03-22T10:01:32.269955-05:00,1185397,21198923,30161503,"Placa, plancha o panel para Drywall",UNSPSC
ocds-dgv273-seacev3-2026-615-1,ocds-dgv273-seacev3-2026-615-1-2026-03-22T10:01:32.248707-05:00,1185315,21198679,50192109,"Papas fritas en hojuelas y al hilo, mix de bocaditos o galletas saladas",UNSPSC
ocds-dgv273-seacev3-2026-1485-2,ocds-dgv273-seacev3-2026-1485-2-2026-03-22T10:01:32.078304-05:00,1186821,21198047,72141121,Servicios de construcción de tuberías principales de agua,UNSPSC
ocds-dgv273-seacev3-1189165,ocds-dgv273-seacev3-1189165-2026-03-22T10:01:28.822925-05:00,1189165,21205160,15101505,Diesel,UNSPSC
ocds-dgv273-seacev3-1189165,ocds-dgv273-seacev3-1189165-2026-03-22T10:01:28.822925-05:00,1189165,21205161,15101506,Gasolina o Petróleo,UNSPSC
ocds-dgv273-seacev3-1188376,ocds-dgv273-seacev3-1188376-2026-03-22T10:01:28.469691-05:00,1188376,21203624,72153102,Servicios de construcción de campos deportivos interiores,UNSPSC
ocds-dgv273-seacev3-2026-552-6,ocds-dgv273-seacev3-2026-552-6-2026-03-22T10:01:27.464127-05:00,1188383,21203388,50421819,Habas secas,UNSPSC
ocds-dgv273-seacev3-2026-10247-144,ocds-dgv273-seacev3-2026-10247-144-2026-03-22T10:01:27.344303-05:00,1190233,21208288,78181507,Reparación y mantenimiento de camión ligero automotriz,UNSPSC
ocds-dgv273-seacev3-1189606,ocds-dgv273-seacev3-1189606-2026-03-22T10:01:26.855808-05:00,1189606,21206322,80131502,Alquiler de instalaciones comerciales o industriales,UNSPSC
ocds-dgv273-seacev3-1191678,ocds-dgv273-seacev3-1191678-2026-03-22T10:01:26.709962-05:00,1191678,21211807,72141001,Servicios de construcción de pistas y carreteras nuevas,UNSPSC
ocds-dgv273-seacev3-1191452,ocds-dgv273-seacev3-1191452-2026-03-22T10:01:25.259115-05:00,1191452,21211426,50301707,Plátanos gros michel,UNSPSC
ocds-dgv273-seacev3-2026-200014-2,ocds-dgv273-seacev3-2026-200014-2-2026-03-22T10:01:24.938359-05:00,1189363,21205709,55121802,Tarjetas o carnets de identificación o productos similares,UNSPSC
ocds-dgv273-seacev3-1191820,ocds-dgv273-seacev3-1191820-2026-03-22T10:01:24.815181-05:00,1191820,21212310,15101506,Gasolina o Petróleo,UNSPSC
ocds-dgv273-seacev3-2026-10543-3,ocds-dgv273-seacev3-2026-10543-3-2026-03-22T10:01:23.493821-05:00,1188363,21203610,15101506,Gasolina o Petróleo,UNSPSC
ocds-dgv273-seacev3-2026-552-7,ocds-dgv273-seacev3-2026-552-7-2026-03-22T10:01:23.476272-05:00,1188393,21203437,50421801,Fréjoles secos,UNSPSC
ocds-dgv273-seacev3-1187316,ocds-dgv273-seacev3-1187316-2026-03-22T10:01:23.385178-05:00,1187316,21200944,12141904,Oxígeno (O),UNSPSC
ocds-dgv273-seacev3-2026-10457-18,ocds-dgv273-seacev3-2026-10457-18-2026-03-22T10:01:23.343210-05:00,1189020,21204905,83121703,Servicios relacionados con Internet,UNSPSC
ocds-dgv273-seacev3-2026-878-1,ocds-dgv273-seacev3-2026-878-1-2026-03-22T10:01:22.619900-05:00,1186579,21200209,30111601,Cemento,UNSPSC
ocds-dgv273-seacev3-2026-10398-6,ocds-dgv273-seacev3-2026-10398-6-2026-03-22T10:01:22.603840-05:00,1186892,21200460,85121803,Servicios de laboratorios biológicos,UNSPSC
ocds-dgv273-seacev3-2026-10180-2,ocds-dgv273-seacev3-2026-10180-2-2026-03-22T10:01:18.779593-05:00,1189938,21207428,55121802,Tarjetas o carnets de identificación o productos similares,UNSPSC
ocds-dgv273-seacev3-1188655,ocds-dgv273-seacev3-1188655-2026-03-22T10:01:18.693179-05:00,1188655,21204173,92101501,Servicios de vigilancia,UNSPSC
ocds-dgv273-seacev3-1191811,ocds-dgv273-seacev3-1191811-2026-03-22T10:01:16.818421-05:00,1191811,21212297,50131702,Leche o productos de mantequilla estables sin refrigerar,UNSPSC
ocds-dgv273-seacev3-1191811,ocds-dgv273-seacev3-1191811-2026-03-22T10:01:16.818421-05:00,1191811,21212296,50221101,Granos de cereal,UNSPSC
ocds-dgv273-seacev3-1190269,ocds-dgv273-seacev3-1190269-2026-03-22T10:01:16.631882-05:00,1190269,21210459,78181501,Servicio de pintura y reparación de vehículo,UNSPSC
ocds-dgv273-seacev3-2026-1952-44,ocds-dgv273-seacev3-2026-1952-44-2026-03-22T10:01:16.539821-05:00,1191621,21211717,80101505,Desarrollo de objetivos o políticas corporativas,UNSPSC
ocds-dgv273-seacev3-1187755,ocds-dgv273-seacev3-1187755-2026-03-22T10:01:15.927022-05:00,1187755,21201747,78111812,Arrendamiento vehicular de combis o minicombus para pasajeros,UNSPSC
ocds-dgv273-seacev3-2026-1289-2,ocds-dgv273-seacev3-2026-1289-2-2026-03-22T10:01:14.470617-05:00,1189352,21205619,50131702,Leche o productos de mantequilla estables sin refrigerar,UNSPSC
ocds-dgv273-seacev3-1189316,ocds-dgv273-seacev3-1189316-2026-03-22T10:01:13.649006-05:00,1189316,21205577,81101515,Ingeniería de infraestructura de plantas o instalaciones,UNSPSC
ocds-dgv273-seacev3-1188251,ocds-dgv273-seacev3-1188251-2026-03-22T10:01:12.868670-05:00,1188251,21202844,72141701,Servicio de arrendamiento o alquiler de maquinaria de construcción,UNSPSC
ocds-dgv273-seacev3-1187677,ocds-dgv273-seacev3-1187677-2026-03-22T10:01:12.116503-05:00,1187677,21201530,81101508,Ingeniería arquitectónica,UNSPSC
ocds-dgv273-seacev3-1192081,ocds-dgv273-seacev3-1192081-2026-03-21T10:10:07.071220-05:00,1192081,21213137,85101503,Servicio para administrar consultorios médicos,UNSPSC
ocds-dgv273-seacev3-1192037,ocds-dgv273-seacev3-1192037-2026-03-21T10:10:07.018284-05:00,1192037,21212928,15101505,Diesel,UNSPSC
ocds-dgv273-seacev3-2026-1877-3,ocds-dgv273-seacev3-2026-1877-3-2026-03-21T10:10:06.419594-05:00,1189874,21207512,50111515,Pollo mínimamente procesado sin aditivos,UNSPSC
ocds-dgv273-seacev3-2026-1722-1,ocds-dgv273-seacev3-2026-1722-1-2026-03-21T10:10:06.313139-05:00,1189597,21206283,50131702,Leche o productos de mantequilla estables sin refrigerar,UNSPSC
ocds-dgv273-seacev3-1191690,ocds-dgv273-seacev3-1191690-2026-03-21T10:10:03.302487-05:00,1191690,21211837,51191704,Soluciones múltiples de electrolitos,UNSPSC
ocds-dgv273-seacev3-2026-10249-12,ocds-dgv273-seacev3-2026-10249-12-2026-03-21T10:10:03.021068-05:00,1189537,21206192,72101511,Servicio de reparación o mantenimiento o instalación de aire acondicionado,UNSPSC
ocds-dgv273-seacev3-1186041,ocds-dgv273-seacev3-1186041-2026-03-21T10:10:02.823927-05:00,1186041,21199548,80131502,Alquiler de instalaciones comerciales o industriales,UNSPSC
ocds-dgv273-seacev3-2026-200210-3,ocds-dgv273-seacev3-2026-200210-3-2026-03-21T10:10:02.292164-05:00,1191002,21210387,72141003,Servicios de mantenimiento de pistas y carreteras,UNSPSC
ocds-dgv273-seacev3-1188364,ocds-dgv273-seacev3-1188364-2026-03-21T10:10:00.994714-05:00,1188364,21203614,30111601,Cemento,UNSPSC
ocds-dgv273-seacev3-1188126,ocds-dgv273-seacev3-1188126-2026-03-21T10:10:00.574400-05:00,1188126,21202825,80111504,Capacitación o desarrollo laboral,UNSPSC
ocds-dgv273-seacev3-1188126,ocds-dgv273-seacev3-1188126-2026-03-21T10:10:00.574400-05:00,1188126,21202826,81101505,Ingeniería estructural,UNSPSC
ocds-dgv273-seacev3-1188126,ocds-dgv273-seacev3-1188126-2026-03-21T10:10:00.574400-05:00,1188126,21202827,70141703,Administración de cultivos,UNSPSC
ocds-dgv273-seacev3-1188126,ocds-dgv273-seacev3-1188126-2026-03-21T10:10:00.574400-05:00,1188126,21202828,70141703,Administración de cultivos,UNSPSC
ocds-dgv273-seacev3-2026-1784-9,ocds-dgv273-seacev3-2026-1784-9-2026-03-21T10:10:00.565136-05:00,1187058,21200630,72152605,Servicios de montaje y reparación de techos,UNSPSC
ocds-dgv273-seacev3-2026-959-1,ocds-dgv273-seacev3-2026-959-1-2026-03-21T10:10:00.236287-05:00,1185744,21197157,50221101,Granos de cereal,UNSPSC
ocds-dgv273-seacev3-2026-141-6,ocds-dgv273-seacev3-2026-141-6-2026-03-21T10:09:59.512500-05:00,1188082,21202704,83121703,Servicios relacionados con Internet,UNSPSC
ocds-dgv273-seacev3-2026-1788-2,ocds-dgv273-seacev3-2026-1788-2-2026-03-21T10:09:59.449914-05:00,1186848,21200412,50131701,Leche fresca y productos de mantequilla,UNSPSC
ocds-dgv273-seacev3-1186748,ocds-dgv273-seacev3-1186748-2026-03-21T10:09:59.432370-05:00,1186748,21197992,50221108,Grano de arroz,UNSPSC
ocds-dgv273-seacev3-2026-51-85,ocds-dgv273-seacev3-2026-51-85-2026-03-21T10:09:54.058093-05:00,1188744,21204347,30111601,Cemento,UNSPSC
ocds-dgv273-seacev3-2026-200261-10,ocds-dgv273-seacev3-2026-200261-10-2026-03-21T10:09:53.914720-05:00,1190824,21210011,72141505,Servicios de movimientos de tierras,UNSPSC
ocds-dgv273-seacev3-1190334,ocds-dgv273-seacev3-1190334-2026-03-21T10:09:53.063253-05:00,1190334,21208688,15101505,Diesel,UNSPSC
ocds-dgv273-seacev3-1190334,ocds-dgv273-seacev3-1190334-2026-03-21T10:09:53.063253-05:00,1190334,21208689,15101506,Gasolina o Petróleo,UNSPSC
ocds-dgv273-seacev3-1190792,ocds-dgv273-seacev3-1190792-2026-03-21T10:09:52.957885-05:00,1190792,21209941,80131502,Alquiler de instalaciones comerciales o industriales,UNSPSC
ocds-dgv273-seacev3-2026-200210-20,ocds-dgv273-seacev3-2026-200210-20-2026-03-21T10:09:52.893904-05:00,1191086,21210500,72141003,Servicios de mantenimiento de pistas y carreteras,UNSPSC
ocds-dgv273-seacev3-2026-200210-1,ocds-dgv273-seacev3-2026-200210-1-2026-03-21T10:09:52.817443-05:00,1190840,21210067,72141003,Servicios de mantenimiento de pistas y carreteras,UNSPSC
ocds-dgv273-seacev3-2026-141-2,ocds-dgv273-seacev3-2026-141-2-2026-03-21T10:09:52.753057-05:00,1191644,21211758,78111802,Servicios programados de autobús,UNSPSC
ocds-dgv273-seacev3-1188978,ocds-dgv273-seacev3-1188978-2026-03-21T10:09:49.625964-05:00,1188978,21204755,72141120,Servicios de construcción de líneas de alcantarillado,UNSPSC
ocds-dgv273-seacev3-1191748,ocds-dgv273-seacev3-1191748-2026-03-21T10:09:49.376440-05:00,1191748,21212142,23111502,Maquinaria para destilación de crudo,UNSPSC
ocds-dgv273-seacev3-1188345,ocds-dgv273-seacev3-1188345-2026-03-21T10:09:49.315648-05:00,1188345,21202965,50131702,Leche o productos de mantequilla estables sin refrigerar,UNSPSC
ocds-dgv273-seacev3-1187193,ocds-dgv273-seacev3-1187193-2026-03-21T10:09:49.061028-05:00,1187193,21198331,81101515,Ingeniería de infraestructura de plantas o instalaciones,UNSPSC
ocds-dgv273-seacev3-2026-1372-1,ocds-dgv273-seacev3-2026-1372-1-2026-03-21T10:09:44.098785-05:00,1188588,21203995,50131702,Leche o productos de mantequilla estables sin refrigerar,UNSPSC
ocds-dgv273-seacev3-2026-1372-1,ocds-dgv273-seacev3-2026-1372-1-2026-03-21T10:09:44.098785-05:00,1188588,21203994,50192109,"Papas fritas en hojuelas y al hilo, mix de bocaditos o galletas saladas",UNSPSC
ocds-dgv273-seacev3-1191725,ocds-dgv273-seacev3-1191725-2026-03-21T10:09:41.468076-05:00,1191725,21211896,72121406,Servicios de construcción de escuelas,UNSPSC
ocds-dgv273-seacev3-2026-1646-10,ocds-dgv273-seacev3-2026-1646-10-2026-03-21T10:09:40.898179-05:00,1188774,21204401,30131507,Bloque de concreto ligero,UNSPSC
ocds-dgv273-seacev3-2026-41-105,ocds-dgv273-seacev3-2026-41-105-2026-03-21T10:09:40.018189-05:00,1190707,21197944,53102901,Ropa deportiva para dama,UNSPSC
ocds-dgv273-seacev3-2026-41-105,ocds-dgv273-seacev3-2026-41-105-2026-03-21T10:09:40.018189-05:00,1190707,21209598,53102901,Ropa deportiva para dama,UNSPSC
ocds-dgv273-seacev3-2026-1561-1,ocds-dgv273-seacev3-2026-1561-1-2026-03-21T10:09:38.214097-05:00,1186421,21199966,50131702,Leche o productos de mantequilla estables sin refrigerar,UNSPSC
ocds-dgv273-seacev3-2026-200302-29,ocds-dgv273-seacev3-2026-200302-29-2026-03-21T10:09:31.081724-05:00,1189275,21205466,91111603,Servicios de cocina o preparación de comidas,UNSPSC
ocds-dgv273-seacev3-1194978,ocds-dgv273-seacev3-1194978-2026-03-21T10:09:31.020222-05:00,1194978,21220606,50221101,Granos de cereal,UNSPSC
ocds-dgv273-seacev3-2026-141-1,ocds-dgv273-seacev3-2026-141-1-2026-03-21T10:09:30.769453-05:00,1191202,21210700,90111501,Hoteles,UNSPSC
ocds-dgv273-seacev3-1191508,ocds-dgv273-seacev3-1191508-2026-03-21T10:09:30.388431-05:00,1191508,21211521,50192703,Comidas combinadas estables sin refrigerar,UNSPSC
ocds-dgv273-seacev3-1186431,ocds-dgv273-seacev3-1186431-2026-03-21T10:09:27.795949-05:00,1186431,21199979,50221102,Harina de cereales,UNSPSC
ocds-dgv273-seacev3-1191332,ocds-dgv273-seacev3-1191332-2026-03-21T10:09:24.276033-05:00,1191332,21211130,81101515,Ingeniería de infraestructura de plantas o instalaciones,UNSPSC
ocds-dgv273-seacev3-1190050,ocds-dgv273-seacev3-1190050-2026-03-21T10:09:23.981095-05:00,1190050,21207785,50131702,Leche o productos de mantequilla estables sin refrigerar,UNSPSC
ocds-dgv273-seacev3-2026-1877-13,ocds-dgv273-seacev3-2026-1877-13-2026-03-21T10:09:22.933634-05:00,1190301,21208357,81101515,Ingeniería de infraestructura de plantas o instalaciones,UNSPSC
ocds-dgv273-seacev3-1191717,ocds-dgv273-seacev3-1191717-2026-03-21T10:09:22.498793-05:00,1191717,21211884,15101505,Diesel,UNSPSC
ocds-dgv273-seacev3-1190329,ocds-dgv273-seacev3-1190329-2026-03-21T10:09:22.030598-05:00,1190329,21208676,70111713,Servicios de gestión o mantenimiento de parques,UNSPSC
ocds-dgv273-seacev3-1191241,ocds-dgv273-seacev3-1191241-2026-03-21T10:09:20.996167-05:00,1191241,21210836,72152801,Servicios de perforación de pozos de agua domésticos,UNSPSC
ocds-dgv273-seacev3-1188373,ocds-dgv273-seacev3-1188373-2026-03-21T10:09:18.533732-05:00,1188373,21203411,90121502,Agencias de viajes,UNSPSC
ocds-dgv273-seacev3-2026-552-2,ocds-dgv273-seacev3-2026-552-2-2026-03-21T10:09:18.421645-05:00,1188342,21202960,50221101,Granos de cereal,UNSPSC
ocds-dgv273-seacev3-1188350,ocds-dgv273-seacev3-1188350-2026-03-21T10:09:18.360376-05:00,1188350,21203571,50151513,Aceites comestibles vegetales o de plantas,UNSPSC
ocds-dgv273-seacev3-2026-552-11,ocds-dgv273-seacev3-2026-552-11-2026-03-21T10:09:17.019726-05:00,1187314,21201117,50221102,Harina de cereales,UNSPSC
ocds-dgv273-seacev3-2026-1369-1,ocds-dgv273-seacev3-2026-1369-1-2026-03-21T10:09:16.923463-05:00,1188005,21202650,72151502,Servicios de instalación de sistemas de energía eléctrica,UNSPSC
ocds-dgv273-seacev3-1189045,ocds-dgv273-seacev3-1189045-2026-03-21T10:09:16.687628-05:00,1189045,21204929,81101508,Ingeniería arquitectónica,UNSPSC
ocds-dgv273-seacev3-2026-200302-18,ocds-dgv273-seacev3-2026-200302-18-2026-03-21T10:09:13.020555-05:00,1189924,21207485,91111603,Servicios de cocina o preparación de comidas,UNSPSC
ocds-dgv273-seacev3-1191881,ocds-dgv273-seacev3-1191881-2026-03-21T10:09:12.132013-05:00,1191881,21212239,80131502,Alquiler de instalaciones comerciales o industriales,UNSPSC
ocds-dgv273-seacev3-1191652,ocds-dgv273-seacev3-1191652-2026-03-21T10:09:10.535756-05:00,1191652,21211785,51111522,Ceftriaxona sódica,UNSPSC
ocds-dgv273-seacev3-1187461,ocds-dgv273-seacev3-1187461-2026-03-21T10:09:07.342991-05:00,1187461,21201037,81101508,Ingeniería arquitectónica,UNSPSC
ocds-dgv273-seacev3-1188093,ocds-dgv273-seacev3-1188093-2026-03-21T10:09:07.227633-05:00,1188093,21203116,50131702,Leche o productos de mantequilla estables sin refrigerar,UNSPSC
ocds-dgv273-seacev3-2026-1295-5,ocds-dgv273-seacev3-2026-1295-5-2026-03-21T10:09:06.797223-05:00,1187553,21201542,10161899,Plantas sin flor,UNSPSC
ocds-dgv273-seacev3-1186546,ocds-dgv273-seacev3-1186546-2026-03-21T10:09:06.465877-05:00,1186546,21197882,30111601,Cemento,UNSPSC
ocds-dgv273-seacev3-1189721,ocds-dgv273-seacev3-1189721-2026-03-20T10:14:23.486148-05:00,1189721,21206758,31151705,Cable de acero no eléctrico,UNSPSC
ocds-dgv273-seacev3-1190304,ocds-dgv273-seacev3-1190304-2026-03-20T10:14:22.392678-05:00,1190304,21208560,72141120,Servicios de construcción de líneas de alcantarillado,UNSPSC
ocds-dgv273-seacev3-1190327,ocds-dgv273-seacev3-1190327-2026-03-20T10:14:22.324738-05:00,1190327,21208828,80131502,Alquiler de instalaciones comerciales o industriales,UNSPSC
ocds-dgv273-seacev3-2026-1852-4,ocds-dgv273-seacev3-2026-1852-4-2026-03-20T10:14:20.392848-05:00,1189189,21205220,30111601,Cemento,UNSPSC
ocds-dgv273-seacev3-1189353,ocds-dgv273-seacev3-1189353-2026-03-20T10:14:19.087911-05:00,1189353,21205623,81141504,Calibración o reparación de equipos de prueba,UNSPSC
ocds-dgv273-seacev3-2026-200303-13,ocds-dgv273-seacev3-2026-200303-13-2026-03-20T10:14:18.779887-05:00,1187736,21201838,72141003,Servicios de mantenimiento de pistas y carreteras,UNSPSC
ocds-dgv273-seacev3-2026-200303-14,ocds-dgv273-seacev3-2026-200303-14-2026-03-20T10:14:18.764085-05:00,1187760,21201751,72141003,Servicios de mantenimiento de pistas y carreteras,UNSPSC
ocds-dgv273-seacev3-2026-200303-12,ocds-dgv273-seacev3-2026-200303-12-2026-03-20T10:14:18.658022-05:00,1187757,21201748,72141003,Servicios de mantenimiento de pistas y carreteras,UNSPSC
ocds-dgv273-seacev3-2026-1642-19,ocds-dgv273-seacev3-2026-1642-19-2026-03-20T10:14:18.430187-05:00,1187802,21201943,12141901,Cloro (Cl),UNSPSC
ocds-dgv273-seacev3-1188445,ocds-dgv273-seacev3-1188445-2026-03-20T10:14:18.372411-05:00,1188445,21203523,85151508,Servicios de análisis de alimentos,UNSPSC
ocds-dgv273-seacev3-2026-200303-9,ocds-dgv273-seacev3-2026-200303-9-2026-03-20T10:14:17.461006-05:00,1187728,21201814,72141003,Servicios de mantenimiento de pistas y carreteras,UNSPSC
ocds-dgv273-seacev3-1187887,ocds-dgv273-seacev3-1187887-2026-03-20T10:14:13.653101-05:00,1187887,21202194,72154028,Servicios de instalación y mantenimiento de señales,UNSPSC
ocds-dgv273-seacev3-1187708,ocds-dgv273-seacev3-1187708-2026-03-20T10:14:13.172537-05:00,1187708,21201802,11111611,Grava,UNSPSC
ocds-dgv273-seacev3-1188154,ocds-dgv273-seacev3-1188154-2026-03-20T10:14:11.687828-05:00,1188154,21203165,90111501,Hoteles,UNSPSC
ocds-dgv273-seacev3-1188154,ocds-dgv273-seacev3-1188154-2026-03-20T10:14:11.687828-05:00,1188154,21203164,90111501,Hoteles,UNSPSC
ocds-dgv273-seacev3-1189112,ocds-dgv273-seacev3-1189112-2026-03-20T10:14:09.144159-05:00,1189112,21205049,81101508,Ingeniería arquitectónica,UNSPSC
ocds-dgv273-seacev3-2026-1299-1,ocds-dgv273-seacev3-2026-1299-1-2026-03-20T10:14:08.741714-05:00,1187722,21201803,15101505,Diesel,UNSPSC
ocds-dgv273-seacev3-2026-2370-1,ocds-dgv273-seacev3-2026-2370-1-2026-03-20T10:14:03.555174-05:00,1190605,21209348,12352311,Alúmina y otros compuestos de aluminio,UNSPSC
ocds-dgv273-seacev3-2026-1285-2,ocds-dgv273-seacev3-2026-1285-2-2026-03-20T10:14:02.783701-05:00,1189650,21206451,32151705,Módulo de controladores lógicos programables,UNSPSC
ocds-dgv273-seacev3-1190485,ocds-dgv273-seacev3-1190485-2026-03-20T10:14:01.334819-05:00,1190485,21209042,30111601,Cemento,UNSPSC
ocds-dgv273-seacev3-1189494,ocds-dgv273-seacev3-1189494-2026-03-20T10:13:59.728534-05:00,1189494,21206040,15101505,Diesel,UNSPSC
ocds-dgv273-seacev3-1187517,ocds-dgv273-seacev3-1187517-2026-03-20T10:13:59.292605-05:00,1187517,21201365,80131502,Alquiler de instalaciones comerciales o industriales,UNSPSC
ocds-dgv273-seacev3-2026-200303-3,ocds-dgv273-seacev3-2026-200303-3-2026-03-20T10:13:58.738347-05:00,1187703,21201703,72141003,Servicios de mantenimiento de pistas y carreteras,UNSPSC
ocds-dgv273-seacev3-1187004,ocds-dgv273-seacev3-1187004-2026-03-20T10:13:58.046971-05:00,1187004,21198184,50192109,"Papas fritas en hojuelas y al hilo, mix de bocaditos o galletas saladas",UNSPSC
ocds-dgv273-seacev3-1189792,ocds-dgv273-seacev3-1189792-2026-03-20T10:13:51.884744-05:00,1189792,21206908,30103603,Madera para uso estructural,UNSPSC
ocds-dgv273-seacev3-1189616,ocds-dgv273-seacev3-1189616-2026-03-20T10:13:51.056681-05:00,1189616,21206407,50161509,Azúcares naturales o productos edulcorantes,UNSPSC
ocds-dgv273-seacev3-2026-200303-15,ocds-dgv273-seacev3-2026-200303-15-2026-03-20T10:13:48.630408-05:00,1187763,21201754,72141003,Servicios de mantenimiento de pistas y carreteras,UNSPSC
ocds-dgv273-seacev3-2026-141-3,ocds-dgv273-seacev3-2026-141-3-2026-03-20T10:13:48.531249-05:00,1187409,21201013,50131702,Leche o productos de mantequilla estables sin refrigerar,UNSPSC
ocds-dgv273-seacev3-1187582,ocds-dgv273-seacev3-1187582-2026-03-20T10:13:48.466027-05:00,1187582,21201692,30111601,Cemento,UNSPSC
ocds-dgv273-seacev3-1186189,ocds-dgv273-seacev3-1186189-2026-03-20T10:13:48.384959-05:00,1186189,21199732,80161801,Servicio de arrendamiento o alquiler de fotocopia,UNSPSC
ocds-dgv273-seacev3-2026-1599-1,ocds-dgv273-seacev3-2026-1599-1-2026-03-20T10:13:48.368891-05:00,1186157,21199663,72121101,Servicios de construcción de nuevos edificios comerciales y de oficinas,UNSPSC
ocds-dgv273-seacev3-2026-200303-16,ocds-dgv273-seacev3-2026-200303-16-2026-03-20T10:13:42.429937-05:00,1188454,21203534,78111808,Alquiler de vehículos,UNSPSC
ocds-dgv273-seacev3-1189146,ocds-dgv273-seacev3-1189146-2026-03-20T10:13:41.704022-05:00,1189146,21205130,80131502,Alquiler de instalaciones comerciales o industriales,UNSPSC
ocds-dgv273-seacev3-2026-2365-6,ocds-dgv273-seacev3-2026-2365-6-2026-03-20T10:13:41.536961-05:00,1189654,21206462,84101704,Servicios de recaudación de deudas,UNSPSC
ocds-dgv273-seacev3-2026-10524-2,ocds-dgv273-seacev3-2026-10524-2-2026-03-20T10:13:40.177144-05:00,1189456,21205956,15101505,Diesel,UNSPSC
ocds-dgv273-seacev3-1189615,ocds-dgv273-seacev3-1189615-2026-03-20T10:13:39.997635-05:00,1189615,21206396,30111601,Cemento,UNSPSC
ocds-dgv273-seacev3-1187717,ocds-dgv273-seacev3-1187717-2026-03-20T10:13:39.422891-05:00,1187717,21201727,30111601,Cemento,UNSPSC
ocds-dgv273-seacev3-1191832,ocds-dgv273-seacev3-1191832-2026-03-20T10:13:39.349667-05:00,1191832,21212348,76122001,Disposición final de desechos genéricos no peligrosos,UNSPSC
ocds-dgv273-seacev3-2026-275-11,ocds-dgv273-seacev3-2026-275-11-2026-03-20T10:13:39.125723-05:00,1191349,21211187,15101505,Diesel,UNSPSC
ocds-dgv273-seacev3-2026-1619-2,ocds-dgv273-seacev3-2026-1619-2-2026-03-20T10:13:38.398326-05:00,1187885,21202190,50131702,Leche o productos de mantequilla estables sin refrigerar,UNSPSC
ocds-dgv273-seacev3-2026-1619-2,ocds-dgv273-seacev3-2026-1619-2-2026-03-20T10:13:38.398326-05:00,1187885,21202191,50192109,"Papas fritas en hojuelas y al hilo, mix de bocaditos o galletas saladas",UNSPSC
ocds-dgv273-seacev3-1186896,ocds-dgv273-seacev3-1186896-2026-03-20T10:13:38.339757-05:00,1186896,21198117,72121408,Servicios de construcción de estadios,UNSPSC
ocds-dgv273-seacev3-2026-10436-1,ocds-dgv273-seacev3-2026-10436-1-2026-03-20T10:13:38.249397-05:00,1187445,21201040,15101505,Diesel,UNSPSC
ocds-dgv273-seacev3-1186979,ocds-dgv273-seacev3-1186979-2026-03-20T10:13:37.547198-05:00,1186979,21200574,50131702,Leche o productos de mantequilla estables sin refrigerar,UNSPSC
ocds-dgv273-seacev3-2026-217-1,ocds-dgv273-seacev3-2026-217-1-2026-03-20T10:13:33.383271-05:00,1188758,21204329,50221101,Granos de cereal,UNSPSC
ocds-dgv273-seacev3-1191413,ocds-dgv273-seacev3-1191413-2026-03-20T10:13:33.295664-05:00,1191413,21211340,51201571,Blinatumomab,UNSPSC
ocds-dgv273-seacev3-1187852,ocds-dgv273-seacev3-1187852-2026-03-20T10:13:33.081854-05:00,1187852,21202192,72154028,Servicios de instalación y mantenimiento de señales,UNSPSC
ocds-dgv273-seacev3-1190243,ocds-dgv273-seacev3-1190243-2026-03-20T10:13:31.134188-05:00,1190243,21208311,10171605,Mezclas Nitrógeno Fósforo Potasio,UNSPSC
ocds-dgv273-seacev3-2026-200303-6,ocds-dgv273-seacev3-2026-200303-6-2026-03-20T10:13:28.363104-05:00,1187738,21201725,72141003,Servicios de mantenimiento de pistas y carreteras,UNSPSC
ocds-dgv273-seacev3-2026-200303-10,ocds-dgv273-seacev3-2026-200303-10-2026-03-20T10:13:28.273981-05:00,1187731,21201816,72141003,Servicios de mantenimiento de pistas y carreteras,UNSPSC
ocds-dgv273-seacev3-1186999,ocds-dgv273-seacev3-1186999-2026-03-20T10:13:27.777538-05:00,1186999,21200578,72141003,Servicios de mantenimiento de pistas y carreteras,UNSPSC
ocds-dgv273-seacev3-2026-1760-1,ocds-dgv273-seacev3-2026-1760-1-2026-03-20T10:13:27.109869-05:00,1187277,21198381,15101505,Diesel,UNSPSC
ocds-dgv273-seacev3-2026-1760-1,ocds-dgv273-seacev3-2026-1760-1-2026-03-20T10:13:27.109869-05:00,1187277,21198382,15101506,Gasolina o Petróleo,UNSPSC
ocds-dgv273-seacev3-1187699,ocds-dgv273-seacev3-1187699-2026-03-20T10:13:27.052799-05:00,1187699,21201699,72141003,Servicios de mantenimiento de pistas y carreteras,UNSPSC
ocds-dgv273-seacev3-1191117,ocds-dgv273-seacev3-1191117-2026-03-20T10:13:22.056300-05:00,1191117,21210646,82121599,Impresión,UNSPSC
ocds-dgv273-seacev3-1197029,ocds-dgv273-seacev3-1197029-2026-03-20T10:13:22.030408-05:00,1197029,21225059,72121403,Servicios de construcción de hospitales,UNSPSC
ocds-dgv273-seacev3-2026-10524-1,ocds-dgv273-seacev3-2026-10524-1-2026-03-20T10:13:19.383094-05:00,1189440,21205851,15101506,Gasolina o Petróleo,UNSPSC
ocds-dgv273-seacev3-2026-200303-5,ocds-dgv273-seacev3-2026-200303-5-2026-03-20T10:13:16.768724-05:00,1187724,21201805,72141003,Servicios de mantenimiento de pistas y carreteras,UNSPSC
ocds-dgv273-seacev3-2026-200303-4,ocds-dgv273-seacev3-2026-200303-4-2026-03-20T10:13:16.753271-05:00,1187713,21201721,72141003,Servicios de mantenimiento de pistas y carreteras,UNSPSC
ocds-dgv273-seacev3-2026-200303-8,ocds-dgv273-seacev3-2026-200303-8-2026-03-20T10:13:16.676020-05:00,1187744,21201732,72141003,Servicios de mantenimiento de pistas y carreteras,UNSPSC
ocds-dgv273-seacev3-2026-200303-7,ocds-dgv273-seacev3-2026-200303-7-2026-03-20T10:13:16.660713-05:00,1187741,21201728,72141003,Servicios de mantenimiento de pistas y carreteras,UNSPSC
ocds-dgv273-seacev3-2026-2370-2,ocds-dgv273-seacev3-2026-2370-2-2026-03-19T10:13:19.762015-05:00,1190898,21210174,12141901,Cloro (Cl),UNSPSC
ocds-dgv273-seacev3-2026-1600-1,ocds-dgv273-seacev3-2026-1600-1-2026-03-19T10:13:19.423215-05:00,1189399,21205726,15101506,Gasolina o Petróleo,UNSPSC
ocds-dgv273-seacev3-1188140,ocds-dgv273-seacev3-1188140-2026-03-19T10:13:19.183548-05:00,1188140,21203138,72154010,"Servicios de instalación, mantenimiento y reparación de ascensores",UNSPSC
ocds-dgv273-seacev3-1187970,ocds-dgv273-seacev3-1187970-2026-03-19T10:13:19.097777-05:00,1187970,21202637,30161705,Pisos de caucho,UNSPSC
ocds-dgv273-seacev3-1187940,ocds-dgv273-seacev3-1187940-2026-03-19T10:13:19.082626-05:00,1187940,21202257,81101508,Ingeniería arquitectónica,UNSPSC
ocds-dgv273-seacev3-2026-43-16,ocds-dgv273-seacev3-2026-43-16-2026-03-19T10:13:18.814327-05:00,1186698,21200293,15101505,Diesel,UNSPSC
ocds-dgv273-seacev3-1192008,ocds-dgv273-seacev3-1192008-2026-03-19T10:13:14.801405-05:00,1192008,21212684,14111803,Vales,UNSPSC
ocds-dgv273-seacev3-1191031,ocds-dgv273-seacev3-1191031-2026-03-19T10:13:14.735642-05:00,1191031,21210442,80131502,Alquiler de instalaciones comerciales o industriales,UNSPSC
ocds-dgv273-seacev3-1191636,ocds-dgv273-seacev3-1191636-2026-03-19T10:13:14.179117-05:00,1191636,21211779,81101515,Ingeniería de infraestructura de plantas o instalaciones,UNSPSC
ocds-dgv273-seacev3-1196016,ocds-dgv273-seacev3-1196016-2026-03-19T10:13:14.090094-05:00,1196016,21222790,15101506,Gasolina o Petróleo,UNSPSC
ocds-dgv273-seacev3-1191037,ocds-dgv273-seacev3-1191037-2026-03-19T10:13:06.334113-05:00,1191037,21210476,72141003,Servicios de mantenimiento de pistas y carreteras,UNSPSC
ocds-dgv273-seacev3-2026-172018-2,ocds-dgv273-seacev3-2026-172018-2-2026-03-19T10:13:05.107355-05:00,1188612,21204092,50131702,Leche o productos de mantequilla estables sin refrigerar,UNSPSC
ocds-dgv273-seacev3-1188614,ocds-dgv273-seacev3-1188614-2026-03-19T10:13:03.066460-05:00,1188614,21204077,72141001,Servicios de construcción de pistas y carreteras nuevas,UNSPSC
ocds-dgv273-seacev3-1188610,ocds-dgv273-seacev3-1188610-2026-03-19T10:13:00.912841-05:00,1188610,21204079,72153102,Servicios de construcción de campos deportivos interiores,UNSPSC
ocds-dgv273-seacev3-2026-1392-2,ocds-dgv273-seacev3-2026-1392-2-2026-03-19T10:13:00.298628-05:00,1186213,21197611,93131608,Servicios de suministro de alimentos,UNSPSC
ocds-dgv273-seacev3-1189295,ocds-dgv273-seacev3-1189295-2026-03-19T10:12:55.767247-05:00,1189295,21205544,50221101,Granos de cereal,UNSPSC
ocds-dgv273-seacev3-1189295,ocds-dgv273-seacev3-1189295-2026-03-19T10:12:55.767247-05:00,1189295,21205543,50131702,Leche o productos de mantequilla estables sin refrigerar,UNSPSC
ocds-dgv273-seacev3-2026-172018-1,ocds-dgv273-seacev3-2026-172018-1-2026-03-19T10:12:54.368305-05:00,1189094,21205026,50192109,"Papas fritas en hojuelas y al hilo, mix de bocaditos o galletas saladas",UNSPSC
ocds-dgv273-seacev3-1191472,ocds-dgv273-seacev3-1191472-2026-03-19T10:12:54.240291-05:00,1191472,21211458,31171704,Engranajes de fricción,UNSPSC
ocds-dgv273-seacev3-1191907,ocds-dgv273-seacev3-1191907-2026-03-19T10:12:52.279568-05:00,1191907,21212512,51372003,Buprenorfina,UNSPSC
ocds-dgv273-seacev3-2026-200313-2,ocds-dgv273-seacev3-2026-200313-2-2026-03-19T10:12:52.109022-05:00,1191255,21210947,72141003,Servicios de mantenimiento de pistas y carreteras,UNSPSC
ocds-dgv273-seacev3-2026-10355-2,ocds-dgv273-seacev3-2026-10355-2-2026-03-19T10:12:50.741848-05:00,1186170,21197549,70141707,Manejo de sistemas de cultivo agrícola,UNSPSC
ocds-dgv273-seacev3-1188898,ocds-dgv273-seacev3-1188898-2026-03-19T10:12:50.669628-05:00,1188898,21204677,48101605,Molinos de alimentos de uso comercial,UNSPSC
ocds-dgv273-seacev3-1186690,ocds-dgv273-seacev3-1186690-2026-03-19T10:12:50.500257-05:00,1186690,21200303,80101604,Administración o planificación de proyectos,UNSPSC
ocds-dgv273-seacev3-1191540,ocds-dgv273-seacev3-1191540-2026-03-19T10:12:45.783872-05:00,1191540,21211585,21102006,Trituradoras de martillo,UNSPSC
ocds-dgv273-seacev3-1189442,ocds-dgv273-seacev3-1189442-2026-03-19T10:12:44.655715-05:00,1189442,21205835,30111601,Cemento,UNSPSC
ocds-dgv273-seacev3-2026-1839-1,ocds-dgv273-seacev3-2026-1839-1-2026-03-19T10:12:44.237112-05:00,1189031,21204959,50131702,Leche o productos de mantequilla estables sin refrigerar,UNSPSC
ocds-dgv273-seacev3-1191795,ocds-dgv273-seacev3-1191795-2026-03-19T10:12:41.426711-05:00,1191795,21212337,81112001,Servicio de procesamiento de datos en línea,UNSPSC
ocds-dgv273-seacev3-1187863,ocds-dgv273-seacev3-1187863-2026-03-19T10:12:40.549916-05:00,1187863,21202155,81101508,Ingeniería arquitectónica,UNSPSC
ocds-dgv273-seacev3-2026-447-5,ocds-dgv273-seacev3-2026-447-5-2026-03-19T10:12:40.146883-05:00,1188083,21202707,15101505,Diesel,UNSPSC
ocds-dgv273-seacev3-1188165,ocds-dgv273-seacev3-1188165-2026-03-19T10:12:38.797135-05:00,1188165,21203166,72141701,Servicio de arrendamiento o alquiler de maquinaria de construcción,UNSPSC
ocds-dgv273-seacev3-1187833,ocds-dgv273-seacev3-1187833-2026-03-19T10:12:36.283331-05:00,1187833,21202180,72152605,Servicios de montaje y reparación de techos,UNSPSC
ocds-dgv273-seacev3-1189330,ocds-dgv273-seacev3-1189330-2026-03-19T10:12:36.212577-05:00,1189330,21205599,80131502,Alquiler de instalaciones comerciales o industriales,UNSPSC
ocds-dgv273-seacev3-1189144,ocds-dgv273-seacev3-1189144-2026-03-19T10:12:35.929356-05:00,1189144,21205093,50221101,Granos de cereal,UNSPSC
ocds-dgv273-seacev3-2026-10249-56,ocds-dgv273-seacev3-2026-10249-56-2026-03-19T10:12:35.882093-05:00,1188402,21203628,15111510,Gas de petróleo licuefactado,UNSPSC
ocds-dgv273-seacev3-1184400,ocds-dgv273-seacev3-1184400-2026-03-19T10:12:33.597449-05:00,1184400,21194331,30111801,Agregado natural,UNSPSC
ocds-dgv273-seacev3-1192450,ocds-dgv273-seacev3-1192450-2026-03-19T10:12:33.116576-05:00,1192450,21213968,72141001,Servicios de construcción de pistas y carreteras nuevas,UNSPSC
ocds-dgv273-seacev3-1187773,ocds-dgv273-seacev3-1187773-2026-03-19T10:12:31.016219-05:00,1187773,21201922,78111808,Alquiler de vehículos,UNSPSC
ocds-dgv273-seacev3-2026-1895-23,ocds-dgv273-seacev3-2026-1895-23-2026-03-19T10:12:30.946518-05:00,1188311,21202910,80101511,Servicio de consultoría de recursos humanos,UNSPSC
ocds-dgv273-seacev3-1186813,ocds-dgv273-seacev3-1186813-2026-03-19T10:12:29.405018-05:00,1186813,21198039,15101505,Diesel,UNSPSC
ocds-dgv273-seacev3-2026-1852-30,ocds-dgv273-seacev3-2026-1852-30-2026-03-19T10:12:22.814470-05:00,1190491,21209081,25101801,Motocicletas,UNSPSC
ocds-dgv273-seacev3-2026-1600-2,ocds-dgv273-seacev3-2026-1600-2-2026-03-19T10:12:21.493629-05:00,1189396,21205702,15101505,Diesel,UNSPSC
ocds-dgv273-seacev3-2026-815-4,ocds-dgv273-seacev3-2026-815-4-2026-03-19T10:12:21.245953-05:00,1190278,21208514,10171605,Mezclas Nitrógeno Fósforo Potasio,UNSPSC
ocds-dgv273-seacev3-1187577,ocds-dgv273-seacev3-1187577-2026-03-19T10:12:19.582789-05:00,1187577,21201460,72154501,Servicio de reparación y mantenimiento de maquinaria pesada,UNSPSC
ocds-dgv273-seacev3-2026-747-5,ocds-dgv273-seacev3-2026-747-5-2026-03-19T10:12:19.321414-05:00,1188322,21203365,72154503,Servicio de alquiler de grúa,UNSPSC
ocds-dgv273-seacev3-1187041,ocds-dgv273-seacev3-1187041-2026-03-19T10:12:19.242953-05:00,1187041,21198210,15101505,Diesel,UNSPSC
ocds-dgv273-seacev3-2026-1215-2,ocds-dgv273-seacev3-2026-1215-2-2026-03-19T10:12:19.180115-05:00,1188905,21204662,15101505,Diesel,UNSPSC
ocds-dgv273-seacev3-1186619,ocds-dgv273-seacev3-1186619-2026-03-19T10:12:18.633931-05:00,1186619,21200238,72121403,Servicios de construcción de hospitales,UNSPSC
ocds-dgv273-seacev3-2026-2528-32,ocds-dgv273-seacev3-2026-2528-32-2026-03-18T10:12:25.704562-05:00,1191727,21211903,80161504,Servicios de oficina,UNSPSC
ocds-dgv273-seacev3-2026-1726-1,ocds-dgv273-seacev3-2026-1726-1-2026-03-18T10:12:25.678401-05:00,1191700,21211870,15101505,Diesel,UNSPSC
ocds-dgv273-seacev3-1190909,ocds-dgv273-seacev3-1190909-2026-03-18T10:12:25.475242-05:00,1190909,21210205,15101505,Diesel,UNSPSC
ocds-dgv273-seacev3-1190909,ocds-dgv273-seacev3-1190909-2026-03-18T10:12:25.475242-05:00,1190909,21210226,15101506,Gasolina o Petróleo,UNSPSC
ocds-dgv273-seacev3-2026-2375-2,ocds-dgv273-seacev3-2026-2375-2-2026-03-18T10:12:25.462669-05:00,1190906,21210206,12352311,Alúmina y otros compuestos de aluminio,UNSPSC
ocds-dgv273-seacev3-2026-923-3,ocds-dgv273-seacev3-2026-923-3-2026-03-18T10:12:25.224394-05:00,1190086,21208015,15101505,Diesel,UNSPSC
ocds-dgv273-seacev3-2026-923-3,ocds-dgv273-seacev3-2026-923-3-2026-03-18T10:12:25.224394-05:00,1190086,21208014,15101506,Gasolina o Petróleo,UNSPSC
ocds-dgv273-seacev3-1189677,ocds-dgv273-seacev3-1189677-2026-03-18T10:12:25.093691-05:00,1189677,21206476,50121538,Pescado estable sin refrigerar,UNSPSC
ocds-dgv273-seacev3-1187534,ocds-dgv273-seacev3-1187534-2026-03-18T10:12:24.556772-05:00,1187534,21201387,70111709,Servicios de siembra,UNSPSC
ocds-dgv273-seacev3-2026-200033-4,ocds-dgv273-seacev3-2026-200033-4-2026-03-18T10:12:24.525961-05:00,1187454,21201055,78111808,Alquiler de vehículos,UNSPSC
ocds-dgv273-seacev3-2026-10595-6,ocds-dgv273-seacev3-2026-10595-6-2026-03-18T10:12:24.469967-05:00,1187033,21200622,78181507,Reparación y mantenimiento de camión ligero automotriz,UNSPSC
ocds-dgv273-seacev3-2026-447-2,ocds-dgv273-seacev3-2026-447-2-2026-03-18T10:12:24.461002-05:00,1186794,21200396,50121538,Pescado estable sin refrigerar,UNSPSC
ocds-dgv273-seacev3-1191833,ocds-dgv273-seacev3-1191833-2026-03-18T10:12:23.900413-05:00,1191833,21212221,72152605,Servicios de montaje y reparación de techos,UNSPSC
ocds-dgv273-seacev3-2026-200049-2,ocds-dgv273-seacev3-2026-200049-2-2026-03-18T10:12:23.602112-05:00,1190835,21210050,41115804,Accesorios o suministros de analizadores de banco de sangre,UNSPSC
ocds-dgv273-seacev3-1191952,ocds-dgv273-seacev3-1191952-2026-03-18T10:12:23.292090-05:00,1191952,21212834,78111808,Alquiler de vehículos,UNSPSC
ocds-dgv273-seacev3-1189918,ocds-dgv273-seacev3-1189918-2026-03-18T10:12:22.794252-05:00,1189918,21207468,30111505,Hormigón premezclado,UNSPSC
ocds-dgv273-seacev3-1189152,ocds-dgv273-seacev3-1189152-2026-03-18T10:12:22.537151-05:00,1189152,21205164,70131707,Análisis de fertilidad del suelo,UNSPSC
ocds-dgv273-seacev3-1188702,ocds-dgv273-seacev3-1188702-2026-03-18T10:12:21.329953-05:00,1188702,21204217,41122417,Dispositivo dispensador de sangre por goteo,UNSPSC
ocds-dgv273-seacev3-1189324,ocds-dgv273-seacev3-1189324-2026-03-18T10:12:20.822775-05:00,1189324,21205559,80131502,Alquiler de instalaciones comerciales o industriales,UNSPSC
ocds-dgv273-seacev3-1191565,ocds-dgv273-seacev3-1191565-2026-03-18T10:12:19.504561-05:00,1191565,21211629,77101805,Servicios de control de calidad ambiental,UNSPSC
ocds-dgv273-seacev3-2026-10595-14,ocds-dgv273-seacev3-2026-10595-14-2026-03-18T10:12:19.229270-05:00,1187578,21201557,72121403,Servicios de construcción de hospitales,UNSPSC
ocds-dgv273-seacev3-2026-447-3,ocds-dgv273-seacev3-2026-447-3-2026-03-18T10:12:18.842321-05:00,1186801,21198017,50121538,Pescado estable sin refrigerar,UNSPSC
ocds-dgv273-seacev3-2026-752-1,ocds-dgv273-seacev3-2026-752-1-2026-03-18T10:12:18.160780-05:00,1186888,21200452,15101505,Diesel,UNSPSC
ocds-dgv273-seacev3-1186809,ocds-dgv273-seacev3-1186809-2026-03-18T10:12:18.153821-05:00,1186809,21200397,92101501,Servicios de vigilancia,UNSPSC
ocds-dgv273-seacev3-1191497,ocds-dgv273-seacev3-1191497-2026-03-18T10:12:09.396497-05:00,1191497,21211520,77101805,Servicios de control de calidad ambiental,UNSPSC
ocds-dgv273-seacev3-1187274,ocds-dgv273-seacev3-1187274-2026-03-18T10:12:08.488464-05:00,1187274,21200838,78111808,Alquiler de vehículos,UNSPSC
ocds-dgv273-seacev3-2026-847-5,ocds-dgv273-seacev3-2026-847-5-2026-03-18T10:12:08.350493-05:00,1188636,21204122,50192109,"Papas fritas en hojuelas y al hilo, mix de bocaditos o galletas saladas",UNSPSC
ocds-dgv273-seacev3-1188773,ocds-dgv273-seacev3-1188773-2026-03-18T10:12:03.049884-05:00,1188773,21204402,15101505,Diesel,UNSPSC
ocds-dgv273-seacev3-1188960,ocds-dgv273-seacev3-1188960-2026-03-18T10:12:02.905715-05:00,1188960,21204699,15101506,Gasolina o Petróleo,UNSPSC
ocds-dgv273-seacev3-1190127,ocds-dgv273-seacev3-1190127-2026-03-18T10:12:00.365528-05:00,1190127,21207812,60141302,Sets de construcción,UNSPSC
ocds-dgv273-seacev3-1190999,ocds-dgv273-seacev3-1190999-2026-03-18T10:12:00.061762-05:00,1190999,21210388,72121203,Servicios de construcción de silos y de edificaciones para servicio agrícola,UNSPSC
ocds-dgv273-seacev3-1190187,ocds-dgv273-seacev3-1190187-2026-03-18T10:11:59.718621-05:00,1190187,21208438,15101505,Diesel,UNSPSC
ocds-dgv273-seacev3-1191485,ocds-dgv273-seacev3-1191485-2026-03-18T10:11:59.329575-05:00,1191485,21211435,77101805,Servicios de control de calidad ambiental,UNSPSC
ocds-dgv273-seacev3-1191215,ocds-dgv273-seacev3-1191215-2026-03-18T10:11:59.260483-05:00,1191215,21210718,77101805,Servicios de control de calidad ambiental,UNSPSC
ocds-dgv273-seacev3-1191582,ocds-dgv273-seacev3-1191582-2026-03-18T10:11:59.054126-05:00,1191582,21211697,72154501,Servicio de reparación y mantenimiento de maquinaria pesada,UNSPSC
ocds-dgv273-seacev3-1190594,ocds-dgv273-seacev3-1190594-2026-03-18T10:11:58.239100-05:00,1190594,21209331,72121410,Construcción de hangares y terminales aéreos,UNSPSC
ocds-dgv273-seacev3-2026-49-124,ocds-dgv273-seacev3-2026-49-124-2026-03-18T10:11:57.903273-05:00,1186920,21200471,30111601,Cemento,UNSPSC
ocds-dgv273-seacev3-2026-99-1,ocds-dgv273-seacev3-2026-99-1-2026-03-18T10:11:57.773258-05:00,1185829,21197233,50131702,Leche o productos de mantequilla estables sin refrigerar,UNSPSC
ocds-dgv273-seacev3-2026-200-7,ocds-dgv273-seacev3-2026-200-7-2026-03-18T10:11:57.728277-05:00,1186576,21200203,72141003,Servicios de mantenimiento de pistas y carreteras,UNSPSC
ocds-dgv273-seacev3-1187912,ocds-dgv273-seacev3-1187912-2026-03-18T10:11:57.179528-05:00,1187912,21202003,80131502,Alquiler de instalaciones comerciales o industriales,UNSPSC
ocds-dgv273-seacev3-2026-252439-6,ocds-dgv273-seacev3-2026-252439-6-2026-03-18T10:11:57.163572-05:00,1186869,21198094,76122001,Disposición final de desechos genéricos no peligrosos,UNSPSC
ocds-dgv273-seacev3-2026-10595-7,ocds-dgv273-seacev3-2026-10595-7-2026-03-18T10:11:57.115892-05:00,1187029,21200618,78181507,Reparación y mantenimiento de camión ligero automotriz,UNSPSC
ocds-dgv273-seacev3-1186627,ocds-dgv273-seacev3-1186627-2026-03-18T10:11:57.036155-05:00,1186627,21200246,50121538,Pescado estable sin refrigerar,UNSPSC
ocds-dgv273-seacev3-1190638,ocds-dgv273-seacev3-1190638-2026-03-18T10:11:52.859581-05:00,1190638,21209354,30181605,Dren,UNSPSC
ocds-dgv273-seacev3-1192128,ocds-dgv273-seacev3-1192128-2026-03-18T10:11:52.545441-05:00,1192128,21213250,83121703,Servicios relacionados con Internet,UNSPSC
ocds-dgv273-seacev3-2026-42031-10,ocds-dgv273-seacev3-2026-42031-10-2026-03-18T10:11:51.868427-05:00,1191549,21211630,81141504,Calibración o reparación de equipos de prueba,UNSPSC
ocds-dgv273-seacev3-1190970,ocds-dgv273-seacev3-1190970-2026-03-18T10:11:51.387764-05:00,1190970,21210337,77101805,Servicios de control de calidad ambiental,UNSPSC
ocds-dgv273-seacev3-1189502,ocds-dgv273-seacev3-1189502-2026-03-18T10:11:50.224722-05:00,1189502,21206043,81101508,Ingeniería arquitectónica,UNSPSC
ocds-dgv273-seacev3-1189364,ocds-dgv273-seacev3-1189364-2026-03-18T10:11:49.655815-05:00,1189364,21205710,15101505,Diesel,UNSPSC
ocds-dgv273-seacev3-1190716,ocds-dgv273-seacev3-1190716-2026-03-18T10:11:48.741411-05:00,1190716,21209816,10171702,Fungicidas,UNSPSC
ocds-dgv273-seacev3-2026-10222-6,ocds-dgv273-seacev3-2026-10222-6-2026-03-18T10:11:48.051296-05:00,1186319,21197696,92101501,Servicios de vigilancia,UNSPSC
ocds-dgv273-seacev3-2026-10222-6,ocds-dgv273-seacev3-2026-10222-6-2026-03-18T10:11:48.051296-05:00,1186319,21197698,92101501,Servicios de vigilancia,UNSPSC
ocds-dgv273-seacev3-2026-10222-6,ocds-dgv273-seacev3-2026-10222-6-2026-03-18T10:11:48.051296-05:00,1186319,21197697,92101501,Servicios de vigilancia,UNSPSC
ocds-dgv273-seacev3-1186209,ocds-dgv273-seacev3-1186209-2026-03-18T10:11:47.660266-05:00,1186209,21197608,72141003,Servicios de mantenimiento de pistas y carreteras,UNSPSC
ocds-dgv273-seacev3-1186557,ocds-dgv273-seacev3-1186557-2026-03-18T10:11:47.290848-05:00,1186557,21197898,72152605,Servicios de montaje y reparación de techos,UNSPSC
ocds-dgv273-seacev3-1188049,ocds-dgv273-seacev3-1188049-2026-03-18T10:11:47.250168-05:00,1188049,21203078,72141121,Servicios de construcción de tuberías principales de agua,UNSPSC
ocds-dgv273-seacev3-1191501,ocds-dgv273-seacev3-1191501-2026-03-18T10:11:44.384106-05:00,1191501,21211506,78111808,Alquiler de vehículos,UNSPSC
ocds-dgv273-seacev3-2026-1507-1,ocds-dgv273-seacev3-2026-1507-1-2026-03-18T10:11:43.210910-05:00,1189385,21205686,15101506,Gasolina o Petróleo,UNSPSC
ocds-dgv273-seacev3-1190618,ocds-dgv273-seacev3-1190618-2026-03-18T10:11:43.079882-05:00,1190618,21209344,31211803,Diluyentes para pinturas y barnices,UNSPSC
ocds-dgv273-seacev3-1190642,ocds-dgv273-seacev3-1190642-2026-03-18T10:11:43.073659-05:00,1190642,21209460,72121203,Servicios de construcción de silos y de edificaciones para servicio agrícola,UNSPSC
ocds-dgv273-seacev3-1189507,ocds-dgv273-seacev3-1189507-2026-03-18T10:11:43.063916-05:00,1189507,21206082,46182001,Máscaras o accesorios,UNSPSC
ocds-dgv273-seacev3-1191514,ocds-dgv273-seacev3-1191514-2026-03-18T10:11:42.904256-05:00,1191514,21211549,77101805,Servicios de control de calidad ambiental,UNSPSC
ocds-dgv273-seacev3-1189150,ocds-dgv273-seacev3-1189150-2026-03-18T10:11:42.403858-05:00,1189150,21205128,70131707,Análisis de fertilidad del suelo,UNSPSC
ocds-dgv273-seacev3-1189207,ocds-dgv273-seacev3-1189207-2026-03-18T10:11:42.022983-05:00,1189207,21205276,72121403,Servicios de construcción de hospitales,UNSPSC
ocds-dgv273-seacev3-1190064,ocds-dgv273-seacev3-1190064-2026-03-18T10:11:41.923662-05:00,1190064,21207783,72151502,Servicios de instalación de sistemas de energía eléctrica,UNSPSC
ocds-dgv273-seacev3-2026-1913-2,ocds-dgv273-seacev3-2026-1913-2-2026-03-18T10:11:41.120904-05:00,1189410,21205771,10121503,Maíz para producir alimentos,UNSPSC
ocds-dgv273-seacev3-1191922,ocds-dgv273-seacev3-1191922-2026-03-18T10:11:40.022265-05:00,1191922,21212488,80131502,Alquiler de instalaciones comerciales o industriales,UNSPSC
ocds-dgv273-seacev3-2026-1646-5,ocds-dgv273-seacev3-2026-1646-5-2026-03-18T10:11:38.957766-05:00,1187605,21201637,72121105,Servicios de construcción de centros comerciales y galerías,UNSPSC
ocds-dgv273-seacev3-2026-612-1,ocds-dgv273-seacev3-2026-612-1-2026-03-18T10:11:38.854831-05:00,1186865,21198089,30111601,Cemento,UNSPSC
ocds-dgv273-seacev3-2026-200322-2,ocds-dgv273-seacev3-2026-200322-2-2026-03-18T10:11:38.818868-05:00,1188638,21204099,72121403,Servicios de construcción de hospitales,UNSPSC
ocds-dgv273-seacev3-2026-1752-1,ocds-dgv273-seacev3-2026-1752-1-2026-03-18T10:11:38.649125-05:00,1187870,21202160,50131702,Leche o productos de mantequilla estables sin refrigerar,UNSPSC
ocds-dgv273-seacev3-1188009,ocds-dgv273-seacev3-1188009-2026-03-18T10:11:37.692406-05:00,1188009,21203034,72153303,Servicio de mantenimiento y reparación de equipo de estación de servicio,UNSPSC
ocds-dgv273-seacev3-2026-1972-17,ocds-dgv273-seacev3-2026-1972-17-2026-03-18T10:11:37.248742-05:00,1186294,21197678,41104929,Filtros de papel para laboratorio,UNSPSC
ocds-dgv273-seacev3-1191186,ocds-dgv273-seacev3-1191186-2026-03-18T10:11:34.936991-05:00,1191186,21210693,77101805,Servicios de control de calidad ambiental,UNSPSC
ocds-dgv273-seacev3-1189147,ocds-dgv273-seacev3-1189147-2026-03-18T10:11:33.355454-05:00,1189147,21205097,70131707,Análisis de fertilidad del suelo,UNSPSC
ocds-dgv273-seacev3-2026-200082-3,ocds-dgv273-seacev3-2026-200082-3-2026-03-18T10:11:32.984053-05:00,1188583,21203963,15101505,Diesel,UNSPSC
ocds-dgv273-seacev3-1189485,ocds-dgv273-seacev3-1189485-2026-03-18T10:11:32.880541-05:00,1189485,21205992,51131909,Albúmina humana,UNSPSC
ocds-dgv273-seacev3-1189184,ocds-dgv273-seacev3-1189184-2026-03-18T10:11:32.659837-05:00,1189184,21205215,70131707,Análisis de fertilidad del suelo,UNSPSC
ocds-dgv273-seacev3-2026-67-2,ocds-dgv273-seacev3-2026-67-2-2026-03-18T10:11:32.005118-05:00,1192059,21212708,15101505,Diesel,UNSPSC
ocds-dgv273-seacev3-2026-1598-3,ocds-dgv273-seacev3-2026-1598-3-2026-03-17T16:00:49.577142-05:00,1188564,21203940,81101515,Ingeniería de infraestructura de plantas o instalaciones,UNSPSC
ocds-dgv273-seacev3-2026-1066-4,ocds-dgv273-seacev3-2026-1066-4-2026-03-16T12:25:16.658022-05:00,1190179,21208216,72151501,Servicios de instalación de iluminación,UNSPSC
ocds-dgv273-seacev3-1191898,ocds-dgv273-seacev3-1191898-2026-03-16T12:25:16.573975-05:00,1191898,21212415,72151602,Servicios de instalación de cables de fibra óptica,UNSPSC
ocds-dgv273-seacev3-1193981,ocds-dgv273-seacev3-1193981-2026-03-15T10:15:39.005128-05:00,1193981,21217817,78111802,Servicios programados de autobús,UNSPSC
ocds-dgv273-seacev3-1189203,ocds-dgv273-seacev3-1189203-2026-03-15T10:15:37.894217-05:00,1189203,21205258,15101505,Diesel,UNSPSC
ocds-dgv273-seacev3-1189292,ocds-dgv273-seacev3-1189292-2026-03-15T10:15:37.806993-05:00,1189292,21205546,78101802,Servicios de transporte regional o nacional en camión,UNSPSC
ocds-dgv273-seacev3-1191737,ocds-dgv273-seacev3-1191737-2026-03-15T10:15:37.691678-05:00,1191737,21211913,77101805,Servicios de control de calidad ambiental,UNSPSC
ocds-dgv273-seacev3-1187991,ocds-dgv273-seacev3-1187991-2026-03-15T10:15:37.344257-05:00,1187991,21202994,72121008,Servicios de construcción y remodelación de almacenes,UNSPSC
ocds-dgv273-seacev3-1190749,ocds-dgv273-seacev3-1190749-2026-03-15T10:15:37.268600-05:00,1190749,21209672,76111501,Servicios de limpieza de edificios,UNSPSC
ocds-dgv273-seacev3-1189334,ocds-dgv273-seacev3-1189334-2026-03-15T10:15:37.261240-05:00,1189334,21205615,41116120,Kits o suministros para pruebas de hematología,UNSPSC
ocds-dgv273-seacev3-1190217,ocds-dgv273-seacev3-1190217-2026-03-15T10:15:36.980549-05:00,1190217,21208486,77101805,Servicios de control de calidad ambiental,UNSPSC
ocds-dgv273-seacev3-1190620,ocds-dgv273-seacev3-1190620-2026-03-15T10:15:36.510137-05:00,1190620,21209426,81101508,Ingeniería arquitectónica,UNSPSC
ocds-dgv273-seacev3-1191747,ocds-dgv273-seacev3-1191747-2026-03-15T10:15:35.743053-05:00,1191747,21212015,77101805,Servicios de control de calidad ambiental,UNSPSC
ocds-dgv273-seacev3-1190041,ocds-dgv273-seacev3-1190041-2026-03-15T10:15:35.728255-05:00,1190041,21207762,77101805,Servicios de control de calidad ambiental,UNSPSC
ocds-dgv273-seacev3-1189972,ocds-dgv273-seacev3-1189972-2026-03-15T10:15:35.620749-05:00,1189972,21207541,77101805,Servicios de control de calidad ambiental,UNSPSC
ocds-dgv273-seacev3-2026-12-3,ocds-dgv273-seacev3-2026-12-3-2026-03-15T10:15:35.484765-05:00,1190065,21207786,91111603,Servicios de cocina o preparación de comidas,UNSPSC
ocds-dgv273-seacev3-1191873,ocds-dgv273-seacev3-1191873-2026-03-15T10:15:35.251517-05:00,1191873,21212411,77101805,Servicios de control de calidad ambiental,UNSPSC
ocds-dgv273-seacev3-1190831,ocds-dgv273-seacev3-1190831-2026-03-15T10:15:34.985690-05:00,1190831,21210044,70111601,Servicios de plantación,UNSPSC
ocds-dgv273-seacev3-1191920,ocds-dgv273-seacev3-1191920-2026-03-15T10:15:34.885647-05:00,1191920,21212478,77101805,Servicios de control de calidad ambiental,UNSPSC
ocds-dgv273-seacev3-1189981,ocds-dgv273-seacev3-1189981-2026-03-15T10:15:34.867448-05:00,1189981,21207573,72154013,Servicios de construcción de cercos,UNSPSC
ocds-dgv273-seacev3-1191722,ocds-dgv273-seacev3-1191722-2026-03-15T10:15:34.753112-05:00,1191722,21211885,80131502,Alquiler de instalaciones comerciales o industriales,UNSPSC
ocds-dgv273-seacev3-1190255,ocds-dgv273-seacev3-1190255-2026-03-15T10:15:34.574433-05:00,1190255,21208337,77101805,Servicios de control de calidad ambiental,UNSPSC
ocds-dgv273-seacev3-1187883,ocds-dgv273-seacev3-1187883-2026-03-15T10:15:33.356097-05:00,1187883,21202189,30102403,Varillas de hierro,UNSPSC
ocds-dgv273-seacev3-1187759,ocds-dgv273-seacev3-1187759-2026-03-15T10:15:33.291350-05:00,1187759,21201839,30111601,Cemento,UNSPSC
ocds-dgv273-seacev3-2026-270-46,ocds-dgv273-seacev3-2026-270-46-2026-03-15T10:15:33.008299-05:00,1188991,21204813,72141128,Servicio de remodelación  y/o construcción de plazas públicas,UNSPSC
ocds-dgv273-seacev3-1188258,ocds-dgv273-seacev3-1188258-2026-03-15T10:15:32.993943-05:00,1188258,21202820,51241840,Calamina/fenol/óxido de zinc,UNSPSC
ocds-dgv273-seacev3-1187066,ocds-dgv273-seacev3-1187066-2026-03-15T10:15:32.907826-05:00,1187066,21200640,15101505,Diesel,UNSPSC
ocds-dgv273-seacev3-2026-51041-2,ocds-dgv273-seacev3-2026-51041-2-2026-03-15T10:15:32.853471-05:00,1188041,21202677,30111601,Cemento,UNSPSC
ocds-dgv273-seacev3-1187637,ocds-dgv273-seacev3-1187637-2026-03-15T10:15:32.807089-05:00,1187637,21201482,77101805,Servicios de control de calidad ambiental,UNSPSC
ocds-dgv273-seacev3-2026-2009-42,ocds-dgv273-seacev3-2026-2009-42-2026-03-15T10:15:32.791453-05:00,1187488,21201081,30111601,Cemento,UNSPSC
ocds-dgv273-seacev3-2026-130903-1,ocds-dgv273-seacev3-2026-130903-1-2026-03-15T10:15:32.741594-05:00,1186710,21200304,15101505,Diesel,UNSPSC
ocds-dgv273-seacev3-2026-552-10,ocds-dgv273-seacev3-2026-552-10-2026-03-15T10:15:32.705134-05:00,1187311,21200891,50131702,Leche o productos de mantequilla estables sin refrigerar,UNSPSC
ocds-dgv273-seacev3-2026-1731-13,ocds-dgv273-seacev3-2026-1731-13-2026-03-15T10:15:32.046948-05:00,1186968,21200517,72141701,Servicio de arrendamiento o alquiler de maquinaria de construcción,UNSPSC
ocds-dgv273-seacev3-1187175,ocds-dgv273-seacev3-1187175-2026-03-15T10:15:31.993710-05:00,1187175,21198327,77101805,Servicios de control de calidad ambiental,UNSPSC
ocds-dgv273-seacev3-1188122,ocds-dgv273-seacev3-1188122-2026-03-15T10:15:31.957524-05:00,1188122,21202726,40141739,Cubiertas de drenaje,UNSPSC
ocds-dgv273-seacev3-1187110,ocds-dgv273-seacev3-1187110-2026-03-15T10:15:31.922224-05:00,1187110,21198293,77101805,Servicios de control de calidad ambiental,UNSPSC
ocds-dgv273-seacev3-1186947,ocds-dgv273-seacev3-1186947-2026-03-15T10:15:31.264704-05:00,1186947,21200518,77101805,Servicios de control de calidad ambiental,UNSPSC
ocds-dgv273-seacev3-1186894,ocds-dgv273-seacev3-1186894-2026-03-15T10:15:31.237782-05:00,1186894,21200461,77101805,Servicios de control de calidad ambiental,UNSPSC
ocds-dgv273-seacev3-1189543,ocds-dgv273-seacev3-1189543-2026-03-15T10:15:27.242493-05:00,1189543,21206357,72121406,Servicios de construcción de escuelas,UNSPSC
ocds-dgv273-seacev3-2026-1331-7,ocds-dgv273-seacev3-2026-1331-7-2026-03-15T10:15:27.033667-05:00,1189052,21204935,53131609,Productos para la protección contra el sol,UNSPSC
ocds-dgv273-seacev3-1191476,ocds-dgv273-seacev3-1191476-2026-03-15T10:15:26.992260-05:00,1191476,21211489,77101805,Servicios de control de calidad ambiental,UNSPSC
ocds-dgv273-seacev3-1188024,ocds-dgv273-seacev3-1188024-2026-03-15T10:15:26.810180-05:00,1188024,21203033,72154028,Servicios de instalación y mantenimiento de señales,UNSPSC
ocds-dgv273-seacev3-1189848,ocds-dgv273-seacev3-1189848-2026-03-15T10:15:26.054446-05:00,1189848,21207089,77101805,Servicios de control de calidad ambiental,UNSPSC
ocds-dgv273-seacev3-1190253,ocds-dgv273-seacev3-1190253-2026-03-15T10:15:25.602397-05:00,1190253,21208330,77101805,Servicios de control de calidad ambiental,UNSPSC
ocds-dgv273-seacev3-2026-1852-17,ocds-dgv273-seacev3-2026-1852-17-2026-03-15T10:15:24.926442-05:00,1190884,21200093,40171520,Tubería comercial de PAD,UNSPSC
ocds-dgv273-seacev3-2026-1852-17,ocds-dgv273-seacev3-2026-1852-17-2026-03-15T10:15:24.926442-05:00,1190884,21210190,40171520,Tubería comercial de PAD,UNSPSC
ocds-dgv273-seacev3-2026-200423-1,ocds-dgv273-seacev3-2026-200423-1-2026-03-15T10:15:24.656371-05:00,1190922,21210240,83121703,Servicios relacionados con Internet,UNSPSC
ocds-dgv273-seacev3-2026-1166-1,ocds-dgv273-seacev3-2026-1166-1-2026-03-15T10:15:24.627672-05:00,1187952,21202277,50131702,Leche o productos de mantequilla estables sin refrigerar,UNSPSC
ocds-dgv273-seacev3-1189529,ocds-dgv273-seacev3-1189529-2026-03-15T10:15:24.089378-05:00,1189529,21206128,81101508,Ingeniería arquitectónica,UNSPSC
ocds-dgv273-seacev3-2026-752-3,ocds-dgv273-seacev3-2026-752-3-2026-03-15T10:15:24.075348-05:00,1189667,21206468,53121603,Mochilas,UNSPSC
ocds-dgv273-seacev3-1188586,ocds-dgv273-seacev3-1188586-2026-03-15T10:15:23.939101-05:00,1188586,21203989,30111505,Hormigón premezclado,UNSPSC
ocds-dgv273-seacev3-1190299,ocds-dgv273-seacev3-1190299-2026-03-15T10:15:23.889761-05:00,1190299,21208526,53131609,Productos para la protección contra el sol,UNSPSC
ocds-dgv273-seacev3-1190270,ocds-dgv273-seacev3-1190270-2026-03-15T10:15:23.828155-05:00,1190270,21208505,77101805,Servicios de control de calidad ambiental,UNSPSC
ocds-dgv273-seacev3-1191493,ocds-dgv273-seacev3-1191493-2026-03-15T10:15:23.278109-05:00,1191493,21211472,77101805,Servicios de control de calidad ambiental,UNSPSC
ocds-dgv273-seacev3-1188598,ocds-dgv273-seacev3-1188598-2026-03-15T10:15:22.744721-05:00,1188598,21204017,95101901,Granja,UNSPSC
ocds-dgv273-seacev3-1188682,ocds-dgv273-seacev3-1188682-2026-03-15T10:15:22.473591-05:00,1188682,21204186,70171702,Servicios de gestión o mantenimiento de presas,UNSPSC
ocds-dgv273-seacev3-1187402,ocds-dgv273-seacev3-1187402-2026-03-15T10:15:22.452885-05:00,1187402,21201165,77101805,Servicios de control de calidad ambiental,UNSPSC
ocds-dgv273-seacev3-1186990,ocds-dgv273-seacev3-1186990-2026-03-15T10:15:22.284863-05:00,1186990,21200598,15101505,Diesel,UNSPSC
ocds-dgv273-seacev3-2026-200395-4,ocds-dgv273-seacev3-2026-200395-4-2026-03-15T10:15:22.270794-05:00,1186490,21200114,15111510,Gas de petróleo licuefactado,UNSPSC
ocds-dgv273-seacev3-1186341,ocds-dgv273-seacev3-1186341-2026-03-15T10:15:22.177902-05:00,1186341,21199868,72154028,Servicios de instalación y mantenimiento de señales,UNSPSC
ocds-dgv273-seacev3-1188032,ocds-dgv273-seacev3-1188032-2026-03-15T10:15:21.755743-05:00,1188032,21202667,82121504,Impresión tipográfica o serigrafía,UNSPSC
ocds-dgv273-seacev3-1187545,ocds-dgv273-seacev3-1187545-2026-03-15T10:15:21.741812-05:00,1187545,21201376,77101805,Servicios de control de calidad ambiental,UNSPSC
ocds-dgv273-seacev3-1187385,ocds-dgv273-seacev3-1187385-2026-03-15T10:15:21.728083-05:00,1187385,21201007,77101805,Servicios de control de calidad ambiental,UNSPSC
ocds-dgv273-seacev3-2026-1926-10,ocds-dgv273-seacev3-2026-1926-10-2026-03-15T10:15:21.714392-05:00,1187473,21201264,81112002,Servicios de preparación o procesamiento de datos,UNSPSC
ocds-dgv273-seacev3-1187255,ocds-dgv273-seacev3-1187255-2026-03-15T10:15:21.685665-05:00,1187255,21200830,77101805,Servicios de control de calidad ambiental,UNSPSC
ocds-dgv273-seacev3-1187177,ocds-dgv273-seacev3-1187177-2026-03-15T10:15:21.636430-05:00,1187177,21198329,77101805,Servicios de control de calidad ambiental,UNSPSC
ocds-dgv273-seacev3-1186807,ocds-dgv273-seacev3-1186807-2026-03-15T10:15:21.548527-05:00,1186807,21200394,15101505,Diesel,UNSPSC
ocds-dgv273-seacev3-1187495,ocds-dgv273-seacev3-1187495-2026-03-15T10:15:21.459094-05:00,1187495,21201366,77101805,Servicios de control de calidad ambiental,UNSPSC
ocds-dgv273-seacev3-1186509,ocds-dgv273-seacev3-1186509-2026-03-15T10:15:21.447576-05:00,1186509,21197848,53102799,Uniformes,UNSPSC
ocds-dgv273-seacev3-2026-200385-1,ocds-dgv273-seacev3-2026-200385-1-2026-03-15T10:15:21.399586-05:00,1187249,21200819,50192109,"Papas fritas en hojuelas y al hilo, mix de bocaditos o galletas saladas",UNSPSC
ocds-dgv273-seacev3-1187222,ocds-dgv273-seacev3-1187222-2026-03-15T10:15:21.371133-05:00,1187222,21200784,77101805,Servicios de control de calidad ambiental,UNSPSC
ocds-dgv273-seacev3-1187081,ocds-dgv273-seacev3-1187081-2026-03-15T10:15:21.300039-05:00,1187081,21200635,30111601,Cemento,UNSPSC
ocds-dgv273-seacev3-1187638,ocds-dgv273-seacev3-1187638-2026-03-15T10:15:20.999915-05:00,1187638,21201483,77101805,Servicios de control de calidad ambiental,UNSPSC
ocds-dgv273-seacev3-2026-761-1,ocds-dgv273-seacev3-2026-761-1-2026-03-15T10:15:16.401074-05:00,1185429,21198932,50131702,Leche o productos de mantequilla estables sin refrigerar,UNSPSC
ocds-dgv273-seacev3-1188995,ocds-dgv273-seacev3-1188995-2026-03-15T10:15:16.332959-05:00,1188995,21204920,12352311,Alúmina y otros compuestos de aluminio,UNSPSC
ocds-dgv273-seacev3-1191794,ocds-dgv273-seacev3-1191794-2026-03-15T10:15:16.107419-05:00,1191794,21212339,77101805,Servicios de control de calidad ambiental,UNSPSC
ocds-dgv273-seacev3-1188262,ocds-dgv273-seacev3-1188262-2026-03-15T10:15:16.057001-05:00,1188262,21203235,93151507,Servicios o procedimientos administrativos,UNSPSC
ocds-dgv273-seacev3-1190184,ocds-dgv273-seacev3-1190184-2026-03-15T10:15:15.980308-05:00,1190184,21208223,77101805,Servicios de control de calidad ambiental,UNSPSC
ocds-dgv273-seacev3-2026-821-4,ocds-dgv273-seacev3-2026-821-4-2026-03-15T10:15:15.896955-05:00,1189962,21207531,81101701,Servicios de ingeniería eléctrica,UNSPSC
ocds-dgv273-seacev3-1190331,ocds-dgv273-seacev3-1190331-2026-03-15T10:15:15.828113-05:00,1190331,21208684,82121504,Impresión tipográfica o serigrafía,UNSPSC
ocds-dgv273-seacev3-1190357,ocds-dgv273-seacev3-1190357-2026-03-15T10:15:15.820119-05:00,1190357,21208673,81101508,Ingeniería arquitectónica,UNSPSC
ocds-dgv273-seacev3-1195637,ocds-dgv273-seacev3-1195637-2026-03-15T10:15:15.725210-05:00,1195637,21222195,77101805,Servicios de control de calidad ambiental,UNSPSC
ocds-dgv273-seacev3-1189523,ocds-dgv273-seacev3-1189523-2026-03-15T10:15:15.417535-05:00,1189523,21206117,81101508,Ingeniería arquitectónica,UNSPSC
ocds-dgv273-seacev3-2026-589-1,ocds-dgv273-seacev3-2026-589-1-2026-03-15T10:15:14.964064-05:00,1188167,21202766,50131702,Leche o productos de mantequilla estables sin refrigerar,UNSPSC
ocds-dgv273-seacev3-2026-1509-6,ocds-dgv273-seacev3-2026-1509-6-2026-03-15T10:15:14.565978-05:00,1188526,21199439,72152705,Servicios de construcción de veredas o rampas,UNSPSC
ocds-dgv273-seacev3-2026-1509-6,ocds-dgv273-seacev3-2026-1509-6-2026-03-15T10:15:14.565978-05:00,1188526,21203917,72152705,Servicios de construcción de veredas o rampas,UNSPSC
ocds-dgv273-seacev3-1191438,ocds-dgv273-seacev3-1191438-2026-03-15T10:15:14.060263-05:00,1191438,21211372,80131502,Alquiler de instalaciones comerciales o industriales,UNSPSC
ocds-dgv273-seacev3-1191343,ocds-dgv273-seacev3-1191343-2026-03-15T10:15:13.897276-05:00,1191343,21211128,77101805,Servicios de control de calidad ambiental,UNSPSC
ocds-dgv273-seacev3-1188639,ocds-dgv273-seacev3-1188639-2026-03-15T10:15:13.092497-05:00,1188639,21204100,80131502,Alquiler de instalaciones comerciales o industriales,UNSPSC
ocds-dgv273-seacev3-1194752,ocds-dgv273-seacev3-1194752-2026-03-15T10:15:12.914809-05:00,1194752,21220046,80101505,Desarrollo de objetivos o políticas corporativas,UNSPSC
ocds-dgv273-seacev3-2026-1227-4,ocds-dgv273-seacev3-2026-1227-4-2026-03-15T10:15:12.711891-05:00,1188602,21204038,15101505,Diesel,UNSPSC
ocds-dgv273-seacev3-2026-1227-4,ocds-dgv273-seacev3-2026-1227-4-2026-03-15T10:15:12.711891-05:00,1188602,21204039,15101506,Gasolina o Petróleo,UNSPSC
ocds-dgv273-seacev3-1191164,ocds-dgv273-seacev3-1191164-2026-03-15T10:15:12.678075-05:00,1191164,21210637,91111603,Servicios de cocina o preparación de comidas,UNSPSC
ocds-dgv273-seacev3-1191866,ocds-dgv273-seacev3-1191866-2026-03-15T10:15:12.638902-05:00,1191866,21212243,77101805,Servicios de control de calidad ambiental,UNSPSC
ocds-dgv273-seacev3-1191138,ocds-dgv273-seacev3-1191138-2026-03-15T10:15:11.838578-05:00,1191138,21210606,10161503,Cacaos,UNSPSC
ocds-dgv273-seacev3-1187435,ocds-dgv273-seacev3-1187435-2026-03-15T10:15:10.863587-05:00,1187435,21201215,77101805,Servicios de control de calidad ambiental,UNSPSC
ocds-dgv273-seacev3-1187843,ocds-dgv273-seacev3-1187843-2026-03-15T10:15:10.780719-05:00,1187843,21201967,50421827,Pallares secos,UNSPSC
ocds-dgv273-seacev3-1187780,ocds-dgv273-seacev3-1187780-2026-03-15T10:15:10.622873-05:00,1187780,21201852,80131502,Alquiler de instalaciones comerciales o industriales,UNSPSC
ocds-dgv273-seacev3-1188053,ocds-dgv273-seacev3-1188053-2026-03-15T10:15:10.566772-05:00,1188053,21202705,84131503,Seguro de automóviles o camiones,UNSPSC
ocds-dgv273-seacev3-1188053,ocds-dgv273-seacev3-1188053-2026-03-15T10:15:10.566772-05:00,1188053,21202706,84131510,Seguro contra todo riesgo del Contratista,UNSPSC
ocds-dgv273-seacev3-1187216,ocds-dgv273-seacev3-1187216-2026-03-15T10:15:10.503330-05:00,1187216,21198358,30111601,Cemento,UNSPSC
ocds-dgv273-seacev3-1187244,ocds-dgv273-seacev3-1187244-2026-03-15T10:15:10.416665-05:00,1187244,21200811,77101805,Servicios de control de calidad ambiental,UNSPSC
ocds-dgv273-seacev3-1186687,ocds-dgv273-seacev3-1186687-2026-03-15T10:15:10.302192-05:00,1186687,21197968,41106304,Kits de cuantificación de ácido ribonucleico mensajero (ARNm) por reacción en cadena de la polimerasa (PCR),UNSPSC
ocds-dgv273-seacev3-2026-1268-1,ocds-dgv273-seacev3-2026-1268-1-2026-03-15T10:15:10.286763-05:00,1186407,21197781,15101505,Diesel,UNSPSC
ocds-dgv273-seacev3-1186806,ocds-dgv273-seacev3-1186806-2026-03-15T10:15:10.207064-05:00,1186806,21198028,81101515,Ingeniería de infraestructura de plantas o instalaciones,UNSPSC
ocds-dgv273-seacev3-2026-188-1,ocds-dgv273-seacev3-2026-188-1-2026-03-15T10:15:09.779878-05:00,1187581,21201562,50131702,Leche o productos de mantequilla estables sin refrigerar,UNSPSC
ocds-dgv273-seacev3-1187548,ocds-dgv273-seacev3-1187548-2026-03-15T10:15:09.737304-05:00,1187548,21201379,77101805,Servicios de control de calidad ambiental,UNSPSC
ocds-dgv273-seacev3-1187203,ocds-dgv273-seacev3-1187203-2026-03-15T10:15:09.666455-05:00,1187203,21200775,77101805,Servicios de control de calidad ambiental,UNSPSC
ocds-dgv273-seacev3-1186808,ocds-dgv273-seacev3-1186808-2026-03-15T10:15:09.533729-05:00,1186808,21198029,92101501,Servicios de vigilancia,UNSPSC
ocds-dgv273-seacev3-2026-1809-3,ocds-dgv273-seacev3-2026-1809-3-2026-03-15T10:15:09.506385-05:00,1186252,21197636,81101515,Ingeniería de infraestructura de plantas o instalaciones,UNSPSC
ocds-dgv273-seacev3-1187631,ocds-dgv273-seacev3-1187631-2026-03-15T10:15:09.399867-05:00,1187631,21201476,72121008,Servicios de construcción y remodelación de almacenes,UNSPSC
ocds-dgv273-seacev3-1191741,ocds-dgv273-seacev3-1191741-2026-03-15T10:15:04.796766-05:00,1191741,21211910,77101805,Servicios de control de calidad ambiental,UNSPSC
ocds-dgv273-seacev3-1189605,ocds-dgv273-seacev3-1189605-2026-03-15T10:15:04.560790-05:00,1189605,21206316,10121604,Alimento para aves,UNSPSC
ocds-dgv273-seacev3-2026-200430-4,ocds-dgv273-seacev3-2026-200430-4-2026-03-15T10:15:04.171357-05:00,1190833,21210049,10101703,Tilapias vivas,UNSPSC
ocds-dgv273-seacev3-2026-1206-2,ocds-dgv273-seacev3-2026-1206-2-2026-03-15T10:15:03.592815-05:00,1189628,21206401,15101505,Diesel,UNSPSC
ocds-dgv273-seacev3-1187294,ocds-dgv273-seacev3-1187294-2026-03-15T10:15:03.476717-05:00,1187294,21200861,72121102,Servicios de construcción de edificios comerciales y de oficinas prefabricadas,UNSPSC
ocds-dgv273-seacev3-1190232,ocds-dgv273-seacev3-1190232-2026-03-15T10:15:02.992928-05:00,1190232,21208287,77101805,Servicios de control de calidad ambiental,UNSPSC
ocds-dgv273-seacev3-1190228,ocds-dgv273-seacev3-1190228-2026-03-15T10:15:02.978820-05:00,1190228,21208276,77101805,Servicios de control de calidad ambiental,UNSPSC
ocds-dgv273-seacev3-1191799,ocds-dgv273-seacev3-1191799-2026-03-15T10:15:02.768987-05:00,1191799,21212280,77101805,Servicios de control de calidad ambiental,UNSPSC
ocds-dgv273-seacev3-1191454,ocds-dgv273-seacev3-1191454-2026-03-15T10:15:02.546059-05:00,1191454,21211427,77101805,Servicios de control de calidad ambiental,UNSPSC
ocds-dgv273-seacev3-1191350,ocds-dgv273-seacev3-1191350-2026-03-15T10:15:01.596027-05:00,1191350,21211175,77101805,Servicios de control de calidad ambiental,UNSPSC
ocds-dgv273-seacev3-1191876,ocds-dgv273-seacev3-1191876-2026-03-15T10:15:01.305980-05:00,1191876,21212413,77101805,Servicios de control de calidad ambiental,UNSPSC
ocds-dgv273-seacev3-1190242,ocds-dgv273-seacev3-1190242-2026-03-15T10:15:01.014523-05:00,1190242,21208309,77101805,Servicios de control de calidad ambiental,UNSPSC
ocds-dgv273-seacev3-2026-10249-35,ocds-dgv273-seacev3-2026-10249-35-2026-03-15T10:15:00.999606-05:00,1189769,21206820,93151502,Servicios de sistemas de control o información de entidades públicas,UNSPSC
ocds-dgv273-seacev3-1189813,ocds-dgv273-seacev3-1189813-2026-03-15T10:15:00.832456-05:00,1189813,21207393,81101706,Mantenimiento de equipo de laboratorio,UNSPSC
ocds-dgv273-seacev3-1189202,ocds-dgv273-seacev3-1189202-2026-03-15T10:15:00.679383-05:00,1189202,21205202,83111510,Servicio de respuesta de voz interactiva,UNSPSC
ocds-dgv273-seacev3-1195184,ocds-dgv273-seacev3-1195184-2026-03-15T10:15:00.338512-05:00,1195184,21220996,80101505,Desarrollo de objetivos o políticas corporativas,UNSPSC
ocds-dgv273-seacev3-1187480,ocds-dgv273-seacev3-1187480-2026-03-15T10:14:59.713816-05:00,1187480,21201067,77101805,Servicios de control de calidad ambiental,UNSPSC
ocds-dgv273-seacev3-2026-200322-7,ocds-dgv273-seacev3-2026-200322-7-2026-03-15T10:14:59.671482-05:00,1188632,21204118,72121403,Servicios de construcción de hospitales,UNSPSC
ocds-dgv273-seacev3-1188663,ocds-dgv273-seacev3-1188663-2026-03-15T10:14:59.646300-05:00,1188663,21204155,71112020,Servicios de video de fondo de pozo del registro de producción,UNSPSC
ocds-dgv273-seacev3-1187260,ocds-dgv273-seacev3-1187260-2026-03-15T10:14:59.630311-05:00,1187260,21200816,30111601,Cemento,UNSPSC
ocds-dgv273-seacev3-2026-747-7,ocds-dgv273-seacev3-2026-747-7-2026-03-15T10:14:59.569011-05:00,1188411,21203645,82121507,Impresión de formularios comerciales o papelería,UNSPSC
ocds-dgv273-seacev3-1188521,ocds-dgv273-seacev3-1188521-2026-03-15T10:14:59.518678-05:00,1188521,21203890,85101503,Servicio para administrar consultorios médicos,UNSPSC
ocds-dgv273-seacev3-1188142,ocds-dgv273-seacev3-1188142-2026-03-15T10:14:59.370849-05:00,1188142,21203140,72141003,Servicios de mantenimiento de pistas y carreteras,UNSPSC
ocds-dgv273-seacev3-2026-2364-49,ocds-dgv273-seacev3-2026-2364-49-2026-03-15T10:14:59.274344-05:00,1187309,21200887,80101504,Servicios de consultoría de planeamiento estratégico,UNSPSC
ocds-dgv273-seacev3-1188092,ocds-dgv273-seacev3-1188092-2026-03-15T10:14:59.244462-05:00,1188092,21202716,72153102,Servicios de construcción de campos deportivos interiores,UNSPSC
ocds-dgv273-seacev3-1189867,ocds-dgv273-seacev3-1189867-2026-03-15T10:14:59.163761-05:00,1189867,21207057,83121703,Servicios relacionados con Internet,UNSPSC
ocds-dgv273-seacev3-1187804,ocds-dgv273-seacev3-1187804-2026-03-15T10:14:59.145988-05:00,1187804,21202122,42311552,Cintas adhesivas médicas y quirúrgicas para el uso general,UNSPSC
ocds-dgv273-seacev3-1186715,ocds-dgv273-seacev3-1186715-2026-03-15T10:14:59.130375-05:00,1186715,21200319,72121408,Servicios de construcción de estadios,UNSPSC
ocds-dgv273-seacev3-2026-1288-7,ocds-dgv273-seacev3-2026-1288-7-2026-03-15T10:14:59.061007-05:00,1186518,21200133,72154013,Servicios de construcción de cercos,UNSPSC
ocds-dgv273-seacev3-1187207,ocds-dgv273-seacev3-1187207-2026-03-15T10:14:58.414338-05:00,1187207,21198342,77101805,Servicios de control de calidad ambiental,UNSPSC
ocds-dgv273-seacev3-1187837,ocds-dgv273-seacev3-1187837-2026-03-15T10:14:58.360256-05:00,1187837,21201958,72141105,Servicios de construcción y reparación de veredas,UNSPSC
ocds-dgv273-seacev3-2026-130903-2,ocds-dgv273-seacev3-2026-130903-2-2026-03-15T10:14:58.303445-05:00,1187772,21201775,50131702,Leche o productos de mantequilla estables sin refrigerar,UNSPSC
ocds-dgv273-seacev3-2026-1320-18,ocds-dgv273-seacev3-2026-1320-18-2026-03-15T10:14:58.223571-05:00,1187308,21200886,72141001,Servicios de construcción de pistas y carreteras nuevas,UNSPSC
ocds-dgv273-seacev3-1187393,ocds-dgv273-seacev3-1187393-2026-03-15T10:14:58.202731-05:00,1187393,21201016,77101805,Servicios de control de calidad ambiental,UNSPSC
ocds-dgv273-seacev3-1186928,ocds-dgv273-seacev3-1186928-2026-03-15T10:14:58.130756-05:00,1186928,21200482,77101805,Servicios de control de calidad ambiental,UNSPSC
ocds-dgv273-seacev3-1190084,ocds-dgv273-seacev3-1190084-2026-03-15T10:14:54.671425-05:00,1190084,21207799,72121102,Servicios de construcción de edificios comerciales y de oficinas prefabricadas,UNSPSC
ocds-dgv273-seacev3-1191450,ocds-dgv273-seacev3-1191450-2026-03-15T10:14:54.460468-05:00,1191450,21211391,77101805,Servicios de control de calidad ambiental,UNSPSC
ocds-dgv273-seacev3-2026-10249-36,ocds-dgv273-seacev3-2026-10249-36-2026-03-15T10:14:53.542396-05:00,1191817,21212303,78181505,Servicio de inspección de vehículos,UNSPSC
ocds-dgv273-seacev3-1191956,ocds-dgv273-seacev3-1191956-2026-03-15T10:14:53.346373-05:00,1191956,21212830,15111510,Gas de petróleo licuefactado,UNSPSC
ocds-dgv273-seacev3-1189708,ocds-dgv273-seacev3-1189708-2026-03-15T10:14:53.267936-05:00,1189708,21206756,78111808,Alquiler de vehículos,UNSPSC
ocds-dgv273-seacev3-1188863,ocds-dgv273-seacev3-1188863-2026-03-15T10:14:53.227348-05:00,1188863,21204597,25101601,Camiones volquete,UNSPSC
ocds-dgv273-seacev3-1188863,ocds-dgv273-seacev3-1188863-2026-03-15T10:14:53.227348-05:00,1188863,21204603,25101610,Camiones cisternas,UNSPSC
ocds-dgv273-seacev3-1188863,ocds-dgv273-seacev3-1188863-2026-03-15T10:14:53.227348-05:00,1188863,21204602,25181717,Remolque de plataforma baja,UNSPSC
ocds-dgv273-seacev3-1190121,ocds-dgv273-seacev3-1190121-2026-03-15T10:14:53.065204-05:00,1190121,21208047,41116106,Tiras o papeles para pruebas de productos químicos,UNSPSC
ocds-dgv273-seacev3-2026-10507-10,ocds-dgv273-seacev3-2026-10507-10-2026-03-15T10:14:53.051072-05:00,1189891,21207448,24111503,Bolsas de plástico,UNSPSC
ocds-dgv273-seacev3-1188700,ocds-dgv273-seacev3-1188700-2026-03-15T10:14:52.938139-05:00,1188700,21204234,72141003,Servicios de mantenimiento de pistas y carreteras,UNSPSC
ocds-dgv273-seacev3-1188700,ocds-dgv273-seacev3-1188700-2026-03-15T10:14:52.938139-05:00,1188700,21204233,72141003,Servicios de mantenimiento de pistas y carreteras,UNSPSC
ocds-dgv273-seacev3-1188700,ocds-dgv273-seacev3-1188700-2026-03-15T10:14:52.938139-05:00,1188700,21204232,72141003,Servicios de mantenimiento de pistas y carreteras,UNSPSC
ocds-dgv273-seacev3-1190197,ocds-dgv273-seacev3-1190197-2026-03-15T10:14:52.809117-05:00,1190197,21208251,77101805,Servicios de control de calidad ambiental,UNSPSC
ocds-dgv273-seacev3-1189528,ocds-dgv273-seacev3-1189528-2026-03-15T10:14:52.540077-05:00,1189528,21206134,72121403,Servicios de construcción de hospitales,UNSPSC
ocds-dgv273-seacev3-1189155,ocds-dgv273-seacev3-1189155-2026-03-15T10:14:52.526007-05:00,1189155,21205168,50121539,Pescado fresco,UNSPSC
ocds-dgv273-seacev3-1191539,ocds-dgv273-seacev3-1191539-2026-03-15T10:14:52.422943-05:00,1191539,21211558,77101805,Servicios de control de calidad ambiental,UNSPSC
ocds-dgv273-seacev3-1190239,ocds-dgv273-seacev3-1190239-2026-03-15T10:14:52.376755-05:00,1190239,21208490,77101805,Servicios de control de calidad ambiental,UNSPSC
ocds-dgv273-seacev3-1189901,ocds-dgv273-seacev3-1189901-2026-03-15T10:14:52.313690-05:00,1189901,21207455,72154013,Servicios de construcción de cercos,UNSPSC
ocds-dgv273-seacev3-1191802,ocds-dgv273-seacev3-1191802-2026-03-15T10:14:51.432694-05:00,1191802,21212282,77101805,Servicios de control de calidad ambiental,UNSPSC
ocds-dgv273-seacev3-1190251,ocds-dgv273-seacev3-1190251-2026-03-15T10:14:51.420538-05:00,1190251,21208318,77101805,Servicios de control de calidad ambiental,UNSPSC
ocds-dgv273-seacev3-1189995,ocds-dgv273-seacev3-1189995-2026-03-15T10:14:51.209457-05:00,1189995,21207618,80131502,Alquiler de instalaciones comerciales o industriales,UNSPSC
ocds-dgv273-seacev3-1187707,ocds-dgv273-seacev3-1187707-2026-03-15T10:14:50.018399-05:00,1187707,21201801,72141003,Servicios de mantenimiento de pistas y carreteras,UNSPSC
ocds-dgv273-seacev3-2026-2009-52,ocds-dgv273-seacev3-2026-2009-52-2026-03-15T10:14:49.881977-05:00,1189008,21204892,30111601,Cemento,UNSPSC
ocds-dgv273-seacev3-1189876,ocds-dgv273-seacev3-1189876-2026-03-15T10:14:49.428111-05:00,1189876,21207344,77101805,Servicios de control de calidad ambiental,UNSPSC
ocds-dgv273-seacev3-1189860,ocds-dgv273-seacev3-1189860-2026-03-15T10:14:49.414063-05:00,1189860,21207147,77101805,Servicios de control de calidad ambiental,UNSPSC
ocds-dgv273-seacev3-1191895,ocds-dgv273-seacev3-1191895-2026-03-15T10:14:49.317352-05:00,1191895,21212460,77101805,Servicios de control de calidad ambiental,UNSPSC
ocds-dgv273-seacev3-2026-10249-32,ocds-dgv273-seacev3-2026-10249-32-2026-03-15T10:14:48.850300-05:00,1190908,21210208,80121609,Servicios de investigación legal,UNSPSC
ocds-dgv273-seacev3-1187897,ocds-dgv273-seacev3-1187897-2026-03-15T10:14:48.459607-05:00,1187897,21202218,72154028,Servicios de instalación y mantenimiento de señales,UNSPSC
ocds-dgv273-seacev3-1187691,ocds-dgv273-seacev3-1187691-2026-03-15T10:14:48.436804-05:00,1187691,21201698,72141003,Servicios de mantenimiento de pistas y carreteras,UNSPSC
ocds-dgv273-seacev3-1187462,ocds-dgv273-seacev3-1187462-2026-03-15T10:14:48.308542-05:00,1187462,21201222,77101805,Servicios de control de calidad ambiental,UNSPSC
ocds-dgv273-seacev3-1187612,ocds-dgv273-seacev3-1187612-2026-03-15T10:14:47.719848-05:00,1187612,21201650,77101805,Servicios de control de calidad ambiental,UNSPSC
ocds-dgv273-seacev3-1187140,ocds-dgv273-seacev3-1187140-2026-03-15T10:14:47.705788-05:00,1187140,21200709,77101805,Servicios de control de calidad ambiental,UNSPSC
ocds-dgv273-seacev3-1186258,ocds-dgv273-seacev3-1186258-2026-03-15T10:14:47.647162-05:00,1186258,21199783,72141121,Servicios de construcción de tuberías principales de agua,UNSPSC
ocds-dgv273-seacev3-2026-850-5,ocds-dgv273-seacev3-2026-850-5-2026-03-15T10:14:47.602666-05:00,1186705,21200297,11111611,Grava,UNSPSC
ocds-dgv273-seacev3-1190450,ocds-dgv273-seacev3-1190450-2026-03-15T10:14:47.585978-05:00,1190450,21209009,72141107,Servicios de construcción y reparación de puentes,UNSPSC
ocds-dgv273-seacev3-1187352,ocds-dgv273-seacev3-1187352-2026-03-15T10:14:47.268557-05:00,1187352,21200990,50121538,Pescado estable sin refrigerar,UNSPSC
ocds-dgv273-seacev3-2026-1731-5,ocds-dgv273-seacev3-2026-1731-5-2026-03-15T10:14:46.956207-05:00,1187602,21201633,11111611,Grava,UNSPSC
ocds-dgv273-seacev3-2026-49-60,ocds-dgv273-seacev3-2026-49-60-2026-03-15T10:14:46.846169-05:00,1186879,21200444,15101505,Diesel,UNSPSC
ocds-dgv273-seacev3-2026-1995-79,ocds-dgv273-seacev3-2026-1995-79-2026-03-15T10:14:42.515621-05:00,1188307,21202894,92101501,Servicios de vigilancia,UNSPSC
ocds-dgv273-seacev3-2026-1160-5,ocds-dgv273-seacev3-2026-1160-5-2026-03-15T10:14:42.456103-05:00,1191552,21211635,50192109,"Papas fritas en hojuelas y al hilo, mix de bocaditos o galletas saladas",UNSPSC
ocds-dgv273-seacev3-2026-1160-5,ocds-dgv273-seacev3-2026-1160-5-2026-03-15T10:14:42.456103-05:00,1191552,21211636,50131702,Leche o productos de mantequilla estables sin refrigerar,UNSPSC
ocds-dgv273-seacev3-2026-200145-1,ocds-dgv273-seacev3-2026-200145-1-2026-03-15T10:14:41.817557-05:00,1191347,21211176,72121411,Servicio de construcción de centros para convenciones,UNSPSC
ocds-dgv273-seacev3-1191666,ocds-dgv273-seacev3-1191666-2026-03-15T10:14:41.724523-05:00,1191666,21211814,77101805,Servicios de control de calidad ambiental,UNSPSC
ocds-dgv273-seacev3-1189723,ocds-dgv273-seacev3-1189723-2026-03-15T10:14:41.526886-05:00,1189723,21206761,30131602,Ladrillos de cerámica,UNSPSC
ocds-dgv273-seacev3-1190245,ocds-dgv273-seacev3-1190245-2026-03-15T10:14:41.447747-05:00,1190245,21208312,77101805,Servicios de control de calidad ambiental,UNSPSC
ocds-dgv273-seacev3-1189883,ocds-dgv273-seacev3-1189883-2026-03-15T10:14:40.936499-05:00,1189883,21207162,42121802,Instrumentos de recogida de semen de uso veterinario,UNSPSC
ocds-dgv273-seacev3-1190199,ocds-dgv273-seacev3-1190199-2026-03-15T10:14:40.477872-05:00,1190199,21208250,77101805,Servicios de control de calidad ambiental,UNSPSC
ocds-dgv273-seacev3-1191088,ocds-dgv273-seacev3-1191088-2026-03-15T10:14:40.436703-05:00,1191088,21210503,15101506,Gasolina o Petróleo,UNSPSC
ocds-dgv273-seacev3-1191885,ocds-dgv273-seacev3-1191885-2026-03-15T10:14:40.050562-05:00,1191885,21212386,77101805,Servicios de control de calidad ambiental,UNSPSC
ocds-dgv273-seacev3-1191787,ocds-dgv273-seacev3-1191787-2026-03-15T10:14:39.792240-05:00,1191787,21212300,77101805,Servicios de control de calidad ambiental,UNSPSC
ocds-dgv273-seacev3-1191875,ocds-dgv273-seacev3-1191875-2026-03-15T10:14:39.637150-05:00,1191875,21212412,77101805,Servicios de control de calidad ambiental,UNSPSC
ocds-dgv273-seacev3-1191867,ocds-dgv273-seacev3-1191867-2026-03-15T10:14:39.623211-05:00,1191867,21212404,77101805,Servicios de control de calidad ambiental,UNSPSC
ocds-dgv273-seacev3-1191947,ocds-dgv273-seacev3-1191947-2026-03-15T10:14:39.322970-05:00,1191947,21212828,24111503,Bolsas de plástico,UNSPSC
ocds-dgv273-seacev3-2026-1584-35,ocds-dgv273-seacev3-2026-1584-35-2026-03-15T10:14:39.263672-05:00,1191584,21211690,15101505,Diesel,UNSPSC
ocds-dgv273-seacev3-2026-1584-35,ocds-dgv273-seacev3-2026-1584-35-2026-03-15T10:14:39.263672-05:00,1191584,21211692,15101506,Gasolina o Petróleo,UNSPSC
ocds-dgv273-seacev3-2026-1584-35,ocds-dgv273-seacev3-2026-1584-35-2026-03-15T10:14:39.263672-05:00,1191584,21211691,15101506,Gasolina o Petróleo,UNSPSC
ocds-dgv273-seacev3-1191809,ocds-dgv273-seacev3-1191809-2026-03-15T10:14:39.166164-05:00,1191809,21212295,77101805,Servicios de control de calidad ambiental,UNSPSC
ocds-dgv273-seacev3-1194376,ocds-dgv273-seacev3-1194376-2026-03-15T10:14:38.403488-05:00,1194376,21218919,72101507,Servicio de mantenimiento de edificios,UNSPSC
ocds-dgv273-seacev3-1191942,ocds-dgv273-seacev3-1191942-2026-03-15T10:14:38.196707-05:00,1191942,21212578,80131502,Alquiler de instalaciones comerciales o industriales,UNSPSC
ocds-dgv273-seacev3-1189941,ocds-dgv273-seacev3-1189941-2026-03-15T10:14:38.107579-05:00,1189941,21207505,77101805,Servicios de control de calidad ambiental,UNSPSC
ocds-dgv273-seacev3-1188448,ocds-dgv273-seacev3-1188448-2026-03-15T10:14:37.052937-05:00,1188448,21203527,80131502,Alquiler de instalaciones comerciales o industriales,UNSPSC
ocds-dgv273-seacev3-1187821,ocds-dgv273-seacev3-1187821-2026-03-15T10:14:37.034193-05:00,1187821,21201938,42291607,Gasas o curetas quirúrgicas,UNSPSC
ocds-dgv273-seacev3-1187503,ocds-dgv273-seacev3-1187503-2026-03-15T10:14:37.020044-05:00,1187503,21201294,77101805,Servicios de control de calidad ambiental,UNSPSC
ocds-dgv273-seacev3-1187135,ocds-dgv273-seacev3-1187135-2026-03-15T10:14:36.808560-05:00,1187135,21200713,12141903,Nitrógeno (N),UNSPSC
ocds-dgv273-seacev3-1187838,ocds-dgv273-seacev3-1187838-2026-03-15T10:14:36.719011-05:00,1187838,21201959,80131502,Alquiler de instalaciones comerciales o industriales,UNSPSC
ocds-dgv273-seacev3-2026-270-47,ocds-dgv273-seacev3-2026-270-47-2026-03-15T10:14:36.595621-05:00,1188989,21204792,72121505,Servicios de construcción de plantas para tratamiento de aguas residuales y aguas servidas,UNSPSC
ocds-dgv273-seacev3-1187532,ocds-dgv273-seacev3-1187532-2026-03-15T10:14:36.464213-05:00,1187532,21201384,77101805,Servicios de control de calidad ambiental,UNSPSC
ocds-dgv273-seacev3-1185826,ocds-dgv273-seacev3-1185826-2026-03-15T10:14:36.115219-05:00,1185826,21197230,30102403,Varillas de hierro,UNSPSC
ocds-dgv273-seacev3-1187855,ocds-dgv273-seacev3-1187855-2026-03-15T10:14:35.681757-05:00,1187855,21202208,85101503,Servicio para administrar consultorios médicos,UNSPSC
ocds-dgv273-seacev3-2026-1731-11,ocds-dgv273-seacev3-2026-1731-11-2026-03-15T10:14:35.585120-05:00,1186775,21200367,30111801,Agregado natural,UNSPSC
ocds-dgv273-seacev3-1187213,ocds-dgv273-seacev3-1187213-2026-03-15T10:14:35.542552-05:00,1187213,21198350,77101805,Servicios de control de calidad ambiental,UNSPSC
ocds-dgv273-seacev3-1187158,ocds-dgv273-seacev3-1187158-2026-03-15T10:14:35.528647-05:00,1187158,21198304,77101805,Servicios de control de calidad ambiental,UNSPSC
ocds-dgv273-seacev3-1187113,ocds-dgv273-seacev3-1187113-2026-03-15T10:14:35.514736-05:00,1187113,21200704,77101805,Servicios de control de calidad ambiental,UNSPSC
ocds-dgv273-seacev3-2026-1731-21,ocds-dgv273-seacev3-2026-1731-21-2026-03-15T10:14:35.411910-05:00,1186803,21198025,30111601,Cemento,UNSPSC
ocds-dgv273-seacev3-2026-1788-1,ocds-dgv273-seacev3-2026-1788-1-2026-03-15T10:14:35.397162-05:00,1186666,21200274,50221101,Granos de cereal,UNSPSC
ocds-dgv273-seacev3-1187639,ocds-dgv273-seacev3-1187639-2026-03-15T10:14:35.383222-05:00,1187639,21201647,77101805,Servicios de control de calidad ambiental,UNSPSC
ocds-dgv273-seacev3-1187636,ocds-dgv273-seacev3-1187636-2026-03-15T10:14:34.909140-05:00,1187636,21201481,77101805,Servicios de control de calidad ambiental,UNSPSC
ocds-dgv273-seacev3-1191677,ocds-dgv273-seacev3-1191677-2026-03-15T10:14:30.949812-05:00,1191677,21211860,30111601,Cemento,UNSPSC
ocds-dgv273-seacev3-2026-270-28,ocds-dgv273-seacev3-2026-270-28-2026-03-15T10:14:30.727698-05:00,1188993,21204913,72141204,Servicios de construcción de muelles,UNSPSC
ocds-dgv273-seacev3-2026-10249-39,ocds-dgv273-seacev3-2026-10249-39-2026-03-15T10:14:30.443970-05:00,1191882,21212240,80101601,Estudios de factibilidad o evaluación de ideas de proyectos,UNSPSC
ocds-dgv273-seacev3-1189424,ocds-dgv273-seacev3-1189424-2026-03-15T10:14:30.343523-05:00,1189424,21205865,77101805,Servicios de control de calidad ambiental,UNSPSC
ocds-dgv273-seacev3-1191308,ocds-dgv273-seacev3-1191308-2026-03-15T10:14:30.169290-05:00,1191308,21211031,78111808,Alquiler de vehículos,UNSPSC
ocds-dgv273-seacev3-1190992,ocds-dgv273-seacev3-1190992-2026-03-15T10:14:30.121738-05:00,1190992,21210386,78101805,Servicio de alquiler de camión pipa y tráiler,UNSPSC
ocds-dgv273-seacev3-1189104,ocds-dgv273-seacev3-1189104-2026-03-15T10:14:29.980161-05:00,1189104,21205022,72141502,Servicio de evaluación de pre-construcción en terrenos,UNSPSC
ocds-dgv273-seacev3-2026-746-2,ocds-dgv273-seacev3-2026-746-2-2026-03-15T10:14:29.651185-05:00,1188894,21204829,82121507,Impresión de formularios comerciales o papelería,UNSPSC
ocds-dgv273-seacev3-1189711,ocds-dgv273-seacev3-1189711-2026-03-15T10:14:29.414876-05:00,1189711,21206565,30131602,Ladrillos de cerámica,UNSPSC
ocds-dgv273-seacev3-1191523,ocds-dgv273-seacev3-1191523-2026-03-15T10:14:29.347123-05:00,1191523,21211478,77101805,Servicios de control de calidad ambiental,UNSPSC
ocds-dgv273-seacev3-1184439,ocds-dgv273-seacev3-1184439-2026-03-15T10:14:28.960565-05:00,1184439,21194354,25101507,Camiones ligeros o vehículos de utilidad deportiva,UNSPSC
ocds-dgv273-seacev3-1191419,ocds-dgv273-seacev3-1191419-2026-03-15T10:14:28.900732-05:00,1191419,21211301,42271701,Cilindros de gas médicos o dispositivos relacionados,UNSPSC
ocds-dgv273-seacev3-2026-90-1,ocds-dgv273-seacev3-2026-90-1-2026-03-15T10:14:28.261596-05:00,1187451,21201046,50131702,Leche o productos de mantequilla estables sin refrigerar,UNSPSC
ocds-dgv273-seacev3-1189828,ocds-dgv273-seacev3-1189828-2026-03-15T10:14:28.089031-05:00,1189828,21207098,77101805,Servicios de control de calidad ambiental,UNSPSC
ocds-dgv273-seacev3-1190168,ocds-dgv273-seacev3-1190168-2026-03-15T10:14:27.769131-05:00,1190168,21208407,77101805,Servicios de control de calidad ambiental,UNSPSC
ocds-dgv273-seacev3-2026-1609-1,ocds-dgv273-seacev3-2026-1609-1-2026-03-15T10:14:25.975598-05:00,1187400,21201001,15101505,Diesel,UNSPSC
ocds-dgv273-seacev3-2026-42031-9,ocds-dgv273-seacev3-2026-42031-9-2026-03-15T10:14:25.961426-05:00,1187217,21198356,81141504,Calibración o reparación de equipos de prueba,UNSPSC
ocds-dgv273-seacev3-2026-10438-3,ocds-dgv273-seacev3-2026-10438-3-2026-03-15T10:14:25.738922-05:00,1187404,21201166,15101505,Diesel,UNSPSC
ocds-dgv273-seacev3-1188320,ocds-dgv273-seacev3-1188320-2026-03-15T10:14:25.644758-05:00,1188320,21203363,81112208,Mantenimiento del software de protección y seguridad,UNSPSC
ocds-dgv273-seacev3-1187149,ocds-dgv273-seacev3-1187149-2026-03-15T10:14:25.623731-05:00,1187149,21200716,77101805,Servicios de control de calidad ambiental,UNSPSC
ocds-dgv273-seacev3-1186977,ocds-dgv273-seacev3-1186977-2026-03-15T10:14:25.599602-05:00,1186977,21198171,77101805,Servicios de control de calidad ambiental,UNSPSC
ocds-dgv273-seacev3-1187950,ocds-dgv273-seacev3-1187950-2026-03-15T10:14:25.486053-05:00,1187950,21202042,80131502,Alquiler de instalaciones comerciales o industriales,UNSPSC
ocds-dgv273-seacev3-2026-200130-4,ocds-dgv273-seacev3-2026-200130-4-2026-03-15T10:14:25.478936-05:00,1187034,21200623,15101505,Diesel,UNSPSC
ocds-dgv273-seacev3-1187179,ocds-dgv273-seacev3-1187179-2026-03-15T10:14:24.784286-05:00,1187179,21198323,77101805,Servicios de control de calidad ambiental,UNSPSC
ocds-dgv273-seacev3-2026-1485-1,ocds-dgv273-seacev3-2026-1485-1-2026-03-15T10:14:24.664483-05:00,1186380,21199931,72141121,Servicios de construcción de tuberías principales de agua,UNSPSC
ocds-dgv273-seacev3-2026-2356-6,ocds-dgv273-seacev3-2026-2356-6-2026-03-15T10:14:24.649420-05:00,1187764,21201757,41112504,Medidor de agua,UNSPSC
ocds-dgv273-seacev3-1187559,ocds-dgv273-seacev3-1187559-2026-03-15T10:14:24.593079-05:00,1187559,21201551,77101805,Servicios de control de calidad ambiental,UNSPSC
ocds-dgv273-seacev3-1187644,ocds-dgv273-seacev3-1187644-2026-03-15T10:14:24.179757-05:00,1187644,21201651,77101805,Servicios de control de calidad ambiental,UNSPSC
ocds-dgv273-seacev3-1187641,ocds-dgv273-seacev3-1187641-2026-03-15T10:14:24.165769-05:00,1187641,21201484,77101805,Servicios de control de calidad ambiental,UNSPSC
ocds-dgv273-seacev3-1190837,ocds-dgv273-seacev3-1190837-2026-03-15T10:14:19.632613-05:00,1190837,21210053,50131702,Leche o productos de mantequilla estables sin refrigerar,UNSPSC
ocds-dgv273-seacev3-1190204,ocds-dgv273-seacev3-1190204-2026-03-15T10:14:19.142943-05:00,1190204,21208446,77101805,Servicios de control de calidad ambiental,UNSPSC
ocds-dgv273-seacev3-1190739,ocds-dgv273-seacev3-1190739-2026-03-15T10:14:18.990618-05:00,1190739,21209836,80101505,Desarrollo de objetivos o políticas corporativas,UNSPSC
ocds-dgv273-seacev3-1190220,ocds-dgv273-seacev3-1190220-2026-03-15T10:14:18.860393-05:00,1190220,21208258,77101805,Servicios de control de calidad ambiental,UNSPSC
ocds-dgv273-seacev3-1190211,ocds-dgv273-seacev3-1190211-2026-03-15T10:14:18.695949-05:00,1190211,21208474,77101805,Servicios de control de calidad ambiental,UNSPSC
ocds-dgv273-seacev3-1189866,ocds-dgv273-seacev3-1189866-2026-03-15T10:14:18.512819-05:00,1189866,21207053,77101805,Servicios de control de calidad ambiental,UNSPSC
ocds-dgv273-seacev3-2026-1279-2,ocds-dgv273-seacev3-2026-1279-2-2026-03-15T10:14:18.471064-05:00,1189568,21206375,15101505,Diesel,UNSPSC
ocds-dgv273-seacev3-2026-1279-2,ocds-dgv273-seacev3-2026-1279-2-2026-03-15T10:14:18.471064-05:00,1189568,21206374,15101506,Gasolina o Petróleo,UNSPSC
ocds-dgv273-seacev3-2026-1279-2,ocds-dgv273-seacev3-2026-1279-2-2026-03-15T10:14:18.471064-05:00,1189568,21206373,15101506,Gasolina o Petróleo,UNSPSC
ocds-dgv273-seacev3-1188245,ocds-dgv273-seacev3-1188245-2026-03-15T10:14:18.463495-05:00,1188245,21203246,85121601,Servicios ginecológicos u obstétricos,UNSPSC
ocds-dgv273-seacev3-2026-1003042270-1,ocds-dgv273-seacev3-2026-1003042270-1-2026-03-15T10:14:18.330489-05:00,1191194,21210807,15111510,Gas de petróleo licuefactado,UNSPSC
ocds-dgv273-seacev3-1191814,ocds-dgv273-seacev3-1191814-2026-03-15T10:14:18.116450-05:00,1191814,21212299,77101805,Servicios de control de calidad ambiental,UNSPSC
ocds-dgv273-seacev3-1191596,ocds-dgv273-seacev3-1191596-2026-03-15T10:14:17.534121-05:00,1191596,21211754,80131505,Servicio de alquiler de oficina modular o portátil,UNSPSC
ocds-dgv273-seacev3-2026-2009-72,ocds-dgv273-seacev3-2026-2009-72-2026-03-15T10:14:17.033433-05:00,1190914,21210215,30111601,Cemento,UNSPSC
ocds-dgv273-seacev3-1191788,ocds-dgv273-seacev3-1191788-2026-03-15T10:14:16.773089-05:00,1191788,21212200,77101805,Servicios de control de calidad ambiental,UNSPSC
ocds-dgv273-seacev3-1187364,ocds-dgv273-seacev3-1187364-2026-03-15T10:14:16.442499-05:00,1187364,21200975,83121703,Servicios relacionados con Internet,UNSPSC
ocds-dgv273-seacev3-1190431,ocds-dgv273-seacev3-1190431-2026-03-15T10:14:16.369133-05:00,1190431,21208914,21101901,Ordeñadoras,UNSPSC
ocds-dgv273-seacev3-1188673,ocds-dgv273-seacev3-1188673-2026-03-15T10:14:16.270849-05:00,1188673,21204182,30111601,Cemento,UNSPSC
ocds-dgv273-seacev3-1189902,ocds-dgv273-seacev3-1189902-2026-03-15T10:14:16.156884-05:00,1189902,21207373,77101805,Servicios de control de calidad ambiental,UNSPSC
ocds-dgv273-seacev3-2026-1216-4,ocds-dgv273-seacev3-2026-1216-4-2026-03-15T10:14:16.103053-05:00,1188274,21203256,15101505,Diesel,UNSPSC
ocds-dgv273-seacev3-2026-10249-34,ocds-dgv273-seacev3-2026-10249-34-2026-03-15T10:14:16.032026-05:00,1189538,21206206,80111601,Asistencia administrativa o de oficina temporal,UNSPSC
ocds-dgv273-seacev3-2026-807-2,ocds-dgv273-seacev3-2026-807-2-2026-03-15T10:14:15.357480-05:00,1189414,21205784,83121703,Servicios relacionados con Internet,UNSPSC
ocds-dgv273-seacev3-1187919,ocds-dgv273-seacev3-1187919-2026-03-15T10:14:14.777710-05:00,1187919,21201998,15101505,Diesel,UNSPSC
ocds-dgv273-seacev3-1187919,ocds-dgv273-seacev3-1187919-2026-03-15T10:14:14.777710-05:00,1187919,21201999,15101506,Gasolina o Petróleo,UNSPSC
ocds-dgv273-seacev3-2026-200377-1,ocds-dgv273-seacev3-2026-200377-1-2026-03-15T10:14:14.653618-05:00,1187423,21201199,50131702,Leche o productos de mantequilla estables sin refrigerar,UNSPSC
ocds-dgv273-seacev3-2026-200377-1,ocds-dgv273-seacev3-2026-200377-1-2026-03-15T10:14:14.653618-05:00,1187423,21201200,50192109,"Papas fritas en hojuelas y al hilo, mix de bocaditos o galletas saladas",UNSPSC
ocds-dgv273-seacev3-2026-1645-1,ocds-dgv273-seacev3-2026-1645-1-2026-03-15T10:14:14.517885-05:00,1187819,21202115,15101505,Diesel,UNSPSC
ocds-dgv273-seacev3-1188987,ocds-dgv273-seacev3-1188987-2026-03-15T10:14:14.469091-05:00,1188987,21204895,72153102,Servicios de construcción de campos deportivos interiores,UNSPSC
ocds-dgv273-seacev3-2026-878-4,ocds-dgv273-seacev3-2026-878-4-2026-03-15T10:14:14.371554-05:00,1188130,21202729,78101805,Servicio de alquiler de camión pipa y tráiler,UNSPSC
ocds-dgv273-seacev3-1188696,ocds-dgv273-seacev3-1188696-2026-03-15T10:14:14.239271-05:00,1188696,21204249,72121403,Servicios de construcción de hospitales,UNSPSC
ocds-dgv273-seacev3-2026-2436-12,ocds-dgv273-seacev3-2026-2436-12-2026-03-15T10:14:14.168817-05:00,1187795,21201930,81112501,Servicio de licencias para software de computadoras,UNSPSC
ocds-dgv273-seacev3-1188164,ocds-dgv273-seacev3-1188164-2026-03-15T10:14:14.133573-05:00,1188164,21202763,30111601,Cemento,UNSPSC
ocds-dgv273-seacev3-1186995,ocds-dgv273-seacev3-1186995-2026-03-15T10:14:14.105095-05:00,1186995,21200601,77101805,Servicios de control de calidad ambiental,UNSPSC
ocds-dgv273-seacev3-1186336,ocds-dgv273-seacev3-1186336-2026-03-15T10:14:13.831095-05:00,1186336,21197722,80101604,Administración o planificación de proyectos,UNSPSC
ocds-dgv273-seacev3-1187597,ocds-dgv273-seacev3-1187597-2026-03-15T10:14:13.463983-05:00,1187597,21201618,77101805,Servicios de control de calidad ambiental,UNSPSC
ocds-dgv273-seacev3-1187613,ocds-dgv273-seacev3-1187613-2026-03-15T10:14:13.449261-05:00,1187613,21201529,72121406,Servicios de construcción de escuelas,UNSPSC
ocds-dgv273-seacev3-1187093,ocds-dgv273-seacev3-1187093-2026-03-15T10:14:13.425878-05:00,1187093,21198276,15101505,Diesel,UNSPSC
ocds-dgv273-seacev3-1187093,ocds-dgv273-seacev3-1187093-2026-03-15T10:14:13.425878-05:00,1187093,21198275,15101506,Gasolina o Petróleo,UNSPSC
ocds-dgv273-seacev3-1187176,ocds-dgv273-seacev3-1187176-2026-03-15T10:14:13.366954-05:00,1187176,21198328,77101805,Servicios de control de calidad ambiental,UNSPSC
ocds-dgv273-seacev3-1187165,ocds-dgv273-seacev3-1187165-2026-03-15T10:14:13.352472-05:00,1187165,21198318,30111601,Cemento,UNSPSC
ocds-dgv273-seacev3-1186653,ocds-dgv273-seacev3-1186653-2026-03-15T10:14:13.270302-05:00,1186653,21197952,81101515,Ingeniería de infraestructura de plantas o instalaciones,UNSPSC
ocds-dgv273-seacev3-1187421,ocds-dgv273-seacev3-1187421-2026-03-15T10:14:13.038147-05:00,1187421,21201025,77101805,Servicios de control de calidad ambiental,UNSPSC
ocds-dgv273-seacev3-1186114,ocds-dgv273-seacev3-1186114-2026-03-15T10:14:12.825066-05:00,1186114,21197512,30111601,Cemento,UNSPSC
ocds-dgv273-seacev3-1187642,ocds-dgv273-seacev3-1187642-2026-03-15T10:14:12.710052-05:00,1187642,21201649,77101805,Servicios de control de calidad ambiental,UNSPSC
ocds-dgv273-seacev3-2026-1903-13,ocds-dgv273-seacev3-2026-1903-13-2026-03-13T10:13:26.255818-05:00,1190000,21207593,92101501,Servicios de vigilancia,UNSPSC
ocds-dgv273-seacev3-1189027,ocds-dgv273-seacev3-1189027-2026-03-13T10:12:43.979166-05:00,1189027,21204953,70151504,Servicios de administración forestal,UNSPSC
ocds-dgv273-seacev3-1191216,ocds-dgv273-seacev3-1191216-2026-03-12T10:14:59.531646-05:00,1191216,21210719,30111601,Cemento,UNSPSC
ocds-dgv273-seacev3-1189853,ocds-dgv273-seacev3-1189853-2026-03-12T10:14:57.677419-05:00,1189853,21207007,30111903,Lámina de malla de alambre,UNSPSC
ocds-dgv273-seacev3-2026-1374-3,ocds-dgv273-seacev3-2026-1374-3-2026-03-12T10:14:53.807155-05:00,1186688,21197969,72141001,Servicios de construcción de pistas y carreteras nuevas,UNSPSC
ocds-dgv273-seacev3-2026-307-15,ocds-dgv273-seacev3-2026-307-15-2026-03-12T10:14:53.745495-05:00,1186602,21197903,72141003,Servicios de mantenimiento de pistas y carreteras,UNSPSC
ocds-dgv273-seacev3-1187332,ocds-dgv273-seacev3-1187332-2026-03-12T10:14:53.512205-05:00,1187332,21200966,81101508,Ingeniería arquitectónica,UNSPSC
ocds-dgv273-seacev3-2026-10581-2,ocds-dgv273-seacev3-2026-10581-2-2026-03-12T10:14:53.497817-05:00,1186814,21198038,50111513,Carne de res mínimamente procesada sin aditivos,UNSPSC
ocds-dgv273-seacev3-2026-1593-31,ocds-dgv273-seacev3-2026-1593-31-2026-03-12T10:14:52.391156-05:00,1187672,21201691,15101505,Diesel,UNSPSC
ocds-dgv273-seacev3-2026-232-7,ocds-dgv273-seacev3-2026-232-7-2026-03-12T10:14:52.132707-05:00,1186479,21200098,72121406,Servicios de construcción de escuelas,UNSPSC
ocds-dgv273-seacev3-1190809,ocds-dgv273-seacev3-1190809-2026-03-12T10:14:46.205712-05:00,1190809,21210167,80131502,Alquiler de instalaciones comerciales o industriales,UNSPSC
ocds-dgv273-seacev3-1188984,ocds-dgv273-seacev3-1188984-2026-03-12T10:14:43.301749-05:00,1188984,21204777,72154013,Servicios de construcción de cercos,UNSPSC
ocds-dgv273-seacev3-2026-809-9,ocds-dgv273-seacev3-2026-809-9-2026-03-12T10:14:43.171832-05:00,1186700,21200294,30111601,Cemento,UNSPSC
ocds-dgv273-seacev3-2026-307-2,ocds-dgv273-seacev3-2026-307-2-2026-03-12T10:14:42.355159-05:00,1186613,21197917,72141003,Servicios de mantenimiento de pistas y carreteras,UNSPSC
ocds-dgv273-seacev3-2026-241-1,ocds-dgv273-seacev3-2026-241-1-2026-03-12T10:14:35.568675-05:00,1188554,21203946,72141121,Servicios de construcción de tuberías principales de agua,UNSPSC
ocds-dgv273-seacev3-1188986,ocds-dgv273-seacev3-1188986-2026-03-12T10:14:33.531253-05:00,1188986,21204783,72154013,Servicios de construcción de cercos,UNSPSC
ocds-dgv273-seacev3-1188470,ocds-dgv273-seacev3-1188470-2026-03-12T10:14:33.047765-05:00,1188470,21203684,53121603,Mochilas,UNSPSC
ocds-dgv273-seacev3-1186032,ocds-dgv273-seacev3-1186032-2026-03-12T10:14:31.487589-05:00,1186032,21197883,43211503,Computadora portatil,UNSPSC
ocds-dgv273-seacev3-1186032,ocds-dgv273-seacev3-1186032-2026-03-12T10:14:31.487589-05:00,1186032,21200198,43211503,Computadora portatil,UNSPSC
ocds-dgv273-seacev3-1186032,ocds-dgv273-seacev3-1186032-2026-03-12T10:14:31.487589-05:00,1186032,21197878,43211521,Computadora fija todo en uno,UNSPSC
ocds-dgv273-seacev3-1186032,ocds-dgv273-seacev3-1186032-2026-03-12T10:14:31.487589-05:00,1186032,21197873,43211521,Computadora fija todo en uno,UNSPSC
ocds-dgv273-seacev3-1186032,ocds-dgv273-seacev3-1186032-2026-03-12T10:14:31.487589-05:00,1186032,21197886,43211906,Pantallas de caracteres,UNSPSC
ocds-dgv273-seacev3-1186032,ocds-dgv273-seacev3-1186032-2026-03-12T10:14:31.487589-05:00,1186032,21197872,43212110,Impresoras multifuncionales,UNSPSC
ocds-dgv273-seacev3-2026-1333-4,ocds-dgv273-seacev3-2026-1333-4-2026-03-12T10:14:26.016307-05:00,1190071,21207791,72141128,Servicio de remodelación  y/o construcción de plazas públicas,UNSPSC
ocds-dgv273-seacev3-2026-200070-1,ocds-dgv273-seacev3-2026-200070-1-2026-03-12T10:14:25.696961-05:00,1191238,21210827,15101505,Diesel,UNSPSC
ocds-dgv273-seacev3-1190188,ocds-dgv273-seacev3-1190188-2026-03-12T10:14:25.230396-05:00,1190188,21208231,50131702,Leche o productos de mantequilla estables sin refrigerar,UNSPSC
ocds-dgv273-seacev3-1191671,ocds-dgv273-seacev3-1191671-2026-03-12T10:14:21.428477-05:00,1191671,21211859,81101510,Ingeniería de carreteras,UNSPSC
ocds-dgv273-seacev3-2026-1752-2,ocds-dgv273-seacev3-2026-1752-2-2026-03-12T10:14:20.726671-05:00,1187848,21201970,50221101,Granos de cereal,UNSPSC
ocds-dgv273-seacev3-2026-307-3,ocds-dgv273-seacev3-2026-307-3-2026-03-12T10:14:20.261790-05:00,1186565,21200184,72141003,Servicios de mantenimiento de pistas y carreteras,UNSPSC
ocds-dgv273-seacev3-2026-2356-7,ocds-dgv273-seacev3-2026-2356-7-2026-03-12T10:14:19.686084-05:00,1187481,21201066,41112504,Medidor de agua,UNSPSC
ocds-dgv273-seacev3-1186370,ocds-dgv273-seacev3-1186370-2026-03-12T10:14:19.537784-05:00,1186370,21197762,72141001,Servicios de construcción de pistas y carreteras nuevas,UNSPSC
ocds-dgv273-seacev3-1189772,ocds-dgv273-seacev3-1189772-2026-03-12T10:14:16.424845-05:00,1189772,21206642,70171602,Servicios de ensayos del agua,UNSPSC
ocds-dgv273-seacev3-2026-552-4,ocds-dgv273-seacev3-2026-552-4-2026-03-12T10:14:14.697133-05:00,1188338,21202913,50221101,Granos de cereal,UNSPSC
ocds-dgv273-seacev3-2026-1303-1,ocds-dgv273-seacev3-2026-1303-1-2026-03-12T10:14:10.552490-05:00,1185460,21198954,50192703,Comidas combinadas estables sin refrigerar,UNSPSC
ocds-dgv273-seacev3-2026-10466-18,ocds-dgv273-seacev3-2026-10466-18-2026-03-12T10:14:10.544737-05:00,1186730,21200333,85121701,Servicios de psicoterapeutas,UNSPSC
ocds-dgv273-seacev3-1187478,ocds-dgv273-seacev3-1187478-2026-03-12T10:14:09.602571-05:00,1187478,21201060,51191601,Dextrosa,UNSPSC
ocds-dgv273-seacev3-1187878,ocds-dgv273-seacev3-1187878-2026-03-12T10:14:09.251010-05:00,1187878,21202183,46182001,Máscaras o accesorios,UNSPSC
ocds-dgv273-seacev3-1187727,ocds-dgv273-seacev3-1187727-2026-03-12T10:14:09.182655-05:00,1187727,21201822,41115805,Analizadores de gases sanguíneos,UNSPSC
ocds-dgv273-seacev3-1187645,ocds-dgv273-seacev3-1187645-2026-03-12T10:14:09.148536-05:00,1187645,21201486,72151502,Servicios de instalación de sistemas de energía eléctrica,UNSPSC
ocds-dgv273-seacev3-2026-1129-1,ocds-dgv273-seacev3-2026-1129-1-2026-03-12T10:14:04.194839-05:00,1188458,21203670,30111601,Cemento,UNSPSC
ocds-dgv273-seacev3-1189842,ocds-dgv273-seacev3-1189842-2026-03-12T10:14:03.893372-05:00,1189842,21206941,30111903,Lámina de malla de alambre,UNSPSC
ocds-dgv273-seacev3-1188017,ocds-dgv273-seacev3-1188017-2026-03-12T10:14:01.922155-05:00,1188017,21202673,60141101,Juegos educativos,UNSPSC
ocds-dgv273-seacev3-1187147,ocds-dgv273-seacev3-1187147-2026-03-12T10:13:59.868440-05:00,1187147,21200723,80131502,Alquiler de instalaciones comerciales o industriales,UNSPSC
ocds-dgv273-seacev3-1188833,ocds-dgv273-seacev3-1188833-2026-03-12T10:13:59.846864-05:00,1188833,21204479,10171501,Estiércol o guano,UNSPSC
ocds-dgv273-seacev3-1188833,ocds-dgv273-seacev3-1188833-2026-03-12T10:13:59.846864-05:00,1188833,21204482,10171603,Fertilizante fosfático,UNSPSC
ocds-dgv273-seacev3-1188833,ocds-dgv273-seacev3-1188833-2026-03-12T10:13:59.846864-05:00,1188833,21204485,10191509,Insecticidas,UNSPSC
ocds-dgv273-seacev3-1188833,ocds-dgv273-seacev3-1188833-2026-03-12T10:13:59.846864-05:00,1188833,21204484,10191509,Insecticidas,UNSPSC
ocds-dgv273-seacev3-1188833,ocds-dgv273-seacev3-1188833-2026-03-12T10:13:59.846864-05:00,1188833,21204546,11111503,Tierra vegetal,UNSPSC
ocds-dgv273-seacev3-1188833,ocds-dgv273-seacev3-1188833-2026-03-12T10:13:59.846864-05:00,1188833,21204472,11162111,Malla,UNSPSC
ocds-dgv273-seacev3-1188833,ocds-dgv273-seacev3-1188833-2026-03-12T10:13:59.846864-05:00,1188833,21204477,20101601,Cribas,UNSPSC
ocds-dgv273-seacev3-1188833,ocds-dgv273-seacev3-1188833-2026-03-12T10:13:59.846864-05:00,1188833,21204483,12352302,Sales metálicas inorgánicas,UNSPSC
ocds-dgv273-seacev3-1188833,ocds-dgv273-seacev3-1188833-2026-03-12T10:13:59.846864-05:00,1188833,21204481,12352102,Compuestos orgánicos nitrados o nitrosados,UNSPSC
ocds-dgv273-seacev3-1188833,ocds-dgv273-seacev3-1188833-2026-03-12T10:13:59.846864-05:00,1188833,21204474,24141517,Película de polietileno,UNSPSC
ocds-dgv273-seacev3-1188833,ocds-dgv273-seacev3-1188833-2026-03-12T10:13:59.846864-05:00,1188833,21204473,30102904,Postes de madera,UNSPSC
ocds-dgv273-seacev3-1188833,ocds-dgv273-seacev3-1188833-2026-03-12T10:13:59.846864-05:00,1188833,21204471,30103603,Madera para uso estructural,UNSPSC
ocds-dgv273-seacev3-1188833,ocds-dgv273-seacev3-1188833-2026-03-12T10:13:59.846864-05:00,1188833,21204470,30103603,Madera para uso estructural,UNSPSC
ocds-dgv273-seacev3-1188833,ocds-dgv273-seacev3-1188833-2026-03-12T10:13:59.846864-05:00,1188833,21204475,31162006,Clavos de alambre,UNSPSC
ocds-dgv273-seacev3-1188833,ocds-dgv273-seacev3-1188833-2026-03-12T10:13:59.846864-05:00,1188833,21204476,40142007,Mangueras especiales,UNSPSC
ocds-dgv273-seacev3-1188833,ocds-dgv273-seacev3-1188833-2026-03-12T10:13:59.846864-05:00,1188833,21204478,47121804,"Cubos, baldes o tobos para limpieza",UNSPSC
ocds-dgv273-seacev3-1188833,ocds-dgv273-seacev3-1188833-2026-03-12T10:13:59.846864-05:00,1188833,21204480,56141503,Florero de cerámica,UNSPSC
ocds-dgv273-seacev3-1187474,ocds-dgv273-seacev3-1187474-2026-03-12T10:13:59.171242-05:00,1187474,21201271,51131603,Heparina sódica,UNSPSC
ocds-dgv273-seacev3-2026-307-14,ocds-dgv273-seacev3-2026-307-14-2026-03-12T10:13:59.015348-05:00,1186625,21200244,72141003,Servicios de mantenimiento de pistas y carreteras,UNSPSC
ocds-dgv273-seacev3-1186755,ocds-dgv273-seacev3-1186755-2026-03-12T10:13:59.002591-05:00,1186755,21200389,92101501,Servicios de vigilancia,UNSPSC
ocds-dgv273-seacev3-1191025,ocds-dgv273-seacev3-1191025-2026-03-11T10:13:30.524890-05:00,1191025,21210431,51211606,Flumazenil,UNSPSC
ocds-dgv273-seacev3-1190535,ocds-dgv273-seacev3-1190535-2026-03-11T10:13:30.133050-05:00,1190535,21209329,48101543,Cacerola recubierta para hervir de uso comercial,UNSPSC
ocds-dgv273-seacev3-1191515,ocds-dgv273-seacev3-1191515-2026-03-11T10:13:29.488983-05:00,1191515,21212342,77101805,Servicios de control de calidad ambiental,UNSPSC
ocds-dgv273-seacev3-1189704,ocds-dgv273-seacev3-1189704-2026-03-11T10:13:29.133135-05:00,1189704,21206521,82121504,Impresión tipográfica o serigrafía,UNSPSC
ocds-dgv273-seacev3-1189705,ocds-dgv273-seacev3-1189705-2026-03-11T10:13:29.026507-05:00,1189705,21206522,82121504,Impresión tipográfica o serigrafía,UNSPSC
ocds-dgv273-seacev3-1188175,ocds-dgv273-seacev3-1188175-2026-03-11T10:13:28.910507-05:00,1188175,21203184,80131502,Alquiler de instalaciones comerciales o industriales,UNSPSC
ocds-dgv273-seacev3-1191066,ocds-dgv273-seacev3-1191066-2026-03-11T10:13:26.336193-05:00,1191066,21210484,53111601,Zapatos para caballero,UNSPSC
ocds-dgv273-seacev3-2026-1947-164,ocds-dgv273-seacev3-2026-1947-164-2026-03-11T10:13:25.292496-05:00,1187170,21198320,82101603,Publicidad en Internet,UNSPSC
ocds-dgv273-seacev3-1187288,ocds-dgv273-seacev3-1187288-2026-03-11T10:13:25.225097-05:00,1187288,21198396,15101505,Diesel,UNSPSC
ocds-dgv273-seacev3-1188379,ocds-dgv273-seacev3-1188379-2026-03-11T10:13:25.007619-05:00,1188379,21203387,72141121,Servicios de construcción de tuberías principales de agua,UNSPSC
ocds-dgv273-seacev3-1187173,ocds-dgv273-seacev3-1187173-2026-03-11T10:13:24.744246-05:00,1187173,21198324,72141128,Servicio de remodelación  y/o construcción de plazas públicas,UNSPSC
ocds-dgv273-seacev3-1187907,ocds-dgv273-seacev3-1187907-2026-03-11T10:13:23.647732-05:00,1187907,21202234,15101505,Diesel,UNSPSC
ocds-dgv273-seacev3-2026-977-3,ocds-dgv273-seacev3-2026-977-3-2026-03-11T10:13:23.111801-05:00,1186907,21198116,50121538,Pescado estable sin refrigerar,UNSPSC
ocds-dgv273-seacev3-1190367,ocds-dgv273-seacev3-1190367-2026-03-11T10:13:19.223662-05:00,1190367,21208701,72141003,Servicios de mantenimiento de pistas y carreteras,UNSPSC
ocds-dgv273-seacev3-1188926,ocds-dgv273-seacev3-1188926-2026-03-11T10:13:16.771065-05:00,1188926,21204687,80131502,Alquiler de instalaciones comerciales o industriales,UNSPSC
ocds-dgv273-seacev3-1187476,ocds-dgv273-seacev3-1187476-2026-03-11T10:13:15.092257-05:00,1187476,21201057,81101508,Ingeniería arquitectónica,UNSPSC
ocds-dgv273-seacev3-1187811,ocds-dgv273-seacev3-1187811-2026-03-11T10:13:15.014836-05:00,1187811,21202134,50221108,Grano de arroz,UNSPSC
ocds-dgv273-seacev3-2026-252439-5,ocds-dgv273-seacev3-2026-252439-5-2026-03-11T10:13:13.264287-05:00,1186266,21199813,15111510,Gas de petróleo licuefactado,UNSPSC
ocds-dgv273-seacev3-1189175,ocds-dgv273-seacev3-1189175-2026-03-11T10:13:07.704878-05:00,1189175,21205223,11151508,Fibras de lana,UNSPSC
ocds-dgv273-seacev3-1190373,ocds-dgv273-seacev3-1190373-2026-03-11T10:13:04.101996-05:00,1190373,21208845,72141003,Servicios de mantenimiento de pistas y carreteras,UNSPSC
ocds-dgv273-seacev3-1187862,ocds-dgv273-seacev3-1187862-2026-03-11T10:13:03.427757-05:00,1187862,21201961,80131502,Alquiler de instalaciones comerciales o industriales,UNSPSC
ocds-dgv273-seacev3-1190428,ocds-dgv273-seacev3-1190428-2026-03-11T10:12:58.297528-05:00,1190428,21208909,72141003,Servicios de mantenimiento de pistas y carreteras,UNSPSC
ocds-dgv273-seacev3-1189854,ocds-dgv273-seacev3-1189854-2026-03-11T10:12:57.353977-05:00,1189854,21207121,39121602,Llaves de corte magnéticos,UNSPSC
ocds-dgv273-seacev3-1189854,ocds-dgv273-seacev3-1189854-2026-03-11T10:12:57.353977-05:00,1189854,21207025,39121602,Llaves de corte magnéticos,UNSPSC
ocds-dgv273-seacev3-1189854,ocds-dgv273-seacev3-1189854-2026-03-11T10:12:57.353977-05:00,1189854,21207113,32151705,Módulo de controladores lógicos programables,UNSPSC
ocds-dgv273-seacev3-1189854,ocds-dgv273-seacev3-1189854-2026-03-11T10:12:57.353977-05:00,1189854,21207112,41115318,Colorímetros,UNSPSC
ocds-dgv273-seacev3-1191804,ocds-dgv273-seacev3-1191804-2026-03-11T10:12:56.855217-05:00,1191804,21212195,77101805,Servicios de control de calidad ambiental,UNSPSC
ocds-dgv273-seacev3-1191711,ocds-dgv273-seacev3-1191711-2026-03-11T10:12:56.228448-05:00,1191711,21211879,77101805,Servicios de control de calidad ambiental,UNSPSC
ocds-dgv273-seacev3-1191464,ocds-dgv273-seacev3-1191464-2026-03-11T10:12:56.019620-05:00,1191464,21211452,77101805,Servicios de control de calidad ambiental,UNSPSC
ocds-dgv273-seacev3-1190048,ocds-dgv273-seacev3-1190048-2026-03-11T10:12:55.790189-05:00,1190048,21207918,80131502,Alquiler de instalaciones comerciales o industriales,UNSPSC
ocds-dgv273-seacev3-1190063,ocds-dgv273-seacev3-1190063-2026-03-11T10:12:55.608142-05:00,1190063,21207788,42291604,"Serruchos, seguetas o mangos de sierra quirúrgicos para huesos",UNSPSC
ocds-dgv273-seacev3-1190063,ocds-dgv273-seacev3-1190063-2026-03-11T10:12:55.608142-05:00,1190063,21207792,15121520,Lubricantes de uso general,UNSPSC
ocds-dgv273-seacev3-1190063,ocds-dgv273-seacev3-1190063-2026-03-11T10:12:55.608142-05:00,1190063,21207950,27112845,Juego de brocas,UNSPSC
ocds-dgv273-seacev3-1190063,ocds-dgv273-seacev3-1190063-2026-03-11T10:12:55.608142-05:00,1190063,21207920,27112845,Juego de brocas,UNSPSC
ocds-dgv273-seacev3-1190063,ocds-dgv273-seacev3-1190063-2026-03-11T10:12:55.608142-05:00,1190063,21207973,40141641,Válvula solenoide,UNSPSC
ocds-dgv273-seacev3-1190063,ocds-dgv273-seacev3-1190063-2026-03-11T10:12:55.608142-05:00,1190063,21207979,30264501,Barra estirada en frío de acero inoxidable de la serie SAE 200,UNSPSC
ocds-dgv273-seacev3-1190063,ocds-dgv273-seacev3-1190063-2026-03-11T10:12:55.608142-05:00,1190063,21207977,27112838,Disco de corte,UNSPSC
ocds-dgv273-seacev3-1190063,ocds-dgv273-seacev3-1190063-2026-03-11T10:12:55.608142-05:00,1190063,21207976,40142007,Mangueras especiales,UNSPSC
ocds-dgv273-seacev3-1190063,ocds-dgv273-seacev3-1190063-2026-03-11T10:12:55.608142-05:00,1190063,21207968,31161722,Tornillo de union,UNSPSC
ocds-dgv273-seacev3-1190063,ocds-dgv273-seacev3-1190063-2026-03-11T10:12:55.608142-05:00,1190063,21207962,31161727,Tuercas hexagonales,UNSPSC
ocds-dgv273-seacev3-1190063,ocds-dgv273-seacev3-1190063-2026-03-11T10:12:55.608142-05:00,1190063,21207970,26101513,Kit para reparación de motores,UNSPSC
ocds-dgv273-seacev3-1189594,ocds-dgv273-seacev3-1189594-2026-03-11T10:12:55.533774-05:00,1189594,21206284,30111505,Hormigón premezclado,UNSPSC
ocds-dgv273-seacev3-1189261,ocds-dgv273-seacev3-1189261-2026-03-11T10:12:55.420894-05:00,1189261,21205429,24111503,Bolsas de plástico,UNSPSC
ocds-dgv273-seacev3-1188026,ocds-dgv273-seacev3-1188026-2026-03-11T10:12:54.730892-05:00,1188026,21202660,72141213,Servicios de construcción de vías fluviales,UNSPSC
ocds-dgv273-seacev3-1191790,ocds-dgv273-seacev3-1191790-2026-03-11T10:12:54.628658-05:00,1191790,21212307,77101805,Servicios de control de calidad ambiental,UNSPSC
ocds-dgv273-seacev3-2026-1172-5,ocds-dgv273-seacev3-2026-1172-5-2026-03-11T10:12:52.169427-05:00,1186304,21199835,50221101,Granos de cereal,UNSPSC
ocds-dgv273-seacev3-1187654,ocds-dgv273-seacev3-1187654-2026-03-11T10:12:52.033768-05:00,1187654,21201499,84111503,Servicio de contabilidad fiscal,UNSPSC
ocds-dgv273-seacev3-2026-1495-1,ocds-dgv273-seacev3-2026-1495-1-2026-03-11T10:12:51.217651-05:00,1186661,21200268,50131702,Leche o productos de mantequilla estables sin refrigerar,UNSPSC
ocds-dgv273-seacev3-2026-1495-1,ocds-dgv273-seacev3-2026-1495-1-2026-03-11T10:12:51.217651-05:00,1186661,21200267,50221101,Granos de cereal,UNSPSC
ocds-dgv273-seacev3-1191519,ocds-dgv273-seacev3-1191519-2026-03-11T10:12:48.290597-05:00,1191519,21211497,77101805,Servicios de control de calidad ambiental,UNSPSC
ocds-dgv273-seacev3-2026-413-1,ocds-dgv273-seacev3-2026-413-1-2026-03-11T10:12:48.156790-05:00,1189230,21205342,30111903,Lámina de malla de alambre,UNSPSC
ocds-dgv273-seacev3-2026-1300-4,ocds-dgv273-seacev3-2026-1300-4-2026-03-11T10:12:47.661966-05:00,1190230,21208280,72153102,Servicios de construcción de campos deportivos interiores,UNSPSC
ocds-dgv273-seacev3-1191823,ocds-dgv273-seacev3-1191823-2026-03-11T10:12:46.332955-05:00,1191823,21212332,77101805,Servicios de control de calidad ambiental,UNSPSC
ocds-dgv273-seacev3-1188207,ocds-dgv273-seacev3-1188207-2026-03-11T10:12:46.277758-05:00,1188207,21202797,80131502,Alquiler de instalaciones comerciales o industriales,UNSPSC
ocds-dgv273-seacev3-1191486,ocds-dgv273-seacev3-1191486-2026-03-11T10:12:46.050678-05:00,1191486,21211460,77101805,Servicios de control de calidad ambiental,UNSPSC
ocds-dgv273-seacev3-2026-10579-5,ocds-dgv273-seacev3-2026-10579-5-2026-03-11T10:12:45.084382-05:00,1189049,21204932,85101503,Servicio para administrar consultorios médicos,UNSPSC
ocds-dgv273-seacev3-1188438,ocds-dgv273-seacev3-1188438-2026-03-11T10:12:42.555211-05:00,1188438,21203650,30121702,Geotextil,UNSPSC
ocds-dgv273-seacev3-1187017,ocds-dgv273-seacev3-1187017-2026-03-11T10:12:42.483049-05:00,1187017,21198202,72121408,Servicios de construcción de estadios,UNSPSC
ocds-dgv273-seacev3-2026-1339-1,ocds-dgv273-seacev3-2026-1339-1-2026-03-11T10:12:42.066005-05:00,1186052,21199566,10121801,Alimento seco para perros,UNSPSC
ocds-dgv273-seacev3-1186600,ocds-dgv273-seacev3-1186600-2026-03-11T10:12:41.354367-05:00,1186600,21200219,50112011,Pollo procesado con aditivos,UNSPSC
ocds-dgv273-seacev3-1188036,ocds-dgv273-seacev3-1188036-2026-03-11T10:12:41.319135-05:00,1188036,21203041,80131502,Alquiler de instalaciones comerciales o industriales,UNSPSC
ocds-dgv273-seacev3-1187963,ocds-dgv273-seacev3-1187963-2026-03-11T10:12:41.220569-05:00,1187963,21202978,80131502,Alquiler de instalaciones comerciales o industriales,UNSPSC
ocds-dgv273-seacev3-2026-200-1,ocds-dgv273-seacev3-2026-200-1-2026-03-11T10:12:40.844591-05:00,1187567,21201408,72121101,Servicios de construcción de nuevos edificios comerciales y de oficinas,UNSPSC
ocds-dgv273-seacev3-2026-10465-2,ocds-dgv273-seacev3-2026-10465-2-2026-03-11T10:12:36.802407-05:00,1189286,21205536,76122003,Disposición final para desechos peligrosos,UNSPSC
ocds-dgv273-seacev3-2026-168713-3,ocds-dgv273-seacev3-2026-168713-3-2026-03-11T10:12:34.677529-05:00,1187410,21201014,53121603,Mochilas,UNSPSC
ocds-dgv273-seacev3-1188218,ocds-dgv273-seacev3-1188218-2026-03-11T10:12:32.192959-05:00,1188218,21203198,80131502,Alquiler de instalaciones comerciales o industriales,UNSPSC
ocds-dgv273-seacev3-1188419,ocds-dgv273-seacev3-1188419-2026-03-11T10:12:31.775492-05:00,1188419,21203454,81111805,Mantenimiento o soporte de sistemas propietarios o con licencia,UNSPSC
ocds-dgv273-seacev3-1187857,ocds-dgv273-seacev3-1187857-2026-03-11T10:12:31.014086-05:00,1187857,21202216,15101505,Diesel,UNSPSC
ocds-dgv273-seacev3-1187784,ocds-dgv273-seacev3-1187784-2026-03-11T10:12:30.986893-05:00,1187784,21201756,51141542,Midazolam,UNSPSC
ocds-dgv273-seacev3-2026-10503-4,ocds-dgv273-seacev3-2026-10503-4-2026-03-11T10:12:30.894440-05:00,1186992,21200599,50181901,Pan fresco,UNSPSC
ocds-dgv273-seacev3-2026-977-5,ocds-dgv273-seacev3-2026-977-5-2026-03-11T10:12:30.751754-05:00,1187428,21201209,50221108,Grano de arroz,UNSPSC
ocds-dgv273-seacev3-2026-1666-1,ocds-dgv273-seacev3-2026-1666-1-2026-03-11T10:12:30.651653-05:00,1186825,21198052,50221101,Granos de cereal,UNSPSC
ocds-dgv273-seacev3-2026-1666-1,ocds-dgv273-seacev3-2026-1666-1-2026-03-11T10:12:30.651653-05:00,1186825,21198053,50131702,Leche o productos de mantequilla estables sin refrigerar,UNSPSC
ocds-dgv273-seacev3-1191893,ocds-dgv273-seacev3-1191893-2026-03-08T09:59:30.654973-05:00,1191893,21212459,86101807,Desarrollo de fuerza de trabajo del sector administrativo,UNSPSC
ocds-dgv273-seacev3-1191483,ocds-dgv273-seacev3-1191483-2026-03-08T09:59:30.491883-05:00,1191483,21211465,42121606,Productos dermatológicos o antiprotozoarios para uso veterinario,UNSPSC
ocds-dgv273-seacev3-2026-98382-2,ocds-dgv273-seacev3-2026-98382-2-2026-03-08T09:59:29.888592-05:00,1189220,21205312,83121703,Servicios relacionados con Internet,UNSPSC
ocds-dgv273-seacev3-1188357,ocds-dgv273-seacev3-1188357-2026-03-08T09:59:29.725964-05:00,1188357,21203382,31211604,Diluyentes para pinturas,UNSPSC
ocds-dgv273-seacev3-2026-1784-8,ocds-dgv273-seacev3-2026-1784-8-2026-03-08T09:59:29.604700-05:00,1187065,21200638,56112106,Asiento tipo banco,UNSPSC
ocds-dgv273-seacev3-1189307,ocds-dgv273-seacev3-1189307-2026-03-08T09:59:26.021479-05:00,1189307,21205565,41115325,Captador térmico de imágenes,UNSPSC
ocds-dgv273-seacev3-1189441,ocds-dgv273-seacev3-1189441-2026-03-08T09:59:25.964422-05:00,1189441,21205926,72151506,Servicios de instalación de tableros de distribución y dispositivos relacionados,UNSPSC
ocds-dgv273-seacev3-1188312,ocds-dgv273-seacev3-1188312-2026-03-08T09:59:25.071380-05:00,1188312,21203367,26121623,Cable de radiofrecuencia (RF),UNSPSC
ocds-dgv273-seacev3-1191533,ocds-dgv273-seacev3-1191533-2026-03-08T09:59:24.109880-05:00,1191533,21211523,40141613,Válvulas de compuerta,UNSPSC
ocds-dgv273-seacev3-1189209,ocds-dgv273-seacev3-1189209-2026-03-08T09:59:23.124105-05:00,1189209,21205274,80131502,Alquiler de instalaciones comerciales o industriales,UNSPSC
ocds-dgv273-seacev3-1188716,ocds-dgv273-seacev3-1188716-2026-03-08T09:59:22.780801-05:00,1188716,21204272,72141701,Servicio de arrendamiento o alquiler de maquinaria de construcción,UNSPSC
ocds-dgv273-seacev3-2026-1018-1,ocds-dgv273-seacev3-2026-1018-1-2026-03-08T09:59:22.184026-05:00,1186443,21200254,50192109,"Papas fritas en hojuelas y al hilo, mix de bocaditos o galletas saladas",UNSPSC
ocds-dgv273-seacev3-2026-1852-2,ocds-dgv273-seacev3-2026-1852-2-2026-03-08T09:59:22.096171-05:00,1186689,21197970,15101505,Diesel,UNSPSC
ocds-dgv273-seacev3-1187013,ocds-dgv273-seacev3-1187013-2026-03-08T09:59:21.893836-05:00,1187013,21200600,72121408,Servicios de construcción de estadios,UNSPSC
ocds-dgv273-seacev3-1187279,ocds-dgv273-seacev3-1187279-2026-03-08T09:59:21.143502-05:00,1187279,21200832,78102203,"Servicios de envío, recojo o entrega de correspondencia",UNSPSC
ocds-dgv273-seacev3-1186473,ocds-dgv273-seacev3-1186473-2026-03-08T09:59:20.967844-05:00,1186473,21200118,81112501,Servicio de licencias para software de computadoras,UNSPSC
ocds-dgv273-seacev3-2026-168711-2,ocds-dgv273-seacev3-2026-168711-2-2026-03-08T09:59:20.908648-05:00,1186121,21197505,15101505,Diesel,UNSPSC
ocds-dgv273-seacev3-1190022,ocds-dgv273-seacev3-1190022-2026-03-08T09:59:17.840831-05:00,1190022,21207664,51152024,Dantroleno de sodio,UNSPSC
ocds-dgv273-seacev3-1189799,ocds-dgv273-seacev3-1189799-2026-03-08T09:59:17.548795-05:00,1189799,21206845,82101502,Publicidad en afiches,UNSPSC
ocds-dgv273-seacev3-1190417,ocds-dgv273-seacev3-1190417-2026-03-08T09:59:17.157037-05:00,1190417,21208926,50121538,Pescado estable sin refrigerar,UNSPSC
ocds-dgv273-seacev3-2026-10249-70,ocds-dgv273-seacev3-2026-10249-70-2026-03-08T09:59:16.324026-05:00,1189211,21205277,78181801,Servicio de mantenimiento de ala fija de aeronave,UNSPSC
ocds-dgv273-seacev3-1188240,ocds-dgv273-seacev3-1188240-2026-03-08T09:59:15.846950-05:00,1188240,21202824,39121633,Interruptor de circuito,UNSPSC
ocds-dgv273-seacev3-1190354,ocds-dgv273-seacev3-1190354-2026-03-08T09:59:14.205074-05:00,1190354,21208672,43212103,Impresoras de sublimación de tinta,UNSPSC
ocds-dgv273-seacev3-2026-763-3,ocds-dgv273-seacev3-2026-763-3-2026-03-08T09:59:14.142627-05:00,1191824,21212333,72101507,Servicio de mantenimiento de edificios,UNSPSC
ocds-dgv273-seacev3-1189187,ocds-dgv273-seacev3-1189187-2026-03-08T09:59:14.122940-05:00,1189187,21205193,81101508,Ingeniería arquitectónica,UNSPSC
ocds-dgv273-seacev3-2026-200097-27,ocds-dgv273-seacev3-2026-200097-27-2026-03-08T09:59:13.064926-05:00,1185755,21197169,72141106,Servicios de construcción de caminos de grava o tierra,UNSPSC
ocds-dgv273-seacev3-1188880,ocds-dgv273-seacev3-1188880-2026-03-08T09:59:12.958591-05:00,1188880,21204544,70171602,Servicios de ensayos del agua,UNSPSC
ocds-dgv273-seacev3-1187858,ocds-dgv273-seacev3-1187858-2026-03-08T09:59:12.647965-05:00,1187858,21202143,92101501,Servicios de vigilancia,UNSPSC
ocds-dgv273-seacev3-2026-10397-1,ocds-dgv273-seacev3-2026-10397-1-2026-03-08T09:59:12.593008-05:00,1187405,21201003,76122001,Disposición final de desechos genéricos no peligrosos,UNSPSC
ocds-dgv273-seacev3-1187882,ocds-dgv273-seacev3-1187882-2026-03-08T09:59:11.988183-05:00,1187882,21202186,30131602,Ladrillos de cerámica,UNSPSC
ocds-dgv273-seacev3-2026-1272-9,ocds-dgv273-seacev3-2026-1272-9-2026-03-08T09:59:11.708946-05:00,1185833,21197237,78111808,Alquiler de vehículos,UNSPSC
ocds-dgv273-seacev3-1186435,ocds-dgv273-seacev3-1186435-2026-03-08T09:59:08.712979-05:00,1186435,21199991,80131502,Alquiler de instalaciones comerciales o industriales,UNSPSC
ocds-dgv273-seacev3-1189128,ocds-dgv273-seacev3-1189128-2026-03-08T09:59:07.932042-05:00,1189128,21205086,70131707,Análisis de fertilidad del suelo,UNSPSC
ocds-dgv273-seacev3-1190625,ocds-dgv273-seacev3-1190625-2026-03-08T09:59:06.615520-05:00,1190625,21209439,78111802,Servicios programados de autobús,UNSPSC
ocds-dgv273-seacev3-2026-520-1,ocds-dgv273-seacev3-2026-520-1-2026-03-08T09:59:03.710491-05:00,1186243,21197625,50131702,Leche o productos de mantequilla estables sin refrigerar,UNSPSC
ocds-dgv273-seacev3-2026-520-1,ocds-dgv273-seacev3-2026-520-1-2026-03-08T09:59:03.710491-05:00,1186243,21197626,50192109,"Papas fritas en hojuelas y al hilo, mix de bocaditos o galletas saladas",UNSPSC
ocds-dgv273-seacev3-1186520,ocds-dgv273-seacev3-1186520-2026-03-08T09:59:03.621921-05:00,1186520,21200141,80131502,Alquiler de instalaciones comerciales o industriales,UNSPSC
ocds-dgv273-seacev3-1186948,ocds-dgv273-seacev3-1186948-2026-03-08T09:59:02.760707-05:00,1186948,21198159,78101805,Servicio de alquiler de camión pipa y tráiler,UNSPSC
ocds-dgv273-seacev3-1186234,ocds-dgv273-seacev3-1186234-2026-03-08T09:59:02.687761-05:00,1186234,21199777,72154501,Servicio de reparación y mantenimiento de maquinaria pesada,UNSPSC
ocds-dgv273-seacev3-1186754,ocds-dgv273-seacev3-1186754-2026-03-08T09:59:02.574826-05:00,1186754,21198003,72121408,Servicios de construcción de estadios,UNSPSC
ocds-dgv273-seacev3-1186544,ocds-dgv273-seacev3-1186544-2026-03-08T09:59:02.453526-05:00,1186544,21197881,81101515,Ingeniería de infraestructura de plantas o instalaciones,UNSPSC
ocds-dgv273-seacev3-1191422,ocds-dgv273-seacev3-1191422-2026-03-07T10:05:22.345561-05:00,1191422,21211304,81111805,Mantenimiento o soporte de sistemas propietarios o con licencia,UNSPSC
ocds-dgv273-seacev3-1191078,ocds-dgv273-seacev3-1191078-2026-03-07T10:05:21.834543-05:00,1191078,21210469,95101505,Terreno en ciudad,UNSPSC
ocds-dgv273-seacev3-2026-1735-18,ocds-dgv273-seacev3-2026-1735-18-2026-03-07T10:05:20.619701-05:00,1187962,21202602,72141001,Servicios de construcción de pistas y carreteras nuevas,UNSPSC
ocds-dgv273-seacev3-2026-1877-6,ocds-dgv273-seacev3-2026-1877-6-2026-03-07T10:05:20.366878-05:00,1187161,21198305,15101506,Gasolina o Petróleo,UNSPSC
ocds-dgv273-seacev3-2026-1877-6,ocds-dgv273-seacev3-2026-1877-6-2026-03-07T10:05:20.366878-05:00,1187161,21198306,15101505,Diesel,UNSPSC
ocds-dgv273-seacev3-2026-1877-6,ocds-dgv273-seacev3-2026-1877-6-2026-03-07T10:05:20.366878-05:00,1187161,21198307,15101505,Diesel,UNSPSC
ocds-dgv273-seacev3-2026-302-19,ocds-dgv273-seacev3-2026-302-19-2026-03-07T10:05:20.231335-05:00,1186101,21199615,72141001,Servicios de construcción de pistas y carreteras nuevas,UNSPSC
ocds-dgv273-seacev3-1187926,ocds-dgv273-seacev3-1187926-2026-03-07T10:05:14.780688-05:00,1187926,21202035,49121503,Carpas,UNSPSC
ocds-dgv273-seacev3-2026-1995-74,ocds-dgv273-seacev3-2026-1995-74-2026-03-07T10:05:14.555039-05:00,1185361,21196810,92101501,Servicios de vigilancia,UNSPSC
ocds-dgv273-seacev3-2026-200367-11,ocds-dgv273-seacev3-2026-200367-11-2026-03-07T10:05:14.521969-05:00,1186153,21199645,30111601,Cemento,UNSPSC
ocds-dgv273-seacev3-2026-847-13,ocds-dgv273-seacev3-2026-847-13-2026-03-07T10:05:13.818779-05:00,1186577,21200206,15101505,Diesel,UNSPSC
ocds-dgv273-seacev3-1187269,ocds-dgv273-seacev3-1187269-2026-03-07T10:05:13.714739-05:00,1187269,21198367,80131502,Alquiler de instalaciones comerciales o industriales,UNSPSC
ocds-dgv273-seacev3-2026-1982-11,ocds-dgv273-seacev3-2026-1982-11-2026-03-07T10:05:13.661130-05:00,1186434,21199986,15101506,Gasolina o Petróleo,UNSPSC
ocds-dgv273-seacev3-1190982,ocds-dgv273-seacev3-1190982-2026-03-07T10:05:08.346198-05:00,1190982,21210351,77101805,Servicios de control de calidad ambiental,UNSPSC
ocds-dgv273-seacev3-1188997,ocds-dgv273-seacev3-1188997-2026-03-07T10:05:08.183771-05:00,1188997,21204922,15101505,Diesel,UNSPSC
ocds-dgv273-seacev3-1188877,ocds-dgv273-seacev3-1188877-2026-03-07T10:05:08.177249-05:00,1188877,21204661,15101505,Diesel,UNSPSC
ocds-dgv273-seacev3-1190957,ocds-dgv273-seacev3-1190957-2026-03-07T10:05:07.033244-05:00,1190957,21210317,77101805,Servicios de control de calidad ambiental,UNSPSC
ocds-dgv273-seacev3-1188390,ocds-dgv273-seacev3-1188390-2026-03-07T10:05:06.328796-05:00,1188390,21203625,93151515,Servicios de planificación nacional,UNSPSC
ocds-dgv273-seacev3-1188381,ocds-dgv273-seacev3-1188381-2026-03-07T10:05:06.314125-05:00,1188381,21203611,93151515,Servicios de planificación nacional,UNSPSC
ocds-dgv273-seacev3-1191020,ocds-dgv273-seacev3-1191020-2026-03-07T10:05:04.099486-05:00,1191020,21210403,77101805,Servicios de control de calidad ambiental,UNSPSC
ocds-dgv273-seacev3-1189002,ocds-dgv273-seacev3-1189002-2026-03-07T10:05:03.105187-05:00,1189002,21204883,76111505,Servicios de limpieza de telas y muebles,UNSPSC
ocds-dgv273-seacev3-1186604,ocds-dgv273-seacev3-1186604-2026-03-07T10:05:02.975189-05:00,1186604,21197905,30111601,Cemento,UNSPSC
ocds-dgv273-seacev3-1188816,ocds-dgv273-seacev3-1188816-2026-03-07T10:05:02.791396-05:00,1188816,21204513,42121606,Productos dermatológicos o antiprotozoarios para uso veterinario,UNSPSC
ocds-dgv273-seacev3-1187191,ocds-dgv273-seacev3-1187191-2026-03-07T10:05:02.416447-05:00,1187191,21200756,72121101,Servicios de construcción de nuevos edificios comerciales y de oficinas,UNSPSC
ocds-dgv273-seacev3-2026-1635-1,ocds-dgv273-seacev3-2026-1635-1-2026-03-07T10:05:02.024310-05:00,1188022,21203029,72121203,Servicios de construcción de silos y de edificaciones para servicio agrícola,UNSPSC
ocds-dgv273-seacev3-2026-755-9,ocds-dgv273-seacev3-2026-755-9-2026-03-07T10:05:01.925148-05:00,1188045,21202684,50192703,Comidas combinadas estables sin refrigerar,UNSPSC
ocds-dgv273-seacev3-1190965,ocds-dgv273-seacev3-1190965-2026-03-07T10:04:58.114277-05:00,1190965,21210276,77101805,Servicios de control de calidad ambiental,UNSPSC
ocds-dgv273-seacev3-1188387,ocds-dgv273-seacev3-1188387-2026-03-07T10:04:57.912418-05:00,1188387,21203623,81112002,Servicios de preparación o procesamiento de datos,UNSPSC
ocds-dgv273-seacev3-1191327,ocds-dgv273-seacev3-1191327-2026-03-07T10:04:57.708175-05:00,1191327,21211093,82101603,Publicidad en Internet,UNSPSC
ocds-dgv273-seacev3-1189139,ocds-dgv273-seacev3-1189139-2026-03-07T10:04:57.296036-05:00,1189139,21205062,80141607,Gestión de eventos,UNSPSC
ocds-dgv273-seacev3-1188717,ocds-dgv273-seacev3-1188717-2026-03-07T10:04:57.086823-05:00,1188717,21204273,78101805,Servicio de alquiler de camión pipa y tráiler,UNSPSC
ocds-dgv273-seacev3-1186882,ocds-dgv273-seacev3-1186882-2026-03-07T10:04:55.123693-05:00,1186882,21198096,56121506,Escritorios para estudiantes,UNSPSC
ocds-dgv273-seacev3-2026-878-2,ocds-dgv273-seacev3-2026-878-2-2026-03-07T10:04:53.155104-05:00,1186555,21197895,30131507,Bloque de concreto ligero,UNSPSC
ocds-dgv273-seacev3-1184828,ocds-dgv273-seacev3-1184828-2026-03-07T10:04:47.133168-05:00,1184828,21201526,15101505,Diesel,UNSPSC
ocds-dgv273-seacev3-1188731,ocds-dgv273-seacev3-1188731-2026-03-07T10:04:46.854606-05:00,1188731,21204321,86111702,Enseñanza de idiomas extranjeros por inmersión,UNSPSC
ocds-dgv273-seacev3-1190980,ocds-dgv273-seacev3-1190980-2026-03-07T10:04:45.820881-05:00,1190980,21210325,77101805,Servicios de control de calidad ambiental,UNSPSC
ocds-dgv273-seacev3-1189382,ocds-dgv273-seacev3-1189382-2026-03-07T10:04:45.607660-05:00,1189382,21205681,30111801,Agregado natural,UNSPSC
ocds-dgv273-seacev3-2026-248315-3,ocds-dgv273-seacev3-2026-248315-3-2026-03-07T10:04:45.593783-05:00,1189333,21205626,31163401,Gavión,UNSPSC
ocds-dgv273-seacev3-1190988,ocds-dgv273-seacev3-1190988-2026-03-07T10:04:42.895505-05:00,1190988,21210361,77101805,Servicios de control de calidad ambiental,UNSPSC
ocds-dgv273-seacev3-1190227,ocds-dgv273-seacev3-1190227-2026-03-07T10:04:42.760901-05:00,1190227,21208274,72141701,Servicio de arrendamiento o alquiler de maquinaria de construcción,UNSPSC
ocds-dgv273-seacev3-1191326,ocds-dgv273-seacev3-1191326-2026-03-07T10:04:42.248838-05:00,1191326,21211188,80121704,Servicios legales de contratos,UNSPSC
ocds-dgv273-seacev3-1188461,ocds-dgv273-seacev3-1188461-2026-03-07T10:04:41.127289-05:00,1188461,21203674,72121408,Servicios de construcción de estadios,UNSPSC
ocds-dgv273-seacev3-2026-1731-9,ocds-dgv273-seacev3-2026-1731-9-2026-03-07T10:04:41.096279-05:00,1186824,21198051,30111503,Hormigón aislante,UNSPSC
ocds-dgv273-seacev3-1186790,ocds-dgv273-seacev3-1186790-2026-03-07T10:04:40.948985-05:00,1186790,21200390,15101505,Diesel,UNSPSC
ocds-dgv273-seacev3-1186214,ocds-dgv273-seacev3-1186214-2026-03-07T10:04:40.424186-05:00,1186214,21197613,41116127,Reactivos o soluciones o tinciones de Inmunología o serología,UNSPSC
ocds-dgv273-seacev3-1190983,ocds-dgv273-seacev3-1190983-2026-03-07T10:04:36.619189-05:00,1190983,21210352,77101805,Servicios de control de calidad ambiental,UNSPSC
ocds-dgv273-seacev3-1190995,ocds-dgv273-seacev3-1190995-2026-03-07T10:04:36.520449-05:00,1190995,21210397,77101805,Servicios de control de calidad ambiental,UNSPSC
ocds-dgv273-seacev3-1189322,ocds-dgv273-seacev3-1189322-2026-03-07T10:04:36.161608-05:00,1189322,21205558,12352311,Alúmina y otros compuestos de aluminio,UNSPSC
ocds-dgv273-seacev3-1188244,ocds-dgv273-seacev3-1188244-2026-03-07T10:04:35.941486-05:00,1188244,21202830,15101505,Diesel,UNSPSC
ocds-dgv273-seacev3-1190991,ocds-dgv273-seacev3-1190991-2026-03-07T10:04:35.264828-05:00,1190991,21210342,77101805,Servicios de control de calidad ambiental,UNSPSC
ocds-dgv273-seacev3-1188452,ocds-dgv273-seacev3-1188452-2026-03-07T10:04:34.941901-05:00,1188452,21203678,72141701,Servicio de arrendamiento o alquiler de maquinaria de construcción,UNSPSC
ocds-dgv273-seacev3-1186033,ocds-dgv273-seacev3-1186033-2026-03-07T10:04:32.545107-05:00,1186033,21197459,80101604,Administración o planificación de proyectos,UNSPSC
ocds-dgv273-seacev3-2026-2000-8,ocds-dgv273-seacev3-2026-2000-8-2026-03-07T10:04:31.984621-05:00,1187875,21202175,80131502,Alquiler de instalaciones comerciales o industriales,UNSPSC
ocds-dgv273-seacev3-1186753,ocds-dgv273-seacev3-1186753-2026-03-07T10:04:31.865692-05:00,1186753,21198012,76122003,Disposición final para desechos peligrosos,UNSPSC
ocds-dgv273-seacev3-1186228,ocds-dgv273-seacev3-1186228-2026-03-07T10:04:31.667986-05:00,1186228,21199764,15101505,Diesel,UNSPSC
ocds-dgv273-seacev3-2026-200040-1,ocds-dgv273-seacev3-2026-200040-1-2026-03-07T10:04:31.612575-05:00,1186752,21197994,15101505,Diesel,UNSPSC
ocds-dgv273-seacev3-2026-1646-12,ocds-dgv273-seacev3-2026-1646-12-2026-03-07T10:04:30.436832-05:00,1186724,21200325,81101508,Ingeniería arquitectónica,UNSPSC
ocds-dgv273-seacev3-2026-1731-32,ocds-dgv273-seacev3-2026-1731-32-2026-03-07T10:04:30.392421-05:00,1187078,21198240,72141701,Servicio de arrendamiento o alquiler de maquinaria de construcción,UNSPSC
ocds-dgv273-seacev3-2026-1608-5,ocds-dgv273-seacev3-2026-1608-5-2026-03-07T10:04:30.345857-05:00,1186729,21200330,15101506,Gasolina o Petróleo,UNSPSC
ocds-dgv273-seacev3-1186584,ocds-dgv273-seacev3-1186584-2026-03-07T10:04:30.335127-05:00,1186584,21200215,72154013,Servicios de construcción de cercos,UNSPSC
ocds-dgv273-seacev3-1186547,ocds-dgv273-seacev3-1186547-2026-03-07T10:04:30.035299-05:00,1186547,21197885,30121601,Asfalto,UNSPSC
ocds-dgv273-seacev3-1191710,ocds-dgv273-seacev3-1191710-2026-03-06T10:10:20.600875-05:00,1191710,21211878,77101805,Servicios de control de calidad ambiental,UNSPSC
ocds-dgv273-seacev3-1191911,ocds-dgv273-seacev3-1191911-2026-03-06T10:10:19.735521-05:00,1191911,21212539,77101805,Servicios de control de calidad ambiental,UNSPSC
ocds-dgv273-seacev3-1190888,ocds-dgv273-seacev3-1190888-2026-03-06T10:10:19.203056-05:00,1190888,21210185,80131503,Arrendamiento de terrenos,UNSPSC
ocds-dgv273-seacev3-1187879,ocds-dgv273-seacev3-1187879-2026-03-06T10:10:18.776672-05:00,1187879,21202184,80131502,Alquiler de instalaciones comerciales o industriales,UNSPSC
ocds-dgv273-seacev3-1188642,ocds-dgv273-seacev3-1188642-2026-03-06T10:10:18.727598-05:00,1188642,21204110,15101506,Gasolina o Petróleo,UNSPSC
ocds-dgv273-seacev3-1188260,ocds-dgv273-seacev3-1188260-2026-03-06T10:10:18.305431-05:00,1188260,21203234,72121501,Servicios de construcción de plantas químicas,UNSPSC
ocds-dgv273-seacev3-2026-1160-9,ocds-dgv273-seacev3-2026-1160-9-2026-03-06T10:10:18.277114-05:00,1187815,21201955,78111808,Alquiler de vehículos,UNSPSC
ocds-dgv273-seacev3-1186738,ocds-dgv273-seacev3-1186738-2026-03-06T10:10:18.108667-05:00,1186738,21197979,51131508,Epoetina alfa,UNSPSC
ocds-dgv273-seacev3-1186993,ocds-dgv273-seacev3-1186993-2026-03-06T10:10:16.855000-05:00,1186993,21198199,15101505,Diesel,UNSPSC
ocds-dgv273-seacev3-2026-1922-33,ocds-dgv273-seacev3-2026-1922-33-2026-03-06T10:10:14.413596-05:00,1192509,21213998,81112205,Mantenimiento de software del sistema de gestión de bases de datos,UNSPSC
ocds-dgv273-seacev3-2026-1922-12,ocds-dgv273-seacev3-2026-1922-12-2026-03-06T10:10:14.109711-05:00,1192540,21214016,86101801,Desarrollo de fuerza de trabajo del sector bancario o financiero,UNSPSC
ocds-dgv273-seacev3-1191531,ocds-dgv273-seacev3-1191531-2026-03-06T10:10:13.539588-05:00,1191531,21211513,77101805,Servicios de control de calidad ambiental,UNSPSC
ocds-dgv273-seacev3-1191521,ocds-dgv273-seacev3-1191521-2026-03-06T10:10:13.167353-05:00,1191521,21211498,77101805,Servicios de control de calidad ambiental,UNSPSC
ocds-dgv273-seacev3-1191491,ocds-dgv273-seacev3-1191491-2026-03-06T10:10:12.906087-05:00,1191491,21211462,77101805,Servicios de control de calidad ambiental,UNSPSC
ocds-dgv273-seacev3-1191713,ocds-dgv273-seacev3-1191713-2026-03-06T10:10:12.634105-05:00,1191713,21211881,77101805,Servicios de control de calidad ambiental,UNSPSC
ocds-dgv273-seacev3-1191461,ocds-dgv273-seacev3-1191461-2026-03-06T10:10:12.588087-05:00,1191461,21211416,77101805,Servicios de control de calidad ambiental,UNSPSC
ocds-dgv273-seacev3-1189067,ocds-dgv273-seacev3-1189067-2026-03-06T10:10:11.628113-05:00,1189067,21205006,81101510,Ingeniería de carreteras,UNSPSC
ocds-dgv273-seacev3-1191510,ocds-dgv273-seacev3-1191510-2026-03-06T10:10:11.588840-05:00,1191510,21211546,77101805,Servicios de control de calidad ambiental,UNSPSC
ocds-dgv273-seacev3-1191848,ocds-dgv273-seacev3-1191848-2026-03-06T10:10:10.805401-05:00,1191848,21212351,77101805,Servicios de control de calidad ambiental,UNSPSC
ocds-dgv273-seacev3-1188581,ocds-dgv273-seacev3-1188581-2026-03-06T10:10:10.727333-05:00,1188581,21203973,82121504,Impresión tipográfica o serigrafía,UNSPSC
ocds-dgv273-seacev3-1191938,ocds-dgv273-seacev3-1191938-2026-03-06T10:10:10.713267-05:00,1191938,21212555,77101805,Servicios de control de calidad ambiental,UNSPSC
ocds-dgv273-seacev3-1191897,ocds-dgv273-seacev3-1191897-2026-03-06T10:10:10.132436-05:00,1191897,21212477,77101805,Servicios de control de calidad ambiental,UNSPSC
ocds-dgv273-seacev3-1186029,ocds-dgv273-seacev3-1186029-2026-03-06T10:10:09.201438-05:00,1186029,21197410,60141302,Sets de construcción,UNSPSC
ocds-dgv273-seacev3-2026-1160-8,ocds-dgv273-seacev3-2026-1160-8-2026-03-06T10:10:08.723054-05:00,1187947,21202274,78111808,Alquiler de vehículos,UNSPSC
ocds-dgv273-seacev3-1188897,ocds-dgv273-seacev3-1188897-2026-03-06T10:10:04.348113-05:00,1188897,21204835,15101505,Diesel,UNSPSC
ocds-dgv273-seacev3-1188825,ocds-dgv273-seacev3-1188825-2026-03-06T10:10:02.709011-05:00,1188825,21204450,70171602,Servicios de ensayos del agua,UNSPSC
ocds-dgv273-seacev3-2026-1947-163,ocds-dgv273-seacev3-2026-1947-163-2026-03-06T10:10:02.638380-05:00,1191358,21211144,82101802,Servicio de producción de publicidad,UNSPSC
ocds-dgv273-seacev3-1191902,ocds-dgv273-seacev3-1191902-2026-03-06T10:10:02.408761-05:00,1191902,21212481,77101805,Servicios de control de calidad ambiental,UNSPSC
ocds-dgv273-seacev3-1191268,ocds-dgv273-seacev3-1191268-2026-03-06T10:10:01.394083-05:00,1191268,21210898,72141701,Servicio de arrendamiento o alquiler de maquinaria de construcción,UNSPSC
ocds-dgv273-seacev3-1188819,ocds-dgv273-seacev3-1188819-2026-03-06T10:10:00.184463-05:00,1188819,21204467,77101705,Servicios de consultoría en economía ambiental,UNSPSC
ocds-dgv273-seacev3-1188503,ocds-dgv273-seacev3-1188503-2026-03-06T10:10:00.012736-05:00,1188503,21203867,27112014,Segadora de césped,UNSPSC
ocds-dgv273-seacev3-1187546,ocds-dgv273-seacev3-1187546-2026-03-06T10:09:59.814418-05:00,1187546,21201107,15101505,Diesel,UNSPSC
ocds-dgv273-seacev3-2026-10503-1,ocds-dgv273-seacev3-2026-10503-1-2026-03-06T10:09:59.779362-05:00,1187042,21198208,84121806,Servicios de custodia de valores,UNSPSC
ocds-dgv273-seacev3-1186455,ocds-dgv273-seacev3-1186455-2026-03-06T10:09:59.703772-05:00,1186455,21197828,15101506,Gasolina o Petróleo,UNSPSC
ocds-dgv273-seacev3-1188420,ocds-dgv273-seacev3-1188420-2026-03-06T10:09:59.519136-05:00,1188420,21203629,81101508,Ingeniería arquitectónica,UNSPSC
ocds-dgv273-seacev3-2026-10096-5,ocds-dgv273-seacev3-2026-10096-5-2026-03-06T10:09:59.425024-05:00,1186416,21197792,72151515,Servicio de inspección eléctrica,UNSPSC
ocds-dgv273-seacev3-1188129,ocds-dgv273-seacev3-1188129-2026-03-06T10:09:59.386046-05:00,1188129,21203153,72154503,Servicio de alquiler de grúa,UNSPSC
ocds-dgv273-seacev3-2026-1160-10,ocds-dgv273-seacev3-2026-1160-10-2026-03-06T10:09:59.246445-05:00,1188063,21203061,78111808,Alquiler de vehículos,UNSPSC
ocds-dgv273-seacev3-1187223,ocds-dgv273-seacev3-1187223-2026-03-06T10:09:58.090112-05:00,1187223,21200808,72121403,Servicios de construcción de hospitales,UNSPSC
ocds-dgv273-seacev3-1186300,ocds-dgv273-seacev3-1186300-2026-03-06T10:09:57.677061-05:00,1186300,21199832,95101505,Terreno en ciudad,UNSPSC
ocds-dgv273-seacev3-2026-302-3,ocds-dgv273-seacev3-2026-302-3-2026-03-06T10:09:57.667056-05:00,1186161,21197541,72141001,Servicios de construcción de pistas y carreteras nuevas,UNSPSC
ocds-dgv273-seacev3-2026-1310-3,ocds-dgv273-seacev3-2026-1310-3-2026-03-06T10:09:57.288188-05:00,1186677,21200292,24111503,Bolsas de plástico,UNSPSC
ocds-dgv273-seacev3-1191857,ocds-dgv273-seacev3-1191857-2026-03-06T10:09:53.102725-05:00,1191857,21212364,77101805,Servicios de control de calidad ambiental,UNSPSC
ocds-dgv273-seacev3-1191845,ocds-dgv273-seacev3-1191845-2026-03-06T10:09:52.730362-05:00,1191845,21212219,77101805,Servicios de control de calidad ambiental,UNSPSC
ocds-dgv273-seacev3-1191933,ocds-dgv273-seacev3-1191933-2026-03-06T10:09:51.657092-05:00,1191933,21212543,50192703,Comidas combinadas estables sin refrigerar,UNSPSC
ocds-dgv273-seacev3-2026-1308-2,ocds-dgv273-seacev3-2026-1308-2-2026-03-06T10:09:51.157718-05:00,1190399,21209008,72153605,Servicios de remodelación de cocinas y servicios higiénicos,UNSPSC
ocds-dgv273-seacev3-1191184,ocds-dgv273-seacev3-1191184-2026-03-06T10:09:50.800893-05:00,1191184,21210691,77101805,Servicios de control de calidad ambiental,UNSPSC
ocds-dgv273-seacev3-1188059,ocds-dgv273-seacev3-1188059-2026-03-06T10:09:49.070008-05:00,1188059,21203053,10171505,Nutriente foliar,UNSPSC
ocds-dgv273-seacev3-1187487,ocds-dgv273-seacev3-1187487-2026-03-06T10:09:48.781177-05:00,1187487,21201077,80131502,Alquiler de instalaciones comerciales o industriales,UNSPSC
ocds-dgv273-seacev3-1187527,ocds-dgv273-seacev3-1187527-2026-03-06T10:09:48.723516-05:00,1187527,21201110,15101505,Diesel,UNSPSC
ocds-dgv273-seacev3-1191718,ocds-dgv273-seacev3-1191718-2026-03-06T10:09:42.527210-05:00,1191718,21211874,77101805,Servicios de control de calidad ambiental,UNSPSC
ocds-dgv273-seacev3-1191482,ocds-dgv273-seacev3-1191482-2026-03-06T10:09:42.302604-05:00,1191482,21211456,77101805,Servicios de control de calidad ambiental,UNSPSC
ocds-dgv273-seacev3-2026-2436-9,ocds-dgv273-seacev3-2026-2436-9-2026-03-06T10:09:42.104106-05:00,1189383,21205680,82111903,Servicios de agencias de noticias,UNSPSC
ocds-dgv273-seacev3-1191837,ocds-dgv273-seacev3-1191837-2026-03-06T10:09:41.965018-05:00,1191837,21212230,77101805,Servicios de control de calidad ambiental,UNSPSC
ocds-dgv273-seacev3-1191434,ocds-dgv273-seacev3-1191434-2026-03-06T10:09:41.932506-05:00,1191434,21211356,77101805,Servicios de control de calidad ambiental,UNSPSC
ocds-dgv273-seacev3-1191715,ocds-dgv273-seacev3-1191715-2026-03-06T10:09:41.287516-05:00,1191715,21211883,77101805,Servicios de control de calidad ambiental,UNSPSC
ocds-dgv273-seacev3-1191712,ocds-dgv273-seacev3-1191712-2026-03-06T10:09:41.273983-05:00,1191712,21211880,77101805,Servicios de control de calidad ambiental,UNSPSC
ocds-dgv273-seacev3-1191014,ocds-dgv273-seacev3-1191014-2026-03-06T10:09:40.948822-05:00,1191014,21210416,72141701,Servicio de arrendamiento o alquiler de maquinaria de construcción,UNSPSC
ocds-dgv273-seacev3-1191120,ocds-dgv273-seacev3-1191120-2026-03-06T10:09:40.397350-05:00,1191120,21210566,80141607,Gestión de eventos,UNSPSC
ocds-dgv273-seacev3-1191120,ocds-dgv273-seacev3-1191120-2026-03-06T10:09:40.397350-05:00,1191120,21210565,80141607,Gestión de eventos,UNSPSC
ocds-dgv273-seacev3-1191807,ocds-dgv273-seacev3-1191807-2026-03-06T10:09:38.615953-05:00,1191807,21212308,77101805,Servicios de control de calidad ambiental,UNSPSC
ocds-dgv273-seacev3-2026-516-2,ocds-dgv273-seacev3-2026-516-2-2026-03-06T10:09:38.569212-05:00,1188289,21203302,50192109,"Papas fritas en hojuelas y al hilo, mix de bocaditos o galletas saladas",UNSPSC
ocds-dgv273-seacev3-1188831,ocds-dgv273-seacev3-1188831-2026-03-06T10:09:37.929868-05:00,1188831,21204509,93151515,Servicios de planificación nacional,UNSPSC
ocds-dgv273-seacev3-1187812,ocds-dgv273-seacev3-1187812-2026-03-06T10:09:37.485650-05:00,1187812,21201954,85101503,Servicio para administrar consultorios médicos,UNSPSC
ocds-dgv273-seacev3-2026-10356-17,ocds-dgv273-seacev3-2026-10356-17-2026-03-06T10:09:37.345086-05:00,1187000,21198182,72141121,Servicios de construcción de tuberías principales de agua,UNSPSC
ocds-dgv273-seacev3-1188080,ocds-dgv273-seacev3-1188080-2026-03-06T10:09:37.279174-05:00,1188080,21203098,30111601,Cemento,UNSPSC
ocds-dgv273-seacev3-1188518,ocds-dgv273-seacev3-1188518-2026-03-06T10:09:37.215249-05:00,1188518,21203726,80111501,Desarrollo de gestión,UNSPSC
ocds-dgv273-seacev3-1188371,ocds-dgv273-seacev3-1188371-2026-03-06T10:09:37.116098-05:00,1188371,21203402,51131909,Albúmina humana,UNSPSC
ocds-dgv273-seacev3-2026-10466-28,ocds-dgv273-seacev3-2026-10466-28-2026-03-06T10:09:36.474309-05:00,1187460,21201220,51191602,Electrolitos de cloruro de sodio,UNSPSC
ocds-dgv273-seacev3-2026-521-2,ocds-dgv273-seacev3-2026-521-2-2026-03-06T10:09:35.933582-05:00,1187137,21198303,15101505,Diesel,UNSPSC
ocds-dgv273-seacev3-2026-49-48,ocds-dgv273-seacev3-2026-49-48-2026-03-06T10:09:35.725296-05:00,1186225,21199754,30111601,Cemento,UNSPSC
ocds-dgv273-seacev3-1191180,ocds-dgv273-seacev3-1191180-2026-03-06T10:09:32.013895-05:00,1191180,21210669,80131502,Alquiler de instalaciones comerciales o industriales,UNSPSC
ocds-dgv273-seacev3-1192078,ocds-dgv273-seacev3-1192078-2026-03-06T10:09:31.801768-05:00,1192078,21212745,80141607,Gestión de eventos,UNSPSC
ocds-dgv273-seacev3-2026-10096-6,ocds-dgv273-seacev3-2026-10096-6-2026-03-06T10:09:31.636206-05:00,1189984,21207577,15101506,Gasolina o Petróleo,UNSPSC
ocds-dgv273-seacev3-2026-10096-6,ocds-dgv273-seacev3-2026-10096-6-2026-03-06T10:09:31.636206-05:00,1189984,21207576,15101505,Diesel,UNSPSC
ocds-dgv273-seacev3-2026-1852-5,ocds-dgv273-seacev3-2026-1852-5-2026-03-06T10:09:30.937416-05:00,1188775,21204427,15101505,Diesel,UNSPSC
ocds-dgv273-seacev3-1188513,ocds-dgv273-seacev3-1188513-2026-03-06T10:09:28.765739-05:00,1188513,21203733,42131601,Delantales o mandiles para el personal médico,UNSPSC
ocds-dgv273-seacev3-1188030,ocds-dgv273-seacev3-1188030-2026-03-06T10:09:27.354816-05:00,1188030,21202665,72154022,Servicios de instalación y mantenimiento de equipos hidráulicos,UNSPSC
ocds-dgv273-seacev3-1186873,ocds-dgv273-seacev3-1186873-2026-03-06T10:09:26.361023-05:00,1186873,21200455,83121703,Servicios relacionados con Internet,UNSPSC
ocds-dgv273-seacev3-2026-200130-11,ocds-dgv273-seacev3-2026-200130-11-2026-03-06T10:09:26.129405-05:00,1187873,21202171,51412702,Alteplasa,UNSPSC
ocds-dgv273-seacev3-1191353,ocds-dgv273-seacev3-1191353-2026-03-05T10:11:24.441029-05:00,1191353,21211179,77101805,Servicios de control de calidad ambiental,UNSPSC
ocds-dgv273-seacev3-1191199,ocds-dgv273-seacev3-1191199-2026-03-05T10:11:24.357115-05:00,1191199,21210678,77101805,Servicios de control de calidad ambiental,UNSPSC
ocds-dgv273-seacev3-2026-2388-17,ocds-dgv273-seacev3-2026-2388-17-2026-03-05T10:11:23.424164-05:00,1189199,21205221,84101704,Servicios de recaudación de deudas,UNSPSC
ocds-dgv273-seacev3-1188178,ocds-dgv273-seacev3-1188178-2026-03-05T10:11:23.054630-05:00,1188178,21202764,81101510,Ingeniería de carreteras,UNSPSC
ocds-dgv273-seacev3-1186727,ocds-dgv273-seacev3-1186727-2026-03-05T10:11:22.439276-05:00,1186727,21200329,91111601,Servicios de limpieza y mantenimiento,UNSPSC
ocds-dgv273-seacev3-1186247,ocds-dgv273-seacev3-1186247-2026-03-05T10:11:22.305868-05:00,1186247,21197630,72121103,Servicios de renovación y reparación de edificios comerciales y de oficinas,UNSPSC
ocds-dgv273-seacev3-1190250,ocds-dgv273-seacev3-1190250-2026-03-05T10:11:18.407284-05:00,1190250,21208317,86121702,Programas de postgrado,UNSPSC
ocds-dgv273-seacev3-1191980,ocds-dgv273-seacev3-1191980-2026-03-05T10:11:18.046933-05:00,1191980,21212839,72121101,Servicios de construcción de nuevos edificios comerciales y de oficinas,UNSPSC
ocds-dgv273-seacev3-1191345,ocds-dgv273-seacev3-1191345-2026-03-05T10:11:17.926785-05:00,1191345,21211133,77101805,Servicios de control de calidad ambiental,UNSPSC
ocds-dgv273-seacev3-1189208,ocds-dgv273-seacev3-1189208-2026-03-05T10:11:17.795623-05:00,1189208,21205275,80121610,Servicios de recaudacion de deudas a la ley,UNSPSC
ocds-dgv273-seacev3-1189315,ocds-dgv273-seacev3-1189315-2026-03-05T10:11:16.978049-05:00,1189315,21205563,95101901,Granja,UNSPSC
ocds-dgv273-seacev3-1191302,ocds-dgv273-seacev3-1191302-2026-03-05T10:11:15.215980-05:00,1191302,21210956,77101805,Servicios de control de calidad ambiental,UNSPSC
ocds-dgv273-seacev3-1191208,ocds-dgv273-seacev3-1191208-2026-03-05T10:11:14.559189-05:00,1191208,21210681,77101805,Servicios de control de calidad ambiental,UNSPSC
ocds-dgv273-seacev3-1191142,ocds-dgv273-seacev3-1191142-2026-03-05T10:11:14.173134-05:00,1191142,21210617,77101805,Servicios de control de calidad ambiental,UNSPSC
ocds-dgv273-seacev3-1188790,ocds-dgv273-seacev3-1188790-2026-03-05T10:11:13.374105-05:00,1188790,21204415,70171602,Servicios de ensayos del agua,UNSPSC
ocds-dgv273-seacev3-1188204,ocds-dgv273-seacev3-1188204-2026-03-05T10:11:13.367736-05:00,1188204,21202793,81101510,Ingeniería de carreteras,UNSPSC
ocds-dgv273-seacev3-1186976,ocds-dgv273-seacev3-1186976-2026-03-05T10:11:13.309348-05:00,1186976,21198170,72141121,Servicios de construcción de tuberías principales de agua,UNSPSC
ocds-dgv273-seacev3-1187565,ocds-dgv273-seacev3-1187565-2026-03-05T10:11:12.484089-05:00,1187565,21201404,30111601,Cemento,UNSPSC
ocds-dgv273-seacev3-1186548,ocds-dgv273-seacev3-1186548-2026-03-05T10:11:11.957676-05:00,1186548,21200205,77111602,Servicios de descontaminación ambiental,UNSPSC
ocds-dgv273-seacev3-1190088,ocds-dgv273-seacev3-1190088-2026-03-05T10:11:07.432396-05:00,1190088,21208018,81101508,Ingeniería arquitectónica,UNSPSC
ocds-dgv273-seacev3-1191168,ocds-dgv273-seacev3-1191168-2026-03-05T10:11:06.688274-05:00,1191168,21210664,77101805,Servicios de control de calidad ambiental,UNSPSC
ocds-dgv273-seacev3-1191152,ocds-dgv273-seacev3-1191152-2026-03-05T10:11:05.831536-05:00,1191152,21210633,80131502,Alquiler de instalaciones comerciales o industriales,UNSPSC
ocds-dgv273-seacev3-1191210,ocds-dgv273-seacev3-1191210-2026-03-05T10:11:05.638288-05:00,1191210,21210717,77101805,Servicios de control de calidad ambiental,UNSPSC
ocds-dgv273-seacev3-1187320,ocds-dgv273-seacev3-1187320-2026-03-05T10:11:04.933358-05:00,1187320,21200929,72141701,Servicio de arrendamiento o alquiler de maquinaria de construcción,UNSPSC
ocds-dgv273-seacev3-1188786,ocds-dgv273-seacev3-1188786-2026-03-05T10:11:04.381264-05:00,1188786,21204413,76122001,Disposición final de desechos genéricos no peligrosos,UNSPSC
ocds-dgv273-seacev3-2026-200201-2,ocds-dgv273-seacev3-2026-200201-2-2026-03-05T10:11:04.316160-05:00,1187228,21200789,72121505,Servicios de construcción de plantas para tratamiento de aguas residuales y aguas servidas,UNSPSC
ocds-dgv273-seacev3-1186798,ocds-dgv273-seacev3-1186798-2026-03-05T10:11:04.037210-05:00,1186798,21198015,51999999,Medicamentos y productos farmacéuticos,UNSPSC
ocds-dgv273-seacev3-1186537,ocds-dgv273-seacev3-1186537-2026-03-05T10:11:03.620349-05:00,1186537,21200169,50192109,"Papas fritas en hojuelas y al hilo, mix de bocaditos o galletas saladas",UNSPSC
ocds-dgv273-seacev3-1186537,ocds-dgv273-seacev3-1186537-2026-03-05T10:11:03.620349-05:00,1186537,21200170,50131702,Leche o productos de mantequilla estables sin refrigerar,UNSPSC
ocds-dgv273-seacev3-2026-2426-26,ocds-dgv273-seacev3-2026-2426-26-2026-03-05T10:11:02.443513-05:00,1187280,21200835,84131502,Seguros de propietarios de viviendas o arrendatarios,UNSPSC
ocds-dgv273-seacev3-2026-1523-5,ocds-dgv273-seacev3-2026-1523-5-2026-03-05T10:11:01.844454-05:00,1186026,21200349,30111601,Cemento,UNSPSC
ocds-dgv273-seacev3-1191204,ocds-dgv273-seacev3-1191204-2026-03-05T10:10:56.040885-05:00,1191204,21210702,77101805,Servicios de control de calidad ambiental,UNSPSC
ocds-dgv273-seacev3-1191330,ocds-dgv273-seacev3-1191330-2026-03-05T10:10:55.440439-05:00,1191330,21211123,77101805,Servicios de control de calidad ambiental,UNSPSC
ocds-dgv273-seacev3-1189684,ocds-dgv273-seacev3-1189684-2026-03-05T10:10:54.177084-05:00,1189684,21206502,72141001,Servicios de construcción de pistas y carreteras nuevas,UNSPSC
ocds-dgv273-seacev3-1188423,ocds-dgv273-seacev3-1188423-2026-03-05T10:10:53.368479-05:00,1188423,21203460,72121406,Servicios de construcción de escuelas,UNSPSC
ocds-dgv273-seacev3-2026-10249-99,ocds-dgv273-seacev3-2026-10249-99-2026-03-05T10:10:53.335129-05:00,1188738,21204292,81141504,Calibración o reparación de equipos de prueba,UNSPSC
ocds-dgv273-seacev3-1187394,ocds-dgv273-seacev3-1187394-2026-03-05T10:10:52.150008-05:00,1187394,21201017,81101515,Ingeniería de infraestructura de plantas o instalaciones,UNSPSC
ocds-dgv273-seacev3-1186522,ocds-dgv273-seacev3-1186522-2026-03-05T10:10:52.055293-05:00,1186522,21200154,72153102,Servicios de construcción de campos deportivos interiores,UNSPSC
ocds-dgv273-seacev3-1188413,ocds-dgv273-seacev3-1188413-2026-03-05T10:10:46.746138-05:00,1188413,21203647,80131502,Alquiler de instalaciones comerciales o industriales,UNSPSC
ocds-dgv273-seacev3-1190445,ocds-dgv273-seacev3-1190445-2026-03-05T10:10:46.075108-05:00,1190445,21208987,72141701,Servicio de arrendamiento o alquiler de maquinaria de construcción,UNSPSC
ocds-dgv273-seacev3-1191183,ocds-dgv273-seacev3-1191183-2026-03-05T10:10:45.581322-05:00,1191183,21210670,77101805,Servicios de control de calidad ambiental,UNSPSC
ocds-dgv273-seacev3-1191218,ocds-dgv273-seacev3-1191218-2026-03-05T10:10:45.204439-05:00,1191218,21210721,77101805,Servicios de control de calidad ambiental,UNSPSC
ocds-dgv273-seacev3-1190031,ocds-dgv273-seacev3-1190031-2026-03-05T10:10:45.042639-05:00,1190031,21207758,92101501,Servicios de vigilancia,UNSPSC
ocds-dgv273-seacev3-1190120,ocds-dgv273-seacev3-1190120-2026-03-05T10:10:43.947798-05:00,1190120,21207806,92101501,Servicios de vigilancia,UNSPSC
ocds-dgv273-seacev3-1191304,ocds-dgv273-seacev3-1191304-2026-03-05T10:10:43.150095-05:00,1191304,21210989,77101805,Servicios de control de calidad ambiental,UNSPSC
ocds-dgv273-seacev3-1191167,ocds-dgv273-seacev3-1191167-2026-03-05T10:10:43.060669-05:00,1191167,21210662,77101805,Servicios de control de calidad ambiental,UNSPSC
ocds-dgv273-seacev3-2026-1578-1,ocds-dgv273-seacev3-2026-1578-1-2026-03-05T10:10:42.144238-05:00,1187390,21199230,15101505,Diesel,UNSPSC
ocds-dgv273-seacev3-2026-1578-1,ocds-dgv273-seacev3-2026-1578-1-2026-03-05T10:10:42.144238-05:00,1187390,21201178,15101505,Diesel,UNSPSC
ocds-dgv273-seacev3-2026-200575-2,ocds-dgv273-seacev3-2026-200575-2-2026-03-05T10:10:40.901638-05:00,1186335,21195219,78101703,Servicios de transporte nacional por barcaza,UNSPSC
ocds-dgv273-seacev3-2026-200575-2,ocds-dgv273-seacev3-2026-200575-2-2026-03-05T10:10:40.901638-05:00,1186335,21197721,78101703,Servicios de transporte nacional por barcaza,UNSPSC
ocds-dgv273-seacev3-2026-811-2,ocds-dgv273-seacev3-2026-811-2-2026-03-05T10:10:40.074179-05:00,1186374,21197764,10151605,Semillas de avena,UNSPSC
ocds-dgv273-seacev3-2026-593-6,ocds-dgv273-seacev3-2026-593-6-2026-03-05T10:10:39.711567-05:00,1186658,21200264,15101505,Diesel,UNSPSC
ocds-dgv273-seacev3-1191297,ocds-dgv273-seacev3-1191297-2026-03-05T10:10:36.432634-05:00,1191297,21211016,77101805,Servicios de control de calidad ambiental,UNSPSC
ocds-dgv273-seacev3-1189611,ocds-dgv273-seacev3-1189611-2026-03-05T10:10:35.360295-05:00,1189611,21206391,15101505,Diesel,UNSPSC
ocds-dgv273-seacev3-1191360,ocds-dgv273-seacev3-1191360-2026-03-05T10:10:34.915961-05:00,1191360,21211166,77101805,Servicios de control de calidad ambiental,UNSPSC
ocds-dgv273-seacev3-1191328,ocds-dgv273-seacev3-1191328-2026-03-05T10:10:34.453317-05:00,1191328,21211065,77101805,Servicios de control de calidad ambiental,UNSPSC
ocds-dgv273-seacev3-1189149,ocds-dgv273-seacev3-1189149-2026-03-05T10:10:33.187862-05:00,1189149,21205111,72102103,Servicios de exterminación o fumigación,UNSPSC
ocds-dgv273-seacev3-2026-1753-1,ocds-dgv273-seacev3-2026-1753-1-2026-03-05T10:10:32.989073-05:00,1187070,21200642,50131702,Leche o productos de mantequilla estables sin refrigerar,UNSPSC
ocds-dgv273-seacev3-2026-1116-7,ocds-dgv273-seacev3-2026-1116-7-2026-03-05T10:10:32.734763-05:00,1186516,21197861,30111601,Cemento,UNSPSC
ocds-dgv273-seacev3-2026-200509-2,ocds-dgv273-seacev3-2026-200509-2-2026-03-04T10:08:49.351752-05:00,1189576,21206388,92101501,Servicios de vigilancia,UNSPSC
ocds-dgv273-seacev3-1188242,ocds-dgv273-seacev3-1188242-2026-03-04T10:08:48.306398-05:00,1188242,21212842,80131502,Alquiler de instalaciones comerciales o industriales,UNSPSC
ocds-dgv273-seacev3-1191506,ocds-dgv273-seacev3-1191506-2026-03-04T10:08:47.754098-05:00,1191506,21211510,77101805,Servicios de control de calidad ambiental,UNSPSC
ocds-dgv273-seacev3-1188855,ocds-dgv273-seacev3-1188855-2026-03-04T10:08:45.077257-05:00,1188855,21204541,77121704,Servicios de tratamiento de aguas superficiales,UNSPSC
ocds-dgv273-seacev3-1188818,ocds-dgv273-seacev3-1188818-2026-03-04T10:08:45.050226-05:00,1188818,21204424,77121704,Servicios de tratamiento de aguas superficiales,UNSPSC
ocds-dgv273-seacev3-1187844,ocds-dgv273-seacev3-1187844-2026-03-04T10:08:43.090383-05:00,1187844,21202176,10171605,Mezclas Nitrógeno Fósforo Potasio,UNSPSC
ocds-dgv273-seacev3-1187439,ocds-dgv273-seacev3-1187439-2026-03-04T10:08:42.734831-05:00,1187439,21201024,80131502,Alquiler de instalaciones comerciales o industriales,UNSPSC
ocds-dgv273-seacev3-1187278,ocds-dgv273-seacev3-1187278-2026-03-04T10:08:42.720567-05:00,1187278,21200834,43222503,Equipo de seguridad de evaluación de vulnerabilidad,UNSPSC
ocds-dgv273-seacev3-1186585,ocds-dgv273-seacev3-1186585-2026-03-04T10:08:42.564773-05:00,1186585,21200216,76122003,Disposición final para desechos peligrosos,UNSPSC
ocds-dgv273-seacev3-1191991,ocds-dgv273-seacev3-1191991-2026-03-04T10:08:38.275615-05:00,1191991,21212857,80141607,Gestión de eventos,UNSPSC
ocds-dgv273-seacev3-1191469,ocds-dgv273-seacev3-1191469-2026-03-04T10:08:34.862499-05:00,1191469,21211432,77101805,Servicios de control de calidad ambiental,UNSPSC
ocds-dgv273-seacev3-1189546,ocds-dgv273-seacev3-1189546-2026-03-04T10:08:34.732614-05:00,1189546,21206097,30111601,Cemento,UNSPSC
ocds-dgv273-seacev3-1191492,ocds-dgv273-seacev3-1191492-2026-03-04T10:08:34.707160-05:00,1191492,21211461,77101805,Servicios de control de calidad ambiental,UNSPSC
ocds-dgv273-seacev3-1192284,ocds-dgv273-seacev3-1192284-2026-03-04T10:08:34.497073-05:00,1192284,21213395,81112501,Servicio de licencias para software de computadoras,UNSPSC
ocds-dgv273-seacev3-1187889,ocds-dgv273-seacev3-1187889-2026-03-04T10:08:32.822226-05:00,1187889,21202694,72154028,Servicios de instalación y mantenimiento de señales,UNSPSC
ocds-dgv273-seacev3-1187080,ocds-dgv273-seacev3-1187080-2026-03-04T10:08:32.710347-05:00,1187080,21198243,78111808,Alquiler de vehículos,UNSPSC
ocds-dgv273-seacev3-1185720,ocds-dgv273-seacev3-1185720-2026-03-04T10:08:31.559258-05:00,1185720,21197146,76111501,Servicios de limpieza de edificios,UNSPSC
ocds-dgv273-seacev3-1188899,ocds-dgv273-seacev3-1188899-2026-03-04T10:08:28.597155-05:00,1188899,21204598,70131707,Análisis de fertilidad del suelo,UNSPSC
ocds-dgv273-seacev3-1191502,ocds-dgv273-seacev3-1191502-2026-03-04T10:08:28.126158-05:00,1191502,21211485,77101805,Servicios de control de calidad ambiental,UNSPSC
ocds-dgv273-seacev3-1192035,ocds-dgv273-seacev3-1192035-2026-03-04T10:08:27.584983-05:00,1192035,21212925,82101603,Publicidad en Internet,UNSPSC
ocds-dgv273-seacev3-1190949,ocds-dgv273-seacev3-1190949-2026-03-04T10:08:27.155063-05:00,1190949,21210300,72121406,Servicios de construcción de escuelas,UNSPSC
ocds-dgv273-seacev3-2026-816-7,ocds-dgv273-seacev3-2026-816-7-2026-03-04T10:08:26.739873-05:00,1189269,21205438,30111601,Cemento,UNSPSC
ocds-dgv273-seacev3-1188982,ocds-dgv273-seacev3-1188982-2026-03-04T10:08:24.243331-05:00,1188982,21204775,30111505,Hormigón premezclado,UNSPSC
ocds-dgv273-seacev3-1188334,ocds-dgv273-seacev3-1188334-2026-03-04T10:08:24.057481-05:00,1188334,21203381,72121103,Servicios de renovación y reparación de edificios comerciales y de oficinas,UNSPSC
ocds-dgv273-seacev3-1187586,ocds-dgv273-seacev3-1187586-2026-03-04T10:08:24.043747-05:00,1187586,21201407,83121703,Servicios relacionados con Internet,UNSPSC
ocds-dgv273-seacev3-2026-1851-2,ocds-dgv273-seacev3-2026-1851-2-2026-03-04T10:08:23.851344-05:00,1185483,21196909,72121203,Servicios de construcción de silos y de edificaciones para servicio agrícola,UNSPSC
ocds-dgv273-seacev3-2026-351-1,ocds-dgv273-seacev3-2026-351-1-2026-03-04T10:08:23.712430-05:00,1186536,21200168,72121102,Servicios de construcción de edificios comerciales y de oficinas prefabricadas,UNSPSC
ocds-dgv273-seacev3-2026-10388-1,ocds-dgv273-seacev3-2026-10388-1-2026-03-04T10:08:23.524671-05:00,1186090,21199602,78141501,Servicios de expedición de carga,UNSPSC
ocds-dgv273-seacev3-2026-109133-2,ocds-dgv273-seacev3-2026-109133-2-2026-03-04T10:08:22.565362-05:00,1186080,21199587,50131702,Leche o productos de mantequilla estables sin refrigerar,UNSPSC
ocds-dgv273-seacev3-2026-109133-2,ocds-dgv273-seacev3-2026-109133-2-2026-03-04T10:08:22.565362-05:00,1186080,21199586,50221101,Granos de cereal,UNSPSC
ocds-dgv273-seacev3-1186623,ocds-dgv273-seacev3-1186623-2026-03-04T10:08:21.534883-05:00,1186623,21197927,42161507,Soluciones para diálisis peritoneal,UNSPSC
ocds-dgv273-seacev3-2026-1947-7,ocds-dgv273-seacev3-2026-1947-7-2026-03-04T10:08:16.511608-05:00,1191731,21211926,80141607,Gestión de eventos,UNSPSC
ocds-dgv273-seacev3-1189252,ocds-dgv273-seacev3-1189252-2026-03-04T10:08:16.083998-05:00,1189252,21205509,15101505,Diesel,UNSPSC
ocds-dgv273-seacev3-1192014,ocds-dgv273-seacev3-1192014-2026-03-04T10:08:15.791330-05:00,1192014,21212699,82101603,Publicidad en Internet,UNSPSC
ocds-dgv273-seacev3-1191541,ocds-dgv273-seacev3-1191541-2026-03-04T10:08:14.904532-05:00,1191541,21211565,77101805,Servicios de control de calidad ambiental,UNSPSC
ocds-dgv273-seacev3-1191456,ocds-dgv273-seacev3-1191456-2026-03-04T10:08:13.516255-05:00,1191456,21211447,77101805,Servicios de control de calidad ambiental,UNSPSC
ocds-dgv273-seacev3-1191442,ocds-dgv273-seacev3-1191442-2026-03-04T10:08:13.502614-05:00,1191442,21211400,77101805,Servicios de control de calidad ambiental,UNSPSC
ocds-dgv273-seacev3-1188197,ocds-dgv273-seacev3-1188197-2026-03-04T10:08:11.638609-05:00,1188197,21203197,80131502,Alquiler de instalaciones comerciales o industriales,UNSPSC
ocds-dgv273-seacev3-2026-10211-5,ocds-dgv273-seacev3-2026-10211-5-2026-03-04T10:08:11.330828-05:00,1188405,21203635,51131604,Warfarina sódica,UNSPSC
ocds-dgv273-seacev3-1186880,ocds-dgv273-seacev3-1186880-2026-03-04T10:08:10.312672-05:00,1186880,21198093,83121703,Servicios relacionados con Internet,UNSPSC
ocds-dgv273-seacev3-1186640,ocds-dgv273-seacev3-1186640-2026-03-04T10:08:10.292430-05:00,1186640,21197930,42221520,Obturador o introductor de punta dilatadora para cánula arterial,UNSPSC
ocds-dgv273-seacev3-1174244,ocds-dgv273-seacev3-1174244-2026-03-04T10:08:07.616880-05:00,1174244,21156837,81101508,Ingeniería arquitectónica,UNSPSC
ocds-dgv273-seacev3-1188998,ocds-dgv273-seacev3-1188998-2026-03-04T10:08:04.437773-05:00,1188998,21204882,72141128,Servicio de remodelación  y/o construcción de plazas públicas,UNSPSC
ocds-dgv273-seacev3-1187344,ocds-dgv273-seacev3-1187344-2026-03-04T10:08:04.355936-05:00,1187344,21201136,72121403,Servicios de construcción de hospitales,UNSPSC
ocds-dgv273-seacev3-1186298,ocds-dgv273-seacev3-1186298-2026-03-04T10:08:02.913766-05:00,1186298,21199829,78111808,Alquiler de vehículos,UNSPSC
ocds-dgv273-seacev3-2026-1886-2,ocds-dgv273-seacev3-2026-1886-2-2026-03-04T10:08:02.826442-05:00,1186891,21200459,15101505,Diesel,UNSPSC
ocds-dgv273-seacev3-2026-119558-6,ocds-dgv273-seacev3-2026-119558-6-2026-03-04T10:08:01.860450-05:00,1187139,21200708,85121601,Servicios ginecológicos u obstétricos,UNSPSC
ocds-dgv273-seacev3-1187768,ocds-dgv273-seacev3-1187768-2026-03-04T10:08:01.638654-05:00,1187768,21201776,46181506,Ponchos protectores,UNSPSC
ocds-dgv273-seacev3-2026-1587-4,ocds-dgv273-seacev3-2026-1587-4-2026-03-04T10:08:01.464121-05:00,1186202,21197586,81101508,Ingeniería arquitectónica,UNSPSC
ocds-dgv273-seacev3-1186845,ocds-dgv273-seacev3-1186845-2026-03-04T10:08:01.187474-05:00,1186845,21198058,72141107,Servicios de construcción y reparación de puentes,UNSPSC
ocds-dgv273-seacev3-1190068,ocds-dgv273-seacev3-1190068-2026-03-03T10:15:37.671871-05:00,1190068,21207963,72121203,Servicios de construcción de silos y de edificaciones para servicio agrícola,UNSPSC
ocds-dgv273-seacev3-2026-10564-22,ocds-dgv273-seacev3-2026-10564-22-2026-03-03T10:15:37.002695-05:00,1189461,21205923,21101801,Aspersores,UNSPSC
ocds-dgv273-seacev3-1192098,ocds-dgv273-seacev3-1192098-2026-03-03T10:15:35.188716-05:00,1192098,21212820,51111716,Rituximab,UNSPSC
ocds-dgv273-seacev3-1192098,ocds-dgv273-seacev3-1192098-2026-03-03T10:15:35.188716-05:00,1192098,21212819,51112701,Carboplatin,UNSPSC
ocds-dgv273-seacev3-1188097,ocds-dgv273-seacev3-1188097-2026-03-03T10:15:24.353835-05:00,1188097,21202719,72141001,Servicios de construcción de pistas y carreteras nuevas,UNSPSC
ocds-dgv273-seacev3-1191149,ocds-dgv273-seacev3-1191149-2026-03-03T10:15:23.086931-05:00,1191149,21210686,42161608,Soluciones de dializados para hemodiálisis,UNSPSC
ocds-dgv273-seacev3-1191149,ocds-dgv273-seacev3-1191149-2026-03-03T10:15:23.086931-05:00,1191149,21210641,42161613,Filtros dializadores de colodión para hemodiálisis,UNSPSC
ocds-dgv273-seacev3-2026-1576-1,ocds-dgv273-seacev3-2026-1576-1-2026-03-03T10:15:16.607245-05:00,1190821,21209989,50131702,Leche o productos de mantequilla estables sin refrigerar,UNSPSC
ocds-dgv273-seacev3-1191339,ocds-dgv273-seacev3-1191339-2026-03-02T09:52:57.566062-05:00,1191339,21211084,72141701,Servicio de arrendamiento o alquiler de maquinaria de construcción,UNSPSC
ocds-dgv273-seacev3-1191232,ocds-dgv273-seacev3-1191232-2026-03-02T09:52:55.662571-05:00,1191232,21210796,31152002,Alambre de púas,UNSPSC
ocds-dgv273-seacev3-1190433,ocds-dgv273-seacev3-1190433-2026-03-02T09:52:54.973778-05:00,1190433,21208920,72141003,Servicios de mantenimiento de pistas y carreteras,UNSPSC
ocds-dgv273-seacev3-2026-1614-2,ocds-dgv273-seacev3-2026-1614-2-2026-03-02T09:52:54.245031-05:00,1189107,21205024,72153102,Servicios de construcción de campos deportivos interiores,UNSPSC
ocds-dgv273-seacev3-2026-1983-35,ocds-dgv273-seacev3-2026-1983-35-2026-03-02T09:52:53.396630-05:00,1191650,21211789,81101508,Ingeniería arquitectónica,UNSPSC
ocds-dgv273-seacev3-1187027,ocds-dgv273-seacev3-1187027-2026-03-02T09:52:52.305111-05:00,1187027,21198222,30111601,Cemento,UNSPSC
ocds-dgv273-seacev3-1191693,ocds-dgv273-seacev3-1191693-2026-03-01T09:59:22.431724-05:00,1191693,21211858,81161801,Servicio de arrendamiento o alquiler de plataforma o equipo de comunicación de datos,UNSPSC
ocds-dgv273-seacev3-1191623,ocds-dgv273-seacev3-1191623-2026-03-01T09:59:22.394528-05:00,1191623,21211753,82111804,Servicios de traducción escrita,UNSPSC
ocds-dgv273-seacev3-1189861,ocds-dgv273-seacev3-1189861-2026-03-01T09:59:21.700206-05:00,1189861,21207150,77101805,Servicios de control de calidad ambiental,UNSPSC
ocds-dgv273-seacev3-1189557,ocds-dgv273-seacev3-1189557-2026-03-01T09:59:21.557813-05:00,1189557,21206246,77101805,Servicios de control de calidad ambiental,UNSPSC
ocds-dgv273-seacev3-1189552,ocds-dgv273-seacev3-1189552-2026-03-01T09:59:21.539697-05:00,1189552,21206225,77101805,Servicios de control de calidad ambiental,UNSPSC
ocds-dgv273-seacev3-1189097,ocds-dgv273-seacev3-1189097-2026-03-01T09:59:21.332855-05:00,1189097,21207389,80131502,Alquiler de instalaciones comerciales o industriales,UNSPSC
ocds-dgv273-seacev3-2026-957-2,ocds-dgv273-seacev3-2026-957-2-2026-03-01T09:59:20.980303-05:00,1187856,21201989,30111503,Hormigón aislante,UNSPSC
ocds-dgv273-seacev3-1187466,ocds-dgv273-seacev3-1187466-2026-03-01T09:59:20.906443-05:00,1187466,21201245,27112014,Segadora de césped,UNSPSC
ocds-dgv273-seacev3-1191672,ocds-dgv273-seacev3-1191672-2026-03-01T09:59:18.429450-05:00,1191672,21211852,80141607,Gestión de eventos,UNSPSC
ocds-dgv273-seacev3-1191688,ocds-dgv273-seacev3-1191688-2026-03-01T09:59:18.122290-05:00,1191688,21211835,80141607,Gestión de eventos,UNSPSC
ocds-dgv273-seacev3-1189297,ocds-dgv273-seacev3-1189297-2026-03-01T09:59:18.048896-05:00,1189297,21205549,80131502,Alquiler de instalaciones comerciales o industriales,UNSPSC
ocds-dgv273-seacev3-1190945,ocds-dgv273-seacev3-1190945-2026-03-01T09:59:17.578200-05:00,1190945,21210275,81111510,Servicios de desarrollo de aplicaciones de servidor para Internet o intranet,UNSPSC
ocds-dgv273-seacev3-1189865,ocds-dgv273-seacev3-1189865-2026-03-01T09:59:16.401067-05:00,1189865,21207052,77101805,Servicios de control de calidad ambiental,UNSPSC
ocds-dgv273-seacev3-1191593,ocds-dgv273-seacev3-1191593-2026-03-01T09:59:16.325575-05:00,1191593,21211747,80141607,Gestión de eventos,UNSPSC
ocds-dgv273-seacev3-1191102,ocds-dgv273-seacev3-1191102-2026-03-01T09:59:14.667204-05:00,1191102,21210577,77101805,Servicios de control de calidad ambiental,UNSPSC
ocds-dgv273-seacev3-2026-685-7,ocds-dgv273-seacev3-2026-685-7-2026-03-01T09:59:13.777188-05:00,1188745,21204348,72152605,Servicios de montaje y reparación de techos,UNSPSC
ocds-dgv273-seacev3-1187817,ocds-dgv273-seacev3-1187817-2026-03-01T09:59:13.213679-05:00,1187817,21201957,72141003,Servicios de mantenimiento de pistas y carreteras,UNSPSC
ocds-dgv273-seacev3-1187164,ocds-dgv273-seacev3-1187164-2026-03-01T09:59:13.196005-05:00,1187164,21200721,50192109,"Papas fritas en hojuelas y al hilo, mix de bocaditos o galletas saladas",UNSPSC
ocds-dgv273-seacev3-1187164,ocds-dgv273-seacev3-1187164-2026-03-01T09:59:13.196005-05:00,1187164,21200720,50131702,Leche o productos de mantequilla estables sin refrigerar,UNSPSC
ocds-dgv273-seacev3-1185977,ocds-dgv273-seacev3-1185977-2026-03-01T09:59:13.066819-05:00,1185977,21199519,81112401,Alquiler de hardware de computación,UNSPSC
ocds-dgv273-seacev3-1186282,ocds-dgv273-seacev3-1186282-2026-03-01T09:59:12.508190-05:00,1186282,21197664,72154013,Servicios de construcción de cercos,UNSPSC
ocds-dgv273-seacev3-1191691,ocds-dgv273-seacev3-1191691-2026-03-01T09:59:09.478132-05:00,1191691,21211849,81161801,Servicio de arrendamiento o alquiler de plataforma o equipo de comunicación de datos,UNSPSC
ocds-dgv273-seacev3-1189922,ocds-dgv273-seacev3-1189922-2026-03-01T09:59:09.080762-05:00,1189922,21207415,23111502,Maquinaria para destilación de crudo,UNSPSC
ocds-dgv273-seacev3-1190616,ocds-dgv273-seacev3-1190616-2026-03-01T09:59:07.229078-05:00,1190616,21209502,50131702,Leche o productos de mantequilla estables sin refrigerar,UNSPSC
ocds-dgv273-seacev3-1190616,ocds-dgv273-seacev3-1190616-2026-03-01T09:59:07.229078-05:00,1190616,21209503,50221101,Granos de cereal,UNSPSC
ocds-dgv273-seacev3-1189601,ocds-dgv273-seacev3-1189601-2026-03-01T09:59:07.179644-05:00,1189601,21206293,77101805,Servicios de control de calidad ambiental,UNSPSC
ocds-dgv273-seacev3-1191203,ocds-dgv273-seacev3-1191203-2026-03-01T09:59:06.929657-05:00,1191203,21210704,15101505,Diesel,UNSPSC
ocds-dgv273-seacev3-1187705,ocds-dgv273-seacev3-1187705-2026-03-01T09:59:05.190168-05:00,1187705,21201711,11111611,Grava,UNSPSC
ocds-dgv273-seacev3-2026-10572-1,ocds-dgv273-seacev3-2026-10572-1-2026-03-01T09:59:04.881292-05:00,1187063,21196902,78141501,Servicios de expedición de carga,UNSPSC
ocds-dgv273-seacev3-2026-10572-1,ocds-dgv273-seacev3-2026-10572-1-2026-03-01T09:59:04.881292-05:00,1187063,21200636,78141501,Servicios de expedición de carga,UNSPSC
ocds-dgv273-seacev3-1186037,ocds-dgv273-seacev3-1186037-2026-03-01T09:59:04.247696-05:00,1186037,21197474,39122103,Poste de servicios públicos,UNSPSC
ocds-dgv273-seacev3-2026-643-1,ocds-dgv273-seacev3-2026-643-1-2026-03-01T09:59:04.170069-05:00,1186196,21199743,50192109,"Papas fritas en hojuelas y al hilo, mix de bocaditos o galletas saladas",UNSPSC
ocds-dgv273-seacev3-1186191,ocds-dgv273-seacev3-1186191-2026-03-01T09:59:04.090826-05:00,1186191,21197585,81101515,Ingeniería de infraestructura de plantas o instalaciones,UNSPSC
ocds-dgv273-seacev3-2026-629-3,ocds-dgv273-seacev3-2026-629-3-2026-03-01T09:59:03.546495-05:00,1186103,21199619,72121406,Servicios de construcción de escuelas,UNSPSC
ocds-dgv273-seacev3-1187479,ocds-dgv273-seacev3-1187479-2026-03-01T09:59:03.235476-05:00,1187479,21201065,78111802,Servicios programados de autobús,UNSPSC
ocds-dgv273-seacev3-1187192,ocds-dgv273-seacev3-1187192-2026-03-01T09:59:02.907558-05:00,1187192,21200757,15101505,Diesel,UNSPSC
ocds-dgv273-seacev3-2026-1316-6,ocds-dgv273-seacev3-2026-1316-6-2026-03-01T09:59:02.691009-05:00,1186197,21199744,82121507,Impresión de formularios comerciales o papelería,UNSPSC
ocds-dgv273-seacev3-2026-1952-80,ocds-dgv273-seacev3-2026-1952-80-2026-03-01T09:58:59.573445-05:00,1191583,21211687,81111602,Programación de Java,UNSPSC
ocds-dgv273-seacev3-1189630,ocds-dgv273-seacev3-1189630-2026-03-01T09:58:58.674260-05:00,1189630,21206350,77101805,Servicios de control de calidad ambiental,UNSPSC
ocds-dgv273-seacev3-1191178,ocds-dgv273-seacev3-1191178-2026-03-01T09:58:58.566194-05:00,1191178,21210644,77101805,Servicios de control de calidad ambiental,UNSPSC
ocds-dgv273-seacev3-2026-1886-3,ocds-dgv273-seacev3-2026-1886-3-2026-03-01T09:58:57.801084-05:00,1189089,21204997,15101506,Gasolina o Petróleo,UNSPSC
ocds-dgv273-seacev3-2026-200344-34,ocds-dgv273-seacev3-2026-200344-34-2026-03-01T09:58:57.727960-05:00,1191423,21211305,93141701,Organizaciones de eventos culturales,UNSPSC
ocds-dgv273-seacev3-1189582,ocds-dgv273-seacev3-1189582-2026-03-01T09:58:57.698103-05:00,1189582,21206258,77101805,Servicios de control de calidad ambiental,UNSPSC
ocds-dgv273-seacev3-1189590,ocds-dgv273-seacev3-1189590-2026-03-01T09:58:57.080948-05:00,1189590,21206272,77101805,Servicios de control de calidad ambiental,UNSPSC
ocds-dgv273-seacev3-1188324,ocds-dgv273-seacev3-1188324-2026-03-01T09:58:54.891569-05:00,1188324,21203371,81101508,Ingeniería arquitectónica,UNSPSC
ocds-dgv273-seacev3-1187941,ocds-dgv273-seacev3-1187941-2026-03-01T09:58:54.850213-05:00,1187941,21202005,15101505,Diesel,UNSPSC
ocds-dgv273-seacev3-2026-200130-17,ocds-dgv273-seacev3-2026-200130-17-2026-03-01T09:58:54.709893-05:00,1186541,21197866,91111603,Servicios de cocina o preparación de comidas,UNSPSC
ocds-dgv273-seacev3-1187129,ocds-dgv273-seacev3-1187129-2026-03-01T09:58:54.120757-05:00,1187129,21198292,43232801,Software de vigilancia de redes,UNSPSC
ocds-dgv273-seacev3-1191053,ocds-dgv273-seacev3-1191053-2026-02-28T10:11:23.988504-05:00,1191053,21210458,77101805,Servicios de control de calidad ambiental,UNSPSC
ocds-dgv273-seacev3-1190524,ocds-dgv273-seacev3-1190524-2026-02-28T10:11:23.649963-05:00,1190524,21209134,77101805,Servicios de control de calidad ambiental,UNSPSC
ocds-dgv273-seacev3-1190102,ocds-dgv273-seacev3-1190102-2026-02-28T10:11:23.561130-05:00,1190102,21207821,77101805,Servicios de control de calidad ambiental,UNSPSC
ocds-dgv273-seacev3-1189998,ocds-dgv273-seacev3-1189998-2026-02-28T10:11:23.525644-05:00,1189998,21207579,77101805,Servicios de control de calidad ambiental,UNSPSC
ocds-dgv273-seacev3-1188944,ocds-dgv273-seacev3-1188944-2026-02-28T10:11:23.449662-05:00,1188944,21204701,77101805,Servicios de control de calidad ambiental,UNSPSC
ocds-dgv273-seacev3-1190545,ocds-dgv273-seacev3-1190545-2026-02-28T10:11:23.421681-05:00,1190545,21209121,80141607,Gestión de eventos,UNSPSC
ocds-dgv273-seacev3-1189855,ocds-dgv273-seacev3-1189855-2026-02-28T10:11:23.373116-05:00,1189855,21207027,77101805,Servicios de control de calidad ambiental,UNSPSC
ocds-dgv273-seacev3-1188507,ocds-dgv273-seacev3-1188507-2026-02-28T10:11:23.353221-05:00,1188507,21203879,15101505,Diesel,UNSPSC
ocds-dgv273-seacev3-1190562,ocds-dgv273-seacev3-1190562-2026-02-28T10:11:23.286358-05:00,1190562,21209236,77101805,Servicios de control de calidad ambiental,UNSPSC
ocds-dgv273-seacev3-1190547,ocds-dgv273-seacev3-1190547-2026-02-28T10:11:23.232153-05:00,1190547,21209123,77101805,Servicios de control de calidad ambiental,UNSPSC
ocds-dgv273-seacev3-1190549,ocds-dgv273-seacev3-1190549-2026-02-28T10:11:23.156694-05:00,1190549,21209147,77101805,Servicios de control de calidad ambiental,UNSPSC
ocds-dgv273-seacev3-1189890,ocds-dgv273-seacev3-1189890-2026-02-28T10:11:22.883899-05:00,1189890,21207447,77101805,Servicios de control de calidad ambiental,UNSPSC
ocds-dgv273-seacev3-1190543,ocds-dgv273-seacev3-1190543-2026-02-28T10:11:22.810883-05:00,1190543,21209119,77101805,Servicios de control de calidad ambiental,UNSPSC
ocds-dgv273-seacev3-1190656,ocds-dgv273-seacev3-1190656-2026-02-28T10:11:22.526989-05:00,1190656,21209538,77101805,Servicios de control de calidad ambiental,UNSPSC
ocds-dgv273-seacev3-1188722,ocds-dgv273-seacev3-1188722-2026-02-28T10:11:22.264208-05:00,1188722,21204244,77101805,Servicios de control de calidad ambiental,UNSPSC
ocds-dgv273-seacev3-1190946,ocds-dgv273-seacev3-1190946-2026-02-28T10:11:22.188543-05:00,1190946,21210273,77101805,Servicios de control de calidad ambiental,UNSPSC
ocds-dgv273-seacev3-1188868,ocds-dgv273-seacev3-1188868-2026-02-28T10:11:21.715864-05:00,1188868,21204567,77101805,Servicios de control de calidad ambiental,UNSPSC
ocds-dgv273-seacev3-1190499,ocds-dgv273-seacev3-1190499-2026-02-28T10:11:21.591379-05:00,1190499,21209043,77101805,Servicios de control de calidad ambiental,UNSPSC
ocds-dgv273-seacev3-1188830,ocds-dgv273-seacev3-1188830-2026-02-28T10:11:21.501348-05:00,1188830,21204506,77101805,Servicios de control de calidad ambiental,UNSPSC
ocds-dgv273-seacev3-2026-1156-2,ocds-dgv273-seacev3-2026-1156-2-2026-02-28T10:11:21.461452-05:00,1188187,21203183,10161503,Cacaos,UNSPSC
ocds-dgv273-seacev3-1190124,ocds-dgv273-seacev3-1190124-2026-02-28T10:11:21.289088-05:00,1190124,21207808,77101805,Servicios de control de calidad ambiental,UNSPSC
ocds-dgv273-seacev3-1189194,ocds-dgv273-seacev3-1189194-2026-02-28T10:11:21.203446-05:00,1189194,21205259,72141001,Servicios de construcción de pistas y carreteras nuevas,UNSPSC
ocds-dgv273-seacev3-1189454,ocds-dgv273-seacev3-1189454-2026-02-28T10:11:20.959510-05:00,1189454,21205955,77101805,Servicios de control de calidad ambiental,UNSPSC
ocds-dgv273-seacev3-1189991,ocds-dgv273-seacev3-1189991-2026-02-28T10:11:20.913073-05:00,1189991,21207641,77101805,Servicios de control de calidad ambiental,UNSPSC
ocds-dgv273-seacev3-1188560,ocds-dgv273-seacev3-1188560-2026-02-28T10:11:19.777881-05:00,1188560,21203951,77101805,Servicios de control de calidad ambiental,UNSPSC
ocds-dgv273-seacev3-1186173,ocds-dgv273-seacev3-1186173-2026-02-28T10:11:19.740786-05:00,1186173,21197560,72152801,Servicios de perforación de pozos de agua domésticos,UNSPSC
ocds-dgv273-seacev3-1188832,ocds-dgv273-seacev3-1188832-2026-02-28T10:11:19.517160-05:00,1188832,21204508,77101805,Servicios de control de calidad ambiental,UNSPSC
ocds-dgv273-seacev3-1188812,ocds-dgv273-seacev3-1188812-2026-02-28T10:11:19.021947-05:00,1188812,21204505,78111808,Alquiler de vehículos,UNSPSC
ocds-dgv273-seacev3-1187160,ocds-dgv273-seacev3-1187160-2026-02-28T10:11:18.059539-05:00,1187160,21200715,77101805,Servicios de control de calidad ambiental,UNSPSC
ocds-dgv273-seacev3-2026-252439-4,ocds-dgv273-seacev3-2026-252439-4-2026-02-28T10:11:17.754299-05:00,1186107,21199623,15101505,Diesel,UNSPSC
ocds-dgv273-seacev3-1187215,ocds-dgv273-seacev3-1187215-2026-02-28T10:11:17.623345-05:00,1187215,21198355,77101805,Servicios de control de calidad ambiental,UNSPSC
ocds-dgv273-seacev3-1190128,ocds-dgv273-seacev3-1190128-2026-02-28T10:11:13.060795-05:00,1190128,21207811,77101805,Servicios de control de calidad ambiental,UNSPSC
ocds-dgv273-seacev3-1190004,ocds-dgv273-seacev3-1190004-2026-02-28T10:11:13.040288-05:00,1190004,21207634,77101805,Servicios de control de calidad ambiental,UNSPSC
ocds-dgv273-seacev3-1191116,ocds-dgv273-seacev3-1191116-2026-02-28T10:11:13.000141-05:00,1191116,21210628,82101603,Publicidad en Internet,UNSPSC
ocds-dgv273-seacev3-1189643,ocds-dgv273-seacev3-1189643-2026-02-28T10:11:12.972137-05:00,1189643,21206355,77101805,Servicios de control de calidad ambiental,UNSPSC
ocds-dgv273-seacev3-1189118,ocds-dgv273-seacev3-1189118-2026-02-28T10:11:12.841071-05:00,1189118,21205032,77101805,Servicios de control de calidad ambiental,UNSPSC
ocds-dgv273-seacev3-1188900,ocds-dgv273-seacev3-1188900-2026-02-28T10:11:12.827120-05:00,1188900,21204654,77101805,Servicios de control de calidad ambiental,UNSPSC
ocds-dgv273-seacev3-1188917,ocds-dgv273-seacev3-1188917-2026-02-28T10:11:12.813078-05:00,1188917,21204826,77101805,Servicios de control de calidad ambiental,UNSPSC
ocds-dgv273-seacev3-1189921,ocds-dgv273-seacev3-1189921-2026-02-28T10:11:12.520150-05:00,1189921,21207407,77101805,Servicios de control de calidad ambiental,UNSPSC
ocds-dgv273-seacev3-1189245,ocds-dgv273-seacev3-1189245-2026-02-28T10:11:12.314215-05:00,1189245,21205405,78101805,Servicio de alquiler de camión pipa y tráiler,UNSPSC
ocds-dgv273-seacev3-1189145,ocds-dgv273-seacev3-1189145-2026-02-28T10:11:11.886761-05:00,1189145,21205107,77101805,Servicios de control de calidad ambiental,UNSPSC
ocds-dgv273-seacev3-1188841,ocds-dgv273-seacev3-1188841-2026-02-28T10:11:11.611529-05:00,1188841,21204518,77101805,Servicios de control de calidad ambiental,UNSPSC
ocds-dgv273-seacev3-1188876,ocds-dgv273-seacev3-1188876-2026-02-28T10:11:11.536740-05:00,1188876,21204651,77101805,Servicios de control de calidad ambiental,UNSPSC
ocds-dgv273-seacev3-1190533,ocds-dgv273-seacev3-1190533-2026-02-28T10:11:11.388988-05:00,1190533,21209387,77101805,Servicios de control de calidad ambiental,UNSPSC
ocds-dgv273-seacev3-1189810,ocds-dgv273-seacev3-1189810-2026-02-28T10:11:11.322076-05:00,1189810,21206915,77101805,Servicios de control de calidad ambiental,UNSPSC
ocds-dgv273-seacev3-1188713,ocds-dgv273-seacev3-1188713-2026-02-28T10:11:11.307783-05:00,1188713,21204266,77101805,Servicios de control de calidad ambiental,UNSPSC
ocds-dgv273-seacev3-1188875,ocds-dgv273-seacev3-1188875-2026-02-28T10:11:11.101540-05:00,1188875,21204652,77101805,Servicios de control de calidad ambiental,UNSPSC
ocds-dgv273-seacev3-1189558,ocds-dgv273-seacev3-1189558-2026-02-28T10:11:10.430322-05:00,1189558,21206220,77101805,Servicios de control de calidad ambiental,UNSPSC
ocds-dgv273-seacev3-1188859,ocds-dgv273-seacev3-1188859-2026-02-28T10:11:10.377772-05:00,1188859,21204554,77101805,Servicios de control de calidad ambiental,UNSPSC
ocds-dgv273-seacev3-1188761,ocds-dgv273-seacev3-1188761-2026-02-28T10:11:10.363607-05:00,1188761,21204353,77101805,Servicios de control de calidad ambiental,UNSPSC
ocds-dgv273-seacev3-1188932,ocds-dgv273-seacev3-1188932-2026-02-28T10:11:10.131341-05:00,1188932,21204690,77101805,Servicios de control de calidad ambiental,UNSPSC
ocds-dgv273-seacev3-1190519,ocds-dgv273-seacev3-1190519-2026-02-28T10:11:10.103755-05:00,1190519,21209128,77101805,Servicios de control de calidad ambiental,UNSPSC
ocds-dgv273-seacev3-1190001,ocds-dgv273-seacev3-1190001-2026-02-28T10:11:09.174598-05:00,1190001,21207595,77101805,Servicios de control de calidad ambiental,UNSPSC
ocds-dgv273-seacev3-1188579,ocds-dgv273-seacev3-1188579-2026-02-28T10:11:08.844066-05:00,1188579,21203959,77101805,Servicios de control de calidad ambiental,UNSPSC
ocds-dgv273-seacev3-1188930,ocds-dgv273-seacev3-1188930-2026-02-28T10:11:08.606762-05:00,1188930,21204689,77101805,Servicios de control de calidad ambiental,UNSPSC
ocds-dgv273-seacev3-2026-820-21,ocds-dgv273-seacev3-2026-820-21-2026-02-28T10:11:08.183734-05:00,1186804,21198027,15101505,Diesel,UNSPSC
ocds-dgv273-seacev3-1187403,ocds-dgv273-seacev3-1187403-2026-02-28T10:11:07.463869-05:00,1187403,21201170,11161604,Tejidos de lana de ligamento de sarga,UNSPSC
ocds-dgv273-seacev3-1186867,ocds-dgv273-seacev3-1186867-2026-02-28T10:11:07.239898-05:00,1186867,21200432,81101509,Ingeniería de aeropuertos,UNSPSC
ocds-dgv273-seacev3-2026-785-2,ocds-dgv273-seacev3-2026-785-2-2026-02-28T10:11:07.015451-05:00,1187433,21201213,72101507,Servicio de mantenimiento de edificios,UNSPSC
ocds-dgv273-seacev3-1187235,ocds-dgv273-seacev3-1187235-2026-02-28T10:11:06.989500-05:00,1187235,21200798,77101805,Servicios de control de calidad ambiental,UNSPSC
ocds-dgv273-seacev3-1190617,ocds-dgv273-seacev3-1190617-2026-02-28T10:11:02.655641-05:00,1190617,21209507,77101805,Servicios de control de calidad ambiental,UNSPSC
ocds-dgv273-seacev3-1189550,ocds-dgv273-seacev3-1189550-2026-02-28T10:11:02.541758-05:00,1189550,21206219,77101805,Servicios de control de calidad ambiental,UNSPSC
ocds-dgv273-seacev3-1190002,ocds-dgv273-seacev3-1190002-2026-02-28T10:11:02.470391-05:00,1190002,21207596,77101805,Servicios de control de calidad ambiental,UNSPSC
ocds-dgv273-seacev3-1189420,ocds-dgv273-seacev3-1189420-2026-02-28T10:11:02.151558-05:00,1189420,21205848,77101805,Servicios de control de calidad ambiental,UNSPSC
ocds-dgv273-seacev3-1188727,ocds-dgv273-seacev3-1188727-2026-02-28T10:11:02.111950-05:00,1188727,21204254,77101805,Servicios de control de calidad ambiental,UNSPSC
ocds-dgv273-seacev3-1189125,ocds-dgv273-seacev3-1189125-2026-02-28T10:11:01.917644-05:00,1189125,21205074,77101805,Servicios de control de calidad ambiental,UNSPSC
ocds-dgv273-seacev3-1189423,ocds-dgv273-seacev3-1189423-2026-02-28T10:11:01.779813-05:00,1189423,21205859,77101805,Servicios de control de calidad ambiental,UNSPSC
ocds-dgv273-seacev3-1189584,ocds-dgv273-seacev3-1189584-2026-02-28T10:11:01.724734-05:00,1189584,21206337,80131502,Alquiler de instalaciones comerciales o industriales,UNSPSC
ocds-dgv273-seacev3-1188200,ocds-dgv273-seacev3-1188200-2026-02-28T10:11:01.410616-05:00,1188200,21202787,72121406,Servicios de construcción de escuelas,UNSPSC
ocds-dgv273-seacev3-1188782,ocds-dgv273-seacev3-1188782-2026-02-28T10:11:01.144902-05:00,1188782,21204406,77101805,Servicios de control de calidad ambiental,UNSPSC
ocds-dgv273-seacev3-1190624,ocds-dgv273-seacev3-1190624-2026-02-28T10:11:00.900924-05:00,1190624,21209437,77101805,Servicios de control de calidad ambiental,UNSPSC
ocds-dgv273-seacev3-1189095,ocds-dgv273-seacev3-1189095-2026-02-28T10:11:00.781060-05:00,1189095,21205028,77101805,Servicios de control de calidad ambiental,UNSPSC
ocds-dgv273-seacev3-1190532,ocds-dgv273-seacev3-1190532-2026-02-28T10:11:00.747180-05:00,1190532,21209144,77101805,Servicios de control de calidad ambiental,UNSPSC
ocds-dgv273-seacev3-1188176,ocds-dgv273-seacev3-1188176-2026-02-28T10:11:00.603141-05:00,1188176,21202784,72121406,Servicios de construcción de escuelas,UNSPSC
ocds-dgv273-seacev3-1189436,ocds-dgv273-seacev3-1189436-2026-02-28T10:11:00.348966-05:00,1189436,21205917,77101805,Servicios de control de calidad ambiental,UNSPSC
ocds-dgv273-seacev3-1188327,ocds-dgv273-seacev3-1188327-2026-02-28T10:11:00.309111-05:00,1188327,21203374,82121599,Impresión,UNSPSC
ocds-dgv273-seacev3-1188921,ocds-dgv273-seacev3-1188921-2026-02-28T10:10:59.022989-05:00,1188921,21204684,77101805,Servicios de control de calidad ambiental,UNSPSC
ocds-dgv273-seacev3-1188829,ocds-dgv273-seacev3-1188829-2026-02-28T10:10:59.009184-05:00,1188829,21204462,77101805,Servicios de control de calidad ambiental,UNSPSC
ocds-dgv273-seacev3-2026-10465-1,ocds-dgv273-seacev3-2026-10465-1-2026-02-28T10:10:58.751585-05:00,1186212,21197609,15101505,Diesel,UNSPSC
ocds-dgv273-seacev3-1186952,ocds-dgv273-seacev3-1186952-2026-02-28T10:10:58.616418-05:00,1186952,21200572,50221101,Granos de cereal,UNSPSC
ocds-dgv273-seacev3-2026-1212-12,ocds-dgv273-seacev3-2026-1212-12-2026-02-28T10:10:58.256680-05:00,1186871,21198097,53121603,Mochilas,UNSPSC
ocds-dgv273-seacev3-1186799,ocds-dgv273-seacev3-1186799-2026-02-28T10:10:58.240415-05:00,1186799,21198014,78141501,Servicios de expedición de carga,UNSPSC
ocds-dgv273-seacev3-1186846,ocds-dgv273-seacev3-1186846-2026-02-28T10:10:58.184880-05:00,1186846,21200408,15101505,Diesel,UNSPSC
ocds-dgv273-seacev3-1186285,ocds-dgv273-seacev3-1186285-2026-02-28T10:10:57.599171-05:00,1186285,21198061,15101505,Diesel,UNSPSC
ocds-dgv273-seacev3-1186216,ocds-dgv273-seacev3-1186216-2026-02-28T10:10:57.391477-05:00,1186216,21199752,15101506,Gasolina o Petróleo,UNSPSC
ocds-dgv273-seacev3-1186385,ocds-dgv273-seacev3-1186385-2026-02-28T10:10:56.939406-05:00,1186385,21199938,77111602,Servicios de descontaminación ambiental,UNSPSC
ocds-dgv273-seacev3-2026-1346-5,ocds-dgv273-seacev3-2026-1346-5-2026-02-28T10:10:56.891243-05:00,1187859,21202144,53131609,Productos para la protección contra el sol,UNSPSC
ocds-dgv273-seacev3-1187231,ocds-dgv273-seacev3-1187231-2026-02-28T10:10:56.818116-05:00,1187231,21200792,77101805,Servicios de control de calidad ambiental,UNSPSC
ocds-dgv273-seacev3-1186210,ocds-dgv273-seacev3-1186210-2026-02-28T10:10:56.762900-05:00,1186210,21197643,80131502,Alquiler de instalaciones comerciales o industriales,UNSPSC
ocds-dgv273-seacev3-1187156,ocds-dgv273-seacev3-1187156-2026-02-28T10:10:56.684177-05:00,1187156,21200733,77101805,Servicios de control de calidad ambiental,UNSPSC
ocds-dgv273-seacev3-1186606,ocds-dgv273-seacev3-1186606-2026-02-28T10:10:56.673182-05:00,1186606,21200239,30131602,Ladrillos de cerámica,UNSPSC
ocds-dgv273-seacev3-2026-1226-1,ocds-dgv273-seacev3-2026-1226-1-2026-02-28T10:10:56.620484-05:00,1188098,21203100,15101505,Diesel,UNSPSC
ocds-dgv273-seacev3-2026-957-1,ocds-dgv273-seacev3-2026-957-1-2026-02-28T10:10:56.478468-05:00,1187874,21202172,30111601,Cemento,UNSPSC
ocds-dgv273-seacev3-1186953,ocds-dgv273-seacev3-1186953-2026-02-28T10:10:56.424194-05:00,1186953,21198168,77101805,Servicios de control de calidad ambiental,UNSPSC
ocds-dgv273-seacev3-2026-10496-1,ocds-dgv273-seacev3-2026-10496-1-2026-02-28T10:10:56.326145-05:00,1187590,21201602,78141501,Servicios de expedición de carga,UNSPSC
ocds-dgv273-seacev3-1187152,ocds-dgv273-seacev3-1187152-2026-02-28T10:10:55.996143-05:00,1187152,21198311,77101805,Servicios de control de calidad ambiental,UNSPSC
ocds-dgv273-seacev3-1186913,ocds-dgv273-seacev3-1186913-2026-02-28T10:10:55.900364-05:00,1186913,21198125,77101805,Servicios de control de calidad ambiental,UNSPSC
ocds-dgv273-seacev3-1186198,ocds-dgv273-seacev3-1186198-2026-02-28T10:10:55.743800-05:00,1186198,21199681,15101505,Diesel,UNSPSC
ocds-dgv273-seacev3-1190062,ocds-dgv273-seacev3-1190062-2026-02-28T10:10:51.193540-05:00,1190062,21207782,77101805,Servicios de control de calidad ambiental,UNSPSC
ocds-dgv273-seacev3-1190007,ocds-dgv273-seacev3-1190007-2026-02-28T10:10:51.179734-05:00,1190007,21207644,77101805,Servicios de control de calidad ambiental,UNSPSC
ocds-dgv273-seacev3-1190536,ocds-dgv273-seacev3-1190536-2026-02-28T10:10:50.824446-05:00,1190536,21209389,77101805,Servicios de control de calidad ambiental,UNSPSC
ocds-dgv273-seacev3-1189908,ocds-dgv273-seacev3-1189908-2026-02-28T10:10:50.699220-05:00,1189908,21207469,77101805,Servicios de control de calidad ambiental,UNSPSC
ocds-dgv273-seacev3-1189786,ocds-dgv273-seacev3-1189786-2026-02-28T10:10:50.499569-05:00,1189786,21206858,77101805,Servicios de control de calidad ambiental,UNSPSC
ocds-dgv273-seacev3-1191100,ocds-dgv273-seacev3-1191100-2026-02-28T10:10:50.453518-05:00,1191100,21210541,82101603,Publicidad en Internet,UNSPSC
ocds-dgv273-seacev3-2026-1598-4,ocds-dgv273-seacev3-2026-1598-4-2026-02-28T10:10:50.380854-05:00,1191130,21210576,15101505,Diesel,UNSPSC
ocds-dgv273-seacev3-1189936,ocds-dgv273-seacev3-1189936-2026-02-28T10:10:50.310437-05:00,1189936,21207441,77101805,Servicios de control de calidad ambiental,UNSPSC
ocds-dgv273-seacev3-1188906,ocds-dgv273-seacev3-1188906-2026-02-28T10:10:50.159923-05:00,1188906,21204666,77101805,Servicios de control de calidad ambiental,UNSPSC
ocds-dgv273-seacev3-1189133,ocds-dgv273-seacev3-1189133-2026-02-28T10:10:50.145997-05:00,1189133,21205090,77101805,Servicios de control de calidad ambiental,UNSPSC
ocds-dgv273-seacev3-1189489,ocds-dgv273-seacev3-1189489-2026-02-28T10:10:50.094082-05:00,1189489,21206015,77101805,Servicios de control de calidad ambiental,UNSPSC
ocds-dgv273-seacev3-1191022,ocds-dgv273-seacev3-1191022-2026-02-28T10:10:49.925848-05:00,1191022,21210410,77101805,Servicios de control de calidad ambiental,UNSPSC
ocds-dgv273-seacev3-1189968,ocds-dgv273-seacev3-1189968-2026-02-28T10:10:49.866247-05:00,1189968,21207559,77101805,Servicios de control de calidad ambiental,UNSPSC
ocds-dgv273-seacev3-1188864,ocds-dgv273-seacev3-1188864-2026-02-28T10:10:49.600755-05:00,1188864,21204561,77101805,Servicios de control de calidad ambiental,UNSPSC
ocds-dgv273-seacev3-1189798,ocds-dgv273-seacev3-1189798-2026-02-28T10:10:49.453120-05:00,1189798,21206842,77101805,Servicios de control de calidad ambiental,UNSPSC
ocds-dgv273-seacev3-1190741,ocds-dgv273-seacev3-1190741-2026-02-28T10:10:49.253072-05:00,1190741,21210070,77101805,Servicios de control de calidad ambiental,UNSPSC
ocds-dgv273-seacev3-1188867,ocds-dgv273-seacev3-1188867-2026-02-28T10:10:47.182253-05:00,1188867,21204565,80101604,Administración o planificación de proyectos,UNSPSC
ocds-dgv273-seacev3-2026-711-1,ocds-dgv273-seacev3-2026-711-1-2026-02-28T10:10:46.939502-05:00,1184609,21195182,72141003,Servicios de mantenimiento de pistas y carreteras,UNSPSC
ocds-dgv273-seacev3-1187831,ocds-dgv273-seacev3-1187831-2026-02-28T10:10:46.843327-05:00,1187831,21202138,11111611,Grava,UNSPSC
ocds-dgv273-seacev3-2026-1251-1,ocds-dgv273-seacev3-2026-1251-1-2026-02-28T10:10:46.597931-05:00,1186556,21197896,15101505,Diesel,UNSPSC
ocds-dgv273-seacev3-2026-1302-5,ocds-dgv273-seacev3-2026-1302-5-2026-02-28T10:10:45.594046-05:00,1185690,21197132,72141106,Servicios de construcción de caminos de grava o tierra,UNSPSC
ocds-dgv273-seacev3-1190529,ocds-dgv273-seacev3-1190529-2026-02-28T10:10:42.954800-05:00,1190529,21209227,77101805,Servicios de control de calidad ambiental,UNSPSC
ocds-dgv273-seacev3-1189567,ocds-dgv273-seacev3-1189567-2026-02-28T10:10:39.548207-05:00,1189567,21206280,77101805,Servicios de control de calidad ambiental,UNSPSC
ocds-dgv273-seacev3-1188889,ocds-dgv273-seacev3-1188889-2026-02-28T10:10:39.383387-05:00,1188889,21204604,77101805,Servicios de control de calidad ambiental,UNSPSC
ocds-dgv273-seacev3-1189445,ocds-dgv273-seacev3-1189445-2026-02-28T10:10:39.234205-05:00,1189445,21205929,77101805,Servicios de control de calidad ambiental,UNSPSC
ocds-dgv273-seacev3-1188725,ocds-dgv273-seacev3-1188725-2026-02-28T10:10:38.814844-05:00,1188725,21204282,77101805,Servicios de control de calidad ambiental,UNSPSC
ocds-dgv273-seacev3-1189949,ocds-dgv273-seacev3-1189949-2026-02-28T10:10:38.683748-05:00,1189949,21207442,77101805,Servicios de control de calidad ambiental,UNSPSC
ocds-dgv273-seacev3-1189512,ocds-dgv273-seacev3-1189512-2026-02-28T10:10:38.617995-05:00,1189512,21206113,77101805,Servicios de control de calidad ambiental,UNSPSC
ocds-dgv273-seacev3-1188711,ocds-dgv273-seacev3-1188711-2026-02-28T10:10:38.175417-05:00,1188711,21204250,77101805,Servicios de control de calidad ambiental,UNSPSC
ocds-dgv273-seacev3-1188842,ocds-dgv273-seacev3-1188842-2026-02-28T10:10:38.089737-05:00,1188842,21204519,77101805,Servicios de control de calidad ambiental,UNSPSC
ocds-dgv273-seacev3-1189620,ocds-dgv273-seacev3-1189620-2026-02-28T10:10:38.012180-05:00,1189620,21206313,77101805,Servicios de control de calidad ambiental,UNSPSC
ocds-dgv273-seacev3-1188884,ocds-dgv273-seacev3-1188884-2026-02-28T10:10:37.956883-05:00,1188884,21204588,77101805,Servicios de control de calidad ambiental,UNSPSC
ocds-dgv273-seacev3-1189443,ocds-dgv273-seacev3-1189443-2026-02-28T10:10:37.894608-05:00,1189443,21205901,77101805,Servicios de control de calidad ambiental,UNSPSC
ocds-dgv273-seacev3-1189116,ocds-dgv273-seacev3-1189116-2026-02-28T10:10:37.842527-05:00,1189116,21205057,77101805,Servicios de control de calidad ambiental,UNSPSC
ocds-dgv273-seacev3-1189826,ocds-dgv273-seacev3-1189826-2026-02-28T10:10:37.575816-05:00,1189826,21207096,77101805,Servicios de control de calidad ambiental,UNSPSC
ocds-dgv273-seacev3-1190923,ocds-dgv273-seacev3-1190923-2026-02-28T10:10:37.504305-05:00,1190923,21210244,77101805,Servicios de control de calidad ambiental,UNSPSC
ocds-dgv273-seacev3-1190793,ocds-dgv273-seacev3-1190793-2026-02-28T10:10:37.390440-05:00,1190793,21209945,15101505,Diesel,UNSPSC
ocds-dgv273-seacev3-1189823,ocds-dgv273-seacev3-1189823-2026-02-28T10:10:37.368392-05:00,1189823,21206745,77101805,Servicios de control de calidad ambiental,UNSPSC
ocds-dgv273-seacev3-1188941,ocds-dgv273-seacev3-1188941-2026-02-28T10:10:37.250397-05:00,1188941,21204840,77101805,Servicios de control de calidad ambiental,UNSPSC
ocds-dgv273-seacev3-1191104,ocds-dgv273-seacev3-1191104-2026-02-28T10:10:37.069064-05:00,1191104,21210596,82101603,Publicidad en Internet,UNSPSC
ocds-dgv273-seacev3-2026-200332-2,ocds-dgv273-seacev3-2026-200332-2-2026-02-28T10:10:35.508293-05:00,1187854,21201988,78101802,Servicios de transporte regional o nacional en camión,UNSPSC
ocds-dgv273-seacev3-2026-176869-2,ocds-dgv273-seacev3-2026-176869-2-2026-02-28T10:10:35.301113-05:00,1186563,21200181,91111603,Servicios de cocina o preparación de comidas,UNSPSC
ocds-dgv273-seacev3-2026-176869-2,ocds-dgv273-seacev3-2026-176869-2-2026-02-28T10:10:35.301113-05:00,1186563,21200182,91111603,Servicios de cocina o preparación de comidas,UNSPSC
ocds-dgv273-seacev3-1188950,ocds-dgv273-seacev3-1188950-2026-02-28T10:10:34.780378-05:00,1188950,21204859,77101805,Servicios de control de calidad ambiental,UNSPSC
ocds-dgv273-seacev3-2026-200206-3,ocds-dgv273-seacev3-2026-200206-3-2026-02-28T10:10:34.760187-05:00,1188248,21202837,50111515,Pollo mínimamente procesado sin aditivos,UNSPSC
ocds-dgv273-seacev3-1187130,ocds-dgv273-seacev3-1187130-2026-02-28T10:10:34.576536-05:00,1187130,21198294,77101805,Servicios de control de calidad ambiental,UNSPSC
ocds-dgv273-seacev3-1186719,ocds-dgv273-seacev3-1186719-2026-02-28T10:10:34.523575-05:00,1186719,21200321,15101505,Diesel,UNSPSC
ocds-dgv273-seacev3-2026-10507-7,ocds-dgv273-seacev3-2026-10507-7-2026-02-28T10:10:33.158478-05:00,1187869,21202159,91111603,Servicios de cocina o preparación de comidas,UNSPSC
ocds-dgv273-seacev3-1190497,ocds-dgv273-seacev3-1190497-2026-02-28T10:10:27.893798-05:00,1190497,21209105,77101805,Servicios de control de calidad ambiental,UNSPSC
ocds-dgv273-seacev3-1189479,ocds-dgv273-seacev3-1189479-2026-02-28T10:10:27.826387-05:00,1189479,21205975,77101805,Servicios de control de calidad ambiental,UNSPSC
ocds-dgv273-seacev3-1189474,ocds-dgv273-seacev3-1189474-2026-02-28T10:10:27.281316-05:00,1189474,21205989,77101805,Servicios de control de calidad ambiental,UNSPSC
ocds-dgv273-seacev3-1190633,ocds-dgv273-seacev3-1190633-2026-02-28T10:10:27.241124-05:00,1190633,21209449,77101805,Servicios de control de calidad ambiental,UNSPSC
ocds-dgv273-seacev3-1190958,ocds-dgv273-seacev3-1190958-2026-02-28T10:10:27.227053-05:00,1190958,21210270,77101805,Servicios de control de calidad ambiental,UNSPSC
ocds-dgv273-seacev3-1188726,ocds-dgv273-seacev3-1188726-2026-02-28T10:10:26.818100-05:00,1188726,21204253,77101805,Servicios de control de calidad ambiental,UNSPSC
ocds-dgv273-seacev3-1188869,ocds-dgv273-seacev3-1188869-2026-02-28T10:10:26.635147-05:00,1188869,21204568,77101805,Servicios de control de calidad ambiental,UNSPSC
ocds-dgv273-seacev3-1189973,ocds-dgv273-seacev3-1189973-2026-02-28T10:10:26.614657-05:00,1189973,21207545,77101805,Servicios de control de calidad ambiental,UNSPSC
ocds-dgv273-seacev3-1188844,ocds-dgv273-seacev3-1188844-2026-02-28T10:10:26.574808-05:00,1188844,21204521,77101805,Servicios de control de calidad ambiental,UNSPSC
ocds-dgv273-seacev3-1189838,ocds-dgv273-seacev3-1189838-2026-02-28T10:10:26.528121-05:00,1189838,21206936,77101805,Servicios de control de calidad ambiental,UNSPSC
ocds-dgv273-seacev3-1190727,ocds-dgv273-seacev3-1190727-2026-02-28T10:10:26.383589-05:00,1190727,21209801,72153612,Diseño o decoración de interiores,UNSPSC
ocds-dgv273-seacev3-1188212,ocds-dgv273-seacev3-1188212-2026-02-28T10:10:26.332097-05:00,1188212,21202804,15101505,Diesel,UNSPSC
ocds-dgv273-seacev3-1190389,ocds-dgv273-seacev3-1190389-2026-02-28T10:10:26.318195-05:00,1190389,21208858,84131602,Seguros de salud u hospitalización,UNSPSC
ocds-dgv273-seacev3-1190126,ocds-dgv273-seacev3-1190126-2026-02-28T10:10:26.254289-05:00,1190126,21207810,77101805,Servicios de control de calidad ambiental,UNSPSC
ocds-dgv273-seacev3-1190129,ocds-dgv273-seacev3-1190129-2026-02-28T10:10:26.240291-05:00,1190129,21208051,77101805,Servicios de control de calidad ambiental,UNSPSC
ocds-dgv273-seacev3-1189976,ocds-dgv273-seacev3-1189976-2026-02-28T10:10:26.226401-05:00,1189976,21207587,77101805,Servicios de control de calidad ambiental,UNSPSC
ocds-dgv273-seacev3-1189563,ocds-dgv273-seacev3-1189563-2026-02-28T10:10:26.212391-05:00,1189563,21206366,77101805,Servicios de control de calidad ambiental,UNSPSC
ocds-dgv273-seacev3-1189472,ocds-dgv273-seacev3-1189472-2026-02-28T10:10:26.040722-05:00,1189472,21205980,77101805,Servicios de control de calidad ambiental,UNSPSC
ocds-dgv273-seacev3-1189138,ocds-dgv273-seacev3-1189138-2026-02-28T10:10:26.013871-05:00,1189138,21205060,77101805,Servicios de control de calidad ambiental,UNSPSC
ocds-dgv273-seacev3-1188936,ocds-dgv273-seacev3-1188936-2026-02-28T10:10:24.484016-05:00,1188936,21204696,77101805,Servicios de control de calidad ambiental,UNSPSC
ocds-dgv273-seacev3-1188966,ocds-dgv273-seacev3-1188966-2026-02-28T10:10:24.469785-05:00,1188966,21204844,77101805,Servicios de control de calidad ambiental,UNSPSC
ocds-dgv273-seacev3-2026-200367-2,ocds-dgv273-seacev3-2026-200367-2-2026-02-28T10:10:22.032469-05:00,1186178,21199665,30111601,Cemento,UNSPSC
ocds-dgv273-seacev3-1190451,ocds-dgv273-seacev3-1190451-2026-02-28T10:10:15.967697-05:00,1190451,21209020,92101501,Servicios de vigilancia,UNSPSC
ocds-dgv273-seacev3-1190012,ocds-dgv273-seacev3-1190012-2026-02-28T10:10:15.845571-05:00,1190012,21207656,77101805,Servicios de control de calidad ambiental,UNSPSC
ocds-dgv273-seacev3-1191379,ocds-dgv273-seacev3-1191379-2026-02-28T10:10:15.456160-05:00,1191379,21211185,72141003,Servicios de mantenimiento de pistas y carreteras,UNSPSC
ocds-dgv273-seacev3-1189458,ocds-dgv273-seacev3-1189458-2026-02-28T10:10:14.845667-05:00,1189458,21205919,77101805,Servicios de control de calidad ambiental,UNSPSC
ocds-dgv273-seacev3-1188724,ocds-dgv273-seacev3-1188724-2026-02-28T10:10:14.703951-05:00,1188724,21204251,77101805,Servicios de control de calidad ambiental,UNSPSC
ocds-dgv273-seacev3-1189541,ocds-dgv273-seacev3-1189541-2026-02-28T10:10:14.670566-05:00,1189541,21206198,77101805,Servicios de control de calidad ambiental,UNSPSC
ocds-dgv273-seacev3-1189159,ocds-dgv273-seacev3-1189159-2026-02-28T10:10:14.583904-05:00,1189159,21205100,77101805,Servicios de control de calidad ambiental,UNSPSC
ocds-dgv273-seacev3-1189500,ocds-dgv273-seacev3-1189500-2026-02-28T10:10:14.570182-05:00,1189500,21206041,77101805,Servicios de control de calidad ambiental,UNSPSC
ocds-dgv273-seacev3-1188840,ocds-dgv273-seacev3-1188840-2026-02-28T10:10:14.492725-05:00,1188840,21204517,77101805,Servicios de control de calidad ambiental,UNSPSC
ocds-dgv273-seacev3-1189964,ocds-dgv273-seacev3-1189964-2026-02-28T10:10:14.274394-05:00,1189964,21207532,77101805,Servicios de control de calidad ambiental,UNSPSC
ocds-dgv273-seacev3-1188853,ocds-dgv273-seacev3-1188853-2026-02-28T10:10:14.221981-05:00,1188853,21204537,77101805,Servicios de control de calidad ambiental,UNSPSC
ocds-dgv273-seacev3-1190133,ocds-dgv273-seacev3-1190133-2026-02-28T10:10:14.201847-05:00,1190133,21207816,77101805,Servicios de control de calidad ambiental,UNSPSC
ocds-dgv273-seacev3-1190104,ocds-dgv273-seacev3-1190104-2026-02-28T10:10:14.188085-05:00,1190104,21208056,77101805,Servicios de control de calidad ambiental,UNSPSC
ocds-dgv273-seacev3-1190034,ocds-dgv273-seacev3-1190034-2026-02-28T10:10:14.174277-05:00,1190034,21207763,77101805,Servicios de control de calidad ambiental,UNSPSC
ocds-dgv273-seacev3-1189561,ocds-dgv273-seacev3-1189561-2026-02-28T10:10:14.160168-05:00,1189561,21206245,77101805,Servicios de control de calidad ambiental,UNSPSC
ocds-dgv273-seacev3-1189167,ocds-dgv273-seacev3-1189167-2026-02-28T10:10:13.885690-05:00,1189167,21205165,77101805,Servicios de control de calidad ambiental,UNSPSC
ocds-dgv273-seacev3-1189452,ocds-dgv273-seacev3-1189452-2026-02-28T10:10:13.671204-05:00,1189452,21205953,77101805,Servicios de control de calidad ambiental,UNSPSC
ocds-dgv273-seacev3-1189871,ocds-dgv273-seacev3-1189871-2026-02-28T10:10:13.600502-05:00,1189871,21207198,77101805,Servicios de control de calidad ambiental,UNSPSC
ocds-dgv273-seacev3-1187241,ocds-dgv273-seacev3-1187241-2026-02-28T10:10:12.738348-05:00,1187241,21198357,77101805,Servicios de control de calidad ambiental,UNSPSC
ocds-dgv273-seacev3-1188847,ocds-dgv273-seacev3-1188847-2026-02-28T10:10:12.663659-05:00,1188847,21204523,77101805,Servicios de control de calidad ambiental,UNSPSC
ocds-dgv273-seacev3-1187104,ocds-dgv273-seacev3-1187104-2026-02-28T10:10:12.624588-05:00,1187104,21200692,77101805,Servicios de control de calidad ambiental,UNSPSC
ocds-dgv273-seacev3-1188878,ocds-dgv273-seacev3-1188878-2026-02-28T10:10:12.396479-05:00,1188878,21204560,77101805,Servicios de control de calidad ambiental,UNSPSC
ocds-dgv273-seacev3-1186580,ocds-dgv273-seacev3-1186580-2026-02-28T10:10:11.980263-05:00,1186580,21200210,47131604,Escobas,UNSPSC
ocds-dgv273-seacev3-1186147,ocds-dgv273-seacev3-1186147-2026-02-28T10:10:11.200033-05:00,1186147,21199639,81101508,Ingeniería arquitectónica,UNSPSC
ocds-dgv273-seacev3-2026-371-4,ocds-dgv273-seacev3-2026-371-4-2026-02-28T10:10:11.113183-05:00,1186519,21200140,82151504,Servicios de escultores,UNSPSC
ocds-dgv273-seacev3-1186405,ocds-dgv273-seacev3-1186405-2026-02-28T10:10:10.364269-05:00,1186405,21200736,50221101,Granos de cereal,UNSPSC
ocds-dgv273-seacev3-1186405,ocds-dgv273-seacev3-1186405-2026-02-28T10:10:10.364269-05:00,1186405,21200735,50131702,Leche o productos de mantequilla estables sin refrigerar,UNSPSC
ocds-dgv273-seacev3-1186061,ocds-dgv273-seacev3-1186061-2026-02-28T10:10:10.096341-05:00,1186061,21199588,72154033,"Servicios de construcción, instalación y reparación de escenarios, sets u objetos de utilería para teatros",UNSPSC
ocds-dgv273-seacev3-1190405,ocds-dgv273-seacev3-1190405-2026-02-27T10:08:49.423867-05:00,1190405,21208766,72141121,Servicios de construcción de tuberías principales de agua,UNSPSC
ocds-dgv273-seacev3-1187671,ocds-dgv273-seacev3-1187671-2026-02-27T10:08:45.389086-05:00,1187671,21201687,72121403,Servicios de construcción de hospitales,UNSPSC
ocds-dgv273-seacev3-2026-200030-9,ocds-dgv273-seacev3-2026-200030-9-2026-02-27T10:08:38.496119-05:00,1190069,21207790,15101505,Diesel,UNSPSC
ocds-dgv273-seacev3-1189417,ocds-dgv273-seacev3-1189417-2026-02-26T10:09:40.653298-05:00,1189417,21205847,77101805,Servicios de control de calidad ambiental,UNSPSC
ocds-dgv273-seacev3-1189090,ocds-dgv273-seacev3-1189090-2026-02-26T10:09:40.490403-05:00,1189090,21205002,77101805,Servicios de control de calidad ambiental,UNSPSC
ocds-dgv273-seacev3-1189088,ocds-dgv273-seacev3-1189088-2026-02-26T10:09:40.476818-05:00,1189088,21204984,77101805,Servicios de control de calidad ambiental,UNSPSC
ocds-dgv273-seacev3-1189078,ocds-dgv273-seacev3-1189078-2026-02-26T10:09:40.463349-05:00,1189078,21204964,77101805,Servicios de control de calidad ambiental,UNSPSC
ocds-dgv273-seacev3-1189036,ocds-dgv273-seacev3-1189036-2026-02-26T10:09:40.437434-05:00,1189036,21204974,77101805,Servicios de control de calidad ambiental,UNSPSC
ocds-dgv273-seacev3-1189033,ocds-dgv273-seacev3-1189033-2026-02-26T10:09:40.423892-05:00,1189033,21204972,77101805,Servicios de control de calidad ambiental,UNSPSC
ocds-dgv273-seacev3-1188839,ocds-dgv273-seacev3-1188839-2026-02-26T10:09:40.280190-05:00,1188839,21204516,77101805,Servicios de control de calidad ambiental,UNSPSC
ocds-dgv273-seacev3-1188755,ocds-dgv273-seacev3-1188755-2026-02-26T10:09:40.203742-05:00,1188755,21204357,77101805,Servicios de control de calidad ambiental,UNSPSC
ocds-dgv273-seacev3-1187310,ocds-dgv273-seacev3-1187310-2026-02-26T10:09:39.150136-05:00,1187310,21200925,42121606,Productos dermatológicos o antiprotozoarios para uso veterinario,UNSPSC
ocds-dgv273-seacev3-1187123,ocds-dgv273-seacev3-1187123-2026-02-26T10:09:39.043094-05:00,1187123,21198285,77101805,Servicios de control de calidad ambiental,UNSPSC
ocds-dgv273-seacev3-2026-966-2,ocds-dgv273-seacev3-2026-966-2-2026-02-26T10:09:38.765034-05:00,1186489,21200112,78111808,Alquiler de vehículos,UNSPSC
ocds-dgv273-seacev3-1186106,ocds-dgv273-seacev3-1186106-2026-02-26T10:09:38.645845-05:00,1186106,21199622,15101506,Gasolina o Petróleo,UNSPSC
ocds-dgv273-seacev3-1190666,ocds-dgv273-seacev3-1190666-2026-02-26T10:09:35.993023-05:00,1190666,21209543,53111601,Zapatos para caballero,UNSPSC
ocds-dgv273-seacev3-1189063,ocds-dgv273-seacev3-1189063-2026-02-26T10:09:35.550918-05:00,1189063,21204986,77101805,Servicios de control de calidad ambiental,UNSPSC
ocds-dgv273-seacev3-1189087,ocds-dgv273-seacev3-1189087-2026-02-26T10:09:34.966671-05:00,1189087,21204982,77101805,Servicios de control de calidad ambiental,UNSPSC
ocds-dgv273-seacev3-1189047,ocds-dgv273-seacev3-1189047-2026-02-26T10:09:34.247435-05:00,1189047,21204949,77101805,Servicios de control de calidad ambiental,UNSPSC
ocds-dgv273-seacev3-1189025,ocds-dgv273-seacev3-1189025-2026-02-26T10:09:33.877772-05:00,1189025,21204933,77101805,Servicios de control de calidad ambiental,UNSPSC
ocds-dgv273-seacev3-1186287,ocds-dgv273-seacev3-1186287-2026-02-26T10:09:32.339487-05:00,1186287,21199837,70111601,Servicios de plantación,UNSPSC
ocds-dgv273-seacev3-1189064,ocds-dgv273-seacev3-1189064-2026-02-26T10:09:26.093706-05:00,1189064,21204988,77101805,Servicios de control de calidad ambiental,UNSPSC
ocds-dgv273-seacev3-1189079,ocds-dgv273-seacev3-1189079-2026-02-26T10:09:26.074073-05:00,1189079,21204965,77101805,Servicios de control de calidad ambiental,UNSPSC
ocds-dgv273-seacev3-1188811,ocds-dgv273-seacev3-1188811-2026-02-26T10:09:25.940040-05:00,1188811,21204504,77101805,Servicios de control de calidad ambiental,UNSPSC
ocds-dgv273-seacev3-1189055,ocds-dgv273-seacev3-1189055-2026-02-26T10:09:25.619119-05:00,1189055,21204955,77101805,Servicios de control de calidad ambiental,UNSPSC
ocds-dgv273-seacev3-1189092,ocds-dgv273-seacev3-1189092-2026-02-26T10:09:25.605360-05:00,1189092,21205010,77101805,Servicios de control de calidad ambiental,UNSPSC
ocds-dgv273-seacev3-1189081,ocds-dgv273-seacev3-1189081-2026-02-26T10:09:24.925214-05:00,1189081,21204976,77101805,Servicios de control de calidad ambiental,UNSPSC
ocds-dgv273-seacev3-1189034,ocds-dgv273-seacev3-1189034-2026-02-26T10:09:24.842172-05:00,1189034,21204973,77101805,Servicios de control de calidad ambiental,UNSPSC
ocds-dgv273-seacev3-1188746,ocds-dgv273-seacev3-1188746-2026-02-26T10:09:24.640798-05:00,1188746,21204331,77101805,Servicios de control de calidad ambiental,UNSPSC
ocds-dgv273-seacev3-2026-1922-10,ocds-dgv273-seacev3-2026-1922-10-2026-02-26T10:09:24.325630-05:00,1190221,21208257,81112002,Servicios de preparación o procesamiento de datos,UNSPSC
ocds-dgv273-seacev3-1188703,ocds-dgv273-seacev3-1188703-2026-02-26T10:09:24.128859-05:00,1188703,21204330,77101805,Servicios de control de calidad ambiental,UNSPSC
ocds-dgv273-seacev3-1188801,ocds-dgv273-seacev3-1188801-2026-02-26T10:09:23.976068-05:00,1188801,21204446,77101805,Servicios de control de calidad ambiental,UNSPSC
ocds-dgv273-seacev3-1189074,ocds-dgv273-seacev3-1189074-2026-02-26T10:09:23.962479-05:00,1189074,21204985,77101805,Servicios de control de calidad ambiental,UNSPSC
ocds-dgv273-seacev3-1188785,ocds-dgv273-seacev3-1188785-2026-02-26T10:09:23.948769-05:00,1188785,21204411,77101805,Servicios de control de calidad ambiental,UNSPSC
ocds-dgv273-seacev3-2026-270-38,ocds-dgv273-seacev3-2026-270-38-2026-02-26T10:09:21.836926-05:00,1187468,21201247,72141003,Servicios de mantenimiento de pistas y carreteras,UNSPSC
ocds-dgv273-seacev3-1186166,ocds-dgv273-seacev3-1186166-2026-02-26T10:09:21.442891-05:00,1186166,21199747,78141501,Servicios de expedición de carga,UNSPSC
ocds-dgv273-seacev3-1187401,ocds-dgv273-seacev3-1187401-2026-02-26T10:09:19.685931-05:00,1187401,21201004,49141504,Instrumentos o accesorios para buceo,UNSPSC
ocds-dgv273-seacev3-1186199,ocds-dgv273-seacev3-1186199-2026-02-26T10:09:19.328584-05:00,1186199,21199731,30103603,Madera para uso estructural,UNSPSC
ocds-dgv273-seacev3-2026-1686-2,ocds-dgv273-seacev3-2026-1686-2-2026-02-26T10:09:19.114566-05:00,1186860,21198081,15101505,Diesel,UNSPSC
ocds-dgv273-seacev3-1189035,ocds-dgv273-seacev3-1189035-2026-02-26T10:09:15.798394-05:00,1189035,21204962,77101805,Servicios de control de calidad ambiental,UNSPSC
ocds-dgv273-seacev3-1189066,ocds-dgv273-seacev3-1189066-2026-02-26T10:09:15.281378-05:00,1189066,21204978,77101805,Servicios de control de calidad ambiental,UNSPSC
ocds-dgv273-seacev3-1189029,ocds-dgv273-seacev3-1189029-2026-02-26T10:09:14.844971-05:00,1189029,21204942,77101805,Servicios de control de calidad ambiental,UNSPSC
ocds-dgv273-seacev3-1188788,ocds-dgv273-seacev3-1188788-2026-02-26T10:09:14.514348-05:00,1188788,21204412,77101805,Servicios de control de calidad ambiental,UNSPSC
ocds-dgv273-seacev3-1189037,ocds-dgv273-seacev3-1189037-2026-02-26T10:09:14.344772-05:00,1189037,21204975,77101805,Servicios de control de calidad ambiental,UNSPSC
ocds-dgv273-seacev3-1189421,ocds-dgv273-seacev3-1189421-2026-02-26T10:09:14.288165-05:00,1189421,21205830,77101805,Servicios de control de calidad ambiental,UNSPSC
ocds-dgv273-seacev3-1187122,ocds-dgv273-seacev3-1187122-2026-02-26T10:09:10.450913-05:00,1187122,21198284,77101805,Servicios de control de calidad ambiental,UNSPSC
ocds-dgv273-seacev3-1189051,ocds-dgv273-seacev3-1189051-2026-02-26T10:09:04.136824-05:00,1189051,21204954,77101805,Servicios de control de calidad ambiental,UNSPSC
ocds-dgv273-seacev3-1189168,ocds-dgv273-seacev3-1189168-2026-02-26T10:09:03.805961-05:00,1189168,21205207,72141121,Servicios de construcción de tuberías principales de agua,UNSPSC
ocds-dgv273-seacev3-1189223,ocds-dgv273-seacev3-1189223-2026-02-26T10:09:03.695444-05:00,1189223,21205328,76111501,Servicios de limpieza de edificios,UNSPSC
ocds-dgv273-seacev3-1188815,ocds-dgv273-seacev3-1188815-2026-02-26T10:09:03.359486-05:00,1188815,21204510,77101805,Servicios de control de calidad ambiental,UNSPSC
ocds-dgv273-seacev3-1188791,ocds-dgv273-seacev3-1188791-2026-02-26T10:09:03.345790-05:00,1188791,21204426,77101805,Servicios de control de calidad ambiental,UNSPSC
ocds-dgv273-seacev3-1188781,ocds-dgv273-seacev3-1188781-2026-02-26T10:09:03.031663-05:00,1188781,21204364,77101805,Servicios de control de calidad ambiental,UNSPSC
ocds-dgv273-seacev3-1188747,ocds-dgv273-seacev3-1188747-2026-02-26T10:09:02.935469-05:00,1188747,21204350,77101805,Servicios de control de calidad ambiental,UNSPSC
ocds-dgv273-seacev3-1189534,ocds-dgv273-seacev3-1189534-2026-02-26T10:09:02.772399-05:00,1189534,21206177,77101805,Servicios de control de calidad ambiental,UNSPSC
ocds-dgv273-seacev3-1189085,ocds-dgv273-seacev3-1189085-2026-02-26T10:09:02.758692-05:00,1189085,21204992,77101805,Servicios de control de calidad ambiental,UNSPSC
ocds-dgv273-seacev3-1189082,ocds-dgv273-seacev3-1189082-2026-02-26T10:09:02.744906-05:00,1189082,21204977,77101805,Servicios de control de calidad ambiental,UNSPSC
ocds-dgv273-seacev3-1189032,ocds-dgv273-seacev3-1189032-2026-02-26T10:09:02.274426-05:00,1189032,21204943,77101805,Servicios de control de calidad ambiental,UNSPSC
ocds-dgv273-seacev3-1189077,ocds-dgv273-seacev3-1189077-2026-02-26T10:09:02.177352-05:00,1189077,21205003,77101805,Servicios de control de calidad ambiental,UNSPSC
ocds-dgv273-seacev3-1189028,ocds-dgv273-seacev3-1189028-2026-02-26T10:09:02.056298-05:00,1189028,21204936,77101805,Servicios de control de calidad ambiental,UNSPSC
ocds-dgv273-seacev3-1189411,ocds-dgv273-seacev3-1189411-2026-02-26T10:09:01.921770-05:00,1189411,21206381,92101501,Servicios de vigilancia,UNSPSC
ocds-dgv273-seacev3-1186007,ocds-dgv273-seacev3-1186007-2026-02-26T10:08:59.463474-05:00,1186007,21199528,83121703,Servicios relacionados con Internet,UNSPSC
ocds-dgv273-seacev3-2026-1838-1,ocds-dgv273-seacev3-2026-1838-1-2026-02-26T10:08:57.932207-05:00,1186491,21200115,30111601,Cemento,UNSPSC
ocds-dgv273-seacev3-1189065,ocds-dgv273-seacev3-1189065-2026-02-26T10:08:53.954200-05:00,1189065,21204989,77101805,Servicios de control de calidad ambiental,UNSPSC
ocds-dgv273-seacev3-1188822,ocds-dgv273-seacev3-1188822-2026-02-26T10:08:53.834224-05:00,1188822,21204466,77101805,Servicios de control de calidad ambiental,UNSPSC
ocds-dgv273-seacev3-1188828,ocds-dgv273-seacev3-1188828-2026-02-26T10:08:53.291326-05:00,1188828,21204461,77101805,Servicios de control de calidad ambiental,UNSPSC
ocds-dgv273-seacev3-1189515,ocds-dgv273-seacev3-1189515-2026-02-26T10:08:52.742505-05:00,1189515,21206171,77101805,Servicios de control de calidad ambiental,UNSPSC
ocds-dgv273-seacev3-1189062,ocds-dgv273-seacev3-1189062-2026-02-26T10:08:52.632820-05:00,1189062,21204963,77101805,Servicios de control de calidad ambiental,UNSPSC
ocds-dgv273-seacev3-1189050,ocds-dgv273-seacev3-1189050-2026-02-26T10:08:52.619054-05:00,1189050,21204934,77101805,Servicios de control de calidad ambiental,UNSPSC
ocds-dgv273-seacev3-1189311,ocds-dgv273-seacev3-1189311-2026-02-26T10:08:52.367373-05:00,1189311,21205568,72121406,Servicios de construcción de escuelas,UNSPSC
ocds-dgv273-seacev3-1185895,ocds-dgv273-seacev3-1185895-2026-02-26T10:08:50.560784-05:00,1185895,21197269,72141003,Servicios de mantenimiento de pistas y carreteras,UNSPSC
ocds-dgv273-seacev3-1188033,ocds-dgv273-seacev3-1188033-2026-02-26T10:08:50.160847-05:00,1188033,21202668,80131502,Alquiler de instalaciones comerciales o industriales,UNSPSC
ocds-dgv273-seacev3-1190170,ocds-dgv273-seacev3-1190170-2026-02-25T10:09:16.472564-05:00,1190170,21208429,72141204,Servicios de construcción de muelles,UNSPSC
ocds-dgv273-seacev3-2026-218-1,ocds-dgv273-seacev3-2026-218-1-2026-02-25T10:09:13.263319-05:00,1187154,21200722,50131702,Leche o productos de mantequilla estables sin refrigerar,UNSPSC
ocds-dgv273-seacev3-1187917,ocds-dgv273-seacev3-1187917-2026-02-25T10:09:12.531842-05:00,1187917,21202248,12352311,Alúmina y otros compuestos de aluminio,UNSPSC
ocds-dgv273-seacev3-1189012,ocds-dgv273-seacev3-1189012-2026-02-25T10:09:04.361450-05:00,1189012,21204786,92101501,Servicios de vigilancia,UNSPSC
ocds-dgv273-seacev3-1190158,ocds-dgv273-seacev3-1190158-2026-02-25T10:09:03.321670-05:00,1190158,21208367,81141506,Pruebas de productos,UNSPSC
ocds-dgv273-seacev3-1187153,ocds-dgv273-seacev3-1187153-2026-02-25T10:09:02.213055-05:00,1187153,21198319,41111501,Balanzas electrónicas de carga máxima,UNSPSC
ocds-dgv273-seacev3-1187620,ocds-dgv273-seacev3-1187620-2026-02-25T10:09:00.998621-05:00,1187620,21201462,72141121,Servicios de construcción de tuberías principales de agua,UNSPSC
ocds-dgv273-seacev3-1187934,ocds-dgv273-seacev3-1187934-2026-02-25T10:09:00.928289-05:00,1187934,21202044,30103603,Madera para uso estructural,UNSPSC
ocds-dgv273-seacev3-1189101,ocds-dgv273-seacev3-1189101-2026-02-25T10:08:55.012297-05:00,1189101,21205012,15101505,Diesel,UNSPSC
ocds-dgv273-seacev3-1186949,ocds-dgv273-seacev3-1186949-2026-02-25T10:08:52.306880-05:00,1186949,21198163,30111505,Hormigón premezclado,UNSPSC
ocds-dgv273-seacev3-2026-200033-13,ocds-dgv273-seacev3-2026-200033-13-2026-02-25T10:08:51.515804-05:00,1186685,21197965,27112027,Escoba de jardín,UNSPSC
ocds-dgv273-seacev3-2026-2452-32,ocds-dgv273-seacev3-2026-2452-32-2026-02-25T10:08:51.318706-05:00,1186463,21200002,78111808,Alquiler de vehículos,UNSPSC
ocds-dgv273-seacev3-2026-2452-32,ocds-dgv273-seacev3-2026-2452-32-2026-02-25T10:08:51.318706-05:00,1186463,21200001,78111808,Alquiler de vehículos,UNSPSC
ocds-dgv273-seacev3-2026-2452-32,ocds-dgv273-seacev3-2026-2452-32-2026-02-25T10:08:51.318706-05:00,1186463,21200000,78111808,Alquiler de vehículos,UNSPSC
ocds-dgv273-seacev3-2026-2452-32,ocds-dgv273-seacev3-2026-2452-32-2026-02-25T10:08:51.318706-05:00,1186463,21199999,78111808,Alquiler de vehículos,UNSPSC
ocds-dgv273-seacev3-2026-2452-32,ocds-dgv273-seacev3-2026-2452-32-2026-02-25T10:08:51.318706-05:00,1186463,21199998,78111808,Alquiler de vehículos,UNSPSC
ocds-dgv273-seacev3-2026-2452-32,ocds-dgv273-seacev3-2026-2452-32-2026-02-25T10:08:51.318706-05:00,1186463,21199997,78111812,Arrendamiento vehicular de combis o minicombus para pasajeros,UNSPSC
ocds-dgv273-seacev3-1187133,ocds-dgv273-seacev3-1187133-2026-02-25T10:08:50.149464-05:00,1187133,21198297,10171506,Humus,UNSPSC
ocds-dgv273-seacev3-1186139,ocds-dgv273-seacev3-1186139-2026-02-25T10:08:49.016050-05:00,1186139,21199634,72121505,Servicios de construcción de plantas para tratamiento de aguas residuales y aguas servidas,UNSPSC
ocds-dgv273-seacev3-1188630,ocds-dgv273-seacev3-1188630-2026-02-25T10:08:42.560182-05:00,1188630,21204114,72141120,Servicios de construcción de líneas de alcantarillado,UNSPSC
ocds-dgv273-seacev3-1188215,ocds-dgv273-seacev3-1188215-2026-02-25T10:08:42.553854-05:00,1188215,21203220,72121411,Servicio de construcción de centros para convenciones,UNSPSC
ocds-dgv273-seacev3-2026-1493-1,ocds-dgv273-seacev3-2026-1493-1-2026-02-25T10:08:40.501835-05:00,1186816,21198041,50221101,Granos de cereal,UNSPSC
ocds-dgv273-seacev3-2026-1493-1,ocds-dgv273-seacev3-2026-1493-1-2026-02-25T10:08:40.501835-05:00,1186816,21198042,50131702,Leche o productos de mantequilla estables sin refrigerar,UNSPSC
ocds-dgv273-seacev3-1188688,ocds-dgv273-seacev3-1188688-2026-02-25T10:08:40.343930-05:00,1188688,21204195,15101505,Diesel,UNSPSC
ocds-dgv273-seacev3-2026-1733-2,ocds-dgv273-seacev3-2026-1733-2-2026-02-25T10:08:38.817081-05:00,1187709,21201714,81101515,Ingeniería de infraestructura de plantas o instalaciones,UNSPSC
ocds-dgv273-seacev3-1188465,ocds-dgv273-seacev3-1188465-2026-02-25T10:08:33.918919-05:00,1188465,21203676,50131802,Queso procesado,UNSPSC
ocds-dgv273-seacev3-1187053,ocds-dgv273-seacev3-1187053-2026-02-25T10:08:31.700895-05:00,1187053,21198234,24101636,Bolsa de contrapeso y contrapeso,UNSPSC
ocds-dgv273-seacev3-2026-2437-47,ocds-dgv273-seacev3-2026-2437-47-2026-02-25T10:08:31.155737-05:00,1186855,21200433,15101505,Diesel,UNSPSC
ocds-dgv273-seacev3-2026-10170-1,ocds-dgv273-seacev3-2026-10170-1-2026-02-24T10:02:20.674821-05:00,1188909,21204665,72102103,Servicios de exterminación o fumigación,UNSPSC
ocds-dgv273-seacev3-1187417,ocds-dgv273-seacev3-1187417-2026-02-24T10:02:10.883218-05:00,1187417,21201824,72121411,Servicio de construcción de centros para convenciones,UNSPSC
ocds-dgv273-seacev3-1190359,ocds-dgv273-seacev3-1190359-2026-02-24T10:02:04.447587-05:00,1190359,21208677,72141121,Servicios de construcción de tuberías principales de agua,UNSPSC
ocds-dgv273-seacev3-1188680,ocds-dgv273-seacev3-1188680-2026-02-22T09:58:50.838394-05:00,1188680,21204177,72153102,Servicios de construcción de campos deportivos interiores,UNSPSC
ocds-dgv273-seacev3-1185017,ocds-dgv273-seacev3-1185017-2026-02-22T09:58:49.970736-05:00,1185017,21196127,72141128,Servicio de remodelación  y/o construcción de plazas públicas,UNSPSC
ocds-dgv273-seacev3-2026-1191-4,ocds-dgv273-seacev3-2026-1191-4-2026-02-22T09:58:48.449587-05:00,1186359,21197727,15101505,Diesel,UNSPSC
ocds-dgv273-seacev3-2026-1191-4,ocds-dgv273-seacev3-2026-1191-4-2026-02-22T09:58:48.449587-05:00,1186359,21197728,15101506,Gasolina o Petróleo,UNSPSC
ocds-dgv273-seacev3-1186218,ocds-dgv273-seacev3-1186218-2026-02-22T09:58:47.973759-05:00,1186218,21197607,72152405,Servicios de instalación de muebles de exhibición,UNSPSC
ocds-dgv273-seacev3-1186325,ocds-dgv273-seacev3-1186325-2026-02-22T09:58:47.465610-05:00,1186325,21197706,78111802,Servicios programados de autobús,UNSPSC
ocds-dgv273-seacev3-1189435,ocds-dgv273-seacev3-1189435-2026-02-22T09:58:44.782034-05:00,1189435,21205942,43232510,Sistema de información geográfica,UNSPSC
ocds-dgv273-seacev3-1186249,ocds-dgv273-seacev3-1186249-2026-02-22T09:58:42.248920-05:00,1186249,21199787,50131702,Leche o productos de mantequilla estables sin refrigerar,UNSPSC
ocds-dgv273-seacev3-1188762,ocds-dgv273-seacev3-1188762-2026-02-22T09:58:41.359728-05:00,1188762,21204391,50192109,"Papas fritas en hojuelas y al hilo, mix de bocaditos o galletas saladas",UNSPSC
ocds-dgv273-seacev3-1188762,ocds-dgv273-seacev3-1188762-2026-02-22T09:58:41.359728-05:00,1188762,21204390,50131702,Leche o productos de mantequilla estables sin refrigerar,UNSPSC
ocds-dgv273-seacev3-1187263,ocds-dgv273-seacev3-1187263-2026-02-22T09:58:40.477193-05:00,1187263,21198362,78101802,Servicios de transporte regional o nacional en camión,UNSPSC
ocds-dgv273-seacev3-1187710,ocds-dgv273-seacev3-1187710-2026-02-22T09:58:39.312544-05:00,1187710,21201804,81101508,Ingeniería arquitectónica,UNSPSC
ocds-dgv273-seacev3-1187442,ocds-dgv273-seacev3-1187442-2026-02-22T09:58:39.130505-05:00,1187442,21201216,30111903,Lámina de malla de alambre,UNSPSC
ocds-dgv273-seacev3-1188401,ocds-dgv273-seacev3-1188401-2026-02-22T09:58:33.224864-05:00,1188401,21203455,81101508,Ingeniería arquitectónica,UNSPSC
ocds-dgv273-seacev3-1187327,ocds-dgv273-seacev3-1187327-2026-02-22T09:58:31.270087-05:00,1187327,21200947,72151502,Servicios de instalación de sistemas de energía eléctrica,UNSPSC
ocds-dgv273-seacev3-1186818,ocds-dgv273-seacev3-1186818-2026-02-22T09:58:29.992051-05:00,1186818,21198044,30111903,Lámina de malla de alambre,UNSPSC
ocds-dgv273-seacev3-1186937,ocds-dgv273-seacev3-1186937-2026-02-22T09:58:29.888329-05:00,1186937,21200495,93141701,Organizaciones de eventos culturales,UNSPSC
ocds-dgv273-seacev3-2026-1246-2,ocds-dgv273-seacev3-2026-1246-2-2026-02-22T09:58:29.431937-05:00,1187580,21201561,15101505,Diesel,UNSPSC
ocds-dgv273-seacev3-2026-200066-4,ocds-dgv273-seacev3-2026-200066-4-2026-02-22T09:58:28.892501-05:00,1186130,21197515,82101507,"Servicio de distribución, publicidad o anuncios de compra",UNSPSC
ocds-dgv273-seacev3-2026-200066-4,ocds-dgv273-seacev3-2026-200066-4-2026-02-22T09:58:28.892501-05:00,1186130,21197514,82101507,"Servicio de distribución, publicidad o anuncios de compra",UNSPSC
ocds-dgv273-seacev3-1188860,ocds-dgv273-seacev3-1188860-2026-02-21T10:03:20.522344-05:00,1188860,21204555,82101603,Publicidad en Internet,UNSPSC
ocds-dgv273-seacev3-1188846,ocds-dgv273-seacev3-1188846-2026-02-21T10:03:20.490487-05:00,1188846,21204469,82121504,Impresión tipográfica o serigrafía,UNSPSC
ocds-dgv273-seacev3-1189342,ocds-dgv273-seacev3-1189342-2026-02-21T10:03:19.032024-05:00,1189342,21205581,72141121,Servicios de construcción de tuberías principales de agua,UNSPSC
ocds-dgv273-seacev3-1189486,ocds-dgv273-seacev3-1189486-2026-02-21T10:03:12.109862-05:00,1189486,21205991,78101802,Servicios de transporte regional o nacional en camión,UNSPSC
ocds-dgv273-seacev3-2026-275294-62,ocds-dgv273-seacev3-2026-275294-62-2026-02-21T10:03:08.628829-05:00,1186717,21200317,80131505,Servicio de alquiler de oficina modular o portátil,UNSPSC
ocds-dgv273-seacev3-2026-200348-1,ocds-dgv273-seacev3-2026-200348-1-2026-02-21T10:03:07.377052-05:00,1186262,21199807,78101703,Servicios de transporte nacional por barcaza,UNSPSC
ocds-dgv273-seacev3-1188656,ocds-dgv273-seacev3-1188656-2026-02-21T10:03:00.752514-05:00,1188656,21204156,77101805,Servicios de control de calidad ambiental,UNSPSC
ocds-dgv273-seacev3-1188721,ocds-dgv273-seacev3-1188721-2026-02-21T10:03:00.444035-05:00,1188721,21204248,72141107,Servicios de construcción y reparación de puentes,UNSPSC
ocds-dgv273-seacev3-2026-200348-5,ocds-dgv273-seacev3-2026-200348-5-2026-02-21T10:02:57.053156-05:00,1186534,21197847,78101703,Servicios de transporte nacional por barcaza,UNSPSC
ocds-dgv273-seacev3-1186390,ocds-dgv273-seacev3-1186390-2026-02-21T10:02:56.999059-05:00,1186390,21199947,72141701,Servicio de arrendamiento o alquiler de maquinaria de construcción,UNSPSC
ocds-dgv273-seacev3-1187324,ocds-dgv273-seacev3-1187324-2026-02-21T10:02:56.909703-05:00,1187324,21200933,80131502,Alquiler de instalaciones comerciales o industriales,UNSPSC
ocds-dgv273-seacev3-1186566,ocds-dgv273-seacev3-1186566-2026-02-21T10:02:55.829305-05:00,1186566,21197867,30111505,Hormigón premezclado,UNSPSC
ocds-dgv273-seacev3-2026-200348-2,ocds-dgv273-seacev3-2026-200348-2-2026-02-21T10:02:54.707860-05:00,1186284,21197667,78101703,Servicios de transporte nacional por barcaza,UNSPSC
ocds-dgv273-seacev3-1188473,ocds-dgv273-seacev3-1188473-2026-02-21T10:02:51.702144-05:00,1188473,21203829,77101805,Servicios de control de calidad ambiental,UNSPSC
ocds-dgv273-seacev3-1188478,ocds-dgv273-seacev3-1188478-2026-02-21T10:02:51.688960-05:00,1188478,21203685,77101805,Servicios de control de calidad ambiental,UNSPSC
ocds-dgv273-seacev3-1188467,ocds-dgv273-seacev3-1188467-2026-02-21T10:02:51.675811-05:00,1188467,21203679,77101805,Servicios de control de calidad ambiental,UNSPSC
ocds-dgv273-seacev3-1189689,ocds-dgv273-seacev3-1189689-2026-02-21T10:02:51.101969-05:00,1189689,21206505,82121504,Impresión tipográfica o serigrafía,UNSPSC
ocds-dgv273-seacev3-1188654,ocds-dgv273-seacev3-1188654-2026-02-21T10:02:50.869856-05:00,1188654,21204152,77101805,Servicios de control de calidad ambiental,UNSPSC
ocds-dgv273-seacev3-1189521,ocds-dgv273-seacev3-1189521-2026-02-21T10:02:50.331860-05:00,1189521,21206106,77101805,Servicios de control de calidad ambiental,UNSPSC
ocds-dgv273-seacev3-2026-200348-4,ocds-dgv273-seacev3-2026-200348-4-2026-02-21T10:02:48.902823-05:00,1186531,21200164,78101703,Servicios de transporte nacional por barcaza,UNSPSC
ocds-dgv273-seacev3-1186493,ocds-dgv273-seacev3-1186493-2026-02-21T10:02:47.557770-05:00,1186493,21197829,53121603,Mochilas,UNSPSC
ocds-dgv273-seacev3-2026-1926-4,ocds-dgv273-seacev3-2026-1926-4-2026-02-21T10:02:47.501243-05:00,1186058,21199581,72151514,Servicio de mantenimiento de energía de emergencia o de espera,UNSPSC
ocds-dgv273-seacev3-1188474,ocds-dgv273-seacev3-1188474-2026-02-21T10:02:41.542788-05:00,1188474,21203690,77101805,Servicios de control de calidad ambiental,UNSPSC
ocds-dgv273-seacev3-2026-200348-3,ocds-dgv273-seacev3-2026-200348-3-2026-02-21T10:02:35.655535-05:00,1186505,21197841,78101703,Servicios de transporte nacional por barcaza,UNSPSC
ocds-dgv273-seacev3-2026-1947-348,ocds-dgv273-seacev3-2026-1947-348-2026-02-21T10:02:33.776964-05:00,1188631,21204115,80141607,Gestión de eventos,UNSPSC
ocds-dgv273-seacev3-2026-1172-2,ocds-dgv273-seacev3-2026-1172-2-2026-02-20T10:10:25.461502-05:00,1186641,21197931,72152707,Servicios de construcción de muros de retención,UNSPSC
ocds-dgv273-seacev3-1187336,ocds-dgv273-seacev3-1187336-2026-02-20T10:10:25.153751-05:00,1187336,21201140,80141607,Gestión de eventos,UNSPSC
ocds-dgv273-seacev3-2026-200066-1,ocds-dgv273-seacev3-2026-200066-1-2026-02-20T10:10:24.043441-05:00,1186062,21197475,82101507,"Servicio de distribución, publicidad o anuncios de compra",UNSPSC
ocds-dgv273-seacev3-1187752,ocds-dgv273-seacev3-1187752-2026-02-20T10:10:23.356952-05:00,1187752,21201738,80131502,Alquiler de instalaciones comerciales o industriales,UNSPSC
ocds-dgv273-seacev3-2026-1517-1,ocds-dgv273-seacev3-2026-1517-1-2026-02-20T10:10:17.101678-05:00,1186500,21197836,72121406,Servicios de construcción de escuelas,UNSPSC
ocds-dgv273-seacev3-1187338,ocds-dgv273-seacev3-1187338-2026-02-20T10:10:16.270589-05:00,1187338,21201119,15101505,Diesel,UNSPSC
ocds-dgv273-seacev3-1187338,ocds-dgv273-seacev3-1187338-2026-02-20T10:10:16.270589-05:00,1187338,21201120,15101506,Gasolina o Petróleo,UNSPSC
ocds-dgv273-seacev3-1188751,ocds-dgv273-seacev3-1188751-2026-02-20T10:10:04.790481-05:00,1188751,21204336,80151503,Servicios de información comercial,UNSPSC
ocds-dgv273-seacev3-1186070,ocds-dgv273-seacev3-1186070-2026-02-20T10:10:04.592627-05:00,1186070,21197488,80131502,Alquiler de instalaciones comerciales o industriales,UNSPSC
ocds-dgv273-seacev3-1186070,ocds-dgv273-seacev3-1186070-2026-02-20T10:10:04.592627-05:00,1186070,21197489,80131502,Alquiler de instalaciones comerciales o industriales,UNSPSC
ocds-dgv273-seacev3-2026-212-7,ocds-dgv273-seacev3-2026-212-7-2026-02-20T10:10:04.407255-05:00,1187267,21201211,72141121,Servicios de construcción de tuberías principales de agua,UNSPSC
ocds-dgv273-seacev3-2026-1003007555-1,ocds-dgv273-seacev3-2026-1003007555-1-2026-02-20T10:10:04.201215-05:00,1188094,21202718,83121703,Servicios relacionados con Internet,UNSPSC
ocds-dgv273-seacev3-1186305,ocds-dgv273-seacev3-1186305-2026-02-20T10:10:01.891573-05:00,1186305,21199836,15101505,Diesel,UNSPSC
ocds-dgv273-seacev3-2026-200066-2,ocds-dgv273-seacev3-2026-200066-2-2026-02-20T10:10:01.876789-05:00,1186118,21197503,82101507,"Servicio de distribución, publicidad o anuncios de compra",UNSPSC
ocds-dgv273-seacev3-2026-2371-1,ocds-dgv273-seacev3-2026-2371-1-2026-02-20T10:10:01.457831-05:00,1186533,21200165,15101505,Diesel,UNSPSC
ocds-dgv273-seacev3-1187820,ocds-dgv273-seacev3-1187820-2026-02-20T10:09:55.938978-05:00,1187820,21202116,80131502,Alquiler de instalaciones comerciales o industriales,UNSPSC
ocds-dgv273-seacev3-1187273,ocds-dgv273-seacev3-1187273-2026-02-20T10:09:55.912875-05:00,1187273,21198373,15101505,Diesel,UNSPSC
ocds-dgv273-seacev3-1187273,ocds-dgv273-seacev3-1187273-2026-02-20T10:09:55.912875-05:00,1187273,21198372,15101506,Gasolina o Petróleo,UNSPSC
ocds-dgv273-seacev3-2026-1345-5,ocds-dgv273-seacev3-2026-1345-5-2026-02-20T10:09:55.505816-05:00,1186902,21198112,24111503,Bolsas de plástico,UNSPSC
ocds-dgv273-seacev3-1188185,ocds-dgv273-seacev3-1188185-2026-02-20T10:09:54.081846-05:00,1188185,21202781,50131702,Leche o productos de mantequilla estables sin refrigerar,UNSPSC
ocds-dgv273-seacev3-1188185,ocds-dgv273-seacev3-1188185-2026-02-20T10:09:54.081846-05:00,1188185,21202782,50221101,Granos de cereal,UNSPSC
ocds-dgv273-seacev3-2026-1626-2,ocds-dgv273-seacev3-2026-1626-2-2026-02-20T10:09:44.314584-05:00,1186664,21200271,15101505,Diesel,UNSPSC
ocds-dgv273-seacev3-2026-200066-3,ocds-dgv273-seacev3-2026-200066-3-2026-02-20T10:09:40.476302-05:00,1186123,21197507,82101507,"Servicio de distribución, publicidad o anuncios de compra",UNSPSC
ocds-dgv273-seacev3-1188736,ocds-dgv273-seacev3-1188736-2026-02-19T10:07:00.391627-05:00,1188736,21204437,72141204,Servicios de construcción de muelles,UNSPSC
ocds-dgv273-seacev3-1187896,ocds-dgv273-seacev3-1187896-2026-02-19T10:06:59.977864-05:00,1187896,21202217,81101508,Ingeniería arquitectónica,UNSPSC
ocds-dgv273-seacev3-1186985,ocds-dgv273-seacev3-1186985-2026-02-19T10:06:59.435097-05:00,1186985,21200589,72154013,Servicios de construcción de cercos,UNSPSC
ocds-dgv273-seacev3-1188213,ocds-dgv273-seacev3-1188213-2026-02-19T10:06:54.337586-05:00,1188213,21202805,72141121,Servicios de construcción de tuberías principales de agua,UNSPSC
ocds-dgv273-seacev3-1186975,ocds-dgv273-seacev3-1186975-2026-02-19T10:06:49.002127-05:00,1186975,21198169,72154013,Servicios de construcción de cercos,UNSPSC
ocds-dgv273-seacev3-1187540,ocds-dgv273-seacev3-1187540-2026-02-19T10:06:43.474830-05:00,1187540,21201099,92101501,Servicios de vigilancia,UNSPSC
ocds-dgv273-seacev3-2026-425-14,ocds-dgv273-seacev3-2026-425-14-2026-02-19T10:06:40.935893-05:00,1186096,21199611,78111808,Alquiler de vehículos,UNSPSC
ocds-dgv273-seacev3-1186097,ocds-dgv273-seacev3-1186097-2026-02-19T10:06:38.704119-05:00,1186097,21199612,81112202,Parches o actualizaciones de software,UNSPSC
ocds-dgv273-seacev3-1186248,ocds-dgv273-seacev3-1186248-2026-02-19T10:06:38.109694-05:00,1186248,21197631,15101505,Diesel,UNSPSC
ocds-dgv273-seacev3-1188708,ocds-dgv273-seacev3-1188708-2026-02-19T10:06:33.837142-05:00,1188708,21204247,82121504,Impresión tipográfica o serigrafía,UNSPSC
ocds-dgv273-seacev3-1187379,ocds-dgv273-seacev3-1187379-2026-02-19T10:06:31.868205-05:00,1187379,21201002,72121101,Servicios de construcción de nuevos edificios comerciales y de oficinas,UNSPSC
ocds-dgv273-seacev3-1186981,ocds-dgv273-seacev3-1186981-2026-02-19T10:06:21.184393-05:00,1186981,21200576,76111505,Servicios de limpieza de telas y muebles,UNSPSC
ocds-dgv273-seacev3-2026-729-1,ocds-dgv273-seacev3-2026-729-1-2026-02-19T10:06:20.185430-05:00,1184892,21195715,50192109,"Papas fritas en hojuelas y al hilo, mix de bocaditos o galletas saladas",UNSPSC
ocds-dgv273-seacev3-2026-10552-1,ocds-dgv273-seacev3-2026-10552-1-2026-02-19T10:06:17.140390-05:00,1185191,21198548,72153102,Servicios de construcción de campos deportivos interiores,UNSPSC
ocds-dgv273-seacev3-1186819,ocds-dgv273-seacev3-1186819-2026-02-18T10:06:34.849605-05:00,1186819,21198045,91111603,Servicios de cocina o preparación de comidas,UNSPSC
ocds-dgv273-seacev3-1188088,ocds-dgv273-seacev3-1188088-2026-02-18T10:06:30.381267-05:00,1188088,21203102,72141107,Servicios de construcción y reparación de puentes,UNSPSC
ocds-dgv273-seacev3-1188159,ocds-dgv273-seacev3-1188159-2026-02-18T10:06:22.122278-05:00,1188159,21203162,72141107,Servicios de construcción y reparación de puentes,UNSPSC
ocds-dgv273-seacev3-2026-647-2,ocds-dgv273-seacev3-2026-647-2-2026-02-18T10:06:20.165595-05:00,1186614,21197918,15101505,Diesel,UNSPSC
ocds-dgv273-seacev3-2026-10438-2,ocds-dgv273-seacev3-2026-10438-2-2026-02-18T10:06:19.368791-05:00,1188060,21203054,83121703,Servicios relacionados con Internet,UNSPSC
ocds-dgv273-seacev3-2026-10438-2,ocds-dgv273-seacev3-2026-10438-2-2026-02-18T10:06:19.368791-05:00,1188060,21203060,83121703,Servicios relacionados con Internet,UNSPSC
ocds-dgv273-seacev3-1187082,ocds-dgv273-seacev3-1187082-2026-02-18T10:06:17.563377-05:00,1187082,21198244,76111501,Servicios de limpieza de edificios,UNSPSC
ocds-dgv273-seacev3-1187046,ocds-dgv273-seacev3-1187046-2026-02-18T10:06:17.350057-05:00,1187046,21200617,76111505,Servicios de limpieza de telas y muebles,UNSPSC
ocds-dgv273-seacev3-1188351,ocds-dgv273-seacev3-1188351-2026-02-18T10:06:08.981936-05:00,1188351,21203555,50131802,Queso procesado,UNSPSC
ocds-dgv273-seacev3-1188497,ocds-dgv273-seacev3-1188497-2026-02-18T10:06:00.776349-05:00,1188497,21203725,42131601,Delantales o mandiles para el personal médico,UNSPSC
ocds-dgv273-seacev3-1186315,ocds-dgv273-seacev3-1186315-2026-02-18T10:05:54.928681-05:00,1186315,21199858,78141501,Servicios de expedición de carga,UNSPSC
ocds-dgv273-seacev3-1186909,ocds-dgv273-seacev3-1186909-2026-02-17T09:59:22.961291-05:00,1186909,21198119,81101515,Ingeniería de infraestructura de plantas o instalaciones,UNSPSC
ocds-dgv273-seacev3-1186703,ocds-dgv273-seacev3-1186703-2026-02-17T09:59:16.825384-05:00,1186703,21200296,72121101,Servicios de construcción de nuevos edificios comerciales y de oficinas,UNSPSC
ocds-dgv273-seacev3-2026-1986-15,ocds-dgv273-seacev3-2026-1986-15-2026-02-17T09:59:14.288778-05:00,1186206,21197604,72121411,Servicio de construcción de centros para convenciones,UNSPSC
ocds-dgv273-seacev3-1186942,ocds-dgv273-seacev3-1186942-2026-02-17T09:59:13.584571-05:00,1186942,21198145,81101508,Ingeniería arquitectónica,UNSPSC
ocds-dgv273-seacev3-1187071,ocds-dgv273-seacev3-1187071-2026-02-17T09:59:07.086964-05:00,1187071,21198254,81101510,Ingeniería de carreteras,UNSPSC
ocds-dgv273-seacev3-1187074,ocds-dgv273-seacev3-1187074-2026-02-17T09:59:06.811821-05:00,1187074,21200681,81101515,Ingeniería de infraestructura de plantas o instalaciones,UNSPSC
ocds-dgv273-seacev3-1186065,ocds-dgv273-seacev3-1186065-2026-02-17T09:59:05.981824-05:00,1186065,21199613,72141121,Servicios de construcción de tuberías principales de agua,UNSPSC
ocds-dgv273-seacev3-1188436,ocds-dgv273-seacev3-1188436-2026-02-16T09:52:23.805443-05:00,1188436,21203648,72141128,Servicio de remodelación  y/o construcción de plazas públicas,UNSPSC
ocds-dgv273-seacev3-1188396,ocds-dgv273-seacev3-1188396-2026-02-16T09:52:23.742908-05:00,1188396,21203453,72141128,Servicio de remodelación  y/o construcción de plazas públicas,UNSPSC
ocds-dgv273-seacev3-1184836,ocds-dgv273-seacev3-1184836-2026-02-16T09:52:20.526885-05:00,1184836,21203101,72141001,Servicios de construcción de pistas y carreteras nuevas,UNSPSC
ocds-dgv273-seacev3-1188238,ocds-dgv273-seacev3-1188238-2026-02-15T09:57:30.402650-05:00,1188238,21202822,78101701,Servicios de transporte nacional en barco,UNSPSC
ocds-dgv273-seacev3-1186885,ocds-dgv273-seacev3-1186885-2026-02-15T09:57:28.992718-05:00,1186885,21200596,80141502,Estadísticas de distribución o servicios,UNSPSC
ocds-dgv273-seacev3-1186704,ocds-dgv273-seacev3-1186704-2026-02-15T09:57:28.795387-05:00,1186704,21200299,80111620,Servicios temporales de recursos humanos,UNSPSC
ocds-dgv273-seacev3-1186574,ocds-dgv273-seacev3-1186574-2026-02-15T09:57:28.711589-05:00,1186574,21200199,12352311,Alúmina y otros compuestos de aluminio,UNSPSC
ocds-dgv273-seacev3-1186023,ocds-dgv273-seacev3-1186023-2026-02-15T09:57:28.476805-05:00,1186023,21197400,14111802,Recibos o libros de recibos,UNSPSC
ocds-dgv273-seacev3-2026-10507-11,ocds-dgv273-seacev3-2026-10507-11-2026-02-15T09:57:23.683110-05:00,1188418,21203451,42131601,Delantales o mandiles para el personal médico,UNSPSC
ocds-dgv273-seacev3-1186330,ocds-dgv273-seacev3-1186330-2026-02-15T09:57:18.437256-05:00,1186330,21199857,72153102,Servicios de construcción de campos deportivos interiores,UNSPSC
ocds-dgv273-seacev3-1186823,ocds-dgv273-seacev3-1186823-2026-02-15T09:57:18.285263-05:00,1186823,21200404,80131502,Alquiler de instalaciones comerciales o industriales,UNSPSC
ocds-dgv273-seacev3-1188247,ocds-dgv273-seacev3-1188247-2026-02-15T09:57:11.430318-05:00,1188247,21203259,12352302,Sales metálicas inorgánicas,UNSPSC
ocds-dgv273-seacev3-1188247,ocds-dgv273-seacev3-1188247-2026-02-15T09:57:11.430318-05:00,1188247,21203258,10171603,Fertilizante fosfático,UNSPSC
ocds-dgv273-seacev3-1188247,ocds-dgv273-seacev3-1188247-2026-02-15T09:57:11.430318-05:00,1188247,21203257,12352102,Compuestos orgánicos nitrados o nitrosados,UNSPSC
ocds-dgv273-seacev3-1188247,ocds-dgv273-seacev3-1188247-2026-02-15T09:57:11.430318-05:00,1188247,21203262,11111503,Tierra vegetal,UNSPSC
ocds-dgv273-seacev3-1188247,ocds-dgv273-seacev3-1188247-2026-02-15T09:57:11.430318-05:00,1188247,21202843,24141517,Película de polietileno,UNSPSC
ocds-dgv273-seacev3-1188247,ocds-dgv273-seacev3-1188247-2026-02-15T09:57:11.430318-05:00,1188247,21202842,30102904,Postes de madera,UNSPSC
ocds-dgv273-seacev3-1188247,ocds-dgv273-seacev3-1188247-2026-02-15T09:57:11.430318-05:00,1188247,21202841,11162111,Malla,UNSPSC
ocds-dgv273-seacev3-1188247,ocds-dgv273-seacev3-1188247-2026-02-15T09:57:11.430318-05:00,1188247,21202839,30103603,Madera para uso estructural,UNSPSC
ocds-dgv273-seacev3-1188247,ocds-dgv273-seacev3-1188247-2026-02-15T09:57:11.430318-05:00,1188247,21202838,30103603,Madera para uso estructural,UNSPSC
ocds-dgv273-seacev3-1188247,ocds-dgv273-seacev3-1188247-2026-02-15T09:57:11.430318-05:00,1188247,21202847,20101601,Cribas,UNSPSC
ocds-dgv273-seacev3-1188247,ocds-dgv273-seacev3-1188247-2026-02-15T09:57:11.430318-05:00,1188247,21202846,40142007,Mangueras especiales,UNSPSC
ocds-dgv273-seacev3-1188247,ocds-dgv273-seacev3-1188247-2026-02-15T09:57:11.430318-05:00,1188247,21202845,31162006,Clavos de alambre,UNSPSC
ocds-dgv273-seacev3-1188247,ocds-dgv273-seacev3-1188247-2026-02-15T09:57:11.430318-05:00,1188247,21202855,10191509,Insecticidas,UNSPSC
ocds-dgv273-seacev3-1188247,ocds-dgv273-seacev3-1188247-2026-02-15T09:57:11.430318-05:00,1188247,21202854,10191509,Insecticidas,UNSPSC
ocds-dgv273-seacev3-1188247,ocds-dgv273-seacev3-1188247-2026-02-15T09:57:11.430318-05:00,1188247,21203255,56141503,Florero de cerámica,UNSPSC
ocds-dgv273-seacev3-1188247,ocds-dgv273-seacev3-1188247-2026-02-15T09:57:11.430318-05:00,1188247,21203254,10171501,Estiércol o guano,UNSPSC
ocds-dgv273-seacev3-1188247,ocds-dgv273-seacev3-1188247-2026-02-15T09:57:11.430318-05:00,1188247,21203253,47121804,"Cubos, baldes o tobos para limpieza",UNSPSC
ocds-dgv273-seacev3-1185802,ocds-dgv273-seacev3-1185802-2026-02-15T09:57:10.675682-05:00,1185802,21199343,30111505,Hormigón premezclado,UNSPSC
ocds-dgv273-seacev3-1185933,ocds-dgv273-seacev3-1185933-2026-02-15T09:57:10.557832-05:00,1185933,21197286,80131502,Alquiler de instalaciones comerciales o industriales,UNSPSC
ocds-dgv273-seacev3-1186618,ocds-dgv273-seacev3-1186618-2026-02-15T09:57:08.127794-05:00,1186618,21200237,15101509,Combustible para barcos,UNSPSC
ocds-dgv273-seacev3-2026-1947-41,ocds-dgv273-seacev3-2026-1947-41-2026-02-15T09:57:07.183489-05:00,1186110,21199626,80141607,Gestión de eventos,UNSPSC
ocds-dgv273-seacev3-1188027,ocds-dgv273-seacev3-1188027-2026-02-14T10:03:00.463522-05:00,1188027,21202659,12141904,Oxígeno (O),UNSPSC
ocds-dgv273-seacev3-1186235,ocds-dgv273-seacev3-1186235-2026-02-14T10:02:53.305094-05:00,1186235,21199778,60141101,Juegos educativos,UNSPSC
ocds-dgv273-seacev3-1186409,ocds-dgv273-seacev3-1186409-2026-02-14T10:02:50.469910-05:00,1186409,21197786,80131502,Alquiler de instalaciones comerciales o industriales,UNSPSC
ocds-dgv273-seacev3-1186938,ocds-dgv273-seacev3-1186938-2026-02-14T10:02:40.231134-05:00,1186938,21198131,80131502,Alquiler de instalaciones comerciales o industriales,UNSPSC
ocds-dgv273-seacev3-1185067,ocds-dgv273-seacev3-1185067-2026-02-14T10:02:31.591141-05:00,1185067,21196162,72121406,Servicios de construcción de escuelas,UNSPSC
ocds-dgv273-seacev3-2026-1947-324,ocds-dgv273-seacev3-2026-1947-324-2026-02-14T10:02:21.798367-05:00,1187250,21200820,82101802,Servicio de producción de publicidad,UNSPSC
ocds-dgv273-seacev3-2026-212-9,ocds-dgv273-seacev3-2026-212-9-2026-02-14T10:02:19.872601-05:00,1186629,21200253,72141107,Servicios de construcción y reparación de puentes,UNSPSC
ocds-dgv273-seacev3-1187794,ocds-dgv273-seacev3-1187794-2026-02-13T10:05:48.902053-05:00,1187794,21201921,72141213,Servicios de construcción de vías fluviales,UNSPSC
ocds-dgv273-seacev3-1186601,ocds-dgv273-seacev3-1186601-2026-02-13T10:05:48.244602-05:00,1186601,21197902,30131602,Ladrillos de cerámica,UNSPSC
ocds-dgv273-seacev3-1186770,ocds-dgv273-seacev3-1186770-2026-02-13T10:05:32.158572-05:00,1186770,21200359,11111611,Grava,UNSPSC
ocds-dgv273-seacev3-2026-1646-7,ocds-dgv273-seacev3-2026-1646-7-2026-02-13T10:05:20.737917-05:00,1187365,21200976,72153103,Servicios de construcción de patios de recreo e instalación de equipos,UNSPSC
ocds-dgv273-seacev3-1186911,ocds-dgv273-seacev3-1186911-2026-02-13T10:05:09.231726-05:00,1186911,21198121,81141807,Servicio de inspección de instalaciones sanitarias o alcantarillado,UNSPSC
ocds-dgv273-seacev3-1187542,ocds-dgv273-seacev3-1187542-2026-02-13T10:05:09.102000-05:00,1187542,21201375,82101502,Publicidad en afiches,UNSPSC
ocds-dgv273-seacev3-1186108,ocds-dgv273-seacev3-1186108-2026-02-13T10:05:08.838627-05:00,1186108,21199625,50221108,Grano de arroz,UNSPSC
ocds-dgv273-seacev3-1187720,ocds-dgv273-seacev3-1187720-2026-02-13T10:05:05.848658-05:00,1187720,21201800,11111611,Grava,UNSPSC
ocds-dgv273-seacev3-1187697,ocds-dgv273-seacev3-1187697-2026-02-13T10:05:05.842223-05:00,1187697,21201796,11111611,Grava,UNSPSC
ocds-dgv273-seacev3-1186408,ocds-dgv273-seacev3-1186408-2026-02-12T10:06:45.985316-05:00,1186408,21197785,81101508,Ingeniería arquitectónica,UNSPSC
ocds-dgv273-seacev3-1187507,ocds-dgv273-seacev3-1187507-2026-02-12T10:06:42.937973-05:00,1187507,21201548,92101501,Servicios de vigilancia,UNSPSC
ocds-dgv273-seacev3-2026-733-1,ocds-dgv273-seacev3-2026-733-1-2026-02-12T10:06:42.336197-05:00,1186168,21194747,50221101,Granos de cereal,UNSPSC
ocds-dgv273-seacev3-2026-733-1,ocds-dgv273-seacev3-2026-733-1-2026-02-12T10:06:42.336197-05:00,1186168,21194748,50131702,Leche o productos de mantequilla estables sin refrigerar,UNSPSC
ocds-dgv273-seacev3-1186349,ocds-dgv273-seacev3-1186349-2026-02-12T10:06:40.047893-05:00,1186349,21200016,15101505,Diesel,UNSPSC
ocds-dgv273-seacev3-1187331,ocds-dgv273-seacev3-1187331-2026-02-12T10:06:08.940805-05:00,1187331,21201125,81101508,Ingeniería arquitectónica,UNSPSC
ocds-dgv273-seacev3-1187281,ocds-dgv273-seacev3-1187281-2026-02-12T10:06:06.252002-05:00,1187281,21198371,82101502,Publicidad en afiches,UNSPSC
ocds-dgv273-seacev3-1186866,ocds-dgv273-seacev3-1186866-2026-02-11T10:04:19.102507-05:00,1186866,21198091,82101603,Publicidad en Internet,UNSPSC
ocds-dgv273-seacev3-1186853,ocds-dgv273-seacev3-1186853-2026-02-11T10:04:15.491871-05:00,1186853,21200430,82101603,Publicidad en Internet,UNSPSC
ocds-dgv273-seacev3-1186844,ocds-dgv273-seacev3-1186844-2026-02-11T10:04:07.316042-05:00,1186844,21200407,72121101,Servicios de construcción de nuevos edificios comerciales y de oficinas,UNSPSC
ocds-dgv273-seacev3-2026-1922-17,ocds-dgv273-seacev3-2026-1922-17-2026-02-11T10:04:04.319030-05:00,1187305,21200882,81112002,Servicios de preparación o procesamiento de datos,UNSPSC
ocds-dgv273-seacev3-1186835,ocds-dgv273-seacev3-1186835-2026-02-11T10:03:45.441957-05:00,1186835,21200413,82101603,Publicidad en Internet,UNSPSC
ocds-dgv273-seacev3-1186054,ocds-dgv273-seacev3-1186054-2026-02-10T09:58:46.681350-05:00,1186054,21197467,72141001,Servicios de construcción de pistas y carreteras nuevas,UNSPSC
ocds-dgv273-seacev3-1187038,ocds-dgv273-seacev3-1187038-2026-02-09T09:53:35.426509-05:00,1187038,21198206,43232801,Software de vigilancia de redes,UNSPSC
ocds-dgv273-seacev3-2026-200575-1,ocds-dgv273-seacev3-2026-200575-1-2026-02-09T09:53:33.766268-05:00,1186288,21195193,78102203,"Servicios de envío, recojo o entrega de correspondencia",UNSPSC
ocds-dgv273-seacev3-2026-200575-1,ocds-dgv273-seacev3-2026-200575-1-2026-02-09T09:53:33.766268-05:00,1186288,21197669,78102203,"Servicios de envío, recojo o entrega de correspondencia",UNSPSC
ocds-dgv273-seacev3-1187098,ocds-dgv273-seacev3-1187098-2026-02-08T10:00:21.978939-05:00,1187098,21200683,72153102,Servicios de construcción de campos deportivos interiores,UNSPSC
ocds-dgv273-seacev3-2026-1947-293,ocds-dgv273-seacev3-2026-1947-293-2026-02-08T10:00:21.569477-05:00,1186749,21197993,82101603,Publicidad en Internet,UNSPSC
ocds-dgv273-seacev3-2026-1785-1,ocds-dgv273-seacev3-2026-1785-1-2026-02-08T10:00:21.219608-05:00,1186183,21199675,50131702,Leche o productos de mantequilla estables sin refrigerar,UNSPSC
ocds-dgv273-seacev3-2026-1785-1,ocds-dgv273-seacev3-2026-1785-1-2026-02-08T10:00:21.219608-05:00,1186183,21199676,50192109,"Papas fritas en hojuelas y al hilo, mix de bocaditos o galletas saladas",UNSPSC
ocds-dgv273-seacev3-2026-1947-322,ocds-dgv273-seacev3-2026-1947-322-2026-02-08T10:00:15.901349-05:00,1186561,21200180,72153612,Diseño o decoración de interiores,UNSPSC
ocds-dgv273-seacev3-1186791,ocds-dgv273-seacev3-1186791-2026-02-08T10:00:11.503309-05:00,1186791,21198026,80141607,Gestión de eventos,UNSPSC
ocds-dgv273-seacev3-2026-1811-1,ocds-dgv273-seacev3-2026-1811-1-2026-02-08T10:00:02.422553-05:00,1186788,21200384,50192109,"Papas fritas en hojuelas y al hilo, mix de bocaditos o galletas saladas",UNSPSC
ocds-dgv273-seacev3-2026-1811-1,ocds-dgv273-seacev3-2026-1811-1-2026-02-08T10:00:02.422553-05:00,1186788,21200385,50131702,Leche o productos de mantequilla estables sin refrigerar,UNSPSC
ocds-dgv273-seacev3-1186810,ocds-dgv273-seacev3-1186810-2026-02-07T10:00:05.540665-05:00,1186810,21198030,72121403,Servicios de construcción de hospitales,UNSPSC
ocds-dgv273-seacev3-1186124,ocds-dgv273-seacev3-1186124-2026-02-06T10:03:47.420313-05:00,1186124,21197510,80101513,Servicio de consultoría para la gestión de procesos y procedimientos,UNSPSC
ocds-dgv273-seacev3-2026-399-58,ocds-dgv273-seacev3-2026-399-58-2026-02-06T10:03:40.327574-05:00,1186433,21199985,72141121,Servicios de construcción de tuberías principales de agua,UNSPSC
ocds-dgv273-seacev3-1186187,ocds-dgv273-seacev3-1186187-2026-02-05T10:04:02.729524-05:00,1186187,21199680,72141128,Servicio de remodelación  y/o construcción de plazas públicas,UNSPSC
ocds-dgv273-seacev3-1186371,ocds-dgv273-seacev3-1186371-2026-02-05T10:04:00.471286-05:00,1186371,21197761,55101520,Instructivos o folletos,UNSPSC
ocds-dgv273-seacev3-1186391,ocds-dgv273-seacev3-1186391-2026-02-05T10:03:50.113609-05:00,1186391,21199948,31411702,Sello mecánico de fuelle,UNSPSC
ocds-dgv273-seacev3-1185328,ocds-dgv273-seacev3-1185328-2026-02-05T10:03:38.052635-05:00,1185328,21196780,25131705,Aviones objetivo o de reconocimiento,UNSPSC
ocds-dgv273-seacev3-1185511,ocds-dgv273-seacev3-1185511-2026-02-04T10:04:23.020745-05:00,1185511,21197485,72141128,Servicio de remodelación  y/o construcción de plazas públicas,UNSPSC
ocds-dgv273-seacev3-2026-47-4,ocds-dgv273-seacev3-2026-47-4-2026-02-04T10:04:15.750474-05:00,1186381,21199932,81101510,Ingeniería de carreteras,UNSPSC
