Open Contracting ID,Entrega compilada:ID de Entrega,Entrega compilada:Adjudicaciones:ID de Adjudicación,Entrega compilada:Adjudicaciones:Valor:Monto,Entrega compilada:Adjudicaciones:Valor:Moneda,Entrega compilada:Adjudicaciones:Valor:Nombre de Moneda,Entrega compilada:Adjudicaciones:Fecha de adjudicación
ocds-dgv273-seacev3-1205085,ocds-dgv273-seacev3-1205085-2026-09-23T10:18:02.703959-05:00,1205085-1780319,493249.74,PEN,Soles,2026-04-14T00:00:00-05:00
ocds-dgv273-seacev3-1188293,ocds-dgv273-seacev3-1188293-2026-09-23T10:18:02.453935-05:00,1188293-20606558440,242298.0,PEN,Soles,2026-03-05T00:00:00-05:00
ocds-dgv273-seacev3-1187725,ocds-dgv273-seacev3-1187725-2026-09-23T10:18:02.437183-05:00,1187725-1767793,557249.3,PEN,Soles,2026-02-25T00:00:00-05:00
ocds-dgv273-seacev3-1187256,ocds-dgv273-seacev3-1187256-2026-09-23T10:18:02.325694-05:00,1187256-1770808,919500.0,PEN,Nuevos Soles,2026-04-30T00:00:00-05:00
ocds-dgv273-seacev3-2026-1612-1,ocds-dgv273-seacev3-2026-1612-1-2026-09-23T10:18:02.293227-05:00,1186709-1772946,20614976.71,PEN,Soles,2026-03-20T00:00:00-05:00
ocds-dgv273-seacev3-1186562,ocds-dgv273-seacev3-1186562-2026-09-23T10:18:02.273224-05:00,1186562-1768212,2859385.31,PEN,Soles,2026-03-18T00:00:00-05:00
ocds-dgv273-seacev3-2026-10248-67,ocds-dgv273-seacev3-2026-10248-67-2026-09-23T10:17:53.045906-05:00,1191391-10403040776,43800.0,PEN,Soles,2026-03-25T00:00:00-05:00
ocds-dgv273-seacev3-2026-10248-67,ocds-dgv273-seacev3-2026-10248-67-2026-09-23T10:17:53.045906-05:00,1191391-20297955170,109150.0,PEN,Soles,2026-03-25T00:00:00-05:00
ocds-dgv273-seacev3-2026-10248-67,ocds-dgv273-seacev3-2026-10248-67-2026-09-23T10:17:53.045906-05:00,1191391-20306246535,91980.0,PEN,Soles,2026-03-25T00:00:00-05:00
ocds-dgv273-seacev3-2026-10248-67,ocds-dgv273-seacev3-2026-10248-67-2026-09-23T10:17:53.045906-05:00,1191391-20557976095,122315.0,PEN,Soles,2026-03-25T00:00:00-05:00
ocds-dgv273-seacev3-2026-1731-36,ocds-dgv273-seacev3-2026-1731-36-2026-09-23T10:17:52.886472-05:00,1186943-1767860,2727639.18,PEN,Soles,2026-03-10T00:00:00-05:00
ocds-dgv273-seacev3-2026-200-8,ocds-dgv273-seacev3-2026-200-8-2026-09-23T10:17:52.814238-05:00,1186734-1768465,2013640.56,PEN,Soles,2026-03-02T00:00:00-05:00
ocds-dgv273-seacev3-2026-200145-7,ocds-dgv273-seacev3-2026-200145-7-2026-09-23T10:17:52.720765-05:00,1186637-1768418,3176272.01,PEN,Soles,2026-03-04T00:00:00-05:00
ocds-dgv273-seacev3-1192077,ocds-dgv273-seacev3-1192077-2026-09-23T10:17:41.628879-05:00,1192077-1770964,1869056.13,PEN,Soles,2026-03-17T00:00:00-05:00
ocds-dgv273-seacev3-1187849,ocds-dgv273-seacev3-1187849-2026-09-23T10:17:41.311276-05:00,1187849-20612857840,245000.0,PEN,Soles,2026-02-23T00:00:00-05:00
ocds-dgv273-seacev3-2026-1471-3,ocds-dgv273-seacev3-2026-1471-3-2026-09-23T10:17:41.202834-05:00,1186817-20573023481,174580.1,PEN,Soles,2026-02-25T00:00:00-05:00
ocds-dgv273-seacev3-1187541,ocds-dgv273-seacev3-1187541-2026-09-23T10:17:41.169207-05:00,1187541-1767003,1860670.19,PEN,Soles,2026-02-26T00:00:00-05:00
ocds-dgv273-seacev3-2026-10457-4,ocds-dgv273-seacev3-2026-10457-4-2026-09-23T10:17:30.636298-05:00,1186578-10431834192,288600.0,PEN,Soles,2026-02-13T00:00:00-05:00
ocds-dgv273-seacev3-1241869,ocds-dgv273-seacev3-1241869-2026-09-23T10:17:22.338248-05:00,1241869-20610573224,81000.0,PEN,Soles,2026-09-22T00:00:00-05:00
ocds-dgv273-seacev3-2026-1343-33,ocds-dgv273-seacev3-2026-1343-33-2026-09-23T10:17:19.216357-05:00,1187680-20605585290,480000.0,PEN,Soles,2026-05-27T00:00:00-05:00
ocds-dgv273-seacev3-1185530,ocds-dgv273-seacev3-1185530-2026-09-23T10:17:19.100762-05:00,1185530-1768947,911082.82,PEN,Soles,2026-03-17T00:00:00-05:00
ocds-dgv273-seacev3-2026-1608-4,ocds-dgv273-seacev3-2026-1608-4-2026-09-23T10:17:19.086534-05:00,1186515-10032379589,100708.0,PEN,Soles,2026-02-13T00:00:00-05:00
ocds-dgv273-seacev3-1187816,ocds-dgv273-seacev3-1187816-2026-09-23T10:17:18.985416-05:00,1187816-20607964271,459000.0,PEN,Soles,2026-02-20T00:00:00-05:00
ocds-dgv273-seacev3-1187816,ocds-dgv273-seacev3-1187816-2026-09-23T10:17:18.985416-05:00,1187816-20452440831,459000.0,PEN,Soles,2026-02-20T00:00:00-05:00
ocds-dgv273-seacev3-1187816,ocds-dgv273-seacev3-1187816-2026-09-23T10:17:18.985416-05:00,1187816-20563136562,538650.0,PEN,Soles,2026-04-06T00:00:00-05:00
ocds-dgv273-seacev3-1190053,ocds-dgv273-seacev3-1190053-2026-09-23T10:17:09.379277-05:00,1190053-20613658751,90498.0,PEN,Soles,2026-02-26T00:00:00-05:00
ocds-dgv273-seacev3-2026-423-2,ocds-dgv273-seacev3-2026-423-2-2026-09-23T10:17:09.304671-05:00,1189646-1771297,3332141.76,PEN,Soles,2026-03-20T00:00:00-05:00
ocds-dgv273-seacev3-2026-1160-3,ocds-dgv273-seacev3-2026-1160-3-2026-09-23T10:17:09.072434-05:00,1191986-20601253608,2205205.75,PEN,Soles,2026-03-17T00:00:00-05:00
ocds-dgv273-seacev3-1186109,ocds-dgv273-seacev3-1186109-2026-09-23T10:17:08.962841-05:00,1186109-1765574,2061203.68,PEN,Soles,2026-02-16T00:00:00-05:00
ocds-dgv273-seacev3-1186423,ocds-dgv273-seacev3-1186423-2026-09-23T10:17:08.746211-05:00,1186423-20601726174,4617065.34,PEN,Soles,2026-04-30T00:00:00-05:00
ocds-dgv273-seacev3-1186267,ocds-dgv273-seacev3-1186267-2026-09-23T10:17:08.689530-05:00,1186267-20611549572,476700.0,PEN,Soles,2026-02-26T00:00:00-05:00
ocds-dgv273-seacev3-2026-1196-5,ocds-dgv273-seacev3-2026-1196-5-2026-09-23T10:16:57.008196-05:00,1189565-1771681,3215494.14,PEN,Soles,2026-04-08T00:00:00-05:00
ocds-dgv273-seacev3-1201704,ocds-dgv273-seacev3-1201704-2026-09-22T10:12:29.884518-05:00,1201704-1780421,6486066.28,PEN,Soles,2026-04-20T00:00:00-05:00
ocds-dgv273-seacev3-1188870,ocds-dgv273-seacev3-1188870-2026-09-22T10:12:29.664474-05:00,1188870-1767178,353369.71,PEN,Soles,2026-02-23T00:00:00-05:00
ocds-dgv273-seacev3-2026-1731-38,ocds-dgv273-seacev3-2026-1731-38-2026-09-21T09:59:26.436569-05:00,1187045-1767973,1188324.61,PEN,Soles,2026-03-10T00:00:00-05:00
ocds-dgv273-seacev3-1213192,ocds-dgv273-seacev3-1213192-2026-09-18T10:23:18.111244-05:00,1213192-1788844,189602.4,PEN,Soles,2026-05-08T00:00:00-05:00
ocds-dgv273-seacev3-2026-1545-3,ocds-dgv273-seacev3-2026-1545-3-2026-09-18T10:23:17.989308-05:00,1190303-1772220,3478653.95,PEN,Soles,2026-03-27T00:00:00-05:00
ocds-dgv273-seacev3-1189599,ocds-dgv273-seacev3-1189599-2026-09-18T10:23:17.931722-05:00,1189599-20601305772,399750.0,PEN,Soles,2026-03-03T00:00:00-05:00
ocds-dgv273-seacev3-2026-174-1,ocds-dgv273-seacev3-2026-174-1-2026-09-18T10:23:17.187296-05:00,1186211-1765800,4677956.18,PEN,Soles,2026-02-16T00:00:00-05:00
ocds-dgv273-seacev3-1195068,ocds-dgv273-seacev3-1195068-2026-09-18T10:23:06.896226-05:00,1195068-20604191522,305021.49,PEN,Soles,2026-03-17T00:00:00-05:00
ocds-dgv273-seacev3-1195068,ocds-dgv273-seacev3-1195068-2026-09-18T10:23:06.896226-05:00,1195068-20571408954,321075.25,PEN,Soles,2026-04-23T00:00:00-05:00
ocds-dgv273-seacev3-2026-227-13,ocds-dgv273-seacev3-2026-227-13-2026-09-18T10:23:06.846551-05:00,1190861-1773653,860301.03,PEN,Soles,2026-03-27T00:00:00-05:00
ocds-dgv273-seacev3-1188268,ocds-dgv273-seacev3-1188268-2026-09-18T10:23:06.831945-05:00,1188268-20535923095,100000.0,PEN,Soles,2026-03-05T00:00:00-05:00
ocds-dgv273-seacev3-2026-1760-2,ocds-dgv273-seacev3-2026-1760-2-2026-09-18T10:23:06.020529-05:00,1187687-1771614,10950000.0,PEN,Soles,2026-03-16T00:00:00-05:00
ocds-dgv273-seacev3-2026-10466-23,ocds-dgv273-seacev3-2026-10466-23-2026-09-18T10:23:06.005198-05:00,1187437-20573325908,476280.0,PEN,Soles,2026-02-20T00:00:00-05:00
ocds-dgv273-seacev3-2026-200-13,ocds-dgv273-seacev3-2026-200-13-2026-09-18T10:22:55.689999-05:00,1189640-1769641,143546.52,PEN,Soles,2026-03-25T00:00:00-05:00
ocds-dgv273-seacev3-2026-521-1,ocds-dgv273-seacev3-2026-521-1-2026-09-18T10:22:55.642897-05:00,1187924-20602781250,68539.58,PEN,Soles,2026-03-11T00:00:00-05:00
ocds-dgv273-seacev3-2026-521-1,ocds-dgv273-seacev3-2026-521-1-2026-09-18T10:22:55.642897-05:00,1187924-20612272060,85163.9,PEN,Soles,2026-03-11T00:00:00-05:00
ocds-dgv273-seacev3-2026-200-10,ocds-dgv273-seacev3-2026-200-10-2026-09-18T10:22:55.363027-05:00,1186073-1765374,1495197.77,PEN,Soles,2026-02-18T00:00:00-05:00
ocds-dgv273-seacev3-1215893,ocds-dgv273-seacev3-1215893-2026-09-18T10:22:45.130645-05:00,1215893-10316508991,111650.0,PEN,Soles,2026-05-22T00:00:00-05:00
ocds-dgv273-seacev3-1189017,ocds-dgv273-seacev3-1189017-2026-09-18T10:22:44.352275-05:00,1189017-20526944934,1815900.0,PEN,Soles,2026-02-26T00:00:00-05:00
ocds-dgv273-seacev3-1190920,ocds-dgv273-seacev3-1190920-2026-09-18T10:22:44.315887-05:00,1190920-20611418681,58000.0,PEN,Soles,2026-03-06T00:00:00-05:00
ocds-dgv273-seacev3-2026-51-24,ocds-dgv273-seacev3-2026-51-24-2026-09-18T10:22:44.281586-05:00,1190026-20449314868,677275.08,PEN,Soles,2026-03-04T00:00:00-05:00
ocds-dgv273-seacev3-1190691,ocds-dgv273-seacev3-1190691-2026-09-18T10:22:44.214302-05:00,1190691-1775702,731000.0,PEN,Soles,2026-04-30T00:00:00-05:00
ocds-dgv273-seacev3-2026-200-17,ocds-dgv273-seacev3-2026-200-17-2026-09-18T10:22:44.093916-05:00,1191224-1769899,62825.59,PEN,Soles,2026-03-16T00:00:00-05:00
ocds-dgv273-seacev3-1212190,ocds-dgv273-seacev3-1212190-2026-09-18T10:22:33.072323-05:00,1212190-20602664164,933787.54,PEN,Soles,2026-05-08T00:00:00-05:00
ocds-dgv273-seacev3-2026-1319-1,ocds-dgv273-seacev3-2026-1319-1-2026-09-18T10:22:32.766065-05:00,1190539-1770146,2041215.27,PEN,Soles,2026-03-12T00:00:00-05:00
ocds-dgv273-seacev3-1190868,ocds-dgv273-seacev3-1190868-2026-09-18T10:22:32.749892-05:00,1190868-10011011077,151271.0,PEN,Soles,2026-04-07T00:00:00-05:00
ocds-dgv273-seacev3-1189057,ocds-dgv273-seacev3-1189057-2026-09-18T10:22:32.651699-05:00,1189057-10441035816,133200.0,PEN,Soles,2026-03-03T00:00:00-05:00
ocds-dgv273-seacev3-1188937,ocds-dgv273-seacev3-1188937-2026-09-18T10:22:32.494512-05:00,1188937-1767566,4348803.61,PEN,Soles,2026-02-25T00:00:00-05:00
ocds-dgv273-seacev3-2026-1828-1,ocds-dgv273-seacev3-2026-1828-1-2026-09-18T10:22:32.439811-05:00,1187662-10009315336,298838.51,PEN,Soles,2026-02-26T00:00:00-05:00
ocds-dgv273-seacev3-2026-1158-1,ocds-dgv273-seacev3-2026-1158-1-2026-09-18T10:22:32.407326-05:00,1186368-20601898871,768706.0,PEN,Soles,2026-02-12T00:00:00-05:00
ocds-dgv273-seacev3-1240633,ocds-dgv273-seacev3-1240633-2026-09-18T10:22:26.344122-05:00,1240633-1819928,486442.11,PEN,Soles,2026-08-12T00:00:00-05:00
ocds-dgv273-seacev3-1215830,ocds-dgv273-seacev3-1215830-2026-09-18T10:22:22.488213-05:00,1215830-10107203937,138233.33,PEN,Soles,2026-06-12T00:00:00-05:00
ocds-dgv273-seacev3-1216070,ocds-dgv273-seacev3-1216070-2026-09-18T10:22:22.412940-05:00,1216070-10440801906,120156.67,PEN,Soles,2026-06-01T00:00:00-05:00
ocds-dgv273-seacev3-1215875,ocds-dgv273-seacev3-1215875-2026-09-18T10:22:22.234860-05:00,1215875-10062321089,138233.33,PEN,Soles,2026-05-27T00:00:00-05:00
ocds-dgv273-seacev3-2026-200199-10,ocds-dgv273-seacev3-2026-200199-10-2026-09-18T10:22:22.059017-05:00,1188414-1768330,3911527.44,PEN,Soles,2026-03-05T00:00:00-05:00
ocds-dgv273-seacev3-2026-1731-7,ocds-dgv273-seacev3-2026-1731-7-2026-09-18T10:22:22.010547-05:00,1188425-10403969490,950370.0,PEN,Soles,2026-03-03T19:11:15-05:00
ocds-dgv273-seacev3-2026-685-5,ocds-dgv273-seacev3-2026-685-5-2026-09-18T10:22:21.903155-05:00,1190145-1769514,1031587.59,PEN,Soles,2026-03-09T00:00:00-05:00
ocds-dgv273-seacev3-1187572,ocds-dgv273-seacev3-1187572-2026-09-18T10:22:21.747476-05:00,1187572-20338570041,192599.6,PEN,Soles,2026-03-04T00:00:00-05:00
ocds-dgv273-seacev3-1186699,ocds-dgv273-seacev3-1186699-2026-09-18T10:22:21.689645-05:00,1186699-20607343871,739099.5,PEN,Soles,2026-02-16T00:00:00-05:00
ocds-dgv273-seacev3-1186829,ocds-dgv273-seacev3-1186829-2026-09-18T10:22:21.390695-05:00,1186829-1767682,3624645.25,PEN,Soles,2026-03-11T00:00:00-05:00
ocds-dgv273-seacev3-1247456,ocds-dgv273-seacev3-1247456-2026-09-18T10:22:11.420063-05:00,1247456-1833043,618354.0,PEN,Soles,2026-09-17T00:00:00-05:00
ocds-dgv273-seacev3-1215876,ocds-dgv273-seacev3-1215876-2026-09-18T10:22:11.210423-05:00,1215876-10700030372,109523.33,PEN,Soles,2026-05-28T00:00:00-05:00
ocds-dgv273-seacev3-1189234,ocds-dgv273-seacev3-1189234-2026-09-18T10:22:10.541546-05:00,1189234-20407842929,3505682.27,PEN,Soles,2026-02-26T00:00:00-05:00
ocds-dgv273-seacev3-1187904,ocds-dgv273-seacev3-1187904-2026-09-18T10:22:10.180163-05:00,1187904-10271516717,174088.2,PEN,Soles,2026-02-24T00:00:00-05:00
ocds-dgv273-seacev3-1189439,ocds-dgv273-seacev3-1189439-2026-09-17T10:20:16.778737-05:00,1189439-20605631062,210000.0,PEN,Soles,2026-03-05T00:00:00-05:00
ocds-dgv273-seacev3-1197767,ocds-dgv273-seacev3-1197767-2026-09-17T10:19:55.539137-05:00,1197767-1775983,60821239.86,PEN,Soles,2026-04-10T00:00:00-05:00
ocds-dgv273-seacev3-2026-685-1,ocds-dgv273-seacev3-2026-685-1-2026-09-17T10:19:55.372442-05:00,1189428-1769600,675448.69,PEN,Soles,2026-03-12T00:00:00-05:00
ocds-dgv273-seacev3-2026-1584-5,ocds-dgv273-seacev3-2026-1584-5-2026-09-17T10:19:55.065523-05:00,1187219-1766824,3034635.1,PEN,Soles,2026-02-23T00:00:00-05:00
ocds-dgv273-seacev3-1249495,ocds-dgv273-seacev3-1249495-2026-09-17T10:19:47.583121-05:00,1249495-1832115,818853.8,PEN,Soles,2026-09-14T00:00:00-05:00
ocds-dgv273-seacev3-1197346,ocds-dgv273-seacev3-1197346-2026-09-17T10:19:32.643806-05:00,1197346-1773773,261670.84,PEN,Soles,2026-03-24T00:00:00-05:00
ocds-dgv273-seacev3-2026-200145-6,ocds-dgv273-seacev3-2026-200145-6-2026-09-17T10:19:32.455865-05:00,1190984-1770353,2554238.24,PEN,Soles,2026-03-12T00:00:00-05:00
ocds-dgv273-seacev3-2026-1890-10,ocds-dgv273-seacev3-2026-1890-10-2026-09-17T10:19:32.400061-05:00,1186102-20486279436,185002.8,PEN,Soles,2026-02-16T00:00:00-05:00
ocds-dgv273-seacev3-1188353,ocds-dgv273-seacev3-1188353-2026-09-17T10:19:21.905725-05:00,1188353-1769957,1742907.21,PEN,Soles,2026-03-19T00:00:00-05:00
ocds-dgv273-seacev3-1186175,ocds-dgv273-seacev3-1186175-2026-09-17T10:19:09.942849-05:00,1186175-20603823363,800169.15,PEN,Soles,2026-02-11T18:43:50-05:00
ocds-dgv273-seacev3-1217953,ocds-dgv273-seacev3-1217953-2026-09-16T10:19:09.861197-05:00,1217953-1799654,6622764.57,PEN,Soles,2026-08-12T00:00:00-05:00
ocds-dgv273-seacev3-1188462,ocds-dgv273-seacev3-1188462-2026-09-16T10:19:09.295776-05:00,1188462-1768036,1273468.11,PEN,Soles,2026-02-27T00:00:00-05:00
ocds-dgv273-seacev3-1246483,ocds-dgv273-seacev3-1246483-2026-09-16T10:18:29.845524-05:00,1246483-1831444,825737.4,PEN,Soles,2026-09-11T00:00:00-05:00
ocds-dgv273-seacev3-1187028,ocds-dgv273-seacev3-1187028-2026-09-16T10:18:25.139418-05:00,1187028-20606512857,775734.0,PEN,Soles,2026-02-19T00:00:00-05:00
ocds-dgv273-seacev3-2026-1908-25,ocds-dgv273-seacev3-2026-1908-25-2026-09-16T10:18:14.394256-05:00,1191950-20489466741,4202588.96,PEN,Soles,2026-08-13T00:00:00-05:00
ocds-dgv273-seacev3-2026-10553-4,ocds-dgv273-seacev3-2026-10553-4-2026-09-16T10:18:13.654234-05:00,1186081-20604226342,267214.82,PEN,Soles,2026-05-27T00:00:00-05:00
ocds-dgv273-seacev3-2026-10553-4,ocds-dgv273-seacev3-2026-10553-4-2026-09-16T10:18:13.654234-05:00,1186081-20525728600,268000.0,PEN,Soles,2026-08-31T00:00:00-05:00
ocds-dgv273-seacev3-2026-505-9,ocds-dgv273-seacev3-2026-505-9-2026-09-16T10:18:13.338420-05:00,1187290-10425229104,145872.0,PEN,Soles,2026-03-12T00:00:00-05:00
ocds-dgv273-seacev3-2026-505-9,ocds-dgv273-seacev3-2026-505-9-2026-09-16T10:18:13.338420-05:00,1187290-20523905679,225300.0,PEN,Soles,2026-03-12T00:00:00-05:00
ocds-dgv273-seacev3-2026-505-9,ocds-dgv273-seacev3-2026-505-9-2026-09-16T10:18:13.338420-05:00,1187290-20600008812,201484.8,PEN,Soles,2026-03-12T00:00:00-05:00
ocds-dgv273-seacev3-2026-505-9,ocds-dgv273-seacev3-2026-505-9-2026-09-16T10:18:13.338420-05:00,1187290-20602808441,1015000.0,PEN,Soles,2026-03-12T00:00:00-05:00
ocds-dgv273-seacev3-2026-505-9,ocds-dgv273-seacev3-2026-505-9-2026-09-16T10:18:13.338420-05:00,1187290-20607502863,820495.0,PEN,Soles,2026-03-12T00:00:00-05:00
ocds-dgv273-seacev3-2026-505-9,ocds-dgv273-seacev3-2026-505-9-2026-09-16T10:18:13.338420-05:00,1187290-20610676538,205600.0,PEN,Soles,2026-03-12T00:00:00-05:00
ocds-dgv273-seacev3-2026-505-9,ocds-dgv273-seacev3-2026-505-9-2026-09-16T10:18:13.338420-05:00,1187290-20610738771,1315000.0,PEN,Soles,2026-03-12T00:00:00-05:00
ocds-dgv273-seacev3-2026-505-9,ocds-dgv273-seacev3-2026-505-9-2026-09-16T10:18:13.338420-05:00,1187290-10407558095,678000.0,PEN,Soles,2026-04-14T00:00:00-05:00
ocds-dgv273-seacev3-2026-505-9,ocds-dgv273-seacev3-2026-505-9-2026-09-16T10:18:13.338420-05:00,1187290-20419136906,142348.8,PEN,Soles,2026-04-14T00:00:00-05:00
ocds-dgv273-seacev3-2026-505-9,ocds-dgv273-seacev3-2026-505-9-2026-09-16T10:18:13.338420-05:00,1187290-20609915481,139000.0,PEN,Soles,2026-04-14T00:00:00-05:00
ocds-dgv273-seacev3-2026-505-9,ocds-dgv273-seacev3-2026-505-9-2026-09-16T10:18:13.338420-05:00,1202359-20602096808,299000.0,PEN,Soles,2026-04-20T00:00:00-05:00
ocds-dgv273-seacev3-1191993,ocds-dgv273-seacev3-1191993-2026-09-16T10:18:02.605191-05:00,1191993-1774920,344693.01,PEN,Soles,2026-03-30T00:00:00-05:00
ocds-dgv273-seacev3-2026-20-20,ocds-dgv273-seacev3-2026-20-20-2026-09-16T10:18:02.564221-05:00,1191321-1789385,744856.0,PEN,Soles,2026-05-20T00:00:00-05:00
ocds-dgv273-seacev3-2026-20-20,ocds-dgv273-seacev3-2026-20-20-2026-09-16T10:18:02.564221-05:00,1191321-20499358114,1955012.5,PEN,Soles,2026-05-20T00:00:00-05:00
ocds-dgv273-seacev3-2026-1038-4,ocds-dgv273-seacev3-2026-1038-4-2026-09-16T10:18:02.436256-05:00,1186334-1765874,1755122.14,PEN,Soles,2026-02-17T00:00:00-05:00
ocds-dgv273-seacev3-1190386,ocds-dgv273-seacev3-1190386-2026-09-13T12:05:37.513954-05:00,1190386-20523905679,238289.0,PEN,Soles,2026-03-19T00:00:00-05:00
ocds-dgv273-seacev3-2026-617-1,ocds-dgv273-seacev3-2026-617-1-2026-09-13T12:05:37.327055-05:00,1187258-1767141,4688020.83,PEN,Soles,2026-02-23T00:00:00-05:00
ocds-dgv273-seacev3-1187146,ocds-dgv273-seacev3-1187146-2026-09-13T12:05:37.093404-05:00,1187146-1771026,31071271.61,PEN,Soles,2026-03-18T00:00:00-05:00
ocds-dgv273-seacev3-1239720,ocds-dgv273-seacev3-1239720-2026-09-13T12:05:29.035237-05:00,1239720-1818434,878671.54,PEN,Soles,2026-08-10T00:00:00-05:00
ocds-dgv273-seacev3-1191408,ocds-dgv273-seacev3-1191408-2026-09-13T12:05:27.222546-05:00,1191408-1772282,724854.77,PEN,Soles,2026-04-01T00:00:00-05:00
ocds-dgv273-seacev3-1187326,ocds-dgv273-seacev3-1187326-2026-09-13T12:05:26.215703-05:00,1187326-20482663045,3452774.34,PEN,Soles,2026-02-25T00:00:00-05:00
ocds-dgv273-seacev3-2026-42040-1,ocds-dgv273-seacev3-2026-42040-1-2026-09-13T12:05:14.820718-05:00,1187890-20611902329,104236.0,PEN,Soles,2026-02-24T00:00:00-05:00
ocds-dgv273-seacev3-1187643,ocds-dgv273-seacev3-1187643-2026-09-13T12:05:14.809921-05:00,1187643-20558080150,819500.0,PEN,Soles,2026-04-10T00:00:00-05:00
ocds-dgv273-seacev3-2026-743-6,ocds-dgv273-seacev3-2026-743-6-2026-09-13T12:05:14.655545-05:00,1186436-10401496489,5256000.0,PEN,Soles,2026-07-31T00:00:00-05:00
ocds-dgv273-seacev3-1190538,ocds-dgv273-seacev3-1190538-2026-09-13T12:05:03.972774-05:00,1190538-20608837630,1252467.4,PEN,Soles,2026-04-14T00:00:00-05:00
ocds-dgv273-seacev3-1187282,ocds-dgv273-seacev3-1187282-2026-09-13T12:05:03.631047-05:00,1187282-1767004,6126248.19,PEN,Soles,2026-02-23T00:00:00-05:00
ocds-dgv273-seacev3-1220959,ocds-dgv273-seacev3-1220959-2026-09-13T12:04:53.971697-05:00,1220959-20539144899,1602515.54,PEN,Soles,2026-05-29T00:00:00-05:00
ocds-dgv273-seacev3-1216773,ocds-dgv273-seacev3-1216773-2026-09-13T12:04:53.384081-05:00,1216773-20555098759,1764000.0,PEN,Soles,2026-06-01T00:00:00-05:00
ocds-dgv273-seacev3-1189878,ocds-dgv273-seacev3-1189878-2026-09-13T12:04:52.291465-05:00,1189878-1769971,1885025.36,PEN,Soles,2026-03-11T00:00:00-05:00
ocds-dgv273-seacev3-1186088,ocds-dgv273-seacev3-1186088-2026-09-13T12:04:52.026696-05:00,1186088-1766314,345369.8,PEN,Soles,2026-02-19T00:00:00-05:00
ocds-dgv273-seacev3-2026-20002-64,ocds-dgv273-seacev3-2026-20002-64-2026-09-13T12:04:51.970368-05:00,1186836-20605428780,200000.0,PEN,Soles,2026-02-19T00:00:00-05:00
ocds-dgv273-seacev3-1187881,ocds-dgv273-seacev3-1187881-2026-09-13T12:04:51.749393-05:00,1187881-1767542,331810.29,PEN,Soles,2026-03-04T00:00:00-05:00
ocds-dgv273-seacev3-1235008,ocds-dgv273-seacev3-1235008-2026-09-13T12:04:41.885550-05:00,1235008-1817017,1409340.48,PEN,Soles,2026-08-28T00:00:00-05:00
ocds-dgv273-seacev3-1189809,ocds-dgv273-seacev3-1189809-2026-09-13T12:04:41.852194-05:00,1189809-1772192,2546914.15,PEN,Soles,2026-03-18T00:00:00-05:00
ocds-dgv273-seacev3-2026-1631-2,ocds-dgv273-seacev3-2026-1631-2-2026-09-13T12:04:41.685907-05:00,1186470-1766049,355970.94,PEN,Soles,2026-02-18T00:00:00-05:00
ocds-dgv273-seacev3-1188365,ocds-dgv273-seacev3-1188365-2026-09-13T12:04:29.892993-05:00,1188365-20511037001,242100.0,PEN,Soles,2026-02-24T00:00:00-05:00
ocds-dgv273-seacev3-1187275,ocds-dgv273-seacev3-1187275-2026-09-13T12:04:29.680498-05:00,1187275-1767499,82200.0,PEN,Soles,2026-03-04T00:00:00-05:00
ocds-dgv273-seacev3-2026-200055-1,ocds-dgv273-seacev3-2026-200055-1-2026-09-11T10:24:15.026593-05:00,1187037-20486417766,8318162.41,PEN,Soles,2026-02-24T00:00:00-05:00
ocds-dgv273-seacev3-1190267,ocds-dgv273-seacev3-1190267-2026-09-11T10:24:14.953296-05:00,1190267-1768356,2840035.58,PEN,Soles,2026-03-03T00:00:00-05:00
ocds-dgv273-seacev3-1189516,ocds-dgv273-seacev3-1189516-2026-09-11T10:24:04.533108-05:00,1189516-1769065,1946397.09,PEN,Soles,2026-03-05T00:00:00-05:00
ocds-dgv273-seacev3-1189852,ocds-dgv273-seacev3-1189852-2026-09-11T10:23:52.066379-05:00,1189852-20100017149,577255.45,PEN,Soles,2026-02-25T00:00:00-05:00
ocds-dgv273-seacev3-1189852,ocds-dgv273-seacev3-1189852-2026-09-11T10:23:52.066379-05:00,1189852-20100049008,1823588.16,PEN,Soles,2026-02-25T00:00:00-05:00
ocds-dgv273-seacev3-1189852,ocds-dgv273-seacev3-1189852-2026-09-11T10:23:52.066379-05:00,1189852-20100114420,529820.0,PEN,Soles,2026-02-25T00:00:00-05:00
ocds-dgv273-seacev3-1189852,ocds-dgv273-seacev3-1189852-2026-09-11T10:23:52.066379-05:00,1189852-20100163986,1080784.13,PEN,Soles,2026-02-25T00:00:00-05:00
ocds-dgv273-seacev3-1189852,ocds-dgv273-seacev3-1189852-2026-09-11T10:23:52.066379-05:00,1189852-20105887079,50526.77,PEN,Soles,2026-02-25T00:00:00-05:00
ocds-dgv273-seacev3-1189852,ocds-dgv273-seacev3-1189852-2026-09-11T10:23:52.066379-05:00,1189852-20113367360,95580.0,PEN,Soles,2026-02-25T00:00:00-05:00
ocds-dgv273-seacev3-1189852,ocds-dgv273-seacev3-1189852-2026-09-11T10:23:52.066379-05:00,1189852-20129570505,53015.04,PEN,Soles,2026-02-25T00:00:00-05:00
ocds-dgv273-seacev3-1189852,ocds-dgv273-seacev3-1189852-2026-09-11T10:23:52.066379-05:00,1189852-20132162230,44180.59,PEN,Soles,2026-02-25T00:00:00-05:00
ocds-dgv273-seacev3-1189852,ocds-dgv273-seacev3-1189852-2026-09-11T10:23:52.066379-05:00,1189852-20142002583,115301.34,PEN,Soles,2026-02-25T00:00:00-05:00
ocds-dgv273-seacev3-1189852,ocds-dgv273-seacev3-1189852-2026-09-11T10:23:52.066379-05:00,1189852-20143229816,70181.47,PEN,Soles,2026-02-25T00:00:00-05:00
ocds-dgv273-seacev3-1189852,ocds-dgv273-seacev3-1189852-2026-09-11T10:23:52.066379-05:00,1189852-20271691476,116820.0,PEN,Soles,2026-02-25T00:00:00-05:00
ocds-dgv273-seacev3-1189852,ocds-dgv273-seacev3-1189852-2026-09-11T10:23:52.066379-05:00,1189852-20333266025,103084.8,PEN,Soles,2026-02-25T00:00:00-05:00
ocds-dgv273-seacev3-1189852,ocds-dgv273-seacev3-1189852-2026-09-11T10:23:52.066379-05:00,1189852-20338915471,141222.4,PEN,Soles,2026-02-25T00:00:00-05:00
ocds-dgv273-seacev3-1189852,ocds-dgv273-seacev3-1189852-2026-09-11T10:23:52.066379-05:00,1189852-20378726876,119097.64,PEN,Soles,2026-02-25T00:00:00-05:00
ocds-dgv273-seacev3-1189852,ocds-dgv273-seacev3-1189852-2026-09-11T10:23:52.066379-05:00,1189852-20382350368,370461.0,PEN,Soles,2026-02-25T00:00:00-05:00
ocds-dgv273-seacev3-1189852,ocds-dgv273-seacev3-1189852-2026-09-11T10:23:52.066379-05:00,1189852-20389161811,254880.0,PEN,Soles,2026-02-25T00:00:00-05:00
ocds-dgv273-seacev3-1189852,ocds-dgv273-seacev3-1189852-2026-09-11T10:23:52.066379-05:00,1189852-20443478818,85901.05,PEN,Soles,2026-02-25T00:00:00-05:00
ocds-dgv273-seacev3-1189852,ocds-dgv273-seacev3-1189852-2026-09-11T10:23:52.066379-05:00,1189852-20481828954,143299.2,PEN,Soles,2026-02-25T00:00:00-05:00
ocds-dgv273-seacev3-1189852,ocds-dgv273-seacev3-1189852-2026-09-11T10:23:52.066379-05:00,1189852-20492353214,412209.4,PEN,Soles,2026-02-25T00:00:00-05:00
ocds-dgv273-seacev3-1189852,ocds-dgv273-seacev3-1189852-2026-09-11T10:23:52.066379-05:00,1189852-20502169263,87941.47,PEN,Soles,2026-02-25T00:00:00-05:00
ocds-dgv273-seacev3-1189852,ocds-dgv273-seacev3-1189852-2026-09-11T10:23:52.066379-05:00,1189852-20505448180,68605.2,PEN,Soles,2026-02-25T00:00:00-05:00
ocds-dgv273-seacev3-1189852,ocds-dgv273-seacev3-1189852-2026-09-11T10:23:52.066379-05:00,1189852-20511315922,411273.27,PEN,Soles,2026-02-25T00:00:00-05:00
ocds-dgv273-seacev3-1189852,ocds-dgv273-seacev3-1189852-2026-09-11T10:23:52.066379-05:00,1189852-20513113456,575192.18,PEN,Soles,2026-02-25T00:00:00-05:00
ocds-dgv273-seacev3-1189852,ocds-dgv273-seacev3-1189852-2026-09-11T10:23:52.066379-05:00,1189852-20513792507,146851.0,PEN,Soles,2026-02-25T00:00:00-05:00
ocds-dgv273-seacev3-1189852,ocds-dgv273-seacev3-1189852-2026-09-11T10:23:52.066379-05:00,1189852-20513953012,409094.28,PEN,Soles,2026-02-25T00:00:00-05:00
ocds-dgv273-seacev3-1189852,ocds-dgv273-seacev3-1189852-2026-09-11T10:23:52.066379-05:00,1189852-20516529084,108726.38,PEN,Soles,2026-02-25T00:00:00-05:00
ocds-dgv273-seacev3-1189852,ocds-dgv273-seacev3-1189852-2026-09-11T10:23:52.066379-05:00,1189852-20529465069,80202.24,PEN,Soles,2026-02-25T00:00:00-05:00
ocds-dgv273-seacev3-1189852,ocds-dgv273-seacev3-1189852-2026-09-11T10:23:52.066379-05:00,1189852-20531453451,79380.0,PEN,Soles,2026-02-25T00:00:00-05:00
ocds-dgv273-seacev3-1189852,ocds-dgv273-seacev3-1189852-2026-09-11T10:23:52.066379-05:00,1189852-20548247854,125668.03,PEN,Soles,2026-02-25T00:00:00-05:00
ocds-dgv273-seacev3-1189852,ocds-dgv273-seacev3-1189852-2026-09-11T10:23:52.066379-05:00,1189852-20553069239,220638.82,PEN,Soles,2026-02-25T00:00:00-05:00
ocds-dgv273-seacev3-1189852,ocds-dgv273-seacev3-1189852-2026-09-11T10:23:52.066379-05:00,1189852-20556111651,106377.0,PEN,Soles,2026-02-25T00:00:00-05:00
ocds-dgv273-seacev3-1189852,ocds-dgv273-seacev3-1189852-2026-09-11T10:23:52.066379-05:00,1189852-20600319541,54472.73,PEN,Soles,2026-02-25T00:00:00-05:00
ocds-dgv273-seacev3-1189852,ocds-dgv273-seacev3-1189852-2026-09-11T10:23:52.066379-05:00,1189852-20600550099,116579.48,PEN,Soles,2026-02-25T00:00:00-05:00
ocds-dgv273-seacev3-1189852,ocds-dgv273-seacev3-1189852-2026-09-11T10:23:52.066379-05:00,1189852-20604033528,86297.33,PEN,Soles,2026-02-25T00:00:00-05:00
ocds-dgv273-seacev3-1189852,ocds-dgv273-seacev3-1189852-2026-09-11T10:23:52.066379-05:00,1189852-20604673594,62445.6,PEN,Soles,2026-02-25T00:00:00-05:00
ocds-dgv273-seacev3-1189852,ocds-dgv273-seacev3-1189852-2026-09-11T10:23:52.066379-05:00,1189852-20605818910,126496.0,PEN,Soles,2026-02-25T00:00:00-05:00
ocds-dgv273-seacev3-1189852,ocds-dgv273-seacev3-1189852-2026-09-11T10:23:52.066379-05:00,1189852-20606821311,57798.37,PEN,Soles,2026-02-25T00:00:00-05:00
ocds-dgv273-seacev3-1189852,ocds-dgv273-seacev3-1189852-2026-09-11T10:23:52.066379-05:00,1189852-20608275411,140943.14,PEN,Soles,2026-02-25T00:00:00-05:00
ocds-dgv273-seacev3-1189852,ocds-dgv273-seacev3-1189852-2026-09-11T10:23:52.066379-05:00,1189852-20609681072,62964.8,PEN,Soles,2026-02-25T00:00:00-05:00
ocds-dgv273-seacev3-1189852,ocds-dgv273-seacev3-1189852-2026-09-11T10:23:52.066379-05:00,1189852-20610650563,305326.8,PEN,Soles,2026-02-25T00:00:00-05:00
ocds-dgv273-seacev3-1189852,ocds-dgv273-seacev3-1189852-2026-09-11T10:23:52.066379-05:00,1189852-20611487216,130828.96,PEN,Soles,2026-02-25T00:00:00-05:00
ocds-dgv273-seacev3-2026-1172-3,ocds-dgv273-seacev3-2026-1172-3-2026-09-11T10:23:51.079825-05:00,1187143-20489684145,4621212.96,PEN,Soles,2026-03-24T00:00:00-05:00
ocds-dgv273-seacev3-2026-212-8,ocds-dgv273-seacev3-2026-212-8-2026-09-11T10:23:40.796766-05:00,1187528-1766790,151437.66,PEN,Soles,2026-02-27T00:00:00-05:00
ocds-dgv273-seacev3-1185679,ocds-dgv273-seacev3-1185679-2026-09-11T10:23:28.812784-05:00,1185679-20311069072,272620.36,PEN,Soles,2026-02-17T00:00:00-05:00
ocds-dgv273-seacev3-1185679,ocds-dgv273-seacev3-1185679-2026-09-11T10:23:28.812784-05:00,1185679-20613443526,170220.0,PEN,Soles,2026-02-17T00:00:00-05:00
ocds-dgv273-seacev3-1189566,ocds-dgv273-seacev3-1189566-2026-09-11T10:23:18.447940-05:00,1189566-20608081390,169573.66,PEN,Soles,2026-02-25T00:00:00-05:00
ocds-dgv273-seacev3-1191516,ocds-dgv273-seacev3-1191516-2026-09-11T10:23:18.141620-05:00,1191516-20601025869,86227.8,PEN,Soles,2026-03-09T00:00:00-05:00
ocds-dgv273-seacev3-2026-1731-31,ocds-dgv273-seacev3-2026-1731-31-2026-09-11T10:23:17.652620-05:00,1187287-20600423607,176580.0,PEN,Soles,2026-03-06T00:00:00-05:00
ocds-dgv273-seacev3-1248060,ocds-dgv273-seacev3-1248060-2026-09-10T10:20:31.425577-05:00,1248060-20602526675,76969.2,PEN,Soles,2026-09-07T00:00:00-05:00
ocds-dgv273-seacev3-1244568,ocds-dgv273-seacev3-1244568-2026-09-10T10:20:26.220442-05:00,1244568-10251808967,1319381.11,PEN,Soles,2026-08-26T00:00:00-05:00
ocds-dgv273-seacev3-1190781,ocds-dgv273-seacev3-1190781-2026-09-10T10:20:23.360913-05:00,1190781-1768508,275799.52,PEN,Soles,2026-03-05T00:00:00-05:00
ocds-dgv273-seacev3-2026-176869-3,ocds-dgv273-seacev3-2026-176869-3-2026-09-10T10:20:01.324475-05:00,1188553-20393884054,374283.86,PEN,Soles,2026-03-04T00:00:00-05:00
ocds-dgv273-seacev3-1190521,ocds-dgv273-seacev3-1190521-2026-09-10T10:20:00.891303-05:00,1190521-20605941371,450000.0,PEN,Soles,2026-03-25T00:00:00-05:00
ocds-dgv273-seacev3-2026-200-12,ocds-dgv273-seacev3-2026-200-12-2026-09-10T10:19:50.295858-05:00,1190404-1769530,693158.87,PEN,Soles,2026-03-06T00:00:00-05:00
ocds-dgv273-seacev3-1229434,ocds-dgv273-seacev3-1229434-2026-09-10T10:19:43.042292-05:00,1229434-1806657,5101094.46,PEN,Soles,2026-06-26T00:00:00-05:00
ocds-dgv273-seacev3-1247828,ocds-dgv273-seacev3-1247828-2026-09-10T10:19:40.646401-05:00,1247828-20602143016,90209.76,PEN,Soles,2026-09-07T00:00:00-05:00
ocds-dgv273-seacev3-2026-1694-1,ocds-dgv273-seacev3-2026-1694-1-2026-09-10T10:19:38.798056-05:00,1190989-1769825,96200.0,PEN,Soles,2026-03-11T00:00:00-05:00
ocds-dgv273-seacev3-2026-1694-1,ocds-dgv273-seacev3-2026-1694-1-2026-09-10T10:19:38.798056-05:00,1190989-20601927111,65318.0,PEN,Soles,2026-03-11T00:00:00-05:00
ocds-dgv273-seacev3-2026-200202-1,ocds-dgv273-seacev3-2026-200202-1-2026-09-10T10:19:38.617030-05:00,1188576-20404553292,88377.5,PEN,Soles,2026-03-05T00:00:00-05:00
ocds-dgv273-seacev3-1186598,ocds-dgv273-seacev3-1186598-2026-09-10T10:19:38.534927-05:00,1186598-20525089917,2523389.16,PEN,Soles,2026-02-24T00:00:00-05:00
ocds-dgv273-seacev3-1187808,ocds-dgv273-seacev3-1187808-2026-09-10T10:19:38.359247-05:00,1187808-20548938768,465175.61,PEN,Soles,2026-02-24T00:00:00-05:00
ocds-dgv273-seacev3-1187808,ocds-dgv273-seacev3-1187808-2026-09-10T10:19:38.359247-05:00,1187808-20605066713,465175.61,PEN,Soles,2026-04-06T00:00:00-05:00
ocds-dgv273-seacev3-1190966,ocds-dgv273-seacev3-1190966-2026-09-10T10:19:28.242180-05:00,1190966-20609302012,145000.0,PEN,Soles,2026-03-19T00:00:00-05:00
ocds-dgv273-seacev3-2026-1313-2,ocds-dgv273-seacev3-2026-1313-2-2026-09-10T10:19:15.461436-05:00,1191939-20521188244,300839.0,PEN,Soles,2026-03-12T00:00:00-05:00
ocds-dgv273-seacev3-1244204,ocds-dgv273-seacev3-1244204-2026-09-09T10:24:31.716630-05:00,1244204-20603786301,71116.7,PEN,Soles,2026-08-25T00:00:00-05:00
ocds-dgv273-seacev3-1214612,ocds-dgv273-seacev3-1214612-2026-09-09T10:24:27.297155-05:00,1214612-10283144475,24000.0,PEN,Soles,2026-05-12T00:00:00-05:00
ocds-dgv273-seacev3-1190734,ocds-dgv273-seacev3-1190734-2026-09-09T10:24:27.256211-05:00,1190734-1769902,2184378.0,PEN,Soles,2026-03-10T00:00:00-05:00
ocds-dgv273-seacev3-1194048,ocds-dgv273-seacev3-1194048-2026-09-09T10:24:27.239525-05:00,1194048-1770969,464508.9,PEN,Soles,2026-03-24T00:00:00-05:00
ocds-dgv273-seacev3-2026-99-2,ocds-dgv273-seacev3-2026-99-2-2026-09-09T10:24:27.005938-05:00,1190163-10167059380,182857.5,PEN,Soles,2026-03-16T00:00:00-05:00
ocds-dgv273-seacev3-2026-2384-4,ocds-dgv273-seacev3-2026-2384-4-2026-09-09T10:24:26.929073-05:00,1189889-20100257298,5612670.0,PEN,Soles,2026-03-26T00:00:00-05:00
ocds-dgv273-seacev3-2026-1735-17,ocds-dgv273-seacev3-2026-1735-17-2026-09-09T10:24:04.945734-05:00,1186793-1770577,3998264.43,PEN,Soles,2026-03-31T00:00:00-05:00
ocds-dgv273-seacev3-1198436,ocds-dgv273-seacev3-1198436-2026-09-09T10:23:54.084412-05:00,1198436-20602522998,258489.6,PEN,Soles,2026-03-20T00:00:00-05:00
ocds-dgv273-seacev3-1247442,ocds-dgv273-seacev3-1247442-2026-09-09T10:23:49.448931-05:00,1247442-20469028314,157368.76,PEN,Soles,2026-09-04T00:00:00-05:00
ocds-dgv273-seacev3-1243948,ocds-dgv273-seacev3-1243948-2026-09-09T10:23:23.303337-05:00,1243948-20603724519,129860.0,PEN,Soles,2026-08-25T00:00:00-05:00
ocds-dgv273-seacev3-1187297,ocds-dgv273-seacev3-1187297-2026-09-09T10:23:19.287195-05:00,1187297-1812459,6482381.4,PEN,Soles,2026-08-25T00:00:00-05:00
ocds-dgv273-seacev3-1187297,ocds-dgv273-seacev3-1187297-2026-09-09T10:23:19.287195-05:00,1187297-20100362598,516920085.36,PEN,Soles,2026-08-25T00:00:00-05:00
ocds-dgv273-seacev3-1187297,ocds-dgv273-seacev3-1187297-2026-09-09T10:23:19.287195-05:00,1187297-20609481791,233499536.28,PEN,Soles,2026-08-25T00:00:00-05:00
ocds-dgv273-seacev3-1190461,ocds-dgv273-seacev3-1190461-2026-09-07T10:14:49.129789-05:00,1190461-10483523021,450000.0,PEN,Nuevos Soles,2026-03-12T00:00:00-05:00
ocds-dgv273-seacev3-1189513,ocds-dgv273-seacev3-1189513-2026-09-07T10:14:49.110773-05:00,1189513-20605034196,8619675.79,PEN,Soles,2026-03-25T00:00:00-05:00
ocds-dgv273-seacev3-1189415,ocds-dgv273-seacev3-1189415-2026-09-07T10:14:39.649155-05:00,1189415-20605631062,295000.0,PEN,Soles,2026-03-05T00:00:00-05:00
ocds-dgv273-seacev3-1187750,ocds-dgv273-seacev3-1187750-2026-09-07T10:14:39.295394-05:00,1187750-20482172572,63000.0,PEN,Soles,2026-02-23T00:00:00-05:00
ocds-dgv273-seacev3-1187440,ocds-dgv273-seacev3-1187440-2026-09-07T10:14:39.279807-05:00,1187440-20611902329,253992.0,PEN,Soles,2026-02-24T00:00:00-05:00
ocds-dgv273-seacev3-1242392,ocds-dgv273-seacev3-1242392-2026-09-07T10:14:34.883392-05:00,1242392-20107903951,82656.4,PEN,Soles,2026-08-18T00:00:00-05:00
ocds-dgv273-seacev3-2026-200269-3,ocds-dgv273-seacev3-2026-200269-3-2026-09-07T10:14:19.518427-05:00,1190317-20603863101,216000.0,PEN,Soles,2026-03-05T00:00:00-05:00
ocds-dgv273-seacev3-2026-1994-9,ocds-dgv273-seacev3-2026-1994-9-2026-09-07T10:14:19.433776-05:00,1186930-20100210909,632633.24,PEN,Soles,2026-03-17T00:00:00-05:00
ocds-dgv273-seacev3-2026-1111-6,ocds-dgv273-seacev3-2026-1111-6-2026-09-07T10:14:19.253829-05:00,1186050-20609536129,166685.0,PEN,Soles,2026-02-12T12:25:17-05:00
ocds-dgv273-seacev3-1190098,ocds-dgv273-seacev3-1190098-2026-09-07T10:14:08.608901-05:00,1190098-20601772842,194850.0,PEN,Soles,2026-03-16T00:00:00-05:00
ocds-dgv273-seacev3-2026-1731-42,ocds-dgv273-seacev3-2026-1731-42-2026-09-07T10:14:08.404831-05:00,1186964-1768115,1324544.27,PEN,Soles,2026-03-10T00:00:00-05:00
ocds-dgv273-seacev3-1216952,ocds-dgv273-seacev3-1216952-2026-09-05T13:37:01.883141-05:00,1216952-20553069239,53118.59,PEN,Soles,2026-06-12T00:00:00-05:00
ocds-dgv273-seacev3-1214829,ocds-dgv273-seacev3-1214829-2026-09-05T13:37:01.647570-05:00,1214829-1793913,39562720.2,PEN,Soles,2026-06-01T00:00:00-05:00
ocds-dgv273-seacev3-1188965,ocds-dgv273-seacev3-1188965-2026-09-05T13:37:01.560704-05:00,1188965-10419590628,241000.0,PEN,Soles,2026-03-05T00:00:00-05:00
ocds-dgv273-seacev3-1188965,ocds-dgv273-seacev3-1188965-2026-09-05T13:37:01.560704-05:00,1188965-20609186471,262000.0,PEN,Soles,2026-03-27T00:00:00-05:00
ocds-dgv273-seacev3-1189056,ocds-dgv273-seacev3-1189056-2026-09-05T13:36:50.079583-05:00,1189056-10016946490,127270.0,PEN,Soles,2026-03-02T00:00:00-05:00
ocds-dgv273-seacev3-1187002,ocds-dgv273-seacev3-1187002-2026-09-05T13:36:49.900416-05:00,1187002-20606830999,591619.22,PEN,Soles,2026-02-24T00:00:00-05:00
ocds-dgv273-seacev3-1217065,ocds-dgv273-seacev3-1217065-2026-09-05T13:36:39.075957-05:00,1217065-20113367360,68817.6,PEN,Soles,2026-06-01T00:00:00-05:00
ocds-dgv273-seacev3-1217085,ocds-dgv273-seacev3-1217085-2026-09-05T13:36:38.901966-05:00,1217085-20513113456,66740.8,PEN,Soles,2026-05-29T00:00:00-05:00
ocds-dgv273-seacev3-1191056,ocds-dgv273-seacev3-1191056-2026-09-05T13:36:38.454241-05:00,1191056-20527883742,226900.0,PEN,Soles,2026-03-16T00:00:00-05:00
ocds-dgv273-seacev3-1191151,ocds-dgv273-seacev3-1191151-2026-09-05T13:36:38.357914-05:00,1191151-1771393,1715000.0,PEN,Soles,2026-03-17T00:00:00-05:00
ocds-dgv273-seacev3-1186645,ocds-dgv273-seacev3-1186645-2026-09-05T13:36:38.010862-05:00,1186645-20491199254,467000.0,PEN,Soles,2026-02-24T00:00:00-05:00
ocds-dgv273-seacev3-1187749,ocds-dgv273-seacev3-1187749-2026-09-05T13:36:37.979062-05:00,1187749-1767062,1348723.43,PEN,Soles,2026-02-23T00:00:00-05:00
ocds-dgv273-seacev3-2026-1890-15,ocds-dgv273-seacev3-2026-1890-15-2026-09-05T13:36:27.350473-05:00,1188019-20600228502,2029165.6,PEN,Soles,2026-03-19T00:00:00-05:00
ocds-dgv273-seacev3-1192051,ocds-dgv273-seacev3-1192051-2026-09-05T13:36:27.156679-05:00,1192051-20539556909,468165.0,PEN,Soles,2026-03-16T00:00:00-05:00
ocds-dgv273-seacev3-1187865,ocds-dgv273-seacev3-1187865-2026-09-05T13:36:27.009318-05:00,1187865-20418896915,1235618.02,PEN,Soles,2026-02-13T00:00:00-05:00
ocds-dgv273-seacev3-1188714,ocds-dgv273-seacev3-1188714-2026-09-05T13:36:26.954152-05:00,1188714-1768245,1305332.13,PEN,Soles,2026-02-27T00:00:00-05:00
ocds-dgv273-seacev3-2026-1852-23,ocds-dgv273-seacev3-2026-1852-23-2026-09-05T13:36:26.896159-05:00,1186781-20604968772,148500.0,PEN,Soles,2026-02-19T00:00:00-05:00
ocds-dgv273-seacev3-1216750,ocds-dgv273-seacev3-1216750-2026-09-05T13:36:06.349340-05:00,1216750-20600064691,62545.78,PEN,Soles,2026-05-29T00:00:00-05:00
ocds-dgv273-seacev3-1216566,ocds-dgv273-seacev3-1216566-2026-09-05T13:36:06.139299-05:00,1216566-20604033528,84960.0,PEN,Soles,2026-05-27T00:00:00-05:00
ocds-dgv273-seacev3-1216409,ocds-dgv273-seacev3-1216409-2026-09-05T13:36:05.664221-05:00,1216409-20609605589,88259.29,PEN,Soles,2026-05-27T00:00:00-05:00
ocds-dgv273-seacev3-1217014,ocds-dgv273-seacev3-1217014-2026-09-05T13:36:05.565500-05:00,1217014-20492353214,99932.0,PEN,Soles,2026-05-28T00:00:00-05:00
ocds-dgv273-seacev3-1187911,ocds-dgv273-seacev3-1187911-2026-09-05T13:35:53.259579-05:00,1187911-10401873827,303000.0,PEN,Soles,2026-02-20T00:00:00-05:00
ocds-dgv273-seacev3-1191995,ocds-dgv273-seacev3-1191995-2026-09-04T13:58:05.701116-05:00,1191995-1788112,37079584.64,PEN,Soles,2026-06-22T00:00:00-05:00
ocds-dgv273-seacev3-1188561,ocds-dgv273-seacev3-1188561-2026-09-04T13:57:54.733813-05:00,1188561-20611258233,99690.0,PEN,Soles,2026-03-02T00:00:00-05:00
ocds-dgv273-seacev3-1190830,ocds-dgv273-seacev3-1190830-2026-09-04T13:57:54.054461-05:00,1190830-1768529,3298225.66,PEN,Soles,2026-03-04T00:00:00-05:00
ocds-dgv273-seacev3-1188241,ocds-dgv273-seacev3-1188241-2026-09-04T13:57:31.475793-05:00,1188241-20611258233,84360.0,PEN,Soles,2026-02-20T00:00:00-05:00
ocds-dgv273-seacev3-1185689,ocds-dgv273-seacev3-1185689-2026-09-04T13:57:31.177458-05:00,1185689-20524800510,99720.5,PEN,Soles,2026-02-10T00:00:00-05:00
ocds-dgv273-seacev3-1216530,ocds-dgv273-seacev3-1216530-2026-09-04T13:57:21.272517-05:00,1216530-20600550099,69620.0,PEN,Soles,2026-05-28T00:00:00-05:00
ocds-dgv273-seacev3-1216501,ocds-dgv273-seacev3-1216501-2026-09-04T13:57:21.161500-05:00,1216501-20511315922,150037.0,PEN,Soles,2026-05-28T00:00:00-05:00
ocds-dgv273-seacev3-2026-374-17,ocds-dgv273-seacev3-2026-374-17-2026-09-04T13:57:20.704481-05:00,1191242-20603266511,790000.0,PEN,Soles,2026-03-09T00:00:00-05:00
ocds-dgv273-seacev3-2026-374-30,ocds-dgv273-seacev3-2026-374-30-2026-09-04T13:57:09.679870-05:00,1191625-20607509523,57900.0,PEN,Soles,2026-03-10T00:00:00-05:00
ocds-dgv273-seacev3-1216546,ocds-dgv273-seacev3-1216546-2026-09-04T13:56:57.580336-05:00,1216546-20378726876,112926.0,PEN,Soles,2026-05-28T00:00:00-05:00
ocds-dgv273-seacev3-1190654,ocds-dgv273-seacev3-1190654-2026-09-03T10:50:53.440832-05:00,1190654-20612779083,131241.0,PEN,Soles,2026-03-11T20:05:14-05:00
ocds-dgv273-seacev3-1243081,ocds-dgv273-seacev3-1243081-2026-09-03T10:50:51.335369-05:00,1243081-1824498,198470.1,PEN,Soles,2026-08-25T00:00:00-05:00
ocds-dgv273-seacev3-2026-1322-2,ocds-dgv273-seacev3-2026-1322-2-2026-09-03T10:50:36.115011-05:00,1188343-20100210909,172607.95,PEN,Soles,2026-02-26T00:00:00-05:00
ocds-dgv273-seacev3-2026-1320-14,ocds-dgv273-seacev3-2026-1320-14-2026-09-03T10:50:22.565446-05:00,1189325-1772499,3529764.43,PEN,Soles,2026-03-27T00:00:00-05:00
ocds-dgv273-seacev3-2026-177645-1,ocds-dgv273-seacev3-2026-177645-1-2026-09-03T10:50:13.260668-05:00,1188110-20512821325,89142.86,PEN,Soles,2026-03-16T00:00:00-05:00
ocds-dgv273-seacev3-1233447,ocds-dgv273-seacev3-1233447-2026-09-03T10:49:39.451249-05:00,1233447-1811371,1520000.0,PEN,Soles,2026-07-17T00:00:00-05:00
ocds-dgv273-seacev3-2026-399-64,ocds-dgv273-seacev3-2026-399-64-2026-09-03T10:49:23.349474-05:00,1188318-20600911300,1955783.55,PEN,Soles,2026-03-23T00:00:00-05:00
ocds-dgv273-seacev3-1220691,ocds-dgv273-seacev3-1220691-2026-09-03T10:49:11.343602-05:00,1220691-1800384,2976956.58,PEN,Soles,2026-07-21T00:00:00-05:00
ocds-dgv273-seacev3-2026-200-14,ocds-dgv273-seacev3-2026-200-14-2026-09-03T10:49:10.507516-05:00,1191228-1770511,182349.03,PEN,Soles,2026-03-17T00:00:00-05:00
ocds-dgv273-seacev3-1189694,ocds-dgv273-seacev3-1189694-2026-08-30T10:02:47.964556-05:00,1189694-10441390209,148390.0,PEN,Soles,2026-03-11T00:00:00-05:00
ocds-dgv273-seacev3-1189694,ocds-dgv273-seacev3-1189694-2026-08-30T10:02:47.964556-05:00,1189694-10314210927,145000.0,PEN,Soles,2026-04-08T00:00:00-05:00
ocds-dgv273-seacev3-1188595,ocds-dgv273-seacev3-1188595-2026-08-30T10:02:47.915819-05:00,1188595-20609578701,248000.0,PEN,Soles,2026-03-04T00:00:00-05:00
ocds-dgv273-seacev3-1229695,ocds-dgv273-seacev3-1229695-2026-08-30T10:02:37.857917-05:00,1229695-20601767938,1164350.0,PEN,Soles,2026-06-30T00:00:00-05:00
ocds-dgv273-seacev3-2026-203-10,ocds-dgv273-seacev3-2026-203-10-2026-08-30T10:02:37.059372-05:00,1191012-1769928,604193.63,PEN,Soles,2026-03-09T00:00:00-05:00
ocds-dgv273-seacev3-1228652,ocds-dgv273-seacev3-1228652-2026-08-30T10:02:31.038518-05:00,1228652-10239861313,381600.0,PEN,Soles,2026-06-25T00:00:00-05:00
ocds-dgv273-seacev3-2026-127819-5,ocds-dgv273-seacev3-2026-127819-5-2026-08-30T10:02:26.375036-05:00,1186564-10237051322,51428.5,PEN,Soles,2026-02-16T00:00:00-05:00
ocds-dgv273-seacev3-1189829,ocds-dgv273-seacev3-1189829-2026-08-30T10:02:15.661672-05:00,1189829-20490867334,100380.0,PEN,Soles,2026-03-09T00:00:00-05:00
ocds-dgv273-seacev3-2026-1868-3,ocds-dgv273-seacev3-2026-1868-3-2026-08-30T10:02:15.624232-05:00,1191961-1778025,1502080.62,PEN,Soles,2026-04-06T00:00:00-05:00
ocds-dgv273-seacev3-2026-2009-4,ocds-dgv273-seacev3-2026-2009-4-2026-08-30T10:02:15.594306-05:00,1188677-20603266511,192000.0,PEN,Soles,2026-03-02T00:00:00-05:00
ocds-dgv273-seacev3-2026-2009-4,ocds-dgv273-seacev3-2026-2009-4-2026-08-30T10:02:15.594306-05:00,1188677-10472740291,198600.0,PEN,Soles,2026-03-26T00:00:00-05:00
ocds-dgv273-seacev3-1188313,ocds-dgv273-seacev3-1188313-2026-08-30T10:02:15.470293-05:00,1188313-1766545,1211049.09,PEN,Soles,2026-02-19T00:00:00-05:00
ocds-dgv273-seacev3-1189638,ocds-dgv273-seacev3-1189638-2026-08-29T10:11:30.015367-05:00,1189638-10457636232,110133.6,PEN,Soles,2026-03-03T00:00:00-05:00
ocds-dgv273-seacev3-1194513,ocds-dgv273-seacev3-1194513-2026-08-29T10:11:29.977885-05:00,1194513-20608583379,170000.0,PEN,Soles,2026-03-16T00:00:00-05:00
ocds-dgv273-seacev3-1190460,ocds-dgv273-seacev3-1190460-2026-08-29T10:11:29.938751-05:00,1190460-20533678018,180067.0,PEN,Soles,2026-04-07T00:00:00-05:00
ocds-dgv273-seacev3-1186712,ocds-dgv273-seacev3-1186712-2026-08-29T10:11:29.457104-05:00,1186712-1770507,3703791.42,PEN,Soles,2026-04-16T00:00:00-05:00
ocds-dgv273-seacev3-1186712,ocds-dgv273-seacev3-1186712-2026-08-29T10:11:29.457104-05:00,1186712-1770557,3703791.42,PEN,Soles,2026-05-15T00:00:00-05:00
ocds-dgv273-seacev3-1186712,ocds-dgv273-seacev3-1186712-2026-08-29T10:11:29.457104-05:00,1186712-1770537,3703791.42,PEN,Soles,2026-06-24T00:00:00-05:00
ocds-dgv273-seacev3-2026-2386-9,ocds-dgv273-seacev3-2026-2386-9-2026-08-29T10:11:18.059313-05:00,1190711-20502447689,421792.0,PEN,Soles,2026-04-07T00:00:00-05:00
ocds-dgv273-seacev3-2026-1003048448-9,ocds-dgv273-seacev3-2026-1003048448-9-2026-08-29T10:11:17.958736-05:00,1190006-10459359031,56715.3,PEN,Soles,2026-03-09T00:00:00-05:00
ocds-dgv273-seacev3-2026-2397-22,ocds-dgv273-seacev3-2026-2397-22-2026-08-29T10:11:17.836156-05:00,1188951-20603645007,138000.0,PEN,Soles,2026-05-20T00:00:00-05:00
ocds-dgv273-seacev3-2026-2397-22,ocds-dgv273-seacev3-2026-2397-22-2026-08-29T10:11:17.836156-05:00,1188951-20552452314,118080.0,PEN,Soles,2026-06-17T00:00:00-05:00
ocds-dgv273-seacev3-2026-2397-22,ocds-dgv273-seacev3-2026-2397-22-2026-08-29T10:11:17.836156-05:00,1188951-20602629806,139990.0,PEN,Soles,2026-07-22T00:00:00-05:00
ocds-dgv273-seacev3-1191481,ocds-dgv273-seacev3-1191481-2026-08-29T10:11:06.952469-05:00,1191481-20100028698,4827297.87,PEN,Soles,2026-07-07T00:00:00-05:00
ocds-dgv273-seacev3-1191481,ocds-dgv273-seacev3-1191481-2026-08-29T10:11:06.952469-05:00,1191481-20601321875,459000.0,PEN,Soles,2026-07-07T00:00:00-05:00
ocds-dgv273-seacev3-1190339,ocds-dgv273-seacev3-1190339-2026-08-29T10:11:06.652538-05:00,1190339-1769066,573480.0,PEN,Soles,2026-03-04T00:00:00-05:00
ocds-dgv273-seacev3-2026-10196-4,ocds-dgv273-seacev3-2026-10196-4-2026-08-29T10:10:45.488584-05:00,1190285-20100077044,161436.2,PEN,Soles,2026-03-11T00:00:00-05:00
ocds-dgv273-seacev3-1189102,ocds-dgv273-seacev3-1189102-2026-08-29T10:10:45.470267-05:00,1189102-20448161723,498200.0,PEN,Soles,2026-05-04T00:00:00-05:00
ocds-dgv273-seacev3-1189368,ocds-dgv273-seacev3-1189368-2026-08-29T10:10:45.153948-05:00,1189368-10009638402,306000.0,PEN,Soles,2026-03-03T00:00:00-05:00
ocds-dgv273-seacev3-1193129,ocds-dgv273-seacev3-1193129-2026-08-29T10:10:45.072586-05:00,1193129-1774612,56962691.28,PEN,Soles,2026-03-24T00:00:00-05:00
ocds-dgv273-seacev3-1187398,ocds-dgv273-seacev3-1187398-2026-08-28T10:30:20.797825-05:00,1187398-1766906,6538652.14,PEN,Soles,2026-03-03T00:00:00-05:00
ocds-dgv273-seacev3-1187398,ocds-dgv273-seacev3-1187398-2026-08-28T10:30:20.797825-05:00,1187398-1766883,6824964.33,PEN,Soles,2026-05-07T00:00:00-05:00
ocds-dgv273-seacev3-1191417,ocds-dgv273-seacev3-1191417-2026-08-28T10:30:10.629921-05:00,1191417-1769212,1338631.48,PEN,Soles,2026-03-10T00:00:00-05:00
ocds-dgv273-seacev3-1187684,ocds-dgv273-seacev3-1187684-2026-08-28T10:30:10.286368-05:00,1187684-1772810,12816895.55,PEN,Soles,2026-03-18T00:00:00-05:00
ocds-dgv273-seacev3-1214260,ocds-dgv273-seacev3-1214260-2026-08-28T10:29:59.427589-05:00,1214260-1793446,1465979.01,PEN,Soles,2026-06-12T00:00:00-05:00
ocds-dgv273-seacev3-1211234,ocds-dgv273-seacev3-1211234-2026-08-28T10:29:59.263268-05:00,1211234-20101639275,8327595.13,PEN,Soles,2026-05-11T00:00:00-05:00
ocds-dgv273-seacev3-2026-1852-13,ocds-dgv273-seacev3-2026-1852-13-2026-08-28T10:29:47.510600-05:00,1189617-20449314868,85500.0,PEN,Soles,2026-03-02T00:00:00-05:00
ocds-dgv273-seacev3-2026-1731-41,ocds-dgv273-seacev3-2026-1731-41-2026-08-28T10:29:12.353291-05:00,1186959-20448080308,1575838.71,PEN,Soles,2026-03-10T00:00:00-05:00
ocds-dgv273-seacev3-1215940,ocds-dgv273-seacev3-1215940-2026-08-27T10:33:19.867200-05:00,1215940-20602865721,309750.0,PEN,Soles,2026-05-26T00:00:00-05:00
ocds-dgv273-seacev3-2026-10-6,ocds-dgv273-seacev3-2026-10-6-2026-08-27T10:33:13.246702-05:00,1216292-20536086804,50391.55,PEN,Soles,2026-05-25T00:00:00-05:00
ocds-dgv273-seacev3-2026-10421-3,ocds-dgv273-seacev3-2026-10421-3-2026-08-27T10:33:13.074748-05:00,1189375-1770218,154760.0,PEN,Soles,2026-03-12T00:00:00-05:00
ocds-dgv273-seacev3-2026-274-1,ocds-dgv273-seacev3-2026-274-1-2026-08-27T10:33:12.987343-05:00,1191062-1770270,388681.56,PEN,Soles,2026-03-12T00:00:00-05:00
ocds-dgv273-seacev3-1216442,ocds-dgv273-seacev3-1216442-2026-08-27T10:32:50.324239-05:00,1216442-20386303003,207088.0,PEN,Soles,2026-05-27T00:00:00-05:00
ocds-dgv273-seacev3-1188392,ocds-dgv273-seacev3-1188392-2026-08-27T10:32:38.500601-05:00,1188392-10456643898,70475.0,PEN,Soles,2026-02-25T00:00:00-05:00
ocds-dgv273-seacev3-1186244,ocds-dgv273-seacev3-1186244-2026-08-27T10:32:38.443933-05:00,1186244-10417871930,289091.15,PEN,Soles,2026-04-08T00:00:00-05:00
ocds-dgv273-seacev3-1186914,ocds-dgv273-seacev3-1186914-2026-08-27T10:32:38.235824-05:00,1186914-10462328449,436590.46,PEN,Soles,2026-02-24T00:00:00-05:00
ocds-dgv273-seacev3-1186914,ocds-dgv273-seacev3-1186914-2026-08-27T10:32:38.235824-05:00,1186914-20448454747,392931.42,PEN,Soles,2026-02-24T00:00:00-05:00
ocds-dgv273-seacev3-2026-1903-16,ocds-dgv273-seacev3-2026-1903-16-2026-08-27T10:32:38.211112-05:00,1186769-20611585251,301500.0,PEN,Soles,2026-02-26T00:00:00-05:00
ocds-dgv273-seacev3-2026-10-14,ocds-dgv273-seacev3-2026-10-14-2026-08-27T10:32:16.049409-05:00,1216303-20508759623,845000.0,PEN,Soles,2026-05-25T00:00:00-05:00
ocds-dgv273-seacev3-1216533,ocds-dgv273-seacev3-1216533-2026-08-27T10:32:15.973219-05:00,1216533-20606161230,57454.2,PEN,Soles,2026-05-27T00:00:00-05:00
ocds-dgv273-seacev3-2026-273-2,ocds-dgv273-seacev3-2026-273-2-2026-08-27T10:32:15.736245-05:00,1185375-20482663045,1131426.94,PEN,Soles,2026-03-17T00:00:00-05:00
ocds-dgv273-seacev3-2026-10421-4,ocds-dgv273-seacev3-2026-10421-4-2026-08-27T10:32:03.908773-05:00,1191284-20550925592,300339.0,PEN,Soles,2026-03-12T00:00:00-05:00
ocds-dgv273-seacev3-1216413,ocds-dgv273-seacev3-1216413-2026-08-26T10:29:02.794166-05:00,1216413-10244850664,120000.0,PEN,Soles,2026-05-18T00:00:00-05:00
ocds-dgv273-seacev3-1185264,ocds-dgv273-seacev3-1185264-2026-08-26T10:28:05.425222-05:00,1185264-1767894,958488.4,PEN,Soles,2026-02-26T00:00:00-05:00
ocds-dgv273-seacev3-1186036,ocds-dgv273-seacev3-1186036-2026-08-26T10:28:05.408092-05:00,1186036-1769393,451811.27,PEN,Soles,2026-03-10T00:00:00-05:00
ocds-dgv273-seacev3-2026-1852-1,ocds-dgv273-seacev3-2026-1852-1-2026-08-26T10:28:05.299620-05:00,1186686-10081190700,95000.0,PEN,Soles,2026-03-06T00:00:00-05:00
ocds-dgv273-seacev3-1191615,ocds-dgv273-seacev3-1191615-2026-08-24T10:04:50.874461-05:00,1191615-1773978,1081779.07,PEN,Soles,2026-04-07T00:00:00-05:00
ocds-dgv273-seacev3-1185831,ocds-dgv273-seacev3-1185831-2026-08-23T10:35:12.435409-05:00,1185831-10095843285,980749.65,PEN,Soles,2026-02-23T00:00:00-05:00
ocds-dgv273-seacev3-2026-2344-32,ocds-dgv273-seacev3-2026-2344-32-2026-08-23T10:34:53.619366-05:00,1191439-20100210909,101739.83,PEN,Soles,2026-06-08T00:00:00-05:00
ocds-dgv273-seacev3-1238236,ocds-dgv273-seacev3-1238236-2026-08-23T10:34:15.772811-05:00,1238236-20541777980,323037.65,PEN,Soles,2026-08-20T00:00:00-05:00
ocds-dgv273-seacev3-1238238,ocds-dgv273-seacev3-1238238-2026-08-23T10:34:14.824501-05:00,1238238-20541777980,231931.2,PEN,Soles,2026-08-20T00:00:00-05:00
ocds-dgv273-seacev3-1225825,ocds-dgv273-seacev3-1225825-2026-08-23T10:33:40.155250-05:00,1225825-1802751,4669630.21,PEN,Soles,2026-07-10T00:00:00-05:00
ocds-dgv273-seacev3-1219718,ocds-dgv273-seacev3-1219718-2026-08-23T10:33:40.009995-05:00,1219718-20601436745,765000.0,PEN,Soles,2026-05-27T00:00:00-05:00
ocds-dgv273-seacev3-2026-488-3,ocds-dgv273-seacev3-2026-488-3-2026-08-22T10:45:01.420342-05:00,1188014-20612698806,70400.0,PEN,Soles,2026-02-23T00:00:00-05:00
ocds-dgv273-seacev3-1192018,ocds-dgv273-seacev3-1192018-2026-08-22T10:44:43.486273-05:00,1192018-20601780772,84000.0,PEN,Soles,2026-03-13T00:00:00-05:00
ocds-dgv273-seacev3-1192018,ocds-dgv273-seacev3-1192018-2026-08-22T10:44:43.486273-05:00,1192018-10486435785,96000.0,PEN,Soles,2026-04-21T00:00:00-05:00
ocds-dgv273-seacev3-1191090,ocds-dgv273-seacev3-1191090-2026-08-22T10:44:21.950787-05:00,1191090-20601539749,513993.6,PEN,Soles,2026-03-12T00:00:00-05:00
ocds-dgv273-seacev3-2026-1852-11,ocds-dgv273-seacev3-2026-1852-11-2026-08-22T10:44:21.889540-05:00,1191390-20565747356,1047000.0,PEN,Soles,2026-07-03T00:00:00-05:00
ocds-dgv273-seacev3-2026-10141-39,ocds-dgv273-seacev3-2026-10141-39-2026-08-22T10:44:03.123361-05:00,1189426-20601262178,737397.0,PEN,Soles,2026-07-07T00:00:00-05:00
ocds-dgv273-seacev3-2026-10141-39,ocds-dgv273-seacev3-2026-10141-39-2026-08-22T10:44:03.123361-05:00,1189426-20615483975,1317237.0,PEN,Soles,2026-03-17T00:00:00-05:00
ocds-dgv273-seacev3-2026-10141-39,ocds-dgv273-seacev3-2026-10141-39-2026-08-22T10:44:03.123361-05:00,1189426-99999999999,769920.0,PEN,Soles,2026-06-04T00:00:00-05:00
ocds-dgv273-seacev3-2026-10141-39,ocds-dgv273-seacev3-2026-10141-39-2026-08-22T10:44:03.123361-05:00,1189426-10450242379,457520.0,PEN,Soles,2026-04-24T00:00:00-05:00
ocds-dgv273-seacev3-2026-10141-39,ocds-dgv273-seacev3-2026-10141-39-2026-08-22T10:44:03.123361-05:00,1189426-20493903609,735255.0,PEN,Soles,2026-04-24T00:00:00-05:00
ocds-dgv273-seacev3-2026-10141-39,ocds-dgv273-seacev3-2026-10141-39-2026-08-22T10:44:03.123361-05:00,1189426-20572197779,298000.0,PEN,Soles,2026-04-17T00:00:00-05:00
ocds-dgv273-seacev3-2026-10141-39,ocds-dgv273-seacev3-2026-10141-39-2026-08-22T10:44:03.123361-05:00,1189426-20613300911,170000.0,PEN,Soles,2026-04-24T00:00:00-05:00
ocds-dgv273-seacev3-1185552,ocds-dgv273-seacev3-1185552-2026-08-22T10:44:02.587519-05:00,1185552-10430778523,241352.8,PEN,Soles,2026-02-27T00:00:00-05:00
ocds-dgv273-seacev3-1185552,ocds-dgv273-seacev3-1185552-2026-08-22T10:44:02.587519-05:00,1185552-10483029930,50563.2,PEN,Soles,2026-02-27T00:00:00-05:00
ocds-dgv273-seacev3-1185552,ocds-dgv273-seacev3-1185552-2026-08-22T10:44:02.587519-05:00,1185552-99999999999,50563.2,PEN,Soles,2026-02-27T00:00:00-05:00
ocds-dgv273-seacev3-1185552,ocds-dgv273-seacev3-1185552-2026-08-22T10:44:02.587519-05:00,1185552-20607885118,263120.0,PEN,Soles,2026-03-31T00:00:00-05:00
ocds-dgv273-seacev3-1187092,ocds-dgv273-seacev3-1187092-2026-08-22T10:44:02.553735-05:00,1187092-20480516851,535490.8,PEN,Soles,2026-03-10T00:00:00-05:00
ocds-dgv273-seacev3-1187092,ocds-dgv273-seacev3-1187092-2026-08-22T10:44:02.553735-05:00,1187092-20610238565,1295925.0,PEN,Soles,2026-03-10T00:00:00-05:00
ocds-dgv273-seacev3-1189671,ocds-dgv273-seacev3-1189671-2026-08-22T10:43:44.018549-05:00,1189671-1790484,3233172.35,PEN,Soles,2026-05-15T00:00:00-05:00
ocds-dgv273-seacev3-1187443,ocds-dgv273-seacev3-1187443-2026-08-22T10:43:43.769958-05:00,1187443-20494399386,73372.0,PEN,Soles,2026-02-19T00:00:00-05:00
ocds-dgv273-seacev3-1191369,ocds-dgv273-seacev3-1191369-2026-08-22T10:43:24.444026-05:00,1191369-1772626,4226736.66,PEN,Soles,2026-03-23T00:00:00-05:00
ocds-dgv273-seacev3-1185801,ocds-dgv273-seacev3-1185801-2026-08-22T10:42:45.087665-05:00,1185801-1767140,767807.89,PEN,Soles,2026-03-03T00:00:00-05:00
ocds-dgv273-seacev3-1187933,ocds-dgv273-seacev3-1187933-2026-08-21T10:30:53.452810-05:00,1187933-1767326,671986.0,PEN,Soles,2026-02-27T00:00:00-05:00
ocds-dgv273-seacev3-1187426,ocds-dgv273-seacev3-1187426-2026-08-21T10:30:53.423782-05:00,1187426-20609536129,58845.8,PEN,Soles,2026-02-20T10:21:13-05:00
ocds-dgv273-seacev3-1218706,ocds-dgv273-seacev3-1218706-2026-08-21T10:30:41.956519-05:00,1218706-1793967,2295500.0,PEN,Soles,2026-05-27T00:00:00-05:00
ocds-dgv273-seacev3-2026-751-4,ocds-dgv273-seacev3-2026-751-4-2026-08-21T10:30:41.617994-05:00,1191697-20392965191,135917.12,PEN,Soles,2026-03-10T00:00:00-05:00
ocds-dgv273-seacev3-1191039,ocds-dgv273-seacev3-1191039-2026-08-21T10:30:41.423854-05:00,1191039-1768804,264181.49,PEN,Nuevos Soles,2026-03-06T00:00:00-05:00
ocds-dgv273-seacev3-2026-200386-3,ocds-dgv273-seacev3-2026-200386-3-2026-08-21T10:30:18.900911-05:00,1191826-20601921376,1029636.0,PEN,Soles,2026-07-02T00:00:00-05:00
ocds-dgv273-seacev3-1187566,ocds-dgv273-seacev3-1187566-2026-08-21T10:30:18.139828-05:00,1187566-20609536129,74086.0,PEN,Soles,2026-02-26T00:00:00-05:00
ocds-dgv273-seacev3-2026-1903-14,ocds-dgv273-seacev3-2026-1903-14-2026-08-21T10:30:18.119628-05:00,1187455-1768120,140000.0,PEN,Soles,2026-03-03T00:00:00-05:00
ocds-dgv273-seacev3-2026-200462-2,ocds-dgv273-seacev3-2026-200462-2-2026-08-21T10:30:07.264154-05:00,1191764-1778472,1671265.7999999998,PEN,Soles,2026-06-09T00:00:00-05:00
ocds-dgv273-seacev3-2026-200462-2,ocds-dgv273-seacev3-2026-200462-2-2026-08-21T10:30:07.264154-05:00,1191764-99999999999,2027214.24,PEN,Soles,2026-06-09T00:00:00-05:00
ocds-dgv273-seacev3-2026-200462-2,ocds-dgv273-seacev3-2026-200462-2-2026-08-21T10:30:07.264154-05:00,1191764-20601597315,1548212.6400000001,PEN,Soles,2026-06-09T00:00:00-05:00
ocds-dgv273-seacev3-2026-200462-2,ocds-dgv273-seacev3-2026-200462-2-2026-08-21T10:30:07.264154-05:00,1191764-20608078330,479001.6,PEN,Soles,2026-06-09T00:00:00-05:00
ocds-dgv273-seacev3-1189301,ocds-dgv273-seacev3-1189301-2026-08-21T10:30:07.145212-05:00,1189301-1778091,21420724.87,PEN,Soles,2026-05-06T00:00:00-05:00
ocds-dgv273-seacev3-1239896,ocds-dgv273-seacev3-1239896-2026-08-21T10:29:58.691247-05:00,1239896-1821548,3754774.61,PEN,Soles,2026-08-17T00:00:00-05:00
ocds-dgv273-seacev3-1191551,ocds-dgv273-seacev3-1191551-2026-08-21T10:29:55.219747-05:00,1191551-1801819,2990590.14,PEN,Soles,2026-07-01T00:00:00-05:00
ocds-dgv273-seacev3-1190023,ocds-dgv273-seacev3-1190023-2026-08-21T10:29:55.186309-05:00,1190023-1769367,1582254.61,PEN,Soles,2026-03-05T00:00:00-05:00
ocds-dgv273-seacev3-2026-1229-2,ocds-dgv273-seacev3-2026-1229-2-2026-08-21T10:29:54.905930-05:00,1188783-10193287501,56120.0,PEN,Soles,2026-03-02T16:44:31-05:00
ocds-dgv273-seacev3-1188028,ocds-dgv273-seacev3-1188028-2026-08-21T10:29:54.883365-05:00,1188028-1770519,2585695.59,PEN,Soles,2026-03-16T00:00:00-05:00
ocds-dgv273-seacev3-1191594,ocds-dgv273-seacev3-1191594-2026-08-20T10:31:16.026857-05:00,1191594-20609319071,358602.0,PEN,Soles,2026-03-27T00:00:00-05:00
ocds-dgv273-seacev3-1189553,ocds-dgv273-seacev3-1189553-2026-08-20T10:30:54.084806-05:00,1189553-20487021556,53800.0,PEN,Soles,2026-03-03T00:00:00-05:00
ocds-dgv273-seacev3-2026-1111-2,ocds-dgv273-seacev3-2026-1111-2-2026-08-20T10:30:53.882265-05:00,1186020-20609536129,85000.0,PEN,Soles,2026-02-11T18:20:19-05:00
ocds-dgv273-seacev3-2026-161-3,ocds-dgv273-seacev3-2026-161-3-2026-08-20T10:30:42.494126-05:00,1187898-1768568,1273172.21,PEN,Soles,2026-03-02T00:00:00-05:00
ocds-dgv273-seacev3-1192097,ocds-dgv273-seacev3-1192097-2026-08-20T10:30:32.472251-05:00,1192097-20606159758,173376.59,PEN,Soles,2026-08-18T00:00:00-05:00
ocds-dgv273-seacev3-1186432,ocds-dgv273-seacev3-1186432-2026-08-20T10:30:20.433903-05:00,1186432-1767471,347959.17,PEN,Soles,2026-03-18T00:00:00-05:00
ocds-dgv273-seacev3-1189913,ocds-dgv273-seacev3-1189913-2026-08-19T10:31:47.035827-05:00,1189913-20332970411,740190.64,PEN,Soles,2026-04-15T00:00:00-05:00
ocds-dgv273-seacev3-1193518,ocds-dgv273-seacev3-1193518-2026-08-19T10:31:35.786119-05:00,1193518-20527719942,84000.0,PEN,Soles,2026-03-23T00:00:00-05:00
ocds-dgv273-seacev3-1186152,ocds-dgv273-seacev3-1186152-2026-08-19T10:31:35.561092-05:00,1186152-1763702,162303798.41,PEN,Soles,2026-02-04T00:00:00-05:00
ocds-dgv273-seacev3-1189947,ocds-dgv273-seacev3-1189947-2026-08-19T10:31:23.679796-05:00,1189947-20454029918,359900.0,PEN,Soles,2026-07-20T00:00:00-05:00
ocds-dgv273-seacev3-2026-1733-3,ocds-dgv273-seacev3-2026-1733-3-2026-08-19T10:31:13.814494-05:00,1190580-1769853,2087389.2,PEN,Soles,2026-03-13T00:00:00-05:00
ocds-dgv273-seacev3-1190473,ocds-dgv273-seacev3-1190473-2026-08-19T10:31:13.492976-05:00,1190473-20600435702,94355.76,PEN,Soles,2026-03-20T00:00:00-05:00
ocds-dgv273-seacev3-1186128,ocds-dgv273-seacev3-1186128-2026-08-19T10:31:13.021223-05:00,1186128-1765558,1867724.02,PEN,Soles,2026-02-16T00:00:00-05:00
ocds-dgv273-seacev3-2026-200-5,ocds-dgv273-seacev3-2026-200-5-2026-08-19T10:30:51.148458-05:00,1188031-20531929552,1201267.38,PEN,Soles,2026-03-02T00:00:00-05:00
ocds-dgv273-seacev3-1226518,ocds-dgv273-seacev3-1226518-2026-08-18T10:20:27.099105-05:00,1226518-20481475342,7666910.93,PEN,Soles,2026-07-01T00:00:00-05:00
ocds-dgv273-seacev3-1187891,ocds-dgv273-seacev3-1187891-2026-08-16T10:08:08.284726-05:00,1187891-20107034413,443360.0,PEN,Soles,2026-02-20T00:00:00-05:00
ocds-dgv273-seacev3-1186550,ocds-dgv273-seacev3-1186550-2026-08-16T10:08:08.027528-05:00,1186550-20605822721,635000.0,PEN,Soles,2026-02-16T00:00:00-05:00
ocds-dgv273-seacev3-2026-1523-2,ocds-dgv273-seacev3-2026-1523-2-2026-08-16T10:07:58.233410-05:00,1186027-20393534070,435590.0,PEN,Soles,2026-02-17T17:50:50-05:00
ocds-dgv273-seacev3-1187271,ocds-dgv273-seacev3-1187271-2026-08-16T10:07:58.076402-05:00,1187271-20511037001,103222.2,PEN,Soles,2026-02-25T12:35:21-05:00
ocds-dgv273-seacev3-1190703,ocds-dgv273-seacev3-1190703-2026-08-16T10:07:48.748430-05:00,1190703-1769689,3415991.1,PEN,Soles,2026-03-06T00:00:00-05:00
ocds-dgv273-seacev3-2026-102627-7,ocds-dgv273-seacev3-2026-102627-7-2026-08-16T10:07:38.055678-05:00,1190472-20602832130,167535.0,PEN,Soles,2026-04-30T00:00:00-05:00
ocds-dgv273-seacev3-2026-10466-22,ocds-dgv273-seacev3-2026-10466-22-2026-08-16T10:07:37.783045-05:00,1188959-20489509149,1162084.68,PEN,Soles,2026-05-21T00:00:00-05:00
ocds-dgv273-seacev3-2026-10466-22,ocds-dgv273-seacev3-2026-10466-22-2026-08-16T10:07:37.783045-05:00,1188959-20607400301,1249942.88,PEN,Soles,2026-05-21T00:00:00-05:00
ocds-dgv273-seacev3-2026-10461-21,ocds-dgv273-seacev3-2026-10461-21-2026-08-15T10:17:27.331766-05:00,1191627-20529078961,285262.1,PEN,Soles,2026-03-24T00:00:00-05:00
ocds-dgv273-seacev3-1190500,ocds-dgv273-seacev3-1190500-2026-08-15T10:17:27.002513-05:00,1190500-1790220,2420680.0,PEN,Soles,2026-05-29T00:00:00-05:00
ocds-dgv273-seacev3-1190500,ocds-dgv273-seacev3-1190500-2026-08-15T10:17:27.002513-05:00,1190500-20516859971,406975.0,PEN,Soles,2026-05-29T00:00:00-05:00
ocds-dgv273-seacev3-1190500,ocds-dgv273-seacev3-1190500-2026-08-15T10:17:27.002513-05:00,1190500-20606475510,671600.0,PEN,Soles,2026-05-29T00:00:00-05:00
ocds-dgv273-seacev3-1187827,ocds-dgv273-seacev3-1187827-2026-08-15T10:17:15.748390-05:00,1187827-1767266,1214096.91,PEN,Soles,2026-03-03T00:00:00-05:00
ocds-dgv273-seacev3-1186761,ocds-dgv273-seacev3-1186761-2026-08-15T10:17:03.790397-05:00,1186761-20601173221,532350.0,PEN,Soles,2026-02-16T19:12:02-05:00
ocds-dgv273-seacev3-1201030,ocds-dgv273-seacev3-1201030-2026-08-15T10:16:53.711380-05:00,1201030-1779479,707577.89,PEN,Soles,2026-06-26T00:00:00-05:00
ocds-dgv273-seacev3-1187121,ocds-dgv273-seacev3-1187121-2026-08-15T10:16:52.690090-05:00,1187121-1766635,839396.69,PEN,Soles,2026-02-23T00:00:00-05:00
ocds-dgv273-seacev3-1214418,ocds-dgv273-seacev3-1214418-2026-08-14T10:33:24.490944-05:00,1214418-1794240,63814466.57,PEN,Soles,2026-06-01T00:00:00-05:00
ocds-dgv273-seacev3-1191314,ocds-dgv273-seacev3-1191314-2026-08-14T10:33:22.906131-05:00,1191314-1774475,1379501.53,PEN,Soles,2026-03-27T00:00:00-05:00
ocds-dgv273-seacev3-1232040,ocds-dgv273-seacev3-1232040-2026-08-14T10:32:58.036607-05:00,1232040-10467610681,12000.0,PEN,Soles,2026-07-08T00:00:00-05:00
ocds-dgv273-seacev3-2026-31-5,ocds-dgv273-seacev3-2026-31-5-2026-08-14T10:32:49.742297-05:00,1186413-20536000934,2729673.28,PEN,Soles,2026-03-24T00:00:00-05:00
ocds-dgv273-seacev3-1191498,ocds-dgv273-seacev3-1191498-2026-08-14T10:32:38.593869-05:00,1191498-10411919396,32000.0,PEN,Soles,2026-03-02T00:00:00-05:00
ocds-dgv273-seacev3-2026-1834-4,ocds-dgv273-seacev3-2026-1834-4-2026-08-14T10:32:38.313327-05:00,1186275-20603773676,143187.0,PEN,Soles,2026-02-16T00:00:00-05:00
ocds-dgv273-seacev3-2026-847-6,ocds-dgv273-seacev3-2026-847-6-2026-08-14T10:32:28.416386-05:00,1188067-10424812230,96000.0,PEN,Soles,2026-02-24T00:00:00-05:00
ocds-dgv273-seacev3-2026-847-6,ocds-dgv273-seacev3-2026-847-6-2026-08-14T10:32:28.416386-05:00,1188067-20532492051,101550.0,PEN,Soles,2026-03-27T15:49:42-05:00
ocds-dgv273-seacev3-1187100,ocds-dgv273-seacev3-1187100-2026-08-14T10:32:16.066359-05:00,1187100-10274154166,486442.11,PEN,Soles,2026-06-05T00:00:00-05:00
ocds-dgv273-seacev3-2026-436-2,ocds-dgv273-seacev3-2026-436-2-2026-08-13T10:28:31.351327-05:00,1187783-1768186,1057170.66,PEN,Soles,2026-03-02T00:00:00-05:00
ocds-dgv273-seacev3-1237648,ocds-dgv273-seacev3-1237648-2026-08-13T10:28:25.236866-05:00,1237648-20611987693,63520.8,PEN,Soles,2026-07-31T00:00:00-05:00
ocds-dgv273-seacev3-1189697,ocds-dgv273-seacev3-1189697-2026-08-13T10:28:20.809976-05:00,1189697-1770335,169000.0,PEN,Soles,2026-03-23T00:00:00-05:00
ocds-dgv273-seacev3-1188938,ocds-dgv273-seacev3-1188938-2026-08-13T10:28:20.792797-05:00,1188938-1769193,4346050.02,PEN,Soles,2026-03-05T00:00:00-05:00
ocds-dgv273-seacev3-1189980,ocds-dgv273-seacev3-1189980-2026-08-13T10:28:09.978268-05:00,1189980-20608560689,275000.0,PEN,Soles,2026-03-16T00:00:00-05:00
ocds-dgv273-seacev3-2026-1530-5,ocds-dgv273-seacev3-2026-1530-5-2026-08-13T10:28:09.970062-05:00,1188309-20602136338,82800.0,PEN,Soles,2026-03-02T12:22:36-05:00
ocds-dgv273-seacev3-1218696,ocds-dgv273-seacev3-1218696-2026-08-13T10:28:00.139358-05:00,1218696-1797829,900680.36,PEN,Soles,2026-06-25T00:00:00-05:00
ocds-dgv273-seacev3-1191351,ocds-dgv273-seacev3-1191351-2026-08-13T10:27:58.203209-05:00,1191351-20452475465,161997.0,PEN,Soles,2026-03-17T00:00:00-05:00
ocds-dgv273-seacev3-1186695,ocds-dgv273-seacev3-1186695-2026-08-13T10:27:57.729938-05:00,1186695-1765361,13230119.0,PEN,Soles,2026-02-11T00:00:00-05:00
ocds-dgv273-seacev3-2026-1834-3,ocds-dgv273-seacev3-2026-1834-3-2026-08-13T10:27:57.690342-05:00,1186281-20447978360,171884.64,PEN,Soles,2026-02-17T00:00:00-05:00
ocds-dgv273-seacev3-1186148,ocds-dgv273-seacev3-1186148-2026-08-13T10:27:35.942064-05:00,1186148-20611021420,250738.2,PEN,Soles,2026-02-16T00:00:00-05:00
ocds-dgv273-seacev3-1186739,ocds-dgv273-seacev3-1186739-2026-08-12T10:30:37.921926-05:00,1186739-1768021,434221.99,PEN,Soles,2026-03-09T00:00:00-05:00
ocds-dgv273-seacev3-1189437,ocds-dgv273-seacev3-1189437-2026-08-12T10:30:04.973623-05:00,1189437-20505120451,275000.0,PEN,Soles,2026-04-07T00:00:00-05:00
ocds-dgv273-seacev3-1205710,ocds-dgv273-seacev3-1205710-2026-08-12T10:30:04.928369-05:00,1205710-1781178,417014.0,PEN,Soles,2026-04-27T00:00:00-05:00
ocds-dgv273-seacev3-1188439,ocds-dgv273-seacev3-1188439-2026-08-12T10:30:04.554260-05:00,1188439-20604968772,211000.0,PEN,Soles,2026-02-24T00:00:00-05:00
ocds-dgv273-seacev3-2026-2009-98,ocds-dgv273-seacev3-2026-2009-98-2026-08-12T10:29:43.580432-05:00,1187579-1771440,1446550.0,PEN,Soles,2026-03-23T00:00:00-05:00
ocds-dgv273-seacev3-1187032,ocds-dgv273-seacev3-1187032-2026-08-10T10:05:32.106589-05:00,1187032-20607964271,666621.04,PEN,Soles,2026-02-20T00:00:00-05:00
ocds-dgv273-seacev3-1187032,ocds-dgv273-seacev3-1187032-2026-08-10T10:05:32.106589-05:00,1187032-20511037001,699916.8,PEN,Soles,2026-04-09T00:00:00-05:00
ocds-dgv273-seacev3-1190819,ocds-dgv273-seacev3-1190819-2026-08-07T10:22:33.677617-05:00,1190819-20509860981,141797.0,PEN,Soles,2026-03-05T16:19:44-05:00
ocds-dgv273-seacev3-1190819,ocds-dgv273-seacev3-1190819-2026-08-07T10:22:33.677617-05:00,1190819-10296919379,147155.0,PEN,Soles,2026-03-05T00:00:00-05:00
ocds-dgv273-seacev3-2026-200302-2,ocds-dgv273-seacev3-2026-200302-2-2026-08-07T10:22:33.571774-05:00,1188599-1773034,509656.65,PEN,Soles,2026-03-20T00:00:00-05:00
ocds-dgv273-seacev3-2026-200302-2,ocds-dgv273-seacev3-2026-200302-2-2026-08-07T10:22:33.571774-05:00,1188599-20487759938,511807.1,PEN,Soles,2026-05-27T00:00:00-05:00
ocds-dgv273-seacev3-2026-1621-44,ocds-dgv273-seacev3-2026-1621-44-2026-08-07T10:22:33.379235-05:00,1187453-1771448,664898.98,PEN,Soles,2026-03-23T00:00:00-05:00
ocds-dgv273-seacev3-2026-1623-5,ocds-dgv273-seacev3-2026-1623-5-2026-08-07T10:22:33.362927-05:00,1187701-1767199,77593.44,PEN,Soles,2026-02-23T00:00:00-05:00
ocds-dgv273-seacev3-1187264,ocds-dgv273-seacev3-1187264-2026-08-07T10:22:33.347159-05:00,1187264-1766642,1067332.75,PEN,Soles,2026-02-24T00:00:00-05:00
ocds-dgv273-seacev3-1190725,ocds-dgv273-seacev3-1190725-2026-08-07T10:22:24.042887-05:00,1190725-1775881,220091.13,PEN,Soles,2026-04-07T00:00:00-05:00
ocds-dgv273-seacev3-2026-161-2,ocds-dgv273-seacev3-2026-161-2-2026-08-07T10:22:23.801366-05:00,1187921-1767154,754018.5,PEN,Soles,2026-03-02T00:00:00-05:00
ocds-dgv273-seacev3-1190565,ocds-dgv273-seacev3-1190565-2026-08-07T10:22:04.554174-05:00,1190565-10428943738,485000.0,PEN,Soles,2026-03-31T00:00:00-05:00
ocds-dgv273-seacev3-1191267,ocds-dgv273-seacev3-1191267-2026-08-07T10:22:04.268558-05:00,1191267-1771460,5890649.94,PEN,Soles,2026-04-07T00:00:00-05:00
ocds-dgv273-seacev3-1188132,ocds-dgv273-seacev3-1188132-2026-08-07T10:22:04.067640-05:00,1188132-20612779083,205860.0,PEN,Soles,2026-03-03T00:00:00-05:00
ocds-dgv273-seacev3-1186708,ocds-dgv273-seacev3-1186708-2026-08-07T10:22:03.961661-05:00,1186708-1768127,2992485.75,PEN,Soles,2026-03-06T00:00:00-05:00
ocds-dgv273-seacev3-1217682,ocds-dgv273-seacev3-1217682-2026-08-07T10:21:53.993424-05:00,1217682-1793114,277328.44,PEN,Soles,2026-05-21T00:00:00-05:00
ocds-dgv273-seacev3-1217682,ocds-dgv273-seacev3-1217682-2026-08-07T10:21:53.993424-05:00,1217682-1793113,310784.54,PEN,Soles,2026-06-30T00:00:00-05:00
ocds-dgv273-seacev3-1194503,ocds-dgv273-seacev3-1194503-2026-08-07T10:21:52.707598-05:00,1194503-1773039,5952043.0,PEN,Soles,2026-03-19T00:00:00-05:00
ocds-dgv273-seacev3-1186467,ocds-dgv273-seacev3-1186467-2026-08-07T10:21:52.669598-05:00,1186467-20611942801,138895.35,PEN,Soles,2026-03-05T00:00:00-05:00
ocds-dgv273-seacev3-2026-629-1,ocds-dgv273-seacev3-2026-629-1-2026-08-06T10:27:39.500203-05:00,1186241-1765621,2767349.99,PEN,Soles,2026-02-17T00:00:00-05:00
ocds-dgv273-seacev3-1191562,ocds-dgv273-seacev3-1191562-2026-08-06T10:27:18.956365-05:00,1191562-10437699297,311091.2,PEN,Soles,2026-03-17T00:00:00-05:00
ocds-dgv273-seacev3-1189191,ocds-dgv273-seacev3-1189191-2026-08-06T10:27:18.929219-05:00,1189191-1768490,2913718.21,PEN,Soles,2026-03-02T00:00:00-05:00
ocds-dgv273-seacev3-1189632,ocds-dgv273-seacev3-1189632-2026-08-06T10:27:18.620660-05:00,1189632-20109104125,479400.0,PEN,Soles,2026-03-10T00:00:00-05:00
ocds-dgv273-seacev3-2026-216-2,ocds-dgv273-seacev3-2026-216-2-2026-08-06T10:27:07.151248-05:00,1188086-1769079,184917.03,PEN,Soles,2026-03-09T00:00:00-05:00
ocds-dgv273-seacev3-1206721,ocds-dgv273-seacev3-1206721-2026-08-06T10:26:55.769234-05:00,1206721-20477591702,3451072.02,PEN,Soles,2026-05-21T00:00:00-05:00
ocds-dgv273-seacev3-1206721,ocds-dgv273-seacev3-1206721-2026-08-06T10:26:55.769234-05:00,1206721-20564091813,1707736.5,PEN,Soles,2026-05-21T00:00:00-05:00
ocds-dgv273-seacev3-1206721,ocds-dgv273-seacev3-1206721-2026-08-06T10:26:55.769234-05:00,1206721-20605511393,2348040.0,PEN,Soles,2026-05-21T00:00:00-05:00
ocds-dgv273-seacev3-2026-200393-2,ocds-dgv273-seacev3-2026-200393-2-2026-08-06T10:26:55.638062-05:00,1185963-1770052,2136960.0,PEN,Soles,2026-03-10T00:00:00-05:00
ocds-dgv273-seacev3-1186087,ocds-dgv273-seacev3-1186087-2026-08-06T10:26:55.608777-05:00,1186087-20502445805,76297.74,PEN,Soles,2026-02-18T00:00:00-05:00
ocds-dgv273-seacev3-1186135,ocds-dgv273-seacev3-1186135-2026-08-06T10:26:44.411738-05:00,1186135-20344483702,462198.0,PEN,Soles,2026-02-20T00:00:00-05:00
ocds-dgv273-seacev3-1188643,ocds-dgv273-seacev3-1188643-2026-08-06T10:26:33.203222-05:00,1188643-1771654,2596928.86,PEN,Soles,2026-03-27T00:00:00-05:00
ocds-dgv273-seacev3-1187526,ocds-dgv273-seacev3-1187526-2026-08-06T10:26:33.084607-05:00,1187526-20600472811,52700.0,PEN,Soles,2026-03-23T00:00:00-05:00
ocds-dgv273-seacev3-1237330,ocds-dgv273-seacev3-1237330-2026-08-05T10:26:11.608527-05:00,1237330-1816070,5110502.08,PEN,Soles,2026-07-30T00:00:00-05:00
ocds-dgv273-seacev3-1191444,ocds-dgv273-seacev3-1191444-2026-08-05T10:25:46.020662-05:00,1191444-1775604,974080.64,PEN,Soles,2026-04-01T00:00:00-05:00
ocds-dgv273-seacev3-2026-22-15,ocds-dgv273-seacev3-2026-22-15-2026-08-05T10:25:35.012507-05:00,1187886-20612204030,24614623.68,PEN,Soles,2026-05-12T00:00:00-05:00
ocds-dgv273-seacev3-1188399,ocds-dgv273-seacev3-1188399-2026-08-05T10:25:34.993220-05:00,1188399-20607543373,104713.2,PEN,Nuevos Soles,2026-02-27T00:00:00-05:00
ocds-dgv273-seacev3-1237401,ocds-dgv273-seacev3-1237401-2026-08-05T10:25:29.727693-05:00,1237401-1816080,4740499.83,PEN,Soles,2026-07-30T00:00:00-05:00
ocds-dgv273-seacev3-1192010,ocds-dgv273-seacev3-1192010-2026-08-05T10:25:24.839124-05:00,1192010-20602976387,463899.0,PEN,Soles,2026-03-30T00:00:00-05:00
ocds-dgv273-seacev3-1235727,ocds-dgv273-seacev3-1235727-2026-08-03T10:03:35.236285-05:00,1235727-20537232251,102500.0,PEN,Soles,2026-07-21T00:00:00-05:00
ocds-dgv273-seacev3-1236428,ocds-dgv273-seacev3-1236428-2026-08-03T10:03:34.218776-05:00,1236428-20600253876,459000.0,PEN,Soles,2026-07-22T00:00:00-05:00
ocds-dgv273-seacev3-1237539,ocds-dgv273-seacev3-1237539-2026-08-02T10:09:29.068805-05:00,1237539-1816633,1480000.0,PEN,Soles,2026-07-31T00:00:00-05:00
ocds-dgv273-seacev3-2026-1488-3,ocds-dgv273-seacev3-2026-1488-3-2026-08-02T10:09:24.668860-05:00,1189277-1792912,975694.72,PEN,Soles,2026-05-22T00:00:00-05:00
ocds-dgv273-seacev3-2026-1003023443-22,ocds-dgv273-seacev3-2026-1003023443-22-2026-08-02T10:09:24.543143-05:00,1190238-20467534026,1593000.0,PEN,Soles,2026-05-19T00:00:00-05:00
ocds-dgv273-seacev3-2026-1606-2,ocds-dgv273-seacev3-2026-1606-2-2026-08-02T10:09:15.798594-05:00,1189765-20514345440,144553.6,PEN,Soles,2026-03-12T00:00:00-05:00
ocds-dgv273-seacev3-2026-1983-4,ocds-dgv273-seacev3-2026-1983-4-2026-08-02T10:09:15.773692-05:00,1191963-20477315268,114400.0,PEN,Soles,2026-03-20T00:00:00-05:00
ocds-dgv273-seacev3-2026-1983-4,ocds-dgv273-seacev3-2026-1983-4-2026-08-02T10:09:15.773692-05:00,1191963-20565748913,177840.0,PEN,Soles,2026-05-12T00:00:00-05:00
ocds-dgv273-seacev3-2026-10141-37,ocds-dgv273-seacev3-2026-10141-37-2026-08-02T10:09:15.520352-05:00,1190931-10450242379,71631.0,PEN,Soles,2026-03-18T00:00:00-05:00
ocds-dgv273-seacev3-2026-10141-37,ocds-dgv273-seacev3-2026-10141-37-2026-08-02T10:09:15.520352-05:00,1190931-20493903609,628897.5,PEN,Soles,2026-04-27T00:00:00-05:00
ocds-dgv273-seacev3-2026-10141-37,ocds-dgv273-seacev3-2026-10141-37-2026-08-02T10:09:15.520352-05:00,1190931-20600582080,628000.0,PEN,Soles,2026-03-18T00:00:00-05:00
ocds-dgv273-seacev3-2026-10141-37,ocds-dgv273-seacev3-2026-10141-37-2026-08-02T10:09:15.520352-05:00,1190931-20603461780,282931.0,PEN,Soles,2026-03-18T00:00:00-05:00
ocds-dgv273-seacev3-2026-10141-37,ocds-dgv273-seacev3-2026-10141-37-2026-08-02T10:09:15.520352-05:00,1190931-20610665226,3385830.0,PEN,Soles,2026-05-13T00:00:00-05:00
ocds-dgv273-seacev3-2026-10141-37,ocds-dgv273-seacev3-2026-10141-37-2026-08-02T10:09:15.520352-05:00,1190931-99999999999,2700941.5,PEN,Soles,2026-05-13T00:00:00-05:00
ocds-dgv273-seacev3-2026-10141-37,ocds-dgv273-seacev3-2026-10141-37-2026-08-02T10:09:15.520352-05:00,1190931-20393744392,1659922.0,PEN,Soles,2026-05-13T00:00:00-05:00
ocds-dgv273-seacev3-2026-1634-1,ocds-dgv273-seacev3-2026-1634-1-2026-08-02T10:09:15.189782-05:00,1188634-20525491910,202470.0,PEN,Soles,2026-04-16T00:00:00-05:00
ocds-dgv273-seacev3-1190005,ocds-dgv273-seacev3-1190005-2026-08-02T10:09:03.346498-05:00,1190005-20338570041,55080.0,PEN,Soles,2026-03-05T00:00:00-05:00
ocds-dgv273-seacev3-1189970,ocds-dgv273-seacev3-1189970-2026-08-02T10:08:54.496975-05:00,1189970-10182069413,128007.7,PEN,Soles,2026-02-20T00:00:00-05:00
ocds-dgv273-seacev3-2026-51-105,ocds-dgv273-seacev3-2026-51-105-2026-08-02T10:08:54.135661-05:00,1190192-20600111150,93600.0,PEN,Soles,2026-03-04T00:00:00-05:00
ocds-dgv273-seacev3-2026-1033-6,ocds-dgv273-seacev3-2026-1033-6-2026-08-02T10:08:53.792531-05:00,1188417-20606811510,125969.19,PEN,Soles,2026-03-03T00:00:00-05:00
ocds-dgv273-seacev3-2026-425-3,ocds-dgv273-seacev3-2026-425-3-2026-08-02T10:08:42.549414-05:00,1190696-1773512,741167.52,PEN,Soles,2026-03-23T00:00:00-05:00
ocds-dgv273-seacev3-2026-1606-1,ocds-dgv273-seacev3-2026-1606-1-2026-08-02T10:08:42.520909-05:00,1189763-20600736923,94303.28,PEN,Soles,2026-03-04T00:00:00-05:00
ocds-dgv273-seacev3-1188956,ocds-dgv273-seacev3-1188956-2026-08-02T10:08:42.450976-05:00,1188956-20602646573,230580.0,PEN,Soles,2026-03-05T00:00:00-05:00
ocds-dgv273-seacev3-1186219,ocds-dgv273-seacev3-1186219-2026-08-02T10:08:42.054013-05:00,1186219-20494224748,171000.0,PEN,Soles,2026-05-26T00:00:00-05:00
ocds-dgv273-seacev3-1209336,ocds-dgv273-seacev3-1209336-2026-08-01T10:19:27.045380-05:00,1209336-20557547640,840960.0,PEN,Soles,2026-05-27T00:00:00-05:00
ocds-dgv273-seacev3-1190080,ocds-dgv273-seacev3-1190080-2026-08-01T10:19:16.290836-05:00,1190080-1767043,3441558.88,PEN,Soles,2026-02-20T00:00:00-05:00
ocds-dgv273-seacev3-2026-1479-20,ocds-dgv273-seacev3-2026-1479-20-2026-08-01T10:19:16.138616-05:00,1188246-20541137654,7123032.0,PEN,Soles,2026-03-18T00:00:00-05:00
ocds-dgv273-seacev3-1226878,ocds-dgv273-seacev3-1226878-2026-08-01T10:18:56.050036-05:00,1226878-20602896774,772044.57,PEN,Soles,2026-06-18T00:00:00-05:00
ocds-dgv273-seacev3-1188943,ocds-dgv273-seacev3-1188943-2026-08-01T10:18:52.974580-05:00,1188943-1768393,97850.0,PEN,Soles,2026-03-19T00:00:00-05:00
ocds-dgv273-seacev3-1191673,ocds-dgv273-seacev3-1191673-2026-08-01T10:18:52.795669-05:00,1191673-20573244223,86051.0,PEN,Soles,2026-03-12T00:00:00-05:00
ocds-dgv273-seacev3-1191522,ocds-dgv273-seacev3-1191522-2026-08-01T10:18:41.121725-05:00,1191522-1775544,1378174.39,PEN,Soles,2026-04-06T00:00:00-05:00
ocds-dgv273-seacev3-2026-200512-4,ocds-dgv273-seacev3-2026-200512-4-2026-08-01T10:18:30.310416-05:00,1188733-1791728,9564894.0,PEN,Soles,2026-06-02T00:00:00-05:00
ocds-dgv273-seacev3-2026-2009-106,ocds-dgv273-seacev3-2026-2009-106-2026-08-01T10:18:16.530026-05:00,1189649-20564215644,209960.0,PEN,Soles,2026-03-11T00:00:00-05:00
ocds-dgv273-seacev3-2026-2009-106,ocds-dgv273-seacev3-2026-2009-106-2026-08-01T10:18:16.530026-05:00,1189649-20607684589,230260.0,PEN,Soles,2026-04-20T00:00:00-05:00
ocds-dgv273-seacev3-2026-1890-16,ocds-dgv273-seacev3-2026-1890-16-2026-08-01T10:18:16.267258-05:00,1188123-1768064,363400.0,PEN,Soles,2026-03-03T00:00:00-05:00
ocds-dgv273-seacev3-2026-2366-15,ocds-dgv273-seacev3-2026-2366-15-2026-07-30T10:06:39.343467-05:00,1188923-20106498386,64661.4,PEN,Soles,2026-03-17T00:00:00-05:00
ocds-dgv273-seacev3-1186137,ocds-dgv273-seacev3-1186137-2026-07-30T10:06:39.299694-05:00,1186137-L5552918070,0.01,USD,Dólar Norteamericano,2026-02-02T00:00:00-05:00
ocds-dgv273-seacev3-1190825,ocds-dgv273-seacev3-1190825-2026-07-26T10:08:23.239390-05:00,1190825-1775667,7539253.87,PEN,Soles,2026-03-31T00:00:00-05:00
ocds-dgv273-seacev3-2026-289-4,ocds-dgv273-seacev3-2026-289-4-2026-07-26T10:08:14.366933-05:00,1190652-1770289,1447084.91,PEN,Soles,2026-04-10T00:00:00-05:00
ocds-dgv273-seacev3-1190493,ocds-dgv273-seacev3-1190493-2026-07-26T10:08:14.350986-05:00,1190493-1772332,2187163.54,PEN,Soles,2026-03-19T00:00:00-05:00
ocds-dgv273-seacev3-1211109,ocds-dgv273-seacev3-1211109-2026-07-26T10:08:03.143117-05:00,1211109-10410577173,142411.65,PEN,Soles,2026-06-26T00:00:00-05:00
ocds-dgv273-seacev3-2026-10378-4,ocds-dgv273-seacev3-2026-10378-4-2026-07-26T10:08:02.228052-05:00,1190832-10102731391,81000.0,PEN,Soles,2026-03-10T00:00:00-05:00
ocds-dgv273-seacev3-2026-317-2,ocds-dgv273-seacev3-2026-317-2-2026-07-26T10:08:01.653504-05:00,1186223-20607722766,265398.8,PEN,Soles,2026-02-12T00:00:00-05:00
ocds-dgv273-seacev3-2026-1003057621-12,ocds-dgv273-seacev3-2026-1003057621-12-2026-07-26T10:07:57.677656-05:00,1231922-20544990781,61798.22,PEN,Soles,2026-07-08T00:00:00-05:00
ocds-dgv273-seacev3-1193657,ocds-dgv273-seacev3-1193657-2026-07-26T10:07:53.517842-05:00,1193657-1790697,3186010.15,PEN,Soles,2026-06-01T00:00:00-05:00
ocds-dgv273-seacev3-1191872,ocds-dgv273-seacev3-1191872-2026-07-26T10:07:42.359593-05:00,1191872-20511037001,1105000.0,PEN,Soles,2026-03-30T11:11:47-05:00
ocds-dgv273-seacev3-2026-10247-56,ocds-dgv273-seacev3-2026-10247-56-2026-07-26T10:07:42.150163-05:00,1192090-20332970411,70991.51,PEN,Soles,2026-03-13T00:00:00-05:00
ocds-dgv273-seacev3-1191290,ocds-dgv273-seacev3-1191290-2026-07-25T10:12:34.123946-05:00,1191290-20608472569,380280.0,PEN,Soles,2026-03-12T15:04:10-05:00
ocds-dgv273-seacev3-1185694,ocds-dgv273-seacev3-1185694-2026-07-25T10:12:33.975104-05:00,1185694-20602573461,99000.0,PEN,Soles,2026-02-06T00:00:00-05:00
ocds-dgv273-seacev3-1190665,ocds-dgv273-seacev3-1190665-2026-07-25T10:12:25.037949-05:00,1190665-20542196107,527300.62,PEN,Soles,2026-04-16T00:00:00-05:00
ocds-dgv273-seacev3-1187069,ocds-dgv273-seacev3-1187069-2026-07-25T10:12:23.972393-05:00,1187069-20448511058,98700.0,PEN,Soles,2026-02-13T00:00:00-05:00
ocds-dgv273-seacev3-1185696,ocds-dgv273-seacev3-1185696-2026-07-25T10:12:12.660898-05:00,1185696-20602573461,90000.0,PEN,Soles,2026-02-06T00:00:00-05:00
ocds-dgv273-seacev3-1192101,ocds-dgv273-seacev3-1192101-2026-07-24T10:24:36.576191-05:00,1192101-20453552846,124555.13,PEN,Soles,2026-03-16T09:15:19-05:00
ocds-dgv273-seacev3-2026-2543-205,ocds-dgv273-seacev3-2026-2543-205-2026-07-24T10:24:36.557990-05:00,1192068-20255361695,3044637.71,PEN,Soles,2026-07-09T00:00:00-05:00
ocds-dgv273-seacev3-2026-2543-205,ocds-dgv273-seacev3-2026-2543-205-2026-07-24T10:24:36.557990-05:00,1192068-20522761525,4286446.8,PEN,Soles,2026-07-09T00:00:00-05:00
ocds-dgv273-seacev3-2026-2543-205,ocds-dgv273-seacev3-2026-2543-205-2026-07-24T10:24:36.557990-05:00,1192068-20607928941,1519050.0,PEN,Soles,2026-07-08T00:00:00-05:00
ocds-dgv273-seacev3-2026-2543-205,ocds-dgv273-seacev3-2026-2543-205-2026-07-24T10:24:36.557990-05:00,1192068-20613527134,212144.97,PEN,Soles,2026-07-08T00:00:00-05:00
ocds-dgv273-seacev3-1190447,ocds-dgv273-seacev3-1190447-2026-07-24T10:24:36.519324-05:00,1190447-10483523021,115000.0,PEN,Soles,2026-04-27T00:00:00-05:00
ocds-dgv273-seacev3-2026-774-1,ocds-dgv273-seacev3-2026-774-1-2026-07-24T10:24:27.725489-05:00,1191900-1770910,252792.0,PEN,Soles,2026-03-24T00:00:00-05:00
ocds-dgv273-seacev3-1190118,ocds-dgv273-seacev3-1190118-2026-07-24T10:24:17.767541-05:00,1190118-20447819211,362100.0,PEN,Soles,2026-03-25T00:00:00-05:00
ocds-dgv273-seacev3-2026-1225-2,ocds-dgv273-seacev3-2026-1225-2-2026-07-24T10:24:17.384685-05:00,1187523-20601535204,288450.0,PEN,Soles,2026-02-23T00:00:00-05:00
ocds-dgv273-seacev3-2026-891-1,ocds-dgv273-seacev3-2026-891-1-2026-07-24T10:24:17.342523-05:00,1186663-1768466,116000.0,PEN,Soles,2026-03-03T00:00:00-05:00
ocds-dgv273-seacev3-1187009,ocds-dgv273-seacev3-1187009-2026-07-24T10:24:07.633076-05:00,1187009-1770440,885900.0,PEN,Soles,2026-03-11T00:00:00-05:00
ocds-dgv273-seacev3-1186683,ocds-dgv273-seacev3-1186683-2026-07-24T10:24:07.579204-05:00,1186683-1767644,906811.6,PEN,Soles,2026-03-03T00:00:00-05:00
ocds-dgv273-seacev3-1186165,ocds-dgv273-seacev3-1186165-2026-07-24T10:24:07.502927-05:00,1186165-20610720669,68448.37,PEN,Soles,2026-02-13T00:00:00-05:00
ocds-dgv273-seacev3-1191785,ocds-dgv273-seacev3-1191785-2026-07-24T10:23:56.152294-05:00,1191785-20600571916,113660.96,PEN,Soles,2026-03-16T00:00:00-05:00
ocds-dgv273-seacev3-1203462,ocds-dgv273-seacev3-1203462-2026-07-24T10:23:55.762402-05:00,1203462-20539384261,141920.0,PEN,Soles,2026-04-14T00:00:00-05:00
ocds-dgv273-seacev3-2026-2432-6,ocds-dgv273-seacev3-2026-2432-6-2026-07-24T10:23:55.648691-05:00,1188006-20304289512,1502034.84,PEN,Soles,2026-04-07T00:00:00-05:00
ocds-dgv273-seacev3-2026-774-2,ocds-dgv273-seacev3-2026-774-2-2026-07-24T10:23:45.862081-05:00,1191962-20574766134,397800.0,PEN,Soles,2026-03-24T00:00:00-05:00
ocds-dgv273-seacev3-1186697,ocds-dgv273-seacev3-1186697-2026-07-24T10:23:45.682443-05:00,1186697-20108001535,30000.0,USD,Dólar Norteamericano,2026-02-19T00:00:00-05:00
ocds-dgv273-seacev3-1189756,ocds-dgv273-seacev3-1189756-2026-07-23T10:30:26.933866-05:00,1189756-1767822,291050.0,PEN,Soles,2026-02-27T00:00:00-05:00
ocds-dgv273-seacev3-1191616,ocds-dgv273-seacev3-1191616-2026-07-23T10:30:26.564020-05:00,1191616-1778295,1921866.0,PEN,Soles,2026-05-26T00:00:00-05:00
ocds-dgv273-seacev3-1191616,ocds-dgv273-seacev3-1191616-2026-07-23T10:30:26.564020-05:00,1191616-20602753761,380000.0,PEN,Soles,2026-04-17T00:00:00-05:00
ocds-dgv273-seacev3-1191616,ocds-dgv273-seacev3-1191616-2026-07-23T10:30:26.564020-05:00,1191616-20253541505,884000.0,PEN,Soles,2026-05-26T00:00:00-05:00
ocds-dgv273-seacev3-2026-1648-10,ocds-dgv273-seacev3-2026-1648-10-2026-07-23T10:30:26.164158-05:00,1189038-20601793289,120933.2,PEN,Soles,2026-03-10T00:00:00-05:00
ocds-dgv273-seacev3-1187966,ocds-dgv273-seacev3-1187966-2026-07-23T10:30:25.888774-05:00,1187966-20548739641,990781.9,PEN,Soles,2026-02-17T00:00:00-05:00
ocds-dgv273-seacev3-2026-10047-2,ocds-dgv273-seacev3-2026-10047-2-2026-07-23T10:30:15.795380-05:00,1190403-20513441208,947555.31,PEN,Soles,2026-04-14T00:00:00-05:00
ocds-dgv273-seacev3-1193723,ocds-dgv273-seacev3-1193723-2026-07-23T10:30:15.630022-05:00,1193723-1800728,2079294.45,PEN,Soles,2026-06-16T00:00:00-05:00
ocds-dgv273-seacev3-1188329,ocds-dgv273-seacev3-1188329-2026-07-23T10:30:15.605984-05:00,1188329-20511581304,288815.0,PEN,Soles,2026-03-06T00:00:00-05:00
ocds-dgv273-seacev3-2026-200125-1,ocds-dgv273-seacev3-2026-200125-1-2026-07-23T10:30:14.880643-05:00,1186961-20600170822,44640.0,PEN,Soles,2026-03-02T00:00:00-05:00
ocds-dgv273-seacev3-1186427,ocds-dgv273-seacev3-1186427-2026-07-23T10:30:03.343494-05:00,1186427-20494224748,76854.0,PEN,Soles,2026-02-17T00:00:00-05:00
ocds-dgv273-seacev3-2026-2009-74,ocds-dgv273-seacev3-2026-2009-74-2026-07-23T10:29:41.028116-05:00,1191189-10310034580,450000.0,PEN,Soles,2026-03-09T00:00:00-05:00
ocds-dgv273-seacev3-1192239,ocds-dgv273-seacev3-1192239-2026-07-23T10:29:40.704312-05:00,1192239-1781387,533799.85,PEN,Soles,2026-05-14T00:00:00-05:00
ocds-dgv273-seacev3-2026-1648-11,ocds-dgv273-seacev3-2026-1648-11-2026-07-23T10:29:40.503896-05:00,1189041-20601793289,75240.0,PEN,Soles,2026-03-10T00:00:00-05:00
ocds-dgv273-seacev3-1188817,ocds-dgv273-seacev3-1188817-2026-07-23T10:29:28.891832-05:00,1188817-1768334,1576718.96,PEN,Soles,2026-02-27T00:00:00-05:00
ocds-dgv273-seacev3-1186268,ocds-dgv273-seacev3-1186268-2026-07-23T10:29:04.691509-05:00,1186268-20546505155,107380.0,USD,Dólar Norteamericano,2026-02-13T00:00:00-05:00
ocds-dgv273-seacev3-2026-10141-50,ocds-dgv273-seacev3-2026-10141-50-2026-07-22T10:31:53.528688-05:00,1191767-10432762292,1586155.0,PEN,Soles,2026-03-26T00:00:00-05:00
ocds-dgv273-seacev3-2026-10141-50,ocds-dgv273-seacev3-2026-10141-50-2026-07-22T10:31:53.528688-05:00,1191767-20613300911,451500.0,PEN,Soles,2026-03-26T00:00:00-05:00
ocds-dgv273-seacev3-2026-10141-50,ocds-dgv273-seacev3-2026-10141-50-2026-07-22T10:31:53.528688-05:00,1191767-20615483975,2685828.0,PEN,Soles,2026-03-26T00:00:00-05:00
ocds-dgv273-seacev3-2026-10141-50,ocds-dgv273-seacev3-2026-10141-50-2026-07-22T10:31:53.528688-05:00,1191767-99999999999,4916153.0,PEN,Soles,2026-05-06T00:00:00-05:00
ocds-dgv273-seacev3-2026-10141-50,ocds-dgv273-seacev3-2026-10141-50-2026-07-22T10:31:53.528688-05:00,1191767-20610665226,1101880.0,PEN,Soles,2026-05-06T00:00:00-05:00
ocds-dgv273-seacev3-2026-742-59,ocds-dgv273-seacev3-2026-742-59-2026-07-22T10:31:51.959860-05:00,1187502-1771786,4907520.0,PEN,Soles,2026-03-18T00:00:00-05:00
ocds-dgv273-seacev3-1233778,ocds-dgv273-seacev3-1233778-2026-07-22T10:31:48.524783-05:00,1233778-1813786,937618.0,PEN,Soles,2026-07-20T00:00:00-05:00
ocds-dgv273-seacev3-1202735,ocds-dgv273-seacev3-1202735-2026-07-22T10:31:29.874732-05:00,1202735-1792930,7930557.19,PEN,Soles,2026-07-07T00:00:00-05:00
ocds-dgv273-seacev3-1224019,ocds-dgv273-seacev3-1224019-2026-07-22T10:31:09.267610-05:00,1224019-20613791125,67799.4,PEN,Soles,2026-06-10T00:00:00-05:00
ocds-dgv273-seacev3-1178894,ocds-dgv273-seacev3-1178894-2026-07-19T10:08:42.359655-05:00,1178894-20609716577,194000.0,PEN,Soles,2026-02-18T00:00:00-05:00
ocds-dgv273-seacev3-1190047,ocds-dgv273-seacev3-1190047-2026-07-19T10:08:34.422847-05:00,1190047-20526021658,8123893.91,PEN,Soles,2026-05-19T00:00:00-05:00
ocds-dgv273-seacev3-1188358,ocds-dgv273-seacev3-1188358-2026-07-19T10:08:34.091125-05:00,1188358-20100240301,110232340.95,PEN,Soles,2026-02-18T00:00:00-05:00
ocds-dgv273-seacev3-2026-10001-21,ocds-dgv273-seacev3-2026-10001-21-2026-07-19T10:08:33.794854-05:00,1186086-20421780472,244968.0,PEN,Soles,2026-06-01T00:00:00-05:00
ocds-dgv273-seacev3-2026-2543-200,ocds-dgv273-seacev3-2026-2543-200-2026-07-19T10:08:24.124019-05:00,1192021-20100018625,439746.58,PEN,Soles,2026-07-17T00:00:00-05:00
ocds-dgv273-seacev3-2026-2543-200,ocds-dgv273-seacev3-2026-2543-200-2026-07-19T10:08:24.124019-05:00,1192021-20255361695,4322336.1,PEN,Soles,2026-07-17T00:00:00-05:00
ocds-dgv273-seacev3-2026-2543-200,ocds-dgv273-seacev3-2026-2543-200-2026-07-19T10:08:24.124019-05:00,1192021-20258134568,585000.0,PEN,Soles,2026-07-17T00:00:00-05:00
ocds-dgv273-seacev3-2026-2543-200,ocds-dgv273-seacev3-2026-2543-200-2026-07-19T10:08:24.124019-05:00,1192021-20347268683,557113.53,PEN,Soles,2026-07-17T00:00:00-05:00
ocds-dgv273-seacev3-2026-2543-200,ocds-dgv273-seacev3-2026-2543-200-2026-07-19T10:08:24.124019-05:00,1192021-20503794692,224940.0,PEN,Soles,2026-07-17T00:00:00-05:00
ocds-dgv273-seacev3-2026-2543-200,ocds-dgv273-seacev3-2026-2543-200-2026-07-19T10:08:24.124019-05:00,1192021-20522333051,582906.24,PEN,Soles,2026-07-17T00:00:00-05:00
ocds-dgv273-seacev3-2026-2543-200,ocds-dgv273-seacev3-2026-2543-200-2026-07-19T10:08:24.124019-05:00,1192021-20536390201,66800.0,PEN,Soles,2026-07-17T00:00:00-05:00
ocds-dgv273-seacev3-2026-2543-200,ocds-dgv273-seacev3-2026-2543-200-2026-07-19T10:08:24.124019-05:00,1192021-20600413571,2679083.96,PEN,Soles,2026-07-17T00:00:00-05:00
ocds-dgv273-seacev3-2026-2543-200,ocds-dgv273-seacev3-2026-2543-200-2026-07-19T10:08:24.124019-05:00,1192021-20607928941,186924.6,PEN,Soles,2026-07-17T00:00:00-05:00
ocds-dgv273-seacev3-2026-2543-200,ocds-dgv273-seacev3-2026-2543-200-2026-07-19T10:08:24.124019-05:00,1192021-20613527134,3675622.19,PEN,Soles,2026-07-17T00:00:00-05:00
ocds-dgv273-seacev3-2026-847-12,ocds-dgv273-seacev3-2026-847-12-2026-07-19T10:08:23.996033-05:00,1189257-10424812230,130000.0,PEN,Soles,2026-03-02T00:00:00-05:00
ocds-dgv273-seacev3-2026-847-12,ocds-dgv273-seacev3-2026-847-12-2026-07-19T10:08:23.996033-05:00,1189257-20511037001,131800.0,PEN,Soles,2026-03-02T00:00:00-05:00
ocds-dgv273-seacev3-1188626,ocds-dgv273-seacev3-1188626-2026-07-19T10:08:23.760627-05:00,1188626-1783504,653528.47,PEN,Soles,2026-06-01T00:00:00-05:00
ocds-dgv273-seacev3-1191768,ocds-dgv273-seacev3-1191768-2026-07-18T10:18:24.903804-05:00,1191768-1786547,8953526.89,PEN,Soles,2026-05-06T00:00:00-05:00
ocds-dgv273-seacev3-1190335,ocds-dgv273-seacev3-1190335-2026-07-18T10:18:13.956728-05:00,1190335-20603055749,50000.0,PEN,Soles,2026-03-20T00:00:00-05:00
ocds-dgv273-seacev3-1186205,ocds-dgv273-seacev3-1186205-2026-07-18T10:18:13.806182-05:00,1186205-20609300583,206320.0,PEN,Soles,2026-02-26T00:00:00-05:00
ocds-dgv273-seacev3-1188141,ocds-dgv273-seacev3-1188141-2026-07-18T10:17:51.399237-05:00,1188141-1769346,3959643.08,PEN,Soles,2026-03-23T00:00:00-05:00
ocds-dgv273-seacev3-1197833,ocds-dgv273-seacev3-1197833-2026-07-18T10:17:40.290813-05:00,1197833-1776357,1456788.0,PEN,Soles,2026-03-30T00:00:00-05:00
ocds-dgv273-seacev3-2026-1178-1,ocds-dgv273-seacev3-2026-1178-1-2026-07-18T10:17:39.672179-05:00,1186301-20402312859,75779.1,PEN,Soles,2026-02-12T00:00:00-05:00
ocds-dgv273-seacev3-2026-1852-19,ocds-dgv273-seacev3-2026-1852-19-2026-07-18T10:17:30.027479-05:00,1187204-20610316922,123140.0,PEN,Soles,2026-02-24T00:00:00-05:00
ocds-dgv273-seacev3-1187657,ocds-dgv273-seacev3-1187657-2026-07-18T10:17:17.230336-05:00,1187657-1766980,1052545.93,PEN,Soles,2026-02-24T00:00:00-05:00
ocds-dgv273-seacev3-2026-1867-2,ocds-dgv273-seacev3-2026-1867-2-2026-07-17T10:27:09.982921-05:00,1188563-20605183434,525651.41,PEN,Soles,2026-02-27T00:00:00-05:00
ocds-dgv273-seacev3-2026-1984-2,ocds-dgv273-seacev3-2026-1984-2-2026-07-17T10:26:59.632763-05:00,1189298-1795640,39777476.4,PEN,Soles,2026-06-11T00:00:00-05:00
ocds-dgv273-seacev3-1223540,ocds-dgv273-seacev3-1223540-2026-07-17T10:26:49.980454-05:00,1223540-1800148,3301165.99,PEN,Soles,2026-06-10T00:00:00-05:00
ocds-dgv273-seacev3-1189188,ocds-dgv273-seacev3-1189188-2026-07-17T10:26:25.721340-05:00,1189188-1804271,9534010.64,PEN,Soles,2026-06-22T00:00:00-05:00
ocds-dgv273-seacev3-1188035,ocds-dgv273-seacev3-1188035-2026-07-17T10:26:25.106228-05:00,1188035-1767283,155000.0,PEN,Soles,2026-02-25T00:00:00-05:00
ocds-dgv273-seacev3-2026-20-17,ocds-dgv273-seacev3-2026-20-17-2026-07-17T10:26:15.221529-05:00,1191529-20106897914,1991420.8,PEN,Soles,2026-06-18T00:00:00-05:00
ocds-dgv273-seacev3-1187205,ocds-dgv273-seacev3-1187205-2026-07-16T10:26:06.120019-05:00,1187205-1772390,1937800.8,PEN,Soles,2026-03-27T00:00:00-05:00
ocds-dgv273-seacev3-1187205,ocds-dgv273-seacev3-1187205-2026-07-16T10:26:06.120019-05:00,1187205-1772209,1995325.8,PEN,Soles,2026-03-27T00:00:00-05:00
ocds-dgv273-seacev3-2026-200303-11,ocds-dgv273-seacev3-2026-200303-11-2026-07-16T10:25:56.154603-05:00,1187733-1766973,68490.0,PEN,Soles,2026-02-23T00:00:00-05:00
ocds-dgv273-seacev3-2026-200168-129,ocds-dgv273-seacev3-2026-200168-129-2026-07-16T10:25:49.055137-05:00,1227266-10028720471,33000.0,PEN,Soles,2026-06-22T00:00:00-05:00
ocds-dgv273-seacev3-1213384,ocds-dgv273-seacev3-1213384-2026-07-16T10:25:36.807863-05:00,1213384-1788583,1463278.62,PEN,Soles,2026-05-07T00:00:00-05:00
ocds-dgv273-seacev3-2026-200168-131,ocds-dgv273-seacev3-2026-200168-131-2026-07-16T10:25:36.072100-05:00,1227600-10466867085,27000.0,PEN,Soles,2026-06-22T00:00:00-05:00
ocds-dgv273-seacev3-1189722,ocds-dgv273-seacev3-1189722-2026-07-16T10:25:33.387085-05:00,1189722-1781513,973000.0,PEN,Soles,2026-04-30T00:00:00-05:00
ocds-dgv273-seacev3-1191385,ocds-dgv273-seacev3-1191385-2026-07-16T10:25:12.402089-05:00,1191385-10400183801,63000.0,PEN,Soles,2026-03-10T00:00:00-05:00
ocds-dgv273-seacev3-2026-1834-8,ocds-dgv273-seacev3-2026-1834-8-2026-07-16T10:25:11.457273-05:00,1188048-20532716188,113100.0,PEN,Soles,2026-02-23T00:00:00-05:00
ocds-dgv273-seacev3-1187753,ocds-dgv273-seacev3-1187753-2026-07-16T10:25:11.249700-05:00,1187753-10102755699,180000.0,PEN,Soles,2026-03-24T00:00:00-05:00
ocds-dgv273-seacev3-2026-200168-130,ocds-dgv273-seacev3-2026-200168-130-2026-07-16T10:25:04.677517-05:00,1227532-10437122852,33000.0,PEN,Soles,2026-06-22T00:00:00-05:00
ocds-dgv273-seacev3-1189784,ocds-dgv273-seacev3-1189784-2026-07-15T10:30:50.888276-05:00,1189784-20604968772,1120800.0,PEN,Soles,2026-03-03T00:00:00-05:00
ocds-dgv273-seacev3-2026-51-86,ocds-dgv273-seacev3-2026-51-86-2026-07-15T10:30:50.366797-05:00,1189276-20603185154,158500.0,PEN,Soles,2026-03-17T00:00:00-05:00
ocds-dgv273-seacev3-1218922,ocds-dgv273-seacev3-1218922-2026-07-15T10:30:42.597618-05:00,1218922-1794455,1520000.0,PEN,Soles,2026-06-09T00:00:00-05:00
ocds-dgv273-seacev3-2026-754-5,ocds-dgv273-seacev3-2026-754-5-2026-07-15T10:30:39.294761-05:00,1186922-20608712471,556000.0,PEN,Soles,2026-02-18T17:30:00-05:00
ocds-dgv273-seacev3-1191656,ocds-dgv273-seacev3-1191656-2026-07-15T10:30:27.794790-05:00,1191656-20609903458,53500.0,PEN,Soles,2026-03-10T00:00:00-05:00
ocds-dgv273-seacev3-1191656,ocds-dgv273-seacev3-1191656-2026-07-15T10:30:27.794790-05:00,1191656-10428943738,54000.0,PEN,Soles,2026-05-05T00:00:00-05:00
ocds-dgv273-seacev3-1191656,ocds-dgv273-seacev3-1191656-2026-07-15T10:30:27.794790-05:00,1191656-20613523767,57607.7,PEN,Soles,2026-06-23T00:00:00-05:00
ocds-dgv273-seacev3-2026-2364-17,ocds-dgv273-seacev3-2026-2364-17-2026-07-15T10:30:16.536863-05:00,1191169-1772046,100000.0,PEN,Soles,2026-03-17T00:00:00-05:00
ocds-dgv273-seacev3-1189221,ocds-dgv273-seacev3-1189221-2026-07-15T10:30:16.281365-05:00,1189221-1770884,165446.15,PEN,Soles,2026-04-08T00:00:00-05:00
ocds-dgv273-seacev3-1191782,ocds-dgv273-seacev3-1191782-2026-07-15T10:29:54.053857-05:00,1191782-20447720354,195000.0,PEN,Soles,2026-03-24T00:00:00-05:00
ocds-dgv273-seacev3-1188372,ocds-dgv273-seacev3-1188372-2026-07-13T10:20:28.777631-05:00,1188372-20574727074,52980.0,PEN,Soles,2026-02-24T00:00:00-05:00
ocds-dgv273-seacev3-1187564,ocds-dgv273-seacev3-1187564-2026-07-13T10:20:28.758402-05:00,1187564-1772581,3542019.18,PEN,Soles,2026-04-15T00:00:00-05:00
ocds-dgv273-seacev3-2026-2009-10,ocds-dgv273-seacev3-2026-2009-10-2026-07-13T10:20:12.944806-05:00,1189676-20600190301,59220.0,PEN,Soles,2026-03-17T00:00:00-05:00
ocds-dgv273-seacev3-1190318,ocds-dgv273-seacev3-1190318-2026-07-13T10:20:12.855907-05:00,1190318-20318056600,1107825.0,PEN,Soles,2026-05-21T00:00:00-05:00
ocds-dgv273-seacev3-1186348,ocds-dgv273-seacev3-1186348-2026-07-13T10:20:12.376897-05:00,1186348-20448670521,111520.0,PEN,Soles,2026-02-20T00:00:00-05:00
ocds-dgv273-seacev3-1187068,ocds-dgv273-seacev3-1187068-2026-07-13T10:20:12.075729-05:00,1187068-20448133193,90200.0,PEN,Soles,2026-02-13T00:00:00-05:00
ocds-dgv273-seacev3-1188374,ocds-dgv273-seacev3-1188374-2026-07-13T10:20:02.108857-05:00,1188374-20574727074,52800.0,PEN,Soles,2026-02-24T00:00:00-05:00
ocds-dgv273-seacev3-2026-680-7,ocds-dgv273-seacev3-2026-680-7-2026-07-13T10:20:01.399161-05:00,1185736-1769464,10885813.79,PEN,Soles,2026-03-18T00:00:00-05:00
ocds-dgv273-seacev3-1212978,ocds-dgv273-seacev3-1212978-2026-07-13T10:19:53.565666-05:00,1212978-1788277,1115815.86,PEN,Soles,2026-05-22T00:00:00-05:00
ocds-dgv273-seacev3-1189833,ocds-dgv273-seacev3-1189833-2026-07-11T10:22:10.995768-05:00,1189833-1769060,113750.0,PEN,Soles,2026-03-09T00:00:00-05:00
ocds-dgv273-seacev3-1188143,ocds-dgv273-seacev3-1188143-2026-07-11T10:22:10.489173-05:00,1188143-10100580417,306000.0,PEN,Soles,2026-06-17T00:00:00-05:00
ocds-dgv273-seacev3-2026-1034-5,ocds-dgv273-seacev3-2026-1034-5-2026-07-11T10:21:59.052294-05:00,1186387-1767264,977342.65,PEN,Soles,2026-03-05T00:00:00-05:00
ocds-dgv273-seacev3-2026-399-3,ocds-dgv273-seacev3-2026-399-3-2026-07-11T10:21:38.048565-05:00,1189258-20455609705,1466963.0,PEN,Soles,2026-03-26T00:00:00-05:00
ocds-dgv273-seacev3-2026-2543-202,ocds-dgv273-seacev3-2026-2543-202-2026-07-11T10:21:37.938748-05:00,1192033-20503794692,1707751.92,PEN,Soles,2026-06-25T00:00:00-05:00
ocds-dgv273-seacev3-2026-2543-202,ocds-dgv273-seacev3-2026-2543-202-2026-07-11T10:21:37.938748-05:00,1192033-20522761525,7271049.0,PEN,Soles,2026-06-25T00:00:00-05:00
ocds-dgv273-seacev3-2026-374-16,ocds-dgv273-seacev3-2026-374-16-2026-07-11T10:21:37.823089-05:00,1189961-20607512184,930000.0,PEN,Soles,2026-03-03T00:00:00-05:00
ocds-dgv273-seacev3-2026-374-16,ocds-dgv273-seacev3-2026-374-16-2026-07-11T10:21:37.823089-05:00,1189961-20607510092,935700.0,PEN,Soles,2026-04-06T00:00:00-05:00
ocds-dgv273-seacev3-1189730,ocds-dgv273-seacev3-1189730-2026-07-11T10:21:37.442700-05:00,1189730-1795077,1250863.01,PEN,Soles,2026-06-03T00:00:00-05:00
ocds-dgv273-seacev3-2026-1952-55,ocds-dgv273-seacev3-2026-1952-55-2026-07-10T10:41:53.096861-05:00,1190579-10415928705,30000.0,PEN,Soles,2026-02-24T00:00:00-05:00
ocds-dgv273-seacev3-2026-1952-55,ocds-dgv273-seacev3-2026-1952-55-2026-07-10T10:41:53.096861-05:00,1190579-10463471644,30000.0,PEN,Soles,2026-02-24T00:00:00-05:00
ocds-dgv273-seacev3-1204491,ocds-dgv273-seacev3-1204491-2026-07-10T10:41:30.819852-05:00,1204491-10232615571,357800.0,PEN,Soles,2026-04-10T00:00:00-05:00
ocds-dgv273-seacev3-1190506,ocds-dgv273-seacev3-1190506-2026-07-10T10:41:18.957550-05:00,1190506-1769639,397142.57,PEN,Soles,2026-03-06T00:00:00-05:00
ocds-dgv273-seacev3-1189804,ocds-dgv273-seacev3-1189804-2026-07-10T10:41:18.718944-05:00,1189804-20604393753,193900.0,PEN,Soles,2026-03-30T00:00:00-05:00
ocds-dgv273-seacev3-2026-2543-277,ocds-dgv273-seacev3-2026-2543-277-2026-07-10T10:41:09.364815-05:00,1192534-20522761525,2595686.0,PEN,Soles,2026-04-21T00:00:00-05:00
ocds-dgv273-seacev3-2026-2543-277,ocds-dgv273-seacev3-2026-2543-277-2026-07-10T10:41:09.364815-05:00,1192534-20602458939,1354860.0,PEN,Soles,2026-04-21T00:00:00-05:00
ocds-dgv273-seacev3-2026-200418-4,ocds-dgv273-seacev3-2026-200418-4-2026-07-10T10:40:57.021307-05:00,1189956-20100210909,739205.77,PEN,Soles,2026-03-26T00:00:00-05:00
ocds-dgv273-seacev3-2026-1034-1,ocds-dgv273-seacev3-2026-1034-1-2026-07-10T10:40:56.679656-05:00,1186038-1766730,706901.43,PEN,Soles,2026-03-16T00:00:00-05:00
ocds-dgv273-seacev3-2026-1034-1,ocds-dgv273-seacev3-2026-1034-1-2026-07-10T10:40:56.679656-05:00,1186038-1766728,706901.43,PEN,Soles,2026-05-04T00:00:00-05:00
ocds-dgv273-seacev3-2026-614-8,ocds-dgv273-seacev3-2026-614-8-2026-07-10T10:40:56.660265-05:00,1186926-1777106,6147035.71,PEN,Soles,2026-04-06T00:00:00-05:00
ocds-dgv273-seacev3-2026-2372-1,ocds-dgv273-seacev3-2026-2372-1-2026-07-09T10:39:12.490166-05:00,1191791-20601693233,128000.0,PEN,Soles,2026-03-18T00:00:00-05:00
ocds-dgv273-seacev3-1190724,ocds-dgv273-seacev3-1190724-2026-07-09T10:38:37.835604-05:00,1190724-1770041,192363.6,PEN,Soles,2026-03-11T00:00:00-05:00
ocds-dgv273-seacev3-1187842,ocds-dgv273-seacev3-1187842-2026-07-09T10:38:37.454114-05:00,1187842-1768342,280222.61,PEN,Soles,2026-02-27T00:00:00-05:00
ocds-dgv273-seacev3-1188685,ocds-dgv273-seacev3-1188685-2026-07-09T10:38:26.126562-05:00,1188685-20603368160,480646.0,PEN,Soles,2026-03-03T00:00:00-05:00
ocds-dgv273-seacev3-2026-127819-1,ocds-dgv273-seacev3-2026-127819-1-2026-07-09T10:38:25.665721-05:00,1187692-20568631171,997401.6,PEN,Soles,2026-03-18T00:00:00-05:00
ocds-dgv273-seacev3-1186918,ocds-dgv273-seacev3-1186918-2026-07-09T10:38:25.293785-05:00,1186918-10320332864,66769.0,PEN,Soles,2026-03-05T00:00:00-05:00
ocds-dgv273-seacev3-1189265,ocds-dgv273-seacev3-1189265-2026-07-09T10:38:15.795637-05:00,1189265-20612269018,100000.0,PEN,Soles,2026-03-05T00:00:00-05:00
ocds-dgv273-seacev3-1227106,ocds-dgv273-seacev3-1227106-2026-07-09T10:38:10.334728-05:00,1227106-1808810,429277.9,PEN,Soles,2026-07-06T00:00:00-05:00
ocds-dgv273-seacev3-2026-1155-33,ocds-dgv273-seacev3-2026-1155-33-2026-07-09T10:38:02.525942-05:00,1188113-1769314,120000.0,PEN,Soles,2026-03-05T00:00:00-05:00
ocds-dgv273-seacev3-1187369,ocds-dgv273-seacev3-1187369-2026-07-09T10:38:02.353334-05:00,1187369-1768489,1195560.65,PEN,Soles,2026-03-03T00:00:00-05:00
ocds-dgv273-seacev3-1191595,ocds-dgv273-seacev3-1191595-2026-07-08T12:25:23.868180-05:00,1191595-20613416626,425372.43,PEN,Soles,2026-06-09T00:00:00-05:00
ocds-dgv273-seacev3-1186181,ocds-dgv273-seacev3-1186181-2026-07-08T12:25:22.907000-05:00,1186181-1763682,30331940.84,PEN,Soles,2026-02-03T00:00:00-05:00
ocds-dgv273-seacev3-2026-1996-1,ocds-dgv273-seacev3-2026-1996-1-2026-07-08T12:25:22.619064-05:00,1186484-1770855,2080914.63,PEN,Soles,2026-03-27T00:00:00-05:00
ocds-dgv273-seacev3-1186780,ocds-dgv273-seacev3-1186780-2026-07-08T12:25:22.601842-05:00,1186780-1788224,878670.0,PEN,Soles,2026-05-27T00:00:00-05:00
ocds-dgv273-seacev3-1222051,ocds-dgv273-seacev3-1222051-2026-07-08T12:25:10.293917-05:00,1222051-20610285709,218630.0,PEN,Soles,2026-06-05T00:00:00-05:00
ocds-dgv273-seacev3-1190710,ocds-dgv273-seacev3-1190710-2026-07-08T12:25:02.279077-05:00,1190710-20542196107,344636.5,PEN,Soles,2026-04-22T00:00:00-05:00
ocds-dgv273-seacev3-2026-2388-15,ocds-dgv273-seacev3-2026-2388-15-2026-07-08T12:25:01.717395-05:00,1189214-1774048,1809386.88,PEN,Soles,2026-03-25T00:00:00-05:00
ocds-dgv273-seacev3-1190159,ocds-dgv273-seacev3-1190159-2026-07-08T12:25:01.586537-05:00,1190159-20601571065,1649000.0,PEN,Soles,2026-05-07T00:00:00-05:00
ocds-dgv273-seacev3-1187448,ocds-dgv273-seacev3-1187448-2026-07-08T12:25:00.256356-05:00,1187448-20570876920,130000.0,PEN,Soles,2026-04-24T00:00:00-05:00
ocds-dgv273-seacev3-1194740,ocds-dgv273-seacev3-1194740-2026-07-08T12:24:35.947237-05:00,1194740-10436997235,25500.0,PEN,Soles,2026-03-16T00:00:00-05:00
ocds-dgv273-seacev3-2026-200060-2,ocds-dgv273-seacev3-2026-200060-2-2026-07-08T12:24:35.556148-05:00,1188406-20542455137,175000.0,PEN,Soles,2026-02-27T00:00:00-05:00
ocds-dgv273-seacev3-1190353,ocds-dgv273-seacev3-1190353-2026-07-08T12:24:35.512149-05:00,1190353-1777762,172695.01,PEN,Soles,2026-04-08T00:00:00-05:00
ocds-dgv273-seacev3-2026-2439-33,ocds-dgv273-seacev3-2026-2439-33-2026-07-08T12:24:34.503743-05:00,1187554-20100027021,590000.0,USD,Dólar Norteamericano,2026-05-18T00:00:00-05:00
ocds-dgv273-seacev3-2026-1731-37,ocds-dgv273-seacev3-2026-1731-37-2026-07-08T12:24:34.450511-05:00,1187232-1768099,2561568.56,PEN,Soles,2026-03-10T00:00:00-05:00
ocds-dgv273-seacev3-2026-1315-3,ocds-dgv273-seacev3-2026-1315-3-2026-07-08T12:24:34.433765-05:00,1186517-20600989040,228613.2,PEN,Soles,2026-02-18T00:00:00-05:00
ocds-dgv273-seacev3-1191300,ocds-dgv273-seacev3-1191300-2026-07-08T12:24:18.567370-05:00,1191300-20610478329,84548.0,PEN,Soles,2026-03-19T00:00:00-05:00
ocds-dgv273-seacev3-1191721,ocds-dgv273-seacev3-1191721-2026-07-08T12:24:18.540218-05:00,1191721-20559646530,2732958.84,PEN,Soles,2026-03-27T00:00:00-05:00
ocds-dgv273-seacev3-1191513,ocds-dgv273-seacev3-1191513-2026-07-08T12:24:16.615169-05:00,1191513-10701670774,25500.0,PEN,Soles,2026-02-26T00:00:00-05:00
ocds-dgv273-seacev3-1191513,ocds-dgv273-seacev3-1191513-2026-07-08T12:24:16.615169-05:00,1191513-10712318321,25500.0,PEN,Soles,2026-02-26T00:00:00-05:00
ocds-dgv273-seacev3-1230097,ocds-dgv273-seacev3-1230097-2026-07-08T12:24:11.978534-05:00,1230097-1807447,223323.66,PEN,Soles,2026-07-01T00:00:00-05:00
ocds-dgv273-seacev3-2026-2409-8,ocds-dgv273-seacev3-2026-2409-8-2026-07-08T12:23:29.237541-05:00,1187661-20602770266,22971750.0,PEN,Soles,2026-03-30T00:00:00-05:00
ocds-dgv273-seacev3-2026-822-20,ocds-dgv273-seacev3-2026-822-20-2026-07-08T12:23:28.972750-05:00,1189778-20613330845,43295.0,PEN,Nuevos Soles,2026-03-05T00:00:00-05:00
ocds-dgv273-seacev3-2026-1512-3,ocds-dgv273-seacev3-2026-1512-3-2026-07-08T12:23:28.726953-05:00,1188469-20528383808,1477890.0,PEN,Soles,2026-03-13T00:00:00-05:00
ocds-dgv273-seacev3-2026-1160-6,ocds-dgv273-seacev3-2026-1160-6-2026-07-08T12:23:10.743016-05:00,1192030-1775753,313226.19,PEN,Soles,2026-04-09T00:00:00-05:00
ocds-dgv273-seacev3-2026-1922-13,ocds-dgv273-seacev3-2026-1922-13-2026-07-08T12:23:10.409910-05:00,1190655-20612648671,89700.0,PEN,Soles,2026-03-10T00:00:00-05:00
ocds-dgv273-seacev3-2026-2543-194,ocds-dgv273-seacev3-2026-2543-194-2026-07-08T12:22:49.198329-05:00,1192040-20100018625,7283469.7,PEN,Soles,2026-06-19T00:00:00-05:00
ocds-dgv273-seacev3-2026-2543-194,ocds-dgv273-seacev3-2026-2543-194-2026-07-08T12:22:49.198329-05:00,1192040-20100287791,3311170.42,PEN,Soles,2026-06-19T00:00:00-05:00
ocds-dgv273-seacev3-2026-2543-194,ocds-dgv273-seacev3-2026-2543-194-2026-07-08T12:22:49.198329-05:00,1192040-20255361695,2625067.82,PEN,Soles,2026-06-19T00:00:00-05:00
ocds-dgv273-seacev3-2026-2543-194,ocds-dgv273-seacev3-2026-2543-194-2026-07-08T12:22:49.198329-05:00,1192040-20258134568,3937309.87,PEN,Soles,2026-06-19T00:00:00-05:00
ocds-dgv273-seacev3-2026-2543-194,ocds-dgv273-seacev3-2026-2543-194-2026-07-08T12:22:49.198329-05:00,1192040-20517666361,449000.0,PEN,Soles,2026-06-19T00:00:00-05:00
ocds-dgv273-seacev3-2026-2543-194,ocds-dgv273-seacev3-2026-2543-194-2026-07-08T12:22:49.198329-05:00,1192040-20613527134,671805.06,PEN,Soles,2026-06-19T00:00:00-05:00
ocds-dgv273-seacev3-1191554,ocds-dgv273-seacev3-1191554-2026-07-08T12:22:48.629049-05:00,1191554-10023877568,1281682.0,PEN,Soles,2026-04-10T00:00:00-05:00
ocds-dgv273-seacev3-1191375,ocds-dgv273-seacev3-1191375-2026-07-08T12:22:48.157841-05:00,1191375-10411007702,265245.0,PEN,Soles,2026-03-10T00:00:00-05:00
ocds-dgv273-seacev3-1191375,ocds-dgv273-seacev3-1191375-2026-07-08T12:22:48.157841-05:00,1191375-10477768801,265736.7,PEN,Soles,2026-03-10T00:00:00-05:00
ocds-dgv273-seacev3-2026-10357-1,ocds-dgv273-seacev3-2026-10357-1-2026-07-08T12:22:46.513392-05:00,1188051-1772250,545000.0,PEN,Soles,2026-03-26T00:00:00-05:00
ocds-dgv273-seacev3-2026-1830-1,ocds-dgv273-seacev3-2026-1830-1-2026-07-08T12:22:46.424756-05:00,1186208-20609291321,111636.0,PEN,Soles,2026-02-12T00:00:00-05:00
ocds-dgv273-seacev3-1187085,ocds-dgv273-seacev3-1187085-2026-07-08T12:22:45.970985-05:00,1187085-20601021642,1165570.56,PEN,Soles,2026-05-18T00:00:00-05:00
ocds-dgv273-seacev3-2026-2009-7,ocds-dgv273-seacev3-2026-2009-7-2026-06-25T10:28:44.869521-05:00,1188620-20610963952,65000.0,PEN,Soles,2026-03-19T00:00:00-05:00
ocds-dgv273-seacev3-2026-2009-7,ocds-dgv273-seacev3-2026-2009-7-2026-06-25T10:28:44.869521-05:00,1188620-10428943738,71050.0,PEN,Soles,2026-04-15T00:00:00-05:00
ocds-dgv273-seacev3-2026-2009-7,ocds-dgv273-seacev3-2026-2009-7-2026-06-25T10:28:44.869521-05:00,1188620-20610447245,91450.0,PEN,Soles,2026-05-12T00:00:00-05:00
ocds-dgv273-seacev3-2026-2009-7,ocds-dgv273-seacev3-2026-2009-7-2026-06-25T10:28:44.869521-05:00,1188620-20518498682,99100.0,PEN,Soles,2026-06-08T00:00:00-05:00
ocds-dgv273-seacev3-1192118,ocds-dgv273-seacev3-1192118-2026-06-25T10:28:35.844739-05:00,1192118-1770634,1216969.52,PEN,Soles,2026-03-17T00:00:00-05:00
ocds-dgv273-seacev3-1188748,ocds-dgv273-seacev3-1188748-2026-06-25T10:28:35.472849-05:00,1188748-20555113731,1972957.5,PEN,Soles,2026-03-19T00:00:00-05:00
ocds-dgv273-seacev3-2026-1160-2,ocds-dgv273-seacev3-2026-1160-2-2026-06-25T10:28:35.301896-05:00,1191610-20607110264,372000.0,PEN,Soles,2026-03-20T00:00:00-05:00
ocds-dgv273-seacev3-2026-836-6,ocds-dgv273-seacev3-2026-836-6-2026-06-25T10:28:31.755329-05:00,1190257-20527874247,68760.0,PEN,Soles,2026-03-04T00:00:00-05:00
ocds-dgv273-seacev3-2026-1952-105,ocds-dgv273-seacev3-2026-1952-105-2026-06-25T10:28:25.547567-05:00,1195617-10405444653,24000.0,PEN,Soles,2026-04-01T00:00:00-05:00
ocds-dgv273-seacev3-2026-1952-105,ocds-dgv273-seacev3-2026-1952-105-2026-06-25T10:28:25.547567-05:00,1195617-10426128204,24000.0,PEN,Soles,2026-04-01T00:00:00-05:00
ocds-dgv273-seacev3-1190805,ocds-dgv273-seacev3-1190805-2026-06-25T10:28:25.507603-05:00,1190805-20602035523,82620.0,PEN,Soles,2026-03-26T00:00:00-05:00
ocds-dgv273-seacev3-1190805,ocds-dgv273-seacev3-1190805-2026-06-25T10:28:25.507603-05:00,1190805-20492988201,114120.0,PEN,Soles,2026-05-22T00:00:00-05:00
ocds-dgv273-seacev3-2026-10249-96,ocds-dgv273-seacev3-2026-10249-96-2026-06-25T10:28:25.397165-05:00,1189805-20492213552,69800.0,PEN,Soles,2026-03-11T00:00:00-05:00
ocds-dgv273-seacev3-2026-2009-9,ocds-dgv273-seacev3-2026-2009-9-2026-06-25T10:28:25.321978-05:00,1189644-10482745283,53436.5,PEN,Soles,2026-03-12T00:00:00-05:00
ocds-dgv273-seacev3-2026-2009-9,ocds-dgv273-seacev3-2026-2009-9-2026-06-25T10:28:25.321978-05:00,1189644-20610284001,78563.1,PEN,Soles,2026-04-14T00:00:00-05:00
ocds-dgv273-seacev3-1190406,ocds-dgv273-seacev3-1190406-2026-06-25T10:28:24.820662-05:00,1190406-20600006372,387000.0,PEN,Soles,2026-03-23T00:00:00-05:00
ocds-dgv273-seacev3-1186868,ocds-dgv273-seacev3-1186868-2026-06-25T10:28:24.384853-05:00,1186868-10406491949,219990.0,PEN,Soles,2026-02-25T00:00:00-05:00
ocds-dgv273-seacev3-2026-1302-26,ocds-dgv273-seacev3-2026-1302-26-2026-06-25T10:28:14.489679-05:00,1188166-1769702,259618.29,PEN,Soles,2026-03-06T00:00:00-05:00
ocds-dgv273-seacev3-2026-206330-1,ocds-dgv273-seacev3-2026-206330-1-2026-06-25T10:28:13.872646-05:00,1186832-20563378060,777850.0,PEN,Soles,2026-03-17T00:00:00-05:00
ocds-dgv273-seacev3-2026-206330-1,ocds-dgv273-seacev3-2026-206330-1-2026-06-25T10:28:13.872646-05:00,1186832-20602362273,783533.0,PEN,Soles,2026-04-30T00:00:00-05:00
ocds-dgv273-seacev3-2026-1922-18,ocds-dgv273-seacev3-2026-1922-18-2026-06-25T10:28:03.482700-05:00,1188810-20602266614,93293.75,PEN,Soles,2026-02-27T00:00:00-05:00
ocds-dgv273-seacev3-1190401,ocds-dgv273-seacev3-1190401-2026-06-25T10:28:02.688606-05:00,1190401-20447635756,163500.0,PEN,Soles,2026-04-21T00:00:00-05:00
ocds-dgv273-seacev3-1190401,ocds-dgv273-seacev3-1190401-2026-06-25T10:28:02.688606-05:00,1190401-20610968423,165000.0,PEN,Soles,2026-05-27T00:00:00-05:00
ocds-dgv273-seacev3-2026-20006-3,ocds-dgv273-seacev3-2026-20006-3-2026-06-25T10:28:02.640482-05:00,1189859-20100210909,1162459.68,PEN,Soles,2026-05-07T00:00:00-05:00
ocds-dgv273-seacev3-2026-20006-3,ocds-dgv273-seacev3-2026-20006-3-2026-06-25T10:28:02.640482-05:00,1189859-20418896915,927900.08,USD,Dólar Norteamericano,2026-05-07T00:00:00-05:00
ocds-dgv273-seacev3-1216608,ocds-dgv273-seacev3-1216608-2026-06-25T10:27:58.696009-05:00,1216608-20374188896,29648.64,PEN,Soles,2026-05-19T00:00:00-05:00
ocds-dgv273-seacev3-1192141,ocds-dgv273-seacev3-1192141-2026-06-25T10:27:52.928943-05:00,1192141-20556143189,386820.0,PEN,Soles,2026-03-02T00:00:00-05:00
ocds-dgv273-seacev3-1190753,ocds-dgv273-seacev3-1190753-2026-06-25T10:27:52.365878-05:00,1190753-1768385,2550067.83,PEN,Soles,2026-03-03T00:00:00-05:00
ocds-dgv273-seacev3-2026-2009-23,ocds-dgv273-seacev3-2026-2009-23-2026-06-25T10:27:51.779207-05:00,1188144-10444256279,140999.0,PEN,Soles,2026-02-24T00:00:00-05:00
ocds-dgv273-seacev3-2026-1899-43,ocds-dgv273-seacev3-2026-1899-43-2026-06-25T10:27:51.665121-05:00,1187922-10201000250,273900.0,PEN,Soles,2026-02-24T00:00:00-05:00
ocds-dgv273-seacev3-2026-1213-1,ocds-dgv273-seacev3-2026-1213-1-2026-06-25T10:27:51.610422-05:00,1186607-20610907823,371427.2,PEN,Soles,2026-02-16T00:00:00-05:00
ocds-dgv273-seacev3-2026-821-2,ocds-dgv273-seacev3-2026-821-2-2026-06-24T10:31:10.033092-05:00,1190393-20534223570,7031982.43,PEN,Soles,2026-04-22T00:00:00-05:00
ocds-dgv273-seacev3-1187719,ocds-dgv273-seacev3-1187719-2026-06-24T10:30:58.817585-05:00,1187719-10104606275,104500.0,PEN,Soles,2026-02-20T00:00:00-05:00
ocds-dgv273-seacev3-2026-870-3,ocds-dgv273-seacev3-2026-870-3-2026-06-24T10:30:48.683688-05:00,1190904-1776747,610566.8,PEN,Soles,2026-04-07T00:00:00-05:00
ocds-dgv273-seacev3-1199199,ocds-dgv273-seacev3-1199199-2026-06-24T10:30:38.450363-05:00,1199199-1775910,505072.79,PEN,Soles,2026-03-30T00:00:00-05:00
ocds-dgv273-seacev3-1185165,ocds-dgv273-seacev3-1185165-2026-06-24T10:30:37.616222-05:00,1185165-10418888186,72000.0,PEN,Soles,2026-03-20T00:00:00-05:00
ocds-dgv273-seacev3-1187776,ocds-dgv273-seacev3-1187776-2026-06-24T10:30:26.186562-05:00,1187776-20505159315,11000.0,PEN,Soles,2026-06-19T00:00:00-05:00
ocds-dgv273-seacev3-1190597,ocds-dgv273-seacev3-1190597-2026-06-24T10:30:17.068388-05:00,1190597-1771369,74600.0,PEN,Soles,2026-03-23T00:00:00-05:00
ocds-dgv273-seacev3-1186220,ocds-dgv273-seacev3-1186220-2026-06-21T10:12:25.215232-05:00,1186220-L5552918071,0.01,USD,Dólar Norteamericano,2026-02-03T00:00:00-05:00
ocds-dgv273-seacev3-1219747,ocds-dgv273-seacev3-1219747-2026-06-21T10:12:17.306639-05:00,1219747-20574690219,2423520.0,PEN,Soles,2026-05-27T00:00:00-05:00
ocds-dgv273-seacev3-1208742,ocds-dgv273-seacev3-1208742-2026-06-21T10:12:15.750747-05:00,1208742-1785647,515512.43,PEN,Soles,2026-04-30T00:00:00-05:00
ocds-dgv273-seacev3-1185751,ocds-dgv273-seacev3-1185751-2026-06-21T10:12:15.684657-05:00,1185751-20613351010,63025.5,PEN,Soles,2026-03-03T00:00:00-05:00
ocds-dgv273-seacev3-1187825,ocds-dgv273-seacev3-1187825-2026-06-21T10:12:15.209196-05:00,1187825-20568203888,282607.5,PEN,Soles,2026-02-20T00:00:00-05:00
ocds-dgv273-seacev3-2026-1300-3,ocds-dgv273-seacev3-2026-1300-3-2026-06-21T10:12:05.952405-05:00,1190264-1772344,1130510.0,PEN,Soles,2026-03-26T00:00:00-05:00
ocds-dgv273-seacev3-1217965,ocds-dgv273-seacev3-1217965-2026-06-20T10:19:16.300256-05:00,1217965-20477180401,533488.93,PEN,Soles,2026-06-10T00:00:00-05:00
ocds-dgv273-seacev3-2026-200302-1,ocds-dgv273-seacev3-2026-200302-1-2026-06-20T10:19:02.834405-05:00,1191899-20602896774,772044.57,PEN,Soles,2026-04-07T00:00:00-05:00
ocds-dgv273-seacev3-1188979,ocds-dgv273-seacev3-1188979-2026-06-20T10:19:02.025897-05:00,1188979-20603358211,237964.9,PEN,Soles,2026-02-26T00:00:00-05:00
ocds-dgv273-seacev3-1192708,ocds-dgv273-seacev3-1192708-2026-06-20T10:18:52.173939-05:00,1192708-1772304,8507457.12,PEN,Soles,2026-03-18T00:00:00-05:00
ocds-dgv273-seacev3-1188120,ocds-dgv273-seacev3-1188120-2026-06-20T10:18:51.370475-05:00,1188120-20613500261,84500.0,PEN,Soles,2026-02-27T00:00:00-05:00
ocds-dgv273-seacev3-1187920,ocds-dgv273-seacev3-1187920-2026-06-20T10:18:40.840970-05:00,1187920-10478543838,41496.5,PEN,Soles,2026-02-26T00:00:00-05:00
ocds-dgv273-seacev3-1187920,ocds-dgv273-seacev3-1187920-2026-06-20T10:18:40.840970-05:00,1187920-20490963562,42000.0,PEN,Soles,2026-03-18T00:00:00-05:00
ocds-dgv273-seacev3-2026-49-3,ocds-dgv273-seacev3-2026-49-3-2026-06-20T10:18:30.463902-05:00,1189679-20601607051,255200.0,PEN,Soles,2026-03-20T00:00:00-05:00
ocds-dgv273-seacev3-1192043,ocds-dgv273-seacev3-1192043-2026-06-20T10:18:30.348634-05:00,1192043-1777453,10902905.75,PEN,Soles,2026-04-08T00:00:00-05:00
ocds-dgv273-seacev3-1202978,ocds-dgv273-seacev3-1202978-2026-06-20T10:18:21.199108-05:00,1202978-1782952,7697780.7,PEN,Soles,2026-04-22T00:00:00-05:00
ocds-dgv273-seacev3-2026-1389-3,ocds-dgv273-seacev3-2026-1389-3-2026-06-20T10:18:09.535016-05:00,1188441-20323041092,1246457.51,PEN,Soles,2026-04-07T00:00:00-05:00
ocds-dgv273-seacev3-1189356,ocds-dgv273-seacev3-1189356-2026-06-20T10:18:09.102141-05:00,1189356-20485592556,68128.5,PEN,Soles,2026-02-27T00:00:00-05:00
ocds-dgv273-seacev3-1189356,ocds-dgv273-seacev3-1189356-2026-06-20T10:18:09.102141-05:00,1189356-20608480898,80000.0,PEN,Soles,2026-02-27T00:00:00-05:00
ocds-dgv273-seacev3-1189356,ocds-dgv273-seacev3-1189356-2026-06-20T10:18:09.102141-05:00,1189356-20609903458,84500.0,PEN,Soles,2026-04-10T00:00:00-05:00
ocds-dgv273-seacev3-2026-1246-1,ocds-dgv273-seacev3-2026-1246-1-2026-06-20T10:18:08.587724-05:00,1186527-10478987124,111480.0,PEN,Soles,2026-02-18T00:00:00-05:00
ocds-dgv273-seacev3-1189343,ocds-dgv273-seacev3-1189343-2026-06-19T10:30:17.996598-05:00,1189343-20107034413,91432.0,PEN,Soles,2026-03-02T00:00:00-05:00
ocds-dgv273-seacev3-2026-10248-11,ocds-dgv273-seacev3-2026-10248-11-2026-06-19T10:30:07.989522-05:00,1191976-L5552918184,66052.0,USD,Dólar Norteamericano,2026-04-06T00:00:00-05:00
ocds-dgv273-seacev3-1202569,ocds-dgv273-seacev3-1202569-2026-06-19T10:29:44.781294-05:00,1202569-20603094566,93456.0,PEN,Soles,2026-04-01T00:00:00-05:00
ocds-dgv273-seacev3-2026-2407-6,ocds-dgv273-seacev3-2026-2407-6-2026-06-19T10:29:44.460166-05:00,1189621-20200162723,938100.0,PEN,Soles,2026-04-13T00:00:00-05:00
ocds-dgv273-seacev3-2026-2407-6,ocds-dgv273-seacev3-2026-2407-6-2026-06-19T10:29:44.460166-05:00,1189621-20499717963,1536030.0,PEN,Soles,2026-04-13T00:00:00-05:00
ocds-dgv273-seacev3-1187022,ocds-dgv273-seacev3-1187022-2026-06-19T10:29:33.382297-05:00,1187022-1766548,125157.95,PEN,Soles,2026-02-25T00:00:00-05:00
ocds-dgv273-seacev3-1209700,ocds-dgv273-seacev3-1209700-2026-06-19T10:29:23.029154-05:00,1209700-20486973642,315551.81,PEN,Soles,2026-05-07T00:00:00-05:00
ocds-dgv273-seacev3-1205767,ocds-dgv273-seacev3-1205767-2026-06-18T10:26:23.566702-05:00,1205767-20552504641,359000.0,PEN,Soles,2026-04-24T00:00:00-05:00
ocds-dgv273-seacev3-1219223,ocds-dgv273-seacev3-1219223-2026-06-18T10:26:19.705792-05:00,1219223-1794845,318488.91,PEN,Soles,2026-05-26T00:00:00-05:00
ocds-dgv273-seacev3-1187851,ocds-dgv273-seacev3-1187851-2026-06-18T10:26:11.655916-05:00,1187851-1769311,4284516.48,PEN,Soles,2026-03-23T00:00:00-05:00
ocds-dgv273-seacev3-2026-227-12,ocds-dgv273-seacev3-2026-227-12-2026-06-18T10:26:02.921759-05:00,1190123-1780982,2518661.55,PEN,Soles,2026-04-30T00:00:00-05:00
ocds-dgv273-seacev3-1191113,ocds-dgv273-seacev3-1191113-2026-06-18T10:26:01.916799-05:00,1191113-10426214160,45000.0,PEN,Soles,2026-02-27T00:00:00-05:00
ocds-dgv273-seacev3-1190706,ocds-dgv273-seacev3-1190706-2026-06-18T10:25:49.809433-05:00,1190706-1774138,369000.0,PEN,Soles,2026-03-25T00:00:00-05:00
ocds-dgv273-seacev3-1191557,ocds-dgv273-seacev3-1191557-2026-06-18T10:25:39.657661-05:00,1191557-20602575803,119900.0,PEN,Soles,2026-03-11T00:00:00-05:00
ocds-dgv273-seacev3-2026-1025-2,ocds-dgv273-seacev3-2026-1025-2-2026-06-18T10:25:38.754020-05:00,1188525-20547939108,1264000.0,PEN,Soles,2026-04-30T00:00:00-05:00
ocds-dgv273-seacev3-1215041,ocds-dgv273-seacev3-1215041-2026-06-18T10:25:30.783375-05:00,1215041-20551771122,1515000.0,PEN,Soles,2026-05-15T00:00:00-05:00
ocds-dgv273-seacev3-2026-2392-2,ocds-dgv273-seacev3-2026-2392-2-2026-06-18T10:25:16.451332-05:00,1189940-20100128218,9040207.5,PEN,Soles,2026-03-19T00:00:00-05:00
ocds-dgv273-seacev3-2026-23-18,ocds-dgv273-seacev3-2026-23-18-2026-06-18T10:25:16.267074-05:00,1191970-20602250807,139924.0,PEN,Soles,2026-03-19T00:00:00-05:00
ocds-dgv273-seacev3-1191874,ocds-dgv273-seacev3-1191874-2026-06-17T10:34:02.460213-05:00,1191874-20606419318,2541024.0,PEN,Soles,2026-03-11T00:00:00-05:00
ocds-dgv273-seacev3-1188077,ocds-dgv273-seacev3-1188077-2026-06-17T10:34:02.213877-05:00,1188077-20564123014,188600.0,PEN,Soles,2026-02-25T00:00:00-05:00
ocds-dgv273-seacev3-1188077,ocds-dgv273-seacev3-1188077-2026-06-17T10:34:02.213877-05:00,1188077-10403969490,195500.0,PEN,Soles,2026-03-26T00:00:00-05:00
ocds-dgv273-seacev3-1188077,ocds-dgv273-seacev3-1188077-2026-06-17T10:34:02.213877-05:00,1188077-20609578701,198720.0,PEN,Soles,2026-04-22T00:00:00-05:00
ocds-dgv273-seacev3-1186733,ocds-dgv273-seacev3-1186733-2026-06-17T10:34:02.138579-05:00,1186733-1766667,15402164.15,PEN,Soles,2026-03-09T00:00:00-05:00
ocds-dgv273-seacev3-1216910,ocds-dgv273-seacev3-1216910-2026-06-17T10:33:57.123242-05:00,1216910-20602691617,3383950.9,PEN,Soles,2026-06-12T00:00:00-05:00
ocds-dgv273-seacev3-1194979,ocds-dgv273-seacev3-1194979-2026-06-17T10:33:51.788690-05:00,1194979-20469252541,630000.0,PEN,Soles,2026-03-25T00:00:00-05:00
ocds-dgv273-seacev3-2026-404-15,ocds-dgv273-seacev3-2026-404-15-2026-06-17T10:33:51.116452-05:00,1187653-10239857260,376200.0,PEN,Soles,2026-06-05T00:00:00-05:00
ocds-dgv273-seacev3-1189360,ocds-dgv273-seacev3-1189360-2026-06-17T10:33:30.745697-05:00,1189360-1769766,1286027.02,PEN,Soles,2026-03-06T00:00:00-05:00
ocds-dgv273-seacev3-1189683,ocds-dgv273-seacev3-1189683-2026-06-17T10:33:19.783790-05:00,1189683-10458842553,324000.0,PEN,Soles,2026-02-25T00:00:00-05:00
ocds-dgv273-seacev3-1191495,ocds-dgv273-seacev3-1191495-2026-06-17T10:33:19.527759-05:00,1191495-20604178704,1416714.96,PEN,Soles,2026-03-12T00:00:00-05:00
ocds-dgv273-seacev3-1191495,ocds-dgv273-seacev3-1191495-2026-06-17T10:33:19.527759-05:00,1191495-20604627487,214140.0,PEN,Soles,2026-03-12T00:00:00-05:00
ocds-dgv273-seacev3-1189318,ocds-dgv273-seacev3-1189318-2026-06-17T10:33:19.345479-05:00,1189318-20511037001,87210.0,PEN,Soles,2026-03-02T00:00:00-05:00
ocds-dgv273-seacev3-1216841,ocds-dgv273-seacev3-1216841-2026-06-17T10:33:11.222169-05:00,1216841-1801603,1303890.0,PEN,Soles,2026-06-12T00:00:00-05:00
ocds-dgv273-seacev3-1191550,ocds-dgv273-seacev3-1191550-2026-06-17T10:33:08.394349-05:00,1191550-20607575925,293860.0,PEN,Soles,2026-03-19T00:00:00-05:00
ocds-dgv273-seacev3-1190938,ocds-dgv273-seacev3-1190938-2026-06-17T10:33:08.271188-05:00,1190938-1769905,84119.43,PEN,Soles,2026-03-09T00:00:00-05:00
ocds-dgv273-seacev3-1188101,ocds-dgv273-seacev3-1188101-2026-06-17T10:32:54.958184-05:00,1188101-1787625,535365.46,PEN,Soles,2026-05-14T00:00:00-05:00
ocds-dgv273-seacev3-1188101,ocds-dgv273-seacev3-1188101-2026-06-17T10:32:54.958184-05:00,1188101-20452349915,525208.32,PEN,Soles,2026-05-14T00:00:00-05:00
ocds-dgv273-seacev3-1212865,ocds-dgv273-seacev3-1212865-2026-06-15T10:04:58.984518-05:00,1212865-20606256800,1326781.5,PEN,Soles,2026-05-06T00:00:00-05:00
ocds-dgv273-seacev3-1189251,ocds-dgv273-seacev3-1189251-2026-06-14T10:13:31.410947-05:00,1189251-20507634479,4003813.04,PEN,Soles,2026-03-25T00:00:00-05:00
ocds-dgv273-seacev3-2026-49-84,ocds-dgv273-seacev3-2026-49-84-2026-06-14T10:13:31.391545-05:00,1187051-10428943738,36900.0,PEN,Soles,2026-02-24T00:00:00-05:00
ocds-dgv273-seacev3-2026-49-84,ocds-dgv273-seacev3-2026-49-84-2026-06-14T10:13:31.391545-05:00,1187051-20449458436,37990.88,PEN,Soles,2026-03-31T00:00:00-05:00
ocds-dgv273-seacev3-2026-49-84,ocds-dgv273-seacev3-2026-49-84-2026-06-14T10:13:31.391545-05:00,1187051-10296919379,38625.0,PEN,Soles,2026-03-31T00:00:00-05:00
ocds-dgv273-seacev3-1190360,ocds-dgv273-seacev3-1190360-2026-06-14T10:13:23.149985-05:00,1190360-1768913,614603.0,PEN,Soles,2026-03-04T00:00:00-05:00
ocds-dgv273-seacev3-1191657,ocds-dgv273-seacev3-1191657-2026-06-14T10:13:23.126610-05:00,1191657-1771340,1858705.83,PEN,Soles,2026-04-07T00:00:00-05:00
ocds-dgv273-seacev3-1203036,ocds-dgv273-seacev3-1203036-2026-06-14T10:13:22.834194-05:00,1203036-1779643,176673.74,PEN,Soles,2026-05-19T00:00:00-05:00
ocds-dgv273-seacev3-1189510,ocds-dgv273-seacev3-1189510-2026-06-14T10:13:22.508757-05:00,1189510-10405672214,1094250.0,PEN,Soles,2026-05-18T00:00:00-05:00
ocds-dgv273-seacev3-2026-2366-14,ocds-dgv273-seacev3-2026-2366-14-2026-06-14T10:13:22.332625-05:00,1189635-20504979092,80582.6,PEN,Soles,2026-03-25T00:00:00-05:00
ocds-dgv273-seacev3-1193049,ocds-dgv273-seacev3-1193049-2026-06-14T10:13:22.314861-05:00,1193049-10436187136,25500.0,PEN,Soles,2026-03-06T00:00:00-05:00
ocds-dgv273-seacev3-1193049,ocds-dgv273-seacev3-1193049-2026-06-14T10:13:22.314861-05:00,1193049-10446741506,25500.0,PEN,Soles,2026-03-06T00:00:00-05:00
ocds-dgv273-seacev3-1188879,ocds-dgv273-seacev3-1188879-2026-06-14T10:13:22.273187-05:00,1188879-1768753,149501.71,PEN,Soles,2026-03-09T00:00:00-05:00
ocds-dgv273-seacev3-1191099,ocds-dgv273-seacev3-1191099-2026-06-14T10:13:13.353068-05:00,1191099-20601539749,91119.6,PEN,Soles,2026-03-13T00:00:00-05:00
ocds-dgv273-seacev3-1188665,ocds-dgv273-seacev3-1188665-2026-06-14T10:13:13.006161-05:00,1188665-1768292,2005824.28,PEN,Soles,2026-03-19T00:00:00-05:00
ocds-dgv273-seacev3-1188398,ocds-dgv273-seacev3-1188398-2026-06-14T10:13:04.440937-05:00,1188398-20607305383,4230000.0,PEN,Soles,2026-03-09T00:00:00-05:00
ocds-dgv273-seacev3-2026-216-5,ocds-dgv273-seacev3-2026-216-5-2026-06-14T10:13:04.262121-05:00,1188118-1769974,196896.96,PEN,Soles,2026-03-09T00:00:00-05:00
ocds-dgv273-seacev3-1188891,ocds-dgv273-seacev3-1188891-2026-06-14T10:13:04.245939-05:00,1188891-1771567,1239254.12,PEN,Soles,2026-03-16T00:00:00-05:00
ocds-dgv273-seacev3-2026-49-28,ocds-dgv273-seacev3-2026-49-28-2026-06-14T10:13:03.850254-05:00,1189430-20608459007,1116000.0,PEN,Soles,2026-03-02T00:00:00-05:00
ocds-dgv273-seacev3-2026-80751-3,ocds-dgv273-seacev3-2026-80751-3-2026-06-14T10:13:03.778603-05:00,1190732-20608995081,50760.0,PEN,Soles,2026-04-01T00:00:00-05:00
ocds-dgv273-seacev3-1191229,ocds-dgv273-seacev3-1191229-2026-06-14T10:13:03.606556-05:00,1191229-20527353786,437955.0,PEN,Soles,2026-03-10T00:00:00-05:00
ocds-dgv273-seacev3-1187306,ocds-dgv273-seacev3-1187306-2026-06-14T10:13:03.277787-05:00,1187306-1784338,2173900.0,PEN,Soles,2026-04-24T00:00:00-05:00
ocds-dgv273-seacev3-1186337,ocds-dgv273-seacev3-1186337-2026-06-14T10:13:03.248699-05:00,1186337-10730236820,87000.0,PEN,Nuevos Soles,2026-02-18T00:00:00-05:00
ocds-dgv273-seacev3-2026-10009-4,ocds-dgv273-seacev3-2026-10009-4-2026-06-14T10:12:53.658722-05:00,1192089-20608314581,559281.6,PEN,Soles,2026-04-17T00:00:00-05:00
ocds-dgv273-seacev3-2026-2392-41,ocds-dgv273-seacev3-2026-2392-41-2026-06-14T10:12:52.986146-05:00,1191906-20393529742,2903544.6,PEN,Soles,2026-06-12T00:00:00-05:00
ocds-dgv273-seacev3-1188277,ocds-dgv273-seacev3-1188277-2026-06-14T10:12:52.231056-05:00,1188277-20600852346,106080.0,PEN,Soles,2026-02-24T00:00:00-05:00
ocds-dgv273-seacev3-1188221,ocds-dgv273-seacev3-1188221-2026-06-14T10:12:52.217676-05:00,1188221-10031135015,108000.0,PEN,Soles,2026-02-17T00:00:00-05:00
ocds-dgv273-seacev3-1190827,ocds-dgv273-seacev3-1190827-2026-06-13T10:20:26.452107-05:00,1190827-20607659321,112600.0,PEN,Soles,2026-03-05T00:00:00-05:00
ocds-dgv273-seacev3-2026-10490-24,ocds-dgv273-seacev3-2026-10490-24-2026-06-13T10:20:24.909617-05:00,1186707-20418896915,637315.5700000001,PEN,Soles,2026-04-23T00:00:00-05:00
ocds-dgv273-seacev3-1188580,ocds-dgv273-seacev3-1188580-2026-06-13T10:20:15.423846-05:00,1188580-20568976151,166360.0,PEN,Soles,2026-03-03T09:10:14-05:00
ocds-dgv273-seacev3-2026-10167-1,ocds-dgv273-seacev3-2026-10167-1-2026-06-13T10:20:04.076405-05:00,1191599-20601035708,1380000.0,PEN,Soles,2026-04-08T00:00:00-05:00
ocds-dgv273-seacev3-2026-200-4,ocds-dgv273-seacev3-2026-200-4-2026-06-13T10:20:02.599753-05:00,1185638-1765356,252338.06,PEN,Soles,2026-02-16T00:00:00-05:00
ocds-dgv273-seacev3-2026-422-14,ocds-dgv273-seacev3-2026-422-14-2026-06-13T10:20:02.574276-05:00,1186357-20613541021,337000.0,PEN,Soles,2026-03-02T00:00:00-05:00
ocds-dgv273-seacev3-1186820,ocds-dgv273-seacev3-1186820-2026-06-13T10:20:02.559558-05:00,1186820-20450719367,390000.0,PEN,Soles,2026-02-16T00:00:00-05:00
ocds-dgv273-seacev3-2026-200-9,ocds-dgv273-seacev3-2026-200-9-2026-06-13T10:20:02.236321-05:00,1185585-1766091,1232335.86,PEN,Soles,2026-02-19T00:00:00-05:00
ocds-dgv273-seacev3-1190020,ocds-dgv273-seacev3-1190020-2026-06-13T10:19:52.430576-05:00,1190020-20114701221,201515.0,PEN,Soles,2026-03-03T11:52:35-05:00
ocds-dgv273-seacev3-1209299,ocds-dgv273-seacev3-1209299-2026-06-13T10:19:29.984641-05:00,1209299-20557788841,354000.0,PEN,Soles,2026-05-25T00:00:00-05:00
ocds-dgv273-seacev3-1189522,ocds-dgv273-seacev3-1189522-2026-06-13T10:19:29.445360-05:00,1189522-1769744,950000.0,PEN,Soles,2026-04-01T00:00:00-05:00
ocds-dgv273-seacev3-1189522,ocds-dgv273-seacev3-1189522-2026-06-13T10:19:29.445360-05:00,1189522-1769799,681575.0,PEN,Soles,2026-04-01T00:00:00-05:00
ocds-dgv273-seacev3-2026-2009-8,ocds-dgv273-seacev3-2026-2009-8-2026-06-13T10:19:28.980814-05:00,1187558-10240038701,249750.0,PEN,Soles,2026-03-03T00:00:00-05:00
ocds-dgv273-seacev3-1216344,ocds-dgv273-seacev3-1216344-2026-06-12T10:33:12.681159-05:00,1216344-20543254798,12888888.88,PEN,Soles,2026-06-10T00:00:00-05:00
ocds-dgv273-seacev3-1204982,ocds-dgv273-seacev3-1204982-2026-06-12T10:33:07.775739-05:00,1204982-1780301,3798391.0,PEN,Soles,2026-04-14T00:00:00-05:00
ocds-dgv273-seacev3-1205779,ocds-dgv273-seacev3-1205779-2026-06-12T10:33:07.182064-05:00,1205779-20101128777,2151537.33,PEN,Soles,2026-04-15T00:00:00-05:00
ocds-dgv273-seacev3-2026-20002-54,ocds-dgv273-seacev3-2026-20002-54-2026-06-12T10:33:07.156998-05:00,1189256-20494626978,573800.0,PEN,Soles,2026-05-19T00:00:00-05:00
ocds-dgv273-seacev3-1190466,ocds-dgv273-seacev3-1190466-2026-06-12T10:33:07.005786-05:00,1190466-10444557520,45014.9,PEN,Soles,2026-03-10T00:00:00-05:00
ocds-dgv273-seacev3-1190466,ocds-dgv273-seacev3-1190466-2026-06-12T10:33:07.005786-05:00,1190466-20605547274,47479.0,PEN,Soles,2026-03-30T00:00:00-05:00
ocds-dgv273-seacev3-1189732,ocds-dgv273-seacev3-1189732-2026-06-12T10:33:06.760855-05:00,1189732-20610633952,712500.0,PEN,Soles,2026-03-06T00:00:00-05:00
ocds-dgv273-seacev3-2026-2407-47,ocds-dgv273-seacev3-2026-2407-47-2026-06-12T10:32:54.750850-05:00,1186802-10250033635,1401626.0,PEN,Soles,2026-03-03T00:00:00-05:00
ocds-dgv273-seacev3-1187057,ocds-dgv273-seacev3-1187057-2026-06-12T10:32:43.113204-05:00,1187057-1766270,1930000.0,PEN,Soles,2026-02-26T00:00:00-05:00
ocds-dgv273-seacev3-2026-1041-6,ocds-dgv273-seacev3-2026-1041-6-2026-06-12T10:32:32.516612-05:00,1186448-10806327943,72000.0,PEN,Soles,2026-03-25T00:00:00-05:00
ocds-dgv273-seacev3-2026-295-2,ocds-dgv273-seacev3-2026-295-2-2026-06-12T10:32:21.016487-05:00,1186440-20542100436,127480.0,PEN,Soles,2026-02-27T00:00:00-05:00
ocds-dgv273-seacev3-2026-500-2,ocds-dgv273-seacev3-2026-500-2-2026-06-12T10:32:20.832081-05:00,1186063-1767066,888036.65,PEN,Soles,2026-02-26T00:00:00-05:00
ocds-dgv273-seacev3-1186422,ocds-dgv273-seacev3-1186422-2026-06-12T10:32:09.839802-05:00,1186422-20440302689,173930.0,PEN,Soles,2026-03-05T00:00:00-05:00
ocds-dgv273-seacev3-1186201,ocds-dgv273-seacev3-1186201-2026-06-12T10:32:09.816128-05:00,1186201-10455754319,54000.0,PEN,Soles,2026-03-16T00:00:00-05:00
ocds-dgv273-seacev3-1186201,ocds-dgv273-seacev3-1186201-2026-06-12T10:32:09.816128-05:00,1186201-10715384227,54000.0,PEN,Soles,2026-03-16T00:00:00-05:00
ocds-dgv273-seacev3-1186201,ocds-dgv273-seacev3-1186201-2026-06-12T10:32:09.816128-05:00,1186201-20613247832,54000.0,PEN,Soles,2026-03-16T00:00:00-05:00
ocds-dgv273-seacev3-2026-10249-93,ocds-dgv273-seacev3-2026-10249-93-2026-06-12T10:31:58.787933-05:00,1190207-20538016412,337550.0,PEN,Soles,2026-03-11T00:00:00-05:00
ocds-dgv273-seacev3-2026-1320-9,ocds-dgv273-seacev3-2026-1320-9-2026-06-12T10:31:58.282505-05:00,1186679-1773202,6857652.81,PEN,Soles,2026-04-30T00:00:00-05:00
ocds-dgv273-seacev3-1186378,ocds-dgv273-seacev3-1186378-2026-06-12T10:31:58.222404-05:00,1186378-10250193616,338000.0,PEN,Soles,2026-02-18T00:00:00-05:00
ocds-dgv273-seacev3-1189429,ocds-dgv273-seacev3-1189429-2026-06-11T10:26:20.371514-05:00,1189429-20600374584,101500.0,PEN,Soles,2026-03-11T00:00:00-05:00
ocds-dgv273-seacev3-1188972,ocds-dgv273-seacev3-1188972-2026-06-11T10:26:19.521509-05:00,1188972-1794171,10259569.54,PEN,Soles,2026-05-27T00:00:00-05:00
ocds-dgv273-seacev3-1190434,ocds-dgv273-seacev3-1190434-2026-06-11T10:26:19.159387-05:00,1190434-1775518,753137.0,PEN,Soles,2026-04-30T00:00:00-05:00
ocds-dgv273-seacev3-2026-1003013323-3,ocds-dgv273-seacev3-2026-1003013323-3-2026-06-11T10:26:17.773731-05:00,1187959-L0606465505,51103.2,PEN,Soles,2026-02-20T00:00:00-05:00
ocds-dgv273-seacev3-2026-1031-3,ocds-dgv273-seacev3-2026-1031-3-2026-06-11T10:26:17.711658-05:00,1187828-1770921,231080.38,PEN,Soles,2026-05-07T00:00:00-05:00
ocds-dgv273-seacev3-1190383,ocds-dgv273-seacev3-1190383-2026-06-11T10:26:07.466358-05:00,1190383-20610007806,393498.0,PEN,Soles,2026-04-29T00:00:00-05:00
ocds-dgv273-seacev3-1189692,ocds-dgv273-seacev3-1189692-2026-06-11T10:25:56.903309-05:00,1189692-1769719,73500.0,PEN,Soles,2026-03-24T00:00:00-05:00
ocds-dgv273-seacev3-1189166,ocds-dgv273-seacev3-1189166-2026-06-11T10:25:56.784329-05:00,1189166-1771843,288656.13,PEN,Soles,2026-03-23T00:00:00-05:00
ocds-dgv273-seacev3-1188400,ocds-dgv273-seacev3-1188400-2026-06-11T10:25:55.481220-05:00,1188400-1774112,3554567.52,PEN,Soles,2026-04-10T00:00:00-05:00
ocds-dgv273-seacev3-1188400,ocds-dgv273-seacev3-1188400-2026-06-11T10:25:55.481220-05:00,1188400-1773705,3554567.52,PEN,Soles,2026-04-10T00:00:00-05:00
ocds-dgv273-seacev3-2026-651-2,ocds-dgv273-seacev3-2026-651-2-2026-06-11T10:25:44.344166-05:00,1186344-1765254,710716.7,PEN,Soles,2026-04-07T00:00:00-05:00
ocds-dgv273-seacev3-1186414,ocds-dgv273-seacev3-1186414-2026-06-11T10:25:44.319875-05:00,1186414-20607510092,1734579.28,PEN,Soles,2026-02-19T12:10:02-05:00
ocds-dgv273-seacev3-1211886,ocds-dgv273-seacev3-1211886-2026-06-11T10:25:34.507606-05:00,1211886-1789131,3301165.99,PEN,Soles,2026-05-14T00:00:00-05:00
ocds-dgv273-seacev3-1190378,ocds-dgv273-seacev3-1190378-2026-06-11T10:25:33.548063-05:00,1190378-20533606025,950810.0,PEN,Soles,2026-05-04T00:00:00-05:00
ocds-dgv273-seacev3-1189372,ocds-dgv273-seacev3-1189372-2026-06-11T10:25:32.985538-05:00,1189372-1777561,1386078.51,PEN,Soles,2026-04-08T00:00:00-05:00
ocds-dgv273-seacev3-1190424,ocds-dgv273-seacev3-1190424-2026-06-11T10:25:32.819271-05:00,1190424-20600073363,199857.0,PEN,Soles,2026-04-29T00:00:00-05:00
ocds-dgv273-seacev3-2026-200190-99,ocds-dgv273-seacev3-2026-200190-99-2026-06-11T10:25:32.202607-05:00,1186426-20525405347,7301980.04,PEN,Soles,2026-04-01T00:00:00-05:00
ocds-dgv273-seacev3-1192087,ocds-dgv273-seacev3-1192087-2026-06-11T10:25:22.656315-05:00,1192087-20606566531,74960.0,PEN,Soles,2026-03-13T00:00:00-05:00
ocds-dgv273-seacev3-1203413,ocds-dgv273-seacev3-1203413-2026-06-11T10:25:10.695315-05:00,1203413-1781866,11645002.48,PEN,Soles,2026-04-22T00:00:00-05:00
ocds-dgv273-seacev3-2026-1336-16,ocds-dgv273-seacev3-2026-1336-16-2026-06-11T10:25:10.470229-05:00,1189193-10076369939,447807.15,PEN,Soles,2026-04-08T00:00:00-05:00
ocds-dgv273-seacev3-2026-1336-16,ocds-dgv273-seacev3-2026-1336-16-2026-06-11T10:25:10.470229-05:00,1189193-20612648671,473149.5,PEN,Soles,2026-04-08T00:00:00-05:00
ocds-dgv273-seacev3-1189625,ocds-dgv273-seacev3-1189625-2026-06-11T10:25:10.246316-05:00,1189625-20600374584,409240.0,PEN,Soles,2026-03-11T00:00:00-05:00
ocds-dgv273-seacev3-1187594,ocds-dgv273-seacev3-1187594-2026-06-11T10:25:10.214555-05:00,1187594-20602412793,300960.0,PEN,Soles,2026-03-05T00:00:00-05:00
ocds-dgv273-seacev3-2026-513-1,ocds-dgv273-seacev3-2026-513-1-2026-06-11T10:25:10.051581-05:00,1190412-10066707763,101220.0,PEN,Soles,2026-03-05T00:00:00-05:00
ocds-dgv273-seacev3-1191878,ocds-dgv273-seacev3-1191878-2026-06-10T10:33:15.061140-05:00,1191878-20509882101,54900.0,PEN,Soles,2026-03-11T00:00:00-05:00
ocds-dgv273-seacev3-2026-200404-5,ocds-dgv273-seacev3-2026-200404-5-2026-06-10T10:33:13.355136-05:00,1188946-1774364,2073915.0,PEN,Soles,2026-04-22T00:00:00-05:00
ocds-dgv273-seacev3-1187683,ocds-dgv273-seacev3-1187683-2026-06-10T10:33:13.144779-05:00,1187683-20607964271,459650.0,PEN,Soles,2026-02-20T00:00:00-05:00
ocds-dgv273-seacev3-1187683,ocds-dgv273-seacev3-1187683-2026-06-10T10:33:13.144779-05:00,1187683-20607510092,461100.0,PEN,Soles,2026-03-18T00:00:00-05:00
ocds-dgv273-seacev3-1187683,ocds-dgv273-seacev3-1187683-2026-06-10T10:33:13.144779-05:00,1187683-20412214618,522000.0,PEN,Soles,2026-04-24T00:00:00-05:00
ocds-dgv273-seacev3-1191624,ocds-dgv273-seacev3-1191624-2026-06-10T10:32:40.903884-05:00,1191624-10476099922,27000.0,PEN,Soles,2026-02-27T00:00:00-05:00
ocds-dgv273-seacev3-1191624,ocds-dgv273-seacev3-1191624-2026-06-10T10:32:40.903884-05:00,1191624-10730064786,27000.0,PEN,Soles,2026-02-27T00:00:00-05:00
ocds-dgv273-seacev3-1187956,ocds-dgv273-seacev3-1187956-2026-06-10T10:32:39.558321-05:00,1187956-20511037001,139166.0,PEN,Soles,2026-02-24T00:00:00-05:00
ocds-dgv273-seacev3-1187956,ocds-dgv273-seacev3-1187956-2026-06-10T10:32:39.558321-05:00,1187956-20609994992,142902.0,PEN,Soles,2026-04-01T00:00:00-05:00
ocds-dgv273-seacev3-1187956,ocds-dgv273-seacev3-1187956-2026-06-10T10:32:39.558321-05:00,1187956-20607510092,143322.3,PEN,Soles,2026-04-23T00:00:00-05:00
ocds-dgv273-seacev3-1190954,ocds-dgv273-seacev3-1190954-2026-06-10T10:32:30.161924-05:00,1190954-20600495152,162819.0,PEN,Soles,2026-05-08T00:00:00-05:00
ocds-dgv273-seacev3-1190954,ocds-dgv273-seacev3-1190954-2026-06-10T10:32:30.161924-05:00,1190954-20600610172,49980.0,PEN,Soles,2026-05-08T00:00:00-05:00
ocds-dgv273-seacev3-2026-200022-44,ocds-dgv273-seacev3-2026-200022-44-2026-06-10T10:32:29.482787-05:00,1189896-20601493749,595000.3,PEN,Soles,2026-05-06T00:00:00-05:00
ocds-dgv273-seacev3-1188574,ocds-dgv273-seacev3-1188574-2026-06-10T10:32:18.488695-05:00,1188574-20610338683,1198065.0,PEN,Soles,2026-03-23T18:08:55-05:00
ocds-dgv273-seacev3-2026-1620-3,ocds-dgv273-seacev3-2026-1620-3-2026-06-10T10:32:18.339292-05:00,1189366-20609220491,147050.0,PEN,Soles,2026-02-27T00:00:00-05:00
ocds-dgv273-seacev3-2026-51-84,ocds-dgv273-seacev3-2026-51-84-2026-06-10T10:32:17.750377-05:00,1187679-20612033014,430000.0,PEN,Soles,2026-02-24T00:00:00-05:00
ocds-dgv273-seacev3-2026-51-84,ocds-dgv273-seacev3-2026-51-84-2026-06-10T10:32:17.750377-05:00,1187679-20600111150,432541.0,PEN,Soles,2026-04-15T00:00:00-05:00
ocds-dgv273-seacev3-2026-520-2,ocds-dgv273-seacev3-2026-520-2-2026-06-10T10:32:13.393401-05:00,1190422-10283166266,71133.8,PEN,Soles,2026-03-05T00:00:00-05:00
ocds-dgv273-seacev3-1211906,ocds-dgv273-seacev3-1211906-2026-06-10T10:32:13.026078-05:00,1211906-1788525,2393000.0,PEN,Soles,2026-05-12T00:00:00-05:00
ocds-dgv273-seacev3-1192103,ocds-dgv273-seacev3-1192103-2026-06-10T10:32:06.111694-05:00,1192103-1773233,2235351.1,PEN,Soles,2026-03-23T00:00:00-05:00
ocds-dgv273-seacev3-1192103,ocds-dgv273-seacev3-1192103-2026-06-10T10:32:06.111694-05:00,1192103-1773107,2123583.55,PEN,Soles,2026-03-23T00:00:00-05:00
ocds-dgv273-seacev3-1188590,ocds-dgv273-seacev3-1188590-2026-06-10T10:32:05.805578-05:00,1188590-20332970411,718771.17,PEN,Soles,2026-04-08T00:00:00-05:00
ocds-dgv273-seacev3-1191643,ocds-dgv273-seacev3-1191643-2026-06-08T10:03:48.974563-05:00,1191643-10447670319,39000.0,PEN,Soles,2026-02-27T00:00:00-05:00
ocds-dgv273-seacev3-2026-1952-81,ocds-dgv273-seacev3-2026-1952-81-2026-06-08T10:03:48.793945-05:00,1191555-10429583387,27000.0,PEN,Soles,2026-02-26T00:00:00-05:00
ocds-dgv273-seacev3-2026-1952-81,ocds-dgv273-seacev3-2026-1952-81-2026-06-08T10:03:48.793945-05:00,1191555-10433478911,27000.0,PEN,Soles,2026-02-26T00:00:00-05:00
ocds-dgv273-seacev3-1190591,ocds-dgv273-seacev3-1190591-2026-06-07T10:10:52.399459-05:00,1190591-10402591787,39000.0,PEN,Soles,2026-02-24T00:00:00-05:00
ocds-dgv273-seacev3-1191798,ocds-dgv273-seacev3-1191798-2026-06-07T10:10:43.924887-05:00,1191798-20563136562,68320.0,PEN,Soles,2026-03-18T00:00:00-05:00
ocds-dgv273-seacev3-1188770,ocds-dgv273-seacev3-1188770-2026-06-07T10:10:43.158967-05:00,1188770-20610591338,283030.48,PEN,Soles,2026-03-30T00:00:00-05:00
ocds-dgv273-seacev3-2026-10248-59,ocds-dgv273-seacev3-2026-10248-59-2026-06-07T10:10:32.763094-05:00,1190592-20513305282,1089800.0,PEN,Soles,2026-04-07T00:00:00-05:00
ocds-dgv273-seacev3-2026-882-3,ocds-dgv273-seacev3-2026-882-3-2026-06-07T10:10:32.006580-05:00,1187568-20491978709,539665.84,PEN,Soles,2026-02-27T00:00:00-05:00
ocds-dgv273-seacev3-1210437,ocds-dgv273-seacev3-1210437-2026-06-07T10:10:29.543069-05:00,1210437-20517698131,375000.0,PEN,Nuevos Soles,2026-04-28T00:00:00-05:00
ocds-dgv273-seacev3-2026-1983-16,ocds-dgv273-seacev3-2026-1983-16-2026-06-07T10:10:24.414757-05:00,1191505-20564091813,355473.12,PEN,Soles,2026-03-24T00:00:00-05:00
ocds-dgv273-seacev3-2026-1983-16,ocds-dgv273-seacev3-2026-1983-16-2026-06-07T10:10:24.414757-05:00,1191505-20601258812,359811.6,PEN,Soles,2026-04-21T00:00:00-05:00
ocds-dgv273-seacev3-2026-10249-46,ocds-dgv273-seacev3-2026-10249-46-2026-06-07T10:10:23.204757-05:00,1188008-20454826770,379980.0,PEN,Soles,2026-03-04T00:00:00-05:00
ocds-dgv273-seacev3-2026-10249-46,ocds-dgv273-seacev3-2026-10249-46-2026-06-07T10:10:23.204757-05:00,1188008-20607646725,411728.0,PEN,Soles,2026-03-04T00:00:00-05:00
ocds-dgv273-seacev3-2026-1295-9,ocds-dgv273-seacev3-2026-1295-9-2026-06-07T10:10:23.180371-05:00,1187073-10452435468,1660000.0,PEN,Soles,2026-02-24T00:00:00-05:00
ocds-dgv273-seacev3-2026-1295-9,ocds-dgv273-seacev3-2026-1295-9-2026-06-07T10:10:23.180371-05:00,1187073-20614843471,1970000.0,PEN,Soles,2026-04-13T00:00:00-05:00
ocds-dgv273-seacev3-2026-1295-9,ocds-dgv273-seacev3-2026-1295-9-2026-06-07T10:10:23.180371-05:00,1187073-10415467970,1993300.0,PEN,Soles,2026-04-13T00:00:00-05:00
ocds-dgv273-seacev3-1190872,ocds-dgv273-seacev3-1190872-2026-06-07T10:10:13.439843-05:00,1190872-10481607090,310000.0,PEN,Soles,2026-03-11T00:00:00-05:00
ocds-dgv273-seacev3-2026-1349-5,ocds-dgv273-seacev3-2026-1349-5-2026-06-07T10:10:13.163274-05:00,1189195-20551315119,822613.0,PEN,Soles,2026-05-15T00:00:00-05:00
ocds-dgv273-seacev3-2026-1952-74,ocds-dgv273-seacev3-2026-1952-74-2026-06-07T10:10:12.691292-05:00,1191468-10420307611,25500.0,PEN,Soles,2026-02-26T00:00:00-05:00
ocds-dgv273-seacev3-2026-1952-74,ocds-dgv273-seacev3-2026-1952-74-2026-06-07T10:10:12.691292-05:00,1191468-10731307097,25500.0,PEN,Soles,2026-02-26T00:00:00-05:00
ocds-dgv273-seacev3-2026-10510-7,ocds-dgv273-seacev3-2026-10510-7-2026-06-07T10:10:12.297204-05:00,1187936-10442378849,96000.0,PEN,Soles,2026-02-25T00:00:00-05:00
ocds-dgv273-seacev3-2026-42031-1,ocds-dgv273-seacev3-2026-42031-1-2026-06-06T10:22:01.034192-05:00,1191478-20555241811,490000.0,PEN,Soles,2026-04-14T00:00:00-05:00
ocds-dgv273-seacev3-2026-200210-19,ocds-dgv273-seacev3-2026-200210-19-2026-06-06T10:22:01.017704-05:00,1191073-20609285894,69036.0,PEN,Soles,2026-03-18T00:00:00-05:00
ocds-dgv273-seacev3-2026-801-13,ocds-dgv273-seacev3-2026-801-13-2026-06-06T10:21:59.818155-05:00,1187953-20611418681,225000.0,PEN,Soles,2026-02-24T00:00:00-05:00
ocds-dgv273-seacev3-2026-801-13,ocds-dgv273-seacev3-2026-801-13-2026-06-06T10:21:59.818155-05:00,1187953-20609903458,235000.0,PEN,Soles,2026-04-01T00:00:00-05:00
ocds-dgv273-seacev3-2026-801-13,ocds-dgv273-seacev3-2026-801-13-2026-06-06T10:21:59.818155-05:00,1187953-20602544789,237575.0,PEN,Soles,2026-04-22T00:00:00-05:00
ocds-dgv273-seacev3-1222362,ocds-dgv273-seacev3-1222362-2026-06-06T10:21:55.620387-05:00,1222362-10164954892,138269.85,PEN,Soles,2026-06-04T00:00:00-05:00
ocds-dgv273-seacev3-1189389,ocds-dgv273-seacev3-1189389-2026-06-06T10:21:50.193220-05:00,1189389-20610589333,62700.0,PEN,Soles,2026-03-02T00:00:00-05:00
ocds-dgv273-seacev3-1216335,ocds-dgv273-seacev3-1216335-2026-06-06T10:21:48.905789-05:00,1216335-20553404631,521520.48,PEN,Soles,2026-05-26T00:00:00-05:00
ocds-dgv273-seacev3-1191156,ocds-dgv273-seacev3-1191156-2026-06-06T10:21:39.784377-05:00,1191156-1770031,169764.29,PEN,Soles,2026-03-10T00:00:00-05:00
ocds-dgv273-seacev3-2026-200210-6,ocds-dgv273-seacev3-2026-200210-6-2026-06-06T10:21:39.406814-05:00,1191016-1771574,127850.05,PEN,Soles,2026-03-18T00:00:00-05:00
ocds-dgv273-seacev3-2026-1995-69,ocds-dgv273-seacev3-2026-1995-69-2026-06-06T10:21:39.107940-05:00,1191771-20507312277,94350.0,PEN,Soles,2026-03-12T07:27:49-05:00
ocds-dgv273-seacev3-2026-200404-4,ocds-dgv273-seacev3-2026-200404-4-2026-06-06T10:21:37.918680-05:00,1188849-20536000934,1120000.0,PEN,Soles,2026-04-16T00:00:00-05:00
ocds-dgv273-seacev3-2026-200210-18,ocds-dgv273-seacev3-2026-200210-18-2026-06-06T10:21:27.989427-05:00,1191082-20609285894,70339.0,PEN,Soles,2026-03-18T00:00:00-05:00
ocds-dgv273-seacev3-1189231,ocds-dgv273-seacev3-1189231-2026-06-06T10:21:27.948369-05:00,1189231-1777191,5440477.6,PEN,Soles,2026-04-29T00:00:00-05:00
ocds-dgv273-seacev3-1187415,ocds-dgv273-seacev3-1187415-2026-06-06T10:21:26.916193-05:00,1187415-1766801,1411407.12,PEN,Soles,2026-03-02T00:00:00-05:00
ocds-dgv273-seacev3-1216352,ocds-dgv273-seacev3-1216352-2026-06-06T10:21:17.939971-05:00,1216352-20106897914,124322.0,PEN,Soles,2026-05-29T00:00:00-05:00
ocds-dgv273-seacev3-1189023,ocds-dgv273-seacev3-1189023-2026-06-06T10:21:15.670107-05:00,1189023-20541777980,430186.23,PEN,Soles,2026-04-17T00:00:00-05:00
ocds-dgv273-seacev3-1188686,ocds-dgv273-seacev3-1188686-2026-06-06T10:21:04.211407-05:00,1188686-20611960906,124800.0,PEN,Soles,2026-03-02T00:00:00-05:00
ocds-dgv273-seacev3-1210324,ocds-dgv273-seacev3-1210324-2026-06-05T10:31:02.996516-05:00,1210324-1785593,5591643.43,PEN,Soles,2026-05-26T00:00:00-05:00
ocds-dgv273-seacev3-1221528,ocds-dgv273-seacev3-1221528-2026-06-05T10:30:58.062381-05:00,1221528-1797585,4404725.35,PEN,Soles,2026-06-02T00:00:00-05:00
ocds-dgv273-seacev3-2026-1952-64,ocds-dgv273-seacev3-2026-1952-64-2026-06-05T10:30:57.029585-05:00,1190361-10452378715,25500.0,PEN,Soles,2026-02-23T00:00:00-05:00
ocds-dgv273-seacev3-2026-1952-64,ocds-dgv273-seacev3-2026-1952-64-2026-06-05T10:30:57.029585-05:00,1190361-10462059391,25500.0,PEN,Soles,2026-02-23T00:00:00-05:00
ocds-dgv273-seacev3-1203401,ocds-dgv273-seacev3-1203401-2026-06-05T10:30:49.768304-05:00,1203401-1782306,9577136.5,PEN,Soles,2026-04-23T00:00:00-05:00
ocds-dgv273-seacev3-2026-200210-13,ocds-dgv273-seacev3-2026-200210-13-2026-06-05T10:30:49.721689-05:00,1191051-20611404205,85975.0,PEN,Soles,2026-03-18T00:00:00-05:00
ocds-dgv273-seacev3-1190322,ocds-dgv273-seacev3-1190322-2026-06-05T10:30:49.417532-05:00,1190322-20606419318,449175.6,PEN,Soles,2026-03-06T00:00:00-05:00
ocds-dgv273-seacev3-1191426,ocds-dgv273-seacev3-1191426-2026-06-05T10:30:38.541280-05:00,1191426-1770177,3322315.76,PEN,Nuevos Soles,2026-03-12T00:00:00-05:00
ocds-dgv273-seacev3-1191602,ocds-dgv273-seacev3-1191602-2026-06-05T10:30:38.199417-05:00,1191602-20600423607,296934.0,PEN,Soles,2026-03-17T00:00:00-05:00
ocds-dgv273-seacev3-1193703,ocds-dgv273-seacev3-1193703-2026-06-05T10:30:37.682275-05:00,1193703-20287233851,68776.88,PEN,Soles,2026-03-31T00:00:00-05:00
ocds-dgv273-seacev3-1193703,ocds-dgv273-seacev3-1193703-2026-06-05T10:30:37.682275-05:00,1193703-20612272060,127032.75,PEN,Soles,2026-03-31T00:00:00-05:00
ocds-dgv273-seacev3-2026-1983-5,ocds-dgv273-seacev3-2026-1983-5-2026-06-05T10:30:37.509114-05:00,1191951-20603411715,393600.0,PEN,Soles,2026-05-06T00:00:00-05:00
ocds-dgv273-seacev3-1189670,ocds-dgv273-seacev3-1189670-2026-06-05T10:30:27.349086-05:00,1189670-20100041953,24391038.34,PEN,Soles,2026-05-05T00:00:00-05:00
ocds-dgv273-seacev3-1190569,ocds-dgv273-seacev3-1190569-2026-06-05T10:30:27.029882-05:00,1190569-10444557520,575000.0,PEN,Soles,2026-03-31T00:00:00-05:00
ocds-dgv273-seacev3-1188918,ocds-dgv273-seacev3-1188918-2026-06-05T10:30:26.230103-05:00,1188918-1767220,3028743.74,PEN,Soles,2026-03-26T00:00:00-05:00
ocds-dgv273-seacev3-1190694,ocds-dgv273-seacev3-1190694-2026-06-05T10:30:04.252981-05:00,1190694-20491742179,116112.54,PEN,Soles,2026-03-05T00:00:00-05:00
ocds-dgv273-seacev3-2026-1952-50,ocds-dgv273-seacev3-2026-1952-50-2026-06-05T10:30:03.837150-05:00,1189519-10411116358,25500.0,PEN,Soles,2026-02-20T00:00:00-05:00
ocds-dgv273-seacev3-2026-1952-111,ocds-dgv273-seacev3-2026-1952-111-2026-06-05T10:30:03.465080-05:00,1190185-10436587622,27000.0,PEN,Soles,2026-02-23T00:00:00-05:00
ocds-dgv273-seacev3-2026-1952-111,ocds-dgv273-seacev3-2026-1952-111-2026-06-05T10:30:03.465080-05:00,1190185-10450064781,27000.0,PEN,Soles,2026-02-23T00:00:00-05:00
ocds-dgv273-seacev3-2026-1952-111,ocds-dgv273-seacev3-2026-1952-111-2026-06-05T10:30:03.465080-05:00,1190185-10454381594,27000.0,PEN,Soles,2026-02-23T00:00:00-05:00
ocds-dgv273-seacev3-1189709,ocds-dgv273-seacev3-1189709-2026-06-05T10:30:03.004532-05:00,1189709-20375937884,3629853.6,PEN,Soles,2026-04-15T00:00:00-05:00
ocds-dgv273-seacev3-1186587,ocds-dgv273-seacev3-1186587-2026-06-05T10:30:02.650785-05:00,1186587-20559143970,246070.4,PEN,Soles,2026-04-15T00:00:00-05:00
ocds-dgv273-seacev3-1192100,ocds-dgv273-seacev3-1192100-2026-06-05T10:29:53.655356-05:00,1192100-10308491256,169960.0,PEN,Soles,2026-03-12T00:00:00-05:00
ocds-dgv273-seacev3-2026-1722-5,ocds-dgv273-seacev3-2026-1722-5-2026-06-05T10:29:52.578350-05:00,1186608-20448139981,243577.6,PEN,Soles,2026-02-18T00:00:00-05:00
ocds-dgv273-seacev3-2026-1722-5,ocds-dgv273-seacev3-2026-1722-5-2026-06-05T10:29:52.578350-05:00,1186608-20613917277,280000.0,PEN,Soles,2026-03-25T00:00:00-05:00
ocds-dgv273-seacev3-2026-729-2,ocds-dgv273-seacev3-2026-729-2-2026-06-05T10:29:52.308963-05:00,1184894-20487625656,341341.34,PEN,Soles,2026-02-20T00:00:00-05:00
ocds-dgv273-seacev3-1212748,ocds-dgv273-seacev3-1212748-2026-06-05T10:29:47.335757-05:00,1212748-1787910,294111.31,PEN,Soles,2026-05-12T00:00:00-05:00
ocds-dgv273-seacev3-1222143,ocds-dgv273-seacev3-1222143-2026-06-05T10:29:45.624024-05:00,1222143-10410649930,138269.85,PEN,Soles,2026-06-03T00:00:00-05:00
ocds-dgv273-seacev3-2026-374-19,ocds-dgv273-seacev3-2026-374-19-2026-06-05T10:29:42.042359-05:00,1190045-20607510092,303781.5,PEN,Soles,2026-03-09T00:00:00-05:00
ocds-dgv273-seacev3-1216770,ocds-dgv273-seacev3-1216770-2026-06-04T10:35:35.899786-05:00,1216770-20602958427,236280.06,PEN,Soles,2026-06-01T00:00:00-05:00
ocds-dgv273-seacev3-1191637,ocds-dgv273-seacev3-1191637-2026-06-04T10:35:28.940324-05:00,1191637-10436703568,44000.0,PEN,Soles,2026-02-27T00:00:00-05:00
ocds-dgv273-seacev3-1187048,ocds-dgv273-seacev3-1187048-2026-06-04T10:35:28.423517-05:00,1187048-20600871723,193809.0,PEN,Soles,2026-02-18T00:00:00-05:00
ocds-dgv273-seacev3-1190212,ocds-dgv273-seacev3-1190212-2026-06-04T10:35:22.013313-05:00,1190212-10103896709,30000.0,PEN,Nuevos Soles,2026-02-23T00:00:00-05:00
ocds-dgv273-seacev3-2026-2413-11,ocds-dgv273-seacev3-2026-2413-11-2026-06-04T10:35:21.767356-05:00,1188267-20546675310,180000.0,PEN,Soles,2026-03-13T00:00:00-05:00
ocds-dgv273-seacev3-2026-2413-11,ocds-dgv273-seacev3-2026-2413-11-2026-06-04T10:35:21.767356-05:00,1188267-20602316221,216214.08,PEN,Soles,2026-04-24T00:00:00-05:00
ocds-dgv273-seacev3-1189386,ocds-dgv273-seacev3-1189386-2026-06-04T10:34:48.880225-05:00,1189386-1782852,802910.43,PEN,Soles,2026-04-23T00:00:00-05:00
ocds-dgv273-seacev3-2026-256-3,ocds-dgv273-seacev3-2026-256-3-2026-06-04T10:34:47.852007-05:00,1191578-1775615,852764.31,PEN,Soles,2026-04-07T00:00:00-05:00
ocds-dgv273-seacev3-1188352,ocds-dgv273-seacev3-1188352-2026-06-04T10:34:47.316694-05:00,1188352-20612500569,350800.0,PEN,Soles,2026-03-27T00:00:00-05:00
ocds-dgv273-seacev3-1186900,ocds-dgv273-seacev3-1186900-2026-06-04T10:34:47.301219-05:00,1186900-20562668951,167041.0,PEN,Soles,2026-02-20T00:00:00-05:00
ocds-dgv273-seacev3-2026-425-5,ocds-dgv273-seacev3-2026-425-5-2026-06-04T10:34:37.698942-05:00,1190795-1779170,1022543.4,PEN,Soles,2026-04-15T00:00:00-05:00
ocds-dgv273-seacev3-2026-2365-13,ocds-dgv273-seacev3-2026-2365-13-2026-06-04T10:34:12.757684-05:00,1188150-20492671003,122000.0,PEN,Soles,2026-03-03T00:00:00-05:00
ocds-dgv273-seacev3-1216734,ocds-dgv273-seacev3-1216734-2026-06-03T10:35:02.670155-05:00,1216734-1795884,240000.0,PEN,Soles,2026-05-28T00:00:00-05:00
ocds-dgv273-seacev3-1189715,ocds-dgv273-seacev3-1189715-2026-06-03T10:34:56.580999-05:00,1189715-20477872892,114670.0,PEN,Soles,2026-03-26T00:00:00-05:00
ocds-dgv273-seacev3-1190627,ocds-dgv273-seacev3-1190627-2026-06-03T10:34:55.990321-05:00,1190627-1778745,1071962.19,PEN,Soles,2026-04-24T00:00:00-05:00
ocds-dgv273-seacev3-1189508,ocds-dgv273-seacev3-1189508-2026-06-03T10:34:55.397660-05:00,1189508-10066707763,270102.0,PEN,Soles,2026-03-02T19:45:17-05:00
ocds-dgv273-seacev3-1189508,ocds-dgv273-seacev3-1189508-2026-06-03T10:34:55.397660-05:00,1189508-20494399386,278485.0,PEN,Soles,2026-03-02T00:00:00-05:00
ocds-dgv273-seacev3-1189225,ocds-dgv273-seacev3-1189225-2026-06-03T10:34:47.191759-05:00,1189225-20100028698,11308759.92,PEN,Soles,2026-03-11T00:00:00-05:00
ocds-dgv273-seacev3-1189225,ocds-dgv273-seacev3-1189225-2026-06-03T10:34:47.191759-05:00,1189225-20101639275,1648000.0,PEN,Soles,2026-03-11T00:00:00-05:00
ocds-dgv273-seacev3-1189225,ocds-dgv273-seacev3-1189225-2026-06-03T10:34:47.191759-05:00,1189225-20302241598,1933755.0,PEN,Soles,2026-03-11T00:00:00-05:00
ocds-dgv273-seacev3-2026-49-92,ocds-dgv273-seacev3-2026-49-92-2026-06-03T10:34:46.773737-05:00,1187984-20607249939,149999.0,PEN,Soles,2026-02-27T00:00:00-05:00
ocds-dgv273-seacev3-2026-49-92,ocds-dgv273-seacev3-2026-49-92-2026-06-03T10:34:46.773737-05:00,1187984-20449458436,275748.0,PEN,Soles,2026-04-01T00:00:00-05:00
ocds-dgv273-seacev3-1221046,ocds-dgv273-seacev3-1221046-2026-06-03T10:34:37.848183-05:00,1221046-1797063,138199.97,PEN,Nuevos Soles,2026-06-01T00:00:00-05:00
ocds-dgv273-seacev3-2026-2005-10,ocds-dgv273-seacev3-2026-2005-10-2026-06-03T10:34:37.110871-05:00,1193363-20612204030,3978892.8,PEN,Soles,2026-04-14T00:00:00-05:00
ocds-dgv273-seacev3-1191639,ocds-dgv273-seacev3-1191639-2026-06-03T10:34:35.980571-05:00,1191639-20574690219,449997.5,PEN,Soles,2026-03-09T20:04:10-05:00
ocds-dgv273-seacev3-2026-1339-14,ocds-dgv273-seacev3-2026-1339-14-2026-06-03T10:34:25.813327-05:00,1189240-1776089,1510000.0,PEN,Soles,2026-03-31T00:00:00-05:00
ocds-dgv273-seacev3-2026-200502-2,ocds-dgv273-seacev3-2026-200502-2-2026-06-03T10:34:24.639981-05:00,1189464-20546675310,185000.0,PEN,Soles,2026-03-05T00:00:00-05:00
ocds-dgv273-seacev3-2026-200502-2,ocds-dgv273-seacev3-2026-200502-2-2026-06-03T10:34:24.639981-05:00,1189464-20515906607,210766.66,PEN,Soles,2026-04-07T00:00:00-05:00
ocds-dgv273-seacev3-1186903,ocds-dgv273-seacev3-1186903-2026-06-03T10:34:24.443873-05:00,1186903-20534812567,370414.4,PEN,Soles,2026-04-17T00:00:00-05:00
ocds-dgv273-seacev3-1188189,ocds-dgv273-seacev3-1188189-2026-06-03T10:34:24.370352-05:00,1188189-20448000126,1130777.0,PEN,Soles,2026-03-20T00:00:00-05:00
ocds-dgv273-seacev3-1216760,ocds-dgv273-seacev3-1216760-2026-06-03T10:34:16.912184-05:00,1216760-20612464341,88049.32,PEN,Soles,2026-06-01T00:00:00-05:00
ocds-dgv273-seacev3-1189350,ocds-dgv273-seacev3-1189350-2026-06-03T10:34:14.534361-05:00,1189350-1779062,4925402.0,PEN,Soles,2026-04-10T00:00:00-05:00
ocds-dgv273-seacev3-1186839,ocds-dgv273-seacev3-1186839-2026-06-03T10:34:13.446976-05:00,1186839-1785801,295234.04,PEN,Soles,2026-05-20T00:00:00-05:00
ocds-dgv273-seacev3-1188235,ocds-dgv273-seacev3-1188235-2026-06-03T10:34:03.006105-05:00,1188235-1769664,1609301.77,PEN,Soles,2026-03-06T00:00:00-05:00
ocds-dgv273-seacev3-1187640,ocds-dgv273-seacev3-1187640-2026-06-03T10:33:51.025078-05:00,1187640-20609915481,300000.0,PEN,Soles,2026-03-09T00:00:00-05:00
ocds-dgv273-seacev3-1187640,ocds-dgv273-seacev3-1187640-2026-06-03T10:33:51.025078-05:00,1187640-20607502863,375000.0,PEN,Soles,2026-05-20T00:00:00-05:00
ocds-dgv273-seacev3-1195983,ocds-dgv273-seacev3-1195983-2026-06-03T10:33:41.203117-05:00,1195983-20600385420,682538.22,PEN,Soles,2026-04-10T00:00:00-05:00
ocds-dgv273-seacev3-1191620,ocds-dgv273-seacev3-1191620-2026-06-03T10:33:40.394492-05:00,1191620-20574690219,3119976.0,PEN,Soles,2026-03-09T19:59:37-05:00
ocds-dgv273-seacev3-1190678,ocds-dgv273-seacev3-1190678-2026-06-03T10:33:40.364793-05:00,1190678-20600017668,256224.0,PEN,Soles,2026-03-12T00:00:00-05:00
ocds-dgv273-seacev3-1196447,ocds-dgv273-seacev3-1196447-2026-06-01T10:02:56.479373-05:00,1196447-20605447920,2216544.0,PEN,Soles,2026-05-06T00:00:00-05:00
ocds-dgv273-seacev3-1190099,ocds-dgv273-seacev3-1190099-2026-05-31T10:14:57.736956-05:00,1190099-20539144899,1062515.54,PEN,Soles,2026-04-08T00:00:00-05:00
ocds-dgv273-seacev3-1192357,ocds-dgv273-seacev3-1192357-2026-05-31T10:14:57.701119-05:00,1192357-20605293582,332304.0,PEN,Soles,2026-04-07T00:00:00-05:00
ocds-dgv273-seacev3-2026-141-4,ocds-dgv273-seacev3-2026-141-4-2026-05-31T10:14:49.451949-05:00,1189306-20487855228,432012.6,PEN,Soles,2026-03-02T00:00:00-05:00
ocds-dgv273-seacev3-2026-2541-38,ocds-dgv273-seacev3-2026-2541-38-2026-05-31T10:14:40.301322-05:00,1189693-20447707412,164880.0,PEN,Soles,2026-04-28T00:00:00-05:00
ocds-dgv273-seacev3-2026-200190-20,ocds-dgv273-seacev3-2026-200190-20-2026-05-31T10:14:38.191854-05:00,1188015-20354826799,213755.91,PEN,Soles,2026-05-08T00:00:00-05:00
ocds-dgv273-seacev3-1190786,ocds-dgv273-seacev3-1190786-2026-05-31T10:14:29.546459-05:00,1190786-20197705249,74700.0,PEN,Soles,2026-04-29T00:00:00-05:00
ocds-dgv273-seacev3-1186171,ocds-dgv273-seacev3-1186171-2026-05-31T10:14:29.152381-05:00,1186171-20600989040,1424268.7,PEN,Soles,2026-05-06T00:00:00-05:00
ocds-dgv273-seacev3-1190847,ocds-dgv273-seacev3-1190847-2026-05-31T10:14:20.938701-05:00,1190847-20605670891,22921704.0,PEN,Soles,2026-03-06T00:00:00-05:00
ocds-dgv273-seacev3-1188484,ocds-dgv273-seacev3-1188484-2026-05-31T10:14:20.355345-05:00,1188484-1782301,58622.4,PEN,Soles,2026-04-23T00:00:00-05:00
ocds-dgv273-seacev3-2026-1339-11,ocds-dgv273-seacev3-2026-1339-11-2026-05-31T10:14:19.865956-05:00,1191937-1782655,1570000.0,PEN,Soles,2026-04-23T00:00:00-05:00
ocds-dgv273-seacev3-1188061,ocds-dgv273-seacev3-1188061-2026-05-31T10:14:19.643166-05:00,1188061-20601771641,9239007.56,PEN,Soles,2026-04-22T00:00:00-05:00
ocds-dgv273-seacev3-2026-20002-63,ocds-dgv273-seacev3-2026-20002-63-2026-05-31T10:14:19.491232-05:00,1187965-1774039,878350.0,PEN,Soles,2026-03-25T00:00:00-05:00
ocds-dgv273-seacev3-1216580,ocds-dgv273-seacev3-1216580-2026-05-30T10:23:15.405937-05:00,1216580-20382350368,54002.7,PEN,Soles,2026-05-28T00:00:00-05:00
ocds-dgv273-seacev3-1200955,ocds-dgv273-seacev3-1200955-2026-05-30T10:23:09.345060-05:00,1200955-20600318536,735000.0,PEN,Soles,2026-04-16T00:00:00-05:00
ocds-dgv273-seacev3-1190778,ocds-dgv273-seacev3-1190778-2026-05-30T10:23:01.534563-05:00,1190778-20610164430,99000.0,PEN,Soles,2026-03-09T00:00:00-05:00
ocds-dgv273-seacev3-2026-200210-11,ocds-dgv273-seacev3-2026-200210-11-2026-05-30T10:23:01.095313-05:00,1191032-20609401070,92684.85,PEN,Soles,2026-03-23T00:00:00-05:00
ocds-dgv273-seacev3-2026-1731-6,ocds-dgv273-seacev3-2026-1731-6-2026-05-30T10:22:59.808934-05:00,1186795-20604068356,415517.6,PEN,Soles,2026-02-19T00:00:00-05:00
ocds-dgv273-seacev3-1211702,ocds-dgv273-seacev3-1211702-2026-05-30T10:22:52.467012-05:00,1211702-20545647916,102987.0,PEN,Soles,2026-05-25T00:00:00-05:00
ocds-dgv273-seacev3-1218355,ocds-dgv273-seacev3-1218355-2026-05-30T10:22:51.800170-05:00,1218355-1794928,2487599.47,PEN,Soles,2026-05-26T00:00:00-05:00
ocds-dgv273-seacev3-2026-2381-3,ocds-dgv273-seacev3-2026-2381-3-2026-05-30T10:22:48.911247-05:00,1190247-20609138735,526168.56,PEN,Soles,2026-05-08T00:00:00-05:00
ocds-dgv273-seacev3-2026-200210-21,ocds-dgv273-seacev3-2026-200210-21-2026-05-30T10:22:39.141131-05:00,1191089-1771598,67187.0,PEN,Soles,2026-03-18T00:00:00-05:00
ocds-dgv273-seacev3-1191926,ocds-dgv273-seacev3-1191926-2026-05-30T10:22:39.050050-05:00,1191926-10428066559,116491.3,PEN,Soles,2026-05-08T00:00:00-05:00
ocds-dgv273-seacev3-2026-2381-1,ocds-dgv273-seacev3-2026-2381-1-2026-05-30T10:22:37.906456-05:00,1186074-20609721546,2042000.0,PEN,Soles,2026-02-11T00:00:00-05:00
ocds-dgv273-seacev3-1187148,ocds-dgv273-seacev3-1187148-2026-05-30T10:22:37.776542-05:00,1187148-20610281258,139920.0,PEN,Soles,2026-02-19T00:00:00-05:00
ocds-dgv273-seacev3-1216367,ocds-dgv273-seacev3-1216367-2026-05-30T10:22:33.890439-05:00,1216367-20514469335,4868866.0,PEN,Soles,2026-05-27T00:00:00-05:00
ocds-dgv273-seacev3-1216322,ocds-dgv273-seacev3-1216322-2026-05-30T10:22:28.886023-05:00,1216322-20552075341,10690000.0,PEN,Soles,2026-05-27T00:00:00-05:00
ocds-dgv273-seacev3-1200814,ocds-dgv273-seacev3-1200814-2026-05-30T10:22:28.231682-05:00,1200814-1779518,7469572.49,PEN,Soles,2026-04-23T00:00:00-05:00
ocds-dgv273-seacev3-2026-200210-15,ocds-dgv273-seacev3-2026-200210-15-2026-05-30T10:22:28.012020-05:00,1191057-1771909,79566.0,PEN,Soles,2026-03-18T00:00:00-05:00
ocds-dgv273-seacev3-2026-200018-6,ocds-dgv273-seacev3-2026-200018-6-2026-05-30T10:22:27.297529-05:00,1192079-20332970411,77403.24,USD,Dólar Norteamericano,2026-04-09T00:00:00-05:00
ocds-dgv273-seacev3-2026-200018-6,ocds-dgv273-seacev3-2026-200018-6-2026-05-30T10:22:27.297529-05:00,1192079-20418896915,80639.94,USD,Dólar Norteamericano,2026-04-09T00:00:00-05:00
ocds-dgv273-seacev3-1187293,ocds-dgv273-seacev3-1187293-2026-05-30T10:22:26.614241-05:00,1187293-20600008812,319261.8,PEN,Soles,2026-03-12T00:00:00-05:00
ocds-dgv273-seacev3-2026-200020-16,ocds-dgv273-seacev3-2026-200020-16-2026-05-30T10:22:16.612493-05:00,1191544-1770656,128000.0,PEN,Soles,2026-03-11T00:00:00-05:00
ocds-dgv273-seacev3-2026-200210-22,ocds-dgv273-seacev3-2026-200210-22-2026-05-30T10:22:06.345312-05:00,1191098-1771837,50643.0,PEN,Soles,2026-03-19T00:00:00-05:00
ocds-dgv273-seacev3-2026-200210-17,ocds-dgv273-seacev3-2026-200210-17-2026-05-30T10:21:55.092308-05:00,1191081-1771899,71188.0,PEN,Soles,2026-03-19T00:00:00-05:00
ocds-dgv273-seacev3-2026-776-3,ocds-dgv273-seacev3-2026-776-3-2026-05-30T10:21:55.074229-05:00,1191201-1774203,180000.0,PEN,Soles,2026-04-06T00:00:00-05:00
ocds-dgv273-seacev3-2026-200210-23,ocds-dgv273-seacev3-2026-200210-23-2026-05-30T10:21:55.028326-05:00,1191095-20611404205,46632.0,PEN,Soles,2026-03-19T00:00:00-05:00
ocds-dgv273-seacev3-2026-200210-16,ocds-dgv273-seacev3-2026-200210-16-2026-05-30T10:21:55.012102-05:00,1191080-1771902,81883.0,PEN,Soles,2026-03-18T00:00:00-05:00
ocds-dgv273-seacev3-2026-2379-38,ocds-dgv273-seacev3-2026-2379-38-2026-05-30T10:21:54.209035-05:00,1191257-20606961261,169676.63,PEN,Soles,2026-03-17T00:00:00-05:00
ocds-dgv273-seacev3-2026-1993-10,ocds-dgv273-seacev3-2026-1993-10-2026-05-30T10:21:54.194408-05:00,1189320-20418896915,117600.0,PEN,Soles,2026-04-15T00:00:00-05:00
ocds-dgv273-seacev3-2026-1750-1,ocds-dgv273-seacev3-2026-1750-1-2026-05-30T10:21:53.696130-05:00,1186318-20542725703,108360.0,PEN,Soles,2026-02-18T00:00:00-05:00
ocds-dgv273-seacev3-1187806,ocds-dgv273-seacev3-1187806-2026-05-30T10:21:53.612948-05:00,1187806-20608683454,448976.1,PEN,Nuevos Soles,2026-02-27T00:00:00-05:00
ocds-dgv273-seacev3-2026-200417-7,ocds-dgv273-seacev3-2026-200417-7-2026-05-29T10:32:53.932860-05:00,1189926-20314908717,419856.32,PEN,Soles,2026-03-13T00:00:00-05:00
ocds-dgv273-seacev3-1191827,ocds-dgv273-seacev3-1191827-2026-05-29T10:32:53.886376-05:00,1191827-1769289,598637.85,PEN,Soles,2026-03-09T00:00:00-05:00
ocds-dgv273-seacev3-2026-200210-9,ocds-dgv273-seacev3-2026-200210-9-2026-05-29T10:32:53.572786-05:00,1191040-1771836,121755.8,PEN,Soles,2026-03-18T00:00:00-05:00
ocds-dgv273-seacev3-2026-200210-5,ocds-dgv273-seacev3-2026-200210-5-2026-05-29T10:32:53.556252-05:00,1191013-1771748,133629.85,PEN,Soles,2026-03-18T00:00:00-05:00
ocds-dgv273-seacev3-1197327,ocds-dgv273-seacev3-1197327-2026-05-29T10:32:53.296899-05:00,1197327-1775755,13822752.18,PEN,Soles,2026-04-09T00:00:00-05:00
ocds-dgv273-seacev3-1197327,ocds-dgv273-seacev3-1197327-2026-05-29T10:32:53.296899-05:00,1197327-1775976,14546865.18,PEN,Soles,2026-05-06T00:00:00-05:00
ocds-dgv273-seacev3-2026-1403-4,ocds-dgv273-seacev3-2026-1403-4-2026-05-29T10:32:52.445338-05:00,1191932-10255555648,2900000.0,PEN,Soles,2026-03-18T00:00:00-05:00
ocds-dgv273-seacev3-2026-374-51,ocds-dgv273-seacev3-2026-374-51-2026-05-29T10:32:51.929862-05:00,1188953-10463307020,150000.0,PEN,Soles,2026-03-04T00:00:00-05:00
ocds-dgv273-seacev3-1208873,ocds-dgv273-seacev3-1208873-2026-05-29T10:32:44.250315-05:00,1208873-20610738771,345000.0,PEN,Soles,2026-04-27T17:05:28-05:00
ocds-dgv273-seacev3-1206546,ocds-dgv273-seacev3-1206546-2026-05-29T10:32:31.761063-05:00,1206546-20538403378,126220.8,PEN,Soles,2026-04-20T00:00:00-05:00
ocds-dgv273-seacev3-1188199,ocds-dgv273-seacev3-1188199-2026-05-29T10:32:31.048452-05:00,1188199-1768268,87750.0,PEN,Soles,2026-04-07T00:00:00-05:00
ocds-dgv273-seacev3-1187509,ocds-dgv273-seacev3-1187509-2026-05-29T10:32:30.826058-05:00,1187509-1768310,120000.0,PEN,Soles,2026-03-30T00:00:00-05:00
ocds-dgv273-seacev3-1187509,ocds-dgv273-seacev3-1187509-2026-05-29T10:32:30.826058-05:00,1187509-20462768762,148500.0,PEN,Soles,2026-05-05T00:00:00-05:00
ocds-dgv273-seacev3-2026-239043-1,ocds-dgv273-seacev3-2026-239043-1-2026-05-29T10:32:21.065460-05:00,1188192-10707663141,104325.0,PEN,Soles,2026-02-27T00:00:00-05:00
ocds-dgv273-seacev3-2026-49-22,ocds-dgv273-seacev3-2026-49-22-2026-05-29T10:32:19.900332-05:00,1186746-20612044598,2203200.0,PEN,Soles,2026-02-20T21:14:11-05:00
ocds-dgv273-seacev3-2026-49-22,ocds-dgv273-seacev3-2026-49-22-2026-05-29T10:32:19.900332-05:00,1186746-20573029764,2405160.0,PEN,Soles,2026-03-31T00:00:00-05:00
ocds-dgv273-seacev3-1187299,ocds-dgv273-seacev3-1187299-2026-05-29T10:32:08.791904-05:00,1187299-20452570964,465300.0,PEN,Soles,2026-02-18T00:00:00-05:00
ocds-dgv273-seacev3-2026-1041-5,ocds-dgv273-seacev3-2026-1041-5-2026-05-29T10:32:08.524065-05:00,1186828-20534812567,302750.0,PEN,Soles,2026-02-27T00:00:00-05:00
ocds-dgv273-seacev3-2026-10-8,ocds-dgv273-seacev3-2026-10-8-2026-05-29T10:32:03.974754-05:00,1216422-20392535935,909419.58,PEN,Soles,2026-05-27T00:00:00-05:00
ocds-dgv273-seacev3-1190550,ocds-dgv273-seacev3-1190550-2026-05-29T10:31:59.474501-05:00,1190550-1769720,1210424.45,PEN,Nuevos Soles,2026-03-11T00:00:00-05:00
ocds-dgv273-seacev3-1191884,ocds-dgv273-seacev3-1191884-2026-05-29T10:31:59.359240-05:00,1191884-20518861604,240573.89,PEN,Soles,2026-03-19T00:00:00-05:00
ocds-dgv273-seacev3-2026-2452-25,ocds-dgv273-seacev3-2026-2452-25-2026-05-29T10:31:59.331080-05:00,1189642-10452299343,770000.0,PEN,Soles,2026-04-08T00:00:00-05:00
ocds-dgv273-seacev3-2026-2543-308,ocds-dgv273-seacev3-2026-2543-308-2026-05-29T10:31:58.687020-05:00,1191924-1777267,1549000.0,PEN,Soles,2026-04-13T00:00:00-05:00
ocds-dgv273-seacev3-1217731,ocds-dgv273-seacev3-1217731-2026-05-29T10:31:52.216779-05:00,1217731-20537232251,46680.0,PEN,Soles,2026-05-20T00:00:00-05:00
ocds-dgv273-seacev3-2026-1577-2,ocds-dgv273-seacev3-2026-1577-2-2026-05-29T10:31:49.510999-05:00,1191646-20182049086,1.0,PEN,Soles,2026-03-11T00:00:00-05:00
ocds-dgv273-seacev3-2026-1577-2,ocds-dgv273-seacev3-2026-1577-2-2026-05-29T10:31:49.510999-05:00,1191646-20603710950,241065.3,PEN,Soles,2026-04-14T00:00:00-05:00
ocds-dgv273-seacev3-2026-10009-5,ocds-dgv273-seacev3-2026-10009-5-2026-05-29T10:31:49.383427-05:00,1192082-20600092490,549483.0,PEN,Soles,2026-04-17T00:00:00-05:00
ocds-dgv273-seacev3-2026-200210-4,ocds-dgv273-seacev3-2026-200210-4-2026-05-29T10:31:48.881854-05:00,1191010-1771832,223607.2,PEN,Soles,2026-03-18T00:00:00-05:00
ocds-dgv273-seacev3-2026-200210-14,ocds-dgv273-seacev3-2026-200210-14-2026-05-29T10:31:48.746806-05:00,1191035-1771883,82574.0,PEN,Soles,2026-03-18T00:00:00-05:00
ocds-dgv273-seacev3-1191401,ocds-dgv273-seacev3-1191401-2026-05-29T10:31:48.054962-05:00,1191401-1770159,1254597.62,PEN,Soles,2026-03-13T00:00:00-05:00
ocds-dgv273-seacev3-2026-200210-10,ocds-dgv273-seacev3-2026-200210-10-2026-05-29T10:31:37.759084-05:00,1191045-10712774911,109101.8,PEN,Soles,2026-03-18T00:00:00-05:00
ocds-dgv273-seacev3-2026-200210-7,ocds-dgv273-seacev3-2026-200210-7-2026-05-29T10:31:37.742467-05:00,1191028-1771605,118390.9,PEN,Soles,2026-03-18T00:00:00-05:00
ocds-dgv273-seacev3-2026-200210-8,ocds-dgv273-seacev3-2026-200210-8-2026-05-29T10:31:37.093583-05:00,1191030-1771777,119943.2,PEN,Soles,2026-03-18T00:00:00-05:00
ocds-dgv273-seacev3-1198367,ocds-dgv273-seacev3-1198367-2026-05-29T10:31:36.758059-05:00,1198367-1773605,269892.15,PEN,Soles,2026-03-19T00:00:00-05:00
ocds-dgv273-seacev3-2026-1379-1,ocds-dgv273-seacev3-2026-1379-1-2026-05-29T10:31:35.662415-05:00,1187330-10803736460,819588.0,PEN,Soles,2026-03-19T00:00:00-05:00
ocds-dgv273-seacev3-1191226,ocds-dgv273-seacev3-1191226-2026-05-28T10:20:42.069289-05:00,1191226-20608188020,516531.6,PEN,Soles,2026-04-07T00:00:00-05:00
ocds-dgv273-seacev3-2026-1952-112,ocds-dgv273-seacev3-2026-1952-112-2026-05-28T10:20:41.960209-05:00,1190271-10434367862,27000.0,PEN,Soles,2026-02-23T00:00:00-05:00
ocds-dgv273-seacev3-2026-1952-112,ocds-dgv273-seacev3-2026-1952-112-2026-05-28T10:20:41.960209-05:00,1190271-10718024078,27000.0,PEN,Soles,2026-02-23T00:00:00-05:00
ocds-dgv273-seacev3-2026-1952-112,ocds-dgv273-seacev3-2026-1952-112-2026-05-28T10:20:41.960209-05:00,1190271-10771597144,27000.0,PEN,Soles,2026-02-23T00:00:00-05:00
ocds-dgv273-seacev3-1187937,ocds-dgv273-seacev3-1187937-2026-05-28T10:20:39.684456-05:00,1187937-1775515,505080.0,PEN,Soles,2026-03-27T00:00:00-05:00
ocds-dgv273-seacev3-2026-977-4,ocds-dgv273-seacev3-2026-977-4-2026-05-28T10:20:39.572692-05:00,1186681-20604482276,175604.0,PEN,Soles,2026-02-20T11:20:43-05:00
ocds-dgv273-seacev3-1189300,ocds-dgv273-seacev3-1189300-2026-05-28T10:20:30.452155-05:00,1189300-1790095,9453936.19,PEN,Soles,2026-05-13T00:00:00-05:00
ocds-dgv273-seacev3-2026-1731-40,ocds-dgv273-seacev3-2026-1731-40-2026-05-28T10:20:29.668508-05:00,1187292-1768026,907959.0,PEN,Soles,2026-03-10T00:00:00-05:00
ocds-dgv273-seacev3-1191386,ocds-dgv273-seacev3-1191386-2026-05-28T10:20:20.151184-05:00,1191386-20558094371,154520.0,PEN,Soles,2026-04-21T00:00:00-05:00
ocds-dgv273-seacev3-1188535,ocds-dgv273-seacev3-1188535-2026-05-28T10:20:19.805634-05:00,1188535-20517318168,263234.4,PEN,Soles,2026-04-14T00:00:00-05:00
ocds-dgv273-seacev3-2026-1952-62,ocds-dgv273-seacev3-2026-1952-62-2026-05-28T10:20:10.053196-05:00,1190195-10413161571,30000.0,PEN,Soles,2026-02-23T00:00:00-05:00
ocds-dgv273-seacev3-1200873,ocds-dgv273-seacev3-1200873-2026-05-28T10:19:59.311667-05:00,1200873-1778361,378986.36,PEN,Soles,2026-04-15T00:00:00-05:00
ocds-dgv273-seacev3-1189493,ocds-dgv273-seacev3-1189493-2026-05-28T10:19:59.297892-05:00,1189493-20211377748,178728.15,PEN,Soles,2026-02-25T00:00:00-05:00
ocds-dgv273-seacev3-2026-2528-31,ocds-dgv273-seacev3-2026-2528-31-2026-05-28T10:19:58.610743-05:00,1191006-10438074746,440000.0,PEN,Soles,2026-04-09T00:00:00-05:00
ocds-dgv273-seacev3-1187169,ocds-dgv273-seacev3-1187169-2026-05-28T10:19:57.821240-05:00,1187169-20609833344,90751.16,PEN,Soles,2026-03-02T00:00:00-05:00
ocds-dgv273-seacev3-2026-49-117,ocds-dgv273-seacev3-2026-49-117-2026-05-28T10:19:57.765786-05:00,1188838-20600815467,90500.0,PEN,Soles,2026-05-05T00:00:00-05:00
ocds-dgv273-seacev3-1188422,ocds-dgv273-seacev3-1188422-2026-05-28T10:19:48.619412-05:00,1188422-20602096808,98000.0,PEN,Soles,2026-03-02T00:00:00-05:00
ocds-dgv273-seacev3-1190814,ocds-dgv273-seacev3-1190814-2026-05-28T10:19:48.146627-05:00,1190814-20529016426,162179.2,PEN,Soles,2026-03-12T00:00:00-05:00
ocds-dgv273-seacev3-2026-683-1,ocds-dgv273-seacev3-2026-683-1-2026-05-28T10:19:47.990593-05:00,1188670-20600907558,152255.95,PEN,Soles,2026-03-03T00:00:00-05:00
ocds-dgv273-seacev3-1199563,ocds-dgv273-seacev3-1199563-2026-05-28T10:19:37.565933-05:00,1199563-20609435144,941500.0,PEN,Soles,2026-04-09T00:00:00-05:00
ocds-dgv273-seacev3-1189217,ocds-dgv273-seacev3-1189217-2026-05-28T10:19:37.023385-05:00,1189217-1769118,125079.18,PEN,Soles,2026-03-05T00:00:00-05:00
ocds-dgv273-seacev3-2026-2528-37,ocds-dgv273-seacev3-2026-2528-37-2026-05-28T10:19:36.867096-05:00,1191418-20501766811,74303.89,PEN,Soles,2026-04-17T00:00:00-05:00
ocds-dgv273-seacev3-2026-614-13,ocds-dgv273-seacev3-2026-614-13-2026-05-28T10:19:36.793760-05:00,1188872-20570613082,126950.0,PEN,Soles,2026-03-10T00:00:00-05:00
ocds-dgv273-seacev3-2026-614-13,ocds-dgv273-seacev3-2026-614-13-2026-05-28T10:19:36.793760-05:00,1188872-20609793369,127087.7,PEN,Soles,2026-04-21T00:00:00-05:00
ocds-dgv273-seacev3-1188489,ocds-dgv273-seacev3-1188489-2026-05-28T10:19:36.749236-05:00,1188489-20537274922,169000.0,PEN,Soles,2026-03-11T00:00:00-05:00
ocds-dgv273-seacev3-2026-51-110,ocds-dgv273-seacev3-2026-51-110-2026-05-28T10:19:36.607838-05:00,1190601-20532639841,50867.44,PEN,Soles,2026-03-06T16:47:11-05:00
ocds-dgv273-seacev3-1187732,ocds-dgv273-seacev3-1187732-2026-05-28T10:19:36.198505-05:00,1187732-20111740438,300848.08,PEN,Soles,2026-04-08T00:00:00-05:00
ocds-dgv273-seacev3-1186204,ocds-dgv273-seacev3-1186204-2026-05-28T10:19:35.619372-05:00,1186204-20612454532,110500.0,PEN,Soles,2026-02-11T00:00:00-05:00
ocds-dgv273-seacev3-1202565,ocds-dgv273-seacev3-1202565-2026-05-28T10:19:25.496324-05:00,1202565-1779042,68254771.85,PEN,Soles,2026-04-15T00:00:00-05:00
ocds-dgv273-seacev3-2026-1952-93,ocds-dgv273-seacev3-2026-1952-93-2026-05-28T10:19:25.303326-05:00,1188316-10402612831,30000.0,PEN,Soles,2026-02-19T00:00:00-05:00
ocds-dgv273-seacev3-2026-51-30,ocds-dgv273-seacev3-2026-51-30-2026-05-27T10:40:28.016299-05:00,1189931-20602136893,971638.0,PEN,Soles,2026-04-21T00:00:00-05:00
ocds-dgv273-seacev3-1191796,ocds-dgv273-seacev3-1191796-2026-05-27T10:40:16.729758-05:00,1191796-20489964423,1564000.0,PEN,Soles,2026-04-08T00:00:00-05:00
ocds-dgv273-seacev3-1191796,ocds-dgv273-seacev3-1191796-2026-05-27T10:40:16.729758-05:00,1191796-20564013260,1617000.0,PEN,Soles,2026-04-08T00:00:00-05:00
ocds-dgv273-seacev3-2026-857-3,ocds-dgv273-seacev3-2026-857-3-2026-05-27T10:40:16.646859-05:00,1191173-20609559838,2102200.0,PEN,Soles,2026-03-16T00:00:00-05:00
ocds-dgv273-seacev3-2026-857-3,ocds-dgv273-seacev3-2026-857-3-2026-05-27T10:40:16.646859-05:00,1191173-20602954057,2251100.0,PEN,Soles,2026-03-16T00:00:00-05:00
ocds-dgv273-seacev3-2026-857-3,ocds-dgv273-seacev3-2026-857-3-2026-05-27T10:40:16.646859-05:00,1191173-20487209865,2774120.0,PEN,Soles,2026-04-13T00:00:00-05:00
ocds-dgv273-seacev3-1198735,ocds-dgv273-seacev3-1198735-2026-05-27T10:40:07.056523-05:00,1198735-20486760819,794030.0,PEN,Soles,2026-04-20T00:00:00-05:00
ocds-dgv273-seacev3-2026-10454-1,ocds-dgv273-seacev3-2026-10454-1-2026-05-27T10:40:06.961877-05:00,1188896-20486344190,72810.0,PEN,Soles,2026-02-26T00:00:00-05:00
ocds-dgv273-seacev3-2026-200-22,ocds-dgv273-seacev3-2026-200-22-2026-05-27T10:40:06.163442-05:00,1189682-1775257,1520000.0,PEN,Soles,2026-03-31T00:00:00-05:00
ocds-dgv273-seacev3-2026-200018-18,ocds-dgv273-seacev3-2026-200018-18-2026-05-27T10:39:55.953802-05:00,1192044-20467534026,550080.0,PEN,Soles,2026-04-08T00:00:00-05:00
ocds-dgv273-seacev3-1211565,ocds-dgv273-seacev3-1211565-2026-05-27T10:39:45.683251-05:00,1211565-20518498682,468900.0,PEN,Soles,2026-05-14T00:00:00-05:00
ocds-dgv273-seacev3-1189672,ocds-dgv273-seacev3-1189672-2026-05-27T10:39:44.365014-05:00,1189672-20604990832,97800.0,PEN,Soles,2026-03-04T15:49:45-05:00
ocds-dgv273-seacev3-1208199,ocds-dgv273-seacev3-1208199-2026-05-27T10:39:43.864512-05:00,1208199-20600162552,73732.7,PEN,Soles,2026-05-11T00:00:00-05:00
ocds-dgv273-seacev3-1189312,ocds-dgv273-seacev3-1189312-2026-05-27T10:39:22.777730-05:00,1189312-1776984,12701446.97,PEN,Soles,2026-04-16T00:00:00-05:00
ocds-dgv273-seacev3-2026-10567-3,ocds-dgv273-seacev3-2026-10567-3-2026-05-27T10:39:22.581173-05:00,1190482-20601793289,147420.6,PEN,Soles,2026-03-05T00:00:00-05:00
ocds-dgv273-seacev3-2026-10567-3,ocds-dgv273-seacev3-2026-10567-3-2026-05-27T10:39:22.581173-05:00,1190482-20145496170,148701.2,PEN,Soles,2026-05-15T00:00:00-05:00
ocds-dgv273-seacev3-1190326,ocds-dgv273-seacev3-1190326-2026-05-24T10:09:04.402310-05:00,1190326-1772333,2104876.37,PEN,Soles,2026-03-19T00:00:00-05:00
ocds-dgv273-seacev3-1189362,ocds-dgv273-seacev3-1189362-2026-05-24T10:08:56.404598-05:00,1189362-20602284442,117277.0,PEN,Soles,2026-02-27T00:00:00-05:00
ocds-dgv273-seacev3-1189484,ocds-dgv273-seacev3-1189484-2026-05-24T10:08:56.248124-05:00,1189484-20434878765,805776.48,PEN,Soles,2026-04-10T00:00:00-05:00
ocds-dgv273-seacev3-1191411,ocds-dgv273-seacev3-1191411-2026-05-24T10:08:56.070406-05:00,1191411-20614206510,640016.12,PEN,Soles,2026-03-06T00:00:00-05:00
ocds-dgv273-seacev3-2026-37-127,ocds-dgv273-seacev3-2026-37-127-2026-05-24T10:08:55.067078-05:00,1186765-1771664,2120500.0,PEN,Soles,2026-04-06T00:00:00-05:00
ocds-dgv273-seacev3-1186726,ocds-dgv273-seacev3-1186726-2026-05-24T10:08:54.917201-05:00,1186726-1770275,446250.0,PEN,Soles,2026-03-17T00:00:00-05:00
ocds-dgv273-seacev3-1186726,ocds-dgv273-seacev3-1186726-2026-05-24T10:08:54.917201-05:00,1186726-20601369185,450000.0,PEN,Soles,2026-03-17T00:00:00-05:00
ocds-dgv273-seacev3-2026-307-1,ocds-dgv273-seacev3-2026-307-1-2026-05-24T10:08:54.745049-05:00,1186620-20408093920,154515.0,PEN,Soles,2026-03-02T00:00:00-05:00
ocds-dgv273-seacev3-2026-2381-4,ocds-dgv273-seacev3-2026-2381-4-2026-05-24T10:08:46.504482-05:00,1190237-1780523,810869.67,PEN,Soles,2026-04-30T00:00:00-05:00
ocds-dgv273-seacev3-2026-1998-18,ocds-dgv273-seacev3-2026-1998-18-2026-05-24T10:08:46.338782-05:00,1190558-20601464391,70000.0,PEN,Soles,2026-04-17T00:00:00-05:00
ocds-dgv273-seacev3-2026-1998-18,ocds-dgv273-seacev3-2026-1998-18-2026-05-24T10:08:46.338782-05:00,1190558-20603708203,72600.0,PEN,Soles,2026-05-14T00:00:00-05:00
ocds-dgv273-seacev3-1205845,ocds-dgv273-seacev3-1205845-2026-05-24T10:08:45.098527-05:00,1205845-10469953195,103240.0,PEN,Soles,2026-04-15T00:00:00-05:00
ocds-dgv273-seacev3-2026-614-10,ocds-dgv273-seacev3-2026-614-10-2026-05-24T10:08:44.532522-05:00,1185857-20491552981,17757527.69,PEN,Soles,2026-04-07T00:00:00-05:00
ocds-dgv273-seacev3-1190729,ocds-dgv273-seacev3-1190729-2026-05-24T10:08:36.531586-05:00,1190729-10470733549,94026.12,PEN,Soles,2026-03-16T00:00:00-05:00
ocds-dgv273-seacev3-1191572,ocds-dgv273-seacev3-1191572-2026-05-24T10:08:35.928384-05:00,1191572-20538798534,237800.0,PEN,Soles,2026-03-17T00:00:00-05:00
ocds-dgv273-seacev3-1192108,ocds-dgv273-seacev3-1192108-2026-05-24T10:08:35.908933-05:00,1192108-10429067621,73500.0,PEN,Soles,2026-03-04T00:00:00-05:00
ocds-dgv273-seacev3-2026-2439-32,ocds-dgv273-seacev3-2026-2439-32-2026-05-24T10:08:27.995879-05:00,1191561-20392717537,657260.0,USD,Dólar Norteamericano,2026-04-09T00:00:00-05:00
ocds-dgv273-seacev3-1190262,ocds-dgv273-seacev3-1190262-2026-05-24T10:08:26.879777-05:00,1190262-20497230161,333304.72,PEN,Soles,2026-03-04T00:00:00-05:00
ocds-dgv273-seacev3-2026-10602-3,ocds-dgv273-seacev3-2026-10602-3-2026-05-24T10:08:26.061785-05:00,1188803-20605278354,240000.0,PEN,Soles,2026-03-06T00:00:00-05:00
ocds-dgv273-seacev3-2026-680-3,ocds-dgv273-seacev3-2026-680-3-2026-05-24T10:08:25.698933-05:00,1186053-1769700,9678916.19,PEN,Soles,2026-03-25T00:00:00-05:00
ocds-dgv273-seacev3-1186863,ocds-dgv273-seacev3-1186863-2026-05-24T10:08:25.510336-05:00,1186863-1773981,9335757.61,PEN,Soles,2026-04-24T00:00:00-05:00
ocds-dgv273-seacev3-1186758,ocds-dgv273-seacev3-1186758-2026-05-24T10:08:25.485578-05:00,1186758-20525491677,8970235.68,PEN,Soles,2026-04-20T00:00:00-05:00
ocds-dgv273-seacev3-2026-2385-1,ocds-dgv273-seacev3-2026-2385-1-2026-05-23T10:25:11.078103-05:00,1188835-20606961261,441792.0,PEN,Soles,2026-04-14T00:00:00-05:00
ocds-dgv273-seacev3-1191108,ocds-dgv273-seacev3-1191108-2026-05-23T10:25:11.061823-05:00,1191108-20610905791,255150.0,PEN,Soles,2026-03-19T00:00:00-05:00
ocds-dgv273-seacev3-1186322,ocds-dgv273-seacev3-1186322-2026-05-23T10:25:10.306134-05:00,1186322-1765690,303600.0,PEN,Soles,2026-02-16T00:00:00-05:00
ocds-dgv273-seacev3-2026-2407-37,ocds-dgv273-seacev3-2026-2407-37-2026-05-23T10:25:04.303560-05:00,1190596-1776551,4669461.5,PEN,Soles,2026-04-08T00:00:00-05:00
ocds-dgv273-seacev3-1189967,ocds-dgv273-seacev3-1189967-2026-05-23T10:25:03.381792-05:00,1189967-20503794692,1926662.4,PEN,Soles,2026-03-13T00:00:00-05:00
ocds-dgv273-seacev3-2026-307-7,ocds-dgv273-seacev3-2026-307-7-2026-05-23T10:25:02.004308-05:00,1186630-20600535073,126080.0,PEN,Soles,2026-02-20T00:00:00-05:00
ocds-dgv273-seacev3-1211914,ocds-dgv273-seacev3-1211914-2026-05-23T10:24:56.296583-05:00,1211914-10316063484,428474.88,PEN,Soles,2026-05-12T00:00:00-05:00
ocds-dgv273-seacev3-1189158,ocds-dgv273-seacev3-1189158-2026-05-23T10:24:52.502051-05:00,1189158-1774532,3490000.0,PEN,Soles,2026-04-21T00:00:00-05:00
ocds-dgv273-seacev3-1190576,ocds-dgv273-seacev3-1190576-2026-05-23T10:24:52.037784-05:00,1190576-20611075317,88680.0,PEN,Soles,2026-03-20T00:00:00-05:00
ocds-dgv273-seacev3-1189490,ocds-dgv273-seacev3-1189490-2026-05-23T10:24:51.434310-05:00,1189490-20448135561,176000.0,PEN,Soles,2026-04-30T00:00:00-05:00
ocds-dgv273-seacev3-2026-307-9,ocds-dgv273-seacev3-2026-307-9-2026-05-23T10:24:50.488654-05:00,1186615-20600535073,69312.0,PEN,Soles,2026-02-19T00:00:00-05:00
ocds-dgv273-seacev3-2026-51-17,ocds-dgv273-seacev3-2026-51-17-2026-05-23T10:24:31.327379-05:00,1190679-20532639841,83500.0,PEN,Soles,2026-03-12T15:57:34-05:00
ocds-dgv273-seacev3-2026-51-17,ocds-dgv273-seacev3-2026-51-17-2026-05-23T10:24:31.327379-05:00,1190308-20532639841,83406.82,PEN,Soles,2026-03-12T14:57:40-05:00
ocds-dgv273-seacev3-1191992,ocds-dgv273-seacev3-1191992-2026-05-23T10:24:30.664684-05:00,1191992-1773530,245322.0,PEN,Soles,2026-03-30T00:00:00-05:00
ocds-dgv273-seacev3-1190443,ocds-dgv273-seacev3-1190443-2026-05-23T10:24:29.750015-05:00,1190443-20489109809,5701097.75,PEN,Soles,2026-03-30T00:00:00-05:00
ocds-dgv273-seacev3-1204503,ocds-dgv273-seacev3-1204503-2026-05-23T10:24:29.625649-05:00,1204503-10079637900,488239.06,PEN,Soles,2026-04-10T00:00:00-05:00
ocds-dgv273-seacev3-1187958,ocds-dgv273-seacev3-1187958-2026-05-23T10:24:29.225533-05:00,1187958-10736355090,596336.95,PEN,Soles,2026-03-10T00:00:00-05:00
ocds-dgv273-seacev3-1189978,ocds-dgv273-seacev3-1189978-2026-05-23T10:24:20.014564-05:00,1189978-20449458436,130888.0,PEN,Soles,2026-03-04T00:00:00-05:00
ocds-dgv273-seacev3-1189978,ocds-dgv273-seacev3-1189978-2026-05-23T10:24:20.014564-05:00,1189978-20602965890,163300.0,PEN,Soles,2026-03-25T00:00:00-05:00
ocds-dgv273-seacev3-1189978,ocds-dgv273-seacev3-1189978-2026-05-23T10:24:20.014564-05:00,1189978-20600111150,166630.0,PEN,Soles,2026-04-16T00:00:00-05:00
ocds-dgv273-seacev3-2026-874-21,ocds-dgv273-seacev3-2026-874-21-2026-05-23T10:24:19.341862-05:00,1191640-20610738771,280000.0,PEN,Soles,2026-03-18T00:00:00-05:00
ocds-dgv273-seacev3-2026-1852-18,ocds-dgv273-seacev3-2026-1852-18-2026-05-23T10:24:18.295365-05:00,1187989-20533269789,120120.0,PEN,Soles,2026-03-10T00:00:00-05:00
ocds-dgv273-seacev3-1190274,ocds-dgv273-seacev3-1190274-2026-05-23T10:24:09.489526-05:00,1190274-10076369939,110300.0,PEN,Soles,2026-04-01T00:00:00-05:00
ocds-dgv273-seacev3-1192093,ocds-dgv273-seacev3-1192093-2026-05-23T10:23:58.040556-05:00,1192093-20600595599,55000.0,PEN,Soles,2026-04-15T00:00:00-05:00
ocds-dgv273-seacev3-2026-307-6,ocds-dgv273-seacev3-2026-307-6-2026-05-23T10:23:56.247834-05:00,1186597-20600535073,91473.0,PEN,Soles,2026-02-19T00:00:00-05:00
ocds-dgv273-seacev3-1205771,ocds-dgv273-seacev3-1205771-2026-05-22T10:33:29.082632-05:00,1205771-1781339,310784.54,PEN,Soles,2026-04-15T00:00:00-05:00
ocds-dgv273-seacev3-1188520,ocds-dgv273-seacev3-1188520-2026-05-22T10:33:26.887912-05:00,1188520-1780134,79029.0,PEN,Soles,2026-04-16T00:00:00-05:00
ocds-dgv273-seacev3-1190896,ocds-dgv273-seacev3-1190896-2026-05-22T10:33:18.821967-05:00,1190896-1776726,701736.37,PEN,Soles,2026-04-08T00:00:00-05:00
ocds-dgv273-seacev3-2026-1517-2,ocds-dgv273-seacev3-2026-1517-2-2026-05-22T10:33:16.520149-05:00,1189728-10412307963,219730.68,PEN,Soles,2026-03-10T00:00:00-05:00
ocds-dgv273-seacev3-1190588,ocds-dgv273-seacev3-1190588-2026-05-22T10:33:05.598215-05:00,1190588-20612269018,145000.0,PEN,Soles,2026-03-31T00:00:00-05:00
ocds-dgv273-seacev3-1190613,ocds-dgv273-seacev3-1190613-2026-05-22T10:32:55.228379-05:00,1190613-1769424,493463.78,PEN,Soles,2026-03-05T00:00:00-05:00
ocds-dgv273-seacev3-1191458,ocds-dgv273-seacev3-1191458-2026-05-22T10:32:54.248220-05:00,1191458-10422404681,53976.0,PEN,Soles,2026-03-17T00:00:00-05:00
ocds-dgv273-seacev3-1188331,ocds-dgv273-seacev3-1188331-2026-05-22T10:32:53.463186-05:00,1188331-20609564271,79000.0,PEN,Soles,2026-02-26T00:00:00-05:00
ocds-dgv273-seacev3-1188331,ocds-dgv273-seacev3-1188331-2026-05-22T10:32:53.463186-05:00,1188331-10415662691,144000.0,PEN,Soles,2026-03-26T00:00:00-05:00
ocds-dgv273-seacev3-1188331,ocds-dgv273-seacev3-1188331-2026-05-22T10:32:53.463186-05:00,1188331-10400810244,150000.0,PEN,Soles,2026-04-29T00:00:00-05:00
ocds-dgv273-seacev3-1217522,ocds-dgv273-seacev3-1217522-2026-05-22T10:32:49.332931-05:00,1217522-20600898419,30600.0,PEN,Soles,2026-05-20T00:00:00-05:00
ocds-dgv273-seacev3-1189304,ocds-dgv273-seacev3-1189304-2026-05-22T10:32:43.928027-05:00,1189304-1775163,943580.0,PEN,Soles,2026-04-07T00:00:00-05:00
ocds-dgv273-seacev3-2026-270-37,ocds-dgv273-seacev3-2026-270-37-2026-05-22T10:32:43.264770-05:00,1191635-1776940,1618000.0,PEN,Soles,2026-04-06T00:00:00-05:00
ocds-dgv273-seacev3-2026-1068-1,ocds-dgv273-seacev3-2026-1068-1-2026-05-22T10:32:22.762915-05:00,1191023-20605821015,1108899.85,PEN,Soles,2026-03-10T00:00:00-05:00
ocds-dgv273-seacev3-1190883,ocds-dgv273-seacev3-1190883-2026-05-22T10:32:21.779217-05:00,1190883-20603032498,74780.4,PEN,Soles,2026-03-11T00:00:00-05:00
ocds-dgv273-seacev3-1188890,ocds-dgv273-seacev3-1188890-2026-05-22T10:32:21.364685-05:00,1188890-1768879,2828126.72,PEN,Soles,2026-03-04T00:00:00-05:00
ocds-dgv273-seacev3-2026-1533-1,ocds-dgv273-seacev3-2026-1533-1-2026-05-22T10:32:10.497440-05:00,1191571-20602035159,192994.0,PEN,Soles,2026-04-08T00:00:00-05:00
ocds-dgv273-seacev3-1214016,ocds-dgv273-seacev3-1214016-2026-05-21T10:32:38.693307-05:00,1214016-20396543185,424000.0,PEN,Soles,2026-05-12T00:00:00-05:00
ocds-dgv273-seacev3-2026-200030-10,ocds-dgv273-seacev3-2026-200030-10-2026-05-21T10:32:34.053348-05:00,1186077-20610221948,519200.0,PEN,Soles,2026-03-18T00:00:00-05:00
ocds-dgv273-seacev3-2026-200030-10,ocds-dgv273-seacev3-2026-200030-10-2026-05-21T10:32:34.053348-05:00,1186077-20511861251,518400.0,PEN,Soles,2026-03-18T00:00:00-05:00
ocds-dgv273-seacev3-1187272,ocds-dgv273-seacev3-1187272-2026-05-21T10:32:33.840145-05:00,1187272-20350218689,90254.7,PEN,Soles,2026-02-23T00:00:00-05:00
ocds-dgv273-seacev3-1184775,ocds-dgv273-seacev3-1184775-2026-05-21T10:32:23.580164-05:00,1184775-1765449,2948181.93,PEN,Soles,2026-03-05T00:00:00-05:00
ocds-dgv273-seacev3-2026-1331-1,ocds-dgv273-seacev3-2026-1331-1-2026-05-21T10:32:15.166534-05:00,1189760-20486573628,2494765.4,PEN,Soles,2026-03-13T00:00:00-05:00
ocds-dgv273-seacev3-1189348,ocds-dgv273-seacev3-1189348-2026-05-21T10:32:15.032011-05:00,1189348-20418896915,2811606.68,PEN,Soles,2026-04-17T00:00:00-05:00
ocds-dgv273-seacev3-1190765,ocds-dgv273-seacev3-1190765-2026-05-21T10:32:14.505787-05:00,1190765-10437873360,429900.0,PEN,Soles,2026-03-12T00:00:00-05:00
ocds-dgv273-seacev3-1191999,ocds-dgv273-seacev3-1191999-2026-05-21T10:32:14.350460-05:00,1191999-1778667,579120.84,PEN,Soles,2026-04-13T00:00:00-05:00
ocds-dgv273-seacev3-2026-411-3,ocds-dgv273-seacev3-2026-411-3-2026-05-21T10:32:13.955425-05:00,1191361-20610475672,119600.0,PEN,Soles,2026-04-21T00:00:00-05:00
ocds-dgv273-seacev3-2026-1998-1,ocds-dgv273-seacev3-2026-1998-1-2026-05-21T10:32:03.827064-05:00,1189757-20137551161,20145.0,USD,Dólar Norteamericano,2026-03-09T00:00:00-05:00
ocds-dgv273-seacev3-2026-80812-25,ocds-dgv273-seacev3-2026-80812-25-2026-05-21T10:32:02.816840-05:00,1190315-20601445701,258240.0,PEN,Soles,2026-03-12T00:00:00-05:00
ocds-dgv273-seacev3-2026-1331-2,ocds-dgv273-seacev3-2026-1331-2-2026-05-21T10:32:02.753663-05:00,1189886-20486573628,1165112.6,PEN,Soles,2026-03-13T00:00:00-05:00
ocds-dgv273-seacev3-1190085,ocds-dgv273-seacev3-1190085-2026-05-21T10:32:02.735251-05:00,1190085-20490098799,121800.0,PEN,Soles,2026-03-05T00:00:00-05:00
ocds-dgv273-seacev3-1188769,ocds-dgv273-seacev3-1188769-2026-05-21T10:32:02.056334-05:00,1188769-20612623881,135000.0,PEN,Soles,2026-03-09T00:00:00-05:00
ocds-dgv273-seacev3-1209005,ocds-dgv273-seacev3-1209005-2026-05-21T10:32:01.709842-05:00,1209005-1784124,1806614.87,PEN,Soles,2026-04-23T00:00:00-05:00
ocds-dgv273-seacev3-1187796,ocds-dgv273-seacev3-1187796-2026-05-21T10:32:00.969013-05:00,1187796-1775951,510000.0,PEN,Soles,2026-04-08T00:00:00-05:00
ocds-dgv273-seacev3-1189892,ocds-dgv273-seacev3-1189892-2026-05-21T10:31:50.969890-05:00,1189892-20613709691,169100.0,PEN,Soles,2026-03-26T00:00:00-05:00
ocds-dgv273-seacev3-1191960,ocds-dgv273-seacev3-1191960-2026-05-21T10:31:40.498503-05:00,1191960-20600852346,173700.0,PEN,Soles,2026-03-11T00:00:00-05:00
ocds-dgv273-seacev3-1191968,ocds-dgv273-seacev3-1191968-2026-05-21T10:31:30.571757-05:00,1191968-20537209861,194536.8,PEN,Soles,2026-04-24T00:00:00-05:00
ocds-dgv273-seacev3-1191968,ocds-dgv273-seacev3-1191968-2026-05-21T10:31:30.571757-05:00,1191968-20546876722,249000.0,PEN,Soles,2026-04-24T00:00:00-05:00
ocds-dgv273-seacev3-1200602,ocds-dgv273-seacev3-1200602-2026-05-21T10:31:19.387060-05:00,1200602-1777292,307140.95,PEN,Soles,2026-04-07T00:00:00-05:00
ocds-dgv273-seacev3-1189836,ocds-dgv273-seacev3-1189836-2026-05-21T10:31:17.971459-05:00,1189836-20100077044,151686.74,PEN,Soles,2026-05-04T00:00:00-05:00
ocds-dgv273-seacev3-1188480,ocds-dgv273-seacev3-1188480-2026-05-21T10:31:17.679403-05:00,1188480-20498512357,145000.0,PEN,Soles,2026-04-07T00:00:00-05:00
ocds-dgv273-seacev3-1190191,ocds-dgv273-seacev3-1190191-2026-05-20T10:31:35.729581-05:00,1190191-20602965890,43200.0,PEN,Soles,2026-03-09T10:45:02-05:00
ocds-dgv273-seacev3-1190191,ocds-dgv273-seacev3-1190191-2026-05-20T10:31:35.729581-05:00,1190191-20511037001,43710.0,PEN,Soles,2026-04-23T00:00:00-05:00
ocds-dgv273-seacev3-1188857,ocds-dgv273-seacev3-1188857-2026-05-20T10:31:27.798114-05:00,1188857-10420963756,178000.0,PEN,Soles,2026-03-16T00:00:00-05:00
ocds-dgv273-seacev3-1192032,ocds-dgv273-seacev3-1192032-2026-05-20T10:31:26.848641-05:00,1192032-1773920,1391562.47,PEN,Soles,2026-04-01T00:00:00-05:00
ocds-dgv273-seacev3-1186372,ocds-dgv273-seacev3-1186372-2026-05-20T10:31:25.908260-05:00,1186372-10427187395,65000.0,PEN,Soles,2026-02-12T00:00:00-05:00
ocds-dgv273-seacev3-2026-49-91,ocds-dgv273-seacev3-2026-49-91-2026-05-20T10:31:17.400623-05:00,1188952-20615041786,219222.47,PEN,Soles,2026-03-04T00:00:00-05:00
ocds-dgv273-seacev3-2026-49-91,ocds-dgv273-seacev3-2026-49-91-2026-05-20T10:31:17.400623-05:00,1188952-20609103397,456520.0,PEN,Soles,2026-04-14T00:00:00-05:00
ocds-dgv273-seacev3-1189751,ocds-dgv273-seacev3-1189751-2026-05-20T10:31:17.156339-05:00,1189751-1770477,412850.0,PEN,Soles,2026-03-23T00:00:00-05:00
ocds-dgv273-seacev3-1190718,ocds-dgv273-seacev3-1190718-2026-05-20T10:31:16.667594-05:00,1190718-20605684298,755000.0,PEN,Soles,2026-04-24T00:00:00-05:00
ocds-dgv273-seacev3-1189381,ocds-dgv273-seacev3-1189381-2026-05-20T10:31:15.304030-05:00,1189381-20573131887,352684.35000000003,PEN,Soles,2026-02-27T00:00:00-05:00
ocds-dgv273-seacev3-1189268,ocds-dgv273-seacev3-1189268-2026-05-20T10:31:15.288358-05:00,1189268-10310369310,129812.98,PEN,Soles,2026-03-12T00:00:00-05:00
ocds-dgv273-seacev3-1189268,ocds-dgv273-seacev3-1189268-2026-05-20T10:31:15.288358-05:00,1189268-1770232,130020.66,PEN,Soles,2026-03-12T00:00:00-05:00
ocds-dgv273-seacev3-1201248,ocds-dgv273-seacev3-1201248-2026-05-20T10:31:15.111822-05:00,1201248-20351667771,240939.6,PEN,Soles,2026-04-01T00:00:00-05:00
ocds-dgv273-seacev3-1201248,ocds-dgv273-seacev3-1201248-2026-05-20T10:31:15.111822-05:00,1201248-20603346948,1682153.55,PEN,Soles,2026-04-01T00:00:00-05:00
ocds-dgv273-seacev3-1189733,ocds-dgv273-seacev3-1189733-2026-05-20T10:31:15.078639-05:00,1189733-1777303,5707496.45,PEN,Soles,2026-04-06T00:00:00-05:00
ocds-dgv273-seacev3-2026-1506-1,ocds-dgv273-seacev3-2026-1506-1-2026-05-20T10:31:06.124628-05:00,1190479-1773247,1305321.9,PEN,Soles,2026-03-19T00:00:00-05:00
ocds-dgv273-seacev3-1191971,ocds-dgv273-seacev3-1191971-2026-05-20T10:31:05.797427-05:00,1191971-20447973996,3080283.49,PEN,Soles,2026-04-24T00:00:00-05:00
ocds-dgv273-seacev3-1189994,ocds-dgv273-seacev3-1189994-2026-05-20T10:31:05.483770-05:00,1189994-20615402398,480000.0,PEN,Soles,2026-04-09T00:00:00-05:00
ocds-dgv273-seacev3-1191237,ocds-dgv273-seacev3-1191237-2026-05-20T10:31:03.801467-05:00,1191237-20603085192,134414.4,PEN,Soles,2026-03-12T00:00:00-05:00
ocds-dgv273-seacev3-2026-999-4,ocds-dgv273-seacev3-2026-999-4-2026-05-20T10:31:03.359657-05:00,1186042-1765686,82144.94,PEN,Soles,2026-02-16T00:00:00-05:00
ocds-dgv273-seacev3-1188269,ocds-dgv273-seacev3-1188269-2026-05-20T10:30:55.138349-05:00,1188269-20610375708,53876.4,PEN,Soles,2026-02-25T00:00:00-05:00
ocds-dgv273-seacev3-2026-10184-7,ocds-dgv273-seacev3-2026-10184-7-2026-05-20T10:30:54.665925-05:00,1190115-20533910361,69.0,PEN,Soles,2026-03-10T00:00:00-05:00
ocds-dgv273-seacev3-2026-10184-7,ocds-dgv273-seacev3-2026-10184-7-2026-05-20T10:30:54.665925-05:00,1190115-10764318868,274740.0,PEN,Soles,2026-03-31T00:00:00-05:00
ocds-dgv273-seacev3-2026-10184-7,ocds-dgv273-seacev3-2026-10184-7-2026-05-20T10:30:54.665925-05:00,1190115-20609987309,95000.0,PEN,Soles,2026-03-31T00:00:00-05:00
ocds-dgv273-seacev3-2026-200190-161,ocds-dgv273-seacev3-2026-200190-161-2026-05-20T10:30:53.619269-05:00,1188942-1771658,540640.61,PEN,Soles,2026-04-13T00:00:00-05:00
ocds-dgv273-seacev3-2026-1091-1,ocds-dgv273-seacev3-2026-1091-1-2026-05-20T10:30:52.533010-05:00,1187252-20609994445,176451.84,PEN,Soles,2026-04-29T00:00:00-05:00
ocds-dgv273-seacev3-1190925,ocds-dgv273-seacev3-1190925-2026-05-20T10:30:44.492696-05:00,1190925-20462351268,280250.0,PEN,Soles,2026-04-13T00:00:00-05:00
ocds-dgv273-seacev3-2026-2452-24,ocds-dgv273-seacev3-2026-2452-24-2026-05-20T10:30:44.002211-05:00,1192062-10452299343,1450000.0,PEN,Soles,2026-04-14T00:00:00-05:00
ocds-dgv273-seacev3-1189054,ocds-dgv273-seacev3-1189054-2026-05-20T10:30:41.884650-05:00,1189054-20515319574,797986.0,PEN,Soles,2026-04-15T00:00:00-05:00
ocds-dgv273-seacev3-1186897,ocds-dgv273-seacev3-1186897-2026-05-20T10:30:41.855076-05:00,1186897-20603088663,208490.0,PEN,Soles,2026-02-17T00:00:00-05:00
ocds-dgv273-seacev3-1187283,ocds-dgv273-seacev3-1187283-2026-05-20T10:30:41.706257-05:00,1187283-20494224748,85487.0,PEN,Soles,2026-02-25T00:00:00-05:00
ocds-dgv273-seacev3-2026-1052-9,ocds-dgv273-seacev3-2026-1052-9-2026-05-20T10:30:31.331668-05:00,1186538-1766964,477174.94,PEN,Soles,2026-02-27T00:00:00-05:00
ocds-dgv273-seacev3-1187735,ocds-dgv273-seacev3-1187735-2026-05-20T10:30:31.272111-05:00,1187735-10450152841,96436.8,PEN,Soles,2026-02-20T00:00:00-05:00
ocds-dgv273-seacev3-2026-1245-3,ocds-dgv273-seacev3-2026-1245-3-2026-05-20T10:30:21.610757-05:00,1189882-20569108595,3894000.0,PEN,Soles,2026-03-31T00:00:00-05:00
ocds-dgv273-seacev3-2026-10151-22,ocds-dgv273-seacev3-2026-10151-22-2026-05-18T10:06:27.347629-05:00,1191988-10735069948,53387.0,PEN,Soles,2026-03-18T00:00:00-05:00
ocds-dgv273-seacev3-1191996,ocds-dgv273-seacev3-1191996-2026-05-17T10:13:09.493733-05:00,1191996-20282738946,4598077.44,PEN,Soles,2026-03-23T00:00:00-05:00
ocds-dgv273-seacev3-1190648,ocds-dgv273-seacev3-1190648-2026-05-17T10:13:09.430626-05:00,1190648-20613917277,635006.82,PEN,Soles,2026-03-12T00:00:00-05:00
ocds-dgv273-seacev3-1190648,ocds-dgv273-seacev3-1190648-2026-05-17T10:13:09.430626-05:00,1190648-20612249271,636000.0,PEN,Soles,2026-04-10T00:00:00-05:00
ocds-dgv273-seacev3-1190648,ocds-dgv273-seacev3-1190648-2026-05-17T10:13:09.430626-05:00,1190648-20448139981,642107.2,PEN,Soles,2026-04-10T00:00:00-05:00
ocds-dgv273-seacev3-2026-1695-3,ocds-dgv273-seacev3-2026-1695-3-2026-05-17T10:13:09.376049-05:00,1186453-20511037001,152118.0,PEN,Soles,2026-02-16T11:58:45-05:00
ocds-dgv273-seacev3-1191679,ocds-dgv273-seacev3-1191679-2026-05-17T10:13:03.168118-05:00,1191679-20564095568,642350.17,PEN,Soles,2026-04-07T00:00:00-05:00
ocds-dgv273-seacev3-1188958,ocds-dgv273-seacev3-1188958-2026-05-17T10:13:02.293899-05:00,1188958-20502797230,1068000.0,PEN,Nuevos Soles,2026-04-14T00:00:00-05:00
ocds-dgv273-seacev3-2026-923-1,ocds-dgv273-seacev3-2026-923-1-2026-05-17T10:13:01.340557-05:00,1191001-20568355041,6519246.18,PEN,Soles,2026-04-14T00:00:00-05:00
ocds-dgv273-seacev3-1189271,ocds-dgv273-seacev3-1189271-2026-05-17T10:13:00.980774-05:00,1189271-20515691562,810000.0,PEN,Soles,2026-03-30T00:00:00-05:00
ocds-dgv273-seacev3-1188205,ocds-dgv273-seacev3-1188205-2026-05-17T10:13:00.659188-05:00,1188205-20604968772,49822.0,PEN,Soles,2026-03-04T00:00:00-05:00
ocds-dgv273-seacev3-2026-1034-6,ocds-dgv273-seacev3-2026-1034-6-2026-05-17T10:13:00.576754-05:00,1186292-20600899261,124871.18,PEN,Soles,2026-03-18T00:00:00-05:00
ocds-dgv273-seacev3-1205056,ocds-dgv273-seacev3-1205056-2026-05-17T10:12:51.994678-05:00,1205056-10418190847,123553.75,PEN,Soles,2026-04-22T00:00:00-05:00
ocds-dgv273-seacev3-1191407,ocds-dgv273-seacev3-1191407-2026-05-17T10:12:51.898490-05:00,1191407-20510051395,4309165.0,PEN,Soles,2026-04-14T00:00:00-05:00
ocds-dgv273-seacev3-1206506,ocds-dgv273-seacev3-1206506-2026-05-17T10:12:51.641845-05:00,1206506-20601190487,1215200.0,PEN,Soles,2026-04-16T00:00:00-05:00
ocds-dgv273-seacev3-1186521,ocds-dgv273-seacev3-1186521-2026-05-17T10:12:51.395868-05:00,1186521-20527768641,72900.0,PEN,Soles,2026-02-13T00:00:00-05:00
ocds-dgv273-seacev3-2026-14-20,ocds-dgv273-seacev3-2026-14-20-2026-05-17T10:12:51.291096-05:00,1186420-1785503,61777596.6,PEN,Soles,2026-05-04T00:00:00-05:00
ocds-dgv273-seacev3-1186543,ocds-dgv273-seacev3-1186543-2026-05-17T10:12:51.274416-05:00,1186543-20556037150,156000.96,PEN,Soles,2026-02-18T00:00:00-05:00
ocds-dgv273-seacev3-2026-1003026180-2,ocds-dgv273-seacev3-2026-1003026180-2-2026-05-17T10:12:44.297183-05:00,1190467-20604178704,877992.0,PEN,Soles,2026-03-10T00:00:00-05:00
ocds-dgv273-seacev3-1195096,ocds-dgv273-seacev3-1195096-2026-05-17T10:12:43.657484-05:00,1195096-20100070970,252724.0,PEN,Soles,2026-03-25T00:00:00-05:00
ocds-dgv273-seacev3-2026-2452-12,ocds-dgv273-seacev3-2026-2452-12-2026-05-17T10:12:43.426498-05:00,1189598-20511030685,2333450.0,PEN,Soles,2026-03-27T00:00:00-05:00
ocds-dgv273-seacev3-1200966,ocds-dgv273-seacev3-1200966-2026-05-17T10:12:43.137932-05:00,1200966-10481026232,106977.0,PEN,Soles,2026-03-30T00:00:00-05:00
ocds-dgv273-seacev3-1192119,ocds-dgv273-seacev3-1192119-2026-05-17T10:12:42.761388-05:00,1192119-20612211265,890000.0,PEN,Soles,2026-03-10T00:00:00-05:00
ocds-dgv273-seacev3-1192119,ocds-dgv273-seacev3-1192119-2026-05-17T10:12:42.761388-05:00,1192119-20609275252,946000.0,PEN,Soles,2026-03-24T00:00:00-05:00
ocds-dgv273-seacev3-1192119,ocds-dgv273-seacev3-1192119-2026-05-17T10:12:42.761388-05:00,1192119-20604250685,953000.0,PEN,Soles,2026-03-24T00:00:00-05:00
ocds-dgv273-seacev3-2026-1970-27,ocds-dgv273-seacev3-2026-1970-27-2026-05-17T10:12:42.004537-05:00,1187238-20612154482,310000.0,PEN,Soles,2026-02-26T00:00:00-05:00
ocds-dgv273-seacev3-1191856,ocds-dgv273-seacev3-1191856-2026-05-17T10:12:34.839964-05:00,1191856-10420679551,99502.2,PEN,Soles,2026-03-12T00:00:00-05:00
ocds-dgv273-seacev3-1189783,ocds-dgv273-seacev3-1189783-2026-05-17T10:12:34.342419-05:00,1189783-1772291,47853.0,PEN,Soles,2026-03-27T00:00:00-05:00
ocds-dgv273-seacev3-1190254,ocds-dgv273-seacev3-1190254-2026-05-17T10:12:32.966495-05:00,1190254-1771421,199500.0,PEN,Soles,2026-03-18T00:00:00-05:00
ocds-dgv273-seacev3-1186499,ocds-dgv273-seacev3-1186499-2026-05-17T10:12:32.173090-05:00,1186499-1766460,538082.44,PEN,Soles,2026-02-24T00:00:00-05:00
ocds-dgv273-seacev3-2026-334-1,ocds-dgv273-seacev3-2026-334-1-2026-05-17T10:12:32.145736-05:00,1186510-1766101,424900.0,PEN,Soles,2026-02-19T00:00:00-05:00
ocds-dgv273-seacev3-2026-200373-2,ocds-dgv273-seacev3-2026-200373-2-2026-05-16T10:22:26.646242-05:00,1187675-20511037001,185000.0,PEN,Soles,2026-02-26T00:00:00-05:00
ocds-dgv273-seacev3-1190583,ocds-dgv273-seacev3-1190583-2026-05-16T10:22:18.331430-05:00,1190583-1773484,365905.48,PEN,Soles,2026-03-23T00:00:00-05:00
ocds-dgv273-seacev3-2026-200393-1,ocds-dgv273-seacev3-2026-200393-1-2026-05-16T10:22:15.268825-05:00,1186554-20602545491,1249824.22,PEN,Soles,2026-03-12T00:00:00-05:00
ocds-dgv273-seacev3-1189843,ocds-dgv273-seacev3-1189843-2026-05-16T10:22:07.428389-05:00,1189843-20606124733,63000.0,PEN,Soles,2026-03-10T13:30:22-05:00
ocds-dgv273-seacev3-1189843,ocds-dgv273-seacev3-1189843-2026-05-16T10:22:07.428389-05:00,1189843-20518759079,64110.57,PEN,Soles,2026-03-10T00:00:00-05:00
ocds-dgv273-seacev3-1204013,ocds-dgv273-seacev3-1204013-2026-05-16T10:22:07.297150-05:00,1204013-20602794661,292000.0,PEN,Soles,2026-04-09T00:00:00-05:00
ocds-dgv273-seacev3-1207116,ocds-dgv273-seacev3-1207116-2026-05-16T10:22:07.038548-05:00,1207116-1782320,479490.11,PEN,Soles,2026-04-17T00:00:00-05:00
ocds-dgv273-seacev3-2026-822-23,ocds-dgv273-seacev3-2026-822-23-2026-05-16T10:22:06.825678-05:00,1189215-1773771,647000.0,PEN,Soles,2026-03-25T00:00:00-05:00
ocds-dgv273-seacev3-2026-374-91,ocds-dgv273-seacev3-2026-374-91-2026-05-16T10:22:06.005894-05:00,1192026-20610281258,281800.0,PEN,Soles,2026-03-24T00:00:00-05:00
ocds-dgv273-seacev3-1190097,ocds-dgv273-seacev3-1190097-2026-05-16T10:21:56.556640-05:00,1190097-20511037001,71757.0,PEN,Nuevos Soles,2026-03-05T00:00:00-05:00
ocds-dgv273-seacev3-1190097,ocds-dgv273-seacev3-1190097-2026-05-16T10:21:56.556640-05:00,1190097-20600852346,75600.0,PEN,Nuevos Soles,2026-03-05T00:00:00-05:00
ocds-dgv273-seacev3-1190097,ocds-dgv273-seacev3-1190097-2026-05-16T10:21:56.556640-05:00,1190097-20412214618,79800.0,PEN,Nuevos Soles,2026-04-22T00:00:00-05:00
ocds-dgv273-seacev3-1188701,ocds-dgv273-seacev3-1188701-2026-05-16T10:21:55.813764-05:00,1188701-20607357804,138990.0,PEN,Soles,2026-03-05T00:00:00-05:00
ocds-dgv273-seacev3-2026-2385-4,ocds-dgv273-seacev3-2026-2385-4-2026-05-16T10:21:54.372299-05:00,1185732-20601221331,1237944.04,PEN,Soles,2026-03-06T00:00:00-05:00
ocds-dgv273-seacev3-1190176,ocds-dgv273-seacev3-1190176-2026-05-16T10:21:46.504316-05:00,1190176-20604093547,63200.0,PEN,Soles,2026-04-27T00:00:00-05:00
ocds-dgv273-seacev3-1191125,ocds-dgv273-seacev3-1191125-2026-05-16T10:21:46.098432-05:00,1191125-10437823851,162664.0,PEN,Soles,2026-03-20T00:00:00-05:00
ocds-dgv273-seacev3-2026-200302-12,ocds-dgv273-seacev3-2026-200302-12-2026-05-16T10:21:46.068045-05:00,1189700-1769548,473451.4,PEN,Soles,2026-03-19T00:00:00-05:00
ocds-dgv273-seacev3-2026-1646-11,ocds-dgv273-seacev3-2026-1646-11-2026-05-16T10:21:44.830876-05:00,1191070-20520536761,686000.0,PEN,Soles,2026-04-01T00:00:00-05:00
ocds-dgv273-seacev3-1191191,ocds-dgv273-seacev3-1191191-2026-05-16T10:21:43.766647-05:00,1191191-1776415,9348764.34,PEN,Soles,2026-04-09T00:00:00-05:00
ocds-dgv273-seacev3-1191669,ocds-dgv273-seacev3-1191669-2026-05-16T10:21:43.455648-05:00,1191669-10424261063,220000.0,PEN,Soles,2026-04-23T00:00:00-05:00
ocds-dgv273-seacev3-1190663,ocds-dgv273-seacev3-1190663-2026-05-16T10:21:43.288159-05:00,1190663-1769961,120000.0,PEN,Soles,2026-03-09T00:00:00-05:00
ocds-dgv273-seacev3-1188548,ocds-dgv273-seacev3-1188548-2026-05-16T10:21:42.748151-05:00,1188548-1780032,56613.63,PEN,Soles,2026-04-16T00:00:00-05:00
ocds-dgv273-seacev3-1191097,ocds-dgv273-seacev3-1191097-2026-05-16T10:21:33.959657-05:00,1191097-1772393,723742.78,PEN,Soles,2026-03-27T00:00:00-05:00
ocds-dgv273-seacev3-1189096,ocds-dgv273-seacev3-1189096-2026-05-16T10:21:22.511663-05:00,1189096-1770178,387449.18,PEN,Soles,2026-03-16T00:00:00-05:00
ocds-dgv273-seacev3-1200068,ocds-dgv273-seacev3-1200068-2026-05-15T10:34:18.510005-05:00,1200068-20469252541,4755000.0,PEN,Soles,2026-04-10T00:00:00-05:00
ocds-dgv273-seacev3-2026-552-1,ocds-dgv273-seacev3-2026-552-1-2026-05-15T10:34:18.490962-05:00,1188287-20601638658,390000.0,PEN,Soles,2026-03-04T10:47:56-05:00
ocds-dgv273-seacev3-1205532,ocds-dgv273-seacev3-1205532-2026-05-15T10:34:18.330844-05:00,1205532-10462360822,200000.0,PEN,Soles,2026-05-05T00:00:00-05:00
ocds-dgv273-seacev3-1191524,ocds-dgv273-seacev3-1191524-2026-05-15T10:34:17.608737-05:00,1191524-1777704,1184307.61,PEN,Soles,2026-04-09T00:00:00-05:00
ocds-dgv273-seacev3-2026-627-7,ocds-dgv273-seacev3-2026-627-7-2026-05-15T10:34:15.758234-05:00,1191812-1773471,484342.0,PEN,Soles,2026-04-10T00:00:00-05:00
ocds-dgv273-seacev3-2026-1607-4,ocds-dgv273-seacev3-2026-1607-4-2026-05-15T10:34:14.912534-05:00,1187583-1767219,93033.51,PEN,Soles,2026-02-26T00:00:00-05:00
ocds-dgv273-seacev3-1186417,ocds-dgv273-seacev3-1186417-2026-05-15T10:34:14.842931-05:00,1186417-20418896915,2438052.44,PEN,Soles,2026-04-16T00:00:00-05:00
ocds-dgv273-seacev3-2026-1041-9,ocds-dgv273-seacev3-2026-1041-9-2026-05-15T10:34:14.803900-05:00,1186396-1769321,116000.0,PEN,Soles,2026-03-09T00:00:00-05:00
ocds-dgv273-seacev3-2026-1607-3,ocds-dgv273-seacev3-2026-1607-3-2026-05-15T10:34:14.610240-05:00,1187562-1767255,88106.36,PEN,Soles,2026-02-26T00:00:00-05:00
ocds-dgv273-seacev3-2026-1590-3,ocds-dgv273-seacev3-2026-1590-3-2026-05-15T10:34:08.478446-05:00,1186923-20525491910,353353.5,PEN,Soles,2026-02-25T00:00:00-05:00
ocds-dgv273-seacev3-1189291,ocds-dgv273-seacev3-1189291-2026-05-15T10:34:06.850234-05:00,1189291-20602069274,1585450.5,PEN,Soles,2026-03-27T00:00:00-05:00
ocds-dgv273-seacev3-1188442,ocds-dgv273-seacev3-1188442-2026-05-15T10:34:05.817945-05:00,1188442-L5552918106,74191.0,USD,Dólar Norteamericano,2026-03-04T00:00:00-05:00
ocds-dgv273-seacev3-1188442,ocds-dgv273-seacev3-1188442-2026-05-15T10:34:05.817945-05:00,1188442-L0000005468,89600.0,USD,Dólar Norteamericano,2026-04-28T00:00:00-05:00
ocds-dgv273-seacev3-1190590,ocds-dgv273-seacev3-1190590-2026-05-15T10:33:57.899503-05:00,1190590-20490666193,59972.4,PEN,Soles,2026-03-16T00:00:00-05:00
ocds-dgv273-seacev3-1190236,ocds-dgv273-seacev3-1190236-2026-05-15T10:33:57.132973-05:00,1190236-20514023167,333890.0,PEN,Soles,2026-03-05T00:00:00-05:00
ocds-dgv273-seacev3-2026-755-28,ocds-dgv273-seacev3-2026-755-28-2026-05-15T10:33:56.097566-05:00,1190248-20612103624,1280000.0,PEN,Soles,2026-03-31T00:00:00-05:00
ocds-dgv273-seacev3-2026-1731-23,ocds-dgv273-seacev3-2026-1731-23-2026-05-15T10:33:55.230248-05:00,1192106-20610674209,225000.0,PEN,Soles,2026-04-08T00:00:00-05:00
ocds-dgv273-seacev3-1186634,ocds-dgv273-seacev3-1186634-2026-05-15T10:33:54.358041-05:00,1186634-1767134,1329371.42,PEN,Soles,2026-02-24T00:00:00-05:00
ocds-dgv273-seacev3-1190294,ocds-dgv273-seacev3-1190294-2026-05-15T10:33:46.599557-05:00,1190294-10444218229,86400.0,PEN,Soles,2026-03-09T00:00:00-05:00
ocds-dgv273-seacev3-1190294,ocds-dgv273-seacev3-1190294-2026-05-15T10:33:46.599557-05:00,1190294-20607735256,97200.0,PEN,Soles,2026-04-13T00:00:00-05:00
ocds-dgv273-seacev3-2026-200153-1,ocds-dgv273-seacev3-2026-200153-1-2026-05-15T10:33:45.523426-05:00,1190514-20560001861,638694.03,PEN,Soles,2026-04-06T00:00:00-05:00
ocds-dgv273-seacev3-1191618,ocds-dgv273-seacev3-1191618-2026-05-15T10:33:45.354094-05:00,1191618-20603713703,20291.0,PEN,Soles,2026-03-11T00:00:00-05:00
ocds-dgv273-seacev3-2026-1041-12,ocds-dgv273-seacev3-2026-1041-12-2026-05-15T10:33:42.965039-05:00,1186437-20494517257,350000.0,PEN,Soles,2026-03-09T00:00:00-05:00
ocds-dgv273-seacev3-2026-10564-20,ocds-dgv273-seacev3-2026-10564-20-2026-05-15T10:33:34.430722-05:00,1190148-20610707786,118000.0,PEN,Soles,2026-04-20T00:00:00-05:00
ocds-dgv273-seacev3-2026-200382-2,ocds-dgv273-seacev3-2026-200382-2-2026-05-15T10:33:32.609813-05:00,1191702-1777262,2506605.0,PEN,Soles,2026-04-10T00:00:00-05:00
ocds-dgv273-seacev3-2026-1733-1,ocds-dgv273-seacev3-2026-1733-1-2026-05-15T10:33:32.257933-05:00,1187993-1767355,106232.37,PEN,Soles,2026-03-02T00:00:00-05:00
ocds-dgv273-seacev3-2026-1041-8,ocds-dgv273-seacev3-2026-1041-8-2026-05-15T10:33:32.199859-05:00,1186478-1768349,72000.0,PEN,Soles,2026-03-17T00:00:00-05:00
ocds-dgv273-seacev3-2026-1041-10,ocds-dgv273-seacev3-2026-1041-10-2026-05-15T10:33:32.174983-05:00,1186397-1768802,116000.0,PEN,Soles,2026-03-09T00:00:00-05:00
ocds-dgv273-seacev3-2026-232-12,ocds-dgv273-seacev3-2026-232-12-2026-05-15T10:33:31.953349-05:00,1187982-20530880746,196562.91,PEN,Soles,2026-02-25T00:00:00-05:00
ocds-dgv273-seacev3-2026-200035-12,ocds-dgv273-seacev3-2026-200035-12-2026-05-15T10:33:24.065340-05:00,1189975-20607954837,225072.48,PEN,Soles,2026-04-09T00:00:00-05:00
ocds-dgv273-seacev3-1189707,ocds-dgv273-seacev3-1189707-2026-05-15T10:33:21.149277-05:00,1189707-1770318,1649276.43,PEN,Soles,2026-03-26T00:00:00-05:00
ocds-dgv273-seacev3-1186967,ocds-dgv273-seacev3-1186967-2026-05-15T10:33:20.533964-05:00,1186967-1766905,280000.0,PEN,Soles,2026-03-06T00:00:00-05:00
ocds-dgv273-seacev3-2026-1041-3,ocds-dgv273-seacev3-2026-1041-3-2026-05-15T10:33:20.481691-05:00,1186399-1769867,299900.0,PEN,Soles,2026-03-10T00:00:00-05:00
ocds-dgv273-seacev3-2026-15-1,ocds-dgv273-seacev3-2026-15-1-2026-05-15T10:33:13.658049-05:00,1188922-20603156324,298000.0,PEN,Soles,2026-03-10T00:00:00-05:00
ocds-dgv273-seacev3-1195303,ocds-dgv273-seacev3-1195303-2026-05-15T10:33:12.163013-05:00,1195303-20539408543,299358.75,PEN,Soles,2026-03-11T00:00:00-05:00
ocds-dgv273-seacev3-1195303,ocds-dgv273-seacev3-1195303-2026-05-15T10:33:12.163013-05:00,1195303-20565650514,299358.75,PEN,Soles,2026-03-11T00:00:00-05:00
ocds-dgv273-seacev3-2026-1890-17,ocds-dgv273-seacev3-2026-1890-17-2026-05-15T10:33:09.769586-05:00,1188042-1772328,847920.0,PEN,Soles,2026-03-19T00:00:00-05:00
ocds-dgv273-seacev3-1187291,ocds-dgv273-seacev3-1187291-2026-05-15T10:33:09.517360-05:00,1187291-20569132381,146381.0,PEN,Soles,2026-02-19T00:00:00-05:00
ocds-dgv273-seacev3-1187737,ocds-dgv273-seacev3-1187737-2026-05-15T10:33:09.498213-05:00,1187737-20602096808,58000.0,PEN,Soles,2026-03-02T00:00:00-05:00
ocds-dgv273-seacev3-2026-1289-4,ocds-dgv273-seacev3-2026-1289-4-2026-05-15T10:33:00.687995-05:00,1190844-20539202929,493885.93,PEN,Soles,2026-03-06T00:00:00-05:00
ocds-dgv273-seacev3-1187592,ocds-dgv273-seacev3-1187592-2026-05-15T10:32:58.109639-05:00,1187592-1767514,1073150.75,PEN,Soles,2026-03-03T00:00:00-05:00
ocds-dgv273-seacev3-2026-1041-7,ocds-dgv273-seacev3-2026-1041-7-2026-05-15T10:32:58.093613-05:00,1186472-1768360,243000.0,PEN,Soles,2026-03-06T00:00:00-05:00
ocds-dgv273-seacev3-2026-1590-2,ocds-dgv273-seacev3-2026-1590-2-2026-05-15T10:32:58.015758-05:00,1186714-20525491910,293997.6,PEN,Soles,2026-02-25T00:00:00-05:00
ocds-dgv273-seacev3-1187087,ocds-dgv273-seacev3-1187087-2026-05-15T10:32:57.990170-05:00,1187087-1767443,208547.0,PEN,Soles,2026-02-27T00:00:00-05:00
ocds-dgv273-seacev3-2026-1041-2,ocds-dgv273-seacev3-2026-1041-2-2026-05-15T10:32:57.961693-05:00,1186395-10450134967,67000.0,PEN,Soles,2026-03-09T00:00:00-05:00
ocds-dgv273-seacev3-2026-688-4,ocds-dgv273-seacev3-2026-688-4-2026-05-14T10:36:47.988292-05:00,1191758-20480537425,1124995.0,PEN,Soles,2026-03-20T20:36:05-05:00
ocds-dgv273-seacev3-2026-813-51,ocds-dgv273-seacev3-2026-813-51-2026-05-14T10:36:46.334876-05:00,1191765-20604174989,56900.0,PEN,Soles,2026-03-10T00:00:00-05:00
ocds-dgv273-seacev3-1188772,ocds-dgv273-seacev3-1188772-2026-05-14T10:36:45.625424-05:00,1188772-20527637628,206400.0,PEN,Soles,2026-03-12T00:00:00-05:00
ocds-dgv273-seacev3-2026-10552-5,ocds-dgv273-seacev3-2026-10552-5-2026-05-14T10:36:44.948009-05:00,1186293-1776584,63812944.37,PEN,Soles,2026-04-06T00:00:00-05:00
ocds-dgv273-seacev3-1191384,ocds-dgv273-seacev3-1191384-2026-05-14T10:36:37.467869-05:00,1191384-20602630111,70556.73,PEN,Soles,2026-03-10T00:00:00-05:00
ocds-dgv273-seacev3-1191373,ocds-dgv273-seacev3-1191373-2026-05-14T10:36:37.101954-05:00,1191373-20602630111,73042.2,PEN,Soles,2026-03-10T00:00:00-05:00
ocds-dgv273-seacev3-1188666,ocds-dgv273-seacev3-1188666-2026-05-14T10:36:36.175188-05:00,1188666-1767930,294500.0,PEN,Soles,2026-03-16T00:00:00-05:00
ocds-dgv273-seacev3-1187826,ocds-dgv273-seacev3-1187826-2026-05-14T10:36:36.129144-05:00,1187826-20554354212,169000.0,PEN,Soles,2026-03-23T00:00:00-05:00
ocds-dgv273-seacev3-2026-1065-2,ocds-dgv273-seacev3-2026-1065-2-2026-05-14T10:36:26.185386-05:00,1191941-1773443,110972.97,PEN,Soles,2026-04-09T00:00:00-05:00
ocds-dgv273-seacev3-2026-535-2,ocds-dgv273-seacev3-2026-535-2-2026-05-14T10:36:25.960023-05:00,1184871-20494224748,86626.0,PEN,Soles,2026-03-03T00:00:00-05:00
ocds-dgv273-seacev3-1189946,ocds-dgv273-seacev3-1189946-2026-05-14T10:36:25.915600-05:00,1189946-20557926314,195990.0,PEN,Soles,2026-03-30T00:00:00-05:00
ocds-dgv273-seacev3-2026-1562-6,ocds-dgv273-seacev3-2026-1562-6-2026-05-14T10:36:25.284471-05:00,1187470-1770050,90000.0,PEN,Soles,2026-03-09T00:00:00-05:00
ocds-dgv273-seacev3-1188650,ocds-dgv273-seacev3-1188650-2026-05-14T10:36:25.250188-05:00,1188650-1768506,130000.0,PEN,Soles,2026-03-04T00:00:00-05:00
ocds-dgv273-seacev3-1188468,ocds-dgv273-seacev3-1188468-2026-05-14T10:36:25.198346-05:00,1188468-20609247933,258747.73,PEN,Soles,2026-03-17T00:00:00-05:00
ocds-dgv273-seacev3-1190369,ocds-dgv273-seacev3-1190369-2026-05-14T10:36:17.210775-05:00,1190369-10447320245,270000.0,PEN,Soles,2026-02-26T00:00:00-05:00
ocds-dgv273-seacev3-1191271,ocds-dgv273-seacev3-1191271-2026-05-14T10:36:17.174882-05:00,1191271-1777250,3037786.78,PEN,Soles,2026-04-16T00:00:00-05:00
ocds-dgv273-seacev3-2026-688-2,ocds-dgv273-seacev3-2026-688-2-2026-05-14T10:36:14.650419-05:00,1191903-10726358732,700161.0,PEN,Soles,2026-03-19T14:11:55-05:00
ocds-dgv273-seacev3-1186878,ocds-dgv273-seacev3-1186878-2026-05-14T10:36:13.939868-05:00,1186878-20467534026,534293.88,PEN,Soles,2026-02-10T00:00:00-05:00
ocds-dgv273-seacev3-1191548,ocds-dgv273-seacev3-1191548-2026-05-14T10:36:05.472395-05:00,1191548-1778024,1215000.0,PEN,Soles,2026-04-10T00:00:00-05:00
ocds-dgv273-seacev3-1191429,ocds-dgv273-seacev3-1191429-2026-05-14T10:36:04.048462-05:00,1191429-20490687271,39680.0,PEN,Soles,2026-03-30T00:00:00-05:00
ocds-dgv273-seacev3-2026-1962-1,ocds-dgv273-seacev3-2026-1962-1-2026-05-14T10:36:03.035152-05:00,1186969-20100210909,91908.42,PEN,Soles,2026-04-21T00:00:00-05:00
ocds-dgv273-seacev3-2026-1962-1,ocds-dgv273-seacev3-2026-1962-1-2026-05-14T10:36:03.035152-05:00,1186969-20418896915,114090.12,PEN,Soles,2026-04-21T00:00:00-05:00
ocds-dgv273-seacev3-1187715,ocds-dgv273-seacev3-1187715-2026-05-14T10:36:02.995095-05:00,1187715-1775493,831482.4,PEN,Soles,2026-04-09T00:00:00-05:00
ocds-dgv273-seacev3-1195215,ocds-dgv273-seacev3-1195215-2026-05-14T10:35:55.680694-05:00,1195215-20612138525,360703.98,PEN,Soles,2026-03-24T00:00:00-05:00
ocds-dgv273-seacev3-1192049,ocds-dgv273-seacev3-1192049-2026-05-14T10:35:55.530755-05:00,1192049-20100210909,25361.2,PEN,Soles,2026-04-17T00:00:00-05:00
ocds-dgv273-seacev3-1190356,ocds-dgv273-seacev3-1190356-2026-05-14T10:35:52.792191-05:00,1190356-20517698131,399000.0,PEN,Soles,2026-04-16T00:00:00-05:00
ocds-dgv273-seacev3-1191658,ocds-dgv273-seacev3-1191658-2026-05-14T10:35:52.377896-05:00,1191658-20182049086,1.0,PEN,Soles,2026-03-11T00:00:00-05:00
ocds-dgv273-seacev3-1191658,ocds-dgv273-seacev3-1191658-2026-05-14T10:35:52.377896-05:00,1191658-20603710950,81102.0,PEN,Soles,2026-04-14T00:00:00-05:00
ocds-dgv273-seacev3-2026-1982-1,ocds-dgv273-seacev3-2026-1982-1-2026-05-14T10:35:51.430100-05:00,1187935-20100041953,12126360.8,PEN,Soles,2026-04-09T00:00:00-05:00
ocds-dgv273-seacev3-2026-1852-27,ocds-dgv273-seacev3-2026-1852-27-2026-05-14T10:35:51.413486-05:00,1187328-20558691035,528119.1,PEN,Soles,2026-04-07T00:00:00-05:00
ocds-dgv273-seacev3-2026-1596-8,ocds-dgv273-seacev3-2026-1596-8-2026-05-14T10:35:42.667209-05:00,1191219-10030858943,194000.0,PEN,Soles,2026-03-09T00:00:00-05:00
ocds-dgv273-seacev3-1188752,ocds-dgv273-seacev3-1188752-2026-05-14T10:35:40.691882-05:00,1188752-20613500261,83219.0,PEN,Soles,2026-02-27T00:00:00-05:00
ocds-dgv273-seacev3-1186412,ocds-dgv273-seacev3-1186412-2026-05-14T10:35:39.506600-05:00,1186412-L5552918075,38986272.0,PEN,Soles,2026-02-04T00:00:00-05:00
ocds-dgv273-seacev3-1191377,ocds-dgv273-seacev3-1191377-2026-05-14T10:35:31.289583-05:00,1191377-20602630111,109291.72,PEN,Soles,2026-03-10T00:00:00-05:00
ocds-dgv273-seacev3-1191709,ocds-dgv273-seacev3-1191709-2026-05-14T10:35:30.313639-05:00,1191709-1778501,781920.0,PEN,Soles,2026-04-09T00:00:00-05:00
ocds-dgv273-seacev3-2026-1034-2,ocds-dgv273-seacev3-2026-1034-2-2026-05-14T10:35:28.375944-05:00,1186039-20534661411,407642.36,PEN,Soles,2026-03-10T00:00:00-05:00
ocds-dgv273-seacev3-1191706,ocds-dgv273-seacev3-1191706-2026-05-13T10:35:39.604731-05:00,1191706-1770760,74480.0,PEN,Soles,2026-03-16T00:00:00-05:00
ocds-dgv273-seacev3-1187355,ocds-dgv273-seacev3-1187355-2026-05-13T10:35:38.013668-05:00,1187355-1766681,331326.24,PEN,Soles,2026-02-23T00:00:00-05:00
ocds-dgv273-seacev3-1189775,ocds-dgv273-seacev3-1189775-2026-05-13T10:35:31.208521-05:00,1189775-20601033764,171100.0,PEN,Soles,2026-04-16T00:00:00-05:00
ocds-dgv273-seacev3-1188585,ocds-dgv273-seacev3-1188585-2026-05-13T10:35:31.120870-05:00,1188585-20519286794,125000.0,PEN,Soles,2026-04-01T00:00:00-05:00
ocds-dgv273-seacev3-1206550,ocds-dgv273-seacev3-1206550-2026-05-13T10:35:29.055550-05:00,1206550-1781804,424905.91,PEN,Soles,2026-04-20T00:00:00-05:00
ocds-dgv273-seacev3-2026-1628-1,ocds-dgv273-seacev3-2026-1628-1-2026-05-13T10:35:27.392157-05:00,1187651-20396543185,424000.0,PEN,Soles,2026-04-08T00:00:00-05:00
ocds-dgv273-seacev3-1188106,ocds-dgv273-seacev3-1188106-2026-05-13T10:35:27.297103-05:00,1188106-1768321,521280.34,PEN,Soles,2026-03-03T00:00:00-05:00
ocds-dgv273-seacev3-1188145,ocds-dgv273-seacev3-1188145-2026-05-13T10:35:27.281408-05:00,1188145-20503650186,450000.0,PEN,Soles,2026-03-30T00:00:00-05:00
ocds-dgv273-seacev3-2026-1926-7,ocds-dgv273-seacev3-2026-1926-7-2026-05-13T10:35:19.978722-05:00,1189136-20522333132,67341.63,PEN,Soles,2026-03-12T00:00:00-05:00
ocds-dgv273-seacev3-2026-200382-1,ocds-dgv273-seacev3-2026-200382-1-2026-05-13T10:35:16.986183-05:00,1186827-20533945075,129000.0,PEN,Soles,2026-02-18T00:00:00-05:00
ocds-dgv273-seacev3-1188493,ocds-dgv273-seacev3-1188493-2026-05-13T10:35:08.585407-05:00,1188493-10425172889,211200.0,PEN,Soles,2026-03-03T00:00:00-05:00
ocds-dgv273-seacev3-1190498,ocds-dgv273-seacev3-1190498-2026-05-13T10:35:08.379819-05:00,1190498-20601607761,297000.0,PEN,Soles,2026-03-30T00:00:00-05:00
ocds-dgv273-seacev3-2026-200260-6,ocds-dgv273-seacev3-2026-200260-6-2026-05-13T10:35:07.878380-05:00,1191792-20490929119,102915.21,PEN,Soles,2026-03-19T00:00:00-05:00
ocds-dgv273-seacev3-1193467,ocds-dgv273-seacev3-1193467-2026-05-13T10:35:05.444923-05:00,1193467-20525491677,11266781.95,PEN,Soles,2026-04-13T00:00:00-05:00
ocds-dgv273-seacev3-1190091,ocds-dgv273-seacev3-1190091-2026-05-13T10:34:57.119412-05:00,1190091-1775485,780000.0,PEN,Soles,2026-04-08T00:00:00-05:00
ocds-dgv273-seacev3-2026-200395-3,ocds-dgv273-seacev3-2026-200395-3-2026-05-13T10:34:55.659548-05:00,1191079-20450131891,568800.0,PEN,Soles,2026-03-10T00:00:00-05:00
ocds-dgv273-seacev3-1213156,ocds-dgv273-seacev3-1213156-2026-05-13T10:34:48.607128-05:00,1213156-10013440587,138269.85,PEN,Nuevos Soles,2026-05-11T00:00:00-05:00
ocds-dgv273-seacev3-2026-200139-2,ocds-dgv273-seacev3-2026-200139-2-2026-05-13T10:34:45.459491-05:00,1191664-20100148162,272996.45,PEN,Soles,2026-04-14T00:00:00-05:00
ocds-dgv273-seacev3-1189103,ocds-dgv273-seacev3-1189103-2026-05-13T10:34:43.988820-05:00,1189103-1769577,386856.77,PEN,Soles,2026-03-25T00:00:00-05:00
ocds-dgv273-seacev3-2026-10489-2,ocds-dgv273-seacev3-2026-10489-2-2026-05-13T10:34:43.735501-05:00,1191889-20608287958,328171.5,PEN,Soles,2026-03-16T00:00:00-05:00
ocds-dgv273-seacev3-2026-80812-17,ocds-dgv273-seacev3-2026-80812-17-2026-05-13T10:34:33.977047-05:00,1189806-20614004763,376892.8,PEN,Soles,2026-03-10T00:00:00-05:00
ocds-dgv273-seacev3-2026-80812-17,ocds-dgv273-seacev3-2026-80812-17-2026-05-13T10:34:33.977047-05:00,1189806-20611715651,431393.8,PEN,Soles,2026-04-20T00:00:00-05:00
ocds-dgv273-seacev3-2026-10427-6,ocds-dgv273-seacev3-2026-10427-6-2026-05-13T10:34:33.815283-05:00,1190510-1771277,307060.0,PEN,Soles,2026-03-19T00:00:00-05:00
ocds-dgv273-seacev3-2026-1155-42,ocds-dgv273-seacev3-2026-1155-42-2026-05-13T10:34:32.728327-05:00,1189338-20541393651,55800.0,PEN,Soles,2026-03-04T00:00:00-05:00
ocds-dgv273-seacev3-1189160,ocds-dgv273-seacev3-1189160-2026-05-10T21:37:55.719169-05:00,1189160-20604968772,62556.0,PEN,Soles,2026-02-27T14:54:37-05:00
ocds-dgv273-seacev3-1189686,ocds-dgv273-seacev3-1189686-2026-05-10T21:37:55.020237-05:00,1189686-20542609380,173000.0,PEN,Soles,2026-03-23T00:00:00-05:00
ocds-dgv273-seacev3-1189686,ocds-dgv273-seacev3-1189686-2026-05-10T21:37:55.020237-05:00,1189686-20609495627,175798.5,PEN,Soles,2026-04-15T00:00:00-05:00
ocds-dgv273-seacev3-1191617,ocds-dgv273-seacev3-1191617-2026-05-10T21:37:54.142112-05:00,1191617-1776397,1463278.62,PEN,Soles,2026-04-07T00:00:00-05:00
ocds-dgv273-seacev3-1190198,ocds-dgv273-seacev3-1190198-2026-05-10T21:37:53.620356-05:00,1190198-20604482276,87676.5,PEN,Soles,2026-03-16T00:00:00-05:00
ocds-dgv273-seacev3-2026-953-1,ocds-dgv273-seacev3-2026-953-1-2026-05-10T21:37:52.262610-05:00,1187054-1774282,258000.0,PEN,Soles,2026-03-27T00:00:00-05:00
ocds-dgv273-seacev3-2026-953-1,ocds-dgv273-seacev3-2026-953-1-2026-05-10T21:37:52.262610-05:00,1187054-20611902329,221880.0,PEN,Soles,2026-03-27T00:00:00-05:00
ocds-dgv273-seacev3-2026-200130-8,ocds-dgv273-seacev3-2026-200130-8-2026-05-10T21:37:52.034175-05:00,1187413-20608190989,140000.0,PEN,Soles,2026-02-20T00:00:00-05:00
ocds-dgv273-seacev3-2026-200130-7,ocds-dgv273-seacev3-2026-200130-7-2026-05-10T21:37:52.017234-05:00,1187209-20552399081,188050.0,PEN,Soles,2026-02-24T00:00:00-05:00
ocds-dgv273-seacev3-1190770,ocds-dgv273-seacev3-1190770-2026-05-10T21:37:46.237432-05:00,1190770-10734362919,61804.0,PEN,Soles,2026-03-05T00:00:00-05:00
ocds-dgv273-seacev3-2026-10153-26,ocds-dgv273-seacev3-2026-10153-26-2026-05-10T21:37:45.865943-05:00,1191453-10441088201,287400.0,PEN,Soles,2026-03-10T00:00:00-05:00
ocds-dgv273-seacev3-1203034,ocds-dgv273-seacev3-1203034-2026-05-10T21:37:45.219568-05:00,1203034-1778341,97258.44,PEN,Soles,2026-04-06T00:00:00-05:00
ocds-dgv273-seacev3-2026-403-3,ocds-dgv273-seacev3-2026-403-3-2026-05-10T21:37:43.231085-05:00,1191281-20539408543,1032844.14,PEN,Soles,2026-03-31T00:00:00-05:00
ocds-dgv273-seacev3-1188908,ocds-dgv273-seacev3-1188908-2026-05-10T21:37:42.127474-05:00,1188908-10000026137,432000.0,PEN,Soles,2026-02-25T00:00:00-05:00
ocds-dgv273-seacev3-2026-49-25,ocds-dgv273-seacev3-2026-49-25-2026-05-10T21:37:42.119301-05:00,1186441-20511037001,1567822.62,PEN,Soles,2026-02-24T00:00:00-05:00
ocds-dgv273-seacev3-2026-200130-21,ocds-dgv273-seacev3-2026-200130-21-2026-05-10T21:37:42.011818-05:00,1186694-20602556990,199980.52,PEN,Soles,2026-02-18T00:00:00-05:00
ocds-dgv273-seacev3-1195230,ocds-dgv273-seacev3-1195230-2026-05-10T21:37:34.937096-05:00,1195230-1772284,1115815.86,PEN,Soles,2026-03-20T00:00:00-05:00
ocds-dgv273-seacev3-2026-1031-5,ocds-dgv273-seacev3-2026-1031-5-2026-05-10T21:37:34.841667-05:00,1189290-1770073,182930.0,PEN,Soles,2026-03-31T00:00:00-05:00
ocds-dgv273-seacev3-2026-1065-1,ocds-dgv273-seacev3-2026-1065-1-2026-05-10T21:37:34.186580-05:00,1191641-20534661411,1301534.7,PEN,Soles,2026-04-09T00:00:00-05:00
ocds-dgv273-seacev3-1187932,ocds-dgv273-seacev3-1187932-2026-05-10T21:37:30.661597-05:00,1187932-1772699,15269857.94,PEN,Soles,2026-03-23T00:00:00-05:00
ocds-dgv273-seacev3-1191863,ocds-dgv273-seacev3-1191863-2026-05-10T21:37:24.435552-05:00,1191863-20600264657,540000.0,PEN,Soles,2026-03-24T00:00:00-05:00
ocds-dgv273-seacev3-2026-1320-19,ocds-dgv273-seacev3-2026-1320-19-2026-05-10T21:37:23.686275-05:00,1192070-1776056,74610.0,PEN,Soles,2026-04-16T00:00:00-05:00
ocds-dgv273-seacev3-2026-1320-15,ocds-dgv273-seacev3-2026-1320-15-2026-05-10T21:37:23.611979-05:00,1192012-1773586,89631.0,PEN,Soles,2026-03-31T00:00:00-05:00
ocds-dgv273-seacev3-1189351,ocds-dgv273-seacev3-1189351-2026-05-10T21:37:23.597865-05:00,1189351-20610037721,48160.0,PEN,Soles,2026-02-24T00:00:00-05:00
ocds-dgv273-seacev3-1190760,ocds-dgv273-seacev3-1190760-2026-05-10T21:37:23.391906-05:00,1190760-20399019355,3729641.05,PEN,Soles,2026-03-24T00:00:00-05:00
ocds-dgv273-seacev3-1190132,ocds-dgv273-seacev3-1190132-2026-05-10T21:37:22.703306-05:00,1190132-20552452314,139780.0,PEN,Soles,2026-03-12T00:00:00-05:00
ocds-dgv273-seacev3-1190132,ocds-dgv273-seacev3-1190132-2026-05-10T21:37:22.703306-05:00,1190132-20603645007,150000.0,PEN,Soles,2026-04-16T00:00:00-05:00
ocds-dgv273-seacev3-2026-200502-1,ocds-dgv273-seacev3-2026-200502-1-2026-05-10T21:37:21.529630-05:00,1188509-20538996921,669990.24,PEN,Soles,2026-03-20T00:00:00-05:00
ocds-dgv273-seacev3-1198142,ocds-dgv273-seacev3-1198142-2026-05-10T21:37:21.513857-05:00,1198142-20601021642,229008.5,PEN,Soles,2026-04-01T00:00:00-05:00
ocds-dgv273-seacev3-1203427,ocds-dgv273-seacev3-1203427-2026-05-10T21:37:20.668494-05:00,1203427-1780313,2651705.39,PEN,Soles,2026-04-14T00:00:00-05:00
ocds-dgv273-seacev3-2026-200130-15,ocds-dgv273-seacev3-2026-200130-15-2026-05-10T21:37:20.155887-05:00,1188039-20601007682,265000.0,PEN,Soles,2026-03-04T00:00:00-05:00
ocds-dgv273-seacev3-1185862,ocds-dgv273-seacev3-1185862-2026-05-10T21:37:20.052984-05:00,1185862-20486760819,143314.56,PEN,Soles,2026-04-09T00:00:00-05:00
ocds-dgv273-seacev3-1187880,ocds-dgv273-seacev3-1187880-2026-05-10T21:37:20.004411-05:00,1187880-1771454,3976623.81,PEN,Soles,2026-04-08T00:00:00-05:00
ocds-dgv273-seacev3-2026-200130-18,ocds-dgv273-seacev3-2026-200130-18-2026-05-10T21:37:19.980138-05:00,1186342-20612296163,193500.0,PEN,Soles,2026-02-17T00:00:00-05:00
ocds-dgv273-seacev3-2026-251427-25,ocds-dgv273-seacev3-2026-251427-25-2026-05-10T21:37:19.806685-05:00,1187682-20601519489,57990.0,PEN,Soles,2026-03-04T00:00:00-05:00
ocds-dgv273-seacev3-1186692,ocds-dgv273-seacev3-1186692-2026-05-10T21:37:19.666898-05:00,1186692-1771336,769531.91,PEN,Soles,2026-03-27T00:00:00-05:00
ocds-dgv273-seacev3-1185550,ocds-dgv273-seacev3-1185550-2026-05-10T21:37:19.640311-05:00,1185550-1769055,360594.36,PEN,Soles,2026-03-24T00:00:00-05:00
ocds-dgv273-seacev3-1192073,ocds-dgv273-seacev3-1192073-2026-05-10T21:37:14.641183-05:00,1192073-1773531,99704.29,PEN,Soles,2026-03-26T00:00:00-05:00
ocds-dgv273-seacev3-2026-2006-5,ocds-dgv273-seacev3-2026-2006-5-2026-05-10T21:37:14.625486-05:00,1186955-20130471464,793464.0,PEN,Soles,2026-04-06T00:00:00-05:00
ocds-dgv273-seacev3-1190893,ocds-dgv273-seacev3-1190893-2026-05-10T21:37:13.406428-05:00,1190893-20603660944,153900.0,PEN,Soles,2026-03-24T17:46:55-05:00
ocds-dgv273-seacev3-1189014,ocds-dgv273-seacev3-1189014-2026-05-10T21:37:09.937196-05:00,1189014-1767783,162118.53,PEN,Soles,2026-04-09T00:00:00-05:00
ocds-dgv273-seacev3-1187923,ocds-dgv273-seacev3-1187923-2026-05-10T21:37:09.484738-05:00,1187923-20498283226,2414773.87,PEN,Soles,2026-03-26T00:00:00-05:00
ocds-dgv273-seacev3-2026-10153-25,ocds-dgv273-seacev3-2026-10153-25-2026-05-10T21:37:02.827417-05:00,1191415-10441088201,352548.0,PEN,Soles,2026-03-10T00:00:00-05:00
ocds-dgv273-seacev3-1187860,ocds-dgv273-seacev3-1187860-2026-05-10T21:36:59.146400-05:00,1187860-1767958,547165.0,PEN,Soles,2026-02-26T00:00:00-05:00
ocds-dgv273-seacev3-2026-32-4,ocds-dgv273-seacev3-2026-32-4-2026-05-10T21:36:51.768218-05:00,1191892-10164875429,353391.73,PEN,Soles,2026-03-31T00:00:00-05:00
ocds-dgv273-seacev3-1191793,ocds-dgv273-seacev3-1191793-2026-05-10T21:36:50.260180-05:00,1191793-20613901478,60957.0,PEN,Soles,2026-03-05T00:00:00-05:00
ocds-dgv273-seacev3-1191793,ocds-dgv273-seacev3-1191793-2026-05-10T21:36:50.260180-05:00,1191793-20613851241,61167.0,PEN,Soles,2026-04-17T00:00:00-05:00
ocds-dgv273-seacev3-1189182,ocds-dgv273-seacev3-1189182-2026-05-10T21:36:50.181917-05:00,1189182-1770687,89562.0,PEN,Soles,2026-03-18T00:00:00-05:00
ocds-dgv273-seacev3-1189641,ocds-dgv273-seacev3-1189641-2026-05-08T10:37:56.387418-05:00,1189641-20607151831,531000.0,PEN,Soles,2026-03-02T00:00:00-05:00
ocds-dgv273-seacev3-2026-10249-115,ocds-dgv273-seacev3-2026-10249-115-2026-05-08T10:37:53.120821-05:00,1191871-10094564731,270000.0,PEN,Soles,2026-04-10T00:00:00-05:00
ocds-dgv273-seacev3-2026-1334-1,ocds-dgv273-seacev3-2026-1334-1-2026-05-08T10:37:51.528222-05:00,1191404-20536510622,1967677.36,PEN,Soles,2026-03-18T00:00:00-05:00
ocds-dgv273-seacev3-2026-1039-4,ocds-dgv273-seacev3-2026-1039-4-2026-05-08T10:37:51.171293-05:00,1189580-1769722,294111.31,PEN,Soles,2026-03-31T00:00:00-05:00
ocds-dgv273-seacev3-1188931,ocds-dgv273-seacev3-1188931-2026-05-08T10:37:50.445448-05:00,1188931-1773341,3380000.0,PEN,Soles,2026-03-23T00:00:00-05:00
ocds-dgv273-seacev3-1191923,ocds-dgv273-seacev3-1191923-2026-05-08T10:37:43.661443-05:00,1191923-20504684025,59750.0,PEN,Soles,2026-04-21T00:00:00-05:00
ocds-dgv273-seacev3-1187915,ocds-dgv273-seacev3-1187915-2026-05-08T10:37:40.362642-05:00,1187915-20511037001,760095.0,PEN,Soles,2026-02-20T00:00:00-05:00
ocds-dgv273-seacev3-1187915,ocds-dgv273-seacev3-1187915-2026-05-08T10:37:40.362642-05:00,1187915-20412214618,777195.0,PEN,Soles,2026-03-20T00:00:00-05:00
ocds-dgv273-seacev3-2026-227-2,ocds-dgv273-seacev3-2026-227-2-2026-05-08T10:37:40.143105-05:00,1187335-1767546,116416.0,PEN,Soles,2026-03-09T00:00:00-05:00
ocds-dgv273-seacev3-2026-227-2,ocds-dgv273-seacev3-2026-227-2-2026-05-08T10:37:40.143105-05:00,1187335-1767547,180608.0,PEN,Soles,2026-03-09T00:00:00-05:00
ocds-dgv273-seacev3-2026-343-1,ocds-dgv273-seacev3-2026-343-1-2026-05-08T10:37:40.121447-05:00,1187091-20613754793,17.0,PEN,Soles,2026-02-19T00:00:00-05:00
ocds-dgv273-seacev3-2026-343-1,ocds-dgv273-seacev3-2026-343-1-2026-05-08T10:37:40.121447-05:00,1187091-20450636747,596310.0,PEN,Soles,2026-02-19T00:00:00-05:00
ocds-dgv273-seacev3-2026-275-10,ocds-dgv273-seacev3-2026-275-10-2026-05-08T10:37:33.177668-05:00,1189224-1768350,369871.95,PEN,Soles,2026-03-02T00:00:00-05:00
ocds-dgv273-seacev3-1191359,ocds-dgv273-seacev3-1191359-2026-05-08T10:37:32.969635-05:00,1191359-20607424773,1808942.92,PEN,Soles,2026-03-27T00:00:00-05:00
ocds-dgv273-seacev3-1189323,ocds-dgv273-seacev3-1189323-2026-05-08T10:37:32.126095-05:00,1189323-1776270,492850.0,PEN,Soles,2026-03-31T00:00:00-05:00
ocds-dgv273-seacev3-2026-1203-1,ocds-dgv273-seacev3-2026-1203-1-2026-05-08T10:37:30.239193-05:00,1187387-20610797220,140000.0,PEN,Soles,2026-03-17T00:00:00-05:00
ocds-dgv273-seacev3-2026-1731-33,ocds-dgv273-seacev3-2026-1731-33-2026-05-08T10:37:29.636586-05:00,1190039-20601844975,77705.61,PEN,Soles,2026-03-30T00:00:00-05:00
ocds-dgv273-seacev3-2026-200018-17,ocds-dgv273-seacev3-2026-200018-17-2026-05-08T10:37:29.359564-05:00,1190282-20601726191,82200.0,PEN,Soles,2026-03-25T00:00:00-05:00
ocds-dgv273-seacev3-2026-270-34,ocds-dgv273-seacev3-2026-270-34-2026-05-08T10:37:28.738205-05:00,1188173-1772625,701700.0,PEN,Soles,2026-03-20T00:00:00-05:00
ocds-dgv273-seacev3-1186650,ocds-dgv273-seacev3-1186650-2026-05-08T10:37:28.721028-05:00,1186650-1766100,63127.56,PEN,Soles,2026-02-18T00:00:00-05:00
ocds-dgv273-seacev3-1207892,ocds-dgv273-seacev3-1207892-2026-05-08T10:37:12.094254-05:00,1207892-20602951830,1359426.58,PEN,Soles,2026-04-22T00:00:00-05:00
ocds-dgv273-seacev3-2026-20002-13,ocds-dgv273-seacev3-2026-20002-13-2026-05-08T10:37:11.846614-05:00,1190143-20377339461,68700.0,PEN,Soles,2026-04-13T00:00:00-05:00
ocds-dgv273-seacev3-1189250,ocds-dgv273-seacev3-1189250-2026-05-08T10:37:11.442969-05:00,1189250-1770267,54470.57,PEN,Soles,2026-03-11T00:00:00-05:00
ocds-dgv273-seacev3-1204186,ocds-dgv273-seacev3-1204186-2026-05-08T10:37:08.881306-05:00,1204186-20501518914,7499300.0,PEN,Soles,2026-04-09T00:00:00-05:00
ocds-dgv273-seacev3-1188565,ocds-dgv273-seacev3-1188565-2026-05-08T10:37:07.113963-05:00,1188565-1767914,337557.53,PEN,Soles,2026-03-05T00:00:00-05:00
ocds-dgv273-seacev3-1191465,ocds-dgv273-seacev3-1191465-2026-05-08T10:37:01.071633-05:00,1191465-20527590648,183264.0,PEN,Soles,2026-03-17T00:00:00-05:00
ocds-dgv273-seacev3-2026-505-10,ocds-dgv273-seacev3-2026-505-10-2026-05-08T10:36:58.533057-05:00,1191134-20605685138,89900.0,PEN,Soles,2026-03-24T00:00:00-05:00
ocds-dgv273-seacev3-1198149,ocds-dgv273-seacev3-1198149-2026-05-08T10:36:58.037832-05:00,1198149-1777666,1072041.3,PEN,Soles,2026-04-10T00:00:00-05:00
ocds-dgv273-seacev3-2026-10585-1,ocds-dgv273-seacev3-2026-10585-1-2026-05-08T10:36:57.050789-05:00,1188720-20607880272,35000.0,PEN,Soles,2026-03-02T00:00:00-05:00
ocds-dgv273-seacev3-1187126,ocds-dgv273-seacev3-1187126-2026-05-08T10:36:56.731495-05:00,1187126-1768938,40197726.54,PEN,Soles,2026-03-24T00:00:00-05:00
ocds-dgv273-seacev3-1188990,ocds-dgv273-seacev3-1188990-2026-05-08T10:36:49.779660-05:00,1188990-20601126916,378000.0,PEN,Soles,2026-03-19T00:00:00-05:00
ocds-dgv273-seacev3-2026-168715-1,ocds-dgv273-seacev3-2026-168715-1-2026-05-08T10:36:49.615970-05:00,1190300-20600900855,185000.0,PEN,Soles,2026-03-27T00:00:00-05:00
ocds-dgv273-seacev3-1189729,ocds-dgv273-seacev3-1189729-2026-05-08T10:36:49.592243-05:00,1189729-20606558440,1326781.5,PEN,Soles,2026-03-30T00:00:00-05:00
ocds-dgv273-seacev3-2026-200424-3,ocds-dgv273-seacev3-2026-200424-3-2026-05-08T10:36:48.046608-05:00,1191726-20557219987,3455937.0,PEN,Soles,2026-04-09T00:00:00-05:00
ocds-dgv273-seacev3-1190973,ocds-dgv273-seacev3-1190973-2026-05-08T10:36:47.156049-05:00,1190973-20602691617,483800.0,PEN,Soles,2026-04-06T00:00:00-05:00
ocds-dgv273-seacev3-2026-397-19,ocds-dgv273-seacev3-2026-397-19-2026-05-08T10:36:45.414342-05:00,1188915-20553061921,307900.0,PEN,Soles,2026-03-16T00:00:00-05:00
ocds-dgv273-seacev3-1187302,ocds-dgv273-seacev3-1187302-2026-05-08T10:36:45.136475-05:00,1187302-20601787963,103368.0,PEN,Soles,2026-02-19T18:54:22-05:00
ocds-dgv273-seacev3-1190684,ocds-dgv273-seacev3-1190684-2026-05-07T10:36:29.235303-05:00,1190684-1772954,455217.64,PEN,Soles,2026-03-20T00:00:00-05:00
ocds-dgv273-seacev3-1186251,ocds-dgv273-seacev3-1186251-2026-05-07T10:36:25.342014-05:00,1186251-20519753830,143800.0,PEN,Soles,2026-04-16T00:00:00-05:00
ocds-dgv273-seacev3-1208959,ocds-dgv273-seacev3-1208959-2026-05-07T10:36:21.753937-05:00,1208959-20345367757,1494619.98,USD,Dólar Norteamericano,2026-05-05T00:00:00-05:00
ocds-dgv273-seacev3-1190671,ocds-dgv273-seacev3-1190671-2026-05-07T10:36:19.148346-05:00,1190671-20451375548,6266955.0,PEN,Soles,2026-04-09T00:00:00-05:00
ocds-dgv273-seacev3-1192007,ocds-dgv273-seacev3-1192007-2026-05-07T10:36:18.369277-05:00,1192007-1773894,248567.0,PEN,Soles,2026-03-31T00:00:00-05:00
ocds-dgv273-seacev3-1191047,ocds-dgv273-seacev3-1191047-2026-05-07T10:36:18.351094-05:00,1191047-1769793,299854.92,PEN,Soles,2026-03-11T00:00:00-05:00
ocds-dgv273-seacev3-1187561,ocds-dgv273-seacev3-1187561-2026-05-07T10:36:17.105737-05:00,1187561-1767456,157579.56,PEN,Soles,2026-03-25T00:00:00-05:00
ocds-dgv273-seacev3-1189162,ocds-dgv273-seacev3-1189162-2026-05-07T10:36:16.409914-05:00,1189162-20490893254,615000.0,PEN,Soles,2026-04-08T00:00:00-05:00
ocds-dgv273-seacev3-1205869,ocds-dgv273-seacev3-1205869-2026-05-07T10:36:15.426754-05:00,1205869-10098517150,55466.64,PEN,Soles,2026-04-17T00:00:00-05:00
ocds-dgv273-seacev3-1186352,ocds-dgv273-seacev3-1186352-2026-05-07T10:36:15.003139-05:00,1186352-1766521,185389.48,PEN,Soles,2026-03-27T00:00:00-05:00
ocds-dgv273-seacev3-2026-685-2,ocds-dgv273-seacev3-2026-685-2-2026-05-07T10:36:07.408682-05:00,1189636-20602664164,933787.54,PEN,Soles,2026-03-24T00:00:00-05:00
ocds-dgv273-seacev3-1188929,ocds-dgv273-seacev3-1188929-2026-05-07T10:36:06.968500-05:00,1188929-1771565,1745634.43,PEN,Soles,2026-03-16T00:00:00-05:00
ocds-dgv273-seacev3-2026-1719-8,ocds-dgv273-seacev3-2026-1719-8-2026-05-07T10:36:04.608315-05:00,1187432-20406501133,134460.0,PEN,Soles,2026-03-02T00:00:00-05:00
ocds-dgv273-seacev3-1188043,ocds-dgv273-seacev3-1188043-2026-05-07T10:36:03.499151-05:00,1188043-10255555648,1060000.0,PEN,Soles,2026-03-04T00:00:00-05:00
ocds-dgv273-seacev3-1188043,ocds-dgv273-seacev3-1188043-2026-05-07T10:36:03.499151-05:00,1188043-20609876361,1121383.8,PEN,Soles,2026-04-01T00:00:00-05:00
ocds-dgv273-seacev3-1210668,ocds-dgv273-seacev3-1210668-2026-05-07T10:35:58.515862-05:00,1210668-20562696491,2360.0,PEN,Nuevos Soles,2026-04-30T00:00:00-05:00
ocds-dgv273-seacev3-2026-822-18,ocds-dgv273-seacev3-2026-822-18-2026-05-07T10:35:56.889557-05:00,1189282-1768444,237783.6,PEN,Soles,2026-03-16T00:00:00-05:00
ocds-dgv273-seacev3-1189969,ocds-dgv273-seacev3-1189969-2026-05-07T10:35:56.781890-05:00,1189969-1773831,248047.8,PEN,Soles,2026-03-27T00:00:00-05:00
ocds-dgv273-seacev3-1190430,ocds-dgv273-seacev3-1190430-2026-05-07T10:35:55.571556-05:00,1190430-1769930,361356.65,PEN,Soles,2026-03-13T00:00:00-05:00
ocds-dgv273-seacev3-1188095,ocds-dgv273-seacev3-1188095-2026-05-07T10:35:55.209801-05:00,1188095-1775588,10165369.82,PEN,Soles,2026-04-06T00:00:00-05:00
ocds-dgv273-seacev3-1191916,ocds-dgv273-seacev3-1191916-2026-05-07T10:35:54.146951-05:00,1191916-20570822323,185000.0,PEN,Soles,2026-03-11T00:00:00-05:00
ocds-dgv273-seacev3-1191638,ocds-dgv273-seacev3-1191638-2026-05-07T10:35:53.936480-05:00,1191638-20609884470,115860.0,PEN,Soles,2026-04-16T00:00:00-05:00
ocds-dgv273-seacev3-2026-1926-8,ocds-dgv273-seacev3-2026-1926-8-2026-05-07T10:35:51.716307-05:00,1186507-20106696269,146500.0,PEN,Soles,2026-02-24T00:00:00-05:00
ocds-dgv273-seacev3-1189329,ocds-dgv273-seacev3-1189329-2026-05-07T10:35:44.167071-05:00,1189329-20611418681,66000.0,PEN,Soles,2026-03-02T00:00:00-05:00
ocds-dgv273-seacev3-1189734,ocds-dgv273-seacev3-1189734-2026-05-07T10:35:42.096616-05:00,1189734-20532492051,97412.0,PEN,Soles,2026-03-02T22:07:54-05:00
ocds-dgv273-seacev3-1208453,ocds-dgv273-seacev3-1208453-2026-05-07T10:35:34.194692-05:00,1208453-10256623876,136810.0,PEN,Soles,2026-04-30T00:00:00-05:00
ocds-dgv273-seacev3-1208753,ocds-dgv273-seacev3-1208753-2026-05-07T10:35:31.061889-05:00,1208753-10072429767,24000.0,PEN,Nuevos Soles,2026-04-30T00:00:00-05:00
ocds-dgv273-seacev3-2026-10501-1,ocds-dgv273-seacev3-2026-10501-1-2026-05-07T10:35:30.759915-05:00,1189532-20603753641,117500.0,PEN,Soles,2026-03-10T00:00:00-05:00
ocds-dgv273-seacev3-2026-10501-1,ocds-dgv273-seacev3-2026-10501-1-2026-05-07T10:35:30.759915-05:00,1189532-20610671285,360007.80000000005,PEN,Soles,2026-03-10T00:00:00-05:00
ocds-dgv273-seacev3-2026-168-2,ocds-dgv273-seacev3-2026-168-2-2026-05-07T10:35:27.952952-05:00,1188804-1769557,4812936.0,PEN,Soles,2026-03-06T00:00:00-05:00
ocds-dgv273-seacev3-2026-1490-9,ocds-dgv273-seacev3-2026-1490-9-2026-05-07T10:35:21.086700-05:00,1191580-20604509646,322900.0,PEN,Soles,2026-03-19T00:00:00-05:00
ocds-dgv273-seacev3-1188933,ocds-dgv273-seacev3-1188933-2026-05-07T10:35:18.004939-05:00,1188933-1771559,2451779.23,PEN,Soles,2026-03-18T00:00:00-05:00
ocds-dgv273-seacev3-2026-2371-3,ocds-dgv273-seacev3-2026-2371-3-2026-05-07T10:35:17.815381-05:00,1190288-20572221408,970032.48,PEN,Soles,2026-03-31T00:00:00-05:00
ocds-dgv273-seacev3-2026-1490-8,ocds-dgv273-seacev3-2026-1490-8-2026-05-07T10:35:16.556152-05:00,1186024-20542273373,6400045.54,PEN,Soles,2026-03-12T00:00:00-05:00
ocds-dgv273-seacev3-2026-1080-4,ocds-dgv273-seacev3-2026-1080-4-2026-05-07T10:35:16.537641-05:00,1186512-1768267,344562.75,PEN,Soles,2026-03-18T00:00:00-05:00
ocds-dgv273-seacev3-1210484,ocds-dgv273-seacev3-1210484-2026-05-07T10:35:12.297308-05:00,1210484-20440341234,4300.0,PEN,Nuevos Soles,2026-04-30T00:00:00-05:00
ocds-dgv273-seacev3-2026-2543-695,ocds-dgv273-seacev3-2026-2543-695-2026-05-07T10:35:08.789281-05:00,1191746-20338570041,61750.0,PEN,Soles,2026-03-16T00:00:00-05:00
ocds-dgv273-seacev3-2026-2543-694,ocds-dgv273-seacev3-2026-2543-694-2026-05-07T10:35:04.278739-05:00,1190790-20338570041,52560.0,PEN,Soles,2026-03-13T00:00:00-05:00
ocds-dgv273-seacev3-1187236,ocds-dgv273-seacev3-1187236-2026-05-07T10:35:03.668445-05:00,1187236-20613481509,88800.0,PEN,Soles,2026-02-26T00:00:00-05:00
ocds-dgv273-seacev3-1187236,ocds-dgv273-seacev3-1187236-2026-05-07T10:35:03.668445-05:00,1187236-10402331611,89940.0,PEN,Soles,2026-03-25T00:00:00-05:00
ocds-dgv273-seacev3-1205486,ocds-dgv273-seacev3-1205486-2026-05-06T10:33:42.108209-05:00,1205486-10481970623,29033.3,PEN,Soles,2026-04-17T00:00:00-05:00
ocds-dgv273-seacev3-1189255,ocds-dgv273-seacev3-1189255-2026-05-06T10:33:37.674169-05:00,1189255-20529425351,54919.6,PEN,Soles,2026-03-25T00:00:00-05:00
ocds-dgv273-seacev3-2026-10049-25,ocds-dgv273-seacev3-2026-10049-25-2026-05-06T10:33:35.302595-05:00,1189990-10460252577,668800.0,PEN,Soles,2026-03-31T00:00:00-05:00
ocds-dgv273-seacev3-2026-1339-2,ocds-dgv273-seacev3-2026-1339-2-2026-05-06T10:33:34.031870-05:00,1187668-1771237,428474.88,PEN,Soles,2026-03-16T00:00:00-05:00
ocds-dgv273-seacev3-1188108,ocds-dgv273-seacev3-1188108-2026-05-06T10:33:33.148252-05:00,1188108-1770342,452412.0,PEN,Soles,2026-03-24T00:00:00-05:00
ocds-dgv273-seacev3-1188288,ocds-dgv273-seacev3-1188288-2026-05-06T10:33:32.988622-05:00,1188288-20606962071,68850.0,PEN,Soles,2026-04-14T00:00:00-05:00
ocds-dgv273-seacev3-1187766,ocds-dgv273-seacev3-1187766-2026-05-06T10:33:32.283221-05:00,1187766-20601618991,580000.0,PEN,Soles,2026-02-24T00:00:00-05:00
ocds-dgv273-seacev3-1191648,ocds-dgv273-seacev3-1191648-2026-05-06T10:33:26.578573-05:00,1191648-1770238,1509891.1,PEN,Soles,2026-03-18T00:00:00-05:00
ocds-dgv273-seacev3-1205383,ocds-dgv273-seacev3-1205383-2026-05-06T10:33:26.191372-05:00,1205383-10462873951,30116.73,PEN,Soles,2026-04-17T00:00:00-05:00
ocds-dgv273-seacev3-2026-1253-1,ocds-dgv273-seacev3-2026-1253-1-2026-05-06T10:33:25.738218-05:00,1190059-20610387544,245296.2,PEN,Soles,2026-03-09T00:00:00-05:00
ocds-dgv273-seacev3-2026-200198-3,ocds-dgv273-seacev3-2026-200198-3-2026-05-06T10:33:25.102395-05:00,1189574-20601961955,1590000.0,PEN,Soles,2026-03-26T00:00:00-05:00
ocds-dgv273-seacev3-1190650,ocds-dgv273-seacev3-1190650-2026-05-06T10:33:23.601536-05:00,1190650-1776276,11226069.74,PEN,Soles,2026-03-31T00:00:00-05:00
ocds-dgv273-seacev3-2026-67-1,ocds-dgv273-seacev3-2026-67-1-2026-05-06T10:33:22.187374-05:00,1187551-20350218689,158500.0,PEN,Soles,2026-02-20T00:00:00-05:00
ocds-dgv273-seacev3-2026-1786-1,ocds-dgv273-seacev3-2026-1786-1-2026-05-06T10:33:17.546274-05:00,1188271-20561211966,74999.0,PEN,Soles,2026-02-24T00:00:00-05:00
ocds-dgv273-seacev3-1187977,ocds-dgv273-seacev3-1187977-2026-05-06T10:33:17.314273-05:00,1187977-20452457726,1777367.65,PEN,Soles,2026-03-19T00:00:00-05:00
ocds-dgv273-seacev3-1192001,ocds-dgv273-seacev3-1192001-2026-05-06T10:33:15.197951-05:00,1192001-1771082,425615.4,PEN,Soles,2026-03-27T00:00:00-05:00
ocds-dgv273-seacev3-2026-422-22,ocds-dgv273-seacev3-2026-422-22-2026-05-06T10:33:12.641952-05:00,1186016-20539384261,46000.0,PEN,Soles,2026-02-17T18:39:37-05:00
ocds-dgv273-seacev3-1204556,ocds-dgv273-seacev3-1204556-2026-05-06T10:33:06.427815-05:00,1204556-10729731833,32500.0,PEN,Soles,2026-04-10T00:00:00-05:00
ocds-dgv273-seacev3-1189776,ocds-dgv273-seacev3-1189776-2026-05-06T10:33:05.936395-05:00,1189776-1769649,3301165.99,PEN,Soles,2026-03-06T00:00:00-05:00
ocds-dgv273-seacev3-2026-1515-4,ocds-dgv273-seacev3-2026-1515-4-2026-05-06T10:33:03.298513-05:00,1189235-1777682,8393594.93,PEN,Soles,2026-04-01T00:00:00-05:00
ocds-dgv273-seacev3-1188793,ocds-dgv273-seacev3-1188793-2026-05-06T10:33:02.204074-05:00,1188793-1770055,1552599.24,PEN,Soles,2026-03-10T00:00:00-05:00
ocds-dgv273-seacev3-2026-89261-1,ocds-dgv273-seacev3-2026-89261-1-2026-05-06T10:32:52.375959-05:00,1189917-20257351450,654022.08,PEN,Soles,2026-03-26T00:00:00-05:00
ocds-dgv273-seacev3-1188957,ocds-dgv273-seacev3-1188957-2026-05-06T10:32:49.779121-05:00,1188957-20609994992,53100.0,PEN,Soles,2026-03-04T00:00:00-05:00
ocds-dgv273-seacev3-1188957,ocds-dgv273-seacev3-1188957-2026-05-06T10:32:49.779121-05:00,1188957-20613384864,53454.0,PEN,Soles,2026-03-26T00:00:00-05:00
ocds-dgv273-seacev3-1191723,ocds-dgv273-seacev3-1191723-2026-05-06T10:32:42.872961-05:00,1191723-10282000763,261000.0,PEN,Soles,2026-03-02T00:00:00-05:00
ocds-dgv273-seacev3-1196286,ocds-dgv273-seacev3-1196286-2026-05-06T10:32:40.633468-05:00,1196286-20489986311,308000.0,PEN,Soles,2026-03-31T00:00:00-05:00
ocds-dgv273-seacev3-1191114,ocds-dgv273-seacev3-1191114-2026-05-06T10:32:30.426258-05:00,1191114-20600852346,148930.0,PEN,Soles,2026-03-09T22:20:00-05:00
ocds-dgv273-seacev3-1189746,ocds-dgv273-seacev3-1189746-2026-05-06T10:32:29.280550-05:00,1189746-20602965890,250000.0,PEN,Soles,2026-03-03T00:00:00-05:00
ocds-dgv273-seacev3-1189746,ocds-dgv273-seacev3-1189746-2026-05-06T10:32:29.280550-05:00,1189746-20563978091,280000.0,PEN,Soles,2026-03-20T00:00:00-05:00
ocds-dgv273-seacev3-1189746,ocds-dgv273-seacev3-1189746-2026-05-06T10:32:29.280550-05:00,1189746-20518759079,316674.29,PEN,Soles,2026-04-10T00:00:00-05:00
ocds-dgv273-seacev3-1186355,ocds-dgv273-seacev3-1186355-2026-05-06T10:32:28.993467-05:00,1186355-20479744964,580795.5,PEN,Soles,2026-03-04T00:00:00-05:00
ocds-dgv273-seacev3-1198570,ocds-dgv273-seacev3-1198570-2026-05-04T10:04:03.742382-05:00,1198570-1773664,529941.58,PEN,Soles,2026-03-23T00:00:00-05:00
ocds-dgv273-seacev3-1210961,ocds-dgv273-seacev3-1210961-2026-05-02T10:08:50.870536-05:00,1210961-10105296865,52500.0,PEN,Soles,2026-04-30T00:00:00-05:00
ocds-dgv273-seacev3-2026-10550-1,ocds-dgv273-seacev3-2026-10550-1-2026-05-02T10:08:50.461818-05:00,1191140-20612117617,132405.0,PEN,Soles,2026-03-20T00:00:00-05:00
ocds-dgv273-seacev3-1189578,ocds-dgv273-seacev3-1189578-2026-05-02T10:08:49.208913-05:00,1189578-20513848812,57268.43,PEN,Soles,2026-03-06T00:00:00-05:00
ocds-dgv273-seacev3-2026-10550-3,ocds-dgv273-seacev3-2026-10550-3-2026-05-02T10:08:48.090640-05:00,1191166-20612117617,142905.0,PEN,Soles,2026-03-20T00:00:00-05:00
ocds-dgv273-seacev3-1189491,ocds-dgv273-seacev3-1189491-2026-05-02T10:08:41.882387-05:00,1189491-20571297605,594000.0,PEN,Soles,2026-03-06T00:00:00-05:00
ocds-dgv273-seacev3-1189491,ocds-dgv273-seacev3-1189491-2026-05-02T10:08:41.882387-05:00,1189491-20601176107,595000.0,PEN,Soles,2026-04-09T00:00:00-05:00
ocds-dgv273-seacev3-1190859,ocds-dgv273-seacev3-1190859-2026-05-02T10:08:41.580425-05:00,1190859-1776001,549000.0,PEN,Soles,2026-04-06T00:00:00-05:00
ocds-dgv273-seacev3-1201108,ocds-dgv273-seacev3-1201108-2026-05-02T10:08:40.414961-05:00,1201108-1776548,451260.36,PEN,Soles,2026-03-27T00:00:00-05:00
ocds-dgv273-seacev3-2026-10248-63,ocds-dgv273-seacev3-2026-10248-63-2026-05-02T10:08:40.192333-05:00,1190811-20513305282,1511800.0,PEN,Soles,2026-04-08T00:00:00-05:00
ocds-dgv273-seacev3-1191772,ocds-dgv273-seacev3-1191772-2026-05-02T10:08:40.153914-05:00,1191772-10094826051,31032.0,PEN,Soles,2026-03-19T00:00:00-05:00
ocds-dgv273-seacev3-2026-1334-6,ocds-dgv273-seacev3-2026-1334-6-2026-05-02T10:08:39.922436-05:00,1188954-20293774308,469000.0,PEN,Soles,2026-04-01T00:00:00-05:00
ocds-dgv273-seacev3-2026-1227-17,ocds-dgv273-seacev3-2026-1227-17-2026-05-02T10:08:39.082558-05:00,1186401-1769856,22791029.7,PEN,Soles,2026-03-09T00:00:00-05:00
ocds-dgv273-seacev3-1192235,ocds-dgv273-seacev3-1192235-2026-05-02T10:08:33.344336-05:00,1192235-20527719942,381600.0,PEN,Soles,2026-04-08T00:00:00-05:00
ocds-dgv273-seacev3-2026-10561-22,ocds-dgv273-seacev3-2026-10561-22-2026-05-02T10:08:32.512104-05:00,1191935-20510070187,204000.0,PEN,Soles,2026-03-16T00:00:00-05:00
ocds-dgv273-seacev3-1191665,ocds-dgv273-seacev3-1191665-2026-05-02T10:08:28.491075-05:00,1191665-1771774,426000.0,PEN,Soles,2026-03-23T00:00:00-05:00
ocds-dgv273-seacev3-1188603,ocds-dgv273-seacev3-1188603-2026-05-02T10:08:27.893329-05:00,1188603-1772962,8151490.17,PEN,Soles,2026-03-26T00:00:00-05:00
ocds-dgv273-seacev3-1192020,ocds-dgv273-seacev3-1192020-2026-05-02T10:08:23.996963-05:00,1192020-20509860981,450500.0,PEN,Soles,2026-03-20T17:23:47-05:00
ocds-dgv273-seacev3-1190851,ocds-dgv273-seacev3-1190851-2026-05-02T10:08:23.190163-05:00,1190851-20604514607,95089.0,PEN,Soles,2026-03-06T00:00:00-05:00
ocds-dgv273-seacev3-1190839,ocds-dgv273-seacev3-1190839-2026-05-02T10:08:22.222975-05:00,1190839-10450152841,73260.0,PEN,Soles,2026-03-12T00:00:00-05:00
ocds-dgv273-seacev3-2026-1942-14,ocds-dgv273-seacev3-2026-1942-14-2026-05-02T10:08:21.657967-05:00,1192061-1772846,314773.45,PEN,Soles,2026-03-26T00:00:00-05:00
ocds-dgv273-seacev3-1190441,ocds-dgv273-seacev3-1190441-2026-05-02T10:08:19.619131-05:00,1190441-1768213,3921744.8,PEN,Soles,2026-03-02T00:00:00-05:00
ocds-dgv273-seacev3-2026-200302-4,ocds-dgv273-seacev3-2026-200302-4-2026-05-02T10:08:19.502698-05:00,1188983-10419751826,329947.5,PEN,Soles,2026-04-01T00:00:00-05:00
ocds-dgv273-seacev3-1187928,ocds-dgv273-seacev3-1187928-2026-05-02T10:08:19.485109-05:00,1187928-20100084172,175867.87,PEN,Soles,2026-04-07T00:00:00-05:00
ocds-dgv273-seacev3-1190008,ocds-dgv273-seacev3-1190008-2026-05-02T10:08:14.819791-05:00,1190008-20100010721,753119.06,PEN,Soles,2026-03-27T00:00:00-05:00
ocds-dgv273-seacev3-1202203,ocds-dgv273-seacev3-1202203-2026-05-02T10:08:14.226016-05:00,1202203-20469252541,1880000.0,PEN,Soles,2026-04-15T00:00:00-05:00
ocds-dgv273-seacev3-2026-714-1,ocds-dgv273-seacev3-2026-714-1-2026-05-02T10:08:13.398139-05:00,1191133-1771338,197157.47,PEN,Soles,2026-03-18T00:00:00-05:00
ocds-dgv273-seacev3-2026-20002-20,ocds-dgv273-seacev3-2026-20002-20-2026-05-02T10:08:13.169530-05:00,1190108-20382072023,471528.0,PEN,Soles,2026-03-17T00:00:00-05:00
ocds-dgv273-seacev3-1188158,ocds-dgv273-seacev3-1188158-2026-05-02T10:08:12.847170-05:00,1188158-1772194,490938.43,PEN,Soles,2026-03-18T00:00:00-05:00
ocds-dgv273-seacev3-2026-10550-2,ocds-dgv273-seacev3-2026-10550-2-2026-05-02T10:08:11.499636-05:00,1191157-20612117617,101920.0,PEN,Soles,2026-03-20T00:00:00-05:00
ocds-dgv273-seacev3-1186815,ocds-dgv273-seacev3-1186815-2026-05-02T10:08:09.553320-05:00,1186815-10238388371,141588.27,PEN,Soles,2026-04-07T00:00:00-05:00
ocds-dgv273-seacev3-1186393,ocds-dgv273-seacev3-1186393-2026-05-02T10:08:09.535688-05:00,1186393-20530306292,71139.0,PEN,Nuevos Soles,2026-02-18T00:00:00-05:00
ocds-dgv273-seacev3-1186393,ocds-dgv273-seacev3-1186393-2026-05-02T10:08:09.535688-05:00,1186393-20609721546,57700.0,PEN,Soles,2026-02-18T00:00:00-05:00
ocds-dgv273-seacev3-1187999,ocds-dgv273-seacev3-1187999-2026-05-02T10:08:09.445612-05:00,1187999-10729503083,91726.53,PEN,Soles,2026-03-30T00:00:00-05:00
ocds-dgv273-seacev3-1187396,ocds-dgv273-seacev3-1187396-2026-05-02T10:08:09.164002-05:00,1187396-1768865,997874.12,PEN,Soles,2026-03-10T00:00:00-05:00
ocds-dgv273-seacev3-2026-200514-1,ocds-dgv273-seacev3-2026-200514-1-2026-05-01T10:34:12.868639-05:00,1190066-20603698691,700800.0,PEN,Soles,2026-03-25T00:00:00-05:00
ocds-dgv273-seacev3-2026-374-94,ocds-dgv273-seacev3-2026-374-94-2026-05-01T10:34:12.830179-05:00,1191311-20611540800,174771.0,PEN,Soles,2026-03-26T00:00:00-05:00
ocds-dgv273-seacev3-2026-990-1,ocds-dgv273-seacev3-2026-990-1-2026-05-01T10:34:11.172335-05:00,1189748-20529016426,120931.2,PEN,Soles,2026-03-18T00:00:00-05:00
ocds-dgv273-seacev3-1190161,ocds-dgv273-seacev3-1190161-2026-05-01T10:34:08.277490-05:00,1190161-1769682,222636.15,PEN,Soles,2026-04-01T00:00:00-05:00
ocds-dgv273-seacev3-1189759,ocds-dgv273-seacev3-1189759-2026-05-01T10:34:07.692486-05:00,1189759-1767457,988227.89,PEN,Soles,2026-02-24T00:00:00-05:00
ocds-dgv273-seacev3-2026-505-8,ocds-dgv273-seacev3-2026-505-8-2026-05-01T10:34:07.239883-05:00,1187295-20600008812,758559.01,PEN,Soles,2026-03-30T00:00:00-05:00
ocds-dgv273-seacev3-1188672,ocds-dgv273-seacev3-1188672-2026-05-01T10:34:07.218383-05:00,1188672-1766822,1280912.88,PEN,Soles,2026-02-20T00:00:00-05:00
ocds-dgv273-seacev3-1191474,ocds-dgv273-seacev3-1191474-2026-05-01T10:33:59.277405-05:00,1191474-10425552614,95000.0,PEN,Soles,2026-04-07T00:00:00-05:00
ocds-dgv273-seacev3-2026-20003-3,ocds-dgv273-seacev3-2026-20003-3-2026-05-01T10:33:57.559411-05:00,1191158-20610589902,163250.0,PEN,Soles,2026-03-10T00:00:00-05:00
ocds-dgv273-seacev3-2026-200206-2,ocds-dgv273-seacev3-2026-200206-2-2026-05-01T10:33:56.288766-05:00,1187420-20609792591,723635.1,PEN,Soles,2026-03-13T00:00:00-05:00
ocds-dgv273-seacev3-1186558,ocds-dgv273-seacev3-1186558-2026-05-01T10:33:56.174868-05:00,1186558-20100210909,311841.85,PEN,Soles,2026-03-12T00:00:00-05:00
ocds-dgv273-seacev3-2026-231-1,ocds-dgv273-seacev3-2026-231-1-2026-05-01T10:33:56.071181-05:00,1186528-1766003,207514.1,PEN,Soles,2026-02-17T00:00:00-05:00
ocds-dgv273-seacev3-1189690,ocds-dgv273-seacev3-1189690-2026-05-01T10:33:38.571161-05:00,1189690-10471404263,90000.0,PEN,Soles,2026-03-04T00:00:00-05:00
ocds-dgv273-seacev3-1195228,ocds-dgv273-seacev3-1195228-2026-05-01T10:33:35.923568-05:00,1195228-20549017470,840000.0,PEN,Soles,2026-04-06T00:00:00-05:00
ocds-dgv273-seacev3-1189313,ocds-dgv273-seacev3-1189313-2026-05-01T10:33:34.267414-05:00,1189313-20605631062,44000.0,PEN,Soles,2026-02-27T00:00:00-05:00
ocds-dgv273-seacev3-1186571,ocds-dgv273-seacev3-1186571-2026-05-01T10:33:33.954959-05:00,1186571-20556389692,714000.0,PEN,Soles,2026-03-13T00:00:00-05:00
ocds-dgv273-seacev3-2026-49-105,ocds-dgv273-seacev3-2026-49-105-2026-05-01T10:33:16.450266-05:00,1190626-20542625741,106880.0,PEN,Soles,2026-03-26T00:00:00-05:00
ocds-dgv273-seacev3-2026-853-3,ocds-dgv273-seacev3-2026-853-3-2026-05-01T10:33:15.676565-05:00,1189526-20511037001,80278.0,PEN,Soles,2026-03-04T00:00:00-05:00
ocds-dgv273-seacev3-2026-853-3,ocds-dgv273-seacev3-2026-853-3-2026-05-01T10:33:15.676565-05:00,1189526-20412214618,80300.0,PEN,Soles,2026-03-04T00:00:00-05:00
ocds-dgv273-seacev3-1203891,ocds-dgv273-seacev3-1203891-2026-05-01T10:33:15.399076-05:00,1203891-20610059369,91699.44,PEN,Soles,2026-04-08T00:00:00-05:00
ocds-dgv273-seacev3-2026-234-3,ocds-dgv273-seacev3-2026-234-3-2026-05-01T10:33:14.382964-05:00,1189177-20608388100,143095.68,PEN,Soles,2026-03-03T00:00:00-05:00
ocds-dgv273-seacev3-1191235,ocds-dgv273-seacev3-1191235-2026-05-01T10:33:13.542016-05:00,1191235-20490548743,485400.0,PEN,Soles,2026-03-09T00:00:00-05:00
ocds-dgv273-seacev3-1191235,ocds-dgv273-seacev3-1191235-2026-05-01T10:33:13.542016-05:00,1191235-20563978091,500000.0,PEN,Soles,2026-04-01T00:00:00-05:00
ocds-dgv273-seacev3-1189604,ocds-dgv273-seacev3-1189604-2026-05-01T10:33:12.946362-05:00,1189604-20601321875,483500.0,PEN,Soles,2026-03-13T00:00:00-05:00
ocds-dgv273-seacev3-1188037,ocds-dgv273-seacev3-1188037-2026-05-01T10:33:00.904495-05:00,1188037-20603647263,199990.0,PEN,Soles,2026-02-24T17:41:12-05:00
ocds-dgv273-seacev3-1188037,ocds-dgv273-seacev3-1188037-2026-05-01T10:33:00.904495-05:00,1188037-20601066034,200200.0,PEN,Soles,2026-03-26T00:00:00-05:00
ocds-dgv273-seacev3-2026-1034-10,ocds-dgv273-seacev3-2026-1034-10-2026-05-01T10:33:00.717663-05:00,1185981-10410577173,145493.47,PEN,Soles,2026-03-23T00:00:00-05:00
ocds-dgv273-seacev3-1203007,ocds-dgv273-seacev3-1203007-2026-04-30T10:19:53.251645-05:00,1203007-1779879,69543.25,PEN,Soles,2026-04-15T00:00:00-05:00
ocds-dgv273-seacev3-2026-80812-1,ocds-dgv273-seacev3-2026-80812-1-2026-04-30T10:19:50.440488-05:00,1190686-20600949421,191185.0,PEN,Soles,2026-03-05T00:00:00-05:00
ocds-dgv273-seacev3-2026-289-3,ocds-dgv273-seacev3-2026-289-3-2026-04-30T10:19:49.991048-05:00,1190641-20534121734,1928388.34,PEN,Soles,2026-03-23T00:00:00-05:00
ocds-dgv273-seacev3-1191786,ocds-dgv273-seacev3-1191786-2026-04-30T10:19:49.016370-05:00,1191786-20513596236,912167.64,PEN,Soles,2026-03-31T00:00:00-05:00
ocds-dgv273-seacev3-2026-23-1,ocds-dgv273-seacev3-2026-23-1-2026-04-30T10:19:47.749188-05:00,1191527-20614739313,48297.0,PEN,Soles,2026-03-23T00:00:00-05:00
ocds-dgv273-seacev3-1189355,ocds-dgv273-seacev3-1189355-2026-04-30T10:19:47.508458-05:00,1189355-20604567581,77000.0,PEN,Soles,2026-03-27T00:00:00-05:00
ocds-dgv273-seacev3-2026-10427-1,ocds-dgv273-seacev3-2026-10427-1-2026-04-30T10:19:47.173855-05:00,1188446-20607642347,440334.0,PEN,Soles,2026-03-19T00:00:00-05:00
ocds-dgv273-seacev3-2026-855-2,ocds-dgv273-seacev3-2026-855-2-2026-04-30T10:19:46.602599-05:00,1190540-20511037001,91200.0,PEN,Soles,2026-03-17T00:00:00-05:00
ocds-dgv273-seacev3-2026-10427-8,ocds-dgv273-seacev3-2026-10427-8-2026-04-30T10:19:45.842311-05:00,1190512-1771411,417755.0,PEN,Soles,2026-03-19T00:00:00-05:00
ocds-dgv273-seacev3-2026-10427-3,ocds-dgv273-seacev3-2026-10427-3-2026-04-30T10:19:45.622159-05:00,1190507-20534840935,345085.0,PEN,Soles,2026-03-19T00:00:00-05:00
ocds-dgv273-seacev3-2026-1689-4,ocds-dgv273-seacev3-2026-1689-4-2026-04-30T10:19:45.550635-05:00,1191490-1772273,1564192.51,PEN,Soles,2026-03-17T00:00:00-05:00
ocds-dgv273-seacev3-1189001,ocds-dgv273-seacev3-1189001-2026-04-30T10:19:44.856587-05:00,1189001-20609542005,2757610.0,PEN,Soles,2026-03-26T00:00:00-05:00
ocds-dgv273-seacev3-1187743,ocds-dgv273-seacev3-1187743-2026-04-30T10:19:43.617136-05:00,1187743-10432775386,105000.0,PEN,Soles,2026-02-25T00:00:00-05:00
ocds-dgv273-seacev3-1199557,ocds-dgv273-seacev3-1199557-2026-04-30T10:19:39.672162-05:00,1199557-20609903792,137808.0,PEN,Soles,2026-03-30T00:00:00-05:00
ocds-dgv273-seacev3-1191049,ocds-dgv273-seacev3-1191049-2026-04-30T10:19:39.435776-05:00,1191049-10289963389,94563.0,PEN,Soles,2026-03-09T00:00:00-05:00
ocds-dgv273-seacev3-2026-1569-2,ocds-dgv273-seacev3-2026-1569-2-2026-04-30T10:19:36.931389-05:00,1189788-20557561553,1236544.55,PEN,Soles,2026-03-10T00:00:00-05:00
ocds-dgv273-seacev3-2026-10427-5,ocds-dgv273-seacev3-2026-10427-5-2026-04-30T10:19:36.745025-05:00,1190509-10409302225,256702.0,PEN,Soles,2026-03-19T00:00:00-05:00
ocds-dgv273-seacev3-1190939,ocds-dgv273-seacev3-1190939-2026-04-30T10:19:36.587183-05:00,1190939-1768694,2981462.82,PEN,Soles,2026-03-09T00:00:00-05:00
ocds-dgv273-seacev3-1188652,ocds-dgv273-seacev3-1188652-2026-04-30T10:19:34.314584-05:00,1188652-20511037001,400500.0,PEN,Soles,2026-03-02T00:00:00-05:00
ocds-dgv273-seacev3-1188652,ocds-dgv273-seacev3-1188652-2026-04-30T10:19:34.314584-05:00,1188652-20532492051,410000.0,PEN,Soles,2026-03-31T00:00:00-05:00
ocds-dgv273-seacev3-1186111,ocds-dgv273-seacev3-1186111-2026-04-30T10:19:34.206761-05:00,1186111-20447844754,269000.0,PEN,Soles,2026-02-23T00:00:00-05:00
ocds-dgv273-seacev3-2026-10427-4,ocds-dgv273-seacev3-2026-10427-4-2026-04-30T10:19:28.106297-05:00,1190508-20606624272,416875.0,PEN,Soles,2026-03-19T00:00:00-05:00
ocds-dgv273-seacev3-1198554,ocds-dgv273-seacev3-1198554-2026-04-30T10:19:25.956494-05:00,1198554-1775315,5591643.43,PEN,Soles,2026-04-06T00:00:00-05:00
ocds-dgv273-seacev3-1188522,ocds-dgv273-seacev3-1188522-2026-04-30T10:19:25.001252-05:00,1188522-20563531356,710000.0,PEN,Soles,2026-03-20T00:00:00-05:00
ocds-dgv273-seacev3-1192125,ocds-dgv273-seacev3-1192125-2026-04-30T10:19:24.568166-05:00,1192125-20600831039,130687.5,PEN,Nuevos Soles,2026-03-16T00:00:00-05:00
ocds-dgv273-seacev3-2026-251427-2,ocds-dgv273-seacev3-2026-251427-2-2026-04-30T10:19:23.800140-05:00,1188292-20602250807,44105.0,PEN,Soles,2026-03-09T00:00:00-05:00
ocds-dgv273-seacev3-2026-2432-15,ocds-dgv273-seacev3-2026-2432-15-2026-04-30T10:19:23.419316-05:00,1185692-20416774731,216470.0,PEN,Soles,2026-03-16T00:00:00-05:00
ocds-dgv273-seacev3-2026-10505-2,ocds-dgv273-seacev3-2026-10505-2-2026-04-30T10:19:23.273974-05:00,1187520-10462845982,579055.5,PEN,Soles,2026-04-13T00:00:00-05:00
ocds-dgv273-seacev3-2026-14-5,ocds-dgv273-seacev3-2026-14-5-2026-04-30T10:19:17.382547-05:00,1188753-20557745522,428076.86,PEN,Soles,2026-03-20T00:00:00-05:00
ocds-dgv273-seacev3-2026-961-1,ocds-dgv273-seacev3-2026-961-1-2026-04-30T10:19:17.231353-05:00,1189685-20529016426,195960.0,PEN,Soles,2026-03-11T00:00:00-05:00
ocds-dgv273-seacev3-1190667,ocds-dgv273-seacev3-1190667-2026-04-30T10:19:14.732981-05:00,1190667-20109161609,70000.0,PEN,Soles,2026-04-14T00:00:00-05:00
ocds-dgv273-seacev3-1190667,ocds-dgv273-seacev3-1190667-2026-04-30T10:19:14.732981-05:00,1190667-20254806278,33800.0,PEN,Soles,2026-04-14T00:00:00-05:00
ocds-dgv273-seacev3-1190667,ocds-dgv273-seacev3-1190667-2026-04-30T10:19:14.732981-05:00,1190667-20347268683,58200.0,PEN,Soles,2026-04-14T00:00:00-05:00
ocds-dgv273-seacev3-1190667,ocds-dgv273-seacev3-1190667-2026-04-30T10:19:14.732981-05:00,1190667-20536390201,139015.0,PEN,Soles,2026-04-14T00:00:00-05:00
ocds-dgv273-seacev3-1190667,ocds-dgv273-seacev3-1190667-2026-04-30T10:19:14.732981-05:00,1190667-20603713703,60000.0,PEN,Soles,2026-04-14T00:00:00-05:00
ocds-dgv273-seacev3-1187871,ocds-dgv273-seacev3-1187871-2026-04-30T10:19:12.343101-05:00,1187871-20610649018,71884.0,PEN,Soles,2026-03-26T00:00:00-05:00
ocds-dgv273-seacev3-2026-200441-8,ocds-dgv273-seacev3-2026-200441-8-2026-04-30T10:19:11.991137-05:00,1187014-1773381,9233381.52,PEN,Soles,2026-03-27T00:00:00-05:00
ocds-dgv273-seacev3-1191698,ocds-dgv273-seacev3-1191698-2026-04-30T10:19:07.328930-05:00,1191698-20468787360,175640.0,PEN,Soles,2026-04-08T00:00:00-05:00
ocds-dgv273-seacev3-1189647,ocds-dgv273-seacev3-1189647-2026-04-30T10:19:06.938759-05:00,1189647-20392988565,445000.0,PEN,Nuevos Soles,2026-03-20T00:00:00-05:00
ocds-dgv273-seacev3-1191694,ocds-dgv273-seacev3-1191694-2026-04-30T10:19:06.464327-05:00,1191694-1777131,662849.0,PEN,Soles,2026-04-01T00:00:00-05:00
ocds-dgv273-seacev3-1201788,ocds-dgv273-seacev3-1201788-2026-04-30T10:19:05.237517-05:00,1201788-1777223,189048.64,PEN,Soles,2026-03-31T00:00:00-05:00
ocds-dgv273-seacev3-1189387,ocds-dgv273-seacev3-1189387-2026-04-30T10:19:02.157551-05:00,1189387-20184557810,72000.0,PEN,Soles,2026-02-23T00:00:00-05:00
ocds-dgv273-seacev3-1191692,ocds-dgv273-seacev3-1191692-2026-04-30T10:19:01.623973-05:00,1191692-20604055459,594581.0,PEN,Soles,2026-04-01T00:00:00-05:00
ocds-dgv273-seacev3-2026-1485-3,ocds-dgv273-seacev3-2026-1485-3-2026-04-30T10:19:01.191348-05:00,1187347-20493420390,68030.5,PEN,Soles,2026-02-20T00:00:00-05:00
ocds-dgv273-seacev3-2026-751-6,ocds-dgv273-seacev3-2026-751-6-2026-04-30T10:19:01.089111-05:00,1188119-20114701221,205719.0,PEN,Soles,2026-02-25T00:00:00-05:00
ocds-dgv273-seacev3-2026-958-2,ocds-dgv273-seacev3-2026-958-2-2026-04-30T10:19:00.849071-05:00,1187746-10040721172,202905.0,PEN,Soles,2026-02-24T00:00:00-05:00
ocds-dgv273-seacev3-1191810,ocds-dgv273-seacev3-1191810-2026-04-30T10:18:56.763091-05:00,1191810-1773002,379012.5,PEN,Soles,2026-03-20T00:00:00-05:00
ocds-dgv273-seacev3-1189509,ocds-dgv273-seacev3-1189509-2026-04-30T10:18:56.449724-05:00,1189509-20553404631,142241.0,PEN,Soles,2026-03-19T00:00:00-05:00
ocds-dgv273-seacev3-1191034,ocds-dgv273-seacev3-1191034-2026-04-30T10:18:53.030805-05:00,1191034-1776427,5244750.0,PEN,Soles,2026-04-01T00:00:00-05:00
ocds-dgv273-seacev3-2026-10427-7,ocds-dgv273-seacev3-2026-10427-7-2026-04-30T10:18:51.774589-05:00,1190511-10409302225,465735.0,PEN,Soles,2026-03-19T00:00:00-05:00
ocds-dgv273-seacev3-1186581,ocds-dgv273-seacev3-1186581-2026-04-30T10:18:50.952380-05:00,1186581-1765836,47121792.41,PEN,Soles,2026-02-17T00:00:00-05:00
ocds-dgv273-seacev3-1186141,ocds-dgv273-seacev3-1186141-2026-04-30T10:18:50.825563-05:00,1186141-1765703,190168.12,PEN,Soles,2026-02-19T00:00:00-05:00
ocds-dgv273-seacev3-2026-870-2,ocds-dgv273-seacev3-2026-870-2-2026-04-30T10:18:45.545369-05:00,1189131-20495934498,10812763.68,PEN,Soles,2026-03-31T00:00:00-05:00
ocds-dgv273-seacev3-1191181,ocds-dgv273-seacev3-1191181-2026-04-30T10:18:43.264263-05:00,1191181-20509435341,854019.6,PEN,Soles,2026-04-01T00:00:00-05:00
ocds-dgv273-seacev3-1200977,ocds-dgv273-seacev3-1200977-2026-04-30T10:18:43.214829-05:00,1200977-20530880746,180723.54,PEN,Soles,2026-04-08T00:00:00-05:00
ocds-dgv273-seacev3-2026-10427-10,ocds-dgv273-seacev3-2026-10427-10-2026-04-30T10:18:41.146700-05:00,1190513-20606624272,106877.0,PEN,Soles,2026-03-19T00:00:00-05:00
ocds-dgv273-seacev3-1191402,ocds-dgv273-seacev3-1191402-2026-04-30T10:18:41.110221-05:00,1191402-1778360,4280052.38,PEN,Soles,2026-04-13T00:00:00-05:00
ocds-dgv273-seacev3-2026-1160-4,ocds-dgv273-seacev3-2026-1160-4-2026-04-30T10:18:40.456814-05:00,1192013-10410828184,656076.8,PEN,Soles,2026-03-19T00:00:00-05:00
ocds-dgv273-seacev3-1188487,ocds-dgv273-seacev3-1188487-2026-04-29T10:19:09.277872-05:00,1188487-10253285937,1130000.0,PEN,Soles,2026-03-20T00:00:00-05:00
ocds-dgv273-seacev3-2026-21-30,ocds-dgv273-seacev3-2026-21-30-2026-04-29T10:19:06.016300-05:00,1192080-20605127801,94995.0,PEN,Soles,2026-03-24T00:00:00-05:00
ocds-dgv273-seacev3-1188605,ocds-dgv273-seacev3-1188605-2026-04-29T10:18:59.528227-05:00,1188605-10108023321,64800.0,PEN,Soles,2026-04-16T00:00:00-05:00
ocds-dgv273-seacev3-2026-677-1,ocds-dgv273-seacev3-2026-677-1-2026-04-29T10:18:54.771186-05:00,1189285-1768532,172850.0,PEN,Soles,2026-03-10T00:00:00-05:00
ocds-dgv273-seacev3-1191851,ocds-dgv273-seacev3-1191851-2026-04-29T10:18:49.263878-05:00,1191851-20607687898,1900000.0,PEN,Soles,2026-03-11T00:00:00-05:00
ocds-dgv273-seacev3-1190036,ocds-dgv273-seacev3-1190036-2026-04-29T10:18:48.389551-05:00,1190036-20604178704,990080.0,PEN,Soles,2026-03-18T00:00:00-05:00
ocds-dgv273-seacev3-1192039,ocds-dgv273-seacev3-1192039-2026-04-29T10:18:45.656532-05:00,1192039-20282738946,219448.68,PEN,Soles,2026-03-23T00:00:00-05:00
ocds-dgv273-seacev3-1186350,ocds-dgv273-seacev3-1186350-2026-04-29T10:18:43.276961-05:00,1186350-20512510320,163500.0,PEN,Soles,2026-02-12T00:00:00-05:00
ocds-dgv273-seacev3-2026-270-39,ocds-dgv273-seacev3-2026-270-39-2026-04-29T10:18:42.950911-05:00,1187052-1771206,522200.0,PEN,Soles,2026-03-17T00:00:00-05:00
ocds-dgv273-seacev3-2026-194-1,ocds-dgv273-seacev3-2026-194-1-2026-04-29T10:18:37.645252-05:00,1190771-20481770182,158696.92,PEN,Soles,2026-03-12T00:00:00-05:00
ocds-dgv273-seacev3-2026-1685-1,ocds-dgv273-seacev3-2026-1685-1-2026-04-29T10:18:37.329069-05:00,1190944-20405568773,142935.0,PEN,Soles,2026-03-11T00:00:00-05:00
ocds-dgv273-seacev3-1195781,ocds-dgv273-seacev3-1195781-2026-04-29T10:18:34.572227-05:00,1195781-20489258634,51100.0,PEN,Soles,2026-03-24T00:00:00-05:00
ocds-dgv273-seacev3-1189645,ocds-dgv273-seacev3-1189645-2026-04-29T10:18:34.551390-05:00,1189645-20511037001,660000.0,PEN,Soles,2026-03-03T00:00:00-05:00
ocds-dgv273-seacev3-2026-200199-3,ocds-dgv273-seacev3-2026-200199-3-2026-04-29T10:18:34.466453-05:00,1189533-20600571916,265041.5,PEN,Soles,2026-03-11T00:00:00-05:00
ocds-dgv273-seacev3-1189753,ocds-dgv273-seacev3-1189753-2026-04-29T10:18:34.439026-05:00,1189753-20530880746,71448.0,PEN,Soles,2026-03-05T00:00:00-05:00
ocds-dgv273-seacev3-1204842,ocds-dgv273-seacev3-1204842-2026-04-29T10:18:17.892813-05:00,1204842-1779908,78990.0,PEN,Soles,2026-04-14T00:00:00-05:00
ocds-dgv273-seacev3-1186176,ocds-dgv273-seacev3-1186176-2026-04-29T10:18:12.557918-05:00,1186176-10427913355,85800.0,PEN,Soles,2026-03-17T00:00:00-05:00
ocds-dgv273-seacev3-1189365,ocds-dgv273-seacev3-1189365-2026-04-29T10:18:06.393147-05:00,1189365-1768816,459390.2,PEN,Soles,2026-03-12T00:00:00-05:00
ocds-dgv273-seacev3-2026-374-5,ocds-dgv273-seacev3-2026-374-5-2026-04-29T10:18:05.578029-05:00,1191310-20509860981,204304.0,PEN,Soles,2026-03-11T18:16:27-05:00
ocds-dgv273-seacev3-2026-374-5,ocds-dgv273-seacev3-2026-374-5-2026-04-29T10:18:05.578029-05:00,1191310-20559644243,208000.0,PEN,Soles,2026-03-11T00:00:00-05:00
ocds-dgv273-seacev3-2026-200454-1,ocds-dgv273-seacev3-2026-200454-1-2026-04-29T10:18:04.990446-05:00,1188592-1775339,1861482.0,PEN,Soles,2026-03-27T00:00:00-05:00
ocds-dgv273-seacev3-1190017,ocds-dgv273-seacev3-1190017-2026-04-26T10:13:44.850275-05:00,1190017-20612694061,120062.0,PEN,Soles,2026-03-25T00:00:00-05:00
ocds-dgv273-seacev3-2026-209149-5,ocds-dgv273-seacev3-2026-209149-5-2026-04-26T10:13:44.469343-05:00,1209234-10718141201,30000.0,PEN,Soles,2026-04-24T00:00:00-05:00
ocds-dgv273-seacev3-1191825,ocds-dgv273-seacev3-1191825-2026-04-26T10:13:44.134317-05:00,1191825-10479410301,27000.0,PEN,Soles,2026-02-27T00:00:00-05:00
ocds-dgv273-seacev3-2026-801-20,ocds-dgv273-seacev3-2026-801-20-2026-04-26T10:13:43.528143-05:00,1185671-20610284001,172725.0,PEN,Soles,2026-04-08T00:00:00-05:00
ocds-dgv273-seacev3-1194803,ocds-dgv273-seacev3-1194803-2026-04-26T10:13:42.061619-05:00,1194803-20406501133,121705.15,PEN,Soles,2026-03-19T00:00:00-05:00
ocds-dgv273-seacev3-1189406,ocds-dgv273-seacev3-1189406-2026-04-26T10:13:39.288800-05:00,1189406-10421629531,47590.0,PEN,Soles,2026-03-05T00:00:00-05:00
ocds-dgv273-seacev3-1189406,ocds-dgv273-seacev3-1189406-2026-04-26T10:13:39.288800-05:00,1189406-20490548743,54400.0,PEN,Soles,2026-04-15T00:00:00-05:00
ocds-dgv273-seacev3-2026-506-1,ocds-dgv273-seacev3-2026-506-1-2026-04-26T10:13:38.861580-05:00,1191171-20613832913,182396.7,PEN,Soles,2026-03-13T00:00:00-05:00
ocds-dgv273-seacev3-2026-397-11,ocds-dgv273-seacev3-2026-397-11-2026-04-26T10:13:38.009699-05:00,1188577-20550628547,207093.6,PEN,Soles,2026-03-27T00:00:00-05:00
ocds-dgv273-seacev3-2026-2600-8,ocds-dgv273-seacev3-2026-2600-8-2026-04-26T10:13:36.063059-05:00,1191569-20106897914,270172.8,PEN,Soles,2026-04-07T00:00:00-05:00
ocds-dgv273-seacev3-2026-343-2,ocds-dgv273-seacev3-2026-343-2-2026-04-26T10:13:30.314140-05:00,1187124-20604572437,883200.0,PEN,Soles,2026-03-19T00:00:00-05:00
ocds-dgv273-seacev3-1186862,ocds-dgv273-seacev3-1186862-2026-04-26T10:13:29.958661-05:00,1186862-1768060,2931579.98,PEN,Soles,2026-03-17T00:00:00-05:00
ocds-dgv273-seacev3-2026-912-2,ocds-dgv273-seacev3-2026-912-2-2026-04-26T10:13:29.899027-05:00,1187067-20538403378,125524.8,PEN,Soles,2026-03-12T00:00:00-05:00
ocds-dgv273-seacev3-2026-1628-4,ocds-dgv273-seacev3-2026-1628-4-2026-04-26T10:13:29.881549-05:00,1185195-20228832678,1010000.0,PEN,Soles,2026-03-17T00:00:00-05:00
ocds-dgv273-seacev3-1189915,ocds-dgv273-seacev3-1189915-2026-04-26T10:13:25.366486-05:00,1189915-10716512881,201042.5,PEN,Soles,2026-03-27T00:00:00-05:00
ocds-dgv273-seacev3-1191445,ocds-dgv273-seacev3-1191445-2026-04-26T10:13:24.189014-05:00,1191445-1777028,7140000.0,PEN,Soles,2026-04-07T00:00:00-05:00
ocds-dgv273-seacev3-1187864,ocds-dgv273-seacev3-1187864-2026-04-26T10:13:19.135557-05:00,1187864-1778106,212093.3,PEN,Soles,2026-04-09T00:00:00-05:00
ocds-dgv273-seacev3-2026-200087-1,ocds-dgv273-seacev3-2026-200087-1-2026-04-26T10:13:19.108737-05:00,1187157-20494399386,195200.0,PEN,Soles,2026-02-18T18:52:08-05:00
ocds-dgv273-seacev3-1190160,ocds-dgv273-seacev3-1190160-2026-04-26T10:13:15.816018-05:00,1190160-20508571152,123422.0,PEN,Soles,2026-03-16T00:00:00-05:00
ocds-dgv273-seacev3-1190049,ocds-dgv273-seacev3-1190049-2026-04-26T10:13:15.539851-05:00,1190049-10232074481,180000.0,PEN,Soles,2026-02-25T00:00:00-05:00
ocds-dgv273-seacev3-1190527,ocds-dgv273-seacev3-1190527-2026-04-26T10:13:14.331941-05:00,1190527-10471263104,55000.0,PEN,Soles,2026-02-26T00:00:00-05:00
ocds-dgv273-seacev3-1191908,ocds-dgv273-seacev3-1191908-2026-04-26T10:13:14.050826-05:00,1191908-10432775386,85000.0,PEN,Soles,2026-03-23T00:00:00-05:00
ocds-dgv273-seacev3-1191908,ocds-dgv273-seacev3-1191908-2026-04-26T10:13:14.050826-05:00,1191908-10451966168,85000.0,PEN,Soles,2026-03-23T00:00:00-05:00
ocds-dgv273-seacev3-1191908,ocds-dgv273-seacev3-1191908-2026-04-26T10:13:14.050826-05:00,1191908-10717293041,85000.0,PEN,Soles,2026-03-23T00:00:00-05:00
ocds-dgv273-seacev3-1191366,ocds-dgv273-seacev3-1191366-2026-04-26T10:13:12.548372-05:00,1191366-20448139981,105497.0,PEN,Soles,2026-03-12T00:00:00-05:00
ocds-dgv273-seacev3-2026-248315-2,ocds-dgv273-seacev3-2026-248315-2-2026-04-26T10:13:11.661588-05:00,1189993-20607632724,97500.0,PEN,Soles,2026-03-04T00:00:00-05:00
ocds-dgv273-seacev3-1188003,ocds-dgv273-seacev3-1188003-2026-04-26T10:13:11.185793-05:00,1188003-20100210909,120297.41,PEN,Soles,2026-03-16T00:00:00-05:00
ocds-dgv273-seacev3-2026-167507-10,ocds-dgv273-seacev3-2026-167507-10-2026-04-26T10:13:10.944442-05:00,1187452-20557788841,354000.0,PEN,Soles,2026-03-17T00:00:00-05:00
ocds-dgv273-seacev3-1191480,ocds-dgv273-seacev3-1191480-2026-04-26T10:13:06.992812-05:00,1191480-10156449283,48000.0,PEN,Soles,2026-03-09T00:00:00-05:00
ocds-dgv273-seacev3-1191494,ocds-dgv273-seacev3-1191494-2026-04-26T10:13:06.387910-05:00,1191494-10462453936,20000.0,PEN,Soles,2026-02-26T00:00:00-05:00
ocds-dgv273-seacev3-1190768,ocds-dgv273-seacev3-1190768-2026-04-26T10:13:04.907097-05:00,1190768-20608869094,225890.0,PEN,Soles,2026-03-19T00:00:00-05:00
ocds-dgv273-seacev3-2026-10141-21,ocds-dgv273-seacev3-2026-10141-21-2026-04-26T10:13:03.845079-05:00,1190899-20602391427,285840.0,PEN,Soles,2026-03-23T00:00:00-05:00
ocds-dgv273-seacev3-1188040,ocds-dgv273-seacev3-1188040-2026-04-26T10:13:00.682659-05:00,1188040-20603476230,85780.0,PEN,Soles,2026-02-24T00:00:00-05:00
ocds-dgv273-seacev3-2026-519-2,ocds-dgv273-seacev3-2026-519-2-2026-04-25T10:20:40.700827-05:00,1189518-20494595991,474581.72,PEN,Soles,2026-03-05T00:00:00-05:00
ocds-dgv273-seacev3-2026-10549-7,ocds-dgv273-seacev3-2026-10549-7-2026-04-25T10:20:36.875157-05:00,1189725-20494126223,284500.0,PEN,Soles,2026-03-13T00:00:00-05:00
ocds-dgv273-seacev3-1190465,ocds-dgv273-seacev3-1190465-2026-04-25T10:20:36.715659-05:00,1190465-10418301240,72000.0,PEN,Soles,2026-02-27T00:00:00-05:00
ocds-dgv273-seacev3-2026-1585-3,ocds-dgv273-seacev3-2026-1585-3-2026-04-25T10:20:34.589204-05:00,1188975-1769428,1806614.87,PEN,Soles,2026-03-10T00:00:00-05:00
ocds-dgv273-seacev3-2026-1301-3,ocds-dgv273-seacev3-2026-1301-3-2026-04-25T10:20:34.539603-05:00,1188243-1768798,454671.31,PEN,Soles,2026-03-13T00:00:00-05:00
ocds-dgv273-seacev3-2026-912-3,ocds-dgv273-seacev3-2026-912-3-2026-04-25T10:20:34.384697-05:00,1186415-20607491764,146832.0,PEN,Soles,2026-03-18T00:00:00-05:00
ocds-dgv273-seacev3-2026-822-14,ocds-dgv273-seacev3-2026-822-14-2026-04-25T10:20:34.320547-05:00,1186316-1766317,880915.15,PEN,Soles,2026-03-25T00:00:00-05:00
ocds-dgv273-seacev3-1189727,ocds-dgv273-seacev3-1189727-2026-04-25T10:20:31.302830-05:00,1189727-20613384864,85140.0,PEN,Soles,2026-03-05T00:00:00-05:00
ocds-dgv273-seacev3-1189727,ocds-dgv273-seacev3-1189727-2026-04-25T10:20:31.302830-05:00,1189727-20532492051,89133.0,PEN,Soles,2026-03-24T00:00:00-05:00
ocds-dgv273-seacev3-2026-200507-2,ocds-dgv273-seacev3-2026-200507-2-2026-04-25T10:20:31.174469-05:00,1190891-1771930,216001.63,PEN,Soles,2026-03-18T00:00:00-05:00
ocds-dgv273-seacev3-2026-1309-12,ocds-dgv273-seacev3-2026-1309-12-2026-04-25T10:20:30.126599-05:00,1188939-20600175239,2882700.0,PEN,Soles,2026-03-23T00:00:00-05:00
ocds-dgv273-seacev3-1191240,ocds-dgv273-seacev3-1191240-2026-04-25T10:20:29.171688-05:00,1191240-20452349915,60561.12,PEN,Soles,2026-03-09T00:00:00-05:00
ocds-dgv273-seacev3-2026-35859-2,ocds-dgv273-seacev3-2026-35859-2-2026-04-25T10:20:24.953523-05:00,1185948-10405478957,69000.0,PEN,Soles,2026-03-17T00:00:00-05:00
ocds-dgv273-seacev3-1188125,ocds-dgv273-seacev3-1188125-2026-04-25T10:20:24.863838-05:00,1188125-20601173221,245351.5,PEN,Soles,2026-03-03T00:00:00-05:00
ocds-dgv273-seacev3-1188125,ocds-dgv273-seacev3-1188125-2026-04-25T10:20:24.863838-05:00,1188125-20600500881,253000.0,PEN,Soles,2026-03-20T00:00:00-05:00
ocds-dgv273-seacev3-2026-49-24,ocds-dgv273-seacev3-2026-49-24-2026-04-25T10:20:24.434184-05:00,1188011-20614208610,246566.1,PEN,Soles,2026-02-26T00:00:00-05:00
ocds-dgv273-seacev3-2026-49-24,ocds-dgv273-seacev3-2026-49-24-2026-04-25T10:20:24.434184-05:00,1188011-20559644243,247300.0,PEN,Soles,2026-03-30T00:00:00-05:00
ocds-dgv273-seacev3-2026-768-1,ocds-dgv273-seacev3-2026-768-1-2026-04-25T10:20:18.870425-05:00,1189745-20527786461,88427.98,PEN,Soles,2026-03-05T00:00:00-05:00
ocds-dgv273-seacev3-2026-49-1,ocds-dgv273-seacev3-2026-49-1-2026-04-25T10:20:13.197008-05:00,1187700-20600852346,71050.5,PEN,Soles,2026-02-25T00:00:00-05:00
ocds-dgv273-seacev3-2026-51-107,ocds-dgv273-seacev3-2026-51-107-2026-04-25T10:20:04.730883-05:00,1189770-20603185154,166000.0,PEN,Soles,2026-03-25T00:00:00-05:00
ocds-dgv273-seacev3-2026-10461-8,ocds-dgv273-seacev3-2026-10461-8-2026-04-25T10:20:04.594688-05:00,1188779-1768440,929445.0,PEN,Soles,2026-03-02T00:00:00-05:00
ocds-dgv273-seacev3-1188538,ocds-dgv273-seacev3-1188538-2026-04-25T10:20:04.453801-05:00,1188538-20613866761,169990.0,PEN,Soles,2026-03-06T00:00:00-05:00
ocds-dgv273-seacev3-1188538,ocds-dgv273-seacev3-1188538-2026-04-25T10:20:04.453801-05:00,1188538-10245766438,183294.0,PEN,Soles,2026-04-06T00:00:00-05:00
ocds-dgv273-seacev3-2026-49-32,ocds-dgv273-seacev3-2026-49-32-2026-04-25T10:20:03.850531-05:00,1189130-20610593993,132000.0,PEN,Soles,2026-03-19T00:00:00-05:00
ocds-dgv273-seacev3-2026-200507-1,ocds-dgv273-seacev3-2026-200507-1-2026-04-25T10:20:02.836263-05:00,1188272-20608823337,949777.77,PEN,Soles,2026-03-20T00:00:00-05:00
ocds-dgv273-seacev3-1188044,ocds-dgv273-seacev3-1188044-2026-04-25T10:20:02.819076-05:00,1188044-20602965890,94200.0,PEN,Soles,2026-02-24T00:00:00-05:00
ocds-dgv273-seacev3-1188044,ocds-dgv273-seacev3-1188044-2026-04-25T10:20:02.819076-05:00,1188044-20601107105,105293.0,PEN,Soles,2026-03-13T00:00:00-05:00
ocds-dgv273-seacev3-1188044,ocds-dgv273-seacev3-1188044-2026-04-25T10:20:02.819076-05:00,1188044-20511037001,105852.0,PEN,Soles,2026-03-13T00:00:00-05:00
ocds-dgv273-seacev3-2026-838-6,ocds-dgv273-seacev3-2026-838-6-2026-04-25T10:19:53.039296-05:00,1190311-20601078156,54900.0,PEN,Soles,2026-03-20T00:00:00-05:00
ocds-dgv273-seacev3-2026-1731-10,ocds-dgv273-seacev3-2026-1731-10-2026-04-25T10:19:51.329880-05:00,1188052-20602857914,96760.0,PEN,Soles,2026-03-04T00:00:00-05:00
ocds-dgv273-seacev3-1189011,ocds-dgv273-seacev3-1189011-2026-04-25T10:19:51.254740-05:00,1189011-10473549901,58500.0,PEN,Soles,2026-03-19T00:00:00-05:00
ocds-dgv273-seacev3-1188112,ocds-dgv273-seacev3-1188112-2026-04-25T10:19:51.177725-05:00,1188112-20600205049,262500.0,PEN,Soles,2026-02-24T00:00:00-05:00
ocds-dgv273-seacev3-1191093,ocds-dgv273-seacev3-1191093-2026-04-25T10:19:47.971633-05:00,1191093-1770244,315000.0,PEN,Soles,2026-03-26T00:00:00-05:00
ocds-dgv273-seacev3-1189912,ocds-dgv273-seacev3-1189912-2026-04-25T10:19:47.776998-05:00,1189912-10433171905,220410.0,PEN,Soles,2026-03-23T00:00:00-05:00
ocds-dgv273-seacev3-1190320,ocds-dgv273-seacev3-1190320-2026-04-25T10:19:46.684470-05:00,1190320-10239403226,70168.5,PEN,Soles,2026-03-04T00:00:00-05:00
ocds-dgv273-seacev3-1190320,ocds-dgv273-seacev3-1190320-2026-04-25T10:19:46.684470-05:00,1190320-20114701221,71938.5,PEN,Soles,2026-03-23T00:00:00-05:00
ocds-dgv273-seacev3-2026-108794-7,ocds-dgv273-seacev3-2026-108794-7-2026-04-25T10:19:45.572640-05:00,1190978-20449314868,84360.0,PEN,Soles,2026-03-10T09:58:20-05:00
ocds-dgv273-seacev3-1191547,ocds-dgv273-seacev3-1191547-2026-04-25T10:19:42.591409-05:00,1191547-20610847766,95000.0,PEN,Soles,2026-03-13T22:10:36-05:00
ocds-dgv273-seacev3-2026-822-21,ocds-dgv273-seacev3-2026-822-21-2026-04-25T10:19:41.210216-05:00,1188584-1768379,108000.0,PEN,Soles,2026-03-03T00:00:00-05:00
ocds-dgv273-seacev3-1187458,ocds-dgv273-seacev3-1187458-2026-04-25T10:19:40.899888-05:00,1187458-10773811992,228000.0,PEN,Soles,2026-04-07T00:00:00-05:00
ocds-dgv273-seacev3-1189046,ocds-dgv273-seacev3-1189046-2026-04-25T10:19:36.042433-05:00,1189046-10438401038,58800.0,PEN,Soles,2026-03-26T00:00:00-05:00
ocds-dgv273-seacev3-1190426,ocds-dgv273-seacev3-1190426-2026-04-25T10:19:35.173189-05:00,1190426-20610738771,345000.0,PEN,Soles,2026-03-17T00:00:00-05:00
ocds-dgv273-seacev3-1191590,ocds-dgv273-seacev3-1191590-2026-04-25T10:19:34.947867-05:00,1191590-20606732954,423950.76,PEN,Soles,2026-03-03T00:00:00-05:00
ocds-dgv273-seacev3-2026-707-1,ocds-dgv273-seacev3-2026-707-1-2026-04-25T10:19:34.028874-05:00,1191566-20610847766,585000.0,PEN,Soles,2026-03-13T22:20:41-05:00
ocds-dgv273-seacev3-1189098,ocds-dgv273-seacev3-1189098-2026-04-25T10:19:33.776117-05:00,1189098-20609994992,48000.0,PEN,Soles,2026-03-31T00:00:00-05:00
ocds-dgv273-seacev3-2026-2406-167,ocds-dgv273-seacev3-2026-2406-167-2026-04-25T10:19:31.854669-05:00,1190295-20609569337,301964.68,PEN,Soles,2026-04-08T00:00:00-05:00
ocds-dgv273-seacev3-1188674,ocds-dgv273-seacev3-1188674-2026-04-25T10:19:30.260535-05:00,1188674-20602965890,64200.0,PEN,Soles,2026-02-27T00:00:00-05:00
ocds-dgv273-seacev3-1186628,ocds-dgv273-seacev3-1186628-2026-04-25T10:19:30.246130-05:00,1186628-20610907823,95099.4,PEN,Soles,2026-02-16T00:00:00-05:00
ocds-dgv273-seacev3-2026-10137-6,ocds-dgv273-seacev3-2026-10137-6-2026-04-24T10:19:46.363055-05:00,1191560-20478217626,217196.9,PEN,Soles,2026-03-11T00:00:00-05:00
ocds-dgv273-seacev3-2026-200302-5,ocds-dgv273-seacev3-2026-200302-5-2026-04-24T10:19:44.613036-05:00,1189595-10477119706,377323.56,PEN,Soles,2026-03-16T00:00:00-05:00
ocds-dgv273-seacev3-1190427,ocds-dgv273-seacev3-1190427-2026-04-24T10:19:43.628190-05:00,1190427-20602525997,170000.0,PEN,Soles,2026-03-16T00:00:00-05:00
ocds-dgv273-seacev3-1192048,ocds-dgv273-seacev3-1192048-2026-04-24T10:19:43.296743-05:00,1192048-20134631661,156500.0,PEN,Soles,2026-03-31T00:00:00-05:00
ocds-dgv273-seacev3-1190400,ocds-dgv273-seacev3-1190400-2026-04-24T10:19:41.207925-05:00,1190400-10770801902,143115.0,PEN,Soles,2026-03-06T00:00:00-05:00
ocds-dgv273-seacev3-2026-200466-7,ocds-dgv273-seacev3-2026-200466-7-2026-04-24T10:19:40.393223-05:00,1187399-20565412257,197259.76,PEN,Soles,2026-02-25T00:00:00-05:00
ocds-dgv273-seacev3-1186129,ocds-dgv273-seacev3-1186129-2026-04-24T10:19:40.245800-05:00,1186129-20518330587,2301000.0,PEN,Soles,2026-03-11T00:00:00-05:00
ocds-dgv273-seacev3-2026-49-142,ocds-dgv273-seacev3-2026-49-142-2026-04-24T10:19:38.598614-05:00,1190933-20442152684,285100.0,PEN,Soles,2026-03-23T00:00:00-05:00
ocds-dgv273-seacev3-2026-1598-7,ocds-dgv273-seacev3-2026-1598-7-2026-04-24T10:19:38.575162-05:00,1190614-1770156,3227967.16,PEN,Soles,2026-03-10T00:00:00-05:00
ocds-dgv273-seacev3-2026-651-20,ocds-dgv273-seacev3-2026-651-20-2026-04-24T10:19:33.774310-05:00,1191928-1777550,19531566.92,PEN,Soles,2026-04-07T00:00:00-05:00
ocds-dgv273-seacev3-1187585,ocds-dgv273-seacev3-1187585-2026-04-24T10:19:32.602340-05:00,1187585-20611902329,99340.8,PEN,Soles,2026-02-25T00:00:00-05:00
ocds-dgv273-seacev3-1187774,ocds-dgv273-seacev3-1187774-2026-04-24T10:19:32.552570-05:00,1187774-20448498876,600000.0,PEN,Soles,2026-03-19T00:00:00-05:00
ocds-dgv273-seacev3-1188710,ocds-dgv273-seacev3-1188710-2026-04-24T10:19:25.404896-05:00,1188710-20530880746,76427.98,PEN,Soles,2026-03-02T00:00:00-05:00
ocds-dgv273-seacev3-1188283,ocds-dgv273-seacev3-1188283-2026-04-24T10:19:19.873804-05:00,1188283-1769570,2635469.51,PEN,Soles,2026-04-14T00:00:00-05:00
ocds-dgv273-seacev3-2026-1143-1,ocds-dgv273-seacev3-2026-1143-1-2026-04-24T10:19:19.661320-05:00,1187823-20486989301,86184.0,PEN,Soles,2026-02-26T00:00:00-05:00
ocds-dgv273-seacev3-2026-1143-1,ocds-dgv273-seacev3-2026-1143-1-2026-04-24T10:19:19.661320-05:00,1187823-20568024878,58896.0,PEN,Soles,2026-02-26T00:00:00-05:00
ocds-dgv273-seacev3-1191205,ocds-dgv273-seacev3-1191205-2026-04-24T10:19:13.239714-05:00,1191205-20601638658,53917.5,PEN,Soles,2026-04-06T00:00:00-05:00
ocds-dgv273-seacev3-1191342,ocds-dgv273-seacev3-1191342-2026-04-24T10:19:12.625722-05:00,1191342-1773198,233837.01,PEN,Soles,2026-03-19T00:00:00-05:00
ocds-dgv273-seacev3-1192074,ocds-dgv273-seacev3-1192074-2026-04-24T10:19:09.253966-05:00,1192074-10476447661,100000.0,PEN,Soles,2026-03-13T00:00:00-05:00
ocds-dgv273-seacev3-1187498,ocds-dgv273-seacev3-1187498-2026-04-24T10:19:08.544313-05:00,1187498-10198624638,1620000.0,PEN,Soles,2026-02-17T00:00:00-05:00
ocds-dgv273-seacev3-1187508,ocds-dgv273-seacev3-1187508-2026-04-24T10:19:08.018949-05:00,1187508-20396419093,705361.45,PEN,Soles,2026-04-01T00:00:00-05:00
ocds-dgv273-seacev3-1186229,ocds-dgv273-seacev3-1186229-2026-04-24T10:19:07.944396-05:00,1186229-20604259216,84000.0,PEN,Soles,2026-02-20T00:00:00-05:00
ocds-dgv273-seacev3-1188809,ocds-dgv273-seacev3-1188809-2026-04-24T10:19:03.227561-05:00,1188809-20613689835,685525.8,PEN,Soles,2026-02-26T00:00:00-05:00
ocds-dgv273-seacev3-2026-178951-8,ocds-dgv273-seacev3-2026-178951-8-2026-04-24T10:19:02.720225-05:00,1189219-20610208402,81235.0,PEN,Soles,2026-03-13T00:00:00-05:00
ocds-dgv273-seacev3-1191536,ocds-dgv273-seacev3-1191536-2026-04-24T10:19:02.645913-05:00,1191536-20523905679,45924.0,PEN,Soles,2026-03-11T00:00:00-05:00
ocds-dgv273-seacev3-1191275,ocds-dgv273-seacev3-1191275-2026-04-24T10:18:57.697130-05:00,1191275-10469415169,612000.0,PEN,Soles,2026-03-03T00:00:00-05:00
ocds-dgv273-seacev3-1187107,ocds-dgv273-seacev3-1187107-2026-04-24T10:18:57.154769-05:00,1187107-20526999674,714000.0,PEN,Soles,2026-02-26T00:00:00-05:00
ocds-dgv273-seacev3-1190210,ocds-dgv273-seacev3-1190210-2026-04-24T10:18:52.467815-05:00,1190210-20477851119,2181026.04,PEN,Soles,2026-04-08T00:00:00-05:00
ocds-dgv273-seacev3-2026-200302-35,ocds-dgv273-seacev3-2026-200302-35-2026-04-24T10:18:51.679921-05:00,1189724-10419751826,304419.67,PEN,Soles,2026-03-27T00:00:00-05:00
ocds-dgv273-seacev3-1202018,ocds-dgv273-seacev3-1202018-2026-04-24T10:18:51.497136-05:00,1202018-1777256,127933.6,PEN,Soles,2026-03-31T00:00:00-05:00
ocds-dgv273-seacev3-1191405,ocds-dgv273-seacev3-1191405-2026-04-24T10:18:49.999910-05:00,1191405-20600162552,73372.7,PEN,Soles,2026-03-04T00:00:00-05:00
ocds-dgv273-seacev3-2026-1598-8,ocds-dgv273-seacev3-2026-1598-8-2026-04-24T10:18:49.728724-05:00,1191068-1770358,209817.87,PEN,Soles,2026-03-10T00:00:00-05:00
ocds-dgv273-seacev3-1190582,ocds-dgv273-seacev3-1190582-2026-04-24T10:18:46.853211-05:00,1190582-20330791501,1401840.0,PEN,Soles,2026-03-19T00:00:00-05:00
ocds-dgv273-seacev3-1188314,ocds-dgv273-seacev3-1188314-2026-04-24T10:18:46.087378-05:00,1188314-10437699297,295000.0,PEN,Soles,2026-02-27T13:19:32-05:00
ocds-dgv273-seacev3-1187853,ocds-dgv273-seacev3-1187853-2026-04-24T10:18:46.032677-05:00,1187853-10475418234,107500.0,PEN,Soles,2026-02-25T00:00:00-05:00
ocds-dgv273-seacev3-1187853,ocds-dgv273-seacev3-1187853-2026-04-24T10:18:46.032677-05:00,1187853-10719084058,108890.0,PEN,Soles,2026-03-25T00:00:00-05:00
ocds-dgv273-seacev3-2026-200370-4,ocds-dgv273-seacev3-2026-200370-4-2026-04-24T10:18:45.904628-05:00,1186673-10025495409,100000.0,PEN,Soles,2026-02-23T00:00:00-05:00
ocds-dgv273-seacev3-1186796,ocds-dgv273-seacev3-1186796-2026-04-24T10:18:45.867070-05:00,1186796-1765799,390000.0,PEN,Soles,2026-02-16T00:00:00-05:00
ocds-dgv273-seacev3-2026-1191-12,ocds-dgv273-seacev3-2026-1191-12-2026-04-24T10:18:41.821325-05:00,1189180-20566394201,185900.0,PEN,Soles,2026-03-23T00:00:00-05:00
ocds-dgv273-seacev3-1190374,ocds-dgv273-seacev3-1190374-2026-04-24T10:18:39.937801-05:00,1190374-1769457,4720320.13,PEN,Soles,2026-03-10T00:00:00-05:00
ocds-dgv273-seacev3-2026-688-1,ocds-dgv273-seacev3-2026-688-1-2026-04-24T10:18:39.192066-05:00,1191972-20607981460,220000.0,PEN,Soles,2026-03-23T00:00:00-05:00
ocds-dgv273-seacev3-1191914,ocds-dgv273-seacev3-1191914-2026-04-24T10:18:36.438054-05:00,1191914-20607850101,226800.0,PEN,Soles,2026-03-26T00:00:00-05:00
ocds-dgv273-seacev3-2026-200302-26,ocds-dgv273-seacev3-2026-200302-26-2026-04-24T10:18:29.831870-05:00,1189906-1769624,133244.3,PEN,Soles,2026-03-12T00:00:00-05:00
ocds-dgv273-seacev3-1191077,ocds-dgv273-seacev3-1191077-2026-04-24T10:18:29.228528-05:00,1191077-20605385436,986861.66,PEN,Soles,2026-02-26T00:00:00-05:00
ocds-dgv273-seacev3-1190346,ocds-dgv273-seacev3-1190346-2026-04-24T10:18:29.114927-05:00,1190346-1775926,485000.0,PEN,Soles,2026-03-30T00:00:00-05:00
ocds-dgv273-seacev3-1190061,ocds-dgv273-seacev3-1190061-2026-04-24T10:18:27.604493-05:00,1190061-20511037001,202440.0,PEN,Soles,2026-03-06T00:00:00-05:00
ocds-dgv273-seacev3-1202857,ocds-dgv273-seacev3-1202857-2026-04-24T10:18:24.675135-05:00,1202857-1778168,93594.39,PEN,Soles,2026-04-06T00:00:00-05:00
ocds-dgv273-seacev3-2026-21-1,ocds-dgv273-seacev3-2026-21-1-2026-04-24T10:18:23.947503-05:00,1191994-20516447355,188865.0,PEN,Soles,2026-03-20T00:00:00-05:00
ocds-dgv273-seacev3-2026-178951-9,ocds-dgv273-seacev3-2026-178951-9-2026-04-24T10:18:23.357274-05:00,1189106-20503016649,128000.0,PEN,Soles,2026-03-19T00:00:00-05:00
ocds-dgv273-seacev3-2026-743-7,ocds-dgv273-seacev3-2026-743-7-2026-04-24T10:18:23.298206-05:00,1191087-20516859971,900000.0,PEN,Soles,2026-03-30T00:00:00-05:00
ocds-dgv273-seacev3-1190265,ocds-dgv273-seacev3-1190265-2026-04-23T10:37:07.604365-05:00,1190265-1775907,1070000.0,PEN,Soles,2026-03-27T00:00:00-05:00
ocds-dgv273-seacev3-1186696,ocds-dgv273-seacev3-1186696-2026-04-23T10:37:07.429141-05:00,1186696-20553546266,759467.38,PEN,Soles,2026-03-17T00:00:00-05:00
ocds-dgv273-seacev3-1190151,ocds-dgv273-seacev3-1190151-2026-04-23T10:37:05.933064-05:00,1190151-20603943563,120000.0,PEN,Soles,2026-03-02T00:00:00-05:00
ocds-dgv273-seacev3-1193371,ocds-dgv273-seacev3-1193371-2026-04-23T10:37:05.340111-05:00,1193371-20600984838,61468.0,PEN,Soles,2026-03-13T00:00:00-05:00
ocds-dgv273-seacev3-1191182,ocds-dgv273-seacev3-1191182-2026-04-23T10:37:03.239494-05:00,1191182-20601638658,137755.0,PEN,Soles,2026-03-27T00:00:00-05:00
ocds-dgv273-seacev3-1187943,ocds-dgv273-seacev3-1187943-2026-04-23T10:37:02.239180-05:00,1187943-20198274705,1419984.35,PEN,Soles,2026-03-02T00:00:00-05:00
ocds-dgv273-seacev3-1187943,ocds-dgv273-seacev3-1187943-2026-04-23T10:37:02.239180-05:00,1187943-20448090958,1457441.07,PEN,Soles,2026-03-02T00:00:00-05:00
ocds-dgv273-seacev3-2026-1034-9,ocds-dgv273-seacev3-2026-1034-9-2026-04-23T10:37:02.124429-05:00,1186377-10214526595,146870.53,PEN,Soles,2026-03-25T00:00:00-05:00
ocds-dgv273-seacev3-2026-1917-1,ocds-dgv273-seacev3-2026-1917-1-2026-04-23T10:37:01.871450-05:00,1187798-20610342966,90500.0,PEN,Soles,2026-03-02T00:00:00-05:00
ocds-dgv273-seacev3-1186917,ocds-dgv273-seacev3-1186917-2026-04-23T10:37:01.821592-05:00,1186917-1766454,159183.06,PEN,Soles,2026-03-12T00:00:00-05:00
ocds-dgv273-seacev3-2026-1060-5,ocds-dgv273-seacev3-2026-1060-5-2026-04-23T10:37:01.723173-05:00,1187459-1767092,2573969.82,PEN,Soles,2026-03-18T00:00:00-05:00
ocds-dgv273-seacev3-1189928,ocds-dgv273-seacev3-1189928-2026-04-23T10:37:00.394932-05:00,1189928-20300795821,226000.0,PEN,Soles,2026-03-27T00:00:00-05:00
ocds-dgv273-seacev3-2026-10154-2,ocds-dgv273-seacev3-2026-10154-2-2026-04-23T10:36:59.529308-05:00,1190646-10803104668,221500.25,PEN,Soles,2026-03-11T00:00:00-05:00
ocds-dgv273-seacev3-2026-973-1,ocds-dgv273-seacev3-2026-973-1-2026-04-23T10:36:59.435141-05:00,1189462-20529016426,132023.9,PEN,Soles,2026-03-09T00:00:00-05:00
ocds-dgv273-seacev3-2026-1621-16,ocds-dgv273-seacev3-2026-1621-16-2026-04-23T10:36:58.013917-05:00,1191259-20538403378,468694.8,PEN,Soles,2026-03-24T00:00:00-05:00
ocds-dgv273-seacev3-1192123,ocds-dgv273-seacev3-1192123-2026-04-23T10:36:56.159645-05:00,1192123-20573811675,98602.0,PEN,Soles,2026-03-13T00:00:00-05:00
ocds-dgv273-seacev3-2026-10045-13,ocds-dgv273-seacev3-2026-10045-13-2026-04-23T10:36:56.034253-05:00,1190056-20601452473,303732.0,PEN,Soles,2026-03-11T00:00:00-05:00
ocds-dgv273-seacev3-1191865,ocds-dgv273-seacev3-1191865-2026-04-23T10:36:55.925384-05:00,1191865-20487292401,633930.0,PEN,Soles,2026-03-26T00:00:00-05:00
ocds-dgv273-seacev3-2026-200302-8,ocds-dgv273-seacev3-2026-200302-8-2026-04-23T10:36:54.634346-05:00,1190010-10334170689,119472.0,PEN,Soles,2026-03-12T00:00:00-05:00
ocds-dgv273-seacev3-2026-1162-2,ocds-dgv273-seacev3-2026-1162-2-2026-04-23T10:36:45.655839-05:00,1190854-20486760819,484369.9,PEN,Soles,2026-03-26T00:00:00-05:00
ocds-dgv273-seacev3-1188813,ocds-dgv273-seacev3-1188813-2026-04-23T10:36:45.415854-05:00,1188813-1769192,234271.76,PEN,Soles,2026-03-11T00:00:00-05:00
ocds-dgv273-seacev3-2026-1485-6,ocds-dgv273-seacev3-2026-1485-6-2026-04-23T10:36:44.460156-05:00,1188542-20528496084,416880.0,PEN,Soles,2026-02-25T00:00:00-05:00
ocds-dgv273-seacev3-1189666,ocds-dgv273-seacev3-1189666-2026-04-23T10:36:43.865947-05:00,1189666-20609741989,125000.0,PEN,Soles,2026-03-04T14:37:57-05:00
ocds-dgv273-seacev3-1187429,ocds-dgv273-seacev3-1187429-2026-04-23T10:36:41.929125-05:00,1187429-1766695,127118.65,PEN,Soles,2026-02-25T00:00:00-05:00
ocds-dgv273-seacev3-1188172,ocds-dgv273-seacev3-1188172-2026-04-23T10:36:36.045509-05:00,1188172-1774405,212138.1,PEN,Soles,2026-03-25T00:00:00-05:00
ocds-dgv273-seacev3-2026-1908-37,ocds-dgv273-seacev3-2026-1908-37-2026-04-23T10:36:35.406199-05:00,1188796-20523470761,99778.39,PEN,Soles,2026-03-16T00:00:00-05:00
ocds-dgv273-seacev3-2026-1039-2,ocds-dgv273-seacev3-2026-1039-2-2026-04-23T10:36:31.155882-05:00,1187395-20101639275,1400000.0,PEN,Soles,2026-03-23T00:00:00-05:00
ocds-dgv273-seacev3-1192076,ocds-dgv273-seacev3-1192076-2026-04-23T10:36:27.128717-05:00,1192076-20600111150,405324.0,PEN,Soles,2026-03-10T18:40:58-05:00
ocds-dgv273-seacev3-1191381,ocds-dgv273-seacev3-1191381-2026-04-23T10:36:24.701274-05:00,1191381-20605767924,41600.0,PEN,Soles,2026-03-17T00:00:00-05:00
ocds-dgv273-seacev3-1191123,ocds-dgv273-seacev3-1191123-2026-04-23T10:36:21.646671-05:00,1191123-10775336001,373000.0,PEN,Soles,2026-03-11T00:00:00-05:00
ocds-dgv273-seacev3-2026-1077-1,ocds-dgv273-seacev3-2026-1077-1-2026-04-23T10:36:20.886927-05:00,1186553-1766500,79568.8,PEN,Soles,2026-02-20T00:00:00-05:00
ocds-dgv273-seacev3-2026-1598-2,ocds-dgv273-seacev3-2026-1598-2-2026-04-23T10:36:20.368007-05:00,1186680-20514345440,420000.0,PEN,Soles,2026-02-17T00:00:00-05:00
ocds-dgv273-seacev3-2026-822-7,ocds-dgv273-seacev3-2026-822-7-2026-04-23T10:36:14.207710-05:00,1189477-20610040951,51300.0,PEN,Soles,2026-03-09T00:00:00-05:00
ocds-dgv273-seacev3-2026-822-7,ocds-dgv273-seacev3-2026-822-7-2026-04-23T10:36:14.207710-05:00,1189477-20535515728,69290.0,PEN,Soles,2026-03-26T00:00:00-05:00
ocds-dgv273-seacev3-1190695,ocds-dgv273-seacev3-1190695-2026-04-23T10:36:11.245037-05:00,1190695-1769926,1430975.34,PEN,Soles,2026-03-16T00:00:00-05:00
ocds-dgv273-seacev3-1190651,ocds-dgv273-seacev3-1190651-2026-04-23T10:36:10.203946-05:00,1190651-20608812572,77222.6,PEN,Soles,2026-03-04T00:00:00-05:00
ocds-dgv273-seacev3-1186594,ocds-dgv273-seacev3-1186594-2026-04-23T10:36:09.341851-05:00,1186594-10767485749,71500.0,PEN,Soles,2026-02-10T00:00:00-05:00
ocds-dgv273-seacev3-2026-1485-5,ocds-dgv273-seacev3-2026-1485-5-2026-04-23T10:36:08.871416-05:00,1187378-20528496084,2320920.0,PEN,Soles,2026-02-23T00:00:00-05:00
ocds-dgv273-seacev3-1190747,ocds-dgv273-seacev3-1190747-2026-04-23T10:36:04.677737-05:00,1190747-20532371342,192000.0,PEN,Soles,2026-03-31T00:00:00-05:00
ocds-dgv273-seacev3-1189388,ocds-dgv273-seacev3-1189388-2026-04-23T10:36:04.336116-05:00,1189388-20452235316,50400.0,PEN,Soles,2026-03-03T00:00:00-05:00
ocds-dgv273-seacev3-1191266,ocds-dgv273-seacev3-1191266-2026-04-23T10:36:03.296273-05:00,1191266-20573811675,70310.0,PEN,Soles,2026-03-13T00:00:00-05:00
ocds-dgv273-seacev3-1191244,ocds-dgv273-seacev3-1191244-2026-04-23T10:36:00.061521-05:00,1191244-20600270541,101810.95,PEN,Soles,2026-02-25T00:00:00-05:00
ocds-dgv273-seacev3-1189808,ocds-dgv273-seacev3-1189808-2026-04-23T10:35:59.923568-05:00,1189808-20607960268,130635.1,PEN,Soles,2026-03-11T00:00:00-05:00
ocds-dgv273-seacev3-1191217,ocds-dgv273-seacev3-1191217-2026-04-23T10:35:59.251931-05:00,1191217-1770143,59592.0,PEN,Soles,2026-03-11T00:00:00-05:00
ocds-dgv273-seacev3-1186762,ocds-dgv273-seacev3-1186762-2026-04-23T10:35:58.902284-05:00,1186762-20600111150,59143.47,PEN,Soles,2026-02-24T00:00:00-05:00
ocds-dgv273-seacev3-1190078,ocds-dgv273-seacev3-1190078-2026-04-23T10:35:51.429958-05:00,1190078-10078301215,352000.0,PEN,Soles,2026-02-27T00:00:00-05:00
ocds-dgv273-seacev3-2026-1162-3,ocds-dgv273-seacev3-2026-1162-3-2026-04-23T10:35:51.287948-05:00,1190802-20486760819,160996.8,PEN,Soles,2026-03-25T00:00:00-05:00
ocds-dgv273-seacev3-1189335,ocds-dgv273-seacev3-1189335-2026-04-23T10:35:49.229749-05:00,1189335-20603890028,10876129.76,PEN,Soles,2026-03-09T00:00:00-05:00
ocds-dgv273-seacev3-1190459,ocds-dgv273-seacev3-1190459-2026-04-23T10:35:49.078904-05:00,1190459-10446305706,115200.0,PEN,Soles,2026-03-26T00:00:00-05:00
ocds-dgv273-seacev3-2026-1160-1,ocds-dgv273-seacev3-2026-1160-1-2026-04-23T10:35:48.758029-05:00,1192036-10410828184,138455.4,PEN,Soles,2026-03-19T00:00:00-05:00
ocds-dgv273-seacev3-2026-812-1,ocds-dgv273-seacev3-2026-812-1-2026-04-23T10:35:48.455357-05:00,1190672-20610518835,126720.0,PEN,Soles,2026-03-11T00:00:00-05:00
ocds-dgv273-seacev3-1190934,ocds-dgv273-seacev3-1190934-2026-04-23T10:35:47.344846-05:00,1190934-20604302235,102000.0,PEN,Soles,2026-03-06T00:00:00-05:00
ocds-dgv273-seacev3-1190934,ocds-dgv273-seacev3-1190934-2026-04-23T10:35:47.344846-05:00,1190934-20607512184,114000.0,PEN,Soles,2026-03-31T00:00:00-05:00
ocds-dgv273-seacev3-1206445,ocds-dgv273-seacev3-1206445-2026-04-22T10:36:00.530444-05:00,1206445-10088091693,144000.0,PEN,Soles,2026-04-16T00:00:00-05:00
ocds-dgv273-seacev3-1206541,ocds-dgv273-seacev3-1206541-2026-04-22T10:35:58.541351-05:00,1206541-10094745131,120000.0,PEN,Soles,2026-04-17T00:00:00-05:00
ocds-dgv273-seacev3-1191613,ocds-dgv273-seacev3-1191613-2026-04-22T10:35:57.642987-05:00,1191613-20258134568,56745.0,PEN,Soles,2026-03-20T00:00:00-05:00
ocds-dgv273-seacev3-1191613,ocds-dgv273-seacev3-1191613-2026-04-22T10:35:57.642987-05:00,1191613-20517666361,49900.0,PEN,Soles,2026-03-20T00:00:00-05:00
ocds-dgv273-seacev3-1191613,ocds-dgv273-seacev3-1191613-2026-04-22T10:35:57.642987-05:00,1191613-20606465085,45000.0,PEN,Soles,2026-03-20T00:00:00-05:00
ocds-dgv273-seacev3-1189514,ocds-dgv273-seacev3-1189514-2026-04-22T10:35:56.304200-05:00,1189514-10801246571,60000.0,PEN,Soles,2026-03-18T00:00:00-05:00
ocds-dgv273-seacev3-2026-27-28,ocds-dgv273-seacev3-2026-27-28-2026-04-22T10:35:52.842517-05:00,1189674-20467534026,180648.0,PEN,Soles,2026-03-19T00:00:00-05:00
ocds-dgv273-seacev3-2026-352-1,ocds-dgv273-seacev3-2026-352-1-2026-04-22T10:35:51.396153-05:00,1187501-20609876361,2254375.0,PEN,Soles,2026-03-03T00:00:00-05:00
ocds-dgv273-seacev3-2026-1926-9,ocds-dgv273-seacev3-2026-1926-9-2026-04-22T10:35:51.381759-05:00,1188557-20524858518,33600.0,USD,Dólar Norteamericano,2026-03-06T00:00:00-05:00
ocds-dgv273-seacev3-2026-216-1,ocds-dgv273-seacev3-2026-216-1-2026-04-22T10:35:51.183864-05:00,1188069-20610478329,51721.0,PEN,Soles,2026-03-03T00:00:00-05:00
ocds-dgv273-seacev3-1190293,ocds-dgv273-seacev3-1190293-2026-04-22T10:35:45.491802-05:00,1190293-20500333414,151898.4,PEN,Soles,2026-03-27T00:00:00-05:00
ocds-dgv273-seacev3-1189283,ocds-dgv273-seacev3-1189283-2026-04-22T10:35:43.098592-05:00,1189283-20605378286,225000.0,PEN,Soles,2026-03-17T00:00:00-05:00
ocds-dgv273-seacev3-2026-1003042270-4,ocds-dgv273-seacev3-2026-1003042270-4-2026-04-22T10:35:41.294220-05:00,1188529-20603400004,459500.0,PEN,Soles,2026-02-26T00:00:00-05:00
ocds-dgv273-seacev3-1186826,ocds-dgv273-seacev3-1186826-2026-04-22T10:35:40.912824-05:00,1186826-20539916379,82907.5,PEN,Soles,2026-03-26T00:00:00-05:00
ocds-dgv273-seacev3-2026-259-2,ocds-dgv273-seacev3-2026-259-2-2026-04-22T10:35:40.886289-05:00,1184867-1765555,210000.0,PEN,Soles,2026-02-18T00:00:00-05:00
ocds-dgv273-seacev3-2026-119558-7,ocds-dgv273-seacev3-2026-119558-7-2026-04-22T10:35:40.797824-05:00,1187115-10439590128,90000.0,PEN,Soles,2026-02-20T00:00:00-05:00
ocds-dgv273-seacev3-2026-1926-25,ocds-dgv273-seacev3-2026-1926-25-2026-04-22T10:35:36.736590-05:00,1191071-L5552918093,447086.69,USD,Dólar Norteamericano,2026-02-25T00:00:00-05:00
ocds-dgv273-seacev3-2026-1585-8,ocds-dgv273-seacev3-2026-1585-8-2026-04-22T10:35:36.483778-05:00,1190841-20398604734,1593761.01,PEN,Soles,2026-03-18T00:00:00-05:00
ocds-dgv273-seacev3-2026-1232-2,ocds-dgv273-seacev3-2026-1232-2-2026-04-22T10:35:36.311419-05:00,1189278-20602387888,4028801.4,PEN,Soles,2026-03-24T00:00:00-05:00
ocds-dgv273-seacev3-2026-10137-3,ocds-dgv273-seacev3-2026-10137-3-2026-04-22T10:35:35.917919-05:00,1190584-10082911761,100285.0,PEN,Nuevos Soles,2026-03-13T00:00:00-05:00
ocds-dgv273-seacev3-2026-10404-4,ocds-dgv273-seacev3-2026-10404-4-2026-04-22T10:35:35.141788-05:00,1189583-10440653371,146800.0,PEN,Soles,2026-03-23T00:00:00-05:00
ocds-dgv273-seacev3-2026-1279-1,ocds-dgv273-seacev3-2026-1279-1-2026-04-22T10:35:35.086060-05:00,1189974-1769447,300000.0,PEN,Soles,2026-03-06T00:00:00-05:00
ocds-dgv273-seacev3-1190258,ocds-dgv273-seacev3-1190258-2026-04-22T10:35:34.133650-05:00,1190258-20613143646,74999.0,PEN,Soles,2026-03-05T00:00:00-05:00
ocds-dgv273-seacev3-1190258,ocds-dgv273-seacev3-1190258-2026-04-22T10:35:34.133650-05:00,1190258-10311356700,86999.0,PEN,Soles,2026-03-27T00:00:00-05:00
ocds-dgv273-seacev3-1190171,ocds-dgv273-seacev3-1190171-2026-04-22T10:35:33.325393-05:00,1190171-1777863,4528224.74,PEN,Soles,2026-04-07T00:00:00-05:00
ocds-dgv273-seacev3-1190324,ocds-dgv273-seacev3-1190324-2026-04-22T10:35:32.836853-05:00,1190324-1770277,101365.0,PEN,Soles,2026-03-13T00:00:00-05:00
ocds-dgv273-seacev3-1191880,ocds-dgv273-seacev3-1191880-2026-04-22T10:35:32.564550-05:00,1191880-20600111150,654135.0,PEN,Soles,2026-03-11T00:00:00-05:00
ocds-dgv273-seacev3-2026-942-1,ocds-dgv273-seacev3-2026-942-1-2026-04-22T10:35:32.303652-05:00,1189076-20494224748,147369.0,PEN,Soles,2026-03-05T00:00:00-05:00
ocds-dgv273-seacev3-2026-396-2,ocds-dgv273-seacev3-2026-396-2-2026-04-22T10:35:31.235181-05:00,1188780-20494538254,87646.02,PEN,Soles,2026-03-12T00:00:00-05:00
ocds-dgv273-seacev3-2026-396-2,ocds-dgv273-seacev3-2026-396-2-2026-04-22T10:35:31.235181-05:00,1188780-20601710316,97662.71,PEN,Soles,2026-04-01T00:00:00-05:00
ocds-dgv273-seacev3-1195968,ocds-dgv273-seacev3-1195968-2026-04-22T10:35:30.818997-05:00,1195968-1773798,440621.08,PEN,Soles,2026-03-25T00:00:00-05:00
ocds-dgv273-seacev3-1191689,ocds-dgv273-seacev3-1191689-2026-04-22T10:35:30.803927-05:00,1191689-20600897471,63000.0,USD,Dólar Norteamericano,2026-03-06T00:00:00-05:00
ocds-dgv273-seacev3-1190675,ocds-dgv273-seacev3-1190675-2026-04-22T10:35:30.748642-05:00,1190675-1771976,329232.0,PEN,Soles,2026-03-26T00:00:00-05:00
ocds-dgv273-seacev3-2026-200437-2,ocds-dgv273-seacev3-2026-200437-2-2026-04-22T10:35:30.376400-05:00,1188025-20546675310,275000.0,PEN,Soles,2026-03-04T00:00:00-05:00
ocds-dgv273-seacev3-2026-742-57,ocds-dgv273-seacev3-2026-742-57-2026-04-22T10:35:30.146363-05:00,1186312-10258550604,3715000.0,PEN,Soles,2026-03-19T00:00:00-05:00
ocds-dgv273-seacev3-2026-10249-75,ocds-dgv273-seacev3-2026-10249-75-2026-04-22T10:35:26.200278-05:00,1191957-20501518914,1070530.0,PEN,Soles,2026-04-10T00:00:00-05:00
ocds-dgv273-seacev3-2026-10141-34,ocds-dgv273-seacev3-2026-10141-34-2026-04-22T10:35:26.023450-05:00,1190745-20608515217,185828.49,PEN,Soles,2026-03-30T22:23:14-05:00
ocds-dgv273-seacev3-1189422,ocds-dgv273-seacev3-1189422-2026-04-22T10:35:25.482368-05:00,1189422-1769979,150084.2,PEN,Soles,2026-03-12T00:00:00-05:00
ocds-dgv273-seacev3-1190043,ocds-dgv273-seacev3-1190043-2026-04-22T10:35:24.697242-05:00,1190043-20606335581,1026619.0,PEN,Nuevos Soles,2026-03-13T00:00:00-05:00
ocds-dgv273-seacev3-1193154,ocds-dgv273-seacev3-1193154-2026-04-22T10:35:22.026461-05:00,1193154-1770572,234572.44,PEN,Soles,2026-03-16T00:00:00-05:00
ocds-dgv273-seacev3-1188408,ocds-dgv273-seacev3-1188408-2026-04-22T10:35:21.937770-05:00,1188408-10008219503,79000.0,PEN,Soles,2026-03-06T00:00:00-05:00
ocds-dgv273-seacev3-1190149,ocds-dgv273-seacev3-1190149-2026-04-22T10:35:21.618219-05:00,1190149-20609833344,89000.0,PEN,Soles,2026-03-24T00:00:00-05:00
ocds-dgv273-seacev3-1190947,ocds-dgv273-seacev3-1190947-2026-04-22T10:35:20.638647-05:00,1190947-10200550043,81215.99,PEN,Soles,2026-03-20T00:00:00-05:00
ocds-dgv273-seacev3-2026-844-1,ocds-dgv273-seacev3-2026-844-1-2026-04-22T10:35:20.206269-05:00,1188600-20600609166,112813.65,PEN,Soles,2026-03-04T00:00:00-05:00
ocds-dgv273-seacev3-1187799,ocds-dgv273-seacev3-1187799-2026-04-22T10:35:19.258673-05:00,1187799-1772424,710777.28,PEN,Soles,2026-03-18T00:00:00-05:00
ocds-dgv273-seacev3-1186142,ocds-dgv273-seacev3-1186142-2026-04-22T10:35:19.219824-05:00,1186142-20604075379,69965.0,PEN,Soles,2026-02-12T14:26:34-05:00
ocds-dgv273-seacev3-1186142,ocds-dgv273-seacev3-1186142-2026-04-22T10:35:19.219824-05:00,1186142-20614686937,71964.0,PEN,Soles,2026-03-09T00:00:00-05:00
ocds-dgv273-seacev3-2026-10137-1,ocds-dgv273-seacev3-2026-10137-1-2026-04-22T10:35:13.042864-05:00,1191011-20551731767,199920.0,PEN,Soles,2026-03-13T00:00:00-05:00
ocds-dgv273-seacev3-1197681,ocds-dgv273-seacev3-1197681-2026-04-22T10:35:10.076947-05:00,1197681-20282738946,97022.89,PEN,Soles,2026-03-18T00:00:00-05:00
ocds-dgv273-seacev3-1187964,ocds-dgv273-seacev3-1187964-2026-04-22T10:35:08.783720-05:00,1187964-1767795,180000.0,PEN,Soles,2026-03-02T00:00:00-05:00
ocds-dgv273-seacev3-1190166,ocds-dgv273-seacev3-1190166-2026-04-22T10:35:03.798296-05:00,1190166-20552452314,169155.0,PEN,Soles,2026-03-13T00:00:00-05:00
ocds-dgv273-seacev3-2026-374-50,ocds-dgv273-seacev3-2026-374-50-2026-04-22T10:35:03.748460-05:00,1190776-20600111150,603806.0,PEN,Soles,2026-03-05T00:00:00-05:00
ocds-dgv273-seacev3-1190698,ocds-dgv273-seacev3-1190698-2026-04-22T10:35:02.681828-05:00,1190698-20201018812,636329.0,PEN,Soles,2026-03-05T00:00:00-05:00
ocds-dgv273-seacev3-1190698,ocds-dgv273-seacev3-1190698-2026-04-22T10:35:02.681828-05:00,1190698-20539224493,461666.67,PEN,Soles,2026-03-05T00:00:00-05:00
ocds-dgv273-seacev3-2026-10137-5,ocds-dgv273-seacev3-2026-10137-5-2026-04-22T10:35:01.416871-05:00,1190829-20478217626,76757.0,PEN,Nuevos Soles,2026-03-16T00:00:00-05:00
ocds-dgv273-seacev3-1190381,ocds-dgv273-seacev3-1190381-2026-04-22T10:35:01.376158-05:00,1190381-20605844139,575119.87,PEN,Soles,2026-03-09T00:00:00-05:00
ocds-dgv273-seacev3-2026-1530-6,ocds-dgv273-seacev3-2026-1530-6-2026-04-22T10:34:53.208713-05:00,1188394-10244664526,83260.0,PEN,Soles,2026-03-06T00:00:00-05:00
ocds-dgv273-seacev3-2026-1211-1,ocds-dgv273-seacev3-2026-1211-1-2026-04-22T10:34:52.198404-05:00,1190813-20477180401,533488.93,PEN,Soles,2026-03-18T00:00:00-05:00
ocds-dgv273-seacev3-2026-49-107,ocds-dgv273-seacev3-2026-49-107-2026-04-22T10:34:51.625341-05:00,1190559-20542625741,572860.0,PEN,Soles,2026-04-07T00:00:00-05:00
ocds-dgv273-seacev3-1191209,ocds-dgv273-seacev3-1191209-2026-04-22T10:34:51.074796-05:00,1191209-1772157,420034.28,PEN,Soles,2026-03-25T00:00:00-05:00
ocds-dgv273-seacev3-1191159,ocds-dgv273-seacev3-1191159-2026-04-22T10:34:51.037655-05:00,1191159-20602035159,59976.0,PEN,Soles,2026-03-26T00:00:00-05:00
ocds-dgv273-seacev3-1189904,ocds-dgv273-seacev3-1189904-2026-04-22T10:34:50.517981-05:00,1189904-20501887286,53829.2,PEN,Soles,2026-03-12T00:00:00-05:00
ocds-dgv273-seacev3-1188837,ocds-dgv273-seacev3-1188837-2026-04-22T10:34:48.282582-05:00,1188837-20100057523,130717.0,PEN,Soles,2026-03-10T00:00:00-05:00
ocds-dgv273-seacev3-1190125,ocds-dgv273-seacev3-1190125-2026-04-19T10:08:39.830001-05:00,1190125-10460821075,12000.0,PEN,Soles,2026-04-16T00:00:00-05:00
ocds-dgv273-seacev3-2026-1585-7,ocds-dgv273-seacev3-2026-1585-7-2026-04-19T10:08:39.755824-05:00,1190822-20607488003,914904.33,PEN,Soles,2026-03-17T00:00:00-05:00
ocds-dgv273-seacev3-1204930,ocds-dgv273-seacev3-1204930-2026-04-19T10:08:38.843322-05:00,1204930-10087409908,332000.0,PEN,Soles,2026-04-15T00:00:00-05:00
ocds-dgv273-seacev3-1202363,ocds-dgv273-seacev3-1202363-2026-04-19T10:08:38.188260-05:00,1202363-20509860981,389722.39,PEN,Soles,2026-04-01T00:00:00-05:00
ocds-dgv273-seacev3-1205327,ocds-dgv273-seacev3-1205327-2026-04-19T10:08:37.372796-05:00,1205327-10296043457,52000.0,PEN,Soles,2026-04-16T00:00:00-05:00
ocds-dgv273-seacev3-1188541,ocds-dgv273-seacev3-1188541-2026-04-19T10:08:35.445026-05:00,1188541-20489501164,145221.0,PEN,Soles,2026-03-06T00:00:00-05:00
ocds-dgv273-seacev3-1188582,ocds-dgv273-seacev3-1188582-2026-04-19T10:08:35.427371-05:00,1188582-1773305,11124062.79,PEN,Soles,2026-03-24T00:00:00-05:00
ocds-dgv273-seacev3-1188368,ocds-dgv273-seacev3-1188368-2026-04-19T10:08:35.337913-05:00,1188368-10704264807,69734.0,PEN,Soles,2026-02-24T00:00:00-05:00
ocds-dgv273-seacev3-1187425,ocds-dgv273-seacev3-1187425-2026-04-19T10:08:35.164605-05:00,1187425-20501887286,84750.0,PEN,Soles,2026-03-30T00:00:00-05:00
ocds-dgv273-seacev3-1191293,ocds-dgv273-seacev3-1191293-2026-04-19T10:08:33.764362-05:00,1191293-20452545854,121900.0,PEN,Soles,2026-03-11T00:00:00-05:00
ocds-dgv273-seacev3-1189971,ocds-dgv273-seacev3-1189971-2026-04-19T10:08:33.064726-05:00,1189971-1771488,721760.28,PEN,Soles,2026-03-30T00:00:00-05:00
ocds-dgv273-seacev3-1190564,ocds-dgv273-seacev3-1190564-2026-04-19T10:08:32.981331-05:00,1190564-20605831215,512000.0,PEN,Soles,2026-03-19T00:00:00-05:00
ocds-dgv273-seacev3-1189296,ocds-dgv273-seacev3-1189296-2026-04-19T10:08:32.751711-05:00,1189296-1770366,1666004.91,PEN,Soles,2026-03-20T00:00:00-05:00
ocds-dgv273-seacev3-1190548,ocds-dgv273-seacev3-1190548-2026-04-19T10:08:31.402379-05:00,1190548-10754592864,12000.0,PEN,Soles,2026-04-16T00:00:00-05:00
ocds-dgv273-seacev3-1190131,ocds-dgv273-seacev3-1190131-2026-04-19T10:08:30.434733-05:00,1190131-10473591524,12000.0,PEN,Soles,2026-04-16T00:00:00-05:00
ocds-dgv273-seacev3-1188843,ocds-dgv273-seacev3-1188843-2026-04-19T10:08:30.197534-05:00,1188843-10462145212,12000.0,PEN,Soles,2026-04-16T00:00:00-05:00
ocds-dgv273-seacev3-2026-411-1,ocds-dgv273-seacev3-2026-411-1-2026-04-19T10:08:29.998485-05:00,1190985-20328495474,651574.6,PEN,Soles,2026-03-12T00:00:00-05:00
ocds-dgv273-seacev3-2026-47-5,ocds-dgv273-seacev3-2026-47-5-2026-04-19T10:08:28.964300-05:00,1190409-10404681210,250000.0,PEN,Soles,2026-03-18T00:00:00-05:00
ocds-dgv273-seacev3-1190208,ocds-dgv273-seacev3-1190208-2026-04-19T10:08:28.637826-05:00,1190208-1769890,4023198.7,PEN,Soles,2026-03-11T00:00:00-05:00
ocds-dgv273-seacev3-1188764,ocds-dgv273-seacev3-1188764-2026-04-19T10:08:28.505927-05:00,1188764-10466971281,12000.0,PEN,Soles,2026-04-16T00:00:00-05:00
ocds-dgv273-seacev3-1188881,ocds-dgv273-seacev3-1188881-2026-04-19T10:08:27.956896-05:00,1188881-1774398,7327533.3,PEN,Soles,2026-03-25T00:00:00-05:00
ocds-dgv273-seacev3-1188453,ocds-dgv273-seacev3-1188453-2026-04-19T10:08:27.176291-05:00,1188453-20449314868,81837.0,PEN,Soles,2026-02-25T00:00:00-05:00
ocds-dgv273-seacev3-1187384,ocds-dgv273-seacev3-1187384-2026-04-19T10:08:26.888639-05:00,1187384-1769160,120000.0,PEN,Soles,2026-03-10T00:00:00-05:00
ocds-dgv273-seacev3-1186974,ocds-dgv273-seacev3-1186974-2026-04-19T10:08:26.807908-05:00,1186974-1766751,105256.7,PEN,Soles,2026-03-05T00:00:00-05:00
ocds-dgv273-seacev3-2026-878-3,ocds-dgv273-seacev3-2026-878-3-2026-04-19T10:08:26.784444-05:00,1186599-20563136562,35838.0,PEN,Soles,2026-02-16T00:00:00-05:00
ocds-dgv273-seacev3-2026-49-137,ocds-dgv273-seacev3-2026-49-137-2026-04-19T10:08:26.769485-05:00,1187787-20608459007,78288.0,PEN,Soles,2026-02-25T00:00:00-05:00
ocds-dgv273-seacev3-2026-49-137,ocds-dgv273-seacev3-2026-49-137-2026-04-19T10:08:26.769485-05:00,1187787-20406428541,79398.0,PEN,Soles,2026-03-25T00:00:00-05:00
ocds-dgv273-seacev3-1190555,ocds-dgv273-seacev3-1190555-2026-04-19T10:08:23.048499-05:00,1190555-20376181015,7203015.0,PEN,Soles,2026-03-19T00:00:00-05:00
ocds-dgv273-seacev3-1190135,ocds-dgv273-seacev3-1190135-2026-04-19T10:08:22.662483-05:00,1190135-10710430999,12000.0,PEN,Soles,2026-04-16T00:00:00-05:00
ocds-dgv273-seacev3-1189675,ocds-dgv273-seacev3-1189675-2026-04-19T10:08:22.299992-05:00,1189675-10249457863,80000.0,PEN,Soles,2026-03-03T00:00:00-05:00
ocds-dgv273-seacev3-1189675,ocds-dgv273-seacev3-1189675-2026-04-19T10:08:22.299992-05:00,1189675-20600349342,86000.0,PEN,Soles,2026-03-20T00:00:00-05:00
ocds-dgv273-seacev3-1205282,ocds-dgv273-seacev3-1205282-2026-04-19T10:08:21.533024-05:00,1205282-10763935367,30000.0,PEN,Soles,2026-04-16T00:00:00-05:00
ocds-dgv273-seacev3-2026-1209-3,ocds-dgv273-seacev3-2026-1209-3-2026-04-19T10:08:20.633408-05:00,1195841-1772656,2906285.59,PEN,Soles,2026-03-23T00:00:00-05:00
ocds-dgv273-seacev3-2026-1327-15,ocds-dgv273-seacev3-2026-1327-15-2026-04-19T10:08:20.570200-05:00,1190280-1770573,450000.0,PEN,Soles,2026-03-18T00:00:00-05:00
ocds-dgv273-seacev3-1188660,ocds-dgv273-seacev3-1188660-2026-04-19T10:08:19.949015-05:00,1188660-10723697021,12000.0,PEN,Soles,2026-04-16T00:00:00-05:00
ocds-dgv273-seacev3-1191773,ocds-dgv273-seacev3-1191773-2026-04-19T10:08:19.569242-05:00,1191773-10728057179,12000.0,PEN,Soles,2026-04-16T00:00:00-05:00
ocds-dgv273-seacev3-1196516,ocds-dgv273-seacev3-1196516-2026-04-19T10:08:19.388694-05:00,1196516-20534274646,263483.83,PEN,Soles,2026-03-23T00:00:00-05:00
ocds-dgv273-seacev3-1190060,ocds-dgv273-seacev3-1190060-2026-04-19T10:08:18.450156-05:00,1190060-10723146475,12000.0,PEN,Soles,2026-04-16T00:00:00-05:00
ocds-dgv273-seacev3-2026-847-9,ocds-dgv273-seacev3-2026-847-9-2026-04-19T10:08:16.681244-05:00,1188046-10424812230,54400.0,PEN,Soles,2026-02-24T00:00:00-05:00
ocds-dgv273-seacev3-2026-847-9,ocds-dgv273-seacev3-2026-847-9-2026-04-19T10:08:16.681244-05:00,1188046-20532492051,55700.0,PEN,Soles,2026-03-26T00:00:00-05:00
ocds-dgv273-seacev3-1187210,ocds-dgv273-seacev3-1187210-2026-04-19T10:08:16.430423-05:00,1187210-1768539,115000.0,PEN,Soles,2026-03-11T00:00:00-05:00
ocds-dgv273-seacev3-2026-10141-22,ocds-dgv273-seacev3-2026-10141-22-2026-04-19T10:08:14.166392-05:00,1189992-20602391427,302868.0,PEN,Soles,2026-03-12T00:00:00-05:00
ocds-dgv273-seacev3-2026-1209-25,ocds-dgv273-seacev3-2026-1209-25-2026-04-19T10:08:13.308206-05:00,1189143-20274444666,605047.8,PEN,Soles,2026-03-02T00:00:00-05:00
ocds-dgv273-seacev3-2026-191147-13,ocds-dgv273-seacev3-2026-191147-13-2026-04-19T10:08:12.627109-05:00,1191660-20409421491,86000.0,PEN,Soles,2026-03-25T00:00:00-05:00
ocds-dgv273-seacev3-1188491,ocds-dgv273-seacev3-1188491-2026-04-19T10:08:12.026947-05:00,1188491-10417680336,12000.0,PEN,Soles,2026-04-16T00:00:00-05:00
ocds-dgv273-seacev3-1190134,ocds-dgv273-seacev3-1190134-2026-04-19T10:08:10.514987-05:00,1190134-10727644607,12000.0,PEN,Soles,2026-04-16T00:00:00-05:00
ocds-dgv273-seacev3-1188836,ocds-dgv273-seacev3-1188836-2026-04-19T10:08:10.202198-05:00,1188836-10417683700,12000.0,PEN,Soles,2026-04-16T00:00:00-05:00
ocds-dgv273-seacev3-1204983,ocds-dgv273-seacev3-1204983-2026-04-19T10:08:09.297993-05:00,1204983-10254173105,239500.0,PEN,Soles,2026-04-15T00:00:00-05:00
ocds-dgv273-seacev3-2026-102627-18,ocds-dgv273-seacev3-2026-102627-18-2026-04-19T10:08:08.762984-05:00,1188210-20604214131,54197.8,PEN,Soles,2026-03-17T00:00:00-05:00
ocds-dgv273-seacev3-1187392,ocds-dgv273-seacev3-1187392-2026-04-19T10:08:08.288014-05:00,1187392-20501887286,79700.0,PEN,Soles,2026-03-30T00:00:00-05:00
ocds-dgv273-seacev3-1190292,ocds-dgv273-seacev3-1190292-2026-04-19T10:08:04.170140-05:00,1190292-20613847651,170000.0,PEN,Soles,2026-03-25T00:00:00-05:00
ocds-dgv273-seacev3-1205375,ocds-dgv273-seacev3-1205375-2026-04-19T10:08:03.973020-05:00,1205375-10420795560,48000.0,PEN,Nuevos Soles,2026-04-16T00:00:00-05:00
ocds-dgv273-seacev3-1190018,ocds-dgv273-seacev3-1190018-2026-04-19T10:08:03.941600-05:00,1190018-10741414282,12000.0,PEN,Soles,2026-04-16T00:00:00-05:00
ocds-dgv273-seacev3-1189287,ocds-dgv273-seacev3-1189287-2026-04-19T10:08:02.894202-05:00,1189287-1774277,1076613.99,PEN,Soles,2026-03-25T00:00:00-05:00
ocds-dgv273-seacev3-1188911,ocds-dgv273-seacev3-1188911-2026-04-19T10:07:59.548460-05:00,1188911-10434999770,16000.0,PEN,Soles,2026-04-16T00:00:00-05:00
ocds-dgv273-seacev3-2026-1160-7,ocds-dgv273-seacev3-2026-1160-7-2026-04-19T10:07:57.598390-05:00,1188116-20541393651,84000.0,PEN,Soles,2026-03-02T00:00:00-05:00
ocds-dgv273-seacev3-1189068,ocds-dgv273-seacev3-1189068-2026-04-18T10:19:58.890736-05:00,1189068-10461949296,12000.0,PEN,Soles,2026-03-18T00:00:00-05:00
ocds-dgv273-seacev3-1190943,ocds-dgv273-seacev3-1190943-2026-04-18T10:19:57.285767-05:00,1190943-10726783387,24000.0,PEN,Soles,2026-04-15T00:00:00-05:00
ocds-dgv273-seacev3-1190662,ocds-dgv273-seacev3-1190662-2026-04-18T10:19:56.528432-05:00,1190662-10413406191,18000.0,PEN,Soles,2026-04-15T00:00:00-05:00
ocds-dgv273-seacev3-1189151,ocds-dgv273-seacev3-1189151-2026-04-18T10:19:55.505218-05:00,1189151-10724795710,18000.0,PEN,Soles,2026-03-18T00:00:00-05:00
ocds-dgv273-seacev3-1191528,ocds-dgv273-seacev3-1191528-2026-04-18T10:19:53.658719-05:00,1191528-20601375673,175000.0,PEN,Soles,2026-03-24T00:00:00-05:00
ocds-dgv273-seacev3-1190268,ocds-dgv273-seacev3-1190268-2026-04-18T10:19:53.316176-05:00,1190268-20610667504,308000.0,PEN,Soles,2026-03-12T00:00:00-05:00
ocds-dgv273-seacev3-1188712,ocds-dgv273-seacev3-1188712-2026-04-18T10:19:52.987988-05:00,1188712-10421837975,20000.0,PEN,Soles,2026-03-18T00:00:00-05:00
ocds-dgv273-seacev3-2026-1593-27,ocds-dgv273-seacev3-2026-1593-27-2026-04-18T10:19:51.966375-05:00,1187604-20602665471,68611.4,PEN,Soles,2026-02-24T00:00:00-05:00
ocds-dgv273-seacev3-2026-10398-5,ocds-dgv273-seacev3-2026-10398-5-2026-04-18T10:19:51.359373-05:00,1187835-20600264657,706680.0,PEN,Soles,2026-03-18T00:00:00-05:00
ocds-dgv273-seacev3-2026-1731-4,ocds-dgv273-seacev3-2026-1731-4-2026-04-18T10:19:50.939289-05:00,1186777-20600852346,123885.45,PEN,Soles,2026-02-17T00:00:00-05:00
ocds-dgv273-seacev3-2026-1731-4,ocds-dgv273-seacev3-2026-1731-4-2026-04-18T10:19:50.939289-05:00,1186777-20511037001,124433.0,PEN,Soles,2026-03-18T00:00:00-05:00
ocds-dgv273-seacev3-1187239,ocds-dgv273-seacev3-1187239-2026-04-18T10:19:50.905245-05:00,1187239-10432659815,18000.0,PEN,Nuevos Soles,2026-04-16T00:00:00-05:00
ocds-dgv273-seacev3-1187174,ocds-dgv273-seacev3-1187174-2026-04-18T10:19:50.891325-05:00,1187174-10765419714,12000.0,PEN,Nuevos Soles,2026-04-16T00:00:00-05:00
ocds-dgv273-seacev3-1187251,ocds-dgv273-seacev3-1187251-2026-04-18T10:19:50.851185-05:00,1187251-10403185197,24000.0,PEN,Nuevos Soles,2026-04-16T00:00:00-05:00
ocds-dgv273-seacev3-1188578,ocds-dgv273-seacev3-1188578-2026-04-18T10:19:47.832039-05:00,1188578-20566485771,600000.0,PEN,Soles,2026-03-27T00:00:00-05:00
ocds-dgv273-seacev3-1189555,ocds-dgv273-seacev3-1189555-2026-04-18T10:19:45.152178-05:00,1189555-20600182197,1081811.4,PEN,Soles,2026-03-17T00:00:00-05:00
ocds-dgv273-seacev3-1190660,ocds-dgv273-seacev3-1190660-2026-04-18T10:19:44.749901-05:00,1190660-20613107828,87945.0,PEN,Soles,2026-02-24T00:00:00-05:00
ocds-dgv273-seacev3-1190457,ocds-dgv273-seacev3-1190457-2026-04-18T10:19:44.031460-05:00,1190457-10461711168,18000.0,PEN,Soles,2026-04-15T00:00:00-05:00
ocds-dgv273-seacev3-1189887,ocds-dgv273-seacev3-1189887-2026-04-18T10:19:42.121470-05:00,1189887-10464112711,12000.0,PEN,Nuevos Soles,2026-02-27T00:00:00-05:00
ocds-dgv273-seacev3-1189148,ocds-dgv273-seacev3-1189148-2026-04-18T10:19:42.107601-05:00,1189148-10475346551,18000.0,PEN,Nuevos Soles,2026-03-18T00:00:00-05:00
ocds-dgv273-seacev3-1187589,ocds-dgv273-seacev3-1187589-2026-04-18T10:19:40.834323-05:00,1187589-10190752700,1152000.0,PEN,Soles,2026-02-13T00:00:00-05:00
ocds-dgv273-seacev3-1189451,ocds-dgv273-seacev3-1189451-2026-04-18T10:19:37.094492-05:00,1189451-10449912182,73900.0,PEN,Soles,2026-03-09T00:00:00-05:00
ocds-dgv273-seacev3-2026-200302-28,ocds-dgv273-seacev3-2026-200302-28-2026-04-18T10:19:35.352686-05:00,1188996-10419751826,309211.34,PEN,Soles,2026-03-13T00:00:00-05:00
ocds-dgv273-seacev3-1190986,ocds-dgv273-seacev3-1190986-2026-04-18T10:19:34.992803-05:00,1190986-10730234100,18000.0,PEN,Soles,2026-04-15T00:00:00-05:00
ocds-dgv273-seacev3-1190503,ocds-dgv273-seacev3-1190503-2026-04-18T10:19:32.763936-05:00,1190503-10410103741,24000.0,PEN,Soles,2026-04-15T00:00:00-05:00
ocds-dgv273-seacev3-2026-374-35,ocds-dgv273-seacev3-2026-374-35-2026-04-18T10:19:31.279688-05:00,1191317-10775336001,107500.0,PEN,Soles,2026-03-12T00:00:00-05:00
ocds-dgv273-seacev3-2026-203-6,ocds-dgv273-seacev3-2026-203-6-2026-04-18T10:19:31.114762-05:00,1190384-1769787,861352.51,PEN,Soles,2026-03-09T00:00:00-05:00
ocds-dgv273-seacev3-1191917,ocds-dgv273-seacev3-1191917-2026-04-18T10:19:30.938776-05:00,1191917-20603204914,182829.6,PEN,Soles,2026-03-13T00:00:00-05:00
ocds-dgv273-seacev3-1190855,ocds-dgv273-seacev3-1190855-2026-04-18T10:19:30.042248-05:00,1190855-10725229408,18000.0,PEN,Soles,2026-04-15T00:00:00-05:00
ocds-dgv273-seacev3-1187518,ocds-dgv273-seacev3-1187518-2026-04-18T10:19:29.565746-05:00,1187518-20613363379,56000.0,PEN,Soles,2026-02-20T00:00:00-05:00
ocds-dgv273-seacev3-2026-1117-2,ocds-dgv273-seacev3-2026-1117-2-2026-04-18T10:19:29.423740-05:00,1186494-20487209865,527233.46,PEN,Soles,2026-02-20T00:00:00-05:00
ocds-dgv273-seacev3-1187168,ocds-dgv273-seacev3-1187168-2026-04-18T10:19:29.390222-05:00,1187168-10402037950,30000.0,PEN,Nuevos Soles,2026-04-15T00:00:00-05:00
ocds-dgv273-seacev3-1189073,ocds-dgv273-seacev3-1189073-2026-04-18T10:19:25.386860-05:00,1189073-10459821495,18000.0,PEN,Soles,2026-03-18T00:00:00-05:00
ocds-dgv273-seacev3-1190484,ocds-dgv273-seacev3-1190484-2026-04-18T10:19:23.316798-05:00,1190484-10464238668,18000.0,PEN,Soles,2026-04-15T00:00:00-05:00
ocds-dgv273-seacev3-1189061,ocds-dgv273-seacev3-1189061-2026-04-18T10:19:23.129310-05:00,1189061-10433621862,30000.0,PEN,Soles,2026-03-18T00:00:00-05:00
ocds-dgv273-seacev3-1190055,ocds-dgv273-seacev3-1190055-2026-04-18T10:19:22.294452-05:00,1190055-20563212099,6066.0,PEN,Soles,2026-03-26T00:00:00-05:00
ocds-dgv273-seacev3-2026-1636-1,ocds-dgv273-seacev3-2026-1636-1-2026-04-18T10:19:21.013591-05:00,1190552-20479379735,602361.9,PEN,Soles,2026-03-27T00:00:00-05:00
ocds-dgv273-seacev3-1189183,ocds-dgv273-seacev3-1189183-2026-04-18T10:19:20.400065-05:00,1189183-20605388672,123740.0,PEN,Soles,2026-02-27T00:00:00-05:00
ocds-dgv273-seacev3-1189183,ocds-dgv273-seacev3-1189183-2026-04-18T10:19:20.400065-05:00,1189183-10406613866,128800.0,PEN,Soles,2026-03-20T00:00:00-05:00
ocds-dgv273-seacev3-1187521,ocds-dgv273-seacev3-1187521-2026-04-18T10:19:19.242636-05:00,1187521-10724820994,12000.0,PEN,Nuevos Soles,2026-04-16T00:00:00-05:00
ocds-dgv273-seacev3-1189010,ocds-dgv273-seacev3-1189010-2026-04-18T10:19:19.013364-05:00,1189010-1767986,448522.0,PEN,Soles,2026-03-17T00:00:00-05:00
ocds-dgv273-seacev3-2026-1725-2,ocds-dgv273-seacev3-2026-1725-2-2026-04-18T10:19:18.438494-05:00,1187888-1767509,303919.6,PEN,Soles,2026-02-25T00:00:00-05:00
ocds-dgv273-seacev3-1187533,ocds-dgv273-seacev3-1187533-2026-04-18T10:19:18.319906-05:00,1187533-10095948702,12000.0,PEN,Nuevos Soles,2026-04-16T00:00:00-05:00
ocds-dgv273-seacev3-1188426,ocds-dgv273-seacev3-1188426-2026-04-18T10:19:13.812036-05:00,1188426-20516831708,52470.0,PEN,Soles,2026-02-20T00:00:00-05:00
ocds-dgv273-seacev3-1190682,ocds-dgv273-seacev3-1190682-2026-04-18T10:19:11.831142-05:00,1190682-10094930699,24000.0,PEN,Soles,2026-04-15T00:00:00-05:00
ocds-dgv273-seacev3-1188739,ocds-dgv273-seacev3-1188739-2026-04-18T10:19:11.412866-05:00,1188739-10460980297,12000.0,PEN,Soles,2026-03-18T00:00:00-05:00
ocds-dgv273-seacev3-1188486,ocds-dgv273-seacev3-1188486-2026-04-18T10:19:10.598100-05:00,1188486-10469404159,12000.0,PEN,Soles,2026-04-16T00:00:00-05:00
ocds-dgv273-seacev3-1189796,ocds-dgv273-seacev3-1189796-2026-04-18T10:19:08.705542-05:00,1189796-10471363699,30000.0,PEN,Soles,2026-03-18T00:00:00-05:00
ocds-dgv273-seacev3-1187457,ocds-dgv273-seacev3-1187457-2026-04-18T10:19:07.866454-05:00,1187457-10731866495,18000.0,PEN,Nuevos Soles,2026-04-16T00:00:00-05:00
ocds-dgv273-seacev3-1188675,ocds-dgv273-seacev3-1188675-2026-04-18T10:19:07.701661-05:00,1188675-20487064280,462230.0,PEN,Soles,2026-03-05T00:00:00-05:00
ocds-dgv273-seacev3-1187010,ocds-dgv273-seacev3-1187010-2026-04-18T10:19:07.379129-05:00,1187010-10455490508,30000.0,PEN,Soles,2026-04-15T00:00:00-05:00
ocds-dgv273-seacev3-1191329,ocds-dgv273-seacev3-1191329-2026-04-18T10:19:03.285866-05:00,1191329-20542211696,1343260.33,PEN,Soles,2026-03-20T00:00:00-05:00
ocds-dgv273-seacev3-1190635,ocds-dgv273-seacev3-1190635-2026-04-18T10:19:02.517386-05:00,1190635-20567113508,382550.0,PEN,Soles,2026-03-12T00:00:00-05:00
ocds-dgv273-seacev3-1190455,ocds-dgv273-seacev3-1190455-2026-04-18T10:19:02.503547-05:00,1190455-10708702914,24000.0,PEN,Soles,2026-04-15T00:00:00-05:00
ocds-dgv273-seacev3-2026-2365-11,ocds-dgv273-seacev3-2026-2365-11-2026-04-18T10:19:02.330088-05:00,1189655-20601190487,1215400.0,PEN,Soles,2026-04-10T00:00:00-05:00
ocds-dgv273-seacev3-1190677,ocds-dgv273-seacev3-1190677-2026-04-18T10:19:01.882401-05:00,1190677-10105196887,18000.0,PEN,Soles,2026-04-15T00:00:00-05:00
ocds-dgv273-seacev3-2026-10049-7,ocds-dgv273-seacev3-2026-10049-7-2026-04-18T10:19:00.303280-05:00,1191969-20447940044,1319500.0,PEN,Soles,2026-04-07T00:00:00-05:00
ocds-dgv273-seacev3-1191457,ocds-dgv273-seacev3-1191457-2026-04-18T10:18:59.320715-05:00,1191457-10251852184,1173420.0,PEN,Soles,2026-03-11T00:00:00-05:00
ocds-dgv273-seacev3-1202050,ocds-dgv273-seacev3-1202050-2026-04-18T10:18:58.385717-05:00,1202050-20613206117,1525347.3,PEN,Soles,2026-03-31T00:00:00-05:00
ocds-dgv273-seacev3-1192888,ocds-dgv273-seacev3-1192888-2026-04-18T10:18:57.998720-05:00,1192888-1770295,237973.5,PEN,Soles,2026-03-25T00:00:00-05:00
ocds-dgv273-seacev3-1191128,ocds-dgv273-seacev3-1191128-2026-04-18T10:18:57.904674-05:00,1191128-20501887286,736000.0,PEN,Soles,2026-03-31T00:00:00-05:00
ocds-dgv273-seacev3-2026-923-4,ocds-dgv273-seacev3-2026-923-4-2026-04-18T10:18:57.330546-05:00,1188190-20568024878,126121.15,PEN,Soles,2026-03-03T00:00:00-05:00
ocds-dgv273-seacev3-1187199,ocds-dgv273-seacev3-1187199-2026-04-18T10:18:57.316811-05:00,1187199-10723637657,8000.0,PEN,Nuevos Soles,2026-04-16T00:00:00-05:00
ocds-dgv273-seacev3-1184289,ocds-dgv273-seacev3-1184289-2026-04-18T10:18:57.105718-05:00,1184289-1769441,1441058.48,PEN,Soles,2026-03-09T00:00:00-05:00
ocds-dgv273-seacev3-2026-337-1,ocds-dgv273-seacev3-2026-337-1-2026-04-18T10:18:57.097609-05:00,1186665-20609494809,226500.0,PEN,Soles,2026-02-24T00:00:00-05:00
ocds-dgv273-seacev3-2026-273-1,ocds-dgv273-seacev3-2026-273-1-2026-04-18T10:18:57.076253-05:00,1187483-20603516207,105485.7,PEN,Soles,2026-03-02T00:00:00-05:00
ocds-dgv273-seacev3-1190799,ocds-dgv273-seacev3-1190799-2026-04-18T10:18:52.247485-05:00,1190799-1770637,2493771.07,PEN,Soles,2026-03-12T00:00:00-05:00
ocds-dgv273-seacev3-2026-685-4,ocds-dgv273-seacev3-2026-685-4-2026-04-18T10:18:51.559260-05:00,1189827-1769525,793787.55,PEN,Soles,2026-03-13T00:00:00-05:00
ocds-dgv273-seacev3-1189895,ocds-dgv273-seacev3-1189895-2026-04-18T10:18:50.762179-05:00,1189895-10462432718,30000.0,PEN,Soles,2026-03-18T00:00:00-05:00
ocds-dgv273-seacev3-1190699,ocds-dgv273-seacev3-1190699-2026-04-18T10:18:50.592413-05:00,1190699-10727581583,18000.0,PEN,Soles,2026-04-15T00:00:00-05:00
ocds-dgv273-seacev3-1190967,ocds-dgv273-seacev3-1190967-2026-04-18T10:18:50.507086-05:00,1190967-20518759079,529050.82,PEN,Soles,2026-03-17T12:17:01-05:00
ocds-dgv273-seacev3-1189893,ocds-dgv273-seacev3-1189893-2026-04-18T10:18:50.411022-05:00,1189893-10705263634,18000.0,PEN,Soles,2026-03-18T00:00:00-05:00
ocds-dgv273-seacev3-1190502,ocds-dgv273-seacev3-1190502-2026-04-18T10:18:49.203015-05:00,1190502-10720295178,18000.0,PEN,Soles,2026-04-15T00:00:00-05:00
ocds-dgv273-seacev3-1189911,ocds-dgv273-seacev3-1189911-2026-04-18T10:18:47.139066-05:00,1189911-20532492051,77975.0,PEN,Soles,2026-03-06T09:03:06-05:00
ocds-dgv273-seacev3-1189911,ocds-dgv273-seacev3-1189911-2026-04-18T10:18:47.139066-05:00,1189911-20601397553,78750.0,PEN,Soles,2026-03-06T00:00:00-05:00
ocds-dgv273-seacev3-1191836,ocds-dgv273-seacev3-1191836-2026-04-18T10:18:46.832579-05:00,1191836-20600190301,159498.0,PEN,Soles,2026-03-18T00:00:00-05:00
ocds-dgv273-seacev3-1189498,ocds-dgv273-seacev3-1189498-2026-04-18T10:18:46.715044-05:00,1189498-1775995,437520.3,PEN,Soles,2026-03-27T00:00:00-05:00
ocds-dgv273-seacev3-1188699,ocds-dgv273-seacev3-1188699-2026-04-18T10:18:46.699649-05:00,1188699-20401900587,94418.36,PEN,Soles,2026-03-03T00:00:00-05:00
ocds-dgv273-seacev3-1187446,ocds-dgv273-seacev3-1187446-2026-04-18T10:18:45.872164-05:00,1187446-10748535956,9000.0,PEN,Nuevos Soles,2026-04-16T00:00:00-05:00
ocds-dgv273-seacev3-2026-33-4,ocds-dgv273-seacev3-2026-33-4-2026-04-18T10:18:45.851652-05:00,1187552-20449344261,262200.0,PEN,Soles,2026-03-02T00:00:00-05:00
ocds-dgv273-seacev3-2026-286-4,ocds-dgv273-seacev3-2026-286-4-2026-04-18T10:18:45.836312-05:00,1186236-1766555,2876160.54,PEN,Soles,2026-02-23T00:00:00-05:00
ocds-dgv273-seacev3-2026-80812-16,ocds-dgv273-seacev3-2026-80812-16-2026-04-18T10:18:45.806080-05:00,1188562-1769034,185382.71,PEN,Soles,2026-03-09T00:00:00-05:00
ocds-dgv273-seacev3-1187006,ocds-dgv273-seacev3-1187006-2026-04-18T10:18:45.744410-05:00,1187006-20182246078,689200.22,PEN,Soles,2026-02-12T00:00:00-05:00
ocds-dgv273-seacev3-1187916,ocds-dgv273-seacev3-1187916-2026-04-18T10:18:45.461464-05:00,1187916-20553853355,724378.33,PEN,Soles,2026-02-23T00:00:00-05:00
ocds-dgv273-seacev3-1186787,ocds-dgv273-seacev3-1186787-2026-04-18T10:18:45.371406-05:00,1186787-10043407592,360000.0,PEN,Soles,2026-02-19T00:00:00-05:00
ocds-dgv273-seacev3-1187599,ocds-dgv273-seacev3-1187599-2026-04-18T10:18:45.196684-05:00,1187599-10759348295,8000.0,PEN,Nuevos Soles,2026-04-16T00:00:00-05:00
ocds-dgv273-seacev3-2026-399-40,ocds-dgv273-seacev3-2026-399-40-2026-04-17T10:29:16.033839-05:00,1190520-20546876722,103240.0,PEN,Soles,2026-03-24T00:00:00-05:00
ocds-dgv273-seacev3-2026-51-93,ocds-dgv273-seacev3-2026-51-93-2026-04-17T10:29:13.336110-05:00,1190518-20611404515,69500.0,PEN,Soles,2026-03-19T00:00:00-05:00
ocds-dgv273-seacev3-2026-828-1,ocds-dgv273-seacev3-2026-828-1-2026-04-17T10:29:10.299781-05:00,1190887-20603032498,98170.8,PEN,Soles,2026-03-12T00:00:00-05:00
ocds-dgv273-seacev3-2026-828-1,ocds-dgv273-seacev3-2026-828-1-2026-04-17T10:29:10.299781-05:00,1190887-20613320181,48048.0,PEN,Soles,2026-03-12T00:00:00-05:00
ocds-dgv273-seacev3-1187359,ocds-dgv273-seacev3-1187359-2026-04-17T10:29:09.248401-05:00,1187359-20607713651,170100.0,PEN,Soles,2026-02-23T00:00:00-05:00
ocds-dgv273-seacev3-1187380,ocds-dgv273-seacev3-1187380-2026-04-17T10:29:09.089058-05:00,1187380-1770821,262800.0,PEN,Soles,2026-03-25T00:00:00-05:00
ocds-dgv273-seacev3-2026-1301-14,ocds-dgv273-seacev3-2026-1301-14-2026-04-17T10:29:08.995367-05:00,1186682-20559644243,235211.4,PEN,Soles,2026-02-23T11:58:02-05:00
ocds-dgv273-seacev3-1187740,ocds-dgv273-seacev3-1187740-2026-04-17T10:29:08.143712-05:00,1187740-1768371,1418658.0,PEN,Soles,2026-03-12T00:00:00-05:00
ocds-dgv273-seacev3-1191007,ocds-dgv273-seacev3-1191007-2026-04-17T10:29:05.286191-05:00,1191007-20604302235,245249.0,PEN,Soles,2026-03-09T00:00:00-05:00
ocds-dgv273-seacev3-1191007,ocds-dgv273-seacev3-1191007-2026-04-17T10:29:05.286191-05:00,1191007-20607512184,270000.0,PEN,Soles,2026-03-30T00:00:00-05:00
ocds-dgv273-seacev3-2026-1760-3,ocds-dgv273-seacev3-2026-1760-3-2026-04-17T10:29:03.315118-05:00,1190586-1770205,463500.0,PEN,Soles,2026-03-16T00:00:00-05:00
ocds-dgv273-seacev3-1190202,ocds-dgv273-seacev3-1190202-2026-04-17T10:29:01.247698-05:00,1190202-20600987713,113841.2,PEN,Soles,2026-03-24T00:00:00-05:00
ocds-dgv273-seacev3-1188757,ocds-dgv273-seacev3-1188757-2026-04-17T10:29:00.232406-05:00,1188757-1768189,586374.7,PEN,Soles,2026-03-16T00:00:00-05:00
ocds-dgv273-seacev3-1190879,ocds-dgv273-seacev3-1190879-2026-04-17T10:29:00.050599-05:00,1190879-20258134568,73600.0,PEN,Soles,2026-03-19T00:00:00-05:00
ocds-dgv273-seacev3-1190879,ocds-dgv273-seacev3-1190879-2026-04-17T10:29:00.050599-05:00,1190879-20535745561,44228.8,PEN,Soles,2026-03-19T00:00:00-05:00
ocds-dgv273-seacev3-2026-200302-24,ocds-dgv273-seacev3-2026-200302-24-2026-04-17T10:28:58.276296-05:00,1188619-20613315277,129756.0,PEN,Soles,2026-03-09T00:00:00-05:00
ocds-dgv273-seacev3-2026-1379-7,ocds-dgv273-seacev3-2026-1379-7-2026-04-17T10:28:58.165515-05:00,1187021-20547939108,665550.0,PEN,Soles,2026-03-02T00:00:00-05:00
ocds-dgv273-seacev3-1191055,ocds-dgv273-seacev3-1191055-2026-04-17T10:28:54.004200-05:00,1191055-20609577691,277504.13,PEN,Soles,2026-03-19T00:00:00-05:00
ocds-dgv273-seacev3-2026-200554-4,ocds-dgv273-seacev3-2026-200554-4-2026-04-17T10:28:53.915170-05:00,1190869-20100210909,46696.29,PEN,Soles,2026-03-23T00:00:00-05:00
ocds-dgv273-seacev3-1190442,ocds-dgv273-seacev3-1190442-2026-04-17T10:28:52.792180-05:00,1190442-20609660750,339999.0,PEN,Nuevos Soles,2026-03-06T13:04:50-05:00
ocds-dgv273-seacev3-1191414,ocds-dgv273-seacev3-1191414-2026-04-17T10:28:50.860806-05:00,1191414-20600162552,55950.0,PEN,Soles,2026-03-10T00:00:00-05:00
ocds-dgv273-seacev3-1200587,ocds-dgv273-seacev3-1200587-2026-04-17T10:28:49.001894-05:00,1200587-1775777,356093.14,PEN,Soles,2026-03-27T00:00:00-05:00
ocds-dgv273-seacev3-2026-1807-15,ocds-dgv273-seacev3-2026-1807-15-2026-04-17T10:28:48.907972-05:00,1189427-1769708,310784.54,PEN,Soles,2026-03-06T00:00:00-05:00
ocds-dgv273-seacev3-1189393,ocds-dgv273-seacev3-1189393-2026-04-17T10:28:48.499424-05:00,1189393-20607074497,167438.46,PEN,Soles,2026-03-19T00:00:00-05:00
ocds-dgv273-seacev3-2026-574-1,ocds-dgv273-seacev3-2026-574-1-2026-04-17T10:28:48.417612-05:00,1191784-20452349915,48514.5,PEN,Soles,2026-03-19T00:00:00-05:00
ocds-dgv273-seacev3-1187909,ocds-dgv273-seacev3-1187909-2026-04-17T10:28:47.237363-05:00,1187909-10108172431,167664.0,PEN,Soles,2026-02-20T00:00:00-05:00
ocds-dgv273-seacev3-1187909,ocds-dgv273-seacev3-1187909-2026-04-17T10:28:47.237363-05:00,1187909-20490040952,173652.0,PEN,Soles,2026-03-12T00:00:00-05:00
ocds-dgv273-seacev3-1187909,ocds-dgv273-seacev3-1187909-2026-04-17T10:28:47.237363-05:00,1187909-20452440831,174550.2,PEN,Soles,2026-03-27T00:00:00-05:00
ocds-dgv273-seacev3-1187829,ocds-dgv273-seacev3-1187829-2026-04-17T10:28:47.175447-05:00,1187829-1768420,75000.0,PEN,Soles,2026-03-16T00:00:00-05:00
ocds-dgv273-seacev3-2026-200302-30,ocds-dgv273-seacev3-2026-200302-30-2026-04-17T10:28:47.142293-05:00,1189040-10419751826,199145.61,PEN,Soles,2026-03-12T00:00:00-05:00
ocds-dgv273-seacev3-2026-1593-1,ocds-dgv273-seacev3-2026-1593-1-2026-04-17T10:28:46.565137-05:00,1186092-20600989040,717889.93,PEN,Soles,2026-03-13T00:00:00-05:00
ocds-dgv273-seacev3-1185688,ocds-dgv273-seacev3-1185688-2026-04-17T10:28:46.551553-05:00,1185688-20542667401,978965.0,PEN,Soles,2026-02-20T00:00:00-05:00
ocds-dgv273-seacev3-1188179,ocds-dgv273-seacev3-1188179-2026-04-17T10:28:36.705276-05:00,1188179-20496112343,518000.0,PEN,Soles,2026-03-02T00:00:00-05:00
ocds-dgv273-seacev3-2026-551-1,ocds-dgv273-seacev3-2026-551-1-2026-04-17T10:28:36.639664-05:00,1186242-20574627011,282725.94,PEN,Soles,2026-02-18T00:00:00-05:00
ocds-dgv273-seacev3-2026-1034-7,ocds-dgv273-seacev3-2026-1034-7-2026-04-17T10:28:36.600578-05:00,1186040-20600899261,465686.82,PEN,Soles,2026-03-16T00:00:00-05:00
ocds-dgv273-seacev3-1186552,ocds-dgv273-seacev3-1186552-2026-04-17T10:28:36.053982-05:00,1186552-20450636747,106148.0,PEN,Soles,2026-02-16T00:00:00-05:00
ocds-dgv273-seacev3-2026-1274-8,ocds-dgv273-seacev3-2026-1274-8-2026-04-17T10:28:35.959908-05:00,1187178-10167120542,1251936.0,PEN,Soles,2026-03-17T00:00:00-05:00
ocds-dgv273-seacev3-1191021,ocds-dgv273-seacev3-1191021-2026-04-17T10:28:31.678283-05:00,1191021-10483816648,72835.3,PEN,Soles,2026-03-19T00:00:00-05:00
ocds-dgv273-seacev3-1187945,ocds-dgv273-seacev3-1187945-2026-04-17T10:28:30.193686-05:00,1187945-1769093,14786965.48,PEN,Soles,2026-03-06T00:00:00-05:00
ocds-dgv273-seacev3-2026-754-1,ocds-dgv273-seacev3-2026-754-1-2026-04-17T10:28:29.204939-05:00,1191919-20527786461,540189.0,PEN,Soles,2026-03-23T00:00:00-05:00
ocds-dgv273-seacev3-1191316,ocds-dgv273-seacev3-1191316-2026-04-17T10:28:27.850253-05:00,1191316-20600571916,45800.0,PEN,Soles,2026-03-11T00:00:00-05:00
ocds-dgv273-seacev3-1191316,ocds-dgv273-seacev3-1191316-2026-04-17T10:28:27.850253-05:00,1191316-20609792591,44172.14,PEN,Soles,2026-03-11T00:00:00-05:00
ocds-dgv273-seacev3-2026-1683-3,ocds-dgv273-seacev3-2026-1683-3-2026-04-17T10:28:27.734583-05:00,1189618-1769723,4631529.43,PEN,Soles,2026-03-06T00:00:00-05:00
ocds-dgv273-seacev3-1190777,ocds-dgv273-seacev3-1190777-2026-04-17T10:28:26.320455-05:00,1190777-20605685138,455000.0,PEN,Soles,2026-03-25T00:00:00-05:00
ocds-dgv273-seacev3-1185580,ocds-dgv273-seacev3-1185580-2026-04-17T10:28:25.848500-05:00,1185580-20606946008,370600.0,PEN,Soles,2026-03-17T00:00:00-05:00
ocds-dgv273-seacev3-1188792,ocds-dgv273-seacev3-1188792-2026-04-17T10:28:25.831730-05:00,1188792-1769241,561585.77,PEN,Soles,2026-03-11T00:00:00-05:00
ocds-dgv273-seacev3-2026-1678-1,ocds-dgv273-seacev3-2026-1678-1-2026-04-17T10:28:25.627000-05:00,1187456-20604193053,178289.1,PEN,Soles,2026-03-16T00:00:00-05:00
ocds-dgv273-seacev3-1186140,ocds-dgv273-seacev3-1186140-2026-04-17T10:28:25.323478-05:00,1186140-20605511393,89628.0,PEN,Soles,2026-02-24T00:00:00-05:00
ocds-dgv273-seacev3-1186482,ocds-dgv273-seacev3-1186482-2026-04-17T10:28:25.228987-05:00,1186482-20603314868,116000.0,PEN,Soles,2026-03-10T00:00:00-05:00
ocds-dgv273-seacev3-2026-374-52,ocds-dgv273-seacev3-2026-374-52-2026-04-17T10:28:20.292014-05:00,1190800-20509860981,271512.0,PEN,Soles,2026-03-09T00:00:00-05:00
ocds-dgv273-seacev3-1190842,ocds-dgv273-seacev3-1190842-2026-04-17T10:28:09.238484-05:00,1190842-1770525,637005.58,PEN,Soles,2026-03-11T00:00:00-05:00
ocds-dgv273-seacev3-2026-589-2,ocds-dgv273-seacev3-2026-589-2-2026-04-17T10:28:04.627248-05:00,1188169-20610738771,403905.0,PEN,Soles,2026-02-25T00:00:00-05:00
ocds-dgv273-seacev3-2026-1034-11,ocds-dgv273-seacev3-2026-1034-11-2026-04-17T10:28:03.314497-05:00,1186376-10405959971,87189.8,PEN,Soles,2026-03-23T00:00:00-05:00
ocds-dgv273-seacev3-1186946,ocds-dgv273-seacev3-1186946-2026-04-17T10:28:02.948903-05:00,1186946-20614884461,584830.6,PEN,Soles,2026-02-24T00:00:00-05:00
ocds-dgv273-seacev3-2026-1392-1,ocds-dgv273-seacev3-2026-1392-1-2026-04-16T10:37:00.969163-05:00,1189379-10403506121,290816.0,PEN,Soles,2026-03-10T00:00:00-05:00
ocds-dgv273-seacev3-1191227,ocds-dgv273-seacev3-1191227-2026-04-16T10:37:00.908579-05:00,1191227-20611540800,392700.0,PEN,Soles,2026-03-17T00:00:00-05:00
ocds-dgv273-seacev3-1191847,ocds-dgv273-seacev3-1191847-2026-04-16T10:36:59.025353-05:00,1191847-20100018625,121549.44,PEN,Soles,2026-03-11T00:00:00-05:00
ocds-dgv273-seacev3-1195114,ocds-dgv273-seacev3-1195114-2026-04-16T10:36:58.635660-05:00,1195114-20517540341,125398.8,PEN,Soles,2026-03-11T00:00:00-05:00
ocds-dgv273-seacev3-2026-2601-6,ocds-dgv273-seacev3-2026-2601-6-2026-04-16T10:36:58.143057-05:00,1188750-20603335300,319985.04,PEN,Soles,2026-03-16T00:00:00-05:00
ocds-dgv273-seacev3-2026-10042-7,ocds-dgv273-seacev3-2026-10042-7-2026-04-16T10:36:57.356725-05:00,1189495-20511037001,1050000.0,PEN,Soles,2026-03-06T00:00:00-05:00
ocds-dgv273-seacev3-1187658,ocds-dgv273-seacev3-1187658-2026-04-16T10:36:55.847947-05:00,1187658-1769388,1691058.57,PEN,Soles,2026-03-12T00:00:00-05:00
ocds-dgv273-seacev3-1187024,ocds-dgv273-seacev3-1187024-2026-04-16T10:36:55.747321-05:00,1187024-1767389,584669.87,PEN,Soles,2026-02-26T00:00:00-05:00
ocds-dgv273-seacev3-1186306,ocds-dgv273-seacev3-1186306-2026-04-16T10:36:55.050812-05:00,1186306-1765920,286560.57,PEN,Soles,2026-02-16T00:00:00-05:00
ocds-dgv273-seacev3-1196401,ocds-dgv273-seacev3-1196401-2026-04-16T10:36:50.723334-05:00,1196401-1771634,427800.0,PEN,Soles,2026-03-13T00:00:00-05:00
ocds-dgv273-seacev3-2026-552-8,ocds-dgv273-seacev3-2026-552-8-2026-04-16T10:36:50.467925-05:00,1188395-20604990832,260000.0,PEN,Soles,2026-03-02T00:00:00-05:00
ocds-dgv273-seacev3-2026-552-8,ocds-dgv273-seacev3-2026-552-8-2026-04-16T10:36:50.467925-05:00,1188395-20608368508,270600.0,PEN,Soles,2026-03-30T00:00:00-05:00
ocds-dgv273-seacev3-1191054,ocds-dgv273-seacev3-1191054-2026-04-16T10:36:50.451143-05:00,1191054-10418190847,123553.75,PEN,Soles,2026-03-12T00:00:00-05:00
ocds-dgv273-seacev3-1190862,ocds-dgv273-seacev3-1190862-2026-04-16T10:36:50.010335-05:00,1190862-20604847371,278000.0,PEN,Soles,2026-03-06T00:00:00-05:00
ocds-dgv273-seacev3-1192104,ocds-dgv273-seacev3-1192104-2026-04-16T10:36:44.456196-05:00,1192104-10310410271,85000.0,PEN,Soles,2026-03-04T00:00:00-05:00
ocds-dgv273-seacev3-1191532,ocds-dgv273-seacev3-1191532-2026-04-16T10:36:38.511554-05:00,1191532-1770424,311009.82,PEN,Soles,2026-03-11T00:00:00-05:00
ocds-dgv273-seacev3-2026-200554-1,ocds-dgv273-seacev3-2026-200554-1-2026-04-16T10:36:37.559472-05:00,1190081-10456064481,31680.6,PEN,Soles,2026-03-16T00:00:00-05:00
ocds-dgv273-seacev3-1196045,ocds-dgv273-seacev3-1196045-2026-04-16T10:36:37.148939-05:00,1196045-10278450355,150606.0,PEN,Soles,2026-03-13T00:00:00-05:00
ocds-dgv273-seacev3-1191629,ocds-dgv273-seacev3-1191629-2026-04-16T10:36:36.963715-05:00,1191629-20494105650,86493.42,PEN,Soles,2026-03-24T00:00:00-05:00
ocds-dgv273-seacev3-2026-874-22,ocds-dgv273-seacev3-2026-874-22-2026-04-16T10:36:36.945476-05:00,1191586-20615391752,234893.63,PEN,Soles,2026-03-18T00:00:00-05:00
ocds-dgv273-seacev3-1191756,ocds-dgv273-seacev3-1191756-2026-04-16T10:36:35.225954-05:00,1191756-20610387544,3457800.0,PEN,Soles,2026-03-12T00:00:00-05:00
ocds-dgv273-seacev3-2026-488-2,ocds-dgv273-seacev3-2026-488-2-2026-04-16T10:36:33.995549-05:00,1191842-10293151887,92820.0,PEN,Soles,2026-03-16T00:00:00-05:00
ocds-dgv273-seacev3-2026-200302-27,ocds-dgv273-seacev3-2026-200302-27-2026-04-16T10:36:33.867828-05:00,1189021-10419751826,260188.87,PEN,Soles,2026-03-11T00:00:00-05:00
ocds-dgv273-seacev3-1191965,ocds-dgv273-seacev3-1191965-2026-04-16T10:36:32.092304-05:00,1191965-10431305904,408000.0,PEN,Soles,2026-03-17T00:00:00-05:00
ocds-dgv273-seacev3-1189750,ocds-dgv273-seacev3-1189750-2026-04-16T10:36:31.840044-05:00,1189750-20565643496,105981.5,PEN,Soles,2026-03-06T00:00:00-05:00
ocds-dgv273-seacev3-1188016,ocds-dgv273-seacev3-1188016-2026-04-16T10:36:31.314954-05:00,1188016-1769476,1268976.19,PEN,Soles,2026-03-09T00:00:00-05:00
ocds-dgv273-seacev3-1187557,ocds-dgv273-seacev3-1187557-2026-04-16T10:36:31.298213-05:00,1187557-20612033014,205500.0,PEN,Soles,2026-02-20T00:00:00-05:00
ocds-dgv273-seacev3-1187557,ocds-dgv273-seacev3-1187557-2026-04-16T10:36:31.298213-05:00,1187557-20544585097,209351.76,PEN,Soles,2026-03-16T00:00:00-05:00
ocds-dgv273-seacev3-1187840,ocds-dgv273-seacev3-1187840-2026-04-16T10:36:30.829010-05:00,1187840-20517540341,75322.0,PEN,Soles,2026-03-04T00:00:00-05:00
ocds-dgv273-seacev3-1190581,ocds-dgv273-seacev3-1190581-2026-04-16T10:36:26.842173-05:00,1190581-10472464481,281413.2,PEN,Soles,2026-03-20T00:00:00-05:00
ocds-dgv273-seacev3-2026-1392-4,ocds-dgv273-seacev3-2026-1392-4-2026-04-16T10:36:26.687672-05:00,1189749-20606811510,408600.0,PEN,Soles,2026-03-18T00:00:00-05:00
ocds-dgv273-seacev3-2026-10184-8,ocds-dgv273-seacev3-2026-10184-8-2026-04-16T10:36:25.808843-05:00,1190116-10764318868,285000.0,PEN,Soles,2026-03-10T00:00:00-05:00
ocds-dgv273-seacev3-2026-10184-8,ocds-dgv273-seacev3-2026-10184-8-2026-04-16T10:36:25.808843-05:00,1190116-20609987309,45000.0,PEN,Soles,2026-03-10T00:00:00-05:00
ocds-dgv273-seacev3-1190659,ocds-dgv273-seacev3-1190659-2026-04-16T10:36:25.501733-05:00,1190659-20517745589,407300.0,PEN,Soles,2026-03-06T00:00:00-05:00
ocds-dgv273-seacev3-1190803,ocds-dgv273-seacev3-1190803-2026-04-16T10:36:25.296516-05:00,1190803-20522173933,84172.5,PEN,Soles,2026-03-09T00:00:00-05:00
ocds-dgv273-seacev3-1190661,ocds-dgv273-seacev3-1190661-2026-04-16T10:36:24.873913-05:00,1190661-20609586037,237523.63,PEN,Soles,2026-03-16T00:00:00-05:00
ocds-dgv273-seacev3-1190998,ocds-dgv273-seacev3-1190998-2026-04-16T10:36:24.116639-05:00,1190998-10470733549,102979.29,PEN,Soles,2026-03-19T00:00:00-05:00
ocds-dgv273-seacev3-1195767,ocds-dgv273-seacev3-1195767-2026-04-16T10:36:22.388453-05:00,1195767-20610707786,222000.0,PEN,Soles,2026-03-24T00:00:00-05:00
ocds-dgv273-seacev3-1188070,ocds-dgv273-seacev3-1188070-2026-04-16T10:36:20.827209-05:00,1188070-10195433505,101320.0,PEN,Soles,2026-02-27T00:00:00-05:00
ocds-dgv273-seacev3-2026-1031-2,ocds-dgv273-seacev3-2026-1031-2-2026-04-16T10:36:20.580011-05:00,1189549-1769761,330813.0,PEN,Soles,2026-03-10T00:00:00-05:00
ocds-dgv273-seacev3-1187341,ocds-dgv273-seacev3-1187341-2026-04-16T10:36:18.820319-05:00,1187341-20611417161,199746.0,PEN,Soles,2026-03-09T00:00:00-05:00
ocds-dgv273-seacev3-2026-422-13,ocds-dgv273-seacev3-2026-422-13-2026-04-16T10:36:18.781484-05:00,1187608-1770300,417014.0,PEN,Soles,2026-03-27T00:00:00-05:00
ocds-dgv273-seacev3-1188625,ocds-dgv273-seacev3-1188625-2026-04-16T10:36:18.747023-05:00,1188625-20511037001,49855.0,PEN,Soles,2026-03-02T00:00:00-05:00
ocds-dgv273-seacev3-1188625,ocds-dgv273-seacev3-1188625-2026-04-16T10:36:18.747023-05:00,1188625-20412214618,59150.0,PEN,Soles,2026-03-24T00:00:00-05:00
ocds-dgv273-seacev3-2026-351-2,ocds-dgv273-seacev3-2026-351-2-2026-04-16T10:36:18.552306-05:00,1187948-20607438715,46501.08,PEN,Soles,2026-02-27T00:00:00-05:00
ocds-dgv273-seacev3-1186361,ocds-dgv273-seacev3-1186361-2026-04-16T10:36:18.450284-05:00,1186361-20606419318,1463011.2,PEN,Soles,2026-02-13T00:00:00-05:00
ocds-dgv273-seacev3-1191420,ocds-dgv273-seacev3-1191420-2026-04-16T10:36:06.369372-05:00,1191420-20511037001,120422.0,PEN,Soles,2026-03-13T00:00:00-05:00
ocds-dgv273-seacev3-1189294,ocds-dgv273-seacev3-1189294-2026-04-16T10:36:06.275756-05:00,1189294-20606346639,255862.56,PEN,Soles,2026-03-12T00:00:00-05:00
ocds-dgv273-seacev3-1193171,ocds-dgv273-seacev3-1193171-2026-04-16T10:36:06.169841-05:00,1193171-20554345141,153495.0,PEN,Soles,2026-03-17T00:00:00-05:00
ocds-dgv273-seacev3-2026-705-40,ocds-dgv273-seacev3-2026-705-40-2026-04-16T10:36:06.155772-05:00,1190619-10278450355,223392.6,PEN,Soles,2026-03-05T00:00:00-05:00
ocds-dgv273-seacev3-2026-2006-6,ocds-dgv273-seacev3-2026-2006-6-2026-04-16T10:36:04.651931-05:00,1188992-10101263415,820620.0,PEN,Soles,2026-04-06T00:00:00-05:00
ocds-dgv273-seacev3-1189280,ocds-dgv273-seacev3-1189280-2026-04-16T10:36:02.201422-05:00,1189280-20613647008,300000.0,PEN,Soles,2026-03-02T00:00:00-05:00
ocds-dgv273-seacev3-1187529,ocds-dgv273-seacev3-1187529-2026-04-16T10:36:00.321074-05:00,1187529-1768734,3798391.0,PEN,Soles,2026-03-06T00:00:00-05:00
ocds-dgv273-seacev3-1186774,ocds-dgv273-seacev3-1186774-2026-04-16T10:36:00.235930-05:00,1186774-20504312403,411000.0,PEN,Soles,2026-03-04T00:00:00-05:00
ocds-dgv273-seacev3-2026-88-2,ocds-dgv273-seacev3-2026-88-2-2026-04-16T10:35:59.578677-05:00,1186591-1775536,670000.0,PEN,Soles,2026-03-27T00:00:00-05:00
ocds-dgv273-seacev3-1190501,ocds-dgv273-seacev3-1190501-2026-04-16T10:35:54.691188-05:00,1190501-1770839,2013690.5,PEN,Soles,2026-03-18T00:00:00-05:00
ocds-dgv273-seacev3-2026-1031-10,ocds-dgv273-seacev3-2026-1031-10-2026-04-16T10:35:54.089874-05:00,1190783-20452349915,85362.39,PEN,Soles,2026-03-10T00:00:00-05:00
ocds-dgv273-seacev3-2026-845-2,ocds-dgv273-seacev3-2026-845-2-2026-04-16T10:35:53.854988-05:00,1189370-20532492051,70680.0,PEN,Soles,2026-03-04T00:00:00-05:00
ocds-dgv273-seacev3-2026-845-2,ocds-dgv273-seacev3-2026-845-2-2026-04-16T10:35:53.854988-05:00,1189370-20601397553,73160.0,PEN,Soles,2026-03-18T00:00:00-05:00
ocds-dgv273-seacev3-1189504,ocds-dgv273-seacev3-1189504-2026-04-16T10:35:52.983894-05:00,1189504-20531072066,109500.0,PEN,Soles,2026-03-04T00:00:00-05:00
ocds-dgv273-seacev3-1190704,ocds-dgv273-seacev3-1190704-2026-04-16T10:35:52.717391-05:00,1190704-1770951,282000.0,PEN,Soles,2026-03-12T00:00:00-05:00
ocds-dgv273-seacev3-2026-1500-1,ocds-dgv273-seacev3-2026-1500-1-2026-04-16T10:35:51.022660-05:00,1187298-20600571916,141572.42,PEN,Soles,2026-03-02T00:00:00-05:00
ocds-dgv273-seacev3-1191362,ocds-dgv273-seacev3-1191362-2026-04-16T10:35:49.411156-05:00,1191362-20494883865,65000.0,PEN,Soles,2026-03-11T00:00:00-05:00
ocds-dgv273-seacev3-1192052,ocds-dgv273-seacev3-1192052-2026-04-16T10:35:49.235642-05:00,1192052-1770493,129329.42,PEN,Soles,2026-03-11T00:00:00-05:00
ocds-dgv273-seacev3-1188430,ocds-dgv273-seacev3-1188430-2026-04-16T10:35:48.334290-05:00,1188430-20600571592,125000.0,PEN,Soles,2026-03-16T00:00:00-05:00
ocds-dgv273-seacev3-2026-107-2,ocds-dgv273-seacev3-2026-107-2-2026-04-16T10:35:48.243145-05:00,1187900-10405858890,80000.0,PEN,Soles,2026-02-25T00:00:00-05:00
ocds-dgv273-seacev3-2026-107-2,ocds-dgv273-seacev3-2026-107-2-2026-04-16T10:35:48.243145-05:00,1187900-20487976360,92000.0,PEN,Soles,2026-03-12T00:00:00-05:00
ocds-dgv273-seacev3-1187814,ocds-dgv273-seacev3-1187814-2026-04-16T10:35:47.972515-05:00,1187814-20601638658,207000.0,PEN,Nuevos Soles,2026-03-02T00:00:00-05:00
ocds-dgv273-seacev3-1191651,ocds-dgv273-seacev3-1191651-2026-04-16T10:35:42.250591-05:00,1191651-20612820172,122500.0,PEN,Soles,2026-03-16T00:00:00-05:00
ocds-dgv273-seacev3-2026-10466-26,ocds-dgv273-seacev3-2026-10466-26-2026-04-16T10:35:42.208272-05:00,1190751-20606381264,790000.0,PEN,Soles,2026-04-01T00:00:00-05:00
ocds-dgv273-seacev3-2026-1526-9,ocds-dgv273-seacev3-2026-1526-9-2026-04-16T10:35:41.470899-05:00,1189248-20527589801,1259151.9,PEN,Soles,2026-02-27T00:00:00-05:00
ocds-dgv273-seacev3-2026-10184-10,ocds-dgv273-seacev3-2026-10184-10-2026-04-16T10:35:40.751481-05:00,1190114-10764318868,134550.0,PEN,Soles,2026-03-06T00:00:00-05:00
ocds-dgv273-seacev3-2026-10184-10,ocds-dgv273-seacev3-2026-10184-10-2026-04-16T10:35:40.751481-05:00,1190114-20610009264,107987.0,PEN,Soles,2026-03-06T00:00:00-05:00
ocds-dgv273-seacev3-1190894,ocds-dgv273-seacev3-1190894-2026-04-16T10:35:40.613583-05:00,1190894-1773422,547055.85,PEN,Soles,2026-03-23T00:00:00-05:00
ocds-dgv273-seacev3-2026-10248-76,ocds-dgv273-seacev3-2026-10248-76-2026-04-16T10:35:39.221098-05:00,1191759-20547083785,164934.0,PEN,Soles,2026-03-19T00:00:00-05:00
ocds-dgv273-seacev3-2026-798-3,ocds-dgv273-seacev3-2026-798-3-2026-04-16T10:35:37.646648-05:00,1191512-20527786461,49392.0,PEN,Soles,2026-03-17T00:00:00-05:00
ocds-dgv273-seacev3-2026-798-3,ocds-dgv273-seacev3-2026-798-3-2026-04-16T10:35:37.646648-05:00,1191512-20601801371,90375.6,PEN,Soles,2026-03-17T00:00:00-05:00
ocds-dgv273-seacev3-1189699,ocds-dgv273-seacev3-1189699-2026-04-16T10:35:37.208287-05:00,1189699-20613107828,190200.0,PEN,Soles,2026-03-02T00:00:00-05:00
ocds-dgv273-seacev3-1189699,ocds-dgv273-seacev3-1189699-2026-04-16T10:35:37.208287-05:00,1189699-10445770499,201600.0,PEN,Soles,2026-03-30T00:00:00-05:00
ocds-dgv273-seacev3-2026-49-113,ocds-dgv273-seacev3-2026-49-113-2026-04-16T10:35:36.181469-05:00,1188511-20601607051,216810.0,PEN,Soles,2026-03-18T00:00:00-05:00
ocds-dgv273-seacev3-1188977,ocds-dgv273-seacev3-1188977-2026-04-16T10:35:36.166332-05:00,1188977-20511037001,46048.62,PEN,Nuevos Soles,2026-02-26T18:15:14-05:00
ocds-dgv273-seacev3-1188977,ocds-dgv273-seacev3-1188977-2026-04-16T10:35:36.166332-05:00,1188977-20600111150,47779.5,PEN,Nuevos Soles,2026-03-24T00:00:00-05:00
ocds-dgv273-seacev3-2026-49-68,ocds-dgv273-seacev3-2026-49-68-2026-04-16T10:35:35.641906-05:00,1187983-20601982707,146860.0,PEN,Soles,2026-03-11T00:00:00-05:00
ocds-dgv273-seacev3-2026-1490-1,ocds-dgv273-seacev3-2026-1490-1-2026-04-16T10:35:30.290491-05:00,1191556-20450131891,2291856.0,PEN,Soles,2026-03-10T00:00:00-05:00
ocds-dgv273-seacev3-2026-680-9,ocds-dgv273-seacev3-2026-680-9-2026-04-16T10:35:30.080471-05:00,1191503-1770549,13633393.29,PEN,Soles,2026-03-19T00:00:00-05:00
ocds-dgv273-seacev3-1189959,ocds-dgv273-seacev3-1189959-2026-04-16T10:35:29.689608-05:00,1189959-20602777279,412548.33,PEN,Soles,2026-03-17T00:00:00-05:00
ocds-dgv273-seacev3-1191985,ocds-dgv273-seacev3-1191985-2026-04-16T10:35:29.114281-05:00,1191985-20611580780,56772.0,PEN,Soles,2026-03-10T00:00:00-05:00
ocds-dgv273-seacev3-1191985,ocds-dgv273-seacev3-1191985-2026-04-16T10:35:29.114281-05:00,1191985-20614663520,57000.0,PEN,Soles,2026-03-26T00:00:00-05:00
ocds-dgv273-seacev3-2026-1392-5,ocds-dgv273-seacev3-2026-1392-5-2026-04-16T10:35:28.302999-05:00,1189747-20606811510,484718.4,PEN,Soles,2026-03-18T00:00:00-05:00
ocds-dgv273-seacev3-1191834,ocds-dgv273-seacev3-1191834-2026-04-16T10:35:27.486713-05:00,1191834-1773411,509860.0,PEN,Soles,2026-03-23T00:00:00-05:00
ocds-dgv273-seacev3-1189354,ocds-dgv273-seacev3-1189354-2026-04-16T10:35:27.072493-05:00,1189354-10233627726,170764.0,PEN,Soles,2026-02-27T00:00:00-05:00
ocds-dgv273-seacev3-2026-1890-18,ocds-dgv273-seacev3-2026-1890-18-2026-04-16T10:35:26.720184-05:00,1188074-20600228502,754678.0,PEN,Soles,2026-03-17T00:00:00-05:00
ocds-dgv273-seacev3-2026-447-4,ocds-dgv273-seacev3-2026-447-4-2026-04-16T10:35:25.415073-05:00,1190689-10295825851,122284.8,PEN,Soles,2026-03-26T00:00:00-05:00
ocds-dgv273-seacev3-1188689,ocds-dgv273-seacev3-1188689-2026-04-16T10:35:23.945513-05:00,1188689-20600638760,55045.0,PEN,Soles,2026-03-17T00:00:00-05:00
ocds-dgv273-seacev3-2026-333-1,ocds-dgv273-seacev3-2026-333-1-2026-04-16T10:35:23.807695-05:00,1186354-20609494809,127900.0,PEN,Soles,2026-02-13T22:16:29-05:00
ocds-dgv273-seacev3-1202216,ocds-dgv273-seacev3-1202216-2026-04-12T10:05:11.090106-05:00,1202216-1777669,209893.0,PEN,Soles,2026-04-01T00:00:00-05:00
ocds-dgv273-seacev3-1191634,ocds-dgv273-seacev3-1191634-2026-04-12T10:05:08.671016-05:00,1191634-1770253,316960.0,PEN,Soles,2026-03-10T00:00:00-05:00
ocds-dgv273-seacev3-2026-67-3,ocds-dgv273-seacev3-2026-67-3-2026-04-12T10:05:08.577694-05:00,1190093-20480498004,164841.8,PEN,Soles,2026-03-05T00:00:00-05:00
ocds-dgv273-seacev3-1189487,ocds-dgv273-seacev3-1189487-2026-04-12T10:05:08.563927-05:00,1189487-20611902329,80357.4,PEN,Soles,2026-03-31T00:00:00-05:00
ocds-dgv273-seacev3-2026-1227-18,ocds-dgv273-seacev3-2026-1227-18-2026-04-12T10:05:08.546352-05:00,1189075-1773176,879749.4,PEN,Soles,2026-03-20T00:00:00-05:00
ocds-dgv273-seacev3-1188705,ocds-dgv273-seacev3-1188705-2026-04-12T10:05:08.503002-05:00,1188705-20601230691,394398.48,PEN,Soles,2026-03-06T00:00:00-05:00
ocds-dgv273-seacev3-1188224,ocds-dgv273-seacev3-1188224-2026-04-12T10:05:08.471063-05:00,1188224-10232615571,357800.0,PEN,Soles,2026-03-05T00:00:00-05:00
ocds-dgv273-seacev3-1199353,ocds-dgv273-seacev3-1199353-2026-04-12T10:05:06.598337-05:00,1199353-1776294,107083.0,PEN,Soles,2026-03-30T00:00:00-05:00
ocds-dgv273-seacev3-1199393,ocds-dgv273-seacev3-1199393-2026-04-12T10:05:05.612020-05:00,1199393-20610850465,156643.0,PEN,Soles,2026-03-30T00:00:00-05:00
ocds-dgv273-seacev3-1199342,ocds-dgv273-seacev3-1199342-2026-04-12T10:05:05.279810-05:00,1199342-1776394,73920.0,PEN,Soles,2026-03-30T00:00:00-05:00
ocds-dgv273-seacev3-2026-191147-16,ocds-dgv273-seacev3-2026-191147-16-2026-04-12T10:05:05.135361-05:00,1189059-20605183434,1358268.0,PEN,Soles,2026-03-12T00:00:00-05:00
ocds-dgv273-seacev3-1190363,ocds-dgv273-seacev3-1190363-2026-04-12T10:05:04.463144-05:00,1190363-20481770182,195193.2,PEN,Soles,2026-02-27T00:00:00-05:00
ocds-dgv273-seacev3-1199394,ocds-dgv273-seacev3-1199394-2026-04-12T10:05:03.660072-05:00,1199394-1776301,135348.0,PEN,Soles,2026-03-30T00:00:00-05:00
ocds-dgv273-seacev3-1192016,ocds-dgv273-seacev3-1192016-2026-04-12T10:05:03.551002-05:00,1192016-20605191062,93912.0,PEN,Soles,2026-03-27T00:00:00-05:00
ocds-dgv273-seacev3-1189963,ocds-dgv273-seacev3-1189963-2026-04-12T10:05:03.456829-05:00,1189963-20533269789,64074.0,PEN,Soles,2026-03-19T00:00:00-05:00
ocds-dgv273-seacev3-1190567,ocds-dgv273-seacev3-1190567-2026-04-12T10:05:02.451781-05:00,1190567-1770585,1501795.55,PEN,Soles,2026-03-12T00:00:00-05:00
ocds-dgv273-seacev3-1190567,ocds-dgv273-seacev3-1190567-2026-04-12T10:05:02.451781-05:00,1190567-20559561976,712409.83,PEN,Soles,2026-03-12T00:00:00-05:00
ocds-dgv273-seacev3-1199365,ocds-dgv273-seacev3-1199365-2026-04-12T10:05:01.800006-05:00,1199365-20612295558,94289.0,PEN,Soles,2026-03-30T00:00:00-05:00
ocds-dgv273-seacev3-2026-1209-5,ocds-dgv273-seacev3-2026-1209-5-2026-04-12T10:05:01.151098-05:00,1190900-1770460,609335.92,PEN,Soles,2026-03-12T00:00:00-05:00
ocds-dgv273-seacev3-2026-1871-20,ocds-dgv273-seacev3-2026-1871-20-2026-04-12T10:05:01.064036-05:00,1191955-20608480987,99543.6,PEN,Soles,2026-03-20T00:00:00-05:00
ocds-dgv273-seacev3-2026-1003048448-3,ocds-dgv273-seacev3-2026-1003048448-3-2026-04-12T10:05:00.484866-05:00,1192083-20601978700,279000.0,PEN,Soles,2026-03-19T00:00:00-05:00
ocds-dgv273-seacev3-1188191,ocds-dgv273-seacev3-1188191-2026-04-12T10:04:59.860978-05:00,1188191-1768755,132679.11,PEN,Soles,2026-03-05T00:00:00-05:00
ocds-dgv273-seacev3-1191707,ocds-dgv273-seacev3-1191707-2026-04-12T10:04:56.831971-05:00,1191707-20606558440,145782.0,PEN,Soles,2026-03-23T00:00:00-05:00
ocds-dgv273-seacev3-2026-1577-4,ocds-dgv273-seacev3-2026-1577-4-2026-04-12T10:04:52.900815-05:00,1189483-20359435364,196496.76,PEN,Soles,2026-03-10T00:00:00-05:00
ocds-dgv273-seacev3-1186299,ocds-dgv273-seacev3-1186299-2026-04-12T10:04:52.024987-05:00,1186299-10079637900,488239.06,PEN,Soles,2026-03-11T00:00:00-05:00
ocds-dgv273-seacev3-1186159,ocds-dgv273-seacev3-1186159-2026-04-12T10:04:51.547215-05:00,1186159-20602387888,2832259.1,PEN,Soles,2026-03-16T00:00:00-05:00
ocds-dgv273-seacev3-1191535,ocds-dgv273-seacev3-1191535-2026-04-12T10:04:47.707924-05:00,1191535-20601500214,255720.5,PEN,Soles,2026-03-10T00:00:00-05:00
ocds-dgv273-seacev3-1191600,ocds-dgv273-seacev3-1191600-2026-04-12T10:04:47.629881-05:00,1191600-1770314,416291.7,PEN,Soles,2026-03-10T00:00:00-05:00
ocds-dgv273-seacev3-1191632,ocds-dgv273-seacev3-1191632-2026-04-12T10:04:47.613254-05:00,1191632-20608831542,137628.0,PEN,Soles,2026-03-11T00:00:00-05:00
ocds-dgv273-seacev3-2026-1003085139-1,ocds-dgv273-seacev3-2026-1003085139-1-2026-04-12T10:04:47.357065-05:00,1189394-1769307,95400.0,PEN,Soles,2026-03-16T00:00:00-05:00
ocds-dgv273-seacev3-1188460,ocds-dgv273-seacev3-1188460-2026-04-12T10:04:45.900404-05:00,1188460-20523476379,9522413.77,PEN,Soles,2026-03-26T00:00:00-05:00
ocds-dgv273-seacev3-1188964,ocds-dgv273-seacev3-1188964-2026-04-12T10:04:45.257609-05:00,1188964-20601447623,147084.89,PEN,Soles,2026-02-27T00:00:00-05:00
ocds-dgv273-seacev3-1191813,ocds-dgv273-seacev3-1191813-2026-04-12T10:04:45.127766-05:00,1191813-20600628144,698000.0,PEN,Soles,2026-03-11T00:00:00-05:00
ocds-dgv273-seacev3-2026-1068-13,ocds-dgv273-seacev3-2026-1068-13-2026-04-12T10:04:43.359576-05:00,1191115-10200405396,59200.0,PEN,Soles,2026-03-10T00:00:00-05:00
ocds-dgv273-seacev3-1192544,ocds-dgv273-seacev3-1192544-2026-04-12T10:04:43.254070-05:00,1192544-20504312403,146000.0,PEN,Soles,2026-03-18T00:00:00-05:00
ocds-dgv273-seacev3-1190222,ocds-dgv273-seacev3-1190222-2026-04-12T10:04:42.805314-05:00,1190222-20609186471,89000.0,PEN,Soles,2026-03-04T00:00:00-05:00
ocds-dgv273-seacev3-1188010,ocds-dgv273-seacev3-1188010-2026-04-12T10:04:42.143791-05:00,1188010-1766925,1357260.0,PEN,Soles,2026-02-25T00:00:00-05:00
ocds-dgv273-seacev3-1188156,ocds-dgv273-seacev3-1188156-2026-04-12T10:04:42.127520-05:00,1188156-1768781,302777.0,PEN,Soles,2026-03-06T00:00:00-05:00
ocds-dgv273-seacev3-1186742,ocds-dgv273-seacev3-1186742-2026-04-12T10:04:42.075309-05:00,1186742-1767588,2209702.29,PEN,Soles,2026-03-02T00:00:00-05:00
ocds-dgv273-seacev3-1186136,ocds-dgv273-seacev3-1186136-2026-04-12T10:04:41.882885-05:00,1186136-10106595807,476078.4,PEN,Nuevos Soles,2026-03-24T00:00:00-05:00
ocds-dgv273-seacev3-2026-1577-6,ocds-dgv273-seacev3-2026-1577-6-2026-04-12T10:04:41.867126-05:00,1188007-20605831215,375062.85,PEN,Soles,2026-03-03T00:00:00-05:00
ocds-dgv273-seacev3-1187850,ocds-dgv273-seacev3-1187850-2026-04-12T10:04:41.794116-05:00,1187850-20490548743,246800.0,PEN,Soles,2026-03-02T00:00:00-05:00
ocds-dgv273-seacev3-1199432,ocds-dgv273-seacev3-1199432-2026-04-12T10:04:38.193021-05:00,1199432-10409302225,106001.0,PEN,Soles,2026-03-30T00:00:00-05:00
ocds-dgv273-seacev3-1192127,ocds-dgv273-seacev3-1192127-2026-04-12T10:04:37.491581-05:00,1192127-20601927862,57000.0,PEN,Soles,2026-03-20T00:00:00-05:00
ocds-dgv273-seacev3-1199343,ocds-dgv273-seacev3-1199343-2026-04-12T10:04:37.121048-05:00,1199343-10409302225,112762.0,PEN,Soles,2026-03-30T00:00:00-05:00
ocds-dgv273-seacev3-1199355,ocds-dgv273-seacev3-1199355-2026-04-12T10:04:36.935725-05:00,1199355-20610850465,82945.0,PEN,Soles,2026-03-30T00:00:00-05:00
ocds-dgv273-seacev3-1199397,ocds-dgv273-seacev3-1199397-2026-04-12T10:04:36.219363-05:00,1199397-20604333335,77952.0,PEN,Soles,2026-03-30T00:00:00-05:00
ocds-dgv273-seacev3-1199387,ocds-dgv273-seacev3-1199387-2026-04-12T10:04:35.876259-05:00,1199387-1776384,88973.0,PEN,Soles,2026-03-30T00:00:00-05:00
ocds-dgv273-seacev3-1190568,ocds-dgv273-seacev3-1190568-2026-04-12T10:04:35.322191-05:00,1190568-20490548743,46900.0,PEN,Soles,2026-03-05T00:00:00-05:00
ocds-dgv273-seacev3-1199409,ocds-dgv273-seacev3-1199409-2026-04-12T10:04:33.738866-05:00,1199409-10409302225,180062.0,PEN,Soles,2026-03-30T00:00:00-05:00
ocds-dgv273-seacev3-1191592,ocds-dgv273-seacev3-1191592-2026-04-12T10:04:33.261699-05:00,1191592-20608831542,407525.0,PEN,Soles,2026-03-11T00:00:00-05:00
ocds-dgv273-seacev3-2026-822-9,ocds-dgv273-seacev3-2026-822-9-2026-04-12T10:04:32.495068-05:00,1188719-20534474572,364580.0,PEN,Soles,2026-03-04T00:00:00-05:00
ocds-dgv273-seacev3-2026-1628-6,ocds-dgv273-seacev3-2026-1628-6-2026-04-12T10:04:32.341614-05:00,1187913-20610526897,1083414.06,PEN,Soles,2026-03-16T00:00:00-05:00
ocds-dgv273-seacev3-1191685,ocds-dgv273-seacev3-1191685-2026-04-12T10:04:32.229692-05:00,1191685-1769140,757582.63,PEN,Soles,2026-03-04T00:00:00-05:00
ocds-dgv273-seacev3-2026-200082-2,ocds-dgv273-seacev3-2026-200082-2-2026-04-12T10:04:32.138919-05:00,1191630-20100210909,63107.79,PEN,Soles,2026-03-24T00:00:00-05:00
ocds-dgv273-seacev3-1193374,ocds-dgv273-seacev3-1193374-2026-04-11T10:15:11.235490-05:00,1193374-10440121042,40000.0,PEN,Soles,2026-03-05T00:00:00-05:00
ocds-dgv273-seacev3-2026-200199-4,ocds-dgv273-seacev3-2026-200199-4-2026-04-11T10:15:11.086491-05:00,1190856-20553755264,202400.0,PEN,Soles,2026-03-24T00:00:00-05:00
ocds-dgv273-seacev3-1189331,ocds-dgv273-seacev3-1189331-2026-04-11T10:15:07.918131-05:00,1189331-20494663075,216600.0,PEN,Soles,2026-03-17T00:00:00-05:00
ocds-dgv273-seacev3-1189190,ocds-dgv273-seacev3-1189190-2026-04-11T10:15:05.402076-05:00,1189190-20546838804,69900.0,PEN,Soles,2026-03-05T00:00:00-05:00
ocds-dgv273-seacev3-1186800,ocds-dgv273-seacev3-1186800-2026-04-11T10:15:04.931160-05:00,1186800-20602794661,339500.0,PEN,Soles,2026-02-27T00:00:00-05:00
ocds-dgv273-seacev3-1186363,ocds-dgv273-seacev3-1186363-2026-04-11T10:15:04.665457-05:00,1186363-1763875,4300000.0,PEN,Soles,2026-02-04T00:00:00-05:00
ocds-dgv273-seacev3-1189172,ocds-dgv273-seacev3-1189172-2026-04-11T10:15:00.465426-05:00,1189172-20608988816,233640.0,PEN,Soles,2026-03-12T00:00:00-05:00
ocds-dgv273-seacev3-1189004,ocds-dgv273-seacev3-1189004-2026-04-11T10:14:59.652918-05:00,1189004-20336260702,220896.0,PEN,Soles,2026-03-04T00:00:00-05:00
ocds-dgv273-seacev3-2026-10475-3,ocds-dgv273-seacev3-2026-10475-3-2026-04-11T10:14:59.576697-05:00,1190328-20534912600,104400.0,PEN,Soles,2026-03-04T00:00:00-05:00
ocds-dgv273-seacev3-2026-231729-4,ocds-dgv273-seacev3-2026-231729-4-2026-04-11T10:14:59.052908-05:00,1193474-10416676335,62400.0,PEN,Soles,2026-03-05T00:00:00-05:00
ocds-dgv273-seacev3-1191042,ocds-dgv273-seacev3-1191042-2026-04-11T10:14:57.477823-05:00,1191042-20405568773,75336.0,PEN,Soles,2026-03-10T00:00:00-05:00
ocds-dgv273-seacev3-1191967,ocds-dgv273-seacev3-1191967-2026-04-11T10:14:56.911311-05:00,1191967-20609496275,173011.52,PEN,Soles,2026-03-19T00:00:00-05:00
ocds-dgv273-seacev3-2026-49-8,ocds-dgv273-seacev3-2026-49-8-2026-04-11T10:14:56.825000-05:00,1189218-20574690219,724135.98,PEN,Soles,2026-03-11T17:42:10-05:00
ocds-dgv273-seacev3-2026-1940-1,ocds-dgv273-seacev3-2026-1940-1-2026-04-11T10:14:54.725088-05:00,1191132-20507241400,165000.0,PEN,Soles,2026-03-13T00:00:00-05:00
ocds-dgv273-seacev3-2026-1878-4,ocds-dgv273-seacev3-2026-1878-4-2026-04-11T10:14:54.264224-05:00,1190664-20611956143,52700.0,PEN,Soles,2026-03-05T00:00:00-05:00
ocds-dgv273-seacev3-1186932,ocds-dgv273-seacev3-1186932-2026-04-11T10:14:53.947986-05:00,1186932-1766258,390247.54,PEN,Soles,2026-02-18T00:00:00-05:00
ocds-dgv273-seacev3-1186932,ocds-dgv273-seacev3-1186932-2026-04-11T10:14:53.947986-05:00,1186932-1766236,390247.53,PEN,Soles,2026-02-18T00:00:00-05:00
ocds-dgv273-seacev3-1193356,ocds-dgv273-seacev3-1193356-2026-04-11T10:14:44.007993-05:00,1193356-10421433513,40000.0,PEN,Soles,2026-03-05T00:00:00-05:00
ocds-dgv273-seacev3-1191909,ocds-dgv273-seacev3-1191909-2026-04-11T10:14:43.757895-05:00,1191909-20601710316,85380.92,PEN,Soles,2026-03-12T00:00:00-05:00
ocds-dgv273-seacev3-1186652,ocds-dgv273-seacev3-1186652-2026-04-11T10:14:42.818732-05:00,1186652-1768299,375922.55,PEN,Soles,2026-03-02T00:00:00-05:00
ocds-dgv273-seacev3-2026-1878-3,ocds-dgv273-seacev3-2026-1878-3-2026-04-11T10:14:38.285201-05:00,1190668-20611956143,92496.0,PEN,Soles,2026-03-05T00:00:00-05:00
ocds-dgv273-seacev3-2026-1878-2,ocds-dgv273-seacev3-2026-1878-2-2026-04-11T10:14:38.270127-05:00,1190647-20611956143,71706.0,PEN,Soles,2026-03-05T00:00:00-05:00
ocds-dgv273-seacev3-2026-1502-1,ocds-dgv273-seacev3-2026-1502-1-2026-04-11T10:14:38.245951-05:00,1188325-20528457691,1500000.0,PEN,Soles,2026-02-25T00:00:00-05:00
ocds-dgv273-seacev3-2026-323-1,ocds-dgv273-seacev3-2026-323-1-2026-04-11T10:14:36.836755-05:00,1187253-20603032498,154137.21,PEN,Soles,2026-03-11T00:00:00-05:00
ocds-dgv273-seacev3-2026-1597-2,ocds-dgv273-seacev3-2026-1597-2-2026-04-11T10:14:36.822101-05:00,1190298-10030858943,113770.0,PEN,Soles,2026-03-04T00:00:00-05:00
ocds-dgv273-seacev3-1194009,ocds-dgv273-seacev3-1194009-2026-04-11T10:14:36.575344-05:00,1194009-10710637330,7000.0,PEN,Soles,2026-03-06T00:00:00-05:00
ocds-dgv273-seacev3-1190905,ocds-dgv273-seacev3-1190905-2026-04-11T10:14:35.603067-05:00,1190905-1769968,95112.64,PEN,Soles,2026-03-11T00:00:00-05:00
ocds-dgv273-seacev3-2026-231729-2,ocds-dgv273-seacev3-2026-231729-2-2026-04-11T10:14:34.575416-05:00,1193835-10297334650,150000.0,PEN,Soles,2026-03-06T00:00:00-05:00
ocds-dgv273-seacev3-1193541,ocds-dgv273-seacev3-1193541-2026-04-11T10:14:32.400896-05:00,1193541-10445123612,21000.0,PEN,Soles,2026-03-05T00:00:00-05:00
ocds-dgv273-seacev3-1189171,ocds-dgv273-seacev3-1189171-2026-04-11T10:14:32.022142-05:00,1189171-20609912121,5455744.97,PEN,Soles,2026-03-23T00:00:00-05:00
ocds-dgv273-seacev3-2026-1039-5,ocds-dgv273-seacev3-2026-1039-5-2026-04-11T10:14:26.616155-05:00,1189524-1769131,4353427.62,PEN,Soles,2026-03-10T00:00:00-05:00
ocds-dgv273-seacev3-2026-349-5,ocds-dgv273-seacev3-2026-349-5-2026-04-11T10:14:26.555676-05:00,1189279-20527905738,90516.0,PEN,Soles,2026-03-11T00:00:00-05:00
ocds-dgv273-seacev3-2026-10248-66,ocds-dgv273-seacev3-2026-10248-66-2026-04-11T10:14:24.462806-05:00,1191279-20501294978,145900.0,PEN,Soles,2026-03-24T00:00:00-05:00
ocds-dgv273-seacev3-2026-10248-66,ocds-dgv273-seacev3-2026-10248-66-2026-04-11T10:14:24.462806-05:00,1191279-20514012637,230850.0,PEN,Soles,2026-03-24T00:00:00-05:00
ocds-dgv273-seacev3-2026-440-3,ocds-dgv273-seacev3-2026-440-3-2026-04-11T10:14:22.673269-05:00,1191388-20273355279,219450.0,PEN,Soles,2026-03-10T00:00:00-05:00
ocds-dgv273-seacev3-1189117,ocds-dgv273-seacev3-1189117-2026-04-11T10:14:22.605935-05:00,1189117-20554128476,1464750.0,PEN,Soles,2026-02-19T00:00:00-05:00
ocds-dgv273-seacev3-1193820,ocds-dgv273-seacev3-1193820-2026-04-11T10:14:22.551326-05:00,1193820-10483507173,39733.33,PEN,Soles,2026-03-06T00:00:00-05:00
ocds-dgv273-seacev3-2026-144-3,ocds-dgv273-seacev3-2026-144-3-2026-04-11T10:14:22.389957-05:00,1189652-1769378,328086.29,PEN,Soles,2026-03-05T00:00:00-05:00
ocds-dgv273-seacev3-1188976,ocds-dgv273-seacev3-1188976-2026-04-11T10:14:22.225275-05:00,1188976-1770644,174990.0,PEN,Soles,2026-03-13T00:00:00-05:00
ocds-dgv273-seacev3-1189779,ocds-dgv273-seacev3-1189779-2026-04-11T10:14:21.641460-05:00,1189779-10402783465,89046.2,PEN,Soles,2026-03-04T00:00:00-05:00
ocds-dgv273-seacev3-1188641,ocds-dgv273-seacev3-1188641-2026-04-11T10:14:20.540462-05:00,1188641-20393554003,130583.2,PEN,Soles,2026-03-04T00:00:00-05:00
ocds-dgv273-seacev3-2026-1199-1,ocds-dgv273-seacev3-2026-1199-1-2026-04-11T10:14:20.484352-05:00,1188409-20609736560,105026.62,PEN,Soles,2026-03-05T00:00:00-05:00
ocds-dgv273-seacev3-1188139,ocds-dgv273-seacev3-1188139-2026-04-11T10:14:20.262225-05:00,1188139-1768248,70068.67,PEN,Soles,2026-03-04T00:00:00-05:00
ocds-dgv273-seacev3-2026-1301-11,ocds-dgv273-seacev3-2026-1301-11-2026-04-11T10:14:19.547206-05:00,1188012-1767440,576786.83,PEN,Soles,2026-03-04T00:00:00-05:00
ocds-dgv273-seacev3-2026-161-6,ocds-dgv273-seacev3-2026-161-6-2026-04-11T10:14:19.489902-05:00,1187914-1767137,364955.01,PEN,Soles,2026-02-23T00:00:00-05:00
ocds-dgv273-seacev3-1186375,ocds-dgv273-seacev3-1186375-2026-04-11T10:14:19.380355-05:00,1186375-20484263796,376460.45,PEN,Nuevos Soles,2026-02-16T00:00:00-05:00
ocds-dgv273-seacev3-2026-200498-2,ocds-dgv273-seacev3-2026-200498-2-2026-04-11T10:14:15.746790-05:00,1189135-20563378060,337890.0,PEN,Soles,2026-03-02T00:00:00-05:00
ocds-dgv273-seacev3-1190448,ocds-dgv273-seacev3-1190448-2026-04-11T10:14:14.840491-05:00,1190448-20502797230,2189250.0,PEN,Soles,2026-02-24T00:00:00-05:00
ocds-dgv273-seacev3-2026-231729-3,ocds-dgv273-seacev3-2026-231729-3-2026-04-11T10:14:13.491356-05:00,1193500-10423557252,50666.67,PEN,Soles,2026-03-05T00:00:00-05:00
ocds-dgv273-seacev3-1193381,ocds-dgv273-seacev3-1193381-2026-04-11T10:14:11.212822-05:00,1193381-10239877031,40000.0,PEN,Soles,2026-03-05T00:00:00-05:00
ocds-dgv273-seacev3-1189881,ocds-dgv273-seacev3-1189881-2026-04-11T10:14:10.464061-05:00,1189881-20609186748,368351.78,PEN,Soles,2026-03-16T00:00:00-05:00
ocds-dgv273-seacev3-1188873,ocds-dgv273-seacev3-1188873-2026-04-11T10:14:09.544378-05:00,1188873-1770649,189900.0,PEN,Soles,2026-03-13T00:00:00-05:00
ocds-dgv273-seacev3-1190052,ocds-dgv273-seacev3-1190052-2026-04-11T10:14:02.057644-05:00,1190052-20613330845,180450.0,PEN,Soles,2026-03-04T21:59:36-05:00
ocds-dgv273-seacev3-1189069,ocds-dgv273-seacev3-1189069-2026-04-11T10:13:59.727434-05:00,1189069-1770664,155900.0,PEN,Soles,2026-03-13T00:00:00-05:00
ocds-dgv273-seacev3-2026-1153-1,ocds-dgv273-seacev3-2026-1153-1-2026-04-11T10:13:59.658094-05:00,1191780-20611902329,96072.6,PEN,Soles,2026-03-19T00:00:00-05:00
ocds-dgv273-seacev3-1186403,ocds-dgv273-seacev3-1186403-2026-04-11T10:13:56.554783-05:00,1186403-1768034,138856.25,PEN,Soles,2026-03-04T00:00:00-05:00
ocds-dgv273-seacev3-1185704,ocds-dgv273-seacev3-1185704-2026-04-11T10:13:56.199999-05:00,1185704-20600119886,223593.0,PEN,Soles,2026-02-20T00:00:00-05:00
ocds-dgv273-seacev3-1187678,ocds-dgv273-seacev3-1187678-2026-04-11T10:13:56.143439-05:00,1187678-20470358484,702566.44,PEN,Soles,2026-03-16T00:00:00-05:00
ocds-dgv273-seacev3-1186271,ocds-dgv273-seacev3-1186271-2026-04-11T10:13:56.127970-05:00,1186271-20600736923,329879.55,PEN,Nuevos Soles,2026-02-18T00:00:00-05:00
ocds-dgv273-seacev3-1187482,ocds-dgv273-seacev3-1187482-2026-04-11T10:13:56.112536-05:00,1187482-20155695901,1067905.0,PEN,Soles,2026-03-13T00:00:00-05:00
ocds-dgv273-seacev3-2026-941-4,ocds-dgv273-seacev3-2026-941-4-2026-04-10T10:15:56.056802-05:00,1190714-20613832913,171480.0,PEN,Soles,2026-03-16T00:00:00-05:00
ocds-dgv273-seacev3-1191286,ocds-dgv273-seacev3-1191286-2026-04-10T10:15:55.396271-05:00,1191286-1769824,892584.24,PEN,Soles,2026-03-09T00:00:00-05:00
ocds-dgv273-seacev3-1199361,ocds-dgv273-seacev3-1199361-2026-04-10T10:15:53.813393-05:00,1199361-20604333335,207473.0,PEN,Soles,2026-03-30T00:00:00-05:00
ocds-dgv273-seacev3-2026-374-46,ocds-dgv273-seacev3-2026-374-46-2026-04-10T10:15:52.759889-05:00,1191925-10747302621,59500.0,PEN,Soles,2026-03-19T00:00:00-05:00
ocds-dgv273-seacev3-1191383,ocds-dgv273-seacev3-1191383-2026-04-10T10:15:52.122224-05:00,1191383-20611902329,131792.0,PEN,Soles,2026-03-18T00:00:00-05:00
ocds-dgv273-seacev3-1186610,ocds-dgv273-seacev3-1186610-2026-04-10T10:15:51.193584-05:00,1186610-20569108595,764000.0,PEN,Soles,2026-03-17T00:00:00-05:00
ocds-dgv273-seacev3-2026-200025-2,ocds-dgv273-seacev3-2026-200025-2-2026-04-10T10:15:50.567193-05:00,1186217-20607954837,272222.08,PEN,Soles,2026-03-05T00:00:00-05:00
ocds-dgv273-seacev3-1186603,ocds-dgv273-seacev3-1186603-2026-04-10T10:15:50.539162-05:00,1186603-10479307445,521000.0,PEN,Soles,2026-02-24T00:00:00-05:00
ocds-dgv273-seacev3-1191009,ocds-dgv273-seacev3-1191009-2026-04-10T10:15:46.130449-05:00,1191009-20609186471,44000.0,PEN,Soles,2026-03-16T00:00:00-05:00
ocds-dgv273-seacev3-2026-200374-7,ocds-dgv273-seacev3-2026-200374-7-2026-04-10T10:15:45.617191-05:00,1189274-20600394879,121283.05,PEN,Soles,2026-03-03T00:00:00-05:00
ocds-dgv273-seacev3-1191285,ocds-dgv273-seacev3-1191285-2026-04-10T10:15:45.195479-05:00,1191285-20542211696,875557.05,PEN,Soles,2026-03-09T00:00:00-05:00
ocds-dgv273-seacev3-2026-374-3,ocds-dgv273-seacev3-2026-374-3-2026-04-10T10:15:43.355944-05:00,1190878-20610775161,46284.0,PEN,Soles,2026-03-18T00:00:00-05:00
ocds-dgv273-seacev3-1189868,ocds-dgv273-seacev3-1189868-2026-04-10T10:15:42.650777-05:00,1189868-1770632,305601.62,PEN,Soles,2026-03-17T00:00:00-05:00
ocds-dgv273-seacev3-1189741,ocds-dgv273-seacev3-1189741-2026-04-10T10:15:42.313503-05:00,1189741-1770268,3203022.84,PEN,Soles,2026-03-10T00:00:00-05:00
ocds-dgv273-seacev3-1190554,ocds-dgv273-seacev3-1190554-2026-04-10T10:15:33.590596-05:00,1190554-20601397553,227880.0,PEN,Soles,2026-03-09T00:00:00-05:00
ocds-dgv273-seacev3-1189326,ocds-dgv273-seacev3-1189326-2026-04-10T10:15:33.251522-05:00,1189326-20153361968,541800.0,PEN,Soles,2026-03-25T00:00:00-05:00
ocds-dgv273-seacev3-2026-1264-3,ocds-dgv273-seacev3-2026-1264-3-2026-04-10T10:15:32.734744-05:00,1191466-10432568101,130880.88,PEN,Soles,2026-03-17T00:00:00-05:00
ocds-dgv273-seacev3-1191989,ocds-dgv273-seacev3-1191989-2026-04-10T10:15:31.499375-05:00,1191989-20600008812,816608.0,PEN,Soles,2026-03-13T00:00:00-05:00
ocds-dgv273-seacev3-1189402,ocds-dgv273-seacev3-1189402-2026-04-10T10:15:29.486589-05:00,1189402-1770843,988765.09,PEN,Soles,2026-03-19T00:00:00-05:00
ocds-dgv273-seacev3-1191260,ocds-dgv273-seacev3-1191260-2026-04-10T10:15:29.073322-05:00,1191260-10418480888,272918.0,PEN,Soles,2026-03-18T00:00:00-05:00
ocds-dgv273-seacev3-2026-1777-1,ocds-dgv273-seacev3-2026-1777-1-2026-04-10T10:15:28.478974-05:00,1188707-20600571916,205377.0,PEN,Soles,2026-02-27T00:00:00-05:00
ocds-dgv273-seacev3-1187522,ocds-dgv273-seacev3-1187522-2026-04-10T10:15:28.445346-05:00,1187522-20608000705,489675.28,PEN,Soles,2026-03-12T00:00:00-05:00
ocds-dgv273-seacev3-1188089,ocds-dgv273-seacev3-1188089-2026-04-10T10:15:27.966772-05:00,1188089-20610474790,143550.0,PEN,Soles,2026-03-05T00:00:00-05:00
ocds-dgv273-seacev3-1187353,ocds-dgv273-seacev3-1187353-2026-04-10T10:15:27.848164-05:00,1187353-20486989301,90630.0,PEN,Soles,2026-02-26T00:00:00-05:00
ocds-dgv273-seacev3-1187353,ocds-dgv273-seacev3-1187353-2026-04-10T10:15:27.848164-05:00,1187353-20568024878,68058.0,PEN,Soles,2026-02-26T00:00:00-05:00
ocds-dgv273-seacev3-1191733,ocds-dgv273-seacev3-1191733-2026-04-10T10:15:22.739078-05:00,1191733-10427916699,95143.15,PEN,Soles,2026-03-04T00:00:00-05:00
ocds-dgv273-seacev3-1190009,ocds-dgv273-seacev3-1190009-2026-04-10T10:15:22.214576-05:00,1190009-10239646579,127800.0,PEN,Nuevos Soles,2026-03-09T00:00:00-05:00
ocds-dgv273-seacev3-2026-1898-12,ocds-dgv273-seacev3-2026-1898-12-2026-04-10T10:15:21.957919-05:00,1189197-20606483890,83400.0,PEN,Soles,2026-03-18T00:00:00-05:00
ocds-dgv273-seacev3-2026-200077-1,ocds-dgv273-seacev3-2026-200077-1-2026-04-10T10:15:19.520299-05:00,1190674-10469238739,96000.0,PEN,Soles,2026-03-10T00:00:00-05:00
ocds-dgv273-seacev3-2026-1607-1,ocds-dgv273-seacev3-2026-1607-1-2026-04-10T10:15:17.418605-05:00,1186583-1767051,1762127.24,PEN,Soles,2026-02-26T00:00:00-05:00
ocds-dgv273-seacev3-2026-1784-17,ocds-dgv273-seacev3-2026-1784-17-2026-04-10T10:15:16.547069-05:00,1187571-20523905679,15739.4,PEN,Soles,2026-02-23T00:00:00-05:00
ocds-dgv273-seacev3-2026-1784-17,ocds-dgv273-seacev3-2026-1784-17-2026-04-10T10:15:16.547069-05:00,1187571-20601638658,35000.0,PEN,Soles,2026-02-23T00:00:00-05:00
ocds-dgv273-seacev3-2026-1784-17,ocds-dgv273-seacev3-2026-1784-17-2026-04-10T10:15:16.547069-05:00,1187571-20615259471,51306.0,PEN,Soles,2026-02-23T00:00:00-05:00
ocds-dgv273-seacev3-2026-1784-17,ocds-dgv273-seacev3-2026-1784-17-2026-04-10T10:15:16.547069-05:00,1187571-99999999999,50739.4,PEN,Soles,2026-02-23T00:00:00-05:00
ocds-dgv273-seacev3-2026-1784-17,ocds-dgv273-seacev3-2026-1784-17-2026-04-10T10:15:16.547069-05:00,1187571-20609243407,64987.6,PEN,Soles,2026-03-25T00:00:00-05:00
ocds-dgv273-seacev3-1187317,ocds-dgv273-seacev3-1187317-2026-04-10T10:15:16.232505-05:00,1187317-20602522998,143925.0,PEN,Soles,2026-03-05T00:00:00-05:00
ocds-dgv273-seacev3-1191278,ocds-dgv273-seacev3-1191278-2026-04-10T10:15:11.229251-05:00,1191278-10196970709,736767.49,PEN,Soles,2026-03-10T00:00:00-05:00
ocds-dgv273-seacev3-1191703,ocds-dgv273-seacev3-1191703-2026-04-10T10:15:11.144910-05:00,1191703-1772108,88180.0,PEN,Soles,2026-03-18T00:00:00-05:00
ocds-dgv273-seacev3-2026-374-21,ocds-dgv273-seacev3-2026-374-21-2026-04-10T10:15:10.648678-05:00,1191463-20602611605,104000.0,PEN,Soles,2026-03-10T00:00:00-05:00
ocds-dgv273-seacev3-2026-374-21,ocds-dgv273-seacev3-2026-374-21-2026-04-10T10:15:10.648678-05:00,1191463-20607472531,126800.0,PEN,Soles,2026-03-24T00:00:00-05:00
ocds-dgv273-seacev3-1190413,ocds-dgv273-seacev3-1190413-2026-04-10T10:15:10.356339-05:00,1190413-10256569561,127996.09,PEN,Soles,2026-03-19T00:00:00-05:00
ocds-dgv273-seacev3-1190136,ocds-dgv273-seacev3-1190136-2026-04-10T10:15:07.211017-05:00,1190136-20521266903,89500.0,PEN,Soles,2026-03-05T00:00:00-05:00
ocds-dgv273-seacev3-1185712,ocds-dgv273-seacev3-1185712-2026-04-10T10:15:06.867775-05:00,1185712-20600621654,78120.0,PEN,Soles,2026-03-18T00:00:00-05:00
ocds-dgv273-seacev3-2026-200501-4,ocds-dgv273-seacev3-2026-200501-4-2026-04-10T10:15:05.971759-05:00,1192003-20100868254,61969.69,PEN,Soles,2026-03-17T00:00:00-05:00
ocds-dgv273-seacev3-2026-1593-4,ocds-dgv273-seacev3-2026-1593-4-2026-04-10T10:15:05.956301-05:00,1191333-20526206437,98000.0,PEN,Soles,2026-03-10T00:00:00-05:00
ocds-dgv273-seacev3-2026-168715-8,ocds-dgv273-seacev3-2026-168715-8-2026-04-10T10:15:05.866749-05:00,1188495-20477834702,120286.5,PEN,Soles,2026-03-12T00:00:00-05:00
ocds-dgv273-seacev3-1187955,ocds-dgv273-seacev3-1187955-2026-04-10T10:15:04.627078-05:00,1187955-20613895800,470000.0,PEN,Soles,2026-03-09T00:00:00-05:00
ocds-dgv273-seacev3-1185759,ocds-dgv273-seacev3-1185759-2026-04-10T10:15:04.435658-05:00,1185759-1766355,600108.18,PEN,Soles,2026-02-18T00:00:00-05:00
ocds-dgv273-seacev3-2026-200374-6,ocds-dgv273-seacev3-2026-200374-6-2026-04-10T10:14:59.532756-05:00,1189260-20600394879,113033.9,PEN,Soles,2026-03-03T00:00:00-05:00
ocds-dgv273-seacev3-2026-200374-2,ocds-dgv273-seacev3-2026-200374-2-2026-04-10T10:14:59.517470-05:00,1189222-20600394879,247948.31,PEN,Soles,2026-03-04T00:00:00-05:00
ocds-dgv273-seacev3-1192005,ocds-dgv273-seacev3-1192005-2026-04-10T10:14:58.247206-05:00,1192005-20600008812,148824.4,PEN,Soles,2026-03-13T00:00:00-05:00
ocds-dgv273-seacev3-2026-816-8,ocds-dgv273-seacev3-2026-816-8-2026-04-10T10:14:57.234385-05:00,1191004-10296919379,97820.0,PEN,Soles,2026-03-12T00:00:00-05:00
ocds-dgv273-seacev3-1191855,ocds-dgv273-seacev3-1191855-2026-04-10T10:14:57.099416-05:00,1191855-20518759079,385084.66,PEN,Soles,2026-03-12T00:00:00-05:00
ocds-dgv273-seacev3-1190762,ocds-dgv273-seacev3-1190762-2026-04-10T10:14:56.900837-05:00,1190762-10735779104,115920.0,PEN,Soles,2026-03-27T00:00:00-05:00
ocds-dgv273-seacev3-1189163,ocds-dgv273-seacev3-1189163-2026-04-10T10:14:55.037804-05:00,1189163-20495601251,93571.2,PEN,Soles,2026-03-04T00:00:00-05:00
ocds-dgv273-seacev3-2026-10141-52,ocds-dgv273-seacev3-2026-10141-52-2026-04-10T10:14:54.598170-05:00,1191990-20608515217,101555.49,PEN,Soles,2026-03-13T00:00:00-05:00
ocds-dgv273-seacev3-1188298,ocds-dgv273-seacev3-1188298-2026-04-10T10:14:48.011962-05:00,1188298-1770451,323214.1,PEN,Soles,2026-03-11T00:00:00-05:00
ocds-dgv273-seacev3-2026-200374-9,ocds-dgv273-seacev3-2026-200374-9-2026-04-10T10:14:46.413503-05:00,1189254-20531434588,100246.61,PEN,Soles,2026-03-03T00:00:00-05:00
ocds-dgv273-seacev3-1189559,ocds-dgv273-seacev3-1189559-2026-04-10T10:14:46.151993-05:00,1189559-10456643898,236000.0,PEN,Soles,2026-03-17T16:16:07-05:00
ocds-dgv273-seacev3-2026-1952-26,ocds-dgv273-seacev3-2026-1952-26-2026-04-10T10:14:45.054393-05:00,1194764-10759678881,49000.0,PEN,Soles,2026-03-12T00:00:00-05:00
ocds-dgv273-seacev3-2026-200374-3,ocds-dgv273-seacev3-2026-200374-3-2026-04-10T10:14:43.457132-05:00,1189238-20488961382,119461.86,PEN,Soles,2026-03-04T00:00:00-05:00
ocds-dgv273-seacev3-2026-488-1,ocds-dgv273-seacev3-2026-488-1-2026-04-10T10:14:43.027826-05:00,1190213-20454935048,583983.6,PEN,Soles,2026-03-04T00:00:00-05:00
ocds-dgv273-seacev3-1186035,ocds-dgv273-seacev3-1186035-2026-04-10T10:14:41.691309-05:00,1186035-1765740,480310.8,PEN,Soles,2026-02-17T00:00:00-05:00
ocds-dgv273-seacev3-1186164,ocds-dgv273-seacev3-1186164-2026-04-10T10:14:41.139912-05:00,1186164-20605511393,191616.0,PEN,Soles,2026-02-24T00:00:00-05:00
ocds-dgv273-seacev3-1186465,ocds-dgv273-seacev3-1186465-2026-04-10T10:14:41.045686-05:00,1186465-1766056,718170.56,PEN,Soles,2026-02-19T00:00:00-05:00
ocds-dgv273-seacev3-2026-1473-3,ocds-dgv273-seacev3-2026-1473-3-2026-04-09T10:18:23.389556-05:00,1191410-20542494973,168500.0,PEN,Soles,2026-03-12T00:00:00-05:00
ocds-dgv273-seacev3-2026-1473-2,ocds-dgv273-seacev3-2026-1473-2-2026-04-09T10:18:23.371293-05:00,1189648-20542494973,189500.0,PEN,Soles,2026-03-03T18:55:36-05:00
ocds-dgv273-seacev3-1190444,ocds-dgv273-seacev3-1190444-2026-04-09T10:18:23.104993-05:00,1190444-20611357312,2887500.0,PEN,Soles,2026-02-25T00:00:00-05:00
ocds-dgv273-seacev3-1189506,ocds-dgv273-seacev3-1189506-2026-04-09T10:18:22.223443-05:00,1189506-20574627011,86152.09,PEN,Soles,2026-03-04T00:00:00-05:00
ocds-dgv273-seacev3-1189506,ocds-dgv273-seacev3-1189506-2026-04-09T10:18:22.223443-05:00,1189506-20602781250,72610.46,PEN,Soles,2026-03-04T00:00:00-05:00
ocds-dgv273-seacev3-1188081,ocds-dgv273-seacev3-1188081-2026-04-09T10:18:18.143805-05:00,1188081-1767505,143863.0,PEN,Soles,2026-03-02T00:00:00-05:00
ocds-dgv273-seacev3-2026-1673-1,ocds-dgv273-seacev3-2026-1673-1-2026-04-09T10:18:17.049370-05:00,1186632-20406501133,48648.7,PEN,Soles,2026-02-24T00:00:00-05:00
ocds-dgv273-seacev3-2026-1673-1,ocds-dgv273-seacev3-2026-1673-1-2026-04-09T10:18:17.049370-05:00,1186632-20601927111,96228.0,PEN,Soles,2026-02-24T00:00:00-05:00
ocds-dgv273-seacev3-1187635,ocds-dgv273-seacev3-1187635-2026-04-09T10:18:16.923794-05:00,1187635-20509921441,159406.24,PEN,Soles,2026-03-17T00:00:00-05:00
ocds-dgv273-seacev3-1189129,ocds-dgv273-seacev3-1189129-2026-04-09T10:18:02.427596-05:00,1189129-20542681731,184000.0,PEN,Soles,2026-03-05T00:00:00-05:00
ocds-dgv273-seacev3-1189400,ocds-dgv273-seacev3-1189400-2026-04-09T10:18:02.329855-05:00,1189400-1776044,7069068.95,PEN,Soles,2026-03-27T00:00:00-05:00
ocds-dgv273-seacev3-2026-1747-11,ocds-dgv273-seacev3-2026-1747-11-2026-04-09T10:18:02.177063-05:00,1188434-1768931,406140.0,PEN,Soles,2026-03-12T00:00:00-05:00
ocds-dgv273-seacev3-1190534,ocds-dgv273-seacev3-1190534-2026-04-09T10:18:01.981775-05:00,1190534-1769602,1983299.53,PEN,Soles,2026-03-10T00:00:00-05:00
ocds-dgv273-seacev3-2026-10247-40,ocds-dgv273-seacev3-2026-10247-40-2026-04-09T10:18:01.893062-05:00,1191749-20546904106,81184.0,PEN,Soles,2026-03-18T00:00:00-05:00
ocds-dgv273-seacev3-1190458,ocds-dgv273-seacev3-1190458-2026-04-09T10:18:00.616367-05:00,1190458-20612130346,500787.16,PEN,Soles,2026-03-04T00:00:00-05:00
ocds-dgv273-seacev3-2026-191147-1,ocds-dgv273-seacev3-2026-191147-1-2026-04-09T10:18:00.600325-05:00,1189673-20604174989,173000.0,PEN,Soles,2026-03-03T00:00:00-05:00
ocds-dgv273-seacev3-1189169,ocds-dgv273-seacev3-1189169-2026-04-09T10:18:00.451240-05:00,1189169-20614568250,374540.4,PEN,Soles,2026-03-11T00:00:00-05:00
ocds-dgv273-seacev3-1191830,ocds-dgv273-seacev3-1191830-2026-04-09T10:18:00.272349-05:00,1191830-20450483142,264120.0,PEN,Soles,2026-03-12T00:00:00-05:00
ocds-dgv273-seacev3-1190492,ocds-dgv273-seacev3-1190492-2026-04-09T10:18:00.133342-05:00,1190492-20511037001,92370.0,PEN,Soles,2026-03-05T00:00:00-05:00
ocds-dgv273-seacev3-1190332,ocds-dgv273-seacev3-1190332-2026-04-09T10:18:00.117321-05:00,1190332-20546854591,186000.0,PEN,Soles,2026-03-10T00:00:00-05:00
ocds-dgv273-seacev3-1191605,ocds-dgv273-seacev3-1191605-2026-04-09T10:17:58.933569-05:00,1191605-10463307020,111500.0,PEN,Soles,2026-03-11T00:00:00-05:00
ocds-dgv273-seacev3-1189303,ocds-dgv273-seacev3-1189303-2026-04-09T10:17:58.801907-05:00,1189303-20347237028,290113.44,PEN,Soles,2026-02-27T00:00:00-05:00
ocds-dgv273-seacev3-2026-623-2,ocds-dgv273-seacev3-2026-623-2-2026-04-09T10:17:58.094935-05:00,1191248-20600907558,78198.62,PEN,Soles,2026-03-10T00:00:00-05:00
ocds-dgv273-seacev3-1191459,ocds-dgv273-seacev3-1191459-2026-04-09T10:17:57.685431-05:00,1191459-20522026396,113280.0,PEN,Soles,2026-03-24T00:00:00-05:00
ocds-dgv273-seacev3-2026-1016-1,ocds-dgv273-seacev3-2026-1016-1-2026-04-09T10:17:56.753045-05:00,1192096-20529016426,85799.54,PEN,Soles,2026-03-11T00:00:00-05:00
ocds-dgv273-seacev3-1189935,ocds-dgv273-seacev3-1189935-2026-04-09T10:17:56.581841-05:00,1189935-20572123228,264120.0,PEN,Soles,2026-03-05T00:00:00-05:00
ocds-dgv273-seacev3-1187510,ocds-dgv273-seacev3-1187510-2026-04-09T10:17:56.193365-05:00,1187510-1769281,62163.4,PEN,Soles,2026-03-09T00:00:00-05:00
ocds-dgv273-seacev3-2026-1003042270-3,ocds-dgv273-seacev3-2026-1003042270-3-2026-04-09T10:17:55.964220-05:00,1188547-20603698691,476200.0,PEN,Soles,2026-02-26T00:00:00-05:00
ocds-dgv273-seacev3-1186155,ocds-dgv273-seacev3-1186155-2026-04-09T10:17:55.614525-05:00,1186155-20610730893,205900.0,PEN,Soles,2026-02-25T00:00:00-05:00
ocds-dgv273-seacev3-1190218,ocds-dgv273-seacev3-1190218-2026-04-09T10:17:51.816444-05:00,1190218-1770917,1259067.49,PEN,Soles,2026-03-16T00:00:00-05:00
ocds-dgv273-seacev3-2026-200322-8,ocds-dgv273-seacev3-2026-200322-8-2026-04-09T10:17:50.783367-05:00,1190717-10200357600,759073.3,PEN,Soles,2026-03-05T00:00:00-05:00
ocds-dgv273-seacev3-2026-1478-3,ocds-dgv273-seacev3-2026-1478-3-2026-04-09T10:17:50.137527-05:00,1190130-20612822566,120815.31,PEN,Soles,2026-03-04T00:00:00-05:00
ocds-dgv273-seacev3-1189499,ocds-dgv273-seacev3-1189499-2026-04-09T10:17:48.992517-05:00,1189499-20541137654,170682.0,PEN,Soles,2026-03-03T00:00:00-05:00
ocds-dgv273-seacev3-1193840,ocds-dgv273-seacev3-1193840-2026-04-09T10:17:47.195081-05:00,1193840-20610020292,50000.0,PEN,Soles,2026-03-18T00:00:00-05:00
ocds-dgv273-seacev3-2026-640-1,ocds-dgv273-seacev3-2026-640-1-2026-04-09T10:17:45.490385-05:00,1185915-20613429981,105930.08,PEN,Soles,2026-03-13T00:00:00-05:00
ocds-dgv273-seacev3-2026-49-12,ocds-dgv273-seacev3-2026-49-12-2026-04-09T10:17:45.390485-05:00,1187986-20406428541,1408375.0,PEN,Soles,2026-03-02T19:10:42-05:00
ocds-dgv273-seacev3-2026-1250-4,ocds-dgv273-seacev3-2026-1250-4-2026-04-09T10:17:45.334574-05:00,1186400-20559826198,2918102.56,PEN,Soles,2026-02-19T00:00:00-05:00
ocds-dgv273-seacev3-1187039,ocds-dgv273-seacev3-1187039-2026-04-09T10:17:44.624037-05:00,1187039-20573807996,2463376.09,PEN,Soles,2026-02-24T00:00:00-05:00
ocds-dgv273-seacev3-1190735,ocds-dgv273-seacev3-1190735-2026-04-09T10:17:40.729932-05:00,1190735-20562719611,127800.0,PEN,Soles,2026-03-06T00:00:00-05:00
ocds-dgv273-seacev3-1191738,ocds-dgv273-seacev3-1191738-2026-04-09T10:17:40.599921-05:00,1191738-20518759079,196379.74,PEN,Soles,2026-03-10T00:00:00-05:00
ocds-dgv273-seacev3-1191904,ocds-dgv273-seacev3-1191904-2026-04-09T10:17:39.647677-05:00,1191904-10279616451,95000.0,PEN,Soles,2026-03-11T00:00:00-05:00
ocds-dgv273-seacev3-2026-1607-6,ocds-dgv273-seacev3-2026-1607-6-2026-04-09T10:17:39.401423-05:00,1191236-20603968639,420499.2,PEN,Soles,2026-03-11T00:00:00-05:00
ocds-dgv273-seacev3-1186297,ocds-dgv273-seacev3-1186297-2026-04-09T10:17:34.212651-05:00,1186297-1766155,778894.52,PEN,Soles,2026-02-18T00:00:00-05:00
ocds-dgv273-seacev3-1188861,ocds-dgv273-seacev3-1188861-2026-04-09T10:17:28.876819-05:00,1188861-1769801,1692207.84,PEN,Soles,2026-03-09T00:00:00-05:00
ocds-dgv273-seacev3-1190076,ocds-dgv273-seacev3-1190076-2026-04-09T10:17:27.268490-05:00,1190076-10296379889,509191.5,PEN,Soles,2026-03-05T00:00:00-05:00
ocds-dgv273-seacev3-1191870,ocds-dgv273-seacev3-1191870-2026-04-09T10:17:26.688397-05:00,1191870-10714978174,91000.0,PEN,Soles,2026-03-09T00:00:00-05:00
ocds-dgv273-seacev3-1191337,ocds-dgv273-seacev3-1191337-2026-04-09T10:17:25.815624-05:00,1191337-1773026,236822.39,PEN,Soles,2026-03-24T00:00:00-05:00
ocds-dgv273-seacev3-1190302,ocds-dgv273-seacev3-1190302-2026-04-09T10:17:24.765664-05:00,1190302-20613075837,74982.6,PEN,Soles,2026-03-03T00:00:00-05:00
ocds-dgv273-seacev3-1203128,ocds-dgv273-seacev3-1203128-2026-04-09T10:17:24.298636-05:00,1203128-10453978431,33000.0,PEN,Soles,2026-04-07T00:00:00-05:00
ocds-dgv273-seacev3-2026-1473-1,ocds-dgv273-seacev3-2026-1473-1-2026-04-09T10:17:24.219898-05:00,1187792-20604926689,118560.0,PEN,Soles,2026-02-24T15:25:13-05:00
ocds-dgv273-seacev3-2026-10248-79,ocds-dgv273-seacev3-2026-10248-79-2026-04-09T10:17:23.961140-05:00,1191735-20297955170,199715.0,PEN,Soles,2026-03-20T00:00:00-05:00
ocds-dgv273-seacev3-1190744,ocds-dgv273-seacev3-1190744-2026-04-09T10:17:16.400194-05:00,1190744-20503794692,55900.0,PEN,Soles,2026-03-19T00:00:00-05:00
ocds-dgv273-seacev3-1189547,ocds-dgv273-seacev3-1189547-2026-04-09T10:17:14.518551-05:00,1189547-20553333866,424587.0,PEN,Soles,2026-03-16T00:00:00-05:00
ocds-dgv273-seacev3-2026-374-82,ocds-dgv273-seacev3-2026-374-82-2026-04-09T10:17:13.968312-05:00,1190815-20604302235,141833.0,PEN,Soles,2026-03-11T00:00:00-05:00
ocds-dgv273-seacev3-2026-374-82,ocds-dgv273-seacev3-2026-374-82-2026-04-09T10:17:13.968312-05:00,1190815-20607510092,155974.42,PEN,Soles,2026-03-24T00:00:00-05:00
ocds-dgv273-seacev3-1188506,ocds-dgv273-seacev3-1188506-2026-04-09T10:17:11.119216-05:00,1188506-1768160,3630623.36,PEN,Soles,2026-02-27T00:00:00-05:00
ocds-dgv273-seacev3-2026-10249-47,ocds-dgv273-seacev3-2026-10249-47-2026-04-09T10:17:11.092503-05:00,1188903-20544172761,50000.0,PEN,Soles,2026-03-06T00:00:00-05:00
ocds-dgv273-seacev3-2026-2397-38,ocds-dgv273-seacev3-2026-2397-38-2026-04-09T10:17:11.035338-05:00,1188354-20518283210,63623.85,PEN,Soles,2026-03-09T00:00:00-05:00
ocds-dgv273-seacev3-1187973,ocds-dgv273-seacev3-1187973-2026-04-09T10:17:10.841408-05:00,1187973-20605650652,352974.0,PEN,Soles,2026-02-24T00:00:00-05:00
ocds-dgv273-seacev3-1187625,ocds-dgv273-seacev3-1187625-2026-04-09T10:17:10.663573-05:00,1187625-20530340041,554102.53,PEN,Soles,2026-02-20T00:00:00-05:00
ocds-dgv273-seacev3-1190033,ocds-dgv273-seacev3-1190033-2026-04-08T10:12:59.436940-05:00,1190033-20569325260,432900.0,PEN,Soles,2026-03-05T00:00:00-05:00
ocds-dgv273-seacev3-2026-270-48,ocds-dgv273-seacev3-2026-270-48-2026-04-08T10:12:58.700645-05:00,1189837-1769106,189900.0,PEN,Soles,2026-03-06T00:00:00-05:00
ocds-dgv273-seacev3-1191987,ocds-dgv273-seacev3-1191987-2026-04-08T10:12:58.354025-05:00,1191987-20556799327,4056840.0,PEN,Soles,2026-03-11T00:00:00-05:00
ocds-dgv273-seacev3-1190632,ocds-dgv273-seacev3-1190632-2026-04-08T10:12:58.286773-05:00,1190632-20609912121,740998.1,PEN,Soles,2026-03-09T00:00:00-05:00
ocds-dgv273-seacev3-2026-10247-89,ocds-dgv273-seacev3-2026-10247-89-2026-04-08T10:12:57.444540-05:00,1190969-20500333414,63040.0,PEN,Soles,2026-03-19T00:00:00-05:00
ocds-dgv273-seacev3-1192519,ocds-dgv273-seacev3-1192519-2026-04-08T10:12:56.186085-05:00,1192519-10258605735,112000.0,PEN,Soles,2026-03-03T00:00:00-05:00
ocds-dgv273-seacev3-1192519,ocds-dgv273-seacev3-1192519-2026-04-08T10:12:56.186085-05:00,1192519-10403589301,112000.0,PEN,Soles,2026-03-13T00:00:00-05:00
ocds-dgv273-seacev3-1188718,ocds-dgv273-seacev3-1188718-2026-04-08T10:12:55.145394-05:00,1188718-20603516207,388443.0,PEN,Soles,2026-02-27T00:00:00-05:00
ocds-dgv273-seacev3-2026-1166-6,ocds-dgv273-seacev3-2026-1166-6-2026-04-08T10:12:54.843626-05:00,1188694-1767824,50637.85,PEN,Soles,2026-02-26T00:00:00-05:00
ocds-dgv273-seacev3-2026-1003042270-5,ocds-dgv273-seacev3-2026-1003042270-5-2026-04-08T10:12:54.164985-05:00,1188540-1768031,120000.0,PEN,Soles,2026-02-26T00:00:00-05:00
ocds-dgv273-seacev3-1189344,ocds-dgv273-seacev3-1189344-2026-04-08T10:12:48.046260-05:00,1189344-10022970319,342200.0,PEN,Soles,2026-03-11T00:00:00-05:00
ocds-dgv273-seacev3-2026-2009-88,ocds-dgv273-seacev3-2026-2009-88-2026-04-08T10:12:47.307721-05:00,1190462-20600115007,130859.2,PEN,Soles,2026-03-09T00:00:00-05:00
ocds-dgv273-seacev3-2026-10578-2,ocds-dgv273-seacev3-2026-10578-2-2026-04-08T10:12:46.832934-05:00,1190471-10738141542,80000.0,PEN,Soles,2026-03-12T00:00:00-05:00
ocds-dgv273-seacev3-2026-592-1,ocds-dgv273-seacev3-2026-592-1-2026-04-08T10:12:45.676406-05:00,1191207-20494224748,85851.0,PEN,Soles,2026-03-11T00:00:00-05:00
ocds-dgv273-seacev3-1191406,ocds-dgv273-seacev3-1191406-2026-04-08T10:12:45.491645-05:00,1191406-20448139981,204053.16,PEN,Soles,2026-03-12T00:00:00-05:00
ocds-dgv273-seacev3-2026-10578-3,ocds-dgv273-seacev3-2026-10578-3-2026-04-08T10:12:45.208211-05:00,1190474-10294139996,80000.0,PEN,Soles,2026-03-12T00:00:00-05:00
ocds-dgv273-seacev3-1191581,ocds-dgv273-seacev3-1191581-2026-04-08T10:12:44.773789-05:00,1191581-20614541751,49450.0,PEN,Soles,2026-03-16T00:00:00-05:00
ocds-dgv273-seacev3-2026-10578-4,ocds-dgv273-seacev3-2026-10578-4-2026-04-08T10:12:44.666816-05:00,1190476-10401174279,80000.0,PEN,Soles,2026-03-12T00:00:00-05:00
ocds-dgv273-seacev3-2026-798-1,ocds-dgv273-seacev3-2026-798-1-2026-04-08T10:12:44.327780-05:00,1189923-20511037001,236720.0,PEN,Soles,2026-03-03T00:00:00-05:00
ocds-dgv273-seacev3-2026-798-1,ocds-dgv273-seacev3-2026-798-1-2026-04-08T10:12:44.327780-05:00,1189923-20607512184,239200.0,PEN,Soles,2026-03-19T00:00:00-05:00
ocds-dgv273-seacev3-1191306,ocds-dgv273-seacev3-1191306-2026-04-08T10:12:40.337172-05:00,1191306-20448139981,230946.0,PEN,Soles,2026-03-10T00:00:00-05:00
ocds-dgv273-seacev3-1191331,ocds-dgv273-seacev3-1191331-2026-04-08T10:12:39.538640-05:00,1191331-20609716577,115000.0,PEN,Soles,2026-03-17T00:00:00-05:00
ocds-dgv273-seacev3-1191614,ocds-dgv273-seacev3-1191614-2026-04-08T10:12:38.585954-05:00,1191614-20608490541,155000.0,PEN,Soles,2026-03-09T20:33:25-05:00
ocds-dgv273-seacev3-1194965,ocds-dgv273-seacev3-1194965-2026-04-08T10:12:36.513441-05:00,1194965-1770478,525197829.91,PEN,Soles,2026-03-12T00:00:00-05:00
ocds-dgv273-seacev3-2026-375-1,ocds-dgv273-seacev3-2026-375-1-2026-04-08T10:12:35.993874-05:00,1189573-20607438715,127315.8,PEN,Soles,2026-03-17T00:00:00-05:00
ocds-dgv273-seacev3-1190683,ocds-dgv273-seacev3-1190683-2026-04-08T10:12:35.740314-05:00,1190683-20570698304,1095296.4,PEN,Soles,2026-03-06T00:00:00-05:00
ocds-dgv273-seacev3-2026-1522-1,ocds-dgv273-seacev3-2026-1522-1-2026-04-08T10:12:35.683751-05:00,1192022-20600229827,199235.0,PEN,Soles,2026-03-12T00:00:00-05:00
ocds-dgv273-seacev3-1191574,ocds-dgv273-seacev3-1191574-2026-04-08T10:12:35.247561-05:00,1191574-20448139981,370000.0,PEN,Soles,2026-03-09T19:36:11-05:00
ocds-dgv273-seacev3-2026-757-1,ocds-dgv273-seacev3-2026-757-1-2026-04-08T10:12:33.943691-05:00,1191018-20608833031,124740.0,PEN,Soles,2026-03-11T00:00:00-05:00
ocds-dgv273-seacev3-1187312,ocds-dgv273-seacev3-1187312-2026-04-08T10:12:33.396715-05:00,1187312-1767428,691841.0,PEN,Soles,2026-02-26T00:00:00-05:00
ocds-dgv273-seacev3-1188988,ocds-dgv273-seacev3-1188988-2026-04-08T10:12:29.595585-05:00,1188988-1768175,202000.0,PEN,Soles,2026-03-06T00:00:00-05:00
ocds-dgv273-seacev3-1191838,ocds-dgv273-seacev3-1191838-2026-04-08T10:12:29.460345-05:00,1191838-1769849,1950193.6,PEN,Soles,2026-03-10T00:00:00-05:00
ocds-dgv273-seacev3-1191291,ocds-dgv273-seacev3-1191291-2026-04-08T10:12:28.822277-05:00,1191291-20604130680,53068.19,PEN,Soles,2026-03-11T00:00:00-05:00
ocds-dgv273-seacev3-1189658,ocds-dgv273-seacev3-1189658-2026-04-08T10:12:27.244324-05:00,1189658-10291686465,68000.0,PEN,Soles,2026-02-25T00:00:00-05:00
ocds-dgv273-seacev3-1191096,ocds-dgv273-seacev3-1191096-2026-04-08T10:12:25.929467-05:00,1191096-20605744339,195000.0,PEN,Soles,2026-03-16T00:00:00-05:00
ocds-dgv273-seacev3-2026-270-36,ocds-dgv273-seacev3-2026-270-36-2026-04-08T10:12:22.561035-05:00,1187061-1772362,1229000.0,PEN,Soles,2026-03-17T00:00:00-05:00
ocds-dgv273-seacev3-2026-200141-1,ocds-dgv273-seacev3-2026-200141-1-2026-04-08T10:12:18.758581-05:00,1191263-20574627011,153396.16,PEN,Soles,2026-03-11T00:00:00-05:00
ocds-dgv273-seacev3-2026-200141-1,ocds-dgv273-seacev3-2026-200141-1-2026-04-08T10:12:18.758581-05:00,1191263-20602781250,88582.61,PEN,Soles,2026-03-11T00:00:00-05:00
ocds-dgv273-seacev3-1190692,ocds-dgv273-seacev3-1190692-2026-04-08T10:12:18.568754-05:00,1190692-1768354,13281071.77,PEN,Soles,2026-02-27T00:00:00-05:00
ocds-dgv273-seacev3-2026-10466-2,ocds-dgv273-seacev3-2026-10466-2-2026-04-08T10:12:17.790060-05:00,1190750-10040721172,210000.0,PEN,Soles,2026-03-20T00:00:00-05:00
ocds-dgv273-seacev3-2026-851-1,ocds-dgv273-seacev3-2026-851-1-2026-04-08T10:12:17.100017-05:00,1190685-20527786461,229958.4,PEN,Soles,2026-03-12T00:00:00-05:00
ocds-dgv273-seacev3-1191192,ocds-dgv273-seacev3-1191192-2026-04-08T10:12:17.000498-05:00,1191192-10427439602,97718.3,PEN,Soles,2026-03-11T00:00:00-05:00
ocds-dgv273-seacev3-1190054,ocds-dgv273-seacev3-1190054-2026-04-08T10:12:16.451830-05:00,1190054-20530880746,114635.58,PEN,Soles,2026-03-11T00:00:00-05:00
ocds-dgv273-seacev3-1190525,ocds-dgv273-seacev3-1190525-2026-04-08T10:12:14.921244-05:00,1190525-1769829,130341.0,PEN,Soles,2026-03-09T00:00:00-05:00
ocds-dgv273-seacev3-1191883,ocds-dgv273-seacev3-1191883-2026-04-08T10:12:13.883065-05:00,1191883-20611326522,160000.0,PEN,Soles,2026-03-10T00:00:00-05:00
ocds-dgv273-seacev3-2026-1030-1,ocds-dgv273-seacev3-2026-1030-1-2026-04-08T10:12:12.219209-05:00,1186675-20601021642,73440.0,PEN,Soles,2026-03-05T00:00:00-05:00
ocds-dgv273-seacev3-1187049,ocds-dgv273-seacev3-1187049-2026-04-08T10:12:11.745197-05:00,1187049-1768896,154544.1,PEN,Soles,2026-03-05T00:00:00-05:00
ocds-dgv273-seacev3-2026-1598-1,ocds-dgv273-seacev3-2026-1598-1-2026-04-08T10:12:11.687662-05:00,1187906-20479379735,294152.11,PEN,Soles,2026-02-26T00:00:00-05:00
ocds-dgv273-seacev3-2026-174-2,ocds-dgv273-seacev3-2026-174-2-2026-04-08T10:12:07.735664-05:00,1191170-10316249847,163728.47,PEN,Soles,2026-03-16T00:00:00-05:00
ocds-dgv273-seacev3-1190761,ocds-dgv273-seacev3-1190761-2026-04-08T10:12:07.692732-05:00,1190761-20530896821,480375.0,PEN,Soles,2026-03-09T00:00:00-05:00
ocds-dgv273-seacev3-1191320,ocds-dgv273-seacev3-1191320-2026-04-08T10:12:07.167022-05:00,1191320-20614594820,508996.4,PEN,Soles,2026-03-12T00:00:00-05:00
ocds-dgv273-seacev3-1192015,ocds-dgv273-seacev3-1192015-2026-04-08T10:12:06.758651-05:00,1192015-1768427,120000.61,PEN,Soles,2026-02-27T00:00:00-05:00
ocds-dgv273-seacev3-2026-711-2,ocds-dgv273-seacev3-2026-711-2-2026-04-08T10:12:06.722792-05:00,1188447-1772772,176673.34,PEN,Soles,2026-03-19T00:00:00-05:00
ocds-dgv273-seacev3-1199316,ocds-dgv273-seacev3-1199316-2026-04-08T10:12:06.390357-05:00,1199316-20574773181,76500.0,PEN,Soles,2026-03-30T00:00:00-05:00
ocds-dgv273-seacev3-1189608,ocds-dgv273-seacev3-1189608-2026-04-08T10:12:06.146757-05:00,1189608-20608888498,892000.0,PEN,Soles,2026-03-09T00:00:00-05:00
ocds-dgv273-seacev3-1191214,ocds-dgv273-seacev3-1191214-2026-04-08T10:12:05.839683-05:00,1191214-20608490541,330483.0,PEN,Soles,2026-03-09T00:00:00-05:00
ocds-dgv273-seacev3-1189818,ocds-dgv273-seacev3-1189818-2026-04-08T10:12:05.582582-05:00,1189818-1769779,158915.71,PEN,Soles,2026-03-10T00:00:00-05:00
ocds-dgv273-seacev3-1191301,ocds-dgv273-seacev3-1191301-2026-04-08T10:12:05.458300-05:00,1191301-1770172,243140.0,PEN,Soles,2026-03-11T00:00:00-05:00
ocds-dgv273-seacev3-1188109,ocds-dgv273-seacev3-1188109-2026-04-08T10:12:05.259998-05:00,1188109-1767928,1187946.52,PEN,Soles,2026-03-02T00:00:00-05:00
ocds-dgv273-seacev3-1190077,ocds-dgv273-seacev3-1190077-2026-04-08T10:12:03.772954-05:00,1190077-20603563060,79500.0,PEN,Soles,2026-03-03T00:00:00-05:00
ocds-dgv273-seacev3-1191570,ocds-dgv273-seacev3-1191570-2026-04-08T10:12:03.654069-05:00,1191570-10316602512,65812.82,PEN,Soles,2026-03-13T00:00:00-05:00
ocds-dgv273-seacev3-1189412,ocds-dgv273-seacev3-1189412-2026-04-08T10:12:03.639337-05:00,1189412-20445587690,145944.0,PEN,Soles,2026-03-05T00:00:00-05:00
ocds-dgv273-seacev3-1191197,ocds-dgv273-seacev3-1191197-2026-04-08T10:12:03.119486-05:00,1191197-20448139981,260507.0,PEN,Soles,2026-03-09T00:00:00-05:00
ocds-dgv273-seacev3-1191141,ocds-dgv273-seacev3-1191141-2026-04-08T10:12:03.016913-05:00,1191141-10311240086,51118.7,PEN,Soles,2026-03-06T00:00:00-05:00
ocds-dgv273-seacev3-1191591,ocds-dgv273-seacev3-1191591-2026-04-08T10:12:02.732007-05:00,1191591-10416764544,198370.0,PEN,Soles,2026-03-18T00:00:00-05:00
ocds-dgv273-seacev3-1185298,ocds-dgv273-seacev3-1185298-2026-04-08T10:12:01.417941-05:00,1185298-20605724125,79598.25,PEN,Soles,2026-02-19T00:00:00-05:00
ocds-dgv273-seacev3-1187574,ocds-dgv273-seacev3-1187574-2026-04-08T10:12:01.145919-05:00,1187574-1767391,1904287.53,PEN,Soles,2026-03-03T00:00:00-05:00
ocds-dgv273-seacev3-1187201,ocds-dgv273-seacev3-1187201-2026-04-08T10:12:00.451672-05:00,1187201-1768907,689000.0,PEN,Soles,2026-03-05T00:00:00-05:00
ocds-dgv273-seacev3-1188217,ocds-dgv273-seacev3-1188217-2026-04-08T10:12:00.378097-05:00,1188217-1767500,4091182.85,PEN,Soles,2026-03-02T00:00:00-05:00
ocds-dgv273-seacev3-2026-270-40,ocds-dgv273-seacev3-2026-270-40-2026-04-08T10:12:00.318223-05:00,1187062-1766816,332900.0,PEN,Soles,2026-02-20T00:00:00-05:00
ocds-dgv273-seacev3-1199422,ocds-dgv273-seacev3-1199422-2026-04-08T10:11:56.551216-05:00,1199422-20574773181,74162.0,PEN,Soles,2026-03-30T00:00:00-05:00
ocds-dgv273-seacev3-2026-294-4,ocds-dgv273-seacev3-2026-294-4-2026-04-08T10:11:55.839480-05:00,1189308-1770045,93591.39,PEN,Soles,2026-03-10T00:00:00-05:00
ocds-dgv273-seacev3-1190323,ocds-dgv273-seacev3-1190323-2026-04-08T10:11:54.226046-05:00,1190323-10803082753,67000.0,PEN,Soles,2026-03-16T00:00:00-05:00
ocds-dgv273-seacev3-1188664,ocds-dgv273-seacev3-1188664-2026-04-08T10:11:51.642087-05:00,1188664-20603516207,126777.88,PEN,Soles,2026-02-27T00:00:00-05:00
ocds-dgv273-seacev3-1188827,ocds-dgv273-seacev3-1188827-2026-04-08T10:11:50.463428-05:00,1188827-1769490,626789.98,PEN,Soles,2026-03-16T00:00:00-05:00
ocds-dgv273-seacev3-2026-1231-1,ocds-dgv273-seacev3-2026-1231-1-2026-04-07T10:05:11.297442-05:00,1190981-10193287501,143505.0,PEN,Soles,2026-03-10T00:00:00-05:00
ocds-dgv273-seacev3-1191477,ocds-dgv273-seacev3-1191477-2026-04-06T10:08:15.845543-05:00,1191477-10422221986,160523.44,PEN,Soles,2026-03-11T00:00:00-05:00
ocds-dgv273-seacev3-1191854,ocds-dgv273-seacev3-1191854-2026-04-04T09:51:06.460763-05:00,1191854-20258134568,196560.0,PEN,Soles,2026-03-11T00:00:00-05:00
ocds-dgv273-seacev3-1192054,ocds-dgv273-seacev3-1192054-2026-04-03T10:07:28.425689-05:00,1192054-20111876097,1250000.0,PEN,Soles,2026-03-19T00:00:00-05:00
ocds-dgv273-seacev3-1192002,ocds-dgv273-seacev3-1192002-2026-04-03T10:07:28.398532-05:00,1192002-20604230757,57000.0,PEN,Soles,2026-03-05T00:00:00-05:00
ocds-dgv273-seacev3-1191356,ocds-dgv273-seacev3-1191356-2026-04-03T10:07:28.305256-05:00,1191356-1771223,1373027.02,PEN,Soles,2026-03-13T00:00:00-05:00
ocds-dgv273-seacev3-2026-374-85,ocds-dgv273-seacev3-2026-374-85-2026-04-03T10:07:28.285012-05:00,1191155-20490971824,97950.0,PEN,Soles,2026-03-06T00:00:00-05:00
ocds-dgv273-seacev3-1188085,ocds-dgv273-seacev3-1188085-2026-04-03T10:07:28.111427-05:00,1188085-20602387888,138000.0,PEN,Soles,2026-03-12T00:00:00-05:00
ocds-dgv273-seacev3-1190464,ocds-dgv273-seacev3-1190464-2026-04-03T10:07:26.610539-05:00,1190464-20557171411,800000.0,PEN,Soles,2026-03-12T00:00:00-05:00
ocds-dgv273-seacev3-2026-252439-1,ocds-dgv273-seacev3-2026-252439-1-2026-04-03T10:07:26.577583-05:00,1189463-20608427130,70916.5,PEN,Soles,2026-03-05T00:00:00-05:00
ocds-dgv273-seacev3-1190843,ocds-dgv273-seacev3-1190843-2026-04-03T10:07:26.235011-05:00,1190843-20494224748,118644.32,PEN,Soles,2026-03-12T00:00:00-05:00
ocds-dgv273-seacev3-2026-200344-18,ocds-dgv273-seacev3-2026-200344-18-2026-04-03T10:07:25.308972-05:00,1190206-20514781851,91550.0,PEN,Soles,2026-03-11T00:00:00-05:00
ocds-dgv273-seacev3-1189127,ocds-dgv273-seacev3-1189127-2026-04-03T10:07:24.560916-05:00,1189127-20534206721,244781.0,PEN,Soles,2026-02-27T00:00:00-05:00
ocds-dgv273-seacev3-1189127,ocds-dgv273-seacev3-1189127-2026-04-03T10:07:24.560916-05:00,1189127-20609660750,245999.0,PEN,Soles,2026-03-17T00:00:00-05:00
ocds-dgv273-seacev3-1188337,ocds-dgv273-seacev3-1188337-2026-04-03T10:07:22.349277-05:00,1188337-1770807,614531.37,PEN,Soles,2026-03-17T00:00:00-05:00
ocds-dgv273-seacev3-1188335,ocds-dgv273-seacev3-1188335-2026-04-03T10:07:22.228128-05:00,1188335-1767987,655285.39,PEN,Soles,2026-02-26T00:00:00-05:00
ocds-dgv273-seacev3-1186454,ocds-dgv273-seacev3-1186454-2026-04-03T10:07:21.869342-05:00,1186454-20328495474,797529.92,PEN,Soles,2026-02-26T00:00:00-05:00
ocds-dgv273-seacev3-1189986,ocds-dgv273-seacev3-1189986-2026-04-03T10:07:17.667688-05:00,1189986-20610387544,138450.0,PEN,Soles,2026-03-13T00:00:00-05:00
ocds-dgv273-seacev3-2026-10184-1,ocds-dgv273-seacev3-2026-10184-1-2026-04-03T10:07:16.396211-05:00,1187125-20100432472,149940.0,PEN,Soles,2026-03-10T00:00:00-05:00
ocds-dgv273-seacev3-2026-10184-1,ocds-dgv273-seacev3-2026-10184-1-2026-04-03T10:07:16.396211-05:00,1187125-20492375536,127160.0,PEN,Soles,2026-03-10T00:00:00-05:00
ocds-dgv273-seacev3-2026-10184-1,ocds-dgv273-seacev3-2026-10184-1-2026-04-03T10:07:16.396211-05:00,1195510-20608375687,98912.0,PEN,Soles,2026-03-27T00:00:00-05:00
ocds-dgv273-seacev3-2026-1995-68,ocds-dgv273-seacev3-2026-1995-68-2026-04-03T10:07:16.167244-05:00,1190522-20602343350,88776.0,PEN,Soles,2026-03-11T00:00:00-05:00
ocds-dgv273-seacev3-1191265,ocds-dgv273-seacev3-1191265-2026-04-03T10:07:14.884009-05:00,1191265-20514448338,235764.0,PEN,Soles,2026-03-30T00:00:00-05:00
ocds-dgv273-seacev3-2026-876-1,ocds-dgv273-seacev3-2026-876-1-2026-04-03T10:07:13.880093-05:00,1191568-20568024878,57288.0,PEN,Soles,2026-03-12T00:00:00-05:00
ocds-dgv273-seacev3-2026-876-1,ocds-dgv273-seacev3-2026-876-1-2026-04-03T10:07:13.880093-05:00,1191568-20607491764,125140.8,PEN,Soles,2026-03-12T00:00:00-05:00
ocds-dgv273-seacev3-1191526,ocds-dgv273-seacev3-1191526-2026-04-03T10:07:13.656136-05:00,1191526-10083541305,196000.0,PEN,Soles,2026-03-09T00:00:00-05:00
ocds-dgv273-seacev3-1187117,ocds-dgv273-seacev3-1187117-2026-04-03T10:07:12.170425-05:00,1187117-1767510,1718400.0,PEN,Soles,2026-02-27T00:00:00-05:00
ocds-dgv273-seacev3-2026-28-85,ocds-dgv273-seacev3-2026-28-85-2026-04-03T10:07:12.138088-05:00,1188090-20509131989,193320.0,PEN,Soles,2026-03-06T00:00:00-05:00
ocds-dgv273-seacev3-2026-1487-7,ocds-dgv273-seacev3-2026-1487-7-2026-04-03T10:07:12.077864-05:00,1184840-20493640322,479159.32,PEN,Soles,2026-02-16T00:00:00-05:00
ocds-dgv273-seacev3-1186842,ocds-dgv273-seacev3-1186842-2026-04-03T10:07:11.624103-05:00,1186842-20503870542,162277.12,PEN,Soles,2026-02-24T00:00:00-05:00
ocds-dgv273-seacev3-2026-1487-5,ocds-dgv273-seacev3-2026-1487-5-2026-04-03T10:07:11.608699-05:00,1185381-1767484,3735500.01,PEN,Soles,2026-02-25T00:00:00-05:00
ocds-dgv273-seacev3-1192019,ocds-dgv273-seacev3-1192019-2026-04-03T10:07:07.400685-05:00,1192019-20603032498,101256.0,PEN,Soles,2026-03-10T00:00:00-05:00
ocds-dgv273-seacev3-1191144,ocds-dgv273-seacev3-1191144-2026-04-03T10:07:07.069419-05:00,1191144-20480738676,344000.0,PEN,Soles,2026-03-13T00:00:00-05:00
ocds-dgv273-seacev3-2026-10151-17,ocds-dgv273-seacev3-2026-10151-17-2026-04-03T10:07:06.784545-05:00,1188346-20568216785,66830.0,PEN,Soles,2026-02-27T00:00:00-05:00
ocds-dgv273-seacev3-1191083,ocds-dgv273-seacev3-1191083-2026-04-03T10:07:06.155978-05:00,1191083-20506248036,162045.0,PEN,Soles,2026-03-09T00:00:00-05:00
ocds-dgv273-seacev3-1188303,ocds-dgv273-seacev3-1188303-2026-04-03T10:07:06.017613-05:00,1188303-20609792591,65200.0,PEN,Soles,2026-02-25T00:00:00-05:00
ocds-dgv273-seacev3-1188266,ocds-dgv273-seacev3-1188266-2026-04-03T10:07:04.743263-05:00,1188266-20565853971,1708584.98,PEN,Soles,2026-03-03T00:00:00-05:00
ocds-dgv273-seacev3-1191193,ocds-dgv273-seacev3-1191193-2026-04-03T10:07:04.637428-05:00,1191193-20509860981,389722.39,PEN,Soles,2026-03-09T00:00:00-05:00
ocds-dgv273-seacev3-1192287,ocds-dgv273-seacev3-1192287-2026-04-03T10:07:04.420746-05:00,1192287-1769785,1254468.47,PEN,Soles,2026-03-11T00:00:00-05:00
ocds-dgv273-seacev3-1189858,ocds-dgv273-seacev3-1189858-2026-04-03T10:07:03.750653-05:00,1189858-20603094566,93456.0,PEN,Soles,2026-03-05T00:00:00-05:00
ocds-dgv273-seacev3-1186669,ocds-dgv273-seacev3-1186669-2026-04-03T10:07:02.749243-05:00,1186669-20521440865,382999.0,PEN,Soles,2026-02-25T00:00:00-05:00
ocds-dgv273-seacev3-1188193,ocds-dgv273-seacev3-1188193-2026-04-03T10:07:02.551963-05:00,1188193-20452453909,121689.92,PEN,Soles,2026-02-26T00:00:00-05:00
ocds-dgv273-seacev3-1187371,ocds-dgv273-seacev3-1187371-2026-04-03T10:07:02.209824-05:00,1187371-10239462524,180000.0,PEN,Soles,2026-03-16T00:00:00-05:00
ocds-dgv273-seacev3-1187723,ocds-dgv273-seacev3-1187723-2026-04-03T10:07:02.161703-05:00,1187723-20111434311,899964.0,PEN,Soles,2026-03-06T00:00:00-05:00
ocds-dgv273-seacev3-1186008,ocds-dgv273-seacev3-1186008-2026-04-03T10:07:02.141611-05:00,1186008-10192397249,430752.85,PEN,Soles,2026-02-17T00:00:00-05:00
ocds-dgv273-seacev3-2026-767-1,ocds-dgv273-seacev3-2026-767-1-2026-04-03T10:06:58.344176-05:00,1190919-20600609166,205594.2,PEN,Soles,2026-03-12T00:00:00-05:00
ocds-dgv273-seacev3-2026-200501-1,ocds-dgv273-seacev3-2026-200501-1-2026-04-03T10:06:58.291428-05:00,1190990-20188643982,254236.8,PEN,Soles,2026-03-12T00:00:00-05:00
ocds-dgv273-seacev3-1191060,ocds-dgv273-seacev3-1191060-2026-04-03T10:06:58.276487-05:00,1191060-1769983,245000.0,PEN,Soles,2026-03-09T00:00:00-05:00
ocds-dgv273-seacev3-1190769,ocds-dgv273-seacev3-1190769-2026-04-03T10:06:57.392044-05:00,1190769-20601638658,116117.9,PEN,Soles,2026-03-10T00:00:00-05:00
ocds-dgv273-seacev3-1191409,ocds-dgv273-seacev3-1191409-2026-04-03T10:06:56.504812-05:00,1191409-1771226,1182722.95,PEN,Soles,2026-03-13T00:00:00-05:00
ocds-dgv273-seacev3-2026-1947-43,ocds-dgv273-seacev3-2026-1947-43-2026-04-03T10:06:56.305592-05:00,1190546-L0000000182,150704.32,EUR,Euro,2026-02-24T00:00:00-05:00
ocds-dgv273-seacev3-2026-200422-2,ocds-dgv273-seacev3-2026-200422-2-2026-04-03T10:06:53.067097-05:00,1188814-20610119736,88200.0,PEN,Soles,2026-03-11T00:00:00-05:00
ocds-dgv273-seacev3-1187515,ocds-dgv273-seacev3-1187515-2026-04-03T10:06:53.058216-05:00,1187515-10469899310,164720.0,PEN,Soles,2026-02-23T00:00:00-05:00
ocds-dgv273-seacev3-1187515,ocds-dgv273-seacev3-1187515-2026-04-03T10:06:53.058216-05:00,1187515-20523905679,165809.0,PEN,Soles,2026-03-24T00:00:00-05:00
ocds-dgv273-seacev3-1186622,ocds-dgv273-seacev3-1186622-2026-04-03T10:06:53.025612-05:00,1186622-1767068,58456.0,PEN,Soles,2026-02-23T00:00:00-05:00
ocds-dgv273-seacev3-1188820,ocds-dgv273-seacev3-1188820-2026-04-03T10:06:52.973243-05:00,1188820-10009673976,143999.0,PEN,Soles,2026-02-26T12:31:07-05:00
ocds-dgv273-seacev3-2026-10231-6,ocds-dgv273-seacev3-2026-10231-6-2026-04-03T10:06:52.913889-05:00,1186662-20467534026,396360.0,PEN,Soles,2026-03-02T00:00:00-05:00
ocds-dgv273-seacev3-1186117,ocds-dgv273-seacev3-1186117-2026-04-03T10:06:52.464012-05:00,1186117-1771595,4438800.0,PEN,Soles,2026-03-16T00:00:00-05:00
ocds-dgv273-seacev3-2026-773-1,ocds-dgv273-seacev3-2026-773-1-2026-04-03T10:06:52.395385-05:00,1186511-1767606,68254771.85,PEN,Soles,2026-02-27T00:00:00-05:00
ocds-dgv273-seacev3-1186047,ocds-dgv273-seacev3-1186047-2026-04-03T10:06:52.374296-05:00,1186047-1769429,762726.88,PEN,Soles,2026-03-13T00:00:00-05:00
ocds-dgv273-seacev3-2026-1487-8,ocds-dgv273-seacev3-2026-1487-8-2026-04-03T10:06:52.271632-05:00,1185382-20493640322,517559.33,PEN,Soles,2026-02-16T00:00:00-05:00
ocds-dgv273-seacev3-1191576,ocds-dgv273-seacev3-1191576-2026-04-02T10:15:18.459364-05:00,1191576-10033692337,48000.0,PEN,Soles,2026-02-27T00:00:00-05:00
ocds-dgv273-seacev3-2026-20002-52,ocds-dgv273-seacev3-2026-20002-52-2026-04-02T10:15:16.937872-05:00,1190901-20610589333,93000.0,PEN,Soles,2026-03-12T00:00:00-05:00
ocds-dgv273-seacev3-1190225,ocds-dgv273-seacev3-1190225-2026-04-02T10:15:16.221603-05:00,1190225-10441390209,137268.0,PEN,Soles,2026-03-13T00:00:00-05:00
ocds-dgv273-seacev3-2026-28-96,ocds-dgv273-seacev3-2026-28-96-2026-04-02T10:15:15.692067-05:00,1190767-20600150937,96000.0,PEN,Soles,2026-03-12T00:00:00-05:00
ocds-dgv273-seacev3-2026-1952-27,ocds-dgv273-seacev3-2026-1952-27-2026-04-02T10:15:15.630488-05:00,1193349-10088751600,20000.0,PEN,Soles,2026-03-06T00:00:00-05:00
ocds-dgv273-seacev3-1190994,ocds-dgv273-seacev3-1190994-2026-04-02T10:15:15.406342-05:00,1190994-20600413571,34200.0,PEN,Soles,2026-03-12T00:00:00-05:00
ocds-dgv273-seacev3-1191122,ocds-dgv273-seacev3-1191122-2026-04-02T10:15:12.634724-05:00,1191122-20511037001,43373.0,PEN,Soles,2026-03-11T00:00:00-05:00
ocds-dgv273-seacev3-1187377,ocds-dgv273-seacev3-1187377-2026-04-02T10:15:12.028051-05:00,1187377-20501887286,316575.0,PEN,Soles,2026-03-16T00:00:00-05:00
ocds-dgv273-seacev3-1189336,ocds-dgv273-seacev3-1189336-2026-04-02T10:15:07.079747-05:00,1189336-1768615,120916.23,PEN,Soles,2026-03-12T00:00:00-05:00
ocds-dgv273-seacev3-2026-1689-3,ocds-dgv273-seacev3-2026-1689-3-2026-04-02T10:15:06.395051-05:00,1185056-20448497047,1802179.63,PEN,Soles,2026-03-11T00:00:00-05:00
ocds-dgv273-seacev3-1191190,ocds-dgv273-seacev3-1191190-2026-04-02T10:15:06.200539-05:00,1191190-20612337170,74490.0,PEN,Soles,2026-03-09T16:39:38-05:00
ocds-dgv273-seacev3-1187730,ocds-dgv273-seacev3-1187730-2026-04-02T10:15:01.587426-05:00,1187730-20606961261,330630.0,PEN,Soles,2026-03-05T00:00:00-05:00
ocds-dgv273-seacev3-1187381,ocds-dgv273-seacev3-1187381-2026-04-02T10:15:01.538695-05:00,1187381-20613363379,84244.6,PEN,Soles,2026-02-23T18:48:46-05:00
ocds-dgv273-seacev3-1188388,ocds-dgv273-seacev3-1188388-2026-04-02T10:14:57.319162-05:00,1188388-1768504,461139.82,PEN,Soles,2026-03-03T00:00:00-05:00
ocds-dgv273-seacev3-2026-808-2,ocds-dgv273-seacev3-2026-808-2-2026-04-02T10:14:57.292705-05:00,1190976-20601558042,153900.0,PEN,Soles,2026-03-10T00:00:00-05:00
ocds-dgv273-seacev3-1191065,ocds-dgv273-seacev3-1191065-2026-04-02T10:14:56.324978-05:00,1191065-20100018625,52250.0,PEN,Soles,2026-03-12T00:00:00-05:00
ocds-dgv273-seacev3-2026-10211-9,ocds-dgv273-seacev3-2026-10211-9-2026-04-02T10:14:55.255018-05:00,1188435-20610306315,439100.0,PEN,Soles,2026-02-27T00:00:00-05:00
ocds-dgv273-seacev3-1190336,ocds-dgv273-seacev3-1190336-2026-04-02T10:14:54.873542-05:00,1190336-10402449034,413231.83999999997,PEN,Soles,2026-03-11T00:00:00-05:00
ocds-dgv273-seacev3-1190336,ocds-dgv273-seacev3-1190336-2026-04-02T10:14:54.873542-05:00,1190336-10427951508,73236.15,PEN,Nuevos Soles,2026-03-11T00:00:00-05:00
ocds-dgv273-seacev3-1189919,ocds-dgv273-seacev3-1189919-2026-04-02T10:14:53.296647-05:00,1189919-10405959971,141749.33,PEN,Soles,2026-03-16T00:00:00-05:00
ocds-dgv273-seacev3-2026-1952-43,ocds-dgv273-seacev3-2026-1952-43-2026-04-02T10:14:52.158477-05:00,1194759-10083563091,60000.0,PEN,Soles,2026-03-12T00:00:00-05:00
ocds-dgv273-seacev3-1186367,ocds-dgv273-seacev3-1186367-2026-04-02T10:14:50.664793-05:00,1186367-20608423690,297253.41,PEN,Soles,2026-03-13T00:00:00-05:00
ocds-dgv273-seacev3-2026-10184-2,ocds-dgv273-seacev3-2026-10184-2-2026-04-02T10:14:45.852541-05:00,1189544-20486379066,56680.0,PEN,Soles,2026-03-11T00:00:00-05:00
ocds-dgv273-seacev3-1191147,ocds-dgv273-seacev3-1191147-2026-04-02T10:14:43.383092-05:00,1191147-20610707247,63000.0,PEN,Soles,2026-03-09T16:12:15-05:00
ocds-dgv273-seacev3-1189390,ocds-dgv273-seacev3-1189390-2026-04-02T10:14:42.647826-05:00,1189390-20607074497,230992.58,PEN,Soles,2026-03-02T00:00:00-05:00
ocds-dgv273-seacev3-1188573,ocds-dgv273-seacev3-1188573-2026-04-02T10:14:41.624594-05:00,1188573-20602750371,82500.0,PEN,Soles,2026-03-03T00:00:00-05:00
ocds-dgv273-seacev3-1185739,ocds-dgv273-seacev3-1185739-2026-04-02T10:14:39.682887-05:00,1185739-20607424773,1168017.62,PEN,Soles,2026-03-06T00:00:00-05:00
ocds-dgv273-seacev3-2026-1593-32,ocds-dgv273-seacev3-2026-1593-32-2026-04-02T10:14:39.533407-05:00,1187681-10461806011,165880.0,PEN,Soles,2026-03-03T00:00:00-05:00
ocds-dgv273-seacev3-2026-2352-6,ocds-dgv273-seacev3-2026-2352-6-2026-04-02T10:14:38.985866-05:00,1186551-20440302689,140515.2,PEN,Soles,2026-02-26T00:00:00-05:00
ocds-dgv273-seacev3-1191462,ocds-dgv273-seacev3-1191462-2026-04-02T10:14:35.028483-05:00,1191462-10420963756,48800.0,PEN,Soles,2026-03-12T00:00:00-05:00
ocds-dgv273-seacev3-2026-1922-19,ocds-dgv273-seacev3-2026-1922-19-2026-04-02T10:14:34.932626-05:00,1191843-20519286794,159000.0,PEN,Soles,2026-03-16T00:00:00-05:00
ocds-dgv273-seacev3-1190154,ocds-dgv273-seacev3-1190154-2026-04-02T10:14:34.789325-05:00,1190154-1769572,156067.73,PEN,Soles,2026-03-06T00:00:00-05:00
ocds-dgv273-seacev3-1188416,ocds-dgv273-seacev3-1188416-2026-04-02T10:14:34.775064-05:00,1188416-20409411852,125127.25,PEN,Soles,2026-02-26T00:00:00-05:00
ocds-dgv273-seacev3-2026-200206-6,ocds-dgv273-seacev3-2026-200206-6-2026-04-02T10:14:34.670876-05:00,1189989-20609792591,55484.2,PEN,Soles,2026-03-04T00:00:00-05:00
ocds-dgv273-seacev3-1189091,ocds-dgv273-seacev3-1189091-2026-04-02T10:14:33.384292-05:00,1189091-20490040952,617000.0,PEN,Soles,2026-02-27T00:00:00-05:00
ocds-dgv273-seacev3-1189108,ocds-dgv273-seacev3-1189108-2026-04-02T10:14:33.040659-05:00,1189108-20601397553,528300.0,PEN,Soles,2026-03-02T00:00:00-05:00
ocds-dgv273-seacev3-1189110,ocds-dgv273-seacev3-1189110-2026-04-02T10:14:31.318444-05:00,1189110-20603782756,67740.0,PEN,Soles,2026-02-27T00:00:00-05:00
ocds-dgv273-seacev3-1189205,ocds-dgv273-seacev3-1189205-2026-04-02T10:14:29.915025-05:00,1189205-20610766731,779999.9,PEN,Soles,2026-03-16T00:00:00-05:00
ocds-dgv273-seacev3-1185975,ocds-dgv273-seacev3-1185975-2026-04-02T10:14:29.023956-05:00,1185975-10454536997,120000.0,PEN,Soles,2026-03-13T00:00:00-05:00
ocds-dgv273-seacev3-1184406,ocds-dgv273-seacev3-1184406-2026-04-02T10:14:28.970153-05:00,1184406-1768216,706618.36,PEN,Soles,2026-03-03T00:00:00-05:00
ocds-dgv273-seacev3-1186737,ocds-dgv273-seacev3-1186737-2026-04-02T10:14:28.836657-05:00,1186737-20539916379,424425.2,PEN,Soles,2026-02-26T00:00:00-05:00
ocds-dgv273-seacev3-2026-144-4,ocds-dgv273-seacev3-2026-144-4-2026-04-02T10:14:28.826303-05:00,1186721-1767759,368776.62,PEN,Soles,2026-03-02T00:00:00-05:00
ocds-dgv273-seacev3-1186667,ocds-dgv273-seacev3-1186667-2026-04-02T10:14:28.768724-05:00,1186667-20451375548,17021025.5,PEN,Soles,2026-03-11T00:00:00-05:00
ocds-dgv273-seacev3-1187818,ocds-dgv273-seacev3-1187818-2026-04-02T10:14:28.388888-05:00,1187818-20600008812,95161.44,PEN,Soles,2026-03-02T00:00:00-05:00
ocds-dgv273-seacev3-2026-104-2,ocds-dgv273-seacev3-2026-104-2-2026-04-02T10:14:24.042624-05:00,1190475-20613954504,84480.0,PEN,Soles,2026-03-09T00:00:00-05:00
ocds-dgv273-seacev3-1189872,ocds-dgv273-seacev3-1189872-2026-04-02T10:14:23.816027-05:00,1189872-20523905679,89175.0,PEN,Soles,2026-03-12T00:00:00-05:00
ocds-dgv273-seacev3-1189520,ocds-dgv273-seacev3-1189520-2026-04-02T10:14:23.800078-05:00,1189520-1768921,85975.0,PEN,Soles,2026-03-04T00:00:00-05:00
ocds-dgv273-seacev3-2026-10601-1,ocds-dgv273-seacev3-2026-10601-1-2026-04-02T10:14:23.773448-05:00,1190929-20452857236,123879.5,PEN,Soles,2026-03-06T00:00:00-05:00
ocds-dgv273-seacev3-2026-1877-4,ocds-dgv273-seacev3-2026-1877-4-2026-04-02T10:14:23.439355-05:00,1190385-20607120511,113215.68,PEN,Soles,2026-03-12T00:00:00-05:00
ocds-dgv273-seacev3-1191577,ocds-dgv273-seacev3-1191577-2026-04-02T10:14:22.977082-05:00,1191577-20101984291,3910482.0,PEN,Soles,2026-03-09T00:00:00-05:00
ocds-dgv273-seacev3-1191934,ocds-dgv273-seacev3-1191934-2026-04-02T10:14:22.212247-05:00,1191934-20601797471,49995.0,PEN,Soles,2026-03-11T00:00:00-05:00
ocds-dgv273-seacev3-1192124,ocds-dgv273-seacev3-1192124-2026-04-02T10:14:21.406576-05:00,1192124-20605417249,387966.3,PEN,Soles,2026-03-12T00:00:00-05:00
ocds-dgv273-seacev3-1190186,ocds-dgv273-seacev3-1190186-2026-04-02T10:14:19.583340-05:00,1190186-20528919813,77274.02,PEN,Soles,2026-03-06T00:00:00-05:00
ocds-dgv273-seacev3-1191195,ocds-dgv273-seacev3-1191195-2026-04-02T10:14:19.437652-05:00,1191195-20604662657,95000.0,PEN,Soles,2026-03-16T00:00:00-05:00
ocds-dgv273-seacev3-1187472,ocds-dgv273-seacev3-1187472-2026-04-02T10:14:18.498000-05:00,1187472-20534001593,410555.67,PEN,Soles,2026-02-16T00:00:00-05:00
ocds-dgv273-seacev3-1187714,ocds-dgv273-seacev3-1187714-2026-04-02T10:14:18.059466-05:00,1187714-10439232281,222000.0,PEN,Soles,2026-02-24T00:00:00-05:00
ocds-dgv273-seacev3-1186265,ocds-dgv273-seacev3-1186265-2026-04-02T10:14:18.040819-05:00,1186265-1765660,883000.0,PEN,Soles,2026-02-16T00:00:00-05:00
ocds-dgv273-seacev3-1190972,ocds-dgv273-seacev3-1190972-2026-04-02T10:14:12.424269-05:00,1190972-20606469633,66310.0,PEN,Soles,2026-03-19T00:00:00-05:00
ocds-dgv273-seacev3-2026-713-1,ocds-dgv273-seacev3-2026-713-1-2026-04-02T10:14:12.409655-05:00,1189821-20481770182,85464.0,PEN,Soles,2026-03-04T00:00:00-05:00
ocds-dgv273-seacev3-1197476,ocds-dgv273-seacev3-1197476-2026-04-02T10:14:11.809526-05:00,1197476-20536301381,80802.96,PEN,Soles,2026-03-19T00:00:00-05:00
ocds-dgv273-seacev3-2026-2000-7,ocds-dgv273-seacev3-2026-2000-7-2026-04-02T10:14:11.616698-05:00,1188501-20512636854,116666.0,PEN,Soles,2026-03-13T00:00:00-05:00
ocds-dgv273-seacev3-1190853,ocds-dgv273-seacev3-1190853-2026-04-02T10:14:10.955030-05:00,1190853-20600203127,65000.0,PEN,Soles,2026-03-20T00:00:00-05:00
ocds-dgv273-seacev3-2026-1689-5,ocds-dgv273-seacev3-2026-1689-5-2026-04-02T10:14:10.422985-05:00,1191890-1772049,170143.78,PEN,Soles,2026-03-17T00:00:00-05:00
ocds-dgv273-seacev3-2026-10049-16,ocds-dgv273-seacev3-2026-10049-16-2026-04-02T10:14:10.342060-05:00,1189988-20542625741,199790.0,PEN,Soles,2026-03-13T00:00:00-05:00
ocds-dgv273-seacev3-2026-90-2,ocds-dgv273-seacev3-2026-90-2-2026-04-02T10:14:09.469047-05:00,1190157-20613423134,112741.2,PEN,Soles,2026-03-10T00:00:00-05:00
ocds-dgv273-seacev3-2026-90229-0,ocds-dgv273-seacev3-2026-90229-0-2026-04-02T10:14:09.427433-05:00,1190364-20565412257,361900.0,PEN,Soles,2026-03-05T00:00:00-05:00
ocds-dgv273-seacev3-2026-1003000934-1,ocds-dgv273-seacev3-2026-1003000934-1-2026-04-02T10:14:09.316048-05:00,1191245-20604662657,105000.0,PEN,Soles,2026-03-16T00:00:00-05:00
ocds-dgv273-seacev3-1188637,ocds-dgv273-seacev3-1188637-2026-04-02T10:14:05.803821-05:00,1188637-1770299,115140.24,PEN,Soles,2026-03-11T00:00:00-05:00
ocds-dgv273-seacev3-2026-1468-7,ocds-dgv273-seacev3-2026-1468-7-2026-04-01T10:15:21.640680-05:00,1191861-10803736460,363690.0,PEN,Soles,2026-03-17T00:00:00-05:00
ocds-dgv273-seacev3-1189629,ocds-dgv273-seacev3-1189629-2026-04-01T10:15:21.239917-05:00,1189629-20455403759,52920.0,PEN,Soles,2026-03-06T00:00:00-05:00
ocds-dgv273-seacev3-1189581,ocds-dgv273-seacev3-1189581-2026-04-01T10:15:17.038355-05:00,1189581-20601198232,60000.0,PEN,Soles,2026-03-06T00:00:00-05:00
ocds-dgv273-seacev3-2026-200374-4,ocds-dgv273-seacev3-2026-200374-4-2026-04-01T10:15:16.821764-05:00,1189241-20488961382,108760.17,PEN,Soles,2026-03-04T00:00:00-05:00
ocds-dgv273-seacev3-1190396,ocds-dgv273-seacev3-1190396-2026-04-01T10:15:16.577966-05:00,1190396-20509860981,1337700.0,PEN,Nuevos Soles,2026-03-06T12:29:20-05:00
ocds-dgv273-seacev3-1186722,ocds-dgv273-seacev3-1186722-2026-04-01T10:15:14.952121-05:00,1186722-20506744874,112100.0,PEN,Soles,2026-03-04T00:00:00-05:00
ocds-dgv273-seacev3-1187781,ocds-dgv273-seacev3-1187781-2026-04-01T10:15:14.586267-05:00,1187781-1769373,1049518.82,PEN,Soles,2026-03-05T00:00:00-05:00
ocds-dgv273-seacev3-1187118,ocds-dgv273-seacev3-1187118-2026-04-01T10:15:14.532440-05:00,1187118-1766515,68406.3,PEN,Soles,2026-02-24T00:00:00-05:00
ocds-dgv273-seacev3-1191119,ocds-dgv273-seacev3-1191119-2026-04-01T10:15:10.358170-05:00,1191119-20607713651,50873.6,PEN,Soles,2026-03-12T00:00:00-05:00
ocds-dgv273-seacev3-1190736,ocds-dgv273-seacev3-1190736-2026-04-01T10:15:09.580256-05:00,1190736-20602503152,1714109.04,PEN,Soles,2026-03-06T00:00:00-05:00
ocds-dgv273-seacev3-1188228,ocds-dgv273-seacev3-1188228-2026-04-01T10:15:08.523275-05:00,1188228-20600852346,67136.0,PEN,Soles,2026-02-26T19:43:06-05:00
ocds-dgv273-seacev3-1191766,ocds-dgv273-seacev3-1191766-2026-04-01T10:15:07.814190-05:00,1191766-20604943052,336000.0,PEN,Soles,2026-03-23T00:00:00-05:00
ocds-dgv273-seacev3-1191509,ocds-dgv273-seacev3-1191509-2026-04-01T10:15:06.938540-05:00,1191509-1770686,170430.0,PEN,Soles,2026-03-12T00:00:00-05:00
ocds-dgv273-seacev3-1191509,ocds-dgv273-seacev3-1191509-2026-04-01T10:15:06.938540-05:00,1191509-20538403378,149340.0,PEN,Soles,2026-03-12T00:00:00-05:00
ocds-dgv273-seacev3-2026-1116-6,ocds-dgv273-seacev3-2026-1116-6-2026-04-01T10:15:03.757720-05:00,1187895-10426291377,50000.0,PEN,Soles,2026-02-27T00:00:00-05:00
ocds-dgv273-seacev3-2026-1116-6,ocds-dgv273-seacev3-2026-1116-6-2026-04-01T10:15:03.757720-05:00,1187895-10461580501,50000.0,PEN,Soles,2026-02-27T00:00:00-05:00
ocds-dgv273-seacev3-2026-1116-6,ocds-dgv273-seacev3-2026-1116-6-2026-04-01T10:15:03.757720-05:00,1187895-10462793907,50000.0,PEN,Soles,2026-02-27T00:00:00-05:00
ocds-dgv273-seacev3-2026-1116-6,ocds-dgv273-seacev3-2026-1116-6-2026-04-01T10:15:03.757720-05:00,1187895-10471325690,50000.0,PEN,Soles,2026-02-27T00:00:00-05:00
ocds-dgv273-seacev3-2026-1116-6,ocds-dgv273-seacev3-2026-1116-6-2026-04-01T10:15:03.757720-05:00,1187895-10763032065,50000.0,PEN,Soles,2026-02-27T00:00:00-05:00
ocds-dgv273-seacev3-2026-1116-6,ocds-dgv273-seacev3-2026-1116-6-2026-04-01T10:15:03.757720-05:00,1187895-20602295908,50000.0,PEN,Soles,2026-02-27T00:00:00-05:00
ocds-dgv273-seacev3-1187894,ocds-dgv273-seacev3-1187894-2026-04-01T10:15:03.629377-05:00,1187894-20612903043,51980.0,PEN,Soles,2026-03-03T00:00:00-05:00
ocds-dgv273-seacev3-1189831,ocds-dgv273-seacev3-1189831-2026-04-01T10:14:59.505419-05:00,1189831-20603358211,134980.0,PEN,Soles,2026-03-03T00:00:00-05:00
ocds-dgv273-seacev3-1189266,ocds-dgv273-seacev3-1189266-2026-04-01T10:14:58.289837-05:00,1189266-20449458436,295998.0,PEN,Soles,2026-02-27T00:00:00-05:00
ocds-dgv273-seacev3-1190834,ocds-dgv273-seacev3-1190834-2026-04-01T10:14:57.890046-05:00,1190834-20542675251,79200.0,PEN,Soles,2026-03-11T00:00:00-05:00
ocds-dgv273-seacev3-1190016,ocds-dgv273-seacev3-1190016-2026-04-01T10:14:57.635887-05:00,1190016-20393953129,42770.0,PEN,Soles,2026-03-05T00:00:00-05:00
ocds-dgv273-seacev3-1189446,ocds-dgv273-seacev3-1189446-2026-04-01T10:14:57.201386-05:00,1189446-20491113805,121000.0,PEN,Soles,2026-03-10T00:00:00-05:00
ocds-dgv273-seacev3-1190410,ocds-dgv273-seacev3-1190410-2026-04-01T10:14:57.113094-05:00,1190410-10718023004,186740.4,PEN,Soles,2026-03-06T00:00:00-05:00
ocds-dgv273-seacev3-2026-326-21,ocds-dgv273-seacev3-2026-326-21-2026-04-01T10:14:57.096016-05:00,1189822-20611606991,53042.0,PEN,Soles,2026-03-04T00:00:00-05:00
ocds-dgv273-seacev3-1191686,ocds-dgv273-seacev3-1191686-2026-04-01T10:14:55.488396-05:00,1191686-20419385442,62400.0,PEN,Soles,2026-03-13T12:41:03-05:00
ocds-dgv273-seacev3-2026-10536-4,ocds-dgv273-seacev3-2026-10536-4-2026-04-01T10:14:54.953284-05:00,1188449-20603645007,440200.0,PEN,Soles,2026-03-04T00:00:00-05:00
ocds-dgv273-seacev3-1190772,ocds-dgv273-seacev3-1190772-2026-04-01T10:14:54.743581-05:00,1190772-20490419692,122448.0,PEN,Soles,2026-03-05T00:00:00-05:00
ocds-dgv273-seacev3-2026-200374-8,ocds-dgv273-seacev3-2026-200374-8-2026-04-01T10:14:54.410660-05:00,1189249-20604290881,67411.02,PEN,Soles,2026-03-03T00:00:00-05:00
ocds-dgv273-seacev3-1191511,ocds-dgv273-seacev3-1191511-2026-04-01T10:14:54.219696-05:00,1191511-20603032498,79067.9,PEN,Soles,2026-03-12T00:00:00-05:00
ocds-dgv273-seacev3-1188661,ocds-dgv273-seacev3-1188661-2026-04-01T10:14:53.811926-05:00,1188661-10105425916,1008000.0,PEN,Soles,2026-02-19T00:00:00-05:00
ocds-dgv273-seacev3-1190932,ocds-dgv273-seacev3-1190932-2026-04-01T10:14:53.265519-05:00,1190932-10707543146,246293.6,PEN,Soles,2026-03-10T00:00:00-05:00
ocds-dgv273-seacev3-1188257,ocds-dgv273-seacev3-1188257-2026-04-01T10:14:52.860103-05:00,1188257-20614208610,64822.43,PEN,Soles,2026-02-27T16:11:28-05:00
ocds-dgv273-seacev3-1187805,ocds-dgv273-seacev3-1187805-2026-04-01T10:14:52.816404-05:00,1187805-20604179115,827400.0,PEN,Soles,2026-02-20T00:00:00-05:00
ocds-dgv273-seacev3-2026-1052-8,ocds-dgv273-seacev3-2026-1052-8-2026-04-01T10:14:52.798580-05:00,1186859-1767292,986992.33,PEN,Soles,2026-02-26T00:00:00-05:00
ocds-dgv273-seacev3-2026-1514-4,ocds-dgv273-seacev3-2026-1514-4-2026-04-01T10:14:52.755504-05:00,1187628-1766978,135682.18,PEN,Soles,2026-02-25T00:00:00-05:00
ocds-dgv273-seacev3-1189053,ocds-dgv273-seacev3-1189053-2026-04-01T10:14:52.740181-05:00,1189053-20519131243,459600.0,PEN,Soles,2026-02-27T15:37:51-05:00
ocds-dgv273-seacev3-1188264,ocds-dgv273-seacev3-1188264-2026-04-01T10:14:52.488618-05:00,1188264-20614208610,176665.06,PEN,Soles,2026-02-26T00:00:00-05:00
ocds-dgv273-seacev3-1186883,ocds-dgv273-seacev3-1186883-2026-04-01T10:14:51.815205-05:00,1186883-10407233382,73000.0,PEN,Soles,2026-02-20T00:00:00-05:00
ocds-dgv273-seacev3-2026-1245-4,ocds-dgv273-seacev3-2026-1245-4-2026-04-01T10:14:51.537253-05:00,1190713-20615129993,2689000.0,PEN,Soles,2026-03-10T00:00:00-05:00
ocds-dgv273-seacev3-1188949,ocds-dgv273-seacev3-1188949-2026-04-01T10:14:48.273007-05:00,1188949-20609495627,116060.0,PEN,Soles,2026-03-04T00:00:00-05:00
ocds-dgv273-seacev3-2026-200124-1,ocds-dgv273-seacev3-2026-200124-1-2026-04-01T10:14:47.462575-05:00,1190630-20480771452,174879.0,PEN,Soles,2026-03-09T00:00:00-05:00
ocds-dgv273-seacev3-2026-200124-1,ocds-dgv273-seacev3-2026-200124-1-2026-04-01T10:14:47.462575-05:00,1190630-20487831477,233750.0,PEN,Soles,2026-03-09T00:00:00-05:00
ocds-dgv273-seacev3-2026-200374-5,ocds-dgv273-seacev3-2026-200374-5-2026-04-01T10:14:46.635364-05:00,1189237-20604290881,57872.03,PEN,Soles,2026-03-04T00:00:00-05:00
ocds-dgv273-seacev3-1190415,ocds-dgv273-seacev3-1190415-2026-04-01T10:14:44.498267-05:00,1190415-L0611180110,138390.0,USD,Dólar Norteamericano,2026-03-13T00:00:00-05:00
ocds-dgv273-seacev3-1189577,ocds-dgv273-seacev3-1189577-2026-04-01T10:14:44.429076-05:00,1189577-20100241022,79000.0,PEN,Soles,2026-03-05T00:00:00-05:00
ocds-dgv273-seacev3-1189517,ocds-dgv273-seacev3-1189517-2026-04-01T10:14:44.200168-05:00,1189517-20600111150,116500.0,PEN,Soles,2026-03-04T00:00:00-05:00
ocds-dgv273-seacev3-2026-10151-18,ocds-dgv273-seacev3-2026-10151-18-2026-04-01T10:14:42.405860-05:00,1187718-20500333414,57841.55,PEN,Soles,2026-02-27T00:00:00-05:00
ocds-dgv273-seacev3-1187670,ocds-dgv273-seacev3-1187670-2026-04-01T10:14:42.261148-05:00,1187670-20609932636,175078.8,PEN,Soles,2026-02-26T00:00:00-05:00
ocds-dgv273-seacev3-2026-1714-1,ocds-dgv273-seacev3-2026-1714-1-2026-04-01T10:14:42.230406-05:00,1188596-1768323,4895126.01,PEN,Soles,2026-03-03T00:00:00-05:00
ocds-dgv273-seacev3-2026-652-1,ocds-dgv273-seacev3-2026-652-1-2026-04-01T10:14:42.215523-05:00,1188556-20453701191,89109.5,PEN,Soles,2026-03-03T17:32:22-05:00
ocds-dgv273-seacev3-1187262,ocds-dgv273-seacev3-1187262-2026-04-01T10:14:36.633346-05:00,1187262-1768784,19702895.05,PEN,Soles,2026-03-03T00:00:00-05:00
ocds-dgv273-seacev3-1187262,ocds-dgv273-seacev3-1187262-2026-04-01T10:14:36.633346-05:00,1187262-1768786,14885666.05,PEN,Soles,2026-03-03T00:00:00-05:00
ocds-dgv273-seacev3-1187262,ocds-dgv273-seacev3-1187262-2026-04-01T10:14:36.633346-05:00,1187262-1768810,15957846.24,PEN,Soles,2026-03-03T00:00:00-05:00
ocds-dgv273-seacev3-1187262,ocds-dgv273-seacev3-1187262-2026-04-01T10:14:36.633346-05:00,1187262-20565738951,5080268.74,PEN,Soles,2026-03-03T00:00:00-05:00
ocds-dgv273-seacev3-1187262,ocds-dgv273-seacev3-1187262-2026-04-01T10:14:36.633346-05:00,1187262-20568059825,4464331.99,PEN,Soles,2026-03-03T00:00:00-05:00
ocds-dgv273-seacev3-1187262,ocds-dgv273-seacev3-1187262-2026-04-01T10:14:36.633346-05:00,1187262-20568119828,1543695.37,PEN,Soles,2026-03-03T00:00:00-05:00
ocds-dgv273-seacev3-1187262,ocds-dgv273-seacev3-1187262-2026-04-01T10:14:36.633346-05:00,1187262-20568143290,10207000.29,PEN,Soles,2026-03-03T00:00:00-05:00
ocds-dgv273-seacev3-1187262,ocds-dgv273-seacev3-1187262-2026-04-01T10:14:36.633346-05:00,1187262-20609511851,4150215.44,PEN,Soles,2026-03-03T00:00:00-05:00
ocds-dgv273-seacev3-1187262,ocds-dgv273-seacev3-1187262-2026-04-01T10:14:36.633346-05:00,1187262-20610065571,1925719.04,PEN,Soles,2026-03-03T00:00:00-05:00
ocds-dgv273-seacev3-1187262,ocds-dgv273-seacev3-1187262-2026-04-01T10:14:36.633346-05:00,1187262-20610390880,1279514.71,PEN,Soles,2026-03-03T00:00:00-05:00
ocds-dgv273-seacev3-1187262,ocds-dgv273-seacev3-1187262-2026-04-01T10:14:36.633346-05:00,1187262-20611309954,3270049.1,PEN,Soles,2026-03-03T00:00:00-05:00
ocds-dgv273-seacev3-1187262,ocds-dgv273-seacev3-1187262-2026-04-01T10:14:36.633346-05:00,1187262-20612178195,12461981.129999999,PEN,Soles,2026-03-03T00:00:00-05:00
ocds-dgv273-seacev3-1187262,ocds-dgv273-seacev3-1187262-2026-04-01T10:14:36.633346-05:00,1187262-20612856860,3196449.4,PEN,Soles,2026-03-03T00:00:00-05:00
ocds-dgv273-seacev3-1190877,ocds-dgv273-seacev3-1190877-2026-04-01T10:14:34.523841-05:00,1190877-20332970411,44665.95,USD,Dólar Norteamericano,2026-03-13T00:00:00-05:00
ocds-dgv273-seacev3-2026-1952-35,ocds-dgv273-seacev3-2026-1952-35-2026-04-01T10:14:32.828333-05:00,1195662-10479922051,54000.0,PEN,Soles,2026-03-16T00:00:00-05:00
ocds-dgv273-seacev3-2026-1717-2,ocds-dgv273-seacev3-2026-1717-2-2026-04-01T10:14:32.673805-05:00,1191601-20601927111,67132.8,PEN,Soles,2026-03-12T00:00:00-05:00
ocds-dgv273-seacev3-1190028,ocds-dgv273-seacev3-1190028-2026-04-01T10:14:31.958360-05:00,1190028-20517318168,262078.0,PEN,Soles,2026-03-23T00:00:00-05:00
ocds-dgv273-seacev3-2026-552-3,ocds-dgv273-seacev3-2026-552-3-2026-04-01T10:14:31.561408-05:00,1190058-20527637628,158700.0,PEN,Soles,2026-03-11T00:00:00-05:00
ocds-dgv273-seacev3-2026-1476-1,ocds-dgv273-seacev3-2026-1476-1-2026-04-01T10:14:30.843709-05:00,1187901-1768004,180396.89,PEN,Soles,2026-02-26T00:00:00-05:00
ocds-dgv273-seacev3-1193482,ocds-dgv273-seacev3-1193482-2026-04-01T10:14:30.510344-05:00,1193482-20100210909,427939.81,USD,Dólar Norteamericano,2026-03-18T00:00:00-05:00
ocds-dgv273-seacev3-2026-696-2,ocds-dgv273-seacev3-2026-696-2-2026-04-01T10:14:30.400835-05:00,1187512-20608188020,40922.8,PEN,Soles,2026-02-24T00:00:00-05:00
ocds-dgv273-seacev3-2026-51-108,ocds-dgv273-seacev3-2026-51-108-2026-04-01T10:14:25.345016-05:00,1190153-20518759079,222053.78,PEN,Soles,2026-03-06T00:00:00-05:00
ocds-dgv273-seacev3-2026-108794-5,ocds-dgv273-seacev3-2026-108794-5-2026-04-01T10:14:25.232977-05:00,1190252-20449314868,65835.0,PEN,Soles,2026-03-10T09:52:45-05:00
ocds-dgv273-seacev3-1190670,ocds-dgv273-seacev3-1190670-2026-04-01T10:14:24.740714-05:00,1190670-20534912600,759925.54,PEN,Soles,2026-03-05T00:00:00-05:00
ocds-dgv273-seacev3-2026-51-16,ocds-dgv273-seacev3-2026-51-16-2026-04-01T10:14:24.372682-05:00,1189478-20449458436,463431.9,PEN,Soles,2026-03-02T00:00:00-05:00
ocds-dgv273-seacev3-2026-816-1,ocds-dgv273-seacev3-2026-816-1-2026-04-01T10:14:22.722142-05:00,1190214-20527590648,173880.0,PEN,Soles,2026-03-13T00:00:00-05:00
ocds-dgv273-seacev3-2026-1295-6,ocds-dgv273-seacev3-2026-1295-6-2026-04-01T10:14:19.990834-05:00,1187537-20602884636,237718.4,PEN,Soles,2026-03-09T00:00:00-05:00
ocds-dgv273-seacev3-1187321,ocds-dgv273-seacev3-1187321-2026-04-01T10:14:19.933877-05:00,1187321-20612943746,497900.0,PEN,Soles,2026-03-16T00:00:00-05:00
ocds-dgv273-seacev3-2026-1542-1,ocds-dgv273-seacev3-2026-1542-1-2026-04-01T10:14:19.918761-05:00,1187834-20455005869,47196.88,PEN,Soles,2026-03-20T00:00:00-05:00
ocds-dgv273-seacev3-1186172,ocds-dgv273-seacev3-1186172-2026-04-01T10:14:19.791280-05:00,1186172-20489749611,180000.0,PEN,Soles,2026-02-20T00:00:00-05:00
ocds-dgv273-seacev3-2026-1116-3,ocds-dgv273-seacev3-2026-1116-3-2026-04-01T10:14:19.398689-05:00,1186568-20607007781,171120.0,PEN,Soles,2026-02-19T00:00:00-05:00
ocds-dgv273-seacev3-2026-1116-3,ocds-dgv273-seacev3-2026-1116-3-2026-04-01T10:14:19.398689-05:00,1186568-10200257630,174840.0,PEN,Soles,2026-03-11T00:00:00-05:00
ocds-dgv273-seacev3-2026-1717-1,ocds-dgv273-seacev3-2026-1717-1-2026-04-01T10:14:14.012404-05:00,1191534-1770716,79227.5,PEN,Soles,2026-03-12T00:00:00-05:00
ocds-dgv273-seacev3-1189669,ocds-dgv273-seacev3-1189669-2026-04-01T10:14:12.817537-05:00,1189669-20613448188,343000.0,PEN,Soles,2026-03-10T00:00:00-05:00
ocds-dgv273-seacev3-2026-10552-20,ocds-dgv273-seacev3-2026-10552-20-2026-04-01T10:14:11.421921-05:00,1189610-20525770711,300720.0,PEN,Soles,2026-03-04T00:00:00-05:00
ocds-dgv273-seacev3-2026-10552-20,ocds-dgv273-seacev3-2026-10552-20-2026-04-01T10:14:11.421921-05:00,1189610-20526380381,175000.0,PEN,Soles,2026-03-04T00:00:00-05:00
ocds-dgv273-seacev3-1191029,ocds-dgv273-seacev3-1191029-2026-04-01T10:14:09.997851-05:00,1191029-20600528743,68000.0,PEN,Soles,2026-03-06T00:00:00-05:00
ocds-dgv273-seacev3-2026-1034-3,ocds-dgv273-seacev3-2026-1034-3-2026-04-01T10:14:06.723626-05:00,1186343-1766697,3647764.67,PEN,Soles,2026-03-03T00:00:00-05:00
ocds-dgv273-seacev3-2026-200223-4,ocds-dgv273-seacev3-2026-200223-4-2026-04-01T10:14:06.378759-05:00,1187166-20351667771,2019114.6,PEN,Soles,2026-02-19T00:00:00-05:00
ocds-dgv273-seacev3-1189401,ocds-dgv273-seacev3-1189401-2026-03-30T09:55:57.106165-05:00,1189401-1769455,1020992.01,PEN,Soles,2026-03-10T00:00:00-05:00
ocds-dgv273-seacev3-1190375,ocds-dgv273-seacev3-1190375-2026-03-30T09:55:55.509876-05:00,1190375-20613143646,116337.5,PEN,Soles,2026-03-11T00:00:00-05:00
ocds-dgv273-seacev3-2026-1392-6,ocds-dgv273-seacev3-2026-1392-6-2026-03-29T10:02:52.616867-05:00,1191670-20603720351,234782.4,PEN,Soles,2026-03-11T00:00:00-05:00
ocds-dgv273-seacev3-2026-10378-5,ocds-dgv273-seacev3-2026-10378-5-2026-03-29T10:02:52.131639-05:00,1190838-10461215543,46800.0,PEN,Soles,2026-03-10T00:00:00-05:00
ocds-dgv273-seacev3-2026-10378-5,ocds-dgv273-seacev3-2026-10378-5-2026-03-29T10:02:52.131639-05:00,1190838-10708055323,46800.0,PEN,Soles,2026-03-10T00:00:00-05:00
ocds-dgv273-seacev3-1187652,ocds-dgv273-seacev3-1187652-2026-03-29T10:02:51.848484-05:00,1187652-20607929395,94000.0,PEN,Soles,2026-02-27T00:00:00-05:00
ocds-dgv273-seacev3-1186495,ocds-dgv273-seacev3-1186495-2026-03-29T10:02:51.768828-05:00,1186495-20510751532,216000.0,USD,Dólar Norteamericano,2026-02-23T00:00:00-05:00
ocds-dgv273-seacev3-2026-374-34,ocds-dgv273-seacev3-2026-374-34-2026-03-29T10:02:47.961561-05:00,1191598-10463307020,78000.0,PEN,Soles,2026-03-10T00:00:00-05:00
ocds-dgv273-seacev3-1190910,ocds-dgv273-seacev3-1190910-2026-03-29T10:02:46.734515-05:00,1190910-20611755521,49062.0,PEN,Soles,2026-03-03T00:00:00-05:00
ocds-dgv273-seacev3-1191680,ocds-dgv273-seacev3-1191680-2026-03-29T10:02:46.271051-05:00,1191680-20449458436,112814.1,PEN,Soles,2026-03-10T00:00:00-05:00
ocds-dgv273-seacev3-1187689,ocds-dgv273-seacev3-1187689-2026-03-29T10:02:43.889155-05:00,1187689-20574627011,109762.77,PEN,Soles,2026-02-25T00:00:00-05:00
ocds-dgv273-seacev3-1186998,ocds-dgv273-seacev3-1186998-2026-03-29T10:02:43.856640-05:00,1186998-20607491764,77532.0,PEN,Soles,2026-02-24T00:00:00-05:00
ocds-dgv273-seacev3-1189243,ocds-dgv273-seacev3-1189243-2026-03-29T10:02:41.644766-05:00,1189243-20604968772,103400.0,PEN,Soles,2026-03-05T22:26:17-05:00
ocds-dgv273-seacev3-1188729,ocds-dgv273-seacev3-1188729-2026-03-29T10:02:41.315434-05:00,1188729-20274444666,66740.0,PEN,Soles,2026-03-02T00:00:00-05:00
ocds-dgv273-seacev3-2026-10248-68,ocds-dgv273-seacev3-2026-10248-68-2026-03-29T10:02:40.283634-05:00,1189545-20613165097,35418.0,PEN,Soles,2026-03-04T19:01:21-05:00
ocds-dgv273-seacev3-1190997,ocds-dgv273-seacev3-1190997-2026-03-29T10:02:40.098808-05:00,1190997-20609792591,108528.0,PEN,Soles,2026-03-06T00:00:00-05:00
ocds-dgv273-seacev3-2026-1683-4,ocds-dgv273-seacev3-2026-1683-4-2026-03-29T10:02:39.364877-05:00,1190478-1773238,356093.14,PEN,Soles,2026-03-24T00:00:00-05:00
ocds-dgv273-seacev3-2026-563-1,ocds-dgv273-seacev3-2026-563-1-2026-03-29T10:02:39.041018-05:00,1189996-20452349915,117838.4,PEN,Soles,2026-03-11T00:00:00-05:00
ocds-dgv273-seacev3-1189395,ocds-dgv273-seacev3-1189395-2026-03-29T10:02:37.233821-05:00,1189395-1770258,378986.36,PEN,Soles,2026-03-17T00:00:00-05:00
ocds-dgv273-seacev3-2026-200033-2,ocds-dgv273-seacev3-2026-200033-2-2026-03-29T10:02:36.845168-05:00,1190201-20608268511,90000.0,PEN,Soles,2026-03-05T00:00:00-05:00
ocds-dgv273-seacev3-1191211,ocds-dgv273-seacev3-1191211-2026-03-29T10:02:36.710079-05:00,1191211-20413886768,165550.0,PEN,Soles,2026-03-10T00:00:00-05:00
ocds-dgv273-seacev3-1187650,ocds-dgv273-seacev3-1187650-2026-03-29T10:02:36.304521-05:00,1187650-20479378411,53256.14,PEN,Soles,2026-03-09T00:00:00-05:00
ocds-dgv273-seacev3-2026-1496-1,ocds-dgv273-seacev3-2026-1496-1-2026-03-29T10:02:36.289929-05:00,1185405-1766654,131600.0,PEN,Soles,2026-02-23T00:00:00-05:00
ocds-dgv273-seacev3-1190180,ocds-dgv273-seacev3-1190180-2026-03-29T10:02:36.275967-05:00,1190180-20613832913,121344.1,PEN,Soles,2026-03-02T00:00:00-05:00
ocds-dgv273-seacev3-2026-1860-1,ocds-dgv273-seacev3-2026-1860-1-2026-03-29T10:02:36.167880-05:00,1188285-20606124831,133420.52,PEN,Soles,2026-02-26T00:00:00-05:00
ocds-dgv273-seacev3-2026-1852-15,ocds-dgv273-seacev3-2026-1852-15-2026-03-29T10:02:35.713052-05:00,1186924-20449458436,492937.2,PEN,Soles,2026-02-25T00:00:00-05:00
ocds-dgv273-seacev3-1190380,ocds-dgv273-seacev3-1190380-2026-03-29T10:02:32.093247-05:00,1190380-20511037001,83911.21,PEN,Soles,2026-03-04T00:00:00-05:00
ocds-dgv273-seacev3-1190273,ocds-dgv273-seacev3-1190273-2026-03-29T10:02:30.826073-05:00,1190273-1770957,4392112.76,PEN,Soles,2026-03-13T00:00:00-05:00
ocds-dgv273-seacev3-1190370,ocds-dgv273-seacev3-1190370-2026-03-29T10:02:30.362783-05:00,1190370-10198412720,59146.0,PEN,Soles,2026-03-09T00:00:00-05:00
ocds-dgv273-seacev3-2026-80751-1,ocds-dgv273-seacev3-2026-80751-1-2026-03-29T10:02:30.243531-05:00,1190421-20612581801,253567.0,PEN,Soles,2026-03-06T00:00:00-05:00
ocds-dgv273-seacev3-2026-1199-3,ocds-dgv273-seacev3-2026-1199-3-2026-03-29T10:02:29.435717-05:00,1188366-20610405551,99785.9,PEN,Soles,2026-03-03T00:00:00-05:00
ocds-dgv273-seacev3-1189314,ocds-dgv273-seacev3-1189314-2026-03-29T10:02:28.179683-05:00,1189314-10437823851,276400.0,PEN,Soles,2026-03-04T00:00:00-05:00
ocds-dgv273-seacev3-1185573,ocds-dgv273-seacev3-1185573-2026-03-29T10:02:26.020315-05:00,1185573-1766291,839945.91,PEN,Soles,2026-02-20T00:00:00-05:00
ocds-dgv273-seacev3-1186768,ocds-dgv273-seacev3-1186768-2026-03-29T10:02:25.851460-05:00,1186768-20574706409,260000.0,PEN,Soles,2026-02-19T00:00:00-05:00
ocds-dgv273-seacev3-1193546,ocds-dgv273-seacev3-1193546-2026-03-29T10:02:22.073625-05:00,1193546-1770491,616078.13,PEN,Soles,2026-03-12T00:00:00-05:00
ocds-dgv273-seacev3-1187785,ocds-dgv273-seacev3-1187785-2026-03-29T10:02:21.153061-05:00,1187785-20606863935,385875.0,PEN,Soles,2026-03-04T00:00:00-05:00
ocds-dgv273-seacev3-2026-1164-5,ocds-dgv273-seacev3-2026-1164-5-2026-03-29T10:02:21.015535-05:00,1188756-20611902329,280735.68,PEN,Soles,2026-03-03T00:00:00-05:00
ocds-dgv273-seacev3-1191437,ocds-dgv273-seacev3-1191437-2026-03-29T10:02:19.769361-05:00,1191437-20600171403,176185.92,PEN,Soles,2026-03-09T00:00:00-05:00
ocds-dgv273-seacev3-2026-1510-15,ocds-dgv273-seacev3-2026-1510-15-2026-03-29T10:02:19.230005-05:00,1189272-1768960,290400.0,PEN,Soles,2026-03-05T00:00:00-05:00
ocds-dgv273-seacev3-1191354,ocds-dgv273-seacev3-1191354-2026-03-29T10:02:17.937940-05:00,1191354-20477208771,130956.0,PEN,Soles,2026-03-13T00:00:00-05:00
ocds-dgv273-seacev3-2026-1029-4,ocds-dgv273-seacev3-2026-1029-4-2026-03-29T10:02:17.573639-05:00,1189849-20601635012,96775.0,PEN,Soles,2026-03-16T00:00:00-05:00
ocds-dgv273-seacev3-2026-1659-1,ocds-dgv273-seacev3-2026-1659-1-2026-03-29T10:02:16.892803-05:00,1189627-20608917561,64620.4,PEN,Soles,2026-03-10T00:00:00-05:00
ocds-dgv273-seacev3-1191704,ocds-dgv273-seacev3-1191704-2026-03-29T10:02:16.811356-05:00,1191704-20361889011,214795.0,PEN,Soles,2026-03-06T00:00:00-05:00
ocds-dgv273-seacev3-2026-1003023608-1,ocds-dgv273-seacev3-2026-1003023608-1-2026-03-29T10:02:16.386656-05:00,1187103-20611480700,96000.0,PEN,Soles,2026-02-23T00:00:00-05:00
ocds-dgv273-seacev3-1188622,ocds-dgv273-seacev3-1188622-2026-03-29T10:02:16.302049-05:00,1188622-20510435452,79619.4,PEN,Soles,2026-02-25T00:00:00-05:00
ocds-dgv273-seacev3-2026-1322-1,ocds-dgv273-seacev3-2026-1322-1-2026-03-29T10:02:16.286852-05:00,1188570-20544309065,130650.0,PEN,Soles,2026-03-10T00:00:00-05:00
ocds-dgv273-seacev3-2026-1686-1,ocds-dgv273-seacev3-2026-1686-1-2026-03-29T10:02:16.150944-05:00,1187284-20405568773,95692.8,PEN,Soles,2026-02-27T00:00:00-05:00
ocds-dgv273-seacev3-1193210,ocds-dgv273-seacev3-1193210-2026-03-28T10:10:59.639168-05:00,1193210-20604968772,103400.0,PEN,Soles,2026-03-04T00:00:00-05:00
ocds-dgv273-seacev3-1188808,ocds-dgv273-seacev3-1188808-2026-03-28T10:10:58.015738-05:00,1188808-10702582488,6000.0,PEN,Soles,2026-03-18T00:00:00-05:00
ocds-dgv273-seacev3-1195075,ocds-dgv273-seacev3-1195075-2026-03-28T10:10:56.216311-05:00,1195075-10433548201,52000.0,PEN,Soles,2026-03-11T00:00:00-05:00
ocds-dgv273-seacev3-2026-1952-39,ocds-dgv273-seacev3-2026-1952-39-2026-03-28T10:10:55.773864-05:00,1194788-10402559778,72000.0,PEN,Soles,2026-03-12T00:00:00-05:00
ocds-dgv273-seacev3-1189000,ocds-dgv273-seacev3-1189000-2026-03-28T10:10:54.915681-05:00,1189000-20523905679,49525.0,PEN,Soles,2026-02-26T00:00:00-05:00
ocds-dgv273-seacev3-1187667,ocds-dgv273-seacev3-1187667-2026-03-28T10:10:54.322993-05:00,1187667-20574627011,267383.9,PEN,Soles,2026-02-26T00:00:00-05:00
ocds-dgv273-seacev3-2026-533-1,ocds-dgv273-seacev3-2026-533-1-2026-03-28T10:10:50.858036-05:00,1189579-20606230126,70061.71,PEN,Soles,2026-03-04T00:00:00-05:00
ocds-dgv273-seacev3-1191821,ocds-dgv273-seacev3-1191821-2026-03-28T10:10:50.641619-05:00,1191821-20607788431,80000.0,PEN,Soles,2026-03-13T00:00:00-05:00
ocds-dgv273-seacev3-1191744,ocds-dgv273-seacev3-1191744-2026-03-28T10:10:50.310921-05:00,1191744-20111864595,698515.16,PEN,Soles,2026-03-09T00:00:00-05:00
ocds-dgv273-seacev3-1191744,ocds-dgv273-seacev3-1191744-2026-03-28T10:10:50.310921-05:00,1191744-20290561451,520282.53,PEN,Soles,2026-03-09T00:00:00-05:00
ocds-dgv273-seacev3-1191744,ocds-dgv273-seacev3-1191744-2026-03-28T10:10:50.310921-05:00,1191744-20611234474,534679.36,PEN,Soles,2026-03-09T00:00:00-05:00
ocds-dgv273-seacev3-1190481,ocds-dgv273-seacev3-1190481-2026-03-28T10:10:49.949092-05:00,1190481-20601754241,168348.6,PEN,Soles,2026-02-26T00:00:00-05:00
ocds-dgv273-seacev3-1189174,ocds-dgv273-seacev3-1189174-2026-03-28T10:10:49.420367-05:00,1189174-20609999838,161462.0,PEN,Soles,2026-02-27T00:00:00-05:00
ocds-dgv273-seacev3-2026-749-3,ocds-dgv273-seacev3-2026-749-3-2026-03-28T10:10:49.098707-05:00,1191975-20600008812,65030.4,PEN,Soles,2026-03-11T00:00:00-05:00
ocds-dgv273-seacev3-1190241,ocds-dgv273-seacev3-1190241-2026-03-28T10:10:48.729947-05:00,1190241-20490593293,284000.0,PEN,Soles,2026-03-04T00:00:00-05:00
ocds-dgv273-seacev3-2026-27-26,ocds-dgv273-seacev3-2026-27-26-2026-03-28T10:10:48.269360-05:00,1188386-20563378060,184666.65,PEN,Soles,2026-03-02T00:00:00-05:00
ocds-dgv273-seacev3-1189492,ocds-dgv273-seacev3-1189492-2026-03-28T10:10:47.641061-05:00,1189492-20487703983,927447.84,PEN,Soles,2026-03-06T00:00:00-05:00
ocds-dgv273-seacev3-2026-1695-6,ocds-dgv273-seacev3-2026-1695-6-2026-03-28T10:10:47.041612-05:00,1188336-1768228,103463.92,PEN,Soles,2026-03-04T00:00:00-05:00
ocds-dgv273-seacev3-1190291,ocds-dgv273-seacev3-1190291-2026-03-28T10:10:46.748335-05:00,1190291-1769298,848256.22,PEN,Soles,2026-03-06T00:00:00-05:00
ocds-dgv273-seacev3-1189121,ocds-dgv273-seacev3-1189121-2026-03-28T10:10:46.011959-05:00,1189121-10415988881,16000.0,PEN,Soles,2026-03-18T00:00:00-05:00
ocds-dgv273-seacev3-1187270,ocds-dgv273-seacev3-1187270-2026-03-28T10:10:44.666790-05:00,1187270-20600811127,87900.0,PEN,Soles,2026-02-23T11:05:12-05:00
ocds-dgv273-seacev3-1190974,ocds-dgv273-seacev3-1190974-2026-03-28T10:10:40.673766-05:00,1190974-20610304045,85000.0,PEN,Soles,2026-03-12T00:00:00-05:00
ocds-dgv273-seacev3-1189284,ocds-dgv273-seacev3-1189284-2026-03-28T10:10:40.370370-05:00,1189284-20608461371,88140.2,PEN,Soles,2026-03-02T00:00:00-05:00
ocds-dgv273-seacev3-2026-374-6,ocds-dgv273-seacev3-2026-374-6-2026-03-28T10:10:38.263287-05:00,1191222-20607509523,179150.0,PEN,Soles,2026-03-09T00:00:00-05:00
ocds-dgv273-seacev3-1189951,ocds-dgv273-seacev3-1189951-2026-03-28T10:10:38.163411-05:00,1189951-20600594240,9996.1,PEN,Soles,2026-03-25T00:00:00-05:00
ocds-dgv273-seacev3-2026-1568-2,ocds-dgv273-seacev3-2026-1568-2-2026-03-28T10:10:34.698581-05:00,1186849-10040203139,409392.0,PEN,Soles,2026-02-19T00:00:00-05:00
ocds-dgv273-seacev3-2026-1172-1,ocds-dgv273-seacev3-2026-1172-1-2026-03-28T10:10:34.582211-05:00,1187155-20603142633,227304.22,PEN,Soles,2026-03-05T00:00:00-05:00
ocds-dgv273-seacev3-2026-276-3,ocds-dgv273-seacev3-2026-276-3-2026-03-28T10:10:30.613725-05:00,1191336-20611870273,75000.0,PEN,Soles,2026-03-11T00:00:00-05:00
ocds-dgv273-seacev3-1191499,ocds-dgv273-seacev3-1191499-2026-03-28T10:10:30.462498-05:00,1191499-20536598708,76890.0,PEN,Soles,2026-03-13T12:14:15-05:00
ocds-dgv273-seacev3-2026-106-3,ocds-dgv273-seacev3-2026-106-3-2026-03-28T10:10:29.360271-05:00,1190907-20600547641,79477.4,PEN,Soles,2026-03-10T11:36:36-05:00
ocds-dgv273-seacev3-2026-1392-3,ocds-dgv273-seacev3-2026-1392-3-2026-03-28T10:10:27.715850-05:00,1189743-20613147048,58800.0,PEN,Soles,2026-03-11T10:07:17-05:00
ocds-dgv273-seacev3-1188171,ocds-dgv273-seacev3-1188171-2026-03-28T10:10:26.589788-05:00,1188171-20601078156,168850.0,PEN,Soles,2026-02-27T00:00:00-05:00
ocds-dgv273-seacev3-2026-248030-1,ocds-dgv273-seacev3-2026-248030-1-2026-03-28T10:10:26.449496-05:00,1186460-20609536129,82878.5,PEN,Soles,2026-03-04T00:00:00-05:00
ocds-dgv273-seacev3-1189030,ocds-dgv273-seacev3-1189030-2026-03-28T10:10:25.584909-05:00,1189030-10730839729,24000.0,PEN,Soles,2026-03-18T00:00:00-05:00
ocds-dgv273-seacev3-1188697,ocds-dgv273-seacev3-1188697-2026-03-28T10:10:25.543557-05:00,1188697-10728057179,18000.0,PEN,Soles,2026-03-18T00:00:00-05:00
ocds-dgv273-seacev3-2026-10249-98,ocds-dgv273-seacev3-2026-10249-98-2026-03-28T10:10:25.219122-05:00,1188498-20510675097,100000.0,PEN,Soles,2026-03-10T00:00:00-05:00
ocds-dgv273-seacev3-1188740,ocds-dgv273-seacev3-1188740-2026-03-28T10:10:24.483771-05:00,1188740-20530880746,255312.0,PEN,Soles,2026-03-10T00:00:00-05:00
ocds-dgv273-seacev3-2026-923-5,ocds-dgv273-seacev3-2026-923-5-2026-03-28T10:10:24.261326-05:00,1188177-20611417161,116920.32,PEN,Soles,2026-02-26T00:00:00-05:00
ocds-dgv273-seacev3-1188183,ocds-dgv273-seacev3-1188183-2026-03-28T10:10:24.209763-05:00,1188183-20610870270,56539.0,PEN,Soles,2026-02-25T00:00:00-05:00
ocds-dgv273-seacev3-2026-799-1,ocds-dgv273-seacev3-2026-799-1-2026-03-28T10:10:24.134970-05:00,1187974-20527786461,251596.38,PEN,Soles,2026-03-09T00:00:00-05:00
ocds-dgv273-seacev3-1190697,ocds-dgv273-seacev3-1190697-2026-03-28T10:10:18.999809-05:00,1190697-20481770182,90549.0,PEN,Soles,2026-03-10T00:00:00-05:00
ocds-dgv273-seacev3-1190775,ocds-dgv273-seacev3-1190775-2026-03-28T10:10:18.021398-05:00,1190775-20607510092,408800.0,PEN,Soles,2026-03-09T00:00:00-05:00
ocds-dgv273-seacev3-2026-10520-7,ocds-dgv273-seacev3-2026-10520-7-2026-03-28T10:10:17.407601-05:00,1190863-20507312277,56550.0,PEN,Soles,2026-03-11T00:00:00-05:00
ocds-dgv273-seacev3-1191859,ocds-dgv273-seacev3-1191859-2026-03-28T10:10:16.678914-05:00,1191859-L0000001355,72600.0,USD,Dólar Norteamericano,2026-03-16T00:00:00-05:00
ocds-dgv273-seacev3-2026-1295-7,ocds-dgv273-seacev3-2026-1295-7-2026-03-28T10:10:15.369911-05:00,1189957-20605725075,67200.0,PEN,Soles,2026-03-12T00:00:00-05:00
ocds-dgv273-seacev3-1189716,ocds-dgv273-seacev3-1189716-2026-03-28T10:10:15.316189-05:00,1189716-20454552971,213440.0,PEN,Soles,2026-03-11T00:00:00-05:00
ocds-dgv273-seacev3-1189048,ocds-dgv273-seacev3-1189048-2026-03-28T10:10:14.641501-05:00,1189048-10415900576,16000.0,PEN,Soles,2026-03-18T00:00:00-05:00
ocds-dgv273-seacev3-2026-2009-28,ocds-dgv273-seacev3-2026-2009-28-2026-03-28T10:10:14.570107-05:00,1191647-20568257465,68262.0,PEN,Soles,2026-03-10T00:00:00-05:00
ocds-dgv273-seacev3-1188667,ocds-dgv273-seacev3-1188667-2026-03-28T10:10:13.899702-05:00,1188667-20606948507,82000.0,PEN,Soles,2026-03-06T00:00:00-05:00
ocds-dgv273-seacev3-1188633,ocds-dgv273-seacev3-1188633-2026-03-28T10:10:13.842005-05:00,1188633-20392764373,82250.0,PEN,Soles,2026-03-06T00:00:00-05:00
ocds-dgv273-seacev3-1187877,ocds-dgv273-seacev3-1187877-2026-03-28T10:10:13.818999-05:00,1187877-1767520,293101.79,PEN,Soles,2026-02-25T00:00:00-05:00
ocds-dgv273-seacev3-2026-49-87,ocds-dgv273-seacev3-2026-49-87-2026-03-28T10:10:13.676595-05:00,1188263-20511037001,254346.0,PEN,Soles,2026-03-02T00:00:00-05:00
ocds-dgv273-seacev3-2026-629-4,ocds-dgv273-seacev3-2026-629-4-2026-03-28T10:10:13.495861-05:00,1186273-1765651,83650.0,PEN,Soles,2026-02-17T00:00:00-05:00
ocds-dgv273-seacev3-1187721,ocds-dgv273-seacev3-1187721-2026-03-28T10:10:12.910878-05:00,1187721-1767012,656775.99,PEN,Soles,2026-02-26T00:00:00-05:00
ocds-dgv273-seacev3-1187729,ocds-dgv273-seacev3-1187729-2026-03-28T10:10:12.896742-05:00,1187729-20604130680,77803.0,PEN,Soles,2026-03-03T00:00:00-05:00
ocds-dgv273-seacev3-2026-399-17,ocds-dgv273-seacev3-2026-399-17-2026-03-28T10:10:12.816100-05:00,1187500-1768435,92000.0,PEN,Soles,2026-03-03T00:00:00-05:00
ocds-dgv273-seacev3-1187465,ocds-dgv273-seacev3-1187465-2026-03-28T10:10:12.799514-05:00,1187465-1766738,103008.0,PEN,Soles,2026-02-25T00:00:00-05:00
ocds-dgv273-seacev3-2026-1922-23,ocds-dgv273-seacev3-2026-1922-23-2026-03-28T10:10:08.839401-05:00,1190935-20556085120,205261.0,PEN,Soles,2026-03-13T00:00:00-05:00
ocds-dgv273-seacev3-2026-20002-45,ocds-dgv273-seacev3-2026-20002-45-2026-03-28T10:10:08.759790-05:00,1190111-20505110651,62400.0,PEN,Soles,2026-03-18T00:00:00-05:00
ocds-dgv273-seacev3-2026-2371-4,ocds-dgv273-seacev3-2026-2371-4-2026-03-28T10:10:08.418588-05:00,1189834-20100257298,82788.8,PEN,Soles,2026-03-05T00:00:00-05:00
ocds-dgv273-seacev3-2026-125-1,ocds-dgv273-seacev3-2026-125-1-2026-03-28T10:10:08.352578-05:00,1190585-20480498004,58560.0,PEN,Soles,2026-03-06T00:00:00-05:00
ocds-dgv273-seacev3-2026-1808-1,ocds-dgv273-seacev3-2026-1808-1-2026-03-28T10:10:07.573699-05:00,1189857-20609291321,238000.0,PEN,Soles,2026-03-04T00:00:00-05:00
ocds-dgv273-seacev3-1191378,ocds-dgv273-seacev3-1191378-2026-03-28T10:10:06.388425-05:00,1191378-20541137654,63186.7,PEN,Soles,2026-03-12T00:00:00-05:00
ocds-dgv273-seacev3-2026-968-1,ocds-dgv273-seacev3-2026-968-1-2026-03-28T10:10:04.274872-05:00,1188662-20602600611,97200.0,PEN,Soles,2026-03-04T00:00:00-05:00
ocds-dgv273-seacev3-2026-968-1,ocds-dgv273-seacev3-2026-968-1-2026-03-28T10:10:04.274872-05:00,1188662-20612295302,115815.0,PEN,Soles,2026-03-04T00:00:00-05:00
ocds-dgv273-seacev3-2026-619-2,ocds-dgv273-seacev3-2026-619-2-2026-03-28T10:10:02.502153-05:00,1186398-20615219356,105780.0,PEN,Soles,2026-02-23T21:31:38-05:00
ocds-dgv273-seacev3-2026-492-1,ocds-dgv273-seacev3-2026-492-1-2026-03-28T10:10:02.026616-05:00,1187995-20532492051,66000.0,PEN,Soles,2026-02-24T00:00:00-05:00
ocds-dgv273-seacev3-2026-852-1,ocds-dgv273-seacev3-2026-852-1-2026-03-28T10:10:01.919931-05:00,1186082-20600444353,117552.0,PEN,Soles,2026-02-24T00:00:00-05:00
ocds-dgv273-seacev3-1190046,ocds-dgv273-seacev3-1190046-2026-03-28T10:09:57.064180-05:00,1190046-10709872015,455000.0,PEN,Soles,2026-03-03T00:00:00-05:00
ocds-dgv273-seacev3-2026-315-1,ocds-dgv273-seacev3-2026-315-1-2026-03-28T10:09:56.241177-05:00,1189710-1769025,266721.43,PEN,Soles,2026-03-04T00:00:00-05:00
ocds-dgv273-seacev3-2026-993-2,ocds-dgv273-seacev3-2026-993-2-2026-03-28T10:09:54.945917-05:00,1191579-1769921,357743.0,PEN,Soles,2026-03-11T00:00:00-05:00
ocds-dgv273-seacev3-2026-1952-33,ocds-dgv273-seacev3-2026-1952-33-2026-03-28T10:09:54.114971-05:00,1195136-10215472979,66000.0,PEN,Soles,2026-03-12T00:00:00-05:00
ocds-dgv273-seacev3-2026-2371-6,ocds-dgv273-seacev3-2026-2371-6-2026-03-28T10:09:53.994441-05:00,1189880-20462335653,67000.0,PEN,Soles,2026-03-09T00:00:00-05:00
ocds-dgv273-seacev3-1192094,ocds-dgv273-seacev3-1192094-2026-03-28T10:09:52.203780-05:00,1192094-20539414942,171135.0,PEN,Soles,2026-03-12T00:00:00-05:00
ocds-dgv273-seacev3-1191460,ocds-dgv273-seacev3-1191460-2026-03-27T10:16:32.306730-05:00,1191460-20542442230,148400.0,PEN,Soles,2026-03-11T00:00:00-05:00
ocds-dgv273-seacev3-1192684,ocds-dgv273-seacev3-1192684-2026-03-27T10:16:30.340136-05:00,1192684-20600984838,48533.65,PEN,Soles,2026-03-09T00:00:00-05:00
ocds-dgv273-seacev3-1191036,ocds-dgv273-seacev3-1191036-2026-03-27T10:16:29.984280-05:00,1191036-20100366747,46200.0,PEN,Soles,2026-03-09T00:00:00-05:00
ocds-dgv273-seacev3-1190037,ocds-dgv273-seacev3-1190037-2026-03-27T10:16:28.535971-05:00,1190037-1769511,295500.0,PEN,Soles,2026-03-09T00:00:00-05:00
ocds-dgv273-seacev3-2026-1003004403-1,ocds-dgv273-seacev3-2026-1003004403-1-2026-03-27T10:16:28.343532-05:00,1189910-10700155817,90000.0,PEN,Soles,2026-03-06T00:00:00-05:00
ocds-dgv273-seacev3-2026-2381-31,ocds-dgv273-seacev3-2026-2381-31-2026-03-27T10:16:27.179455-05:00,1187556-20539979885,1472833.83,PEN,Soles,2026-03-04T00:00:00-05:00
ocds-dgv273-seacev3-1188377,ocds-dgv273-seacev3-1188377-2026-03-27T10:16:22.708036-05:00,1188377-20600852346,61600.0,PEN,Soles,2026-02-24T00:00:00-05:00
ocds-dgv273-seacev3-2026-1585-5,ocds-dgv273-seacev3-2026-1585-5-2026-03-27T10:16:22.609410-05:00,1188734-20526456549,795103.45,PEN,Soles,2026-03-03T00:00:00-05:00
ocds-dgv273-seacev3-1189123,ocds-dgv273-seacev3-1189123-2026-03-27T10:16:22.090043-05:00,1189123-20406493441,125945.0,PEN,Soles,2026-03-11T00:00:00-05:00
ocds-dgv273-seacev3-1190277,ocds-dgv273-seacev3-1190277-2026-03-27T10:16:19.816682-05:00,1190277-20610478329,70227.52,PEN,Soles,2026-02-23T00:00:00-05:00
ocds-dgv273-seacev3-2026-10249-71,ocds-dgv273-seacev3-2026-10249-71-2026-03-27T10:16:19.450706-05:00,1192011-20600074441,43920.0,PEN,Soles,2026-03-10T00:00:00-05:00
ocds-dgv273-seacev3-1188754,ocds-dgv273-seacev3-1188754-2026-03-27T10:16:17.192196-05:00,1188754-10430570191,24000.0,PEN,Soles,2026-03-18T00:00:00-05:00
ocds-dgv273-seacev3-2026-847-11,ocds-dgv273-seacev3-2026-847-11-2026-03-27T10:16:16.141869-05:00,1188055-20511037001,75900.0,PEN,Soles,2026-02-27T12:49:37-05:00
ocds-dgv273-seacev3-2026-10466-1,ocds-dgv273-seacev3-2026-10466-1-2026-03-27T10:16:12.650774-05:00,1190742-20404553292,168000.0,PEN,Soles,2026-03-10T08:43:21-05:00
ocds-dgv273-seacev3-1190070,ocds-dgv273-seacev3-1190070-2026-03-27T10:16:11.670676-05:00,1190070-10444256279,227620.0,PEN,Soles,2026-03-03T15:58:15-05:00
ocds-dgv273-seacev3-1190782,ocds-dgv273-seacev3-1190782-2026-03-27T10:16:11.544918-05:00,1190782-10456643898,103075.0,PEN,Soles,2026-03-05T00:00:00-05:00
ocds-dgv273-seacev3-2026-977-1,ocds-dgv273-seacev3-2026-977-1-2026-03-27T10:16:11.371277-05:00,1189071-20613474979,87928.0,PEN,Soles,2026-03-02T00:00:00-05:00
ocds-dgv273-seacev3-1190388,ocds-dgv273-seacev3-1190388-2026-03-27T10:16:11.201735-05:00,1190388-10454309788,65500.0,PEN,Soles,2026-03-10T00:00:00-05:00
ocds-dgv273-seacev3-1189713,ocds-dgv273-seacev3-1189713-2026-03-27T10:16:11.135346-05:00,1189713-20614204975,60375.0,PEN,Soles,2026-03-03T00:00:00-05:00
ocds-dgv273-seacev3-1189302,ocds-dgv273-seacev3-1189302-2026-03-27T10:16:10.794918-05:00,1189302-20610281258,38000.0,PEN,Soles,2026-02-27T00:00:00-05:00
ocds-dgv273-seacev3-1190738,ocds-dgv273-seacev3-1190738-2026-03-27T10:16:08.612755-05:00,1190738-20100287791,88000.0,PEN,Soles,2026-03-12T00:00:00-05:00
ocds-dgv273-seacev3-2026-53-24,ocds-dgv273-seacev3-2026-53-24-2026-03-27T10:16:08.362593-05:00,1191609-20600755642,152220.0,PEN,Soles,2026-03-10T00:00:00-05:00
ocds-dgv273-seacev3-2026-200322-3,ocds-dgv273-seacev3-2026-200322-3-2026-03-27T10:16:07.086168-05:00,1187008-10804811597,143000.0,PEN,Soles,2026-02-20T00:00:00-05:00
ocds-dgv273-seacev3-1186962,ocds-dgv273-seacev3-1186962-2026-03-27T10:16:06.984214-05:00,1186962-20449458436,75732.0,PEN,Soles,2026-02-18T00:00:00-05:00
ocds-dgv273-seacev3-2026-180125-2,ocds-dgv273-seacev3-2026-180125-2-2026-03-27T10:16:01.605342-05:00,1192056-20530582133,95000.0,PEN,Soles,2026-03-10T00:00:00-05:00
ocds-dgv273-seacev3-1192385,ocds-dgv273-seacev3-1192385-2026-03-27T10:15:59.912469-05:00,1192385-20601162289,423750.0,PEN,Soles,2026-03-09T00:00:00-05:00
ocds-dgv273-seacev3-2026-1925-4,ocds-dgv273-seacev3-2026-1925-4-2026-03-27T10:15:56.783102-05:00,1190987-20418896915,28625.34,USD,Dólar Norteamericano,2026-03-24T00:00:00-05:00
ocds-dgv273-seacev3-1187112,ocds-dgv273-seacev3-1187112-2026-03-27T10:15:55.328284-05:00,1187112-20600571916,115956.0,PEN,Soles,2026-02-17T00:00:00-05:00
ocds-dgv273-seacev3-1187112,ocds-dgv273-seacev3-1187112-2026-03-27T10:15:55.328284-05:00,1187112-20609792591,106616.0,PEN,Soles,2026-02-17T00:00:00-05:00
ocds-dgv273-seacev3-1187286,ocds-dgv273-seacev3-1187286-2026-03-27T10:15:55.091974-05:00,1187286-20600811127,43200.0,PEN,Soles,2026-02-19T00:00:00-05:00
ocds-dgv273-seacev3-2026-200386-4,ocds-dgv273-seacev3-2026-200386-4-2026-03-27T10:15:50.947505-05:00,1188927-20491305119,174800.0,PEN,Soles,2026-03-02T00:00:00-05:00
ocds-dgv273-seacev3-1189870,ocds-dgv273-seacev3-1189870-2026-03-27T10:15:50.043540-05:00,1189870-20511037001,121639.0,PEN,Soles,2026-03-04T20:37:00-05:00
ocds-dgv273-seacev3-1188691,ocds-dgv273-seacev3-1188691-2026-03-27T10:15:49.459651-05:00,1188691-10460320629,71998.5,PEN,Soles,2026-02-20T00:00:00-05:00
ocds-dgv273-seacev3-1191815,ocds-dgv273-seacev3-1191815-2026-03-27T10:15:49.085364-05:00,1191815-10232116621,50000.0,PEN,Soles,2026-03-02T00:00:00-05:00
ocds-dgv273-seacev3-2026-10561-1,ocds-dgv273-seacev3-2026-10561-1-2026-03-27T10:15:47.073326-05:00,1190259-20356188994,481895.0,PEN,Soles,2026-03-06T00:00:00-05:00
ocds-dgv273-seacev3-2026-1860-2,ocds-dgv273-seacev3-2026-1860-2-2026-03-27T10:15:46.553944-05:00,1187150-20514345440,228343.5,PEN,Soles,2026-02-26T00:00:00-05:00
ocds-dgv273-seacev3-2026-1860-2,ocds-dgv273-seacev3-2026-1860-2-2026-03-27T10:15:46.553944-05:00,1187150-20600736923,118166.1,PEN,Soles,2026-02-26T00:00:00-05:00
ocds-dgv273-seacev3-2026-1786-2,ocds-dgv273-seacev3-2026-1786-2-2026-03-27T10:15:45.699671-05:00,1188291-20610519106,120736.0,PEN,Soles,2026-02-25T00:00:00-05:00
ocds-dgv273-seacev3-2026-1025-5,ocds-dgv273-seacev3-2026-1025-5-2026-03-27T10:15:45.220113-05:00,1186310-20613443089,405000.0,PEN,Soles,2026-02-16T00:00:00-05:00
ocds-dgv273-seacev3-1187242,ocds-dgv273-seacev3-1187242-2026-03-27T10:15:44.779072-05:00,1187242-20445359476,523992.82,PEN,Soles,2026-02-25T00:00:00-05:00
ocds-dgv273-seacev3-2026-1003085953-2,ocds-dgv273-seacev3-2026-1003085953-2-2026-03-27T10:15:44.612704-05:00,1187610-20490273116,89918.36,PEN,Soles,2026-03-06T00:00:00-05:00
ocds-dgv273-seacev3-1189137,ocds-dgv273-seacev3-1189137-2026-03-27T10:15:40.312189-05:00,1189137-10481028006,92818.68,PEN,Soles,2026-03-13T00:00:00-05:00
ocds-dgv273-seacev3-1189869,ocds-dgv273-seacev3-1189869-2026-03-27T10:15:38.761593-05:00,1189869-20509860981,70500.0,PEN,Soles,2026-03-05T00:00:00-05:00
ocds-dgv273-seacev3-2026-616-1,ocds-dgv273-seacev3-2026-616-1-2026-03-27T10:15:38.705700-05:00,1191770-20570822323,65445.46,PEN,Soles,2026-03-10T00:00:00-05:00
ocds-dgv273-seacev3-2026-810-1,ocds-dgv273-seacev3-2026-810-1-2026-03-27T10:15:38.550747-05:00,1189229-20527905738,130848.0,PEN,Soles,2026-03-05T00:00:00-05:00
ocds-dgv273-seacev3-1188483,ocds-dgv273-seacev3-1188483-2026-03-27T10:15:37.895908-05:00,1188483-10445293437,24000.0,PEN,Soles,2026-03-18T00:00:00-05:00
ocds-dgv273-seacev3-1190721,ocds-dgv273-seacev3-1190721-2026-03-27T10:15:37.738281-05:00,1190721-1770001,407109.62,PEN,Soles,2026-03-10T00:00:00-05:00
ocds-dgv273-seacev3-1189624,ocds-dgv273-seacev3-1189624-2026-03-27T10:15:35.330683-05:00,1189624-10400045173,16000.0,PEN,Nuevos Soles,2026-03-18T00:00:00-05:00
ocds-dgv273-seacev3-2026-1834-7,ocds-dgv273-seacev3-2026-1834-7-2026-03-27T10:15:28.048922-05:00,1191736-20518759079,50965.07,PEN,Soles,2026-03-10T16:24:02-05:00
ocds-dgv273-seacev3-1191188,ocds-dgv273-seacev3-1191188-2026-03-27T10:15:26.765179-05:00,1191188-20601638658,775029.79,PEN,Soles,2026-03-16T00:00:00-05:00
ocds-dgv273-seacev3-1190971,ocds-dgv273-seacev3-1190971-2026-03-27T10:15:26.597067-05:00,1190971-20449458436,96578.0,PEN,Soles,2026-03-10T13:41:29-05:00
ocds-dgv273-seacev3-2026-1003004403-3,ocds-dgv273-seacev3-2026-1003004403-3-2026-03-27T10:15:26.124758-05:00,1189909-20613193538,242440.0,PEN,Soles,2026-03-10T00:00:00-05:00
ocds-dgv273-seacev3-1189681,ocds-dgv273-seacev3-1189681-2026-03-27T10:15:25.708605-05:00,1189681-20509860981,148349.34,PEN,Soles,2026-03-05T00:00:00-05:00
ocds-dgv273-seacev3-1190599,ocds-dgv273-seacev3-1190599-2026-03-26T10:13:32.459721-05:00,1190599-10409302225,106001.0,PEN,Soles,2026-03-09T00:00:00-05:00
ocds-dgv273-seacev3-2026-63205-2,ocds-dgv273-seacev3-2026-63205-2-2026-03-26T10:13:31.522456-05:00,1191860-20568820909,289919.55,PEN,Soles,2026-03-10T18:57:02-05:00
ocds-dgv273-seacev3-1190578,ocds-dgv273-seacev3-1190578-2026-03-26T10:13:30.669530-05:00,1190578-1769487,102000.0,PEN,Soles,2026-03-05T00:00:00-05:00
ocds-dgv273-seacev3-2026-827-1,ocds-dgv273-seacev3-2026-827-1-2026-03-26T10:13:30.385268-05:00,1188862-20611277751,185000.0,PEN,Soles,2026-03-05T00:00:00-05:00
ocds-dgv273-seacev3-1189835,ocds-dgv273-seacev3-1189835-2026-03-26T10:13:29.746501-05:00,1189835-20529016426,384883.2,PEN,Soles,2026-03-09T00:00:00-05:00
ocds-dgv273-seacev3-1189607,ocds-dgv273-seacev3-1189607-2026-03-26T10:13:29.673300-05:00,1189607-10714282374,16000.0,PEN,Nuevos Soles,2026-03-18T00:00:00-05:00
ocds-dgv273-seacev3-1190390,ocds-dgv273-seacev3-1190390-2026-03-26T10:13:28.774746-05:00,1190390-20612295558,94289.0,PEN,Soles,2026-03-09T00:00:00-05:00
ocds-dgv273-seacev3-1190350,ocds-dgv273-seacev3-1190350-2026-03-26T10:13:28.440281-05:00,1190350-20574773181,76500.0,PEN,Soles,2026-03-09T00:00:00-05:00
ocds-dgv273-seacev3-1189665,ocds-dgv273-seacev3-1189665-2026-03-26T10:13:28.235255-05:00,1189665-10407678601,18000.0,PEN,Soles,2026-03-18T00:00:00-05:00
ocds-dgv273-seacev3-1189862,ocds-dgv273-seacev3-1189862-2026-03-26T10:13:28.214412-05:00,1189862-10436409716,12000.0,PEN,Nuevos Soles,2026-03-18T00:00:00-05:00
ocds-dgv273-seacev3-1189812,ocds-dgv273-seacev3-1189812-2026-03-26T10:13:28.180599-05:00,1189812-10722812625,24000.0,PEN,Soles,2026-03-18T00:00:00-05:00
ocds-dgv273-seacev3-1190865,ocds-dgv273-seacev3-1190865-2026-03-26T10:13:27.753923-05:00,1190865-20603032498,190872.0,PEN,Soles,2026-03-09T00:00:00-05:00
ocds-dgv273-seacev3-1188948,ocds-dgv273-seacev3-1188948-2026-03-26T10:13:26.937629-05:00,1188948-10746524531,12000.0,PEN,Nuevos Soles,2026-03-18T00:00:00-05:00
ocds-dgv273-seacev3-1188071,ocds-dgv273-seacev3-1188071-2026-03-26T10:13:26.846079-05:00,1188071-20449458436,452278.0,PEN,Soles,2026-02-23T00:00:00-05:00
ocds-dgv273-seacev3-1186750,ocds-dgv273-seacev3-1186750-2026-03-26T10:13:26.428030-05:00,1186750-20603162898,107881.5,PEN,Soles,2026-02-23T00:00:00-05:00
ocds-dgv273-seacev3-1187368,ocds-dgv273-seacev3-1187368-2026-03-26T10:13:26.324725-05:00,1187368-1768655,1348391.9,PEN,Soles,2026-03-03T00:00:00-05:00
ocds-dgv273-seacev3-2026-1250-6,ocds-dgv273-seacev3-2026-1250-6-2026-03-26T10:13:26.115968-05:00,1187031-1766655,4444357.68,PEN,Soles,2026-02-24T00:00:00-05:00
ocds-dgv273-seacev3-1190366,ocds-dgv273-seacev3-1190366-2026-03-26T10:13:22.928971-05:00,1190366-20610916385,53853.0,PEN,Soles,2026-03-04T00:00:00-05:00
ocds-dgv273-seacev3-1190371,ocds-dgv273-seacev3-1190371-2026-03-26T10:13:22.883806-05:00,1190371-20604333335,207473.0,PEN,Soles,2026-03-09T00:00:00-05:00
ocds-dgv273-seacev3-1191797,ocds-dgv273-seacev3-1191797-2026-03-26T10:13:22.229499-05:00,1191797-10461423324,16000.0,PEN,Soles,2026-03-18T00:00:00-05:00
ocds-dgv273-seacev3-1189773,ocds-dgv273-seacev3-1189773-2026-03-26T10:13:21.460334-05:00,1189773-10456068991,24000.0,PEN,Soles,2026-03-18T00:00:00-05:00
ocds-dgv273-seacev3-1189631,ocds-dgv273-seacev3-1189631-2026-03-26T10:13:20.978208-05:00,1189631-10702053116,12000.0,PEN,Soles,2026-03-18T00:00:00-05:00
ocds-dgv273-seacev3-2026-1833-15,ocds-dgv273-seacev3-2026-1833-15-2026-03-26T10:13:20.624491-05:00,1191175-20449314868,338441.69,PEN,Soles,2026-03-10T00:00:00-05:00
ocds-dgv273-seacev3-1190398,ocds-dgv273-seacev3-1190398-2026-03-26T10:13:20.386523-05:00,1190398-20605122397,99761.2,PEN,Soles,2026-03-09T00:00:00-05:00
ocds-dgv273-seacev3-2026-1682-1,ocds-dgv273-seacev3-2026-1682-1-2026-03-26T10:13:20.226835-05:00,1189815-20406501133,107856.0,PEN,Soles,2026-03-10T00:00:00-05:00
ocds-dgv273-seacev3-1190219,ocds-dgv273-seacev3-1190219-2026-03-26T10:13:20.106122-05:00,1190219-20529078961,91327.68,PEN,Soles,2026-03-09T00:00:00-05:00
ocds-dgv273-seacev3-1188301,ocds-dgv273-seacev3-1188301-2026-03-26T10:13:19.298369-05:00,1188301-20605270353,83700.0,PEN,Soles,2026-02-20T00:00:00-05:00
ocds-dgv273-seacev3-1189527,ocds-dgv273-seacev3-1189527-2026-03-26T10:13:19.265736-05:00,1189527-20613330845,235555.0,PEN,Soles,2026-03-05T00:00:00-05:00
ocds-dgv273-seacev3-1188587,ocds-dgv273-seacev3-1188587-2026-03-26T10:13:18.743829-05:00,1188587-20411690874,82648.0,PEN,Soles,2026-03-10T00:00:00-05:00
ocds-dgv273-seacev3-1187141,ocds-dgv273-seacev3-1187141-2026-03-26T10:13:17.882377-05:00,1187141-1766773,1401373.37,PEN,Soles,2026-02-25T00:00:00-05:00
ocds-dgv273-seacev3-1188669,ocds-dgv273-seacev3-1188669-2026-03-26T10:13:17.836479-05:00,1188669-20564494772,178287.48,PEN,Soles,2026-03-05T00:00:00-05:00
ocds-dgv273-seacev3-1188669,ocds-dgv273-seacev3-1188669-2026-03-26T10:13:17.836479-05:00,1188669-20613320181,129688.0,PEN,Soles,2026-03-05T00:00:00-05:00
ocds-dgv273-seacev3-1188924,ocds-dgv273-seacev3-1188924-2026-03-26T10:13:17.695708-05:00,1188924-10415058298,60500.0,PEN,Soles,2026-03-02T00:00:00-05:00
ocds-dgv273-seacev3-2026-1952-41,ocds-dgv273-seacev3-2026-1952-41-2026-03-26T10:13:13.654645-05:00,1194814-10701802085,54000.0,PEN,Soles,2026-03-12T00:00:00-05:00
ocds-dgv273-seacev3-1190330,ocds-dgv273-seacev3-1190330-2026-03-26T10:13:13.517954-05:00,1190330-20600571916,208393.5,PEN,Soles,2026-03-11T00:00:00-05:00
ocds-dgv273-seacev3-1189378,ocds-dgv273-seacev3-1189378-2026-03-26T10:13:12.595911-05:00,1189378-20613523767,39239.78,PEN,Soles,2026-03-02T16:55:32-05:00
ocds-dgv273-seacev3-1191367,ocds-dgv273-seacev3-1191367-2026-03-26T10:13:12.350799-05:00,1191367-10429140337,98830.0,PEN,Soles,2026-03-02T00:00:00-05:00
ocds-dgv273-seacev3-2026-849-2,ocds-dgv273-seacev3-2026-849-2-2026-03-26T10:13:10.018195-05:00,1188209-20611540800,160800.0,PEN,Soles,2026-03-10T00:00:00-05:00
ocds-dgv273-seacev3-1190602,ocds-dgv273-seacev3-1190602-2026-03-26T10:13:09.578940-05:00,1190602-10409302225,180062.0,PEN,Soles,2026-03-09T00:00:00-05:00
ocds-dgv273-seacev3-1190423,ocds-dgv273-seacev3-1190423-2026-03-26T10:13:09.568741-05:00,1190423-20604333335,77952.0,PEN,Soles,2026-03-09T00:00:00-05:00
ocds-dgv273-seacev3-1190408,ocds-dgv273-seacev3-1190408-2026-03-26T10:13:09.538613-05:00,1190408-1769750,88793.0,PEN,Soles,2026-03-09T00:00:00-05:00
ocds-dgv273-seacev3-1190402,ocds-dgv273-seacev3-1190402-2026-03-26T10:13:09.528557-05:00,1190402-1769644,107083.0,PEN,Soles,2026-03-09T00:00:00-05:00
ocds-dgv273-seacev3-2026-1952-30,ocds-dgv273-seacev3-2026-1952-30-2026-03-26T10:13:09.445034-05:00,1191659-10100748270,55000.0,PEN,Soles,2026-02-27T00:00:00-05:00
ocds-dgv273-seacev3-2026-1952-30,ocds-dgv273-seacev3-2026-1952-30-2026-03-26T10:13:09.445034-05:00,1191659-10182139357,55000.0,PEN,Soles,2026-02-27T00:00:00-05:00
ocds-dgv273-seacev3-1188912,ocds-dgv273-seacev3-1188912-2026-03-26T10:13:08.368773-05:00,1188912-10470935893,18000.0,PEN,Nuevos Soles,2026-03-18T00:00:00-05:00
ocds-dgv273-seacev3-1188895,ocds-dgv273-seacev3-1188895-2026-03-26T10:13:08.348566-05:00,1188895-10700238747,12000.0,PEN,Nuevos Soles,2026-03-18T00:00:00-05:00
ocds-dgv273-seacev3-1186759,ocds-dgv273-seacev3-1186759-2026-03-26T10:13:08.317104-05:00,1186759-20606322799,76250.0,PEN,Soles,2026-02-19T00:00:00-05:00
ocds-dgv273-seacev3-1186504,ocds-dgv273-seacev3-1186504-2026-03-26T10:13:08.175855-05:00,1186504-20603032498,250759.86,PEN,Soles,2026-03-03T00:00:00-05:00
ocds-dgv273-seacev3-2026-1621-42,ocds-dgv273-seacev3-2026-1621-42-2026-03-26T10:13:08.137993-05:00,1188168-20611465620,149000.0,PEN,Soles,2026-03-04T00:00:00-05:00
ocds-dgv273-seacev3-2026-1674-1,ocds-dgv273-seacev3-2026-1674-1-2026-03-26T10:13:07.556290-05:00,1186831-20406501133,117420.14,PEN,Soles,2026-02-18T00:00:00-05:00
ocds-dgv273-seacev3-1186786,ocds-dgv273-seacev3-1186786-2026-03-26T10:13:07.542548-05:00,1186786-20525166415,166483.0,PEN,Soles,2026-02-16T00:00:00-05:00
ocds-dgv273-seacev3-2026-1034-4,ocds-dgv273-seacev3-2026-1034-4-2026-03-26T10:13:07.522828-05:00,1185899-20494674352,3050210.44,PEN,Soles,2026-03-03T00:00:00-05:00
ocds-dgv273-seacev3-1186567,ocds-dgv273-seacev3-1186567-2026-03-26T10:13:07.188961-05:00,1186567-20609494809,274900.0,PEN,Soles,2026-02-16T00:00:00-05:00
ocds-dgv273-seacev3-1190425,ocds-dgv273-seacev3-1190425-2026-03-26T10:13:04.024772-05:00,1190425-20574773181,74162.0,PEN,Soles,2026-03-09T00:00:00-05:00
ocds-dgv273-seacev3-1188382,ocds-dgv273-seacev3-1188382-2026-03-26T10:13:03.915977-05:00,1188382-10250027082,169992.5,PEN,Soles,2026-03-04T00:00:00-05:00
ocds-dgv273-seacev3-1189864,ocds-dgv273-seacev3-1189864-2026-03-26T10:13:03.699968-05:00,1189864-20570639553,94120.0,PEN,Soles,2026-02-26T00:00:00-05:00
ocds-dgv273-seacev3-2026-10368-13,ocds-dgv273-seacev3-2026-10368-13-2026-03-26T10:13:03.683695-05:00,1189405-20601421357,60547.5,PEN,Soles,2026-03-09T00:00:00-05:00
ocds-dgv273-seacev3-1188776,ocds-dgv273-seacev3-1188776-2026-03-26T10:13:03.140813-05:00,1188776-20610502602,66000.0,PEN,Soles,2026-02-26T00:00:00-05:00
ocds-dgv273-seacev3-1190172,ocds-dgv273-seacev3-1190172-2026-03-26T10:13:01.533791-05:00,1190172-10707505449,12000.0,PEN,Nuevos Soles,2026-03-18T00:00:00-05:00
ocds-dgv273-seacev3-1190177,ocds-dgv273-seacev3-1190177-2026-03-26T10:13:01.124982-05:00,1190177-20609542005,79800.0,PEN,Soles,2026-03-02T00:00:00-05:00
ocds-dgv273-seacev3-1190224,ocds-dgv273-seacev3-1190224-2026-03-26T10:12:59.473137-05:00,1190224-1769981,146814.24,PEN,Soles,2026-03-09T00:00:00-05:00
ocds-dgv273-seacev3-1189126,ocds-dgv273-seacev3-1189126-2026-03-26T10:12:59.343393-05:00,1189126-20611258233,99650.0,PEN,Soles,2026-03-02T00:00:00-05:00
ocds-dgv273-seacev3-1191831,ocds-dgv273-seacev3-1191831-2026-03-26T10:12:59.040048-05:00,1191831-10471028296,24000.0,PEN,Soles,2026-03-18T00:00:00-05:00
ocds-dgv273-seacev3-1187194,ocds-dgv273-seacev3-1187194-2026-03-26T10:12:57.621097-05:00,1187194-10428288861,18000.0,PEN,Soles,2026-03-18T00:00:00-05:00
ocds-dgv273-seacev3-2026-10380-1,ocds-dgv273-seacev3-2026-10380-1-2026-03-26T10:12:57.550921-05:00,1187674-20561410578,417120.0,PEN,Soles,2026-02-20T00:00:00-05:00
ocds-dgv273-seacev3-1186728,ocds-dgv273-seacev3-1186728-2026-03-26T10:12:57.495296-05:00,1186728-20100287791,107250.0,PEN,Soles,2026-02-19T00:00:00-05:00
ocds-dgv273-seacev3-2026-1116-8,ocds-dgv273-seacev3-2026-1116-8-2026-03-26T10:12:57.456549-05:00,1186904-10453528796,90000.0,PEN,Soles,2026-02-24T00:00:00-05:00
ocds-dgv273-seacev3-2026-1108-1,ocds-dgv273-seacev3-2026-1108-1-2026-03-26T10:12:56.933336-05:00,1187088-20611902329,98576.57,PEN,Soles,2026-02-24T00:00:00-05:00
ocds-dgv273-seacev3-1187198,ocds-dgv273-seacev3-1187198-2026-03-26T10:12:56.806980-05:00,1187198-10478568601,18000.0,PEN,Soles,2026-03-18T00:00:00-05:00
ocds-dgv273-seacev3-2026-49-123,ocds-dgv273-seacev3-2026-49-123-2026-03-26T10:12:56.760100-05:00,1186971-20509860981,78240.42,PEN,Soles,2026-02-25T00:00:00-05:00
ocds-dgv273-seacev3-2026-10398-7,ocds-dgv273-seacev3-2026-10398-7-2026-03-26T10:12:53.201480-05:00,1190196-20571264421,325000.0,PEN,Soles,2026-03-06T00:00:00-05:00
ocds-dgv273-seacev3-1190556,ocds-dgv273-seacev3-1190556-2026-03-26T10:12:52.639133-05:00,1190556-10420344843,16000.0,PEN,Soles,2026-03-18T00:00:00-05:00
ocds-dgv273-seacev3-1190420,ocds-dgv273-seacev3-1190420-2026-03-26T10:12:52.434395-05:00,1190420-1769665,135348.0,PEN,Soles,2026-03-09T00:00:00-05:00
ocds-dgv273-seacev3-1192053,ocds-dgv273-seacev3-1192053-2026-03-26T10:12:52.236339-05:00,1192053-10734873956,3000.0,PEN,Soles,2026-03-10T00:00:00-05:00
ocds-dgv273-seacev3-1190263,ocds-dgv273-seacev3-1190263-2026-03-26T10:12:52.066302-05:00,1190263-10435267535,12000.0,PEN,Nuevos Soles,2026-03-18T00:00:00-05:00
ocds-dgv273-seacev3-2026-127816-1,ocds-dgv273-seacev3-2026-127816-1-2026-03-26T10:12:52.018997-05:00,1188481-20603966172,228900.0,PEN,Soles,2026-02-26T00:00:00-05:00
ocds-dgv273-seacev3-1191822,ocds-dgv273-seacev3-1191822-2026-03-26T10:12:51.844755-05:00,1191822-10438235979,24000.0,PEN,Soles,2026-03-18T00:00:00-05:00
ocds-dgv273-seacev3-1189795,ocds-dgv273-seacev3-1189795-2026-03-26T10:12:51.787784-05:00,1189795-20607438715,162002.3,PEN,Soles,2026-03-05T00:00:00-05:00
ocds-dgv273-seacev3-1189802,ocds-dgv273-seacev3-1189802-2026-03-26T10:12:51.048516-05:00,1189802-1769166,725097.62,PEN,Soles,2026-03-04T00:00:00-05:00
ocds-dgv273-seacev3-1189925,ocds-dgv273-seacev3-1189925-2026-03-26T10:12:50.988094-05:00,1189925-10457279189,18000.0,PEN,Nuevos Soles,2026-03-18T00:00:00-05:00
ocds-dgv273-seacev3-1191368,ocds-dgv273-seacev3-1191368-2026-03-26T10:12:50.096317-05:00,1191368-20602528261,98071.0,PEN,Soles,2026-03-09T00:00:00-05:00
ocds-dgv273-seacev3-1189899,ocds-dgv273-seacev3-1189899-2026-03-26T10:12:50.082004-05:00,1189899-10440429543,16000.0,PEN,Nuevos Soles,2026-03-18T00:00:00-05:00
ocds-dgv273-seacev3-1188385,ocds-dgv273-seacev3-1188385-2026-03-26T10:12:48.962723-05:00,1188385-1767777,140000.0,PEN,Soles,2026-03-05T00:00:00-05:00
ocds-dgv273-seacev3-2026-1952-32,ocds-dgv273-seacev3-2026-1952-32-2026-03-26T10:12:48.918191-05:00,1191661-10721780282,40000.0,PEN,Soles,2026-02-27T00:00:00-05:00
ocds-dgv273-seacev3-2026-1952-32,ocds-dgv273-seacev3-2026-1952-32-2026-03-26T10:12:48.918191-05:00,1191661-10731723031,40000.0,PEN,Soles,2026-02-27T00:00:00-05:00
ocds-dgv273-seacev3-1192092,ocds-dgv273-seacev3-1192092-2026-03-26T10:12:48.771456-05:00,1192092-10717927465,3000.0,PEN,Soles,2026-03-10T00:00:00-05:00
ocds-dgv273-seacev3-1189612,ocds-dgv273-seacev3-1189612-2026-03-26T10:12:48.132425-05:00,1189612-10467399174,12000.0,PEN,Soles,2026-03-18T00:00:00-05:00
ocds-dgv273-seacev3-2026-10249-52,ocds-dgv273-seacev3-2026-10249-52-2026-03-26T10:12:48.004705-05:00,1191958-20608099779,49900.0,PEN,Soles,2026-03-12T00:00:00-05:00
ocds-dgv273-seacev3-1188888,ocds-dgv273-seacev3-1188888-2026-03-26T10:12:47.990049-05:00,1188888-1768260,277545.8,PEN,Soles,2026-02-27T00:00:00-05:00
ocds-dgv273-seacev3-1189622,ocds-dgv273-seacev3-1189622-2026-03-26T10:12:47.467127-05:00,1189622-10459424798,16000.0,PEN,Nuevos Soles,2026-03-18T00:00:00-05:00
ocds-dgv273-seacev3-1187587,ocds-dgv273-seacev3-1187587-2026-03-26T10:12:47.222514-05:00,1187587-20445359476,3030476.0,PEN,Soles,2026-02-24T00:00:00-05:00
ocds-dgv273-seacev3-2026-1683-2,ocds-dgv273-seacev3-2026-1683-2-2026-03-26T10:12:47.167556-05:00,1187349-20405568773,138788.5,PEN,Soles,2026-02-25T00:00:00-05:00
ocds-dgv273-seacev3-1189497,ocds-dgv273-seacev3-1189497-2026-03-26T10:12:46.998552-05:00,1189497-1769541,7053702.0,PEN,Soles,2026-03-09T00:00:00-05:00
ocds-dgv273-seacev3-1188148,ocds-dgv273-seacev3-1188148-2026-03-26T10:12:46.680394-05:00,1188148-1767349,132000.0,PEN,Soles,2026-02-27T00:00:00-05:00
ocds-dgv273-seacev3-1187383,ocds-dgv273-seacev3-1187383-2026-03-26T10:12:46.162388-05:00,1187383-10444256279,87389.0,PEN,Soles,2026-02-19T00:00:00-05:00
ocds-dgv273-seacev3-1187189,ocds-dgv273-seacev3-1187189-2026-03-26T10:12:46.120464-05:00,1187189-1766927,484000.0,PEN,Soles,2026-02-25T00:00:00-05:00
ocds-dgv273-seacev3-1191043,ocds-dgv273-seacev3-1191043-2026-03-26T10:12:42.841922-05:00,1191043-10053699192,198000.0,PEN,Soles,2026-03-02T00:00:00-05:00
ocds-dgv273-seacev3-1191488,ocds-dgv273-seacev3-1191488-2026-03-26T10:12:42.352521-05:00,1191488-20614644312,66600.0,PEN,Soles,2026-03-09T00:00:00-05:00
ocds-dgv273-seacev3-1187351,ocds-dgv273-seacev3-1187351-2026-03-26T10:12:42.248989-05:00,1187351-20611258233,99800.0,PEN,Soles,2026-02-26T00:00:00-05:00
ocds-dgv273-seacev3-1190362,ocds-dgv273-seacev3-1190362-2026-03-26T10:12:42.023958-05:00,1190362-1769743,73920.0,PEN,Soles,2026-03-09T00:00:00-05:00
ocds-dgv273-seacev3-1190095,ocds-dgv273-seacev3-1190095-2026-03-26T10:12:41.916186-05:00,1190095-20607834955,105408.0,PEN,Soles,2026-03-09T00:00:00-05:00
ocds-dgv273-seacev3-1191412,ocds-dgv273-seacev3-1191412-2026-03-26T10:12:41.016441-05:00,1191412-10449073296,73085.0,PEN,Soles,2026-03-12T16:55:39-05:00
ocds-dgv273-seacev3-1190615,ocds-dgv273-seacev3-1190615-2026-03-26T10:12:40.547959-05:00,1190615-10720218017,2400.0,PEN,Soles,2026-03-06T00:00:00-05:00
ocds-dgv273-seacev3-1191905,ocds-dgv273-seacev3-1191905-2026-03-26T10:12:40.463712-05:00,1191905-10426327941,24000.0,PEN,Soles,2026-03-18T00:00:00-05:00
ocds-dgv273-seacev3-2026-1952-31,ocds-dgv273-seacev3-2026-1952-31-2026-03-26T10:12:40.305572-05:00,1193390-10411564113,40000.0,PEN,Soles,2026-03-09T00:00:00-05:00
ocds-dgv273-seacev3-2026-1952-31,ocds-dgv273-seacev3-2026-1952-31-2026-03-26T10:12:40.305572-05:00,1193390-10413960601,40000.0,PEN,Soles,2026-03-09T00:00:00-05:00
ocds-dgv273-seacev3-1189845,ocds-dgv273-seacev3-1189845-2026-03-26T10:12:39.517741-05:00,1189845-10730385086,5000.0,PEN,Soles,2026-03-04T00:00:00-05:00
ocds-dgv273-seacev3-2026-1155-1,ocds-dgv273-seacev3-2026-1155-1-2026-03-26T10:12:39.082805-05:00,1191048-20605210474,224331.43,PEN,Soles,2026-03-10T00:00:00-05:00
ocds-dgv273-seacev3-1189997,ocds-dgv273-seacev3-1189997-2026-03-26T10:12:38.266293-05:00,1189997-10406552077,272400.0,PEN,Soles,2026-03-06T00:00:00-05:00
ocds-dgv273-seacev3-1190333,ocds-dgv273-seacev3-1190333-2026-03-26T10:12:37.984317-05:00,1190333-10409302225,112762.0,PEN,Soles,2026-03-09T00:00:00-05:00
ocds-dgv273-seacev3-1187105,ocds-dgv273-seacev3-1187105-2026-03-26T10:12:37.080944-05:00,1187105-10756559236,18000.0,PEN,Soles,2026-03-18T00:00:00-05:00
ocds-dgv273-seacev3-1188431,ocds-dgv273-seacev3-1188431-2026-03-26T10:12:36.845570-05:00,1188431-20601397553,336800.0,PEN,Soles,2026-02-26T00:00:00-05:00
ocds-dgv273-seacev3-1185742,ocds-dgv273-seacev3-1185742-2026-03-26T10:12:36.588664-05:00,1185742-20100177341,99399.75,PEN,Soles,2026-02-10T00:00:00-05:00
ocds-dgv273-seacev3-1190418,ocds-dgv273-seacev3-1190418-2026-03-26T10:12:31.373165-05:00,1190418-20610850465,156643.0,PEN,Soles,2026-03-09T00:00:00-05:00
ocds-dgv273-seacev3-2026-2009-27,ocds-dgv273-seacev3-2026-2009-27-2026-03-26T10:12:30.888070-05:00,1188901-20527353786,98600.0,PEN,Soles,2026-03-03T00:00:00-05:00
ocds-dgv273-seacev3-2026-369-1,ocds-dgv273-seacev3-2026-369-1-2026-03-26T10:12:30.778283-05:00,1191046-20527590648,391440.0,PEN,Soles,2026-03-10T00:00:00-05:00
ocds-dgv273-seacev3-2026-1383-1,ocds-dgv273-seacev3-2026-1383-1-2026-03-26T10:12:30.166328-05:00,1190871-20534178418,191680.0,PEN,Soles,2026-03-09T00:00:00-05:00
ocds-dgv273-seacev3-2026-1735-23,ocds-dgv273-seacev3-2026-1735-23-2026-03-26T10:12:29.999757-05:00,1189310-10449912182,88190.0,PEN,Soles,2026-02-27T00:00:00-05:00
ocds-dgv273-seacev3-1191064,ocds-dgv273-seacev3-1191064-2026-03-26T10:12:28.663052-05:00,1191064-20448835546,68201.25,PEN,Soles,2026-03-03T00:00:00-05:00
ocds-dgv273-seacev3-1191220,ocds-dgv273-seacev3-1191220-2026-03-26T10:12:28.559064-05:00,1191220-10721980664,2400.0,PEN,Soles,2026-03-10T00:00:00-05:00
ocds-dgv273-seacev3-1190392,ocds-dgv273-seacev3-1190392-2026-03-26T10:12:27.654210-05:00,1190392-20610850465,82945.0,PEN,Soles,2026-03-09T00:00:00-05:00
ocds-dgv273-seacev3-1190560,ocds-dgv273-seacev3-1190560-2026-03-26T10:12:26.283482-05:00,1190560-20609792591,189760.0,PEN,Soles,2026-03-10T00:00:00-05:00
ocds-dgv273-seacev3-2026-740-11,ocds-dgv273-seacev3-2026-740-11-2026-03-26T10:12:25.438833-05:00,1188968-20491818922,519000.0,PEN,Soles,2026-02-26T00:00:00-05:00
ocds-dgv273-seacev3-1187019,ocds-dgv273-seacev3-1187019-2026-03-26T10:12:25.258955-05:00,1187019-20608794388,261390.36,PEN,Soles,2026-03-05T00:00:00-05:00
ocds-dgv273-seacev3-1186751,ocds-dgv273-seacev3-1186751-2026-03-26T10:12:24.634168-05:00,1186751-1766069,284985.61,PEN,Soles,2026-02-24T00:00:00-05:00
ocds-dgv273-seacev3-1189762,ocds-dgv273-seacev3-1189762-2026-03-25T10:13:47.815206-05:00,1189762-20525863728,84157.5,PEN,Soles,2026-03-02T15:13:07-05:00
ocds-dgv273-seacev3-2026-200430-1,ocds-dgv273-seacev3-2026-200430-1-2026-03-25T10:13:47.739431-05:00,1190416-10481026232,470376.0,PEN,Soles,2026-03-06T00:00:00-05:00
ocds-dgv273-seacev3-1189955,ocds-dgv273-seacev3-1189955-2026-03-25T10:13:47.234008-05:00,1189955-20606702362,87715.0,PEN,Soles,2026-03-05T00:00:00-05:00
ocds-dgv273-seacev3-2026-10521-1,ocds-dgv273-seacev3-2026-10521-1-2026-03-25T10:13:46.050624-05:00,1186474-20611468882,169700.0,PEN,Soles,2026-03-03T00:00:00-05:00
ocds-dgv273-seacev3-1189058,ocds-dgv273-seacev3-1189058-2026-03-25T10:13:45.892520-05:00,1189058-20511037001,157294.28,PEN,Soles,2026-03-04T00:00:00-05:00
ocds-dgv273-seacev3-1191294,ocds-dgv273-seacev3-1191294-2026-03-25T10:13:44.847692-05:00,1191294-20606579269,98890.0,PEN,Soles,2026-03-04T00:00:00-05:00
ocds-dgv273-seacev3-2026-519-1,ocds-dgv273-seacev3-2026-519-1-2026-03-25T10:13:43.936699-05:00,1187386-10282658955,179156.9,PEN,Soles,2026-02-19T00:00:00-05:00
ocds-dgv273-seacev3-1188945,ocds-dgv273-seacev3-1188945-2026-03-25T10:13:43.893028-05:00,1188945-20449458436,72066.0,PEN,Soles,2026-02-26T00:00:00-05:00
ocds-dgv273-seacev3-2026-654-1,ocds-dgv273-seacev3-2026-654-1-2026-03-25T10:13:43.731693-05:00,1187245-20539916379,62673.6,PEN,Soles,2026-02-20T00:00:00-05:00
ocds-dgv273-seacev3-2026-654-1,ocds-dgv273-seacev3-2026-654-1-2026-03-25T10:13:43.731693-05:00,1187245-20611861533,45738.88,PEN,Soles,2026-02-20T00:00:00-05:00
ocds-dgv273-seacev3-1188527,ocds-dgv273-seacev3-1188527-2026-03-25T10:13:43.674657-05:00,1188527-20448139981,83956.0,PEN,Soles,2026-03-02T00:00:00-05:00
ocds-dgv273-seacev3-1189134,ocds-dgv273-seacev3-1189134-2026-03-25T10:13:43.634933-05:00,1189134-20606525860,184240.0,PEN,Soles,2026-03-03T00:00:00-05:00
ocds-dgv273-seacev3-1189134,ocds-dgv273-seacev3-1189134-2026-03-25T10:13:43.634933-05:00,1189134-20609038404,223870.0,PEN,Soles,2026-03-03T00:00:00-05:00
ocds-dgv273-seacev3-1186636,ocds-dgv273-seacev3-1186636-2026-03-25T10:13:43.495708-05:00,1186636-20602386075,284974.55,PEN,Soles,2026-02-17T00:00:00-05:00
ocds-dgv273-seacev3-1188380,ocds-dgv273-seacev3-1188380-2026-03-25T10:13:43.443923-05:00,1188380-10429926471,447000.0,PEN,Soles,2026-02-27T00:00:00-05:00
ocds-dgv273-seacev3-2026-200426-3,ocds-dgv273-seacev3-2026-200426-3-2026-03-25T10:13:43.427412-05:00,1186066-20539658221,92972.8,PEN,Soles,2026-02-25T00:00:00-05:00
ocds-dgv273-seacev3-1186674,ocds-dgv273-seacev3-1186674-2026-03-25T10:13:42.892258-05:00,1186674-20601350387,148680.0,PEN,Soles,2026-02-24T00:00:00-05:00
ocds-dgv273-seacev3-1189413,ocds-dgv273-seacev3-1189413-2026-03-25T10:13:38.572657-05:00,1189413-20604045461,52098.6,PEN,Soles,2026-03-04T00:00:00-05:00
ocds-dgv273-seacev3-2026-807-1,ocds-dgv273-seacev3-2026-807-1-2026-03-25T10:13:38.557709-05:00,1188227-20600609166,342038.64,PEN,Soles,2026-03-02T00:00:00-05:00
ocds-dgv273-seacev3-2026-10211-6,ocds-dgv273-seacev3-2026-10211-6-2026-03-25T10:13:38.122554-05:00,1190836-10154013411,484468.0,PEN,Soles,2026-03-09T00:00:00-05:00
ocds-dgv273-seacev3-2026-200367-7,ocds-dgv273-seacev3-2026-200367-7-2026-03-25T10:13:38.108420-05:00,1190169-10311884706,67780.0,PEN,Soles,2026-03-04T00:00:00-05:00
ocds-dgv273-seacev3-1186545,ocds-dgv273-seacev3-1186545-2026-03-25T10:13:37.231156-05:00,1186545-20502257987,480263.0,PEN,Soles,2026-03-09T00:00:00-05:00
ocds-dgv273-seacev3-1189228,ocds-dgv273-seacev3-1189228-2026-03-25T10:13:36.334274-05:00,1189228-20608465775,232000.0,PEN,Soles,2026-03-02T00:00:00-05:00
ocds-dgv273-seacev3-1192155,ocds-dgv273-seacev3-1192155-2026-03-25T10:13:36.265647-05:00,1192155-20538959643,94995.88,PEN,Soles,2026-03-10T00:00:00-05:00
ocds-dgv273-seacev3-1187524,ocds-dgv273-seacev3-1187524-2026-03-25T10:13:34.240997-05:00,1187524-10180431379,1089066.0,PEN,Soles,2026-02-24T00:00:00-05:00
ocds-dgv273-seacev3-1188066,ocds-dgv273-seacev3-1188066-2026-03-25T10:13:34.090393-05:00,1188066-20542737469,138000.0,PEN,Soles,2026-02-24T10:57:36-05:00
ocds-dgv273-seacev3-2026-955-1,ocds-dgv273-seacev3-2026-955-1-2026-03-25T10:13:33.977539-05:00,1189060-20612295302,139401.0,PEN,Soles,2026-03-03T00:00:00-05:00
ocds-dgv273-seacev3-2026-271-1,ocds-dgv273-seacev3-2026-271-1-2026-03-25T10:13:33.871516-05:00,1186988-20539916379,73530.0,PEN,Soles,2026-02-24T00:00:00-05:00
ocds-dgv273-seacev3-2026-271-1,ocds-dgv273-seacev3-2026-271-1-2026-03-25T10:13:33.871516-05:00,1186988-20600907558,68143.5,PEN,Soles,2026-02-24T00:00:00-05:00
ocds-dgv273-seacev3-1186424,ocds-dgv273-seacev3-1186424-2026-03-25T10:13:33.762492-05:00,1186424-10803406907,221122.87,PEN,Soles,2026-02-25T00:00:00-05:00
ocds-dgv273-seacev3-2026-10249-58,ocds-dgv273-seacev3-2026-10249-58-2026-03-25T10:13:30.121882-05:00,1190051-20610132783,71014.9,PEN,Soles,2026-03-09T00:00:00-05:00
ocds-dgv273-seacev3-1190074,ocds-dgv273-seacev3-1190074-2026-03-25T10:13:29.784535-05:00,1190074-10727999561,2400.0,PEN,Soles,2026-03-03T00:00:00-05:00
ocds-dgv273-seacev3-2026-815-12,ocds-dgv273-seacev3-2026-815-12-2026-03-25T10:13:29.501893-05:00,1189213-20527590648,192057.6,PEN,Soles,2026-03-04T00:00:00-05:00
ocds-dgv273-seacev3-1190644,ocds-dgv273-seacev3-1190644-2026-03-25T10:13:29.081835-05:00,1190644-20612005690,79400.0,PEN,Soles,2026-03-02T00:00:00-05:00
ocds-dgv273-seacev3-2026-1635-2,ocds-dgv273-seacev3-2026-1635-2-2026-03-25T10:13:29.050808-05:00,1189267-20532076774,357123.0,PEN,Soles,2026-03-04T00:00:00-05:00
ocds-dgv273-seacev3-1191239,ocds-dgv273-seacev3-1191239-2026-03-25T10:13:26.313412-05:00,1191239-10469462116,89008.4,PEN,Soles,2026-03-03T00:00:00-05:00
ocds-dgv273-seacev3-1190657,ocds-dgv273-seacev3-1190657-2026-03-25T10:13:26.298916-05:00,1190657-10248039880,60453.0,PEN,Soles,2026-03-09T00:00:00-05:00
ocds-dgv273-seacev3-2026-10249-51,ocds-dgv273-seacev3-2026-10249-51-2026-03-25T10:13:25.961899-05:00,1191761-1770378,88929.0,PEN,Soles,2026-03-12T00:00:00-05:00
ocds-dgv273-seacev3-2026-1337-7,ocds-dgv273-seacev3-2026-1337-7-2026-03-25T10:13:25.562879-05:00,1191545-20513345748,134400.0,PEN,Soles,2026-03-13T00:00:00-05:00
ocds-dgv273-seacev3-1190223,ocds-dgv273-seacev3-1190223-2026-03-25T10:13:25.445158-05:00,1190223-20609319071,129570.49,PEN,Soles,2026-03-04T00:00:00-05:00
ocds-dgv273-seacev3-2026-1839-2,ocds-dgv273-seacev3-2026-1839-2-2026-03-25T10:13:24.548822-05:00,1189083-20603773676,66355.2,PEN,Soles,2026-03-09T00:00:00-05:00
ocds-dgv273-seacev3-1186226,ocds-dgv273-seacev3-1186226-2026-03-25T10:13:24.310911-05:00,1186226-20603823363,159016.0,PEN,Soles,2026-02-16T00:00:00-05:00
ocds-dgv273-seacev3-1189157,ocds-dgv273-seacev3-1189157-2026-03-25T10:13:20.245301-05:00,1189157-20613003747,510000.0,PEN,Soles,2026-03-05T00:00:00-05:00
ocds-dgv273-seacev3-1191612,ocds-dgv273-seacev3-1191612-2026-03-25T10:13:19.564624-05:00,1191612-10072682641,91992.0,PEN,Soles,2026-03-04T00:00:00-05:00
ocds-dgv273-seacev3-1190325,ocds-dgv273-seacev3-1190325-2026-03-25T10:13:19.481886-05:00,1190325-20525863728,52663.8,PEN,Soles,2026-03-04T00:00:00-05:00
ocds-dgv273-seacev3-2026-1615-1,ocds-dgv273-seacev3-2026-1615-1-2026-03-25T10:13:19.395988-05:00,1189680-20613199838,158000.0,PEN,Soles,2026-03-02T00:00:00-05:00
ocds-dgv273-seacev3-2026-163-1,ocds-dgv273-seacev3-2026-163-1-2026-03-25T10:13:19.043280-05:00,1191298-20530880746,136020.96,PEN,Soles,2026-03-16T00:00:00-05:00
ocds-dgv273-seacev3-2026-10249-50,ocds-dgv273-seacev3-2026-10249-50-2026-03-25T10:13:16.101900-05:00,1192075-1770377,60957.0,PEN,Soles,2026-03-11T20:47:54-05:00
ocds-dgv273-seacev3-1190875,ocds-dgv273-seacev3-1190875-2026-03-25T10:13:16.057078-05:00,1190875-10108687881,1008000.0,PEN,Soles,2026-03-09T00:00:00-05:00
ocds-dgv273-seacev3-2026-970-1,ocds-dgv273-seacev3-2026-970-1-2026-03-25T10:13:15.650583-05:00,1188693-20610617183,237378.0,PEN,Soles,2026-03-04T00:00:00-05:00
ocds-dgv273-seacev3-1186605,ocds-dgv273-seacev3-1186605-2026-03-25T10:13:14.241160-05:00,1186605-10479307445,226000.0,PEN,Soles,2026-02-24T00:00:00-05:00
ocds-dgv273-seacev3-2026-13-25,ocds-dgv273-seacev3-2026-13-25-2026-03-25T10:13:14.204829-05:00,1186569-20507634479,131776.0,PEN,Soles,2026-02-27T00:00:00-05:00
ocds-dgv273-seacev3-2026-200369-3,ocds-dgv273-seacev3-2026-200369-3-2026-03-25T10:13:14.116496-05:00,1187060-20610471685,62300.0,PEN,Soles,2026-02-24T00:00:00-05:00
ocds-dgv273-seacev3-1188657,ocds-dgv273-seacev3-1188657-2026-03-25T10:13:13.975670-05:00,1188657-20608764179,197340.0,PEN,Soles,2026-03-03T00:00:00-05:00
ocds-dgv273-seacev3-2026-878-5,ocds-dgv273-seacev3-2026-878-5-2026-03-25T10:13:09.378513-05:00,1190846-20494224748,60071.88,PEN,Soles,2026-03-06T00:00:00-05:00
ocds-dgv273-seacev3-2026-1075-1,ocds-dgv273-seacev3-2026-1075-1-2026-03-25T10:13:08.905347-05:00,1191751-20611902329,52915.2,PEN,Soles,2026-03-11T00:00:00-05:00
ocds-dgv273-seacev3-2026-200374-1,ocds-dgv273-seacev3-2026-200374-1-2026-03-25T10:13:08.703570-05:00,1189093-20604290881,60638.14,PEN,Soles,2026-03-04T00:00:00-05:00
ocds-dgv273-seacev3-2026-1719-7,ocds-dgv273-seacev3-2026-1719-7-2026-03-25T10:13:08.328680-05:00,1189482-20601927111,57620.0,PEN,Soles,2026-03-04T00:00:00-05:00
ocds-dgv273-seacev3-1191683,ocds-dgv273-seacev3-1191683-2026-03-25T10:13:08.064747-05:00,1191683-20610767568,56400.0,PEN,Soles,2026-03-04T00:00:00-05:00
ocds-dgv273-seacev3-1191137,ocds-dgv273-seacev3-1191137-2026-03-25T10:13:07.546763-05:00,1191137-10715603093,2400.0,PEN,Soles,2026-03-06T00:00:00-05:00
ocds-dgv273-seacev3-1189943,ocds-dgv273-seacev3-1189943-2026-03-25T10:13:06.603448-05:00,1189943-20128232584,119991.0,PEN,Soles,2026-03-13T00:00:00-05:00
ocds-dgv273-seacev3-1189661,ocds-dgv273-seacev3-1189661-2026-03-25T10:13:06.507925-05:00,1189661-10410828184,215960.93,PEN,Soles,2026-03-02T19:07:40-05:00
ocds-dgv273-seacev3-1190574,ocds-dgv273-seacev3-1190574-2026-03-25T10:13:06.150694-05:00,1190574-20609301750,57855.0,PEN,Soles,2026-03-02T00:00:00-05:00
ocds-dgv273-seacev3-1189525,ocds-dgv273-seacev3-1189525-2026-03-25T10:13:05.786323-05:00,1189525-20603818394,84000.0,PEN,Soles,2026-03-09T00:00:00-05:00
ocds-dgv273-seacev3-1188323,ocds-dgv273-seacev3-1188323-2026-03-25T10:13:05.601582-05:00,1188323-20449458436,140666.0,PEN,Soles,2026-02-25T17:25:24-05:00
ocds-dgv273-seacev3-2026-251427-10,ocds-dgv273-seacev3-2026-251427-10-2026-03-25T10:13:03.829477-05:00,1188124-20601650160,59000.0,PEN,Soles,2026-02-27T00:00:00-05:00
ocds-dgv273-seacev3-1186461,ocds-dgv273-seacev3-1186461-2026-03-25T10:13:03.774174-05:00,1186461-20612278840,68000.0,PEN,Soles,2026-03-02T00:00:00-05:00
ocds-dgv273-seacev3-1186353,ocds-dgv273-seacev3-1186353-2026-03-25T10:13:03.747245-05:00,1186353-10104560658,325900.0,PEN,Soles,2026-02-12T00:00:00-05:00
ocds-dgv273-seacev3-2026-1695-4,ocds-dgv273-seacev3-2026-1695-4-2026-03-25T10:13:03.244024-05:00,1186471-20511037001,98595.0,PEN,Soles,2026-02-16T10:55:19-05:00
ocds-dgv273-seacev3-2026-1695-5,ocds-dgv273-seacev3-2026-1695-5-2026-03-25T10:13:03.022809-05:00,1186488-20511037001,70675.0,PEN,Soles,2026-02-16T10:21:03-05:00
ocds-dgv273-seacev3-2026-200367-3,ocds-dgv273-seacev3-2026-200367-3-2026-03-25T10:13:03.003246-05:00,1186346-20490040952,69000.0,PEN,Soles,2026-02-13T00:00:00-05:00
ocds-dgv273-seacev3-2026-200367-3,ocds-dgv273-seacev3-2026-200367-3-2026-03-25T10:13:03.003246-05:00,1186346-10414102641,71800.0,PEN,Soles,2026-02-13T00:00:00-05:00
ocds-dgv273-seacev3-2026-2009-61,ocds-dgv273-seacev3-2026-2009-61-2026-03-25T10:12:59.318880-05:00,1190345-20511037001,209215.0,PEN,Soles,2026-03-05T00:00:00-05:00
ocds-dgv273-seacev3-2026-168715-7,ocds-dgv273-seacev3-2026-168715-7-2026-03-25T10:12:57.980796-05:00,1190572-10248039880,55570.0,PEN,Soles,2026-03-09T00:00:00-05:00
ocds-dgv273-seacev3-1190083,ocds-dgv273-seacev3-1190083-2026-03-25T10:12:57.901915-05:00,1190083-10465319661,2400.0,PEN,Soles,2026-03-03T00:00:00-05:00
ocds-dgv273-seacev3-1192195,ocds-dgv273-seacev3-1192195-2026-03-25T10:12:57.816836-05:00,1192195-20609494582,62700.0,PEN,Soles,2026-03-06T00:00:00-05:00
ocds-dgv273-seacev3-1190606,ocds-dgv273-seacev3-1190606-2026-03-25T10:12:57.614675-05:00,1190606-20602201831,80960.8,PEN,Soles,2026-03-02T00:00:00-05:00
ocds-dgv273-seacev3-2026-47-14,ocds-dgv273-seacev3-2026-47-14-2026-03-25T10:12:55.520935-05:00,1188115-20524671876,477600.0,PEN,Soles,2026-02-27T00:00:00-05:00
ocds-dgv273-seacev3-1186763,ocds-dgv273-seacev3-1186763-2026-03-25T10:12:54.206056-05:00,1186763-1766495,1357488.08,PEN,Soles,2026-02-19T00:00:00-05:00
ocds-dgv273-seacev3-2026-251427-11,ocds-dgv273-seacev3-2026-251427-11-2026-03-25T10:12:53.309095-05:00,1187536-20137551161,151692.62,PEN,Soles,2026-02-26T00:00:00-05:00
ocds-dgv273-seacev3-1187343,ocds-dgv273-seacev3-1187343-2026-03-25T10:12:53.294569-05:00,1187343-20606518448,337000.0,PEN,Soles,2026-02-25T00:00:00-05:00
ocds-dgv273-seacev3-1187499,ocds-dgv273-seacev3-1187499-2026-03-25T10:12:53.182680-05:00,1187499-1767111,1216098.63,PEN,Soles,2026-02-25T00:00:00-05:00
ocds-dgv273-seacev3-2026-519-4,ocds-dgv273-seacev3-2026-519-4-2026-03-25T10:12:50.187673-05:00,1187416-20612272060,133660.0,PEN,Soles,2026-02-23T00:00:00-05:00
ocds-dgv273-seacev3-1195205,ocds-dgv273-seacev3-1195205-2026-03-25T10:12:48.269579-05:00,1195205-1770739,516256.45,PEN,Soles,2026-03-11T00:00:00-05:00
ocds-dgv273-seacev3-1188892,ocds-dgv273-seacev3-1188892-2026-03-25T10:12:47.666644-05:00,1188892-20601373581,92880.0,PEN,Soles,2026-03-04T00:00:00-05:00
ocds-dgv273-seacev3-2026-200374-10,ocds-dgv273-seacev3-2026-200374-10-2026-03-25T10:12:47.595358-05:00,1189367-20488961382,47686.44,PEN,Soles,2026-03-03T00:00:00-05:00
ocds-dgv273-seacev3-2026-10249-59,ocds-dgv273-seacev3-2026-10249-59-2026-03-25T10:12:47.540457-05:00,1189844-20610132783,52291.8,PEN,Soles,2026-03-09T00:00:00-05:00
ocds-dgv273-seacev3-1190913,ocds-dgv273-seacev3-1190913-2026-03-25T10:12:45.886660-05:00,1190913-20487884163,305590.54,PEN,Soles,2026-03-09T00:00:00-05:00
ocds-dgv273-seacev3-1190190,ocds-dgv273-seacev3-1190190-2026-03-25T10:12:45.755369-05:00,1190190-20610999264,62500.0,PEN,Soles,2026-03-02T00:00:00-05:00
ocds-dgv273-seacev3-1188947,ocds-dgv273-seacev3-1188947-2026-03-25T10:12:43.459866-05:00,1188947-20605233288,190866.12,PEN,Soles,2026-02-27T00:00:00-05:00
ocds-dgv273-seacev3-1188866,ocds-dgv273-seacev3-1188866-2026-03-25T10:12:42.970205-05:00,1188866-20552702523,170558.0,PEN,Soles,2026-02-27T00:00:00-05:00
ocds-dgv273-seacev3-1188528,ocds-dgv273-seacev3-1188528-2026-03-25T10:12:42.718849-05:00,1188528-20613128019,123900.0,PEN,Soles,2026-03-02T00:00:00-05:00
ocds-dgv273-seacev3-2026-49-88,ocds-dgv273-seacev3-2026-49-88-2026-03-25T10:12:42.619359-05:00,1188111-20608459007,70464.0,PEN,Soles,2026-03-02T00:00:00-05:00
ocds-dgv273-seacev3-2026-795-3,ocds-dgv273-seacev3-2026-795-3-2026-03-25T10:12:42.071914-05:00,1187801-20601801371,61154.77,PEN,Soles,2026-02-27T00:00:00-05:00
ocds-dgv273-seacev3-2026-1649-1,ocds-dgv273-seacev3-2026-1649-1-2026-03-25T10:12:42.057578-05:00,1186693-20406501133,455613.33,PEN,Soles,2026-02-24T00:00:00-05:00
ocds-dgv273-seacev3-2026-1376-1,ocds-dgv273-seacev3-2026-1376-1-2026-03-25T10:12:41.973832-05:00,1187373-20601021642,141795.0,PEN,Soles,2026-03-05T00:00:00-05:00
ocds-dgv273-seacev3-2026-1137-1,ocds-dgv273-seacev3-2026-1137-1-2026-03-24T09:50:24.242972-05:00,1191484-20601351481,60192.0,PEN,Soles,2026-03-09T21:52:29-05:00
ocds-dgv273-seacev3-2026-433-3,ocds-dgv273-seacev3-2026-433-3-2026-03-24T09:50:23.734672-05:00,1189825-20558248867,317412.3,PEN,Soles,2026-03-03T00:00:00-05:00
ocds-dgv273-seacev3-1189391,ocds-dgv273-seacev3-1189391-2026-03-24T09:50:20.047110-05:00,1189391-20608388100,52538.0,PEN,Soles,2026-03-03T00:00:00-05:00
ocds-dgv273-seacev3-2026-169-1,ocds-dgv273-seacev3-2026-169-1-2026-03-24T09:50:19.222316-05:00,1186389-20531068549,66981.0,PEN,Soles,2026-02-16T00:00:00-05:00
ocds-dgv273-seacev3-1191978,ocds-dgv273-seacev3-1191978-2026-03-22T10:01:47.557016-05:00,1191978-20609709210,99986.0,PEN,Soles,2026-03-05T00:00:00-05:00
ocds-dgv273-seacev3-2026-10141-32,ocds-dgv273-seacev3-2026-10141-32-2026-03-22T10:01:45.487505-05:00,1189453-20613300911,99500.0,PEN,Soles,2026-03-03T00:00:00-05:00
ocds-dgv273-seacev3-1194736,ocds-dgv273-seacev3-1194736-2026-03-22T10:01:44.244029-05:00,1194736-10458460421,30000.0,PEN,Soles,2026-03-12T00:00:00-05:00
ocds-dgv273-seacev3-1189359,ocds-dgv273-seacev3-1189359-2026-03-22T10:01:44.084401-05:00,1189359-20574690219,119599.08,PEN,Soles,2026-03-02T00:00:00-05:00
ocds-dgv273-seacev3-2026-10508-2,ocds-dgv273-seacev3-2026-10508-2-2026-03-22T10:01:43.632730-05:00,1189080-20601386586,119840.0,PEN,Soles,2026-03-12T00:00:00-05:00
ocds-dgv273-seacev3-2026-51-81,ocds-dgv273-seacev3-2026-51-81-2026-03-22T10:01:42.820363-05:00,1188451-20532639841,139535.0,PEN,Soles,2026-02-27T11:59:59-05:00
ocds-dgv273-seacev3-1189719,ocds-dgv273-seacev3-1189719-2026-03-22T10:01:42.554955-05:00,1189719-20613523767,44999.7,PEN,Soles,2026-03-02T19:38:31-05:00
ocds-dgv273-seacev3-2026-552-5,ocds-dgv273-seacev3-2026-552-5-2026-03-22T10:01:42.256513-05:00,1188328-20609243407,80000.0,PEN,Soles,2026-03-03T17:14:57-05:00
ocds-dgv273-seacev3-1186805,ocds-dgv273-seacev3-1186805-2026-03-22T10:01:42.065173-05:00,1186805-20452440831,281530.0,PEN,Soles,2026-02-19T00:00:00-05:00
ocds-dgv273-seacev3-1188865,ocds-dgv273-seacev3-1188865-2026-03-22T10:01:41.924463-05:00,1188865-1768756,938036.1,PEN,Soles,2026-03-04T00:00:00-05:00
ocds-dgv273-seacev3-1186046,ocds-dgv273-seacev3-1186046-2026-03-22T10:01:41.556719-05:00,1186046-20523061837,114280.0,PEN,Soles,2026-03-12T00:00:00-05:00
ocds-dgv273-seacev3-1190144,ocds-dgv273-seacev3-1190144-2026-03-22T10:01:38.499169-05:00,1190144-1769573,529941.58,PEN,Soles,2026-03-06T00:00:00-05:00
ocds-dgv273-seacev3-1189758,ocds-dgv273-seacev3-1189758-2026-03-22T10:01:38.023200-05:00,1189758-20494791235,47868.0,PEN,Soles,2026-03-03T00:00:00-05:00
ocds-dgv273-seacev3-1190796,ocds-dgv273-seacev3-1190796-2026-03-22T10:01:37.953468-05:00,1190796-10424408595,124147.5,PEN,Soles,2026-03-11T00:00:00-05:00
ocds-dgv273-seacev3-1190818,ocds-dgv273-seacev3-1190818-2026-03-22T10:01:36.946588-05:00,1190818-20600332270,59700.0,PEN,Soles,2026-03-06T00:00:00-05:00
ocds-dgv273-seacev3-2026-51041-3,ocds-dgv273-seacev3-2026-51041-3-2026-03-22T10:01:36.766823-05:00,1190857-20527637628,90400.0,PEN,Soles,2026-03-09T00:00:00-05:00
ocds-dgv273-seacev3-2026-1807-2,ocds-dgv273-seacev3-2026-1807-2-2026-03-22T10:01:35.217782-05:00,1189198-20601638658,48000.0,PEN,Soles,2026-02-27T00:00:00-05:00
ocds-dgv273-seacev3-1188367,ocds-dgv273-seacev3-1188367-2026-03-22T10:01:34.924685-05:00,1188367-20530967434,100440.0,PEN,Soles,2026-03-05T00:00:00-05:00
ocds-dgv273-seacev3-1189960,ocds-dgv273-seacev3-1189960-2026-03-22T10:01:34.631613-05:00,1189960-20404553292,132054.3,PEN,Soles,2026-03-05T00:00:00-05:00
ocds-dgv273-seacev3-2026-10543-4,ocds-dgv273-seacev3-2026-10543-4-2026-03-22T10:01:33.042514-05:00,1188613-20601997577,96109.94,PEN,Soles,2026-02-26T00:00:00-05:00
ocds-dgv273-seacev3-2026-1807-3,ocds-dgv273-seacev3-2026-1807-3-2026-03-22T10:01:32.911562-05:00,1188934-10462452301,64915.2,PEN,Soles,2026-03-02T00:00:00-05:00
ocds-dgv273-seacev3-1187059,ocds-dgv273-seacev3-1187059-2026-03-22T10:01:32.854722-05:00,1187059-20573029764,3736187.5,PEN,Soles,2026-02-20T00:00:00-05:00
ocds-dgv273-seacev3-1188333,ocds-dgv273-seacev3-1188333-2026-03-22T10:01:32.816460-05:00,1188333-20549643231,4846154.66,PEN,Soles,2026-02-19T00:00:00-05:00
ocds-dgv273-seacev3-2026-200367-12,ocds-dgv273-seacev3-2026-200367-12-2026-03-22T10:01:32.673522-05:00,1186383-1765484,179000.0,PEN,Soles,2026-02-12T00:00:00-05:00
ocds-dgv273-seacev3-2026-200367-12,ocds-dgv273-seacev3-2026-200367-12-2026-03-22T10:01:32.673522-05:00,1186383-10421612205,210000.0,PEN,Soles,2026-02-12T00:00:00-05:00
ocds-dgv273-seacev3-1185397,ocds-dgv273-seacev3-1185397-2026-03-22T10:01:32.269955-05:00,1185397-20602522998,258489.6,PEN,Soles,2026-02-24T00:00:00-05:00
ocds-dgv273-seacev3-2026-615-1,ocds-dgv273-seacev3-2026-615-1-2026-03-22T10:01:32.248707-05:00,1185315-20600907558,208242.81,PEN,Soles,2026-03-05T00:00:00-05:00
ocds-dgv273-seacev3-2026-1485-2,ocds-dgv273-seacev3-2026-1485-2-2026-03-22T10:01:32.078304-05:00,1186821-1766256,1887325.67,PEN,Soles,2026-02-19T00:00:00-05:00
ocds-dgv273-seacev3-1188376,ocds-dgv273-seacev3-1188376-2026-03-22T10:01:28.469691-05:00,1188376-1767663,389315.62,PEN,Soles,2026-02-25T00:00:00-05:00
ocds-dgv273-seacev3-2026-552-6,ocds-dgv273-seacev3-2026-552-6-2026-03-22T10:01:27.464127-05:00,1188383-20527637628,64350.0,PEN,Soles,2026-03-03T17:07:18-05:00
ocds-dgv273-seacev3-2026-10247-144,ocds-dgv273-seacev3-2026-10247-144-2026-03-22T10:01:27.344303-05:00,1190233-20605859420,52350.0,PEN,Soles,2026-02-27T00:00:00-05:00
ocds-dgv273-seacev3-2026-10457-14,ocds-dgv273-seacev3-2026-10457-14-2026-03-22T10:01:26.869218-05:00,1190119-20486990067,53808.0,PEN,Soles,2026-03-06T00:00:00-05:00
ocds-dgv273-seacev3-1189606,ocds-dgv273-seacev3-1189606-2026-03-22T10:01:26.855808-05:00,1189606-10040526850,110000.0,PEN,Soles,2026-02-24T00:00:00-05:00
ocds-dgv273-seacev3-2026-200014-2,ocds-dgv273-seacev3-2026-200014-2-2026-03-22T10:01:24.938359-05:00,1189363-20507634479,287280.0,PEN,Soles,2026-03-04T00:00:00-05:00
ocds-dgv273-seacev3-1189766,ocds-dgv273-seacev3-1189766-2026-03-22T10:01:23.828024-05:00,1189766-20564146065,94500.0,PEN,Soles,2026-02-27T00:00:00-05:00
ocds-dgv273-seacev3-2026-10543-3,ocds-dgv273-seacev3-2026-10543-3-2026-03-22T10:01:23.493821-05:00,1188363-10024304359,59704.0,PEN,Soles,2026-02-27T00:00:00-05:00
ocds-dgv273-seacev3-2026-552-7,ocds-dgv273-seacev3-2026-552-7-2026-03-22T10:01:23.476272-05:00,1188393-20527637628,55800.0,PEN,Soles,2026-03-02T00:00:00-05:00
ocds-dgv273-seacev3-1187316,ocds-dgv273-seacev3-1187316-2026-03-22T10:01:23.385178-05:00,1187316-20338570041,231300.0,PEN,Soles,2026-02-20T00:00:00-05:00
ocds-dgv273-seacev3-2026-10457-18,ocds-dgv273-seacev3-2026-10457-18-2026-03-22T10:01:23.343210-05:00,1189020-20600150937,45000.0,PEN,Soles,2026-02-27T00:00:00-05:00
ocds-dgv273-seacev3-1187884,ocds-dgv273-seacev3-1187884-2026-03-22T10:01:22.629615-05:00,1187884-20551648436,260360.0,PEN,Soles,2026-03-03T00:00:00-05:00
ocds-dgv273-seacev3-2026-878-1,ocds-dgv273-seacev3-2026-878-1-2026-03-22T10:01:22.619900-05:00,1186579-20613363379,73805.0,PEN,Soles,2026-02-16T00:00:00-05:00
ocds-dgv273-seacev3-2026-10398-6,ocds-dgv273-seacev3-2026-10398-6-2026-03-22T10:01:22.603840-05:00,1186892-20606916150,255032.0,PEN,Soles,2026-02-27T00:00:00-05:00
ocds-dgv273-seacev3-2026-1572-1,ocds-dgv273-seacev3-2026-1572-1-2026-03-22T10:01:22.562516-05:00,1187531-20611902329,74955.7,PEN,Soles,2026-02-23T00:00:00-05:00
ocds-dgv273-seacev3-2026-10180-2,ocds-dgv273-seacev3-2026-10180-2-2026-03-22T10:01:18.779593-05:00,1189938-20507634479,287873.13,PEN,Soles,2026-03-04T00:00:00-05:00
ocds-dgv273-seacev3-1188655,ocds-dgv273-seacev3-1188655-2026-03-22T10:01:18.693179-05:00,1188655-20607954837,242700.84,PEN,Soles,2026-02-20T00:00:00-05:00
ocds-dgv273-seacev3-1190639,ocds-dgv273-seacev3-1190639-2026-03-22T10:01:16.987115-05:00,1190639-20614121107,91367.4,PEN,Soles,2026-03-02T00:00:00-05:00
ocds-dgv273-seacev3-1190269,ocds-dgv273-seacev3-1190269-2026-03-22T10:01:16.631882-05:00,1190269-20209981484,179100.0,PEN,Soles,2026-03-10T00:00:00-05:00
ocds-dgv273-seacev3-2026-1952-44,ocds-dgv273-seacev3-2026-1952-44-2026-03-22T10:01:16.539821-05:00,1191621-10440151723,48000.0,PEN,Soles,2026-02-27T00:00:00-05:00
ocds-dgv273-seacev3-1187755,ocds-dgv273-seacev3-1187755-2026-03-22T10:01:15.927022-05:00,1187755-20606285508,1175442.84,PEN,Soles,2026-02-24T00:00:00-05:00
ocds-dgv273-seacev3-2026-1289-2,ocds-dgv273-seacev3-2026-1289-2-2026-03-22T10:01:14.470617-05:00,1189352-20609270544,114796.5,PEN,Soles,2026-03-02T00:00:00-05:00
ocds-dgv273-seacev3-1189316,ocds-dgv273-seacev3-1189316-2026-03-22T10:01:13.649006-05:00,1189316-20600435702,176352.48,PEN,Soles,2026-03-20T00:00:00-05:00
ocds-dgv273-seacev3-2026-200014-15,ocds-dgv273-seacev3-2026-200014-15-2026-03-22T10:01:13.532039-05:00,1189659-20511037001,208543.0,PEN,Soles,2026-03-03T00:00:00-05:00
ocds-dgv273-seacev3-1188251,ocds-dgv273-seacev3-1188251-2026-03-22T10:01:12.868670-05:00,1188251-20559219119,238350.0,PEN,Soles,2026-02-27T00:00:00-05:00
ocds-dgv273-seacev3-1186283,ocds-dgv273-seacev3-1186283-2026-03-22T10:01:12.181651-05:00,1186283-20603569271,60000.0,PEN,Soles,2026-02-18T00:00:00-05:00
ocds-dgv273-seacev3-1192081,ocds-dgv273-seacev3-1192081-2026-03-21T10:10:07.071220-05:00,1192081-10458471083,137000.0,PEN,Soles,2026-03-16T00:00:00-05:00
ocds-dgv273-seacev3-2026-1852-32,ocds-dgv273-seacev3-2026-1852-32-2026-03-21T10:10:06.701834-05:00,1190993-20533180613,52700.0,PEN,Soles,2026-03-03T00:00:00-05:00
ocds-dgv273-seacev3-2026-1877-3,ocds-dgv273-seacev3-2026-1877-3-2026-03-21T10:10:06.419594-05:00,1189874-10456359090,334769.11,PEN,Soles,2026-03-04T00:00:00-05:00
ocds-dgv273-seacev3-2026-1877-1,ocds-dgv273-seacev3-2026-1877-1-2026-03-21T10:10:06.404737-05:00,1189820-10456359090,149705.1,PEN,Soles,2026-03-04T00:00:00-05:00
ocds-dgv273-seacev3-2026-1722-1,ocds-dgv273-seacev3-2026-1722-1-2026-03-21T10:10:06.313139-05:00,1189597-20601927111,219892.4,PEN,Soles,2026-03-05T00:00:00-05:00
ocds-dgv273-seacev3-1191431,ocds-dgv273-seacev3-1191431-2026-03-21T10:10:03.462072-05:00,1191431-20609316609,78691.0,PEN,Soles,2026-03-04T00:00:00-05:00
ocds-dgv273-seacev3-2026-10249-12,ocds-dgv273-seacev3-2026-10249-12-2026-03-21T10:10:03.021068-05:00,1189537-20601697913,102400.0,PEN,Soles,2026-03-05T00:00:00-05:00
ocds-dgv273-seacev3-1186041,ocds-dgv273-seacev3-1186041-2026-03-21T10:10:02.823927-05:00,1186041-10055935462,100000.0,PEN,Soles,2026-03-06T00:00:00-05:00
ocds-dgv273-seacev3-1190182,ocds-dgv273-seacev3-1190182-2026-03-21T10:10:02.783965-05:00,1190182-20491818922,70430.8,PEN,Soles,2026-03-04T23:09:17-05:00
ocds-dgv273-seacev3-1188364,ocds-dgv273-seacev3-1188364-2026-03-21T10:10:00.994714-05:00,1188364-10444256279,85410.0,PEN,Soles,2026-02-25T00:00:00-05:00
ocds-dgv273-seacev3-2026-10247-139,ocds-dgv273-seacev3-2026-10247-139-2026-03-21T10:10:00.822257-05:00,1188021-1768534,178950.0,PEN,Soles,2026-03-04T00:00:00-05:00
ocds-dgv273-seacev3-2026-10247-139,ocds-dgv273-seacev3-2026-10247-139-2026-03-21T10:10:00.822257-05:00,1188021-20517204073,79890.0,PEN,Soles,2026-03-04T00:00:00-05:00
ocds-dgv273-seacev3-2026-10247-139,ocds-dgv273-seacev3-2026-10247-139-2026-03-21T10:10:00.822257-05:00,1188021-20563021587,160480.0,PEN,Soles,2026-03-04T00:00:00-05:00
ocds-dgv273-seacev3-1188126,ocds-dgv273-seacev3-1188126-2026-03-21T10:10:00.574400-05:00,1188126-10225272340,77000.0,PEN,Soles,2026-03-04T00:00:00-05:00
ocds-dgv273-seacev3-1188126,ocds-dgv273-seacev3-1188126-2026-03-21T10:10:00.574400-05:00,1188126-10454445339,77000.0,PEN,Soles,2026-03-04T00:00:00-05:00
ocds-dgv273-seacev3-1188126,ocds-dgv273-seacev3-1188126-2026-03-21T10:10:00.574400-05:00,1188126-10469412097,55000.0,PEN,Soles,2026-03-04T00:00:00-05:00
ocds-dgv273-seacev3-1188126,ocds-dgv273-seacev3-1188126-2026-03-21T10:10:00.574400-05:00,1188126-10760873328,55000.0,PEN,Soles,2026-03-04T00:00:00-05:00
ocds-dgv273-seacev3-2026-959-1,ocds-dgv273-seacev3-2026-959-1-2026-03-21T10:10:00.236287-05:00,1185744-20605529071,79853.0,PEN,Soles,2026-02-17T00:00:00-05:00
ocds-dgv273-seacev3-1188608,ocds-dgv273-seacev3-1188608-2026-03-21T10:09:59.554596-05:00,1188608-10418013732,237636.0,PEN,Soles,2026-02-23T00:00:00-05:00
ocds-dgv273-seacev3-2026-141-6,ocds-dgv273-seacev3-2026-141-6-2026-03-21T10:09:59.512500-05:00,1188082-20606258527,60000.0,PEN,Soles,2026-02-24T00:00:00-05:00
ocds-dgv273-seacev3-2026-1788-2,ocds-dgv273-seacev3-2026-1788-2-2026-03-21T10:09:59.449914-05:00,1186848-1766482,183150.0,PEN,Soles,2026-02-19T00:00:00-05:00
ocds-dgv273-seacev3-1186748,ocds-dgv273-seacev3-1186748-2026-03-21T10:09:59.432370-05:00,1186748-20601638658,75000.0,PEN,Soles,2026-02-23T00:00:00-05:00
ocds-dgv273-seacev3-2026-51-85,ocds-dgv273-seacev3-2026-51-85-2026-03-21T10:09:54.058093-05:00,1188744-20511037001,257056.8,PEN,Soles,2026-02-26T00:00:00-05:00
ocds-dgv273-seacev3-1190334,ocds-dgv273-seacev3-1190334-2026-03-21T10:09:53.063253-05:00,1190334-20600174399,228476.0,PEN,Soles,2026-03-04T00:00:00-05:00
ocds-dgv273-seacev3-1190792,ocds-dgv273-seacev3-1190792-2026-03-21T10:09:52.957885-05:00,1190792-20393838532,125000.0,PEN,Soles,2026-03-04T00:00:00-05:00
ocds-dgv273-seacev3-2026-200210-1,ocds-dgv273-seacev3-2026-200210-1-2026-03-21T10:09:52.817443-05:00,1190840-1771749,269892.15,PEN,Soles,2026-03-17T00:00:00-05:00
ocds-dgv273-seacev3-1188978,ocds-dgv273-seacev3-1188978-2026-03-21T10:09:49.625964-05:00,1188978-1768644,1557246.46,PEN,Soles,2026-03-04T00:00:00-05:00
ocds-dgv273-seacev3-1188345,ocds-dgv273-seacev3-1188345-2026-03-21T10:09:49.315648-05:00,1188345-20601927111,388629.0,PEN,Soles,2026-03-04T00:00:00-05:00
ocds-dgv273-seacev3-1186916,ocds-dgv273-seacev3-1186916-2026-03-21T10:09:48.548721-05:00,1186916-20604330832,299290.0,PEN,Soles,2026-03-05T00:00:00-05:00
ocds-dgv273-seacev3-2026-818-1,ocds-dgv273-seacev3-2026-818-1-2026-03-21T10:09:43.440438-05:00,1190279-20601801371,199408.8,PEN,Soles,2026-03-06T00:00:00-05:00
ocds-dgv273-seacev3-1191725,ocds-dgv273-seacev3-1191725-2026-03-21T10:09:41.468076-05:00,1191725-20610238867,271550.86,PEN,Soles,2026-02-27T00:00:00-05:00
ocds-dgv273-seacev3-2026-1646-10,ocds-dgv273-seacev3-2026-1646-10-2026-03-21T10:09:40.898179-05:00,1188774-10762030875,66301.25,PEN,Soles,2026-03-06T00:00:00-05:00
ocds-dgv273-seacev3-2026-41-105,ocds-dgv273-seacev3-2026-41-105-2026-03-21T10:09:40.018189-05:00,1190707-10438271681,94405.5,PEN,Soles,2026-03-03T00:00:00-05:00
ocds-dgv273-seacev3-2026-1561-1,ocds-dgv273-seacev3-2026-1561-1-2026-03-21T10:09:38.214097-05:00,1186421-20600984838,52488.24,PEN,Soles,2026-03-03T00:00:00-05:00
ocds-dgv273-seacev3-1194978,ocds-dgv273-seacev3-1194978-2026-03-21T10:09:31.020222-05:00,1194978-20600008812,60600.0,PEN,Soles,2026-03-10T00:00:00-05:00
ocds-dgv273-seacev3-1191508,ocds-dgv273-seacev3-1191508-2026-03-21T10:09:30.388431-05:00,1191508-20488282132,99918.0,PEN,Soles,2026-03-10T00:00:00-05:00
ocds-dgv273-seacev3-1186431,ocds-dgv273-seacev3-1186431-2026-03-21T10:09:27.795949-05:00,1186431-10772396991,101656.33,PEN,Soles,2026-03-02T00:00:00-05:00
ocds-dgv273-seacev3-2026-1877-13,ocds-dgv273-seacev3-2026-1877-13-2026-03-21T10:09:22.933634-05:00,1190301-10178101744,208305.91,PEN,Soles,2026-03-10T00:00:00-05:00
ocds-dgv273-seacev3-1188223,ocds-dgv273-seacev3-1188223-2026-03-21T10:09:22.917779-05:00,1188223-20568731477,135224.1,PEN,Soles,2026-03-03T00:00:00-05:00
ocds-dgv273-seacev3-1190329,ocds-dgv273-seacev3-1190329-2026-03-21T10:09:22.030598-05:00,1190329-10426996184,116500.0,PEN,Soles,2026-03-18T00:00:00-05:00
ocds-dgv273-seacev3-1189357,ocds-dgv273-seacev3-1189357-2026-03-21T10:09:21.144624-05:00,1189357-20610313214,230953.8,PEN,Soles,2026-03-03T00:00:00-05:00
ocds-dgv273-seacev3-1191241,ocds-dgv273-seacev3-1191241-2026-03-21T10:09:20.996167-05:00,1191241-20600569091,287000.0,PEN,Soles,2026-03-11T00:00:00-05:00
ocds-dgv273-seacev3-2026-552-2,ocds-dgv273-seacev3-2026-552-2-2026-03-21T10:09:18.421645-05:00,1188342-20600008812,139800.0,PEN,Soles,2026-03-03T00:00:00-05:00
ocds-dgv273-seacev3-1188350,ocds-dgv273-seacev3-1188350-2026-03-21T10:09:18.360376-05:00,1188350-10288062434,120000.0,PEN,Soles,2026-03-02T00:00:00-05:00
ocds-dgv273-seacev3-2026-552-11,ocds-dgv273-seacev3-2026-552-11-2026-03-21T10:09:17.019726-05:00,1187314-20527637628,102384.0,PEN,Soles,2026-03-02T00:00:00-05:00
ocds-dgv273-seacev3-1186889,ocds-dgv273-seacev3-1186889-2026-03-21T10:09:16.876874-05:00,1186889-20404776160,120841.93,PEN,Soles,2026-02-20T00:00:00-05:00
ocds-dgv273-seacev3-2026-897-1,ocds-dgv273-seacev3-2026-897-1-2026-03-21T10:09:12.397693-05:00,1188279-20611555548,56348.0,PEN,Soles,2026-03-03T00:00:00-05:00
ocds-dgv273-seacev3-1191881,ocds-dgv273-seacev3-1191881-2026-03-21T10:09:12.132013-05:00,1191881-10046380482,54000.0,PEN,Soles,2026-03-03T00:00:00-05:00
ocds-dgv273-seacev3-1187461,ocds-dgv273-seacev3-1187461-2026-03-21T10:09:07.342991-05:00,1187461-10436662349,118626.87,PEN,Soles,2026-03-05T00:00:00-05:00
ocds-dgv273-seacev3-1188093,ocds-dgv273-seacev3-1188093-2026-03-21T10:09:07.227633-05:00,1188093-20608188020,109975.8,PEN,Soles,2026-02-24T00:00:00-05:00
ocds-dgv273-seacev3-1187748,ocds-dgv273-seacev3-1187748-2026-03-21T10:09:07.099578-05:00,1187748-20612033014,46000.0,PEN,Soles,2026-02-23T00:00:00-05:00
ocds-dgv273-seacev3-2026-1295-5,ocds-dgv273-seacev3-2026-1295-5-2026-03-21T10:09:06.797223-05:00,1187553-20602884636,56593.0,PEN,Soles,2026-02-24T00:00:00-05:00
ocds-dgv273-seacev3-1186546,ocds-dgv273-seacev3-1186546-2026-03-21T10:09:06.465877-05:00,1186546-10414102641,290000.0,PEN,Soles,2026-02-19T18:11:16-05:00
ocds-dgv273-seacev3-1190327,ocds-dgv273-seacev3-1190327-2026-03-20T10:14:22.324738-05:00,1190327-10310048912,52000.0,PEN,Soles,2026-03-09T00:00:00-05:00
ocds-dgv273-seacev3-1187791,ocds-dgv273-seacev3-1187791-2026-03-20T10:14:22.102440-05:00,1187791-20612159425,67000.0,PEN,Soles,2026-02-25T00:00:00-05:00
ocds-dgv273-seacev3-2026-200511-1,ocds-dgv273-seacev3-2026-200511-1-2026-03-20T10:14:21.638624-05:00,1191221-20604317607,76000.0,PEN,Soles,2026-03-03T00:00:00-05:00
ocds-dgv273-seacev3-2026-1852-4,ocds-dgv273-seacev3-2026-1852-4-2026-03-20T10:14:20.392848-05:00,1189189-20511037001,116280.0,PEN,Soles,2026-03-02T00:00:00-05:00
ocds-dgv273-seacev3-1189353,ocds-dgv273-seacev3-1189353-2026-03-20T10:14:19.087911-05:00,1189353-20603084056,6739.5,PEN,Soles,2026-03-16T00:00:00-05:00
ocds-dgv273-seacev3-2026-200303-13,ocds-dgv273-seacev3-2026-200303-13-2026-03-20T10:14:18.779887-05:00,1187736-20368953149,63358.0,PEN,Soles,2026-02-23T00:00:00-05:00
ocds-dgv273-seacev3-2026-200303-14,ocds-dgv273-seacev3-2026-200303-14-2026-03-20T10:14:18.764085-05:00,1187760-20368953491,49072.0,PEN,Soles,2026-02-23T00:00:00-05:00
ocds-dgv273-seacev3-2026-200303-12,ocds-dgv273-seacev3-2026-200303-12-2026-03-20T10:14:18.658022-05:00,1187757-20368953815,70280.0,PEN,Soles,2026-02-23T00:00:00-05:00
ocds-dgv273-seacev3-2026-1642-19,ocds-dgv273-seacev3-2026-1642-19-2026-03-20T10:14:18.430187-05:00,1187802-20483806974,199992.0,PEN,Soles,2026-02-24T00:00:00-05:00
ocds-dgv273-seacev3-2026-200303-9,ocds-dgv273-seacev3-2026-200303-9-2026-03-20T10:14:17.461006-05:00,1187728-20491610264,44270.0,PEN,Soles,2026-02-23T00:00:00-05:00
ocds-dgv273-seacev3-1187887,ocds-dgv273-seacev3-1187887-2026-03-20T10:14:13.653101-05:00,1187887-20569314659,120000.0,PEN,Soles,2026-02-25T00:00:00-05:00
ocds-dgv273-seacev3-1190487,ocds-dgv273-seacev3-1190487-2026-03-20T10:14:13.292091-05:00,1190487-20450636747,111333.0,PEN,Soles,2026-03-04T00:00:00-05:00
ocds-dgv273-seacev3-1187708,ocds-dgv273-seacev3-1187708-2026-03-20T10:14:13.172537-05:00,1187708-20608065661,87000.0,PEN,Soles,2026-02-25T00:00:00-05:00
ocds-dgv273-seacev3-1188154,ocds-dgv273-seacev3-1188154-2026-03-20T10:14:11.687828-05:00,1188154-10239325616,177840.0,PEN,Soles,2026-02-25T00:00:00-05:00
ocds-dgv273-seacev3-1188154,ocds-dgv273-seacev3-1188154-2026-03-20T10:14:11.687828-05:00,1188154-20491194538,177840.0,PEN,Soles,2026-02-25T00:00:00-05:00
ocds-dgv273-seacev3-1187775,ocds-dgv273-seacev3-1187775-2026-03-20T10:14:11.355513-05:00,1187775-20610774777,69600.0,PEN,Soles,2026-02-25T00:00:00-05:00
ocds-dgv273-seacev3-1189112,ocds-dgv273-seacev3-1189112-2026-03-20T10:14:09.144159-05:00,1189112-10181318355,87987.51,PEN,Soles,2026-03-03T00:00:00-05:00
ocds-dgv273-seacev3-2026-1299-1,ocds-dgv273-seacev3-2026-1299-1-2026-03-20T10:14:08.741714-05:00,1187722-20487358437,573379.84,PEN,Soles,2026-02-23T00:00:00-05:00
ocds-dgv273-seacev3-1187025,ocds-dgv273-seacev3-1187025-2026-03-20T10:14:07.890220-05:00,1187025-20608215949,309930.86,PEN,Soles,2026-02-19T00:00:00-05:00
ocds-dgv273-seacev3-2026-10556-4,ocds-dgv273-seacev3-2026-10556-4-2026-03-20T10:14:04.133565-05:00,1188362-20600100557,557968.0,PEN,Soles,2026-02-26T00:00:00-05:00
ocds-dgv273-seacev3-2026-2370-1,ocds-dgv273-seacev3-2026-2370-1-2026-03-20T10:14:03.555174-05:00,1190605-20100295891,270300.24,PEN,Soles,2026-03-18T00:00:00-05:00
ocds-dgv273-seacev3-2026-1285-2,ocds-dgv273-seacev3-2026-1285-2-2026-03-20T10:14:02.783701-05:00,1189650-20601711321,88000.0,PEN,Soles,2026-02-25T00:00:00-05:00
ocds-dgv273-seacev3-1190485,ocds-dgv273-seacev3-1190485-2026-03-20T10:14:01.334819-05:00,1190485-10456643898,78999.0,PEN,Soles,2026-03-04T00:00:00-05:00
ocds-dgv273-seacev3-2026-808-1,ocds-dgv273-seacev3-2026-808-1-2026-03-20T10:14:00.158822-05:00,1189885-20601696879,48000.0,PEN,Soles,2026-03-04T00:00:00-05:00
ocds-dgv273-seacev3-1189494,ocds-dgv273-seacev3-1189494-2026-03-20T10:13:59.728534-05:00,1189494-20494399386,102583.0,PEN,Soles,2026-03-03T00:00:00-05:00
ocds-dgv273-seacev3-2026-805-10,ocds-dgv273-seacev3-2026-805-10-2026-03-20T10:13:59.636202-05:00,1188182-20601607051,74643.45,PEN,Soles,2026-02-18T00:00:00-05:00
ocds-dgv273-seacev3-1187517,ocds-dgv273-seacev3-1187517-2026-03-20T10:13:59.292605-05:00,1187517-10102802981,52000.0,PEN,Soles,2026-03-02T00:00:00-05:00
ocds-dgv273-seacev3-2026-200303-3,ocds-dgv273-seacev3-2026-200303-3-2026-03-20T10:13:58.738347-05:00,1187703-20491610264,137000.0,PEN,Soles,2026-02-23T00:00:00-05:00
ocds-dgv273-seacev3-1187004,ocds-dgv273-seacev3-1187004-2026-03-20T10:13:58.046971-05:00,1187004-20530880746,304200.0,PEN,Soles,2026-02-25T00:00:00-05:00
ocds-dgv273-seacev3-2026-386-1,ocds-dgv273-seacev3-2026-386-1-2026-03-20T10:13:53.886453-05:00,1188649-20527905738,52272.0,PEN,Soles,2026-03-02T00:00:00-05:00
ocds-dgv273-seacev3-1189616,ocds-dgv273-seacev3-1189616-2026-03-20T10:13:51.056681-05:00,1189616-10437589122,95000.0,PEN,Soles,2026-03-02T16:12:22-05:00
ocds-dgv273-seacev3-1189501,ocds-dgv273-seacev3-1189501-2026-03-20T10:13:49.250824-05:00,1189501-20312352193,73000.0,PEN,Soles,2026-02-25T00:00:00-05:00
ocds-dgv273-seacev3-2026-200303-15,ocds-dgv273-seacev3-2026-200303-15-2026-03-20T10:13:48.630408-05:00,1187763-20368953491,58894.46,PEN,Soles,2026-02-23T00:00:00-05:00
ocds-dgv273-seacev3-2026-141-3,ocds-dgv273-seacev3-2026-141-3-2026-03-20T10:13:48.531249-05:00,1187409-20480455453,330484.6,PEN,Soles,2026-02-20T00:00:00-05:00
ocds-dgv273-seacev3-1187582,ocds-dgv273-seacev3-1187582-2026-03-20T10:13:48.466027-05:00,1187582-20490040952,104296.5,PEN,Soles,2026-02-23T21:15:23-05:00
ocds-dgv273-seacev3-1186189,ocds-dgv273-seacev3-1186189-2026-03-20T10:13:48.384959-05:00,1186189-20188643982,140932.5,PEN,Soles,2026-02-17T00:00:00-05:00
ocds-dgv273-seacev3-2026-1599-1,ocds-dgv273-seacev3-2026-1599-1-2026-03-20T10:13:48.368891-05:00,1186157-20525856519,311066.18,PEN,Soles,2026-02-16T00:00:00-05:00
ocds-dgv273-seacev3-2026-925-1,ocds-dgv273-seacev3-2026-925-1-2026-03-20T10:13:43.040641-05:00,1187673-20601612918,46531.0,PEN,Soles,2026-03-02T00:00:00-05:00
ocds-dgv273-seacev3-2026-200303-16,ocds-dgv273-seacev3-2026-200303-16-2026-03-20T10:13:42.429937-05:00,1188454-20570653203,51920.0,PEN,Soles,2026-03-02T00:00:00-05:00
ocds-dgv273-seacev3-1188369,ocds-dgv273-seacev3-1188369-2026-03-20T10:13:42.414618-05:00,1188369-20563136562,43477.2,PEN,Soles,2026-02-24T00:00:00-05:00
ocds-dgv273-seacev3-1187765,ocds-dgv273-seacev3-1187765-2026-03-20T10:13:41.750802-05:00,1187765-10410663428,54000.0,PEN,Soles,2026-02-25T00:00:00-05:00
ocds-dgv273-seacev3-1189146,ocds-dgv273-seacev3-1189146-2026-03-20T10:13:41.704022-05:00,1189146-10267234758,58500.0,PEN,Soles,2026-03-04T00:00:00-05:00
ocds-dgv273-seacev3-2026-10524-2,ocds-dgv273-seacev3-2026-10524-2-2026-03-20T10:13:40.177144-05:00,1189456-20610502769,105746.0,PEN,Soles,2026-03-03T00:00:00-05:00
ocds-dgv273-seacev3-1189615,ocds-dgv273-seacev3-1189615-2026-03-20T10:13:39.997635-05:00,1189615-20511037001,81080.8,PEN,Soles,2026-03-02T00:00:00-05:00
ocds-dgv273-seacev3-1187717,ocds-dgv273-seacev3-1187717-2026-03-20T10:13:39.422891-05:00,1187717-20563136562,80741.16,PEN,Soles,2026-02-23T16:26:00-05:00
ocds-dgv273-seacev3-1191832,ocds-dgv273-seacev3-1191832-2026-03-20T10:13:39.349667-05:00,1191832-20486416794,81000.0,PEN,Soles,2026-03-11T00:00:00-05:00
ocds-dgv273-seacev3-2026-275-11,ocds-dgv273-seacev3-2026-275-11-2026-03-20T10:13:39.125723-05:00,1191349-20282738946,0.1,PEN,Soles,2026-03-17T00:00:00-05:00
ocds-dgv273-seacev3-2026-1619-2,ocds-dgv273-seacev3-2026-1619-2-2026-03-20T10:13:38.398326-05:00,1187885-20480786212,116908.4,PEN,Soles,2026-02-25T00:00:00-05:00
ocds-dgv273-seacev3-2026-1619-2,ocds-dgv273-seacev3-2026-1619-2-2026-03-20T10:13:38.398326-05:00,1187885-20514345440,126936.0,PEN,Soles,2026-02-25T00:00:00-05:00
ocds-dgv273-seacev3-1186896,ocds-dgv273-seacev3-1186896-2026-03-20T10:13:38.339757-05:00,1186896-1766546,529350.01,PEN,Soles,2026-02-23T00:00:00-05:00
ocds-dgv273-seacev3-2026-10436-1,ocds-dgv273-seacev3-2026-10436-1-2026-03-20T10:13:38.249397-05:00,1187445-20600621654,53774.0,PEN,Soles,2026-03-03T00:00:00-05:00
ocds-dgv273-seacev3-1186979,ocds-dgv273-seacev3-1186979-2026-03-20T10:13:37.547198-05:00,1186979-20530880746,332592.0,PEN,Soles,2026-02-25T00:00:00-05:00
ocds-dgv273-seacev3-1187372,ocds-dgv273-seacev3-1187372-2026-03-20T10:13:37.479851-05:00,1187372-10469318741,124500.0,PEN,Nuevos Soles,2026-02-20T00:00:00-05:00
ocds-dgv273-seacev3-2026-217-1,ocds-dgv273-seacev3-2026-217-1-2026-03-20T10:13:33.383271-05:00,1188758-20530880746,106575.0,PEN,Soles,2026-03-03T00:00:00-05:00
ocds-dgv273-seacev3-1191413,ocds-dgv273-seacev3-1191413-2026-03-20T10:13:33.295664-05:00,1191413-20101260373,8316000.0,PEN,Soles,2026-03-12T00:00:00-05:00
ocds-dgv273-seacev3-1187852,ocds-dgv273-seacev3-1187852-2026-03-20T10:13:33.081854-05:00,1187852-1767744,88200.0,PEN,Soles,2026-02-25T00:00:00-05:00
ocds-dgv273-seacev3-1190243,ocds-dgv273-seacev3-1190243-2026-03-20T10:13:31.134188-05:00,1190243-20606713488,48000.0,PEN,Soles,2026-03-06T00:00:00-05:00
ocds-dgv273-seacev3-1189233,ocds-dgv273-seacev3-1189233-2026-03-20T10:13:30.725805-05:00,1189233-20479744964,110895.4,PEN,Soles,2026-03-03T00:00:00-05:00
ocds-dgv273-seacev3-2026-200303-6,ocds-dgv273-seacev3-2026-200303-6-2026-03-20T10:13:28.363104-05:00,1187738-20495651941,87000.0,PEN,Soles,2026-02-23T00:00:00-05:00
ocds-dgv273-seacev3-2026-2382-11,ocds-dgv273-seacev3-2026-2382-11-2026-03-20T10:13:28.348966-05:00,1187584-20608063626,558105.6,PEN,Soles,2026-03-10T00:00:00-05:00
ocds-dgv273-seacev3-2026-200303-10,ocds-dgv273-seacev3-2026-200303-10-2026-03-20T10:13:28.273981-05:00,1187731-20495651941,68705.12,PEN,Soles,2026-02-23T00:00:00-05:00
ocds-dgv273-seacev3-2026-1760-1,ocds-dgv273-seacev3-2026-1760-1-2026-03-20T10:13:27.109869-05:00,1187277-20450312178,153000.0,PEN,Soles,2026-02-18T00:00:00-05:00
ocds-dgv273-seacev3-1187699,ocds-dgv273-seacev3-1187699-2026-03-20T10:13:27.052799-05:00,1187699-20368953149,75293.0,PEN,Soles,2026-02-23T00:00:00-05:00
ocds-dgv273-seacev3-1191117,ocds-dgv273-seacev3-1191117-2026-03-20T10:13:22.056300-05:00,1191117-10729428995,70000.0,PEN,Soles,2026-03-04T00:00:00-05:00
ocds-dgv273-seacev3-1189696,ocds-dgv273-seacev3-1189696-2026-03-20T10:13:19.560270-05:00,1189696-20574727074,245000.0,PEN,Soles,2026-03-02T00:00:00-05:00
ocds-dgv273-seacev3-2026-10524-1,ocds-dgv273-seacev3-2026-10524-1-2026-03-20T10:13:19.383094-05:00,1189440-20610502769,82000.0,PEN,Soles,2026-03-03T00:00:00-05:00
ocds-dgv273-seacev3-2026-200303-5,ocds-dgv273-seacev3-2026-200303-5-2026-03-20T10:13:16.768724-05:00,1187724-20368953068,195068.16,PEN,Soles,2026-02-23T00:00:00-05:00
ocds-dgv273-seacev3-2026-200303-4,ocds-dgv273-seacev3-2026-200303-4-2026-03-20T10:13:16.753271-05:00,1187713-1766961,93000.0,PEN,Soles,2026-02-23T00:00:00-05:00
ocds-dgv273-seacev3-2026-200303-8,ocds-dgv273-seacev3-2026-200303-8-2026-03-20T10:13:16.676020-05:00,1187744-20368953815,80620.0,PEN,Soles,2026-02-23T00:00:00-05:00
ocds-dgv273-seacev3-2026-200303-7,ocds-dgv273-seacev3-2026-200303-7-2026-03-20T10:13:16.660713-05:00,1187741-20495651941,82928.28,PEN,Soles,2026-02-23T00:00:00-05:00
ocds-dgv273-seacev3-1188645,ocds-dgv273-seacev3-1188645-2026-03-20T10:13:16.417031-05:00,1188645-20610526897,438000.0,PEN,Soles,2026-02-25T00:00:00-05:00
ocds-dgv273-seacev3-2026-2370-2,ocds-dgv273-seacev3-2026-2370-2-2026-03-19T10:13:19.762015-05:00,1190898-20100295891,222768.0,PEN,Soles,2026-03-17T00:00:00-05:00
ocds-dgv273-seacev3-1189824,ocds-dgv273-seacev3-1189824-2026-03-19T10:13:19.541908-05:00,1189824-20611902329,136180.8,PEN,Soles,2026-03-05T00:00:00-05:00
ocds-dgv273-seacev3-2026-1600-1,ocds-dgv273-seacev3-2026-1600-1-2026-03-19T10:13:19.423215-05:00,1189399-20604071080,151200.0,PEN,Soles,2026-02-27T20:43:52-05:00
ocds-dgv273-seacev3-1188315,ocds-dgv273-seacev3-1188315-2026-03-19T10:13:19.212699-05:00,1188315-20600229827,95552.76,PEN,Soles,2026-02-25T00:00:00-05:00
ocds-dgv273-seacev3-1188140,ocds-dgv273-seacev3-1188140-2026-03-19T10:13:19.183548-05:00,1188140-20100139848,55440.0,PEN,Soles,2026-02-17T00:00:00-05:00
ocds-dgv273-seacev3-1187970,ocds-dgv273-seacev3-1187970-2026-03-19T10:13:19.097777-05:00,1187970-20601462002,125000.0,PEN,Soles,2026-02-27T00:00:00-05:00
ocds-dgv273-seacev3-1187940,ocds-dgv273-seacev3-1187940-2026-03-19T10:13:19.082626-05:00,1187940-10052860399,220354.61,PEN,Soles,2026-02-27T00:00:00-05:00
ocds-dgv273-seacev3-1187535,ocds-dgv273-seacev3-1187535-2026-03-19T10:13:18.921280-05:00,1187535-20613805762,864084.36,PEN,Soles,2026-02-26T08:59:08-05:00
ocds-dgv273-seacev3-2026-43-16,ocds-dgv273-seacev3-2026-43-16-2026-03-19T10:13:18.814327-05:00,1186698-20507312277,60964.67,PEN,Soles,2026-02-23T00:00:00-05:00
ocds-dgv273-seacev3-1192008,ocds-dgv273-seacev3-1192008-2026-03-19T10:13:14.801405-05:00,1192008-20603148828,74000.0,PEN,Soles,2026-03-05T00:00:00-05:00
ocds-dgv273-seacev3-1191031,ocds-dgv273-seacev3-1191031-2026-03-19T10:13:14.735642-05:00,1191031-10296615701,158400.0,PEN,Soles,2026-02-26T00:00:00-05:00
ocds-dgv273-seacev3-2026-10556-5,ocds-dgv273-seacev3-2026-10556-5-2026-03-19T10:13:12.433552-05:00,1188384-20600100557,179549.2,PEN,Soles,2026-02-26T00:00:00-05:00
ocds-dgv273-seacev3-2026-1557-4,ocds-dgv273-seacev3-2026-1557-4-2026-03-19T10:13:12.116841-05:00,1186487-20611902329,111298.77,PEN,Soles,2026-02-23T00:00:00-05:00
ocds-dgv273-seacev3-2026-172018-2,ocds-dgv273-seacev3-2026-172018-2-2026-03-19T10:13:05.107355-05:00,1188612-20604193053,387357.12,PEN,Soles,2026-03-03T00:00:00-05:00
ocds-dgv273-seacev3-1188610,ocds-dgv273-seacev3-1188610-2026-03-19T10:13:00.912841-05:00,1188610-1768207,393403.93,PEN,Soles,2026-02-27T00:00:00-05:00
ocds-dgv273-seacev3-1189295,ocds-dgv273-seacev3-1189295-2026-03-19T10:12:55.767247-05:00,1189295-20603772530,104273.2,PEN,Soles,2026-02-19T00:00:00-05:00
ocds-dgv273-seacev3-1188073,ocds-dgv273-seacev3-1188073-2026-03-19T10:12:55.011836-05:00,1188073-10444256279,130000.0,PEN,Soles,2026-02-23T19:18:55-05:00
ocds-dgv273-seacev3-1191853,ocds-dgv273-seacev3-1191853-2026-03-19T10:12:54.409632-05:00,1191853-20610633014,99250.0,PEN,Soles,2026-03-05T00:00:00-05:00
ocds-dgv273-seacev3-2026-172018-1,ocds-dgv273-seacev3-2026-172018-1-2026-03-19T10:12:54.368305-05:00,1189094-20406501133,199995.84,PEN,Soles,2026-03-03T00:00:00-05:00
ocds-dgv273-seacev3-1191907,ocds-dgv273-seacev3-1191907-2026-03-19T10:12:52.279568-05:00,1191907-20100091543,119286.0,PEN,Soles,2026-03-12T00:00:00-05:00
ocds-dgv273-seacev3-1188898,ocds-dgv273-seacev3-1188898-2026-03-19T10:12:50.669628-05:00,1188898-20610792970,246560.0,PEN,Soles,2026-02-27T00:00:00-05:00
ocds-dgv273-seacev3-1191540,ocds-dgv273-seacev3-1191540-2026-03-19T10:12:45.783872-05:00,1191540-10717064050,76800.0,PEN,Soles,2026-03-04T00:00:00-05:00
ocds-dgv273-seacev3-1189442,ocds-dgv273-seacev3-1189442-2026-03-19T10:12:44.655715-05:00,1189442-20490040952,204400.0,PEN,Soles,2026-03-02T00:00:00-05:00
ocds-dgv273-seacev3-1191795,ocds-dgv273-seacev3-1191795-2026-03-19T10:12:41.426711-05:00,1191795-20517313361,2640116.37,PEN,Soles,2026-03-03T00:00:00-05:00
ocds-dgv273-seacev3-1187863,ocds-dgv273-seacev3-1187863-2026-03-19T10:12:40.549916-05:00,1187863-10052860399,171453.48,PEN,Soles,2026-02-24T00:00:00-05:00
ocds-dgv273-seacev3-2026-962-1,ocds-dgv273-seacev3-2026-962-1-2026-03-19T10:12:40.493821-05:00,1188743-20550700329,109255.0,PEN,Soles,2026-03-06T00:00:00-05:00
ocds-dgv273-seacev3-1188412,ocds-dgv273-seacev3-1188412-2026-03-19T10:12:40.251280-05:00,1188412-L0609016880,15261.0,USD,Dólar Norteamericano,2026-02-26T00:00:00-05:00
ocds-dgv273-seacev3-1188165,ocds-dgv273-seacev3-1188165-2026-03-19T10:12:38.797135-05:00,1188165-10702535510,137900.0,PEN,Soles,2026-02-26T00:00:00-05:00
ocds-dgv273-seacev3-1187833,ocds-dgv273-seacev3-1187833-2026-03-19T10:12:36.283331-05:00,1187833-1767675,600970.51,PEN,Soles,2026-02-25T00:00:00-05:00
ocds-dgv273-seacev3-1189330,ocds-dgv273-seacev3-1189330-2026-03-19T10:12:36.212577-05:00,1189330-20100136661,3473329.01,PEN,Soles,2026-02-24T00:00:00-05:00
ocds-dgv273-seacev3-1189144,ocds-dgv273-seacev3-1189144-2026-03-19T10:12:35.929356-05:00,1189144-20611277751,72621.0,PEN,Nuevos Soles,2026-03-09T00:00:00-05:00
ocds-dgv273-seacev3-2026-10249-56,ocds-dgv273-seacev3-2026-10249-56-2026-03-19T10:12:35.882093-05:00,1188402-20568216785,45540.0,PEN,Soles,2026-02-24T00:00:00-05:00
ocds-dgv273-seacev3-1184400,ocds-dgv273-seacev3-1184400-2026-03-19T10:12:33.597449-05:00,1184400-20603883960,74000.0,PEN,Soles,2026-03-03T00:00:00-05:00
ocds-dgv273-seacev3-1188591,ocds-dgv273-seacev3-1188591-2026-03-19T10:12:33.447275-05:00,1188591-10008357272,217874.0,PEN,Soles,2026-03-09T00:00:00-05:00
ocds-dgv273-seacev3-1187773,ocds-dgv273-seacev3-1187773-2026-03-19T10:12:31.016219-05:00,1187773-20512075135,93000.0,PEN,Soles,2026-02-26T00:00:00-05:00
ocds-dgv273-seacev3-2026-1895-23,ocds-dgv273-seacev3-2026-1895-23-2026-03-19T10:12:30.946518-05:00,1188311-1768410,151900.0,PEN,Soles,2026-03-02T00:00:00-05:00
ocds-dgv273-seacev3-2026-178946-4,ocds-dgv273-seacev3-2026-178946-4-2026-03-19T10:12:30.698941-05:00,1188407-20450700771,61000.0,PEN,Soles,2026-02-24T00:00:00-05:00
ocds-dgv273-seacev3-1186813,ocds-dgv273-seacev3-1186813-2026-03-19T10:12:29.405018-05:00,1186813-20507312277,468000.0,PEN,Soles,2026-02-23T00:00:00-05:00
ocds-dgv273-seacev3-1187491,ocds-dgv273-seacev3-1187491-2026-03-19T10:12:29.229128-05:00,1187491-20568976747,143222.63,PEN,Soles,2026-02-24T00:00:00-05:00
ocds-dgv273-seacev3-1190631,ocds-dgv273-seacev3-1190631-2026-03-19T10:12:23.585363-05:00,1190631-10463336267,91000.0,PEN,Soles,2026-03-02T00:00:00-05:00
ocds-dgv273-seacev3-2026-1852-30,ocds-dgv273-seacev3-2026-1852-30-2026-03-19T10:12:22.814470-05:00,1190491-20611095997,68000.0,PEN,Soles,2026-03-03T00:00:00-05:00
ocds-dgv273-seacev3-2026-1600-2,ocds-dgv273-seacev3-2026-1600-2-2026-03-19T10:12:21.493629-05:00,1189396-20604071080,184000.0,PEN,Soles,2026-02-27T00:00:00-05:00
ocds-dgv273-seacev3-1191165,ocds-dgv273-seacev3-1191165-2026-03-19T10:12:21.406016-05:00,1191165-10411039990,50250.0,PEN,Soles,2026-03-04T00:00:00-05:00
ocds-dgv273-seacev3-2026-815-4,ocds-dgv273-seacev3-2026-815-4-2026-03-19T10:12:21.245953-05:00,1190278-20611791667,89017.2,PEN,Soles,2026-03-09T00:00:00-05:00
ocds-dgv273-seacev3-1187577,ocds-dgv273-seacev3-1187577-2026-03-19T10:12:19.582789-05:00,1187577-20101639275,336653.25,PEN,Soles,2026-03-17T00:00:00-05:00
ocds-dgv273-seacev3-2026-747-5,ocds-dgv273-seacev3-2026-747-5-2026-03-19T10:12:19.321414-05:00,1188322-10449717576,190000.0,PEN,Soles,2026-03-05T00:00:00-05:00
ocds-dgv273-seacev3-1187041,ocds-dgv273-seacev3-1187041-2026-03-19T10:12:19.242953-05:00,1187041-20609932636,94500.0,PEN,Soles,2026-02-17T16:39:10-05:00
ocds-dgv273-seacev3-2026-1215-2,ocds-dgv273-seacev3-2026-1215-2-2026-03-19T10:12:19.180115-05:00,1188905-20602804730,187955.46,PEN,Soles,2026-03-02T00:00:00-05:00
ocds-dgv273-seacev3-2026-2375-2,ocds-dgv273-seacev3-2026-2375-2-2026-03-18T10:12:25.462669-05:00,1190906-20100257298,121672.75,PEN,Soles,2026-03-06T17:46:00-05:00
ocds-dgv273-seacev3-2026-200033-4,ocds-dgv273-seacev3-2026-200033-4-2026-03-18T10:12:24.525961-05:00,1187454-20604062242,77000.0,PEN,Soles,2026-02-20T00:00:00-05:00
ocds-dgv273-seacev3-2026-10595-6,ocds-dgv273-seacev3-2026-10595-6-2026-03-18T10:12:24.469967-05:00,1187033-20602459081,394650.0,PEN,Soles,2026-02-20T00:00:00-05:00
ocds-dgv273-seacev3-2026-200049-2,ocds-dgv273-seacev3-2026-200049-2-2026-03-18T10:12:23.602112-05:00,1190835-20604743380,143640.0,PEN,Soles,2026-03-09T00:00:00-05:00
ocds-dgv273-seacev3-2026-10501-3,ocds-dgv273-seacev3-2026-10501-3-2026-03-18T10:12:22.801160-05:00,1192121-20608550683,287675.3,PEN,Soles,2026-03-11T00:00:00-05:00
ocds-dgv273-seacev3-1189152,ocds-dgv273-seacev3-1189152-2026-03-18T10:12:22.537151-05:00,1189152-20600645219,1115.1,PEN,Soles,2026-03-11T00:00:00-05:00
ocds-dgv273-seacev3-1188702,ocds-dgv273-seacev3-1188702-2026-03-18T10:12:21.329953-05:00,1188702-20557788841,121580.0,PEN,Soles,2026-03-03T00:00:00-05:00
ocds-dgv273-seacev3-1189324,ocds-dgv273-seacev3-1189324-2026-03-18T10:12:20.822775-05:00,1189324-10004819395,168000.0,PEN,Soles,2026-03-04T00:00:00-05:00
ocds-dgv273-seacev3-1191565,ocds-dgv273-seacev3-1191565-2026-03-18T10:12:19.504561-05:00,1191565-10703534843,32000.0,PEN,Soles,2026-03-13T00:00:00-05:00
ocds-dgv273-seacev3-2026-10595-14,ocds-dgv273-seacev3-2026-10595-14-2026-03-18T10:12:19.229270-05:00,1187578-1767129,200000.0,PEN,Soles,2026-02-24T00:00:00-05:00
ocds-dgv273-seacev3-2026-752-1,ocds-dgv273-seacev3-2026-752-1-2026-03-18T10:12:18.160780-05:00,1186888-20490764446,60725.0,PEN,Soles,2026-02-18T00:00:00-05:00
ocds-dgv273-seacev3-1186809,ocds-dgv273-seacev3-1186809-2026-03-18T10:12:18.153821-05:00,1186809-20600182197,8395189.62,PEN,Soles,2026-02-16T00:00:00-05:00
ocds-dgv273-seacev3-2026-1068-2,ocds-dgv273-seacev3-2026-1068-2-2026-03-18T10:12:18.014800-05:00,1186987-20605821015,333339.6,PEN,Soles,2026-02-20T00:00:00-05:00
ocds-dgv273-seacev3-2026-1003-1,ocds-dgv273-seacev3-2026-1003-1-2026-03-18T10:12:10.558295-05:00,1188375-20608668404,229062.0,PEN,Soles,2026-02-26T00:00:00-05:00
ocds-dgv273-seacev3-1189656,ocds-dgv273-seacev3-1189656-2026-03-18T10:12:09.713265-05:00,1189656-20107034413,95779.0,PEN,Soles,2026-03-02T00:00:00-05:00
ocds-dgv273-seacev3-1191497,ocds-dgv273-seacev3-1191497-2026-03-18T10:12:09.396497-05:00,1191497-10446660131,40000.0,PEN,Soles,2026-03-13T00:00:00-05:00
ocds-dgv273-seacev3-2026-847-5,ocds-dgv273-seacev3-2026-847-5-2026-03-18T10:12:08.350493-05:00,1188636-20527905738,143638.1,PEN,Soles,2026-03-03T00:00:00-05:00
ocds-dgv273-seacev3-1186530,ocds-dgv273-seacev3-1186530-2026-03-18T10:12:07.651504-05:00,1186530-20601696879,130746.0,PEN,Soles,2026-02-17T00:00:00-05:00
ocds-dgv273-seacev3-1188773,ocds-dgv273-seacev3-1188773-2026-03-18T10:12:03.049884-05:00,1188773-10238573683,57575.0,PEN,Soles,2026-03-02T00:00:00-05:00
ocds-dgv273-seacev3-1188960,ocds-dgv273-seacev3-1188960-2026-03-18T10:12:02.905715-05:00,1188960-20605949917,1538000.0,PEN,Soles,2026-02-27T00:00:00-05:00
ocds-dgv273-seacev3-1191918,ocds-dgv273-seacev3-1191918-2026-03-18T10:12:01.281309-05:00,1191918-20606518448,45000.0,PEN,Soles,2026-03-05T00:00:00-05:00
ocds-dgv273-seacev3-1190999,ocds-dgv273-seacev3-1190999-2026-03-18T10:12:00.061762-05:00,1190999-1769839,2770916.96,PEN,Soles,2026-03-09T00:00:00-05:00
ocds-dgv273-seacev3-1191485,ocds-dgv273-seacev3-1191485-2026-03-18T10:11:59.329575-05:00,1191485-10425475431,18000.0,PEN,Soles,2026-03-13T00:00:00-05:00
ocds-dgv273-seacev3-1191215,ocds-dgv273-seacev3-1191215-2026-03-18T10:11:59.260483-05:00,1191215-10741541659,24000.0,PEN,Soles,2026-03-13T00:00:00-05:00
ocds-dgv273-seacev3-1191582,ocds-dgv273-seacev3-1191582-2026-03-18T10:11:59.054126-05:00,1191582-20612083674,71000.0,PEN,Soles,2026-03-04T00:00:00-05:00
ocds-dgv273-seacev3-1190594,ocds-dgv273-seacev3-1190594-2026-03-18T10:11:58.239100-05:00,1190594-20603645007,140000.0,PEN,Soles,2026-03-04T00:00:00-05:00
ocds-dgv273-seacev3-2026-49-124,ocds-dgv273-seacev3-2026-49-124-2026-03-18T10:11:57.903273-05:00,1186920-20600852346,113400.0,PEN,Soles,2026-02-18T00:00:00-05:00
ocds-dgv273-seacev3-2026-99-1,ocds-dgv273-seacev3-2026-99-1-2026-03-18T10:11:57.773258-05:00,1185829-20606216506,51292.0,PEN,Soles,2026-02-17T00:00:00-05:00
ocds-dgv273-seacev3-2026-200-7,ocds-dgv273-seacev3-2026-200-7-2026-03-18T10:11:57.728277-05:00,1186576-1765781,165908.72,PEN,Soles,2026-02-16T00:00:00-05:00
ocds-dgv273-seacev3-2026-240282-1,ocds-dgv273-seacev3-2026-240282-1-2026-03-18T10:11:57.493689-05:00,1188255-20527590648,253914.48,PEN,Soles,2026-02-27T00:00:00-05:00
ocds-dgv273-seacev3-1187912,ocds-dgv273-seacev3-1187912-2026-03-18T10:11:57.179528-05:00,1187912-10103244183,115200.0,PEN,Soles,2026-02-24T00:00:00-05:00
ocds-dgv273-seacev3-2026-10595-7,ocds-dgv273-seacev3-2026-10595-7-2026-03-18T10:11:57.115892-05:00,1187029-20602459081,112000.0,PEN,Soles,2026-02-20T00:00:00-05:00
ocds-dgv273-seacev3-1186627,ocds-dgv273-seacev3-1186627-2026-03-18T10:11:57.036155-05:00,1186627-20569108595,332000.0,PEN,Soles,2026-02-25T00:00:00-05:00
ocds-dgv273-seacev3-1190638,ocds-dgv273-seacev3-1190638-2026-03-18T10:11:52.859581-05:00,1190638-20614069547,99600.0,PEN,Soles,2026-03-02T00:00:00-05:00
ocds-dgv273-seacev3-1192128,ocds-dgv273-seacev3-1192128-2026-03-18T10:11:52.545441-05:00,1192128-20611249137,99000.0,PEN,Soles,2026-03-06T00:00:00-05:00
ocds-dgv273-seacev3-2026-42031-10,ocds-dgv273-seacev3-2026-42031-10-2026-03-18T10:11:51.868427-05:00,1191549-L0000006053,23133.7,PEN,Soles,2026-03-13T00:00:00-05:00
ocds-dgv273-seacev3-1190970,ocds-dgv273-seacev3-1190970-2026-03-18T10:11:51.387764-05:00,1190970-10729714696,12000.0,PEN,Soles,2026-03-13T00:00:00-05:00
ocds-dgv273-seacev3-1189502,ocds-dgv273-seacev3-1189502-2026-03-18T10:11:50.224722-05:00,1189502-1768914,350000.0,PEN,Soles,2026-03-04T00:00:00-05:00
ocds-dgv273-seacev3-1189364,ocds-dgv273-seacev3-1189364-2026-03-18T10:11:49.655815-05:00,1189364-10282970797,85238.0,PEN,Soles,2026-03-02T00:00:00-05:00
ocds-dgv273-seacev3-1190716,ocds-dgv273-seacev3-1190716-2026-03-18T10:11:48.741411-05:00,1190716-20611744162,45560.0,PEN,Soles,2026-03-02T00:00:00-05:00
ocds-dgv273-seacev3-2026-1068-14,ocds-dgv273-seacev3-2026-1068-14-2026-03-18T10:11:48.657727-05:00,1188275-20605821015,84890.0,PEN,Soles,2026-02-24T00:00:00-05:00
ocds-dgv273-seacev3-2026-10222-6,ocds-dgv273-seacev3-2026-10222-6-2026-03-18T10:11:48.051296-05:00,1186319-20602343350,112128.0,PEN,Soles,2026-02-23T00:00:00-05:00
ocds-dgv273-seacev3-2026-10222-6,ocds-dgv273-seacev3-2026-10222-6-2026-03-18T10:11:48.051296-05:00,1186319-20605740651,89200.0,PEN,Soles,2026-02-23T00:00:00-05:00
ocds-dgv273-seacev3-2026-10222-6,ocds-dgv273-seacev3-2026-10222-6-2026-03-18T10:11:48.051296-05:00,1186319-20607954837,99097.2,PEN,Soles,2026-02-23T00:00:00-05:00
ocds-dgv273-seacev3-1188273,ocds-dgv273-seacev3-1188273-2026-03-18T10:11:47.896898-05:00,1188273-20511037001,40548.0,PEN,Soles,2026-02-25T00:00:00-05:00
ocds-dgv273-seacev3-1188105,ocds-dgv273-seacev3-1188105-2026-03-18T10:11:47.380729-05:00,1188105-20511037001,142700.0,PEN,Soles,2026-02-23T00:00:00-05:00
ocds-dgv273-seacev3-1186557,ocds-dgv273-seacev3-1186557-2026-03-18T10:11:47.290848-05:00,1186557-10601498109,259790.0,PEN,Soles,2026-02-20T00:00:00-05:00
ocds-dgv273-seacev3-2026-1507-1,ocds-dgv273-seacev3-2026-1507-1-2026-03-18T10:11:43.210910-05:00,1189385-20608320009,185184.0,PEN,Soles,2026-03-03T00:00:00-05:00
ocds-dgv273-seacev3-1190618,ocds-dgv273-seacev3-1190618-2026-03-18T10:11:43.079882-05:00,1190618-20613871561,86134.9,PEN,Soles,2026-03-02T00:00:00-05:00
ocds-dgv273-seacev3-1191514,ocds-dgv273-seacev3-1191514-2026-03-18T10:11:42.904256-05:00,1191514-10448776552,24000.0,PEN,Soles,2026-03-13T00:00:00-05:00
ocds-dgv273-seacev3-1189150,ocds-dgv273-seacev3-1189150-2026-03-18T10:11:42.403858-05:00,1189150-20514746355,5664.0,PEN,Soles,2026-03-11T00:00:00-05:00
ocds-dgv273-seacev3-1189207,ocds-dgv273-seacev3-1189207-2026-03-18T10:11:42.022983-05:00,1189207-20603397721,616700.0,PEN,Soles,2026-02-25T00:00:00-05:00
ocds-dgv273-seacev3-2026-1867-1,ocds-dgv273-seacev3-2026-1867-1-2026-03-18T10:11:41.510190-05:00,1188571-20600736923,205974.05,PEN,Soles,2026-02-27T00:00:00-05:00
ocds-dgv273-seacev3-2026-1913-2,ocds-dgv273-seacev3-2026-1913-2-2026-03-18T10:11:41.120904-05:00,1189410-20456619208,206985.0,PEN,Soles,2026-03-04T00:00:00-05:00
ocds-dgv273-seacev3-1191922,ocds-dgv273-seacev3-1191922-2026-03-18T10:11:40.022265-05:00,1191922-10282686096,108000.0,PEN,Soles,2026-03-05T00:00:00-05:00
ocds-dgv273-seacev3-1188202,ocds-dgv273-seacev3-1188202-2026-03-18T10:11:39.351928-05:00,1188202-20605821015,389600.0,PEN,Soles,2026-02-24T00:00:00-05:00
ocds-dgv273-seacev3-2026-1156-1,ocds-dgv273-seacev3-2026-1156-1-2026-03-18T10:11:39.149978-05:00,1187839-20568718454,154581.0,PEN,Soles,2026-02-25T00:00:00-05:00
ocds-dgv273-seacev3-2026-10556-2,ocds-dgv273-seacev3-2026-10556-2-2026-03-18T10:11:38.973821-05:00,1188297-20600100557,304250.65,PEN,Soles,2026-02-27T00:00:00-05:00
ocds-dgv273-seacev3-2026-1646-5,ocds-dgv273-seacev3-2026-1646-5-2026-03-18T10:11:38.957766-05:00,1187605-1767849,1534792.82,PEN,Soles,2026-02-26T00:00:00-05:00
ocds-dgv273-seacev3-2026-612-1,ocds-dgv273-seacev3-2026-612-1-2026-03-18T10:11:38.854831-05:00,1186865-10450240112,80032.0,PEN,Soles,2026-02-27T00:00:00-05:00
ocds-dgv273-seacev3-2026-200322-2,ocds-dgv273-seacev3-2026-200322-2-2026-03-18T10:11:38.818868-05:00,1188638-1768173,123000.0,PEN,Soles,2026-03-06T00:00:00-05:00
ocds-dgv273-seacev3-2026-1752-1,ocds-dgv273-seacev3-2026-1752-1-2026-03-18T10:11:38.649125-05:00,1187870-20604193053,254448.0,PEN,Soles,2026-02-25T00:00:00-05:00
ocds-dgv273-seacev3-1188009,ocds-dgv273-seacev3-1188009-2026-03-18T10:11:37.692406-05:00,1188009-20607316971,73989.0,PEN,Soles,2026-02-27T00:00:00-05:00
ocds-dgv273-seacev3-2026-1972-17,ocds-dgv273-seacev3-2026-1972-17-2026-03-18T10:11:37.248742-05:00,1186294-20601858879,264000.0,PEN,Soles,2026-02-20T00:00:00-05:00
ocds-dgv273-seacev3-1191186,ocds-dgv273-seacev3-1191186-2026-03-18T10:11:34.936991-05:00,1191186-10767276571,24000.0,PEN,Soles,2026-03-13T00:00:00-05:00
ocds-dgv273-seacev3-1189147,ocds-dgv273-seacev3-1189147-2026-03-18T10:11:33.355454-05:00,1189147-20600645219,4800.0,PEN,Soles,2026-03-11T00:00:00-05:00
ocds-dgv273-seacev3-2026-200082-3,ocds-dgv273-seacev3-2026-200082-3-2026-03-18T10:11:32.984053-05:00,1188583-20565643496,101787.09,PEN,Soles,2026-02-25T00:00:00-05:00
ocds-dgv273-seacev3-1189485,ocds-dgv273-seacev3-1189485-2026-03-18T10:11:32.880541-05:00,1189485-20506813191,65178.0,PEN,Soles,2026-03-03T00:00:00-05:00
ocds-dgv273-seacev3-1189184,ocds-dgv273-seacev3-1189184-2026-03-18T10:11:32.659837-05:00,1189184-20600645219,1440.0,PEN,Soles,2026-03-11T00:00:00-05:00
ocds-dgv273-seacev3-2026-10556-3,ocds-dgv273-seacev3-2026-10556-3-2026-03-18T10:11:27.906703-05:00,1188340-20600100557,342518.42,PEN,Soles,2026-02-27T00:00:00-05:00
ocds-dgv273-seacev3-1191898,ocds-dgv273-seacev3-1191898-2026-03-16T12:25:16.573975-05:00,1191898-20481595160,118000.08,PEN,Soles,2026-02-27T00:00:00-05:00
ocds-dgv273-seacev3-1189203,ocds-dgv273-seacev3-1189203-2026-03-15T10:15:37.894217-05:00,1189203-20449314868,122850.0,PEN,Soles,2026-02-27T00:00:00-05:00
ocds-dgv273-seacev3-1189292,ocds-dgv273-seacev3-1189292-2026-03-15T10:15:37.806993-05:00,1189292-20610435395,397973.18,PEN,Soles,2026-03-05T00:00:00-05:00
ocds-dgv273-seacev3-1191737,ocds-dgv273-seacev3-1191737-2026-03-15T10:15:37.691678-05:00,1191737-10460124056,16000.0,PEN,Soles,2026-03-02T00:00:00-05:00
ocds-dgv273-seacev3-2026-200161-1,ocds-dgv273-seacev3-2026-200161-1-2026-03-15T10:15:37.542177-05:00,1188850-20541137654,72287.0,PEN,Soles,2026-03-02T00:00:00-05:00
ocds-dgv273-seacev3-1190749,ocds-dgv273-seacev3-1190749-2026-03-15T10:15:37.268600-05:00,1190749-1768773,1410000.0,PEN,Soles,2026-03-04T00:00:00-05:00
ocds-dgv273-seacev3-1190217,ocds-dgv273-seacev3-1190217-2026-03-15T10:15:36.980549-05:00,1190217-10413369261,16000.0,PEN,Nuevos Soles,2026-02-27T00:00:00-05:00
ocds-dgv273-seacev3-1190620,ocds-dgv273-seacev3-1190620-2026-03-15T10:15:36.510137-05:00,1190620-1770311,516256.45,PEN,Soles,2026-03-10T00:00:00-05:00
ocds-dgv273-seacev3-1190226,ocds-dgv273-seacev3-1190226-2026-03-15T10:15:36.152259-05:00,1190226-20610956492,87000.0,PEN,Soles,2026-03-02T00:00:00-05:00
ocds-dgv273-seacev3-1191747,ocds-dgv273-seacev3-1191747-2026-03-15T10:15:35.743053-05:00,1191747-10712560482,8000.0,PEN,Soles,2026-03-02T00:00:00-05:00
ocds-dgv273-seacev3-1190041,ocds-dgv273-seacev3-1190041-2026-03-15T10:15:35.728255-05:00,1190041-10434476475,12000.0,PEN,Nuevos Soles,2026-02-24T00:00:00-05:00
ocds-dgv273-seacev3-1189972,ocds-dgv273-seacev3-1189972-2026-03-15T10:15:35.620749-05:00,1189972-10463605713,12000.0,PEN,Nuevos Soles,2026-02-24T00:00:00-05:00
ocds-dgv273-seacev3-1191873,ocds-dgv273-seacev3-1191873-2026-03-15T10:15:35.251517-05:00,1191873-10730774473,16000.0,PEN,Soles,2026-03-02T00:00:00-05:00
ocds-dgv273-seacev3-1190959,ocds-dgv273-seacev3-1190959-2026-03-15T10:15:35.231357-05:00,1190959-20600667174,770267.68,PEN,Soles,2026-03-10T00:00:00-05:00
ocds-dgv273-seacev3-1190831,ocds-dgv273-seacev3-1190831-2026-03-15T10:15:34.985690-05:00,1190831-20605941371,153000.0,PEN,Nuevos Soles,2026-03-06T00:00:00-05:00
ocds-dgv273-seacev3-1191920,ocds-dgv273-seacev3-1191920-2026-03-15T10:15:34.885647-05:00,1191920-10704577414,8000.0,PEN,Soles,2026-03-02T00:00:00-05:00
ocds-dgv273-seacev3-1191722,ocds-dgv273-seacev3-1191722-2026-03-15T10:15:34.753112-05:00,1191722-10282709941,510000.0,PEN,Soles,2026-03-03T00:00:00-05:00
ocds-dgv273-seacev3-1190255,ocds-dgv273-seacev3-1190255-2026-03-15T10:15:34.574433-05:00,1190255-10475125822,12000.0,PEN,Nuevos Soles,2026-02-27T00:00:00-05:00
ocds-dgv273-seacev3-1187883,ocds-dgv273-seacev3-1187883-2026-03-15T10:15:33.356097-05:00,1187883-20511037001,31586.0,PEN,Soles,2026-02-24T00:00:00-05:00
ocds-dgv273-seacev3-2026-800-11,ocds-dgv273-seacev3-2026-800-11-2026-03-15T10:15:33.306336-05:00,1188882-10722744093,57000.0,PEN,Soles,2026-02-26T00:00:00-05:00
ocds-dgv273-seacev3-1187759,ocds-dgv273-seacev3-1187759-2026-03-15T10:15:33.291350-05:00,1187759-20607069973,468000.0,PEN,Soles,2026-02-25T10:47:30-05:00
ocds-dgv273-seacev3-2026-270-46,ocds-dgv273-seacev3-2026-270-46-2026-03-15T10:15:33.008299-05:00,1188991-1768236,180700.0,PEN,Soles,2026-02-27T00:00:00-05:00
ocds-dgv273-seacev3-1188258,ocds-dgv273-seacev3-1188258-2026-03-15T10:15:32.993943-05:00,1188258-20611216760,46402.5,PEN,Soles,2026-02-19T00:00:00-05:00
ocds-dgv273-seacev3-1187066,ocds-dgv273-seacev3-1187066-2026-03-15T10:15:32.907826-05:00,1187066-20454571259,131940.0,PEN,Soles,2026-02-19T00:00:00-05:00
ocds-dgv273-seacev3-2026-51041-2,ocds-dgv273-seacev3-2026-51041-2-2026-03-15T10:15:32.853471-05:00,1188041-10483261026,66120.0,PEN,Soles,2026-02-27T00:00:00-05:00
ocds-dgv273-seacev3-1187637,ocds-dgv273-seacev3-1187637-2026-03-15T10:15:32.807089-05:00,1187637-10434350188,20000.0,PEN,Nuevos Soles,2026-03-03T00:00:00-05:00
ocds-dgv273-seacev3-2026-2009-42,ocds-dgv273-seacev3-2026-2009-42-2026-03-15T10:15:32.791453-05:00,1187488-20526944934,85800.0,PEN,Soles,2026-02-20T00:00:00-05:00
ocds-dgv273-seacev3-2026-130903-1,ocds-dgv273-seacev3-2026-130903-1-2026-03-15T10:15:32.741594-05:00,1186710-20608150154,177400.0,PEN,Soles,2026-02-18T00:00:00-05:00
ocds-dgv273-seacev3-2026-552-10,ocds-dgv273-seacev3-2026-552-10-2026-03-15T10:15:32.705134-05:00,1187311-20452349915,155256.4,PEN,Soles,2026-03-02T00:00:00-05:00
ocds-dgv273-seacev3-1187968,ocds-dgv273-seacev3-1187968-2026-03-15T10:15:32.114488-05:00,1187968-L0611179932,64428.0,USD,Dólar Norteamericano,2026-02-27T00:00:00-05:00
ocds-dgv273-seacev3-2026-1731-13,ocds-dgv273-seacev3-2026-1731-13-2026-03-15T10:15:32.046948-05:00,1186968-10025492175,50225.0,PEN,Soles,2026-02-12T00:00:00-05:00
ocds-dgv273-seacev3-1187276,ocds-dgv273-seacev3-1187276-2026-03-15T10:15:32.008030-05:00,1187276-20609660750,41999.0,PEN,Soles,2026-02-18T00:00:00-05:00
ocds-dgv273-seacev3-1187175,ocds-dgv273-seacev3-1187175-2026-03-15T10:15:31.993710-05:00,1187175-10449553735,30000.0,PEN,Nuevos Soles,2026-02-26T00:00:00-05:00
ocds-dgv273-seacev3-1188122,ocds-dgv273-seacev3-1188122-2026-03-15T10:15:31.957524-05:00,1188122-20612481149,98790.0,PEN,Soles,2026-02-20T00:00:00-05:00
ocds-dgv273-seacev3-1187110,ocds-dgv273-seacev3-1187110-2026-03-15T10:15:31.922224-05:00,1187110-10720104992,18000.0,PEN,Nuevos Soles,2026-02-26T00:00:00-05:00
ocds-dgv273-seacev3-2026-1852-16,ocds-dgv273-seacev3-2026-1852-16-2026-03-15T10:15:31.285529-05:00,1187407-20511037001,71193.03,PEN,Soles,2026-02-24T00:00:00-05:00
ocds-dgv273-seacev3-1186947,ocds-dgv273-seacev3-1186947-2026-03-15T10:15:31.264704-05:00,1186947-10464159181,12000.0,PEN,Nuevos Soles,2026-02-26T00:00:00-05:00
ocds-dgv273-seacev3-1186894,ocds-dgv273-seacev3-1186894-2026-03-15T10:15:31.237782-05:00,1186894-10731950291,18000.0,PEN,Soles,2026-02-20T00:00:00-05:00
ocds-dgv273-seacev3-1186483,ocds-dgv273-seacev3-1186483-2026-03-15T10:15:30.817905-05:00,1186483-20541165275,1323072.0,PEN,Soles,2026-02-16T00:00:00-05:00
ocds-dgv273-seacev3-1189543,ocds-dgv273-seacev3-1189543-2026-03-15T10:15:27.242493-05:00,1189543-20523476379,1408314.99,PEN,Soles,2026-03-03T00:00:00-05:00
ocds-dgv273-seacev3-2026-1331-7,ocds-dgv273-seacev3-2026-1331-7-2026-03-15T10:15:27.033667-05:00,1189052-20604773521,93571.6,PEN,Soles,2026-02-26T00:00:00-05:00
ocds-dgv273-seacev3-1191476,ocds-dgv273-seacev3-1191476-2026-03-15T10:15:26.992260-05:00,1191476-10806675771,24000.0,PEN,Nuevos Soles,2026-03-03T00:00:00-05:00
ocds-dgv273-seacev3-1188024,ocds-dgv273-seacev3-1188024-2026-03-15T10:15:26.810180-05:00,1188024-20569314659,54000.0,PEN,Soles,2026-02-25T00:00:00-05:00
ocds-dgv273-seacev3-1191776,ocds-dgv273-seacev3-1191776-2026-03-15T10:15:26.451106-05:00,1191776-10409925303,92800.0,PEN,Soles,2026-03-05T00:00:00-05:00
ocds-dgv273-seacev3-1189848,ocds-dgv273-seacev3-1189848-2026-03-15T10:15:26.054446-05:00,1189848-10721199865,12000.0,PEN,Nuevos Soles,2026-02-27T00:00:00-05:00
ocds-dgv273-seacev3-1190253,ocds-dgv273-seacev3-1190253-2026-03-15T10:15:25.602397-05:00,1190253-10442886372,16000.0,PEN,Nuevos Soles,2026-02-27T00:00:00-05:00
ocds-dgv273-seacev3-2026-1852-17,ocds-dgv273-seacev3-2026-1852-17-2026-03-15T10:15:24.926442-05:00,1190884-20608782894,70980.0,PEN,Soles,2026-03-03T00:00:00-05:00
ocds-dgv273-seacev3-2026-1166-1,ocds-dgv273-seacev3-2026-1166-1-2026-03-15T10:15:24.627672-05:00,1187952-20359435364,332298.72,PEN,Soles,2026-02-25T00:00:00-05:00
ocds-dgv273-seacev3-2026-752-3,ocds-dgv273-seacev3-2026-752-3-2026-03-15T10:15:24.075348-05:00,1189667-10468939172,99000.0,PEN,Soles,2026-02-25T00:00:00-05:00
ocds-dgv273-seacev3-1188586,ocds-dgv273-seacev3-1188586-2026-03-15T10:15:23.939101-05:00,1188586-20572204490,53990.0,PEN,Soles,2026-02-26T00:00:00-05:00
ocds-dgv273-seacev3-1190299,ocds-dgv273-seacev3-1190299-2026-03-15T10:15:23.889761-05:00,1190299-20612342025,59000.0,PEN,Soles,2026-03-02T00:00:00-05:00
ocds-dgv273-seacev3-1190270,ocds-dgv273-seacev3-1190270-2026-03-15T10:15:23.828155-05:00,1190270-10729237821,16000.0,PEN,Nuevos Soles,2026-02-27T00:00:00-05:00
ocds-dgv273-seacev3-1191493,ocds-dgv273-seacev3-1191493-2026-03-15T10:15:23.278109-05:00,1191493-10728497357,8000.0,PEN,Soles,2026-03-13T00:00:00-05:00
ocds-dgv273-seacev3-1188598,ocds-dgv273-seacev3-1188598-2026-03-15T10:15:22.744721-05:00,1188598-10463067525,214421.35,PEN,Soles,2026-02-24T00:00:00-05:00
ocds-dgv273-seacev3-1188682,ocds-dgv273-seacev3-1188682-2026-03-15T10:15:22.473591-05:00,1188682-10200586374,146556.0,PEN,Soles,2026-02-27T00:00:00-05:00
ocds-dgv273-seacev3-1187402,ocds-dgv273-seacev3-1187402-2026-03-15T10:15:22.452885-05:00,1187402-10715899235,16000.0,PEN,Nuevos Soles,2026-03-03T00:00:00-05:00
ocds-dgv273-seacev3-1186990,ocds-dgv273-seacev3-1186990-2026-03-15T10:15:22.284863-05:00,1186990-20610316922,49875.0,PEN,Soles,2026-02-19T00:00:00-05:00
ocds-dgv273-seacev3-2026-200395-4,ocds-dgv273-seacev3-2026-200395-4-2026-03-15T10:15:22.270794-05:00,1186490-20608535170,173250.0,PEN,Soles,2026-02-17T20:45:38-05:00
ocds-dgv273-seacev3-1186341,ocds-dgv273-seacev3-1186341-2026-03-15T10:15:22.177902-05:00,1186341-20607702293,399900.0,PEN,Soles,2026-02-24T00:00:00-05:00
ocds-dgv273-seacev3-1188032,ocds-dgv273-seacev3-1188032-2026-03-15T10:15:21.755743-05:00,1188032-10415597211,215000.0,PEN,Soles,2026-03-04T00:00:00-05:00
ocds-dgv273-seacev3-1187545,ocds-dgv273-seacev3-1187545-2026-03-15T10:15:21.741812-05:00,1187545-10721842075,8000.0,PEN,Nuevos Soles,2026-03-03T00:00:00-05:00
ocds-dgv273-seacev3-1187385,ocds-dgv273-seacev3-1187385-2026-03-15T10:15:21.728083-05:00,1187385-10763394366,6000.0,PEN,Nuevos Soles,2026-03-03T00:00:00-05:00
ocds-dgv273-seacev3-2026-1926-10,ocds-dgv273-seacev3-2026-1926-10-2026-03-15T10:15:21.714392-05:00,1187473-L5552918081,35520.0,USD,Dólar Norteamericano,2026-02-10T00:00:00-05:00
ocds-dgv273-seacev3-2026-849-1,ocds-dgv273-seacev3-2026-849-1-2026-03-15T10:15:21.699665-05:00,1187374-20609577691,230836.0,PEN,Soles,2026-03-03T00:00:00-05:00
ocds-dgv273-seacev3-1187255,ocds-dgv273-seacev3-1187255-2026-03-15T10:15:21.685665-05:00,1187255-10722225711,24000.0,PEN,Nuevos Soles,2026-03-03T00:00:00-05:00
ocds-dgv273-seacev3-1187177,ocds-dgv273-seacev3-1187177-2026-03-15T10:15:21.636430-05:00,1187177-10721889713,18000.0,PEN,Nuevos Soles,2026-03-02T00:00:00-05:00
ocds-dgv273-seacev3-1186807,ocds-dgv273-seacev3-1186807-2026-03-15T10:15:21.548527-05:00,1186807-20610316922,74062.0,PEN,Soles,2026-02-19T00:00:00-05:00
ocds-dgv273-seacev3-1187495,ocds-dgv273-seacev3-1187495-2026-03-15T10:15:21.459094-05:00,1187495-10442087771,12000.0,PEN,Nuevos Soles,2026-03-03T00:00:00-05:00
ocds-dgv273-seacev3-2026-200385-1,ocds-dgv273-seacev3-2026-200385-1-2026-03-15T10:15:21.399586-05:00,1187249-20607491764,81715.2,PEN,Soles,2026-02-23T00:00:00-05:00
ocds-dgv273-seacev3-1187222,ocds-dgv273-seacev3-1187222-2026-03-15T10:15:21.371133-05:00,1187222-10739292064,24000.0,PEN,Nuevos Soles,2026-03-03T00:00:00-05:00
ocds-dgv273-seacev3-1187081,ocds-dgv273-seacev3-1187081-2026-03-15T10:15:21.300039-05:00,1187081-20509860981,87927.0,PEN,Soles,2026-02-26T00:00:00-05:00
ocds-dgv273-seacev3-1187638,ocds-dgv273-seacev3-1187638-2026-03-15T10:15:20.999915-05:00,1187638-10481211196,8000.0,PEN,Nuevos Soles,2026-03-03T00:00:00-05:00
ocds-dgv273-seacev3-1188995,ocds-dgv273-seacev3-1188995-2026-03-15T10:15:16.332959-05:00,1188995-20610423028,78880.0,PEN,Soles,2026-02-23T00:00:00-05:00
ocds-dgv273-seacev3-1191794,ocds-dgv273-seacev3-1191794-2026-03-15T10:15:16.107419-05:00,1191794-10465911463,24000.0,PEN,Soles,2026-03-02T00:00:00-05:00
ocds-dgv273-seacev3-1190828,ocds-dgv273-seacev3-1190828-2026-03-15T10:15:16.073032-05:00,1190828-20565614712,99846.0,PEN,Soles,2026-03-03T00:00:00-05:00
ocds-dgv273-seacev3-1188262,ocds-dgv273-seacev3-1188262-2026-03-15T10:15:16.057001-05:00,1188262-20487292401,451000.0,PEN,Soles,2026-02-26T00:00:00-05:00
ocds-dgv273-seacev3-1190184,ocds-dgv273-seacev3-1190184-2026-03-15T10:15:15.980308-05:00,1190184-10422973147,16000.0,PEN,Nuevos Soles,2026-02-26T00:00:00-05:00
ocds-dgv273-seacev3-1190331,ocds-dgv273-seacev3-1190331-2026-03-15T10:15:15.828113-05:00,1190331-20605216952,56462.0,PEN,Soles,2026-02-27T00:00:00-05:00
ocds-dgv273-seacev3-1195637,ocds-dgv273-seacev3-1195637-2026-03-15T10:15:15.725210-05:00,1195637-10086079815,24000.0,PEN,Soles,2026-03-12T00:00:00-05:00
ocds-dgv273-seacev3-2026-589-1,ocds-dgv273-seacev3-2026-589-1-2026-03-15T10:15:14.964064-05:00,1188167-20287233851,70560.0,PEN,Soles,2026-02-25T00:00:00-05:00
ocds-dgv273-seacev3-1188160,ocds-dgv273-seacev3-1188160-2026-03-15T10:15:14.401859-05:00,1188160-1767273,190727.4,PEN,Soles,2026-02-27T00:00:00-05:00
ocds-dgv273-seacev3-1191438,ocds-dgv273-seacev3-1191438-2026-03-15T10:15:14.060263-05:00,1191438-10101065117,98000.0,PEN,Soles,2026-03-09T00:00:00-05:00
ocds-dgv273-seacev3-1191343,ocds-dgv273-seacev3-1191343-2026-03-15T10:15:13.897276-05:00,1191343-10473099123,24000.0,PEN,Soles,2026-03-13T00:00:00-05:00
ocds-dgv273-seacev3-1188639,ocds-dgv273-seacev3-1188639-2026-03-15T10:15:13.092497-05:00,1188639-10405268359,66000.0,PEN,Soles,2026-02-25T00:00:00-05:00
ocds-dgv273-seacev3-1194752,ocds-dgv273-seacev3-1194752-2026-03-15T10:15:12.914809-05:00,1194752-10717111988,50000.0,PEN,Soles,2026-03-10T00:00:00-05:00
ocds-dgv273-seacev3-2026-1227-4,ocds-dgv273-seacev3-2026-1227-4-2026-03-15T10:15:12.711891-05:00,1188602-20613540661,513000.0,PEN,Soles,2026-02-26T00:00:00-05:00
ocds-dgv273-seacev3-1191164,ocds-dgv273-seacev3-1191164-2026-03-15T10:15:12.678075-05:00,1191164-20512831983,1467944.4,PEN,Soles,2026-03-03T00:00:00-05:00
ocds-dgv273-seacev3-1191866,ocds-dgv273-seacev3-1191866-2026-03-15T10:15:12.638902-05:00,1191866-10738782343,16000.0,PEN,Soles,2026-03-02T00:00:00-05:00
ocds-dgv273-seacev3-1190728,ocds-dgv273-seacev3-1190728-2026-03-15T10:15:12.472731-05:00,1190728-20537824345,95620.0,PEN,Soles,2026-03-03T00:00:00-05:00
ocds-dgv273-seacev3-2026-1780-4,ocds-dgv273-seacev3-2026-1780-4-2026-03-15T10:15:12.183160-05:00,1188594-20600571916,205378.6,PEN,Soles,2026-03-02T00:00:00-05:00
ocds-dgv273-seacev3-1187435,ocds-dgv273-seacev3-1187435-2026-03-15T10:15:10.863587-05:00,1187435-10437155254,16000.0,PEN,Nuevos Soles,2026-03-03T00:00:00-05:00
ocds-dgv273-seacev3-1187843,ocds-dgv273-seacev3-1187843-2026-03-15T10:15:10.780719-05:00,1187843-20494224748,125398.8,PEN,Soles,2026-03-04T00:00:00-05:00
ocds-dgv273-seacev3-2026-1090-1,ocds-dgv273-seacev3-2026-1090-1-2026-03-15T10:15:10.680707-05:00,1186744-20611902329,94885.12,PEN,Soles,2026-02-23T00:00:00-05:00
ocds-dgv273-seacev3-1187780,ocds-dgv273-seacev3-1187780-2026-03-15T10:15:10.622873-05:00,1187780-10266748529,82000.0,PEN,Soles,2026-02-27T00:00:00-05:00
ocds-dgv273-seacev3-2026-1862-2,ocds-dgv273-seacev3-2026-1862-2-2026-03-15T10:15:10.588729-05:00,1188194-20600736923,99196.5,PEN,Soles,2026-02-26T00:00:00-05:00
ocds-dgv273-seacev3-1187216,ocds-dgv273-seacev3-1187216-2026-03-15T10:15:10.503330-05:00,1187216-20511037001,53817.4,PEN,Soles,2026-02-24T00:00:00-05:00
ocds-dgv273-seacev3-1187244,ocds-dgv273-seacev3-1187244-2026-03-15T10:15:10.416665-05:00,1187244-10702184211,24000.0,PEN,Nuevos Soles,2026-03-03T00:00:00-05:00
ocds-dgv273-seacev3-1186687,ocds-dgv273-seacev3-1186687-2026-03-15T10:15:10.302192-05:00,1186687-20611118032,49209.6,PEN,Soles,2026-02-23T00:00:00-05:00
ocds-dgv273-seacev3-2026-1268-1,ocds-dgv273-seacev3-2026-1268-1-2026-03-15T10:15:10.286763-05:00,1186407-20560125594,215400.0,PEN,Soles,2026-02-18T00:00:00-05:00
ocds-dgv273-seacev3-1186806,ocds-dgv273-seacev3-1186806-2026-03-15T10:15:10.207064-05:00,1186806-1767585,52500.0,PEN,Soles,2026-03-05T00:00:00-05:00
ocds-dgv273-seacev3-2026-188-1,ocds-dgv273-seacev3-2026-188-1-2026-03-15T10:15:09.779878-05:00,1187581-20530880746,158700.0,PEN,Soles,2026-02-23T00:00:00-05:00
ocds-dgv273-seacev3-1187548,ocds-dgv273-seacev3-1187548-2026-03-15T10:15:09.737304-05:00,1187548-10456447797,16000.0,PEN,Nuevos Soles,2026-03-03T00:00:00-05:00
ocds-dgv273-seacev3-1187203,ocds-dgv273-seacev3-1187203-2026-03-15T10:15:09.666455-05:00,1187203-10449259675,24000.0,PEN,Nuevos Soles,2026-03-03T00:00:00-05:00
ocds-dgv273-seacev3-1186808,ocds-dgv273-seacev3-1186808-2026-03-15T10:15:09.533729-05:00,1186808-1765819,4417206.78,PEN,Soles,2026-02-20T00:00:00-05:00
ocds-dgv273-seacev3-1187631,ocds-dgv273-seacev3-1187631-2026-03-15T10:15:09.399867-05:00,1187631-20602144161,58952.39,PEN,Soles,2026-02-26T00:00:00-05:00
ocds-dgv273-seacev3-2026-2009-40,ocds-dgv273-seacev3-2026-2009-40-2026-03-15T10:15:09.015288-05:00,1187475-20609660750,259000.0,PEN,Soles,2026-02-20T00:00:00-05:00
ocds-dgv273-seacev3-1191741,ocds-dgv273-seacev3-1191741-2026-03-15T10:15:04.796766-05:00,1191741-10447560386,16000.0,PEN,Soles,2026-03-13T00:00:00-05:00
ocds-dgv273-seacev3-1189605,ocds-dgv273-seacev3-1189605-2026-03-15T10:15:04.560790-05:00,1189605-10631300931,86002.8,PEN,Soles,2026-02-25T00:00:00-05:00
ocds-dgv273-seacev3-2026-200430-4,ocds-dgv273-seacev3-2026-200430-4-2026-03-15T10:15:04.171357-05:00,1190833-20404440501,432432.0,PEN,Soles,2026-03-06T00:00:00-05:00
ocds-dgv273-seacev3-1190232,ocds-dgv273-seacev3-1190232-2026-03-15T10:15:02.992928-05:00,1190232-10605400863,12000.0,PEN,Nuevos Soles,2026-02-26T00:00:00-05:00
ocds-dgv273-seacev3-1190228,ocds-dgv273-seacev3-1190228-2026-03-15T10:15:02.978820-05:00,1190228-10471447591,18000.0,PEN,Nuevos Soles,2026-02-26T00:00:00-05:00
ocds-dgv273-seacev3-1191799,ocds-dgv273-seacev3-1191799-2026-03-15T10:15:02.768987-05:00,1191799-10434803379,12000.0,PEN,Soles,2026-03-02T00:00:00-05:00
ocds-dgv273-seacev3-1191454,ocds-dgv273-seacev3-1191454-2026-03-15T10:15:02.546059-05:00,1191454-10451872686,40000.0,PEN,Soles,2026-03-13T00:00:00-05:00
ocds-dgv273-seacev3-1191350,ocds-dgv273-seacev3-1191350-2026-03-15T10:15:01.596027-05:00,1191350-10447725407,24000.0,PEN,Soles,2026-03-13T00:00:00-05:00
ocds-dgv273-seacev3-1191876,ocds-dgv273-seacev3-1191876-2026-03-15T10:15:01.305980-05:00,1191876-10702949691,16000.0,PEN,Soles,2026-03-02T00:00:00-05:00
ocds-dgv273-seacev3-1190242,ocds-dgv273-seacev3-1190242-2026-03-15T10:15:01.014523-05:00,1190242-10471495374,16000.0,PEN,Nuevos Soles,2026-02-27T00:00:00-05:00
ocds-dgv273-seacev3-2026-10249-35,ocds-dgv273-seacev3-2026-10249-35-2026-03-15T10:15:00.999606-05:00,1189769-15501775212,84000.0,PEN,Soles,2026-03-09T00:00:00-05:00
ocds-dgv273-seacev3-1189813,ocds-dgv273-seacev3-1189813-2026-03-15T10:15:00.832456-05:00,1189813-20608746073,83880.0,PEN,Soles,2026-03-10T00:00:00-05:00
ocds-dgv273-seacev3-1189202,ocds-dgv273-seacev3-1189202-2026-03-15T10:15:00.679383-05:00,1189202-20467305931,82057.2,PEN,Soles,2026-03-02T00:00:00-05:00
ocds-dgv273-seacev3-1195184,ocds-dgv273-seacev3-1195184-2026-03-15T10:15:00.338512-05:00,1195184-10405447326,65010.0,PEN,Soles,2026-03-11T00:00:00-05:00
ocds-dgv273-seacev3-1187480,ocds-dgv273-seacev3-1187480-2026-03-15T10:14:59.713816-05:00,1187480-10475897876,18000.0,PEN,Nuevos Soles,2026-03-03T00:00:00-05:00
ocds-dgv273-seacev3-2026-200322-7,ocds-dgv273-seacev3-2026-200322-7-2026-03-15T10:14:59.671482-05:00,1188632-20614212382,194078.74,PEN,Soles,2026-03-03T00:00:00-05:00
ocds-dgv273-seacev3-1188663,ocds-dgv273-seacev3-1188663-2026-03-15T10:14:59.646300-05:00,1188663-1768221,87900.0,PEN,Soles,2026-02-27T00:00:00-05:00
ocds-dgv273-seacev3-1187260,ocds-dgv273-seacev3-1187260-2026-03-15T10:14:59.630311-05:00,1187260-20614663520,82400.0,PEN,Soles,2026-02-23T00:00:00-05:00
ocds-dgv273-seacev3-1188404,ocds-dgv273-seacev3-1188404-2026-03-15T10:14:59.602775-05:00,1188404-L0000001355,17540.0,USD,Dólar Norteamericano,2026-02-26T00:00:00-05:00
ocds-dgv273-seacev3-1188521,ocds-dgv273-seacev3-1188521-2026-03-15T10:14:59.518678-05:00,1188521-20612858935,390000.0,PEN,Soles,2026-03-02T00:00:00-05:00
ocds-dgv273-seacev3-1188092,ocds-dgv273-seacev3-1188092-2026-03-15T10:14:59.244462-05:00,1188092-1767252,394978.21,PEN,Soles,2026-02-26T00:00:00-05:00
ocds-dgv273-seacev3-1189867,ocds-dgv273-seacev3-1189867-2026-03-15T10:14:59.163761-05:00,1189867-20603757794,179600.0,PEN,Soles,2026-02-26T00:00:00-05:00
ocds-dgv273-seacev3-1187804,ocds-dgv273-seacev3-1187804-2026-03-15T10:14:59.145988-05:00,1187804-20606381264,96600.0,PEN,Soles,2026-02-27T00:00:00-05:00
ocds-dgv273-seacev3-1186715,ocds-dgv273-seacev3-1186715-2026-03-15T10:14:59.130375-05:00,1186715-1766130,1162057.83,PEN,Soles,2026-02-23T00:00:00-05:00
ocds-dgv273-seacev3-2026-1117-1,ocds-dgv273-seacev3-2026-1117-1-2026-03-15T10:14:58.975391-05:00,1186459-20541493795,149900.0,PEN,Soles,2026-02-19T00:00:00-05:00
ocds-dgv273-seacev3-1187207,ocds-dgv273-seacev3-1187207-2026-03-15T10:14:58.414338-05:00,1187207-10468896431,18000.0,PEN,Nuevos Soles,2026-03-03T00:00:00-05:00
ocds-dgv273-seacev3-1187837,ocds-dgv273-seacev3-1187837-2026-03-15T10:14:58.360256-05:00,1187837-20541653156,2549421.36,PEN,Soles,2026-02-24T00:00:00-05:00
ocds-dgv273-seacev3-1187393,ocds-dgv273-seacev3-1187393-2026-03-15T10:14:58.202731-05:00,1187393-10705795911,6000.0,PEN,Nuevos Soles,2026-03-03T00:00:00-05:00
ocds-dgv273-seacev3-1186928,ocds-dgv273-seacev3-1186928-2026-03-15T10:14:58.130756-05:00,1186928-10731950291,16000.0,PEN,Nuevos Soles,2026-02-26T00:00:00-05:00
ocds-dgv273-seacev3-1191450,ocds-dgv273-seacev3-1191450-2026-03-15T10:14:54.460468-05:00,1191450-10456058332,40000.0,PEN,Soles,2026-03-13T00:00:00-05:00
ocds-dgv273-seacev3-2026-10249-36,ocds-dgv273-seacev3-2026-10249-36-2026-03-15T10:14:53.542396-05:00,1191817-10433738921,45000.0,PEN,Soles,2026-03-12T00:00:00-05:00
ocds-dgv273-seacev3-1189708,ocds-dgv273-seacev3-1189708-2026-03-15T10:14:53.267936-05:00,1189708-20608000284,78000.0,PEN,Soles,2026-02-26T00:00:00-05:00
ocds-dgv273-seacev3-1188863,ocds-dgv273-seacev3-1188863-2026-03-15T10:14:53.227348-05:00,1188863-20600429150,7094910.0,PEN,Soles,2026-02-18T00:00:00-05:00
ocds-dgv273-seacev3-1190121,ocds-dgv273-seacev3-1190121-2026-03-15T10:14:53.065204-05:00,1190121-20608134515,99540.0,PEN,Soles,2026-02-26T00:00:00-05:00
ocds-dgv273-seacev3-2026-10507-10,ocds-dgv273-seacev3-2026-10507-10-2026-03-15T10:14:53.051072-05:00,1189891-20613972880,51972.9,PEN,Soles,2026-02-26T00:00:00-05:00
ocds-dgv273-seacev3-1188700,ocds-dgv273-seacev3-1188700-2026-03-15T10:14:52.938139-05:00,1188700-20610592865,370353.0,PEN,Soles,2026-03-06T00:00:00-05:00
ocds-dgv273-seacev3-1190197,ocds-dgv273-seacev3-1190197-2026-03-15T10:14:52.809117-05:00,1190197-10487012519,12000.0,PEN,Nuevos Soles,2026-02-26T00:00:00-05:00
ocds-dgv273-seacev3-1189528,ocds-dgv273-seacev3-1189528-2026-03-15T10:14:52.540077-05:00,1189528-20523476379,986504.71,PEN,Soles,2026-03-03T00:00:00-05:00
ocds-dgv273-seacev3-1189155,ocds-dgv273-seacev3-1189155-2026-03-15T10:14:52.526007-05:00,1189155-20600100557,127893.6,PEN,Soles,2026-02-27T00:00:00-05:00
ocds-dgv273-seacev3-1191539,ocds-dgv273-seacev3-1191539-2026-03-15T10:14:52.422943-05:00,1191539-10448712601,12000.0,PEN,Soles,2026-03-13T00:00:00-05:00
ocds-dgv273-seacev3-1190239,ocds-dgv273-seacev3-1190239-2026-03-15T10:14:52.376755-05:00,1190239-10066724200,16000.0,PEN,Nuevos Soles,2026-02-27T00:00:00-05:00
ocds-dgv273-seacev3-2026-1701-1,ocds-dgv273-seacev3-2026-1701-1-2026-03-15T10:14:52.094222-05:00,1188854-20406493441,244686.5,PEN,Soles,2026-03-02T00:00:00-05:00
ocds-dgv273-seacev3-1191802,ocds-dgv273-seacev3-1191802-2026-03-15T10:14:51.432694-05:00,1191802-10463478835,16000.0,PEN,Soles,2026-03-02T00:00:00-05:00
ocds-dgv273-seacev3-1190251,ocds-dgv273-seacev3-1190251-2026-03-15T10:14:51.420538-05:00,1190251-10464809835,24000.0,PEN,Nuevos Soles,2026-02-27T00:00:00-05:00
ocds-dgv273-seacev3-1189995,ocds-dgv273-seacev3-1189995-2026-03-15T10:14:51.209457-05:00,1189995-10267021614,93166.52,PEN,Soles,2026-02-26T00:00:00-05:00
ocds-dgv273-seacev3-2026-2009-52,ocds-dgv273-seacev3-2026-2009-52-2026-03-15T10:14:49.881977-05:00,1189008-10444256279,281400.0,PEN,Soles,2026-02-26T00:00:00-05:00
ocds-dgv273-seacev3-1189876,ocds-dgv273-seacev3-1189876-2026-03-15T10:14:49.428111-05:00,1189876-10431135464,16000.0,PEN,Nuevos Soles,2026-02-27T00:00:00-05:00
ocds-dgv273-seacev3-1189860,ocds-dgv273-seacev3-1189860-2026-03-15T10:14:49.414063-05:00,1189860-10722146862,12000.0,PEN,Nuevos Soles,2026-02-27T00:00:00-05:00
ocds-dgv273-seacev3-1191895,ocds-dgv273-seacev3-1191895-2026-03-15T10:14:49.317352-05:00,1191895-10700113898,16000.0,PEN,Soles,2026-03-02T00:00:00-05:00
ocds-dgv273-seacev3-2026-10249-32,ocds-dgv273-seacev3-2026-10249-32-2026-03-15T10:14:48.850300-05:00,1190908-20515137972,53500.0,PEN,Soles,2026-03-09T00:00:00-05:00
ocds-dgv273-seacev3-1187691,ocds-dgv273-seacev3-1187691-2026-03-15T10:14:48.436804-05:00,1187691-20368953149,257917.0,PEN,Soles,2026-02-24T00:00:00-05:00
ocds-dgv273-seacev3-1187462,ocds-dgv273-seacev3-1187462-2026-03-15T10:14:48.308542-05:00,1187462-10404789452,16000.0,PEN,Nuevos Soles,2026-03-03T00:00:00-05:00
ocds-dgv273-seacev3-1188628,ocds-dgv273-seacev3-1188628-2026-03-15T10:14:47.915974-05:00,1188628-20613832913,105818.0,PEN,Soles,2026-02-26T00:00:00-05:00
ocds-dgv273-seacev3-1187612,ocds-dgv273-seacev3-1187612-2026-03-15T10:14:47.719848-05:00,1187612-10046474975,24000.0,PEN,Nuevos Soles,2026-03-03T00:00:00-05:00
ocds-dgv273-seacev3-1187140,ocds-dgv273-seacev3-1187140-2026-03-15T10:14:47.705788-05:00,1187140-10722514314,12000.0,PEN,Nuevos Soles,2026-02-26T00:00:00-05:00
ocds-dgv273-seacev3-1186258,ocds-dgv273-seacev3-1186258-2026-03-15T10:14:47.647162-05:00,1186258-1766095,940554.72,PEN,Soles,2026-02-18T00:00:00-05:00
ocds-dgv273-seacev3-2026-286-1,ocds-dgv273-seacev3-2026-286-1-2026-03-15T10:14:47.632715-05:00,1185303-20530880746,97726.0,PEN,Soles,2026-02-12T00:00:00-05:00
ocds-dgv273-seacev3-2026-850-5,ocds-dgv273-seacev3-2026-850-5-2026-03-15T10:14:47.602666-05:00,1186705-1765834,78000.0,PEN,Soles,2026-02-20T00:00:00-05:00
ocds-dgv273-seacev3-1190450,ocds-dgv273-seacev3-1190450-2026-03-15T10:14:47.585978-05:00,1190450-1768325,1477886.67,PEN,Soles,2026-02-27T00:00:00-05:00
ocds-dgv273-seacev3-1187352,ocds-dgv273-seacev3-1187352-2026-03-15T10:14:47.268557-05:00,1187352-20610181717,71856.0,PEN,Soles,2026-02-20T00:00:00-05:00
ocds-dgv273-seacev3-1186253,ocds-dgv273-seacev3-1186253-2026-03-15T10:14:47.142954-05:00,1186253-20607762539,64850.82,PEN,Soles,2026-02-23T00:00:00-05:00
ocds-dgv273-seacev3-1186503,ocds-dgv273-seacev3-1186503-2026-03-15T10:14:46.984241-05:00,1186503-20534206721,155326.77,PEN,Nuevos Soles,2026-02-19T18:01:33-05:00
ocds-dgv273-seacev3-2026-1819-2,ocds-dgv273-seacev3-2026-1819-2-2026-03-15T10:14:46.970542-05:00,1187742-20600519051,64738.8,PEN,Soles,2026-02-20T00:00:00-05:00
ocds-dgv273-seacev3-2026-1731-5,ocds-dgv273-seacev3-2026-1731-5-2026-03-15T10:14:46.956207-05:00,1187602-20612436739,59881.0,PEN,Soles,2026-02-17T00:00:00-05:00
ocds-dgv273-seacev3-2026-1330-3,ocds-dgv273-seacev3-2026-1330-3-2026-03-15T10:14:46.923495-05:00,1186864-20607452921,250000.0,PEN,Soles,2026-02-20T00:00:00-05:00
ocds-dgv273-seacev3-2026-49-60,ocds-dgv273-seacev3-2026-49-60-2026-03-15T10:14:46.846169-05:00,1186879-20613107828,56210.0,PEN,Soles,2026-02-17T00:00:00-05:00
ocds-dgv273-seacev3-2026-10457-10,ocds-dgv273-seacev3-2026-10457-10-2026-03-15T10:14:46.795564-05:00,1186317-10232134394,66133.0,PEN,Soles,2026-02-16T00:00:00-05:00
ocds-dgv273-seacev3-2026-1995-79,ocds-dgv273-seacev3-2026-1995-79-2026-03-15T10:14:42.515621-05:00,1188307-20602025234,199200.0,PEN,Soles,2026-02-27T00:00:00-05:00
ocds-dgv273-seacev3-2026-2009-62,ocds-dgv273-seacev3-2026-2009-62-2026-03-15T10:14:41.967995-05:00,1188653-20601832870,50830.0,PEN,Soles,2026-02-25T00:00:00-05:00
ocds-dgv273-seacev3-1191666,ocds-dgv273-seacev3-1191666-2026-03-15T10:14:41.724523-05:00,1191666-10765632833,24000.0,PEN,Soles,2026-03-02T00:00:00-05:00
ocds-dgv273-seacev3-1189723,ocds-dgv273-seacev3-1189723-2026-03-15T10:14:41.526886-05:00,1189723-20610474790,62155.0,PEN,Soles,2026-02-26T00:00:00-05:00
ocds-dgv273-seacev3-1190245,ocds-dgv273-seacev3-1190245-2026-03-15T10:14:41.447747-05:00,1190245-10461398460,16000.0,PEN,Nuevos Soles,2026-02-27T00:00:00-05:00
ocds-dgv273-seacev3-1189883,ocds-dgv273-seacev3-1189883-2026-03-15T10:14:40.936499-05:00,1189883-20606702362,61200.0,PEN,Soles,2026-02-27T00:00:00-05:00
ocds-dgv273-seacev3-1190199,ocds-dgv273-seacev3-1190199-2026-03-15T10:14:40.477872-05:00,1190199-10472693617,12000.0,PEN,Nuevos Soles,2026-02-26T00:00:00-05:00
ocds-dgv273-seacev3-1191088,ocds-dgv273-seacev3-1191088-2026-03-15T10:14:40.436703-05:00,1191088-20610434551,183638.4,PEN,Soles,2026-03-13T00:00:00-05:00
ocds-dgv273-seacev3-1191885,ocds-dgv273-seacev3-1191885-2026-03-15T10:14:40.050562-05:00,1191885-10462724565,16000.0,PEN,Soles,2026-03-02T00:00:00-05:00
ocds-dgv273-seacev3-1191875,ocds-dgv273-seacev3-1191875-2026-03-15T10:14:39.637150-05:00,1191875-10727036933,8000.0,PEN,Soles,2026-03-02T00:00:00-05:00
ocds-dgv273-seacev3-1191867,ocds-dgv273-seacev3-1191867-2026-03-15T10:14:39.623211-05:00,1191867-10470451578,16000.0,PEN,Soles,2026-03-02T00:00:00-05:00
ocds-dgv273-seacev3-1191947,ocds-dgv273-seacev3-1191947-2026-03-15T10:14:39.322970-05:00,1191947-10739614452,96225.0,PEN,Soles,2026-03-05T00:00:00-05:00
ocds-dgv273-seacev3-2026-557-1,ocds-dgv273-seacev3-2026-557-1-2026-03-15T10:14:39.249474-05:00,1188981-20452349915,90036.46,PEN,Soles,2026-03-02T00:00:00-05:00
ocds-dgv273-seacev3-1190256,ocds-dgv273-seacev3-1190256-2026-03-15T10:14:39.222272-05:00,1190256-20600571916,276916.5,PEN,Soles,2026-03-05T00:00:00-05:00
ocds-dgv273-seacev3-1191809,ocds-dgv273-seacev3-1191809-2026-03-15T10:14:39.166164-05:00,1191809-10459578973,24000.0,PEN,Soles,2026-03-02T00:00:00-05:00
ocds-dgv273-seacev3-1191942,ocds-dgv273-seacev3-1191942-2026-03-15T10:14:38.196707-05:00,1191942-10092494336,233800.0,PEN,Soles,2026-03-11T00:00:00-05:00
ocds-dgv273-seacev3-1189941,ocds-dgv273-seacev3-1189941-2026-03-15T10:14:38.107579-05:00,1189941-10736342524,18000.0,PEN,Nuevos Soles,2026-02-27T00:00:00-05:00
ocds-dgv273-seacev3-1188448,ocds-dgv273-seacev3-1188448-2026-03-15T10:14:37.052937-05:00,1188448-10224089665,60000.0,PEN,Soles,2026-02-18T00:00:00-05:00
ocds-dgv273-seacev3-1187821,ocds-dgv273-seacev3-1187821-2026-03-15T10:14:37.034193-05:00,1187821-20506248036,96525.0,PEN,Soles,2026-02-27T00:00:00-05:00
ocds-dgv273-seacev3-1187503,ocds-dgv273-seacev3-1187503-2026-03-15T10:14:37.020044-05:00,1187503-10454181226,16000.0,PEN,Nuevos Soles,2026-03-03T00:00:00-05:00
ocds-dgv273-seacev3-1187135,ocds-dgv273-seacev3-1187135-2026-03-15T10:14:36.808560-05:00,1187135-20338570041,165687.8,PEN,Soles,2026-02-26T00:00:00-05:00
ocds-dgv273-seacev3-2026-1330-2,ocds-dgv273-seacev3-2026-1330-2-2026-03-15T10:14:36.791701-05:00,1186856-20606962071,167000.0,PEN,Soles,2026-02-20T00:00:00-05:00
ocds-dgv273-seacev3-1187838,ocds-dgv273-seacev3-1187838-2026-03-15T10:14:36.719011-05:00,1187838-10002314385,84000.0,PEN,Soles,2026-02-16T00:00:00-05:00
ocds-dgv273-seacev3-2026-270-47,ocds-dgv273-seacev3-2026-270-47-2026-03-15T10:14:36.595621-05:00,1188989-20611109246,190400.0,PEN,Soles,2026-02-27T00:00:00-05:00
ocds-dgv273-seacev3-1187532,ocds-dgv273-seacev3-1187532-2026-03-15T10:14:36.464213-05:00,1187532-10107343020,16000.0,PEN,Nuevos Soles,2026-03-03T00:00:00-05:00
ocds-dgv273-seacev3-2026-1895-18,ocds-dgv273-seacev3-2026-1895-18-2026-03-15T10:14:36.449873-05:00,1187226-20409473459,295875.0,PEN,Soles,2026-02-23T00:00:00-05:00
ocds-dgv273-seacev3-1185826,ocds-dgv273-seacev3-1185826-2026-03-15T10:14:36.115219-05:00,1185826-20511037001,115177.0,PEN,Soles,2026-02-12T00:00:00-05:00
ocds-dgv273-seacev3-1187855,ocds-dgv273-seacev3-1187855-2026-03-15T10:14:35.681757-05:00,1187855-10436197671,150000.0,PEN,Soles,2026-02-24T00:00:00-05:00
ocds-dgv273-seacev3-2026-993-1,ocds-dgv273-seacev3-2026-993-1-2026-03-15T10:14:35.625170-05:00,1187539-20600119886,325669.6,PEN,Soles,2026-02-23T00:00:00-05:00
ocds-dgv273-seacev3-2026-1731-11,ocds-dgv273-seacev3-2026-1731-11-2026-03-15T10:14:35.585120-05:00,1186775-20448076378,71800.0,PEN,Soles,2026-02-19T00:00:00-05:00
ocds-dgv273-seacev3-1187213,ocds-dgv273-seacev3-1187213-2026-03-15T10:14:35.542552-05:00,1187213-10701959626,18000.0,PEN,Nuevos Soles,2026-03-03T00:00:00-05:00
ocds-dgv273-seacev3-1187158,ocds-dgv273-seacev3-1187158-2026-03-15T10:14:35.528647-05:00,1187158-10074918854,24000.0,PEN,Nuevos Soles,2026-02-26T00:00:00-05:00
ocds-dgv273-seacev3-1187113,ocds-dgv273-seacev3-1187113-2026-03-15T10:14:35.514736-05:00,1187113-10727587212,6000.0,PEN,Nuevos Soles,2026-02-26T00:00:00-05:00
ocds-dgv273-seacev3-2026-1731-21,ocds-dgv273-seacev3-2026-1731-21-2026-03-15T10:14:35.411910-05:00,1186803-20511037001,194390.0,PEN,Soles,2026-02-17T00:00:00-05:00
ocds-dgv273-seacev3-2026-1788-1,ocds-dgv273-seacev3-2026-1788-1-2026-03-15T10:14:35.397162-05:00,1186666-1766581,166808.0,PEN,Soles,2026-02-23T00:00:00-05:00
ocds-dgv273-seacev3-1187639,ocds-dgv273-seacev3-1187639-2026-03-15T10:14:35.383222-05:00,1187639-10433764485,30000.0,PEN,Nuevos Soles,2026-03-03T00:00:00-05:00
ocds-dgv273-seacev3-1187636,ocds-dgv273-seacev3-1187636-2026-03-15T10:14:34.909140-05:00,1187636-10425201617,6000.0,PEN,Nuevos Soles,2026-03-03T00:00:00-05:00
ocds-dgv273-seacev3-2026-270-28,ocds-dgv273-seacev3-2026-270-28-2026-03-15T10:14:30.727698-05:00,1188993-1768158,80000.0,PEN,Soles,2026-02-27T00:00:00-05:00
ocds-dgv273-seacev3-2026-10249-39,ocds-dgv273-seacev3-2026-10249-39-2026-03-15T10:14:30.443970-05:00,1191882-10107006651,50000.0,PEN,Soles,2026-03-12T00:00:00-05:00
ocds-dgv273-seacev3-1189424,ocds-dgv273-seacev3-1189424-2026-03-15T10:14:30.343523-05:00,1189424-10442012682,16000.0,PEN,Soles,2026-02-24T00:00:00-05:00
ocds-dgv273-seacev3-1191308,ocds-dgv273-seacev3-1191308-2026-03-15T10:14:30.169290-05:00,1191308-20606475510,720000.0,PEN,Soles,2026-03-02T00:00:00-05:00
ocds-dgv273-seacev3-1190992,ocds-dgv273-seacev3-1190992-2026-03-15T10:14:30.121738-05:00,1190992-10428323616,97920.0,PEN,Soles,2026-03-04T00:00:00-05:00
ocds-dgv273-seacev3-2026-746-2,ocds-dgv273-seacev3-2026-746-2-2026-03-15T10:14:29.651185-05:00,1188894-20602288111,145000.0,PEN,Soles,2026-03-05T00:00:00-05:00
ocds-dgv273-seacev3-1189711,ocds-dgv273-seacev3-1189711-2026-03-15T10:14:29.414876-05:00,1189711-20610474790,54135.0,PEN,Soles,2026-02-26T00:00:00-05:00
ocds-dgv273-seacev3-1191523,ocds-dgv273-seacev3-1191523-2026-03-15T10:14:29.347123-05:00,1191523-10106071981,40000.0,PEN,Soles,2026-03-13T00:00:00-05:00
ocds-dgv273-seacev3-1184439,ocds-dgv273-seacev3-1184439-2026-03-15T10:14:28.960565-05:00,1184439-20256211310,3850000.0,PEN,Soles,2026-03-11T00:00:00-05:00
ocds-dgv273-seacev3-1191419,ocds-dgv273-seacev3-1191419-2026-03-15T10:14:28.900732-05:00,1191419-20338570041,94200.0,PEN,Soles,2026-03-02T00:00:00-05:00
ocds-dgv273-seacev3-2026-90-1,ocds-dgv273-seacev3-2026-90-1-2026-03-15T10:14:28.261596-05:00,1187451-20611819367,227384.0,PEN,Soles,2026-03-05T00:00:00-05:00
ocds-dgv273-seacev3-1189828,ocds-dgv273-seacev3-1189828-2026-03-15T10:14:28.089031-05:00,1189828-10704089428,12000.0,PEN,Nuevos Soles,2026-02-27T00:00:00-05:00
ocds-dgv273-seacev3-1190168,ocds-dgv273-seacev3-1190168-2026-03-15T10:14:27.769131-05:00,1190168-10734694997,12000.0,PEN,Nuevos Soles,2026-02-26T00:00:00-05:00
ocds-dgv273-seacev3-2026-1609-1,ocds-dgv273-seacev3-2026-1609-1-2026-03-15T10:14:25.975598-05:00,1187400-20526112700,239989.0,PEN,Soles,2026-02-19T00:00:00-05:00
ocds-dgv273-seacev3-2026-42031-9,ocds-dgv273-seacev3-2026-42031-9-2026-03-15T10:14:25.961426-05:00,1187217-L0000006053,23133.7,PEN,Soles,2026-02-20T00:00:00-05:00
ocds-dgv273-seacev3-1188102,ocds-dgv273-seacev3-1188102-2026-03-15T10:14:25.759980-05:00,1188102-20606572159,63371.0,PEN,Soles,2026-02-23T00:00:00-05:00
ocds-dgv273-seacev3-2026-10438-3,ocds-dgv273-seacev3-2026-10438-3-2026-03-15T10:14:25.738922-05:00,1187404-20605844139,59368.0,PEN,Soles,2026-02-19T00:00:00-05:00
ocds-dgv273-seacev3-1187149,ocds-dgv273-seacev3-1187149-2026-03-15T10:14:25.623731-05:00,1187149-10725799042,16000.0,PEN,Nuevos Soles,2026-02-26T00:00:00-05:00
ocds-dgv273-seacev3-1186977,ocds-dgv273-seacev3-1186977-2026-03-15T10:14:25.599602-05:00,1186977-10418436978,30000.0,PEN,Soles,2026-02-26T00:00:00-05:00
ocds-dgv273-seacev3-2026-10249-72,ocds-dgv273-seacev3-2026-10249-72-2026-03-15T10:14:25.532134-05:00,1188146-10062562795,117480.0,PEN,Soles,2026-02-27T00:00:00-05:00
ocds-dgv273-seacev3-1187950,ocds-dgv273-seacev3-1187950-2026-03-15T10:14:25.486053-05:00,1187950-10181625819,60000.0,PEN,Soles,2026-02-27T00:00:00-05:00
ocds-dgv273-seacev3-2026-200130-4,ocds-dgv273-seacev3-2026-200130-4-2026-03-15T10:14:25.478936-05:00,1187034-10200597431,129586.6,PEN,Soles,2026-02-17T00:00:00-05:00
ocds-dgv273-seacev3-2026-192-3,ocds-dgv273-seacev3-2026-192-3-2026-03-15T10:14:24.827170-05:00,1187325-20602882901,85232.18,PEN,Soles,2026-02-16T00:00:00-05:00
ocds-dgv273-seacev3-1187179,ocds-dgv273-seacev3-1187179-2026-03-15T10:14:24.784286-05:00,1187179-10430460001,24000.0,PEN,Nuevos Soles,2026-02-26T00:00:00-05:00
ocds-dgv273-seacev3-2026-10457-13,ocds-dgv273-seacev3-2026-10457-13-2026-03-15T10:14:24.770578-05:00,1186192-10232618529,51900.0,PEN,Soles,2026-02-11T00:00:00-05:00
ocds-dgv273-seacev3-2026-1485-1,ocds-dgv273-seacev3-2026-1485-1-2026-03-15T10:14:24.664483-05:00,1186380-20493640322,3527116.0,PEN,Soles,2026-02-16T00:00:00-05:00
ocds-dgv273-seacev3-2026-2356-6,ocds-dgv273-seacev3-2026-2356-6-2026-03-15T10:14:24.649420-05:00,1187764-20606961261,230836.32,PEN,Soles,2026-03-03T00:00:00-05:00
ocds-dgv273-seacev3-1187559,ocds-dgv273-seacev3-1187559-2026-03-15T10:14:24.593079-05:00,1187559-10467335729,12000.0,PEN,Nuevos Soles,2026-03-03T00:00:00-05:00
ocds-dgv273-seacev3-1187644,ocds-dgv273-seacev3-1187644-2026-03-15T10:14:24.179757-05:00,1187644-10454390607,24000.0,PEN,Nuevos Soles,2026-02-26T00:00:00-05:00
ocds-dgv273-seacev3-1187641,ocds-dgv273-seacev3-1187641-2026-03-15T10:14:24.165769-05:00,1187641-10411757531,24000.0,PEN,Nuevos Soles,2026-03-03T00:00:00-05:00
ocds-dgv273-seacev3-1190204,ocds-dgv273-seacev3-1190204-2026-03-15T10:14:19.142943-05:00,1190204-10167917769,24000.0,PEN,Nuevos Soles,2026-02-26T00:00:00-05:00
ocds-dgv273-seacev3-1190220,ocds-dgv273-seacev3-1190220-2026-03-15T10:14:18.860393-05:00,1190220-10471645040,24000.0,PEN,Nuevos Soles,2026-02-26T00:00:00-05:00
ocds-dgv273-seacev3-1190211,ocds-dgv273-seacev3-1190211-2026-03-15T10:14:18.695949-05:00,1190211-10420638359,16000.0,PEN,Nuevos Soles,2026-02-26T00:00:00-05:00
ocds-dgv273-seacev3-1189866,ocds-dgv273-seacev3-1189866-2026-03-15T10:14:18.512819-05:00,1189866-10728798446,12000.0,PEN,Nuevos Soles,2026-02-27T00:00:00-05:00
ocds-dgv273-seacev3-1188038,ocds-dgv273-seacev3-1188038-2026-03-15T10:14:18.309738-05:00,1188038-20605167498,81400.0,PEN,Soles,2026-03-02T00:00:00-05:00
ocds-dgv273-seacev3-1191814,ocds-dgv273-seacev3-1191814-2026-03-15T10:14:18.116450-05:00,1191814-10708315121,16000.0,PEN,Soles,2026-03-02T00:00:00-05:00
ocds-dgv273-seacev3-1191596,ocds-dgv273-seacev3-1191596-2026-03-15T10:14:17.534121-05:00,1191596-10249516649,60000.0,PEN,Soles,2026-03-04T00:00:00-05:00
ocds-dgv273-seacev3-1191788,ocds-dgv273-seacev3-1191788-2026-03-15T10:14:16.773089-05:00,1191788-10407952605,12000.0,PEN,Soles,2026-03-02T00:00:00-05:00
ocds-dgv273-seacev3-1187364,ocds-dgv273-seacev3-1187364-2026-03-15T10:14:16.442499-05:00,1187364-20603513208,58333.0,PEN,Soles,2026-02-20T00:00:00-05:00
ocds-dgv273-seacev3-1190431,ocds-dgv273-seacev3-1190431-2026-03-15T10:14:16.369133-05:00,1190431-20455189145,50050.0,PEN,Soles,2026-02-27T00:00:00-05:00
ocds-dgv273-seacev3-1188673,ocds-dgv273-seacev3-1188673-2026-03-15T10:14:16.270849-05:00,1188673-20600852346,176926.8,PEN,Soles,2026-02-27T00:00:00-05:00
ocds-dgv273-seacev3-1189902,ocds-dgv273-seacev3-1189902-2026-03-15T10:14:16.156884-05:00,1189902-10482860201,16000.0,PEN,Nuevos Soles,2026-02-27T00:00:00-05:00
ocds-dgv273-seacev3-2026-1216-4,ocds-dgv273-seacev3-2026-1216-4-2026-03-15T10:14:16.103053-05:00,1188274-20610907823,143100.0,PEN,Soles,2026-02-24T00:00:00-05:00
ocds-dgv273-seacev3-2026-10249-34,ocds-dgv273-seacev3-2026-10249-34-2026-03-15T10:14:16.032026-05:00,1189538-10076222474,84000.0,PEN,Soles,2026-03-11T00:00:00-05:00
ocds-dgv273-seacev3-2026-807-2,ocds-dgv273-seacev3-2026-807-2-2026-03-15T10:14:15.357480-05:00,1189414-20601227224,58500.0,PEN,Soles,2026-02-25T00:00:00-05:00
ocds-dgv273-seacev3-1187919,ocds-dgv273-seacev3-1187919-2026-03-15T10:14:14.777710-05:00,1187919-20480812582,327225.49,PEN,Soles,2026-02-24T00:00:00-05:00
ocds-dgv273-seacev3-2026-200377-1,ocds-dgv273-seacev3-2026-200377-1-2026-03-15T10:14:14.653618-05:00,1187423-20612295302,179025.0,PEN,Soles,2026-02-20T00:00:00-05:00
ocds-dgv273-seacev3-2026-1645-1,ocds-dgv273-seacev3-2026-1645-1-2026-03-15T10:14:14.517885-05:00,1187819-20483829672,132500.0,PEN,Soles,2026-02-23T00:00:00-05:00
ocds-dgv273-seacev3-2026-878-4,ocds-dgv273-seacev3-2026-878-4-2026-03-15T10:14:14.371554-05:00,1188130-10247108811,66240.0,PEN,Soles,2026-02-26T00:00:00-05:00
ocds-dgv273-seacev3-2026-200405-1,ocds-dgv273-seacev3-2026-200405-1-2026-03-15T10:14:14.343965-05:00,1187555-20359435364,368472.96,PEN,Soles,2026-02-20T00:00:00-05:00
ocds-dgv273-seacev3-1188696,ocds-dgv273-seacev3-1188696-2026-03-15T10:14:14.239271-05:00,1188696-20523476379,2563768.3,PEN,Soles,2026-02-27T00:00:00-05:00
ocds-dgv273-seacev3-2026-2436-12,ocds-dgv273-seacev3-2026-2436-12-2026-03-15T10:14:14.168817-05:00,1187795-20492504018,285096.0,PEN,Soles,2026-02-23T00:00:00-05:00
ocds-dgv273-seacev3-1188164,ocds-dgv273-seacev3-1188164-2026-03-15T10:14:14.133573-05:00,1188164-20511037001,178920.0,PEN,Soles,2026-02-24T00:00:00-05:00
ocds-dgv273-seacev3-1186995,ocds-dgv273-seacev3-1186995-2026-03-15T10:14:14.105095-05:00,1186995-10721837853,12000.0,PEN,Soles,2026-02-26T00:00:00-05:00
ocds-dgv273-seacev3-1187597,ocds-dgv273-seacev3-1187597-2026-03-15T10:14:13.463983-05:00,1187597-10257725346,16000.0,PEN,Nuevos Soles,2026-03-03T00:00:00-05:00
ocds-dgv273-seacev3-1187093,ocds-dgv273-seacev3-1187093-2026-03-15T10:14:13.425878-05:00,1187093-20602168965,321043.81,PEN,Soles,2026-02-20T00:00:00-05:00
ocds-dgv273-seacev3-1187176,ocds-dgv273-seacev3-1187176-2026-03-15T10:14:13.366954-05:00,1187176-10711986940,18000.0,PEN,Nuevos Soles,2026-03-02T00:00:00-05:00
ocds-dgv273-seacev3-1187165,ocds-dgv273-seacev3-1187165-2026-03-15T10:14:13.352472-05:00,1187165-20614663520,120000.0,PEN,Soles,2026-02-18T00:00:00-05:00
ocds-dgv273-seacev3-1186653,ocds-dgv273-seacev3-1186653-2026-03-15T10:14:13.270302-05:00,1186653-1764835,162500.0,PEN,Soles,2026-02-10T00:00:00-05:00
ocds-dgv273-seacev3-1187421,ocds-dgv273-seacev3-1187421-2026-03-15T10:14:13.038147-05:00,1187421-10449213756,16000.0,PEN,Nuevos Soles,2026-03-03T00:00:00-05:00
ocds-dgv273-seacev3-1186114,ocds-dgv273-seacev3-1186114-2026-03-15T10:14:12.825066-05:00,1186114-20511037001,534000.0,PEN,Soles,2026-02-13T00:00:00-05:00
ocds-dgv273-seacev3-1187642,ocds-dgv273-seacev3-1187642-2026-03-15T10:14:12.710052-05:00,1187642-10449031577,24000.0,PEN,Nuevos Soles,2026-03-03T00:00:00-05:00
ocds-dgv273-seacev3-1189346,ocds-dgv273-seacev3-1189346-2026-03-12T10:14:58.368931-05:00,1189346-10424038917,99900.0,PEN,Soles,2026-02-24T00:00:00-05:00
ocds-dgv273-seacev3-1189853,ocds-dgv273-seacev3-1189853-2026-03-12T10:14:57.677419-05:00,1189853-10708280238,78075.0,PEN,Soles,2026-02-26T00:00:00-05:00
ocds-dgv273-seacev3-1187525,ocds-dgv273-seacev3-1187525-2026-03-12T10:14:54.022702-05:00,1187525-20528037055,187669.22,PEN,Soles,2026-02-24T00:00:00-05:00
ocds-dgv273-seacev3-1188137,ocds-dgv273-seacev3-1188137-2026-03-12T10:14:53.520469-05:00,1188137-20519330017,98315.8,PEN,Soles,2026-02-25T00:00:00-05:00
ocds-dgv273-seacev3-2026-10581-2,ocds-dgv273-seacev3-2026-10581-2-2026-03-12T10:14:53.497817-05:00,1186814-10409359812,45135.8,PEN,Soles,2026-02-19T00:00:00-05:00
ocds-dgv273-seacev3-1187001,ocds-dgv273-seacev3-1187001-2026-03-12T10:14:53.458446-05:00,1187001-10252232830,71740.0,PEN,Soles,2026-02-23T00:00:00-05:00
ocds-dgv273-seacev3-2026-1593-31,ocds-dgv273-seacev3-2026-1593-31-2026-03-12T10:14:52.391156-05:00,1187672-20525863728,171045.0,PEN,Soles,2026-02-23T00:00:00-05:00
ocds-dgv273-seacev3-2026-1730-2,ocds-dgv273-seacev3-2026-1730-2-2026-03-12T10:14:52.354020-05:00,1187301-20405568773,117962.0,PEN,Soles,2026-02-25T00:00:00-05:00
ocds-dgv273-seacev3-2026-232-7,ocds-dgv273-seacev3-2026-232-7-2026-03-12T10:14:52.132707-05:00,1186479-1766705,1171237.51,PEN,Soles,2026-02-23T00:00:00-05:00
ocds-dgv273-seacev3-1190809,ocds-dgv273-seacev3-1190809-2026-03-12T10:14:46.205712-05:00,1190809-10447545735,239998.0,PEN,Soles,2026-03-03T00:00:00-05:00
ocds-dgv273-seacev3-1188984,ocds-dgv273-seacev3-1188984-2026-03-12T10:14:43.301749-05:00,1188984-1767146,121530.8,PEN,Soles,2026-02-24T00:00:00-05:00
ocds-dgv273-seacev3-2026-809-9,ocds-dgv273-seacev3-2026-809-9-2026-03-12T10:14:43.171832-05:00,1186700-20511037001,123200.0,PEN,Soles,2026-02-18T00:00:00-05:00
ocds-dgv273-seacev3-2026-823-1,ocds-dgv273-seacev3-2026-823-1-2026-03-12T10:14:42.933764-05:00,1188647-20527590648,96512.0,PEN,Soles,2026-02-26T00:00:00-05:00
ocds-dgv273-seacev3-1187363,ocds-dgv273-seacev3-1187363-2026-03-12T10:14:42.485153-05:00,1187363-20612295302,311079.0,PEN,Soles,2026-02-25T00:00:00-05:00
ocds-dgv273-seacev3-1188986,ocds-dgv273-seacev3-1188986-2026-03-12T10:14:33.531253-05:00,1188986-1767161,110460.8,PEN,Soles,2026-02-25T00:00:00-05:00
ocds-dgv273-seacev3-1188470,ocds-dgv273-seacev3-1188470-2026-03-12T10:14:33.047765-05:00,1188470-20601602912,5800.0,PEN,Soles,2026-02-20T00:00:00-05:00
ocds-dgv273-seacev3-1188013,ocds-dgv273-seacev3-1188013-2026-03-12T10:14:31.968992-05:00,1188013-20610349782,64895.0,PEN,Soles,2026-02-18T00:00:00-05:00
ocds-dgv273-seacev3-1187908,ocds-dgv273-seacev3-1187908-2026-03-12T10:14:31.836134-05:00,1187908-20539916379,308585.6,PEN,Soles,2026-02-23T00:00:00-05:00
ocds-dgv273-seacev3-1186032,ocds-dgv273-seacev3-1186032-2026-03-12T10:14:31.487589-05:00,1186032-20551755275,1230168.96,PEN,Soles,2026-02-13T00:00:00-05:00
ocds-dgv273-seacev3-1186032,ocds-dgv273-seacev3-1186032-2026-03-12T10:14:31.487589-05:00,1186032-20601090059,266097.0,PEN,Soles,2026-02-13T00:00:00-05:00
ocds-dgv273-seacev3-1186032,ocds-dgv273-seacev3-1186032-2026-03-12T10:14:31.487589-05:00,1186032-20601709300,216453.0,PEN,Soles,2026-02-13T00:00:00-05:00
ocds-dgv273-seacev3-1188284,ocds-dgv273-seacev3-1188284-2026-03-12T10:14:20.758817-05:00,1188284-10470097651,99865.0,PEN,Soles,2026-02-19T00:00:00-05:00
ocds-dgv273-seacev3-1187560,ocds-dgv273-seacev3-1187560-2026-03-12T10:14:20.434488-05:00,1187560-20610692690,161000.0,PEN,Soles,2026-02-20T00:00:00-05:00
ocds-dgv273-seacev3-1186362,ocds-dgv273-seacev3-1186362-2026-03-12T10:14:20.217116-05:00,1186362-10708280238,159745.0,PEN,Soles,2026-02-13T00:00:00-05:00
ocds-dgv273-seacev3-2026-2356-7,ocds-dgv273-seacev3-2026-2356-7-2026-03-12T10:14:19.686084-05:00,1187481-20606961261,215515.9,PEN,Soles,2026-03-02T00:00:00-05:00
ocds-dgv273-seacev3-1186702,ocds-dgv273-seacev3-1186702-2026-03-12T10:14:19.545168-05:00,1186702-10232698123,106200.0,PEN,Soles,2026-02-17T00:00:00-05:00
ocds-dgv273-seacev3-1189772,ocds-dgv273-seacev3-1189772-2026-03-12T10:14:16.424845-05:00,1189772-20106498386,2153.5,PEN,Soles,2026-03-09T00:00:00-05:00
ocds-dgv273-seacev3-2026-552-4,ocds-dgv273-seacev3-2026-552-4-2026-03-12T10:14:14.697133-05:00,1188338-20600008812,60600.0,PEN,Soles,2026-03-03T00:00:00-05:00
ocds-dgv273-seacev3-1188555,ocds-dgv273-seacev3-1188555-2026-03-12T10:14:14.205826-05:00,1188555-20539916379,59335.89,PEN,Soles,2026-02-27T00:00:00-05:00
ocds-dgv273-seacev3-1187530,ocds-dgv273-seacev3-1187530-2026-03-12T10:14:10.768529-05:00,1187530-20511037001,212977.3,PEN,Soles,2026-02-20T00:00:00-05:00
ocds-dgv273-seacev3-2026-1303-1,ocds-dgv273-seacev3-2026-1303-1-2026-03-12T10:14:10.552490-05:00,1185460-1767055,92084.83,PEN,Soles,2026-02-24T00:00:00-05:00
ocds-dgv273-seacev3-1187478,ocds-dgv273-seacev3-1187478-2026-03-12T10:14:09.602571-05:00,1187478-20377339461,67500.0,PEN,Soles,2026-02-20T00:00:00-05:00
ocds-dgv273-seacev3-1187878,ocds-dgv273-seacev3-1187878-2026-03-12T10:14:09.251010-05:00,1187878-20506248036,54008.0,PEN,Soles,2026-02-19T00:00:00-05:00
ocds-dgv273-seacev3-1187727,ocds-dgv273-seacev3-1187727-2026-03-12T10:14:09.182655-05:00,1187727-20501887286,190050.0,PEN,Soles,2026-02-27T00:00:00-05:00
ocds-dgv273-seacev3-1187645,ocds-dgv273-seacev3-1187645-2026-03-12T10:14:09.148536-05:00,1187645-20610602232,72711.09,PEN,Soles,2026-03-04T00:00:00-05:00
ocds-dgv273-seacev3-1186850,ocds-dgv273-seacev3-1186850-2026-03-12T10:14:08.872078-05:00,1186850-20534206721,189908.0,PEN,Soles,2026-02-18T00:00:00-05:00
ocds-dgv273-seacev3-1189842,ocds-dgv273-seacev3-1189842-2026-03-12T10:14:03.893372-05:00,1189842-10708280238,67318.0,PEN,Soles,2026-02-26T00:00:00-05:00
ocds-dgv273-seacev3-1188017,ocds-dgv273-seacev3-1188017-2026-03-12T10:14:01.922155-05:00,1188017-10028356086,99504.0,PEN,Soles,2026-02-24T00:00:00-05:00
ocds-dgv273-seacev3-1187147,ocds-dgv273-seacev3-1187147-2026-03-12T10:13:59.868440-05:00,1187147-20100136661,1717880.52,PEN,Soles,2026-02-17T00:00:00-05:00
ocds-dgv273-seacev3-1188833,ocds-dgv273-seacev3-1188833-2026-03-12T10:13:59.846864-05:00,1188833-10093161381,26805.0,PEN,Soles,2026-03-09T00:00:00-05:00
ocds-dgv273-seacev3-1187474,ocds-dgv273-seacev3-1187474-2026-03-12T10:13:59.171242-05:00,1187474-20603713703,196806.4,PEN,Soles,2026-02-20T00:00:00-05:00
ocds-dgv273-seacev3-1186755,ocds-dgv273-seacev3-1186755-2026-03-12T10:13:59.002591-05:00,1186755-20600182197,3096911.1,PEN,Soles,2026-02-16T00:00:00-05:00
ocds-dgv273-seacev3-1186572,ocds-dgv273-seacev3-1186572-2026-03-12T10:13:58.985872-05:00,1186572-20563136562,94351.86,PEN,Soles,2026-02-16T00:00:00-05:00
ocds-dgv273-seacev3-1187761,ocds-dgv273-seacev3-1187761-2026-03-12T10:13:58.943253-05:00,1187761-10742082844,98505.0,PEN,Soles,2026-02-17T00:00:00-05:00
ocds-dgv273-seacev3-1190535,ocds-dgv273-seacev3-1190535-2026-03-11T10:13:30.133050-05:00,1190535-10776750552,144675.0,PEN,Soles,2026-03-04T00:00:00-05:00
ocds-dgv273-seacev3-1191515,ocds-dgv273-seacev3-1191515-2026-03-11T10:13:29.488983-05:00,1191515-10432394994,32000.0,PEN,Soles,2026-02-27T00:00:00-05:00
ocds-dgv273-seacev3-1189704,ocds-dgv273-seacev3-1189704-2026-03-11T10:13:29.133135-05:00,1189704-20613825640,99600.0,PEN,Soles,2026-02-26T00:00:00-05:00
ocds-dgv273-seacev3-1189705,ocds-dgv273-seacev3-1189705-2026-03-11T10:13:29.026507-05:00,1189705-20600703405,99820.0,PEN,Soles,2026-02-26T00:00:00-05:00
ocds-dgv273-seacev3-1188175,ocds-dgv273-seacev3-1188175-2026-03-11T10:13:28.910507-05:00,1188175-10336720651,46800.0,PEN,Soles,2026-02-17T00:00:00-05:00
ocds-dgv273-seacev3-1189026,ocds-dgv273-seacev3-1189026-2026-03-11T10:13:27.011683-05:00,1189026-10098092752,87380.0,PEN,Soles,2026-02-24T00:00:00-05:00
ocds-dgv273-seacev3-2026-1947-164,ocds-dgv273-seacev3-2026-1947-164-2026-03-11T10:13:25.292496-05:00,1187170-L0000000306,215530.99,USD,Dólar Norteamericano,2026-02-09T00:00:00-05:00
ocds-dgv273-seacev3-1187288,ocds-dgv273-seacev3-1187288-2026-03-11T10:13:25.225097-05:00,1187288-20361889011,173400.0,PEN,Soles,2026-02-18T00:00:00-05:00
ocds-dgv273-seacev3-1188611,ocds-dgv273-seacev3-1188611-2026-03-11T10:13:24.892774-05:00,1188611-10106820240,112554.0,PEN,Soles,2026-02-24T00:00:00-05:00
ocds-dgv273-seacev3-1187907,ocds-dgv273-seacev3-1187907-2026-03-11T10:13:23.647732-05:00,1187907-20603053142,215346.0,PEN,Soles,2026-02-23T00:00:00-05:00
ocds-dgv273-seacev3-2026-987-1,ocds-dgv273-seacev3-2026-987-1-2026-03-11T10:13:23.033622-05:00,1186259-20529016426,93538.89,PEN,Soles,2026-02-16T00:00:00-05:00
ocds-dgv273-seacev3-1188926,ocds-dgv273-seacev3-1188926-2026-03-11T10:13:16.771065-05:00,1188926-10026064592,240000.0,PEN,Soles,2026-02-20T00:00:00-05:00
ocds-dgv273-seacev3-1190286,ocds-dgv273-seacev3-1190286-2026-03-11T10:13:16.404720-05:00,1190286-20446857283,89100.0,PEN,Soles,2026-02-27T00:00:00-05:00
ocds-dgv273-seacev3-1187811,ocds-dgv273-seacev3-1187811-2026-03-11T10:13:15.014836-05:00,1187811-10437589122,61920.0,PEN,Soles,2026-02-23T00:00:00-05:00
ocds-dgv273-seacev3-2026-252439-5,ocds-dgv273-seacev3-2026-252439-5-2026-03-11T10:13:13.264287-05:00,1186266-20605428780,138072.0,PEN,Soles,2026-02-12T16:30:49-05:00
ocds-dgv273-seacev3-1189175,ocds-dgv273-seacev3-1189175-2026-03-11T10:13:07.704878-05:00,1189175-20490143093,11978.0,PEN,Soles,2026-03-06T00:00:00-05:00
ocds-dgv273-seacev3-1187862,ocds-dgv273-seacev3-1187862-2026-03-11T10:13:03.427757-05:00,1187862-10274327761,612000.0,PEN,Soles,2026-02-23T00:00:00-05:00
ocds-dgv273-seacev3-1189854,ocds-dgv273-seacev3-1189854-2026-03-11T10:12:57.353977-05:00,1189854-20609759217,15735.3,PEN,Soles,2026-03-05T00:00:00-05:00
ocds-dgv273-seacev3-1191804,ocds-dgv273-seacev3-1191804-2026-03-11T10:12:56.855217-05:00,1191804-10428550191,24000.0,PEN,Soles,2026-02-27T00:00:00-05:00
ocds-dgv273-seacev3-1191711,ocds-dgv273-seacev3-1191711-2026-03-11T10:12:56.228448-05:00,1191711-10459915384,18000.0,PEN,Nuevos Soles,2026-03-03T00:00:00-05:00
ocds-dgv273-seacev3-1191464,ocds-dgv273-seacev3-1191464-2026-03-11T10:12:56.019620-05:00,1191464-10736582347,8000.0,PEN,Soles,2026-02-27T00:00:00-05:00
ocds-dgv273-seacev3-1190048,ocds-dgv273-seacev3-1190048-2026-03-11T10:12:55.790189-05:00,1190048-10266134717,47250.0,PEN,Soles,2026-02-25T00:00:00-05:00
ocds-dgv273-seacev3-1190063,ocds-dgv273-seacev3-1190063-2026-03-11T10:12:55.608142-05:00,1190063-20609759217,10000.0,PEN,Soles,2026-03-06T00:00:00-05:00
ocds-dgv273-seacev3-1189594,ocds-dgv273-seacev3-1189594-2026-03-11T10:12:55.533774-05:00,1189594-20612194298,71640.0,PEN,Soles,2026-02-26T00:00:00-05:00
ocds-dgv273-seacev3-1189261,ocds-dgv273-seacev3-1189261-2026-03-11T10:12:55.420894-05:00,1189261-20609681889,64735.0,PEN,Soles,2026-02-25T00:00:00-05:00
ocds-dgv273-seacev3-1191790,ocds-dgv273-seacev3-1191790-2026-03-11T10:12:54.628658-05:00,1191790-10104857294,12000.0,PEN,Soles,2026-02-27T00:00:00-05:00
ocds-dgv273-seacev3-1187654,ocds-dgv273-seacev3-1187654-2026-03-11T10:12:52.033768-05:00,1187654-10086413855,99800.0,PEN,Soles,2026-02-24T00:00:00-05:00
ocds-dgv273-seacev3-1186031,ocds-dgv273-seacev3-1186031-2026-03-11T10:12:51.864360-05:00,1186031-10000468415,78170.0,PEN,Soles,2026-02-16T00:00:00-05:00
ocds-dgv273-seacev3-2026-1780-3,ocds-dgv273-seacev3-2026-1780-3-2026-03-11T10:12:51.413162-05:00,1186321-20450236137,182523.5,PEN,Soles,2026-02-13T00:00:00-05:00
ocds-dgv273-seacev3-2026-1495-1,ocds-dgv273-seacev3-2026-1495-1-2026-03-11T10:12:51.217651-05:00,1186661-20600571916,168380.0,PEN,Soles,2026-02-18T00:00:00-05:00
ocds-dgv273-seacev3-2026-1495-1,ocds-dgv273-seacev3-2026-1495-1-2026-03-11T10:12:51.217651-05:00,1186661-20609792591,155295.0,PEN,Soles,2026-02-18T00:00:00-05:00
ocds-dgv273-seacev3-1191519,ocds-dgv273-seacev3-1191519-2026-03-11T10:12:48.290597-05:00,1191519-10448114223,20000.0,PEN,Soles,2026-02-27T00:00:00-05:00
ocds-dgv273-seacev3-2026-413-1,ocds-dgv273-seacev3-2026-413-1-2026-03-11T10:12:48.156790-05:00,1189230-20610767975,99000.0,PEN,Soles,2026-02-24T00:00:00-05:00
ocds-dgv273-seacev3-1191823,ocds-dgv273-seacev3-1191823-2026-03-11T10:12:46.332955-05:00,1191823-10107718091,18000.0,PEN,Soles,2026-02-27T00:00:00-05:00
ocds-dgv273-seacev3-1188207,ocds-dgv273-seacev3-1188207-2026-03-11T10:12:46.277758-05:00,1188207-10167236702,72000.0,PEN,Soles,2026-02-18T00:00:00-05:00
ocds-dgv273-seacev3-1191486,ocds-dgv273-seacev3-1191486-2026-03-11T10:12:46.050678-05:00,1191486-10702412914,24000.0,PEN,Soles,2026-02-27T00:00:00-05:00
ocds-dgv273-seacev3-2026-10579-5,ocds-dgv273-seacev3-2026-10579-5-2026-03-11T10:12:45.084382-05:00,1189049-10460668811,99000.0,PEN,Soles,2026-03-02T00:00:00-05:00
ocds-dgv273-seacev3-1188438,ocds-dgv273-seacev3-1188438-2026-03-11T10:12:42.555211-05:00,1188438-20609665743,75670.0,PEN,Soles,2026-02-24T00:00:00-05:00
ocds-dgv273-seacev3-1187017,ocds-dgv273-seacev3-1187017-2026-03-11T10:12:42.483049-05:00,1187017-1766525,1016576.56,PEN,Soles,2026-02-23T00:00:00-05:00
ocds-dgv273-seacev3-1186392,ocds-dgv273-seacev3-1186392-2026-03-11T10:12:42.124004-05:00,1186392-20608196634,135000.0,PEN,Soles,2026-02-17T00:00:00-05:00
ocds-dgv273-seacev3-2026-1339-1,ocds-dgv273-seacev3-2026-1339-1-2026-03-11T10:12:42.066005-05:00,1186052-20610609199,171180.0,PEN,Soles,2026-02-12T00:00:00-05:00
ocds-dgv273-seacev3-1186600,ocds-dgv273-seacev3-1186600-2026-03-11T10:12:41.354367-05:00,1186600-20523905679,65056.38,PEN,Soles,2026-02-19T00:00:00-05:00
ocds-dgv273-seacev3-1188036,ocds-dgv273-seacev3-1188036-2026-03-11T10:12:41.319135-05:00,1188036-20110401796,946576.96,PEN,Soles,2026-02-20T00:00:00-05:00
ocds-dgv273-seacev3-1187963,ocds-dgv273-seacev3-1187963-2026-03-11T10:12:41.220569-05:00,1187963-10266151816,900000.0,PEN,Soles,2026-02-23T00:00:00-05:00
ocds-dgv273-seacev3-2026-200-1,ocds-dgv273-seacev3-2026-200-1-2026-03-11T10:12:40.844591-05:00,1187567-1766666,580248.37,PEN,Soles,2026-02-20T00:00:00-05:00
ocds-dgv273-seacev3-1187348,ocds-dgv273-seacev3-1187348-2026-03-11T10:12:40.746271-05:00,1187348-20530803326,99900.0,PEN,Soles,2026-02-23T00:00:00-05:00
ocds-dgv273-seacev3-2026-10465-2,ocds-dgv273-seacev3-2026-10465-2-2026-03-11T10:12:36.802407-05:00,1189286-20573325908,115299.7,PEN,Soles,2026-03-02T00:00:00-05:00
ocds-dgv273-seacev3-1189907,ocds-dgv273-seacev3-1189907-2026-03-11T10:12:35.091360-05:00,1189907-20610511873,74439.5,PEN,Soles,2026-02-27T00:00:00-05:00
ocds-dgv273-seacev3-2026-168713-3,ocds-dgv273-seacev3-2026-168713-3-2026-03-11T10:12:34.677529-05:00,1187410-20546980546,182000.0,PEN,Soles,2026-02-25T00:00:00-05:00
ocds-dgv273-seacev3-1188218,ocds-dgv273-seacev3-1188218-2026-03-11T10:12:32.192959-05:00,1188218-10722786543,84000.0,PEN,Soles,2026-02-18T00:00:00-05:00
ocds-dgv273-seacev3-1188419,ocds-dgv273-seacev3-1188419-2026-03-11T10:12:31.775492-05:00,1188419-20182246078,82124.55,PEN,Soles,2026-02-25T00:00:00-05:00
ocds-dgv273-seacev3-1187788,ocds-dgv273-seacev3-1187788-2026-03-11T10:12:31.476733-05:00,1187788-20613330845,80250.0,PEN,Soles,2026-02-20T00:00:00-05:00
ocds-dgv273-seacev3-1187857,ocds-dgv273-seacev3-1187857-2026-03-11T10:12:31.014086-05:00,1187857-20601535204,389937.5,PEN,Soles,2026-02-23T00:00:00-05:00
ocds-dgv273-seacev3-1187784,ocds-dgv273-seacev3-1187784-2026-03-11T10:12:30.986893-05:00,1187784-20600952014,72000.0,PEN,Soles,2026-02-20T00:00:00-05:00
ocds-dgv273-seacev3-2026-1666-1,ocds-dgv273-seacev3-2026-1666-1-2026-03-11T10:12:30.651653-05:00,1186825-20406501133,164196.95,PEN,Soles,2026-02-23T00:00:00-05:00
ocds-dgv273-seacev3-2026-1666-1,ocds-dgv273-seacev3-2026-1666-1-2026-03-11T10:12:30.651653-05:00,1186825-20601927111,191880.0,PEN,Soles,2026-02-23T00:00:00-05:00
ocds-dgv273-seacev3-1191483,ocds-dgv273-seacev3-1191483-2026-03-08T09:59:30.491883-05:00,1191483-20600199049,153105.0,PEN,Soles,2026-03-02T00:00:00-05:00
ocds-dgv273-seacev3-1188887,ocds-dgv273-seacev3-1188887-2026-03-08T09:59:29.806594-05:00,1188887-10712666418,78132.0,PEN,Soles,2026-02-23T00:00:00-05:00
ocds-dgv273-seacev3-1188357,ocds-dgv273-seacev3-1188357-2026-03-08T09:59:29.725964-05:00,1188357-20564336514,61532.0,PEN,Soles,2026-02-19T00:00:00-05:00
ocds-dgv273-seacev3-1189307,ocds-dgv273-seacev3-1189307-2026-03-08T09:59:26.021479-05:00,1189307-20100042500,7616.9,PEN,Soles,2026-03-03T00:00:00-05:00
ocds-dgv273-seacev3-1189441,ocds-dgv273-seacev3-1189441-2026-03-08T09:59:25.964422-05:00,1189441-20607474924,161078.85,PEN,Soles,2026-02-26T00:00:00-05:00
ocds-dgv273-seacev3-1188312,ocds-dgv273-seacev3-1188312-2026-03-08T09:59:25.071380-05:00,1188312-20564337596,99792.1,PEN,Soles,2026-02-19T00:00:00-05:00
ocds-dgv273-seacev3-1189209,ocds-dgv273-seacev3-1189209-2026-03-08T09:59:23.124105-05:00,1189209-10052801201,120000.0,PEN,Soles,2026-02-27T00:00:00-05:00
ocds-dgv273-seacev3-1188716,ocds-dgv273-seacev3-1188716-2026-03-08T09:59:22.780801-05:00,1188716-1766965,71005.5,PEN,Soles,2026-02-20T00:00:00-05:00
ocds-dgv273-seacev3-2026-1018-1,ocds-dgv273-seacev3-2026-1018-1-2026-03-08T09:59:22.184026-05:00,1186443-20611679077,78988.0,PEN,Soles,2026-02-26T00:00:00-05:00
ocds-dgv273-seacev3-2026-1852-2,ocds-dgv273-seacev3-2026-1852-2-2026-03-08T09:59:22.096171-05:00,1186689-20604968772,71040.0,PEN,Soles,2026-02-19T00:00:00-05:00
ocds-dgv273-seacev3-1187279,ocds-dgv273-seacev3-1187279-2026-03-08T09:59:21.143502-05:00,1187279-20610435395,221329.74,PEN,Soles,2026-02-16T00:00:00-05:00
ocds-dgv273-seacev3-2026-168711-2,ocds-dgv273-seacev3-2026-168711-2-2026-03-08T09:59:20.908648-05:00,1186121-20603346948,68484.78,PEN,Soles,2026-02-11T00:00:00-05:00
ocds-dgv273-seacev3-1190022,ocds-dgv273-seacev3-1190022-2026-03-08T09:59:17.840831-05:00,1190022-20606140666,380727.0,PEN,Nuevos Soles,2026-02-24T00:00:00-05:00
ocds-dgv273-seacev3-1189799,ocds-dgv273-seacev3-1189799-2026-03-08T09:59:17.548795-05:00,1189799-20606899913,60866.5,PEN,Soles,2026-02-27T00:00:00-05:00
ocds-dgv273-seacev3-2026-10249-70,ocds-dgv273-seacev3-2026-10249-70-2026-03-08T09:59:16.324026-05:00,1189211-L0000001355,10800.0,USD,Dólar Norteamericano,2026-02-26T00:00:00-05:00
ocds-dgv273-seacev3-1188240,ocds-dgv273-seacev3-1188240-2026-03-08T09:59:15.846950-05:00,1188240-20490097474,99953.0,PEN,Soles,2026-02-19T00:00:00-05:00
ocds-dgv273-seacev3-1190354,ocds-dgv273-seacev3-1190354-2026-03-08T09:59:14.205074-05:00,1190354-20610993461,84000.0,PEN,Soles,2026-02-27T00:00:00-05:00
ocds-dgv273-seacev3-2026-200097-27,ocds-dgv273-seacev3-2026-200097-27-2026-03-08T09:59:13.064926-05:00,1185755-10106595807,382623.32,PEN,Soles,2026-02-24T00:00:00-05:00
ocds-dgv273-seacev3-1188880,ocds-dgv273-seacev3-1188880-2026-03-08T09:59:12.958591-05:00,1188880-20600645219,690.3,PEN,Soles,2026-03-04T00:00:00-05:00
ocds-dgv273-seacev3-1187858,ocds-dgv273-seacev3-1187858-2026-03-08T09:59:12.647965-05:00,1187858-20408109605,171193.06,PEN,Soles,2026-02-19T00:00:00-05:00
ocds-dgv273-seacev3-1186676,ocds-dgv273-seacev3-1186676-2026-03-08T09:59:12.613736-05:00,1186676-20600609166,58222.89,PEN,Soles,2026-02-18T00:00:00-05:00
ocds-dgv273-seacev3-2026-10397-1,ocds-dgv273-seacev3-2026-10397-1-2026-03-08T09:59:12.593008-05:00,1187405-20559657817,188720.0,PEN,Soles,2026-02-23T00:00:00-05:00
ocds-dgv273-seacev3-1187882,ocds-dgv273-seacev3-1187882-2026-03-08T09:59:11.988183-05:00,1187882-10486591485,70700.0,PEN,Soles,2026-02-17T00:00:00-05:00
ocds-dgv273-seacev3-1186435,ocds-dgv273-seacev3-1186435-2026-03-08T09:59:08.712979-05:00,1186435-10413290011,66500.0,PEN,Soles,2026-02-23T00:00:00-05:00
ocds-dgv273-seacev3-1189128,ocds-dgv273-seacev3-1189128-2026-03-08T09:59:07.932042-05:00,1189128-20514746355,7552.0,PEN,Soles,2026-03-05T00:00:00-05:00
ocds-dgv273-seacev3-2026-200152-1,ocds-dgv273-seacev3-2026-200152-1-2026-03-08T09:59:07.580588-05:00,1186972-20527786461,92981.71,PEN,Soles,2026-02-25T00:00:00-05:00
ocds-dgv273-seacev3-1186811,ocds-dgv273-seacev3-1186811-2026-03-08T09:59:03.886178-05:00,1186811-10248106064,59990.0,PEN,Soles,2026-02-12T00:00:00-05:00
ocds-dgv273-seacev3-1186520,ocds-dgv273-seacev3-1186520-2026-03-08T09:59:03.621921-05:00,1186520-10011612275,120000.0,PEN,Soles,2026-02-13T00:00:00-05:00
ocds-dgv273-seacev3-1187544,ocds-dgv273-seacev3-1187544-2026-03-08T09:59:03.076790-05:00,1187544-20570702344,120212.0,PEN,Soles,2026-02-19T00:00:00-05:00
ocds-dgv273-seacev3-1186234,ocds-dgv273-seacev3-1186234-2026-03-08T09:59:02.687761-05:00,1186234-20610464743,84900.0,PEN,Soles,2026-02-18T00:00:00-05:00
ocds-dgv273-seacev3-1191422,ocds-dgv273-seacev3-1191422-2026-03-07T10:05:22.345561-05:00,1191422-20182246078,506234.88,PEN,Soles,2026-03-05T00:00:00-05:00
ocds-dgv273-seacev3-1188099,ocds-dgv273-seacev3-1188099-2026-03-07T10:05:20.674066-05:00,1188099-20100210909,1795982.01,PEN,Soles,2026-02-23T00:00:00-05:00
ocds-dgv273-seacev3-2026-200367-4,ocds-dgv273-seacev3-2026-200367-4-2026-03-07T10:05:20.542492-05:00,1187712-20609537133,66602.1,PEN,Soles,2026-02-17T00:00:00-05:00
ocds-dgv273-seacev3-2026-1877-6,ocds-dgv273-seacev3-2026-1877-6-2026-03-07T10:05:20.366878-05:00,1187161-10200597431,130602.6,PEN,Soles,2026-02-18T00:00:00-05:00
ocds-dgv273-seacev3-2026-1877-6,ocds-dgv273-seacev3-2026-1877-6-2026-03-07T10:05:20.366878-05:00,1187161-20393261081,1877430.8,PEN,Soles,2026-02-18T00:00:00-05:00
ocds-dgv273-seacev3-1189570,ocds-dgv273-seacev3-1189570-2026-03-07T10:05:18.596473-05:00,1189570-20605183434,92872.0,PEN,Soles,2026-02-25T00:00:00-05:00
ocds-dgv273-seacev3-1187926,ocds-dgv273-seacev3-1187926-2026-03-07T10:05:14.780688-05:00,1187926-10438271681,80000.0,PEN,Soles,2026-02-23T00:00:00-05:00
ocds-dgv273-seacev3-2026-1995-74,ocds-dgv273-seacev3-2026-1995-74-2026-03-07T10:05:14.555039-05:00,1185361-20559622193,93495.2,PEN,Soles,2026-02-13T00:00:00-05:00
ocds-dgv273-seacev3-1186182,ocds-dgv273-seacev3-1186182-2026-03-07T10:05:14.536855-05:00,1186182-20610281258,65400.0,PEN,Soles,2026-02-11T00:00:00-05:00
ocds-dgv273-seacev3-2026-200367-11,ocds-dgv273-seacev3-2026-200367-11-2026-03-07T10:05:14.521969-05:00,1186153-10444256279,309999.0,PEN,Soles,2026-02-11T00:00:00-05:00
ocds-dgv273-seacev3-2026-847-13,ocds-dgv273-seacev3-2026-847-13-2026-03-07T10:05:13.818779-05:00,1186577-20490764446,51065.0,PEN,Soles,2026-02-18T00:00:00-05:00
ocds-dgv273-seacev3-1187269,ocds-dgv273-seacev3-1187269-2026-03-07T10:05:13.714739-05:00,1187269-10048223694,149500.0,PEN,Soles,2026-02-19T00:00:00-05:00
ocds-dgv273-seacev3-2026-1982-11,ocds-dgv273-seacev3-2026-1982-11-2026-03-07T10:05:13.661130-05:00,1186434-20524279160,73248.0,PEN,Soles,2026-02-16T00:00:00-05:00
ocds-dgv273-seacev3-1190982,ocds-dgv273-seacev3-1190982-2026-03-07T10:05:08.346198-05:00,1190982-10095340887,12000.0,PEN,Soles,2026-02-26T00:00:00-05:00
ocds-dgv273-seacev3-1190957,ocds-dgv273-seacev3-1190957-2026-03-07T10:05:07.033244-05:00,1190957-10745403986,8000.0,PEN,Soles,2026-02-26T00:00:00-05:00
ocds-dgv273-seacev3-1188390,ocds-dgv273-seacev3-1188390-2026-03-07T10:05:06.328796-05:00,1188390-10441718417,65000.0,PEN,Soles,2026-02-26T00:00:00-05:00
ocds-dgv273-seacev3-1188381,ocds-dgv273-seacev3-1188381-2026-03-07T10:05:06.314125-05:00,1188381-10742507594,70000.0,PEN,Soles,2026-02-26T00:00:00-05:00
ocds-dgv273-seacev3-2026-1768-6,ocds-dgv273-seacev3-2026-1768-6-2026-03-07T10:05:04.514194-05:00,1188403-20609792591,98785.4,PEN,Soles,2026-02-27T00:00:00-05:00
ocds-dgv273-seacev3-1188715,ocds-dgv273-seacev3-1188715-2026-03-07T10:05:04.244927-05:00,1188715-20534518456,224660.0,PEN,Soles,2026-02-19T00:00:00-05:00
ocds-dgv273-seacev3-1191020,ocds-dgv273-seacev3-1191020-2026-03-07T10:05:04.099486-05:00,1191020-10104757591,20000.0,PEN,Soles,2026-02-26T00:00:00-05:00
ocds-dgv273-seacev3-1189002,ocds-dgv273-seacev3-1189002-2026-03-07T10:05:03.105187-05:00,1189002-10722307190,168480.0,PEN,Soles,2026-02-17T00:00:00-05:00
ocds-dgv273-seacev3-1186604,ocds-dgv273-seacev3-1186604-2026-03-07T10:05:02.975189-05:00,1186604-10250193616,51680.0,PEN,Soles,2026-02-16T00:00:00-05:00
ocds-dgv273-seacev3-1188816,ocds-dgv273-seacev3-1188816-2026-03-07T10:05:02.791396-05:00,1188816-20611744162,66000.0,PEN,Soles,2026-02-23T00:00:00-05:00
ocds-dgv273-seacev3-2026-755-9,ocds-dgv273-seacev3-2026-755-9-2026-03-07T10:05:01.925148-05:00,1188045-10736723927,79837.2,PEN,Soles,2026-02-18T00:00:00-05:00
ocds-dgv273-seacev3-1190965,ocds-dgv273-seacev3-1190965-2026-03-07T10:04:58.114277-05:00,1190965-10714313717,16000.0,PEN,Soles,2026-02-26T00:00:00-05:00
ocds-dgv273-seacev3-1188387,ocds-dgv273-seacev3-1188387-2026-03-07T10:04:57.912418-05:00,1188387-10471980647,52000.0,PEN,Soles,2026-02-26T00:00:00-05:00
ocds-dgv273-seacev3-1191327,ocds-dgv273-seacev3-1191327-2026-03-07T10:04:57.708175-05:00,1191327-L0000005703,11555.56,USD,Dólar Norteamericano,2026-02-26T00:00:00-05:00
ocds-dgv273-seacev3-1189139,ocds-dgv273-seacev3-1189139-2026-03-07T10:04:57.296036-05:00,1189139-20387107534,57520.0,PEN,Soles,2026-02-24T00:00:00-05:00
ocds-dgv273-seacev3-1188717,ocds-dgv273-seacev3-1188717-2026-03-07T10:04:57.086823-05:00,1188717-20607571075,57330.0,PEN,Soles,2026-02-19T00:00:00-05:00
ocds-dgv273-seacev3-1186882,ocds-dgv273-seacev3-1186882-2026-03-07T10:04:55.123693-05:00,1186882-20516554437,230100.0,PEN,Soles,2026-02-20T00:00:00-05:00
ocds-dgv273-seacev3-2026-240-1,ocds-dgv273-seacev3-2026-240-1-2026-03-07T10:04:54.341396-05:00,1186356-20530880746,85982.0,PEN,Soles,2026-02-13T00:00:00-05:00
ocds-dgv273-seacev3-2026-878-2,ocds-dgv273-seacev3-2026-878-2-2026-03-07T10:04:53.155104-05:00,1186555-20603293062,32000.0,PEN,Soles,2026-02-16T00:00:00-05:00
ocds-dgv273-seacev3-1187698,ocds-dgv273-seacev3-1187698-2026-03-07T10:04:53.141492-05:00,1187698-10411054328,45893.0,PEN,Soles,2026-02-17T00:00:00-05:00
ocds-dgv273-seacev3-1184828,ocds-dgv273-seacev3-1184828-2026-03-07T10:04:47.133168-05:00,1184828-20452714982,236008.5,PEN,Soles,2026-02-13T00:00:00-05:00
ocds-dgv273-seacev3-1190980,ocds-dgv273-seacev3-1190980-2026-03-07T10:04:45.820881-05:00,1190980-10463491947,16000.0,PEN,Soles,2026-02-26T00:00:00-05:00
ocds-dgv273-seacev3-1189382,ocds-dgv273-seacev3-1189382-2026-03-07T10:04:45.607660-05:00,1189382-10726516451,88040.0,PEN,Soles,2026-02-24T00:00:00-05:00
ocds-dgv273-seacev3-2026-248315-3,ocds-dgv273-seacev3-2026-248315-3-2026-03-07T10:04:45.593783-05:00,1189333-10738563251,79300.0,PEN,Soles,2026-02-24T00:00:00-05:00
ocds-dgv273-seacev3-1190988,ocds-dgv273-seacev3-1190988-2026-03-07T10:04:42.895505-05:00,1190988-10726481704,16000.0,PEN,Soles,2026-02-26T00:00:00-05:00
ocds-dgv273-seacev3-1191326,ocds-dgv273-seacev3-1191326-2026-03-07T10:04:42.248838-05:00,1191326-20614447070,110000.0,PEN,Soles,2026-03-03T00:00:00-05:00
ocds-dgv273-seacev3-2026-1747-29,ocds-dgv273-seacev3-2026-1747-29-2026-03-07T10:04:41.193475-05:00,1187055-10018633634,235500.0,PEN,Soles,2026-02-20T00:00:00-05:00
ocds-dgv273-seacev3-2026-1731-9,ocds-dgv273-seacev3-2026-1731-9-2026-03-07T10:04:41.096279-05:00,1186824-10700072351,39998.0,PEN,Soles,2026-02-17T00:00:00-05:00
ocds-dgv273-seacev3-2026-200367-1,ocds-dgv273-seacev3-2026-200367-1-2026-03-07T10:04:40.988600-05:00,1186366-1765490,186800.0,PEN,Soles,2026-02-12T00:00:00-05:00
ocds-dgv273-seacev3-1186790,ocds-dgv273-seacev3-1186790-2026-03-07T10:04:40.948985-05:00,1186790-20603647263,59920.0,PEN,Soles,2026-02-18T00:00:00-05:00
ocds-dgv273-seacev3-1187233,ocds-dgv273-seacev3-1187233-2026-03-07T10:04:40.566690-05:00,1187233-20489501164,447938.0,PEN,Soles,2026-02-20T00:00:00-05:00
ocds-dgv273-seacev3-1186214,ocds-dgv273-seacev3-1186214-2026-03-07T10:04:40.424186-05:00,1186214-20100061474,342240.0,PEN,Soles,2026-02-12T00:00:00-05:00
ocds-dgv273-seacev3-2026-200367-14,ocds-dgv273-seacev3-2026-200367-14-2026-03-07T10:04:40.321779-05:00,1186773-20528071156,119000.0,PEN,Soles,2026-02-18T00:00:00-05:00
ocds-dgv273-seacev3-1190983,ocds-dgv273-seacev3-1190983-2026-03-07T10:04:36.619189-05:00,1190983-10747210280,16000.0,PEN,Soles,2026-02-26T00:00:00-05:00
ocds-dgv273-seacev3-1190995,ocds-dgv273-seacev3-1190995-2026-03-07T10:04:36.520449-05:00,1190995-10082880360,24000.0,PEN,Soles,2026-02-26T00:00:00-05:00
ocds-dgv273-seacev3-1189322,ocds-dgv273-seacev3-1189322-2026-03-07T10:04:36.161608-05:00,1189322-20100257298,4765183.38,PEN,Soles,2026-03-05T00:00:00-05:00
ocds-dgv273-seacev3-1190991,ocds-dgv273-seacev3-1190991-2026-03-07T10:04:35.264828-05:00,1190991-10708008180,18000.0,PEN,Soles,2026-02-26T00:00:00-05:00
ocds-dgv273-seacev3-1188452,ocds-dgv273-seacev3-1188452-2026-03-07T10:04:34.941901-05:00,1188452-20534474572,89897.75,PEN,Soles,2026-02-19T00:00:00-05:00
ocds-dgv273-seacev3-1187866,ocds-dgv273-seacev3-1187866-2026-03-07T10:04:32.329513-05:00,1187866-20107034413,59625.0,PEN,Soles,2026-02-20T00:00:00-05:00
ocds-dgv273-seacev3-2026-2000-8,ocds-dgv273-seacev3-2026-2000-8-2026-03-07T10:04:31.984621-05:00,1187875-20550025176,233399.95,PEN,Soles,2026-02-25T00:00:00-05:00
ocds-dgv273-seacev3-1186753,ocds-dgv273-seacev3-1186753-2026-03-07T10:04:31.865692-05:00,1186753-20613193538,202407.23,PEN,Nuevos Soles,2026-02-09T00:00:00-05:00
ocds-dgv273-seacev3-1188151,ocds-dgv273-seacev3-1188151-2026-03-07T10:04:31.823937-05:00,1188151-20613913743,57120.0,PEN,Soles,2026-02-20T00:00:00-05:00
ocds-dgv273-seacev3-1186228,ocds-dgv273-seacev3-1186228-2026-03-07T10:04:31.667986-05:00,1186228-20603563060,551577.6,PEN,Soles,2026-02-12T00:00:00-05:00
ocds-dgv273-seacev3-2026-200040-1,ocds-dgv273-seacev3-2026-200040-1-2026-03-07T10:04:31.612575-05:00,1186752-20607722766,308500.0,PEN,Soles,2026-02-16T00:00:00-05:00
ocds-dgv273-seacev3-2026-1731-32,ocds-dgv273-seacev3-2026-1731-32-2026-03-07T10:04:30.392421-05:00,1187078-20605809431,94500.0,PEN,Soles,2026-02-12T00:00:00-05:00
ocds-dgv273-seacev3-2026-1608-5,ocds-dgv273-seacev3-2026-1608-5-2026-03-07T10:04:30.345857-05:00,1186729-10032379589,61812.0,PEN,Soles,2026-02-16T00:00:00-05:00
ocds-dgv273-seacev3-1186547,ocds-dgv273-seacev3-1186547-2026-03-07T10:04:30.035299-05:00,1186547-10454889571,83000.0,PEN,Soles,2026-02-18T11:51:50-05:00
ocds-dgv273-seacev3-1191710,ocds-dgv273-seacev3-1191710-2026-03-06T10:10:20.600875-05:00,1191710-10412277169,24000.0,PEN,Soles,2026-03-03T00:00:00-05:00
ocds-dgv273-seacev3-1191911,ocds-dgv273-seacev3-1191911-2026-03-06T10:10:19.735521-05:00,1191911-10701328715,12000.0,PEN,Soles,2026-03-03T00:00:00-05:00
ocds-dgv273-seacev3-1187879,ocds-dgv273-seacev3-1187879-2026-03-06T10:10:18.776672-05:00,1187879-20521218097,771908.8,PEN,Soles,2026-02-19T00:00:00-05:00
ocds-dgv273-seacev3-1188260,ocds-dgv273-seacev3-1188260-2026-03-06T10:10:18.305431-05:00,1188260-1765948,34513480.67,PEN,Soles,2026-02-16T00:00:00-05:00
ocds-dgv273-seacev3-2026-1160-9,ocds-dgv273-seacev3-2026-1160-9-2026-03-06T10:10:18.277114-05:00,1187815-20610448551,55000.0,PEN,Soles,2026-02-18T00:00:00-05:00
ocds-dgv273-seacev3-2026-1838-2,ocds-dgv273-seacev3-2026-1838-2-2026-03-06T10:10:17.137012-05:00,1186525-20511037001,116000.0,PEN,Soles,2026-02-13T00:00:00-05:00
ocds-dgv273-seacev3-1186993,ocds-dgv273-seacev3-1186993-2026-03-06T10:10:16.855000-05:00,1186993-20610959432,123750.0,PEN,Soles,2026-02-17T00:00:00-05:00
ocds-dgv273-seacev3-2026-1922-33,ocds-dgv273-seacev3-2026-1922-33-2026-03-06T10:10:14.413596-05:00,1192509-L5552918105,93642.93,USD,Dólar Norteamericano,2026-03-03T00:00:00-05:00
ocds-dgv273-seacev3-1191531,ocds-dgv273-seacev3-1191531-2026-03-06T10:10:13.539588-05:00,1191531-10468720243,16000.0,PEN,Soles,2026-03-02T00:00:00-05:00
ocds-dgv273-seacev3-1191521,ocds-dgv273-seacev3-1191521-2026-03-06T10:10:13.167353-05:00,1191521-10741321748,8000.0,PEN,Soles,2026-03-03T00:00:00-05:00
ocds-dgv273-seacev3-1191491,ocds-dgv273-seacev3-1191491-2026-03-06T10:10:12.906087-05:00,1191491-10096427307,40000.0,PEN,Soles,2026-03-03T00:00:00-05:00
ocds-dgv273-seacev3-1191713,ocds-dgv273-seacev3-1191713-2026-03-06T10:10:12.634105-05:00,1191713-10708125003,18000.0,PEN,Nuevos Soles,2026-03-03T00:00:00-05:00
ocds-dgv273-seacev3-1191461,ocds-dgv273-seacev3-1191461-2026-03-06T10:10:12.588087-05:00,1191461-10460127241,16000.0,PEN,Soles,2026-03-02T00:00:00-05:00
ocds-dgv273-seacev3-1191510,ocds-dgv273-seacev3-1191510-2026-03-06T10:10:11.588840-05:00,1191510-10446876649,32000.0,PEN,Soles,2026-03-03T00:00:00-05:00
ocds-dgv273-seacev3-1191848,ocds-dgv273-seacev3-1191848-2026-03-06T10:10:10.805401-05:00,1191848-10223149117,18000.0,PEN,Nuevos Soles,2026-03-03T00:00:00-05:00
ocds-dgv273-seacev3-1188581,ocds-dgv273-seacev3-1188581-2026-03-06T10:10:10.727333-05:00,1188581-20603672047,98697.2,PEN,Soles,2026-02-20T00:00:00-05:00
ocds-dgv273-seacev3-1191938,ocds-dgv273-seacev3-1191938-2026-03-06T10:10:10.713267-05:00,1191938-10703884305,12000.0,PEN,Soles,2026-03-03T00:00:00-05:00
ocds-dgv273-seacev3-1191897,ocds-dgv273-seacev3-1191897-2026-03-06T10:10:10.132436-05:00,1191897-10448324449,24000.0,PEN,Soles,2026-03-03T00:00:00-05:00
ocds-dgv273-seacev3-1187648,ocds-dgv273-seacev3-1187648-2026-03-06T10:10:09.269876-05:00,1187648-20609903458,52000.0,PEN,Soles,2026-02-20T00:00:00-05:00
ocds-dgv273-seacev3-1186029,ocds-dgv273-seacev3-1186029-2026-03-06T10:10:09.201438-05:00,1186029-20603416938,65108.48,PEN,Soles,2026-02-06T00:00:00-05:00
ocds-dgv273-seacev3-2026-1160-8,ocds-dgv273-seacev3-2026-1160-8-2026-03-06T10:10:08.723054-05:00,1187947-10413901311,45000.0,PEN,Soles,2026-02-18T00:00:00-05:00
ocds-dgv273-seacev3-1187313,ocds-dgv273-seacev3-1187313-2026-03-06T10:10:07.971559-05:00,1187313-20605263721,1083187.5,PEN,Soles,2026-02-19T00:00:00-05:00
ocds-dgv273-seacev3-1188825,ocds-dgv273-seacev3-1188825-2026-03-06T10:10:02.709011-05:00,1188825-20600651901,2407.2,PEN,Soles,2026-03-03T00:00:00-05:00
ocds-dgv273-seacev3-2026-1947-163,ocds-dgv273-seacev3-2026-1947-163-2026-03-06T10:10:02.638380-05:00,1191358-L5552918096,314425.0,USD,Dólar Norteamericano,2026-02-26T00:00:00-05:00
ocds-dgv273-seacev3-1191902,ocds-dgv273-seacev3-1191902-2026-03-06T10:10:02.408761-05:00,1191902-10461687372,18000.0,PEN,Soles,2026-03-03T00:00:00-05:00
ocds-dgv273-seacev3-1191268,ocds-dgv273-seacev3-1191268-2026-03-06T10:10:01.394083-05:00,1191268-20406511872,54200.0,PEN,Soles,2026-02-26T00:00:00-05:00
ocds-dgv273-seacev3-1188819,ocds-dgv273-seacev3-1188819-2026-03-06T10:10:00.184463-05:00,1188819-10422711053,52000.0,PEN,Soles,2026-02-27T00:00:00-05:00
ocds-dgv273-seacev3-1188503,ocds-dgv273-seacev3-1188503-2026-03-06T10:10:00.012736-05:00,1188503-10094112465,61650.0,PEN,Soles,2026-02-20T00:00:00-05:00
ocds-dgv273-seacev3-1187546,ocds-dgv273-seacev3-1187546-2026-03-06T10:09:59.814418-05:00,1187546-20600871723,200927.5,PEN,Soles,2026-02-19T00:00:00-05:00
ocds-dgv273-seacev3-1188420,ocds-dgv273-seacev3-1188420-2026-03-06T10:09:59.519136-05:00,1188420-1766045,4005336.89,PEN,Soles,2026-02-18T00:00:00-05:00
ocds-dgv273-seacev3-2026-10096-5,ocds-dgv273-seacev3-2026-10096-5-2026-03-06T10:09:59.425024-05:00,1186416-20542312450,1140000.0,PEN,Soles,2026-02-24T00:00:00-05:00
ocds-dgv273-seacev3-1188129,ocds-dgv273-seacev3-1188129-2026-03-06T10:09:59.386046-05:00,1188129-20512866698,2769120.0,PEN,Soles,2026-02-16T00:00:00-05:00
ocds-dgv273-seacev3-2026-1160-10,ocds-dgv273-seacev3-2026-1160-10-2026-03-06T10:09:59.246445-05:00,1188063-20614584867,45000.0,PEN,Soles,2026-02-18T00:00:00-05:00
ocds-dgv273-seacev3-1186300,ocds-dgv273-seacev3-1186300-2026-03-06T10:09:57.677061-05:00,1186300-10104211513,80000.0,PEN,Soles,2026-02-24T00:00:00-05:00
ocds-dgv273-seacev3-2026-1310-3,ocds-dgv273-seacev3-2026-1310-3-2026-03-06T10:09:57.288188-05:00,1186677-20539765061,100500.0,PEN,Soles,2026-02-18T00:00:00-05:00
ocds-dgv273-seacev3-1191857,ocds-dgv273-seacev3-1191857-2026-03-06T10:09:53.102725-05:00,1191857-10464752850,12000.0,PEN,Nuevos Soles,2026-03-03T00:00:00-05:00
ocds-dgv273-seacev3-1191845,ocds-dgv273-seacev3-1191845-2026-03-06T10:09:52.730362-05:00,1191845-10098034841,24000.0,PEN,Nuevos Soles,2026-03-03T00:00:00-05:00
ocds-dgv273-seacev3-1191184,ocds-dgv273-seacev3-1191184-2026-03-06T10:09:50.800893-05:00,1191184-10704417999,12000.0,PEN,Soles,2026-02-25T00:00:00-05:00
ocds-dgv273-seacev3-1188059,ocds-dgv273-seacev3-1188059-2026-03-06T10:09:49.070008-05:00,1188059-20605676066,211340.0,PEN,Soles,2026-02-24T00:00:00-05:00
ocds-dgv273-seacev3-1187487,ocds-dgv273-seacev3-1187487-2026-03-06T10:09:48.781177-05:00,1187487-10167490170,132000.0,PEN,Soles,2026-02-12T00:00:00-05:00
ocds-dgv273-seacev3-1187527,ocds-dgv273-seacev3-1187527-2026-03-06T10:09:48.723516-05:00,1187527-10282614699,70000.0,PEN,Soles,2026-02-20T00:00:00-05:00
ocds-dgv273-seacev3-1186131,ocds-dgv273-seacev3-1186131-2026-03-06T10:09:48.337935-05:00,1186131-20511037001,191136.0,PEN,Soles,2026-02-13T00:00:00-05:00
ocds-dgv273-seacev3-1190849,ocds-dgv273-seacev3-1190849-2026-03-06T10:09:43.034964-05:00,1190849-20100041953,1574691.21,PEN,Soles,2026-02-26T00:00:00-05:00
ocds-dgv273-seacev3-1191718,ocds-dgv273-seacev3-1191718-2026-03-06T10:09:42.527210-05:00,1191718-10741497633,16000.0,PEN,Nuevos Soles,2026-03-03T00:00:00-05:00
ocds-dgv273-seacev3-1191482,ocds-dgv273-seacev3-1191482-2026-03-06T10:09:42.302604-05:00,1191482-10099010776,40000.0,PEN,Soles,2026-03-02T00:00:00-05:00
ocds-dgv273-seacev3-1191837,ocds-dgv273-seacev3-1191837-2026-03-06T10:09:41.965018-05:00,1191837-10452799630,16000.0,PEN,Soles,2026-03-03T00:00:00-05:00
ocds-dgv273-seacev3-1191434,ocds-dgv273-seacev3-1191434-2026-03-06T10:09:41.932506-05:00,1191434-10435161249,40000.0,PEN,Soles,2026-03-02T00:00:00-05:00
ocds-dgv273-seacev3-1191715,ocds-dgv273-seacev3-1191715-2026-03-06T10:09:41.287516-05:00,1191715-10704328562,18000.0,PEN,Nuevos Soles,2026-03-03T00:00:00-05:00
ocds-dgv273-seacev3-1191712,ocds-dgv273-seacev3-1191712-2026-03-06T10:09:41.273983-05:00,1191712-10458731271,24000.0,PEN,Nuevos Soles,2026-03-03T00:00:00-05:00
ocds-dgv273-seacev3-1191120,ocds-dgv273-seacev3-1191120-2026-03-06T10:09:40.397350-05:00,1191120-L5552918094,57083.6,PEN,Soles,2026-02-25T00:00:00-05:00
ocds-dgv273-seacev3-1191120,ocds-dgv273-seacev3-1191120-2026-03-06T10:09:40.397350-05:00,1191120-L5552918095,76083.6,PEN,Soles,2026-02-25T00:00:00-05:00
ocds-dgv273-seacev3-1191807,ocds-dgv273-seacev3-1191807-2026-03-06T10:09:38.615953-05:00,1191807-10407220311,18000.0,PEN,Nuevos Soles,2026-03-03T00:00:00-05:00
ocds-dgv273-seacev3-1188831,ocds-dgv273-seacev3-1188831-2026-03-06T10:09:37.929868-05:00,1188831-10704179541,52000.0,PEN,Soles,2026-02-27T00:00:00-05:00
ocds-dgv273-seacev3-1187812,ocds-dgv273-seacev3-1187812-2026-03-06T10:09:37.485650-05:00,1187812-10458471083,135000.0,PEN,Soles,2026-02-23T00:00:00-05:00
ocds-dgv273-seacev3-1188371,ocds-dgv273-seacev3-1188371-2026-03-06T10:09:37.116098-05:00,1188371-20506813191,179900.0,PEN,Soles,2026-02-24T00:00:00-05:00
ocds-dgv273-seacev3-2026-49-48,ocds-dgv273-seacev3-2026-49-48-2026-03-06T10:09:35.725296-05:00,1186225-20511037001,141350.0,PEN,Soles,2026-02-16T00:00:00-05:00
ocds-dgv273-seacev3-1191180,ocds-dgv273-seacev3-1191180-2026-03-06T10:09:32.013895-05:00,1191180-10215331771,60000.0,PEN,Soles,2026-02-27T00:00:00-05:00
ocds-dgv273-seacev3-1192078,ocds-dgv273-seacev3-1192078-2026-03-06T10:09:31.801768-05:00,1192078-L0000000199,11900.0,USD,Dólar Norteamericano,2026-02-27T00:00:00-05:00
ocds-dgv273-seacev3-2026-1852-5,ocds-dgv273-seacev3-2026-1852-5-2026-03-06T10:09:30.937416-05:00,1188775-20449314868,104500.0,PEN,Soles,2026-02-27T00:00:00-05:00
ocds-dgv273-seacev3-1188513,ocds-dgv273-seacev3-1188513-2026-03-06T10:09:28.765739-05:00,1188513-20563576295,62792.1,PEN,Soles,2026-02-20T00:00:00-05:00
ocds-dgv273-seacev3-1186873,ocds-dgv273-seacev3-1186873-2026-03-06T10:09:26.361023-05:00,1186873-20611249137,84000.0,PEN,Soles,2026-02-23T00:00:00-05:00
ocds-dgv273-seacev3-2026-200130-11,ocds-dgv273-seacev3-2026-200130-11-2026-03-06T10:09:26.129405-05:00,1187873-10469496649,98144.42,PEN,Soles,2026-02-18T00:00:00-05:00
ocds-dgv273-seacev3-1191353,ocds-dgv273-seacev3-1191353-2026-03-05T10:11:24.441029-05:00,1191353-10474493356,12000.0,PEN,Soles,2026-02-27T00:00:00-05:00
ocds-dgv273-seacev3-1191199,ocds-dgv273-seacev3-1191199-2026-03-05T10:11:24.357115-05:00,1191199-10400625170,24000.0,PEN,Soles,2026-02-25T00:00:00-05:00
ocds-dgv273-seacev3-1186727,ocds-dgv273-seacev3-1186727-2026-03-05T10:11:22.439276-05:00,1186727-20608314581,484999.2,PEN,Soles,2026-02-11T00:00:00-05:00
ocds-dgv273-seacev3-1191345,ocds-dgv273-seacev3-1191345-2026-03-05T10:11:17.926785-05:00,1191345-10464819920,18000.0,PEN,Soles,2026-02-27T00:00:00-05:00
ocds-dgv273-seacev3-1189315,ocds-dgv273-seacev3-1189315-2026-03-05T10:11:16.978049-05:00,1189315-10009020921,50000.0,PEN,Soles,2026-03-03T00:00:00-05:00
ocds-dgv273-seacev3-1191302,ocds-dgv273-seacev3-1191302-2026-03-05T10:11:15.215980-05:00,1191302-10705095766,16000.0,PEN,Soles,2026-03-02T00:00:00-05:00
ocds-dgv273-seacev3-1191208,ocds-dgv273-seacev3-1191208-2026-03-05T10:11:14.559189-05:00,1191208-10432565535,20000.0,PEN,Soles,2026-02-25T00:00:00-05:00
ocds-dgv273-seacev3-1191142,ocds-dgv273-seacev3-1191142-2026-03-05T10:11:14.173134-05:00,1191142-10461878909,16000.0,PEN,Soles,2026-02-27T00:00:00-05:00
ocds-dgv273-seacev3-1188790,ocds-dgv273-seacev3-1188790-2026-03-05T10:11:13.374105-05:00,1188790-20600645219,3840.19,PEN,Soles,2026-03-02T00:00:00-05:00
ocds-dgv273-seacev3-1187565,ocds-dgv273-seacev3-1187565-2026-03-05T10:11:12.484089-05:00,1187565-20494791235,85124.0,PEN,Soles,2026-02-19T19:51:37-05:00
ocds-dgv273-seacev3-1186548,ocds-dgv273-seacev3-1186548-2026-03-05T10:11:11.957676-05:00,1186548-20297566866,100000.0,PEN,Soles,2026-02-18T00:00:00-05:00
ocds-dgv273-seacev3-1188410,ocds-dgv273-seacev3-1188410-2026-03-05T10:11:08.638164-05:00,1188410-20609792591,227866.08,PEN,Soles,2026-02-26T00:00:00-05:00
ocds-dgv273-seacev3-1190088,ocds-dgv273-seacev3-1190088-2026-03-05T10:11:07.432396-05:00,1190088-1767403,113000.0,PEN,Soles,2026-02-24T00:00:00-05:00
ocds-dgv273-seacev3-1191168,ocds-dgv273-seacev3-1191168-2026-03-05T10:11:06.688274-05:00,1191168-10107604516,16000.0,PEN,Soles,2026-02-25T00:00:00-05:00
ocds-dgv273-seacev3-1191152,ocds-dgv273-seacev3-1191152-2026-03-05T10:11:05.831536-05:00,1191152-L5552918100,51010.0,USD,Dólar Norteamericano,2026-02-26T00:00:00-05:00
ocds-dgv273-seacev3-1191210,ocds-dgv273-seacev3-1191210-2026-03-05T10:11:05.638288-05:00,1191210-10732231833,16000.0,PEN,Soles,2026-02-25T00:00:00-05:00
ocds-dgv273-seacev3-1188786,ocds-dgv273-seacev3-1188786-2026-03-05T10:11:04.381264-05:00,1188786-20602020798,144000.0,PEN,Soles,2026-02-19T00:00:00-05:00
ocds-dgv273-seacev3-2026-200201-2,ocds-dgv273-seacev3-2026-200201-2-2026-03-05T10:11:04.316160-05:00,1187228-20603280211,164634.0,PEN,Soles,2026-02-19T00:00:00-05:00
ocds-dgv273-seacev3-1186798,ocds-dgv273-seacev3-1186798-2026-03-05T10:11:04.037210-05:00,1186798-20600379233,23165450.0,PEN,Soles,2026-02-25T00:00:00-05:00
ocds-dgv273-seacev3-1186537,ocds-dgv273-seacev3-1186537-2026-03-05T10:11:03.620349-05:00,1186537-20489607311,117502.0,PEN,Soles,2026-02-17T00:00:00-05:00
ocds-dgv273-seacev3-2026-1523-5,ocds-dgv273-seacev3-2026-1523-5-2026-03-05T10:11:01.844454-05:00,1186026-10428647047,153114.0,PEN,Soles,2026-02-17T17:53:07-05:00
ocds-dgv273-seacev3-1191204,ocds-dgv273-seacev3-1191204-2026-03-05T10:10:56.040885-05:00,1191204-10431031707,18000.0,PEN,Soles,2026-02-25T00:00:00-05:00
ocds-dgv273-seacev3-1191330,ocds-dgv273-seacev3-1191330-2026-03-05T10:10:55.440439-05:00,1191330-10761356459,24000.0,PEN,Soles,2026-02-27T00:00:00-05:00
ocds-dgv273-seacev3-2026-10249-99,ocds-dgv273-seacev3-2026-10249-99-2026-03-05T10:10:53.335129-05:00,1188738-L0000002043,11000.0,USD,Dólar Norteamericano,2026-02-24T00:00:00-05:00
ocds-dgv273-seacev3-1186997,ocds-dgv273-seacev3-1186997-2026-03-05T10:10:53.307855-05:00,1186997-20486760819,352436.58,PEN,Soles,2026-02-20T00:00:00-05:00
ocds-dgv273-seacev3-1187394,ocds-dgv273-seacev3-1187394-2026-03-05T10:10:52.150008-05:00,1187394-1767015,107000.04,PEN,Soles,2026-02-23T00:00:00-05:00
ocds-dgv273-seacev3-1188413,ocds-dgv273-seacev3-1188413-2026-03-05T10:10:46.746138-05:00,1188413-20526415192,612000.0,PEN,Soles,2026-02-20T00:00:00-05:00
ocds-dgv273-seacev3-1191183,ocds-dgv273-seacev3-1191183-2026-03-05T10:10:45.581322-05:00,1191183-10096334155,16000.0,PEN,Soles,2026-02-27T00:00:00-05:00
ocds-dgv273-seacev3-1191218,ocds-dgv273-seacev3-1191218-2026-03-05T10:10:45.204439-05:00,1191218-10476328387,12000.0,PEN,Soles,2026-02-25T00:00:00-05:00
ocds-dgv273-seacev3-1190031,ocds-dgv273-seacev3-1190031-2026-03-05T10:10:45.042639-05:00,1190031-20539144201,107993.07,PEN,Soles,2026-02-24T00:00:00-05:00
ocds-dgv273-seacev3-1190120,ocds-dgv273-seacev3-1190120-2026-03-05T10:10:43.947798-05:00,1190120-20610763147,160000.0,PEN,Soles,2026-02-25T00:00:00-05:00
ocds-dgv273-seacev3-1191304,ocds-dgv273-seacev3-1191304-2026-03-05T10:10:43.150095-05:00,1191304-10464211387,16000.0,PEN,Soles,2026-03-02T00:00:00-05:00
ocds-dgv273-seacev3-1191167,ocds-dgv273-seacev3-1191167-2026-03-05T10:10:43.060669-05:00,1191167-10469086181,16000.0,PEN,Soles,2026-02-27T00:00:00-05:00
ocds-dgv273-seacev3-2026-1578-1,ocds-dgv273-seacev3-2026-1578-1-2026-03-05T10:10:42.144238-05:00,1187390-20603710950,93543.0,PEN,Soles,2026-02-19T00:00:00-05:00
ocds-dgv273-seacev3-2026-200575-2,ocds-dgv273-seacev3-2026-200575-2-2026-03-05T10:10:40.901638-05:00,1186335-20610435395,292983.64,PEN,Soles,2026-02-13T00:00:00-05:00
ocds-dgv273-seacev3-2026-811-2,ocds-dgv273-seacev3-2026-811-2-2026-03-05T10:10:40.074179-05:00,1186374-10248906583,99000.0,PEN,Soles,2026-02-09T00:00:00-05:00
ocds-dgv273-seacev3-2026-593-6,ocds-dgv273-seacev3-2026-593-6-2026-03-05T10:10:39.711567-05:00,1186658-20494777241,112733.0,PEN,Soles,2026-02-17T00:00:00-05:00
ocds-dgv273-seacev3-1191297,ocds-dgv273-seacev3-1191297-2026-03-05T10:10:36.432634-05:00,1191297-10700055944,20000.0,PEN,Nuevos Soles,2026-02-27T00:00:00-05:00
ocds-dgv273-seacev3-1191360,ocds-dgv273-seacev3-1191360-2026-03-05T10:10:34.915961-05:00,1191360-10448074558,12000.0,PEN,Soles,2026-02-27T00:00:00-05:00
ocds-dgv273-seacev3-1191328,ocds-dgv273-seacev3-1191328-2026-03-05T10:10:34.453317-05:00,1191328-10479584635,16000.0,PEN,Soles,2026-02-27T00:00:00-05:00
ocds-dgv273-seacev3-2026-1753-1,ocds-dgv273-seacev3-2026-1753-1-2026-03-05T10:10:32.989073-05:00,1187070-20604193053,59047.0,PEN,Soles,2026-02-20T00:00:00-05:00
ocds-dgv273-seacev3-1187793,ocds-dgv273-seacev3-1187793-2026-03-05T10:10:30.099587-05:00,1187793-20608867776,499592.36,PEN,Soles,2026-02-11T00:00:00-05:00
ocds-dgv273-seacev3-1191506,ocds-dgv273-seacev3-1191506-2026-03-04T10:08:47.754098-05:00,1191506-10069694719,12000.0,PEN,Soles,2026-03-02T00:00:00-05:00
ocds-dgv273-seacev3-1188855,ocds-dgv273-seacev3-1188855-2026-03-04T10:08:45.077257-05:00,1188855-20514746355,1699.2,PEN,Soles,2026-02-27T00:00:00-05:00
ocds-dgv273-seacev3-1188818,ocds-dgv273-seacev3-1188818-2026-03-04T10:08:45.050226-05:00,1188818-20514746355,3398.4,PEN,Soles,2026-02-27T00:00:00-05:00
ocds-dgv273-seacev3-1187844,ocds-dgv273-seacev3-1187844-2026-03-04T10:08:43.090383-05:00,1187844-20614877902,94290.0,PEN,Soles,2026-02-17T00:00:00-05:00
ocds-dgv273-seacev3-1186585,ocds-dgv273-seacev3-1186585-2026-03-04T10:08:42.564773-05:00,1186585-20559657817,337688.14,PEN,Soles,2026-02-16T00:00:00-05:00
ocds-dgv273-seacev3-1191991,ocds-dgv273-seacev3-1191991-2026-03-04T10:08:38.275615-05:00,1191991-L0556213068,1150.0,USD,Dólar Norteamericano,2026-02-27T00:00:00-05:00
ocds-dgv273-seacev3-1191469,ocds-dgv273-seacev3-1191469-2026-03-04T10:08:34.862499-05:00,1191469-10456824043,24000.0,PEN,Soles,2026-03-02T00:00:00-05:00
ocds-dgv273-seacev3-1191492,ocds-dgv273-seacev3-1191492-2026-03-04T10:08:34.707160-05:00,1191492-10706555299,16000.0,PEN,Soles,2026-03-02T00:00:00-05:00
ocds-dgv273-seacev3-1192284,ocds-dgv273-seacev3-1192284-2026-03-04T10:08:34.497073-05:00,1192284-20101984291,111314.66,PEN,Soles,2026-03-02T00:00:00-05:00
ocds-dgv273-seacev3-1187080,ocds-dgv273-seacev3-1187080-2026-03-04T10:08:32.710347-05:00,1187080-20516859971,180000.0,PEN,Soles,2026-02-09T00:00:00-05:00
ocds-dgv273-seacev3-2026-1419-5,ocds-dgv273-seacev3-2026-1419-5-2026-03-04T10:08:32.518467-05:00,1185870-20605388478,81496.8,PEN,Soles,2026-02-17T00:00:00-05:00
ocds-dgv273-seacev3-1185720,ocds-dgv273-seacev3-1185720-2026-03-04T10:08:31.559258-05:00,1185720-20557219987,666676.8,PEN,Soles,2026-02-11T00:00:00-05:00
ocds-dgv273-seacev3-1188899,ocds-dgv273-seacev3-1188899-2026-03-04T10:08:28.597155-05:00,1188899-20600651901,1911.6,PEN,Soles,2026-02-27T00:00:00-05:00
ocds-dgv273-seacev3-1191502,ocds-dgv273-seacev3-1191502-2026-03-04T10:08:28.126158-05:00,1191502-10069694719,24000.0,PEN,Soles,2026-03-02T00:00:00-05:00
ocds-dgv273-seacev3-1192035,ocds-dgv273-seacev3-1192035-2026-03-04T10:08:27.584983-05:00,1192035-L0606465534,15510.48,USD,Dólar Norteamericano,2026-02-27T00:00:00-05:00
ocds-dgv273-seacev3-1188334,ocds-dgv273-seacev3-1188334-2026-03-04T10:08:24.057481-05:00,1188334-20603397721,130200.0,PEN,Soles,2026-02-18T00:00:00-05:00
ocds-dgv273-seacev3-1187586,ocds-dgv273-seacev3-1187586-2026-03-04T10:08:24.043747-05:00,1187586-20552504641,224190.47,PEN,Soles,2026-02-11T00:00:00-05:00
ocds-dgv273-seacev3-2026-10388-1,ocds-dgv273-seacev3-2026-10388-1-2026-03-04T10:08:23.524671-05:00,1186090-20533700986,84950.0,PEN,Soles,2026-02-12T00:00:00-05:00
ocds-dgv273-seacev3-2026-109133-2,ocds-dgv273-seacev3-2026-109133-2-2026-03-04T10:08:22.565362-05:00,1186080-20611679077,262415.31,PEN,Soles,2026-02-16T00:00:00-05:00
ocds-dgv273-seacev3-1186623,ocds-dgv273-seacev3-1186623-2026-03-04T10:08:21.534883-05:00,1186623-20603728271,208309.86,PEN,Soles,2026-02-20T00:00:00-05:00
ocds-dgv273-seacev3-2026-1152-1,ocds-dgv273-seacev3-2026-1152-1-2026-03-04T10:08:21.520840-05:00,1186508-20359435364,189812.16,PEN,Soles,2026-02-16T00:00:00-05:00
ocds-dgv273-seacev3-2026-1947-7,ocds-dgv273-seacev3-2026-1947-7-2026-03-04T10:08:16.511608-05:00,1191731-L0609017817,16500.0,USD,Dólar Norteamericano,2026-02-27T00:00:00-05:00
ocds-dgv273-seacev3-1192014,ocds-dgv273-seacev3-1192014-2026-03-04T10:08:15.791330-05:00,1192014-L0603769486,7500.0,USD,Dólar Norteamericano,2026-02-27T00:00:00-05:00
ocds-dgv273-seacev3-1191541,ocds-dgv273-seacev3-1191541-2026-03-04T10:08:14.904532-05:00,1191541-10257026073,12000.0,PEN,Soles,2026-03-02T00:00:00-05:00
ocds-dgv273-seacev3-1191456,ocds-dgv273-seacev3-1191456-2026-03-04T10:08:13.516255-05:00,1191456-10465579957,16000.0,PEN,Soles,2026-03-02T00:00:00-05:00
ocds-dgv273-seacev3-1191442,ocds-dgv273-seacev3-1191442-2026-03-04T10:08:13.502614-05:00,1191442-10411161612,30000.0,PEN,Soles,2026-03-02T00:00:00-05:00
ocds-dgv273-seacev3-1188197,ocds-dgv273-seacev3-1188197-2026-03-04T10:08:11.638609-05:00,1188197-10196927595,66000.0,PEN,Soles,2026-02-27T00:00:00-05:00
ocds-dgv273-seacev3-1186880,ocds-dgv273-seacev3-1186880-2026-03-04T10:08:10.312672-05:00,1186880-20611249137,121000.0,PEN,Soles,2026-02-23T00:00:00-05:00
ocds-dgv273-seacev3-1186640,ocds-dgv273-seacev3-1186640-2026-03-04T10:08:10.292430-05:00,1186640-20462793791,363950.0,PEN,Soles,2026-02-18T00:00:00-05:00
ocds-dgv273-seacev3-1174244,ocds-dgv273-seacev3-1174244-2026-03-04T10:08:07.616880-05:00,1174244-1766567,1513519.99,PEN,Soles,2026-02-19T00:00:00-05:00
ocds-dgv273-seacev3-1186298,ocds-dgv273-seacev3-1186298-2026-03-04T10:08:02.913766-05:00,1186298-20606678712,69740.0,PEN,Soles,2026-02-10T00:00:00-05:00
ocds-dgv273-seacev3-2026-1886-2,ocds-dgv273-seacev3-2026-1886-2-2026-03-04T10:08:02.826442-05:00,1186891-20556143189,386820.0,PEN,Soles,2026-02-19T00:00:00-05:00
ocds-dgv273-seacev3-1187768,ocds-dgv273-seacev3-1187768-2026-03-04T10:08:01.638654-05:00,1187768-20600541391,58444.44,PEN,Soles,2026-02-17T00:00:00-05:00
ocds-dgv273-seacev3-2026-1587-4,ocds-dgv273-seacev3-2026-1587-4-2026-03-04T10:08:01.464121-05:00,1186202-1765228,160930.0,PEN,Soles,2026-02-12T00:00:00-05:00
ocds-dgv273-seacev3-1186845,ocds-dgv273-seacev3-1186845-2026-03-04T10:08:01.187474-05:00,1186845-1764578,7461630.88,PEN,Soles,2026-02-06T00:00:00-05:00
ocds-dgv273-seacev3-1187027,ocds-dgv273-seacev3-1187027-2026-03-02T09:52:52.305111-05:00,1187027-20601642183,71400.0,PEN,Soles,2026-02-18T00:00:00-05:00
ocds-dgv273-seacev3-1186973,ocds-dgv273-seacev3-1186973-2026-03-02T09:52:52.290194-05:00,1186973-20449458436,59096.0,PEN,Soles,2026-02-17T00:00:00-05:00
ocds-dgv273-seacev3-1191693,ocds-dgv273-seacev3-1191693-2026-03-01T09:59:22.431724-05:00,1191693-L0609017710,54878.86,USD,Dólar Norteamericano,2026-02-27T00:00:00-05:00
ocds-dgv273-seacev3-1191623,ocds-dgv273-seacev3-1191623-2026-03-01T09:59:22.394528-05:00,1191623-L0000001136,2291.64,USD,Dólar Norteamericano,2026-02-27T00:00:00-05:00
ocds-dgv273-seacev3-1189861,ocds-dgv273-seacev3-1189861-2026-03-01T09:59:21.700206-05:00,1189861-10745716615,8000.0,PEN,Soles,2026-02-24T00:00:00-05:00
ocds-dgv273-seacev3-1189557,ocds-dgv273-seacev3-1189557-2026-03-01T09:59:21.557813-05:00,1189557-10404013411,24000.0,PEN,Nuevos Soles,2026-02-25T00:00:00-05:00
ocds-dgv273-seacev3-1189552,ocds-dgv273-seacev3-1189552-2026-03-01T09:59:21.539697-05:00,1189552-10428332119,24000.0,PEN,Nuevos Soles,2026-02-25T00:00:00-05:00
ocds-dgv273-seacev3-1189097,ocds-dgv273-seacev3-1189097-2026-03-01T09:59:21.332855-05:00,1189097-10180343763,132200.0,PEN,Soles,2026-02-24T00:00:00-05:00
ocds-dgv273-seacev3-2026-957-2,ocds-dgv273-seacev3-2026-957-2-2026-03-01T09:59:20.980303-05:00,1187856-20600872738,87923.0,PEN,Soles,2026-02-18T00:00:00-05:00
ocds-dgv273-seacev3-1187466,ocds-dgv273-seacev3-1187466-2026-03-01T09:59:20.906443-05:00,1187466-20610313605,77980.0,PEN,Soles,2026-02-17T00:00:00-05:00
ocds-dgv273-seacev3-2026-900-1,ocds-dgv273-seacev3-2026-900-1-2026-03-01T09:59:20.803156-05:00,1186797-20611555548,60921.36,PEN,Soles,2026-02-18T00:00:00-05:00
ocds-dgv273-seacev3-1186449,ocds-dgv273-seacev3-1186449-2026-03-01T09:59:20.719919-05:00,1186449-20538959643,123316.0,PEN,Soles,2026-02-18T00:00:00-05:00
ocds-dgv273-seacev3-1191672,ocds-dgv273-seacev3-1191672-2026-03-01T09:59:18.429450-05:00,1191672-L5552918094,27600.0,USD,Dólar Norteamericano,2026-02-27T00:00:00-05:00
ocds-dgv273-seacev3-1191688,ocds-dgv273-seacev3-1191688-2026-03-01T09:59:18.122290-05:00,1191688-L0609017856,47028.28,USD,Dólar Norteamericano,2026-02-26T00:00:00-05:00
ocds-dgv273-seacev3-1189297,ocds-dgv273-seacev3-1189297-2026-03-01T09:59:18.048896-05:00,1189297-10164215992,180000.0,PEN,Soles,2026-02-25T00:00:00-05:00
ocds-dgv273-seacev3-1190945,ocds-dgv273-seacev3-1190945-2026-03-01T09:59:17.578200-05:00,1190945-L5552918092,20000.0,PEN,Soles,2026-02-25T00:00:00-05:00
ocds-dgv273-seacev3-1189865,ocds-dgv273-seacev3-1189865-2026-03-01T09:59:16.401067-05:00,1189865-10464556104,8000.0,PEN,Soles,2026-02-24T00:00:00-05:00
ocds-dgv273-seacev3-1191593,ocds-dgv273-seacev3-1191593-2026-03-01T09:59:16.325575-05:00,1191593-L0609017852,7237.44,USD,Dólar Norteamericano,2026-02-26T00:00:00-05:00
ocds-dgv273-seacev3-1187164,ocds-dgv273-seacev3-1187164-2026-03-01T09:59:13.196005-05:00,1187164-20480455453,86997.5,PEN,Soles,2026-02-16T00:00:00-05:00
ocds-dgv273-seacev3-1187164,ocds-dgv273-seacev3-1187164-2026-03-01T09:59:13.196005-05:00,1187164-20538959643,87595.2,PEN,Soles,2026-02-16T00:00:00-05:00
ocds-dgv273-seacev3-1185977,ocds-dgv273-seacev3-1185977-2026-03-01T09:59:13.066819-05:00,1185977-20601533881,174300.0,PEN,Soles,2026-02-17T00:00:00-05:00
ocds-dgv273-seacev3-2026-1096-1,ocds-dgv273-seacev3-2026-1096-1-2026-03-01T09:59:12.718218-05:00,1188058-10200589179,155923.2,PEN,Soles,2026-02-24T00:00:00-05:00
ocds-dgv273-seacev3-1191691,ocds-dgv273-seacev3-1191691-2026-03-01T09:59:09.478132-05:00,1191691-L0000004956,48173.71,USD,Dólar Norteamericano,2026-02-27T00:00:00-05:00
ocds-dgv273-seacev3-1189601,ocds-dgv273-seacev3-1189601-2026-03-01T09:59:07.179644-05:00,1189601-10479914040,16000.0,PEN,Nuevos Soles,2026-02-25T00:00:00-05:00
ocds-dgv273-seacev3-1191203,ocds-dgv273-seacev3-1191203-2026-03-01T09:59:06.929657-05:00,1191203-20534382708,76000.0,PEN,Soles,2026-02-26T00:00:00-05:00
ocds-dgv273-seacev3-1187705,ocds-dgv273-seacev3-1187705-2026-03-01T09:59:05.190168-05:00,1187705-20606768045,82943.0,PEN,Soles,2026-02-13T00:00:00-05:00
ocds-dgv273-seacev3-2026-10572-1,ocds-dgv273-seacev3-2026-10572-1-2026-03-01T09:59:04.881292-05:00,1187063-20608153471,118944.27,PEN,Soles,2026-02-19T00:00:00-05:00
ocds-dgv273-seacev3-1186037,ocds-dgv273-seacev3-1186037-2026-03-01T09:59:04.247696-05:00,1186037-10012227553,53255.0,PEN,Soles,2026-02-09T00:00:00-05:00
ocds-dgv273-seacev3-2026-643-1,ocds-dgv273-seacev3-2026-643-1-2026-03-01T09:59:04.170069-05:00,1186196-20482376909,197280.0,PEN,Soles,2026-02-16T00:00:00-05:00
ocds-dgv273-seacev3-1186191,ocds-dgv273-seacev3-1186191-2026-03-01T09:59:04.090826-05:00,1186191-10434381288,174766.85,PEN,Nuevos Soles,2026-02-13T00:00:00-05:00
ocds-dgv273-seacev3-2026-629-3,ocds-dgv273-seacev3-2026-629-3-2026-03-01T09:59:03.546495-05:00,1186103-1765486,271550.86,PEN,Soles,2026-02-12T00:00:00-05:00
ocds-dgv273-seacev3-2026-1170-1,ocds-dgv273-seacev3-2026-1170-1-2026-03-01T09:59:03.386483-05:00,1186760-20611902329,242035.2,PEN,Soles,2026-02-18T00:00:00-05:00
ocds-dgv273-seacev3-1187479,ocds-dgv273-seacev3-1187479-2026-03-01T09:59:03.235476-05:00,1187479-20498202595,93600.0,PEN,Soles,2026-02-16T00:00:00-05:00
ocds-dgv273-seacev3-2026-1316-6,ocds-dgv273-seacev3-2026-1316-6-2026-03-01T09:59:02.691009-05:00,1186197-20602768245,259830.0,PEN,Soles,2026-02-18T00:00:00-05:00
ocds-dgv273-seacev3-1189630,ocds-dgv273-seacev3-1189630-2026-03-01T09:58:58.674260-05:00,1189630-10421350774,24000.0,PEN,Nuevos Soles,2026-02-25T00:00:00-05:00
ocds-dgv273-seacev3-2026-200344-34,ocds-dgv273-seacev3-2026-200344-34-2026-03-01T09:58:57.727960-05:00,1191423-L5552918099,11389.0,USD,Dólar Norteamericano,2026-02-26T00:00:00-05:00
ocds-dgv273-seacev3-1189582,ocds-dgv273-seacev3-1189582-2026-03-01T09:58:57.698103-05:00,1189582-10462022749,24000.0,PEN,Nuevos Soles,2026-02-25T00:00:00-05:00
ocds-dgv273-seacev3-1189590,ocds-dgv273-seacev3-1189590-2026-03-01T09:58:57.080948-05:00,1189590-10445254733,16000.0,PEN,Nuevos Soles,2026-02-25T00:00:00-05:00
ocds-dgv273-seacev3-1188324,ocds-dgv273-seacev3-1188324-2026-03-01T09:58:54.891569-05:00,1188324-1767561,120000.61,PEN,Soles,2026-02-25T00:00:00-05:00
ocds-dgv273-seacev3-1187129,ocds-dgv273-seacev3-1187129-2026-03-01T09:58:54.120757-05:00,1187129-10708967225,80995.0,PEN,Soles,2026-02-17T00:00:00-05:00
ocds-dgv273-seacev3-1191053,ocds-dgv273-seacev3-1191053-2026-02-28T10:11:23.988504-05:00,1191053-10739989537,40000.0,PEN,Soles,2026-02-25T00:00:00-05:00
ocds-dgv273-seacev3-1190524,ocds-dgv273-seacev3-1190524-2026-02-28T10:11:23.649963-05:00,1190524-10429472909,16000.0,PEN,Soles,2026-02-25T00:00:00-05:00
ocds-dgv273-seacev3-1190102,ocds-dgv273-seacev3-1190102-2026-02-28T10:11:23.561130-05:00,1190102-10762189831,12000.0,PEN,Soles,2026-02-24T00:00:00-05:00
ocds-dgv273-seacev3-1189998,ocds-dgv273-seacev3-1189998-2026-02-28T10:11:23.525644-05:00,1189998-10768434315,12000.0,PEN,Soles,2026-02-25T00:00:00-05:00
ocds-dgv273-seacev3-1188944,ocds-dgv273-seacev3-1188944-2026-02-28T10:11:23.449662-05:00,1188944-10451604665,12000.0,PEN,Nuevos Soles,2026-02-25T00:00:00-05:00
ocds-dgv273-seacev3-1190545,ocds-dgv273-seacev3-1190545-2026-02-28T10:11:23.421681-05:00,1190545-L5552918091,6000.0,USD,Dólar Norteamericano,2026-02-24T00:00:00-05:00
ocds-dgv273-seacev3-1189855,ocds-dgv273-seacev3-1189855-2026-02-28T10:11:23.373116-05:00,1189855-10717773085,6000.0,PEN,Soles,2026-02-24T00:00:00-05:00
ocds-dgv273-seacev3-1190562,ocds-dgv273-seacev3-1190562-2026-02-28T10:11:23.286358-05:00,1190562-10759930709,9000.0,PEN,Soles,2026-02-25T00:00:00-05:00
ocds-dgv273-seacev3-1190547,ocds-dgv273-seacev3-1190547-2026-02-28T10:11:23.232153-05:00,1190547-10442109422,16000.0,PEN,Soles,2026-02-25T00:00:00-05:00
ocds-dgv273-seacev3-1190549,ocds-dgv273-seacev3-1190549-2026-02-28T10:11:23.156694-05:00,1190549-10747072995,12000.0,PEN,Soles,2026-02-25T00:00:00-05:00
ocds-dgv273-seacev3-1189890,ocds-dgv273-seacev3-1189890-2026-02-28T10:11:22.883899-05:00,1189890-10108615155,6000.0,PEN,Soles,2026-02-25T00:00:00-05:00
ocds-dgv273-seacev3-1190543,ocds-dgv273-seacev3-1190543-2026-02-28T10:11:22.810883-05:00,1190543-10704138704,8000.0,PEN,Soles,2026-02-25T00:00:00-05:00
ocds-dgv273-seacev3-1190656,ocds-dgv273-seacev3-1190656-2026-02-28T10:11:22.526989-05:00,1190656-10774258812,18000.0,PEN,Soles,2026-02-25T00:00:00-05:00
ocds-dgv273-seacev3-1188722,ocds-dgv273-seacev3-1188722-2026-02-28T10:11:22.264208-05:00,1188722-10447991425,20000.0,PEN,Soles,2026-02-24T00:00:00-05:00
ocds-dgv273-seacev3-1190946,ocds-dgv273-seacev3-1190946-2026-02-28T10:11:22.188543-05:00,1190946-10719300613,30000.0,PEN,Soles,2026-02-26T00:00:00-05:00
ocds-dgv273-seacev3-1188868,ocds-dgv273-seacev3-1188868-2026-02-28T10:11:21.715864-05:00,1188868-10769035023,36000.0,PEN,Nuevos Soles,2026-02-25T00:00:00-05:00
ocds-dgv273-seacev3-1190499,ocds-dgv273-seacev3-1190499-2026-02-28T10:11:21.591379-05:00,1190499-10206592171,18000.0,PEN,Soles,2026-02-25T00:00:00-05:00
ocds-dgv273-seacev3-1188830,ocds-dgv273-seacev3-1188830-2026-02-28T10:11:21.501348-05:00,1188830-10471493321,16000.0,PEN,Soles,2026-02-24T00:00:00-05:00
ocds-dgv273-seacev3-1190124,ocds-dgv273-seacev3-1190124-2026-02-28T10:11:21.289088-05:00,1190124-10715342893,18000.0,PEN,Soles,2026-02-24T00:00:00-05:00
ocds-dgv273-seacev3-1189454,ocds-dgv273-seacev3-1189454-2026-02-28T10:11:20.959510-05:00,1189454-10716426667,18000.0,PEN,Soles,2026-02-25T00:00:00-05:00
ocds-dgv273-seacev3-1188560,ocds-dgv273-seacev3-1188560-2026-02-28T10:11:19.777881-05:00,1188560-10421938313,16000.0,PEN,Nuevos Soles,2026-02-24T00:00:00-05:00
ocds-dgv273-seacev3-1188832,ocds-dgv273-seacev3-1188832-2026-02-28T10:11:19.517160-05:00,1188832-10441608140,48000.0,PEN,Nuevos Soles,2026-02-25T00:00:00-05:00
ocds-dgv273-seacev3-1187160,ocds-dgv273-seacev3-1187160-2026-02-28T10:11:18.059539-05:00,1187160-10476186426,18000.0,PEN,Soles,2026-02-24T00:00:00-05:00
ocds-dgv273-seacev3-1187215,ocds-dgv273-seacev3-1187215-2026-02-28T10:11:17.623345-05:00,1187215-10719344246,16000.0,PEN,Soles,2026-02-24T00:00:00-05:00
ocds-dgv273-seacev3-1190128,ocds-dgv273-seacev3-1190128-2026-02-28T10:11:13.060795-05:00,1190128-10451570523,8000.0,PEN,Soles,2026-02-24T00:00:00-05:00
ocds-dgv273-seacev3-1190004,ocds-dgv273-seacev3-1190004-2026-02-28T10:11:13.040288-05:00,1190004-10419612249,20000.0,PEN,Soles,2026-02-24T00:00:00-05:00
ocds-dgv273-seacev3-1191116,ocds-dgv273-seacev3-1191116-2026-02-28T10:11:13.000141-05:00,1191116-L0603769486,33600.0,USD,Dólar Norteamericano,2026-02-25T00:00:00-05:00
ocds-dgv273-seacev3-1189643,ocds-dgv273-seacev3-1189643-2026-02-28T10:11:12.972137-05:00,1189643-10722878642,16000.0,PEN,Soles,2026-02-24T00:00:00-05:00
ocds-dgv273-seacev3-1189118,ocds-dgv273-seacev3-1189118-2026-02-28T10:11:12.841071-05:00,1189118-10077653070,16000.0,PEN,Soles,2026-02-25T00:00:00-05:00
ocds-dgv273-seacev3-1188900,ocds-dgv273-seacev3-1188900-2026-02-28T10:11:12.827120-05:00,1188900-10438900671,24000.0,PEN,Nuevos Soles,2026-02-25T00:00:00-05:00
ocds-dgv273-seacev3-1188917,ocds-dgv273-seacev3-1188917-2026-02-28T10:11:12.813078-05:00,1188917-10738694843,24000.0,PEN,Nuevos Soles,2026-02-25T00:00:00-05:00
ocds-dgv273-seacev3-1189921,ocds-dgv273-seacev3-1189921-2026-02-28T10:11:12.520150-05:00,1189921-10454862363,18000.0,PEN,Soles,2026-02-25T00:00:00-05:00
ocds-dgv273-seacev3-1189145,ocds-dgv273-seacev3-1189145-2026-02-28T10:11:11.886761-05:00,1189145-10700698721,6000.0,PEN,Soles,2026-02-25T00:00:00-05:00
ocds-dgv273-seacev3-1188841,ocds-dgv273-seacev3-1188841-2026-02-28T10:11:11.611529-05:00,1188841-10457659283,20000.0,PEN,Soles,2026-02-19T00:00:00-05:00
ocds-dgv273-seacev3-1188876,ocds-dgv273-seacev3-1188876-2026-02-28T10:11:11.536740-05:00,1188876-10447362762,30000.0,PEN,Soles,2026-02-19T00:00:00-05:00
ocds-dgv273-seacev3-1190533,ocds-dgv273-seacev3-1190533-2026-02-28T10:11:11.388988-05:00,1190533-10728773109,12000.0,PEN,Soles,2026-02-25T00:00:00-05:00
ocds-dgv273-seacev3-1189810,ocds-dgv273-seacev3-1189810-2026-02-28T10:11:11.322076-05:00,1189810-10466769326,18000.0,PEN,Soles,2026-02-24T00:00:00-05:00
ocds-dgv273-seacev3-1188713,ocds-dgv273-seacev3-1188713-2026-02-28T10:11:11.307783-05:00,1188713-10436093620,20000.0,PEN,Soles,2026-02-24T00:00:00-05:00
ocds-dgv273-seacev3-1188875,ocds-dgv273-seacev3-1188875-2026-02-28T10:11:11.101540-05:00,1188875-10756558353,18000.0,PEN,Nuevos Soles,2026-02-25T00:00:00-05:00
ocds-dgv273-seacev3-1189558,ocds-dgv273-seacev3-1189558-2026-02-28T10:11:10.430322-05:00,1189558-10465408621,8000.0,PEN,Soles,2026-02-24T00:00:00-05:00
ocds-dgv273-seacev3-1188859,ocds-dgv273-seacev3-1188859-2026-02-28T10:11:10.377772-05:00,1188859-10104623463,16000.0,PEN,Soles,2026-02-19T00:00:00-05:00
ocds-dgv273-seacev3-1188761,ocds-dgv273-seacev3-1188761-2026-02-28T10:11:10.363607-05:00,1188761-10457246060,12000.0,PEN,Soles,2026-02-19T00:00:00-05:00
ocds-dgv273-seacev3-1188932,ocds-dgv273-seacev3-1188932-2026-02-28T10:11:10.131341-05:00,1188932-10438848041,16000.0,PEN,Soles,2026-02-25T00:00:00-05:00
ocds-dgv273-seacev3-1190519,ocds-dgv273-seacev3-1190519-2026-02-28T10:11:10.103755-05:00,1190519-10741560912,12000.0,PEN,Soles,2026-02-25T00:00:00-05:00
ocds-dgv273-seacev3-1190001,ocds-dgv273-seacev3-1190001-2026-02-28T10:11:09.174598-05:00,1190001-10447316108,16000.0,PEN,Soles,2026-02-25T00:00:00-05:00
ocds-dgv273-seacev3-1188579,ocds-dgv273-seacev3-1188579-2026-02-28T10:11:08.844066-05:00,1188579-10442728785,24000.0,PEN,Soles,2026-02-24T00:00:00-05:00
ocds-dgv273-seacev3-1188930,ocds-dgv273-seacev3-1188930-2026-02-28T10:11:08.606762-05:00,1188930-10712320902,24000.0,PEN,Soles,2026-02-25T00:00:00-05:00
ocds-dgv273-seacev3-2026-820-21,ocds-dgv273-seacev3-2026-820-21-2026-02-28T10:11:08.183734-05:00,1186804-20603574142,81653.0,PEN,Soles,2026-02-16T00:00:00-05:00
ocds-dgv273-seacev3-1187403,ocds-dgv273-seacev3-1187403-2026-02-28T10:11:07.463869-05:00,1187403-20568370601,80884.8,PEN,Soles,2026-02-17T00:00:00-05:00
ocds-dgv273-seacev3-1187235,ocds-dgv273-seacev3-1187235-2026-02-28T10:11:06.989500-05:00,1187235-10461927632,24000.0,PEN,Soles,2026-02-24T00:00:00-05:00
ocds-dgv273-seacev3-1190617,ocds-dgv273-seacev3-1190617-2026-02-28T10:11:02.655641-05:00,1190617-10457577503,12000.0,PEN,Soles,2026-02-25T00:00:00-05:00
ocds-dgv273-seacev3-1189550,ocds-dgv273-seacev3-1189550-2026-02-28T10:11:02.541758-05:00,1189550-10474207043,24000.0,PEN,Nuevos Soles,2026-02-25T00:00:00-05:00
ocds-dgv273-seacev3-1190002,ocds-dgv273-seacev3-1190002-2026-02-28T10:11:02.470391-05:00,1190002-10459093848,12000.0,PEN,Soles,2026-02-24T00:00:00-05:00
ocds-dgv273-seacev3-1189420,ocds-dgv273-seacev3-1189420-2026-02-28T10:11:02.151558-05:00,1189420-10759985431,6000.0,PEN,Soles,2026-02-25T00:00:00-05:00
ocds-dgv273-seacev3-1188727,ocds-dgv273-seacev3-1188727-2026-02-28T10:11:02.111950-05:00,1188727-10439700349,16000.0,PEN,Nuevos Soles,2026-02-24T00:00:00-05:00
ocds-dgv273-seacev3-1189125,ocds-dgv273-seacev3-1189125-2026-02-28T10:11:01.917644-05:00,1189125-10704947629,12000.0,PEN,Soles,2026-02-25T00:00:00-05:00
ocds-dgv273-seacev3-1189423,ocds-dgv273-seacev3-1189423-2026-02-28T10:11:01.779813-05:00,1189423-10715765531,6000.0,PEN,Soles,2026-02-25T00:00:00-05:00
ocds-dgv273-seacev3-1189584,ocds-dgv273-seacev3-1189584-2026-02-28T10:11:01.724734-05:00,1189584-L5552918089,61846.09,USD,Dólar Norteamericano,2026-02-19T00:00:00-05:00
ocds-dgv273-seacev3-1188782,ocds-dgv273-seacev3-1188782-2026-02-28T10:11:01.144902-05:00,1188782-10464809843,16000.0,PEN,Soles,2026-02-19T00:00:00-05:00
ocds-dgv273-seacev3-1190624,ocds-dgv273-seacev3-1190624-2026-02-28T10:11:00.900924-05:00,1190624-10711178274,18000.0,PEN,Soles,2026-02-25T00:00:00-05:00
ocds-dgv273-seacev3-1189095,ocds-dgv273-seacev3-1189095-2026-02-28T10:11:00.781060-05:00,1189095-10467021180,16000.0,PEN,Soles,2026-02-25T00:00:00-05:00
ocds-dgv273-seacev3-1190532,ocds-dgv273-seacev3-1190532-2026-02-28T10:11:00.747180-05:00,1190532-10722295515,16000.0,PEN,Soles,2026-02-25T00:00:00-05:00
ocds-dgv273-seacev3-1188127,ocds-dgv273-seacev3-1188127-2026-02-28T10:11:00.383462-05:00,1188127-20600270541,101810.95,PEN,Soles,2026-02-23T00:00:00-05:00
ocds-dgv273-seacev3-1189436,ocds-dgv273-seacev3-1189436-2026-02-28T10:11:00.348966-05:00,1189436-10409730120,8000.0,PEN,Soles,2026-02-25T00:00:00-05:00
ocds-dgv273-seacev3-1188921,ocds-dgv273-seacev3-1188921-2026-02-28T10:10:59.022989-05:00,1188921-10100147543,24000.0,PEN,Soles,2026-02-25T00:00:00-05:00
ocds-dgv273-seacev3-1188829,ocds-dgv273-seacev3-1188829-2026-02-28T10:10:59.009184-05:00,1188829-10421724747,24000.0,PEN,Nuevos Soles,2026-02-25T00:00:00-05:00
ocds-dgv273-seacev3-2026-10465-1,ocds-dgv273-seacev3-2026-10465-1-2026-02-28T10:10:58.751585-05:00,1186212-20181197570,42196.85,PEN,Soles,2026-02-13T00:00:00-05:00
ocds-dgv273-seacev3-1186952,ocds-dgv273-seacev3-1186952-2026-02-28T10:10:58.616418-05:00,1186952-20480786212,178370.88,PEN,Soles,2026-02-18T00:00:00-05:00
ocds-dgv273-seacev3-1186799,ocds-dgv273-seacev3-1186799-2026-02-28T10:10:58.240415-05:00,1186799-20448033997,68900.0,PEN,Soles,2026-02-17T00:00:00-05:00
ocds-dgv273-seacev3-1188261,ocds-dgv273-seacev3-1188261-2026-02-28T10:10:58.092368-05:00,1188261-20604284831,99986.0,PEN,Soles,2026-02-19T00:00:00-05:00
ocds-dgv273-seacev3-2026-1834-6,ocds-dgv273-seacev3-2026-1834-6-2026-02-28T10:10:57.722748-05:00,1186326-20449458436,51968.0,PEN,Soles,2026-02-12T00:00:00-05:00
ocds-dgv273-seacev3-1186216,ocds-dgv273-seacev3-1186216-2026-02-28T10:10:57.391477-05:00,1186216-20606931442,677365.0,PEN,Soles,2026-02-12T00:00:00-05:00
ocds-dgv273-seacev3-1186385,ocds-dgv273-seacev3-1186385-2026-02-28T10:10:56.939406-05:00,1186385-1764416,5130000.0,PEN,Soles,2026-02-06T00:00:00-05:00
ocds-dgv273-seacev3-2026-1346-5,ocds-dgv273-seacev3-2026-1346-5-2026-02-28T10:10:56.891243-05:00,1187859-20563379112,82460.0,PEN,Soles,2026-02-18T00:00:00-05:00
ocds-dgv273-seacev3-1187231,ocds-dgv273-seacev3-1187231-2026-02-28T10:10:56.818116-05:00,1187231-10465009867,18000.0,PEN,Soles,2026-02-24T00:00:00-05:00
ocds-dgv273-seacev3-1186210,ocds-dgv273-seacev3-1186210-2026-02-28T10:10:56.762900-05:00,1186210-10023883037,83876.04,PEN,Soles,2026-02-18T00:00:00-05:00
ocds-dgv273-seacev3-1187156,ocds-dgv273-seacev3-1187156-2026-02-28T10:10:56.684177-05:00,1187156-10764574813,18000.0,PEN,Soles,2026-02-24T00:00:00-05:00
ocds-dgv273-seacev3-2026-957-1,ocds-dgv273-seacev3-2026-957-1-2026-02-28T10:10:56.478468-05:00,1187874-20605583718,99645.0,PEN,Soles,2026-02-18T00:00:00-05:00
ocds-dgv273-seacev3-1186953,ocds-dgv273-seacev3-1186953-2026-02-28T10:10:56.424194-05:00,1186953-10455812106,16000.0,PEN,Soles,2026-02-24T00:00:00-05:00
ocds-dgv273-seacev3-1187152,ocds-dgv273-seacev3-1187152-2026-02-28T10:10:55.996143-05:00,1187152-10468829229,18000.0,PEN,Soles,2026-02-24T00:00:00-05:00
ocds-dgv273-seacev3-1186913,ocds-dgv273-seacev3-1186913-2026-02-28T10:10:55.900364-05:00,1186913-10413693191,16000.0,PEN,Soles,2026-02-24T00:00:00-05:00
ocds-dgv273-seacev3-1186198,ocds-dgv273-seacev3-1186198-2026-02-28T10:10:55.743800-05:00,1186198-10727953146,164174.0,PEN,Soles,2026-02-13T15:30:12-05:00
ocds-dgv273-seacev3-1186098,ocds-dgv273-seacev3-1186098-2026-02-28T10:10:55.723186-05:00,1186098-20511497184,297585.96,PEN,Soles,2026-02-13T00:00:00-05:00
ocds-dgv273-seacev3-1190062,ocds-dgv273-seacev3-1190062-2026-02-28T10:10:51.193540-05:00,1190062-10446695253,12000.0,PEN,Soles,2026-02-24T00:00:00-05:00
ocds-dgv273-seacev3-1190007,ocds-dgv273-seacev3-1190007-2026-02-28T10:10:51.179734-05:00,1190007-10705846788,12000.0,PEN,Soles,2026-02-24T00:00:00-05:00
ocds-dgv273-seacev3-1190536,ocds-dgv273-seacev3-1190536-2026-02-28T10:10:50.824446-05:00,1190536-10486133703,16000.0,PEN,Soles,2026-02-25T00:00:00-05:00
ocds-dgv273-seacev3-1189908,ocds-dgv273-seacev3-1189908-2026-02-28T10:10:50.699220-05:00,1189908-10732616441,24000.0,PEN,Soles,2026-02-25T00:00:00-05:00
ocds-dgv273-seacev3-1189786,ocds-dgv273-seacev3-1189786-2026-02-28T10:10:50.499569-05:00,1189786-10474162244,24000.0,PEN,Soles,2026-02-24T00:00:00-05:00
ocds-dgv273-seacev3-1191100,ocds-dgv273-seacev3-1191100-2026-02-28T10:10:50.453518-05:00,1191100-L0606465503,36000.0,USD,Dólar Norteamericano,2026-02-25T00:00:00-05:00
ocds-dgv273-seacev3-1189936,ocds-dgv273-seacev3-1189936-2026-02-28T10:10:50.310437-05:00,1189936-10713301685,18000.0,PEN,Soles,2026-02-24T00:00:00-05:00
ocds-dgv273-seacev3-1188906,ocds-dgv273-seacev3-1188906-2026-02-28T10:10:50.159923-05:00,1188906-10457348709,16000.0,PEN,Soles,2026-02-19T00:00:00-05:00
ocds-dgv273-seacev3-1189133,ocds-dgv273-seacev3-1189133-2026-02-28T10:10:50.145997-05:00,1189133-10760421656,12000.0,PEN,Soles,2026-02-25T00:00:00-05:00
ocds-dgv273-seacev3-1189489,ocds-dgv273-seacev3-1189489-2026-02-28T10:10:50.094082-05:00,1189489-10446917809,24000.0,PEN,Nuevos Soles,2026-02-25T00:00:00-05:00
ocds-dgv273-seacev3-1191022,ocds-dgv273-seacev3-1191022-2026-02-28T10:10:49.925848-05:00,1191022-10467861021,24000.0,PEN,Soles,2026-02-25T00:00:00-05:00
ocds-dgv273-seacev3-1189968,ocds-dgv273-seacev3-1189968-2026-02-28T10:10:49.866247-05:00,1189968-10443358167,20000.0,PEN,Soles,2026-02-24T00:00:00-05:00
ocds-dgv273-seacev3-1188864,ocds-dgv273-seacev3-1188864-2026-02-28T10:10:49.600755-05:00,1188864-10453664061,24000.0,PEN,Soles,2026-02-19T00:00:00-05:00
ocds-dgv273-seacev3-1189798,ocds-dgv273-seacev3-1189798-2026-02-28T10:10:49.453120-05:00,1189798-10419623933,24000.0,PEN,Soles,2026-02-24T00:00:00-05:00
ocds-dgv273-seacev3-1190741,ocds-dgv273-seacev3-1190741-2026-02-28T10:10:49.253072-05:00,1190741-10714765847,18000.0,PEN,Soles,2026-02-25T00:00:00-05:00
ocds-dgv273-seacev3-1188867,ocds-dgv273-seacev3-1188867-2026-02-28T10:10:47.182253-05:00,1188867-20553239681,2862292.43,PEN,Soles,2026-02-17T00:00:00-05:00
ocds-dgv273-seacev3-1187831,ocds-dgv273-seacev3-1187831-2026-02-28T10:10:46.843327-05:00,1187831-20606495537,49815.68,PEN,Soles,2026-02-17T00:00:00-05:00
ocds-dgv273-seacev3-2026-1251-1,ocds-dgv273-seacev3-2026-1251-1-2026-02-28T10:10:46.597931-05:00,1186556-10196869323,85510.67,PEN,Soles,2026-02-13T00:00:00-05:00
ocds-dgv273-seacev3-1190529,ocds-dgv273-seacev3-1190529-2026-02-28T10:10:42.954800-05:00,1190529-10707483283,16000.0,PEN,Soles,2026-02-25T00:00:00-05:00
ocds-dgv273-seacev3-1189567,ocds-dgv273-seacev3-1189567-2026-02-28T10:10:39.548207-05:00,1189567-10708087004,12000.0,PEN,Soles,2026-02-24T00:00:00-05:00
ocds-dgv273-seacev3-1188889,ocds-dgv273-seacev3-1188889-2026-02-28T10:10:39.383387-05:00,1188889-10463326814,16000.0,PEN,Soles,2026-02-25T00:00:00-05:00
ocds-dgv273-seacev3-1189445,ocds-dgv273-seacev3-1189445-2026-02-28T10:10:39.234205-05:00,1189445-10408757288,24000.0,PEN,Soles,2026-02-25T00:00:00-05:00
ocds-dgv273-seacev3-1188725,ocds-dgv273-seacev3-1188725-2026-02-28T10:10:38.814844-05:00,1188725-10717467014,12000.0,PEN,Soles,2026-02-24T00:00:00-05:00
ocds-dgv273-seacev3-1189949,ocds-dgv273-seacev3-1189949-2026-02-28T10:10:38.683748-05:00,1189949-10418938531,12000.0,PEN,Soles,2026-02-25T00:00:00-05:00
ocds-dgv273-seacev3-1189512,ocds-dgv273-seacev3-1189512-2026-02-28T10:10:38.617995-05:00,1189512-10468549901,16000.0,PEN,Soles,2026-02-24T00:00:00-05:00
ocds-dgv273-seacev3-1188711,ocds-dgv273-seacev3-1188711-2026-02-28T10:10:38.175417-05:00,1188711-10451380791,20000.0,PEN,Soles,2026-02-24T00:00:00-05:00
ocds-dgv273-seacev3-1188842,ocds-dgv273-seacev3-1188842-2026-02-28T10:10:38.089737-05:00,1188842-10463628977,16000.0,PEN,Soles,2026-02-19T00:00:00-05:00
ocds-dgv273-seacev3-1189620,ocds-dgv273-seacev3-1189620-2026-02-28T10:10:38.012180-05:00,1189620-10414204525,12000.0,PEN,Soles,2026-02-24T00:00:00-05:00
ocds-dgv273-seacev3-1188884,ocds-dgv273-seacev3-1188884-2026-02-28T10:10:37.956883-05:00,1188884-10426707000,30000.0,PEN,Soles,2026-02-19T00:00:00-05:00
ocds-dgv273-seacev3-1189443,ocds-dgv273-seacev3-1189443-2026-02-28T10:10:37.894608-05:00,1189443-10725597521,6000.0,PEN,Soles,2026-02-25T00:00:00-05:00
ocds-dgv273-seacev3-1189116,ocds-dgv273-seacev3-1189116-2026-02-28T10:10:37.842527-05:00,1189116-10704054772,12000.0,PEN,Soles,2026-02-25T00:00:00-05:00
ocds-dgv273-seacev3-1189826,ocds-dgv273-seacev3-1189826-2026-02-28T10:10:37.575816-05:00,1189826-10731076656,12000.0,PEN,Soles,2026-02-26T00:00:00-05:00
ocds-dgv273-seacev3-1190923,ocds-dgv273-seacev3-1190923-2026-02-28T10:10:37.504305-05:00,1190923-10471052600,24000.0,PEN,Soles,2026-02-25T00:00:00-05:00
ocds-dgv273-seacev3-1190793,ocds-dgv273-seacev3-1190793-2026-02-28T10:10:37.390440-05:00,1190793-20612231550,63000.0,PEN,Soles,2026-02-25T00:00:00-05:00
ocds-dgv273-seacev3-1189823,ocds-dgv273-seacev3-1189823-2026-02-28T10:10:37.368392-05:00,1189823-10407413178,18000.0,PEN,Soles,2026-02-24T00:00:00-05:00
ocds-dgv273-seacev3-1188941,ocds-dgv273-seacev3-1188941-2026-02-28T10:10:37.250397-05:00,1188941-10707886957,16000.0,PEN,Soles,2026-02-25T00:00:00-05:00
ocds-dgv273-seacev3-1191104,ocds-dgv273-seacev3-1191104-2026-02-28T10:10:37.069064-05:00,1191104-L0000005736,10955.56,USD,Dólar Norteamericano,2026-02-25T00:00:00-05:00
ocds-dgv273-seacev3-1188950,ocds-dgv273-seacev3-1188950-2026-02-28T10:10:34.780378-05:00,1188950-10463800338,12000.0,PEN,Nuevos Soles,2026-02-25T00:00:00-05:00
ocds-dgv273-seacev3-1187130,ocds-dgv273-seacev3-1187130-2026-02-28T10:10:34.576536-05:00,1187130-10436610578,18000.0,PEN,Soles,2026-02-24T00:00:00-05:00
ocds-dgv273-seacev3-1186719,ocds-dgv273-seacev3-1186719-2026-02-28T10:10:34.523575-05:00,1186719-10106820240,54000.0,PEN,Soles,2026-02-16T00:00:00-05:00
ocds-dgv273-seacev3-1186711,ocds-dgv273-seacev3-1186711-2026-02-28T10:10:32.745220-05:00,1186711-20603887701,99660.0,PEN,Soles,2026-02-12T00:00:00-05:00
ocds-dgv273-seacev3-1190497,ocds-dgv273-seacev3-1190497-2026-02-28T10:10:27.893798-05:00,1190497-10727391644,12000.0,PEN,Soles,2026-02-25T00:00:00-05:00
ocds-dgv273-seacev3-1189479,ocds-dgv273-seacev3-1189479-2026-02-28T10:10:27.826387-05:00,1189479-10474849657,16000.0,PEN,Soles,2026-02-25T00:00:00-05:00
ocds-dgv273-seacev3-1189474,ocds-dgv273-seacev3-1189474-2026-02-28T10:10:27.281316-05:00,1189474-10456104474,16000.0,PEN,Soles,2026-02-25T00:00:00-05:00
ocds-dgv273-seacev3-1190633,ocds-dgv273-seacev3-1190633-2026-02-28T10:10:27.241124-05:00,1190633-10730928888,8000.0,PEN,Soles,2026-02-25T00:00:00-05:00
ocds-dgv273-seacev3-1190958,ocds-dgv273-seacev3-1190958-2026-02-28T10:10:27.227053-05:00,1190958-10721456477,18000.0,PEN,Soles,2026-02-26T00:00:00-05:00
ocds-dgv273-seacev3-1188726,ocds-dgv273-seacev3-1188726-2026-02-28T10:10:26.818100-05:00,1188726-10724476827,12000.0,PEN,Soles,2026-02-24T00:00:00-05:00
ocds-dgv273-seacev3-1188869,ocds-dgv273-seacev3-1188869-2026-02-28T10:10:26.635147-05:00,1188869-10415598896,24000.0,PEN,Soles,2026-02-19T00:00:00-05:00
ocds-dgv273-seacev3-1189973,ocds-dgv273-seacev3-1189973-2026-02-28T10:10:26.614657-05:00,1189973-10475470279,12000.0,PEN,Soles,2026-02-25T00:00:00-05:00
ocds-dgv273-seacev3-1188844,ocds-dgv273-seacev3-1188844-2026-02-28T10:10:26.574808-05:00,1188844-10732149282,16000.0,PEN,Soles,2026-02-19T00:00:00-05:00
ocds-dgv273-seacev3-1189838,ocds-dgv273-seacev3-1189838-2026-02-28T10:10:26.528121-05:00,1189838-15603257801,30000.0,PEN,Soles,2026-02-25T00:00:00-05:00
ocds-dgv273-seacev3-1190727,ocds-dgv273-seacev3-1190727-2026-02-28T10:10:26.383589-05:00,1190727-L0609017898,43295.0,USD,Dólar Norteamericano,2026-02-24T00:00:00-05:00
ocds-dgv273-seacev3-1190389,ocds-dgv273-seacev3-1190389-2026-02-28T10:10:26.318195-05:00,1190389-L0556212121,54411.22,USD,Dólar Norteamericano,2026-02-23T00:00:00-05:00
ocds-dgv273-seacev3-1190126,ocds-dgv273-seacev3-1190126-2026-02-28T10:10:26.254289-05:00,1190126-10459895561,12000.0,PEN,Soles,2026-02-24T00:00:00-05:00
ocds-dgv273-seacev3-1190129,ocds-dgv273-seacev3-1190129-2026-02-28T10:10:26.240291-05:00,1190129-10464500257,12000.0,PEN,Soles,2026-02-24T00:00:00-05:00
ocds-dgv273-seacev3-1189976,ocds-dgv273-seacev3-1189976-2026-02-28T10:10:26.226401-05:00,1189976-10400557301,16000.0,PEN,Soles,2026-02-24T00:00:00-05:00
ocds-dgv273-seacev3-1189563,ocds-dgv273-seacev3-1189563-2026-02-28T10:10:26.212391-05:00,1189563-10445361025,8000.0,PEN,Soles,2026-02-24T00:00:00-05:00
ocds-dgv273-seacev3-1189472,ocds-dgv273-seacev3-1189472-2026-02-28T10:10:26.040722-05:00,1189472-10730814009,24000.0,PEN,Nuevos Soles,2026-02-25T00:00:00-05:00
ocds-dgv273-seacev3-1189138,ocds-dgv273-seacev3-1189138-2026-02-28T10:10:26.013871-05:00,1189138-10401620317,16000.0,PEN,Nuevos Soles,2026-02-25T00:00:00-05:00
ocds-dgv273-seacev3-1188936,ocds-dgv273-seacev3-1188936-2026-02-28T10:10:24.484016-05:00,1188936-10101378875,12000.0,PEN,Nuevos Soles,2026-02-25T00:00:00-05:00
ocds-dgv273-seacev3-1188966,ocds-dgv273-seacev3-1188966-2026-02-28T10:10:24.469785-05:00,1188966-10440844753,12000.0,PEN,Nuevos Soles,2026-02-25T00:00:00-05:00
ocds-dgv273-seacev3-1186984,ocds-dgv273-seacev3-1186984-2026-02-28T10:10:22.579396-05:00,1186984-20609152681,87565.0,PEN,Soles,2026-02-12T00:00:00-05:00
ocds-dgv273-seacev3-2026-200367-2,ocds-dgv273-seacev3-2026-200367-2-2026-02-28T10:10:22.032469-05:00,1186178-20490040952,304684.0,PEN,Soles,2026-02-11T00:00:00-05:00
ocds-dgv273-seacev3-1190012,ocds-dgv273-seacev3-1190012-2026-02-28T10:10:15.845571-05:00,1190012-10295882536,40000.0,PEN,Soles,2026-02-25T00:00:00-05:00
ocds-dgv273-seacev3-1191379,ocds-dgv273-seacev3-1191379-2026-02-28T10:10:15.456160-05:00,1191379-20534175664,5845840.52,PEN,Soles,2026-02-26T00:00:00-05:00
ocds-dgv273-seacev3-1189458,ocds-dgv273-seacev3-1189458-2026-02-28T10:10:14.845667-05:00,1189458-10429816951,18000.0,PEN,Soles,2026-02-25T00:00:00-05:00
ocds-dgv273-seacev3-1188724,ocds-dgv273-seacev3-1188724-2026-02-28T10:10:14.703951-05:00,1188724-10429312596,20000.0,PEN,Soles,2026-02-24T00:00:00-05:00
ocds-dgv273-seacev3-1189541,ocds-dgv273-seacev3-1189541-2026-02-28T10:10:14.670566-05:00,1189541-10721301503,6000.0,PEN,Soles,2026-02-24T00:00:00-05:00
ocds-dgv273-seacev3-1189159,ocds-dgv273-seacev3-1189159-2026-02-28T10:10:14.583904-05:00,1189159-10701892840,16000.0,PEN,Nuevos Soles,2026-02-25T00:00:00-05:00
ocds-dgv273-seacev3-1189500,ocds-dgv273-seacev3-1189500-2026-02-28T10:10:14.570182-05:00,1189500-10433104523,24000.0,PEN,Nuevos Soles,2026-02-25T00:00:00-05:00
ocds-dgv273-seacev3-1188840,ocds-dgv273-seacev3-1188840-2026-02-28T10:10:14.492725-05:00,1188840-10460289586,20000.0,PEN,Soles,2026-02-19T00:00:00-05:00
ocds-dgv273-seacev3-1189964,ocds-dgv273-seacev3-1189964-2026-02-28T10:10:14.274394-05:00,1189964-10412457361,12000.0,PEN,Soles,2026-02-25T00:00:00-05:00
ocds-dgv273-seacev3-1188853,ocds-dgv273-seacev3-1188853-2026-02-28T10:10:14.221981-05:00,1188853-10478363074,48000.0,PEN,Nuevos Soles,2026-02-25T00:00:00-05:00
ocds-dgv273-seacev3-1190133,ocds-dgv273-seacev3-1190133-2026-02-28T10:10:14.201847-05:00,1190133-10464659647,12000.0,PEN,Soles,2026-02-24T00:00:00-05:00
ocds-dgv273-seacev3-1190104,ocds-dgv273-seacev3-1190104-2026-02-28T10:10:14.188085-05:00,1190104-10480730271,12000.0,PEN,Soles,2026-02-24T00:00:00-05:00
ocds-dgv273-seacev3-1190034,ocds-dgv273-seacev3-1190034-2026-02-28T10:10:14.174277-05:00,1190034-10742332646,12000.0,PEN,Soles,2026-02-24T00:00:00-05:00
ocds-dgv273-seacev3-1189561,ocds-dgv273-seacev3-1189561-2026-02-28T10:10:14.160168-05:00,1189561-10452818821,16000.0,PEN,Soles,2026-02-24T00:00:00-05:00
ocds-dgv273-seacev3-1189167,ocds-dgv273-seacev3-1189167-2026-02-28T10:10:13.885690-05:00,1189167-10483761461,18000.0,PEN,Soles,2026-02-24T00:00:00-05:00
ocds-dgv273-seacev3-1189452,ocds-dgv273-seacev3-1189452-2026-02-28T10:10:13.671204-05:00,1189452-10701922226,18000.0,PEN,Soles,2026-02-25T00:00:00-05:00
ocds-dgv273-seacev3-1189871,ocds-dgv273-seacev3-1189871-2026-02-28T10:10:13.600502-05:00,1189871-10463653505,12000.0,PEN,Soles,2026-02-25T00:00:00-05:00
ocds-dgv273-seacev3-1187241,ocds-dgv273-seacev3-1187241-2026-02-28T10:10:12.738348-05:00,1187241-10296614411,24000.0,PEN,Soles,2026-02-24T00:00:00-05:00
ocds-dgv273-seacev3-1188847,ocds-dgv273-seacev3-1188847-2026-02-28T10:10:12.663659-05:00,1188847-10424141700,24000.0,PEN,Soles,2026-02-25T00:00:00-05:00
ocds-dgv273-seacev3-1187104,ocds-dgv273-seacev3-1187104-2026-02-28T10:10:12.624588-05:00,1187104-10410540067,24000.0,PEN,Soles,2026-02-24T00:00:00-05:00
ocds-dgv273-seacev3-1188878,ocds-dgv273-seacev3-1188878-2026-02-28T10:10:12.396479-05:00,1188878-10703459001,48000.0,PEN,Nuevos Soles,2026-02-25T00:00:00-05:00
ocds-dgv273-seacev3-1186934,ocds-dgv273-seacev3-1186934-2026-02-28T10:10:12.369033-05:00,1186934-20615148785,162659854.89,PEN,Soles,2026-02-17T00:00:00-05:00
ocds-dgv273-seacev3-1186580,ocds-dgv273-seacev3-1186580-2026-02-28T10:10:11.980263-05:00,1186580-20611379049,52000.0,PEN,Soles,2026-02-12T00:00:00-05:00
ocds-dgv273-seacev3-1186061,ocds-dgv273-seacev3-1186061-2026-02-28T10:10:10.096341-05:00,1186061-20610868038,105000.0,PEN,Soles,2026-02-12T00:00:00-05:00
ocds-dgv273-seacev3-1189417,ocds-dgv273-seacev3-1189417-2026-02-26T10:09:40.653298-05:00,1189417-10428048585,16000.0,PEN,Soles,2026-02-23T00:00:00-05:00
ocds-dgv273-seacev3-1189090,ocds-dgv273-seacev3-1189090-2026-02-26T10:09:40.490403-05:00,1189090-10427386339,8000.0,PEN,Soles,2026-02-23T00:00:00-05:00
ocds-dgv273-seacev3-1189088,ocds-dgv273-seacev3-1189088-2026-02-26T10:09:40.476818-05:00,1189088-10410903178,18000.0,PEN,Soles,2026-02-23T00:00:00-05:00
ocds-dgv273-seacev3-1189078,ocds-dgv273-seacev3-1189078-2026-02-26T10:09:40.463349-05:00,1189078-10427848766,24000.0,PEN,Soles,2026-02-23T00:00:00-05:00
ocds-dgv273-seacev3-1189036,ocds-dgv273-seacev3-1189036-2026-02-26T10:09:40.437434-05:00,1189036-10700240431,18000.0,PEN,Soles,2026-02-23T00:00:00-05:00
ocds-dgv273-seacev3-1189033,ocds-dgv273-seacev3-1189033-2026-02-26T10:09:40.423892-05:00,1189033-10458001729,30000.0,PEN,Soles,2026-02-23T00:00:00-05:00
ocds-dgv273-seacev3-1188839,ocds-dgv273-seacev3-1188839-2026-02-26T10:09:40.280190-05:00,1188839-10450620951,16000.0,PEN,Soles,2026-02-23T00:00:00-05:00
ocds-dgv273-seacev3-1188755,ocds-dgv273-seacev3-1188755-2026-02-26T10:09:40.203742-05:00,1188755-10429248073,24000.0,PEN,Soles,2026-02-23T00:00:00-05:00
ocds-dgv273-seacev3-1187310,ocds-dgv273-seacev3-1187310-2026-02-26T10:09:39.150136-05:00,1187310-20602969062,87200.0,PEN,Soles,2026-02-13T00:00:00-05:00
ocds-dgv273-seacev3-1187123,ocds-dgv273-seacev3-1187123-2026-02-26T10:09:39.043094-05:00,1187123-10167781344,24000.0,PEN,Soles,2026-02-24T00:00:00-05:00
ocds-dgv273-seacev3-2026-966-2,ocds-dgv273-seacev3-2026-966-2-2026-02-26T10:09:38.765034-05:00,1186489-10716077344,77000.0,PEN,Soles,2026-02-10T00:00:00-05:00
ocds-dgv273-seacev3-2026-345-2,ocds-dgv273-seacev3-2026-345-2-2026-02-26T10:09:38.713406-05:00,1186365-20527786461,90074.0,PEN,Soles,2026-02-16T00:00:00-05:00
ocds-dgv273-seacev3-1189063,ocds-dgv273-seacev3-1189063-2026-02-26T10:09:35.550918-05:00,1189063-10443070708,24000.0,PEN,Soles,2026-02-23T00:00:00-05:00
ocds-dgv273-seacev3-1189087,ocds-dgv273-seacev3-1189087-2026-02-26T10:09:34.966671-05:00,1189087-10701309711,18000.0,PEN,Soles,2026-02-23T00:00:00-05:00
ocds-dgv273-seacev3-1189047,ocds-dgv273-seacev3-1189047-2026-02-26T10:09:34.247435-05:00,1189047-10415828654,16000.0,PEN,Soles,2026-02-23T00:00:00-05:00
ocds-dgv273-seacev3-1189025,ocds-dgv273-seacev3-1189025-2026-02-26T10:09:33.877772-05:00,1189025-10099714374,20000.0,PEN,Soles,2026-02-23T00:00:00-05:00
ocds-dgv273-seacev3-1189064,ocds-dgv273-seacev3-1189064-2026-02-26T10:09:26.093706-05:00,1189064-10411135786,24000.0,PEN,Soles,2026-02-23T00:00:00-05:00
ocds-dgv273-seacev3-1189079,ocds-dgv273-seacev3-1189079-2026-02-26T10:09:26.074073-05:00,1189079-10086079815,24000.0,PEN,Soles,2026-02-23T00:00:00-05:00
ocds-dgv273-seacev3-1188811,ocds-dgv273-seacev3-1188811-2026-02-26T10:09:25.940040-05:00,1188811-10426158685,12000.0,PEN,Soles,2026-02-23T00:00:00-05:00
ocds-dgv273-seacev3-1189055,ocds-dgv273-seacev3-1189055-2026-02-26T10:09:25.619119-05:00,1189055-10449147591,24000.0,PEN,Soles,2026-02-23T00:00:00-05:00
ocds-dgv273-seacev3-1189092,ocds-dgv273-seacev3-1189092-2026-02-26T10:09:25.605360-05:00,1189092-10192614371,16000.0,PEN,Soles,2026-02-23T00:00:00-05:00
ocds-dgv273-seacev3-1189081,ocds-dgv273-seacev3-1189081-2026-02-26T10:09:24.925214-05:00,1189081-10468502599,24000.0,PEN,Soles,2026-02-23T00:00:00-05:00
ocds-dgv273-seacev3-1189034,ocds-dgv273-seacev3-1189034-2026-02-26T10:09:24.842172-05:00,1189034-10413797506,30000.0,PEN,Soles,2026-02-23T00:00:00-05:00
ocds-dgv273-seacev3-1188746,ocds-dgv273-seacev3-1188746-2026-02-26T10:09:24.640798-05:00,1188746-10106271491,24000.0,PEN,Soles,2026-02-23T00:00:00-05:00
ocds-dgv273-seacev3-2026-1922-10,ocds-dgv273-seacev3-2026-1922-10-2026-02-26T10:09:24.325630-05:00,1190221-L0000005526,59389.1,USD,Dólar Norteamericano,2026-02-23T00:00:00-05:00
ocds-dgv273-seacev3-1188703,ocds-dgv273-seacev3-1188703-2026-02-26T10:09:24.128859-05:00,1188703-10443538017,16000.0,PEN,Soles,2026-02-19T00:00:00-05:00
ocds-dgv273-seacev3-1188801,ocds-dgv273-seacev3-1188801-2026-02-26T10:09:23.976068-05:00,1188801-10445042361,24000.0,PEN,Soles,2026-02-23T00:00:00-05:00
ocds-dgv273-seacev3-1189074,ocds-dgv273-seacev3-1189074-2026-02-26T10:09:23.962479-05:00,1189074-10726144465,18000.0,PEN,Soles,2026-02-23T00:00:00-05:00
ocds-dgv273-seacev3-1188785,ocds-dgv273-seacev3-1188785-2026-02-26T10:09:23.948769-05:00,1188785-10455605585,24000.0,PEN,Soles,2026-02-23T00:00:00-05:00
ocds-dgv273-seacev3-1186166,ocds-dgv273-seacev3-1186166-2026-02-26T10:09:21.442891-05:00,1186166-10218707667,62501.69,PEN,Soles,2026-02-11T00:00:00-05:00
ocds-dgv273-seacev3-1186199,ocds-dgv273-seacev3-1186199-2026-02-26T10:09:19.328584-05:00,1186199-20448691102,61992.0,PEN,Soles,2026-02-06T00:00:00-05:00
ocds-dgv273-seacev3-2026-1686-2,ocds-dgv273-seacev3-2026-1686-2-2026-02-26T10:09:19.114566-05:00,1186860-20613107828,87945.0,PEN,Soles,2026-02-17T00:00:00-05:00
ocds-dgv273-seacev3-1189035,ocds-dgv273-seacev3-1189035-2026-02-26T10:09:15.798394-05:00,1189035-10709252131,18000.0,PEN,Soles,2026-02-23T00:00:00-05:00
ocds-dgv273-seacev3-1189066,ocds-dgv273-seacev3-1189066-2026-02-26T10:09:15.281378-05:00,1189066-10448351390,24000.0,PEN,Soles,2026-02-23T00:00:00-05:00
ocds-dgv273-seacev3-1189029,ocds-dgv273-seacev3-1189029-2026-02-26T10:09:14.844971-05:00,1189029-10200974374,24000.0,PEN,Soles,2026-02-23T00:00:00-05:00
ocds-dgv273-seacev3-1188788,ocds-dgv273-seacev3-1188788-2026-02-26T10:09:14.514348-05:00,1188788-10462579484,24000.0,PEN,Soles,2026-02-23T00:00:00-05:00
ocds-dgv273-seacev3-1189037,ocds-dgv273-seacev3-1189037-2026-02-26T10:09:14.344772-05:00,1189037-10727641349,24000.0,PEN,Soles,2026-02-23T00:00:00-05:00
ocds-dgv273-seacev3-1189421,ocds-dgv273-seacev3-1189421-2026-02-26T10:09:14.288165-05:00,1189421-10447678611,16000.0,PEN,Soles,2026-02-23T00:00:00-05:00
ocds-dgv273-seacev3-1187122,ocds-dgv273-seacev3-1187122-2026-02-26T10:09:10.450913-05:00,1187122-10257802367,24000.0,PEN,Soles,2026-02-24T00:00:00-05:00
ocds-dgv273-seacev3-1189051,ocds-dgv273-seacev3-1189051-2026-02-26T10:09:04.136824-05:00,1189051-10731917898,12000.0,PEN,Soles,2026-02-23T00:00:00-05:00
ocds-dgv273-seacev3-1189223,ocds-dgv273-seacev3-1189223-2026-02-26T10:09:03.695444-05:00,1189223-20610504311,207000.0,PEN,Soles,2026-02-20T00:00:00-05:00
ocds-dgv273-seacev3-1188815,ocds-dgv273-seacev3-1188815-2026-02-26T10:09:03.359486-05:00,1188815-10448814471,16000.0,PEN,Soles,2026-02-23T00:00:00-05:00
ocds-dgv273-seacev3-1188791,ocds-dgv273-seacev3-1188791-2026-02-26T10:09:03.345790-05:00,1188791-10405896201,18000.0,PEN,Soles,2026-02-23T00:00:00-05:00
ocds-dgv273-seacev3-1188781,ocds-dgv273-seacev3-1188781-2026-02-26T10:09:03.031663-05:00,1188781-10100791914,16000.0,PEN,Soles,2026-02-19T00:00:00-05:00
ocds-dgv273-seacev3-1188747,ocds-dgv273-seacev3-1188747-2026-02-26T10:09:02.935469-05:00,1188747-10402503454,16000.0,PEN,Soles,2026-02-19T00:00:00-05:00
ocds-dgv273-seacev3-1189534,ocds-dgv273-seacev3-1189534-2026-02-26T10:09:02.772399-05:00,1189534-10432266457,30000.0,PEN,Soles,2026-02-23T00:00:00-05:00
ocds-dgv273-seacev3-1189085,ocds-dgv273-seacev3-1189085-2026-02-26T10:09:02.758692-05:00,1189085-10721935219,18000.0,PEN,Soles,2026-02-23T00:00:00-05:00
ocds-dgv273-seacev3-1189082,ocds-dgv273-seacev3-1189082-2026-02-26T10:09:02.744906-05:00,1189082-10102015971,24000.0,PEN,Soles,2026-02-23T00:00:00-05:00
ocds-dgv273-seacev3-1189032,ocds-dgv273-seacev3-1189032-2026-02-26T10:09:02.274426-05:00,1189032-10451110221,30000.0,PEN,Soles,2026-02-23T00:00:00-05:00
ocds-dgv273-seacev3-1189077,ocds-dgv273-seacev3-1189077-2026-02-26T10:09:02.177352-05:00,1189077-10471337183,16000.0,PEN,Soles,2026-02-23T00:00:00-05:00
ocds-dgv273-seacev3-1189028,ocds-dgv273-seacev3-1189028-2026-02-26T10:09:02.056298-05:00,1189028-10701108766,12000.0,PEN,Soles,2026-02-23T00:00:00-05:00
ocds-dgv273-seacev3-1189411,ocds-dgv273-seacev3-1189411-2026-02-26T10:09:01.921770-05:00,1189411-20553529337,338580.0,PEN,Soles,2026-02-23T00:00:00-05:00
ocds-dgv273-seacev3-1186007,ocds-dgv273-seacev3-1186007-2026-02-26T10:08:59.463474-05:00,1186007-20609443660,87450.0,PEN,Soles,2026-02-10T00:00:00-05:00
ocds-dgv273-seacev3-1186617,ocds-dgv273-seacev3-1186617-2026-02-26T10:08:57.959540-05:00,1186617-10251329201,53956.0,PEN,Soles,2026-02-10T00:00:00-05:00
ocds-dgv273-seacev3-2026-1838-1,ocds-dgv273-seacev3-2026-1838-1-2026-02-26T10:08:57.932207-05:00,1186491-20449458436,57584.5,PEN,Soles,2026-02-13T00:00:00-05:00
ocds-dgv273-seacev3-1189065,ocds-dgv273-seacev3-1189065-2026-02-26T10:08:53.954200-05:00,1189065-10454655554,24000.0,PEN,Soles,2026-02-23T00:00:00-05:00
ocds-dgv273-seacev3-1188822,ocds-dgv273-seacev3-1188822-2026-02-26T10:08:53.834224-05:00,1188822-10455484532,24000.0,PEN,Soles,2026-02-23T00:00:00-05:00
ocds-dgv273-seacev3-1188828,ocds-dgv273-seacev3-1188828-2026-02-26T10:08:53.291326-05:00,1188828-10724887495,12000.0,PEN,Soles,2026-02-23T00:00:00-05:00
ocds-dgv273-seacev3-1189515,ocds-dgv273-seacev3-1189515-2026-02-26T10:08:52.742505-05:00,1189515-10401189594,30000.0,PEN,Soles,2026-02-23T00:00:00-05:00
ocds-dgv273-seacev3-1189062,ocds-dgv273-seacev3-1189062-2026-02-26T10:08:52.632820-05:00,1189062-10700062347,18000.0,PEN,Soles,2026-02-23T00:00:00-05:00
ocds-dgv273-seacev3-1189050,ocds-dgv273-seacev3-1189050-2026-02-26T10:08:52.619054-05:00,1189050-10463627105,12000.0,PEN,Soles,2026-02-23T00:00:00-05:00
ocds-dgv273-seacev3-1189311,ocds-dgv273-seacev3-1189311-2026-02-26T10:08:52.367373-05:00,1189311-20600148771,79911.68,PEN,Soles,2026-02-20T00:00:00-05:00
ocds-dgv273-seacev3-1185895,ocds-dgv273-seacev3-1185895-2026-02-26T10:08:50.560784-05:00,1185895-20535126829,736320.0,PEN,Soles,2026-02-09T00:00:00-05:00
ocds-dgv273-seacev3-1186592,ocds-dgv273-seacev3-1186592-2026-02-26T10:08:50.540569-05:00,1186592-20604985456,64000.0,PEN,Soles,2026-02-10T00:00:00-05:00
ocds-dgv273-seacev3-1188033,ocds-dgv273-seacev3-1188033-2026-02-26T10:08:50.160847-05:00,1188033-10178495297,64800.0,PEN,Soles,2026-02-13T00:00:00-05:00
ocds-dgv273-seacev3-2026-218-1,ocds-dgv273-seacev3-2026-218-1-2026-02-25T10:09:13.263319-05:00,1187154-20610478329,90.0,PEN,Soles,2026-02-20T00:00:00-05:00
ocds-dgv273-seacev3-1189012,ocds-dgv273-seacev3-1189012-2026-02-25T10:09:04.361450-05:00,1189012-20601072140,991070.34,PEN,Soles,2026-02-19T00:00:00-05:00
ocds-dgv273-seacev3-1190158,ocds-dgv273-seacev3-1190158-2026-02-25T10:09:03.321670-05:00,1190158-20100153832,7884394.2,USD,Dólar Norteamericano,2026-02-23T00:00:00-05:00
ocds-dgv273-seacev3-1187153,ocds-dgv273-seacev3-1187153-2026-02-25T10:09:02.213055-05:00,1187153-10093161381,3820.0,PEN,Soles,2026-02-20T00:00:00-05:00
ocds-dgv273-seacev3-1186779,ocds-dgv273-seacev3-1186779-2026-02-25T10:09:00.914168-05:00,1186779-20608506129,93800.0,PEN,Soles,2026-02-11T00:00:00-05:00
ocds-dgv273-seacev3-1189101,ocds-dgv273-seacev3-1189101-2026-02-25T10:08:55.012297-05:00,1189101-20480516851,73502.0,PEN,Soles,2026-02-20T00:00:00-05:00
ocds-dgv273-seacev3-2026-200033-13,ocds-dgv273-seacev3-2026-200033-13-2026-02-25T10:08:51.515804-05:00,1186685-10052133942,170390.4,PEN,Soles,2026-02-17T00:00:00-05:00
ocds-dgv273-seacev3-1187133,ocds-dgv273-seacev3-1187133-2026-02-25T10:08:50.149464-05:00,1187133-10093161381,7100.0,PEN,Soles,2026-02-20T00:00:00-05:00
ocds-dgv273-seacev3-1186139,ocds-dgv273-seacev3-1186139-2026-02-25T10:08:49.016050-05:00,1186139-10749086217,80550.0,PEN,Soles,2026-02-06T00:00:00-05:00
ocds-dgv273-seacev3-1188688,ocds-dgv273-seacev3-1188688-2026-02-25T10:08:40.343930-05:00,1188688-20603929480,143500.0,PEN,Soles,2026-02-20T00:00:00-05:00
ocds-dgv273-seacev3-2026-1733-2,ocds-dgv273-seacev3-2026-1733-2-2026-02-25T10:08:38.817081-05:00,1187709-20542725614,129241.44,PEN,Soles,2026-02-23T00:00:00-05:00
ocds-dgv273-seacev3-1188465,ocds-dgv273-seacev3-1188465-2026-02-25T10:08:33.918919-05:00,1188465-20600120981,100458.91,PEN,Soles,2026-02-17T00:00:00-05:00
ocds-dgv273-seacev3-1187053,ocds-dgv273-seacev3-1187053-2026-02-25T10:08:31.700895-05:00,1187053-10774228000,61421.57,PEN,Soles,2026-02-12T00:00:00-05:00
ocds-dgv273-seacev3-1186218,ocds-dgv273-seacev3-1186218-2026-02-22T09:58:47.973759-05:00,1186218-L5552918074,100087.81,EUR,Euro,2026-02-03T00:00:00-05:00
ocds-dgv273-seacev3-1186325,ocds-dgv273-seacev3-1186325-2026-02-22T09:58:47.465610-05:00,1186325-20609404273,95000.0,PEN,Soles,2026-02-09T00:00:00-05:00
ocds-dgv273-seacev3-1189435,ocds-dgv273-seacev3-1189435-2026-02-22T09:58:44.782034-05:00,1189435-L5552918090,3000.0,USD,Dólar Norteamericano,2026-02-19T00:00:00-05:00
ocds-dgv273-seacev3-1186249,ocds-dgv273-seacev3-1186249-2026-02-22T09:58:42.248920-05:00,1186249-20377062729,179152.98,PEN,Soles,2026-02-13T00:00:00-05:00
ocds-dgv273-seacev3-2026-1805-1,ocds-dgv273-seacev3-2026-1805-1-2026-02-22T09:58:40.847582-05:00,1186595-20600571916,117648.0,PEN,Soles,2026-02-16T00:00:00-05:00
ocds-dgv273-seacev3-1187263,ocds-dgv273-seacev3-1187263-2026-02-22T09:58:40.477193-05:00,1187263-10013280903,75114.54,PEN,Soles,2026-02-19T00:00:00-05:00
ocds-dgv273-seacev3-1186937,ocds-dgv273-seacev3-1186937-2026-02-22T09:58:29.888329-05:00,1186937-20609966433,99650.0,PEN,Soles,2026-02-13T00:00:00-05:00
ocds-dgv273-seacev3-1188860,ocds-dgv273-seacev3-1188860-2026-02-21T10:03:20.522344-05:00,1188860-L0606465503,24371.43,USD,Dólar Norteamericano,2026-02-17T00:00:00-05:00
ocds-dgv273-seacev3-2026-275294-62,ocds-dgv273-seacev3-2026-275294-62-2026-02-21T10:03:08.628829-05:00,1186717-20524520070,75444.48,PEN,Soles,2026-02-06T00:00:00-05:00
ocds-dgv273-seacev3-2026-200348-1,ocds-dgv273-seacev3-2026-200348-1-2026-02-21T10:03:07.377052-05:00,1186262-10716158328,86316.09,PEN,Soles,2026-02-09T00:00:00-05:00
ocds-dgv273-seacev3-1188656,ocds-dgv273-seacev3-1188656-2026-02-21T10:03:00.752514-05:00,1188656-10706918391,12000.0,PEN,Soles,2026-02-19T00:00:00-05:00
ocds-dgv273-seacev3-2026-200348-5,ocds-dgv273-seacev3-2026-200348-5-2026-02-21T10:02:57.053156-05:00,1186534-10458137639,82840.0,PEN,Soles,2026-02-10T00:00:00-05:00
ocds-dgv273-seacev3-1187324,ocds-dgv273-seacev3-1187324-2026-02-21T10:02:56.909703-05:00,1187324-20512255206,103768.5,PEN,Soles,2026-02-18T00:00:00-05:00
ocds-dgv273-seacev3-1186566,ocds-dgv273-seacev3-1186566-2026-02-21T10:02:55.829305-05:00,1186566-20614386984,81120.0,PEN,Soles,2026-02-11T00:00:00-05:00
ocds-dgv273-seacev3-2026-200348-2,ocds-dgv273-seacev3-2026-200348-2-2026-02-21T10:02:54.707860-05:00,1186284-10437961463,69849.91,PEN,Soles,2026-02-09T00:00:00-05:00
ocds-dgv273-seacev3-1188473,ocds-dgv273-seacev3-1188473-2026-02-21T10:02:51.702144-05:00,1188473-10464547571,24000.0,PEN,Soles,2026-02-19T00:00:00-05:00
ocds-dgv273-seacev3-1188478,ocds-dgv273-seacev3-1188478-2026-02-21T10:02:51.688960-05:00,1188478-10435670097,24000.0,PEN,Soles,2026-02-19T00:00:00-05:00
ocds-dgv273-seacev3-1188467,ocds-dgv273-seacev3-1188467-2026-02-21T10:02:51.675811-05:00,1188467-10464822271,18000.0,PEN,Soles,2026-02-19T00:00:00-05:00
ocds-dgv273-seacev3-1188654,ocds-dgv273-seacev3-1188654-2026-02-21T10:02:50.869856-05:00,1188654-10405209581,12000.0,PEN,Soles,2026-02-19T00:00:00-05:00
ocds-dgv273-seacev3-1189521,ocds-dgv273-seacev3-1189521-2026-02-21T10:02:50.331860-05:00,1189521-10449956171,16000.0,PEN,Soles,2026-02-19T00:00:00-05:00
ocds-dgv273-seacev3-2026-200348-4,ocds-dgv273-seacev3-2026-200348-4-2026-02-21T10:02:48.902823-05:00,1186531-10436888924,78150.0,PEN,Soles,2026-02-10T00:00:00-05:00
ocds-dgv273-seacev3-1186493,ocds-dgv273-seacev3-1186493-2026-02-21T10:02:47.557770-05:00,1186493-10750823896,80000.0,PEN,Soles,2026-02-10T00:00:00-05:00
ocds-dgv273-seacev3-1188474,ocds-dgv273-seacev3-1188474-2026-02-21T10:02:41.542788-05:00,1188474-10746954021,18000.0,PEN,Soles,2026-02-19T00:00:00-05:00
ocds-dgv273-seacev3-1187020,ocds-dgv273-seacev3-1187020-2026-02-21T10:02:36.082094-05:00,1187020-20600571916,48635.0,PEN,Nuevos Soles,2026-02-18T00:00:00-05:00
ocds-dgv273-seacev3-2026-200348-3,ocds-dgv273-seacev3-2026-200348-3-2026-02-21T10:02:35.655535-05:00,1186505-20603370598,78150.0,PEN,Soles,2026-02-10T00:00:00-05:00
ocds-dgv273-seacev3-2026-1947-348,ocds-dgv273-seacev3-2026-1947-348-2026-02-21T10:02:33.776964-05:00,1188631-L0000003198,17000.0,USD,Dólar Norteamericano,2026-02-16T00:00:00-05:00
ocds-dgv273-seacev3-2026-200066-1,ocds-dgv273-seacev3-2026-200066-1-2026-02-20T10:10:24.043441-05:00,1186062-10422986087,79000.0,PEN,Soles,2026-02-06T00:00:00-05:00
ocds-dgv273-seacev3-1187752,ocds-dgv273-seacev3-1187752-2026-02-20T10:10:23.356952-05:00,1187752-10316215306,180000.0,PEN,Soles,2026-02-16T00:00:00-05:00
ocds-dgv273-seacev3-1188751,ocds-dgv273-seacev3-1188751-2026-02-20T10:10:04.790481-05:00,1188751-L0556212876,28000.0,USD,Dólar Norteamericano,2026-02-17T00:00:00-05:00
ocds-dgv273-seacev3-1186070,ocds-dgv273-seacev3-1186070-2026-02-20T10:10:04.592627-05:00,1186070-10054177751,102000.0,PEN,Soles,2026-02-04T00:00:00-05:00
ocds-dgv273-seacev3-1186070,ocds-dgv273-seacev3-1186070-2026-02-20T10:10:04.592627-05:00,1186070-20607553859,48000.0,PEN,Soles,2026-02-04T00:00:00-05:00
ocds-dgv273-seacev3-2026-200066-2,ocds-dgv273-seacev3-2026-200066-2-2026-02-20T10:10:01.876789-05:00,1186118-20610460853,95000.0,PEN,Soles,2026-02-06T00:00:00-05:00
ocds-dgv273-seacev3-1187820,ocds-dgv273-seacev3-1187820-2026-02-20T10:09:55.938978-05:00,1187820-10075353982,72000.0,PEN,Soles,2026-02-17T00:00:00-05:00
ocds-dgv273-seacev3-1188185,ocds-dgv273-seacev3-1188185-2026-02-20T10:09:54.081846-05:00,1188185-20603772530,104273.2,PEN,Soles,2026-02-16T00:00:00-05:00
ocds-dgv273-seacev3-2026-200066-3,ocds-dgv273-seacev3-2026-200066-3-2026-02-20T10:09:40.476302-05:00,1186123-10422986087,87000.0,PEN,Soles,2026-02-06T00:00:00-05:00
ocds-dgv273-seacev3-1187896,ocds-dgv273-seacev3-1187896-2026-02-19T10:06:59.977864-05:00,1187896-1765573,5040000.0,PEN,Soles,2026-02-13T00:00:00-05:00
ocds-dgv273-seacev3-1187540,ocds-dgv273-seacev3-1187540-2026-02-19T10:06:43.474830-05:00,1187540-20600908406,3604032.41,PEN,Soles,2026-02-17T00:00:00-05:00
ocds-dgv273-seacev3-2026-425-14,ocds-dgv273-seacev3-2026-425-14-2026-02-19T10:06:40.935893-05:00,1186096-20498202595,74800.0,PEN,Soles,2026-02-06T00:00:00-05:00
ocds-dgv273-seacev3-1187379,ocds-dgv273-seacev3-1187379-2026-02-19T10:06:31.868205-05:00,1187379-20610615539,49202202.14,PEN,Soles,2026-02-17T00:00:00-05:00
ocds-dgv273-seacev3-1186981,ocds-dgv273-seacev3-1186981-2026-02-19T10:06:21.184393-05:00,1186981-10722307190,69500.0,PEN,Soles,2026-02-10T00:00:00-05:00
ocds-dgv273-seacev3-1186819,ocds-dgv273-seacev3-1186819-2026-02-18T10:06:34.849605-05:00,1186819-1764662,106653.67,PEN,Soles,2026-02-09T00:00:00-05:00
ocds-dgv273-seacev3-1187082,ocds-dgv273-seacev3-1187082-2026-02-18T10:06:17.563377-05:00,1187082-20609058405,157942.75,PEN,Soles,2026-02-10T00:00:00-05:00
ocds-dgv273-seacev3-1187046,ocds-dgv273-seacev3-1187046-2026-02-18T10:06:17.350057-05:00,1187046-20611072873,171919.28,PEN,Soles,2026-02-10T00:00:00-05:00
ocds-dgv273-seacev3-1186315,ocds-dgv273-seacev3-1186315-2026-02-18T10:05:54.928681-05:00,1186315-20539200390,1053501.34,PEN,Soles,2026-02-09T00:00:00-05:00
ocds-dgv273-seacev3-1188238,ocds-dgv273-seacev3-1188238-2026-02-15T09:57:30.402650-05:00,1188238-1765763,4380922.25,PEN,Soles,2026-02-13T00:00:00-05:00
ocds-dgv273-seacev3-1186885,ocds-dgv273-seacev3-1186885-2026-02-15T09:57:28.992718-05:00,1186885-L5552918079,27500.0,USD,Dólar Norteamericano,2026-02-06T00:00:00-05:00
ocds-dgv273-seacev3-1186704,ocds-dgv273-seacev3-1186704-2026-02-15T09:57:28.795387-05:00,1186704-L5552918076,11840.0,USD,Dólar Norteamericano,2026-02-05T00:00:00-05:00
ocds-dgv273-seacev3-1186618,ocds-dgv273-seacev3-1186618-2026-02-15T09:57:08.127794-05:00,1186618-20547737904,2254812.0,PEN,Soles,2026-02-09T00:00:00-05:00
ocds-dgv273-seacev3-2026-1947-41,ocds-dgv273-seacev3-2026-1947-41-2026-02-15T09:57:07.183489-05:00,1186110-L0556213348,194906.3,USD,Dólar Norteamericano,2026-02-02T00:00:00-05:00
ocds-dgv273-seacev3-1186043,ocds-dgv273-seacev3-1186043-2026-02-15T09:57:07.156618-05:00,1186043-20605026771,99996.64,PEN,Soles,2026-02-06T00:00:00-05:00
ocds-dgv273-seacev3-1188027,ocds-dgv273-seacev3-1188027-2026-02-14T10:03:00.463522-05:00,1188027-20608617613,167307.0,PEN,Soles,2026-02-12T00:00:00-05:00
ocds-dgv273-seacev3-1186409,ocds-dgv273-seacev3-1186409-2026-02-14T10:02:50.469910-05:00,1186409-10414610078,69600.0,PEN,Soles,2026-02-06T00:00:00-05:00
ocds-dgv273-seacev3-2026-1947-324,ocds-dgv273-seacev3-2026-1947-324-2026-02-14T10:02:21.798367-05:00,1187250-L0609015295,189440.0,EUR,Euro,2026-02-09T00:00:00-05:00
ocds-dgv273-seacev3-1187542,ocds-dgv273-seacev3-1187542-2026-02-13T10:05:09.102000-05:00,1187542-L0609017229,11800.0,USD,Dólar Norteamericano,2026-02-10T00:00:00-05:00
ocds-dgv273-seacev3-1186349,ocds-dgv273-seacev3-1186349-2026-02-12T10:06:40.047893-05:00,1186349-20600871723,291200.0,PEN,Soles,2026-02-05T00:00:00-05:00
ocds-dgv273-seacev3-1187281,ocds-dgv273-seacev3-1187281-2026-02-12T10:06:06.252002-05:00,1187281-L0609017813,1675.0,USD,Dólar Norteamericano,2026-02-09T00:00:00-05:00
ocds-dgv273-seacev3-1186866,ocds-dgv273-seacev3-1186866-2026-02-11T10:04:19.102507-05:00,1186866-L0000005703,4135.0,USD,Dólar Norteamericano,2026-02-06T00:00:00-05:00
ocds-dgv273-seacev3-1186853,ocds-dgv273-seacev3-1186853-2026-02-11T10:04:15.491871-05:00,1186853-L0603769486,5000.0,USD,Dólar Norteamericano,2026-02-06T00:00:00-05:00
ocds-dgv273-seacev3-2026-1922-17,ocds-dgv273-seacev3-2026-1922-17-2026-02-11T10:04:04.319030-05:00,1187305-L0609016743,144157.92,USD,Dólar Norteamericano,2026-02-09T00:00:00-05:00
ocds-dgv273-seacev3-1186835,ocds-dgv273-seacev3-1186835-2026-02-11T10:03:45.441957-05:00,1186835-L0606465534,9598.25,USD,Dólar Norteamericano,2026-02-06T00:00:00-05:00
ocds-dgv273-seacev3-2026-1947-293,ocds-dgv273-seacev3-2026-1947-293-2026-02-08T10:00:21.569477-05:00,1186749-L0609016111,252000.0,USD,Dólar Norteamericano,2026-02-05T00:00:00-05:00
ocds-dgv273-seacev3-2026-1947-322,ocds-dgv273-seacev3-2026-1947-322-2026-02-08T10:00:15.901349-05:00,1186561-L0000000084,204765.0,USD,Dólar Norteamericano,2026-02-04T00:00:00-05:00
ocds-dgv273-seacev3-1186791,ocds-dgv273-seacev3-1186791-2026-02-08T10:00:11.503309-05:00,1186791-L5552918078,4841.77,EUR,Euro,2026-02-05T00:00:00-05:00
ocds-dgv273-seacev3-1186124,ocds-dgv273-seacev3-1186124-2026-02-06T10:03:47.420313-05:00,1186124-L0000000598,3000.0,EUR,Euro,2026-02-02T00:00:00-05:00
ocds-dgv273-seacev3-1186187,ocds-dgv273-seacev3-1186187-2026-02-05T10:04:02.729524-05:00,1186187-20477433384,1542763.0,PEN,Soles,2026-02-03T00:00:00-05:00
ocds-dgv273-seacev3-1186371,ocds-dgv273-seacev3-1186371-2026-02-05T10:04:00.471286-05:00,1186371-20507852549,1638341.05,PEN,Soles,2026-02-03T00:00:00-05:00
ocds-dgv273-seacev3-1186391,ocds-dgv273-seacev3-1186391-2026-02-05T10:03:50.113609-05:00,1186391-20545527180,315909.98,PEN,Soles,2026-02-03T00:00:00-05:00
